run_id,itr,pool_members_uuids
0d0ae891-4c1b-4c29-a969-8668260b34f8,0,"['445fec5c-27f6-4c6a-8d64-67bd69bde606', '445fec5c-27f6-4c6a-8d64-67bd69bde606', '445fec5c-27f6-4c6a-8d64-67bd69bde606', '445fec5c-27f6-4c6a-8d64-67bd69bde606', '445fec5c-27f6-4c6a-8d64-67bd69bde606', '445fec5c-27f6-4c6a-8d64-67bd69bde606', '445fec5c-27f6-4c6a-8d64-67bd69bde606', '445fec5c-27f6-4c6a-8d64-67bd69bde606', '445fec5c-27f6-4c6a-8d64-67bd69bde606', '445fec5c-27f6-4c6a-8d64-67bd69bde606', '445fec5c-27f6-4c6a-8d64-67bd69bde606', '445fec5c-27f6-4c6a-8d64-67bd69bde606', '445fec5c-27f6-4c6a-8d64-67bd69bde606', '445fec5c-27f6-4c6a-8d64-67bd69bde606', '445fec5c-27f6-4c6a-8d64-67bd69bde606', '445fec5c-27f6-4c6a-8d64-67bd69bde606', '445fec5c-27f6-4c6a-8d64-67bd69bde606', '445fec5c-27f6-4c6a-8d64-67bd69bde606', '445fec5c-27f6-4c6a-8d64-67bd69bde606', '445fec5c-27f6-4c6a-8d64-67bd69bde606', '445fec5c-27f6-4c6a-8d64-67bd69bde606', '445fec5c-27f6-4c6a-8d64-67bd69bde606', '445fec5c-27f6-4c6a-8d64-67bd69bde606', '445fec5c-27f6-4c6a-8d64-67bd69bde606', '445fec5c-27f6-4c6a-8d64-67bd69bde606', '445fec5c-27f6-4c6a-8d64-67bd69bde606', '445fec5c-27f6-4c6a-8d64-67bd69bde606', '445fec5c-27f6-4c6a-8d64-67bd69bde606', '445fec5c-27f6-4c6a-8d64-67bd69bde606', '445fec5c-27f6-4c6a-8d64-67bd69bde606', '445fec5c-27f6-4c6a-8d64-67bd69bde606', '445fec5c-27f6-4c6a-8d64-67bd69bde606', '445fec5c-27f6-4c6a-8d64-67bd69bde606', '445fec5c-27f6-4c6a-8d64-67bd69bde606', '445fec5c-27f6-4c6a-8d64-67bd69bde606', '445fec5c-27f6-4c6a-8d64-67bd69bde606', '445fec5c-27f6-4c6a-8d64-67bd69bde606', '445fec5c-27f6-4c6a-8d64-67bd69bde606', '445fec5c-27f6-4c6a-8d64-67bd69bde606', '445fec5c-27f6-4c6a-8d64-67bd69bde606', '445fec5c-27f6-4c6a-8d64-67bd69bde606', '445fec5c-27f6-4c6a-8d64-67bd69bde606', '445fec5c-27f6-4c6a-8d64-67bd69bde606', '445fec5c-27f6-4c6a-8d64-67bd69bde606', '445fec5c-27f6-4c6a-8d64-67bd69bde606', '445fec5c-27f6-4c6a-8d64-67bd69bde606', '445fec5c-27f6-4c6a-8d64-67bd69bde606', '445fec5c-27f6-4c6a-8d64-67bd69bde606', '445fec5c-27f6-4c6a-8d64-67bd69bde606', '445fec5c-27f6-4c6a-8d64-67bd69bde606']"
0d0ae891-4c1b-4c29-a969-8668260b34f8,1,"['445fec5c-27f6-4c6a-8d64-67bd69bde606', '445fec5c-27f6-4c6a-8d64-67bd69bde606', '445fec5c-27f6-4c6a-8d64-67bd69bde606', '445fec5c-27f6-4c6a-8d64-67bd69bde606', '445fec5c-27f6-4c6a-8d64-67bd69bde606', '445fec5c-27f6-4c6a-8d64-67bd69bde606', '445fec5c-27f6-4c6a-8d64-67bd69bde606', '445fec5c-27f6-4c6a-8d64-67bd69bde606', '445fec5c-27f6-4c6a-8d64-67bd69bde606', '445fec5c-27f6-4c6a-8d64-67bd69bde606', '445fec5c-27f6-4c6a-8d64-67bd69bde606', '445fec5c-27f6-4c6a-8d64-67bd69bde606', '445fec5c-27f6-4c6a-8d64-67bd69bde606', '445fec5c-27f6-4c6a-8d64-67bd69bde606', '445fec5c-27f6-4c6a-8d64-67bd69bde606', '445fec5c-27f6-4c6a-8d64-67bd69bde606', '445fec5c-27f6-4c6a-8d64-67bd69bde606', '445fec5c-27f6-4c6a-8d64-67bd69bde606', '445fec5c-27f6-4c6a-8d64-67bd69bde606', '445fec5c-27f6-4c6a-8d64-67bd69bde606', '445fec5c-27f6-4c6a-8d64-67bd69bde606', '445fec5c-27f6-4c6a-8d64-67bd69bde606', '445fec5c-27f6-4c6a-8d64-67bd69bde606', '445fec5c-27f6-4c6a-8d64-67bd69bde606', '445fec5c-27f6-4c6a-8d64-67bd69bde606', '445fec5c-27f6-4c6a-8d64-67bd69bde606', '445fec5c-27f6-4c6a-8d64-67bd69bde606', '445fec5c-27f6-4c6a-8d64-67bd69bde606', '445fec5c-27f6-4c6a-8d64-67bd69bde606', '445fec5c-27f6-4c6a-8d64-67bd69bde606', '445fec5c-27f6-4c6a-8d64-67bd69bde606', '445fec5c-27f6-4c6a-8d64-67bd69bde606', '445fec5c-27f6-4c6a-8d64-67bd69bde606', '445fec5c-27f6-4c6a-8d64-67bd69bde606', '445fec5c-27f6-4c6a-8d64-67bd69bde606', '445fec5c-27f6-4c6a-8d64-67bd69bde606', '445fec5c-27f6-4c6a-8d64-67bd69bde606', '445fec5c-27f6-4c6a-8d64-67bd69bde606', '445fec5c-27f6-4c6a-8d64-67bd69bde606', 'c561c306-a753-4295-a9fd-14c8bb1b6751', '0e81f216-7d9d-4c2b-90d2-fd93bf5622dc', 'ac1224b6-6626-40d8-a9c1-33e14879ac76', '08fecef8-cf43-4907-a435-f742a97b3ffd', '9cbbfa12-c8d8-4b6c-a1a6-3ed298efa16b', '43fedacb-531f-49f7-bac4-8fbe4afa2000', '3d3cbd40-4c9a-44ac-bf29-896a067b2e6b', '892189b2-4b67-4373-82df-1e3343b7e16d', '971b7238-3f41-4e62-8997-732d25ba8452', '086baaa3-d5e5-4266-919d-fb0ce6f373b9', 'f82f3aca-e861-4dfa-a3d1-a8edf69ed9d8']"
0d0ae891-4c1b-4c29-a969-8668260b34f8,2,"['0e81f216-7d9d-4c2b-90d2-fd93bf5622dc', '0e81f216-7d9d-4c2b-90d2-fd93bf5622dc', '3d3cbd40-4c9a-44ac-bf29-896a067b2e6b', '3d3cbd40-4c9a-44ac-bf29-896a067b2e6b', '3d3cbd40-4c9a-44ac-bf29-896a067b2e6b', '3d3cbd40-4c9a-44ac-bf29-896a067b2e6b', '3d3cbd40-4c9a-44ac-bf29-896a067b2e6b', '3d3cbd40-4c9a-44ac-bf29-896a067b2e6b', '3d3cbd40-4c9a-44ac-bf29-896a067b2e6b', '3d3cbd40-4c9a-44ac-bf29-896a067b2e6b', '3d3cbd40-4c9a-44ac-bf29-896a067b2e6b', '3d3cbd40-4c9a-44ac-bf29-896a067b2e6b', '3d3cbd40-4c9a-44ac-bf29-896a067b2e6b', '3d3cbd40-4c9a-44ac-bf29-896a067b2e6b', '3d3cbd40-4c9a-44ac-bf29-896a067b2e6b', '3d3cbd40-4c9a-44ac-bf29-896a067b2e6b', '3d3cbd40-4c9a-44ac-bf29-896a067b2e6b', '3d3cbd40-4c9a-44ac-bf29-896a067b2e6b', '3d3cbd40-4c9a-44ac-bf29-896a067b2e6b', '3d3cbd40-4c9a-44ac-bf29-896a067b2e6b', '3d3cbd40-4c9a-44ac-bf29-896a067b2e6b', '3d3cbd40-4c9a-44ac-bf29-896a067b2e6b', '3d3cbd40-4c9a-44ac-bf29-896a067b2e6b', '3d3cbd40-4c9a-44ac-bf29-896a067b2e6b', '3d3cbd40-4c9a-44ac-bf29-896a067b2e6b', '3d3cbd40-4c9a-44ac-bf29-896a067b2e6b', '3d3cbd40-4c9a-44ac-bf29-896a067b2e6b', '3d3cbd40-4c9a-44ac-bf29-896a067b2e6b', '3d3cbd40-4c9a-44ac-bf29-896a067b2e6b', '3d3cbd40-4c9a-44ac-bf29-896a067b2e6b', '3d3cbd40-4c9a-44ac-bf29-896a067b2e6b', '3d3cbd40-4c9a-44ac-bf29-896a067b2e6b', '3d3cbd40-4c9a-44ac-bf29-896a067b2e6b', '3d3cbd40-4c9a-44ac-bf29-896a067b2e6b', '3d3cbd40-4c9a-44ac-bf29-896a067b2e6b', '3d3cbd40-4c9a-44ac-bf29-896a067b2e6b', '3d3cbd40-4c9a-44ac-bf29-896a067b2e6b', '3d3cbd40-4c9a-44ac-bf29-896a067b2e6b', '3d3cbd40-4c9a-44ac-bf29-896a067b2e6b', '3d3cbd40-4c9a-44ac-bf29-896a067b2e6b', '3d3cbd40-4c9a-44ac-bf29-896a067b2e6b', '901acb5a-7447-4b26-a2ea-31c0803a7387', '50eb7957-e48f-4986-a678-6e9db19678ea', '7b9abed8-f07c-4470-b16f-6a947addfd52', '769e6a30-fb28-4418-a30c-c3c0cf698cbe', 'a187ba3d-8a69-4ab1-8a47-90d51af869e0', 'e459a217-068b-451c-8495-66543c14830b', 'dfb39bae-270b-46b0-bece-ef56ddf5036d', '4f863e18-1ee5-4be1-9bff-3a5e104febed', '930bda57-ea93-49fb-9d70-566bfcfd77b8']"
68d62940-25a7-4145-a1eb-ed7f7bb2afea,0,"['7e66679e-52c5-4d29-ac16-5d6bbaf6135d', '7e66679e-52c5-4d29-ac16-5d6bbaf6135d', '7e66679e-52c5-4d29-ac16-5d6bbaf6135d', '7e66679e-52c5-4d29-ac16-5d6bbaf6135d', '7e66679e-52c5-4d29-ac16-5d6bbaf6135d', '7e66679e-52c5-4d29-ac16-5d6bbaf6135d', '7e66679e-52c5-4d29-ac16-5d6bbaf6135d', '7e66679e-52c5-4d29-ac16-5d6bbaf6135d', '7e66679e-52c5-4d29-ac16-5d6bbaf6135d', '7e66679e-52c5-4d29-ac16-5d6bbaf6135d', '7e66679e-52c5-4d29-ac16-5d6bbaf6135d', '7e66679e-52c5-4d29-ac16-5d6bbaf6135d', '7e66679e-52c5-4d29-ac16-5d6bbaf6135d', '7e66679e-52c5-4d29-ac16-5d6bbaf6135d', '7e66679e-52c5-4d29-ac16-5d6bbaf6135d', '7e66679e-52c5-4d29-ac16-5d6bbaf6135d', '7e66679e-52c5-4d29-ac16-5d6bbaf6135d', '7e66679e-52c5-4d29-ac16-5d6bbaf6135d', '7e66679e-52c5-4d29-ac16-5d6bbaf6135d', '7e66679e-52c5-4d29-ac16-5d6bbaf6135d', '7e66679e-52c5-4d29-ac16-5d6bbaf6135d', '7e66679e-52c5-4d29-ac16-5d6bbaf6135d', '7e66679e-52c5-4d29-ac16-5d6bbaf6135d', '7e66679e-52c5-4d29-ac16-5d6bbaf6135d', '7e66679e-52c5-4d29-ac16-5d6bbaf6135d', '7e66679e-52c5-4d29-ac16-5d6bbaf6135d', '7e66679e-52c5-4d29-ac16-5d6bbaf6135d', '7e66679e-52c5-4d29-ac16-5d6bbaf6135d', '7e66679e-52c5-4d29-ac16-5d6bbaf6135d', '7e66679e-52c5-4d29-ac16-5d6bbaf6135d', '7e66679e-52c5-4d29-ac16-5d6bbaf6135d', '7e66679e-52c5-4d29-ac16-5d6bbaf6135d', '7e66679e-52c5-4d29-ac16-5d6bbaf6135d', '7e66679e-52c5-4d29-ac16-5d6bbaf6135d', '7e66679e-52c5-4d29-ac16-5d6bbaf6135d', '7e66679e-52c5-4d29-ac16-5d6bbaf6135d', '7e66679e-52c5-4d29-ac16-5d6bbaf6135d', '7e66679e-52c5-4d29-ac16-5d6bbaf6135d', '7e66679e-52c5-4d29-ac16-5d6bbaf6135d', '7e66679e-52c5-4d29-ac16-5d6bbaf6135d', '7e66679e-52c5-4d29-ac16-5d6bbaf6135d', '7e66679e-52c5-4d29-ac16-5d6bbaf6135d', '7e66679e-52c5-4d29-ac16-5d6bbaf6135d', '7e66679e-52c5-4d29-ac16-5d6bbaf6135d', '7e66679e-52c5-4d29-ac16-5d6bbaf6135d', '7e66679e-52c5-4d29-ac16-5d6bbaf6135d', '7e66679e-52c5-4d29-ac16-5d6bbaf6135d', '7e66679e-52c5-4d29-ac16-5d6bbaf6135d', '7e66679e-52c5-4d29-ac16-5d6bbaf6135d', '7e66679e-52c5-4d29-ac16-5d6bbaf6135d']"
68d62940-25a7-4145-a1eb-ed7f7bb2afea,1,"['7e66679e-52c5-4d29-ac16-5d6bbaf6135d', '7e66679e-52c5-4d29-ac16-5d6bbaf6135d', '7e66679e-52c5-4d29-ac16-5d6bbaf6135d', '7e66679e-52c5-4d29-ac16-5d6bbaf6135d', '7e66679e-52c5-4d29-ac16-5d6bbaf6135d', '7e66679e-52c5-4d29-ac16-5d6bbaf6135d', '7e66679e-52c5-4d29-ac16-5d6bbaf6135d', '7e66679e-52c5-4d29-ac16-5d6bbaf6135d', '7e66679e-52c5-4d29-ac16-5d6bbaf6135d', '7e66679e-52c5-4d29-ac16-5d6bbaf6135d', '7e66679e-52c5-4d29-ac16-5d6bbaf6135d', '7e66679e-52c5-4d29-ac16-5d6bbaf6135d', '7e66679e-52c5-4d29-ac16-5d6bbaf6135d', '7e66679e-52c5-4d29-ac16-5d6bbaf6135d', '7e66679e-52c5-4d29-ac16-5d6bbaf6135d', '7e66679e-52c5-4d29-ac16-5d6bbaf6135d', '7e66679e-52c5-4d29-ac16-5d6bbaf6135d', '7e66679e-52c5-4d29-ac16-5d6bbaf6135d', '7e66679e-52c5-4d29-ac16-5d6bbaf6135d', '7e66679e-52c5-4d29-ac16-5d6bbaf6135d', '7e66679e-52c5-4d29-ac16-5d6bbaf6135d', '7e66679e-52c5-4d29-ac16-5d6bbaf6135d', '7e66679e-52c5-4d29-ac16-5d6bbaf6135d', '7e66679e-52c5-4d29-ac16-5d6bbaf6135d', '7e66679e-52c5-4d29-ac16-5d6bbaf6135d', '7e66679e-52c5-4d29-ac16-5d6bbaf6135d', '7e66679e-52c5-4d29-ac16-5d6bbaf6135d', '7e66679e-52c5-4d29-ac16-5d6bbaf6135d', '7e66679e-52c5-4d29-ac16-5d6bbaf6135d', '7e66679e-52c5-4d29-ac16-5d6bbaf6135d', '7e66679e-52c5-4d29-ac16-5d6bbaf6135d', '7e66679e-52c5-4d29-ac16-5d6bbaf6135d', '7e66679e-52c5-4d29-ac16-5d6bbaf6135d', '7e66679e-52c5-4d29-ac16-5d6bbaf6135d', '7e66679e-52c5-4d29-ac16-5d6bbaf6135d', '7e66679e-52c5-4d29-ac16-5d6bbaf6135d', '7e66679e-52c5-4d29-ac16-5d6bbaf6135d', '7e66679e-52c5-4d29-ac16-5d6bbaf6135d', '7e66679e-52c5-4d29-ac16-5d6bbaf6135d', '7e66679e-52c5-4d29-ac16-5d6bbaf6135d', '7e66679e-52c5-4d29-ac16-5d6bbaf6135d', '7e66679e-52c5-4d29-ac16-5d6bbaf6135d', '7e66679e-52c5-4d29-ac16-5d6bbaf6135d', '7e66679e-52c5-4d29-ac16-5d6bbaf6135d', '7e66679e-52c5-4d29-ac16-5d6bbaf6135d', 'a248d9b1-2323-49c1-a5c5-ca15aff994f5', '57f9ee9d-f395-41aa-92e8-4dacbd95b3de', '434d8b09-0869-453a-b0e0-e955e4dfe838', 'fd20332a-185e-426e-8086-f365fa9d0ad9', '194b452f-525c-46a6-acc8-eeadef23b70f']"
0d0ae891-4c1b-4c29-a969-8668260b34f8,3,"['3d3cbd40-4c9a-44ac-bf29-896a067b2e6b', '3d3cbd40-4c9a-44ac-bf29-896a067b2e6b', '3d3cbd40-4c9a-44ac-bf29-896a067b2e6b', '3d3cbd40-4c9a-44ac-bf29-896a067b2e6b', '3d3cbd40-4c9a-44ac-bf29-896a067b2e6b', '3d3cbd40-4c9a-44ac-bf29-896a067b2e6b', '3d3cbd40-4c9a-44ac-bf29-896a067b2e6b', '3d3cbd40-4c9a-44ac-bf29-896a067b2e6b', '3d3cbd40-4c9a-44ac-bf29-896a067b2e6b', '3d3cbd40-4c9a-44ac-bf29-896a067b2e6b', '3d3cbd40-4c9a-44ac-bf29-896a067b2e6b', '3d3cbd40-4c9a-44ac-bf29-896a067b2e6b', '3d3cbd40-4c9a-44ac-bf29-896a067b2e6b', '3d3cbd40-4c9a-44ac-bf29-896a067b2e6b', '3d3cbd40-4c9a-44ac-bf29-896a067b2e6b', '3d3cbd40-4c9a-44ac-bf29-896a067b2e6b', '3d3cbd40-4c9a-44ac-bf29-896a067b2e6b', '769e6a30-fb28-4418-a30c-c3c0cf698cbe', '769e6a30-fb28-4418-a30c-c3c0cf698cbe', '769e6a30-fb28-4418-a30c-c3c0cf698cbe', '769e6a30-fb28-4418-a30c-c3c0cf698cbe', '769e6a30-fb28-4418-a30c-c3c0cf698cbe', '769e6a30-fb28-4418-a30c-c3c0cf698cbe', '769e6a30-fb28-4418-a30c-c3c0cf698cbe', '769e6a30-fb28-4418-a30c-c3c0cf698cbe', '769e6a30-fb28-4418-a30c-c3c0cf698cbe', '769e6a30-fb28-4418-a30c-c3c0cf698cbe', '769e6a30-fb28-4418-a30c-c3c0cf698cbe', '769e6a30-fb28-4418-a30c-c3c0cf698cbe', '769e6a30-fb28-4418-a30c-c3c0cf698cbe', '769e6a30-fb28-4418-a30c-c3c0cf698cbe', '769e6a30-fb28-4418-a30c-c3c0cf698cbe', '769e6a30-fb28-4418-a30c-c3c0cf698cbe', '769e6a30-fb28-4418-a30c-c3c0cf698cbe', '769e6a30-fb28-4418-a30c-c3c0cf698cbe', '769e6a30-fb28-4418-a30c-c3c0cf698cbe', '769e6a30-fb28-4418-a30c-c3c0cf698cbe', '769e6a30-fb28-4418-a30c-c3c0cf698cbe', '769e6a30-fb28-4418-a30c-c3c0cf698cbe', '769e6a30-fb28-4418-a30c-c3c0cf698cbe', '769e6a30-fb28-4418-a30c-c3c0cf698cbe', '5c1ff9bd-1d5d-457b-bd49-06065760bf26', 'd8807b90-9fa7-40d7-a36a-d3aa8c8d5288', 'e926b418-0b5a-4e90-8b2b-b9795feafc04', '9bcc764d-ea2e-48d6-a86f-f5a40655a12a', 'cf5f8c49-2016-404b-8d4f-7a958049881e', '6383d40c-2183-4fb3-8b23-8a0fca49c006', 'e0d45c5c-cf55-4480-bdf6-1142670f36e8', 'fd5a42a1-30cd-4dad-94c3-573fc6b316e1', '1003ce39-f782-4139-b334-6a7904e07e75']"
68d62940-25a7-4145-a1eb-ed7f7bb2afea,2,"['7e66679e-52c5-4d29-ac16-5d6bbaf6135d', '7e66679e-52c5-4d29-ac16-5d6bbaf6135d', '7e66679e-52c5-4d29-ac16-5d6bbaf6135d', '7e66679e-52c5-4d29-ac16-5d6bbaf6135d', '7e66679e-52c5-4d29-ac16-5d6bbaf6135d', '7e66679e-52c5-4d29-ac16-5d6bbaf6135d', '7e66679e-52c5-4d29-ac16-5d6bbaf6135d', '7e66679e-52c5-4d29-ac16-5d6bbaf6135d', '7e66679e-52c5-4d29-ac16-5d6bbaf6135d', '7e66679e-52c5-4d29-ac16-5d6bbaf6135d', '7e66679e-52c5-4d29-ac16-5d6bbaf6135d', '7e66679e-52c5-4d29-ac16-5d6bbaf6135d', '7e66679e-52c5-4d29-ac16-5d6bbaf6135d', '7e66679e-52c5-4d29-ac16-5d6bbaf6135d', '7e66679e-52c5-4d29-ac16-5d6bbaf6135d', '7e66679e-52c5-4d29-ac16-5d6bbaf6135d', '7e66679e-52c5-4d29-ac16-5d6bbaf6135d', '7e66679e-52c5-4d29-ac16-5d6bbaf6135d', '7e66679e-52c5-4d29-ac16-5d6bbaf6135d', '7e66679e-52c5-4d29-ac16-5d6bbaf6135d', '7e66679e-52c5-4d29-ac16-5d6bbaf6135d', '7e66679e-52c5-4d29-ac16-5d6bbaf6135d', '7e66679e-52c5-4d29-ac16-5d6bbaf6135d', '7e66679e-52c5-4d29-ac16-5d6bbaf6135d', '7e66679e-52c5-4d29-ac16-5d6bbaf6135d', '7e66679e-52c5-4d29-ac16-5d6bbaf6135d', '7e66679e-52c5-4d29-ac16-5d6bbaf6135d', '7e66679e-52c5-4d29-ac16-5d6bbaf6135d', '7e66679e-52c5-4d29-ac16-5d6bbaf6135d', '7e66679e-52c5-4d29-ac16-5d6bbaf6135d', '7e66679e-52c5-4d29-ac16-5d6bbaf6135d', '7e66679e-52c5-4d29-ac16-5d6bbaf6135d', '7e66679e-52c5-4d29-ac16-5d6bbaf6135d', '7e66679e-52c5-4d29-ac16-5d6bbaf6135d', '7e66679e-52c5-4d29-ac16-5d6bbaf6135d', '7e66679e-52c5-4d29-ac16-5d6bbaf6135d', '7e66679e-52c5-4d29-ac16-5d6bbaf6135d', '7e66679e-52c5-4d29-ac16-5d6bbaf6135d', '7e66679e-52c5-4d29-ac16-5d6bbaf6135d', '7e66679e-52c5-4d29-ac16-5d6bbaf6135d', 'a248d9b1-2323-49c1-a5c5-ca15aff994f5', '434d8b09-0869-453a-b0e0-e955e4dfe838', 'fd20332a-185e-426e-8086-f365fa9d0ad9', '194b452f-525c-46a6-acc8-eeadef23b70f', '3fb39288-9c85-492b-b07d-ed13b01bef34', 'f4fcd0b5-3eaf-4b54-8026-fca0bf35e511', '97e49468-0101-4fd1-93e4-e3ecbec15a10', 'c1946b75-2429-4076-a678-77cda845ecbc', 'd33d9bcb-d3f3-4bd9-a110-c7bc77cc5c7e', '0a35ff0f-6ba1-45be-9e5c-9fb3926748a4']"
0d0ae891-4c1b-4c29-a969-8668260b34f8,4,"['3d3cbd40-4c9a-44ac-bf29-896a067b2e6b', '769e6a30-fb28-4418-a30c-c3c0cf698cbe', '769e6a30-fb28-4418-a30c-c3c0cf698cbe', '769e6a30-fb28-4418-a30c-c3c0cf698cbe', '769e6a30-fb28-4418-a30c-c3c0cf698cbe', '769e6a30-fb28-4418-a30c-c3c0cf698cbe', '769e6a30-fb28-4418-a30c-c3c0cf698cbe', '769e6a30-fb28-4418-a30c-c3c0cf698cbe', '769e6a30-fb28-4418-a30c-c3c0cf698cbe', '769e6a30-fb28-4418-a30c-c3c0cf698cbe', '769e6a30-fb28-4418-a30c-c3c0cf698cbe', '769e6a30-fb28-4418-a30c-c3c0cf698cbe', '769e6a30-fb28-4418-a30c-c3c0cf698cbe', '769e6a30-fb28-4418-a30c-c3c0cf698cbe', '769e6a30-fb28-4418-a30c-c3c0cf698cbe', '769e6a30-fb28-4418-a30c-c3c0cf698cbe', '769e6a30-fb28-4418-a30c-c3c0cf698cbe', '769e6a30-fb28-4418-a30c-c3c0cf698cbe', '769e6a30-fb28-4418-a30c-c3c0cf698cbe', '769e6a30-fb28-4418-a30c-c3c0cf698cbe', '769e6a30-fb28-4418-a30c-c3c0cf698cbe', '769e6a30-fb28-4418-a30c-c3c0cf698cbe', '769e6a30-fb28-4418-a30c-c3c0cf698cbe', '769e6a30-fb28-4418-a30c-c3c0cf698cbe', '769e6a30-fb28-4418-a30c-c3c0cf698cbe', '769e6a30-fb28-4418-a30c-c3c0cf698cbe', '769e6a30-fb28-4418-a30c-c3c0cf698cbe', '769e6a30-fb28-4418-a30c-c3c0cf698cbe', '769e6a30-fb28-4418-a30c-c3c0cf698cbe', '769e6a30-fb28-4418-a30c-c3c0cf698cbe', '769e6a30-fb28-4418-a30c-c3c0cf698cbe', '769e6a30-fb28-4418-a30c-c3c0cf698cbe', '769e6a30-fb28-4418-a30c-c3c0cf698cbe', '769e6a30-fb28-4418-a30c-c3c0cf698cbe', '769e6a30-fb28-4418-a30c-c3c0cf698cbe', '769e6a30-fb28-4418-a30c-c3c0cf698cbe', '769e6a30-fb28-4418-a30c-c3c0cf698cbe', '769e6a30-fb28-4418-a30c-c3c0cf698cbe', '769e6a30-fb28-4418-a30c-c3c0cf698cbe', '769e6a30-fb28-4418-a30c-c3c0cf698cbe', '769e6a30-fb28-4418-a30c-c3c0cf698cbe', '11d7fe72-2e6b-4752-b4f6-238c5d4c8046', 'f058d4e9-ffff-4b34-8187-84199862ffec', 'e7ef258f-f5ed-47f8-8b58-a553f29fbc74', '0e7e6cdf-e373-4290-a8f6-b7cc899c7dbf', '947c8d1d-744f-478f-9794-f10aa2fc8edc', '953fcec6-2d9f-4c50-86e3-d04757750936', '46e2289b-575b-4b9b-89a6-6f166573361e', 'e6b62c04-76fe-4607-b3b0-c24325f614d1', '1703bfd8-d9fa-4c88-a2bc-4185a1e88104']"
68d62940-25a7-4145-a1eb-ed7f7bb2afea,3,"['7e66679e-52c5-4d29-ac16-5d6bbaf6135d', '7e66679e-52c5-4d29-ac16-5d6bbaf6135d', '7e66679e-52c5-4d29-ac16-5d6bbaf6135d', '7e66679e-52c5-4d29-ac16-5d6bbaf6135d', '7e66679e-52c5-4d29-ac16-5d6bbaf6135d', '7e66679e-52c5-4d29-ac16-5d6bbaf6135d', '7e66679e-52c5-4d29-ac16-5d6bbaf6135d', '7e66679e-52c5-4d29-ac16-5d6bbaf6135d', '7e66679e-52c5-4d29-ac16-5d6bbaf6135d', '7e66679e-52c5-4d29-ac16-5d6bbaf6135d', '7e66679e-52c5-4d29-ac16-5d6bbaf6135d', '7e66679e-52c5-4d29-ac16-5d6bbaf6135d', '7e66679e-52c5-4d29-ac16-5d6bbaf6135d', '7e66679e-52c5-4d29-ac16-5d6bbaf6135d', '7e66679e-52c5-4d29-ac16-5d6bbaf6135d', '7e66679e-52c5-4d29-ac16-5d6bbaf6135d', '7e66679e-52c5-4d29-ac16-5d6bbaf6135d', '7e66679e-52c5-4d29-ac16-5d6bbaf6135d', '7e66679e-52c5-4d29-ac16-5d6bbaf6135d', '7e66679e-52c5-4d29-ac16-5d6bbaf6135d', '7e66679e-52c5-4d29-ac16-5d6bbaf6135d', '7e66679e-52c5-4d29-ac16-5d6bbaf6135d', '7e66679e-52c5-4d29-ac16-5d6bbaf6135d', '7e66679e-52c5-4d29-ac16-5d6bbaf6135d', '7e66679e-52c5-4d29-ac16-5d6bbaf6135d', '7e66679e-52c5-4d29-ac16-5d6bbaf6135d', '7e66679e-52c5-4d29-ac16-5d6bbaf6135d', '7e66679e-52c5-4d29-ac16-5d6bbaf6135d', '7e66679e-52c5-4d29-ac16-5d6bbaf6135d', '7e66679e-52c5-4d29-ac16-5d6bbaf6135d', '7e66679e-52c5-4d29-ac16-5d6bbaf6135d', '7e66679e-52c5-4d29-ac16-5d6bbaf6135d', '7e66679e-52c5-4d29-ac16-5d6bbaf6135d', '7e66679e-52c5-4d29-ac16-5d6bbaf6135d', 'a248d9b1-2323-49c1-a5c5-ca15aff994f5', 'fd20332a-185e-426e-8086-f365fa9d0ad9', '194b452f-525c-46a6-acc8-eeadef23b70f', '3fb39288-9c85-492b-b07d-ed13b01bef34', 'f4fcd0b5-3eaf-4b54-8026-fca0bf35e511', '97e49468-0101-4fd1-93e4-e3ecbec15a10', 'c1946b75-2429-4076-a678-77cda845ecbc', '0a35ff0f-6ba1-45be-9e5c-9fb3926748a4', 'edb053df-ca56-4bd4-b86a-01b3b3036d45', '78a4db2e-1f58-4953-8ab7-36d63b46d898', '8e700342-465b-459a-acec-740750b5623a', '1f6066d3-70d6-4b3a-8f70-0e815b5094cd', '241d4f96-5e33-4e27-958a-b41db18041d9', 'fae16107-3119-456a-ab7f-e72c4a4361a5', '414f381e-7ed0-4b66-bec4-e5c604e3e85f', '96ca75d8-4de9-4935-9f07-cee7f7b6fd7d']"
0d0ae891-4c1b-4c29-a969-8668260b34f8,5,"['3d3cbd40-4c9a-44ac-bf29-896a067b2e6b', '769e6a30-fb28-4418-a30c-c3c0cf698cbe', '769e6a30-fb28-4418-a30c-c3c0cf698cbe', '769e6a30-fb28-4418-a30c-c3c0cf698cbe', '769e6a30-fb28-4418-a30c-c3c0cf698cbe', '769e6a30-fb28-4418-a30c-c3c0cf698cbe', '769e6a30-fb28-4418-a30c-c3c0cf698cbe', '769e6a30-fb28-4418-a30c-c3c0cf698cbe', '769e6a30-fb28-4418-a30c-c3c0cf698cbe', '769e6a30-fb28-4418-a30c-c3c0cf698cbe', '769e6a30-fb28-4418-a30c-c3c0cf698cbe', '769e6a30-fb28-4418-a30c-c3c0cf698cbe', '769e6a30-fb28-4418-a30c-c3c0cf698cbe', '769e6a30-fb28-4418-a30c-c3c0cf698cbe', '769e6a30-fb28-4418-a30c-c3c0cf698cbe', '769e6a30-fb28-4418-a30c-c3c0cf698cbe', '769e6a30-fb28-4418-a30c-c3c0cf698cbe', '769e6a30-fb28-4418-a30c-c3c0cf698cbe', '769e6a30-fb28-4418-a30c-c3c0cf698cbe', '769e6a30-fb28-4418-a30c-c3c0cf698cbe', '769e6a30-fb28-4418-a30c-c3c0cf698cbe', '769e6a30-fb28-4418-a30c-c3c0cf698cbe', '769e6a30-fb28-4418-a30c-c3c0cf698cbe', '769e6a30-fb28-4418-a30c-c3c0cf698cbe', '769e6a30-fb28-4418-a30c-c3c0cf698cbe', '769e6a30-fb28-4418-a30c-c3c0cf698cbe', '769e6a30-fb28-4418-a30c-c3c0cf698cbe', '769e6a30-fb28-4418-a30c-c3c0cf698cbe', '769e6a30-fb28-4418-a30c-c3c0cf698cbe', '769e6a30-fb28-4418-a30c-c3c0cf698cbe', '769e6a30-fb28-4418-a30c-c3c0cf698cbe', '769e6a30-fb28-4418-a30c-c3c0cf698cbe', '769e6a30-fb28-4418-a30c-c3c0cf698cbe', '769e6a30-fb28-4418-a30c-c3c0cf698cbe', '769e6a30-fb28-4418-a30c-c3c0cf698cbe', '769e6a30-fb28-4418-a30c-c3c0cf698cbe', '11d7fe72-2e6b-4752-b4f6-238c5d4c8046', 'f058d4e9-ffff-4b34-8187-84199862ffec', 'e7ef258f-f5ed-47f8-8b58-a553f29fbc74', '0e7e6cdf-e373-4290-a8f6-b7cc899c7dbf', '947c8d1d-744f-478f-9794-f10aa2fc8edc', '953fcec6-2d9f-4c50-86e3-d04757750936', '46e2289b-575b-4b9b-89a6-6f166573361e', 'e6b62c04-76fe-4607-b3b0-c24325f614d1', 'a59cf418-306d-49a1-815d-6fd24baff986', 'c851b861-1780-4702-a127-9c8ca3e52e23', '70830b37-095c-46fe-ac16-a395ac0a483e', '4dc6672e-ae09-40b4-b435-391199e7b3d7', '6bd1e625-ef40-470b-97c4-0b71b84842ae', '3dcbefa0-edcf-4710-8ba5-c882657cee85']"
0d0ae891-4c1b-4c29-a969-8668260b34f8,6,"['769e6a30-fb28-4418-a30c-c3c0cf698cbe', '769e6a30-fb28-4418-a30c-c3c0cf698cbe', '769e6a30-fb28-4418-a30c-c3c0cf698cbe', '769e6a30-fb28-4418-a30c-c3c0cf698cbe', '769e6a30-fb28-4418-a30c-c3c0cf698cbe', '769e6a30-fb28-4418-a30c-c3c0cf698cbe', '769e6a30-fb28-4418-a30c-c3c0cf698cbe', '769e6a30-fb28-4418-a30c-c3c0cf698cbe', '769e6a30-fb28-4418-a30c-c3c0cf698cbe', '769e6a30-fb28-4418-a30c-c3c0cf698cbe', '769e6a30-fb28-4418-a30c-c3c0cf698cbe', '769e6a30-fb28-4418-a30c-c3c0cf698cbe', '769e6a30-fb28-4418-a30c-c3c0cf698cbe', '769e6a30-fb28-4418-a30c-c3c0cf698cbe', '769e6a30-fb28-4418-a30c-c3c0cf698cbe', '769e6a30-fb28-4418-a30c-c3c0cf698cbe', '769e6a30-fb28-4418-a30c-c3c0cf698cbe', '769e6a30-fb28-4418-a30c-c3c0cf698cbe', '769e6a30-fb28-4418-a30c-c3c0cf698cbe', '769e6a30-fb28-4418-a30c-c3c0cf698cbe', '769e6a30-fb28-4418-a30c-c3c0cf698cbe', '769e6a30-fb28-4418-a30c-c3c0cf698cbe', '769e6a30-fb28-4418-a30c-c3c0cf698cbe', '769e6a30-fb28-4418-a30c-c3c0cf698cbe', '769e6a30-fb28-4418-a30c-c3c0cf698cbe', '769e6a30-fb28-4418-a30c-c3c0cf698cbe', '769e6a30-fb28-4418-a30c-c3c0cf698cbe', '769e6a30-fb28-4418-a30c-c3c0cf698cbe', '769e6a30-fb28-4418-a30c-c3c0cf698cbe', '11d7fe72-2e6b-4752-b4f6-238c5d4c8046', 'f058d4e9-ffff-4b34-8187-84199862ffec', 'e7ef258f-f5ed-47f8-8b58-a553f29fbc74', '0e7e6cdf-e373-4290-a8f6-b7cc899c7dbf', '947c8d1d-744f-478f-9794-f10aa2fc8edc', '953fcec6-2d9f-4c50-86e3-d04757750936', '46e2289b-575b-4b9b-89a6-6f166573361e', 'e6b62c04-76fe-4607-b3b0-c24325f614d1', 'a59cf418-306d-49a1-815d-6fd24baff986', 'c851b861-1780-4702-a127-9c8ca3e52e23', '70830b37-095c-46fe-ac16-a395ac0a483e', '4dc6672e-ae09-40b4-b435-391199e7b3d7', '6bd1e625-ef40-470b-97c4-0b71b84842ae', '3dcbefa0-edcf-4710-8ba5-c882657cee85', '22f4b1f7-2df2-43d4-8eda-6a3faf71d033', '3924b0c6-f601-4f1f-9bff-2ea192fa3053', '1d06bcfe-c0d5-49b8-a08a-e2c1e59e6100', '932f4916-d9a9-488f-b5a5-e7914b42b94d', '054e790f-14d9-49df-a224-2deb017c6ed7', 'd958d40b-6fd4-40f5-a3bb-fe3c3f095499', 'b5f64617-cd91-4e89-87df-d8e86ac1b63d']"
68d62940-25a7-4145-a1eb-ed7f7bb2afea,4,"['7e66679e-52c5-4d29-ac16-5d6bbaf6135d', '7e66679e-52c5-4d29-ac16-5d6bbaf6135d', '7e66679e-52c5-4d29-ac16-5d6bbaf6135d', '7e66679e-52c5-4d29-ac16-5d6bbaf6135d', '7e66679e-52c5-4d29-ac16-5d6bbaf6135d', '7e66679e-52c5-4d29-ac16-5d6bbaf6135d', '7e66679e-52c5-4d29-ac16-5d6bbaf6135d', '7e66679e-52c5-4d29-ac16-5d6bbaf6135d', '7e66679e-52c5-4d29-ac16-5d6bbaf6135d', '7e66679e-52c5-4d29-ac16-5d6bbaf6135d', '7e66679e-52c5-4d29-ac16-5d6bbaf6135d', '7e66679e-52c5-4d29-ac16-5d6bbaf6135d', '7e66679e-52c5-4d29-ac16-5d6bbaf6135d', '7e66679e-52c5-4d29-ac16-5d6bbaf6135d', '7e66679e-52c5-4d29-ac16-5d6bbaf6135d', '7e66679e-52c5-4d29-ac16-5d6bbaf6135d', '7e66679e-52c5-4d29-ac16-5d6bbaf6135d', '7e66679e-52c5-4d29-ac16-5d6bbaf6135d', '7e66679e-52c5-4d29-ac16-5d6bbaf6135d', '7e66679e-52c5-4d29-ac16-5d6bbaf6135d', '7e66679e-52c5-4d29-ac16-5d6bbaf6135d', '7e66679e-52c5-4d29-ac16-5d6bbaf6135d', '7e66679e-52c5-4d29-ac16-5d6bbaf6135d', '7e66679e-52c5-4d29-ac16-5d6bbaf6135d', '7e66679e-52c5-4d29-ac16-5d6bbaf6135d', '7e66679e-52c5-4d29-ac16-5d6bbaf6135d', '7e66679e-52c5-4d29-ac16-5d6bbaf6135d', '7e66679e-52c5-4d29-ac16-5d6bbaf6135d', 'fd20332a-185e-426e-8086-f365fa9d0ad9', '194b452f-525c-46a6-acc8-eeadef23b70f', '3fb39288-9c85-492b-b07d-ed13b01bef34', 'f4fcd0b5-3eaf-4b54-8026-fca0bf35e511', '97e49468-0101-4fd1-93e4-e3ecbec15a10', 'c1946b75-2429-4076-a678-77cda845ecbc', 'edb053df-ca56-4bd4-b86a-01b3b3036d45', '78a4db2e-1f58-4953-8ab7-36d63b46d898', '8e700342-465b-459a-acec-740750b5623a', '1f6066d3-70d6-4b3a-8f70-0e815b5094cd', '241d4f96-5e33-4e27-958a-b41db18041d9', 'fae16107-3119-456a-ab7f-e72c4a4361a5', '414f381e-7ed0-4b66-bec4-e5c604e3e85f', '96ca75d8-4de9-4935-9f07-cee7f7b6fd7d', 'f09883ad-03d0-4f16-9644-60dee7dba0e3', '82faf3d0-2f16-4608-aadd-5e237cc3089b', '1d81c8de-bf2d-43c9-bf5a-7fb151197d39', '12380a8e-95ec-4353-bb11-69d3e0c6719e', 'dd9c850d-b104-41fc-a801-acc193c73a8f', 'c75352b3-3feb-4e3a-8b53-73496add9750', 'e49114d6-0aa7-4cf6-9a4b-0d472b60ada0', '683355e4-1c28-456c-b681-73afc111552f']"
0d0ae891-4c1b-4c29-a969-8668260b34f8,7,"['769e6a30-fb28-4418-a30c-c3c0cf698cbe', '769e6a30-fb28-4418-a30c-c3c0cf698cbe', '769e6a30-fb28-4418-a30c-c3c0cf698cbe', '769e6a30-fb28-4418-a30c-c3c0cf698cbe', '769e6a30-fb28-4418-a30c-c3c0cf698cbe', '769e6a30-fb28-4418-a30c-c3c0cf698cbe', '769e6a30-fb28-4418-a30c-c3c0cf698cbe', '769e6a30-fb28-4418-a30c-c3c0cf698cbe', '769e6a30-fb28-4418-a30c-c3c0cf698cbe', '769e6a30-fb28-4418-a30c-c3c0cf698cbe', '769e6a30-fb28-4418-a30c-c3c0cf698cbe', '769e6a30-fb28-4418-a30c-c3c0cf698cbe', '769e6a30-fb28-4418-a30c-c3c0cf698cbe', '769e6a30-fb28-4418-a30c-c3c0cf698cbe', '769e6a30-fb28-4418-a30c-c3c0cf698cbe', '769e6a30-fb28-4418-a30c-c3c0cf698cbe', '769e6a30-fb28-4418-a30c-c3c0cf698cbe', '769e6a30-fb28-4418-a30c-c3c0cf698cbe', '769e6a30-fb28-4418-a30c-c3c0cf698cbe', '769e6a30-fb28-4418-a30c-c3c0cf698cbe', '769e6a30-fb28-4418-a30c-c3c0cf698cbe', '769e6a30-fb28-4418-a30c-c3c0cf698cbe', '11d7fe72-2e6b-4752-b4f6-238c5d4c8046', 'e7ef258f-f5ed-47f8-8b58-a553f29fbc74', '0e7e6cdf-e373-4290-a8f6-b7cc899c7dbf', '947c8d1d-744f-478f-9794-f10aa2fc8edc', '953fcec6-2d9f-4c50-86e3-d04757750936', '46e2289b-575b-4b9b-89a6-6f166573361e', 'e6b62c04-76fe-4607-b3b0-c24325f614d1', 'a59cf418-306d-49a1-815d-6fd24baff986', 'c851b861-1780-4702-a127-9c8ca3e52e23', '70830b37-095c-46fe-ac16-a395ac0a483e', '4dc6672e-ae09-40b4-b435-391199e7b3d7', '6bd1e625-ef40-470b-97c4-0b71b84842ae', '3dcbefa0-edcf-4710-8ba5-c882657cee85', '22f4b1f7-2df2-43d4-8eda-6a3faf71d033', '1d06bcfe-c0d5-49b8-a08a-e2c1e59e6100', '932f4916-d9a9-488f-b5a5-e7914b42b94d', '054e790f-14d9-49df-a224-2deb017c6ed7', 'b5f64617-cd91-4e89-87df-d8e86ac1b63d', 'fd724902-fa44-4148-9075-1612c4bfaef0', 'eaec15a6-dae4-478d-96a3-ef0b11785225', '5afc9d5f-48f7-4d58-b6d1-bfc780fe6612', '212aea4a-48c3-49e0-b9b7-74f35ce910a1', '06c6bcdf-fdc6-43f6-8341-9d60462bef05', '405fcdb4-f2f9-43ea-a5b8-a8de37456e00', '1160303e-0e9e-4b31-ac55-bc88545de9a1', 'f6b56219-40c9-40c1-b501-7d6d2ab01d0f', '54abb423-572c-48cc-baa4-01b3cd3b13ee', 'e1edbd19-e488-4cbe-819f-78ba12ed375e']"
68d62940-25a7-4145-a1eb-ed7f7bb2afea,5,"['7e66679e-52c5-4d29-ac16-5d6bbaf6135d', '7e66679e-52c5-4d29-ac16-5d6bbaf6135d', '7e66679e-52c5-4d29-ac16-5d6bbaf6135d', '7e66679e-52c5-4d29-ac16-5d6bbaf6135d', '7e66679e-52c5-4d29-ac16-5d6bbaf6135d', '7e66679e-52c5-4d29-ac16-5d6bbaf6135d', '7e66679e-52c5-4d29-ac16-5d6bbaf6135d', '7e66679e-52c5-4d29-ac16-5d6bbaf6135d', '7e66679e-52c5-4d29-ac16-5d6bbaf6135d', '7e66679e-52c5-4d29-ac16-5d6bbaf6135d', '7e66679e-52c5-4d29-ac16-5d6bbaf6135d', '7e66679e-52c5-4d29-ac16-5d6bbaf6135d', '7e66679e-52c5-4d29-ac16-5d6bbaf6135d', '7e66679e-52c5-4d29-ac16-5d6bbaf6135d', '7e66679e-52c5-4d29-ac16-5d6bbaf6135d', '7e66679e-52c5-4d29-ac16-5d6bbaf6135d', '7e66679e-52c5-4d29-ac16-5d6bbaf6135d', '7e66679e-52c5-4d29-ac16-5d6bbaf6135d', '7e66679e-52c5-4d29-ac16-5d6bbaf6135d', '7e66679e-52c5-4d29-ac16-5d6bbaf6135d', '7e66679e-52c5-4d29-ac16-5d6bbaf6135d', 'fd20332a-185e-426e-8086-f365fa9d0ad9', '194b452f-525c-46a6-acc8-eeadef23b70f', '3fb39288-9c85-492b-b07d-ed13b01bef34', '97e49468-0101-4fd1-93e4-e3ecbec15a10', 'c1946b75-2429-4076-a678-77cda845ecbc', 'edb053df-ca56-4bd4-b86a-01b3b3036d45', '78a4db2e-1f58-4953-8ab7-36d63b46d898', '8e700342-465b-459a-acec-740750b5623a', '1f6066d3-70d6-4b3a-8f70-0e815b5094cd', '241d4f96-5e33-4e27-958a-b41db18041d9', 'fae16107-3119-456a-ab7f-e72c4a4361a5', '414f381e-7ed0-4b66-bec4-e5c604e3e85f', '96ca75d8-4de9-4935-9f07-cee7f7b6fd7d', '82faf3d0-2f16-4608-aadd-5e237cc3089b', '1d81c8de-bf2d-43c9-bf5a-7fb151197d39', '12380a8e-95ec-4353-bb11-69d3e0c6719e', 'dd9c850d-b104-41fc-a801-acc193c73a8f', 'c75352b3-3feb-4e3a-8b53-73496add9750', 'e49114d6-0aa7-4cf6-9a4b-0d472b60ada0', '683355e4-1c28-456c-b681-73afc111552f', '27cf6134-e970-4476-a52e-18fbfc0f1f9c', '0a8cf49f-e37e-4eec-a0d0-de13b08c3a67', 'fd7bb0b7-8ffb-4f30-8950-9566a6770f76', '2f6f2880-91dd-425a-b1e3-51be0ebd5cd0', '44b32c09-9881-413d-913e-e99ce17f18e8', '3a13ee41-a8ca-427d-aef5-7df123ad1147', 'bf0d278a-a3d9-4455-8ab0-9dda96375c9e', 'ee6728d6-61e9-4347-9563-1242bf082a1a', '9d708616-9909-4c49-94e4-9ff1ae6ffd70']"
0d0ae891-4c1b-4c29-a969-8668260b34f8,8,"['769e6a30-fb28-4418-a30c-c3c0cf698cbe', '769e6a30-fb28-4418-a30c-c3c0cf698cbe', '769e6a30-fb28-4418-a30c-c3c0cf698cbe', '769e6a30-fb28-4418-a30c-c3c0cf698cbe', '769e6a30-fb28-4418-a30c-c3c0cf698cbe', '769e6a30-fb28-4418-a30c-c3c0cf698cbe', '769e6a30-fb28-4418-a30c-c3c0cf698cbe', '769e6a30-fb28-4418-a30c-c3c0cf698cbe', '769e6a30-fb28-4418-a30c-c3c0cf698cbe', '769e6a30-fb28-4418-a30c-c3c0cf698cbe', '769e6a30-fb28-4418-a30c-c3c0cf698cbe', '769e6a30-fb28-4418-a30c-c3c0cf698cbe', '769e6a30-fb28-4418-a30c-c3c0cf698cbe', '769e6a30-fb28-4418-a30c-c3c0cf698cbe', '769e6a30-fb28-4418-a30c-c3c0cf698cbe', '769e6a30-fb28-4418-a30c-c3c0cf698cbe', '769e6a30-fb28-4418-a30c-c3c0cf698cbe', '769e6a30-fb28-4418-a30c-c3c0cf698cbe', '769e6a30-fb28-4418-a30c-c3c0cf698cbe', '769e6a30-fb28-4418-a30c-c3c0cf698cbe', '769e6a30-fb28-4418-a30c-c3c0cf698cbe', '769e6a30-fb28-4418-a30c-c3c0cf698cbe', '769e6a30-fb28-4418-a30c-c3c0cf698cbe', '769e6a30-fb28-4418-a30c-c3c0cf698cbe', '769e6a30-fb28-4418-a30c-c3c0cf698cbe', '769e6a30-fb28-4418-a30c-c3c0cf698cbe', '769e6a30-fb28-4418-a30c-c3c0cf698cbe', '769e6a30-fb28-4418-a30c-c3c0cf698cbe', '769e6a30-fb28-4418-a30c-c3c0cf698cbe', '769e6a30-fb28-4418-a30c-c3c0cf698cbe', '769e6a30-fb28-4418-a30c-c3c0cf698cbe', '769e6a30-fb28-4418-a30c-c3c0cf698cbe', '769e6a30-fb28-4418-a30c-c3c0cf698cbe', '769e6a30-fb28-4418-a30c-c3c0cf698cbe', '769e6a30-fb28-4418-a30c-c3c0cf698cbe', '769e6a30-fb28-4418-a30c-c3c0cf698cbe', '769e6a30-fb28-4418-a30c-c3c0cf698cbe', '769e6a30-fb28-4418-a30c-c3c0cf698cbe', '769e6a30-fb28-4418-a30c-c3c0cf698cbe', '769e6a30-fb28-4418-a30c-c3c0cf698cbe', '769e6a30-fb28-4418-a30c-c3c0cf698cbe', 'e41dde6e-f889-419c-8627-a3c84f944ac6', '99249bc7-c20a-488f-a608-14c85af0e415', '61538c5f-d100-4bfd-9d41-87502c78a280', '53b4e2e7-3cef-4f63-82ea-95aa65e14385', '1584fcfb-a605-46b6-8e58-ca84b9fca4f1', '769ca470-c25a-44c9-bcb0-73cfe3ff511d', 'e17f97bb-358c-4bbe-9b9c-789f1edded7f', 'cd875c77-937a-483f-9678-78fea2994f5a', '2daa8d43-8559-41ce-b6e4-ac1a9b29e8e1']"
68d62940-25a7-4145-a1eb-ed7f7bb2afea,6,"['7e66679e-52c5-4d29-ac16-5d6bbaf6135d', '7e66679e-52c5-4d29-ac16-5d6bbaf6135d', 'fd7bb0b7-8ffb-4f30-8950-9566a6770f76', 'fd7bb0b7-8ffb-4f30-8950-9566a6770f76', 'fd7bb0b7-8ffb-4f30-8950-9566a6770f76', 'fd7bb0b7-8ffb-4f30-8950-9566a6770f76', 'fd7bb0b7-8ffb-4f30-8950-9566a6770f76', 'fd7bb0b7-8ffb-4f30-8950-9566a6770f76', '2f6f2880-91dd-425a-b1e3-51be0ebd5cd0', '2f6f2880-91dd-425a-b1e3-51be0ebd5cd0', '2f6f2880-91dd-425a-b1e3-51be0ebd5cd0', '2f6f2880-91dd-425a-b1e3-51be0ebd5cd0', '2f6f2880-91dd-425a-b1e3-51be0ebd5cd0', '2f6f2880-91dd-425a-b1e3-51be0ebd5cd0', '2f6f2880-91dd-425a-b1e3-51be0ebd5cd0', '2f6f2880-91dd-425a-b1e3-51be0ebd5cd0', '2f6f2880-91dd-425a-b1e3-51be0ebd5cd0', '2f6f2880-91dd-425a-b1e3-51be0ebd5cd0', '2f6f2880-91dd-425a-b1e3-51be0ebd5cd0', '2f6f2880-91dd-425a-b1e3-51be0ebd5cd0', '2f6f2880-91dd-425a-b1e3-51be0ebd5cd0', '2f6f2880-91dd-425a-b1e3-51be0ebd5cd0', '2f6f2880-91dd-425a-b1e3-51be0ebd5cd0', '2f6f2880-91dd-425a-b1e3-51be0ebd5cd0', '2f6f2880-91dd-425a-b1e3-51be0ebd5cd0', '2f6f2880-91dd-425a-b1e3-51be0ebd5cd0', '2f6f2880-91dd-425a-b1e3-51be0ebd5cd0', '2f6f2880-91dd-425a-b1e3-51be0ebd5cd0', '2f6f2880-91dd-425a-b1e3-51be0ebd5cd0', '2f6f2880-91dd-425a-b1e3-51be0ebd5cd0', '2f6f2880-91dd-425a-b1e3-51be0ebd5cd0', '2f6f2880-91dd-425a-b1e3-51be0ebd5cd0', '2f6f2880-91dd-425a-b1e3-51be0ebd5cd0', '2f6f2880-91dd-425a-b1e3-51be0ebd5cd0', '2f6f2880-91dd-425a-b1e3-51be0ebd5cd0', '2f6f2880-91dd-425a-b1e3-51be0ebd5cd0', '2f6f2880-91dd-425a-b1e3-51be0ebd5cd0', '2f6f2880-91dd-425a-b1e3-51be0ebd5cd0', '2f6f2880-91dd-425a-b1e3-51be0ebd5cd0', '2f6f2880-91dd-425a-b1e3-51be0ebd5cd0', '2f6f2880-91dd-425a-b1e3-51be0ebd5cd0', 'e035351d-82d5-4c45-862d-b40ac5bb7fa2', 'ce41c763-f3db-4d71-9aa7-113b8bd7f893', '580f020e-6355-4cde-a1d3-71fbb629787f', '3252e75f-b93d-4192-8886-9c57884c6906', 'b061000a-396e-42df-bdb7-80ead2c64a85', '76786c23-56ee-4c31-aad1-45b3f63be0a5', 'a09714f0-c370-48ce-9564-608f4d121ffe', 'cc9952ad-62fc-4277-9008-4235c95976e2', '521aefa5-3d1d-40a7-80e5-d9219fa927f5']"
0d0ae891-4c1b-4c29-a969-8668260b34f8,9,"['769e6a30-fb28-4418-a30c-c3c0cf698cbe', '769e6a30-fb28-4418-a30c-c3c0cf698cbe', '769e6a30-fb28-4418-a30c-c3c0cf698cbe', '769e6a30-fb28-4418-a30c-c3c0cf698cbe', '769e6a30-fb28-4418-a30c-c3c0cf698cbe', '769e6a30-fb28-4418-a30c-c3c0cf698cbe', '769e6a30-fb28-4418-a30c-c3c0cf698cbe', '769e6a30-fb28-4418-a30c-c3c0cf698cbe', '769e6a30-fb28-4418-a30c-c3c0cf698cbe', '769e6a30-fb28-4418-a30c-c3c0cf698cbe', '769e6a30-fb28-4418-a30c-c3c0cf698cbe', '769e6a30-fb28-4418-a30c-c3c0cf698cbe', '769e6a30-fb28-4418-a30c-c3c0cf698cbe', '769e6a30-fb28-4418-a30c-c3c0cf698cbe', '769e6a30-fb28-4418-a30c-c3c0cf698cbe', '769e6a30-fb28-4418-a30c-c3c0cf698cbe', '769e6a30-fb28-4418-a30c-c3c0cf698cbe', '769e6a30-fb28-4418-a30c-c3c0cf698cbe', '769e6a30-fb28-4418-a30c-c3c0cf698cbe', '769e6a30-fb28-4418-a30c-c3c0cf698cbe', '769e6a30-fb28-4418-a30c-c3c0cf698cbe', '769e6a30-fb28-4418-a30c-c3c0cf698cbe', '769e6a30-fb28-4418-a30c-c3c0cf698cbe', '769e6a30-fb28-4418-a30c-c3c0cf698cbe', '769e6a30-fb28-4418-a30c-c3c0cf698cbe', '769e6a30-fb28-4418-a30c-c3c0cf698cbe', '769e6a30-fb28-4418-a30c-c3c0cf698cbe', '769e6a30-fb28-4418-a30c-c3c0cf698cbe', '99249bc7-c20a-488f-a608-14c85af0e415', '61538c5f-d100-4bfd-9d41-87502c78a280', '1584fcfb-a605-46b6-8e58-ca84b9fca4f1', '769ca470-c25a-44c9-bcb0-73cfe3ff511d', 'cd875c77-937a-483f-9678-78fea2994f5a', '2daa8d43-8559-41ce-b6e4-ac1a9b29e8e1', 'c1f7a9fa-ccd4-4c44-a39f-c28db80b313f', 'c3f4bd52-cb74-4860-9169-e1af02ef864d', 'b70702c8-c9b2-467f-8177-3480be31966c', '53e5fd9a-7104-4fcd-bf38-150dcc8a72e0', '8fba1b0b-7155-4f16-8055-cf7372e3acc2', '730abd13-2491-4226-800d-52b19fcf3f8b', 'dcb4bbfd-496a-4cb6-9851-eb20b87c2e8f', '28d22304-79c7-4c6a-81f8-318b19d8abc6', '7ec363fd-1a18-49d5-aef7-5b152e7a61ce', '2e69c368-d7c4-430d-b78c-4089cc7fb03d', '528e8bd5-8538-4ca0-ad98-7f59f5ff636d', 'cf94ca3f-e236-4108-babc-fcbf1509ec15', 'f87e44fb-1e1f-4631-a5d3-ebc77d559a92', '7f5a6d5b-70ee-4cc5-92c1-8fd9780454ce', '7487e0d4-2825-45bf-86db-f778362516f4', 'd63d0f65-14e0-48eb-ab95-814a72b28018']"
68d62940-25a7-4145-a1eb-ed7f7bb2afea,7,"['7e66679e-52c5-4d29-ac16-5d6bbaf6135d', '7e66679e-52c5-4d29-ac16-5d6bbaf6135d', 'fd7bb0b7-8ffb-4f30-8950-9566a6770f76', 'fd7bb0b7-8ffb-4f30-8950-9566a6770f76', 'fd7bb0b7-8ffb-4f30-8950-9566a6770f76', 'fd7bb0b7-8ffb-4f30-8950-9566a6770f76', 'fd7bb0b7-8ffb-4f30-8950-9566a6770f76', '2f6f2880-91dd-425a-b1e3-51be0ebd5cd0', '2f6f2880-91dd-425a-b1e3-51be0ebd5cd0', '2f6f2880-91dd-425a-b1e3-51be0ebd5cd0', '2f6f2880-91dd-425a-b1e3-51be0ebd5cd0', '2f6f2880-91dd-425a-b1e3-51be0ebd5cd0', '2f6f2880-91dd-425a-b1e3-51be0ebd5cd0', '2f6f2880-91dd-425a-b1e3-51be0ebd5cd0', '2f6f2880-91dd-425a-b1e3-51be0ebd5cd0', '2f6f2880-91dd-425a-b1e3-51be0ebd5cd0', '2f6f2880-91dd-425a-b1e3-51be0ebd5cd0', '2f6f2880-91dd-425a-b1e3-51be0ebd5cd0', '2f6f2880-91dd-425a-b1e3-51be0ebd5cd0', '2f6f2880-91dd-425a-b1e3-51be0ebd5cd0', '2f6f2880-91dd-425a-b1e3-51be0ebd5cd0', '2f6f2880-91dd-425a-b1e3-51be0ebd5cd0', '2f6f2880-91dd-425a-b1e3-51be0ebd5cd0', '2f6f2880-91dd-425a-b1e3-51be0ebd5cd0', '2f6f2880-91dd-425a-b1e3-51be0ebd5cd0', '2f6f2880-91dd-425a-b1e3-51be0ebd5cd0', '2f6f2880-91dd-425a-b1e3-51be0ebd5cd0', '2f6f2880-91dd-425a-b1e3-51be0ebd5cd0', '2f6f2880-91dd-425a-b1e3-51be0ebd5cd0', '2f6f2880-91dd-425a-b1e3-51be0ebd5cd0', '2f6f2880-91dd-425a-b1e3-51be0ebd5cd0', 'ce41c763-f3db-4d71-9aa7-113b8bd7f893', '580f020e-6355-4cde-a1d3-71fbb629787f', 'b061000a-396e-42df-bdb7-80ead2c64a85', '76786c23-56ee-4c31-aad1-45b3f63be0a5', 'a09714f0-c370-48ce-9564-608f4d121ffe', '521aefa5-3d1d-40a7-80e5-d9219fa927f5', 'aad9fcb3-247a-4c77-b0d1-36fcd2a51eaa', 'ba099a1b-e4c8-4a1f-9472-8f41e50de302', '49419aa8-b31c-485b-80aa-c858b61045f3', '33b15dc8-c640-4dc6-b367-92b5437d1963', '5d4170a7-d5b8-467c-b3ac-0667ccc7f113', 'dfcc1c74-28db-4fc8-945e-9af604fe2028', '49c97c69-1d08-44e2-9577-ab73d136ae33', 'ce1a321d-de8d-4d72-bb2f-b9c0443b8a21', 'b123a96b-e989-4ce6-8fbe-f0e887ba2d66', '5c2a2972-2d55-424c-bddd-20e890bdab65', 'cbe27474-86af-477f-97c6-01e53241caa2', 'ba8c8a08-9bd6-4b9a-8757-402c902403e0', 'ee3bfaca-a6ab-46e2-91d0-fa05b16ac273']"
0d0ae891-4c1b-4c29-a969-8668260b34f8,10,"['769e6a30-fb28-4418-a30c-c3c0cf698cbe', '769e6a30-fb28-4418-a30c-c3c0cf698cbe', '769e6a30-fb28-4418-a30c-c3c0cf698cbe', '769e6a30-fb28-4418-a30c-c3c0cf698cbe', '769e6a30-fb28-4418-a30c-c3c0cf698cbe', '769e6a30-fb28-4418-a30c-c3c0cf698cbe', '769e6a30-fb28-4418-a30c-c3c0cf698cbe', '769e6a30-fb28-4418-a30c-c3c0cf698cbe', '769e6a30-fb28-4418-a30c-c3c0cf698cbe', '769e6a30-fb28-4418-a30c-c3c0cf698cbe', '769e6a30-fb28-4418-a30c-c3c0cf698cbe', '769e6a30-fb28-4418-a30c-c3c0cf698cbe', '769e6a30-fb28-4418-a30c-c3c0cf698cbe', '769e6a30-fb28-4418-a30c-c3c0cf698cbe', '769e6a30-fb28-4418-a30c-c3c0cf698cbe', '769e6a30-fb28-4418-a30c-c3c0cf698cbe', '769e6a30-fb28-4418-a30c-c3c0cf698cbe', '769e6a30-fb28-4418-a30c-c3c0cf698cbe', '769e6a30-fb28-4418-a30c-c3c0cf698cbe', '769e6a30-fb28-4418-a30c-c3c0cf698cbe', '769e6a30-fb28-4418-a30c-c3c0cf698cbe', '769e6a30-fb28-4418-a30c-c3c0cf698cbe', '769e6a30-fb28-4418-a30c-c3c0cf698cbe', '99249bc7-c20a-488f-a608-14c85af0e415', '61538c5f-d100-4bfd-9d41-87502c78a280', '1584fcfb-a605-46b6-8e58-ca84b9fca4f1', '769ca470-c25a-44c9-bcb0-73cfe3ff511d', 'cd875c77-937a-483f-9678-78fea2994f5a', '2daa8d43-8559-41ce-b6e4-ac1a9b29e8e1', 'c1f7a9fa-ccd4-4c44-a39f-c28db80b313f', 'c3f4bd52-cb74-4860-9169-e1af02ef864d', 'b70702c8-c9b2-467f-8177-3480be31966c', '53e5fd9a-7104-4fcd-bf38-150dcc8a72e0', '8fba1b0b-7155-4f16-8055-cf7372e3acc2', 'dcb4bbfd-496a-4cb6-9851-eb20b87c2e8f', '28d22304-79c7-4c6a-81f8-318b19d8abc6', '7ec363fd-1a18-49d5-aef7-5b152e7a61ce', '2e69c368-d7c4-430d-b78c-4089cc7fb03d', '528e8bd5-8538-4ca0-ad98-7f59f5ff636d', 'f87e44fb-1e1f-4631-a5d3-ebc77d559a92', '7f5a6d5b-70ee-4cc5-92c1-8fd9780454ce', '7487e0d4-2825-45bf-86db-f778362516f4', 'd63d0f65-14e0-48eb-ab95-814a72b28018', '61dfbce7-c207-4228-bbee-979c0b7de7de', 'c89fc444-7cdc-44cf-93a1-20259907c1c8', 'b376b809-5060-4632-98d7-2f72536a6ec6', 'de23e314-054c-4cb3-ab23-cab1a9036d78', '2a9f732b-9bb4-4813-af89-c7ff8d43618d', '956e586e-f3f0-497f-9111-6c69f36958cc', '9d9e94e0-0766-4721-9415-23de800fdfa4']"
68d62940-25a7-4145-a1eb-ed7f7bb2afea,8,"['7e66679e-52c5-4d29-ac16-5d6bbaf6135d', '7e66679e-52c5-4d29-ac16-5d6bbaf6135d', 'fd7bb0b7-8ffb-4f30-8950-9566a6770f76', 'fd7bb0b7-8ffb-4f30-8950-9566a6770f76', 'fd7bb0b7-8ffb-4f30-8950-9566a6770f76', 'fd7bb0b7-8ffb-4f30-8950-9566a6770f76', 'fd7bb0b7-8ffb-4f30-8950-9566a6770f76', '2f6f2880-91dd-425a-b1e3-51be0ebd5cd0', '2f6f2880-91dd-425a-b1e3-51be0ebd5cd0', '2f6f2880-91dd-425a-b1e3-51be0ebd5cd0', '2f6f2880-91dd-425a-b1e3-51be0ebd5cd0', '2f6f2880-91dd-425a-b1e3-51be0ebd5cd0', '2f6f2880-91dd-425a-b1e3-51be0ebd5cd0', '2f6f2880-91dd-425a-b1e3-51be0ebd5cd0', '2f6f2880-91dd-425a-b1e3-51be0ebd5cd0', '2f6f2880-91dd-425a-b1e3-51be0ebd5cd0', '2f6f2880-91dd-425a-b1e3-51be0ebd5cd0', '2f6f2880-91dd-425a-b1e3-51be0ebd5cd0', '2f6f2880-91dd-425a-b1e3-51be0ebd5cd0', '2f6f2880-91dd-425a-b1e3-51be0ebd5cd0', '2f6f2880-91dd-425a-b1e3-51be0ebd5cd0', '2f6f2880-91dd-425a-b1e3-51be0ebd5cd0', '2f6f2880-91dd-425a-b1e3-51be0ebd5cd0', '2f6f2880-91dd-425a-b1e3-51be0ebd5cd0', '2f6f2880-91dd-425a-b1e3-51be0ebd5cd0', '2f6f2880-91dd-425a-b1e3-51be0ebd5cd0', '2f6f2880-91dd-425a-b1e3-51be0ebd5cd0', '2f6f2880-91dd-425a-b1e3-51be0ebd5cd0', '2f6f2880-91dd-425a-b1e3-51be0ebd5cd0', 'ce41c763-f3db-4d71-9aa7-113b8bd7f893', '580f020e-6355-4cde-a1d3-71fbb629787f', 'b061000a-396e-42df-bdb7-80ead2c64a85', '76786c23-56ee-4c31-aad1-45b3f63be0a5', 'a09714f0-c370-48ce-9564-608f4d121ffe', '521aefa5-3d1d-40a7-80e5-d9219fa927f5', 'ba099a1b-e4c8-4a1f-9472-8f41e50de302', '33b15dc8-c640-4dc6-b367-92b5437d1963', 'dfcc1c74-28db-4fc8-945e-9af604fe2028', 'b123a96b-e989-4ce6-8fbe-f0e887ba2d66', '5c2a2972-2d55-424c-bddd-20e890bdab65', 'cbe27474-86af-477f-97c6-01e53241caa2', 'ba8c8a08-9bd6-4b9a-8757-402c902403e0', '6f60c662-24f5-4bad-a4c9-2f21882970d7', 'd5193bb9-fb7c-40b2-aea9-79674745b5e0', 'fb19f22b-0344-4a3f-9cfc-50f7ae687383', '104fafcc-8373-4231-afa7-5a94210ee6e1', '92f0c045-43c0-41cd-b8f2-5e2a8b3ba349', 'e330c914-b80e-44b0-8a3f-bff0db011407', '3019f7af-ef44-4881-b131-81ee4cb516b9', '3eaa6f78-8fa9-4311-b5cc-c06b761f1ee2']"
ed2cba74-42b1-4ff0-9c93-5691edd92b41,0,"['8d918d5a-9258-4ff6-bc1d-40faf521785d', '8d918d5a-9258-4ff6-bc1d-40faf521785d', '8d918d5a-9258-4ff6-bc1d-40faf521785d', '8d918d5a-9258-4ff6-bc1d-40faf521785d', '8d918d5a-9258-4ff6-bc1d-40faf521785d', '8d918d5a-9258-4ff6-bc1d-40faf521785d', '8d918d5a-9258-4ff6-bc1d-40faf521785d', '8d918d5a-9258-4ff6-bc1d-40faf521785d', '8d918d5a-9258-4ff6-bc1d-40faf521785d', '8d918d5a-9258-4ff6-bc1d-40faf521785d', '8d918d5a-9258-4ff6-bc1d-40faf521785d', '8d918d5a-9258-4ff6-bc1d-40faf521785d', '8d918d5a-9258-4ff6-bc1d-40faf521785d', '8d918d5a-9258-4ff6-bc1d-40faf521785d', '8d918d5a-9258-4ff6-bc1d-40faf521785d', '8d918d5a-9258-4ff6-bc1d-40faf521785d', '8d918d5a-9258-4ff6-bc1d-40faf521785d', '8d918d5a-9258-4ff6-bc1d-40faf521785d', '8d918d5a-9258-4ff6-bc1d-40faf521785d', '8d918d5a-9258-4ff6-bc1d-40faf521785d', '8d918d5a-9258-4ff6-bc1d-40faf521785d', '8d918d5a-9258-4ff6-bc1d-40faf521785d', '8d918d5a-9258-4ff6-bc1d-40faf521785d', '8d918d5a-9258-4ff6-bc1d-40faf521785d', '8d918d5a-9258-4ff6-bc1d-40faf521785d', '8d918d5a-9258-4ff6-bc1d-40faf521785d', '8d918d5a-9258-4ff6-bc1d-40faf521785d', '8d918d5a-9258-4ff6-bc1d-40faf521785d', '8d918d5a-9258-4ff6-bc1d-40faf521785d', '8d918d5a-9258-4ff6-bc1d-40faf521785d', '8d918d5a-9258-4ff6-bc1d-40faf521785d', '8d918d5a-9258-4ff6-bc1d-40faf521785d', '8d918d5a-9258-4ff6-bc1d-40faf521785d', '8d918d5a-9258-4ff6-bc1d-40faf521785d', '8d918d5a-9258-4ff6-bc1d-40faf521785d', '8d918d5a-9258-4ff6-bc1d-40faf521785d', '8d918d5a-9258-4ff6-bc1d-40faf521785d', '8d918d5a-9258-4ff6-bc1d-40faf521785d', '8d918d5a-9258-4ff6-bc1d-40faf521785d', '8d918d5a-9258-4ff6-bc1d-40faf521785d', '8d918d5a-9258-4ff6-bc1d-40faf521785d', '8d918d5a-9258-4ff6-bc1d-40faf521785d', '8d918d5a-9258-4ff6-bc1d-40faf521785d', '8d918d5a-9258-4ff6-bc1d-40faf521785d', '8d918d5a-9258-4ff6-bc1d-40faf521785d', '8d918d5a-9258-4ff6-bc1d-40faf521785d', '8d918d5a-9258-4ff6-bc1d-40faf521785d', '8d918d5a-9258-4ff6-bc1d-40faf521785d', '8d918d5a-9258-4ff6-bc1d-40faf521785d', '8d918d5a-9258-4ff6-bc1d-40faf521785d']"
0d0ae891-4c1b-4c29-a969-8668260b34f8,11,"['769e6a30-fb28-4418-a30c-c3c0cf698cbe', '769e6a30-fb28-4418-a30c-c3c0cf698cbe', '769e6a30-fb28-4418-a30c-c3c0cf698cbe', '769e6a30-fb28-4418-a30c-c3c0cf698cbe', '769e6a30-fb28-4418-a30c-c3c0cf698cbe', '769e6a30-fb28-4418-a30c-c3c0cf698cbe', '769e6a30-fb28-4418-a30c-c3c0cf698cbe', '769e6a30-fb28-4418-a30c-c3c0cf698cbe', '769e6a30-fb28-4418-a30c-c3c0cf698cbe', '769e6a30-fb28-4418-a30c-c3c0cf698cbe', '769e6a30-fb28-4418-a30c-c3c0cf698cbe', '769e6a30-fb28-4418-a30c-c3c0cf698cbe', '769e6a30-fb28-4418-a30c-c3c0cf698cbe', '769e6a30-fb28-4418-a30c-c3c0cf698cbe', '769e6a30-fb28-4418-a30c-c3c0cf698cbe', '769e6a30-fb28-4418-a30c-c3c0cf698cbe', '769e6a30-fb28-4418-a30c-c3c0cf698cbe', '769e6a30-fb28-4418-a30c-c3c0cf698cbe', '769e6a30-fb28-4418-a30c-c3c0cf698cbe', '769e6a30-fb28-4418-a30c-c3c0cf698cbe', '769e6a30-fb28-4418-a30c-c3c0cf698cbe', '769e6a30-fb28-4418-a30c-c3c0cf698cbe', '769e6a30-fb28-4418-a30c-c3c0cf698cbe', '769e6a30-fb28-4418-a30c-c3c0cf698cbe', '769e6a30-fb28-4418-a30c-c3c0cf698cbe', '769e6a30-fb28-4418-a30c-c3c0cf698cbe', '769e6a30-fb28-4418-a30c-c3c0cf698cbe', '769e6a30-fb28-4418-a30c-c3c0cf698cbe', '769e6a30-fb28-4418-a30c-c3c0cf698cbe', '769e6a30-fb28-4418-a30c-c3c0cf698cbe', '769e6a30-fb28-4418-a30c-c3c0cf698cbe', '769e6a30-fb28-4418-a30c-c3c0cf698cbe', '769e6a30-fb28-4418-a30c-c3c0cf698cbe', '769e6a30-fb28-4418-a30c-c3c0cf698cbe', '769e6a30-fb28-4418-a30c-c3c0cf698cbe', '769e6a30-fb28-4418-a30c-c3c0cf698cbe', '769e6a30-fb28-4418-a30c-c3c0cf698cbe', '769e6a30-fb28-4418-a30c-c3c0cf698cbe', '769e6a30-fb28-4418-a30c-c3c0cf698cbe', '769e6a30-fb28-4418-a30c-c3c0cf698cbe', '769e6a30-fb28-4418-a30c-c3c0cf698cbe', '36dc556d-6d1c-4c11-8014-0670c3523bdc', 'aa328d86-87cb-49f8-9ebb-5461b4ffc643', 'a45f2512-706c-4064-95a4-9c472ffc07dc', '08a9e443-66ae-48b7-b63a-e9f3b6436960', '512ac872-24a5-4948-bda7-19db4979b289', 'd993f52f-4786-40c7-9b1f-bef6fa82f397', '0b34d0aa-fd13-4fae-a51f-f7ea2e7984ad', '300cb210-d449-4d40-84b0-328a6edd233e', '26295251-216e-494b-b6d2-a085e24eebe0']"
ed2cba74-42b1-4ff0-9c93-5691edd92b41,1,"['8d918d5a-9258-4ff6-bc1d-40faf521785d', '8d918d5a-9258-4ff6-bc1d-40faf521785d', '8d918d5a-9258-4ff6-bc1d-40faf521785d', '8d918d5a-9258-4ff6-bc1d-40faf521785d', '8d918d5a-9258-4ff6-bc1d-40faf521785d', '8d918d5a-9258-4ff6-bc1d-40faf521785d', '8d918d5a-9258-4ff6-bc1d-40faf521785d', '8d918d5a-9258-4ff6-bc1d-40faf521785d', '8d918d5a-9258-4ff6-bc1d-40faf521785d', '8d918d5a-9258-4ff6-bc1d-40faf521785d', '8d918d5a-9258-4ff6-bc1d-40faf521785d', '8d918d5a-9258-4ff6-bc1d-40faf521785d', '8d918d5a-9258-4ff6-bc1d-40faf521785d', '8d918d5a-9258-4ff6-bc1d-40faf521785d', '8d918d5a-9258-4ff6-bc1d-40faf521785d', '8d918d5a-9258-4ff6-bc1d-40faf521785d', '8d918d5a-9258-4ff6-bc1d-40faf521785d', '8d918d5a-9258-4ff6-bc1d-40faf521785d', '8d918d5a-9258-4ff6-bc1d-40faf521785d', '8d918d5a-9258-4ff6-bc1d-40faf521785d', '8d918d5a-9258-4ff6-bc1d-40faf521785d', '8d918d5a-9258-4ff6-bc1d-40faf521785d', '8d918d5a-9258-4ff6-bc1d-40faf521785d', '8d918d5a-9258-4ff6-bc1d-40faf521785d', '8d918d5a-9258-4ff6-bc1d-40faf521785d', '8d918d5a-9258-4ff6-bc1d-40faf521785d', '8d918d5a-9258-4ff6-bc1d-40faf521785d', '8d918d5a-9258-4ff6-bc1d-40faf521785d', '8d918d5a-9258-4ff6-bc1d-40faf521785d', '8d918d5a-9258-4ff6-bc1d-40faf521785d', '8d918d5a-9258-4ff6-bc1d-40faf521785d', '8d918d5a-9258-4ff6-bc1d-40faf521785d', '8d918d5a-9258-4ff6-bc1d-40faf521785d', '8d918d5a-9258-4ff6-bc1d-40faf521785d', '8d918d5a-9258-4ff6-bc1d-40faf521785d', '8d918d5a-9258-4ff6-bc1d-40faf521785d', '8d918d5a-9258-4ff6-bc1d-40faf521785d', '8d918d5a-9258-4ff6-bc1d-40faf521785d', '8d918d5a-9258-4ff6-bc1d-40faf521785d', '8d918d5a-9258-4ff6-bc1d-40faf521785d', '8d918d5a-9258-4ff6-bc1d-40faf521785d', '75cdaf22-53e9-4fbf-99b8-39b84bd1eb39', '27c6c635-48fb-4852-8a3a-2c5292a07ccb', '31a03fe0-468d-4817-8d5f-6eacba9c6a5b', '369a036e-8f7b-4f10-bd07-7ba533c2ab05', '82c1bbef-836f-4dc0-8581-bf6790c71872', 'bb5ff951-4b33-4456-89c8-9fd53252e7d1', '32d7f1a4-3c2b-4fb3-9cc7-05c608f362a5', 'e9876654-6daa-47bc-a9da-378c96ceec41', 'd17796d0-303c-444b-956f-6d96c9d71c67']"
68d62940-25a7-4145-a1eb-ed7f7bb2afea,9,"['2f6f2880-91dd-425a-b1e3-51be0ebd5cd0', '2f6f2880-91dd-425a-b1e3-51be0ebd5cd0', '2f6f2880-91dd-425a-b1e3-51be0ebd5cd0', '2f6f2880-91dd-425a-b1e3-51be0ebd5cd0', '2f6f2880-91dd-425a-b1e3-51be0ebd5cd0', '2f6f2880-91dd-425a-b1e3-51be0ebd5cd0', '2f6f2880-91dd-425a-b1e3-51be0ebd5cd0', '2f6f2880-91dd-425a-b1e3-51be0ebd5cd0', '2f6f2880-91dd-425a-b1e3-51be0ebd5cd0', '2f6f2880-91dd-425a-b1e3-51be0ebd5cd0', '2f6f2880-91dd-425a-b1e3-51be0ebd5cd0', '2f6f2880-91dd-425a-b1e3-51be0ebd5cd0', '2f6f2880-91dd-425a-b1e3-51be0ebd5cd0', '2f6f2880-91dd-425a-b1e3-51be0ebd5cd0', '2f6f2880-91dd-425a-b1e3-51be0ebd5cd0', '2f6f2880-91dd-425a-b1e3-51be0ebd5cd0', '2f6f2880-91dd-425a-b1e3-51be0ebd5cd0', '2f6f2880-91dd-425a-b1e3-51be0ebd5cd0', '2f6f2880-91dd-425a-b1e3-51be0ebd5cd0', '2f6f2880-91dd-425a-b1e3-51be0ebd5cd0', '2f6f2880-91dd-425a-b1e3-51be0ebd5cd0', '2f6f2880-91dd-425a-b1e3-51be0ebd5cd0', '2f6f2880-91dd-425a-b1e3-51be0ebd5cd0', '2f6f2880-91dd-425a-b1e3-51be0ebd5cd0', '2f6f2880-91dd-425a-b1e3-51be0ebd5cd0', '2f6f2880-91dd-425a-b1e3-51be0ebd5cd0', '2f6f2880-91dd-425a-b1e3-51be0ebd5cd0', '2f6f2880-91dd-425a-b1e3-51be0ebd5cd0', '2f6f2880-91dd-425a-b1e3-51be0ebd5cd0', '2f6f2880-91dd-425a-b1e3-51be0ebd5cd0', '2f6f2880-91dd-425a-b1e3-51be0ebd5cd0', '2f6f2880-91dd-425a-b1e3-51be0ebd5cd0', '2f6f2880-91dd-425a-b1e3-51be0ebd5cd0', '2f6f2880-91dd-425a-b1e3-51be0ebd5cd0', '2f6f2880-91dd-425a-b1e3-51be0ebd5cd0', '2f6f2880-91dd-425a-b1e3-51be0ebd5cd0', '2f6f2880-91dd-425a-b1e3-51be0ebd5cd0', '3587aa44-c6f1-4659-812b-0b07bfc25ffe', '2778b8cc-f7e0-4c6b-9bf4-0b318fb8dfff', '42d5b121-c9bf-4ebb-ba0b-fd61cf8fdc74', '35420c26-effd-4504-a596-ad57674c20fe', '21239ca6-10e6-48b2-b115-07183b68dc29', '11f0e531-121c-4bba-adf6-8374ddac49dd', 'c8c6a74d-4767-4121-942b-db5d9f6ab27d', '73920328-a4fc-4628-a06f-ce15e30798bd', '8269b2ac-06ec-41b7-87e4-1fb1d6ca3db4', '6e851cfc-1d23-444c-af19-feb5db47c4ee', '1aafbe44-fc5a-4662-a0b0-b073d78d515a', '76acedd6-fe6e-4e07-94e0-1bae71373631', 'd7797e08-3d05-44e2-a8d0-e91aa3cf64d6']"
0d0ae891-4c1b-4c29-a969-8668260b34f8,12,"['769e6a30-fb28-4418-a30c-c3c0cf698cbe', '769e6a30-fb28-4418-a30c-c3c0cf698cbe', '769e6a30-fb28-4418-a30c-c3c0cf698cbe', '769e6a30-fb28-4418-a30c-c3c0cf698cbe', '769e6a30-fb28-4418-a30c-c3c0cf698cbe', '769e6a30-fb28-4418-a30c-c3c0cf698cbe', '769e6a30-fb28-4418-a30c-c3c0cf698cbe', '769e6a30-fb28-4418-a30c-c3c0cf698cbe', '769e6a30-fb28-4418-a30c-c3c0cf698cbe', '769e6a30-fb28-4418-a30c-c3c0cf698cbe', '769e6a30-fb28-4418-a30c-c3c0cf698cbe', '769e6a30-fb28-4418-a30c-c3c0cf698cbe', '769e6a30-fb28-4418-a30c-c3c0cf698cbe', '769e6a30-fb28-4418-a30c-c3c0cf698cbe', '769e6a30-fb28-4418-a30c-c3c0cf698cbe', '769e6a30-fb28-4418-a30c-c3c0cf698cbe', '769e6a30-fb28-4418-a30c-c3c0cf698cbe', '769e6a30-fb28-4418-a30c-c3c0cf698cbe', '769e6a30-fb28-4418-a30c-c3c0cf698cbe', '769e6a30-fb28-4418-a30c-c3c0cf698cbe', '769e6a30-fb28-4418-a30c-c3c0cf698cbe', '769e6a30-fb28-4418-a30c-c3c0cf698cbe', '769e6a30-fb28-4418-a30c-c3c0cf698cbe', '769e6a30-fb28-4418-a30c-c3c0cf698cbe', '769e6a30-fb28-4418-a30c-c3c0cf698cbe', '769e6a30-fb28-4418-a30c-c3c0cf698cbe', '769e6a30-fb28-4418-a30c-c3c0cf698cbe', '769e6a30-fb28-4418-a30c-c3c0cf698cbe', '769e6a30-fb28-4418-a30c-c3c0cf698cbe', '769e6a30-fb28-4418-a30c-c3c0cf698cbe', '769e6a30-fb28-4418-a30c-c3c0cf698cbe', '769e6a30-fb28-4418-a30c-c3c0cf698cbe', '769e6a30-fb28-4418-a30c-c3c0cf698cbe', '769e6a30-fb28-4418-a30c-c3c0cf698cbe', '769e6a30-fb28-4418-a30c-c3c0cf698cbe', '36dc556d-6d1c-4c11-8014-0670c3523bdc', 'aa328d86-87cb-49f8-9ebb-5461b4ffc643', 'a45f2512-706c-4064-95a4-9c472ffc07dc', '512ac872-24a5-4948-bda7-19db4979b289', 'd993f52f-4786-40c7-9b1f-bef6fa82f397', '0b34d0aa-fd13-4fae-a51f-f7ea2e7984ad', '300cb210-d449-4d40-84b0-328a6edd233e', '78759386-8990-469f-8c78-23a3a4a540e8', 'f00cef7f-7330-4565-b955-f41811a05503', '55f14902-6e4e-4763-a74d-dc896a9afd1c', '31cd571e-6f99-4850-bad6-8281d47c3280', '8c82d447-177c-4e73-84a6-ab99a80c336c', '7d84c8a9-eeba-46c6-a6e6-68c1cbf58a90', '5c918b7a-afab-4d36-9f0a-741942e1d744', 'a514183b-c7d2-4964-bfe0-e14c77f300ef']"
68d62940-25a7-4145-a1eb-ed7f7bb2afea,10,"['2f6f2880-91dd-425a-b1e3-51be0ebd5cd0', '2f6f2880-91dd-425a-b1e3-51be0ebd5cd0', '2f6f2880-91dd-425a-b1e3-51be0ebd5cd0', '2f6f2880-91dd-425a-b1e3-51be0ebd5cd0', '2f6f2880-91dd-425a-b1e3-51be0ebd5cd0', '2f6f2880-91dd-425a-b1e3-51be0ebd5cd0', '2f6f2880-91dd-425a-b1e3-51be0ebd5cd0', '2f6f2880-91dd-425a-b1e3-51be0ebd5cd0', '2f6f2880-91dd-425a-b1e3-51be0ebd5cd0', '2f6f2880-91dd-425a-b1e3-51be0ebd5cd0', '2f6f2880-91dd-425a-b1e3-51be0ebd5cd0', '2f6f2880-91dd-425a-b1e3-51be0ebd5cd0', '2f6f2880-91dd-425a-b1e3-51be0ebd5cd0', '2f6f2880-91dd-425a-b1e3-51be0ebd5cd0', '2f6f2880-91dd-425a-b1e3-51be0ebd5cd0', '2f6f2880-91dd-425a-b1e3-51be0ebd5cd0', '2f6f2880-91dd-425a-b1e3-51be0ebd5cd0', '2f6f2880-91dd-425a-b1e3-51be0ebd5cd0', '2f6f2880-91dd-425a-b1e3-51be0ebd5cd0', '2f6f2880-91dd-425a-b1e3-51be0ebd5cd0', '2f6f2880-91dd-425a-b1e3-51be0ebd5cd0', '2f6f2880-91dd-425a-b1e3-51be0ebd5cd0', '2f6f2880-91dd-425a-b1e3-51be0ebd5cd0', '2f6f2880-91dd-425a-b1e3-51be0ebd5cd0', '2f6f2880-91dd-425a-b1e3-51be0ebd5cd0', '2f6f2880-91dd-425a-b1e3-51be0ebd5cd0', '2f6f2880-91dd-425a-b1e3-51be0ebd5cd0', '2f6f2880-91dd-425a-b1e3-51be0ebd5cd0', '3587aa44-c6f1-4659-812b-0b07bfc25ffe', '42d5b121-c9bf-4ebb-ba0b-fd61cf8fdc74', '35420c26-effd-4504-a596-ad57674c20fe', '21239ca6-10e6-48b2-b115-07183b68dc29', '11f0e531-121c-4bba-adf6-8374ddac49dd', 'c8c6a74d-4767-4121-942b-db5d9f6ab27d', '73920328-a4fc-4628-a06f-ce15e30798bd', '8269b2ac-06ec-41b7-87e4-1fb1d6ca3db4', '76acedd6-fe6e-4e07-94e0-1bae71373631', '4b49e42b-c463-42fc-a697-38e82fdd344a', '861493d6-fcff-495b-8d74-15e15289011a', '656083a3-69d8-4023-a56d-423b51d08a3d', '45f0b2f2-c12f-40e8-92e1-908b15e2eed5', 'c1f57985-082c-4c53-9138-9091af2047b7', '983a9060-de1e-47cc-82e8-e9ea2d290569', '64dbe67d-2874-4cdc-8add-50f99cb67e94', '9a9d0170-e2d3-4781-aabb-9008f264b149', 'bc25180b-2779-4bdf-b196-fe6059a197ac', '6f72c683-0633-42c5-bae8-be506995ef02', '1961787c-798e-4e49-97ea-63309ffb5b9a', 'f721f094-0d18-46f2-b5f4-52d6755230b8', '06f3f3a4-725c-41a8-930f-3facb74211be']"
ed2cba74-42b1-4ff0-9c93-5691edd92b41,2,"['32d7f1a4-3c2b-4fb3-9cc7-05c608f362a5', '32d7f1a4-3c2b-4fb3-9cc7-05c608f362a5', '32d7f1a4-3c2b-4fb3-9cc7-05c608f362a5', '32d7f1a4-3c2b-4fb3-9cc7-05c608f362a5', '32d7f1a4-3c2b-4fb3-9cc7-05c608f362a5', '32d7f1a4-3c2b-4fb3-9cc7-05c608f362a5', '32d7f1a4-3c2b-4fb3-9cc7-05c608f362a5', '32d7f1a4-3c2b-4fb3-9cc7-05c608f362a5', '32d7f1a4-3c2b-4fb3-9cc7-05c608f362a5', '32d7f1a4-3c2b-4fb3-9cc7-05c608f362a5', '32d7f1a4-3c2b-4fb3-9cc7-05c608f362a5', '32d7f1a4-3c2b-4fb3-9cc7-05c608f362a5', '32d7f1a4-3c2b-4fb3-9cc7-05c608f362a5', '32d7f1a4-3c2b-4fb3-9cc7-05c608f362a5', '32d7f1a4-3c2b-4fb3-9cc7-05c608f362a5', '32d7f1a4-3c2b-4fb3-9cc7-05c608f362a5', '32d7f1a4-3c2b-4fb3-9cc7-05c608f362a5', '32d7f1a4-3c2b-4fb3-9cc7-05c608f362a5', '32d7f1a4-3c2b-4fb3-9cc7-05c608f362a5', '32d7f1a4-3c2b-4fb3-9cc7-05c608f362a5', '32d7f1a4-3c2b-4fb3-9cc7-05c608f362a5', '32d7f1a4-3c2b-4fb3-9cc7-05c608f362a5', '32d7f1a4-3c2b-4fb3-9cc7-05c608f362a5', '32d7f1a4-3c2b-4fb3-9cc7-05c608f362a5', '32d7f1a4-3c2b-4fb3-9cc7-05c608f362a5', '32d7f1a4-3c2b-4fb3-9cc7-05c608f362a5', '32d7f1a4-3c2b-4fb3-9cc7-05c608f362a5', '32d7f1a4-3c2b-4fb3-9cc7-05c608f362a5', '32d7f1a4-3c2b-4fb3-9cc7-05c608f362a5', '32d7f1a4-3c2b-4fb3-9cc7-05c608f362a5', '32d7f1a4-3c2b-4fb3-9cc7-05c608f362a5', '32d7f1a4-3c2b-4fb3-9cc7-05c608f362a5', '32d7f1a4-3c2b-4fb3-9cc7-05c608f362a5', '32d7f1a4-3c2b-4fb3-9cc7-05c608f362a5', '32d7f1a4-3c2b-4fb3-9cc7-05c608f362a5', '32d7f1a4-3c2b-4fb3-9cc7-05c608f362a5', '32d7f1a4-3c2b-4fb3-9cc7-05c608f362a5', '075c0915-b56d-402e-abf0-d7826a3da7ef', 'd79f4b17-7f64-4cb0-a626-8edc261523df', '9511e0ab-4415-4582-8370-28fa5f938f45', '2fb3ce23-3f66-4ae5-b157-a0b98f114e10', '6a0d67ec-d336-4be0-9185-d4c0815861f7', '865d00cc-b737-4157-a894-382236b6a87a', '2992a19a-0322-496c-94c8-4913c90963ba', '7ce52ee7-d174-4d29-9fed-8afd5da9c0a8', '7b23b031-982f-4fdd-a1c0-a5198bea6186', 'fab046a4-73f1-485f-afd4-34551b8a11e4', '8ff8309a-6064-4d44-8fd9-c4bf0df37f01', 'e7b1db8a-a272-4fca-9533-7becf4cc2eca', 'e5a2e8e5-b919-4049-882c-66f420670cfc']"
353e48ec-4b4d-4484-8aa6-eec8fc96a049,0,"['1571ace0-69b0-4998-a0b4-e4811919198f', '1571ace0-69b0-4998-a0b4-e4811919198f', '1571ace0-69b0-4998-a0b4-e4811919198f', '1571ace0-69b0-4998-a0b4-e4811919198f', '1571ace0-69b0-4998-a0b4-e4811919198f', '1571ace0-69b0-4998-a0b4-e4811919198f', '1571ace0-69b0-4998-a0b4-e4811919198f', '1571ace0-69b0-4998-a0b4-e4811919198f', '1571ace0-69b0-4998-a0b4-e4811919198f', '1571ace0-69b0-4998-a0b4-e4811919198f', '1571ace0-69b0-4998-a0b4-e4811919198f', '1571ace0-69b0-4998-a0b4-e4811919198f', '1571ace0-69b0-4998-a0b4-e4811919198f', '1571ace0-69b0-4998-a0b4-e4811919198f', '1571ace0-69b0-4998-a0b4-e4811919198f', '1571ace0-69b0-4998-a0b4-e4811919198f', '1571ace0-69b0-4998-a0b4-e4811919198f', '1571ace0-69b0-4998-a0b4-e4811919198f', '1571ace0-69b0-4998-a0b4-e4811919198f', '1571ace0-69b0-4998-a0b4-e4811919198f', '1571ace0-69b0-4998-a0b4-e4811919198f', '1571ace0-69b0-4998-a0b4-e4811919198f', '1571ace0-69b0-4998-a0b4-e4811919198f', '1571ace0-69b0-4998-a0b4-e4811919198f', '1571ace0-69b0-4998-a0b4-e4811919198f', '1571ace0-69b0-4998-a0b4-e4811919198f', '1571ace0-69b0-4998-a0b4-e4811919198f', '1571ace0-69b0-4998-a0b4-e4811919198f', '1571ace0-69b0-4998-a0b4-e4811919198f', '1571ace0-69b0-4998-a0b4-e4811919198f', '1571ace0-69b0-4998-a0b4-e4811919198f', '1571ace0-69b0-4998-a0b4-e4811919198f', '1571ace0-69b0-4998-a0b4-e4811919198f', '1571ace0-69b0-4998-a0b4-e4811919198f', '1571ace0-69b0-4998-a0b4-e4811919198f', '1571ace0-69b0-4998-a0b4-e4811919198f', '1571ace0-69b0-4998-a0b4-e4811919198f', '1571ace0-69b0-4998-a0b4-e4811919198f', '1571ace0-69b0-4998-a0b4-e4811919198f', '1571ace0-69b0-4998-a0b4-e4811919198f', '1571ace0-69b0-4998-a0b4-e4811919198f', '1571ace0-69b0-4998-a0b4-e4811919198f', '1571ace0-69b0-4998-a0b4-e4811919198f', '1571ace0-69b0-4998-a0b4-e4811919198f', '1571ace0-69b0-4998-a0b4-e4811919198f', '1571ace0-69b0-4998-a0b4-e4811919198f', '1571ace0-69b0-4998-a0b4-e4811919198f', '1571ace0-69b0-4998-a0b4-e4811919198f', '1571ace0-69b0-4998-a0b4-e4811919198f', '1571ace0-69b0-4998-a0b4-e4811919198f']"
0d0ae891-4c1b-4c29-a969-8668260b34f8,13,"['769e6a30-fb28-4418-a30c-c3c0cf698cbe', '769e6a30-fb28-4418-a30c-c3c0cf698cbe', '769e6a30-fb28-4418-a30c-c3c0cf698cbe', '769e6a30-fb28-4418-a30c-c3c0cf698cbe', '769e6a30-fb28-4418-a30c-c3c0cf698cbe', '769e6a30-fb28-4418-a30c-c3c0cf698cbe', '769e6a30-fb28-4418-a30c-c3c0cf698cbe', '769e6a30-fb28-4418-a30c-c3c0cf698cbe', '769e6a30-fb28-4418-a30c-c3c0cf698cbe', '769e6a30-fb28-4418-a30c-c3c0cf698cbe', '769e6a30-fb28-4418-a30c-c3c0cf698cbe', '769e6a30-fb28-4418-a30c-c3c0cf698cbe', '769e6a30-fb28-4418-a30c-c3c0cf698cbe', '769e6a30-fb28-4418-a30c-c3c0cf698cbe', '769e6a30-fb28-4418-a30c-c3c0cf698cbe', '769e6a30-fb28-4418-a30c-c3c0cf698cbe', '769e6a30-fb28-4418-a30c-c3c0cf698cbe', '769e6a30-fb28-4418-a30c-c3c0cf698cbe', '769e6a30-fb28-4418-a30c-c3c0cf698cbe', '769e6a30-fb28-4418-a30c-c3c0cf698cbe', '769e6a30-fb28-4418-a30c-c3c0cf698cbe', '769e6a30-fb28-4418-a30c-c3c0cf698cbe', '769e6a30-fb28-4418-a30c-c3c0cf698cbe', '769e6a30-fb28-4418-a30c-c3c0cf698cbe', '769e6a30-fb28-4418-a30c-c3c0cf698cbe', '769e6a30-fb28-4418-a30c-c3c0cf698cbe', '769e6a30-fb28-4418-a30c-c3c0cf698cbe', '36dc556d-6d1c-4c11-8014-0670c3523bdc', 'aa328d86-87cb-49f8-9ebb-5461b4ffc643', 'a45f2512-706c-4064-95a4-9c472ffc07dc', 'd993f52f-4786-40c7-9b1f-bef6fa82f397', '0b34d0aa-fd13-4fae-a51f-f7ea2e7984ad', '300cb210-d449-4d40-84b0-328a6edd233e', '78759386-8990-469f-8c78-23a3a4a540e8', 'f00cef7f-7330-4565-b955-f41811a05503', '55f14902-6e4e-4763-a74d-dc896a9afd1c', '31cd571e-6f99-4850-bad6-8281d47c3280', '8c82d447-177c-4e73-84a6-ab99a80c336c', '7d84c8a9-eeba-46c6-a6e6-68c1cbf58a90', '5c918b7a-afab-4d36-9f0a-741942e1d744', 'a514183b-c7d2-4964-bfe0-e14c77f300ef', '9fe09f7f-b392-413d-8e83-ed63a1e23532', '9db08fff-44a4-44ce-8e17-43206074d8b3', 'feb375e2-74af-4862-b8e3-a6b55dd563ce', '04f09361-6329-4a9c-8dbc-484d57589cdb', 'a76e076b-7deb-42be-95be-cf0f6ac3251b', '6d752e00-71cc-4a2f-ba04-f060c6ff751a', 'bf7573d8-5e50-4d30-8e11-efceb292f72e', '6bc78741-0b58-450f-860f-dea9d7345d1d', 'a565b015-9ca7-4448-ba57-1ac6a38da7e8']"
353e48ec-4b4d-4484-8aa6-eec8fc96a049,1,"['1571ace0-69b0-4998-a0b4-e4811919198f', '1571ace0-69b0-4998-a0b4-e4811919198f', '1571ace0-69b0-4998-a0b4-e4811919198f', '1571ace0-69b0-4998-a0b4-e4811919198f', '1571ace0-69b0-4998-a0b4-e4811919198f', '1571ace0-69b0-4998-a0b4-e4811919198f', '1571ace0-69b0-4998-a0b4-e4811919198f', '1571ace0-69b0-4998-a0b4-e4811919198f', '1571ace0-69b0-4998-a0b4-e4811919198f', '1571ace0-69b0-4998-a0b4-e4811919198f', '1571ace0-69b0-4998-a0b4-e4811919198f', '1571ace0-69b0-4998-a0b4-e4811919198f', '1571ace0-69b0-4998-a0b4-e4811919198f', '1571ace0-69b0-4998-a0b4-e4811919198f', '1571ace0-69b0-4998-a0b4-e4811919198f', '1571ace0-69b0-4998-a0b4-e4811919198f', '1571ace0-69b0-4998-a0b4-e4811919198f', '1571ace0-69b0-4998-a0b4-e4811919198f', '1571ace0-69b0-4998-a0b4-e4811919198f', '1571ace0-69b0-4998-a0b4-e4811919198f', '1571ace0-69b0-4998-a0b4-e4811919198f', '1571ace0-69b0-4998-a0b4-e4811919198f', '1571ace0-69b0-4998-a0b4-e4811919198f', '1571ace0-69b0-4998-a0b4-e4811919198f', '1571ace0-69b0-4998-a0b4-e4811919198f', '1571ace0-69b0-4998-a0b4-e4811919198f', '1571ace0-69b0-4998-a0b4-e4811919198f', '1571ace0-69b0-4998-a0b4-e4811919198f', '1571ace0-69b0-4998-a0b4-e4811919198f', '1571ace0-69b0-4998-a0b4-e4811919198f', '1571ace0-69b0-4998-a0b4-e4811919198f', '1571ace0-69b0-4998-a0b4-e4811919198f', '1571ace0-69b0-4998-a0b4-e4811919198f', '1571ace0-69b0-4998-a0b4-e4811919198f', '1571ace0-69b0-4998-a0b4-e4811919198f', '1571ace0-69b0-4998-a0b4-e4811919198f', '1571ace0-69b0-4998-a0b4-e4811919198f', '1571ace0-69b0-4998-a0b4-e4811919198f', '1571ace0-69b0-4998-a0b4-e4811919198f', '1571ace0-69b0-4998-a0b4-e4811919198f', '4223a01c-0441-46d6-b484-3581730da470', '232c9eac-ff76-44bc-ae42-19affe85efbe', '2f1d800c-d5e6-45dd-b2e5-67237fa6d946', 'c33c885d-2cfa-4588-b0fd-470d285a6ef9', '5cf802c6-e255-49a2-ad05-daeffd9a5043', '29f3e660-21b8-4d46-a821-9621c4f70c79', 'c07fe1e7-1ef5-4116-9a8c-4bcac8261455', 'e54ec14a-16b4-4138-a59f-964e557d4b1f', 'b57ca92b-bced-4c61-8b68-6dc33f98312b', 'eea8bcd5-50a9-40b0-b472-883a535e20ed']"
0d0ae891-4c1b-4c29-a969-8668260b34f8,14,"['769e6a30-fb28-4418-a30c-c3c0cf698cbe', '769e6a30-fb28-4418-a30c-c3c0cf698cbe', '769e6a30-fb28-4418-a30c-c3c0cf698cbe', '769e6a30-fb28-4418-a30c-c3c0cf698cbe', '769e6a30-fb28-4418-a30c-c3c0cf698cbe', '769e6a30-fb28-4418-a30c-c3c0cf698cbe', '769e6a30-fb28-4418-a30c-c3c0cf698cbe', '769e6a30-fb28-4418-a30c-c3c0cf698cbe', '769e6a30-fb28-4418-a30c-c3c0cf698cbe', '769e6a30-fb28-4418-a30c-c3c0cf698cbe', '769e6a30-fb28-4418-a30c-c3c0cf698cbe', '769e6a30-fb28-4418-a30c-c3c0cf698cbe', '769e6a30-fb28-4418-a30c-c3c0cf698cbe', '769e6a30-fb28-4418-a30c-c3c0cf698cbe', '769e6a30-fb28-4418-a30c-c3c0cf698cbe', '769e6a30-fb28-4418-a30c-c3c0cf698cbe', '769e6a30-fb28-4418-a30c-c3c0cf698cbe', '769e6a30-fb28-4418-a30c-c3c0cf698cbe', '769e6a30-fb28-4418-a30c-c3c0cf698cbe', '769e6a30-fb28-4418-a30c-c3c0cf698cbe', '769e6a30-fb28-4418-a30c-c3c0cf698cbe', '769e6a30-fb28-4418-a30c-c3c0cf698cbe', '769e6a30-fb28-4418-a30c-c3c0cf698cbe', '36dc556d-6d1c-4c11-8014-0670c3523bdc', 'aa328d86-87cb-49f8-9ebb-5461b4ffc643', 'd993f52f-4786-40c7-9b1f-bef6fa82f397', '0b34d0aa-fd13-4fae-a51f-f7ea2e7984ad', '78759386-8990-469f-8c78-23a3a4a540e8', 'f00cef7f-7330-4565-b955-f41811a05503', '55f14902-6e4e-4763-a74d-dc896a9afd1c', '31cd571e-6f99-4850-bad6-8281d47c3280', '8c82d447-177c-4e73-84a6-ab99a80c336c', '7d84c8a9-eeba-46c6-a6e6-68c1cbf58a90', '5c918b7a-afab-4d36-9f0a-741942e1d744', 'a514183b-c7d2-4964-bfe0-e14c77f300ef', '9fe09f7f-b392-413d-8e83-ed63a1e23532', 'feb375e2-74af-4862-b8e3-a6b55dd563ce', '04f09361-6329-4a9c-8dbc-484d57589cdb', 'a76e076b-7deb-42be-95be-cf0f6ac3251b', '6d752e00-71cc-4a2f-ba04-f060c6ff751a', 'bf7573d8-5e50-4d30-8e11-efceb292f72e', 'a565b015-9ca7-4448-ba57-1ac6a38da7e8', '8bff4005-a0c6-47a1-bf4c-836ce1d2ddf4', '67b3284b-bbbc-4863-b07f-5cea31108d95', '1ccd53ea-6423-49fb-ac7e-6476d6f378fe', 'b20b4bee-258b-4610-af58-61bc75b43714', 'a936c962-16f4-42c8-9c82-7ad765aa2292', '42800359-9c5d-42b1-b416-caee1ce328ca', 'e08881c7-8237-42ec-8d61-cee32a7122a8', '1ad7b646-4240-4998-aa63-7ae0f2cf049a']"
68d62940-25a7-4145-a1eb-ed7f7bb2afea,11,"['2f6f2880-91dd-425a-b1e3-51be0ebd5cd0', 'f721f094-0d18-46f2-b5f4-52d6755230b8', 'f721f094-0d18-46f2-b5f4-52d6755230b8', 'f721f094-0d18-46f2-b5f4-52d6755230b8', 'f721f094-0d18-46f2-b5f4-52d6755230b8', 'f721f094-0d18-46f2-b5f4-52d6755230b8', 'f721f094-0d18-46f2-b5f4-52d6755230b8', 'f721f094-0d18-46f2-b5f4-52d6755230b8', 'f721f094-0d18-46f2-b5f4-52d6755230b8', 'f721f094-0d18-46f2-b5f4-52d6755230b8', 'f721f094-0d18-46f2-b5f4-52d6755230b8', 'f721f094-0d18-46f2-b5f4-52d6755230b8', 'f721f094-0d18-46f2-b5f4-52d6755230b8', 'f721f094-0d18-46f2-b5f4-52d6755230b8', 'f721f094-0d18-46f2-b5f4-52d6755230b8', 'f721f094-0d18-46f2-b5f4-52d6755230b8', 'f721f094-0d18-46f2-b5f4-52d6755230b8', 'f721f094-0d18-46f2-b5f4-52d6755230b8', 'f721f094-0d18-46f2-b5f4-52d6755230b8', 'f721f094-0d18-46f2-b5f4-52d6755230b8', 'f721f094-0d18-46f2-b5f4-52d6755230b8', 'f721f094-0d18-46f2-b5f4-52d6755230b8', 'f721f094-0d18-46f2-b5f4-52d6755230b8', 'f721f094-0d18-46f2-b5f4-52d6755230b8', 'f721f094-0d18-46f2-b5f4-52d6755230b8', 'f721f094-0d18-46f2-b5f4-52d6755230b8', 'f721f094-0d18-46f2-b5f4-52d6755230b8', 'f721f094-0d18-46f2-b5f4-52d6755230b8', 'f721f094-0d18-46f2-b5f4-52d6755230b8', 'f721f094-0d18-46f2-b5f4-52d6755230b8', 'f721f094-0d18-46f2-b5f4-52d6755230b8', 'f721f094-0d18-46f2-b5f4-52d6755230b8', 'f721f094-0d18-46f2-b5f4-52d6755230b8', 'f721f094-0d18-46f2-b5f4-52d6755230b8', 'f721f094-0d18-46f2-b5f4-52d6755230b8', 'f721f094-0d18-46f2-b5f4-52d6755230b8', 'f721f094-0d18-46f2-b5f4-52d6755230b8', 'f721f094-0d18-46f2-b5f4-52d6755230b8', '74b37792-5fd3-4835-9f1a-1e98d85542c5', '8cfc45ba-e8be-479d-88ce-5dd3a658427b', '5e0a2d93-194a-4161-9170-8e59dcd186ad', '1457dc3b-75ec-4e5d-b7b5-4d197fc40817', 'b91fd743-cb08-49ee-a2a9-e12502e066bb', '4a91e0d2-8aa7-4296-a04d-23ede21a5eaf', '493b0674-aa01-4f3a-af96-6b8a2c335b2c', '0badc740-9041-4ed4-a42c-a27d58fe6400', '0fe9915d-8e09-46ad-a574-508020f90c81', 'ad42c222-324d-4bdb-85a3-9288352bddd6', 'c48e8154-af7c-4b70-9b3b-62242436c908', '1cb6fff7-11d2-4219-b345-30c94ac875bd']"
ed2cba74-42b1-4ff0-9c93-5691edd92b41,3,"['32d7f1a4-3c2b-4fb3-9cc7-05c608f362a5', '32d7f1a4-3c2b-4fb3-9cc7-05c608f362a5', '32d7f1a4-3c2b-4fb3-9cc7-05c608f362a5', '32d7f1a4-3c2b-4fb3-9cc7-05c608f362a5', '32d7f1a4-3c2b-4fb3-9cc7-05c608f362a5', '32d7f1a4-3c2b-4fb3-9cc7-05c608f362a5', '32d7f1a4-3c2b-4fb3-9cc7-05c608f362a5', '32d7f1a4-3c2b-4fb3-9cc7-05c608f362a5', '32d7f1a4-3c2b-4fb3-9cc7-05c608f362a5', '32d7f1a4-3c2b-4fb3-9cc7-05c608f362a5', '32d7f1a4-3c2b-4fb3-9cc7-05c608f362a5', '32d7f1a4-3c2b-4fb3-9cc7-05c608f362a5', '32d7f1a4-3c2b-4fb3-9cc7-05c608f362a5', '32d7f1a4-3c2b-4fb3-9cc7-05c608f362a5', '32d7f1a4-3c2b-4fb3-9cc7-05c608f362a5', '32d7f1a4-3c2b-4fb3-9cc7-05c608f362a5', '32d7f1a4-3c2b-4fb3-9cc7-05c608f362a5', '32d7f1a4-3c2b-4fb3-9cc7-05c608f362a5', '32d7f1a4-3c2b-4fb3-9cc7-05c608f362a5', '32d7f1a4-3c2b-4fb3-9cc7-05c608f362a5', '32d7f1a4-3c2b-4fb3-9cc7-05c608f362a5', '32d7f1a4-3c2b-4fb3-9cc7-05c608f362a5', '32d7f1a4-3c2b-4fb3-9cc7-05c608f362a5', '32d7f1a4-3c2b-4fb3-9cc7-05c608f362a5', '9511e0ab-4415-4582-8370-28fa5f938f45', '2fb3ce23-3f66-4ae5-b157-a0b98f114e10', '6a0d67ec-d336-4be0-9185-d4c0815861f7', '865d00cc-b737-4157-a894-382236b6a87a', '2992a19a-0322-496c-94c8-4913c90963ba', '7ce52ee7-d174-4d29-9fed-8afd5da9c0a8', '7b23b031-982f-4fdd-a1c0-a5198bea6186', 'fab046a4-73f1-485f-afd4-34551b8a11e4', '8ff8309a-6064-4d44-8fd9-c4bf0df37f01', 'e7b1db8a-a272-4fca-9533-7becf4cc2eca', '9d485b6f-2dc4-422a-bf38-55285952a48e', 'aa769190-af6b-4352-af3b-b3d99b7dbed7', '65800023-1489-4161-82b2-b55e424c2da0', '09a880b5-c24d-46dd-90df-7431800efdd6', '5e526e25-d27f-4049-a1bd-dd44f81d5266', 'a73cd512-c70e-4086-8ec2-9402d48a49d4', '5ec366f6-4941-4888-a9a2-30337a1000bc', '5a370aaa-9932-4a55-abe6-6e7bb421943c', '829c92ee-f455-42dc-aebe-53157399243c', '9e98ca9c-9804-4839-b158-ba66ee190d1c', 'fabcaf7c-4f90-4e86-bddf-336bf708e1cc', '66e13e32-197d-43f0-a8c9-c91d7fc7da5d', 'c06c25f3-ac48-4800-a38d-e7e000a392ff', '19eca184-b530-44fc-a452-7be6d0121eb2', 'bdc12f77-076b-4051-90bd-89b4b5d225f5', '08019116-c236-4576-bc93-114275836b18']"
353e48ec-4b4d-4484-8aa6-eec8fc96a049,2,"['1571ace0-69b0-4998-a0b4-e4811919198f', '1571ace0-69b0-4998-a0b4-e4811919198f', '1571ace0-69b0-4998-a0b4-e4811919198f', '1571ace0-69b0-4998-a0b4-e4811919198f', '1571ace0-69b0-4998-a0b4-e4811919198f', '1571ace0-69b0-4998-a0b4-e4811919198f', '1571ace0-69b0-4998-a0b4-e4811919198f', '1571ace0-69b0-4998-a0b4-e4811919198f', '1571ace0-69b0-4998-a0b4-e4811919198f', '1571ace0-69b0-4998-a0b4-e4811919198f', '1571ace0-69b0-4998-a0b4-e4811919198f', '1571ace0-69b0-4998-a0b4-e4811919198f', '1571ace0-69b0-4998-a0b4-e4811919198f', '1571ace0-69b0-4998-a0b4-e4811919198f', '1571ace0-69b0-4998-a0b4-e4811919198f', '1571ace0-69b0-4998-a0b4-e4811919198f', '1571ace0-69b0-4998-a0b4-e4811919198f', '1571ace0-69b0-4998-a0b4-e4811919198f', '1571ace0-69b0-4998-a0b4-e4811919198f', '1571ace0-69b0-4998-a0b4-e4811919198f', '1571ace0-69b0-4998-a0b4-e4811919198f', '1571ace0-69b0-4998-a0b4-e4811919198f', '1571ace0-69b0-4998-a0b4-e4811919198f', '1571ace0-69b0-4998-a0b4-e4811919198f', '1571ace0-69b0-4998-a0b4-e4811919198f', '1571ace0-69b0-4998-a0b4-e4811919198f', '1571ace0-69b0-4998-a0b4-e4811919198f', '1571ace0-69b0-4998-a0b4-e4811919198f', '1571ace0-69b0-4998-a0b4-e4811919198f', '1571ace0-69b0-4998-a0b4-e4811919198f', '1571ace0-69b0-4998-a0b4-e4811919198f', '1571ace0-69b0-4998-a0b4-e4811919198f', '1571ace0-69b0-4998-a0b4-e4811919198f', '1571ace0-69b0-4998-a0b4-e4811919198f', '1571ace0-69b0-4998-a0b4-e4811919198f', '4223a01c-0441-46d6-b484-3581730da470', '232c9eac-ff76-44bc-ae42-19affe85efbe', '2f1d800c-d5e6-45dd-b2e5-67237fa6d946', 'c33c885d-2cfa-4588-b0fd-470d285a6ef9', '5cf802c6-e255-49a2-ad05-daeffd9a5043', '29f3e660-21b8-4d46-a821-9621c4f70c79', 'c07fe1e7-1ef5-4116-9a8c-4bcac8261455', 'e54ec14a-16b4-4138-a59f-964e557d4b1f', 'b57ca92b-bced-4c61-8b68-6dc33f98312b', 'eea8bcd5-50a9-40b0-b472-883a535e20ed', '619f1704-da97-4bf7-82d6-bcf034432b71', 'ac245ba3-debf-4c09-9276-818f3011a715', '2bb37a8e-f786-4a76-afd2-7a9cdd2ff7ba', '4e283cac-e6ab-4c9a-8d29-2ef8880d7841', 'c6eb6c16-09e8-45d4-8e3b-74bf6000fd1f']"
68d62940-25a7-4145-a1eb-ed7f7bb2afea,12,"['2f6f2880-91dd-425a-b1e3-51be0ebd5cd0', 'f721f094-0d18-46f2-b5f4-52d6755230b8', 'f721f094-0d18-46f2-b5f4-52d6755230b8', 'f721f094-0d18-46f2-b5f4-52d6755230b8', 'f721f094-0d18-46f2-b5f4-52d6755230b8', 'f721f094-0d18-46f2-b5f4-52d6755230b8', 'f721f094-0d18-46f2-b5f4-52d6755230b8', 'f721f094-0d18-46f2-b5f4-52d6755230b8', 'f721f094-0d18-46f2-b5f4-52d6755230b8', 'f721f094-0d18-46f2-b5f4-52d6755230b8', 'f721f094-0d18-46f2-b5f4-52d6755230b8', 'f721f094-0d18-46f2-b5f4-52d6755230b8', 'f721f094-0d18-46f2-b5f4-52d6755230b8', 'f721f094-0d18-46f2-b5f4-52d6755230b8', 'f721f094-0d18-46f2-b5f4-52d6755230b8', 'f721f094-0d18-46f2-b5f4-52d6755230b8', 'f721f094-0d18-46f2-b5f4-52d6755230b8', 'f721f094-0d18-46f2-b5f4-52d6755230b8', 'f721f094-0d18-46f2-b5f4-52d6755230b8', 'f721f094-0d18-46f2-b5f4-52d6755230b8', 'f721f094-0d18-46f2-b5f4-52d6755230b8', 'f721f094-0d18-46f2-b5f4-52d6755230b8', 'f721f094-0d18-46f2-b5f4-52d6755230b8', 'f721f094-0d18-46f2-b5f4-52d6755230b8', 'f721f094-0d18-46f2-b5f4-52d6755230b8', 'f721f094-0d18-46f2-b5f4-52d6755230b8', 'f721f094-0d18-46f2-b5f4-52d6755230b8', 'f721f094-0d18-46f2-b5f4-52d6755230b8', 'f721f094-0d18-46f2-b5f4-52d6755230b8', 'f721f094-0d18-46f2-b5f4-52d6755230b8', 'f721f094-0d18-46f2-b5f4-52d6755230b8', '74b37792-5fd3-4835-9f1a-1e98d85542c5', '8cfc45ba-e8be-479d-88ce-5dd3a658427b', '5e0a2d93-194a-4161-9170-8e59dcd186ad', '1457dc3b-75ec-4e5d-b7b5-4d197fc40817', 'b91fd743-cb08-49ee-a2a9-e12502e066bb', '4a91e0d2-8aa7-4296-a04d-23ede21a5eaf', '493b0674-aa01-4f3a-af96-6b8a2c335b2c', '0fe9915d-8e09-46ad-a574-508020f90c81', 'ad42c222-324d-4bdb-85a3-9288352bddd6', 'c48e8154-af7c-4b70-9b3b-62242436c908', '1cb6fff7-11d2-4219-b345-30c94ac875bd', '33aeaa17-a005-43b2-8dfc-de848c969f9a', 'eed24473-1a0c-4f55-b55e-935dd1307d44', 'ce1c20e7-4980-4d8b-ad12-78f6549d95ad', 'c90310da-1ff7-4448-8d88-000949c8fba7', 'e5fb215f-d5d5-4c66-95b3-c493c525ec4d', '62c774da-aaef-4f3f-afec-85457b9ced88', 'f99437f5-6b95-4101-b754-507fea66e29c', '5038ceb6-39bc-4eb3-b5cc-511a7aec8447']"
0d0ae891-4c1b-4c29-a969-8668260b34f8,15,"['1ad7b646-4240-4998-aa63-7ae0f2cf049a', '1ad7b646-4240-4998-aa63-7ae0f2cf049a', '1ad7b646-4240-4998-aa63-7ae0f2cf049a', '1ad7b646-4240-4998-aa63-7ae0f2cf049a', '1ad7b646-4240-4998-aa63-7ae0f2cf049a', '1ad7b646-4240-4998-aa63-7ae0f2cf049a', '1ad7b646-4240-4998-aa63-7ae0f2cf049a', '1ad7b646-4240-4998-aa63-7ae0f2cf049a', '1ad7b646-4240-4998-aa63-7ae0f2cf049a', '1ad7b646-4240-4998-aa63-7ae0f2cf049a', '1ad7b646-4240-4998-aa63-7ae0f2cf049a', '1ad7b646-4240-4998-aa63-7ae0f2cf049a', '1ad7b646-4240-4998-aa63-7ae0f2cf049a', '1ad7b646-4240-4998-aa63-7ae0f2cf049a', '1ad7b646-4240-4998-aa63-7ae0f2cf049a', '1ad7b646-4240-4998-aa63-7ae0f2cf049a', '1ad7b646-4240-4998-aa63-7ae0f2cf049a', '1ad7b646-4240-4998-aa63-7ae0f2cf049a', '1ad7b646-4240-4998-aa63-7ae0f2cf049a', '1ad7b646-4240-4998-aa63-7ae0f2cf049a', '1ad7b646-4240-4998-aa63-7ae0f2cf049a', '1ad7b646-4240-4998-aa63-7ae0f2cf049a', '1ad7b646-4240-4998-aa63-7ae0f2cf049a', '1ad7b646-4240-4998-aa63-7ae0f2cf049a', '1ad7b646-4240-4998-aa63-7ae0f2cf049a', '1ad7b646-4240-4998-aa63-7ae0f2cf049a', '1ad7b646-4240-4998-aa63-7ae0f2cf049a', '1ad7b646-4240-4998-aa63-7ae0f2cf049a', '1ad7b646-4240-4998-aa63-7ae0f2cf049a', '1ad7b646-4240-4998-aa63-7ae0f2cf049a', '1ad7b646-4240-4998-aa63-7ae0f2cf049a', '1ad7b646-4240-4998-aa63-7ae0f2cf049a', '1ad7b646-4240-4998-aa63-7ae0f2cf049a', '1ad7b646-4240-4998-aa63-7ae0f2cf049a', '1ad7b646-4240-4998-aa63-7ae0f2cf049a', '1ad7b646-4240-4998-aa63-7ae0f2cf049a', '1ad7b646-4240-4998-aa63-7ae0f2cf049a', 'b48cfef4-3b96-4479-97bb-e4c16e907ad9', '388febeb-5a18-4b72-8d85-7c2eb2bc6eeb', '6f3d8699-1380-4e91-84b3-0ddbfbf47372', '2f21b046-db98-4e15-a2ed-d0f88387423c', '10c8775f-1dc9-4934-bbc7-f86e4f267b7c', '388d67e4-d64c-4e73-8f66-4b6ec7a7cfc0', 'b1533aa8-32dc-4843-a7df-791f2795ec8c', 'a7a2c819-dfea-475b-9813-011ab61bf973', 'fecb2e10-17dc-4827-9309-a960fcd86d0c', '16153893-bc1a-4838-b507-bcb4eb3976fc', '5ccefec6-6f70-435c-8ed1-03da406c7d3e', 'ab000ad8-ca0c-4943-800a-9bba9fd1abdc', 'dfe92ba4-7712-429a-bef4-36f7375dd072']"
353e48ec-4b4d-4484-8aa6-eec8fc96a049,3,"['1571ace0-69b0-4998-a0b4-e4811919198f', '1571ace0-69b0-4998-a0b4-e4811919198f', '1571ace0-69b0-4998-a0b4-e4811919198f', '1571ace0-69b0-4998-a0b4-e4811919198f', '1571ace0-69b0-4998-a0b4-e4811919198f', '1571ace0-69b0-4998-a0b4-e4811919198f', '1571ace0-69b0-4998-a0b4-e4811919198f', '1571ace0-69b0-4998-a0b4-e4811919198f', '1571ace0-69b0-4998-a0b4-e4811919198f', '1571ace0-69b0-4998-a0b4-e4811919198f', '1571ace0-69b0-4998-a0b4-e4811919198f', '1571ace0-69b0-4998-a0b4-e4811919198f', '1571ace0-69b0-4998-a0b4-e4811919198f', '1571ace0-69b0-4998-a0b4-e4811919198f', '1571ace0-69b0-4998-a0b4-e4811919198f', '1571ace0-69b0-4998-a0b4-e4811919198f', '1571ace0-69b0-4998-a0b4-e4811919198f', '1571ace0-69b0-4998-a0b4-e4811919198f', '1571ace0-69b0-4998-a0b4-e4811919198f', '1571ace0-69b0-4998-a0b4-e4811919198f', '1571ace0-69b0-4998-a0b4-e4811919198f', '1571ace0-69b0-4998-a0b4-e4811919198f', '1571ace0-69b0-4998-a0b4-e4811919198f', '1571ace0-69b0-4998-a0b4-e4811919198f', '1571ace0-69b0-4998-a0b4-e4811919198f', '1571ace0-69b0-4998-a0b4-e4811919198f', '1571ace0-69b0-4998-a0b4-e4811919198f', '1571ace0-69b0-4998-a0b4-e4811919198f', '1571ace0-69b0-4998-a0b4-e4811919198f', '1571ace0-69b0-4998-a0b4-e4811919198f', '4223a01c-0441-46d6-b484-3581730da470', 'c33c885d-2cfa-4588-b0fd-470d285a6ef9', '5cf802c6-e255-49a2-ad05-daeffd9a5043', '29f3e660-21b8-4d46-a821-9621c4f70c79', 'c07fe1e7-1ef5-4116-9a8c-4bcac8261455', 'e54ec14a-16b4-4138-a59f-964e557d4b1f', 'b57ca92b-bced-4c61-8b68-6dc33f98312b', 'eea8bcd5-50a9-40b0-b472-883a535e20ed', '619f1704-da97-4bf7-82d6-bcf034432b71', '2bb37a8e-f786-4a76-afd2-7a9cdd2ff7ba', '4e283cac-e6ab-4c9a-8d29-2ef8880d7841', 'c6eb6c16-09e8-45d4-8e3b-74bf6000fd1f', 'f0bb2984-73b4-4bf3-bfe4-ec655c8c614c', '39eadae6-f178-4650-a2ab-25c7f828bb59', '6436a8d3-2b99-4875-87be-8b1448088e7f', '4c0cc2d7-6003-4ad3-8d2f-c4b66bead149', 'b23e9243-944f-4f8e-8744-994177a914b3', '1b56cba8-6bfa-4e38-9dc1-9dee8f3a9b12', '0dfdf09f-5794-4340-aceb-035b1e09a490', 'dd882a11-7205-4be3-94b1-b0bcc38bdb45']"
ed2cba74-42b1-4ff0-9c93-5691edd92b41,4,"['32d7f1a4-3c2b-4fb3-9cc7-05c608f362a5', '32d7f1a4-3c2b-4fb3-9cc7-05c608f362a5', '32d7f1a4-3c2b-4fb3-9cc7-05c608f362a5', '32d7f1a4-3c2b-4fb3-9cc7-05c608f362a5', '32d7f1a4-3c2b-4fb3-9cc7-05c608f362a5', '32d7f1a4-3c2b-4fb3-9cc7-05c608f362a5', '32d7f1a4-3c2b-4fb3-9cc7-05c608f362a5', '32d7f1a4-3c2b-4fb3-9cc7-05c608f362a5', '32d7f1a4-3c2b-4fb3-9cc7-05c608f362a5', '32d7f1a4-3c2b-4fb3-9cc7-05c608f362a5', '32d7f1a4-3c2b-4fb3-9cc7-05c608f362a5', '32d7f1a4-3c2b-4fb3-9cc7-05c608f362a5', '32d7f1a4-3c2b-4fb3-9cc7-05c608f362a5', '32d7f1a4-3c2b-4fb3-9cc7-05c608f362a5', '32d7f1a4-3c2b-4fb3-9cc7-05c608f362a5', '32d7f1a4-3c2b-4fb3-9cc7-05c608f362a5', '32d7f1a4-3c2b-4fb3-9cc7-05c608f362a5', '32d7f1a4-3c2b-4fb3-9cc7-05c608f362a5', '32d7f1a4-3c2b-4fb3-9cc7-05c608f362a5', '32d7f1a4-3c2b-4fb3-9cc7-05c608f362a5', '32d7f1a4-3c2b-4fb3-9cc7-05c608f362a5', '32d7f1a4-3c2b-4fb3-9cc7-05c608f362a5', '32d7f1a4-3c2b-4fb3-9cc7-05c608f362a5', '32d7f1a4-3c2b-4fb3-9cc7-05c608f362a5', '32d7f1a4-3c2b-4fb3-9cc7-05c608f362a5', '32d7f1a4-3c2b-4fb3-9cc7-05c608f362a5', '32d7f1a4-3c2b-4fb3-9cc7-05c608f362a5', '32d7f1a4-3c2b-4fb3-9cc7-05c608f362a5', '32d7f1a4-3c2b-4fb3-9cc7-05c608f362a5', '32d7f1a4-3c2b-4fb3-9cc7-05c608f362a5', '32d7f1a4-3c2b-4fb3-9cc7-05c608f362a5', '32d7f1a4-3c2b-4fb3-9cc7-05c608f362a5', '32d7f1a4-3c2b-4fb3-9cc7-05c608f362a5', '32d7f1a4-3c2b-4fb3-9cc7-05c608f362a5', '32d7f1a4-3c2b-4fb3-9cc7-05c608f362a5', '32d7f1a4-3c2b-4fb3-9cc7-05c608f362a5', '32d7f1a4-3c2b-4fb3-9cc7-05c608f362a5', '32d7f1a4-3c2b-4fb3-9cc7-05c608f362a5', '32d7f1a4-3c2b-4fb3-9cc7-05c608f362a5', '32d7f1a4-3c2b-4fb3-9cc7-05c608f362a5', '2fa5b8cf-087c-4b6c-bcca-ff53d9419f94', 'b4ae70eb-a9e9-4bf0-b829-2bd2337e0dd7', 'a628cbd9-7ca7-4575-a8ac-936e29dfd68a', '8f01b78f-fbb3-415a-b955-2ab03e543054', '20870e09-afc8-479f-b162-0388ccac7e87', '9ab9af9d-9189-43b3-8f02-bc9479afa63a', 'e8fdb732-c9cd-437f-967d-a9990601e10a', '006a5d2a-ccb1-4a1b-b8d9-cb1add0bd18c', '31c7e4a1-7c94-48f9-9b4b-07641783153e', 'a90df9ba-3f2d-4b7b-ae4b-0fe7a85453fb']"
353e48ec-4b4d-4484-8aa6-eec8fc96a049,4,"['1571ace0-69b0-4998-a0b4-e4811919198f', '1571ace0-69b0-4998-a0b4-e4811919198f', '1571ace0-69b0-4998-a0b4-e4811919198f', '1571ace0-69b0-4998-a0b4-e4811919198f', '1571ace0-69b0-4998-a0b4-e4811919198f', '1571ace0-69b0-4998-a0b4-e4811919198f', '1571ace0-69b0-4998-a0b4-e4811919198f', '1571ace0-69b0-4998-a0b4-e4811919198f', '1571ace0-69b0-4998-a0b4-e4811919198f', '1571ace0-69b0-4998-a0b4-e4811919198f', '1571ace0-69b0-4998-a0b4-e4811919198f', '1571ace0-69b0-4998-a0b4-e4811919198f', '1571ace0-69b0-4998-a0b4-e4811919198f', '1571ace0-69b0-4998-a0b4-e4811919198f', '1571ace0-69b0-4998-a0b4-e4811919198f', '1571ace0-69b0-4998-a0b4-e4811919198f', '1571ace0-69b0-4998-a0b4-e4811919198f', '1571ace0-69b0-4998-a0b4-e4811919198f', '1571ace0-69b0-4998-a0b4-e4811919198f', '1571ace0-69b0-4998-a0b4-e4811919198f', '1571ace0-69b0-4998-a0b4-e4811919198f', '1571ace0-69b0-4998-a0b4-e4811919198f', '1571ace0-69b0-4998-a0b4-e4811919198f', '1571ace0-69b0-4998-a0b4-e4811919198f', '1571ace0-69b0-4998-a0b4-e4811919198f', '4223a01c-0441-46d6-b484-3581730da470', 'c33c885d-2cfa-4588-b0fd-470d285a6ef9', '5cf802c6-e255-49a2-ad05-daeffd9a5043', '29f3e660-21b8-4d46-a821-9621c4f70c79', 'c07fe1e7-1ef5-4116-9a8c-4bcac8261455', 'e54ec14a-16b4-4138-a59f-964e557d4b1f', 'b57ca92b-bced-4c61-8b68-6dc33f98312b', '619f1704-da97-4bf7-82d6-bcf034432b71', '2bb37a8e-f786-4a76-afd2-7a9cdd2ff7ba', '4e283cac-e6ab-4c9a-8d29-2ef8880d7841', 'f0bb2984-73b4-4bf3-bfe4-ec655c8c614c', '39eadae6-f178-4650-a2ab-25c7f828bb59', '6436a8d3-2b99-4875-87be-8b1448088e7f', '4c0cc2d7-6003-4ad3-8d2f-c4b66bead149', 'b23e9243-944f-4f8e-8744-994177a914b3', '1b56cba8-6bfa-4e38-9dc1-9dee8f3a9b12', '0dfdf09f-5794-4340-aceb-035b1e09a490', 'dd882a11-7205-4be3-94b1-b0bcc38bdb45', '33e5db66-b811-4ab0-bf4f-6d2f53a44953', '2e5d578d-e72c-48b3-ba5e-1c3f84890aa3', 'b79303de-63fb-4bc4-893f-efab9c4ee3d5', 'ed8e6a53-b8db-4f95-b277-bb0e3e40bb8f', '9359ccd0-bbf2-4d70-b6a7-f098289ee5f3', '27ebd12d-f76a-4bc8-9d7e-0f48b38884ba', 'ef740d87-840a-44cf-bdec-8af3b42856ec']"
68d62940-25a7-4145-a1eb-ed7f7bb2afea,13,"['2f6f2880-91dd-425a-b1e3-51be0ebd5cd0', 'f721f094-0d18-46f2-b5f4-52d6755230b8', 'f721f094-0d18-46f2-b5f4-52d6755230b8', 'f721f094-0d18-46f2-b5f4-52d6755230b8', 'f721f094-0d18-46f2-b5f4-52d6755230b8', 'f721f094-0d18-46f2-b5f4-52d6755230b8', 'f721f094-0d18-46f2-b5f4-52d6755230b8', 'f721f094-0d18-46f2-b5f4-52d6755230b8', 'f721f094-0d18-46f2-b5f4-52d6755230b8', 'f721f094-0d18-46f2-b5f4-52d6755230b8', 'f721f094-0d18-46f2-b5f4-52d6755230b8', 'f721f094-0d18-46f2-b5f4-52d6755230b8', 'f721f094-0d18-46f2-b5f4-52d6755230b8', 'f721f094-0d18-46f2-b5f4-52d6755230b8', 'f721f094-0d18-46f2-b5f4-52d6755230b8', 'f721f094-0d18-46f2-b5f4-52d6755230b8', 'f721f094-0d18-46f2-b5f4-52d6755230b8', 'f721f094-0d18-46f2-b5f4-52d6755230b8', 'f721f094-0d18-46f2-b5f4-52d6755230b8', 'f721f094-0d18-46f2-b5f4-52d6755230b8', 'f721f094-0d18-46f2-b5f4-52d6755230b8', 'f721f094-0d18-46f2-b5f4-52d6755230b8', '74b37792-5fd3-4835-9f1a-1e98d85542c5', '5e0a2d93-194a-4161-9170-8e59dcd186ad', '4a91e0d2-8aa7-4296-a04d-23ede21a5eaf', '493b0674-aa01-4f3a-af96-6b8a2c335b2c', '0fe9915d-8e09-46ad-a574-508020f90c81', 'ad42c222-324d-4bdb-85a3-9288352bddd6', 'c48e8154-af7c-4b70-9b3b-62242436c908', '1cb6fff7-11d2-4219-b345-30c94ac875bd', '33aeaa17-a005-43b2-8dfc-de848c969f9a', 'eed24473-1a0c-4f55-b55e-935dd1307d44', 'ce1c20e7-4980-4d8b-ad12-78f6549d95ad', 'c90310da-1ff7-4448-8d88-000949c8fba7', 'e5fb215f-d5d5-4c66-95b3-c493c525ec4d', '62c774da-aaef-4f3f-afec-85457b9ced88', 'f99437f5-6b95-4101-b754-507fea66e29c', '5038ceb6-39bc-4eb3-b5cc-511a7aec8447', 'e4e8b090-90f0-433c-8727-60a88012471b', 'c4b2afa0-698b-4873-803d-69b413af9c47', '1b4afd10-bf60-4c72-80f7-a82056602542', '7473ce01-da17-4703-91f7-5dfaf560a837', '131c5a71-86f4-4899-a3cc-3b6f1424ee4f', '11de2f6b-d175-482f-bc6c-3d3368d47105', 'e762fbb5-11b9-455e-91c0-9fd2fd4ea9ba', 'cf3fedd1-c0e8-4078-9fb3-2ed3e461ea3a', '2754ba7a-61a0-4259-8c76-224efe0b3b41', 'b66c4faa-d3f8-4119-9c6e-73669b8a91d6', '57478b06-95a1-4f19-8f63-8e93ee996856', '79fe8f1f-b6f6-4d37-b8cd-b79f9e6a91c9']"
ed2cba74-42b1-4ff0-9c93-5691edd92b41,5,"['32d7f1a4-3c2b-4fb3-9cc7-05c608f362a5', '32d7f1a4-3c2b-4fb3-9cc7-05c608f362a5', '32d7f1a4-3c2b-4fb3-9cc7-05c608f362a5', '32d7f1a4-3c2b-4fb3-9cc7-05c608f362a5', '32d7f1a4-3c2b-4fb3-9cc7-05c608f362a5', '32d7f1a4-3c2b-4fb3-9cc7-05c608f362a5', '32d7f1a4-3c2b-4fb3-9cc7-05c608f362a5', '32d7f1a4-3c2b-4fb3-9cc7-05c608f362a5', '32d7f1a4-3c2b-4fb3-9cc7-05c608f362a5', '32d7f1a4-3c2b-4fb3-9cc7-05c608f362a5', '32d7f1a4-3c2b-4fb3-9cc7-05c608f362a5', '32d7f1a4-3c2b-4fb3-9cc7-05c608f362a5', '32d7f1a4-3c2b-4fb3-9cc7-05c608f362a5', '32d7f1a4-3c2b-4fb3-9cc7-05c608f362a5', '32d7f1a4-3c2b-4fb3-9cc7-05c608f362a5', '32d7f1a4-3c2b-4fb3-9cc7-05c608f362a5', '32d7f1a4-3c2b-4fb3-9cc7-05c608f362a5', '32d7f1a4-3c2b-4fb3-9cc7-05c608f362a5', '32d7f1a4-3c2b-4fb3-9cc7-05c608f362a5', '32d7f1a4-3c2b-4fb3-9cc7-05c608f362a5', '32d7f1a4-3c2b-4fb3-9cc7-05c608f362a5', '32d7f1a4-3c2b-4fb3-9cc7-05c608f362a5', '32d7f1a4-3c2b-4fb3-9cc7-05c608f362a5', '32d7f1a4-3c2b-4fb3-9cc7-05c608f362a5', '32d7f1a4-3c2b-4fb3-9cc7-05c608f362a5', '32d7f1a4-3c2b-4fb3-9cc7-05c608f362a5', '32d7f1a4-3c2b-4fb3-9cc7-05c608f362a5', '32d7f1a4-3c2b-4fb3-9cc7-05c608f362a5', '32d7f1a4-3c2b-4fb3-9cc7-05c608f362a5', '32d7f1a4-3c2b-4fb3-9cc7-05c608f362a5', '32d7f1a4-3c2b-4fb3-9cc7-05c608f362a5', '32d7f1a4-3c2b-4fb3-9cc7-05c608f362a5', 'b4ae70eb-a9e9-4bf0-b829-2bd2337e0dd7', 'a628cbd9-7ca7-4575-a8ac-936e29dfd68a', '8f01b78f-fbb3-415a-b955-2ab03e543054', '20870e09-afc8-479f-b162-0388ccac7e87', '006a5d2a-ccb1-4a1b-b8d9-cb1add0bd18c', '31c7e4a1-7c94-48f9-9b4b-07641783153e', 'a90df9ba-3f2d-4b7b-ae4b-0fe7a85453fb', '0dc787d7-6a3a-48fe-b1b5-73cb2c1d8e59', '25f941c7-9691-478e-98bf-fdd8bb909230', '812acc0d-1390-4dae-8169-33cd6e0e235a', '1a4aa79d-2803-4636-b87e-8e46e02ec932', '2e3a876c-252f-47bc-a1bb-11e76fa7c6a5', '6744d2c8-0b94-4667-b180-53246f8df1d3', 'ca7adf5d-86c0-4884-80d1-0165fc61b5b4', '61a8191f-a723-46ba-862e-b3adb1595762', '435c1ed7-dc6e-4c00-8465-adbdf13bed2b', 'c38b306d-838f-4b2e-bfc6-1a8dc43e3b76', '02ec7e0d-77f8-4b4b-802c-95d6c9b65cc3']"
353e48ec-4b4d-4484-8aa6-eec8fc96a049,5,"['1571ace0-69b0-4998-a0b4-e4811919198f', '1571ace0-69b0-4998-a0b4-e4811919198f', '1571ace0-69b0-4998-a0b4-e4811919198f', '1571ace0-69b0-4998-a0b4-e4811919198f', '1571ace0-69b0-4998-a0b4-e4811919198f', '1571ace0-69b0-4998-a0b4-e4811919198f', '1571ace0-69b0-4998-a0b4-e4811919198f', '1571ace0-69b0-4998-a0b4-e4811919198f', '1571ace0-69b0-4998-a0b4-e4811919198f', '1571ace0-69b0-4998-a0b4-e4811919198f', '1571ace0-69b0-4998-a0b4-e4811919198f', '1571ace0-69b0-4998-a0b4-e4811919198f', '1571ace0-69b0-4998-a0b4-e4811919198f', '1571ace0-69b0-4998-a0b4-e4811919198f', '1571ace0-69b0-4998-a0b4-e4811919198f', '1571ace0-69b0-4998-a0b4-e4811919198f', '1571ace0-69b0-4998-a0b4-e4811919198f', '1571ace0-69b0-4998-a0b4-e4811919198f', '1571ace0-69b0-4998-a0b4-e4811919198f', '1571ace0-69b0-4998-a0b4-e4811919198f', '1571ace0-69b0-4998-a0b4-e4811919198f', '1571ace0-69b0-4998-a0b4-e4811919198f', '1571ace0-69b0-4998-a0b4-e4811919198f', '4223a01c-0441-46d6-b484-3581730da470', '5cf802c6-e255-49a2-ad05-daeffd9a5043', 'c07fe1e7-1ef5-4116-9a8c-4bcac8261455', '619f1704-da97-4bf7-82d6-bcf034432b71', '2bb37a8e-f786-4a76-afd2-7a9cdd2ff7ba', '4e283cac-e6ab-4c9a-8d29-2ef8880d7841', 'f0bb2984-73b4-4bf3-bfe4-ec655c8c614c', '39eadae6-f178-4650-a2ab-25c7f828bb59', '6436a8d3-2b99-4875-87be-8b1448088e7f', '4c0cc2d7-6003-4ad3-8d2f-c4b66bead149', 'b23e9243-944f-4f8e-8744-994177a914b3', '1b56cba8-6bfa-4e38-9dc1-9dee8f3a9b12', '0dfdf09f-5794-4340-aceb-035b1e09a490', 'dd882a11-7205-4be3-94b1-b0bcc38bdb45', '33e5db66-b811-4ab0-bf4f-6d2f53a44953', '2e5d578d-e72c-48b3-ba5e-1c3f84890aa3', 'b79303de-63fb-4bc4-893f-efab9c4ee3d5', '9359ccd0-bbf2-4d70-b6a7-f098289ee5f3', '27ebd12d-f76a-4bc8-9d7e-0f48b38884ba', 'ef740d87-840a-44cf-bdec-8af3b42856ec', '384c3056-245e-4b73-b839-bee648724de7', 'e72da9d1-85a2-449f-8c11-62e3806f5460', 'd7019248-6466-4129-98ff-2f49d41f4f0b', '339a20d4-82ea-436c-bbaa-8564b9923e37', '86ca63f6-f12e-4218-948f-7915af462904', '5d9a097c-1716-48c8-876b-a931dc56f2ee', 'd675e8ae-224f-40bf-b02d-2469ab20ea33']"
ed2cba74-42b1-4ff0-9c93-5691edd92b41,6,"['32d7f1a4-3c2b-4fb3-9cc7-05c608f362a5', '32d7f1a4-3c2b-4fb3-9cc7-05c608f362a5', '32d7f1a4-3c2b-4fb3-9cc7-05c608f362a5', '32d7f1a4-3c2b-4fb3-9cc7-05c608f362a5', '32d7f1a4-3c2b-4fb3-9cc7-05c608f362a5', '32d7f1a4-3c2b-4fb3-9cc7-05c608f362a5', '32d7f1a4-3c2b-4fb3-9cc7-05c608f362a5', '32d7f1a4-3c2b-4fb3-9cc7-05c608f362a5', '32d7f1a4-3c2b-4fb3-9cc7-05c608f362a5', '32d7f1a4-3c2b-4fb3-9cc7-05c608f362a5', '32d7f1a4-3c2b-4fb3-9cc7-05c608f362a5', '32d7f1a4-3c2b-4fb3-9cc7-05c608f362a5', '32d7f1a4-3c2b-4fb3-9cc7-05c608f362a5', '32d7f1a4-3c2b-4fb3-9cc7-05c608f362a5', '32d7f1a4-3c2b-4fb3-9cc7-05c608f362a5', '32d7f1a4-3c2b-4fb3-9cc7-05c608f362a5', '32d7f1a4-3c2b-4fb3-9cc7-05c608f362a5', '32d7f1a4-3c2b-4fb3-9cc7-05c608f362a5', '32d7f1a4-3c2b-4fb3-9cc7-05c608f362a5', '32d7f1a4-3c2b-4fb3-9cc7-05c608f362a5', '32d7f1a4-3c2b-4fb3-9cc7-05c608f362a5', '32d7f1a4-3c2b-4fb3-9cc7-05c608f362a5', '32d7f1a4-3c2b-4fb3-9cc7-05c608f362a5', '32d7f1a4-3c2b-4fb3-9cc7-05c608f362a5', '32d7f1a4-3c2b-4fb3-9cc7-05c608f362a5', '32d7f1a4-3c2b-4fb3-9cc7-05c608f362a5', '32d7f1a4-3c2b-4fb3-9cc7-05c608f362a5', 'b4ae70eb-a9e9-4bf0-b829-2bd2337e0dd7', 'a628cbd9-7ca7-4575-a8ac-936e29dfd68a', '8f01b78f-fbb3-415a-b955-2ab03e543054', '20870e09-afc8-479f-b162-0388ccac7e87', '006a5d2a-ccb1-4a1b-b8d9-cb1add0bd18c', '31c7e4a1-7c94-48f9-9b4b-07641783153e', 'a90df9ba-3f2d-4b7b-ae4b-0fe7a85453fb', '0dc787d7-6a3a-48fe-b1b5-73cb2c1d8e59', '25f941c7-9691-478e-98bf-fdd8bb909230', '812acc0d-1390-4dae-8169-33cd6e0e235a', '1a4aa79d-2803-4636-b87e-8e46e02ec932', '2e3a876c-252f-47bc-a1bb-11e76fa7c6a5', '6744d2c8-0b94-4667-b180-53246f8df1d3', 'ca7adf5d-86c0-4884-80d1-0165fc61b5b4', '435c1ed7-dc6e-4c00-8465-adbdf13bed2b', 'c38b306d-838f-4b2e-bfc6-1a8dc43e3b76', '02ec7e0d-77f8-4b4b-802c-95d6c9b65cc3', '697f5ab2-77d2-4ef9-8caa-4f4acf9a2264', '67458cf0-5a54-4155-85c9-ef76f8b56c4b', 'd15ba82e-fc35-46c1-bb9c-6c8107c6f79a', 'c4f33bbb-343a-4b22-a8d4-6d5c575a083a', '780f6024-4a49-463d-b201-26b83014ffa3', '238ac147-4e3e-41c1-b2cb-127fc9729801']"
68d62940-25a7-4145-a1eb-ed7f7bb2afea,14,"['f721f094-0d18-46f2-b5f4-52d6755230b8', 'f721f094-0d18-46f2-b5f4-52d6755230b8', 'f721f094-0d18-46f2-b5f4-52d6755230b8', 'f721f094-0d18-46f2-b5f4-52d6755230b8', 'f721f094-0d18-46f2-b5f4-52d6755230b8', 'f721f094-0d18-46f2-b5f4-52d6755230b8', 'f721f094-0d18-46f2-b5f4-52d6755230b8', 'f721f094-0d18-46f2-b5f4-52d6755230b8', 'f721f094-0d18-46f2-b5f4-52d6755230b8', 'f721f094-0d18-46f2-b5f4-52d6755230b8', 'f721f094-0d18-46f2-b5f4-52d6755230b8', 'f721f094-0d18-46f2-b5f4-52d6755230b8', 'f721f094-0d18-46f2-b5f4-52d6755230b8', 'f721f094-0d18-46f2-b5f4-52d6755230b8', 'f721f094-0d18-46f2-b5f4-52d6755230b8', 'f721f094-0d18-46f2-b5f4-52d6755230b8', 'f721f094-0d18-46f2-b5f4-52d6755230b8', 'f721f094-0d18-46f2-b5f4-52d6755230b8', 'f721f094-0d18-46f2-b5f4-52d6755230b8', 'f721f094-0d18-46f2-b5f4-52d6755230b8', 'f721f094-0d18-46f2-b5f4-52d6755230b8', 'f721f094-0d18-46f2-b5f4-52d6755230b8', 'f721f094-0d18-46f2-b5f4-52d6755230b8', 'f721f094-0d18-46f2-b5f4-52d6755230b8', 'f721f094-0d18-46f2-b5f4-52d6755230b8', 'f721f094-0d18-46f2-b5f4-52d6755230b8', 'f721f094-0d18-46f2-b5f4-52d6755230b8', 'f721f094-0d18-46f2-b5f4-52d6755230b8', 'f721f094-0d18-46f2-b5f4-52d6755230b8', 'f721f094-0d18-46f2-b5f4-52d6755230b8', 'f721f094-0d18-46f2-b5f4-52d6755230b8', 'f721f094-0d18-46f2-b5f4-52d6755230b8', 'f721f094-0d18-46f2-b5f4-52d6755230b8', 'f721f094-0d18-46f2-b5f4-52d6755230b8', 'f721f094-0d18-46f2-b5f4-52d6755230b8', 'f721f094-0d18-46f2-b5f4-52d6755230b8', 'f721f094-0d18-46f2-b5f4-52d6755230b8', '9e4b1f65-5cfc-4f32-9591-bd9ac974cfd9', '5d9b7c60-3d03-4617-9da6-e356ccd39c41', '2440f4b3-14d6-40a2-8838-e1a4956686b8', '0c7a7794-0e3a-4a93-9ac0-886ded82d627', '146722e6-fb28-4491-9143-271f48f92871', '7a46c19a-248d-4432-969e-d91cb12136b3', '5661c32f-1ac5-434f-bf06-cef70797b702', '4dfe1925-7cb5-40d0-b454-5693e7e2334c', '618a1251-3a70-47d9-99c6-ed0963bf8d03', '1a45437c-c058-4504-8d84-e6af6ce18ee6', '968a89d3-0c9b-4b1f-a5e0-242f28aaa7ef', '2ce5e6c2-d265-4fcf-9436-2e8e29da44fd', 'b066cb84-b001-45aa-95c7-40005dc692cf']"
353e48ec-4b4d-4484-8aa6-eec8fc96a049,6,"['1571ace0-69b0-4998-a0b4-e4811919198f', 'e72da9d1-85a2-449f-8c11-62e3806f5460', 'e72da9d1-85a2-449f-8c11-62e3806f5460', 'e72da9d1-85a2-449f-8c11-62e3806f5460', 'e72da9d1-85a2-449f-8c11-62e3806f5460', 'e72da9d1-85a2-449f-8c11-62e3806f5460', 'e72da9d1-85a2-449f-8c11-62e3806f5460', 'e72da9d1-85a2-449f-8c11-62e3806f5460', 'e72da9d1-85a2-449f-8c11-62e3806f5460', 'e72da9d1-85a2-449f-8c11-62e3806f5460', 'e72da9d1-85a2-449f-8c11-62e3806f5460', 'e72da9d1-85a2-449f-8c11-62e3806f5460', 'e72da9d1-85a2-449f-8c11-62e3806f5460', 'e72da9d1-85a2-449f-8c11-62e3806f5460', 'e72da9d1-85a2-449f-8c11-62e3806f5460', 'e72da9d1-85a2-449f-8c11-62e3806f5460', 'e72da9d1-85a2-449f-8c11-62e3806f5460', 'e72da9d1-85a2-449f-8c11-62e3806f5460', 'e72da9d1-85a2-449f-8c11-62e3806f5460', 'e72da9d1-85a2-449f-8c11-62e3806f5460', 'e72da9d1-85a2-449f-8c11-62e3806f5460', 'e72da9d1-85a2-449f-8c11-62e3806f5460', 'e72da9d1-85a2-449f-8c11-62e3806f5460', 'e72da9d1-85a2-449f-8c11-62e3806f5460', 'e72da9d1-85a2-449f-8c11-62e3806f5460', 'e72da9d1-85a2-449f-8c11-62e3806f5460', 'e72da9d1-85a2-449f-8c11-62e3806f5460', 'e72da9d1-85a2-449f-8c11-62e3806f5460', 'e72da9d1-85a2-449f-8c11-62e3806f5460', 'e72da9d1-85a2-449f-8c11-62e3806f5460', 'e72da9d1-85a2-449f-8c11-62e3806f5460', 'b613e8cd-0506-4ba4-bb9d-b08dbf72a55f', '7292858e-c2ab-42b6-8d83-3b1f55191d52', '75eb19c1-221d-4631-961e-065230ee512c', '27fe9881-5fc7-4ceb-a90b-1c7866d053c1', 'add5cc8b-3349-4fc3-9b5f-b80d5b660baa', '3c9d36c2-b15c-476a-b0e7-fce7162b4d9e', 'd4a3bff1-feda-428a-8479-e9d020baed52', '68cb991c-875c-4feb-baa5-d9e580e3e594', '0509b8cd-85b0-4fc7-9650-5ad7786a8e6e', '4ed07b12-2887-4e7c-bc3b-87cbae347003', '9d8651b7-c392-4b9d-9f65-eada9f89ee4c', '7ed1e9d6-8fc5-4b91-b2d6-eb2b1f5914ca', 'a4841b31-5088-4042-9c95-2ee0bc0d1025', 'f75a02e8-bc0d-47ea-9c03-1430a6588223', '9070740e-7532-4a84-81a3-d2fd12083d0e', '58aae0ad-57c7-4867-a8fb-cdf9ec51db12', '47ca93c8-4a16-4c8d-8e97-6e77655af943', 'ab730789-75ec-4dae-bbc5-72e63645dd5f', '97167aa2-2556-4a19-a2a7-2656036821dd']"
68d62940-25a7-4145-a1eb-ed7f7bb2afea,15,"['f721f094-0d18-46f2-b5f4-52d6755230b8', 'f721f094-0d18-46f2-b5f4-52d6755230b8', 'f721f094-0d18-46f2-b5f4-52d6755230b8', 'f721f094-0d18-46f2-b5f4-52d6755230b8', 'f721f094-0d18-46f2-b5f4-52d6755230b8', 'f721f094-0d18-46f2-b5f4-52d6755230b8', 'f721f094-0d18-46f2-b5f4-52d6755230b8', 'f721f094-0d18-46f2-b5f4-52d6755230b8', 'f721f094-0d18-46f2-b5f4-52d6755230b8', 'f721f094-0d18-46f2-b5f4-52d6755230b8', 'f721f094-0d18-46f2-b5f4-52d6755230b8', 'f721f094-0d18-46f2-b5f4-52d6755230b8', 'f721f094-0d18-46f2-b5f4-52d6755230b8', 'f721f094-0d18-46f2-b5f4-52d6755230b8', 'f721f094-0d18-46f2-b5f4-52d6755230b8', 'f721f094-0d18-46f2-b5f4-52d6755230b8', 'f721f094-0d18-46f2-b5f4-52d6755230b8', 'f721f094-0d18-46f2-b5f4-52d6755230b8', 'f721f094-0d18-46f2-b5f4-52d6755230b8', 'f721f094-0d18-46f2-b5f4-52d6755230b8', 'f721f094-0d18-46f2-b5f4-52d6755230b8', 'f721f094-0d18-46f2-b5f4-52d6755230b8', 'f721f094-0d18-46f2-b5f4-52d6755230b8', 'f721f094-0d18-46f2-b5f4-52d6755230b8', 'f721f094-0d18-46f2-b5f4-52d6755230b8', 'f721f094-0d18-46f2-b5f4-52d6755230b8', 'f721f094-0d18-46f2-b5f4-52d6755230b8', 'f721f094-0d18-46f2-b5f4-52d6755230b8', 'f721f094-0d18-46f2-b5f4-52d6755230b8', 'f721f094-0d18-46f2-b5f4-52d6755230b8', '9e4b1f65-5cfc-4f32-9591-bd9ac974cfd9', '5d9b7c60-3d03-4617-9da6-e356ccd39c41', '2440f4b3-14d6-40a2-8838-e1a4956686b8', '0c7a7794-0e3a-4a93-9ac0-886ded82d627', '146722e6-fb28-4491-9143-271f48f92871', '5661c32f-1ac5-434f-bf06-cef70797b702', '4dfe1925-7cb5-40d0-b454-5693e7e2334c', '618a1251-3a70-47d9-99c6-ed0963bf8d03', '968a89d3-0c9b-4b1f-a5e0-242f28aaa7ef', '2ce5e6c2-d265-4fcf-9436-2e8e29da44fd', '3ed3f848-1dfc-4858-8302-76b3dd27f376', '51d19e9a-44d9-4bf5-80e3-91dddc37ad5c', '946681d2-9b68-4fa0-b868-ec3af9fd6558', 'd72e9060-2cf9-4276-8aed-d1f8774ee025', '53d85894-4a06-4008-92e6-8f80f369d96c', '5559dfaf-488c-417f-a0e7-64d022428647', 'b2bf139e-7442-4b72-bcca-486cac36e192', 'bf6e0c28-254a-4da7-a529-00f620496a64', 'eb201547-77aa-4122-8385-4a72c1a09526', '30f61da8-37ca-497c-b2bf-c510ced6e6e1']"
ed2cba74-42b1-4ff0-9c93-5691edd92b41,7,"['32d7f1a4-3c2b-4fb3-9cc7-05c608f362a5', '32d7f1a4-3c2b-4fb3-9cc7-05c608f362a5', '32d7f1a4-3c2b-4fb3-9cc7-05c608f362a5', '32d7f1a4-3c2b-4fb3-9cc7-05c608f362a5', '32d7f1a4-3c2b-4fb3-9cc7-05c608f362a5', '32d7f1a4-3c2b-4fb3-9cc7-05c608f362a5', '32d7f1a4-3c2b-4fb3-9cc7-05c608f362a5', '32d7f1a4-3c2b-4fb3-9cc7-05c608f362a5', '32d7f1a4-3c2b-4fb3-9cc7-05c608f362a5', '32d7f1a4-3c2b-4fb3-9cc7-05c608f362a5', '32d7f1a4-3c2b-4fb3-9cc7-05c608f362a5', '32d7f1a4-3c2b-4fb3-9cc7-05c608f362a5', '32d7f1a4-3c2b-4fb3-9cc7-05c608f362a5', '32d7f1a4-3c2b-4fb3-9cc7-05c608f362a5', '32d7f1a4-3c2b-4fb3-9cc7-05c608f362a5', '32d7f1a4-3c2b-4fb3-9cc7-05c608f362a5', '32d7f1a4-3c2b-4fb3-9cc7-05c608f362a5', '32d7f1a4-3c2b-4fb3-9cc7-05c608f362a5', '32d7f1a4-3c2b-4fb3-9cc7-05c608f362a5', '32d7f1a4-3c2b-4fb3-9cc7-05c608f362a5', 'b4ae70eb-a9e9-4bf0-b829-2bd2337e0dd7', '8f01b78f-fbb3-415a-b955-2ab03e543054', '006a5d2a-ccb1-4a1b-b8d9-cb1add0bd18c', 'a90df9ba-3f2d-4b7b-ae4b-0fe7a85453fb', '0dc787d7-6a3a-48fe-b1b5-73cb2c1d8e59', '25f941c7-9691-478e-98bf-fdd8bb909230', '812acc0d-1390-4dae-8169-33cd6e0e235a', '2e3a876c-252f-47bc-a1bb-11e76fa7c6a5', 'ca7adf5d-86c0-4884-80d1-0165fc61b5b4', '435c1ed7-dc6e-4c00-8465-adbdf13bed2b', '697f5ab2-77d2-4ef9-8caa-4f4acf9a2264', '67458cf0-5a54-4155-85c9-ef76f8b56c4b', 'd15ba82e-fc35-46c1-bb9c-6c8107c6f79a', '780f6024-4a49-463d-b201-26b83014ffa3', 'e5adb859-92d5-472d-922c-7b45817fdf5b', 'be63a727-efb6-46cf-9feb-9be5990e2b7c', 'd6bb90e9-6216-45b3-ab33-a454ce48a0fe', 'bd00852f-c029-48f2-a566-472269e9207a', '10d4edaf-4d48-438c-99c2-5cc24df353e1', '010fc86d-84e0-4bc2-95ec-651a90c0e122', '2303fceb-73ea-4683-bcf6-3d4686df20c7', '181b7ccb-3376-48c4-8056-05342c99a7c9', 'f7453317-47f0-4b8e-8834-872428e31faa', 'a569b02f-566b-49b7-bbca-568fa69ff5b3', 'ae1374fb-a4b6-4642-9f7d-e13c04a36bd8', '94b6cde6-2f60-45d3-84b7-8fd4de106b85', '180cb7b4-5a72-4508-95b4-7698046c860a', '1568f34c-1f73-43c2-8f0f-2f59143a32b3', 'c6c289f6-90f8-4333-864c-7261b1a0ba91', 'c8444ce0-edd8-4d47-a216-4d813962be14']"
353e48ec-4b4d-4484-8aa6-eec8fc96a049,7,"['e72da9d1-85a2-449f-8c11-62e3806f5460', 'e72da9d1-85a2-449f-8c11-62e3806f5460', 'e72da9d1-85a2-449f-8c11-62e3806f5460', 'e72da9d1-85a2-449f-8c11-62e3806f5460', 'e72da9d1-85a2-449f-8c11-62e3806f5460', 'e72da9d1-85a2-449f-8c11-62e3806f5460', 'e72da9d1-85a2-449f-8c11-62e3806f5460', 'e72da9d1-85a2-449f-8c11-62e3806f5460', 'e72da9d1-85a2-449f-8c11-62e3806f5460', 'e72da9d1-85a2-449f-8c11-62e3806f5460', 'e72da9d1-85a2-449f-8c11-62e3806f5460', 'e72da9d1-85a2-449f-8c11-62e3806f5460', 'e72da9d1-85a2-449f-8c11-62e3806f5460', 'e72da9d1-85a2-449f-8c11-62e3806f5460', 'e72da9d1-85a2-449f-8c11-62e3806f5460', 'e72da9d1-85a2-449f-8c11-62e3806f5460', 'e72da9d1-85a2-449f-8c11-62e3806f5460', 'e72da9d1-85a2-449f-8c11-62e3806f5460', 'e72da9d1-85a2-449f-8c11-62e3806f5460', 'e72da9d1-85a2-449f-8c11-62e3806f5460', 'e72da9d1-85a2-449f-8c11-62e3806f5460', 'e72da9d1-85a2-449f-8c11-62e3806f5460', 'e72da9d1-85a2-449f-8c11-62e3806f5460', '75eb19c1-221d-4631-961e-065230ee512c', '27fe9881-5fc7-4ceb-a90b-1c7866d053c1', 'add5cc8b-3349-4fc3-9b5f-b80d5b660baa', '3c9d36c2-b15c-476a-b0e7-fce7162b4d9e', '68cb991c-875c-4feb-baa5-d9e580e3e594', '0509b8cd-85b0-4fc7-9650-5ad7786a8e6e', '4ed07b12-2887-4e7c-bc3b-87cbae347003', '9d8651b7-c392-4b9d-9f65-eada9f89ee4c', '7ed1e9d6-8fc5-4b91-b2d6-eb2b1f5914ca', 'a4841b31-5088-4042-9c95-2ee0bc0d1025', 'f75a02e8-bc0d-47ea-9c03-1430a6588223', '58aae0ad-57c7-4867-a8fb-cdf9ec51db12', '47ca93c8-4a16-4c8d-8e97-6e77655af943', 'ab730789-75ec-4dae-bbc5-72e63645dd5f', '97167aa2-2556-4a19-a2a7-2656036821dd', '030e8aca-ed4d-4073-a81f-0a1fce974ad4', '6d9a80bf-280e-4e22-9e99-a824707ba103', '9a89ffff-b9ce-4865-a278-f88ea33e9522', '07e6bd62-dba9-46a7-8e05-fdb4a2161324', '71292480-ff32-44c7-8143-ea4ce27824d7', '32298715-3d96-4a95-8a86-7656fedbbd4f', '4ebdf7e6-3504-45be-8335-ae20552022b5', 'b9f4cb03-58e6-4056-9c85-f75bf678d56a', '29fcf699-5749-40a8-8385-76e9a92e83f6', '9a70c4e4-55b2-4e56-a3d0-a513753ea24d', '4dd0623b-f8e7-4836-be69-3d7483794c81', '3a7a8c34-ccb7-4806-99e9-ccd3bbeeba80']"
353e48ec-4b4d-4484-8aa6-eec8fc96a049,8,"['e72da9d1-85a2-449f-8c11-62e3806f5460', 'e72da9d1-85a2-449f-8c11-62e3806f5460', 'e72da9d1-85a2-449f-8c11-62e3806f5460', 'e72da9d1-85a2-449f-8c11-62e3806f5460', 'e72da9d1-85a2-449f-8c11-62e3806f5460', 'e72da9d1-85a2-449f-8c11-62e3806f5460', 'e72da9d1-85a2-449f-8c11-62e3806f5460', 'e72da9d1-85a2-449f-8c11-62e3806f5460', 'e72da9d1-85a2-449f-8c11-62e3806f5460', 'e72da9d1-85a2-449f-8c11-62e3806f5460', 'e72da9d1-85a2-449f-8c11-62e3806f5460', 'e72da9d1-85a2-449f-8c11-62e3806f5460', 'e72da9d1-85a2-449f-8c11-62e3806f5460', 'e72da9d1-85a2-449f-8c11-62e3806f5460', 'e72da9d1-85a2-449f-8c11-62e3806f5460', 'e72da9d1-85a2-449f-8c11-62e3806f5460', 'e72da9d1-85a2-449f-8c11-62e3806f5460', 'e72da9d1-85a2-449f-8c11-62e3806f5460', 'e72da9d1-85a2-449f-8c11-62e3806f5460', 'e72da9d1-85a2-449f-8c11-62e3806f5460', 'e72da9d1-85a2-449f-8c11-62e3806f5460', 'e72da9d1-85a2-449f-8c11-62e3806f5460', 'e72da9d1-85a2-449f-8c11-62e3806f5460', 'e72da9d1-85a2-449f-8c11-62e3806f5460', 'e72da9d1-85a2-449f-8c11-62e3806f5460', 'e72da9d1-85a2-449f-8c11-62e3806f5460', 'e72da9d1-85a2-449f-8c11-62e3806f5460', 'e72da9d1-85a2-449f-8c11-62e3806f5460', 'e72da9d1-85a2-449f-8c11-62e3806f5460', 'e72da9d1-85a2-449f-8c11-62e3806f5460', 'e72da9d1-85a2-449f-8c11-62e3806f5460', 'e72da9d1-85a2-449f-8c11-62e3806f5460', 'e72da9d1-85a2-449f-8c11-62e3806f5460', 'e72da9d1-85a2-449f-8c11-62e3806f5460', 'e72da9d1-85a2-449f-8c11-62e3806f5460', 'e72da9d1-85a2-449f-8c11-62e3806f5460', 'e72da9d1-85a2-449f-8c11-62e3806f5460', 'e72da9d1-85a2-449f-8c11-62e3806f5460', '7a0362aa-34b2-4b52-894b-dbe33ad8232b', 'b6afec66-03a1-4841-b91c-00b2a3e0ae4c', 'a1e78283-f322-4057-8213-cee5796e7ef3', '83800b19-a17e-48a3-b217-1feb2dee892d', 'e5b0b4f7-ccb5-416d-947a-8f6a3c42e04b', '99dae8ed-b739-45a7-af23-9f2df0a961c9', '9e6b6a36-13c6-4249-91fc-d34cf612f370', 'cd630fe0-8e46-4fb1-b177-eaf36ae09b3f', '3d8dcde6-7c35-45ff-acc9-4d904c52e176', 'f617ddd7-93aa-475f-8410-e29809ebc366', '3f94061d-d1b8-4384-9230-abfff8bd0078', '21104257-5c9c-491e-a800-beb18a1f9d2a']"
ed2cba74-42b1-4ff0-9c93-5691edd92b41,8,"['32d7f1a4-3c2b-4fb3-9cc7-05c608f362a5', '32d7f1a4-3c2b-4fb3-9cc7-05c608f362a5', '32d7f1a4-3c2b-4fb3-9cc7-05c608f362a5', '32d7f1a4-3c2b-4fb3-9cc7-05c608f362a5', '32d7f1a4-3c2b-4fb3-9cc7-05c608f362a5', '32d7f1a4-3c2b-4fb3-9cc7-05c608f362a5', '32d7f1a4-3c2b-4fb3-9cc7-05c608f362a5', '32d7f1a4-3c2b-4fb3-9cc7-05c608f362a5', '32d7f1a4-3c2b-4fb3-9cc7-05c608f362a5', '32d7f1a4-3c2b-4fb3-9cc7-05c608f362a5', '32d7f1a4-3c2b-4fb3-9cc7-05c608f362a5', '32d7f1a4-3c2b-4fb3-9cc7-05c608f362a5', '32d7f1a4-3c2b-4fb3-9cc7-05c608f362a5', '32d7f1a4-3c2b-4fb3-9cc7-05c608f362a5', '32d7f1a4-3c2b-4fb3-9cc7-05c608f362a5', '32d7f1a4-3c2b-4fb3-9cc7-05c608f362a5', '32d7f1a4-3c2b-4fb3-9cc7-05c608f362a5', '32d7f1a4-3c2b-4fb3-9cc7-05c608f362a5', '32d7f1a4-3c2b-4fb3-9cc7-05c608f362a5', '32d7f1a4-3c2b-4fb3-9cc7-05c608f362a5', '32d7f1a4-3c2b-4fb3-9cc7-05c608f362a5', '32d7f1a4-3c2b-4fb3-9cc7-05c608f362a5', '32d7f1a4-3c2b-4fb3-9cc7-05c608f362a5', '32d7f1a4-3c2b-4fb3-9cc7-05c608f362a5', '32d7f1a4-3c2b-4fb3-9cc7-05c608f362a5', '32d7f1a4-3c2b-4fb3-9cc7-05c608f362a5', '32d7f1a4-3c2b-4fb3-9cc7-05c608f362a5', '32d7f1a4-3c2b-4fb3-9cc7-05c608f362a5', '32d7f1a4-3c2b-4fb3-9cc7-05c608f362a5', '32d7f1a4-3c2b-4fb3-9cc7-05c608f362a5', '32d7f1a4-3c2b-4fb3-9cc7-05c608f362a5', '32d7f1a4-3c2b-4fb3-9cc7-05c608f362a5', '32d7f1a4-3c2b-4fb3-9cc7-05c608f362a5', '32d7f1a4-3c2b-4fb3-9cc7-05c608f362a5', '32d7f1a4-3c2b-4fb3-9cc7-05c608f362a5', '32d7f1a4-3c2b-4fb3-9cc7-05c608f362a5', '75f78485-5414-4455-8cb1-d28823296fea', '3e6612e5-00ec-49f4-8a77-cb201b90e10a', 'c83c686c-fa7b-4099-811b-89e7c8ebae92', 'c1d39590-2395-416d-856f-575ad73ac5c9', 'd0ee3165-6827-47cb-98af-f2b6793ca586', '3e14d018-a2cf-4135-922b-348b08f90820', '07aadd26-384d-4c03-a134-590888550a97', 'ab930231-d39f-4931-97bf-4732699cfd23', '36c26fd1-008e-4935-aab0-e069a497a711', '37ad64b8-d6bf-4526-b766-db004cc73f62', '8988344e-d1b7-472c-aa03-321a48ac1ad1', 'bf9a2192-f776-42c5-a490-5935f404423f', '6a25f085-99f3-4464-be8b-e7ba91eb7884', '26807eb5-2570-4869-b144-8fea3114baf1']"
353e48ec-4b4d-4484-8aa6-eec8fc96a049,9,"['e72da9d1-85a2-449f-8c11-62e3806f5460', 'e72da9d1-85a2-449f-8c11-62e3806f5460', 'e72da9d1-85a2-449f-8c11-62e3806f5460', 'e72da9d1-85a2-449f-8c11-62e3806f5460', 'e72da9d1-85a2-449f-8c11-62e3806f5460', 'e72da9d1-85a2-449f-8c11-62e3806f5460', 'e72da9d1-85a2-449f-8c11-62e3806f5460', 'e72da9d1-85a2-449f-8c11-62e3806f5460', 'e72da9d1-85a2-449f-8c11-62e3806f5460', 'e72da9d1-85a2-449f-8c11-62e3806f5460', 'e72da9d1-85a2-449f-8c11-62e3806f5460', 'e72da9d1-85a2-449f-8c11-62e3806f5460', 'e72da9d1-85a2-449f-8c11-62e3806f5460', 'e72da9d1-85a2-449f-8c11-62e3806f5460', 'e72da9d1-85a2-449f-8c11-62e3806f5460', 'e72da9d1-85a2-449f-8c11-62e3806f5460', 'e72da9d1-85a2-449f-8c11-62e3806f5460', 'e72da9d1-85a2-449f-8c11-62e3806f5460', 'e72da9d1-85a2-449f-8c11-62e3806f5460', 'e72da9d1-85a2-449f-8c11-62e3806f5460', 'e72da9d1-85a2-449f-8c11-62e3806f5460', 'e72da9d1-85a2-449f-8c11-62e3806f5460', 'e72da9d1-85a2-449f-8c11-62e3806f5460', 'e72da9d1-85a2-449f-8c11-62e3806f5460', 'e72da9d1-85a2-449f-8c11-62e3806f5460', 'e72da9d1-85a2-449f-8c11-62e3806f5460', 'e72da9d1-85a2-449f-8c11-62e3806f5460', 'e72da9d1-85a2-449f-8c11-62e3806f5460', 'e72da9d1-85a2-449f-8c11-62e3806f5460', 'e72da9d1-85a2-449f-8c11-62e3806f5460', 'e72da9d1-85a2-449f-8c11-62e3806f5460', 'e72da9d1-85a2-449f-8c11-62e3806f5460', 'e72da9d1-85a2-449f-8c11-62e3806f5460', 'a1e78283-f322-4057-8213-cee5796e7ef3', '83800b19-a17e-48a3-b217-1feb2dee892d', 'e5b0b4f7-ccb5-416d-947a-8f6a3c42e04b', '99dae8ed-b739-45a7-af23-9f2df0a961c9', 'cd630fe0-8e46-4fb1-b177-eaf36ae09b3f', '3d8dcde6-7c35-45ff-acc9-4d904c52e176', 'f617ddd7-93aa-475f-8410-e29809ebc366', '3f94061d-d1b8-4384-9230-abfff8bd0078', '219e8f84-edac-4ed0-9805-722df8ac28d4', '8ecdc14e-5542-4782-af94-ab156d71c275', '74d1facc-cf7e-451b-9923-5cc49110294e', 'e1fea474-1c7b-4228-a642-dd16bf625f2b', '60925b0f-f324-4ec5-9540-78acae4129d6', 'ce12020d-8796-4f90-b1a0-3756ec141cc3', 'e4ebb4d1-7240-45ca-a400-885b48ded508', 'e6599f3c-9315-4d6a-b9bb-83e0bb975472', 'b4fdebe7-fd69-491f-badb-c7f49bda6d79']"
ed2cba74-42b1-4ff0-9c93-5691edd92b41,9,"['32d7f1a4-3c2b-4fb3-9cc7-05c608f362a5', '32d7f1a4-3c2b-4fb3-9cc7-05c608f362a5', '32d7f1a4-3c2b-4fb3-9cc7-05c608f362a5', '32d7f1a4-3c2b-4fb3-9cc7-05c608f362a5', '32d7f1a4-3c2b-4fb3-9cc7-05c608f362a5', '32d7f1a4-3c2b-4fb3-9cc7-05c608f362a5', '32d7f1a4-3c2b-4fb3-9cc7-05c608f362a5', '32d7f1a4-3c2b-4fb3-9cc7-05c608f362a5', '32d7f1a4-3c2b-4fb3-9cc7-05c608f362a5', '32d7f1a4-3c2b-4fb3-9cc7-05c608f362a5', '32d7f1a4-3c2b-4fb3-9cc7-05c608f362a5', '32d7f1a4-3c2b-4fb3-9cc7-05c608f362a5', '32d7f1a4-3c2b-4fb3-9cc7-05c608f362a5', '32d7f1a4-3c2b-4fb3-9cc7-05c608f362a5', '32d7f1a4-3c2b-4fb3-9cc7-05c608f362a5', '32d7f1a4-3c2b-4fb3-9cc7-05c608f362a5', '32d7f1a4-3c2b-4fb3-9cc7-05c608f362a5', '32d7f1a4-3c2b-4fb3-9cc7-05c608f362a5', '32d7f1a4-3c2b-4fb3-9cc7-05c608f362a5', '32d7f1a4-3c2b-4fb3-9cc7-05c608f362a5', '32d7f1a4-3c2b-4fb3-9cc7-05c608f362a5', '32d7f1a4-3c2b-4fb3-9cc7-05c608f362a5', '32d7f1a4-3c2b-4fb3-9cc7-05c608f362a5', '32d7f1a4-3c2b-4fb3-9cc7-05c608f362a5', '32d7f1a4-3c2b-4fb3-9cc7-05c608f362a5', '32d7f1a4-3c2b-4fb3-9cc7-05c608f362a5', '32d7f1a4-3c2b-4fb3-9cc7-05c608f362a5', 'c83c686c-fa7b-4099-811b-89e7c8ebae92', 'c1d39590-2395-416d-856f-575ad73ac5c9', 'd0ee3165-6827-47cb-98af-f2b6793ca586', '3e14d018-a2cf-4135-922b-348b08f90820', '07aadd26-384d-4c03-a134-590888550a97', '36c26fd1-008e-4935-aab0-e069a497a711', '37ad64b8-d6bf-4526-b766-db004cc73f62', '8988344e-d1b7-472c-aa03-321a48ac1ad1', 'bf9a2192-f776-42c5-a490-5935f404423f', '26807eb5-2570-4869-b144-8fea3114baf1', 'f6c1b5cf-d53a-4e92-9448-059b053c4d7b', 'f0c64bf1-8a19-4d12-88bc-cc2923b879e4', 'b5b53fc0-2572-4d09-97b2-b1b0ed68afb2', 'a85180ee-0ed4-4304-a3eb-e6ca13a213c0', 'fd460e93-1187-42b5-9551-c7b6c8c98326', '0ad046dd-b09a-403b-8aa2-3ca439a66429', 'e808d57a-783b-48cc-b1ea-636c13039025', '015960f3-80dc-4908-8f1d-c3cb677f308b', '932044b5-2e53-4912-8f28-4a52328376d7', '98674744-3b11-408d-9a26-45e30a75fe40', '4a8cf6d0-589f-4f8f-837c-4e18557d28ad', '973dd8e3-0921-482e-9563-5cc6f859415e', 'b5697b39-9deb-42be-a5ac-f6aacff10813']"
353e48ec-4b4d-4484-8aa6-eec8fc96a049,10,"['e72da9d1-85a2-449f-8c11-62e3806f5460', 'e72da9d1-85a2-449f-8c11-62e3806f5460', 'e72da9d1-85a2-449f-8c11-62e3806f5460', 'e72da9d1-85a2-449f-8c11-62e3806f5460', 'e72da9d1-85a2-449f-8c11-62e3806f5460', 'e72da9d1-85a2-449f-8c11-62e3806f5460', 'e72da9d1-85a2-449f-8c11-62e3806f5460', 'e72da9d1-85a2-449f-8c11-62e3806f5460', 'e72da9d1-85a2-449f-8c11-62e3806f5460', 'e72da9d1-85a2-449f-8c11-62e3806f5460', 'e72da9d1-85a2-449f-8c11-62e3806f5460', 'e72da9d1-85a2-449f-8c11-62e3806f5460', 'e72da9d1-85a2-449f-8c11-62e3806f5460', 'e72da9d1-85a2-449f-8c11-62e3806f5460', 'e72da9d1-85a2-449f-8c11-62e3806f5460', 'e72da9d1-85a2-449f-8c11-62e3806f5460', 'e72da9d1-85a2-449f-8c11-62e3806f5460', 'e72da9d1-85a2-449f-8c11-62e3806f5460', 'e72da9d1-85a2-449f-8c11-62e3806f5460', 'e72da9d1-85a2-449f-8c11-62e3806f5460', 'e72da9d1-85a2-449f-8c11-62e3806f5460', 'e72da9d1-85a2-449f-8c11-62e3806f5460', 'e72da9d1-85a2-449f-8c11-62e3806f5460', 'e72da9d1-85a2-449f-8c11-62e3806f5460', 'e72da9d1-85a2-449f-8c11-62e3806f5460', 'e72da9d1-85a2-449f-8c11-62e3806f5460', 'e72da9d1-85a2-449f-8c11-62e3806f5460', 'e72da9d1-85a2-449f-8c11-62e3806f5460', 'e72da9d1-85a2-449f-8c11-62e3806f5460', 'a1e78283-f322-4057-8213-cee5796e7ef3', '83800b19-a17e-48a3-b217-1feb2dee892d', 'e5b0b4f7-ccb5-416d-947a-8f6a3c42e04b', '99dae8ed-b739-45a7-af23-9f2df0a961c9', 'cd630fe0-8e46-4fb1-b177-eaf36ae09b3f', 'f617ddd7-93aa-475f-8410-e29809ebc366', '3f94061d-d1b8-4384-9230-abfff8bd0078', '219e8f84-edac-4ed0-9805-722df8ac28d4', '8ecdc14e-5542-4782-af94-ab156d71c275', 'e1fea474-1c7b-4228-a642-dd16bf625f2b', '60925b0f-f324-4ec5-9540-78acae4129d6', 'ce12020d-8796-4f90-b1a0-3756ec141cc3', 'e4ebb4d1-7240-45ca-a400-885b48ded508', '2d37abaf-6623-4247-a909-5664d6894ddf', '452be4ef-e614-4b5a-b26c-a4eb1e534674', 'a00304b8-fea3-4fe4-a3f2-2f96d3f8b670', '6e019749-9006-4ba1-a00b-b618857f295c', '5a2b4b18-afb2-44e2-b506-c9e01870c1e3', 'f907feba-80e9-485c-95c6-2098b63a3da5', 'a65541e1-5847-4425-89e8-32faec8ceeb2', '6902c93a-1b3a-4dc4-89ca-e3ca182f9973']"
ed2cba74-42b1-4ff0-9c93-5691edd92b41,10,"['32d7f1a4-3c2b-4fb3-9cc7-05c608f362a5', '32d7f1a4-3c2b-4fb3-9cc7-05c608f362a5', '32d7f1a4-3c2b-4fb3-9cc7-05c608f362a5', '32d7f1a4-3c2b-4fb3-9cc7-05c608f362a5', '32d7f1a4-3c2b-4fb3-9cc7-05c608f362a5', '32d7f1a4-3c2b-4fb3-9cc7-05c608f362a5', '32d7f1a4-3c2b-4fb3-9cc7-05c608f362a5', '32d7f1a4-3c2b-4fb3-9cc7-05c608f362a5', '32d7f1a4-3c2b-4fb3-9cc7-05c608f362a5', '32d7f1a4-3c2b-4fb3-9cc7-05c608f362a5', '32d7f1a4-3c2b-4fb3-9cc7-05c608f362a5', '32d7f1a4-3c2b-4fb3-9cc7-05c608f362a5', '32d7f1a4-3c2b-4fb3-9cc7-05c608f362a5', '32d7f1a4-3c2b-4fb3-9cc7-05c608f362a5', '32d7f1a4-3c2b-4fb3-9cc7-05c608f362a5', '32d7f1a4-3c2b-4fb3-9cc7-05c608f362a5', '32d7f1a4-3c2b-4fb3-9cc7-05c608f362a5', '32d7f1a4-3c2b-4fb3-9cc7-05c608f362a5', '32d7f1a4-3c2b-4fb3-9cc7-05c608f362a5', '32d7f1a4-3c2b-4fb3-9cc7-05c608f362a5', '32d7f1a4-3c2b-4fb3-9cc7-05c608f362a5', '32d7f1a4-3c2b-4fb3-9cc7-05c608f362a5', 'c83c686c-fa7b-4099-811b-89e7c8ebae92', 'c1d39590-2395-416d-856f-575ad73ac5c9', 'd0ee3165-6827-47cb-98af-f2b6793ca586', '3e14d018-a2cf-4135-922b-348b08f90820', '07aadd26-384d-4c03-a134-590888550a97', '36c26fd1-008e-4935-aab0-e069a497a711', '8988344e-d1b7-472c-aa03-321a48ac1ad1', 'bf9a2192-f776-42c5-a490-5935f404423f', '26807eb5-2570-4869-b144-8fea3114baf1', 'f6c1b5cf-d53a-4e92-9448-059b053c4d7b', 'f0c64bf1-8a19-4d12-88bc-cc2923b879e4', 'a85180ee-0ed4-4304-a3eb-e6ca13a213c0', 'fd460e93-1187-42b5-9551-c7b6c8c98326', '0ad046dd-b09a-403b-8aa2-3ca439a66429', 'e808d57a-783b-48cc-b1ea-636c13039025', '015960f3-80dc-4908-8f1d-c3cb677f308b', '932044b5-2e53-4912-8f28-4a52328376d7', '98674744-3b11-408d-9a26-45e30a75fe40', '973dd8e3-0921-482e-9563-5cc6f859415e', 'b5697b39-9deb-42be-a5ac-f6aacff10813', '19558288-7325-459d-9672-b5f14d7c53e4', '5089aa14-29c2-47ab-89fd-0786107109e6', '8f6553e9-6da1-4402-bd8c-bbad54bbf4c7', '97ca501f-652a-4149-a530-cef211049e8a', 'ae9c64c5-c800-4bf1-a4db-8e33b62a9303', '55795f26-a515-444f-b094-58aa09d82e07', 'd01545c7-325e-4707-8c7f-5fb303954fbd', '36677d0f-1a2f-473f-a09d-7f188d6c6849']"
353e48ec-4b4d-4484-8aa6-eec8fc96a049,11,"['e72da9d1-85a2-449f-8c11-62e3806f5460', 'e72da9d1-85a2-449f-8c11-62e3806f5460', 'e72da9d1-85a2-449f-8c11-62e3806f5460', 'e72da9d1-85a2-449f-8c11-62e3806f5460', 'e72da9d1-85a2-449f-8c11-62e3806f5460', 'e72da9d1-85a2-449f-8c11-62e3806f5460', 'e72da9d1-85a2-449f-8c11-62e3806f5460', 'e72da9d1-85a2-449f-8c11-62e3806f5460', 'e72da9d1-85a2-449f-8c11-62e3806f5460', 'e72da9d1-85a2-449f-8c11-62e3806f5460', 'e72da9d1-85a2-449f-8c11-62e3806f5460', 'e72da9d1-85a2-449f-8c11-62e3806f5460', 'e72da9d1-85a2-449f-8c11-62e3806f5460', 'e72da9d1-85a2-449f-8c11-62e3806f5460', 'e72da9d1-85a2-449f-8c11-62e3806f5460', 'e72da9d1-85a2-449f-8c11-62e3806f5460', 'e72da9d1-85a2-449f-8c11-62e3806f5460', 'e72da9d1-85a2-449f-8c11-62e3806f5460', 'e72da9d1-85a2-449f-8c11-62e3806f5460', 'e72da9d1-85a2-449f-8c11-62e3806f5460', 'e72da9d1-85a2-449f-8c11-62e3806f5460', 'e72da9d1-85a2-449f-8c11-62e3806f5460', 'a1e78283-f322-4057-8213-cee5796e7ef3', '83800b19-a17e-48a3-b217-1feb2dee892d', 'e5b0b4f7-ccb5-416d-947a-8f6a3c42e04b', '99dae8ed-b739-45a7-af23-9f2df0a961c9', 'cd630fe0-8e46-4fb1-b177-eaf36ae09b3f', 'f617ddd7-93aa-475f-8410-e29809ebc366', '219e8f84-edac-4ed0-9805-722df8ac28d4', '8ecdc14e-5542-4782-af94-ab156d71c275', 'e1fea474-1c7b-4228-a642-dd16bf625f2b', 'ce12020d-8796-4f90-b1a0-3756ec141cc3', 'e4ebb4d1-7240-45ca-a400-885b48ded508', '2d37abaf-6623-4247-a909-5664d6894ddf', '452be4ef-e614-4b5a-b26c-a4eb1e534674', 'a00304b8-fea3-4fe4-a3f2-2f96d3f8b670', '6e019749-9006-4ba1-a00b-b618857f295c', '5a2b4b18-afb2-44e2-b506-c9e01870c1e3', 'f907feba-80e9-485c-95c6-2098b63a3da5', 'a65541e1-5847-4425-89e8-32faec8ceeb2', '6902c93a-1b3a-4dc4-89ca-e3ca182f9973', '68fe6e3a-c47e-429e-a9ec-b576a94df161', '26ad008a-2865-44d8-8770-67669cabe277', '4743c4c9-b13f-4af8-bd7b-173aca20f22d', '6135d3f7-3594-4e2c-9df7-9053d0bf9063', '79146ee4-3d1d-48e4-bdbc-42cadbfc43e8', '42a4d063-0e13-4484-8533-4f7563edb045', '1615fbfe-e812-4eb0-9ecc-24835aa0224d', 'ccd42e72-0681-4c4c-8d38-642cd68d93a3', '296a922a-413d-4bed-abd0-e5e03a4588c1']"
353e48ec-4b4d-4484-8aa6-eec8fc96a049,12,"['e72da9d1-85a2-449f-8c11-62e3806f5460', 'e72da9d1-85a2-449f-8c11-62e3806f5460', 'e72da9d1-85a2-449f-8c11-62e3806f5460', 'e72da9d1-85a2-449f-8c11-62e3806f5460', 'e72da9d1-85a2-449f-8c11-62e3806f5460', 'e72da9d1-85a2-449f-8c11-62e3806f5460', 'e72da9d1-85a2-449f-8c11-62e3806f5460', 'e72da9d1-85a2-449f-8c11-62e3806f5460', 'e72da9d1-85a2-449f-8c11-62e3806f5460', 'e72da9d1-85a2-449f-8c11-62e3806f5460', 'e72da9d1-85a2-449f-8c11-62e3806f5460', 'e72da9d1-85a2-449f-8c11-62e3806f5460', 'e72da9d1-85a2-449f-8c11-62e3806f5460', 'e72da9d1-85a2-449f-8c11-62e3806f5460', 'e72da9d1-85a2-449f-8c11-62e3806f5460', 'e72da9d1-85a2-449f-8c11-62e3806f5460', 'e72da9d1-85a2-449f-8c11-62e3806f5460', 'e72da9d1-85a2-449f-8c11-62e3806f5460', 'e72da9d1-85a2-449f-8c11-62e3806f5460', 'e72da9d1-85a2-449f-8c11-62e3806f5460', 'e72da9d1-85a2-449f-8c11-62e3806f5460', 'e72da9d1-85a2-449f-8c11-62e3806f5460', 'e72da9d1-85a2-449f-8c11-62e3806f5460', 'e72da9d1-85a2-449f-8c11-62e3806f5460', 'e72da9d1-85a2-449f-8c11-62e3806f5460', 'e72da9d1-85a2-449f-8c11-62e3806f5460', 'e72da9d1-85a2-449f-8c11-62e3806f5460', 'e72da9d1-85a2-449f-8c11-62e3806f5460', 'e72da9d1-85a2-449f-8c11-62e3806f5460', 'e72da9d1-85a2-449f-8c11-62e3806f5460', 'e72da9d1-85a2-449f-8c11-62e3806f5460', 'e72da9d1-85a2-449f-8c11-62e3806f5460', 'e72da9d1-85a2-449f-8c11-62e3806f5460', 'e72da9d1-85a2-449f-8c11-62e3806f5460', 'e72da9d1-85a2-449f-8c11-62e3806f5460', 'e72da9d1-85a2-449f-8c11-62e3806f5460', 'a05d4158-f061-4a12-b777-1058115b73be', '7282c90d-cccc-4f3b-8670-d858d7066c55', '3ddb896f-f844-4c9e-906f-dae44ae8c5fd', '0d95286a-937e-4349-ae88-e47c7e46492e', '5807bc92-beaf-4459-917f-6a9bd672db42', '1286c4b5-061c-4880-a4d7-d8abf8a81f67', '51b32991-e2ae-497e-bbe7-d22050f5eece', 'e5318300-3795-4907-a4c0-b3bec4f2099f', 'eafcdb08-0629-4a60-b4a7-f3b7a4406c22', '94d513a0-b54a-497b-bf88-bc5813533c6f', 'fb731c03-95f4-4d19-8178-66df1d126883', '5f74234c-0d79-43ff-84da-418c1e71b2dd', '4bd570ab-69db-490e-8bea-6d72f335716c', '36546450-97f4-4234-a0b0-6d8e19f4ea5d']"
ed2cba74-42b1-4ff0-9c93-5691edd92b41,11,"['32d7f1a4-3c2b-4fb3-9cc7-05c608f362a5', '32d7f1a4-3c2b-4fb3-9cc7-05c608f362a5', '32d7f1a4-3c2b-4fb3-9cc7-05c608f362a5', '32d7f1a4-3c2b-4fb3-9cc7-05c608f362a5', '32d7f1a4-3c2b-4fb3-9cc7-05c608f362a5', '32d7f1a4-3c2b-4fb3-9cc7-05c608f362a5', '32d7f1a4-3c2b-4fb3-9cc7-05c608f362a5', '32d7f1a4-3c2b-4fb3-9cc7-05c608f362a5', '32d7f1a4-3c2b-4fb3-9cc7-05c608f362a5', '32d7f1a4-3c2b-4fb3-9cc7-05c608f362a5', '32d7f1a4-3c2b-4fb3-9cc7-05c608f362a5', '32d7f1a4-3c2b-4fb3-9cc7-05c608f362a5', '32d7f1a4-3c2b-4fb3-9cc7-05c608f362a5', '32d7f1a4-3c2b-4fb3-9cc7-05c608f362a5', '32d7f1a4-3c2b-4fb3-9cc7-05c608f362a5', '32d7f1a4-3c2b-4fb3-9cc7-05c608f362a5', '32d7f1a4-3c2b-4fb3-9cc7-05c608f362a5', '32d7f1a4-3c2b-4fb3-9cc7-05c608f362a5', '32d7f1a4-3c2b-4fb3-9cc7-05c608f362a5', '32d7f1a4-3c2b-4fb3-9cc7-05c608f362a5', '32d7f1a4-3c2b-4fb3-9cc7-05c608f362a5', '32d7f1a4-3c2b-4fb3-9cc7-05c608f362a5', '32d7f1a4-3c2b-4fb3-9cc7-05c608f362a5', '32d7f1a4-3c2b-4fb3-9cc7-05c608f362a5', '32d7f1a4-3c2b-4fb3-9cc7-05c608f362a5', '32d7f1a4-3c2b-4fb3-9cc7-05c608f362a5', '32d7f1a4-3c2b-4fb3-9cc7-05c608f362a5', '32d7f1a4-3c2b-4fb3-9cc7-05c608f362a5', '32d7f1a4-3c2b-4fb3-9cc7-05c608f362a5', '32d7f1a4-3c2b-4fb3-9cc7-05c608f362a5', '32d7f1a4-3c2b-4fb3-9cc7-05c608f362a5', '32d7f1a4-3c2b-4fb3-9cc7-05c608f362a5', '32d7f1a4-3c2b-4fb3-9cc7-05c608f362a5', '32d7f1a4-3c2b-4fb3-9cc7-05c608f362a5', '32d7f1a4-3c2b-4fb3-9cc7-05c608f362a5', '973dd8e3-0921-482e-9563-5cc6f859415e', '973dd8e3-0921-482e-9563-5cc6f859415e', 'b9f32e65-00c8-4de1-8c7a-6671776aa306', 'b8ec0ae6-3441-4e39-83e6-5d76dc3ba7ec', 'eb4885f8-12f8-42d9-834c-9aeb05123b7d', 'a3d90b5e-4409-41dc-ac2e-a76027a5387e', '87765d88-fc06-489a-8539-3155f4e84896', '145b79e2-59db-44cf-bd29-4a1c51f0d9d2', '2f5e3740-5e9f-409d-becd-04da15b34bcc', '0c59ab6d-87c7-411c-aaf3-86615c6434d1', '02183ebf-33b6-4e6d-b820-8c6f17edddbb', '907f86c4-22f5-42cf-be4a-cce9d29de5a0', 'c1489718-e6ac-4aad-9da1-2d3d0047d4f0', 'ab1d42c5-4e85-44cd-a211-cb2a3c13eb00', '58f0d0bb-a20b-4b7a-a97c-c6cb5d5e24d3']"
353e48ec-4b4d-4484-8aa6-eec8fc96a049,13,"['e72da9d1-85a2-449f-8c11-62e3806f5460', 'e72da9d1-85a2-449f-8c11-62e3806f5460', 'e72da9d1-85a2-449f-8c11-62e3806f5460', 'e72da9d1-85a2-449f-8c11-62e3806f5460', 'e72da9d1-85a2-449f-8c11-62e3806f5460', 'e72da9d1-85a2-449f-8c11-62e3806f5460', 'e72da9d1-85a2-449f-8c11-62e3806f5460', 'e72da9d1-85a2-449f-8c11-62e3806f5460', 'e72da9d1-85a2-449f-8c11-62e3806f5460', 'e72da9d1-85a2-449f-8c11-62e3806f5460', 'e72da9d1-85a2-449f-8c11-62e3806f5460', 'e72da9d1-85a2-449f-8c11-62e3806f5460', 'e72da9d1-85a2-449f-8c11-62e3806f5460', 'e72da9d1-85a2-449f-8c11-62e3806f5460', 'e72da9d1-85a2-449f-8c11-62e3806f5460', 'e72da9d1-85a2-449f-8c11-62e3806f5460', 'e72da9d1-85a2-449f-8c11-62e3806f5460', 'e72da9d1-85a2-449f-8c11-62e3806f5460', 'e72da9d1-85a2-449f-8c11-62e3806f5460', 'e72da9d1-85a2-449f-8c11-62e3806f5460', 'e72da9d1-85a2-449f-8c11-62e3806f5460', 'e72da9d1-85a2-449f-8c11-62e3806f5460', 'e72da9d1-85a2-449f-8c11-62e3806f5460', 'e72da9d1-85a2-449f-8c11-62e3806f5460', 'e72da9d1-85a2-449f-8c11-62e3806f5460', 'e72da9d1-85a2-449f-8c11-62e3806f5460', 'e72da9d1-85a2-449f-8c11-62e3806f5460', 'e72da9d1-85a2-449f-8c11-62e3806f5460', 'e72da9d1-85a2-449f-8c11-62e3806f5460', 'e72da9d1-85a2-449f-8c11-62e3806f5460', 'e72da9d1-85a2-449f-8c11-62e3806f5460', '3ddb896f-f844-4c9e-906f-dae44ae8c5fd', '0d95286a-937e-4349-ae88-e47c7e46492e', '5807bc92-beaf-4459-917f-6a9bd672db42', '51b32991-e2ae-497e-bbe7-d22050f5eece', 'e5318300-3795-4907-a4c0-b3bec4f2099f', 'eafcdb08-0629-4a60-b4a7-f3b7a4406c22', '94d513a0-b54a-497b-bf88-bc5813533c6f', 'fb731c03-95f4-4d19-8178-66df1d126883', '5f74234c-0d79-43ff-84da-418c1e71b2dd', '4bd570ab-69db-490e-8bea-6d72f335716c', '36546450-97f4-4234-a0b0-6d8e19f4ea5d', 'a78c3acb-84b7-41da-92d5-2d4b59ca3162', '19b64916-44e8-4534-adb7-32b8aa996778', 'fae9c8ce-a3b7-425f-ab6d-26a351cc7fc4', '99f15ca3-f026-4080-b627-145efe5d1fd4', 'e7dc63e4-a1d8-4211-aaca-35c8fad49443', '5943569e-70a1-45c5-8754-4ff92c7bcb53', 'ed31d0e3-b2da-4c38-aea8-2c46a3bca99f', '9f9baa14-ba5c-4ac8-af6f-700e3a4319b3']"
ed2cba74-42b1-4ff0-9c93-5691edd92b41,12,"['32d7f1a4-3c2b-4fb3-9cc7-05c608f362a5', '32d7f1a4-3c2b-4fb3-9cc7-05c608f362a5', '32d7f1a4-3c2b-4fb3-9cc7-05c608f362a5', '32d7f1a4-3c2b-4fb3-9cc7-05c608f362a5', '32d7f1a4-3c2b-4fb3-9cc7-05c608f362a5', '32d7f1a4-3c2b-4fb3-9cc7-05c608f362a5', '32d7f1a4-3c2b-4fb3-9cc7-05c608f362a5', '32d7f1a4-3c2b-4fb3-9cc7-05c608f362a5', '32d7f1a4-3c2b-4fb3-9cc7-05c608f362a5', '32d7f1a4-3c2b-4fb3-9cc7-05c608f362a5', '32d7f1a4-3c2b-4fb3-9cc7-05c608f362a5', '32d7f1a4-3c2b-4fb3-9cc7-05c608f362a5', '32d7f1a4-3c2b-4fb3-9cc7-05c608f362a5', '32d7f1a4-3c2b-4fb3-9cc7-05c608f362a5', '32d7f1a4-3c2b-4fb3-9cc7-05c608f362a5', '32d7f1a4-3c2b-4fb3-9cc7-05c608f362a5', '32d7f1a4-3c2b-4fb3-9cc7-05c608f362a5', '32d7f1a4-3c2b-4fb3-9cc7-05c608f362a5', '32d7f1a4-3c2b-4fb3-9cc7-05c608f362a5', '32d7f1a4-3c2b-4fb3-9cc7-05c608f362a5', '32d7f1a4-3c2b-4fb3-9cc7-05c608f362a5', '32d7f1a4-3c2b-4fb3-9cc7-05c608f362a5', '32d7f1a4-3c2b-4fb3-9cc7-05c608f362a5', '32d7f1a4-3c2b-4fb3-9cc7-05c608f362a5', '32d7f1a4-3c2b-4fb3-9cc7-05c608f362a5', '32d7f1a4-3c2b-4fb3-9cc7-05c608f362a5', '32d7f1a4-3c2b-4fb3-9cc7-05c608f362a5', '32d7f1a4-3c2b-4fb3-9cc7-05c608f362a5', '32d7f1a4-3c2b-4fb3-9cc7-05c608f362a5', '973dd8e3-0921-482e-9563-5cc6f859415e', 'b9f32e65-00c8-4de1-8c7a-6671776aa306', 'b8ec0ae6-3441-4e39-83e6-5d76dc3ba7ec', 'eb4885f8-12f8-42d9-834c-9aeb05123b7d', '87765d88-fc06-489a-8539-3155f4e84896', '145b79e2-59db-44cf-bd29-4a1c51f0d9d2', '2f5e3740-5e9f-409d-becd-04da15b34bcc', '0c59ab6d-87c7-411c-aaf3-86615c6434d1', '02183ebf-33b6-4e6d-b820-8c6f17edddbb', 'c1489718-e6ac-4aad-9da1-2d3d0047d4f0', 'ab1d42c5-4e85-44cd-a211-cb2a3c13eb00', '58f0d0bb-a20b-4b7a-a97c-c6cb5d5e24d3', '1d9d7db1-eb28-47a0-abeb-7fbc1bc554b0', '32899c5f-1e15-458e-a8d8-1526e8358c00', 'ac4593cd-eace-4497-8396-d284d7bbce23', '57565ffc-b3a6-48ad-86f3-3e1bcc19daa3', '050478a0-30db-4783-8f63-22bb9409de26', 'fe7d0b2a-7fff-4e20-a424-6b4f9c457d44', '230b89ea-de18-49d8-b5f9-19365d3a962f', '73dc7796-17ab-4e6e-823f-d98a73cab43a', '6d014767-1cd9-4fee-b1f9-7c29ef26beb1']"
353e48ec-4b4d-4484-8aa6-eec8fc96a049,14,"['e72da9d1-85a2-449f-8c11-62e3806f5460', 'e72da9d1-85a2-449f-8c11-62e3806f5460', 'e72da9d1-85a2-449f-8c11-62e3806f5460', 'e72da9d1-85a2-449f-8c11-62e3806f5460', 'e72da9d1-85a2-449f-8c11-62e3806f5460', 'e72da9d1-85a2-449f-8c11-62e3806f5460', 'e72da9d1-85a2-449f-8c11-62e3806f5460', 'e72da9d1-85a2-449f-8c11-62e3806f5460', 'e72da9d1-85a2-449f-8c11-62e3806f5460', 'e72da9d1-85a2-449f-8c11-62e3806f5460', 'e72da9d1-85a2-449f-8c11-62e3806f5460', 'e72da9d1-85a2-449f-8c11-62e3806f5460', 'e72da9d1-85a2-449f-8c11-62e3806f5460', 'e72da9d1-85a2-449f-8c11-62e3806f5460', 'e72da9d1-85a2-449f-8c11-62e3806f5460', 'e72da9d1-85a2-449f-8c11-62e3806f5460', 'e72da9d1-85a2-449f-8c11-62e3806f5460', 'e72da9d1-85a2-449f-8c11-62e3806f5460', 'e72da9d1-85a2-449f-8c11-62e3806f5460', 'e72da9d1-85a2-449f-8c11-62e3806f5460', 'e72da9d1-85a2-449f-8c11-62e3806f5460', 'e72da9d1-85a2-449f-8c11-62e3806f5460', 'e72da9d1-85a2-449f-8c11-62e3806f5460', 'e72da9d1-85a2-449f-8c11-62e3806f5460', '5807bc92-beaf-4459-917f-6a9bd672db42', '51b32991-e2ae-497e-bbe7-d22050f5eece', 'e5318300-3795-4907-a4c0-b3bec4f2099f', 'eafcdb08-0629-4a60-b4a7-f3b7a4406c22', '94d513a0-b54a-497b-bf88-bc5813533c6f', 'fb731c03-95f4-4d19-8178-66df1d126883', '5f74234c-0d79-43ff-84da-418c1e71b2dd', '36546450-97f4-4234-a0b0-6d8e19f4ea5d', 'a78c3acb-84b7-41da-92d5-2d4b59ca3162', '19b64916-44e8-4534-adb7-32b8aa996778', 'fae9c8ce-a3b7-425f-ab6d-26a351cc7fc4', '99f15ca3-f026-4080-b627-145efe5d1fd4', 'e7dc63e4-a1d8-4211-aaca-35c8fad49443', '5943569e-70a1-45c5-8754-4ff92c7bcb53', 'ed31d0e3-b2da-4c38-aea8-2c46a3bca99f', '9f9baa14-ba5c-4ac8-af6f-700e3a4319b3', 'b52bad5a-7267-4d63-9a65-70c71ce60f78', '945d5724-4d6f-4441-a6f6-ab8b82b3cbc4', 'cb850754-2c14-4468-a2f6-16555db997c2', 'b0885969-2fb7-4fe5-a6ca-b8fc896f3b0b', 'a72e915d-a364-41bc-afee-6417488271f2', 'e701004e-d183-4fa7-8c7d-8159b3c76984', 'd1dac838-8315-43fa-96f7-330b6df3ad0c', '0056f607-524d-43d0-9249-89bacd62c1e8', '994e86c1-2c48-4084-8b6b-c9aade712daa', 'bb76db92-409a-4fd6-8c11-8b6715ed0e15']"
ed2cba74-42b1-4ff0-9c93-5691edd92b41,13,"['32d7f1a4-3c2b-4fb3-9cc7-05c608f362a5', '32d7f1a4-3c2b-4fb3-9cc7-05c608f362a5', '32d7f1a4-3c2b-4fb3-9cc7-05c608f362a5', '32d7f1a4-3c2b-4fb3-9cc7-05c608f362a5', '32d7f1a4-3c2b-4fb3-9cc7-05c608f362a5', '32d7f1a4-3c2b-4fb3-9cc7-05c608f362a5', '32d7f1a4-3c2b-4fb3-9cc7-05c608f362a5', '32d7f1a4-3c2b-4fb3-9cc7-05c608f362a5', '32d7f1a4-3c2b-4fb3-9cc7-05c608f362a5', '32d7f1a4-3c2b-4fb3-9cc7-05c608f362a5', '32d7f1a4-3c2b-4fb3-9cc7-05c608f362a5', '32d7f1a4-3c2b-4fb3-9cc7-05c608f362a5', '32d7f1a4-3c2b-4fb3-9cc7-05c608f362a5', '32d7f1a4-3c2b-4fb3-9cc7-05c608f362a5', '32d7f1a4-3c2b-4fb3-9cc7-05c608f362a5', '32d7f1a4-3c2b-4fb3-9cc7-05c608f362a5', '32d7f1a4-3c2b-4fb3-9cc7-05c608f362a5', '32d7f1a4-3c2b-4fb3-9cc7-05c608f362a5', '32d7f1a4-3c2b-4fb3-9cc7-05c608f362a5', '32d7f1a4-3c2b-4fb3-9cc7-05c608f362a5', '32d7f1a4-3c2b-4fb3-9cc7-05c608f362a5', '32d7f1a4-3c2b-4fb3-9cc7-05c608f362a5', '973dd8e3-0921-482e-9563-5cc6f859415e', 'b9f32e65-00c8-4de1-8c7a-6671776aa306', 'b8ec0ae6-3441-4e39-83e6-5d76dc3ba7ec', 'eb4885f8-12f8-42d9-834c-9aeb05123b7d', '87765d88-fc06-489a-8539-3155f4e84896', '145b79e2-59db-44cf-bd29-4a1c51f0d9d2', '2f5e3740-5e9f-409d-becd-04da15b34bcc', '0c59ab6d-87c7-411c-aaf3-86615c6434d1', '02183ebf-33b6-4e6d-b820-8c6f17edddbb', 'c1489718-e6ac-4aad-9da1-2d3d0047d4f0', 'ab1d42c5-4e85-44cd-a211-cb2a3c13eb00', '32899c5f-1e15-458e-a8d8-1526e8358c00', 'ac4593cd-eace-4497-8396-d284d7bbce23', '57565ffc-b3a6-48ad-86f3-3e1bcc19daa3', '050478a0-30db-4783-8f63-22bb9409de26', 'fe7d0b2a-7fff-4e20-a424-6b4f9c457d44', '73dc7796-17ab-4e6e-823f-d98a73cab43a', '6d014767-1cd9-4fee-b1f9-7c29ef26beb1', '312b53fe-ed1f-4364-adc9-43cfbb29b87f', '8346b2d0-15e5-45ec-8881-6d45553dc1b3', '7a5b4071-5aa5-411a-843d-6019d1717d2f', 'a26207b1-62a6-44b3-ac63-4e18f9187d86', '63de76a0-3956-4e5f-b0b6-ff4168212acd', 'c4436259-a2c2-4839-8814-7ead6535eb5b', 'b9182645-51e6-4f8e-b0fd-f6326fb179bc', '100ad8b6-1c0e-48be-9a87-b70208d26e17', '28806dc9-6027-44b8-ad7f-18ef54bf7fc5', 'afd6568b-e999-409e-8cdd-5b1c6169873a']"
353e48ec-4b4d-4484-8aa6-eec8fc96a049,15,"['e72da9d1-85a2-449f-8c11-62e3806f5460', 'e72da9d1-85a2-449f-8c11-62e3806f5460', 'e72da9d1-85a2-449f-8c11-62e3806f5460', 'e72da9d1-85a2-449f-8c11-62e3806f5460', 'e72da9d1-85a2-449f-8c11-62e3806f5460', 'e72da9d1-85a2-449f-8c11-62e3806f5460', 'e72da9d1-85a2-449f-8c11-62e3806f5460', 'e72da9d1-85a2-449f-8c11-62e3806f5460', 'e72da9d1-85a2-449f-8c11-62e3806f5460', 'e72da9d1-85a2-449f-8c11-62e3806f5460', 'e72da9d1-85a2-449f-8c11-62e3806f5460', 'e72da9d1-85a2-449f-8c11-62e3806f5460', 'e72da9d1-85a2-449f-8c11-62e3806f5460', 'e72da9d1-85a2-449f-8c11-62e3806f5460', 'e72da9d1-85a2-449f-8c11-62e3806f5460', 'e72da9d1-85a2-449f-8c11-62e3806f5460', 'e72da9d1-85a2-449f-8c11-62e3806f5460', 'e72da9d1-85a2-449f-8c11-62e3806f5460', 'e72da9d1-85a2-449f-8c11-62e3806f5460', 'e72da9d1-85a2-449f-8c11-62e3806f5460', 'e72da9d1-85a2-449f-8c11-62e3806f5460', 'e72da9d1-85a2-449f-8c11-62e3806f5460', 'e72da9d1-85a2-449f-8c11-62e3806f5460', 'e72da9d1-85a2-449f-8c11-62e3806f5460', 'e72da9d1-85a2-449f-8c11-62e3806f5460', 'e72da9d1-85a2-449f-8c11-62e3806f5460', 'e72da9d1-85a2-449f-8c11-62e3806f5460', 'e72da9d1-85a2-449f-8c11-62e3806f5460', 'e72da9d1-85a2-449f-8c11-62e3806f5460', 'e72da9d1-85a2-449f-8c11-62e3806f5460', 'e72da9d1-85a2-449f-8c11-62e3806f5460', 'e72da9d1-85a2-449f-8c11-62e3806f5460', 'e72da9d1-85a2-449f-8c11-62e3806f5460', 'e72da9d1-85a2-449f-8c11-62e3806f5460', 'e72da9d1-85a2-449f-8c11-62e3806f5460', 'e72da9d1-85a2-449f-8c11-62e3806f5460', 'e72da9d1-85a2-449f-8c11-62e3806f5460', 'e72da9d1-85a2-449f-8c11-62e3806f5460', 'e72da9d1-85a2-449f-8c11-62e3806f5460', 'e72da9d1-85a2-449f-8c11-62e3806f5460', 'a146a19a-2682-4437-96a4-31133bcbc21e', '767beb1c-461d-4d31-bb14-8b650955884d', '2d645bed-cd92-453f-8e13-2b75b8dd31b2', '15222140-2ca6-4ed9-a2fd-8652deaf63bb', 'e23f2e65-7768-43f7-b64f-8abdb58ff007', '1f6bd5ae-54a2-442d-a6e8-b92dc1512cd5', '345c7e15-3352-44d1-a524-9b39a838a972', '6e4a756b-503c-4e57-ad12-a49d9914cceb', 'f8b87f0f-d1ea-48b3-8007-5deeb71480e4', '373fb74b-1634-4a58-9db5-88024156e6c5']"
ed2cba74-42b1-4ff0-9c93-5691edd92b41,14,"['32d7f1a4-3c2b-4fb3-9cc7-05c608f362a5', '32d7f1a4-3c2b-4fb3-9cc7-05c608f362a5', '32d7f1a4-3c2b-4fb3-9cc7-05c608f362a5', '32d7f1a4-3c2b-4fb3-9cc7-05c608f362a5', '32d7f1a4-3c2b-4fb3-9cc7-05c608f362a5', '32d7f1a4-3c2b-4fb3-9cc7-05c608f362a5', '32d7f1a4-3c2b-4fb3-9cc7-05c608f362a5', '32d7f1a4-3c2b-4fb3-9cc7-05c608f362a5', '32d7f1a4-3c2b-4fb3-9cc7-05c608f362a5', '32d7f1a4-3c2b-4fb3-9cc7-05c608f362a5', '32d7f1a4-3c2b-4fb3-9cc7-05c608f362a5', '32d7f1a4-3c2b-4fb3-9cc7-05c608f362a5', '32d7f1a4-3c2b-4fb3-9cc7-05c608f362a5', '32d7f1a4-3c2b-4fb3-9cc7-05c608f362a5', '32d7f1a4-3c2b-4fb3-9cc7-05c608f362a5', '32d7f1a4-3c2b-4fb3-9cc7-05c608f362a5', '32d7f1a4-3c2b-4fb3-9cc7-05c608f362a5', '32d7f1a4-3c2b-4fb3-9cc7-05c608f362a5', '32d7f1a4-3c2b-4fb3-9cc7-05c608f362a5', '32d7f1a4-3c2b-4fb3-9cc7-05c608f362a5', '32d7f1a4-3c2b-4fb3-9cc7-05c608f362a5', '32d7f1a4-3c2b-4fb3-9cc7-05c608f362a5', '32d7f1a4-3c2b-4fb3-9cc7-05c608f362a5', '32d7f1a4-3c2b-4fb3-9cc7-05c608f362a5', '32d7f1a4-3c2b-4fb3-9cc7-05c608f362a5', '32d7f1a4-3c2b-4fb3-9cc7-05c608f362a5', '32d7f1a4-3c2b-4fb3-9cc7-05c608f362a5', '32d7f1a4-3c2b-4fb3-9cc7-05c608f362a5', '32d7f1a4-3c2b-4fb3-9cc7-05c608f362a5', '32d7f1a4-3c2b-4fb3-9cc7-05c608f362a5', '32d7f1a4-3c2b-4fb3-9cc7-05c608f362a5', '32d7f1a4-3c2b-4fb3-9cc7-05c608f362a5', '32d7f1a4-3c2b-4fb3-9cc7-05c608f362a5', '32d7f1a4-3c2b-4fb3-9cc7-05c608f362a5', '32d7f1a4-3c2b-4fb3-9cc7-05c608f362a5', '32d7f1a4-3c2b-4fb3-9cc7-05c608f362a5', '32d7f1a4-3c2b-4fb3-9cc7-05c608f362a5', '32d7f1a4-3c2b-4fb3-9cc7-05c608f362a5', '32d7f1a4-3c2b-4fb3-9cc7-05c608f362a5', '32d7f1a4-3c2b-4fb3-9cc7-05c608f362a5', '973dd8e3-0921-482e-9563-5cc6f859415e', '973dd8e3-0921-482e-9563-5cc6f859415e', '2f5e3740-5e9f-409d-becd-04da15b34bcc', '8ac5dd88-865d-4065-8ccf-fbab00caefa9', '286ed969-0934-45c4-a08a-c675437e74cf', '95b6e000-a93e-4215-ae40-9c90b21e909f', '43e4773b-1ebd-416a-845d-ed258bd72253', '0ac810a9-541e-4b6f-a73a-0c65f5b20dde', 'f49d02e3-128d-4085-afbe-fdb6045d6cfd', '8ed65fe9-fa78-4563-89db-9a444697d5a9']"
ed2cba74-42b1-4ff0-9c93-5691edd92b41,15,"['32d7f1a4-3c2b-4fb3-9cc7-05c608f362a5', '32d7f1a4-3c2b-4fb3-9cc7-05c608f362a5', '32d7f1a4-3c2b-4fb3-9cc7-05c608f362a5', '32d7f1a4-3c2b-4fb3-9cc7-05c608f362a5', '32d7f1a4-3c2b-4fb3-9cc7-05c608f362a5', '32d7f1a4-3c2b-4fb3-9cc7-05c608f362a5', '32d7f1a4-3c2b-4fb3-9cc7-05c608f362a5', '32d7f1a4-3c2b-4fb3-9cc7-05c608f362a5', '32d7f1a4-3c2b-4fb3-9cc7-05c608f362a5', '32d7f1a4-3c2b-4fb3-9cc7-05c608f362a5', '32d7f1a4-3c2b-4fb3-9cc7-05c608f362a5', '32d7f1a4-3c2b-4fb3-9cc7-05c608f362a5', '32d7f1a4-3c2b-4fb3-9cc7-05c608f362a5', '32d7f1a4-3c2b-4fb3-9cc7-05c608f362a5', '32d7f1a4-3c2b-4fb3-9cc7-05c608f362a5', '32d7f1a4-3c2b-4fb3-9cc7-05c608f362a5', '32d7f1a4-3c2b-4fb3-9cc7-05c608f362a5', '32d7f1a4-3c2b-4fb3-9cc7-05c608f362a5', '32d7f1a4-3c2b-4fb3-9cc7-05c608f362a5', '32d7f1a4-3c2b-4fb3-9cc7-05c608f362a5', '32d7f1a4-3c2b-4fb3-9cc7-05c608f362a5', '32d7f1a4-3c2b-4fb3-9cc7-05c608f362a5', '32d7f1a4-3c2b-4fb3-9cc7-05c608f362a5', '32d7f1a4-3c2b-4fb3-9cc7-05c608f362a5', '32d7f1a4-3c2b-4fb3-9cc7-05c608f362a5', '32d7f1a4-3c2b-4fb3-9cc7-05c608f362a5', '32d7f1a4-3c2b-4fb3-9cc7-05c608f362a5', '32d7f1a4-3c2b-4fb3-9cc7-05c608f362a5', '32d7f1a4-3c2b-4fb3-9cc7-05c608f362a5', '32d7f1a4-3c2b-4fb3-9cc7-05c608f362a5', '32d7f1a4-3c2b-4fb3-9cc7-05c608f362a5', '32d7f1a4-3c2b-4fb3-9cc7-05c608f362a5', '32d7f1a4-3c2b-4fb3-9cc7-05c608f362a5', '973dd8e3-0921-482e-9563-5cc6f859415e', '973dd8e3-0921-482e-9563-5cc6f859415e', '2f5e3740-5e9f-409d-becd-04da15b34bcc', '8ac5dd88-865d-4065-8ccf-fbab00caefa9', '286ed969-0934-45c4-a08a-c675437e74cf', '95b6e000-a93e-4215-ae40-9c90b21e909f', '43e4773b-1ebd-416a-845d-ed258bd72253', '0ac810a9-541e-4b6f-a73a-0c65f5b20dde', 'f49d02e3-128d-4085-afbe-fdb6045d6cfd', '8ed65fe9-fa78-4563-89db-9a444697d5a9', 'd782b28d-f1cf-4aa7-90d0-53e63bde92a9', '890da76e-56d5-4f1f-8a3b-12ceacb3023e', '02ed76ac-2295-4ed1-aa30-caf0367d899b', '5db6c394-acd8-4421-bc08-b8a5cc0809aa', '1270417a-bedf-41d1-b8ce-6026608abef6', '60042589-040b-41f0-9abf-a090804635b6', 'add8fcee-28db-4e27-9c7a-6846f8e8911f']"
99690b9c-516b-4358-8145-43e794ff2a67,0,"['e6adb41f-f3b5-45fb-90ca-a32500bc49e3', 'e6adb41f-f3b5-45fb-90ca-a32500bc49e3', 'e6adb41f-f3b5-45fb-90ca-a32500bc49e3', 'e6adb41f-f3b5-45fb-90ca-a32500bc49e3', 'e6adb41f-f3b5-45fb-90ca-a32500bc49e3', 'e6adb41f-f3b5-45fb-90ca-a32500bc49e3', 'e6adb41f-f3b5-45fb-90ca-a32500bc49e3', 'e6adb41f-f3b5-45fb-90ca-a32500bc49e3', 'e6adb41f-f3b5-45fb-90ca-a32500bc49e3', 'e6adb41f-f3b5-45fb-90ca-a32500bc49e3', 'e6adb41f-f3b5-45fb-90ca-a32500bc49e3', 'e6adb41f-f3b5-45fb-90ca-a32500bc49e3', 'e6adb41f-f3b5-45fb-90ca-a32500bc49e3', 'e6adb41f-f3b5-45fb-90ca-a32500bc49e3', 'e6adb41f-f3b5-45fb-90ca-a32500bc49e3', 'e6adb41f-f3b5-45fb-90ca-a32500bc49e3', 'e6adb41f-f3b5-45fb-90ca-a32500bc49e3', 'e6adb41f-f3b5-45fb-90ca-a32500bc49e3', 'e6adb41f-f3b5-45fb-90ca-a32500bc49e3', 'e6adb41f-f3b5-45fb-90ca-a32500bc49e3', 'e6adb41f-f3b5-45fb-90ca-a32500bc49e3', 'e6adb41f-f3b5-45fb-90ca-a32500bc49e3', 'e6adb41f-f3b5-45fb-90ca-a32500bc49e3', 'e6adb41f-f3b5-45fb-90ca-a32500bc49e3', 'e6adb41f-f3b5-45fb-90ca-a32500bc49e3', 'e6adb41f-f3b5-45fb-90ca-a32500bc49e3', 'e6adb41f-f3b5-45fb-90ca-a32500bc49e3', 'e6adb41f-f3b5-45fb-90ca-a32500bc49e3', 'e6adb41f-f3b5-45fb-90ca-a32500bc49e3', 'e6adb41f-f3b5-45fb-90ca-a32500bc49e3', 'e6adb41f-f3b5-45fb-90ca-a32500bc49e3', 'e6adb41f-f3b5-45fb-90ca-a32500bc49e3', 'e6adb41f-f3b5-45fb-90ca-a32500bc49e3', 'e6adb41f-f3b5-45fb-90ca-a32500bc49e3', 'e6adb41f-f3b5-45fb-90ca-a32500bc49e3', 'e6adb41f-f3b5-45fb-90ca-a32500bc49e3', 'e6adb41f-f3b5-45fb-90ca-a32500bc49e3', 'e6adb41f-f3b5-45fb-90ca-a32500bc49e3', 'e6adb41f-f3b5-45fb-90ca-a32500bc49e3', 'e6adb41f-f3b5-45fb-90ca-a32500bc49e3', 'e6adb41f-f3b5-45fb-90ca-a32500bc49e3', 'e6adb41f-f3b5-45fb-90ca-a32500bc49e3', 'e6adb41f-f3b5-45fb-90ca-a32500bc49e3', 'e6adb41f-f3b5-45fb-90ca-a32500bc49e3', 'e6adb41f-f3b5-45fb-90ca-a32500bc49e3', 'e6adb41f-f3b5-45fb-90ca-a32500bc49e3', 'e6adb41f-f3b5-45fb-90ca-a32500bc49e3', 'e6adb41f-f3b5-45fb-90ca-a32500bc49e3', 'e6adb41f-f3b5-45fb-90ca-a32500bc49e3', 'e6adb41f-f3b5-45fb-90ca-a32500bc49e3']"
99690b9c-516b-4358-8145-43e794ff2a67,1,"['e6adb41f-f3b5-45fb-90ca-a32500bc49e3', 'e6adb41f-f3b5-45fb-90ca-a32500bc49e3', 'e6adb41f-f3b5-45fb-90ca-a32500bc49e3', 'e6adb41f-f3b5-45fb-90ca-a32500bc49e3', 'e6adb41f-f3b5-45fb-90ca-a32500bc49e3', 'e6adb41f-f3b5-45fb-90ca-a32500bc49e3', 'e6adb41f-f3b5-45fb-90ca-a32500bc49e3', 'e6adb41f-f3b5-45fb-90ca-a32500bc49e3', 'e6adb41f-f3b5-45fb-90ca-a32500bc49e3', 'e6adb41f-f3b5-45fb-90ca-a32500bc49e3', 'e6adb41f-f3b5-45fb-90ca-a32500bc49e3', 'e6adb41f-f3b5-45fb-90ca-a32500bc49e3', 'e6adb41f-f3b5-45fb-90ca-a32500bc49e3', 'e6adb41f-f3b5-45fb-90ca-a32500bc49e3', 'e6adb41f-f3b5-45fb-90ca-a32500bc49e3', 'e6adb41f-f3b5-45fb-90ca-a32500bc49e3', 'e6adb41f-f3b5-45fb-90ca-a32500bc49e3', 'e6adb41f-f3b5-45fb-90ca-a32500bc49e3', 'e6adb41f-f3b5-45fb-90ca-a32500bc49e3', 'e6adb41f-f3b5-45fb-90ca-a32500bc49e3', 'e6adb41f-f3b5-45fb-90ca-a32500bc49e3', 'e6adb41f-f3b5-45fb-90ca-a32500bc49e3', 'e6adb41f-f3b5-45fb-90ca-a32500bc49e3', 'e6adb41f-f3b5-45fb-90ca-a32500bc49e3', 'e6adb41f-f3b5-45fb-90ca-a32500bc49e3', 'e6adb41f-f3b5-45fb-90ca-a32500bc49e3', 'e6adb41f-f3b5-45fb-90ca-a32500bc49e3', 'e6adb41f-f3b5-45fb-90ca-a32500bc49e3', 'e6adb41f-f3b5-45fb-90ca-a32500bc49e3', 'e6adb41f-f3b5-45fb-90ca-a32500bc49e3', 'e6adb41f-f3b5-45fb-90ca-a32500bc49e3', 'e6adb41f-f3b5-45fb-90ca-a32500bc49e3', 'e6adb41f-f3b5-45fb-90ca-a32500bc49e3', 'e6adb41f-f3b5-45fb-90ca-a32500bc49e3', 'e6adb41f-f3b5-45fb-90ca-a32500bc49e3', 'e6adb41f-f3b5-45fb-90ca-a32500bc49e3', 'e6adb41f-f3b5-45fb-90ca-a32500bc49e3', 'e6adb41f-f3b5-45fb-90ca-a32500bc49e3', 'e6adb41f-f3b5-45fb-90ca-a32500bc49e3', 'e6adb41f-f3b5-45fb-90ca-a32500bc49e3', 'e6adb41f-f3b5-45fb-90ca-a32500bc49e3', '3a670a56-4da5-4ccd-8506-296dc9371fab', 'd7462a67-f621-4e31-8043-96f2e7b54ef0', '8d32507d-2acd-4f8c-9d8e-43c11661c4a2', '90aa6963-2125-4d44-a3af-2401693fc5f1', 'b67d67b9-a8db-4373-a058-91dc560c868e', 'e19580cb-6dc5-49ef-8573-08bd15617f2e', '4f9f92e4-a218-43ac-9f5d-c560301c45b7', '2dc19618-ea60-4746-a637-4cad11bb5dc6', '23012250-0859-466d-8d3f-dbae84f95b73']"
99690b9c-516b-4358-8145-43e794ff2a67,2,"['e6adb41f-f3b5-45fb-90ca-a32500bc49e3', 'e6adb41f-f3b5-45fb-90ca-a32500bc49e3', 'e6adb41f-f3b5-45fb-90ca-a32500bc49e3', 'e6adb41f-f3b5-45fb-90ca-a32500bc49e3', 'e6adb41f-f3b5-45fb-90ca-a32500bc49e3', 'e6adb41f-f3b5-45fb-90ca-a32500bc49e3', 'e6adb41f-f3b5-45fb-90ca-a32500bc49e3', 'e6adb41f-f3b5-45fb-90ca-a32500bc49e3', 'e6adb41f-f3b5-45fb-90ca-a32500bc49e3', 'e6adb41f-f3b5-45fb-90ca-a32500bc49e3', 'e6adb41f-f3b5-45fb-90ca-a32500bc49e3', 'e6adb41f-f3b5-45fb-90ca-a32500bc49e3', 'e6adb41f-f3b5-45fb-90ca-a32500bc49e3', 'e6adb41f-f3b5-45fb-90ca-a32500bc49e3', 'e6adb41f-f3b5-45fb-90ca-a32500bc49e3', 'e6adb41f-f3b5-45fb-90ca-a32500bc49e3', 'e6adb41f-f3b5-45fb-90ca-a32500bc49e3', 'e6adb41f-f3b5-45fb-90ca-a32500bc49e3', 'e6adb41f-f3b5-45fb-90ca-a32500bc49e3', 'e6adb41f-f3b5-45fb-90ca-a32500bc49e3', 'e6adb41f-f3b5-45fb-90ca-a32500bc49e3', 'e6adb41f-f3b5-45fb-90ca-a32500bc49e3', 'e6adb41f-f3b5-45fb-90ca-a32500bc49e3', 'e6adb41f-f3b5-45fb-90ca-a32500bc49e3', 'e6adb41f-f3b5-45fb-90ca-a32500bc49e3', 'e6adb41f-f3b5-45fb-90ca-a32500bc49e3', 'e6adb41f-f3b5-45fb-90ca-a32500bc49e3', 'e6adb41f-f3b5-45fb-90ca-a32500bc49e3', 'e6adb41f-f3b5-45fb-90ca-a32500bc49e3', 'e6adb41f-f3b5-45fb-90ca-a32500bc49e3', 'e6adb41f-f3b5-45fb-90ca-a32500bc49e3', 'e6adb41f-f3b5-45fb-90ca-a32500bc49e3', 'e6adb41f-f3b5-45fb-90ca-a32500bc49e3', 'e6adb41f-f3b5-45fb-90ca-a32500bc49e3', 'e6adb41f-f3b5-45fb-90ca-a32500bc49e3', 'e6adb41f-f3b5-45fb-90ca-a32500bc49e3', 'e6adb41f-f3b5-45fb-90ca-a32500bc49e3', '3a670a56-4da5-4ccd-8506-296dc9371fab', 'd7462a67-f621-4e31-8043-96f2e7b54ef0', '8d32507d-2acd-4f8c-9d8e-43c11661c4a2', 'b67d67b9-a8db-4373-a058-91dc560c868e', '4f9f92e4-a218-43ac-9f5d-c560301c45b7', '2dc19618-ea60-4746-a637-4cad11bb5dc6', '23012250-0859-466d-8d3f-dbae84f95b73', 'dbe110a2-a0a6-4b29-b7a0-6a08baf2cee4', '25cccefd-d452-4359-b392-d70b1ad8aa5d', 'f9d08461-e29b-45a1-be82-ada94e7afd0b', '22680008-582d-4da2-968f-1f8f40866511', '7d250eb9-d2dc-4ea9-8884-85da0def3c21', 'bb3c9590-68bb-4799-a9e9-b15b5089a6e1']"
99690b9c-516b-4358-8145-43e794ff2a67,3,"['e6adb41f-f3b5-45fb-90ca-a32500bc49e3', 'e6adb41f-f3b5-45fb-90ca-a32500bc49e3', 'e6adb41f-f3b5-45fb-90ca-a32500bc49e3', 'e6adb41f-f3b5-45fb-90ca-a32500bc49e3', 'e6adb41f-f3b5-45fb-90ca-a32500bc49e3', 'e6adb41f-f3b5-45fb-90ca-a32500bc49e3', 'e6adb41f-f3b5-45fb-90ca-a32500bc49e3', 'e6adb41f-f3b5-45fb-90ca-a32500bc49e3', 'e6adb41f-f3b5-45fb-90ca-a32500bc49e3', 'e6adb41f-f3b5-45fb-90ca-a32500bc49e3', 'e6adb41f-f3b5-45fb-90ca-a32500bc49e3', 'e6adb41f-f3b5-45fb-90ca-a32500bc49e3', 'e6adb41f-f3b5-45fb-90ca-a32500bc49e3', 'e6adb41f-f3b5-45fb-90ca-a32500bc49e3', 'e6adb41f-f3b5-45fb-90ca-a32500bc49e3', 'e6adb41f-f3b5-45fb-90ca-a32500bc49e3', 'e6adb41f-f3b5-45fb-90ca-a32500bc49e3', 'e6adb41f-f3b5-45fb-90ca-a32500bc49e3', 'e6adb41f-f3b5-45fb-90ca-a32500bc49e3', 'e6adb41f-f3b5-45fb-90ca-a32500bc49e3', 'e6adb41f-f3b5-45fb-90ca-a32500bc49e3', 'e6adb41f-f3b5-45fb-90ca-a32500bc49e3', 'e6adb41f-f3b5-45fb-90ca-a32500bc49e3', 'e6adb41f-f3b5-45fb-90ca-a32500bc49e3', 'e6adb41f-f3b5-45fb-90ca-a32500bc49e3', 'e6adb41f-f3b5-45fb-90ca-a32500bc49e3', 'e6adb41f-f3b5-45fb-90ca-a32500bc49e3', 'e6adb41f-f3b5-45fb-90ca-a32500bc49e3', 'e6adb41f-f3b5-45fb-90ca-a32500bc49e3', 'e6adb41f-f3b5-45fb-90ca-a32500bc49e3', 'e6adb41f-f3b5-45fb-90ca-a32500bc49e3', '3a670a56-4da5-4ccd-8506-296dc9371fab', 'd7462a67-f621-4e31-8043-96f2e7b54ef0', '8d32507d-2acd-4f8c-9d8e-43c11661c4a2', '4f9f92e4-a218-43ac-9f5d-c560301c45b7', '2dc19618-ea60-4746-a637-4cad11bb5dc6', '23012250-0859-466d-8d3f-dbae84f95b73', 'dbe110a2-a0a6-4b29-b7a0-6a08baf2cee4', '22680008-582d-4da2-968f-1f8f40866511', '7d250eb9-d2dc-4ea9-8884-85da0def3c21', 'bb3c9590-68bb-4799-a9e9-b15b5089a6e1', '7030a377-c529-4b28-8b05-33b3917195e2', '458209f2-c7fe-4647-9d0f-d0ead9dad11c', '0c7d399b-89f6-40b3-85f1-70c2def0c6bf', '38d628b7-a178-4c4d-a9d1-04f8238608e9', '2ad215fd-8e53-4c15-943d-09fd5ad4ec44', '2fde8688-bd22-4de1-bd73-b4bc18c01ceb', 'a7bb75fa-3567-4721-9682-082eaaa84bcd', '5ffefc76-6522-490b-b81c-9f09617d6544', '27f212fe-d9de-43da-b434-887a0cfa99f5']"
99690b9c-516b-4358-8145-43e794ff2a67,4,"['e6adb41f-f3b5-45fb-90ca-a32500bc49e3', 'e6adb41f-f3b5-45fb-90ca-a32500bc49e3', 'e6adb41f-f3b5-45fb-90ca-a32500bc49e3', 'e6adb41f-f3b5-45fb-90ca-a32500bc49e3', 'e6adb41f-f3b5-45fb-90ca-a32500bc49e3', 'e6adb41f-f3b5-45fb-90ca-a32500bc49e3', 'e6adb41f-f3b5-45fb-90ca-a32500bc49e3', 'e6adb41f-f3b5-45fb-90ca-a32500bc49e3', 'e6adb41f-f3b5-45fb-90ca-a32500bc49e3', 'e6adb41f-f3b5-45fb-90ca-a32500bc49e3', 'e6adb41f-f3b5-45fb-90ca-a32500bc49e3', 'e6adb41f-f3b5-45fb-90ca-a32500bc49e3', 'e6adb41f-f3b5-45fb-90ca-a32500bc49e3', 'e6adb41f-f3b5-45fb-90ca-a32500bc49e3', 'e6adb41f-f3b5-45fb-90ca-a32500bc49e3', 'e6adb41f-f3b5-45fb-90ca-a32500bc49e3', 'e6adb41f-f3b5-45fb-90ca-a32500bc49e3', 'e6adb41f-f3b5-45fb-90ca-a32500bc49e3', 'e6adb41f-f3b5-45fb-90ca-a32500bc49e3', 'e6adb41f-f3b5-45fb-90ca-a32500bc49e3', 'e6adb41f-f3b5-45fb-90ca-a32500bc49e3', 'e6adb41f-f3b5-45fb-90ca-a32500bc49e3', 'e6adb41f-f3b5-45fb-90ca-a32500bc49e3', 'e6adb41f-f3b5-45fb-90ca-a32500bc49e3', 'e6adb41f-f3b5-45fb-90ca-a32500bc49e3', 'e6adb41f-f3b5-45fb-90ca-a32500bc49e3', 'e6adb41f-f3b5-45fb-90ca-a32500bc49e3', 'e6adb41f-f3b5-45fb-90ca-a32500bc49e3', '3a670a56-4da5-4ccd-8506-296dc9371fab', 'd7462a67-f621-4e31-8043-96f2e7b54ef0', '4f9f92e4-a218-43ac-9f5d-c560301c45b7', '2dc19618-ea60-4746-a637-4cad11bb5dc6', '23012250-0859-466d-8d3f-dbae84f95b73', 'dbe110a2-a0a6-4b29-b7a0-6a08baf2cee4', '22680008-582d-4da2-968f-1f8f40866511', '7d250eb9-d2dc-4ea9-8884-85da0def3c21', 'bb3c9590-68bb-4799-a9e9-b15b5089a6e1', '7030a377-c529-4b28-8b05-33b3917195e2', '38d628b7-a178-4c4d-a9d1-04f8238608e9', '2ad215fd-8e53-4c15-943d-09fd5ad4ec44', '2fde8688-bd22-4de1-bd73-b4bc18c01ceb', 'a7bb75fa-3567-4721-9682-082eaaa84bcd', '5ffefc76-6522-490b-b81c-9f09617d6544', '27f212fe-d9de-43da-b434-887a0cfa99f5', '019badb9-2f4f-41cb-b5e8-d8b848a34dcd', 'ae47e073-bf96-45a7-8041-c5207dc26a57', '494c6f8b-5780-42a7-86bd-7aacc430bfed', 'e5f2f426-20fd-4d15-8172-287dcac53311', '78806d2d-1e43-48d1-8ffc-2840635ccb78', 'b14a5c71-3614-4983-b820-5eb677dfb229']"
99690b9c-516b-4358-8145-43e794ff2a67,5,"['e6adb41f-f3b5-45fb-90ca-a32500bc49e3', 'e6adb41f-f3b5-45fb-90ca-a32500bc49e3', 'e6adb41f-f3b5-45fb-90ca-a32500bc49e3', 'e6adb41f-f3b5-45fb-90ca-a32500bc49e3', 'e6adb41f-f3b5-45fb-90ca-a32500bc49e3', 'e6adb41f-f3b5-45fb-90ca-a32500bc49e3', 'e6adb41f-f3b5-45fb-90ca-a32500bc49e3', 'e6adb41f-f3b5-45fb-90ca-a32500bc49e3', 'e6adb41f-f3b5-45fb-90ca-a32500bc49e3', 'e6adb41f-f3b5-45fb-90ca-a32500bc49e3', 'e6adb41f-f3b5-45fb-90ca-a32500bc49e3', 'e6adb41f-f3b5-45fb-90ca-a32500bc49e3', 'e6adb41f-f3b5-45fb-90ca-a32500bc49e3', 'e6adb41f-f3b5-45fb-90ca-a32500bc49e3', 'e6adb41f-f3b5-45fb-90ca-a32500bc49e3', 'e6adb41f-f3b5-45fb-90ca-a32500bc49e3', 'e6adb41f-f3b5-45fb-90ca-a32500bc49e3', 'e6adb41f-f3b5-45fb-90ca-a32500bc49e3', 'e6adb41f-f3b5-45fb-90ca-a32500bc49e3', 'e6adb41f-f3b5-45fb-90ca-a32500bc49e3', 'e6adb41f-f3b5-45fb-90ca-a32500bc49e3', 'e6adb41f-f3b5-45fb-90ca-a32500bc49e3', '3a670a56-4da5-4ccd-8506-296dc9371fab', '4f9f92e4-a218-43ac-9f5d-c560301c45b7', '2dc19618-ea60-4746-a637-4cad11bb5dc6', '23012250-0859-466d-8d3f-dbae84f95b73', 'dbe110a2-a0a6-4b29-b7a0-6a08baf2cee4', '7d250eb9-d2dc-4ea9-8884-85da0def3c21', 'bb3c9590-68bb-4799-a9e9-b15b5089a6e1', '7030a377-c529-4b28-8b05-33b3917195e2', '38d628b7-a178-4c4d-a9d1-04f8238608e9', '2ad215fd-8e53-4c15-943d-09fd5ad4ec44', 'a7bb75fa-3567-4721-9682-082eaaa84bcd', '5ffefc76-6522-490b-b81c-9f09617d6544', '27f212fe-d9de-43da-b434-887a0cfa99f5', '019badb9-2f4f-41cb-b5e8-d8b848a34dcd', 'ae47e073-bf96-45a7-8041-c5207dc26a57', 'e5f2f426-20fd-4d15-8172-287dcac53311', '78806d2d-1e43-48d1-8ffc-2840635ccb78', 'b14a5c71-3614-4983-b820-5eb677dfb229', 'f2965042-d6df-4916-8d1f-3264b30ff3f7', 'a9f6a819-57a0-4268-8b3c-b2c4cf3cbe0d', 'f7c63fe7-eaf1-4b73-81de-4c77b942a2ec', '542267c9-0ad2-4d06-947d-bafff3f98548', 'f36eec85-e228-45c4-b05d-728f1d4e479e', 'aeb1761a-2dc7-46a5-90ac-0b4dde60e87a', '7c7bc7ba-e19b-41ae-9b47-fde32298291e', '5cb681f2-9020-4fd5-b851-1bdf282f90b1', '0bfbbdc7-54bd-493d-a98b-1709ce433647', '3ac9eb15-2ce1-43c6-afa9-d452157278c9']"
99690b9c-516b-4358-8145-43e794ff2a67,6,"['e6adb41f-f3b5-45fb-90ca-a32500bc49e3', 'e6adb41f-f3b5-45fb-90ca-a32500bc49e3', 'e6adb41f-f3b5-45fb-90ca-a32500bc49e3', 'e6adb41f-f3b5-45fb-90ca-a32500bc49e3', 'e6adb41f-f3b5-45fb-90ca-a32500bc49e3', 'e6adb41f-f3b5-45fb-90ca-a32500bc49e3', 'e6adb41f-f3b5-45fb-90ca-a32500bc49e3', 'e6adb41f-f3b5-45fb-90ca-a32500bc49e3', 'e6adb41f-f3b5-45fb-90ca-a32500bc49e3', 'e6adb41f-f3b5-45fb-90ca-a32500bc49e3', 'e6adb41f-f3b5-45fb-90ca-a32500bc49e3', 'e6adb41f-f3b5-45fb-90ca-a32500bc49e3', 'e6adb41f-f3b5-45fb-90ca-a32500bc49e3', 'e6adb41f-f3b5-45fb-90ca-a32500bc49e3', 'e6adb41f-f3b5-45fb-90ca-a32500bc49e3', 'e6adb41f-f3b5-45fb-90ca-a32500bc49e3', 'e6adb41f-f3b5-45fb-90ca-a32500bc49e3', 'e6adb41f-f3b5-45fb-90ca-a32500bc49e3', 'e6adb41f-f3b5-45fb-90ca-a32500bc49e3', 'e6adb41f-f3b5-45fb-90ca-a32500bc49e3', 'e6adb41f-f3b5-45fb-90ca-a32500bc49e3', 'e6adb41f-f3b5-45fb-90ca-a32500bc49e3', 'e6adb41f-f3b5-45fb-90ca-a32500bc49e3', 'e6adb41f-f3b5-45fb-90ca-a32500bc49e3', 'e6adb41f-f3b5-45fb-90ca-a32500bc49e3', 'e6adb41f-f3b5-45fb-90ca-a32500bc49e3', 'e6adb41f-f3b5-45fb-90ca-a32500bc49e3', 'e6adb41f-f3b5-45fb-90ca-a32500bc49e3', 'e6adb41f-f3b5-45fb-90ca-a32500bc49e3', 'e6adb41f-f3b5-45fb-90ca-a32500bc49e3', 'e6adb41f-f3b5-45fb-90ca-a32500bc49e3', 'e6adb41f-f3b5-45fb-90ca-a32500bc49e3', 'e6adb41f-f3b5-45fb-90ca-a32500bc49e3', 'e6adb41f-f3b5-45fb-90ca-a32500bc49e3', 'e6adb41f-f3b5-45fb-90ca-a32500bc49e3', 'e6adb41f-f3b5-45fb-90ca-a32500bc49e3', 'e6adb41f-f3b5-45fb-90ca-a32500bc49e3', 'e6adb41f-f3b5-45fb-90ca-a32500bc49e3', 'e6adb41f-f3b5-45fb-90ca-a32500bc49e3', 'e6adb41f-f3b5-45fb-90ca-a32500bc49e3', '6d4d4806-66a6-4ff5-9686-42d008644a1a', '69745560-429d-4ef5-b597-b54b00d9905a', 'a9730176-a48b-46ac-ae05-1267fea5d1e2', '25b9bcc3-a905-4113-b60c-7669f29ed031', '2c7caab7-30d6-45dc-a360-807f9beead08', '6fd6e271-e83e-4511-9a03-0896190c0b54', '73b9ed5e-f441-4cdb-bd2d-54f27d0727e3', '842c04bd-d3db-4ae3-bda4-19ec910ed176', '5ba332bb-253a-43e0-9af0-3f9b6dd102a8', '078e00c4-4a9d-46e8-b489-1410cbd82764']"
99690b9c-516b-4358-8145-43e794ff2a67,7,"['e6adb41f-f3b5-45fb-90ca-a32500bc49e3', 'e6adb41f-f3b5-45fb-90ca-a32500bc49e3', 'e6adb41f-f3b5-45fb-90ca-a32500bc49e3', 'e6adb41f-f3b5-45fb-90ca-a32500bc49e3', 'e6adb41f-f3b5-45fb-90ca-a32500bc49e3', 'e6adb41f-f3b5-45fb-90ca-a32500bc49e3', 'e6adb41f-f3b5-45fb-90ca-a32500bc49e3', 'e6adb41f-f3b5-45fb-90ca-a32500bc49e3', 'e6adb41f-f3b5-45fb-90ca-a32500bc49e3', 'e6adb41f-f3b5-45fb-90ca-a32500bc49e3', 'e6adb41f-f3b5-45fb-90ca-a32500bc49e3', 'e6adb41f-f3b5-45fb-90ca-a32500bc49e3', 'e6adb41f-f3b5-45fb-90ca-a32500bc49e3', 'e6adb41f-f3b5-45fb-90ca-a32500bc49e3', 'e6adb41f-f3b5-45fb-90ca-a32500bc49e3', 'e6adb41f-f3b5-45fb-90ca-a32500bc49e3', 'e6adb41f-f3b5-45fb-90ca-a32500bc49e3', 'e6adb41f-f3b5-45fb-90ca-a32500bc49e3', 'e6adb41f-f3b5-45fb-90ca-a32500bc49e3', 'e6adb41f-f3b5-45fb-90ca-a32500bc49e3', 'e6adb41f-f3b5-45fb-90ca-a32500bc49e3', 'e6adb41f-f3b5-45fb-90ca-a32500bc49e3', 'e6adb41f-f3b5-45fb-90ca-a32500bc49e3', 'e6adb41f-f3b5-45fb-90ca-a32500bc49e3', 'e6adb41f-f3b5-45fb-90ca-a32500bc49e3', 'e6adb41f-f3b5-45fb-90ca-a32500bc49e3', 'e6adb41f-f3b5-45fb-90ca-a32500bc49e3', 'e6adb41f-f3b5-45fb-90ca-a32500bc49e3', 'e6adb41f-f3b5-45fb-90ca-a32500bc49e3', 'e6adb41f-f3b5-45fb-90ca-a32500bc49e3', '69745560-429d-4ef5-b597-b54b00d9905a', '25b9bcc3-a905-4113-b60c-7669f29ed031', '2c7caab7-30d6-45dc-a360-807f9beead08', '6fd6e271-e83e-4511-9a03-0896190c0b54', '842c04bd-d3db-4ae3-bda4-19ec910ed176', '5ba332bb-253a-43e0-9af0-3f9b6dd102a8', '078e00c4-4a9d-46e8-b489-1410cbd82764', 'af8dbd8b-b822-4a2f-ac5a-425e3ea85dc2', '9630c8fe-fddd-4ec1-a09b-ec93c614d7a2', '1bff0617-911c-44e4-819e-1516f39fb6fc', '28b3694c-eec4-427f-b538-766ed402ee3b', '16ed452a-9049-405e-9de4-ae7477a4c00d', '7bdb87f6-545f-4ccf-a575-72f5258ed4fb', 'a49db78a-8081-48aa-addc-72bfa104afec', '661c426c-f23b-4171-9f35-5c802daeb0d8', '2368370f-53db-422c-be6f-6dcc24faf61e', 'a3b9e35a-741d-499c-8d30-b2639cfcd4cf', '9039cd9e-933b-441f-ad10-e2da462d549a', 'f9c35f72-833c-46b4-b5a1-10f1befe9d07', '5a5d8fa5-aa12-4d88-9e95-41251a72fd0d']"
99690b9c-516b-4358-8145-43e794ff2a67,8,"['e6adb41f-f3b5-45fb-90ca-a32500bc49e3', 'e6adb41f-f3b5-45fb-90ca-a32500bc49e3', 'e6adb41f-f3b5-45fb-90ca-a32500bc49e3', 'e6adb41f-f3b5-45fb-90ca-a32500bc49e3', 'e6adb41f-f3b5-45fb-90ca-a32500bc49e3', 'e6adb41f-f3b5-45fb-90ca-a32500bc49e3', 'e6adb41f-f3b5-45fb-90ca-a32500bc49e3', 'e6adb41f-f3b5-45fb-90ca-a32500bc49e3', 'e6adb41f-f3b5-45fb-90ca-a32500bc49e3', 'e6adb41f-f3b5-45fb-90ca-a32500bc49e3', 'e6adb41f-f3b5-45fb-90ca-a32500bc49e3', 'e6adb41f-f3b5-45fb-90ca-a32500bc49e3', 'e6adb41f-f3b5-45fb-90ca-a32500bc49e3', 'e6adb41f-f3b5-45fb-90ca-a32500bc49e3', 'e6adb41f-f3b5-45fb-90ca-a32500bc49e3', 'e6adb41f-f3b5-45fb-90ca-a32500bc49e3', 'e6adb41f-f3b5-45fb-90ca-a32500bc49e3', 'e6adb41f-f3b5-45fb-90ca-a32500bc49e3', 'e6adb41f-f3b5-45fb-90ca-a32500bc49e3', 'e6adb41f-f3b5-45fb-90ca-a32500bc49e3', 'e6adb41f-f3b5-45fb-90ca-a32500bc49e3', 'e6adb41f-f3b5-45fb-90ca-a32500bc49e3', 'e6adb41f-f3b5-45fb-90ca-a32500bc49e3', 'e6adb41f-f3b5-45fb-90ca-a32500bc49e3', 'e6adb41f-f3b5-45fb-90ca-a32500bc49e3', '69745560-429d-4ef5-b597-b54b00d9905a', '25b9bcc3-a905-4113-b60c-7669f29ed031', '2c7caab7-30d6-45dc-a360-807f9beead08', '6fd6e271-e83e-4511-9a03-0896190c0b54', '842c04bd-d3db-4ae3-bda4-19ec910ed176', 'af8dbd8b-b822-4a2f-ac5a-425e3ea85dc2', '1bff0617-911c-44e4-819e-1516f39fb6fc', '28b3694c-eec4-427f-b538-766ed402ee3b', '16ed452a-9049-405e-9de4-ae7477a4c00d', '7bdb87f6-545f-4ccf-a575-72f5258ed4fb', '661c426c-f23b-4171-9f35-5c802daeb0d8', '2368370f-53db-422c-be6f-6dcc24faf61e', 'f9c35f72-833c-46b4-b5a1-10f1befe9d07', 'a5bd588a-a571-4985-b8c7-e2b7ccee18ab', '5b2fe589-35ee-46e2-a71a-80157c9e4dd7', '1ffc2715-016d-4012-8d84-7abf4e30f730', '18c0bc75-29f2-4b0b-ba54-850bd9361f38', 'a92bb7e5-d167-4b6e-b16a-c1dc6c666ba7', 'adec0dbe-25d2-4166-903b-5450c0957382', '2ea15531-3dff-4c50-a738-59223157136f', '84ef9922-089b-4fe9-a2cc-bd83992c7ed8', '12e16ac0-284f-4caa-86fe-e2cf6410619f', '1d6e3afb-2fd2-4c86-bfbc-e3345906550d', '74f24570-527e-4c7f-9bd0-611b140d95a7', '94f07371-b180-4216-87c1-ba3710112335']"
99690b9c-516b-4358-8145-43e794ff2a67,9,"['e6adb41f-f3b5-45fb-90ca-a32500bc49e3', 'e6adb41f-f3b5-45fb-90ca-a32500bc49e3', 'e6adb41f-f3b5-45fb-90ca-a32500bc49e3', 'e6adb41f-f3b5-45fb-90ca-a32500bc49e3', 'e6adb41f-f3b5-45fb-90ca-a32500bc49e3', 'e6adb41f-f3b5-45fb-90ca-a32500bc49e3', 'e6adb41f-f3b5-45fb-90ca-a32500bc49e3', 'e6adb41f-f3b5-45fb-90ca-a32500bc49e3', 'e6adb41f-f3b5-45fb-90ca-a32500bc49e3', 'e6adb41f-f3b5-45fb-90ca-a32500bc49e3', 'e6adb41f-f3b5-45fb-90ca-a32500bc49e3', 'e6adb41f-f3b5-45fb-90ca-a32500bc49e3', 'e6adb41f-f3b5-45fb-90ca-a32500bc49e3', 'e6adb41f-f3b5-45fb-90ca-a32500bc49e3', 'e6adb41f-f3b5-45fb-90ca-a32500bc49e3', 'e6adb41f-f3b5-45fb-90ca-a32500bc49e3', 'e6adb41f-f3b5-45fb-90ca-a32500bc49e3', 'e6adb41f-f3b5-45fb-90ca-a32500bc49e3', 'e6adb41f-f3b5-45fb-90ca-a32500bc49e3', 'e6adb41f-f3b5-45fb-90ca-a32500bc49e3', 'e6adb41f-f3b5-45fb-90ca-a32500bc49e3', 'e6adb41f-f3b5-45fb-90ca-a32500bc49e3', 'e6adb41f-f3b5-45fb-90ca-a32500bc49e3', 'e6adb41f-f3b5-45fb-90ca-a32500bc49e3', '69745560-429d-4ef5-b597-b54b00d9905a', '25b9bcc3-a905-4113-b60c-7669f29ed031', '2c7caab7-30d6-45dc-a360-807f9beead08', '6fd6e271-e83e-4511-9a03-0896190c0b54', '842c04bd-d3db-4ae3-bda4-19ec910ed176', 'af8dbd8b-b822-4a2f-ac5a-425e3ea85dc2', '1bff0617-911c-44e4-819e-1516f39fb6fc', '28b3694c-eec4-427f-b538-766ed402ee3b', '16ed452a-9049-405e-9de4-ae7477a4c00d', '661c426c-f23b-4171-9f35-5c802daeb0d8', '2368370f-53db-422c-be6f-6dcc24faf61e', 'f9c35f72-833c-46b4-b5a1-10f1befe9d07', 'a5bd588a-a571-4985-b8c7-e2b7ccee18ab', '5b2fe589-35ee-46e2-a71a-80157c9e4dd7', '1ffc2715-016d-4012-8d84-7abf4e30f730', '18c0bc75-29f2-4b0b-ba54-850bd9361f38', 'a92bb7e5-d167-4b6e-b16a-c1dc6c666ba7', 'adec0dbe-25d2-4166-903b-5450c0957382', '2ea15531-3dff-4c50-a738-59223157136f', '84ef9922-089b-4fe9-a2cc-bd83992c7ed8', '12e16ac0-284f-4caa-86fe-e2cf6410619f', '1d6e3afb-2fd2-4c86-bfbc-e3345906550d', '74f24570-527e-4c7f-9bd0-611b140d95a7', '94f07371-b180-4216-87c1-ba3710112335', '26fdab33-b668-48e6-8fa3-16139cff27e3', 'f56e33de-8ddd-4792-bbe6-232664b6e6d2']"
99690b9c-516b-4358-8145-43e794ff2a67,10,"['e6adb41f-f3b5-45fb-90ca-a32500bc49e3', 'e6adb41f-f3b5-45fb-90ca-a32500bc49e3', 'e6adb41f-f3b5-45fb-90ca-a32500bc49e3', 'e6adb41f-f3b5-45fb-90ca-a32500bc49e3', 'e6adb41f-f3b5-45fb-90ca-a32500bc49e3', 'e6adb41f-f3b5-45fb-90ca-a32500bc49e3', 'e6adb41f-f3b5-45fb-90ca-a32500bc49e3', 'e6adb41f-f3b5-45fb-90ca-a32500bc49e3', 'e6adb41f-f3b5-45fb-90ca-a32500bc49e3', 'e6adb41f-f3b5-45fb-90ca-a32500bc49e3', 'e6adb41f-f3b5-45fb-90ca-a32500bc49e3', 'e6adb41f-f3b5-45fb-90ca-a32500bc49e3', 'e6adb41f-f3b5-45fb-90ca-a32500bc49e3', 'e6adb41f-f3b5-45fb-90ca-a32500bc49e3', 'e6adb41f-f3b5-45fb-90ca-a32500bc49e3', 'e6adb41f-f3b5-45fb-90ca-a32500bc49e3', 'e6adb41f-f3b5-45fb-90ca-a32500bc49e3', 'e6adb41f-f3b5-45fb-90ca-a32500bc49e3', 'e6adb41f-f3b5-45fb-90ca-a32500bc49e3', 'e6adb41f-f3b5-45fb-90ca-a32500bc49e3', 'e6adb41f-f3b5-45fb-90ca-a32500bc49e3', 'e6adb41f-f3b5-45fb-90ca-a32500bc49e3', 'e6adb41f-f3b5-45fb-90ca-a32500bc49e3', 'e6adb41f-f3b5-45fb-90ca-a32500bc49e3', 'e6adb41f-f3b5-45fb-90ca-a32500bc49e3', 'e6adb41f-f3b5-45fb-90ca-a32500bc49e3', 'e6adb41f-f3b5-45fb-90ca-a32500bc49e3', 'e6adb41f-f3b5-45fb-90ca-a32500bc49e3', 'e6adb41f-f3b5-45fb-90ca-a32500bc49e3', 'e6adb41f-f3b5-45fb-90ca-a32500bc49e3', 'e6adb41f-f3b5-45fb-90ca-a32500bc49e3', 'e6adb41f-f3b5-45fb-90ca-a32500bc49e3', 'e6adb41f-f3b5-45fb-90ca-a32500bc49e3', 'e6adb41f-f3b5-45fb-90ca-a32500bc49e3', 'e6adb41f-f3b5-45fb-90ca-a32500bc49e3', 'e6adb41f-f3b5-45fb-90ca-a32500bc49e3', 'e6adb41f-f3b5-45fb-90ca-a32500bc49e3', 'e6adb41f-f3b5-45fb-90ca-a32500bc49e3', 'e6adb41f-f3b5-45fb-90ca-a32500bc49e3', 'e6adb41f-f3b5-45fb-90ca-a32500bc49e3', 'e44e1e3b-87e4-45a4-8f7a-1b6e63ddb438', '25575f82-e63c-4dfc-bfa7-ca7eef64eccc', '8e6046e5-f1db-44a5-91d8-ffa12ae9dc3f', '313baf06-eb4a-43b0-939b-2201baeae6a5', '1628b15f-245d-4f10-8bee-2b3facaf285c', '629eba80-d2bf-433a-af19-8e6ca99abd9b', '4744fb8c-d6a0-433b-a656-6fac64f77d88', '76137d6d-c2fc-4b07-a280-93cc3094ed57', 'baa2b456-2e83-4534-9c6e-7433442f46af', 'e6932dd9-d106-4203-b91b-842d0876224d']"
99690b9c-516b-4358-8145-43e794ff2a67,11,"['e6adb41f-f3b5-45fb-90ca-a32500bc49e3', 'e6adb41f-f3b5-45fb-90ca-a32500bc49e3', 'e6adb41f-f3b5-45fb-90ca-a32500bc49e3', 'e6adb41f-f3b5-45fb-90ca-a32500bc49e3', 'e6adb41f-f3b5-45fb-90ca-a32500bc49e3', 'e6adb41f-f3b5-45fb-90ca-a32500bc49e3', 'e6adb41f-f3b5-45fb-90ca-a32500bc49e3', 'e6adb41f-f3b5-45fb-90ca-a32500bc49e3', 'e6adb41f-f3b5-45fb-90ca-a32500bc49e3', 'e6adb41f-f3b5-45fb-90ca-a32500bc49e3', 'e6adb41f-f3b5-45fb-90ca-a32500bc49e3', 'e6adb41f-f3b5-45fb-90ca-a32500bc49e3', 'e6adb41f-f3b5-45fb-90ca-a32500bc49e3', 'e6adb41f-f3b5-45fb-90ca-a32500bc49e3', 'e6adb41f-f3b5-45fb-90ca-a32500bc49e3', 'e6adb41f-f3b5-45fb-90ca-a32500bc49e3', 'e6adb41f-f3b5-45fb-90ca-a32500bc49e3', 'e6adb41f-f3b5-45fb-90ca-a32500bc49e3', 'e6adb41f-f3b5-45fb-90ca-a32500bc49e3', 'e6adb41f-f3b5-45fb-90ca-a32500bc49e3', 'e6adb41f-f3b5-45fb-90ca-a32500bc49e3', 'e6adb41f-f3b5-45fb-90ca-a32500bc49e3', 'e6adb41f-f3b5-45fb-90ca-a32500bc49e3', 'e6adb41f-f3b5-45fb-90ca-a32500bc49e3', 'e6adb41f-f3b5-45fb-90ca-a32500bc49e3', 'e6adb41f-f3b5-45fb-90ca-a32500bc49e3', 'e6adb41f-f3b5-45fb-90ca-a32500bc49e3', 'e6adb41f-f3b5-45fb-90ca-a32500bc49e3', 'e6adb41f-f3b5-45fb-90ca-a32500bc49e3', 'e6adb41f-f3b5-45fb-90ca-a32500bc49e3', 'e6adb41f-f3b5-45fb-90ca-a32500bc49e3', 'e6adb41f-f3b5-45fb-90ca-a32500bc49e3', 'e6adb41f-f3b5-45fb-90ca-a32500bc49e3', 'e6adb41f-f3b5-45fb-90ca-a32500bc49e3', 'e6adb41f-f3b5-45fb-90ca-a32500bc49e3', 'e6adb41f-f3b5-45fb-90ca-a32500bc49e3', 'e44e1e3b-87e4-45a4-8f7a-1b6e63ddb438', '25575f82-e63c-4dfc-bfa7-ca7eef64eccc', '8e6046e5-f1db-44a5-91d8-ffa12ae9dc3f', '313baf06-eb4a-43b0-939b-2201baeae6a5', '1628b15f-245d-4f10-8bee-2b3facaf285c', '629eba80-d2bf-433a-af19-8e6ca99abd9b', '76137d6d-c2fc-4b07-a280-93cc3094ed57', 'baa2b456-2e83-4534-9c6e-7433442f46af', 'c07f4a87-9e49-431d-876d-517a3e90b0dc', '566a790c-f6c2-47e3-8cbf-de0b46582a09', '248a1f63-6f1c-44f6-9dd4-8505779b1c36', '054cb624-ce54-4807-b31a-67285d587d22', '2365b3eb-783b-4946-a646-cb3305692b42', '393c26b7-bf9c-4634-a953-ce30f09b7d81']"
99690b9c-516b-4358-8145-43e794ff2a67,12,"['e6adb41f-f3b5-45fb-90ca-a32500bc49e3', 'e6adb41f-f3b5-45fb-90ca-a32500bc49e3', 'e6adb41f-f3b5-45fb-90ca-a32500bc49e3', 'e6adb41f-f3b5-45fb-90ca-a32500bc49e3', 'e6adb41f-f3b5-45fb-90ca-a32500bc49e3', 'e6adb41f-f3b5-45fb-90ca-a32500bc49e3', 'e6adb41f-f3b5-45fb-90ca-a32500bc49e3', 'e6adb41f-f3b5-45fb-90ca-a32500bc49e3', 'e6adb41f-f3b5-45fb-90ca-a32500bc49e3', 'e6adb41f-f3b5-45fb-90ca-a32500bc49e3', 'e6adb41f-f3b5-45fb-90ca-a32500bc49e3', 'e6adb41f-f3b5-45fb-90ca-a32500bc49e3', 'e6adb41f-f3b5-45fb-90ca-a32500bc49e3', 'e6adb41f-f3b5-45fb-90ca-a32500bc49e3', 'e6adb41f-f3b5-45fb-90ca-a32500bc49e3', 'e6adb41f-f3b5-45fb-90ca-a32500bc49e3', 'e6adb41f-f3b5-45fb-90ca-a32500bc49e3', 'e6adb41f-f3b5-45fb-90ca-a32500bc49e3', 'e6adb41f-f3b5-45fb-90ca-a32500bc49e3', 'e6adb41f-f3b5-45fb-90ca-a32500bc49e3', 'e6adb41f-f3b5-45fb-90ca-a32500bc49e3', 'e6adb41f-f3b5-45fb-90ca-a32500bc49e3', 'e6adb41f-f3b5-45fb-90ca-a32500bc49e3', 'e6adb41f-f3b5-45fb-90ca-a32500bc49e3', 'e6adb41f-f3b5-45fb-90ca-a32500bc49e3', 'e6adb41f-f3b5-45fb-90ca-a32500bc49e3', 'e6adb41f-f3b5-45fb-90ca-a32500bc49e3', 'e6adb41f-f3b5-45fb-90ca-a32500bc49e3', 'e6adb41f-f3b5-45fb-90ca-a32500bc49e3', 'e6adb41f-f3b5-45fb-90ca-a32500bc49e3', '8e6046e5-f1db-44a5-91d8-ffa12ae9dc3f', '313baf06-eb4a-43b0-939b-2201baeae6a5', '1628b15f-245d-4f10-8bee-2b3facaf285c', '629eba80-d2bf-433a-af19-8e6ca99abd9b', '76137d6d-c2fc-4b07-a280-93cc3094ed57', 'baa2b456-2e83-4534-9c6e-7433442f46af', 'c07f4a87-9e49-431d-876d-517a3e90b0dc', '566a790c-f6c2-47e3-8cbf-de0b46582a09', '248a1f63-6f1c-44f6-9dd4-8505779b1c36', '054cb624-ce54-4807-b31a-67285d587d22', 'ded10f42-dc98-4917-b502-6b6d0c67e64a', '1477c049-b077-44e8-adc3-df6f18de5460', 'b0fc80a0-0613-4513-8806-e547707044f9', '91498c0a-b747-4b79-8c46-af9aaa943471', '975a14cd-4a58-4fd6-bf1a-3ec66f9b2a88', 'b8e400a6-86ae-48d9-a9cc-61ee36240b62', '64421d98-2107-4025-82ec-866785b76e6f', '708839ff-ad49-44f0-89d2-9eb9e731facc', '8fbcf329-9b40-49d2-a32a-f02fdc259e3f', 'a0ef1bfa-4a67-47cf-82ee-d218047e7a1d']"
99690b9c-516b-4358-8145-43e794ff2a67,13,"['e6adb41f-f3b5-45fb-90ca-a32500bc49e3', 'e6adb41f-f3b5-45fb-90ca-a32500bc49e3', 'e6adb41f-f3b5-45fb-90ca-a32500bc49e3', 'e6adb41f-f3b5-45fb-90ca-a32500bc49e3', 'e6adb41f-f3b5-45fb-90ca-a32500bc49e3', 'e6adb41f-f3b5-45fb-90ca-a32500bc49e3', 'e6adb41f-f3b5-45fb-90ca-a32500bc49e3', 'e6adb41f-f3b5-45fb-90ca-a32500bc49e3', 'e6adb41f-f3b5-45fb-90ca-a32500bc49e3', 'e6adb41f-f3b5-45fb-90ca-a32500bc49e3', 'e6adb41f-f3b5-45fb-90ca-a32500bc49e3', 'e6adb41f-f3b5-45fb-90ca-a32500bc49e3', 'e6adb41f-f3b5-45fb-90ca-a32500bc49e3', 'e6adb41f-f3b5-45fb-90ca-a32500bc49e3', 'e6adb41f-f3b5-45fb-90ca-a32500bc49e3', 'e6adb41f-f3b5-45fb-90ca-a32500bc49e3', 'e6adb41f-f3b5-45fb-90ca-a32500bc49e3', 'e6adb41f-f3b5-45fb-90ca-a32500bc49e3', 'e6adb41f-f3b5-45fb-90ca-a32500bc49e3', 'e6adb41f-f3b5-45fb-90ca-a32500bc49e3', 'e6adb41f-f3b5-45fb-90ca-a32500bc49e3', 'e6adb41f-f3b5-45fb-90ca-a32500bc49e3', 'e6adb41f-f3b5-45fb-90ca-a32500bc49e3', '313baf06-eb4a-43b0-939b-2201baeae6a5', '1628b15f-245d-4f10-8bee-2b3facaf285c', '76137d6d-c2fc-4b07-a280-93cc3094ed57', 'baa2b456-2e83-4534-9c6e-7433442f46af', 'c07f4a87-9e49-431d-876d-517a3e90b0dc', '566a790c-f6c2-47e3-8cbf-de0b46582a09', '248a1f63-6f1c-44f6-9dd4-8505779b1c36', '054cb624-ce54-4807-b31a-67285d587d22', '1477c049-b077-44e8-adc3-df6f18de5460', 'b0fc80a0-0613-4513-8806-e547707044f9', '91498c0a-b747-4b79-8c46-af9aaa943471', '975a14cd-4a58-4fd6-bf1a-3ec66f9b2a88', '64421d98-2107-4025-82ec-866785b76e6f', '708839ff-ad49-44f0-89d2-9eb9e731facc', '8fbcf329-9b40-49d2-a32a-f02fdc259e3f', 'a0ef1bfa-4a67-47cf-82ee-d218047e7a1d', '5b81022a-3490-47da-bbe8-3d094c63bc68', 'c527611b-d5e6-43a9-8387-468f7f511484', 'fdf7645b-342a-43fb-8025-f511e06ed0cf', 'c83ea7c9-242b-4c56-afa6-5517e432a92e', '6d2b8b27-de87-48d9-b954-e4d64f844082', '8d671d78-32e2-4402-a5bf-c2fe3fafac7b', 'f31a9c0f-a922-4521-a9c9-60bd56b8cdac', '804168a9-f3ba-41dc-b50f-3dd92015173a', '0c2415fe-83c2-4025-bcbe-998bc4130fe5', '5f6d195f-ef6c-4d7d-a036-29acb78b8276', '98547e69-ecc8-4c3f-8ca1-f9c0c39d488c']"
99690b9c-516b-4358-8145-43e794ff2a67,14,"['e6adb41f-f3b5-45fb-90ca-a32500bc49e3', 'e6adb41f-f3b5-45fb-90ca-a32500bc49e3', 'e6adb41f-f3b5-45fb-90ca-a32500bc49e3', 'e6adb41f-f3b5-45fb-90ca-a32500bc49e3', 'e6adb41f-f3b5-45fb-90ca-a32500bc49e3', 'e6adb41f-f3b5-45fb-90ca-a32500bc49e3', 'e6adb41f-f3b5-45fb-90ca-a32500bc49e3', 'e6adb41f-f3b5-45fb-90ca-a32500bc49e3', 'e6adb41f-f3b5-45fb-90ca-a32500bc49e3', 'e6adb41f-f3b5-45fb-90ca-a32500bc49e3', 'e6adb41f-f3b5-45fb-90ca-a32500bc49e3', 'e6adb41f-f3b5-45fb-90ca-a32500bc49e3', 'e6adb41f-f3b5-45fb-90ca-a32500bc49e3', 'e6adb41f-f3b5-45fb-90ca-a32500bc49e3', 'e6adb41f-f3b5-45fb-90ca-a32500bc49e3', 'e6adb41f-f3b5-45fb-90ca-a32500bc49e3', 'e6adb41f-f3b5-45fb-90ca-a32500bc49e3', 'e6adb41f-f3b5-45fb-90ca-a32500bc49e3', 'e6adb41f-f3b5-45fb-90ca-a32500bc49e3', 'e6adb41f-f3b5-45fb-90ca-a32500bc49e3', 'e6adb41f-f3b5-45fb-90ca-a32500bc49e3', 'e6adb41f-f3b5-45fb-90ca-a32500bc49e3', 'e6adb41f-f3b5-45fb-90ca-a32500bc49e3', 'e6adb41f-f3b5-45fb-90ca-a32500bc49e3', 'e6adb41f-f3b5-45fb-90ca-a32500bc49e3', 'e6adb41f-f3b5-45fb-90ca-a32500bc49e3', 'e6adb41f-f3b5-45fb-90ca-a32500bc49e3', 'e6adb41f-f3b5-45fb-90ca-a32500bc49e3', 'e6adb41f-f3b5-45fb-90ca-a32500bc49e3', 'e6adb41f-f3b5-45fb-90ca-a32500bc49e3', 'e6adb41f-f3b5-45fb-90ca-a32500bc49e3', 'e6adb41f-f3b5-45fb-90ca-a32500bc49e3', 'e6adb41f-f3b5-45fb-90ca-a32500bc49e3', 'e6adb41f-f3b5-45fb-90ca-a32500bc49e3', 'e6adb41f-f3b5-45fb-90ca-a32500bc49e3', 'e6adb41f-f3b5-45fb-90ca-a32500bc49e3', 'e6adb41f-f3b5-45fb-90ca-a32500bc49e3', 'e6adb41f-f3b5-45fb-90ca-a32500bc49e3', 'e6adb41f-f3b5-45fb-90ca-a32500bc49e3', '16b6a35e-7a6a-48dc-93a1-2604cb328e66', '31f24ba9-2b0e-4276-85b7-cbbc3b425470', '942e0cef-bd48-4761-8738-3ad18245ab5b', 'd597910c-b39d-4b5b-9181-1576396b1c87', 'da3dbe92-3577-47ca-a3f0-39ccaeee3bad', '25385654-5ad8-4d5d-ac2f-d77db175ef9d', 'c10b1b48-9e05-4ac2-aa90-499badb6196c', '70ecc1a9-4903-45bb-a347-595752382599', '35dd4e48-9ce9-42cc-b63f-ec773f1b794f', '80f08a8b-4b4e-4d8d-9431-aa9a9c57e136', '5175bcda-2559-4ba6-909a-cc5611bfe267']"
99690b9c-516b-4358-8145-43e794ff2a67,15,"['e6adb41f-f3b5-45fb-90ca-a32500bc49e3', 'e6adb41f-f3b5-45fb-90ca-a32500bc49e3', 'e6adb41f-f3b5-45fb-90ca-a32500bc49e3', 'e6adb41f-f3b5-45fb-90ca-a32500bc49e3', 'e6adb41f-f3b5-45fb-90ca-a32500bc49e3', 'e6adb41f-f3b5-45fb-90ca-a32500bc49e3', 'e6adb41f-f3b5-45fb-90ca-a32500bc49e3', 'e6adb41f-f3b5-45fb-90ca-a32500bc49e3', 'e6adb41f-f3b5-45fb-90ca-a32500bc49e3', 'e6adb41f-f3b5-45fb-90ca-a32500bc49e3', 'e6adb41f-f3b5-45fb-90ca-a32500bc49e3', 'e6adb41f-f3b5-45fb-90ca-a32500bc49e3', 'e6adb41f-f3b5-45fb-90ca-a32500bc49e3', 'e6adb41f-f3b5-45fb-90ca-a32500bc49e3', 'e6adb41f-f3b5-45fb-90ca-a32500bc49e3', 'e6adb41f-f3b5-45fb-90ca-a32500bc49e3', 'e6adb41f-f3b5-45fb-90ca-a32500bc49e3', 'e6adb41f-f3b5-45fb-90ca-a32500bc49e3', 'e6adb41f-f3b5-45fb-90ca-a32500bc49e3', 'e6adb41f-f3b5-45fb-90ca-a32500bc49e3', 'e6adb41f-f3b5-45fb-90ca-a32500bc49e3', 'e6adb41f-f3b5-45fb-90ca-a32500bc49e3', 'e6adb41f-f3b5-45fb-90ca-a32500bc49e3', 'e6adb41f-f3b5-45fb-90ca-a32500bc49e3', 'e6adb41f-f3b5-45fb-90ca-a32500bc49e3', 'e6adb41f-f3b5-45fb-90ca-a32500bc49e3', 'e6adb41f-f3b5-45fb-90ca-a32500bc49e3', 'e6adb41f-f3b5-45fb-90ca-a32500bc49e3', 'e6adb41f-f3b5-45fb-90ca-a32500bc49e3', 'e6adb41f-f3b5-45fb-90ca-a32500bc49e3', 'e6adb41f-f3b5-45fb-90ca-a32500bc49e3', 'e6adb41f-f3b5-45fb-90ca-a32500bc49e3', '16b6a35e-7a6a-48dc-93a1-2604cb328e66', '31f24ba9-2b0e-4276-85b7-cbbc3b425470', '942e0cef-bd48-4761-8738-3ad18245ab5b', 'd597910c-b39d-4b5b-9181-1576396b1c87', 'da3dbe92-3577-47ca-a3f0-39ccaeee3bad', 'c10b1b48-9e05-4ac2-aa90-499badb6196c', '70ecc1a9-4903-45bb-a347-595752382599', '35dd4e48-9ce9-42cc-b63f-ec773f1b794f', '80f08a8b-4b4e-4d8d-9431-aa9a9c57e136', '5175bcda-2559-4ba6-909a-cc5611bfe267', '8870cc6d-3c04-4404-8700-31c2c10063a6', '8e9b9bbb-4412-4d30-b284-bcd9b113ca22', '7b63be53-7c8d-432f-a313-de6edc93e7aa', 'c9eae299-754f-4fc7-95c8-fbf08e1214f7', '3d5f169d-cb81-45f3-8eb4-b73763de03a6', 'd9667766-381e-4d76-b496-30b51340a1fa', 'c437dfd9-07eb-4c03-8499-18d3de38efd8', 'f886d19f-f9ff-4980-8b12-f3ca7d2da43d']"
