run_id,itr,pool_members_uuids
9ba94003-0fbe-4917-8c57-637259f76ec6,0,['d082881b-c403-4d36-b006-952a1d32e5a2']
a6dc8f70-4c2d-4be8-9b7c-5538e5e5e130,0,['cda7bc16-f937-4c17-a8f4-5c2878563150']
e19a3c38-7025-4e07-9cb6-456a329b1463,0,['cc9571ff-160e-42ec-a2ce-e47d9695c9fc']
9ba94003-0fbe-4917-8c57-637259f76ec6,1,['122d7154-1f5a-4ce5-b734-1dcd8cb8e66b']
a6dc8f70-4c2d-4be8-9b7c-5538e5e5e130,1,['5a210467-688e-4a12-80a8-e42bdd0a27ec']
e19a3c38-7025-4e07-9cb6-456a329b1463,1,['1001043b-7fd5-42c7-a0d1-1443d7d6637b']
9ba94003-0fbe-4917-8c57-637259f76ec6,2,['e8632703-6857-4c95-a96a-cfac0b6594c8']
a6dc8f70-4c2d-4be8-9b7c-5538e5e5e130,2,['0bd4276a-e9db-42eb-8c4f-9303ae6e6e9e']
e19a3c38-7025-4e07-9cb6-456a329b1463,2,['6962e273-923d-4c70-8379-e6c878e37ef3']
9ba94003-0fbe-4917-8c57-637259f76ec6,3,['a0a1c2b8-f035-44d0-a222-30f40157a9e8']
a6dc8f70-4c2d-4be8-9b7c-5538e5e5e130,3,['cd3f93b2-612e-4dad-8f98-7cc164e5f3cf']
e19a3c38-7025-4e07-9cb6-456a329b1463,3,['37cd9b61-99be-4f69-b366-d4b95c8a4ad2']
9ba94003-0fbe-4917-8c57-637259f76ec6,4,['8e4a1223-f071-4f8b-b1cd-6d0990c3594f']
e19a3c38-7025-4e07-9cb6-456a329b1463,4,['95e41aff-a132-46e9-8854-2bebd87638f0']
a6dc8f70-4c2d-4be8-9b7c-5538e5e5e130,4,['b2b25df1-bee0-4237-a01d-17fa4aad3e37']
9ba94003-0fbe-4917-8c57-637259f76ec6,5,['e2eb4607-38f9-4d9c-852e-20a651fe772b']
e19a3c38-7025-4e07-9cb6-456a329b1463,5,['abd18c55-a32b-45c6-813c-f9bc004a52fb']
a6dc8f70-4c2d-4be8-9b7c-5538e5e5e130,5,['5e8c2ff2-c9f4-422b-9f0d-33ea68321bc0']
9ba94003-0fbe-4917-8c57-637259f76ec6,6,['beaeab93-cad8-48d4-9991-04f4f834f72c']
e19a3c38-7025-4e07-9cb6-456a329b1463,6,['45907e77-ec97-4673-a004-a4837fa3faa1']
a6dc8f70-4c2d-4be8-9b7c-5538e5e5e130,6,['51a5e0b7-0110-493b-bed9-cb2a5136973a']
9ba94003-0fbe-4917-8c57-637259f76ec6,7,['176cc234-f69f-46a2-911e-5fdc126a4d66']
e19a3c38-7025-4e07-9cb6-456a329b1463,7,['a7a479c4-d1bf-4a37-b3fa-b9f89e3285ec']
a6dc8f70-4c2d-4be8-9b7c-5538e5e5e130,7,['058d9660-c864-4964-b708-cd10df788c2c']
9ba94003-0fbe-4917-8c57-637259f76ec6,8,['e319de9c-1c05-469e-a28e-377fd71b3120']
e19a3c38-7025-4e07-9cb6-456a329b1463,8,['017185e7-6080-4df8-934a-9fd857b4c935']
a6dc8f70-4c2d-4be8-9b7c-5538e5e5e130,8,['3eacb440-ee97-411b-9c68-9399293ad4af']
9ba94003-0fbe-4917-8c57-637259f76ec6,9,['0bef7558-25f5-4c6e-b999-60f8399194be']
e19a3c38-7025-4e07-9cb6-456a329b1463,9,['6bc4703b-c5b8-4b70-965d-a8e105c4b28a']
a6dc8f70-4c2d-4be8-9b7c-5538e5e5e130,9,['c77d247a-ca60-401f-88bd-50c06853df22']
e19a3c38-7025-4e07-9cb6-456a329b1463,10,['2f3d861c-6b47-48da-ac8b-0b1bcf6a01bd']
9ba94003-0fbe-4917-8c57-637259f76ec6,10,['f7442bda-673f-4506-a11e-f253cdaafd40']
a6dc8f70-4c2d-4be8-9b7c-5538e5e5e130,10,['1d0171f8-3031-4866-89c6-199046f6b7ed']
e19a3c38-7025-4e07-9cb6-456a329b1463,11,['469ee408-f50b-420f-a794-f9c1d8a8fad6']
9ba94003-0fbe-4917-8c57-637259f76ec6,11,['b581f5cc-1808-4372-a9b0-84c21abf1ed3']
a6dc8f70-4c2d-4be8-9b7c-5538e5e5e130,11,['7a008b50-9152-4b36-802e-f557becac26a']
e19a3c38-7025-4e07-9cb6-456a329b1463,12,['2eb8082b-9395-4fa4-962b-322dae09c603']
9ba94003-0fbe-4917-8c57-637259f76ec6,12,['be9f7259-8224-4db9-ac43-2d841c2d3a0f']
a6dc8f70-4c2d-4be8-9b7c-5538e5e5e130,12,['6d83ba1d-e04e-4125-90d6-ac8e30015a76']
e19a3c38-7025-4e07-9cb6-456a329b1463,13,['13711856-ef9e-4da2-84b2-b1f58471dff5']
9ba94003-0fbe-4917-8c57-637259f76ec6,13,['9d6f9516-19be-43ca-a90a-b7bcf5a81aaf']
a6dc8f70-4c2d-4be8-9b7c-5538e5e5e130,13,['6a0c84bf-62e7-486f-8585-f71209c5261d']
e19a3c38-7025-4e07-9cb6-456a329b1463,14,['d6c17ae6-09c8-47b4-8ede-c2aec79bdd80']
9ba94003-0fbe-4917-8c57-637259f76ec6,14,['f457a262-9413-446f-a96d-8e5f29bffcc9']
a6dc8f70-4c2d-4be8-9b7c-5538e5e5e130,14,['5a7980d2-4e7a-4ba9-97df-1f971ea69a8f']
e19a3c38-7025-4e07-9cb6-456a329b1463,15,['eba4b105-a0f7-4203-a3b0-88ae257ddbff']
9ba94003-0fbe-4917-8c57-637259f76ec6,15,['2195b88e-caa3-4378-b0db-f705c571c9aa']
e19a3c38-7025-4e07-9cb6-456a329b1463,16,['2e6bbbbd-cacb-4f4a-83cb-ec0c3c5933b6']
a6dc8f70-4c2d-4be8-9b7c-5538e5e5e130,15,['1d478b68-5e1c-41a7-beb1-f790fa689be3']
a98e38ff-6ed8-45db-8956-c54800849861,0,['f78c5014-17ca-414c-8551-0f9a73dedce0']
9ba94003-0fbe-4917-8c57-637259f76ec6,16,['ed58d8f1-b7f1-4003-bb13-15d4c73dfb05']
a6dc8f70-4c2d-4be8-9b7c-5538e5e5e130,16,['cb4d3aa1-a300-41c1-b2a0-e5bc6ad4e7d1']
e19a3c38-7025-4e07-9cb6-456a329b1463,17,['7aff2911-9735-4614-afc9-d6d8e23b8c25']
a98e38ff-6ed8-45db-8956-c54800849861,1,['f9f9ffbe-6b64-4940-86f8-dc5ee673b24a']
e19a3c38-7025-4e07-9cb6-456a329b1463,18,['4bac8ac1-5d97-41d3-86ad-d25f45b9bf47']
9ba94003-0fbe-4917-8c57-637259f76ec6,17,['a0e593b6-7196-44e4-942a-dbe6ba29f943']
a6dc8f70-4c2d-4be8-9b7c-5538e5e5e130,17,['1ffa9a70-d0d9-4615-850d-f2bf61c0478f']
a98e38ff-6ed8-45db-8956-c54800849861,2,['5621d988-6b98-4880-952c-77372ea27628']
e19a3c38-7025-4e07-9cb6-456a329b1463,19,['4f94d2b3-cd39-4c2d-bad5-e8fdc4221cc4']
a98e38ff-6ed8-45db-8956-c54800849861,3,['1274ac5a-28e3-41b9-a335-6c204bb703ee']
a6dc8f70-4c2d-4be8-9b7c-5538e5e5e130,18,['4c9a7f18-aa14-46a8-9b5c-a8738e5b33bf']
9ba94003-0fbe-4917-8c57-637259f76ec6,18,['fe660601-e465-4641-b8bc-667decb19b0c']
e19a3c38-7025-4e07-9cb6-456a329b1463,20,['dcd120db-4c98-4fdb-a72c-02c58edf639d']
a98e38ff-6ed8-45db-8956-c54800849861,4,['bab2c376-2845-4721-a7c7-f41a02180933']
a6dc8f70-4c2d-4be8-9b7c-5538e5e5e130,19,['5794cb76-bd57-481d-8a50-73b9790dac78']
e19a3c38-7025-4e07-9cb6-456a329b1463,21,['cd7b548e-4af5-4f53-a281-8f969bf52f29']
9ba94003-0fbe-4917-8c57-637259f76ec6,19,['056f92c4-7304-47f3-b2f4-e790ae7ed41f']
a98e38ff-6ed8-45db-8956-c54800849861,5,['db46e6dd-6ee4-4dd1-8af4-49c4030cf79e']
a6dc8f70-4c2d-4be8-9b7c-5538e5e5e130,20,['a66cc3bb-3447-43bf-85fe-30fc5e11c010']
a98e38ff-6ed8-45db-8956-c54800849861,6,['76bded0d-d247-4167-a1f1-1f4e6ea0364a']
e19a3c38-7025-4e07-9cb6-456a329b1463,22,['75dc1bc2-4c0b-4015-aa6f-9cd38b050fb2']
9ba94003-0fbe-4917-8c57-637259f76ec6,20,['e8005b6e-3471-4827-856d-3011f7f1fd38']
a6dc8f70-4c2d-4be8-9b7c-5538e5e5e130,21,['6998237d-fa78-4efb-917a-3856ba71d748']
a98e38ff-6ed8-45db-8956-c54800849861,7,['c035fc2b-9965-4531-acb6-40446a2dc938']
e19a3c38-7025-4e07-9cb6-456a329b1463,23,['b5e83983-52ee-47c7-bf19-870c91fcfb45']
9ba94003-0fbe-4917-8c57-637259f76ec6,21,['00966507-8e73-4733-acb4-8085c8cf5dd9']
a98e38ff-6ed8-45db-8956-c54800849861,8,['3621fbfb-59b8-41ac-bce4-4d9c5c862387']
a6dc8f70-4c2d-4be8-9b7c-5538e5e5e130,22,['080f7d4f-6e30-4cbc-8db9-f9200af64265']
e19a3c38-7025-4e07-9cb6-456a329b1463,24,['34e77644-00f5-4f75-9735-c15ea5ddae05']
9ba94003-0fbe-4917-8c57-637259f76ec6,22,['6b0fc636-2b25-4172-b4e1-be6d0048d81a']
a98e38ff-6ed8-45db-8956-c54800849861,9,['8e14477e-cbf0-4bea-a64b-88ea82b10156']
a6dc8f70-4c2d-4be8-9b7c-5538e5e5e130,23,['99905175-1cb8-44e7-bba5-fc6ac8283d5b']
e19a3c38-7025-4e07-9cb6-456a329b1463,25,['dd41dcbc-a47f-4657-b751-58748ad2752d']
a98e38ff-6ed8-45db-8956-c54800849861,10,['2b2c8394-e3df-4343-aad2-d540ec9448d7']
9ba94003-0fbe-4917-8c57-637259f76ec6,23,['4a5aac17-fb5c-491f-92f6-781183408c67']
a6dc8f70-4c2d-4be8-9b7c-5538e5e5e130,24,['dbc89990-9c1f-4c4b-b402-47a325004c15']
c8b29d06-4f87-438e-b6c9-0cb7c11c4057,0,['dc9c8a21-5304-4a1f-949a-dc155a1d5988']
e19a3c38-7025-4e07-9cb6-456a329b1463,26,['28c331f0-7d38-4d4c-b680-338196f330cf']
a98e38ff-6ed8-45db-8956-c54800849861,11,['cdba33fd-e62f-40e9-b4d4-bb378a8100ec']
9ba94003-0fbe-4917-8c57-637259f76ec6,24,['316b9920-2ded-4f23-ad52-c6f09230f7d3']
c8b29d06-4f87-438e-b6c9-0cb7c11c4057,1,['c2477597-ff4f-40ed-95dc-b0bcad6eacc2']
e19a3c38-7025-4e07-9cb6-456a329b1463,27,['98f3b546-903e-4a94-b4fa-f9d1cbed7a05']
a6dc8f70-4c2d-4be8-9b7c-5538e5e5e130,25,['a0d75b8c-9991-4392-8372-e901311d5999']
a98e38ff-6ed8-45db-8956-c54800849861,12,['4f5e5ef9-1299-4423-bccd-cb460851e1e7']
c8b29d06-4f87-438e-b6c9-0cb7c11c4057,2,['b9eca600-e2de-43d1-a536-b125b828e377']
9ba94003-0fbe-4917-8c57-637259f76ec6,25,['7a1915ac-7e49-4e14-94e5-978f377b545a']
e19a3c38-7025-4e07-9cb6-456a329b1463,28,['35e76ed7-978f-476a-8bf1-ed45707e1c19']
a98e38ff-6ed8-45db-8956-c54800849861,13,['03e215f0-9fb2-40dc-b944-aeab00dfe0ed']
a6dc8f70-4c2d-4be8-9b7c-5538e5e5e130,26,['111f0810-8572-4e0b-b5d3-87d7f9e4f315']
c8b29d06-4f87-438e-b6c9-0cb7c11c4057,3,['3e5d6edc-62a4-4f6c-9d1a-94165734f32f']
a98e38ff-6ed8-45db-8956-c54800849861,14,['728763b7-4cba-499b-8e79-a55f8ca3c225']
e19a3c38-7025-4e07-9cb6-456a329b1463,29,['6db95040-1830-460a-9321-ec0f54869bda']
9ba94003-0fbe-4917-8c57-637259f76ec6,26,['64ccd788-f637-4458-a57a-9a1fcdc0d160']
a6dc8f70-4c2d-4be8-9b7c-5538e5e5e130,27,['06965c7a-6cca-4a23-ab30-fbe2481a67bd']
c8b29d06-4f87-438e-b6c9-0cb7c11c4057,4,['a1748f58-3c8d-4a38-9d9b-0d89d22ea801']
a98e38ff-6ed8-45db-8956-c54800849861,15,['72acec71-4aec-4b39-964c-c66335f6a067']
9ba94003-0fbe-4917-8c57-637259f76ec6,27,['dc5f05d1-5811-4694-afb5-378da8677293']
c8b29d06-4f87-438e-b6c9-0cb7c11c4057,5,['cc03ce0c-c998-48a9-8e9b-7df653d91a7f']
e19a3c38-7025-4e07-9cb6-456a329b1463,30,['17e24f92-0c13-4c6d-83a0-0d2c6d96cc83']
a6dc8f70-4c2d-4be8-9b7c-5538e5e5e130,28,['d175d997-9246-44cb-a543-ea63bfa10d6c']
a98e38ff-6ed8-45db-8956-c54800849861,16,['34438208-395a-4601-9108-83f9a59c1ede']
c8b29d06-4f87-438e-b6c9-0cb7c11c4057,6,['7222ba74-185f-4708-ad44-9a8c494bb6ee']
9ba94003-0fbe-4917-8c57-637259f76ec6,28,['f5989a8e-7d05-4cf6-b7a1-bf74373f71f9']
e19a3c38-7025-4e07-9cb6-456a329b1463,31,['2e722a38-06ad-4085-aad6-cdc1f4aaf512']
a98e38ff-6ed8-45db-8956-c54800849861,17,['0cb14513-2d7e-4ea1-b3a0-4cd01e76cacf']
a6dc8f70-4c2d-4be8-9b7c-5538e5e5e130,29,['d638646b-5b8a-4162-ba8b-9d687598c402']
c8b29d06-4f87-438e-b6c9-0cb7c11c4057,7,['2c266a0d-57a4-4b12-bce8-d34a99312d73']
9ba94003-0fbe-4917-8c57-637259f76ec6,29,['7b1cb1f1-d4b4-42d2-919a-6a2845468569']
a98e38ff-6ed8-45db-8956-c54800849861,18,['8a9f5ea8-56a5-492b-b36d-afdcb73c851f']
e19a3c38-7025-4e07-9cb6-456a329b1463,32,['eac8831b-67d2-45fb-93ff-dafe0b4b1dc4']
c8b29d06-4f87-438e-b6c9-0cb7c11c4057,8,['7117687b-0ceb-4edd-b73b-fc52fe88c461']
a6dc8f70-4c2d-4be8-9b7c-5538e5e5e130,30,['04fab326-6456-4229-bd94-51c0e57b90ff']
c8b29d06-4f87-438e-b6c9-0cb7c11c4057,9,['516578c4-143c-4ace-81c9-a81056bb10fd']
a98e38ff-6ed8-45db-8956-c54800849861,19,['e53b8df8-64d5-4aac-87f2-9a07ba576852']
e19a3c38-7025-4e07-9cb6-456a329b1463,33,['42766df6-f0f0-4a76-af6c-248315c54051']
9ba94003-0fbe-4917-8c57-637259f76ec6,30,['2d4840bd-8dbd-4da7-8c00-dd4421f39b18']
a6dc8f70-4c2d-4be8-9b7c-5538e5e5e130,31,['53f65390-f86b-4ada-b341-8c83e85e3e9c']
a98e38ff-6ed8-45db-8956-c54800849861,20,['1521dd07-1935-41ac-b4ab-5afe2fec59a4']
c8b29d06-4f87-438e-b6c9-0cb7c11c4057,10,['c3926b53-b624-4800-bedc-27c2288d6981']
e19a3c38-7025-4e07-9cb6-456a329b1463,34,['be92287e-9ff2-4862-948f-0fd37c5c4dd8']
9ba94003-0fbe-4917-8c57-637259f76ec6,31,['2b208f4b-2302-4aa6-a7e4-7b460a90f7a6']
a6dc8f70-4c2d-4be8-9b7c-5538e5e5e130,32,['0de9612e-6102-4f80-bfd3-228758caf10d']
c8b29d06-4f87-438e-b6c9-0cb7c11c4057,11,['d4218c1b-704e-4fae-93c9-2f02a371ee89']
a98e38ff-6ed8-45db-8956-c54800849861,21,['fc28fa41-6c1d-4f6a-a98b-6f5afc6338b3']
e19a3c38-7025-4e07-9cb6-456a329b1463,35,['1f32093a-cd36-4f33-b3a2-893e283d5d78']
a6dc8f70-4c2d-4be8-9b7c-5538e5e5e130,33,['1cd6000a-54b2-40d3-a573-2146b491706d']
9ba94003-0fbe-4917-8c57-637259f76ec6,32,['0adee860-10df-4d41-b75a-04e3b14c2e78']
c8b29d06-4f87-438e-b6c9-0cb7c11c4057,12,['2277abf4-e927-4ae4-9455-2777e22f1e96']
a98e38ff-6ed8-45db-8956-c54800849861,22,['d3ffee7a-2904-4f39-a960-a1f641f7a9f7']
e19a3c38-7025-4e07-9cb6-456a329b1463,36,['2dd43737-c5c9-46f3-92e0-e4b108620ad6']
a6dc8f70-4c2d-4be8-9b7c-5538e5e5e130,34,['e53c5366-f425-4e52-abd7-1cb76d15953f']
c8b29d06-4f87-438e-b6c9-0cb7c11c4057,13,['3e262753-3e89-4952-be98-4b1a07576416']
9ba94003-0fbe-4917-8c57-637259f76ec6,33,['c71ab2c2-0366-4e90-a975-0a990b5ea1bf']
a98e38ff-6ed8-45db-8956-c54800849861,23,['b52e532b-6a05-40c9-9cfa-9e8dece67978']
e19a3c38-7025-4e07-9cb6-456a329b1463,37,['9487aa50-8f3c-4084-b148-0bef110a5441']
c8b29d06-4f87-438e-b6c9-0cb7c11c4057,14,['a579ae13-be61-4344-acf4-d1a9a49799b9']
a6dc8f70-4c2d-4be8-9b7c-5538e5e5e130,35,['129fcd7f-09d3-48d4-b0e2-39edf3a11e2d']
a98e38ff-6ed8-45db-8956-c54800849861,24,['d4205c2f-e862-4b12-a95f-e076eca29bce']
9ba94003-0fbe-4917-8c57-637259f76ec6,34,['f3359b91-96c5-4f46-8d4e-34a1a8317392']
e19a3c38-7025-4e07-9cb6-456a329b1463,38,['18b32057-cbe1-476f-970f-98d1b85062e8']
c8b29d06-4f87-438e-b6c9-0cb7c11c4057,15,['e5a713df-2a44-470a-8c19-a76db70d8f08']
a6dc8f70-4c2d-4be8-9b7c-5538e5e5e130,36,['0761e3ff-efb0-49b5-afbf-9354efec90d7']
a98e38ff-6ed8-45db-8956-c54800849861,25,['0dd9c8be-38ca-4149-9924-228e35b90caf']
c8b29d06-4f87-438e-b6c9-0cb7c11c4057,16,['6851a58b-c40f-4f43-8303-b11a2a18ae8a']
9ba94003-0fbe-4917-8c57-637259f76ec6,35,['3fb6ab8d-bce1-4ea9-9e88-469186e08fab']
e19a3c38-7025-4e07-9cb6-456a329b1463,39,['00cab1bf-3a5f-418e-abbc-bfe377d0df77']
a6dc8f70-4c2d-4be8-9b7c-5538e5e5e130,37,['90a37467-656d-4449-bc8e-f75a0f2f18b8']
a98e38ff-6ed8-45db-8956-c54800849861,26,['a88f9d18-c701-4ec5-87b0-5e0609b23f1f']
c8b29d06-4f87-438e-b6c9-0cb7c11c4057,17,['44dfe4cc-f530-4f3c-941f-7255b1fccd1e']
e19a3c38-7025-4e07-9cb6-456a329b1463,40,['bb67a2ef-11b7-4b9f-b283-7ffc50258bf9']
9ba94003-0fbe-4917-8c57-637259f76ec6,36,['5a08325e-8af9-4b88-891a-30d908aea519']
a98e38ff-6ed8-45db-8956-c54800849861,27,['a59b1715-c12f-4fe5-8cb5-4f07246522f5']
a6dc8f70-4c2d-4be8-9b7c-5538e5e5e130,38,['3d93776a-5f17-4a7d-a733-327e3f9f18ce']
c8b29d06-4f87-438e-b6c9-0cb7c11c4057,18,['45042d18-d04a-4736-829d-ed2b31650863']
e19a3c38-7025-4e07-9cb6-456a329b1463,41,['2ce3f302-7860-4a76-88a5-efe118e8add0']
3d4fddd4-da58-4294-ab24-18381e0936ea,0,['4cb705e2-025a-4ad9-b190-800973124403']
bd9798ed-db85-4a19-88e7-b85702856dc1,0,['6fa1b120-47aa-45e7-a608-3f8b0cb70c94']
c8b29d06-4f87-438e-b6c9-0cb7c11c4057,19,['4adffbb3-867c-42b9-9539-e2ecfbdeae12']
9ba94003-0fbe-4917-8c57-637259f76ec6,37,['415649f9-65a5-44ec-97ee-ccf142e49da7']
a6dc8f70-4c2d-4be8-9b7c-5538e5e5e130,39,['e03fb50a-3cc3-475d-b5b8-4ccaff8e233b']
a98e38ff-6ed8-45db-8956-c54800849861,28,['901de367-0459-4e0a-9ea9-b76d0ca8adf1']
e19a3c38-7025-4e07-9cb6-456a329b1463,42,['08d087eb-2c7e-46b9-939f-d91e72d034e2']
bd9798ed-db85-4a19-88e7-b85702856dc1,1,['62ab87b6-6891-43d2-a6c7-fff5aa9b9ecf']
3d4fddd4-da58-4294-ab24-18381e0936ea,1,['52703d23-b78a-4182-89ba-e557870f7c7c']
c8b29d06-4f87-438e-b6c9-0cb7c11c4057,20,['3888f963-8ad6-44f2-8d4c-40140688ed2a']
a6dc8f70-4c2d-4be8-9b7c-5538e5e5e130,40,['b792ea9a-dac1-4101-a2f2-60e52bbe3db9']
a98e38ff-6ed8-45db-8956-c54800849861,29,['117a4745-023b-4dc6-a1d3-25a5142141f2']
9ba94003-0fbe-4917-8c57-637259f76ec6,38,['54bbe9d5-bd8c-4994-9962-e14aa6db14f2']
3d4fddd4-da58-4294-ab24-18381e0936ea,2,['503772ee-2374-4c3c-bb10-d4e6b483819a']
bd9798ed-db85-4a19-88e7-b85702856dc1,2,['3150ca4f-c10c-4da6-a866-f02375e7b37a']
e19a3c38-7025-4e07-9cb6-456a329b1463,43,['420cc826-3475-4693-82ef-29bffc3c45fe']
c8b29d06-4f87-438e-b6c9-0cb7c11c4057,21,['d0ee1398-09c6-4887-8e6b-3193b81512e7']
a6dc8f70-4c2d-4be8-9b7c-5538e5e5e130,41,['8c625e89-c59d-48da-9023-6f44d7d799dc']
bd9798ed-db85-4a19-88e7-b85702856dc1,3,['f89feb07-ab0e-457f-8408-fd854749c46f']
a98e38ff-6ed8-45db-8956-c54800849861,30,['a0add3c2-67ab-41df-9575-20bdb07667f0']
3d4fddd4-da58-4294-ab24-18381e0936ea,3,['b7115307-02bc-4bc1-b153-e4968bfba34f']
e19a3c38-7025-4e07-9cb6-456a329b1463,44,['57ad1364-58dd-4475-9697-505f5cf57478']
c8b29d06-4f87-438e-b6c9-0cb7c11c4057,22,['04e018e6-425f-4725-8c9a-fe4b427d359e']
9ba94003-0fbe-4917-8c57-637259f76ec6,39,['8390cad4-3a20-4e3b-a367-0cd679fa201a']
bd9798ed-db85-4a19-88e7-b85702856dc1,4,['ff870d0e-9e0e-4394-b13f-d3c569a3bd3d']
a6dc8f70-4c2d-4be8-9b7c-5538e5e5e130,42,['9de07e18-27ca-4ff9-9d56-ff57b859396f']
3d4fddd4-da58-4294-ab24-18381e0936ea,4,['e5a1a965-26f3-4229-a5a9-9121747f7392']
a98e38ff-6ed8-45db-8956-c54800849861,31,['302eb87c-0b93-4923-8f0c-e5a7b1dee97e']
c8b29d06-4f87-438e-b6c9-0cb7c11c4057,23,['a4a63216-0b41-4829-9824-da47baf367cd']
e19a3c38-7025-4e07-9cb6-456a329b1463,45,['86f312a9-150b-4351-bd4d-5af6c56ac93a']
bd9798ed-db85-4a19-88e7-b85702856dc1,5,['37e1c888-cbfc-4360-80aa-1fcd3bca3f67']
3d4fddd4-da58-4294-ab24-18381e0936ea,5,['14ff05d8-b5f2-4443-ba5a-83781d0b18b6']
9ba94003-0fbe-4917-8c57-637259f76ec6,40,['2a19f78f-bc5f-42ed-b647-b0dcab72e1ed']
a98e38ff-6ed8-45db-8956-c54800849861,32,['e6c5d0cd-c1ce-4c95-a01b-627ce3abc6e7']
a6dc8f70-4c2d-4be8-9b7c-5538e5e5e130,43,['655e27bf-14a3-4267-a61c-badce2446820']
c8b29d06-4f87-438e-b6c9-0cb7c11c4057,24,['39184f5f-e1ca-4278-8b34-949fdfe794c4']
bd9798ed-db85-4a19-88e7-b85702856dc1,6,['43806aca-39ba-496e-b533-ee2e80e70890']
3d4fddd4-da58-4294-ab24-18381e0936ea,6,['10540cc2-d6fb-401f-874c-82ffdd10c9e1']
e19a3c38-7025-4e07-9cb6-456a329b1463,46,['a052c2a4-0533-435f-a35a-b034b266e4b5']
9ba94003-0fbe-4917-8c57-637259f76ec6,41,['961bed81-3d1a-490c-a326-568689fd5c4d']
c8b29d06-4f87-438e-b6c9-0cb7c11c4057,25,['41f6996c-099e-4bb2-ad4c-a1dfe599d96b']
bd9798ed-db85-4a19-88e7-b85702856dc1,7,['14573b3c-eef8-4b1e-8ecb-f14a087dfb16']
a98e38ff-6ed8-45db-8956-c54800849861,33,['bdce7a12-1b86-4b94-b71e-fa7424c3cecc']
a6dc8f70-4c2d-4be8-9b7c-5538e5e5e130,44,['5268c40d-c17b-4474-99b6-8901cf38ec8a']
3d4fddd4-da58-4294-ab24-18381e0936ea,7,['24856521-1268-4fbe-be67-b40cc146cee2']
e19a3c38-7025-4e07-9cb6-456a329b1463,47,['4b24f3ee-3081-4ddb-b637-180ee8205ebf']
bd9798ed-db85-4a19-88e7-b85702856dc1,8,['0b0430d1-5619-423b-9aa9-66189c7f2ff9']
c8b29d06-4f87-438e-b6c9-0cb7c11c4057,26,['f8094398-383f-4ba5-aaf3-0a1a7da170fc']
9ba94003-0fbe-4917-8c57-637259f76ec6,42,['b22682f8-fb4b-4959-99c3-efc9aab612a7']
3d4fddd4-da58-4294-ab24-18381e0936ea,8,['5e25d39d-45c0-4483-8f38-e37e22493358']
a98e38ff-6ed8-45db-8956-c54800849861,34,['14020985-1a5b-440c-83eb-24dc1d4bc711']
a6dc8f70-4c2d-4be8-9b7c-5538e5e5e130,45,['f7d6f320-551f-47ba-86e0-b611b9e9b7df']
e19a3c38-7025-4e07-9cb6-456a329b1463,48,['ecad7c09-4a98-4d26-8163-6f4adae0d396']
bd9798ed-db85-4a19-88e7-b85702856dc1,9,['216ed99a-10af-4a82-9b77-d13da4eecd18']
3d4fddd4-da58-4294-ab24-18381e0936ea,9,['2d313848-d937-437d-b2d3-d75e079315ee']
c8b29d06-4f87-438e-b6c9-0cb7c11c4057,27,['50f9b44a-6240-4faa-93e2-0ec0698c85a0']
9ba94003-0fbe-4917-8c57-637259f76ec6,43,['1d892bbf-717e-4043-80b5-e8040372012e']
a6dc8f70-4c2d-4be8-9b7c-5538e5e5e130,46,['eca6388b-5059-42bb-a904-aaab7adb9e48']
bd9798ed-db85-4a19-88e7-b85702856dc1,10,['ccc91f33-5c65-46cc-b10a-363cbe17e0b1']
a98e38ff-6ed8-45db-8956-c54800849861,35,['f02c8676-f18c-43e9-9ced-5e5d0bd2064c']
e19a3c38-7025-4e07-9cb6-456a329b1463,49,['8164c112-975a-4e96-ad25-8317f4430344']
3d4fddd4-da58-4294-ab24-18381e0936ea,10,['b2478632-3e54-40de-be71-637f009be15b']
c8b29d06-4f87-438e-b6c9-0cb7c11c4057,28,['0bff33e2-d55e-4337-9855-0a583387d2be']
bd9798ed-db85-4a19-88e7-b85702856dc1,11,['13043299-f0d9-4876-a859-bfbf0f979164']
9ba94003-0fbe-4917-8c57-637259f76ec6,44,['801c1f62-dafe-468e-b213-9ad66f5ee8d8']
a6dc8f70-4c2d-4be8-9b7c-5538e5e5e130,47,['0b9bd7b1-863c-4841-b65d-3a0b82efa4e9']
a98e38ff-6ed8-45db-8956-c54800849861,36,['6c425e8e-76a2-42f8-b4af-74c030cb4c80']
3d4fddd4-da58-4294-ab24-18381e0936ea,11,['e2c24a3e-b5ec-4dfc-9c86-43ac3e95c5be']
bd9798ed-db85-4a19-88e7-b85702856dc1,12,['cc5fde02-95a3-4ece-8b59-bec38d200613']
c8b29d06-4f87-438e-b6c9-0cb7c11c4057,29,['1a5cede2-6df8-40ef-bada-eaf25f0b7ece']
e19a3c38-7025-4e07-9cb6-456a329b1463,50,['153e40b6-f24b-4163-ad15-d8242f723bfe']
9ba94003-0fbe-4917-8c57-637259f76ec6,45,['ab550479-0172-47b0-bf89-061b56e5542b']
a6dc8f70-4c2d-4be8-9b7c-5538e5e5e130,48,['ca50fdcc-afa9-4423-b651-4332db438329']
bd9798ed-db85-4a19-88e7-b85702856dc1,13,['577c5add-2cb5-49e0-9e68-a8613bf440cc']
3d4fddd4-da58-4294-ab24-18381e0936ea,12,['1fc70b7d-7898-4f39-b6a8-bbd0f2932581']
a98e38ff-6ed8-45db-8956-c54800849861,37,['d637ce1d-8a69-4e75-96ec-b079bb310f82']
c8b29d06-4f87-438e-b6c9-0cb7c11c4057,30,['0ad974ca-6141-4e9a-b6bd-b119f7357e85']
e19a3c38-7025-4e07-9cb6-456a329b1463,51,['4a63747f-df4e-44cb-a51d-cdce4249c628']
3d4fddd4-da58-4294-ab24-18381e0936ea,13,['8f13cc2e-644a-4984-abec-440c9bcfbf9a']
9ba94003-0fbe-4917-8c57-637259f76ec6,46,['c539d2c0-e729-4592-bc01-a3b993d5f524']
bd9798ed-db85-4a19-88e7-b85702856dc1,14,['1d33e4fe-256d-4b77-8a77-d83437805c8f']
a6dc8f70-4c2d-4be8-9b7c-5538e5e5e130,49,['bbf68b44-2e49-4681-862e-abf1efd5d12d']
c8b29d06-4f87-438e-b6c9-0cb7c11c4057,31,['825d5e91-97cc-473e-9c66-fc713aa5343b']
a98e38ff-6ed8-45db-8956-c54800849861,38,['e1803237-9cfc-46af-827f-2e47eddcca8c']
bd9798ed-db85-4a19-88e7-b85702856dc1,15,['704d0061-062b-4aab-a85c-b2787ea7f08c']
3d4fddd4-da58-4294-ab24-18381e0936ea,14,['619d8243-1c86-4419-a6e1-3f2bccb59140']
e19a3c38-7025-4e07-9cb6-456a329b1463,52,['96342c37-015e-4080-9c08-e2b54fe799fa']
9ba94003-0fbe-4917-8c57-637259f76ec6,47,['4a34e74d-b567-406b-afa4-b5119005aac9']
a6dc8f70-4c2d-4be8-9b7c-5538e5e5e130,50,['b2acca9c-815c-41df-9407-b22223e9ce8c']
c8b29d06-4f87-438e-b6c9-0cb7c11c4057,32,['990e8a83-50bf-449b-9e62-ce3371b6946c']
bd9798ed-db85-4a19-88e7-b85702856dc1,16,['f6281ec2-7db8-4156-8cbe-a292d6fa0ad9']
a98e38ff-6ed8-45db-8956-c54800849861,39,['3edc5218-e7d4-4b67-90ab-db16708d49aa']
3d4fddd4-da58-4294-ab24-18381e0936ea,15,['d5bbc2fe-055a-47f3-974b-6635be7aed26']
e19a3c38-7025-4e07-9cb6-456a329b1463,53,['3d54ed3f-a2c3-4d89-b504-a2d221045486']
9ba94003-0fbe-4917-8c57-637259f76ec6,48,['78e5bc71-519e-4792-b071-4d2981eedf0e']
c8b29d06-4f87-438e-b6c9-0cb7c11c4057,33,['d1015bd7-d985-4bc0-855d-69f75f91368e']
bd9798ed-db85-4a19-88e7-b85702856dc1,17,['e0c88d8d-95c7-4142-801a-83824bffa8d7']
3d4fddd4-da58-4294-ab24-18381e0936ea,16,['d7dd719f-781f-488f-87bd-a25931a9a163']
a6dc8f70-4c2d-4be8-9b7c-5538e5e5e130,51,['d58daeb9-2b48-4ef3-b39d-1db8bc249e5d']
a98e38ff-6ed8-45db-8956-c54800849861,40,['b8219075-673a-4e68-8266-9f6da107fd9c']
3d4fddd4-da58-4294-ab24-18381e0936ea,17,['81f25785-d7cf-4394-a920-ecb9fe03caaa']
bd9798ed-db85-4a19-88e7-b85702856dc1,18,['9373206c-ec0f-4f5e-8190-0678e4c30fbd']
e19a3c38-7025-4e07-9cb6-456a329b1463,54,['d175a846-ae35-4626-bc9d-9408617448ee']
c8b29d06-4f87-438e-b6c9-0cb7c11c4057,34,['5f4f4c64-7d0b-4c9a-ada2-d2dae1759c53']
9ba94003-0fbe-4917-8c57-637259f76ec6,49,['b17f3d56-8d33-488d-8070-552a4a5d3011']
a98e38ff-6ed8-45db-8956-c54800849861,41,['c9f90f3a-014b-475f-b40f-c5eb7594b00d']
a6dc8f70-4c2d-4be8-9b7c-5538e5e5e130,52,['2fd43624-cbdf-45ec-9677-25aec6389358']
bd9798ed-db85-4a19-88e7-b85702856dc1,19,['31fb4644-f4ca-4635-a5df-e2afdac118d1']
3d4fddd4-da58-4294-ab24-18381e0936ea,18,['f7188236-e64d-4f0c-abe2-a33b74158164']
c8b29d06-4f87-438e-b6c9-0cb7c11c4057,35,['2577ffc9-e314-4855-ab9d-cbf9cd97be22']
e19a3c38-7025-4e07-9cb6-456a329b1463,55,['268d98d3-c1b0-4374-ac91-70373fc6f3a5']
9ba94003-0fbe-4917-8c57-637259f76ec6,50,['639a98b8-cac5-4d09-949e-b1c49f7fc98b']
3d4fddd4-da58-4294-ab24-18381e0936ea,19,['c7613c19-373f-456e-9bf1-b34419544317']
bd9798ed-db85-4a19-88e7-b85702856dc1,20,['69350bcf-9f87-4d2a-91a1-64c89075644a']
a98e38ff-6ed8-45db-8956-c54800849861,42,['09bf52c2-620b-48e5-ad00-68467a5ad93d']
a6dc8f70-4c2d-4be8-9b7c-5538e5e5e130,53,['ede59192-cc4e-4e20-84c7-7d0905580d9e']
c8b29d06-4f87-438e-b6c9-0cb7c11c4057,36,['c1137afa-ff10-4586-abb7-17c57b017e4d']
e19a3c38-7025-4e07-9cb6-456a329b1463,56,['6ddb5436-9462-4720-8bd1-c6a712ada40b']
bd9798ed-db85-4a19-88e7-b85702856dc1,21,['fbdf5efd-8212-49b8-ac0f-0368a937036e']
3d4fddd4-da58-4294-ab24-18381e0936ea,20,['0c836fae-d599-46d0-9ecf-25dc35cd8e08']
9ba94003-0fbe-4917-8c57-637259f76ec6,51,['965c5619-2156-4def-98c0-af55c8673ef9']
a6dc8f70-4c2d-4be8-9b7c-5538e5e5e130,54,['bf37439c-d1f7-46e1-8eb1-989c91f54040']
a98e38ff-6ed8-45db-8956-c54800849861,43,['ede6a3fa-272e-4e0e-ac8b-a0e522d80c73']
c8b29d06-4f87-438e-b6c9-0cb7c11c4057,37,['bfd399f6-2471-4a84-b658-9149b4712f60']
e19a3c38-7025-4e07-9cb6-456a329b1463,57,['4d56134a-30ce-4ca0-8c71-dd3c043d56b0']
bd9798ed-db85-4a19-88e7-b85702856dc1,22,['ccaa90f5-8f1e-49d1-87f4-64163b463a24']
3d4fddd4-da58-4294-ab24-18381e0936ea,21,['62942e69-4931-4378-8fdf-b92e27feba6e']
9ba94003-0fbe-4917-8c57-637259f76ec6,52,['721f6c50-eff5-4e90-ac94-bb22baa1cc25']
a98e38ff-6ed8-45db-8956-c54800849861,44,['b3c913bb-9ccb-4200-8151-4dbd71fde93b']
a6dc8f70-4c2d-4be8-9b7c-5538e5e5e130,55,['f52be685-5df9-4989-95ce-cb08c3f88ce9']
c8b29d06-4f87-438e-b6c9-0cb7c11c4057,38,['0e5e2fce-9ed0-444a-b409-670df0dad67a']
bd9798ed-db85-4a19-88e7-b85702856dc1,23,['4958ccfc-4ed8-4751-b035-aba5348a3a11']
3d4fddd4-da58-4294-ab24-18381e0936ea,22,['4a58446b-addc-4414-ab3d-4cfa4e5281a7']
e19a3c38-7025-4e07-9cb6-456a329b1463,58,['06467f5d-8763-4ba9-bf23-8bafaa5f3c3a']
9ba94003-0fbe-4917-8c57-637259f76ec6,53,['e918bc8c-dcff-4272-b1a6-827f4df693b3']
bd9798ed-db85-4a19-88e7-b85702856dc1,24,['f7beb4d2-cef1-4d07-9c96-3fcf5b9469fb']
c8b29d06-4f87-438e-b6c9-0cb7c11c4057,39,['ec7e0071-a6c0-48ff-9fc0-507c2f0f5a38']
3d4fddd4-da58-4294-ab24-18381e0936ea,23,['a6548a5d-12ba-4f55-884c-ad089ac2a805']
a98e38ff-6ed8-45db-8956-c54800849861,45,['fcf3db30-d763-4908-8c1c-03bc8736f58a']
a6dc8f70-4c2d-4be8-9b7c-5538e5e5e130,56,['e23aa02c-7ee0-4087-adc6-1967cef4dc50']
e19a3c38-7025-4e07-9cb6-456a329b1463,59,['b8de138f-84aa-448c-bc06-4562e8656f79']
bd9798ed-db85-4a19-88e7-b85702856dc1,25,['cea085be-346d-4968-b936-35c9f7d4a982']
3d4fddd4-da58-4294-ab24-18381e0936ea,24,['614f561f-e7b7-4d42-8e3b-b0ef0caa974d']
c8b29d06-4f87-438e-b6c9-0cb7c11c4057,40,['c88cb862-3380-4d95-8086-890939009184']
9ba94003-0fbe-4917-8c57-637259f76ec6,54,['2f098ac9-49a3-4e66-83da-57c236f3edaf']
a98e38ff-6ed8-45db-8956-c54800849861,46,['3fd497d7-471a-4a51-83a4-527b92ac9dd7']
a6dc8f70-4c2d-4be8-9b7c-5538e5e5e130,57,['6695a15f-0540-4254-86b2-b79500fbce21']
bd9798ed-db85-4a19-88e7-b85702856dc1,26,['0d869856-c8e8-475b-8760-6c9d1a62b355']
3d4fddd4-da58-4294-ab24-18381e0936ea,25,['377ab854-864d-45ba-bada-84c6b7ae8ed5']
c8b29d06-4f87-438e-b6c9-0cb7c11c4057,41,['c6ffb46d-a469-436e-b6c8-a4567533129f']
e19a3c38-7025-4e07-9cb6-456a329b1463,60,['23a201b9-0ada-40f9-91f1-f9e36ac7f336']
9ba94003-0fbe-4917-8c57-637259f76ec6,55,['dd1263e4-6e85-433a-9cab-68e42a2c6c68']
a6dc8f70-4c2d-4be8-9b7c-5538e5e5e130,58,['64a6dff8-45f6-465c-9fa8-bfb6a8335910']
a98e38ff-6ed8-45db-8956-c54800849861,47,['1529648e-09e8-4048-8df3-b44d68ae264f']
bd9798ed-db85-4a19-88e7-b85702856dc1,27,['1c53f179-42d8-4964-9123-1ad1d0019827']
3d4fddd4-da58-4294-ab24-18381e0936ea,26,['2cf098ce-7b15-40a6-8b8b-0e7f80ec3140']
c8b29d06-4f87-438e-b6c9-0cb7c11c4057,42,['da2783f8-6afe-43ed-9969-1cff580a3a46']
e19a3c38-7025-4e07-9cb6-456a329b1463,61,['41ecafc2-3cf0-4afd-9c5e-aaeaa5e4427e']
bd9798ed-db85-4a19-88e7-b85702856dc1,28,['5eb6c0c5-32af-44e3-81cd-cc429661820d']
3d4fddd4-da58-4294-ab24-18381e0936ea,27,['f42c36ce-9416-4f08-960d-6f31eec10266']
a98e38ff-6ed8-45db-8956-c54800849861,48,['184d0765-e912-44ab-b5f0-a43b6b30dd1a']
9ba94003-0fbe-4917-8c57-637259f76ec6,56,['9f33c653-064e-41aa-abb0-be79d56bc207']
a6dc8f70-4c2d-4be8-9b7c-5538e5e5e130,59,['8beea547-7074-48dc-a2e7-844215ca72f7']
c8b29d06-4f87-438e-b6c9-0cb7c11c4057,43,['d44b2658-d382-4fea-a4ba-47c970243890']
3d4fddd4-da58-4294-ab24-18381e0936ea,28,['4dc1e6f3-5207-491f-9918-148039707cc1']
bd9798ed-db85-4a19-88e7-b85702856dc1,29,['375d9129-d142-402f-b5ca-f0e839d0aaae']
e19a3c38-7025-4e07-9cb6-456a329b1463,62,['31d23172-ab92-4243-af6e-540d2bf4ae94']
a98e38ff-6ed8-45db-8956-c54800849861,49,['4999b085-b3c5-4190-a452-dc053ae0a9ec']
a6dc8f70-4c2d-4be8-9b7c-5538e5e5e130,60,['e0b9a39b-96ae-4482-aa9e-0753db17434f']
c8b29d06-4f87-438e-b6c9-0cb7c11c4057,44,['f4ac2202-f457-4886-9d26-f4576016eb63']
9ba94003-0fbe-4917-8c57-637259f76ec6,57,['a941c6d1-023b-484a-bd0c-db924f0b3935']
3d4fddd4-da58-4294-ab24-18381e0936ea,29,['8765cb28-9437-49f6-872f-e00b723fe25e']
bd9798ed-db85-4a19-88e7-b85702856dc1,30,['852e16e5-ea62-4495-8d05-ec478004fe57']
e19a3c38-7025-4e07-9cb6-456a329b1463,63,['9b1ea624-af3b-4b1a-abe2-5b80de640e3f']
c8b29d06-4f87-438e-b6c9-0cb7c11c4057,45,['2e4bb7fc-c4d4-4de2-8948-f476af859a05']
a98e38ff-6ed8-45db-8956-c54800849861,50,['75f816dc-8220-4e73-afd0-3a423f9b1a81']
a6dc8f70-4c2d-4be8-9b7c-5538e5e5e130,61,['d42f1745-1ac7-41fd-b572-2990295f3a55']
3d4fddd4-da58-4294-ab24-18381e0936ea,30,['c860d19a-59db-4cc1-9ced-0eaba979eddc']
9ba94003-0fbe-4917-8c57-637259f76ec6,58,['29e71161-cff6-4015-937c-b4c9cfb7094a']
bd9798ed-db85-4a19-88e7-b85702856dc1,31,['6ab641a8-e37a-4161-a2ca-d9e97061b4d8']
e19a3c38-7025-4e07-9cb6-456a329b1463,64,['14d0163c-4f2a-42bb-b7e2-a0bc04dcc9cd']
3d4fddd4-da58-4294-ab24-18381e0936ea,31,['92795090-5e25-489d-a20f-0d03e91d0081']
c8b29d06-4f87-438e-b6c9-0cb7c11c4057,46,['5a89cb1d-46a1-4145-8e72-fa28335cff73']
a6dc8f70-4c2d-4be8-9b7c-5538e5e5e130,62,['da717af3-40e7-47df-a45c-6930f12a62ed']
bd9798ed-db85-4a19-88e7-b85702856dc1,32,['c0be0ba0-2562-4e65-a87b-367563900eb0']
a98e38ff-6ed8-45db-8956-c54800849861,51,['594ae2a3-410f-47d4-9495-2d1e9377611a']
9ba94003-0fbe-4917-8c57-637259f76ec6,59,['ed8dfc0b-130f-49d6-89a0-38dc9d570327']
e19a3c38-7025-4e07-9cb6-456a329b1463,65,['30ccb8a2-002a-487c-bf57-e9f7f8ec7ab6']
3d4fddd4-da58-4294-ab24-18381e0936ea,32,['3853bf14-d38a-4991-9d9d-0e72602cc9d4']
c8b29d06-4f87-438e-b6c9-0cb7c11c4057,47,['2636c331-0f34-490e-96ab-6f387832e39d']
bd9798ed-db85-4a19-88e7-b85702856dc1,33,['d6a798bd-3346-4b66-bb0c-24a5f9cc3923']
a6dc8f70-4c2d-4be8-9b7c-5538e5e5e130,63,['0fcee642-ce04-44cc-a78b-9778ac77e783']
a98e38ff-6ed8-45db-8956-c54800849861,52,['d811b43c-62c8-4be5-a8da-99588da26117']
9ba94003-0fbe-4917-8c57-637259f76ec6,60,['d51e9f82-bfd9-4dec-a527-8c54d17b4444']
3d4fddd4-da58-4294-ab24-18381e0936ea,33,['3c5f5e30-d00d-45e6-bfde-19a5e38eaaf5']
e19a3c38-7025-4e07-9cb6-456a329b1463,66,['c3527967-54e8-42f8-ade1-cbaed0cb2e0d']
c8b29d06-4f87-438e-b6c9-0cb7c11c4057,48,['0c7d0082-1bba-4a2e-8a98-608df529c138']
bd9798ed-db85-4a19-88e7-b85702856dc1,34,['0473dc4c-8b17-4826-bda2-22e4a14dc6aa']
a6dc8f70-4c2d-4be8-9b7c-5538e5e5e130,64,['b4927a19-dd85-4425-8df7-5c501847b623']
3d4fddd4-da58-4294-ab24-18381e0936ea,34,['18149356-a266-4132-9efc-1dfabeed7c3b']
9ba94003-0fbe-4917-8c57-637259f76ec6,61,['c4384b8c-d3be-46c7-9e2c-226ddfc8b01b']
c8b29d06-4f87-438e-b6c9-0cb7c11c4057,49,['f38f7cea-aca1-4df2-97a1-618fbcf7f5f9']
e19a3c38-7025-4e07-9cb6-456a329b1463,67,['515ac058-c97f-41b1-8ca2-0ce8c5371f01']
bd9798ed-db85-4a19-88e7-b85702856dc1,35,['31450a30-bc14-4ad0-be54-a511508bff73']
a98e38ff-6ed8-45db-8956-c54800849861,53,['01223364-b7ba-4e8c-b095-f1cdcbebc547']
3d4fddd4-da58-4294-ab24-18381e0936ea,35,['f57a58dd-a84f-4173-a6fc-e0e05319c115']
a6dc8f70-4c2d-4be8-9b7c-5538e5e5e130,65,['8cb8eb30-f3eb-4f21-af41-a10e0cd2e6a4']
bd9798ed-db85-4a19-88e7-b85702856dc1,36,['4e4478a9-c310-4d52-a71a-ae1d5324bcce']
e19a3c38-7025-4e07-9cb6-456a329b1463,68,['387383cc-1bba-45b1-ae50-462923076b3f']
c8b29d06-4f87-438e-b6c9-0cb7c11c4057,50,['b1f5a010-7a41-4331-9c35-263e916968fa']
9ba94003-0fbe-4917-8c57-637259f76ec6,62,['ed7381a0-5a1c-439d-b221-caf5edd5a8ca']
3d4fddd4-da58-4294-ab24-18381e0936ea,36,['6338659b-a7e1-408d-bc7d-4d726672238d']
a98e38ff-6ed8-45db-8956-c54800849861,54,['ae04f1c2-856e-4652-a126-471016fca528']
a6dc8f70-4c2d-4be8-9b7c-5538e5e5e130,66,['862bd5e4-346c-48af-8f65-72a01ef79bf6']
c8b29d06-4f87-438e-b6c9-0cb7c11c4057,51,['7dc0c304-c0dd-40ae-865f-16a793cb2006']
bd9798ed-db85-4a19-88e7-b85702856dc1,37,['721022a2-234d-4e5f-a54b-cbece297f7f3']
e19a3c38-7025-4e07-9cb6-456a329b1463,69,['ea0a9cc5-97c1-4f2e-a72a-1c1e2efcb869']
3d4fddd4-da58-4294-ab24-18381e0936ea,37,['c7afc27d-ce22-4cec-8421-fc1ac6db6131']
9ba94003-0fbe-4917-8c57-637259f76ec6,63,['c68d1fe6-4f58-4a00-8dc8-6938f401f09a']
a98e38ff-6ed8-45db-8956-c54800849861,55,['96628838-30c5-4a48-adbf-43d1cbdc1b42']
a6dc8f70-4c2d-4be8-9b7c-5538e5e5e130,67,['7790945e-1c92-4b77-a7c3-cb7b91b4e1a4']
c8b29d06-4f87-438e-b6c9-0cb7c11c4057,52,['af6241bd-2d93-41f6-b8a0-477c68014ca3']
bd9798ed-db85-4a19-88e7-b85702856dc1,38,['3ab103dc-3626-47ff-8e01-9a628f4b1c5e']
e19a3c38-7025-4e07-9cb6-456a329b1463,70,['f6e2de50-55a1-4fd5-8b2c-d747b61f6f50']
3d4fddd4-da58-4294-ab24-18381e0936ea,38,['b56d7b6b-7789-4084-89a7-968ceae30e37']
9ba94003-0fbe-4917-8c57-637259f76ec6,64,['303104ab-95b5-4f9f-8c29-e43d6a2a05fe']
c8b29d06-4f87-438e-b6c9-0cb7c11c4057,53,['15902954-636f-46c9-9e94-96e31649f980']
a98e38ff-6ed8-45db-8956-c54800849861,56,['e2543392-f2b6-4d21-9e1c-43c9b3b5c56b']
bd9798ed-db85-4a19-88e7-b85702856dc1,39,['3d0425e3-b378-4d19-86da-2e5b9e34731d']
3d4fddd4-da58-4294-ab24-18381e0936ea,39,['7d2315ae-3ff2-4c1d-a446-b04ac819ebac']
a6dc8f70-4c2d-4be8-9b7c-5538e5e5e130,68,['dc42f805-cfaf-481c-9b9a-5306d6e4108a']
e19a3c38-7025-4e07-9cb6-456a329b1463,71,['c4366875-f034-4ef6-b6c8-c9ec64d12f2b']
c8b29d06-4f87-438e-b6c9-0cb7c11c4057,54,['2d6e97c4-81ee-47e8-84cb-ec15086c479c']
a98e38ff-6ed8-45db-8956-c54800849861,57,['8f18ce8c-84b8-4d08-a390-10013c963a98']
3d4fddd4-da58-4294-ab24-18381e0936ea,40,['4b0daacd-c150-49b6-a4fd-a4114f164405']
9ba94003-0fbe-4917-8c57-637259f76ec6,65,['583f4a9f-14fd-462b-8ce1-5eb7bf360188']
bd9798ed-db85-4a19-88e7-b85702856dc1,40,['826350d1-d145-4552-9a98-6166f1c4e7b2']
a6dc8f70-4c2d-4be8-9b7c-5538e5e5e130,69,['6713b502-366b-472e-9ce1-3441debc9d80']
e19a3c38-7025-4e07-9cb6-456a329b1463,72,['55041125-ea2e-40b9-9711-f1981c6300ca']
c8b29d06-4f87-438e-b6c9-0cb7c11c4057,55,['73eec193-bf96-4d32-bd04-6c5c577815dc']
bd9798ed-db85-4a19-88e7-b85702856dc1,41,['953935b5-c75c-4aea-8b68-4ed0b1d53630']
3d4fddd4-da58-4294-ab24-18381e0936ea,41,['14f9c370-3985-489e-b207-b557a6ca7da9']
a98e38ff-6ed8-45db-8956-c54800849861,58,['0224e267-7b55-44e1-ba7a-e53a38b248c4']
9ba94003-0fbe-4917-8c57-637259f76ec6,66,['993c8d79-889a-4626-927d-d00aadbc0624']
a6dc8f70-4c2d-4be8-9b7c-5538e5e5e130,70,['9dec868c-097d-4942-b067-9d205fddc903']
e19a3c38-7025-4e07-9cb6-456a329b1463,73,['5793e2be-e320-42cd-b666-8f6452fa028f']
c8b29d06-4f87-438e-b6c9-0cb7c11c4057,56,['1f13cfbc-d62c-45b5-bdf7-c86aee133899']
bd9798ed-db85-4a19-88e7-b85702856dc1,42,['e5ef7af9-8002-4a2d-9a28-37fce49f0150']
3d4fddd4-da58-4294-ab24-18381e0936ea,42,['551040a1-bb0f-4c97-9062-df7dea335d30']
a98e38ff-6ed8-45db-8956-c54800849861,59,['88a6ef49-5c8b-4099-a50f-7e6f4a5e7d59']
9ba94003-0fbe-4917-8c57-637259f76ec6,67,['cc310f52-e96a-4e48-b163-c21ee61dad0c']
e19a3c38-7025-4e07-9cb6-456a329b1463,74,['2c8d8ade-7467-4180-beda-6a4fd91b24e5']
a6dc8f70-4c2d-4be8-9b7c-5538e5e5e130,71,['28799e2c-de06-4933-b4e0-1e2fb8195ec3']
c8b29d06-4f87-438e-b6c9-0cb7c11c4057,57,['7a7217b4-b827-407c-a6c0-3809fd3adcbc']
bd9798ed-db85-4a19-88e7-b85702856dc1,43,['102d4c4c-4e55-43a4-a796-19554920538e']
3d4fddd4-da58-4294-ab24-18381e0936ea,43,['9ce8a7b9-bf75-424f-9980-d1799365da05']
a98e38ff-6ed8-45db-8956-c54800849861,60,['7195c787-d18f-4b92-a045-a8c76b6f4102']
e19a3c38-7025-4e07-9cb6-456a329b1463,75,['a3fa25e4-e8b5-42b1-b972-ee1398c64c14']
c8b29d06-4f87-438e-b6c9-0cb7c11c4057,58,['1e776b2a-b067-4e9c-91c8-b8d724378845']
a6dc8f70-4c2d-4be8-9b7c-5538e5e5e130,72,['d4b5e3b9-0e66-4a8f-b08c-29c77f6cfa45']
bd9798ed-db85-4a19-88e7-b85702856dc1,44,['7e0b109c-8e53-43ea-ae88-d9ec792f25d9']
3d4fddd4-da58-4294-ab24-18381e0936ea,44,['37b19d35-fb19-498d-8a1d-ad80169f6024']
9ba94003-0fbe-4917-8c57-637259f76ec6,68,['1e2f50ab-e99a-42c8-88ee-23c0445cc7f2']
a98e38ff-6ed8-45db-8956-c54800849861,61,['79766eba-6e2a-4586-aece-8adab0bb7e78']
c8b29d06-4f87-438e-b6c9-0cb7c11c4057,59,['e360fcae-e0f8-4b22-bd1e-8a567e7a453e']
bd9798ed-db85-4a19-88e7-b85702856dc1,45,['40340053-8f70-45b7-9224-cf7ba2be256e']
e19a3c38-7025-4e07-9cb6-456a329b1463,76,['d46d1560-6f35-44a2-86ba-0220657385ef']
3d4fddd4-da58-4294-ab24-18381e0936ea,45,['9a0c639e-1f03-4086-bb46-600e55970566']
a6dc8f70-4c2d-4be8-9b7c-5538e5e5e130,73,['1ae33343-f42b-4d31-affc-26d006be6e39']
a98e38ff-6ed8-45db-8956-c54800849861,62,['7618555e-8848-4084-a972-d4d8c401da1e']
c8b29d06-4f87-438e-b6c9-0cb7c11c4057,60,['f3c02626-0703-4348-897c-2aaf3c27eb92']
9ba94003-0fbe-4917-8c57-637259f76ec6,69,['26eeac59-bfaf-480d-90b6-2e143d6109f7']
3d4fddd4-da58-4294-ab24-18381e0936ea,46,['cfd86af9-eba7-4ae4-8205-3ff1dba467be']
bd9798ed-db85-4a19-88e7-b85702856dc1,46,['f41afac5-6374-4e02-bb77-834d21cbcc24']
a6dc8f70-4c2d-4be8-9b7c-5538e5e5e130,74,['84e30b03-15a3-4d8b-9511-5b5e45e14a95']
e19a3c38-7025-4e07-9cb6-456a329b1463,77,['97855c82-271a-4bed-a685-91d0c3bc4e57']
c8b29d06-4f87-438e-b6c9-0cb7c11c4057,61,['b00f42e5-1452-4597-b252-cd7366ec59fd']
a98e38ff-6ed8-45db-8956-c54800849861,63,['13c18f71-1e8b-4131-abee-716386dffab8']
3d4fddd4-da58-4294-ab24-18381e0936ea,47,['ad76adcf-992d-4a82-9bbc-33dd925e5562']
bd9798ed-db85-4a19-88e7-b85702856dc1,47,['7519250b-bdeb-4d22-abf5-27deb7466b96']
a6dc8f70-4c2d-4be8-9b7c-5538e5e5e130,75,['2de50c56-a359-4233-8d42-d3e8d903b2a3']
9ba94003-0fbe-4917-8c57-637259f76ec6,70,['7d3787b9-a6cb-4c25-88c0-9df668906d88']
e19a3c38-7025-4e07-9cb6-456a329b1463,78,['67a1add5-ed32-47f3-9cff-8a0c706210bd']
c8b29d06-4f87-438e-b6c9-0cb7c11c4057,62,['6b732557-48b1-4c29-a5ea-06cf21c838fe']
a98e38ff-6ed8-45db-8956-c54800849861,64,['6ecb8c0a-e318-4994-92fc-bf7f5c003d1e']
a6dc8f70-4c2d-4be8-9b7c-5538e5e5e130,76,['3421d23c-cfc1-4b20-a82a-7bbf10dfd766']
bd9798ed-db85-4a19-88e7-b85702856dc1,48,['2cfab9a2-6bdb-42d1-a406-3f0981784d63']
c8b29d06-4f87-438e-b6c9-0cb7c11c4057,63,['d400f0df-f363-4ecb-8752-481c65a5ae58']
e19a3c38-7025-4e07-9cb6-456a329b1463,79,['3038cb11-7401-4ca4-8b52-5df12587ce99']
3d4fddd4-da58-4294-ab24-18381e0936ea,48,['2fd3572a-c23d-42d3-9c72-4a58d5d24d3b']
9ba94003-0fbe-4917-8c57-637259f76ec6,71,['8f7cee3f-5ea8-46f3-ae65-eed3dc8bafd5']
a98e38ff-6ed8-45db-8956-c54800849861,65,['22763ff4-566c-499f-a0ba-ecbae620e692']
a6dc8f70-4c2d-4be8-9b7c-5538e5e5e130,77,['6afca672-025c-407b-949b-a140c0144c6a']
c8b29d06-4f87-438e-b6c9-0cb7c11c4057,64,['335abd4b-c7ce-4dec-ba8c-f79d3e9e1795']
bd9798ed-db85-4a19-88e7-b85702856dc1,49,['90c968a7-3eb6-457e-adc4-4b6b22a6dab5']
e19a3c38-7025-4e07-9cb6-456a329b1463,80,['25dfbaf8-edda-460d-8fd7-9b3258ac1dda']
3d4fddd4-da58-4294-ab24-18381e0936ea,49,['f306a778-9886-4af1-abc9-eef28a99c06e']
9ba94003-0fbe-4917-8c57-637259f76ec6,72,['6de57ce2-8586-430b-a0db-04708b9ba2cc']
a98e38ff-6ed8-45db-8956-c54800849861,66,['052d931f-e4bf-4993-bec5-cf038594db40']
a6dc8f70-4c2d-4be8-9b7c-5538e5e5e130,78,['1ee1836a-6d7a-41d1-b65e-51343292e2ba']
c8b29d06-4f87-438e-b6c9-0cb7c11c4057,65,['4f5616b1-cd80-4b72-b291-92c40bceccb8']
bd9798ed-db85-4a19-88e7-b85702856dc1,50,['4475f033-90b8-4c6b-9476-457713496d32']
e19a3c38-7025-4e07-9cb6-456a329b1463,81,['f5a4b13a-9bdc-46c5-93a2-5a669d3aedae']
3d4fddd4-da58-4294-ab24-18381e0936ea,50,['f99212ae-053f-4c9b-a983-57904dfc2f3b']
9ba94003-0fbe-4917-8c57-637259f76ec6,73,['8fbbff46-bc7b-4227-8d8a-53fab481462a']
c8b29d06-4f87-438e-b6c9-0cb7c11c4057,66,['f91f4aa1-383e-43b8-9c33-1e99fe215462']
a6dc8f70-4c2d-4be8-9b7c-5538e5e5e130,79,['1ed8805b-eb8e-4058-8799-55a2725d2717']
a98e38ff-6ed8-45db-8956-c54800849861,67,['f2bf9e0c-f39e-47ac-88ce-c9161c597eaa']
bd9798ed-db85-4a19-88e7-b85702856dc1,51,['1b66c956-bd17-46b4-8206-184f4a81c96f']
e19a3c38-7025-4e07-9cb6-456a329b1463,82,['a72c58b7-0ded-41a3-8016-1b5263442811']
3d4fddd4-da58-4294-ab24-18381e0936ea,51,['0b414c99-9798-481f-adff-b31df2ae5bd3']
c8b29d06-4f87-438e-b6c9-0cb7c11c4057,67,['da477161-620e-49b1-b3e3-0fa1bcff5bab']
a6dc8f70-4c2d-4be8-9b7c-5538e5e5e130,80,['c15fd6ab-1325-4e36-a479-c52c521bf00b']
a98e38ff-6ed8-45db-8956-c54800849861,68,['8a24cddf-51a8-4864-92e8-5d9318cfa1aa']
bd9798ed-db85-4a19-88e7-b85702856dc1,52,['715d2c64-3185-4fc2-9ded-95250fca5a4a']
9ba94003-0fbe-4917-8c57-637259f76ec6,74,['fe6f3e7e-3218-43bc-b20e-167aba0efda0']
e19a3c38-7025-4e07-9cb6-456a329b1463,83,['00da2b8c-8eb4-40a9-9bcd-252630cf446c']
3d4fddd4-da58-4294-ab24-18381e0936ea,52,['21a45e96-f72c-4bd3-b681-8eef9fbe4b80']
c8b29d06-4f87-438e-b6c9-0cb7c11c4057,68,['66731f15-8f5a-4466-9a2e-a985afd5fe66']
a6dc8f70-4c2d-4be8-9b7c-5538e5e5e130,81,['8d918521-137a-423d-9596-8b4bb492170f']
a98e38ff-6ed8-45db-8956-c54800849861,69,['9ef5f958-8255-483b-b683-cf1ccb3507cb']
9ba94003-0fbe-4917-8c57-637259f76ec6,75,['f939f3bc-f776-4bb4-b260-dcab462cc8db']
bd9798ed-db85-4a19-88e7-b85702856dc1,53,['4c442450-4a08-4bbb-8fcc-5e6646f8aad6']
e19a3c38-7025-4e07-9cb6-456a329b1463,84,['8ca66492-a127-46fd-8521-29bfc758a988']
c8b29d06-4f87-438e-b6c9-0cb7c11c4057,69,['adad4f10-0648-4fbf-8e95-650ef84b0d02']
3d4fddd4-da58-4294-ab24-18381e0936ea,53,['a83bed61-8df5-4aa8-b2bc-f5f0d2d79a54']
a6dc8f70-4c2d-4be8-9b7c-5538e5e5e130,82,['53458c0b-ea06-4a98-9d4c-1782d9884f8a']
a98e38ff-6ed8-45db-8956-c54800849861,70,['a914ce36-2966-4a7d-829d-f26b0ce7eb00']
9ba94003-0fbe-4917-8c57-637259f76ec6,76,['9dd12a11-7e2a-4032-91e3-266899c5e717']
e19a3c38-7025-4e07-9cb6-456a329b1463,85,['5c841f8d-e81a-4e4b-9965-e95841d7098d']
bd9798ed-db85-4a19-88e7-b85702856dc1,54,['1858e6cf-9507-49f5-9461-e64dfa92647e']
c8b29d06-4f87-438e-b6c9-0cb7c11c4057,70,['6339715f-27e1-4ee5-a029-a7a5765346d4']
3d4fddd4-da58-4294-ab24-18381e0936ea,54,['2fca66f8-5014-4d92-8a4e-e7fc0d6a3e86']
a6dc8f70-4c2d-4be8-9b7c-5538e5e5e130,83,['9de4895a-0ee9-4239-834a-a25b5901ac50']
e19a3c38-7025-4e07-9cb6-456a329b1463,86,['746145ab-0b5c-4d71-9180-acb62c5f48e0']
9ba94003-0fbe-4917-8c57-637259f76ec6,77,['3325da9e-d1da-4c7e-9038-764e9df1810d']
a98e38ff-6ed8-45db-8956-c54800849861,71,['480ce945-ea47-4522-a3d0-4adeaf03815b']
c8b29d06-4f87-438e-b6c9-0cb7c11c4057,71,['728248eb-ced4-44e7-abe8-504cf41d6c35']
bd9798ed-db85-4a19-88e7-b85702856dc1,55,['0886abe1-f5ac-40ef-9759-b44222c6dfef']
3d4fddd4-da58-4294-ab24-18381e0936ea,55,['4a402f8f-34a5-4d0b-935d-6bb56377ff9f']
a6dc8f70-4c2d-4be8-9b7c-5538e5e5e130,84,['8347742e-1209-4852-89b7-39e619b3481a']
e19a3c38-7025-4e07-9cb6-456a329b1463,87,['d60e85e7-670a-4ed3-8872-7e7042e85d33']
a98e38ff-6ed8-45db-8956-c54800849861,72,['e7d19cd0-7f8b-4cf6-aa98-20c882db30af']
9ba94003-0fbe-4917-8c57-637259f76ec6,78,['70dab783-f9ca-495b-8aac-f2335394338b']
c8b29d06-4f87-438e-b6c9-0cb7c11c4057,72,['23b3243c-2e52-4cb4-8322-71f474e545a5']
bd9798ed-db85-4a19-88e7-b85702856dc1,56,['81ef7acf-ec79-4f69-9c20-9397d1bad016']
3d4fddd4-da58-4294-ab24-18381e0936ea,56,['edc51ea8-25d9-4abe-9462-60559c882bb4']
a6dc8f70-4c2d-4be8-9b7c-5538e5e5e130,85,['0014ac1a-42bb-4f07-800d-a826e10b25e7']
e19a3c38-7025-4e07-9cb6-456a329b1463,88,['4803ffe5-c63c-4dea-ac2d-de1f55d16855']
c8b29d06-4f87-438e-b6c9-0cb7c11c4057,73,['86d1f14f-6659-46df-be3a-99d4cf503cd4']
a98e38ff-6ed8-45db-8956-c54800849861,73,['4a2a4083-8a05-493f-8a2d-d1b0024e6a6c']
bd9798ed-db85-4a19-88e7-b85702856dc1,57,['dbca884c-3a99-48b4-8644-eb8aab811484']
9ba94003-0fbe-4917-8c57-637259f76ec6,79,['092e82ae-623c-4f2f-ba8f-0c684cd3b727']
3d4fddd4-da58-4294-ab24-18381e0936ea,57,['06a016ad-ee77-43e5-a263-e18674f6eb69']
c8b29d06-4f87-438e-b6c9-0cb7c11c4057,74,['0a8f474e-d89a-42f2-aca1-c51263d9f1bc']
a6dc8f70-4c2d-4be8-9b7c-5538e5e5e130,86,['96f55580-11d6-4ec4-9d1c-4d8e54d7a0ee']
e19a3c38-7025-4e07-9cb6-456a329b1463,89,['b2d4f158-0d1a-42a4-a6f9-86a2768e3edb']
a98e38ff-6ed8-45db-8956-c54800849861,74,['ec759667-f5c7-4107-a5be-14e303dfaba8']
bd9798ed-db85-4a19-88e7-b85702856dc1,58,['39e2bbcd-f298-4140-a6c4-5089e5e8548d']
9ba94003-0fbe-4917-8c57-637259f76ec6,80,['4db263a2-178c-4b35-a99b-f806c1e001ea']
3d4fddd4-da58-4294-ab24-18381e0936ea,58,['32852ae2-066b-4ec1-920e-b41fd30278f6']
c8b29d06-4f87-438e-b6c9-0cb7c11c4057,75,['5a41e1ec-8bad-46f5-9b60-6ac7ab6b6b9f']
a6dc8f70-4c2d-4be8-9b7c-5538e5e5e130,87,['f803c796-1f4c-499a-8554-2316319f3bc4']
e19a3c38-7025-4e07-9cb6-456a329b1463,90,['54ed4e4f-4473-4371-9621-665d129ef470']
bd9798ed-db85-4a19-88e7-b85702856dc1,59,['2c1be912-6426-45df-8b11-a084346cf6bc']
a98e38ff-6ed8-45db-8956-c54800849861,75,['7bd9b6a9-25dc-4c39-b383-edef2286c8aa']
9ba94003-0fbe-4917-8c57-637259f76ec6,81,['46a7541c-e128-4116-851a-effe2fcf886f']
3d4fddd4-da58-4294-ab24-18381e0936ea,59,['2ef1c337-ab81-4ab9-9467-078b81160866']
c8b29d06-4f87-438e-b6c9-0cb7c11c4057,76,['00f8dd8b-acdb-4cc0-aee6-685311f8bcbf']
a6dc8f70-4c2d-4be8-9b7c-5538e5e5e130,88,['4bc0489b-d029-47be-a4f1-ddc5855fda83']
e19a3c38-7025-4e07-9cb6-456a329b1463,91,['5eee7074-e1fa-485c-b018-8f8cbcee4528']
c8b29d06-4f87-438e-b6c9-0cb7c11c4057,77,['5ed31603-484a-4ca3-91b4-f11a63a1b14b']
bd9798ed-db85-4a19-88e7-b85702856dc1,60,['e68291f0-d6ff-4826-af06-ea7adfc58533']
a98e38ff-6ed8-45db-8956-c54800849861,76,['945d29b5-1a1a-488b-b6e5-bf9b9fcba061']
3d4fddd4-da58-4294-ab24-18381e0936ea,60,['31fbad70-9294-4501-bd1d-f59100bf36e3']
9ba94003-0fbe-4917-8c57-637259f76ec6,82,['c3db4aee-1a97-490d-afd5-ad92437a6c6e']
a6dc8f70-4c2d-4be8-9b7c-5538e5e5e130,89,['b3b9b0d9-648e-4b4e-a560-03baac731f21']
e19a3c38-7025-4e07-9cb6-456a329b1463,92,['4e2933c9-2448-4261-a458-3c12bfb44b40']
c8b29d06-4f87-438e-b6c9-0cb7c11c4057,78,['adcfa595-9d5d-494c-b7d5-bff946d16d11']
bd9798ed-db85-4a19-88e7-b85702856dc1,61,['888609d5-1233-4442-baf5-cce0b5dce7a0']
a98e38ff-6ed8-45db-8956-c54800849861,77,['f14a2ade-8877-4851-acc9-112a1c928f50']
3d4fddd4-da58-4294-ab24-18381e0936ea,61,['a9a12bda-84f8-482e-9452-1aab90fe612d']
9ba94003-0fbe-4917-8c57-637259f76ec6,83,['b30fd987-29c4-44e7-8e25-7b2e56f53c69']
a6dc8f70-4c2d-4be8-9b7c-5538e5e5e130,90,['d82dbd00-e5c4-44c7-a331-fe34d5f717ce']
bd9798ed-db85-4a19-88e7-b85702856dc1,62,['783ae1f5-5626-4f60-8d54-470757039ab5']
c8b29d06-4f87-438e-b6c9-0cb7c11c4057,79,['ec5b63b7-2ddd-45f7-bcb5-e7628041d1ec']
e19a3c38-7025-4e07-9cb6-456a329b1463,93,['107163b0-17da-47b4-bdea-2c3b51ab4640']
3d4fddd4-da58-4294-ab24-18381e0936ea,62,['9dcf1035-2a48-47a4-87e0-b7a397b6c714']
a98e38ff-6ed8-45db-8956-c54800849861,78,['9caf27f7-0bf6-4652-969a-0f4c83d96bac']
bd9798ed-db85-4a19-88e7-b85702856dc1,63,['82a8af06-8c19-4fc3-8375-66553f263ad1']
a6dc8f70-4c2d-4be8-9b7c-5538e5e5e130,91,['16ec729e-948a-48f9-9bbf-5fb6bc2ba2a4']
c8b29d06-4f87-438e-b6c9-0cb7c11c4057,80,['77971dff-183d-45ea-8730-0c9a0a7c5ca8']
9ba94003-0fbe-4917-8c57-637259f76ec6,84,['71655eb3-45c8-415d-8c78-8199916e63d0']
e19a3c38-7025-4e07-9cb6-456a329b1463,94,['7f4de8d0-6a96-4cf6-9a05-fd58db96b679']
3d4fddd4-da58-4294-ab24-18381e0936ea,63,['1c859765-8e49-462d-a50e-b7ae17c7447b']
a98e38ff-6ed8-45db-8956-c54800849861,79,['050ff5c3-1730-405b-b709-4130d88ad77f']
bd9798ed-db85-4a19-88e7-b85702856dc1,64,['c5e60953-4107-4235-bac8-b1653bf340f5']
a6dc8f70-4c2d-4be8-9b7c-5538e5e5e130,92,['3f83fa95-0872-4365-a9c0-047aeda3b3b0']
c8b29d06-4f87-438e-b6c9-0cb7c11c4057,81,['a4bea9de-399f-4593-b3ec-fc0c08e49bab']
3d4fddd4-da58-4294-ab24-18381e0936ea,64,['517f369f-d287-4515-acd4-d847ea300864']
9ba94003-0fbe-4917-8c57-637259f76ec6,85,['ba5d9224-3cb7-4de4-80dd-47308dc10a16']
e19a3c38-7025-4e07-9cb6-456a329b1463,95,['6b258699-36f2-4d34-9ef6-c3dd05b5fcc3']
bd9798ed-db85-4a19-88e7-b85702856dc1,65,['11d629c6-81a9-48d6-aded-60d6360017b0']
a98e38ff-6ed8-45db-8956-c54800849861,80,['c1b6f9ff-26fd-4998-90ef-c6bb96abfc8a']
c8b29d06-4f87-438e-b6c9-0cb7c11c4057,82,['c004a8ee-7024-405e-843f-aee3af3deb9a']
a6dc8f70-4c2d-4be8-9b7c-5538e5e5e130,93,['fc8344f7-70de-4ce1-8929-4c0e5c2f6284']
3d4fddd4-da58-4294-ab24-18381e0936ea,65,['dfddf3a3-088d-4d31-a59a-08ebe0a74e0d']
e19a3c38-7025-4e07-9cb6-456a329b1463,96,['4fc6bc81-9219-447a-9a32-567a3c7c7ccd']
bd9798ed-db85-4a19-88e7-b85702856dc1,66,['b1f5a49a-f0b2-4772-9d3e-7713c9b9c3a9']
9ba94003-0fbe-4917-8c57-637259f76ec6,86,['4dcabaff-4355-40b4-b712-0d96d62c4dd3']
a98e38ff-6ed8-45db-8956-c54800849861,81,['7add3e44-c620-4cb7-b69f-b1774d6bbb47']
a6dc8f70-4c2d-4be8-9b7c-5538e5e5e130,94,['e420e5d4-90ed-4a5a-bcdc-a184ac107f34']
c8b29d06-4f87-438e-b6c9-0cb7c11c4057,83,['14e72aec-d044-4ef6-a555-cd12f4544a7f']
3d4fddd4-da58-4294-ab24-18381e0936ea,66,['ec16f718-8250-4cb2-a4e2-4453dce8ba40']
e19a3c38-7025-4e07-9cb6-456a329b1463,97,['524976ca-da2d-458f-8c54-d36e963419b8']
bd9798ed-db85-4a19-88e7-b85702856dc1,67,['1d34b7f3-1e35-4dec-8362-2f9e8e87a7ad']
9ba94003-0fbe-4917-8c57-637259f76ec6,87,['aa7455e3-2a2c-4c02-9ea9-aa7a1a4594f8']
a98e38ff-6ed8-45db-8956-c54800849861,82,['a944004e-a574-4691-ba06-5c545734a366']
c8b29d06-4f87-438e-b6c9-0cb7c11c4057,84,['8a6b83c8-ad21-4738-a806-2d7c4de72230']
3d4fddd4-da58-4294-ab24-18381e0936ea,67,['6afd0310-5ee7-40ee-83cb-f4542171e38a']
a6dc8f70-4c2d-4be8-9b7c-5538e5e5e130,95,['a88a5c54-1ad4-4778-a094-29a94b9ad7c5']
bd9798ed-db85-4a19-88e7-b85702856dc1,68,['54027402-ab10-4aa9-9879-2e304919dc86']
e19a3c38-7025-4e07-9cb6-456a329b1463,98,['c4bb032d-b24b-4999-b5b6-e4c7efd77384']
9ba94003-0fbe-4917-8c57-637259f76ec6,88,['ae2ce0f5-3515-4826-8be0-bd0c80619682']
c8b29d06-4f87-438e-b6c9-0cb7c11c4057,85,['d6ee3c9f-1b4c-4240-86f9-6c53dc4b88e7']
a98e38ff-6ed8-45db-8956-c54800849861,83,['9770e06d-b83d-4470-89ba-24b97cd2b8af']
3d4fddd4-da58-4294-ab24-18381e0936ea,68,['63f5fe2a-f571-4bbb-937e-0965a3bb12b9']
bd9798ed-db85-4a19-88e7-b85702856dc1,69,['2a2f1ea2-5162-4d93-9a1d-a1aecaf310f2']
a6dc8f70-4c2d-4be8-9b7c-5538e5e5e130,96,['d2985459-d36b-4c0d-a45f-78b438d1a9fc']
e19a3c38-7025-4e07-9cb6-456a329b1463,99,['e730485f-6b26-461d-a156-a77a8010abad']
9ba94003-0fbe-4917-8c57-637259f76ec6,89,['7e466f51-1f34-43ac-8203-f9c6277fb3ac']
c8b29d06-4f87-438e-b6c9-0cb7c11c4057,86,['25a8a414-efc5-424e-ae15-2425e665300f']
a98e38ff-6ed8-45db-8956-c54800849861,84,['aa861078-ed89-4b82-913a-1403f0ee8fbc']
bd9798ed-db85-4a19-88e7-b85702856dc1,70,['9914efd7-2fc8-4d82-8428-1881649412d4']
3d4fddd4-da58-4294-ab24-18381e0936ea,69,['abbffbad-668f-4468-81aa-d3adf75a48b8']
a6dc8f70-4c2d-4be8-9b7c-5538e5e5e130,97,['2d0f4b1e-a24e-41b9-ada2-4f12f74403ad']
e19a3c38-7025-4e07-9cb6-456a329b1463,100,['9bbb1ba1-0c29-44ea-915a-cab57979c176']
9ba94003-0fbe-4917-8c57-637259f76ec6,90,['30c1d3a5-76ed-4664-beab-f3aedb7124c1']
c8b29d06-4f87-438e-b6c9-0cb7c11c4057,87,['504ec68f-e40f-4cfd-99de-78caf67cba73']
bd9798ed-db85-4a19-88e7-b85702856dc1,71,['14eb9a2c-e98a-479e-b9a8-a5a29ae8cd40']
3d4fddd4-da58-4294-ab24-18381e0936ea,70,['494f134f-e817-4cc1-a2cd-c1566fa752cb']
a98e38ff-6ed8-45db-8956-c54800849861,85,['63bc38c1-90e0-4fec-a044-a1300774e947']
a6dc8f70-4c2d-4be8-9b7c-5538e5e5e130,98,['a2cd6347-5ca8-40f8-9aa6-f0cb67d47537']
e19a3c38-7025-4e07-9cb6-456a329b1463,101,['7971d8a8-3adb-4612-ad2d-4e26436e3fbb']
9ba94003-0fbe-4917-8c57-637259f76ec6,91,['61bd0bfc-fe2f-408a-ba00-0dd1c09381d0']
3d4fddd4-da58-4294-ab24-18381e0936ea,71,['8eeb906b-5c36-428f-8e68-9fe0147ca273']
c8b29d06-4f87-438e-b6c9-0cb7c11c4057,88,['eb28b848-6c0d-44ea-aae4-b73f070abf47']
a98e38ff-6ed8-45db-8956-c54800849861,86,['9342ce34-51e2-45c0-a6fc-f29fac1c636e']
bd9798ed-db85-4a19-88e7-b85702856dc1,72,['a20070f2-03e0-4b16-b0f9-81c574a48e6a']
a6dc8f70-4c2d-4be8-9b7c-5538e5e5e130,99,['4c4db510-5147-4220-a997-ad7c554a916b']
e19a3c38-7025-4e07-9cb6-456a329b1463,102,['7623020e-434f-4c66-b41a-b52c096f7499']
c8b29d06-4f87-438e-b6c9-0cb7c11c4057,89,['03a892b8-2728-4b69-bd52-770bf0a64f5a']
3d4fddd4-da58-4294-ab24-18381e0936ea,72,['b6f5f7aa-384d-4bd4-82f1-9eab9d8f17bb']
a98e38ff-6ed8-45db-8956-c54800849861,87,['a639dee0-0f1d-48af-b4b7-5162a9fd11ef']
bd9798ed-db85-4a19-88e7-b85702856dc1,73,['48ac0825-97c5-4a16-97fd-aad4cc6238f5']
a6dc8f70-4c2d-4be8-9b7c-5538e5e5e130,100,['9242486e-42b8-4dc8-811a-e623089d66dd']
9ba94003-0fbe-4917-8c57-637259f76ec6,92,['7841b927-d64e-4e36-8ed0-0c14138e3897']
c8b29d06-4f87-438e-b6c9-0cb7c11c4057,90,['d9cb979e-d399-4892-a99a-de76ee8e19ea']
e19a3c38-7025-4e07-9cb6-456a329b1463,103,['42061417-3a1b-4c78-ad7c-3c868434bde7']
3d4fddd4-da58-4294-ab24-18381e0936ea,73,['6f6d327e-a98b-4448-baa3-782ab09881f8']
bd9798ed-db85-4a19-88e7-b85702856dc1,74,['e238083b-2697-4c64-b5a5-745c8f976800']
a98e38ff-6ed8-45db-8956-c54800849861,88,['1643e432-205f-4cd3-af39-efaaa70a5aaf']
a6dc8f70-4c2d-4be8-9b7c-5538e5e5e130,101,['9eeccb44-747a-4c95-a9df-88a84bb98dee']
9ba94003-0fbe-4917-8c57-637259f76ec6,93,['3ab967fe-c96e-4690-94e3-a5d521838f57']
c8b29d06-4f87-438e-b6c9-0cb7c11c4057,91,['dba24c23-e55a-4fe9-84f8-144f21f78807']
a98e38ff-6ed8-45db-8956-c54800849861,89,['b3ccd0db-f1a2-4e14-bd49-6d2bebb55877']
bd9798ed-db85-4a19-88e7-b85702856dc1,75,['6e67b4bb-c566-4a7c-b761-5ce48dc03b6d']
3d4fddd4-da58-4294-ab24-18381e0936ea,74,['061b1417-3a51-4461-988d-d6290336dc0a']
e19a3c38-7025-4e07-9cb6-456a329b1463,104,['43638aaa-a904-4926-9e59-04b39006abe3']
a6dc8f70-4c2d-4be8-9b7c-5538e5e5e130,102,['24312d3f-d433-497b-bdd9-6a2638c97216']
9ba94003-0fbe-4917-8c57-637259f76ec6,94,['8e4b0e2f-c92a-442c-b9fe-db3eac0ce3fd']
c8b29d06-4f87-438e-b6c9-0cb7c11c4057,92,['e69eda0d-2d47-4dfe-abae-ae1b96a08886']
a98e38ff-6ed8-45db-8956-c54800849861,90,['ac3d7285-0df0-4a33-a06d-2fa06c04204d']
bd9798ed-db85-4a19-88e7-b85702856dc1,76,['bae65b6d-f76e-41af-8fff-29834748ae2e']
3d4fddd4-da58-4294-ab24-18381e0936ea,75,['fd28b047-8c94-439b-a3e7-70d262c05802']
e19a3c38-7025-4e07-9cb6-456a329b1463,105,['6c6d7004-2c2d-48fb-9937-769cc4139a44']
a6dc8f70-4c2d-4be8-9b7c-5538e5e5e130,103,['a782c5f7-e3fc-4c7b-b21b-8047515bc71f']
bd9798ed-db85-4a19-88e7-b85702856dc1,77,['3ca4c005-33b9-41cf-9420-ba7a9a7bd77a']
a98e38ff-6ed8-45db-8956-c54800849861,91,['85b0560e-3e5d-4567-9d92-9816546baa90']
c8b29d06-4f87-438e-b6c9-0cb7c11c4057,93,['0ceb6544-150a-4187-bc9e-1ed817b43504']
9ba94003-0fbe-4917-8c57-637259f76ec6,95,['e960bfb3-0d9b-464b-a968-bf495b6c3d54']
e19a3c38-7025-4e07-9cb6-456a329b1463,106,['ba71059b-3f1d-4140-a8b5-ec259d8b0bf4']
3d4fddd4-da58-4294-ab24-18381e0936ea,76,['6feaa8b8-5fc1-4375-977f-485837604920']
a6dc8f70-4c2d-4be8-9b7c-5538e5e5e130,104,['ba48087b-00db-47ca-a592-9c15703729cd']
bd9798ed-db85-4a19-88e7-b85702856dc1,78,['8678dcc2-4de2-423a-a8af-a5eafcaeefb2']
a98e38ff-6ed8-45db-8956-c54800849861,92,['8ce17ed6-66e5-400c-85e3-7809180abcdf']
c8b29d06-4f87-438e-b6c9-0cb7c11c4057,94,['c32d7b36-4426-499a-87d3-a01a8bdc88ec']
9ba94003-0fbe-4917-8c57-637259f76ec6,96,['93ac5cf3-b4e3-43c0-b499-1473cb2dff7e']
e19a3c38-7025-4e07-9cb6-456a329b1463,107,['2ab9544c-908b-411d-b1d6-b47b472f4c16']
a6dc8f70-4c2d-4be8-9b7c-5538e5e5e130,105,['e975feb6-abf8-4c86-808c-fb9bb0dbab6c']
3d4fddd4-da58-4294-ab24-18381e0936ea,77,['6faf37f8-2996-4901-88ef-fc165acda304']
bd9798ed-db85-4a19-88e7-b85702856dc1,79,['0a74f77b-2546-4efa-8479-8e8c9ed4f6f1']
c8b29d06-4f87-438e-b6c9-0cb7c11c4057,95,['8add9860-8d7d-4911-95ec-93f598a3f8e6']
a98e38ff-6ed8-45db-8956-c54800849861,93,['87b08e20-f5f4-445a-ab2f-c214ae58cb3c']
e19a3c38-7025-4e07-9cb6-456a329b1463,108,['811041ae-deb3-486b-be42-11078d6fcde4']
9ba94003-0fbe-4917-8c57-637259f76ec6,97,['4f36bcc9-fb6a-4fd0-9e6e-25c67caec723']
bd9798ed-db85-4a19-88e7-b85702856dc1,80,['50963c43-209c-4d73-bfd8-f252e3caa321']
a6dc8f70-4c2d-4be8-9b7c-5538e5e5e130,106,['4f075742-f178-41d8-93d3-c4b3571d6bf9']
3d4fddd4-da58-4294-ab24-18381e0936ea,78,['2378d1eb-5c70-461f-be76-8847a9bc1012']
c8b29d06-4f87-438e-b6c9-0cb7c11c4057,96,['5ff0e558-7fd5-423c-8071-17411a76575a']
a98e38ff-6ed8-45db-8956-c54800849861,94,['735d00ba-9720-439c-ba9a-1b21de030ea7']
bd9798ed-db85-4a19-88e7-b85702856dc1,81,['a3a7e8d0-1955-4de9-b643-fc6b412b4653']
e19a3c38-7025-4e07-9cb6-456a329b1463,109,['6e0a01a5-14d1-4d5a-962b-bc78b9b4191e']
9ba94003-0fbe-4917-8c57-637259f76ec6,98,['7382f013-5b04-4ba4-8398-c03ec8bbe253']
3d4fddd4-da58-4294-ab24-18381e0936ea,79,['41d1f633-a6e6-4add-9ac8-69135bf86798']
a6dc8f70-4c2d-4be8-9b7c-5538e5e5e130,107,['25f889b5-f361-4628-a10b-a3d01993a438']
c8b29d06-4f87-438e-b6c9-0cb7c11c4057,97,['8d318bf6-82e3-4434-a29e-c0abc2b6d174']
a98e38ff-6ed8-45db-8956-c54800849861,95,['9404b8f4-e9fb-4e68-815c-e875b80dd3a7']
bd9798ed-db85-4a19-88e7-b85702856dc1,82,['d7be63da-cca8-43d6-b21b-9c1a663911c0']
e19a3c38-7025-4e07-9cb6-456a329b1463,110,['2c5c6413-070d-4715-a2e2-ffb52354179b']
3d4fddd4-da58-4294-ab24-18381e0936ea,80,['b8b4a702-94ce-4cdf-a9da-0616d531d218']
a6dc8f70-4c2d-4be8-9b7c-5538e5e5e130,108,['5691f15b-394a-4b5a-ba3a-1e4a9a7830a6']
9ba94003-0fbe-4917-8c57-637259f76ec6,99,['1a9285ea-4e02-4d4b-9b92-7cdb225aaa22']
bd9798ed-db85-4a19-88e7-b85702856dc1,83,['bfc0a87c-b3e7-4e02-96e1-27b564c44004']
c8b29d06-4f87-438e-b6c9-0cb7c11c4057,98,['4ceb5941-7716-44d9-ac77-0d5b516e4ea1']
a98e38ff-6ed8-45db-8956-c54800849861,96,['7cbfe161-cec0-4151-83ba-77442d1fe24b']
e19a3c38-7025-4e07-9cb6-456a329b1463,111,['d2ddc063-dbae-428e-b89f-7dda3de3926d']
bd9798ed-db85-4a19-88e7-b85702856dc1,84,['1d809055-5524-4694-aa81-dcf94d333644']
3d4fddd4-da58-4294-ab24-18381e0936ea,81,['cd8a5b4c-122d-4a33-9177-86c233fe1b63']
a6dc8f70-4c2d-4be8-9b7c-5538e5e5e130,109,['920e3480-fd93-4244-8af4-719ed3b88feb']
c8b29d06-4f87-438e-b6c9-0cb7c11c4057,99,['ae2117c4-d216-452a-8896-89c022f77806']
a98e38ff-6ed8-45db-8956-c54800849861,97,['ac1b1799-2d4e-4655-b90f-055bf05480b8']
9ba94003-0fbe-4917-8c57-637259f76ec6,100,['5dd67cc0-f81e-4dd5-81aa-44b489ae6f21']
e19a3c38-7025-4e07-9cb6-456a329b1463,112,['c4dc37e7-06e6-497b-adc1-7079167bfe95']
bd9798ed-db85-4a19-88e7-b85702856dc1,85,['08aa1ec0-f69e-4513-8cd3-49ad7c674fa5']
3d4fddd4-da58-4294-ab24-18381e0936ea,82,['14f69a8c-9296-4d24-ac10-3b80751493b2']
a98e38ff-6ed8-45db-8956-c54800849861,98,['56cad6b2-88a3-4166-b358-1c7a0c409018']
a6dc8f70-4c2d-4be8-9b7c-5538e5e5e130,110,['7c407257-0d26-4daf-ab8a-5e7deae9e897']
c8b29d06-4f87-438e-b6c9-0cb7c11c4057,100,['39dcbcc7-0b4a-4e7a-a8ed-06f74690183d']
9ba94003-0fbe-4917-8c57-637259f76ec6,101,['f3be11c0-e985-46ff-94b9-e9877f84d37e']
a98e38ff-6ed8-45db-8956-c54800849861,99,['f5ae7951-fe4b-42f4-82d6-9f6c2ab6ed27']
bd9798ed-db85-4a19-88e7-b85702856dc1,86,['339f0bc1-350a-4d23-b8f1-5e12ccf815a6']
e19a3c38-7025-4e07-9cb6-456a329b1463,113,['297a4fed-49e2-4795-b6a1-7cfc051a4600']
3d4fddd4-da58-4294-ab24-18381e0936ea,83,['8cdbcaaf-3189-4ecc-947c-85df51b6b759']
a6dc8f70-4c2d-4be8-9b7c-5538e5e5e130,111,['42175327-5dc5-4c10-b97c-49767e3a4ed6']
c8b29d06-4f87-438e-b6c9-0cb7c11c4057,101,['319aed7e-b459-4fac-961a-e511fa2f7995']
a98e38ff-6ed8-45db-8956-c54800849861,100,['5916a3a8-6bbb-45d5-a850-943ef45388b5']
9ba94003-0fbe-4917-8c57-637259f76ec6,102,['a27ab24f-8185-4212-98b8-081b93d6468c']
bd9798ed-db85-4a19-88e7-b85702856dc1,87,['159a79d3-5f27-46e7-9097-bace4fe13139']
e19a3c38-7025-4e07-9cb6-456a329b1463,114,['94004d76-50df-4bac-8c5c-75e5b89d0bec']
c8b29d06-4f87-438e-b6c9-0cb7c11c4057,102,['9118e9b8-01ef-4572-b2c7-243bb3832e2b']
bd9798ed-db85-4a19-88e7-b85702856dc1,88,['903009da-17bc-4aaf-8f9e-6903a194f6e4']
a6dc8f70-4c2d-4be8-9b7c-5538e5e5e130,112,['fc340456-abc9-4061-8e4f-8cb5747c5cc1']
3d4fddd4-da58-4294-ab24-18381e0936ea,84,['60ca44f7-b40e-4f92-b735-c0a60e70d699']
a98e38ff-6ed8-45db-8956-c54800849861,101,['d336a4d9-bc2f-4efd-9dc1-a651cd15ed2b']
9ba94003-0fbe-4917-8c57-637259f76ec6,103,['34b09ba3-40c4-434f-b7ba-86dc058f4081']
bd9798ed-db85-4a19-88e7-b85702856dc1,89,['6ceb365f-bdbc-4cc1-94ec-676d0f04404f']
e19a3c38-7025-4e07-9cb6-456a329b1463,115,['1de8e8a3-bfc9-479f-8312-888738b48e7c']
c8b29d06-4f87-438e-b6c9-0cb7c11c4057,103,['e1f659b6-7dd1-42ca-b708-2a40aa279c49']
3d4fddd4-da58-4294-ab24-18381e0936ea,85,['8155eb7b-ca64-4c5d-84cd-c0c92094b2bb']
a6dc8f70-4c2d-4be8-9b7c-5538e5e5e130,113,['a69db495-bce4-4708-8d77-fc1ae2a9ca7b']
a98e38ff-6ed8-45db-8956-c54800849861,102,['2b45803d-1f2f-43c1-a487-7dc402f0dc67']
9ba94003-0fbe-4917-8c57-637259f76ec6,104,['bd1b2c48-849e-46c9-89ab-d36679724871']
bd9798ed-db85-4a19-88e7-b85702856dc1,90,['9884194f-48d8-4566-b0a4-6e4c977925a3']
c8b29d06-4f87-438e-b6c9-0cb7c11c4057,104,['c5a350eb-8278-4912-a983-a34d0f44d944']
e19a3c38-7025-4e07-9cb6-456a329b1463,116,['21a29db6-53d9-41a0-8c17-1e57d4e681cf']
a98e38ff-6ed8-45db-8956-c54800849861,103,['15b8a9df-9f8e-4e98-b98a-66e2633b17fa']
3d4fddd4-da58-4294-ab24-18381e0936ea,86,['edce7f96-707d-483e-948c-32adb23c47df']
a6dc8f70-4c2d-4be8-9b7c-5538e5e5e130,114,['3c4f2cd4-e3e7-488e-ae12-7378555d42ca']
bd9798ed-db85-4a19-88e7-b85702856dc1,91,['538b16a0-75de-4d87-b3c0-47f32bac8d40']
9ba94003-0fbe-4917-8c57-637259f76ec6,105,['ef5619d3-8f74-48c2-a0e8-1b646a7235ae']
a98e38ff-6ed8-45db-8956-c54800849861,104,['ce72c278-ae87-4ea7-a09e-de44a6213058']
bd9798ed-db85-4a19-88e7-b85702856dc1,92,['b91f38df-1d89-4c77-a428-7d013ae03277']
c8b29d06-4f87-438e-b6c9-0cb7c11c4057,105,['76ed8722-18b9-4cdc-af42-5b4a86612c6f']
e19a3c38-7025-4e07-9cb6-456a329b1463,117,['e9994fe8-a9bf-4f18-9d16-d20dc9522114']
3d4fddd4-da58-4294-ab24-18381e0936ea,87,['199ed2f4-d4a8-4797-86b3-b829e19cc8b1']
a6dc8f70-4c2d-4be8-9b7c-5538e5e5e130,115,['a6c0056b-ec7e-4cfb-af78-3b39d24981d6']
9ba94003-0fbe-4917-8c57-637259f76ec6,106,['f18e857c-070e-4497-a768-e66ec57aaf6f']
a98e38ff-6ed8-45db-8956-c54800849861,105,['fb69d75b-8bbc-48d4-8db8-1eda8df9eb16']
bd9798ed-db85-4a19-88e7-b85702856dc1,93,['fcc82f83-95ec-4e91-a0bc-2e0142c86c07']
c8b29d06-4f87-438e-b6c9-0cb7c11c4057,106,['bf390e00-dd93-4075-a29b-1014f36beff1']
a6dc8f70-4c2d-4be8-9b7c-5538e5e5e130,116,['72957c59-e2f0-4cf7-9505-19d5a9268af0']
e19a3c38-7025-4e07-9cb6-456a329b1463,118,['e0925f1a-d3be-4e04-a271-973c8176e366']
3d4fddd4-da58-4294-ab24-18381e0936ea,88,['1b443a69-af2c-4615-81bc-273483e35767']
9ba94003-0fbe-4917-8c57-637259f76ec6,107,['806e59a4-744c-4a1d-a696-3965a33ec85d']
bd9798ed-db85-4a19-88e7-b85702856dc1,94,['7b4d1944-a344-41a9-96e7-8ca0c9c0395c']
a98e38ff-6ed8-45db-8956-c54800849861,106,['ce195550-29f2-424f-9d0a-b34050d48832']
c8b29d06-4f87-438e-b6c9-0cb7c11c4057,107,['fba21b8e-f6a6-4874-acbb-78fa70e9c308']
a6dc8f70-4c2d-4be8-9b7c-5538e5e5e130,117,['e19bd070-e188-4b9e-8888-ccf3c8a061ba']
bd9798ed-db85-4a19-88e7-b85702856dc1,95,['a750fede-602f-4b80-acbd-50dcb5d67191']
a98e38ff-6ed8-45db-8956-c54800849861,107,['f4267afc-e2db-4524-95d0-21cb9616c12f']
3d4fddd4-da58-4294-ab24-18381e0936ea,89,['85dcb4cf-a9f5-4b50-84a9-cb80649b06aa']
e19a3c38-7025-4e07-9cb6-456a329b1463,119,['c55266a0-9cf9-4695-adce-5d88991763d7']
9ba94003-0fbe-4917-8c57-637259f76ec6,108,['de11eb84-f380-43d1-8b65-fabea275644a']
c8b29d06-4f87-438e-b6c9-0cb7c11c4057,108,['f79eec92-c266-46ee-a5b8-baff3fb00215']
bd9798ed-db85-4a19-88e7-b85702856dc1,96,['afcb541e-e628-467b-b13c-82cdbd0317a0']
a6dc8f70-4c2d-4be8-9b7c-5538e5e5e130,118,['c9d674db-2678-4663-8fc5-5ce8324bba4d']
a98e38ff-6ed8-45db-8956-c54800849861,108,['1682e7e7-50af-4175-916d-72736518d128']
3d4fddd4-da58-4294-ab24-18381e0936ea,90,['4f2a1a57-bc9c-43a9-bb87-91a2d655b937']
e19a3c38-7025-4e07-9cb6-456a329b1463,120,['3eca8c50-a3dd-49d2-b86d-bb731582d079']
bd9798ed-db85-4a19-88e7-b85702856dc1,97,['44dd5d89-4361-4db7-aa1b-7b14f33aaa13']
9ba94003-0fbe-4917-8c57-637259f76ec6,109,['d547bf81-5445-490d-b345-a3033463839c']
c8b29d06-4f87-438e-b6c9-0cb7c11c4057,109,['38f5e24e-b04c-426a-9c30-900b17b610e1']
a98e38ff-6ed8-45db-8956-c54800849861,109,['5c7283fa-aa4b-474c-a567-796121cbcac5']
a6dc8f70-4c2d-4be8-9b7c-5538e5e5e130,119,['83ed945e-47f2-4af9-8bf6-bf04a4fb040f']
3d4fddd4-da58-4294-ab24-18381e0936ea,91,['6a5fec55-d69d-43d1-a402-b7632bed5d0f']
c8b29d06-4f87-438e-b6c9-0cb7c11c4057,110,['9930420e-714c-45dc-a2f0-53806f996eba']
bd9798ed-db85-4a19-88e7-b85702856dc1,98,['b29f1415-f3bf-47be-8db4-26ec681fe5f9']
e19a3c38-7025-4e07-9cb6-456a329b1463,121,['57d2311d-874e-48b2-affb-262a14ab2239']
a98e38ff-6ed8-45db-8956-c54800849861,110,['87e99fcf-f240-4680-9efb-53a6f9643158']
9ba94003-0fbe-4917-8c57-637259f76ec6,110,['80969ccd-2388-4374-a6cd-abea13f26eb9']
a6dc8f70-4c2d-4be8-9b7c-5538e5e5e130,120,['2ec4e93e-16cd-452e-a873-f10b0077afbe']
3d4fddd4-da58-4294-ab24-18381e0936ea,92,['5d8dcf72-a8d2-4b6b-ba66-65daa2d91ac0']
c8b29d06-4f87-438e-b6c9-0cb7c11c4057,111,['b4b6b7d2-d8b5-4781-8334-378abe76fcad']
bd9798ed-db85-4a19-88e7-b85702856dc1,99,['7ccac996-9639-44d1-8982-ad16cb886fcc']
e19a3c38-7025-4e07-9cb6-456a329b1463,122,['da3452a8-cdee-4774-9476-849db84c8ea0']
a98e38ff-6ed8-45db-8956-c54800849861,111,['e2239ee2-a2b2-4d83-b99a-c313309873e3']
a6dc8f70-4c2d-4be8-9b7c-5538e5e5e130,121,['1632a8ae-e187-4b1b-94cb-7bdef3828b3b']
9ba94003-0fbe-4917-8c57-637259f76ec6,111,['bcffca4f-bf0c-4d20-960b-7d5e500db472']
3d4fddd4-da58-4294-ab24-18381e0936ea,93,['0b7d91ad-d66a-415f-99a2-9caf99288cee']
bd9798ed-db85-4a19-88e7-b85702856dc1,100,['f0d8cf71-7c66-4608-a67a-8054334370bd']
c8b29d06-4f87-438e-b6c9-0cb7c11c4057,112,['90e4d9b8-2573-4730-a42d-228a782c6355']
a98e38ff-6ed8-45db-8956-c54800849861,112,['11a8d6eb-9143-4797-9875-142bb4bb7d93']
e19a3c38-7025-4e07-9cb6-456a329b1463,123,['bac736e8-1850-40cd-8d04-db18851c41b1']
a6dc8f70-4c2d-4be8-9b7c-5538e5e5e130,122,['a3ce8a38-cf69-43e3-b6b8-9e524acacdb4']
9ba94003-0fbe-4917-8c57-637259f76ec6,112,['e3a900fa-cd26-460b-ab1d-28b94e887188']
3d4fddd4-da58-4294-ab24-18381e0936ea,94,['437d4e0b-a66b-4542-a360-c6076c597549']
c8b29d06-4f87-438e-b6c9-0cb7c11c4057,113,['a238bd5c-f5f4-4cae-9213-ce43017e231a']
bd9798ed-db85-4a19-88e7-b85702856dc1,101,['9a5720ae-07cd-4ef1-a5bd-64fff404b958']
a98e38ff-6ed8-45db-8956-c54800849861,113,['3c2003da-5081-45a0-8b3e-9dd3ded8501d']
e19a3c38-7025-4e07-9cb6-456a329b1463,124,['a166a10e-3507-4c12-9d35-9fcb7c4858ee']
a6dc8f70-4c2d-4be8-9b7c-5538e5e5e130,123,['bfe5d237-5210-4774-ba8e-6186d606e1c6']
3d4fddd4-da58-4294-ab24-18381e0936ea,95,['bf83d3b4-7dfc-4520-a778-a148bc919d35']
c8b29d06-4f87-438e-b6c9-0cb7c11c4057,114,['a8a05000-1316-4e06-ac70-31c94a9c4c81']
9ba94003-0fbe-4917-8c57-637259f76ec6,113,['becc09d0-3f6e-4ce3-9721-829fb11f7b2c']
bd9798ed-db85-4a19-88e7-b85702856dc1,102,['725ccf8f-db7e-46e0-966a-4c7a207ca82d']
a98e38ff-6ed8-45db-8956-c54800849861,114,['2afb63e9-8fda-4d1c-a412-5c5c4a3fe7bd']
a6dc8f70-4c2d-4be8-9b7c-5538e5e5e130,124,['dd1fddbc-33d3-41fc-85b8-605332e91fdb']
e19a3c38-7025-4e07-9cb6-456a329b1463,125,['d04e0216-eea1-4f54-b783-76f8e78bace0']
bd9798ed-db85-4a19-88e7-b85702856dc1,103,['ae0d9020-1779-4e3b-9722-bb916bca53f7']
c8b29d06-4f87-438e-b6c9-0cb7c11c4057,115,['7e3a058f-6ff5-4a2c-88b6-aca0340f338e']
3d4fddd4-da58-4294-ab24-18381e0936ea,96,['fc8c421f-6b31-49e6-9317-9b7d12506b50']
a98e38ff-6ed8-45db-8956-c54800849861,115,['ba48f2a9-d134-4149-b9f6-5018c75506d8']
9ba94003-0fbe-4917-8c57-637259f76ec6,114,['fe1da5dd-6495-4b84-8536-82941f29fd5e']
a6dc8f70-4c2d-4be8-9b7c-5538e5e5e130,125,['c3564d21-fd46-4654-b905-a506b1ca647e']
e19a3c38-7025-4e07-9cb6-456a329b1463,126,['45c56e2d-60b2-4e7f-bd83-9eba5d7d77e4']
bd9798ed-db85-4a19-88e7-b85702856dc1,104,['9931e7d4-d2b0-4948-a744-93aa2d06142e']
3d4fddd4-da58-4294-ab24-18381e0936ea,97,['8b837750-3289-4cfb-b488-90fc98fd46ba']
a98e38ff-6ed8-45db-8956-c54800849861,116,['23c62fa1-eeb8-48f6-b3aa-b9804009d949']
c8b29d06-4f87-438e-b6c9-0cb7c11c4057,116,['61781e7a-0551-4581-8daa-f283563f81d8']
9ba94003-0fbe-4917-8c57-637259f76ec6,115,['63a202ab-abdb-4c9a-91ce-afcd8e729ae7']
a6dc8f70-4c2d-4be8-9b7c-5538e5e5e130,126,['65eeabf2-c93f-4c8b-aa95-71a6b815176b']
bd9798ed-db85-4a19-88e7-b85702856dc1,105,['269d1cc3-d3ae-4afa-abbb-763ee8bdd551']
e19a3c38-7025-4e07-9cb6-456a329b1463,127,['5c437325-9d8a-4bd6-87da-14b2a4f6c866']
3d4fddd4-da58-4294-ab24-18381e0936ea,98,['d38a3da4-1831-474f-a84d-9b764099382b']
c8b29d06-4f87-438e-b6c9-0cb7c11c4057,117,['ae499143-5959-4217-a7dd-0f1cde434927']
a98e38ff-6ed8-45db-8956-c54800849861,117,['493dcb53-8184-428b-841e-c911538baa44']
9ba94003-0fbe-4917-8c57-637259f76ec6,116,['d0fd4a48-80da-436f-89f8-f99ae381473f']
a6dc8f70-4c2d-4be8-9b7c-5538e5e5e130,127,['9db4bb33-95f5-4e9f-be2b-a42193d9116f']
bd9798ed-db85-4a19-88e7-b85702856dc1,106,['499157b6-ccc2-4d1a-901c-4cb1d366e595']
e19a3c38-7025-4e07-9cb6-456a329b1463,128,['8c50488b-384a-4947-bf61-3b340524c70a']
3d4fddd4-da58-4294-ab24-18381e0936ea,99,['44181738-b7a4-4834-a11c-d75b9e087a08']
a98e38ff-6ed8-45db-8956-c54800849861,118,['18b720cb-50bd-4091-b930-489c74e198c3']
c8b29d06-4f87-438e-b6c9-0cb7c11c4057,118,['20ead366-20a7-47d4-9e70-9558f78eef72']
bd9798ed-db85-4a19-88e7-b85702856dc1,107,['8acf0ecf-80dd-4878-97ed-fff9217405e5']
a6dc8f70-4c2d-4be8-9b7c-5538e5e5e130,128,['ae3c7552-8758-468a-9762-046454d9cec0']
9ba94003-0fbe-4917-8c57-637259f76ec6,117,['b61e1ed3-5a1d-42be-a98b-121ccca629a4']
3d4fddd4-da58-4294-ab24-18381e0936ea,100,['edbbfa75-4679-4a4e-97c0-d7c5cad5b792']
e19a3c38-7025-4e07-9cb6-456a329b1463,129,['9c2fd5d6-1aa3-4472-ac93-5c3c5833da15']
c8b29d06-4f87-438e-b6c9-0cb7c11c4057,119,['df0f85f8-97b1-4b2e-8589-9227dae8fb77']
a98e38ff-6ed8-45db-8956-c54800849861,119,['169d7699-53d1-482a-9503-6d33e048727b']
bd9798ed-db85-4a19-88e7-b85702856dc1,108,['43455954-c875-4848-8847-98c9d07b001f']
a6dc8f70-4c2d-4be8-9b7c-5538e5e5e130,129,['9ae1c643-c390-488f-996a-8b451f4c965d']
3d4fddd4-da58-4294-ab24-18381e0936ea,101,['0fd424d6-d054-4ca9-b9ee-cd3a5cb87893']
e19a3c38-7025-4e07-9cb6-456a329b1463,130,['83f9dfa7-85d2-4b23-bac4-c537b45816d9']
9ba94003-0fbe-4917-8c57-637259f76ec6,118,['431be42d-0c8d-4a91-aa5d-611f0aa6851a']
a98e38ff-6ed8-45db-8956-c54800849861,120,['5a16cb93-35f9-4c48-ba38-a6bed37c5cea']
c8b29d06-4f87-438e-b6c9-0cb7c11c4057,120,['39e8ad36-ecd8-4a11-ba00-e60b73cc7590']
bd9798ed-db85-4a19-88e7-b85702856dc1,109,['98e49349-72c4-4e6c-9a2c-ee525ffc4f1f']
3d4fddd4-da58-4294-ab24-18381e0936ea,102,['53eb3b32-8e44-45de-ab2c-bb6e359817d1']
a6dc8f70-4c2d-4be8-9b7c-5538e5e5e130,130,['c58db3b4-1a03-41dc-9fd3-ca5ee903304d']
c8b29d06-4f87-438e-b6c9-0cb7c11c4057,121,['a54af278-97ba-4803-bb09-d344bdf69de9']
e19a3c38-7025-4e07-9cb6-456a329b1463,131,['e9d5e9dd-7e59-4a32-af8a-f3ea453e907e']
9ba94003-0fbe-4917-8c57-637259f76ec6,119,['87b8afe8-86e4-4b81-b5a2-df39a8cf46fb']
a98e38ff-6ed8-45db-8956-c54800849861,121,['70d171ca-0014-4fbe-97dd-9f063f530539']
bd9798ed-db85-4a19-88e7-b85702856dc1,110,['46cb08b6-33f3-40f7-9cdf-2db12fc2834a']
3d4fddd4-da58-4294-ab24-18381e0936ea,103,['6fa50371-bd8d-4ee7-8414-16eef12d0c96']
a6dc8f70-4c2d-4be8-9b7c-5538e5e5e130,131,['b4140106-873d-4b7c-967f-7e0bc37141ed']
c8b29d06-4f87-438e-b6c9-0cb7c11c4057,122,['d5cb9afb-4363-4429-8b24-7af52cbaec3a']
a98e38ff-6ed8-45db-8956-c54800849861,122,['0d435f7d-b3c0-43e4-b7a5-ec0f2fe7ce27']
e19a3c38-7025-4e07-9cb6-456a329b1463,132,['51cb7766-a6f5-4c1f-b6fc-64f2b2e1402c']
9ba94003-0fbe-4917-8c57-637259f76ec6,120,['16d41839-aeda-4ec5-8aaf-5a2acb0ed12c']
bd9798ed-db85-4a19-88e7-b85702856dc1,111,['c909b707-4cb6-4015-b34b-603d547e195d']
3d4fddd4-da58-4294-ab24-18381e0936ea,104,['9cdee5f1-b0c6-480d-a046-6f35725f9632']
a6dc8f70-4c2d-4be8-9b7c-5538e5e5e130,132,['decf0212-6028-4bf6-b9ec-335505b3122d']
c8b29d06-4f87-438e-b6c9-0cb7c11c4057,123,['c189a8d9-72a4-45e7-9c02-f50519b38f79']
a98e38ff-6ed8-45db-8956-c54800849861,123,['a6f57d41-09fc-4c24-a114-5b2fda9c328e']
bd9798ed-db85-4a19-88e7-b85702856dc1,112,['9a0fbfc9-3286-4823-aa86-d252fcc6e72a']
e19a3c38-7025-4e07-9cb6-456a329b1463,133,['dc195aaf-2329-478d-a9ca-5d1b54b4cecb']
3d4fddd4-da58-4294-ab24-18381e0936ea,105,['ca2fce20-a73f-48bb-af20-1e4afac9af25']
9ba94003-0fbe-4917-8c57-637259f76ec6,121,['97f5d4a3-bf25-4a52-81fa-af4bd1fe594e']
c8b29d06-4f87-438e-b6c9-0cb7c11c4057,124,['b37dea33-b2f4-4081-a530-8781299585b2']
a6dc8f70-4c2d-4be8-9b7c-5538e5e5e130,133,['0f156c2f-32cf-4fb0-91de-e1725538a833']
a98e38ff-6ed8-45db-8956-c54800849861,124,['075e839b-ce27-4619-a411-1ed13dfe57b4']
3d4fddd4-da58-4294-ab24-18381e0936ea,106,['6c59a08f-5e46-4892-aa63-d883a0143653']
bd9798ed-db85-4a19-88e7-b85702856dc1,113,['fe9dae63-a561-479d-b1f6-ba8a51f0e0f7']
e19a3c38-7025-4e07-9cb6-456a329b1463,134,['344242b4-a544-43d0-a4c2-06d18f50b431']
9ba94003-0fbe-4917-8c57-637259f76ec6,122,['b3c9fd88-5f5d-4844-9b35-7ef73496c576']
c8b29d06-4f87-438e-b6c9-0cb7c11c4057,125,['fc7d54cf-b847-49f3-b254-08e59b209de4']
a6dc8f70-4c2d-4be8-9b7c-5538e5e5e130,134,['8c24e4aa-5f34-4cda-99df-96fe542b61d1']
a98e38ff-6ed8-45db-8956-c54800849861,125,['30bd42a2-48c6-479f-932e-b2017535290b']
3d4fddd4-da58-4294-ab24-18381e0936ea,107,['9cd82215-4a84-4a00-b639-fa719a80f58a']
bd9798ed-db85-4a19-88e7-b85702856dc1,114,['3fb89ebf-f05a-42d1-8ca5-fefe487cc869']
e19a3c38-7025-4e07-9cb6-456a329b1463,135,['c3d88791-6e06-42a0-b509-448034458cc5']
9ba94003-0fbe-4917-8c57-637259f76ec6,123,['2db0a85b-3315-49a0-b627-8b9f80791f3a']
c8b29d06-4f87-438e-b6c9-0cb7c11c4057,126,['401a3df9-f4b6-4819-b913-c1860598174c']
a6dc8f70-4c2d-4be8-9b7c-5538e5e5e130,135,['e3ea9aa3-8bab-4d62-8fb7-f8d52736db49']
a98e38ff-6ed8-45db-8956-c54800849861,126,['7828c0de-9c56-4f5f-85ca-06b4841bff9c']
3d4fddd4-da58-4294-ab24-18381e0936ea,108,['7fe8a54c-cbdb-47e8-9313-4e050392ef03']
bd9798ed-db85-4a19-88e7-b85702856dc1,115,['037dae47-79b9-4d79-a0e2-18a6a2e03231']
c8b29d06-4f87-438e-b6c9-0cb7c11c4057,127,['bd6b935a-f20e-4805-b678-0d89da1607ed']
e19a3c38-7025-4e07-9cb6-456a329b1463,136,['097c8466-81f2-4fce-8bb7-027146cb12b3']
9ba94003-0fbe-4917-8c57-637259f76ec6,124,['31dac702-4de4-4123-be00-963087830279']
a6dc8f70-4c2d-4be8-9b7c-5538e5e5e130,136,['ebb74057-796f-4928-a908-8b2f93d038a9']
a98e38ff-6ed8-45db-8956-c54800849861,127,['cb1ccf23-1da5-4bd7-ad39-6a290e410d36']
bd9798ed-db85-4a19-88e7-b85702856dc1,116,['3fba20f4-c158-4a6c-bc50-64f1af7c0056']
3d4fddd4-da58-4294-ab24-18381e0936ea,109,['3e6785b3-ab4e-44c2-b64d-57cdc820410d']
c8b29d06-4f87-438e-b6c9-0cb7c11c4057,128,['9e91df34-2c7d-43c7-b397-ef95236fd4a5']
9ba94003-0fbe-4917-8c57-637259f76ec6,125,['9c3d2ab3-2056-4aab-9944-aee98e5dfe3d']
bd9798ed-db85-4a19-88e7-b85702856dc1,117,['ff61502f-7102-4981-a2fa-45393df7e210']
e19a3c38-7025-4e07-9cb6-456a329b1463,137,['5aa0264b-3637-4f27-9ecd-08dd9b31fba7']
a6dc8f70-4c2d-4be8-9b7c-5538e5e5e130,137,['00a9d3ee-c2d8-4503-b541-7a67ed13cd80']
a98e38ff-6ed8-45db-8956-c54800849861,128,['eb0510be-b1ee-4475-a8d9-86ce7cf7ad60']
3d4fddd4-da58-4294-ab24-18381e0936ea,110,['994d8d90-f8ad-4cff-8938-dc2972375496']
9ba94003-0fbe-4917-8c57-637259f76ec6,126,['fc5548b1-4427-4605-a6ff-42d90bdcb13f']
c8b29d06-4f87-438e-b6c9-0cb7c11c4057,129,['d1152100-a99b-4e18-90cb-9b9d85ae6ccc']
bd9798ed-db85-4a19-88e7-b85702856dc1,118,['362e8582-8509-4691-a72d-058dcca4bad1']
3d4fddd4-da58-4294-ab24-18381e0936ea,111,['0dd85d4c-61fe-4e1e-9367-991473ea78fb']
e19a3c38-7025-4e07-9cb6-456a329b1463,138,['de42692c-ed15-49f2-a9ce-36195918ed66']
a98e38ff-6ed8-45db-8956-c54800849861,129,['47f9dd66-bf07-4e24-9f17-849655c95e65']
a6dc8f70-4c2d-4be8-9b7c-5538e5e5e130,138,['4521c007-b16a-4a41-8681-d6221c72e5d0']
9ba94003-0fbe-4917-8c57-637259f76ec6,127,['4500aedb-3cfa-4337-b97b-34d3974626b4']
c8b29d06-4f87-438e-b6c9-0cb7c11c4057,130,['6440bd9c-50c2-49f3-9511-568e1d923448']
bd9798ed-db85-4a19-88e7-b85702856dc1,119,['dbbe83c6-362b-4860-9451-a5425f9e67d9']
3d4fddd4-da58-4294-ab24-18381e0936ea,112,['1e68e4eb-5bc0-4c57-8a2e-83b04b7bc8b4']
a6dc8f70-4c2d-4be8-9b7c-5538e5e5e130,139,['1b06daeb-1314-4e78-8e78-168de9abdf77']
e19a3c38-7025-4e07-9cb6-456a329b1463,139,['29e93d9c-bed8-46a5-9d6c-6a01376f774d']
a98e38ff-6ed8-45db-8956-c54800849861,130,['5afc4285-6540-4bdb-b4ac-7c17115a2a56']
9ba94003-0fbe-4917-8c57-637259f76ec6,128,['445c19c5-191f-48cf-910e-c2566be36669']
c8b29d06-4f87-438e-b6c9-0cb7c11c4057,131,['73276cb4-149f-4e9a-8dd0-60faabc479ce']
bd9798ed-db85-4a19-88e7-b85702856dc1,120,['726f7f9f-6126-49e2-8f48-87dbdb8f87e0']
3d4fddd4-da58-4294-ab24-18381e0936ea,113,['be462d74-962f-49ce-b1c0-e1d793a40727']
e19a3c38-7025-4e07-9cb6-456a329b1463,140,['90cdef42-3b4f-49a5-aaf6-673444065bcc']
a6dc8f70-4c2d-4be8-9b7c-5538e5e5e130,140,['06437152-3b92-4cda-9784-ac467537f047']
a98e38ff-6ed8-45db-8956-c54800849861,131,['d3ee1659-087d-4b1b-afe9-a9264c08f590']
9ba94003-0fbe-4917-8c57-637259f76ec6,129,['465b2e7c-1009-47de-b96f-17366216da4b']
c8b29d06-4f87-438e-b6c9-0cb7c11c4057,132,['926d38e9-5760-40f2-8797-bdba8bc61001']
bd9798ed-db85-4a19-88e7-b85702856dc1,121,['f14dfbaa-e724-4706-b3a2-2dc6b6d6d04e']
3d4fddd4-da58-4294-ab24-18381e0936ea,114,['2e800311-8f32-4c31-8289-f3fbb7faa7ac']
e19a3c38-7025-4e07-9cb6-456a329b1463,141,['3207df43-bd93-41a2-adb4-dbaae5483562']
a6dc8f70-4c2d-4be8-9b7c-5538e5e5e130,141,['6e34c9a4-ee83-4ac0-863d-c37f7d2039d8']
9ba94003-0fbe-4917-8c57-637259f76ec6,130,['bdb07ebb-1059-489d-8d06-bf929fd306ac']
a98e38ff-6ed8-45db-8956-c54800849861,132,['41a5c772-2e8c-4341-ad3e-b93de4c62c6c']
c8b29d06-4f87-438e-b6c9-0cb7c11c4057,133,['6b43940c-97b5-4ffe-a7fc-1a4fc584c1d4']
bd9798ed-db85-4a19-88e7-b85702856dc1,122,['7239ca41-7eac-47f2-bdef-cf38c3666dbd']
3d4fddd4-da58-4294-ab24-18381e0936ea,115,['45b565db-5141-45c7-a17a-053a638f1dce']
9ba94003-0fbe-4917-8c57-637259f76ec6,131,['24a7bfdb-6719-4b30-b6c3-f3b68f43cb63']
e19a3c38-7025-4e07-9cb6-456a329b1463,142,['6f06b1a3-c856-4ca5-88b6-ce169f105eea']
a6dc8f70-4c2d-4be8-9b7c-5538e5e5e130,142,['97b9f358-31d3-4cca-81e7-6eed0769f078']
a98e38ff-6ed8-45db-8956-c54800849861,133,['f619fdfd-f3c3-4b7b-ae08-d0ecb11082f6']
3d4fddd4-da58-4294-ab24-18381e0936ea,116,['45066fe6-5c44-42b7-8883-1e80f91246af']
bd9798ed-db85-4a19-88e7-b85702856dc1,123,['d9aa54c2-e6a0-497b-8f21-54c04e61de5e']
c8b29d06-4f87-438e-b6c9-0cb7c11c4057,134,['23b62e3e-66fe-4e62-8425-8e475cec326c']
9ba94003-0fbe-4917-8c57-637259f76ec6,132,['ef452e37-28a7-4083-8f10-43b51bff3888']
e19a3c38-7025-4e07-9cb6-456a329b1463,143,['bd38dcf6-1707-4dea-8cc8-32c6591cd1a5']
a6dc8f70-4c2d-4be8-9b7c-5538e5e5e130,143,['05e9d70e-2a7a-4b5f-a6d9-ce5c5aba4f88']
a98e38ff-6ed8-45db-8956-c54800849861,134,['a09072cd-f39f-4a38-874b-e84488834793']
bd9798ed-db85-4a19-88e7-b85702856dc1,124,['706fb4d3-e7e1-48f6-993f-d22a6d0a4323']
9ba94003-0fbe-4917-8c57-637259f76ec6,133,['8207b19c-9daf-4506-bff2-3fbba9a806ee']
3d4fddd4-da58-4294-ab24-18381e0936ea,117,['43fe8916-ce40-42cf-a127-1584d6d7d6cc']
c8b29d06-4f87-438e-b6c9-0cb7c11c4057,135,['f2e5d911-7819-4708-8458-594c811dfdda']
e19a3c38-7025-4e07-9cb6-456a329b1463,144,['03b00f85-6daa-4dc2-8446-8eafa041e6dd']
a6dc8f70-4c2d-4be8-9b7c-5538e5e5e130,144,['5450ef3b-15a2-4325-9acd-efd587f8839b']
a98e38ff-6ed8-45db-8956-c54800849861,135,['9cfe18d5-dc59-4cd0-ad16-69e78bb509d9']
9ba94003-0fbe-4917-8c57-637259f76ec6,134,['b7a51554-adfb-4844-9add-dfcff583247c']
bd9798ed-db85-4a19-88e7-b85702856dc1,125,['d497338d-db26-4737-8952-c6ef383ac01a']
3d4fddd4-da58-4294-ab24-18381e0936ea,118,['d161e9ee-e77f-4197-b425-a79108345615']
c8b29d06-4f87-438e-b6c9-0cb7c11c4057,136,['03eb70be-70fd-4e75-a048-f8c2dc1199bc']
a6dc8f70-4c2d-4be8-9b7c-5538e5e5e130,145,['91f52722-0f84-42e6-b919-e757ef1972d5']
e19a3c38-7025-4e07-9cb6-456a329b1463,145,['2d36c595-eb94-4e3e-8bed-4f5a421d070e']
a98e38ff-6ed8-45db-8956-c54800849861,136,['d1c601c7-d9e2-44fc-b3ca-c58e398997f3']
9ba94003-0fbe-4917-8c57-637259f76ec6,135,['28276327-4679-470a-80e1-3866f6a7e87c']
bd9798ed-db85-4a19-88e7-b85702856dc1,126,['1187940d-9e44-4aeb-a06b-8a7c01ca21b3']
3d4fddd4-da58-4294-ab24-18381e0936ea,119,['04ef7ba2-8026-4a2b-bfff-eb0b6bcd739e']
c8b29d06-4f87-438e-b6c9-0cb7c11c4057,137,['d643ee8b-925f-4311-a398-62935a7536cf']
a6dc8f70-4c2d-4be8-9b7c-5538e5e5e130,146,['d613effb-f228-4ded-8a1e-d7cd215550a7']
e19a3c38-7025-4e07-9cb6-456a329b1463,146,['8b887044-1f94-42e0-b404-ec1333b9eb1b']
a98e38ff-6ed8-45db-8956-c54800849861,137,['95c55c2c-6511-4012-8735-e9c2b549b1c6']
9ba94003-0fbe-4917-8c57-637259f76ec6,136,['afa804fc-1a50-45da-8041-f3f9b9998560']
bd9798ed-db85-4a19-88e7-b85702856dc1,127,['d2f17686-d8d4-4e23-af9e-35e0ebdc26e8']
3d4fddd4-da58-4294-ab24-18381e0936ea,120,['634716b3-8904-4173-8aac-7e274c8b3074']
c8b29d06-4f87-438e-b6c9-0cb7c11c4057,138,['7262d6b7-aed4-4f6d-9142-7f2c005460a6']
a6dc8f70-4c2d-4be8-9b7c-5538e5e5e130,147,['25a7e125-05aa-4c42-b634-11cfbc41965b']
e19a3c38-7025-4e07-9cb6-456a329b1463,147,['8541f5a4-7be9-411b-a98e-e029e9956f73']
a98e38ff-6ed8-45db-8956-c54800849861,138,['1e302bd3-552d-403d-aa37-c669a412813e']
9ba94003-0fbe-4917-8c57-637259f76ec6,137,['08604eb2-2009-49cd-b920-8222255d57d5']
bd9798ed-db85-4a19-88e7-b85702856dc1,128,['e52d439c-241a-4fee-85d0-436b168dbc38']
3d4fddd4-da58-4294-ab24-18381e0936ea,121,['a5dc7e4c-3322-4007-9df3-5b0d2ff74dd0']
a6dc8f70-4c2d-4be8-9b7c-5538e5e5e130,148,['9d7b2df1-9800-4dbe-bc87-695a7c5ef1cf']
c8b29d06-4f87-438e-b6c9-0cb7c11c4057,139,['ad8e9656-a400-4137-a607-2629af1a568f']
9ba94003-0fbe-4917-8c57-637259f76ec6,138,['3eef5658-b22d-4a41-936e-9d331de33f7c']
e19a3c38-7025-4e07-9cb6-456a329b1463,148,['8416e6b7-ce13-4746-b8ae-6acf84a2edb9']
a98e38ff-6ed8-45db-8956-c54800849861,139,['c6b6fa6d-bbbd-438d-a20e-d6311608668b']
bd9798ed-db85-4a19-88e7-b85702856dc1,129,['4379892c-5bdc-4dce-aaaa-96d5dbbc494e']
a6dc8f70-4c2d-4be8-9b7c-5538e5e5e130,149,['61439fdc-d0d5-4677-8a70-7a84f6e66ef1']
c8b29d06-4f87-438e-b6c9-0cb7c11c4057,140,['1aa8e734-f6e7-410d-a1ff-82b7e85ab818']
3d4fddd4-da58-4294-ab24-18381e0936ea,122,['6fc96710-2b51-4b65-831c-221e7bc7b8e1']
9ba94003-0fbe-4917-8c57-637259f76ec6,139,['6f650d87-99eb-4ce2-b545-ddc4d6a017bd']
e19a3c38-7025-4e07-9cb6-456a329b1463,149,['e18f4457-5549-407e-a036-c8a5e90fc571']
a98e38ff-6ed8-45db-8956-c54800849861,140,['05ddb4eb-8bb5-4702-a4a7-55e2c90fa4f4']
bd9798ed-db85-4a19-88e7-b85702856dc1,130,['bb58e778-23a3-4d79-acbe-8c4f8e28f2ab']
a6dc8f70-4c2d-4be8-9b7c-5538e5e5e130,150,['40fad51e-69f7-4e44-b5cf-fbe73392f5b6']
3d4fddd4-da58-4294-ab24-18381e0936ea,123,['be6fd7ac-361a-46e4-9027-4019df5d8c26']
c8b29d06-4f87-438e-b6c9-0cb7c11c4057,141,['19c91f0d-4120-4d2c-b074-e8ea6e375ad7']
9ba94003-0fbe-4917-8c57-637259f76ec6,140,['3786b0be-f56a-42f4-91f7-4db2b571d5e0']
a98e38ff-6ed8-45db-8956-c54800849861,141,['adadd64b-f606-4f53-b252-157484974949']
bd9798ed-db85-4a19-88e7-b85702856dc1,131,['bc3b5789-df23-43ce-a91b-20e356110ca5']
e19a3c38-7025-4e07-9cb6-456a329b1463,150,['89dfc00b-6634-4453-a0c6-4b0499d52575']
3d4fddd4-da58-4294-ab24-18381e0936ea,124,['acb0a2b3-2aa7-4f37-884f-2ad5aa83749b']
c8b29d06-4f87-438e-b6c9-0cb7c11c4057,142,['11ce519f-dc11-4978-a305-f632c38e29ac']
9ba94003-0fbe-4917-8c57-637259f76ec6,141,['3fc34636-f285-4a69-9462-90b582f7f1e0']
bd9798ed-db85-4a19-88e7-b85702856dc1,132,['ff2519a8-221e-45ec-a66d-14fa70990648']
a98e38ff-6ed8-45db-8956-c54800849861,142,['63ce059f-e9d1-4a90-acf5-ed97e2bac1f0']
3d4fddd4-da58-4294-ab24-18381e0936ea,125,['8395ce95-06b9-4648-b528-338692b04351']
9ba94003-0fbe-4917-8c57-637259f76ec6,142,['8230cac2-dc60-423e-8200-e9d00fecd377']
c8b29d06-4f87-438e-b6c9-0cb7c11c4057,143,['bc8a592d-2e86-4f34-bb36-34b7bc1837f8']
bd9798ed-db85-4a19-88e7-b85702856dc1,133,['5bebd1d3-c253-4e62-9498-76a8305d543d']
a98e38ff-6ed8-45db-8956-c54800849861,143,['864b60b7-4db0-4533-9aba-7ea4bafbb868']
3d4fddd4-da58-4294-ab24-18381e0936ea,126,['fd05ffd4-adb6-42c6-96bd-9968527d38ff']
9ba94003-0fbe-4917-8c57-637259f76ec6,143,['25b04465-aa5d-48d5-913c-a5e6141cb8dd']
c8b29d06-4f87-438e-b6c9-0cb7c11c4057,144,['2e8c0899-f9b1-4c37-9562-c0db3934c1c4']
bd9798ed-db85-4a19-88e7-b85702856dc1,134,['1fe5da9d-eb56-4dcc-a725-1e9b529bd93f']
9ba94003-0fbe-4917-8c57-637259f76ec6,144,['467409c2-b270-43e1-9ede-8c95e3146bd9']
a98e38ff-6ed8-45db-8956-c54800849861,144,['47ce20ca-b00f-454c-8478-f19c0c244d33']
3d4fddd4-da58-4294-ab24-18381e0936ea,127,['91a4a527-6b7e-4f91-8836-b0d623732cac']
bd9798ed-db85-4a19-88e7-b85702856dc1,135,['01b2d662-80ed-477b-b6ae-697520bd3e3f']
c8b29d06-4f87-438e-b6c9-0cb7c11c4057,145,['711a2397-acd7-4e37-be18-d740e380e587']
9ba94003-0fbe-4917-8c57-637259f76ec6,145,['7302c31f-dee7-4d25-8afb-f569cd306feb']
a98e38ff-6ed8-45db-8956-c54800849861,145,['d857c5f5-dbb9-4702-ad2e-4e55ec4cdd35']
3d4fddd4-da58-4294-ab24-18381e0936ea,128,['055ed016-a44e-4407-99b4-25bde28a5c2e']
bd9798ed-db85-4a19-88e7-b85702856dc1,136,['38219264-2a97-4c6e-b9b4-fc40e0ab7775']
c8b29d06-4f87-438e-b6c9-0cb7c11c4057,146,['cb6b847c-488e-4c30-b26a-5bc4bb0c2b59']
9ba94003-0fbe-4917-8c57-637259f76ec6,146,['cd6f6da8-50af-4076-94ce-2a6835b673af']
a98e38ff-6ed8-45db-8956-c54800849861,146,['fde9a5b5-78e1-4f35-9779-e4291c597c95']
3d4fddd4-da58-4294-ab24-18381e0936ea,129,['f6b53e9b-34a8-45ff-8979-0a50f48c7433']
bd9798ed-db85-4a19-88e7-b85702856dc1,137,['256a6f69-e0e0-4940-beaf-4aebcaf7cb39']
9ba94003-0fbe-4917-8c57-637259f76ec6,147,['3fca8f08-7151-4808-ac54-7c365862a34c']
c8b29d06-4f87-438e-b6c9-0cb7c11c4057,147,['8f167032-9c81-4608-85d4-8860d502245d']
a98e38ff-6ed8-45db-8956-c54800849861,147,['e5469484-65d7-4d7c-8811-a3e51c0f04d7']
3d4fddd4-da58-4294-ab24-18381e0936ea,130,['e41af375-c5fd-4b5e-9476-9058ec142d03']
bd9798ed-db85-4a19-88e7-b85702856dc1,138,['59f8a9a6-03a7-4fb4-bc22-645e9b7e9dda']
9ba94003-0fbe-4917-8c57-637259f76ec6,148,['6ccd6cf3-95d6-42a8-963b-9585cee10d30']
a98e38ff-6ed8-45db-8956-c54800849861,148,['96c79c49-e273-41af-9723-aa8536afa3aa']
c8b29d06-4f87-438e-b6c9-0cb7c11c4057,148,['f5c2ba7e-f76f-413e-85b9-8730f1362b0e']
3d4fddd4-da58-4294-ab24-18381e0936ea,131,['6baaaede-9afe-4ef9-bd12-0043f3a22d8f']
bd9798ed-db85-4a19-88e7-b85702856dc1,139,['3b9d0518-7d12-4302-9a9e-7288fa320bc2']
9ba94003-0fbe-4917-8c57-637259f76ec6,149,['d2bf5c56-cbbd-4f1e-8e26-566ea709774c']
3d4fddd4-da58-4294-ab24-18381e0936ea,132,['0980154b-104b-4fba-952e-c2bda113a3c0']
a98e38ff-6ed8-45db-8956-c54800849861,149,['7f602791-d2fb-4373-b8b2-96586bc8493d']
c8b29d06-4f87-438e-b6c9-0cb7c11c4057,149,['e0d76445-ceef-4ee9-8b0a-b6111e85d6dd']
bd9798ed-db85-4a19-88e7-b85702856dc1,140,['c3978269-3c13-43e5-9820-75b0d119cf64']
9ba94003-0fbe-4917-8c57-637259f76ec6,150,['bc77fefb-6f3b-4c66-8cba-dd9b33cafa0e']
3d4fddd4-da58-4294-ab24-18381e0936ea,133,['791a943b-99fb-440f-a79e-74701a918d56']
a98e38ff-6ed8-45db-8956-c54800849861,150,['645fef20-d63e-4243-91e3-a6b585eb8c2b']
c8b29d06-4f87-438e-b6c9-0cb7c11c4057,150,['79fe27cc-2571-4cf5-a5dc-d9d2146c93ec']
bd9798ed-db85-4a19-88e7-b85702856dc1,141,['805d891d-d582-4bd8-8e49-a7f3f414df18']
3d4fddd4-da58-4294-ab24-18381e0936ea,134,['0cc8361b-5673-49b0-afd0-8b471cb57e8e']
3d4fddd4-da58-4294-ab24-18381e0936ea,135,['6019c5b4-3e03-4a74-bc24-699b14712672']
bd9798ed-db85-4a19-88e7-b85702856dc1,142,['58c1d042-a64a-4b83-9b61-51ccb905f735']
bd9798ed-db85-4a19-88e7-b85702856dc1,143,['4be8b9d0-af00-41d8-9da5-04d7d86f0b78']
3d4fddd4-da58-4294-ab24-18381e0936ea,136,['075aefce-ee72-46e3-8003-d5df330c8cea']
bd9798ed-db85-4a19-88e7-b85702856dc1,144,['50e77c47-a98b-4b78-bbe2-3f60c34ab3bb']
3d4fddd4-da58-4294-ab24-18381e0936ea,137,['7e809c88-09f1-4901-a2cb-782b184387a6']
bd9798ed-db85-4a19-88e7-b85702856dc1,145,['c6264258-5cff-476e-b88e-7aa43f92cb39']
3d4fddd4-da58-4294-ab24-18381e0936ea,138,['8f442b42-c43b-4ad4-af17-09c8bfdd548a']
bd9798ed-db85-4a19-88e7-b85702856dc1,146,['cd2c9023-a018-462a-9462-1b7a5326b0d0']
3d4fddd4-da58-4294-ab24-18381e0936ea,139,['5501ad16-48ba-47b3-bbd2-06715f7aedd3']
bd9798ed-db85-4a19-88e7-b85702856dc1,147,['fbbc622b-1426-4e48-8d5f-2c122c53dc74']
3d4fddd4-da58-4294-ab24-18381e0936ea,140,['a03410f5-e6d8-4e2a-9753-ecf59894af21']
bd9798ed-db85-4a19-88e7-b85702856dc1,148,['3845e0dc-6566-458c-b191-1618b99786be']
3d4fddd4-da58-4294-ab24-18381e0936ea,141,['5475abfb-e3fc-4d93-b52f-ce90549f9024']
3d4fddd4-da58-4294-ab24-18381e0936ea,142,['1e5dd33a-f867-4bd7-97e1-0bd73a263939']
bd9798ed-db85-4a19-88e7-b85702856dc1,149,['87054ede-5f5a-4b5a-9e38-a19ccbdcd916']
3d4fddd4-da58-4294-ab24-18381e0936ea,143,['84b2cb0c-5c1b-4f4c-ae16-ef8bba40d080']
bd9798ed-db85-4a19-88e7-b85702856dc1,150,['ca04b95b-e417-4bc5-ae46-0eb33db0fd37']
3d4fddd4-da58-4294-ab24-18381e0936ea,144,['41c56a99-3017-4a00-8dda-0ba0b957fde5']
3d4fddd4-da58-4294-ab24-18381e0936ea,145,['59b912f6-7281-4747-b580-450b92436548']
3d4fddd4-da58-4294-ab24-18381e0936ea,146,['aafb905b-1604-417f-ab54-82540023b25d']
3d4fddd4-da58-4294-ab24-18381e0936ea,147,['b9d599f5-add3-4b64-9042-63dd9c69f7f1']
3d4fddd4-da58-4294-ab24-18381e0936ea,148,['681d0ad5-7537-46e4-9ec4-4e8ac88c056d']
3d4fddd4-da58-4294-ab24-18381e0936ea,149,['75d9c6e3-de13-4a7a-b6a3-c1d12cc644fc']
3d4fddd4-da58-4294-ab24-18381e0936ea,150,['de13c665-ef1c-419b-a9a9-b11f41f41d2e']
45e93266-b36b-4af9-a5e9-b092799cc2f2,0,['e753ea5d-1f58-4218-9384-7511caf9b5e8']
45e93266-b36b-4af9-a5e9-b092799cc2f2,1,['c352fdb9-a4eb-4ba9-a752-1fc1076dd364']
45e93266-b36b-4af9-a5e9-b092799cc2f2,2,['d54521af-ca6f-462b-86df-e7217a69df69']
45e93266-b36b-4af9-a5e9-b092799cc2f2,3,['d51de8a2-e9a2-482b-8e4b-f3a045697666']
45e93266-b36b-4af9-a5e9-b092799cc2f2,4,['b68f7111-d098-4ca5-9bc2-b37886034a00']
45e93266-b36b-4af9-a5e9-b092799cc2f2,5,['bfce7c03-b305-4f27-9f55-08d3f97e55e6']
45e93266-b36b-4af9-a5e9-b092799cc2f2,6,['72ddc1e9-36a7-4a38-8a99-20d4226775b0']
45e93266-b36b-4af9-a5e9-b092799cc2f2,7,['2eabc6e2-78b1-4ff5-b5c8-e5ec5dc77467']
45e93266-b36b-4af9-a5e9-b092799cc2f2,8,['1e86bf10-7309-46b9-8c2a-2e82ff246b63']
45e93266-b36b-4af9-a5e9-b092799cc2f2,9,['fbd21aa3-a1e8-479c-b05f-b3be9a831d03']
45e93266-b36b-4af9-a5e9-b092799cc2f2,10,['01ff07a6-bd63-42b9-ab52-c16a9ef46d9e']
45e93266-b36b-4af9-a5e9-b092799cc2f2,11,['61808a03-00eb-4bc5-b4ac-edaeff2c135d']
45e93266-b36b-4af9-a5e9-b092799cc2f2,12,['a7a25327-de02-4475-b503-53dee9f946a7']
45e93266-b36b-4af9-a5e9-b092799cc2f2,13,['cd184323-4386-442e-8e53-02fc14625129']
45e93266-b36b-4af9-a5e9-b092799cc2f2,14,['4e0da100-9867-451a-9268-3a799a1b2e58']
45e93266-b36b-4af9-a5e9-b092799cc2f2,15,['23f3398a-a2c7-48f0-8c92-872da2a50fe9']
45e93266-b36b-4af9-a5e9-b092799cc2f2,16,['2bb98d84-d739-4320-bf9e-a3263fd8472d']
45e93266-b36b-4af9-a5e9-b092799cc2f2,17,['3c729c9d-9f88-4e1e-ad2e-759739a8713a']
45e93266-b36b-4af9-a5e9-b092799cc2f2,18,['dcfb8798-7dd9-460f-8512-2ba3d5138d86']
45e93266-b36b-4af9-a5e9-b092799cc2f2,19,['bc8b50be-3504-4416-8caa-80658e5b991c']
45e93266-b36b-4af9-a5e9-b092799cc2f2,20,['57029f35-f517-4a04-a157-eed8c7e5821e']
45e93266-b36b-4af9-a5e9-b092799cc2f2,21,['7ee190b6-652c-4be2-a557-01a9281be06e']
45e93266-b36b-4af9-a5e9-b092799cc2f2,22,['136b3bb9-7eb0-4bab-be57-026618fd94ba']
45e93266-b36b-4af9-a5e9-b092799cc2f2,23,['38263488-8010-4bf5-8044-1cf169b2ccde']
45e93266-b36b-4af9-a5e9-b092799cc2f2,24,['31c171e4-d9cc-4c4b-ba43-5fd41a8bf555']
45e93266-b36b-4af9-a5e9-b092799cc2f2,25,['6e78e26d-dd3d-44c7-9bb3-f19eaabfdbd8']
481dd3cd-dd4b-4fc5-8eb7-ffc861db63b3,0,['69ef5a5d-a2d3-4768-9c6e-f3f6cf689b43']
45e93266-b36b-4af9-a5e9-b092799cc2f2,26,['f1ac25e5-8a65-42e3-870a-5e3953dd8b9b']
481dd3cd-dd4b-4fc5-8eb7-ffc861db63b3,1,['630c5c1e-5ce7-4e02-ac08-8a458328416e']
45e93266-b36b-4af9-a5e9-b092799cc2f2,27,['be3ad715-8940-41ef-b66f-11e3be3c4e06']
481dd3cd-dd4b-4fc5-8eb7-ffc861db63b3,2,['10110da7-e5ac-43d1-b049-4511854885b6']
45e93266-b36b-4af9-a5e9-b092799cc2f2,28,['8b25a9e2-28b8-4f9b-821f-7e7012102d9d']
481dd3cd-dd4b-4fc5-8eb7-ffc861db63b3,3,['fe4bbfeb-b2cb-43bd-8102-cc3bfb74b08f']
481dd3cd-dd4b-4fc5-8eb7-ffc861db63b3,4,['c4f4a89d-309b-45cb-84a4-e3f7e9e218c4']
45e93266-b36b-4af9-a5e9-b092799cc2f2,29,['d6d83688-dbc6-416f-9db8-3e3f4a3f47e0']
481dd3cd-dd4b-4fc5-8eb7-ffc861db63b3,5,['613dc0ae-eaf9-4195-b93f-6fb3fcb5798b']
45e93266-b36b-4af9-a5e9-b092799cc2f2,30,['c9096838-4ecc-4548-b5f9-0ccdba30d69e']
481dd3cd-dd4b-4fc5-8eb7-ffc861db63b3,6,['4b0c1815-f710-4911-83ea-71f1445bcd1d']
45e93266-b36b-4af9-a5e9-b092799cc2f2,31,['b17a75f2-9d54-485a-88aa-abd4facaf130']
481dd3cd-dd4b-4fc5-8eb7-ffc861db63b3,7,['c332bf94-d5d7-45c9-841a-cd70a0e1c42c']
45e93266-b36b-4af9-a5e9-b092799cc2f2,32,['06d6f73a-e3c6-4b9a-88bd-da6ce154afac']
481dd3cd-dd4b-4fc5-8eb7-ffc861db63b3,8,['1c92fee1-4661-4441-be6f-40af93a1171e']
45e93266-b36b-4af9-a5e9-b092799cc2f2,33,['05d54aa5-f004-4191-877d-9ece38569d99']
481dd3cd-dd4b-4fc5-8eb7-ffc861db63b3,9,['7efa1435-9ddf-44df-b0ad-ee836f98dd02']
481dd3cd-dd4b-4fc5-8eb7-ffc861db63b3,10,['0643e56b-a517-47f4-a04d-154ecb17ac2d']
45e93266-b36b-4af9-a5e9-b092799cc2f2,34,['4e481788-8d8e-4503-a8f8-63278e94d829']
481dd3cd-dd4b-4fc5-8eb7-ffc861db63b3,11,['d471ca10-1198-4ea9-816e-0b59ef7fb48a']
45e93266-b36b-4af9-a5e9-b092799cc2f2,35,['137d1978-573f-4894-947b-d7b347c968c3']
481dd3cd-dd4b-4fc5-8eb7-ffc861db63b3,12,['bc42ddb0-98c1-41ae-bc09-f6a2bd6fd170']
45e93266-b36b-4af9-a5e9-b092799cc2f2,36,['86911c8c-b804-4f76-b03e-d7062c7bea8e']
481dd3cd-dd4b-4fc5-8eb7-ffc861db63b3,13,['2a80fcfb-e303-4e97-b9a9-5de918f3c412']
45e93266-b36b-4af9-a5e9-b092799cc2f2,37,['e590a2bb-c944-465b-b3a3-2bdf524c2478']
481dd3cd-dd4b-4fc5-8eb7-ffc861db63b3,14,['9384ada5-1bff-42e1-ba31-6966dbfb2de7']
45e93266-b36b-4af9-a5e9-b092799cc2f2,38,['d9d48657-c5f3-436d-a356-48912a02e5f7']
481dd3cd-dd4b-4fc5-8eb7-ffc861db63b3,15,['68d015cd-c793-44d1-a325-5ed27c7df795']
45e93266-b36b-4af9-a5e9-b092799cc2f2,39,['015984b0-4ef1-4b20-9ad1-a7866f793b4a']
481dd3cd-dd4b-4fc5-8eb7-ffc861db63b3,16,['76c60468-907a-4b0a-adb3-726ad647a9f4']
481dd3cd-dd4b-4fc5-8eb7-ffc861db63b3,17,['3aec8021-7ecd-4f41-9c54-901b359fbed9']
45e93266-b36b-4af9-a5e9-b092799cc2f2,40,['4a81d6af-9c6d-4a72-a251-123c27b9dba8']
481dd3cd-dd4b-4fc5-8eb7-ffc861db63b3,18,['c6fced52-60c1-40b6-8482-4829ecbfa1f1']
45e93266-b36b-4af9-a5e9-b092799cc2f2,41,['87c035e4-a707-4917-9d14-fad83a0b1c3c']
481dd3cd-dd4b-4fc5-8eb7-ffc861db63b3,19,['79d2398b-36a3-4066-a873-cb28ef57573d']
45e93266-b36b-4af9-a5e9-b092799cc2f2,42,['5e38cf82-c2b6-47e4-804d-d58b2995d4cd']
481dd3cd-dd4b-4fc5-8eb7-ffc861db63b3,20,['2fb27609-8d16-4acb-87b5-bb9a41f5ff15']
45e93266-b36b-4af9-a5e9-b092799cc2f2,43,['2192ed2d-810f-4ea7-ad43-8e650c8f3223']
481dd3cd-dd4b-4fc5-8eb7-ffc861db63b3,21,['7bf2a55c-6b3d-4d9b-9300-db857f78db27']
45e93266-b36b-4af9-a5e9-b092799cc2f2,44,['29257db0-d49a-4099-8cf4-19ba72973165']
481dd3cd-dd4b-4fc5-8eb7-ffc861db63b3,22,['02cea6a5-14a2-4e15-843a-5be481d2cfb0']
45e93266-b36b-4af9-a5e9-b092799cc2f2,45,['dbad6c57-44fc-4a92-9a19-7b596d28faa2']
481dd3cd-dd4b-4fc5-8eb7-ffc861db63b3,23,['31bcea75-c07a-4bbe-80a8-072d3ed2c93a']
45e93266-b36b-4af9-a5e9-b092799cc2f2,46,['bb90e473-9a62-41c2-abf2-60db5e195198']
481dd3cd-dd4b-4fc5-8eb7-ffc861db63b3,24,['af67e91c-fb84-40bf-a78d-fbb66e5ab09a']
45e93266-b36b-4af9-a5e9-b092799cc2f2,47,['4ec838bb-681f-4f9a-9c06-03a643564d10']
481dd3cd-dd4b-4fc5-8eb7-ffc861db63b3,25,['ff0c4bc4-840b-4d18-a4a1-04b9696b50ba']
45e93266-b36b-4af9-a5e9-b092799cc2f2,48,['9573c3cf-2cfb-4dec-bcab-4579d8e1dedb']
481dd3cd-dd4b-4fc5-8eb7-ffc861db63b3,26,['2238fc8a-63fe-46b9-a9e5-7dbf235b4354']
45e93266-b36b-4af9-a5e9-b092799cc2f2,49,['b5647384-5c3f-45cc-a051-bd1fab43e61c']
481dd3cd-dd4b-4fc5-8eb7-ffc861db63b3,27,['6006af2b-229e-4135-a2f6-3496ae7f38c2']
45e93266-b36b-4af9-a5e9-b092799cc2f2,50,['786027ee-6c2e-49d2-a98b-f1b6f874f009']
481dd3cd-dd4b-4fc5-8eb7-ffc861db63b3,28,['c3cd6b28-df97-4f37-9c80-b9fa4b52cd25']
45e93266-b36b-4af9-a5e9-b092799cc2f2,51,['c92ffe1c-a054-47d8-bdbe-2b902e8cde1d']
481dd3cd-dd4b-4fc5-8eb7-ffc861db63b3,29,['59bc85e9-ed32-478b-9509-11956926c23f']
45e93266-b36b-4af9-a5e9-b092799cc2f2,52,['52391cde-dc7e-4dcb-a954-0e80dfd46e47']
481dd3cd-dd4b-4fc5-8eb7-ffc861db63b3,30,['ba3cff60-4475-486d-88a8-174d4d62e623']
45e93266-b36b-4af9-a5e9-b092799cc2f2,53,['f8566404-6c83-47f0-b972-8f865342215b']
481dd3cd-dd4b-4fc5-8eb7-ffc861db63b3,31,['bdbb2dfd-f01e-4b40-a555-0bc38c450ce7']
45e93266-b36b-4af9-a5e9-b092799cc2f2,54,['ded1da2f-a988-4466-bbc3-31e295f6def4']
481dd3cd-dd4b-4fc5-8eb7-ffc861db63b3,32,['2096474f-461b-4063-a805-15349deceaed']
45e93266-b36b-4af9-a5e9-b092799cc2f2,55,['6354d3bb-6931-4084-8922-e2b995decec8']
481dd3cd-dd4b-4fc5-8eb7-ffc861db63b3,33,['42376b0f-ac70-4513-9697-48f43aae415d']
45e93266-b36b-4af9-a5e9-b092799cc2f2,56,['4047cb60-3cf1-481b-abb3-6ba57795932b']
481dd3cd-dd4b-4fc5-8eb7-ffc861db63b3,34,['6973c5c6-5523-4c15-9b44-e8647350c8e7']
45e93266-b36b-4af9-a5e9-b092799cc2f2,57,['261f2fa9-e074-47ff-bb5a-a0c0ea072948']
481dd3cd-dd4b-4fc5-8eb7-ffc861db63b3,35,['cd47c6fd-64d2-4ac1-af97-7f6d8ae4b75a']
45e93266-b36b-4af9-a5e9-b092799cc2f2,58,['7d187dd1-60ed-435e-85ff-0b4b11fc314e']
481dd3cd-dd4b-4fc5-8eb7-ffc861db63b3,36,['c0a259f1-3355-43f2-8065-da6679423888']
45e93266-b36b-4af9-a5e9-b092799cc2f2,59,['c20ef142-1133-4d4c-85a3-8c514b726014']
481dd3cd-dd4b-4fc5-8eb7-ffc861db63b3,37,['296eb9a3-a340-4a6b-bd72-543325709fbb']
45e93266-b36b-4af9-a5e9-b092799cc2f2,60,['1d38c571-159e-4276-9f0b-bc85fd127d91']
481dd3cd-dd4b-4fc5-8eb7-ffc861db63b3,38,['5df06f45-9e8e-49fc-93c2-9509f7c203c9']
45e93266-b36b-4af9-a5e9-b092799cc2f2,61,['abb5c1ae-6744-404b-8e21-62832590100e']
481dd3cd-dd4b-4fc5-8eb7-ffc861db63b3,39,['8522dde6-b12a-447f-9f10-0ad8091ffd45']
45e93266-b36b-4af9-a5e9-b092799cc2f2,62,['1037d35a-86e6-46b1-931b-e3ff31d1d7f2']
481dd3cd-dd4b-4fc5-8eb7-ffc861db63b3,40,['c141a4a9-7cb0-43fa-952a-7c7cb8b74695']
45e93266-b36b-4af9-a5e9-b092799cc2f2,63,['395ccc88-0b37-40f5-9453-fc8a59bab1ea']
481dd3cd-dd4b-4fc5-8eb7-ffc861db63b3,41,['3dd5b32d-9e42-4f6e-af57-aad33cfcb346']
45e93266-b36b-4af9-a5e9-b092799cc2f2,64,['aaa574bd-30d3-452c-8d68-6b9454ea17aa']
481dd3cd-dd4b-4fc5-8eb7-ffc861db63b3,42,['9c284b1b-7c24-4275-8d3a-ff232480ad94']
45e93266-b36b-4af9-a5e9-b092799cc2f2,65,['4ef3cf8b-afa1-41d3-99a0-68cb00c12c52']
481dd3cd-dd4b-4fc5-8eb7-ffc861db63b3,43,['8e4e4e2c-b0d0-460b-8536-127fe622de8a']
45e93266-b36b-4af9-a5e9-b092799cc2f2,66,['9306015a-6b64-4153-987d-d350a015bc19']
481dd3cd-dd4b-4fc5-8eb7-ffc861db63b3,44,['e4b9f24a-19fd-4521-b551-36dd662d0dcd']
45e93266-b36b-4af9-a5e9-b092799cc2f2,67,['f76ef706-2b21-4c7a-85df-1cc5508c0c42']
481dd3cd-dd4b-4fc5-8eb7-ffc861db63b3,45,['c989467e-fc4b-4ae3-92bb-79a6b5ef2622']
45e93266-b36b-4af9-a5e9-b092799cc2f2,68,['b265a66d-dedb-4c4b-a68d-872c13bd352a']
481dd3cd-dd4b-4fc5-8eb7-ffc861db63b3,46,['19764d94-34a3-4f7e-843d-fef32ac8100c']
45e93266-b36b-4af9-a5e9-b092799cc2f2,69,['8ffcce16-0292-4c55-aeb9-3ee2a1c00955']
481dd3cd-dd4b-4fc5-8eb7-ffc861db63b3,47,['040b491c-b918-4eb8-a7d4-69a720ded037']
45e93266-b36b-4af9-a5e9-b092799cc2f2,70,['53e17663-f739-488c-ae23-77b72c7912f4']
481dd3cd-dd4b-4fc5-8eb7-ffc861db63b3,48,['3829d807-83e6-48e2-a11b-24ba00765553']
45e93266-b36b-4af9-a5e9-b092799cc2f2,71,['8ae6aa6a-cce5-4cad-ae2d-d381c8e7b953']
481dd3cd-dd4b-4fc5-8eb7-ffc861db63b3,49,['9ee4846c-fa65-4d9d-843b-72d91cbe5e9a']
45e93266-b36b-4af9-a5e9-b092799cc2f2,72,['0f6f9909-c101-47c0-ae17-bc07a97e922a']
481dd3cd-dd4b-4fc5-8eb7-ffc861db63b3,50,['80a44af4-4c9a-452a-80a2-f51eb281458f']
45e93266-b36b-4af9-a5e9-b092799cc2f2,73,['e5a60583-8012-48c9-937e-a2643a735abd']
481dd3cd-dd4b-4fc5-8eb7-ffc861db63b3,51,['4300d83e-0305-493a-8f8a-774378fdfe03']
45e93266-b36b-4af9-a5e9-b092799cc2f2,74,['c40f53e2-1b61-43a8-8a5a-1e13d7d145c0']
45e93266-b36b-4af9-a5e9-b092799cc2f2,75,['64c4d9a2-b706-459e-b163-db91a99d3d40']
481dd3cd-dd4b-4fc5-8eb7-ffc861db63b3,52,['289b91f3-6df1-4dfc-8a04-9eea0678c83a']
45e93266-b36b-4af9-a5e9-b092799cc2f2,76,['f7d982f8-e9bc-40b4-872d-afc36565e75f']
481dd3cd-dd4b-4fc5-8eb7-ffc861db63b3,53,['254970af-4696-4f88-85c9-d9253fee68d8']
45e93266-b36b-4af9-a5e9-b092799cc2f2,77,['28192180-2d71-4047-9382-5b23885badcf']
481dd3cd-dd4b-4fc5-8eb7-ffc861db63b3,54,['db820e32-0a19-4569-97bf-40ed18f954dd']
45e93266-b36b-4af9-a5e9-b092799cc2f2,78,['f753142b-d87e-4540-9044-e0c80b918aa1']
481dd3cd-dd4b-4fc5-8eb7-ffc861db63b3,55,['9c003484-095b-44c8-ba4c-7e8929fdcbe1']
45e93266-b36b-4af9-a5e9-b092799cc2f2,79,['4d3e6a1a-6ce9-409a-8535-56375941bb01']
481dd3cd-dd4b-4fc5-8eb7-ffc861db63b3,56,['d0b54f6e-7524-4d6a-99af-48050a718f6d']
45e93266-b36b-4af9-a5e9-b092799cc2f2,80,['a1472638-3a72-4a27-8843-af28bcd637cd']
481dd3cd-dd4b-4fc5-8eb7-ffc861db63b3,57,['bc66d279-3946-4641-ab90-ee315447badd']
45e93266-b36b-4af9-a5e9-b092799cc2f2,81,['6d4a0bc1-742d-44ef-8b62-b2a8144721ee']
481dd3cd-dd4b-4fc5-8eb7-ffc861db63b3,58,['ee555170-7d56-4228-8215-7853e27b713e']
45e93266-b36b-4af9-a5e9-b092799cc2f2,82,['5c1037a7-a664-45fa-86ed-506ec919f1c0']
481dd3cd-dd4b-4fc5-8eb7-ffc861db63b3,59,['a21145cf-43ff-44f3-9fa1-43854ba30f0b']
45e93266-b36b-4af9-a5e9-b092799cc2f2,83,['a32cde50-2bac-4f7a-b82a-e4dfde58decb']
481dd3cd-dd4b-4fc5-8eb7-ffc861db63b3,60,['c029835a-cec7-40da-89f1-b44c4ca9e0a2']
45e93266-b36b-4af9-a5e9-b092799cc2f2,84,['e6104800-1bd2-4ae7-a69f-d9014ffe1341']
481dd3cd-dd4b-4fc5-8eb7-ffc861db63b3,61,['e8030fe6-ab30-49bc-9d26-643ab44176f1']
45e93266-b36b-4af9-a5e9-b092799cc2f2,85,['4d655cb5-efdd-4cb6-b94e-bf3983925d9d']
481dd3cd-dd4b-4fc5-8eb7-ffc861db63b3,62,['90c8edc5-d7e4-490e-ac7a-a3169a40275b']
45e93266-b36b-4af9-a5e9-b092799cc2f2,86,['6a8f56a2-3b54-43a6-a038-495f43a4bfb4']
45e93266-b36b-4af9-a5e9-b092799cc2f2,87,['09cce32c-45d7-48e2-96c3-a44c6d451bd0']
481dd3cd-dd4b-4fc5-8eb7-ffc861db63b3,63,['e20f00e4-ab1e-4672-b5e6-de98937c874d']
45e93266-b36b-4af9-a5e9-b092799cc2f2,88,['8a2db3f6-a69a-4b7f-bd30-c604846ff80c']
481dd3cd-dd4b-4fc5-8eb7-ffc861db63b3,64,['e0144ff6-f01f-4067-a197-af380b09bf72']
45e93266-b36b-4af9-a5e9-b092799cc2f2,89,['57544986-bb41-48f1-96d6-834ab88065a7']
481dd3cd-dd4b-4fc5-8eb7-ffc861db63b3,65,['fa7ffe65-550a-4408-af0d-dbdc110585a1']
45e93266-b36b-4af9-a5e9-b092799cc2f2,90,['713caec8-dc12-43a9-8519-173c6cd2f942']
481dd3cd-dd4b-4fc5-8eb7-ffc861db63b3,66,['74e1dc79-0fd7-4a6d-809b-6d2aaf8979ad']
45e93266-b36b-4af9-a5e9-b092799cc2f2,91,['17848f2e-76dc-4872-b5a9-1296201fc80b']
481dd3cd-dd4b-4fc5-8eb7-ffc861db63b3,67,['3338930c-9464-4002-ac7b-c3fe13c06af4']
45e93266-b36b-4af9-a5e9-b092799cc2f2,92,['cd0541ed-e877-42c5-b874-2de9533c5fb8']
481dd3cd-dd4b-4fc5-8eb7-ffc861db63b3,68,['a3360a94-0e8c-4ade-b10e-568c66df0ca2']
45e93266-b36b-4af9-a5e9-b092799cc2f2,93,['97088332-339f-435a-85ff-efd02933f968']
45e93266-b36b-4af9-a5e9-b092799cc2f2,94,['f0d6dbf9-542c-4221-97e1-ee0e57fe841f']
481dd3cd-dd4b-4fc5-8eb7-ffc861db63b3,69,['0e5752d6-ed51-45a7-ac21-9d4689d0bc1b']
45e93266-b36b-4af9-a5e9-b092799cc2f2,95,['d6055a6e-5553-4040-9056-0eaf4d1f56ba']
481dd3cd-dd4b-4fc5-8eb7-ffc861db63b3,70,['72cb058c-2c0a-4860-b570-8496f19dfea5']
45e93266-b36b-4af9-a5e9-b092799cc2f2,96,['23e55416-84d0-4db8-9727-d75a582009b9']
481dd3cd-dd4b-4fc5-8eb7-ffc861db63b3,71,['11783c79-b669-42bd-b6b8-76b328ed70fa']
45e93266-b36b-4af9-a5e9-b092799cc2f2,97,['7dd35c76-e332-4d73-9866-809e187f6ccc']
481dd3cd-dd4b-4fc5-8eb7-ffc861db63b3,72,['379671a5-367f-41c4-9c44-564e206f2385']
45e93266-b36b-4af9-a5e9-b092799cc2f2,98,['7a3b2dae-93f5-4eaa-8111-b8ec2e2b8a01']
481dd3cd-dd4b-4fc5-8eb7-ffc861db63b3,73,['33afc7d5-05a2-49b5-a00e-390885866263']
45e93266-b36b-4af9-a5e9-b092799cc2f2,99,['8356e0ce-ced0-437c-9397-5b70529980a7']
481dd3cd-dd4b-4fc5-8eb7-ffc861db63b3,74,['c3858d35-6d2c-4d42-833c-42b19ab3054d']
45e93266-b36b-4af9-a5e9-b092799cc2f2,100,['8c30b8c2-546e-4d83-9cec-a6019c6a1a0f']
481dd3cd-dd4b-4fc5-8eb7-ffc861db63b3,75,['7cbed209-d680-47b9-b193-16f62fc4459e']
45e93266-b36b-4af9-a5e9-b092799cc2f2,101,['45498f78-2719-40f6-a405-400b6972ed76']
45e93266-b36b-4af9-a5e9-b092799cc2f2,102,['c8ff9064-d112-418d-a3e4-d871a15faffc']
481dd3cd-dd4b-4fc5-8eb7-ffc861db63b3,76,['ab0f8109-5070-4ead-8355-4e999771dc20']
45e93266-b36b-4af9-a5e9-b092799cc2f2,103,['e9b9172c-e5ce-4414-b816-10364000d568']
481dd3cd-dd4b-4fc5-8eb7-ffc861db63b3,77,['c7f4cf2e-f215-4ede-9a42-18eb4c3b222c']
45e93266-b36b-4af9-a5e9-b092799cc2f2,104,['7e1d515b-11f3-427b-aaaf-a5d331e9f47a']
481dd3cd-dd4b-4fc5-8eb7-ffc861db63b3,78,['ee252669-1a21-42bc-ba7e-a4cf25495505']
45e93266-b36b-4af9-a5e9-b092799cc2f2,105,['ab1977ac-392d-44c3-8025-fa2ac59226ce']
481dd3cd-dd4b-4fc5-8eb7-ffc861db63b3,79,['7b162ce3-424c-402a-8d31-b93a084fb29d']
45e93266-b36b-4af9-a5e9-b092799cc2f2,106,['c24ef0ea-6ff0-47c1-ba30-5357010a9c37']
481dd3cd-dd4b-4fc5-8eb7-ffc861db63b3,80,['d41f5f3d-1bfd-4e66-a67c-8ed33c94acaf']
45e93266-b36b-4af9-a5e9-b092799cc2f2,107,['f07a5074-d1ff-4b41-8e3d-0ba524cf4b58']
481dd3cd-dd4b-4fc5-8eb7-ffc861db63b3,81,['311d2113-bc5e-4f3d-b147-1b2d9fc83283']
45e93266-b36b-4af9-a5e9-b092799cc2f2,108,['ee84109f-ae03-40ab-b108-eeb55114410c']
481dd3cd-dd4b-4fc5-8eb7-ffc861db63b3,82,['e22f5d7a-46ea-4f1b-bae2-736fea886974']
45e93266-b36b-4af9-a5e9-b092799cc2f2,109,['c05f8086-8066-46d4-870a-855390afb63a']
481dd3cd-dd4b-4fc5-8eb7-ffc861db63b3,83,['eec7f488-c5a7-4984-9913-618978978a98']
45e93266-b36b-4af9-a5e9-b092799cc2f2,110,['27538bb8-1e7e-4215-a028-825f6b7e74db']
481dd3cd-dd4b-4fc5-8eb7-ffc861db63b3,84,['546ce231-9746-42d0-80fc-17d4d42a2f89']
45e93266-b36b-4af9-a5e9-b092799cc2f2,111,['6c72e99a-da91-4c0e-bb79-15aa2e54146c']
481dd3cd-dd4b-4fc5-8eb7-ffc861db63b3,85,['4edd5e60-d82f-461c-829d-7755e747b438']
45e93266-b36b-4af9-a5e9-b092799cc2f2,112,['26eddb83-b914-42cc-8a2c-6937d6641bcc']
45e93266-b36b-4af9-a5e9-b092799cc2f2,113,['57ceceb0-9a2b-4979-a548-0feae82f0529']
481dd3cd-dd4b-4fc5-8eb7-ffc861db63b3,86,['f33b18c0-e760-4df7-a350-f922b126f919']
45e93266-b36b-4af9-a5e9-b092799cc2f2,114,['872ed517-24fe-4b1c-9cbd-4bc7b54ee21c']
481dd3cd-dd4b-4fc5-8eb7-ffc861db63b3,87,['c5d088a3-5d94-413c-afbc-8292040a1c49']
45e93266-b36b-4af9-a5e9-b092799cc2f2,115,['ee413412-29c3-4e25-92e4-10f493dde2ae']
481dd3cd-dd4b-4fc5-8eb7-ffc861db63b3,88,['6819538e-6163-4cb2-95c8-8c8ab2bba82a']
45e93266-b36b-4af9-a5e9-b092799cc2f2,116,['fa6dbf9a-900b-490f-b5c4-0cfc3db28f16']
45e93266-b36b-4af9-a5e9-b092799cc2f2,117,['9a8ae1fa-38fd-4b0b-a86f-26ba7cd2aeae']
481dd3cd-dd4b-4fc5-8eb7-ffc861db63b3,89,['44c29792-631e-4312-bdc9-df1fd3a1f03d']
45e93266-b36b-4af9-a5e9-b092799cc2f2,118,['097b5e62-fae7-4085-9a18-10565d9c6206']
481dd3cd-dd4b-4fc5-8eb7-ffc861db63b3,90,['cfd56fc2-8c91-434e-a778-86c0b780f9d9']
45e93266-b36b-4af9-a5e9-b092799cc2f2,119,['a84a4dce-4864-414d-9109-fcfe94fd82b0']
481dd3cd-dd4b-4fc5-8eb7-ffc861db63b3,91,['0f15edd7-ffa4-40f8-9579-cd7c8dddcb49']
45e93266-b36b-4af9-a5e9-b092799cc2f2,120,['d8d4d7b0-b674-4a52-a7f0-ed43b26ef793']
45e93266-b36b-4af9-a5e9-b092799cc2f2,121,['e082fdb5-9d1b-409e-8b29-5b2578eb270b']
481dd3cd-dd4b-4fc5-8eb7-ffc861db63b3,92,['be3bd205-5b2c-463f-b8dc-6f7116ee96d1']
45e93266-b36b-4af9-a5e9-b092799cc2f2,122,['dda490c3-bd83-44b4-8db2-7ef5eb7f0d2e']
481dd3cd-dd4b-4fc5-8eb7-ffc861db63b3,93,['76292167-5e36-4dbf-b213-6d95c662e7d4']
481dd3cd-dd4b-4fc5-8eb7-ffc861db63b3,94,['80fe1a17-7d65-4e7d-87ab-c0276408b2fb']
45e93266-b36b-4af9-a5e9-b092799cc2f2,123,['804df369-c9ea-4bef-93fe-8e28cf94fa1b']
45e93266-b36b-4af9-a5e9-b092799cc2f2,124,['abf8a952-9dcb-4c33-afbe-fe92d28416c8']
481dd3cd-dd4b-4fc5-8eb7-ffc861db63b3,95,['673f669e-601e-435e-b4c9-28b949fd5127']
481dd3cd-dd4b-4fc5-8eb7-ffc861db63b3,96,['3df16733-02fb-4d5f-8b3b-4e2203bf0795']
45e93266-b36b-4af9-a5e9-b092799cc2f2,125,['1d8f5878-8ab5-4e63-aae4-462a849064ab']
45e93266-b36b-4af9-a5e9-b092799cc2f2,126,['e4c42c60-a026-4a1b-9e00-435a6b81cc60']
481dd3cd-dd4b-4fc5-8eb7-ffc861db63b3,97,['c4c1667e-5f5a-4fed-9479-324704e1c7b0']
45e93266-b36b-4af9-a5e9-b092799cc2f2,127,['aa760c77-1496-4400-8095-04a0d8264913']
481dd3cd-dd4b-4fc5-8eb7-ffc861db63b3,98,['d1e51fc4-63c8-42c9-98e9-446a0c7ec11b']
45e93266-b36b-4af9-a5e9-b092799cc2f2,128,['d17f10c6-4df7-4e9b-94c9-4fe38d5a1e4c']
481dd3cd-dd4b-4fc5-8eb7-ffc861db63b3,99,['e2635976-294a-4aba-b0c0-f8c939cace2e']
45e93266-b36b-4af9-a5e9-b092799cc2f2,129,['f51a7153-01a4-47ea-a271-0b0483b7c7fd']
481dd3cd-dd4b-4fc5-8eb7-ffc861db63b3,100,['34358097-276f-478b-aca0-d6a2f1130f5d']
45e93266-b36b-4af9-a5e9-b092799cc2f2,130,['2da84b55-ca3f-4d78-a0f6-5741801cb366']
481dd3cd-dd4b-4fc5-8eb7-ffc861db63b3,101,['33e07699-25fa-4973-9057-692d342099b7']
45e93266-b36b-4af9-a5e9-b092799cc2f2,131,['72491661-c126-4f6d-b0bd-fa79f6523bd4']
481dd3cd-dd4b-4fc5-8eb7-ffc861db63b3,102,['dc33fbcb-701d-4359-8c83-825657cfed74']
45e93266-b36b-4af9-a5e9-b092799cc2f2,132,['e220def0-678f-4494-a641-2790fa4605d9']
481dd3cd-dd4b-4fc5-8eb7-ffc861db63b3,103,['87bb0aa8-e8f1-4b22-b7af-01876bcc2bca']
45e93266-b36b-4af9-a5e9-b092799cc2f2,133,['71d07cd7-10e8-4acb-a931-3e3cd2b6487b']
481dd3cd-dd4b-4fc5-8eb7-ffc861db63b3,104,['fabcc87d-7d43-4ce5-9a1f-5bb5367227be']
45e93266-b36b-4af9-a5e9-b092799cc2f2,134,['1bb04d10-b7db-4ea5-956d-3c75ab8b7328']
481dd3cd-dd4b-4fc5-8eb7-ffc861db63b3,105,['861767ae-6be4-4827-ab7c-bab41f8be30d']
45e93266-b36b-4af9-a5e9-b092799cc2f2,135,['266f10bb-882d-440c-bbba-518fcc09baad']
481dd3cd-dd4b-4fc5-8eb7-ffc861db63b3,106,['e559b27e-227a-4d8d-8bea-85c598e7ce7d']
45e93266-b36b-4af9-a5e9-b092799cc2f2,136,['656a1d10-dfc8-4526-a576-9908d00c7cab']
45e93266-b36b-4af9-a5e9-b092799cc2f2,137,['885286de-a21c-41f3-8d2d-350e2a1872c9']
481dd3cd-dd4b-4fc5-8eb7-ffc861db63b3,107,['abb858db-218b-4c5a-8833-aa52bf4f63d9']
45e93266-b36b-4af9-a5e9-b092799cc2f2,138,['35250186-74ca-457a-9cc7-acc3b5a45431']
481dd3cd-dd4b-4fc5-8eb7-ffc861db63b3,108,['df3b8654-f2df-4ef8-9aba-7f18ac836914']
45e93266-b36b-4af9-a5e9-b092799cc2f2,139,['b34b112c-e003-4125-ae77-87e413e85b1a']
481dd3cd-dd4b-4fc5-8eb7-ffc861db63b3,109,['d5a0d721-9f58-4fea-9b5b-a6d7d1be990d']
45e93266-b36b-4af9-a5e9-b092799cc2f2,140,['10e8e352-dced-44d7-8bac-e6896a6d53ea']
481dd3cd-dd4b-4fc5-8eb7-ffc861db63b3,110,['104dcfca-15ae-41ce-bb82-a0d4fc1050ab']
45e93266-b36b-4af9-a5e9-b092799cc2f2,141,['9e9634eb-698f-4efa-ba33-b4b38fab5f02']
481dd3cd-dd4b-4fc5-8eb7-ffc861db63b3,111,['aecc28cb-51ef-49e8-a1da-3ad96f9264c3']
45e93266-b36b-4af9-a5e9-b092799cc2f2,142,['fa7f53b3-b461-4f7a-be09-b219b6c73d26']
481dd3cd-dd4b-4fc5-8eb7-ffc861db63b3,112,['1a4c3117-0dee-4c4d-9836-b2307352a355']
45e93266-b36b-4af9-a5e9-b092799cc2f2,143,['26bd98e4-7a66-4fb9-a445-e472c8dc0864']
481dd3cd-dd4b-4fc5-8eb7-ffc861db63b3,113,['c20972db-14d2-4cc6-ac07-20ab7aab48bd']
45e93266-b36b-4af9-a5e9-b092799cc2f2,144,['04dc49f4-6736-4c47-9fba-22b6e8bbcc80']
481dd3cd-dd4b-4fc5-8eb7-ffc861db63b3,114,['8e069698-0d20-4087-890b-1bc99a71f870']
45e93266-b36b-4af9-a5e9-b092799cc2f2,145,['1a89c936-96a0-47ab-a0bf-dbb7d06fd69a']
481dd3cd-dd4b-4fc5-8eb7-ffc861db63b3,115,['898be85e-2702-4217-b661-09b10b354c25']
45e93266-b36b-4af9-a5e9-b092799cc2f2,146,['e42b6a0f-1b07-4eba-8ab6-9c41b8c7be68']
481dd3cd-dd4b-4fc5-8eb7-ffc861db63b3,116,['06a8b5cb-6413-41c1-9fe9-5525df1fc5b1']
45e93266-b36b-4af9-a5e9-b092799cc2f2,147,['96d9aead-5123-4b85-9d2b-144ed00129c7']
481dd3cd-dd4b-4fc5-8eb7-ffc861db63b3,117,['55d671f6-9fa1-4a4c-9783-4f069eda1168']
45e93266-b36b-4af9-a5e9-b092799cc2f2,148,['8155c6fd-b707-48f4-9424-55a8ce998e52']
45e93266-b36b-4af9-a5e9-b092799cc2f2,149,['e94cb9c8-606b-4982-b32c-459f5a136646']
481dd3cd-dd4b-4fc5-8eb7-ffc861db63b3,118,['bbae5b11-ea76-4b85-bd40-71f8411d94f1']
45e93266-b36b-4af9-a5e9-b092799cc2f2,150,['daceecd4-1089-4bc4-bd74-ddc4b700b3ea']
481dd3cd-dd4b-4fc5-8eb7-ffc861db63b3,119,['e887e964-3353-4c11-9dfa-bf527c89034a']
481dd3cd-dd4b-4fc5-8eb7-ffc861db63b3,120,['3fb4e8de-a623-4537-9d08-e537834a8824']
481dd3cd-dd4b-4fc5-8eb7-ffc861db63b3,121,['044330a5-803b-4293-aca9-7929bdf42e4a']
481dd3cd-dd4b-4fc5-8eb7-ffc861db63b3,122,['d138dcd1-de50-4347-9b3b-e54386083b98']
481dd3cd-dd4b-4fc5-8eb7-ffc861db63b3,123,['17aeaf0a-0f4d-42a9-8d82-1f4d3984120a']
481dd3cd-dd4b-4fc5-8eb7-ffc861db63b3,124,['841762a9-1245-4c91-bed1-b52c57ad7aae']
481dd3cd-dd4b-4fc5-8eb7-ffc861db63b3,125,['28e5a33f-e862-4207-8640-f8e8a0ac123e']
481dd3cd-dd4b-4fc5-8eb7-ffc861db63b3,126,['a641124a-5b19-44b4-8854-8a1c5312bc28']
481dd3cd-dd4b-4fc5-8eb7-ffc861db63b3,127,['fbe6d877-accf-4c4b-899e-bb3aaa4b3ceb']
481dd3cd-dd4b-4fc5-8eb7-ffc861db63b3,128,['970ac9b7-58b3-444a-81ee-ca49c797c135']
481dd3cd-dd4b-4fc5-8eb7-ffc861db63b3,129,['6812427c-a81f-4617-8606-2abef07cb618']
481dd3cd-dd4b-4fc5-8eb7-ffc861db63b3,130,['393c7a43-9b4e-4b2d-8890-7f88b438649b']
481dd3cd-dd4b-4fc5-8eb7-ffc861db63b3,131,['50db6bb1-4544-4476-87a3-0e106337e6d5']
481dd3cd-dd4b-4fc5-8eb7-ffc861db63b3,132,['c4cc1c4d-a6e7-41ee-92bb-b1ec8730f00d']
481dd3cd-dd4b-4fc5-8eb7-ffc861db63b3,133,['77a81a0d-2c41-4134-8dee-4aa915d0493c']
481dd3cd-dd4b-4fc5-8eb7-ffc861db63b3,134,['7965e465-381d-450f-9308-7f7ee6a81792']
481dd3cd-dd4b-4fc5-8eb7-ffc861db63b3,135,['d86b48bb-04c0-4e83-a535-f7f89d742d61']
481dd3cd-dd4b-4fc5-8eb7-ffc861db63b3,136,['15296f2c-7bd8-43a7-ad19-70d12d6db05a']
481dd3cd-dd4b-4fc5-8eb7-ffc861db63b3,137,['e9fd3f97-a76f-47bf-8705-da4c4f72dc1b']
481dd3cd-dd4b-4fc5-8eb7-ffc861db63b3,138,['d6ce11ef-7388-4417-a94c-2c1cbfed6b9e']
481dd3cd-dd4b-4fc5-8eb7-ffc861db63b3,139,['3b2a7201-d18d-4df6-9644-d9ae7ea023f3']
481dd3cd-dd4b-4fc5-8eb7-ffc861db63b3,140,['cfada0a2-239a-49f5-a88d-bc6fde87754f']
481dd3cd-dd4b-4fc5-8eb7-ffc861db63b3,141,['eaa81e91-959d-41de-baba-fa3f2de61128']
481dd3cd-dd4b-4fc5-8eb7-ffc861db63b3,142,['6ebe50df-f12b-48ed-b832-265acda8374f']
481dd3cd-dd4b-4fc5-8eb7-ffc861db63b3,143,['1679e8cb-6c45-45df-93b0-a65f6d7a0b66']
481dd3cd-dd4b-4fc5-8eb7-ffc861db63b3,144,['bd41fe31-ff76-44aa-b978-d87c1bb3a003']
481dd3cd-dd4b-4fc5-8eb7-ffc861db63b3,145,['3c73fa2d-f057-464e-b02f-de1d06da7f57']
481dd3cd-dd4b-4fc5-8eb7-ffc861db63b3,146,['e3418f70-2125-4380-901f-361c510f694b']
481dd3cd-dd4b-4fc5-8eb7-ffc861db63b3,147,['9818428b-3cc9-44cf-9e11-fe3c60ae3f00']
481dd3cd-dd4b-4fc5-8eb7-ffc861db63b3,148,['614fce61-74fe-43f8-a4d0-0ba17a14fccc']
481dd3cd-dd4b-4fc5-8eb7-ffc861db63b3,149,['ffce7a22-88bb-49db-822f-3ae9f5792fbd']
481dd3cd-dd4b-4fc5-8eb7-ffc861db63b3,150,['5067818d-8ac2-4cc7-b5f9-e1ab6a7e2ed6']
ff7f72da-f45a-4200-9869-cb0ae5324161,0,['6bd95ae0-65b8-4f50-8e45-9d85a2c9dfff']
ff7f72da-f45a-4200-9869-cb0ae5324161,1,['86e653e1-e88c-4fa0-8f5e-95bf3b4b8a8e']
ff7f72da-f45a-4200-9869-cb0ae5324161,2,['e53ac748-2060-40f3-a13f-f8c38f1c6ab9']
ff7f72da-f45a-4200-9869-cb0ae5324161,3,['4f6f01c5-d61b-47f7-94ba-e178130c495d']
ff7f72da-f45a-4200-9869-cb0ae5324161,4,['196bec7e-ca79-4bb9-a4b4-1baf1586ee9a']
ff7f72da-f45a-4200-9869-cb0ae5324161,5,['81d450da-203b-4e7c-9744-a2d0f49b1dd0']
ff7f72da-f45a-4200-9869-cb0ae5324161,6,['383a9fd9-6b21-493a-8e0f-d164bd076796']
ff7f72da-f45a-4200-9869-cb0ae5324161,7,['33fc2aab-49d6-46de-861d-58a05052a77a']
ff7f72da-f45a-4200-9869-cb0ae5324161,8,['c5c00847-6fcd-48da-8ece-959a83e1269a']
ff7f72da-f45a-4200-9869-cb0ae5324161,9,['3abb541a-febd-4f83-a442-c4c269d7fe27']
ff7f72da-f45a-4200-9869-cb0ae5324161,10,['6017b67a-d622-40b8-927a-328d89cd5e7c']
ff7f72da-f45a-4200-9869-cb0ae5324161,11,['c04e9dd4-d559-40f8-b073-a146b5dfc5a0']
ff7f72da-f45a-4200-9869-cb0ae5324161,12,['2b0104c6-eaa5-48bc-b241-0c1ca6c5e1b4']
ff7f72da-f45a-4200-9869-cb0ae5324161,13,['aaceeb8f-d072-41d6-a7c8-84dfc50d87dd']
ff7f72da-f45a-4200-9869-cb0ae5324161,14,['1d6b0e27-8603-4f9a-9f50-9e9d585022e2']
ff7f72da-f45a-4200-9869-cb0ae5324161,15,['3cc038c1-ee4e-4d6f-8a55-fa0158e2a242']
ff7f72da-f45a-4200-9869-cb0ae5324161,16,['28c3adc2-f80d-44e4-ba06-82677763090c']
ff7f72da-f45a-4200-9869-cb0ae5324161,17,['0138250f-21bf-4090-8e4a-55b76b2765fd']
ff7f72da-f45a-4200-9869-cb0ae5324161,18,['ac131a11-a814-48d3-acf7-d61ca801c485']
ff7f72da-f45a-4200-9869-cb0ae5324161,19,['7cff69c8-47fd-4f28-8521-6d7b6beed5a1']
ff7f72da-f45a-4200-9869-cb0ae5324161,20,['80b5cff8-8b74-4153-9936-7dc8c3ca1d38']
ff7f72da-f45a-4200-9869-cb0ae5324161,21,['27f1c0e3-de29-4efe-baec-fe753df3fed0']
ff7f72da-f45a-4200-9869-cb0ae5324161,22,['44d55800-79be-4094-8c35-932658f6c0f5']
ff7f72da-f45a-4200-9869-cb0ae5324161,23,['db45ca17-6bab-4ee6-9197-b49a6a914503']
ff7f72da-f45a-4200-9869-cb0ae5324161,24,['ad5f40e9-ebdb-4de5-96db-7ace58058790']
ff7f72da-f45a-4200-9869-cb0ae5324161,25,['d2067e71-0777-437c-9879-e5365ec0359a']
ff7f72da-f45a-4200-9869-cb0ae5324161,26,['9e8daf70-0a30-4d1b-a742-80ab971b8d61']
ff7f72da-f45a-4200-9869-cb0ae5324161,27,['cc145efc-a1b5-4e69-8062-bb420390dbd6']
ff7f72da-f45a-4200-9869-cb0ae5324161,28,['2ee29a9a-89c2-478d-aae1-4a3834338666']
ff7f72da-f45a-4200-9869-cb0ae5324161,29,['e55ef609-dc6a-4b5c-a7b1-ea14a3c01cc6']
ff7f72da-f45a-4200-9869-cb0ae5324161,30,['e8d7d2e2-8ad2-4ab0-986c-3f8cd46a8d5d']
ff7f72da-f45a-4200-9869-cb0ae5324161,31,['aea56282-bea3-4b4e-aa10-a6540482c2a1']
ff7f72da-f45a-4200-9869-cb0ae5324161,32,['cbfb47c1-f814-4768-a2fc-e84ed6220f6f']
ff7f72da-f45a-4200-9869-cb0ae5324161,33,['64151a4b-50c5-4586-9eaa-adb0655395dd']
ff7f72da-f45a-4200-9869-cb0ae5324161,34,['3c6fc22c-2c15-488f-9661-c93da328501f']
ff7f72da-f45a-4200-9869-cb0ae5324161,35,['eda24504-8957-4e8c-8130-90ac0b15b2a9']
ff7f72da-f45a-4200-9869-cb0ae5324161,36,['a8626574-ae00-4f82-9482-5420d914505f']
ff7f72da-f45a-4200-9869-cb0ae5324161,37,['924cd080-88ec-4e61-94c7-0d22cbad80b9']
ff7f72da-f45a-4200-9869-cb0ae5324161,38,['ddf32370-1658-4720-84a2-47f99721a502']
ff7f72da-f45a-4200-9869-cb0ae5324161,39,['5b7b6e90-d68f-4c96-8ff2-472533569583']
ff7f72da-f45a-4200-9869-cb0ae5324161,40,['d6c23e40-140c-4f6d-901d-6132a02ba879']
ff7f72da-f45a-4200-9869-cb0ae5324161,41,['14184d23-ed52-4716-bddc-476f4555d925']
ff7f72da-f45a-4200-9869-cb0ae5324161,42,['36d47721-2f64-4cf6-8431-ab9832a99c3f']
ff7f72da-f45a-4200-9869-cb0ae5324161,43,['7895e6a1-9ba4-4c62-82a2-5eeb06eac025']
ff7f72da-f45a-4200-9869-cb0ae5324161,44,['7bc6eb68-5f9f-401b-a403-56a6aa57dfdd']
ff7f72da-f45a-4200-9869-cb0ae5324161,45,['9e47437c-a577-46db-92cf-4b23f3385a77']
ff7f72da-f45a-4200-9869-cb0ae5324161,46,['1252281f-55c6-417f-b771-dff849e55d9b']
ff7f72da-f45a-4200-9869-cb0ae5324161,47,['8cd35d8d-6870-46ad-8d93-6166c7dc459a']
ff7f72da-f45a-4200-9869-cb0ae5324161,48,['ff143217-be51-4960-900d-371d5fbc17ef']
ff7f72da-f45a-4200-9869-cb0ae5324161,49,['4999c97c-23ea-4dab-b101-53ead5369179']
ff7f72da-f45a-4200-9869-cb0ae5324161,50,['fee5c429-1449-4dac-a9f7-595eac4cd298']
ff7f72da-f45a-4200-9869-cb0ae5324161,51,['1aad0795-9cc8-4022-bf12-3b2bcadc2b49']
ff7f72da-f45a-4200-9869-cb0ae5324161,52,['c2fe85f6-d782-45d9-bfa0-2297930bc4a0']
ff7f72da-f45a-4200-9869-cb0ae5324161,53,['0576180f-0a86-4285-b994-f3d3cdec2c37']
ff7f72da-f45a-4200-9869-cb0ae5324161,54,['017cd8e6-79b6-44c7-95d3-1aa18fc42163']
ff7f72da-f45a-4200-9869-cb0ae5324161,55,['eeb4974c-699a-437f-be99-3a9206713f1e']
ff7f72da-f45a-4200-9869-cb0ae5324161,56,['67658101-d827-48dc-80a9-986e54b2eaab']
ff7f72da-f45a-4200-9869-cb0ae5324161,57,['843ce296-dc21-48b6-a156-d2762a2d19ba']
ff7f72da-f45a-4200-9869-cb0ae5324161,58,['a3df0454-554a-40c7-a105-6a9f5c732b5d']
ff7f72da-f45a-4200-9869-cb0ae5324161,59,['841cc608-cba2-4546-877d-83b2f0ddfce7']
ff7f72da-f45a-4200-9869-cb0ae5324161,60,['e901bfa7-c05b-4f87-9b17-1a0311f10055']
ff7f72da-f45a-4200-9869-cb0ae5324161,61,['40cd69e3-749a-41bc-8766-3802d8efaac2']
ff7f72da-f45a-4200-9869-cb0ae5324161,62,['ca55519e-3090-46a5-9901-09e9c04eaaa9']
ff7f72da-f45a-4200-9869-cb0ae5324161,63,['5b4ac292-a616-471f-bd04-63849de0abd0']
ff7f72da-f45a-4200-9869-cb0ae5324161,64,['6739fdce-0393-4139-83af-55273e85b92e']
ff7f72da-f45a-4200-9869-cb0ae5324161,65,['c81773e1-6f16-4653-8dce-a276ad5e30b2']
ff7f72da-f45a-4200-9869-cb0ae5324161,66,['6fd08192-bae3-4209-8960-822454e27b39']
ff7f72da-f45a-4200-9869-cb0ae5324161,67,['393fe920-ea37-4a13-92de-e1a34d73db3e']
ff7f72da-f45a-4200-9869-cb0ae5324161,68,['1b5f45a6-37ba-41c5-9c33-64a1a81f02f2']
ff7f72da-f45a-4200-9869-cb0ae5324161,69,['b928bc0f-76b5-4586-a4e5-7e919d6f28c2']
ff7f72da-f45a-4200-9869-cb0ae5324161,70,['c23be3fb-cbd7-41d6-9672-bea0c6f41650']
ff7f72da-f45a-4200-9869-cb0ae5324161,71,['6388268b-700d-41f4-9df3-1e94ca8df7e7']
ff7f72da-f45a-4200-9869-cb0ae5324161,72,['d2a6ccd8-fb6a-4f44-b48a-4dec48681656']
ff7f72da-f45a-4200-9869-cb0ae5324161,73,['1ac7e47c-984c-4bf6-953e-c2622cc45c6c']
ff7f72da-f45a-4200-9869-cb0ae5324161,74,['359062f8-c4cd-4554-af58-84244816690f']
ff7f72da-f45a-4200-9869-cb0ae5324161,75,['e2331b5f-730f-4517-8b42-f54907bb63dd']
ff7f72da-f45a-4200-9869-cb0ae5324161,76,['e3f47170-254d-42e1-a292-fa254d420e25']
ff7f72da-f45a-4200-9869-cb0ae5324161,77,['8a487abe-dabc-4251-831b-850db514af51']
ff7f72da-f45a-4200-9869-cb0ae5324161,78,['8eabd8c6-b6dc-4e5d-b3d0-49d8c4b7e9a2']
ff7f72da-f45a-4200-9869-cb0ae5324161,79,['aee4c661-9075-40d3-9ef5-36880833e46f']
ff7f72da-f45a-4200-9869-cb0ae5324161,80,['d624f07e-c310-442c-bfd0-f991ec88bf22']
ff7f72da-f45a-4200-9869-cb0ae5324161,81,['bb538b2c-daa1-48a6-b446-ac786fea4d35']
ff7f72da-f45a-4200-9869-cb0ae5324161,82,['fa622511-a2c2-4bcf-b8c4-4a56dd809546']
ff7f72da-f45a-4200-9869-cb0ae5324161,83,['c17919cd-631a-42db-b464-53a0a5277e08']
ff7f72da-f45a-4200-9869-cb0ae5324161,84,['fbcbbb5a-ea51-4d94-ac8a-8e82a6ca2b22']
ff7f72da-f45a-4200-9869-cb0ae5324161,85,['a04db20a-1b2e-4f9b-8d89-672dc5f34f06']
ff7f72da-f45a-4200-9869-cb0ae5324161,86,['1004c0ef-c103-43c6-a57c-2537e6e68593']
ff7f72da-f45a-4200-9869-cb0ae5324161,87,['68574e14-2771-458f-bd43-cf314993476c']
ff7f72da-f45a-4200-9869-cb0ae5324161,88,['e695053f-dfdd-4805-a9e8-eb69bf1e6ed0']
ff7f72da-f45a-4200-9869-cb0ae5324161,89,['7c4ddc78-551b-46b6-b617-9ed4c958372e']
ff7f72da-f45a-4200-9869-cb0ae5324161,90,['23dce7f8-8b01-4dec-81ed-90382b79a7b1']
ff7f72da-f45a-4200-9869-cb0ae5324161,91,['7b85d439-7e07-4661-84a2-1f2463c7a9fe']
ff7f72da-f45a-4200-9869-cb0ae5324161,92,['fcd03d51-0c96-420d-8415-27838d694515']
ff7f72da-f45a-4200-9869-cb0ae5324161,93,['bbd7b680-6843-4510-a0a4-7da7cdf0f4ab']
ff7f72da-f45a-4200-9869-cb0ae5324161,94,['39802ad9-ee92-4c5a-9864-d1a696613b73']
ff7f72da-f45a-4200-9869-cb0ae5324161,95,['e9924549-9fa3-449e-8da2-2c8de22f6c75']
ff7f72da-f45a-4200-9869-cb0ae5324161,96,['821239d9-05a3-48f9-8b3a-a9e3714b3297']
ff7f72da-f45a-4200-9869-cb0ae5324161,97,['a34e0c6c-2dd4-4541-a48a-6e5a2d2df484']
ff7f72da-f45a-4200-9869-cb0ae5324161,98,['075db2f5-f58a-455c-b8fa-82d328542bb2']
ff7f72da-f45a-4200-9869-cb0ae5324161,99,['8e6d8108-e23c-4c4d-a00a-1a5e753130fe']
ff7f72da-f45a-4200-9869-cb0ae5324161,100,['532d8f95-34ae-4dae-b28a-df916674c6d6']
ff7f72da-f45a-4200-9869-cb0ae5324161,101,['722e192c-bfb2-4045-acaf-9e258a260bac']
ff7f72da-f45a-4200-9869-cb0ae5324161,102,['63fe3aa5-49e7-4a87-a536-2675433cfee1']
ff7f72da-f45a-4200-9869-cb0ae5324161,103,['08b83e9e-8497-4394-8219-4f0b885e838d']
ff7f72da-f45a-4200-9869-cb0ae5324161,104,['e2c92934-1808-4cce-88a2-db826f97ad9c']
ff7f72da-f45a-4200-9869-cb0ae5324161,105,['1b3e889d-8c28-4782-a9e0-535109cf4333']
ff7f72da-f45a-4200-9869-cb0ae5324161,106,['078cf80b-3578-4d35-9b3e-554a041a9b7d']
ff7f72da-f45a-4200-9869-cb0ae5324161,107,['3401138e-218a-487a-8528-f06830ad9b50']
ff7f72da-f45a-4200-9869-cb0ae5324161,108,['73681a7f-631d-48cf-a116-6f39b84b47be']
ff7f72da-f45a-4200-9869-cb0ae5324161,109,['54599571-77f2-42de-b54a-289b40af4540']
ff7f72da-f45a-4200-9869-cb0ae5324161,110,['4aa2d22d-c6d8-42d9-ae2a-704d57faec97']
ff7f72da-f45a-4200-9869-cb0ae5324161,111,['d99b461f-febe-483a-967d-09604c94f036']
ff7f72da-f45a-4200-9869-cb0ae5324161,112,['dc4c4e1f-36e1-4667-b8f6-9cb2c1736534']
ff7f72da-f45a-4200-9869-cb0ae5324161,113,['f371d56a-20d1-4ddc-907d-41cf9a3d48fb']
ff7f72da-f45a-4200-9869-cb0ae5324161,114,['7192cf83-229d-4435-bdc9-fd4406c3db56']
ff7f72da-f45a-4200-9869-cb0ae5324161,115,['e5fb1ec4-f45b-4d5e-95a9-9e335356621b']
ff7f72da-f45a-4200-9869-cb0ae5324161,116,['62b84447-2196-445f-83e5-39d9c86e9e7d']
ff7f72da-f45a-4200-9869-cb0ae5324161,117,['9ba8d4b1-ab3c-41b1-b0e4-06db44c5bc6b']
ff7f72da-f45a-4200-9869-cb0ae5324161,118,['a37d7ae6-0ffa-4f1a-a0a8-2b1a8ccf70c5']
ff7f72da-f45a-4200-9869-cb0ae5324161,119,['267fe8f3-6c11-4bfb-b40a-94851e0578c3']
ff7f72da-f45a-4200-9869-cb0ae5324161,120,['2f74ff63-cb42-432d-aaa1-d06293608cd0']
ff7f72da-f45a-4200-9869-cb0ae5324161,121,['2de64e64-bc93-4968-aed3-5e5e0f8d3d6c']
ff7f72da-f45a-4200-9869-cb0ae5324161,122,['58730fa4-0b8a-4232-92e3-efbe4cf35390']
ff7f72da-f45a-4200-9869-cb0ae5324161,123,['15973810-358f-4bae-a82c-218b68eec27d']
ff7f72da-f45a-4200-9869-cb0ae5324161,124,['e251aff6-88b1-41bd-bc0a-fcc2673da7a0']
ff7f72da-f45a-4200-9869-cb0ae5324161,125,['49ac2566-5427-4480-88c1-f70f8ab75c86']
ff7f72da-f45a-4200-9869-cb0ae5324161,126,['70b4ecc7-98eb-4710-9c39-7cc1dceae37d']
ff7f72da-f45a-4200-9869-cb0ae5324161,127,['106ccd8c-d081-4a53-b56b-b4fd09030f11']
ff7f72da-f45a-4200-9869-cb0ae5324161,128,['fb7b6026-db38-4010-8a85-4878aa3336bc']
ff7f72da-f45a-4200-9869-cb0ae5324161,129,['1c236c70-e882-4432-8e0b-1a9ecb8dbb04']
ff7f72da-f45a-4200-9869-cb0ae5324161,130,['07c16391-91cf-4741-9696-04ade7844c9a']
ff7f72da-f45a-4200-9869-cb0ae5324161,131,['7b9a0ace-6b87-4c7d-9aed-8e31865e52db']
ff7f72da-f45a-4200-9869-cb0ae5324161,132,['0e4a2731-d86e-40a3-8c94-6ec350aee278']
ff7f72da-f45a-4200-9869-cb0ae5324161,133,['be6e5824-0a50-4702-b624-62b7e744f0f2']
ff7f72da-f45a-4200-9869-cb0ae5324161,134,['60b3e61a-b80c-4422-bd7c-e58fd48de112']
ff7f72da-f45a-4200-9869-cb0ae5324161,135,['da75914d-ec5f-48b8-a9ec-ed02432e52bf']
ff7f72da-f45a-4200-9869-cb0ae5324161,136,['4534b713-ccf5-45b9-8c83-a146b182782c']
ff7f72da-f45a-4200-9869-cb0ae5324161,137,['034aa45f-e007-4216-bfa2-7fd0331c4337']
ff7f72da-f45a-4200-9869-cb0ae5324161,138,['e49539c5-fadc-41bb-aa14-c3f7be92896a']
ff7f72da-f45a-4200-9869-cb0ae5324161,139,['e298b9e5-708c-40d6-a531-b0ce993a78bc']
ff7f72da-f45a-4200-9869-cb0ae5324161,140,['b1f559d9-9b7d-427e-b944-9b41d5a907a1']
ff7f72da-f45a-4200-9869-cb0ae5324161,141,['41126527-0525-492b-989a-6acaab012da9']
ff7f72da-f45a-4200-9869-cb0ae5324161,142,['6cc4e143-0ce2-4722-8ab3-2fadcfd6ded8']
ff7f72da-f45a-4200-9869-cb0ae5324161,143,['9e49cac4-f0b3-4b6c-873c-72cf744a3952']
ff7f72da-f45a-4200-9869-cb0ae5324161,144,['c2417a3f-4194-46fa-a636-0628cc7d755a']
ff7f72da-f45a-4200-9869-cb0ae5324161,145,['eabfa4c0-5bbf-4fb2-a1c9-83b9a47faa48']
ff7f72da-f45a-4200-9869-cb0ae5324161,146,['d14d9559-c783-4073-a0cf-4a8142a03368']
ff7f72da-f45a-4200-9869-cb0ae5324161,147,['a3f11638-1a11-4091-a464-a009a4f0de46']
ff7f72da-f45a-4200-9869-cb0ae5324161,148,['d3218bdd-508a-40ca-83fb-480826f1d3f3']
ff7f72da-f45a-4200-9869-cb0ae5324161,149,['0f16d059-1bcc-4ad8-a20d-3007b1e8d6a9']
ff7f72da-f45a-4200-9869-cb0ae5324161,150,['2535feb9-f7a4-4c65-86ab-e2dfad7fb7dc']
