run_id,itr,pool_members_uuids
8580418e-5d1f-4c82-ba71-b61321957642,0,"['edac0d0a-b0d4-44cb-ac9f-7ad919fe9fcd', 'edac0d0a-b0d4-44cb-ac9f-7ad919fe9fcd', 'edac0d0a-b0d4-44cb-ac9f-7ad919fe9fcd', 'edac0d0a-b0d4-44cb-ac9f-7ad919fe9fcd', 'edac0d0a-b0d4-44cb-ac9f-7ad919fe9fcd', 'edac0d0a-b0d4-44cb-ac9f-7ad919fe9fcd', 'edac0d0a-b0d4-44cb-ac9f-7ad919fe9fcd', 'edac0d0a-b0d4-44cb-ac9f-7ad919fe9fcd', 'edac0d0a-b0d4-44cb-ac9f-7ad919fe9fcd', 'edac0d0a-b0d4-44cb-ac9f-7ad919fe9fcd', 'edac0d0a-b0d4-44cb-ac9f-7ad919fe9fcd', 'edac0d0a-b0d4-44cb-ac9f-7ad919fe9fcd', 'edac0d0a-b0d4-44cb-ac9f-7ad919fe9fcd', 'edac0d0a-b0d4-44cb-ac9f-7ad919fe9fcd', 'edac0d0a-b0d4-44cb-ac9f-7ad919fe9fcd', 'edac0d0a-b0d4-44cb-ac9f-7ad919fe9fcd', 'edac0d0a-b0d4-44cb-ac9f-7ad919fe9fcd', 'edac0d0a-b0d4-44cb-ac9f-7ad919fe9fcd', 'edac0d0a-b0d4-44cb-ac9f-7ad919fe9fcd', 'edac0d0a-b0d4-44cb-ac9f-7ad919fe9fcd', 'edac0d0a-b0d4-44cb-ac9f-7ad919fe9fcd', 'edac0d0a-b0d4-44cb-ac9f-7ad919fe9fcd', 'edac0d0a-b0d4-44cb-ac9f-7ad919fe9fcd', 'edac0d0a-b0d4-44cb-ac9f-7ad919fe9fcd', 'edac0d0a-b0d4-44cb-ac9f-7ad919fe9fcd', 'edac0d0a-b0d4-44cb-ac9f-7ad919fe9fcd', 'edac0d0a-b0d4-44cb-ac9f-7ad919fe9fcd', 'edac0d0a-b0d4-44cb-ac9f-7ad919fe9fcd', 'edac0d0a-b0d4-44cb-ac9f-7ad919fe9fcd', 'edac0d0a-b0d4-44cb-ac9f-7ad919fe9fcd', 'edac0d0a-b0d4-44cb-ac9f-7ad919fe9fcd', 'edac0d0a-b0d4-44cb-ac9f-7ad919fe9fcd', 'edac0d0a-b0d4-44cb-ac9f-7ad919fe9fcd', 'edac0d0a-b0d4-44cb-ac9f-7ad919fe9fcd', 'edac0d0a-b0d4-44cb-ac9f-7ad919fe9fcd', 'edac0d0a-b0d4-44cb-ac9f-7ad919fe9fcd', 'edac0d0a-b0d4-44cb-ac9f-7ad919fe9fcd', 'edac0d0a-b0d4-44cb-ac9f-7ad919fe9fcd', 'edac0d0a-b0d4-44cb-ac9f-7ad919fe9fcd', 'edac0d0a-b0d4-44cb-ac9f-7ad919fe9fcd', 'edac0d0a-b0d4-44cb-ac9f-7ad919fe9fcd', 'edac0d0a-b0d4-44cb-ac9f-7ad919fe9fcd', 'edac0d0a-b0d4-44cb-ac9f-7ad919fe9fcd', 'edac0d0a-b0d4-44cb-ac9f-7ad919fe9fcd', 'edac0d0a-b0d4-44cb-ac9f-7ad919fe9fcd', 'edac0d0a-b0d4-44cb-ac9f-7ad919fe9fcd', 'edac0d0a-b0d4-44cb-ac9f-7ad919fe9fcd', 'edac0d0a-b0d4-44cb-ac9f-7ad919fe9fcd', 'edac0d0a-b0d4-44cb-ac9f-7ad919fe9fcd', 'edac0d0a-b0d4-44cb-ac9f-7ad919fe9fcd']"
34cfbdf5-3507-4887-9d4c-edf3c8808057,0,"['931d7689-d0d7-4c18-8e8f-a7aee7ea7975', '931d7689-d0d7-4c18-8e8f-a7aee7ea7975', '931d7689-d0d7-4c18-8e8f-a7aee7ea7975', '931d7689-d0d7-4c18-8e8f-a7aee7ea7975', '931d7689-d0d7-4c18-8e8f-a7aee7ea7975', '931d7689-d0d7-4c18-8e8f-a7aee7ea7975', '931d7689-d0d7-4c18-8e8f-a7aee7ea7975', '931d7689-d0d7-4c18-8e8f-a7aee7ea7975', '931d7689-d0d7-4c18-8e8f-a7aee7ea7975', '931d7689-d0d7-4c18-8e8f-a7aee7ea7975', '931d7689-d0d7-4c18-8e8f-a7aee7ea7975', '931d7689-d0d7-4c18-8e8f-a7aee7ea7975', '931d7689-d0d7-4c18-8e8f-a7aee7ea7975', '931d7689-d0d7-4c18-8e8f-a7aee7ea7975', '931d7689-d0d7-4c18-8e8f-a7aee7ea7975', '931d7689-d0d7-4c18-8e8f-a7aee7ea7975', '931d7689-d0d7-4c18-8e8f-a7aee7ea7975', '931d7689-d0d7-4c18-8e8f-a7aee7ea7975', '931d7689-d0d7-4c18-8e8f-a7aee7ea7975', '931d7689-d0d7-4c18-8e8f-a7aee7ea7975', '931d7689-d0d7-4c18-8e8f-a7aee7ea7975', '931d7689-d0d7-4c18-8e8f-a7aee7ea7975', '931d7689-d0d7-4c18-8e8f-a7aee7ea7975', '931d7689-d0d7-4c18-8e8f-a7aee7ea7975', '931d7689-d0d7-4c18-8e8f-a7aee7ea7975', '931d7689-d0d7-4c18-8e8f-a7aee7ea7975', '931d7689-d0d7-4c18-8e8f-a7aee7ea7975', '931d7689-d0d7-4c18-8e8f-a7aee7ea7975', '931d7689-d0d7-4c18-8e8f-a7aee7ea7975', '931d7689-d0d7-4c18-8e8f-a7aee7ea7975', '931d7689-d0d7-4c18-8e8f-a7aee7ea7975', '931d7689-d0d7-4c18-8e8f-a7aee7ea7975', '931d7689-d0d7-4c18-8e8f-a7aee7ea7975', '931d7689-d0d7-4c18-8e8f-a7aee7ea7975', '931d7689-d0d7-4c18-8e8f-a7aee7ea7975', '931d7689-d0d7-4c18-8e8f-a7aee7ea7975', '931d7689-d0d7-4c18-8e8f-a7aee7ea7975', '931d7689-d0d7-4c18-8e8f-a7aee7ea7975', '931d7689-d0d7-4c18-8e8f-a7aee7ea7975', '931d7689-d0d7-4c18-8e8f-a7aee7ea7975', '931d7689-d0d7-4c18-8e8f-a7aee7ea7975', '931d7689-d0d7-4c18-8e8f-a7aee7ea7975', '931d7689-d0d7-4c18-8e8f-a7aee7ea7975', '931d7689-d0d7-4c18-8e8f-a7aee7ea7975', '931d7689-d0d7-4c18-8e8f-a7aee7ea7975', '931d7689-d0d7-4c18-8e8f-a7aee7ea7975', '931d7689-d0d7-4c18-8e8f-a7aee7ea7975', '931d7689-d0d7-4c18-8e8f-a7aee7ea7975', '931d7689-d0d7-4c18-8e8f-a7aee7ea7975', '931d7689-d0d7-4c18-8e8f-a7aee7ea7975']"
8580418e-5d1f-4c82-ba71-b61321957642,1,"['edac0d0a-b0d4-44cb-ac9f-7ad919fe9fcd', 'edac0d0a-b0d4-44cb-ac9f-7ad919fe9fcd', 'edac0d0a-b0d4-44cb-ac9f-7ad919fe9fcd', 'edac0d0a-b0d4-44cb-ac9f-7ad919fe9fcd', 'edac0d0a-b0d4-44cb-ac9f-7ad919fe9fcd', 'edac0d0a-b0d4-44cb-ac9f-7ad919fe9fcd', 'edac0d0a-b0d4-44cb-ac9f-7ad919fe9fcd', 'edac0d0a-b0d4-44cb-ac9f-7ad919fe9fcd', 'edac0d0a-b0d4-44cb-ac9f-7ad919fe9fcd', 'edac0d0a-b0d4-44cb-ac9f-7ad919fe9fcd', 'edac0d0a-b0d4-44cb-ac9f-7ad919fe9fcd', 'edac0d0a-b0d4-44cb-ac9f-7ad919fe9fcd', 'edac0d0a-b0d4-44cb-ac9f-7ad919fe9fcd', 'edac0d0a-b0d4-44cb-ac9f-7ad919fe9fcd', 'edac0d0a-b0d4-44cb-ac9f-7ad919fe9fcd', 'edac0d0a-b0d4-44cb-ac9f-7ad919fe9fcd', 'edac0d0a-b0d4-44cb-ac9f-7ad919fe9fcd', 'edac0d0a-b0d4-44cb-ac9f-7ad919fe9fcd', 'edac0d0a-b0d4-44cb-ac9f-7ad919fe9fcd', 'edac0d0a-b0d4-44cb-ac9f-7ad919fe9fcd', 'edac0d0a-b0d4-44cb-ac9f-7ad919fe9fcd', 'edac0d0a-b0d4-44cb-ac9f-7ad919fe9fcd', 'edac0d0a-b0d4-44cb-ac9f-7ad919fe9fcd', 'edac0d0a-b0d4-44cb-ac9f-7ad919fe9fcd', 'edac0d0a-b0d4-44cb-ac9f-7ad919fe9fcd', 'edac0d0a-b0d4-44cb-ac9f-7ad919fe9fcd', 'edac0d0a-b0d4-44cb-ac9f-7ad919fe9fcd', 'edac0d0a-b0d4-44cb-ac9f-7ad919fe9fcd', 'edac0d0a-b0d4-44cb-ac9f-7ad919fe9fcd', 'edac0d0a-b0d4-44cb-ac9f-7ad919fe9fcd', 'edac0d0a-b0d4-44cb-ac9f-7ad919fe9fcd', 'edac0d0a-b0d4-44cb-ac9f-7ad919fe9fcd', 'edac0d0a-b0d4-44cb-ac9f-7ad919fe9fcd', 'edac0d0a-b0d4-44cb-ac9f-7ad919fe9fcd', 'edac0d0a-b0d4-44cb-ac9f-7ad919fe9fcd', 'edac0d0a-b0d4-44cb-ac9f-7ad919fe9fcd', 'edac0d0a-b0d4-44cb-ac9f-7ad919fe9fcd', 'edac0d0a-b0d4-44cb-ac9f-7ad919fe9fcd', 'edac0d0a-b0d4-44cb-ac9f-7ad919fe9fcd', 'edac0d0a-b0d4-44cb-ac9f-7ad919fe9fcd', 'edac0d0a-b0d4-44cb-ac9f-7ad919fe9fcd', 'edac0d0a-b0d4-44cb-ac9f-7ad919fe9fcd', 'edac0d0a-b0d4-44cb-ac9f-7ad919fe9fcd', 'edac0d0a-b0d4-44cb-ac9f-7ad919fe9fcd', 'edac0d0a-b0d4-44cb-ac9f-7ad919fe9fcd', 'edac0d0a-b0d4-44cb-ac9f-7ad919fe9fcd', 'c61c55fc-1374-4629-8c8e-ea302b782f2b', '6b5b1433-226a-421a-9fb0-955e28da2ff9', 'cf2ae561-8b4b-48d4-98a0-0938ae99d9ec', '5221129d-37a8-4d69-8bb3-78b39bbbf0d9']"
63236085-74ee-47ff-9b11-5516e30bde07,0,"['cdd7cc76-81c9-4865-8644-e031edf6100e', 'cdd7cc76-81c9-4865-8644-e031edf6100e', 'cdd7cc76-81c9-4865-8644-e031edf6100e', 'cdd7cc76-81c9-4865-8644-e031edf6100e', 'cdd7cc76-81c9-4865-8644-e031edf6100e', 'cdd7cc76-81c9-4865-8644-e031edf6100e', 'cdd7cc76-81c9-4865-8644-e031edf6100e', 'cdd7cc76-81c9-4865-8644-e031edf6100e', 'cdd7cc76-81c9-4865-8644-e031edf6100e', 'cdd7cc76-81c9-4865-8644-e031edf6100e', 'cdd7cc76-81c9-4865-8644-e031edf6100e', 'cdd7cc76-81c9-4865-8644-e031edf6100e', 'cdd7cc76-81c9-4865-8644-e031edf6100e', 'cdd7cc76-81c9-4865-8644-e031edf6100e', 'cdd7cc76-81c9-4865-8644-e031edf6100e', 'cdd7cc76-81c9-4865-8644-e031edf6100e', 'cdd7cc76-81c9-4865-8644-e031edf6100e', 'cdd7cc76-81c9-4865-8644-e031edf6100e', 'cdd7cc76-81c9-4865-8644-e031edf6100e', 'cdd7cc76-81c9-4865-8644-e031edf6100e', 'cdd7cc76-81c9-4865-8644-e031edf6100e', 'cdd7cc76-81c9-4865-8644-e031edf6100e', 'cdd7cc76-81c9-4865-8644-e031edf6100e', 'cdd7cc76-81c9-4865-8644-e031edf6100e', 'cdd7cc76-81c9-4865-8644-e031edf6100e', 'cdd7cc76-81c9-4865-8644-e031edf6100e', 'cdd7cc76-81c9-4865-8644-e031edf6100e', 'cdd7cc76-81c9-4865-8644-e031edf6100e', 'cdd7cc76-81c9-4865-8644-e031edf6100e', 'cdd7cc76-81c9-4865-8644-e031edf6100e', 'cdd7cc76-81c9-4865-8644-e031edf6100e', 'cdd7cc76-81c9-4865-8644-e031edf6100e', 'cdd7cc76-81c9-4865-8644-e031edf6100e', 'cdd7cc76-81c9-4865-8644-e031edf6100e', 'cdd7cc76-81c9-4865-8644-e031edf6100e', 'cdd7cc76-81c9-4865-8644-e031edf6100e', 'cdd7cc76-81c9-4865-8644-e031edf6100e', 'cdd7cc76-81c9-4865-8644-e031edf6100e', 'cdd7cc76-81c9-4865-8644-e031edf6100e', 'cdd7cc76-81c9-4865-8644-e031edf6100e', 'cdd7cc76-81c9-4865-8644-e031edf6100e', 'cdd7cc76-81c9-4865-8644-e031edf6100e', 'cdd7cc76-81c9-4865-8644-e031edf6100e', 'cdd7cc76-81c9-4865-8644-e031edf6100e', 'cdd7cc76-81c9-4865-8644-e031edf6100e', 'cdd7cc76-81c9-4865-8644-e031edf6100e', 'cdd7cc76-81c9-4865-8644-e031edf6100e', 'cdd7cc76-81c9-4865-8644-e031edf6100e', 'cdd7cc76-81c9-4865-8644-e031edf6100e', 'cdd7cc76-81c9-4865-8644-e031edf6100e']"
f4ec4b45-5d3a-45c8-a84a-4a4b8d9e5e85,0,"['5cadecaf-eb3c-41be-b0bb-59842e5ff10e', '5cadecaf-eb3c-41be-b0bb-59842e5ff10e', '5cadecaf-eb3c-41be-b0bb-59842e5ff10e', '5cadecaf-eb3c-41be-b0bb-59842e5ff10e', '5cadecaf-eb3c-41be-b0bb-59842e5ff10e', '5cadecaf-eb3c-41be-b0bb-59842e5ff10e', '5cadecaf-eb3c-41be-b0bb-59842e5ff10e', '5cadecaf-eb3c-41be-b0bb-59842e5ff10e', '5cadecaf-eb3c-41be-b0bb-59842e5ff10e', '5cadecaf-eb3c-41be-b0bb-59842e5ff10e', '5cadecaf-eb3c-41be-b0bb-59842e5ff10e', '5cadecaf-eb3c-41be-b0bb-59842e5ff10e', '5cadecaf-eb3c-41be-b0bb-59842e5ff10e', '5cadecaf-eb3c-41be-b0bb-59842e5ff10e', '5cadecaf-eb3c-41be-b0bb-59842e5ff10e', '5cadecaf-eb3c-41be-b0bb-59842e5ff10e', '5cadecaf-eb3c-41be-b0bb-59842e5ff10e', '5cadecaf-eb3c-41be-b0bb-59842e5ff10e', '5cadecaf-eb3c-41be-b0bb-59842e5ff10e', '5cadecaf-eb3c-41be-b0bb-59842e5ff10e', '5cadecaf-eb3c-41be-b0bb-59842e5ff10e', '5cadecaf-eb3c-41be-b0bb-59842e5ff10e', '5cadecaf-eb3c-41be-b0bb-59842e5ff10e', '5cadecaf-eb3c-41be-b0bb-59842e5ff10e', '5cadecaf-eb3c-41be-b0bb-59842e5ff10e', '5cadecaf-eb3c-41be-b0bb-59842e5ff10e', '5cadecaf-eb3c-41be-b0bb-59842e5ff10e', '5cadecaf-eb3c-41be-b0bb-59842e5ff10e', '5cadecaf-eb3c-41be-b0bb-59842e5ff10e', '5cadecaf-eb3c-41be-b0bb-59842e5ff10e', '5cadecaf-eb3c-41be-b0bb-59842e5ff10e', '5cadecaf-eb3c-41be-b0bb-59842e5ff10e', '5cadecaf-eb3c-41be-b0bb-59842e5ff10e', '5cadecaf-eb3c-41be-b0bb-59842e5ff10e', '5cadecaf-eb3c-41be-b0bb-59842e5ff10e', '5cadecaf-eb3c-41be-b0bb-59842e5ff10e', '5cadecaf-eb3c-41be-b0bb-59842e5ff10e', '5cadecaf-eb3c-41be-b0bb-59842e5ff10e', '5cadecaf-eb3c-41be-b0bb-59842e5ff10e', '5cadecaf-eb3c-41be-b0bb-59842e5ff10e', '5cadecaf-eb3c-41be-b0bb-59842e5ff10e', '5cadecaf-eb3c-41be-b0bb-59842e5ff10e', '5cadecaf-eb3c-41be-b0bb-59842e5ff10e', '5cadecaf-eb3c-41be-b0bb-59842e5ff10e', '5cadecaf-eb3c-41be-b0bb-59842e5ff10e', '5cadecaf-eb3c-41be-b0bb-59842e5ff10e', '5cadecaf-eb3c-41be-b0bb-59842e5ff10e', '5cadecaf-eb3c-41be-b0bb-59842e5ff10e', '5cadecaf-eb3c-41be-b0bb-59842e5ff10e', '5cadecaf-eb3c-41be-b0bb-59842e5ff10e']"
34cfbdf5-3507-4887-9d4c-edf3c8808057,1,"['931d7689-d0d7-4c18-8e8f-a7aee7ea7975', '931d7689-d0d7-4c18-8e8f-a7aee7ea7975', '931d7689-d0d7-4c18-8e8f-a7aee7ea7975', '931d7689-d0d7-4c18-8e8f-a7aee7ea7975', '931d7689-d0d7-4c18-8e8f-a7aee7ea7975', '931d7689-d0d7-4c18-8e8f-a7aee7ea7975', '931d7689-d0d7-4c18-8e8f-a7aee7ea7975', '931d7689-d0d7-4c18-8e8f-a7aee7ea7975', '931d7689-d0d7-4c18-8e8f-a7aee7ea7975', '931d7689-d0d7-4c18-8e8f-a7aee7ea7975', '931d7689-d0d7-4c18-8e8f-a7aee7ea7975', '931d7689-d0d7-4c18-8e8f-a7aee7ea7975', '931d7689-d0d7-4c18-8e8f-a7aee7ea7975', '931d7689-d0d7-4c18-8e8f-a7aee7ea7975', '931d7689-d0d7-4c18-8e8f-a7aee7ea7975', '931d7689-d0d7-4c18-8e8f-a7aee7ea7975', '931d7689-d0d7-4c18-8e8f-a7aee7ea7975', '931d7689-d0d7-4c18-8e8f-a7aee7ea7975', '931d7689-d0d7-4c18-8e8f-a7aee7ea7975', '931d7689-d0d7-4c18-8e8f-a7aee7ea7975', '931d7689-d0d7-4c18-8e8f-a7aee7ea7975', '931d7689-d0d7-4c18-8e8f-a7aee7ea7975', '931d7689-d0d7-4c18-8e8f-a7aee7ea7975', '931d7689-d0d7-4c18-8e8f-a7aee7ea7975', '931d7689-d0d7-4c18-8e8f-a7aee7ea7975', '931d7689-d0d7-4c18-8e8f-a7aee7ea7975', '931d7689-d0d7-4c18-8e8f-a7aee7ea7975', '931d7689-d0d7-4c18-8e8f-a7aee7ea7975', '931d7689-d0d7-4c18-8e8f-a7aee7ea7975', '931d7689-d0d7-4c18-8e8f-a7aee7ea7975', '931d7689-d0d7-4c18-8e8f-a7aee7ea7975', '931d7689-d0d7-4c18-8e8f-a7aee7ea7975', '931d7689-d0d7-4c18-8e8f-a7aee7ea7975', '931d7689-d0d7-4c18-8e8f-a7aee7ea7975', '931d7689-d0d7-4c18-8e8f-a7aee7ea7975', '931d7689-d0d7-4c18-8e8f-a7aee7ea7975', '931d7689-d0d7-4c18-8e8f-a7aee7ea7975', '931d7689-d0d7-4c18-8e8f-a7aee7ea7975', '931d7689-d0d7-4c18-8e8f-a7aee7ea7975', '931d7689-d0d7-4c18-8e8f-a7aee7ea7975', '931d7689-d0d7-4c18-8e8f-a7aee7ea7975', 'a96c7c18-1be9-46e2-bd96-760345b96943', 'b0fb976e-8303-4dcc-87fd-39c2522a0f8d', '49bd67eb-f409-4fab-9683-8a79ee6faaa0', 'd87715b7-ff45-4eaf-a1ad-ec5dcdbb2e68', 'd6eb1ac7-071f-47c7-98e4-2ef59eddc1c3', '60c1a983-9b32-4454-b2a3-02803abccab7', '93716894-94d1-4f57-a40e-463054aa9a2d', '387e0c50-75c0-4b78-99dd-e6dac6e1745d', '68fbc606-1ffb-4237-a259-81b169046922']"
e0d70f86-dd6b-4504-b0c0-1173b324f3dc,0,"['3931ef0d-0f7f-43e5-8f09-4954c04513b0', '3931ef0d-0f7f-43e5-8f09-4954c04513b0', '3931ef0d-0f7f-43e5-8f09-4954c04513b0', '3931ef0d-0f7f-43e5-8f09-4954c04513b0', '3931ef0d-0f7f-43e5-8f09-4954c04513b0', '3931ef0d-0f7f-43e5-8f09-4954c04513b0', '3931ef0d-0f7f-43e5-8f09-4954c04513b0', '3931ef0d-0f7f-43e5-8f09-4954c04513b0', '3931ef0d-0f7f-43e5-8f09-4954c04513b0', '3931ef0d-0f7f-43e5-8f09-4954c04513b0', '3931ef0d-0f7f-43e5-8f09-4954c04513b0', '3931ef0d-0f7f-43e5-8f09-4954c04513b0', '3931ef0d-0f7f-43e5-8f09-4954c04513b0', '3931ef0d-0f7f-43e5-8f09-4954c04513b0', '3931ef0d-0f7f-43e5-8f09-4954c04513b0', '3931ef0d-0f7f-43e5-8f09-4954c04513b0', '3931ef0d-0f7f-43e5-8f09-4954c04513b0', '3931ef0d-0f7f-43e5-8f09-4954c04513b0', '3931ef0d-0f7f-43e5-8f09-4954c04513b0', '3931ef0d-0f7f-43e5-8f09-4954c04513b0', '3931ef0d-0f7f-43e5-8f09-4954c04513b0', '3931ef0d-0f7f-43e5-8f09-4954c04513b0', '3931ef0d-0f7f-43e5-8f09-4954c04513b0', '3931ef0d-0f7f-43e5-8f09-4954c04513b0', '3931ef0d-0f7f-43e5-8f09-4954c04513b0', '3931ef0d-0f7f-43e5-8f09-4954c04513b0', '3931ef0d-0f7f-43e5-8f09-4954c04513b0', '3931ef0d-0f7f-43e5-8f09-4954c04513b0', '3931ef0d-0f7f-43e5-8f09-4954c04513b0', '3931ef0d-0f7f-43e5-8f09-4954c04513b0', '3931ef0d-0f7f-43e5-8f09-4954c04513b0', '3931ef0d-0f7f-43e5-8f09-4954c04513b0', '3931ef0d-0f7f-43e5-8f09-4954c04513b0', '3931ef0d-0f7f-43e5-8f09-4954c04513b0', '3931ef0d-0f7f-43e5-8f09-4954c04513b0', '3931ef0d-0f7f-43e5-8f09-4954c04513b0', '3931ef0d-0f7f-43e5-8f09-4954c04513b0', '3931ef0d-0f7f-43e5-8f09-4954c04513b0', '3931ef0d-0f7f-43e5-8f09-4954c04513b0', '3931ef0d-0f7f-43e5-8f09-4954c04513b0', '3931ef0d-0f7f-43e5-8f09-4954c04513b0', '3931ef0d-0f7f-43e5-8f09-4954c04513b0', '3931ef0d-0f7f-43e5-8f09-4954c04513b0', '3931ef0d-0f7f-43e5-8f09-4954c04513b0', '3931ef0d-0f7f-43e5-8f09-4954c04513b0', '3931ef0d-0f7f-43e5-8f09-4954c04513b0', '3931ef0d-0f7f-43e5-8f09-4954c04513b0', '3931ef0d-0f7f-43e5-8f09-4954c04513b0', '3931ef0d-0f7f-43e5-8f09-4954c04513b0', '3931ef0d-0f7f-43e5-8f09-4954c04513b0']"
810123fc-4e14-499d-b6b1-d7944948e672,0,"['8f6c7dbd-1409-4a91-93d3-b4ca567cc80b', '8f6c7dbd-1409-4a91-93d3-b4ca567cc80b', '8f6c7dbd-1409-4a91-93d3-b4ca567cc80b', '8f6c7dbd-1409-4a91-93d3-b4ca567cc80b', '8f6c7dbd-1409-4a91-93d3-b4ca567cc80b', '8f6c7dbd-1409-4a91-93d3-b4ca567cc80b', '8f6c7dbd-1409-4a91-93d3-b4ca567cc80b', '8f6c7dbd-1409-4a91-93d3-b4ca567cc80b', '8f6c7dbd-1409-4a91-93d3-b4ca567cc80b', '8f6c7dbd-1409-4a91-93d3-b4ca567cc80b', '8f6c7dbd-1409-4a91-93d3-b4ca567cc80b', '8f6c7dbd-1409-4a91-93d3-b4ca567cc80b', '8f6c7dbd-1409-4a91-93d3-b4ca567cc80b', '8f6c7dbd-1409-4a91-93d3-b4ca567cc80b', '8f6c7dbd-1409-4a91-93d3-b4ca567cc80b', '8f6c7dbd-1409-4a91-93d3-b4ca567cc80b', '8f6c7dbd-1409-4a91-93d3-b4ca567cc80b', '8f6c7dbd-1409-4a91-93d3-b4ca567cc80b', '8f6c7dbd-1409-4a91-93d3-b4ca567cc80b', '8f6c7dbd-1409-4a91-93d3-b4ca567cc80b', '8f6c7dbd-1409-4a91-93d3-b4ca567cc80b', '8f6c7dbd-1409-4a91-93d3-b4ca567cc80b', '8f6c7dbd-1409-4a91-93d3-b4ca567cc80b', '8f6c7dbd-1409-4a91-93d3-b4ca567cc80b', '8f6c7dbd-1409-4a91-93d3-b4ca567cc80b', '8f6c7dbd-1409-4a91-93d3-b4ca567cc80b', '8f6c7dbd-1409-4a91-93d3-b4ca567cc80b', '8f6c7dbd-1409-4a91-93d3-b4ca567cc80b', '8f6c7dbd-1409-4a91-93d3-b4ca567cc80b', '8f6c7dbd-1409-4a91-93d3-b4ca567cc80b', '8f6c7dbd-1409-4a91-93d3-b4ca567cc80b', '8f6c7dbd-1409-4a91-93d3-b4ca567cc80b', '8f6c7dbd-1409-4a91-93d3-b4ca567cc80b', '8f6c7dbd-1409-4a91-93d3-b4ca567cc80b', '8f6c7dbd-1409-4a91-93d3-b4ca567cc80b', '8f6c7dbd-1409-4a91-93d3-b4ca567cc80b', '8f6c7dbd-1409-4a91-93d3-b4ca567cc80b', '8f6c7dbd-1409-4a91-93d3-b4ca567cc80b', '8f6c7dbd-1409-4a91-93d3-b4ca567cc80b', '8f6c7dbd-1409-4a91-93d3-b4ca567cc80b', '8f6c7dbd-1409-4a91-93d3-b4ca567cc80b', '8f6c7dbd-1409-4a91-93d3-b4ca567cc80b', '8f6c7dbd-1409-4a91-93d3-b4ca567cc80b', '8f6c7dbd-1409-4a91-93d3-b4ca567cc80b', '8f6c7dbd-1409-4a91-93d3-b4ca567cc80b', '8f6c7dbd-1409-4a91-93d3-b4ca567cc80b', '8f6c7dbd-1409-4a91-93d3-b4ca567cc80b', '8f6c7dbd-1409-4a91-93d3-b4ca567cc80b', '8f6c7dbd-1409-4a91-93d3-b4ca567cc80b', '8f6c7dbd-1409-4a91-93d3-b4ca567cc80b']"
8580418e-5d1f-4c82-ba71-b61321957642,2,"['c61c55fc-1374-4629-8c8e-ea302b782f2b', 'c61c55fc-1374-4629-8c8e-ea302b782f2b', 'c61c55fc-1374-4629-8c8e-ea302b782f2b', 'c61c55fc-1374-4629-8c8e-ea302b782f2b', 'c61c55fc-1374-4629-8c8e-ea302b782f2b', 'c61c55fc-1374-4629-8c8e-ea302b782f2b', 'c61c55fc-1374-4629-8c8e-ea302b782f2b', 'c61c55fc-1374-4629-8c8e-ea302b782f2b', 'c61c55fc-1374-4629-8c8e-ea302b782f2b', 'c61c55fc-1374-4629-8c8e-ea302b782f2b', 'c61c55fc-1374-4629-8c8e-ea302b782f2b', 'c61c55fc-1374-4629-8c8e-ea302b782f2b', 'c61c55fc-1374-4629-8c8e-ea302b782f2b', 'c61c55fc-1374-4629-8c8e-ea302b782f2b', 'c61c55fc-1374-4629-8c8e-ea302b782f2b', 'c61c55fc-1374-4629-8c8e-ea302b782f2b', 'c61c55fc-1374-4629-8c8e-ea302b782f2b', 'c61c55fc-1374-4629-8c8e-ea302b782f2b', 'c61c55fc-1374-4629-8c8e-ea302b782f2b', 'c61c55fc-1374-4629-8c8e-ea302b782f2b', 'c61c55fc-1374-4629-8c8e-ea302b782f2b', 'c61c55fc-1374-4629-8c8e-ea302b782f2b', 'c61c55fc-1374-4629-8c8e-ea302b782f2b', 'c61c55fc-1374-4629-8c8e-ea302b782f2b', 'c61c55fc-1374-4629-8c8e-ea302b782f2b', 'c61c55fc-1374-4629-8c8e-ea302b782f2b', 'c61c55fc-1374-4629-8c8e-ea302b782f2b', 'c61c55fc-1374-4629-8c8e-ea302b782f2b', 'c61c55fc-1374-4629-8c8e-ea302b782f2b', 'c61c55fc-1374-4629-8c8e-ea302b782f2b', 'c61c55fc-1374-4629-8c8e-ea302b782f2b', 'c61c55fc-1374-4629-8c8e-ea302b782f2b', 'c61c55fc-1374-4629-8c8e-ea302b782f2b', 'c61c55fc-1374-4629-8c8e-ea302b782f2b', 'c61c55fc-1374-4629-8c8e-ea302b782f2b', 'c61c55fc-1374-4629-8c8e-ea302b782f2b', 'c61c55fc-1374-4629-8c8e-ea302b782f2b', 'c61c55fc-1374-4629-8c8e-ea302b782f2b', 'c61c55fc-1374-4629-8c8e-ea302b782f2b', 'c61c55fc-1374-4629-8c8e-ea302b782f2b', 'c61c55fc-1374-4629-8c8e-ea302b782f2b', '4ddff969-c82e-4dce-92fc-e7c67d19a1da', '7b241162-780e-4cb9-b705-1f9e3f2a59aa', 'c069d71c-4bfe-49a2-8dd5-4413e4e2bc7d', '32e6a110-22ec-4f69-9532-6395e534f156', 'ba944e67-1edc-4b14-ab4e-b114f1975960', '4f1716f1-fc1b-40a7-b560-8483c5f59801', '565451c9-215e-4256-b6e8-3394bb10d8a4', '2774c234-f809-4152-8664-f4338d791620', 'a9117a84-be27-48c1-a911-e9c0e1cec491']"
f4ec4b45-5d3a-45c8-a84a-4a4b8d9e5e85,1,"['5cadecaf-eb3c-41be-b0bb-59842e5ff10e', '5cadecaf-eb3c-41be-b0bb-59842e5ff10e', '5cadecaf-eb3c-41be-b0bb-59842e5ff10e', '5cadecaf-eb3c-41be-b0bb-59842e5ff10e', '5cadecaf-eb3c-41be-b0bb-59842e5ff10e', '5cadecaf-eb3c-41be-b0bb-59842e5ff10e', '5cadecaf-eb3c-41be-b0bb-59842e5ff10e', '5cadecaf-eb3c-41be-b0bb-59842e5ff10e', '5cadecaf-eb3c-41be-b0bb-59842e5ff10e', '5cadecaf-eb3c-41be-b0bb-59842e5ff10e', '5cadecaf-eb3c-41be-b0bb-59842e5ff10e', '5cadecaf-eb3c-41be-b0bb-59842e5ff10e', '5cadecaf-eb3c-41be-b0bb-59842e5ff10e', '5cadecaf-eb3c-41be-b0bb-59842e5ff10e', '5cadecaf-eb3c-41be-b0bb-59842e5ff10e', '5cadecaf-eb3c-41be-b0bb-59842e5ff10e', '5cadecaf-eb3c-41be-b0bb-59842e5ff10e', '5cadecaf-eb3c-41be-b0bb-59842e5ff10e', '5cadecaf-eb3c-41be-b0bb-59842e5ff10e', '5cadecaf-eb3c-41be-b0bb-59842e5ff10e', '5cadecaf-eb3c-41be-b0bb-59842e5ff10e', '5cadecaf-eb3c-41be-b0bb-59842e5ff10e', '5cadecaf-eb3c-41be-b0bb-59842e5ff10e', '5cadecaf-eb3c-41be-b0bb-59842e5ff10e', '5cadecaf-eb3c-41be-b0bb-59842e5ff10e', '5cadecaf-eb3c-41be-b0bb-59842e5ff10e', '5cadecaf-eb3c-41be-b0bb-59842e5ff10e', '5cadecaf-eb3c-41be-b0bb-59842e5ff10e', '5cadecaf-eb3c-41be-b0bb-59842e5ff10e', '5cadecaf-eb3c-41be-b0bb-59842e5ff10e', '5cadecaf-eb3c-41be-b0bb-59842e5ff10e', '5cadecaf-eb3c-41be-b0bb-59842e5ff10e', '5cadecaf-eb3c-41be-b0bb-59842e5ff10e', '5cadecaf-eb3c-41be-b0bb-59842e5ff10e', '5cadecaf-eb3c-41be-b0bb-59842e5ff10e', '5cadecaf-eb3c-41be-b0bb-59842e5ff10e', '5cadecaf-eb3c-41be-b0bb-59842e5ff10e', '5cadecaf-eb3c-41be-b0bb-59842e5ff10e', '5cadecaf-eb3c-41be-b0bb-59842e5ff10e', '5cadecaf-eb3c-41be-b0bb-59842e5ff10e', '5cadecaf-eb3c-41be-b0bb-59842e5ff10e', '5cadecaf-eb3c-41be-b0bb-59842e5ff10e', '5cadecaf-eb3c-41be-b0bb-59842e5ff10e', '0b351db0-99a6-49cb-af93-3e019d8170de', 'ba27c0bd-7ecf-49bf-bc7c-6ad9865a2834', 'c804ecab-fdd4-471f-bcd1-cf7b7a80989c', '0a522e9d-3392-49ae-92c5-73a9c83b0e9f', '79bd1cde-e56e-4f93-a62c-c80d80446ba8', '685d7645-f88a-4a39-b08b-1c170e96e137', '3913d70a-acfa-44d6-8080-be5532f5191c']"
63236085-74ee-47ff-9b11-5516e30bde07,1,"['cdd7cc76-81c9-4865-8644-e031edf6100e', 'cdd7cc76-81c9-4865-8644-e031edf6100e', 'cdd7cc76-81c9-4865-8644-e031edf6100e', 'cdd7cc76-81c9-4865-8644-e031edf6100e', 'cdd7cc76-81c9-4865-8644-e031edf6100e', 'cdd7cc76-81c9-4865-8644-e031edf6100e', 'cdd7cc76-81c9-4865-8644-e031edf6100e', 'cdd7cc76-81c9-4865-8644-e031edf6100e', 'cdd7cc76-81c9-4865-8644-e031edf6100e', 'cdd7cc76-81c9-4865-8644-e031edf6100e', 'cdd7cc76-81c9-4865-8644-e031edf6100e', 'cdd7cc76-81c9-4865-8644-e031edf6100e', 'cdd7cc76-81c9-4865-8644-e031edf6100e', 'cdd7cc76-81c9-4865-8644-e031edf6100e', 'cdd7cc76-81c9-4865-8644-e031edf6100e', 'cdd7cc76-81c9-4865-8644-e031edf6100e', 'cdd7cc76-81c9-4865-8644-e031edf6100e', 'cdd7cc76-81c9-4865-8644-e031edf6100e', 'cdd7cc76-81c9-4865-8644-e031edf6100e', 'cdd7cc76-81c9-4865-8644-e031edf6100e', 'cdd7cc76-81c9-4865-8644-e031edf6100e', 'cdd7cc76-81c9-4865-8644-e031edf6100e', 'cdd7cc76-81c9-4865-8644-e031edf6100e', 'cdd7cc76-81c9-4865-8644-e031edf6100e', 'cdd7cc76-81c9-4865-8644-e031edf6100e', 'cdd7cc76-81c9-4865-8644-e031edf6100e', 'cdd7cc76-81c9-4865-8644-e031edf6100e', 'cdd7cc76-81c9-4865-8644-e031edf6100e', 'cdd7cc76-81c9-4865-8644-e031edf6100e', 'cdd7cc76-81c9-4865-8644-e031edf6100e', 'cdd7cc76-81c9-4865-8644-e031edf6100e', 'cdd7cc76-81c9-4865-8644-e031edf6100e', 'cdd7cc76-81c9-4865-8644-e031edf6100e', 'cdd7cc76-81c9-4865-8644-e031edf6100e', 'cdd7cc76-81c9-4865-8644-e031edf6100e', 'cdd7cc76-81c9-4865-8644-e031edf6100e', 'cdd7cc76-81c9-4865-8644-e031edf6100e', 'cdd7cc76-81c9-4865-8644-e031edf6100e', 'cdd7cc76-81c9-4865-8644-e031edf6100e', '782472b5-455c-4b0b-8cdc-fcd20da2c9ca', '62f47ee5-40ab-403d-ad92-14b03cfbe472', '69da0c69-290a-488c-b5e6-79916c38aca6', 'f1a19c02-9584-4555-b6d0-9fa1c4085406', 'b415af7b-127b-4fb6-a38b-8bb38184df15', 'e9b81baf-dc4c-48d2-ae0b-f0a213da1361', '2ee8f703-f8e3-4b37-9424-0a741f6b2e3d', 'd3b07ec2-aea1-442a-82ff-20a844ba78a0', 'cd7c0f9c-7adc-4333-bf4a-88bd558c4ef6', '066d4748-ec3b-4bc1-89a7-1807f0a09bc2', 'c14ca225-c57c-46fc-ac52-3dbc97f5096f']"
34cfbdf5-3507-4887-9d4c-edf3c8808057,2,"['68fbc606-1ffb-4237-a259-81b169046922', '68fbc606-1ffb-4237-a259-81b169046922', '68fbc606-1ffb-4237-a259-81b169046922', '68fbc606-1ffb-4237-a259-81b169046922', '68fbc606-1ffb-4237-a259-81b169046922', '68fbc606-1ffb-4237-a259-81b169046922', '68fbc606-1ffb-4237-a259-81b169046922', '68fbc606-1ffb-4237-a259-81b169046922', '68fbc606-1ffb-4237-a259-81b169046922', '68fbc606-1ffb-4237-a259-81b169046922', '68fbc606-1ffb-4237-a259-81b169046922', '68fbc606-1ffb-4237-a259-81b169046922', '68fbc606-1ffb-4237-a259-81b169046922', '68fbc606-1ffb-4237-a259-81b169046922', '68fbc606-1ffb-4237-a259-81b169046922', '68fbc606-1ffb-4237-a259-81b169046922', '68fbc606-1ffb-4237-a259-81b169046922', '68fbc606-1ffb-4237-a259-81b169046922', '68fbc606-1ffb-4237-a259-81b169046922', '68fbc606-1ffb-4237-a259-81b169046922', '68fbc606-1ffb-4237-a259-81b169046922', '68fbc606-1ffb-4237-a259-81b169046922', '68fbc606-1ffb-4237-a259-81b169046922', '68fbc606-1ffb-4237-a259-81b169046922', '68fbc606-1ffb-4237-a259-81b169046922', '68fbc606-1ffb-4237-a259-81b169046922', '68fbc606-1ffb-4237-a259-81b169046922', '68fbc606-1ffb-4237-a259-81b169046922', '68fbc606-1ffb-4237-a259-81b169046922', '68fbc606-1ffb-4237-a259-81b169046922', '68fbc606-1ffb-4237-a259-81b169046922', '68fbc606-1ffb-4237-a259-81b169046922', '68fbc606-1ffb-4237-a259-81b169046922', '68fbc606-1ffb-4237-a259-81b169046922', '68fbc606-1ffb-4237-a259-81b169046922', '68fbc606-1ffb-4237-a259-81b169046922', '68fbc606-1ffb-4237-a259-81b169046922', '68fbc606-1ffb-4237-a259-81b169046922', '68fbc606-1ffb-4237-a259-81b169046922', '68fbc606-1ffb-4237-a259-81b169046922', '68fbc606-1ffb-4237-a259-81b169046922', '68fbc606-1ffb-4237-a259-81b169046922', 'b59a4407-c545-4207-b34e-256aeb5bec63', '01b33d7c-802a-4d05-b7de-ed450866fac9', '9ebeea67-3dd2-47c2-ae84-a610b7af8306', '85c8444c-9a89-4114-a61f-d0e2f76ac17a', 'fa2a14a8-7baa-45fd-9e1f-d9b6e85f2652', 'fec4da44-4393-46bc-9d23-008762383a20', '6ba89546-d940-445e-970d-31f2c4642213', '6638afd5-657e-4175-bb28-b2d250a13fe5']"
8580418e-5d1f-4c82-ba71-b61321957642,3,"['2774c234-f809-4152-8664-f4338d791620', '2774c234-f809-4152-8664-f4338d791620', '2774c234-f809-4152-8664-f4338d791620', '2774c234-f809-4152-8664-f4338d791620', '2774c234-f809-4152-8664-f4338d791620', '2774c234-f809-4152-8664-f4338d791620', '2774c234-f809-4152-8664-f4338d791620', '2774c234-f809-4152-8664-f4338d791620', '2774c234-f809-4152-8664-f4338d791620', '2774c234-f809-4152-8664-f4338d791620', '2774c234-f809-4152-8664-f4338d791620', '2774c234-f809-4152-8664-f4338d791620', '2774c234-f809-4152-8664-f4338d791620', '2774c234-f809-4152-8664-f4338d791620', '2774c234-f809-4152-8664-f4338d791620', '2774c234-f809-4152-8664-f4338d791620', '2774c234-f809-4152-8664-f4338d791620', '2774c234-f809-4152-8664-f4338d791620', '2774c234-f809-4152-8664-f4338d791620', '2774c234-f809-4152-8664-f4338d791620', '2774c234-f809-4152-8664-f4338d791620', '2774c234-f809-4152-8664-f4338d791620', '2774c234-f809-4152-8664-f4338d791620', '2774c234-f809-4152-8664-f4338d791620', '2774c234-f809-4152-8664-f4338d791620', '2774c234-f809-4152-8664-f4338d791620', '2774c234-f809-4152-8664-f4338d791620', '2774c234-f809-4152-8664-f4338d791620', '2774c234-f809-4152-8664-f4338d791620', '2774c234-f809-4152-8664-f4338d791620', '2774c234-f809-4152-8664-f4338d791620', '2774c234-f809-4152-8664-f4338d791620', '2774c234-f809-4152-8664-f4338d791620', '2774c234-f809-4152-8664-f4338d791620', '2774c234-f809-4152-8664-f4338d791620', '2774c234-f809-4152-8664-f4338d791620', '2774c234-f809-4152-8664-f4338d791620', '2774c234-f809-4152-8664-f4338d791620', '2774c234-f809-4152-8664-f4338d791620', '2774c234-f809-4152-8664-f4338d791620', '2774c234-f809-4152-8664-f4338d791620', '2774c234-f809-4152-8664-f4338d791620', '2774c234-f809-4152-8664-f4338d791620', '2774c234-f809-4152-8664-f4338d791620', '2774c234-f809-4152-8664-f4338d791620', '17187ed3-d51c-454b-a6d5-fc54e8ca07d8', '029bc082-b8d0-4d66-9cdb-f7e163f115af', 'a27f068a-38d4-49f6-9492-74b21162868d', '182e7b1b-2664-4107-9f71-8bd764f96a1e', '7859b168-407d-4dc3-85d0-5d37ca3b469e']"
810123fc-4e14-499d-b6b1-d7944948e672,1,"['8f6c7dbd-1409-4a91-93d3-b4ca567cc80b', '8f6c7dbd-1409-4a91-93d3-b4ca567cc80b', '8f6c7dbd-1409-4a91-93d3-b4ca567cc80b', '8f6c7dbd-1409-4a91-93d3-b4ca567cc80b', '8f6c7dbd-1409-4a91-93d3-b4ca567cc80b', '8f6c7dbd-1409-4a91-93d3-b4ca567cc80b', '8f6c7dbd-1409-4a91-93d3-b4ca567cc80b', '8f6c7dbd-1409-4a91-93d3-b4ca567cc80b', '8f6c7dbd-1409-4a91-93d3-b4ca567cc80b', '8f6c7dbd-1409-4a91-93d3-b4ca567cc80b', '8f6c7dbd-1409-4a91-93d3-b4ca567cc80b', '8f6c7dbd-1409-4a91-93d3-b4ca567cc80b', '8f6c7dbd-1409-4a91-93d3-b4ca567cc80b', '8f6c7dbd-1409-4a91-93d3-b4ca567cc80b', '8f6c7dbd-1409-4a91-93d3-b4ca567cc80b', '8f6c7dbd-1409-4a91-93d3-b4ca567cc80b', '8f6c7dbd-1409-4a91-93d3-b4ca567cc80b', '8f6c7dbd-1409-4a91-93d3-b4ca567cc80b', '8f6c7dbd-1409-4a91-93d3-b4ca567cc80b', '8f6c7dbd-1409-4a91-93d3-b4ca567cc80b', '8f6c7dbd-1409-4a91-93d3-b4ca567cc80b', '8f6c7dbd-1409-4a91-93d3-b4ca567cc80b', '8f6c7dbd-1409-4a91-93d3-b4ca567cc80b', '8f6c7dbd-1409-4a91-93d3-b4ca567cc80b', '8f6c7dbd-1409-4a91-93d3-b4ca567cc80b', '8f6c7dbd-1409-4a91-93d3-b4ca567cc80b', '8f6c7dbd-1409-4a91-93d3-b4ca567cc80b', '8f6c7dbd-1409-4a91-93d3-b4ca567cc80b', '8f6c7dbd-1409-4a91-93d3-b4ca567cc80b', '8f6c7dbd-1409-4a91-93d3-b4ca567cc80b', '8f6c7dbd-1409-4a91-93d3-b4ca567cc80b', '8f6c7dbd-1409-4a91-93d3-b4ca567cc80b', '8f6c7dbd-1409-4a91-93d3-b4ca567cc80b', '8f6c7dbd-1409-4a91-93d3-b4ca567cc80b', '8f6c7dbd-1409-4a91-93d3-b4ca567cc80b', '8f6c7dbd-1409-4a91-93d3-b4ca567cc80b', '8f6c7dbd-1409-4a91-93d3-b4ca567cc80b', '8f6c7dbd-1409-4a91-93d3-b4ca567cc80b', '8f6c7dbd-1409-4a91-93d3-b4ca567cc80b', '8f6c7dbd-1409-4a91-93d3-b4ca567cc80b', '8f6c7dbd-1409-4a91-93d3-b4ca567cc80b', '8f6c7dbd-1409-4a91-93d3-b4ca567cc80b', '8f6c7dbd-1409-4a91-93d3-b4ca567cc80b', '4413d4b1-718c-4f7c-a83d-c6b15b2c3e92', '956ec29c-198b-4f74-ae66-87c7d0f95f0f', 'd3bcd3be-abc9-4bdd-b773-abf141870cfc', 'b327a7e0-4a07-41aa-bef6-a9548d7e1416', '20143a3a-b3ef-4148-baea-5678e9dfdcb5', '23f3d39e-1879-4ce5-af84-18112ea03ffd', 'afa1fa91-f528-42d3-b5d0-dcb3ef40dc4b']"
f4ec4b45-5d3a-45c8-a84a-4a4b8d9e5e85,2,"['685d7645-f88a-4a39-b08b-1c170e96e137', '685d7645-f88a-4a39-b08b-1c170e96e137', '685d7645-f88a-4a39-b08b-1c170e96e137', '685d7645-f88a-4a39-b08b-1c170e96e137', '685d7645-f88a-4a39-b08b-1c170e96e137', '685d7645-f88a-4a39-b08b-1c170e96e137', '685d7645-f88a-4a39-b08b-1c170e96e137', '685d7645-f88a-4a39-b08b-1c170e96e137', '685d7645-f88a-4a39-b08b-1c170e96e137', '685d7645-f88a-4a39-b08b-1c170e96e137', '685d7645-f88a-4a39-b08b-1c170e96e137', '685d7645-f88a-4a39-b08b-1c170e96e137', '685d7645-f88a-4a39-b08b-1c170e96e137', '685d7645-f88a-4a39-b08b-1c170e96e137', '685d7645-f88a-4a39-b08b-1c170e96e137', '685d7645-f88a-4a39-b08b-1c170e96e137', '685d7645-f88a-4a39-b08b-1c170e96e137', '685d7645-f88a-4a39-b08b-1c170e96e137', '685d7645-f88a-4a39-b08b-1c170e96e137', '685d7645-f88a-4a39-b08b-1c170e96e137', '685d7645-f88a-4a39-b08b-1c170e96e137', '685d7645-f88a-4a39-b08b-1c170e96e137', '685d7645-f88a-4a39-b08b-1c170e96e137', '685d7645-f88a-4a39-b08b-1c170e96e137', '685d7645-f88a-4a39-b08b-1c170e96e137', '685d7645-f88a-4a39-b08b-1c170e96e137', '685d7645-f88a-4a39-b08b-1c170e96e137', '685d7645-f88a-4a39-b08b-1c170e96e137', '685d7645-f88a-4a39-b08b-1c170e96e137', '685d7645-f88a-4a39-b08b-1c170e96e137', '685d7645-f88a-4a39-b08b-1c170e96e137', '685d7645-f88a-4a39-b08b-1c170e96e137', '685d7645-f88a-4a39-b08b-1c170e96e137', '685d7645-f88a-4a39-b08b-1c170e96e137', '685d7645-f88a-4a39-b08b-1c170e96e137', '685d7645-f88a-4a39-b08b-1c170e96e137', '685d7645-f88a-4a39-b08b-1c170e96e137', '685d7645-f88a-4a39-b08b-1c170e96e137', '685d7645-f88a-4a39-b08b-1c170e96e137', '685d7645-f88a-4a39-b08b-1c170e96e137', '685d7645-f88a-4a39-b08b-1c170e96e137', '685d7645-f88a-4a39-b08b-1c170e96e137', '4fb5b135-0788-42e0-81bd-68c46e4039b4', 'fcd6485b-c23d-40f9-aa4f-5023dce8e71c', '2e67eb5b-ed69-4a07-aa25-507f11b0258b', '519e4b9b-c71d-4541-9d17-a00b6bea7a2c', 'd5faf59d-c7fd-4854-af9b-b42812e1e425', '1b722d0b-e5c6-40ab-9108-f140dad236c7', '74a46708-7c75-4645-b25a-af7bb74c9116', '51d02d13-49f0-48c0-91fa-e518c4cd673d']"
e0d70f86-dd6b-4504-b0c0-1173b324f3dc,1,"['3931ef0d-0f7f-43e5-8f09-4954c04513b0', '3931ef0d-0f7f-43e5-8f09-4954c04513b0', '3931ef0d-0f7f-43e5-8f09-4954c04513b0', '3931ef0d-0f7f-43e5-8f09-4954c04513b0', '3931ef0d-0f7f-43e5-8f09-4954c04513b0', '3931ef0d-0f7f-43e5-8f09-4954c04513b0', '3931ef0d-0f7f-43e5-8f09-4954c04513b0', '3931ef0d-0f7f-43e5-8f09-4954c04513b0', '3931ef0d-0f7f-43e5-8f09-4954c04513b0', '3931ef0d-0f7f-43e5-8f09-4954c04513b0', '3931ef0d-0f7f-43e5-8f09-4954c04513b0', '3931ef0d-0f7f-43e5-8f09-4954c04513b0', '3931ef0d-0f7f-43e5-8f09-4954c04513b0', '3931ef0d-0f7f-43e5-8f09-4954c04513b0', '3931ef0d-0f7f-43e5-8f09-4954c04513b0', '3931ef0d-0f7f-43e5-8f09-4954c04513b0', '3931ef0d-0f7f-43e5-8f09-4954c04513b0', '3931ef0d-0f7f-43e5-8f09-4954c04513b0', '3931ef0d-0f7f-43e5-8f09-4954c04513b0', '3931ef0d-0f7f-43e5-8f09-4954c04513b0', '3931ef0d-0f7f-43e5-8f09-4954c04513b0', '3931ef0d-0f7f-43e5-8f09-4954c04513b0', '3931ef0d-0f7f-43e5-8f09-4954c04513b0', '3931ef0d-0f7f-43e5-8f09-4954c04513b0', '3931ef0d-0f7f-43e5-8f09-4954c04513b0', '3931ef0d-0f7f-43e5-8f09-4954c04513b0', '3931ef0d-0f7f-43e5-8f09-4954c04513b0', '3931ef0d-0f7f-43e5-8f09-4954c04513b0', '3931ef0d-0f7f-43e5-8f09-4954c04513b0', '3931ef0d-0f7f-43e5-8f09-4954c04513b0', '3931ef0d-0f7f-43e5-8f09-4954c04513b0', '3931ef0d-0f7f-43e5-8f09-4954c04513b0', '3931ef0d-0f7f-43e5-8f09-4954c04513b0', '3931ef0d-0f7f-43e5-8f09-4954c04513b0', '3931ef0d-0f7f-43e5-8f09-4954c04513b0', '3931ef0d-0f7f-43e5-8f09-4954c04513b0', '3931ef0d-0f7f-43e5-8f09-4954c04513b0', 'b3e69d47-4cac-4a82-9a0c-ea77e8f5b6ac', '0ee5b131-fa2a-4e79-8c33-ffc8956f868a', '9bad9efd-064c-40b1-b509-a00efa9a681a', 'cbc7bdd4-fcb6-4361-8090-4bd5fe2a945f', '8ca92114-cff2-4ebe-9589-0fed66604dff', '90aae9f9-32cf-4dfc-8c49-4187fbec3abd', 'c0e40013-cdcb-46ee-9003-cff7db11ecda', 'ccd26a4a-75db-4182-b604-d00fccd69412', 'bd4810bb-20d1-4b60-bb4d-e64b9cf1ae03', '361c1d77-ec3d-472f-a305-0494068b06a3', 'fdcbadcf-f15e-4ecf-a468-bce5407fc545', '37698a5b-2472-47f4-854c-328b25c7fece', '8a3c10e9-0078-4dae-af79-196ccee3305b']"
34cfbdf5-3507-4887-9d4c-edf3c8808057,3,"['6638afd5-657e-4175-bb28-b2d250a13fe5', '6638afd5-657e-4175-bb28-b2d250a13fe5', '6638afd5-657e-4175-bb28-b2d250a13fe5', '6638afd5-657e-4175-bb28-b2d250a13fe5', '6638afd5-657e-4175-bb28-b2d250a13fe5', '6638afd5-657e-4175-bb28-b2d250a13fe5', '6638afd5-657e-4175-bb28-b2d250a13fe5', '6638afd5-657e-4175-bb28-b2d250a13fe5', '6638afd5-657e-4175-bb28-b2d250a13fe5', '6638afd5-657e-4175-bb28-b2d250a13fe5', '6638afd5-657e-4175-bb28-b2d250a13fe5', '6638afd5-657e-4175-bb28-b2d250a13fe5', '6638afd5-657e-4175-bb28-b2d250a13fe5', '6638afd5-657e-4175-bb28-b2d250a13fe5', '6638afd5-657e-4175-bb28-b2d250a13fe5', '6638afd5-657e-4175-bb28-b2d250a13fe5', '6638afd5-657e-4175-bb28-b2d250a13fe5', '6638afd5-657e-4175-bb28-b2d250a13fe5', '6638afd5-657e-4175-bb28-b2d250a13fe5', '6638afd5-657e-4175-bb28-b2d250a13fe5', '6638afd5-657e-4175-bb28-b2d250a13fe5', '6638afd5-657e-4175-bb28-b2d250a13fe5', '6638afd5-657e-4175-bb28-b2d250a13fe5', '6638afd5-657e-4175-bb28-b2d250a13fe5', '6638afd5-657e-4175-bb28-b2d250a13fe5', '6638afd5-657e-4175-bb28-b2d250a13fe5', '6638afd5-657e-4175-bb28-b2d250a13fe5', '6638afd5-657e-4175-bb28-b2d250a13fe5', '6638afd5-657e-4175-bb28-b2d250a13fe5', '6638afd5-657e-4175-bb28-b2d250a13fe5', '6638afd5-657e-4175-bb28-b2d250a13fe5', '6638afd5-657e-4175-bb28-b2d250a13fe5', '6638afd5-657e-4175-bb28-b2d250a13fe5', '6638afd5-657e-4175-bb28-b2d250a13fe5', '6638afd5-657e-4175-bb28-b2d250a13fe5', '6638afd5-657e-4175-bb28-b2d250a13fe5', '6638afd5-657e-4175-bb28-b2d250a13fe5', '6638afd5-657e-4175-bb28-b2d250a13fe5', '6638afd5-657e-4175-bb28-b2d250a13fe5', '6638afd5-657e-4175-bb28-b2d250a13fe5', '133739b7-a792-4aba-8c18-11974a4a8801', 'af8268e6-5f1c-42c2-805c-da0b6ff0311e', '2ab56da6-8492-4eee-8adc-df07b72546c8', '26747b46-7ad1-4fcd-afac-e3a22608aa01', '5ca0cf33-4f34-42ba-b654-f1abf1dcb7a0', 'cefc30ce-0bcd-4fd6-912e-ae3183c285fd', '78c12ebc-25ab-41fc-9b72-c9a4d8d2a66c', '5ece80a3-fda5-48f1-8e03-50b63104cede', '57e77cad-8996-40f2-aad9-11b0eeb532e2', 'f086ea39-fcce-4ddf-90fe-38500acbe968']"
63236085-74ee-47ff-9b11-5516e30bde07,2,"['782472b5-455c-4b0b-8cdc-fcd20da2c9ca', '782472b5-455c-4b0b-8cdc-fcd20da2c9ca', '782472b5-455c-4b0b-8cdc-fcd20da2c9ca', '782472b5-455c-4b0b-8cdc-fcd20da2c9ca', '782472b5-455c-4b0b-8cdc-fcd20da2c9ca', '782472b5-455c-4b0b-8cdc-fcd20da2c9ca', '782472b5-455c-4b0b-8cdc-fcd20da2c9ca', '782472b5-455c-4b0b-8cdc-fcd20da2c9ca', '782472b5-455c-4b0b-8cdc-fcd20da2c9ca', '782472b5-455c-4b0b-8cdc-fcd20da2c9ca', '782472b5-455c-4b0b-8cdc-fcd20da2c9ca', '782472b5-455c-4b0b-8cdc-fcd20da2c9ca', '782472b5-455c-4b0b-8cdc-fcd20da2c9ca', '782472b5-455c-4b0b-8cdc-fcd20da2c9ca', '782472b5-455c-4b0b-8cdc-fcd20da2c9ca', '782472b5-455c-4b0b-8cdc-fcd20da2c9ca', '782472b5-455c-4b0b-8cdc-fcd20da2c9ca', '782472b5-455c-4b0b-8cdc-fcd20da2c9ca', '782472b5-455c-4b0b-8cdc-fcd20da2c9ca', '782472b5-455c-4b0b-8cdc-fcd20da2c9ca', '782472b5-455c-4b0b-8cdc-fcd20da2c9ca', '782472b5-455c-4b0b-8cdc-fcd20da2c9ca', '782472b5-455c-4b0b-8cdc-fcd20da2c9ca', '782472b5-455c-4b0b-8cdc-fcd20da2c9ca', '782472b5-455c-4b0b-8cdc-fcd20da2c9ca', '782472b5-455c-4b0b-8cdc-fcd20da2c9ca', '782472b5-455c-4b0b-8cdc-fcd20da2c9ca', '782472b5-455c-4b0b-8cdc-fcd20da2c9ca', '782472b5-455c-4b0b-8cdc-fcd20da2c9ca', '782472b5-455c-4b0b-8cdc-fcd20da2c9ca', '782472b5-455c-4b0b-8cdc-fcd20da2c9ca', '782472b5-455c-4b0b-8cdc-fcd20da2c9ca', '782472b5-455c-4b0b-8cdc-fcd20da2c9ca', '782472b5-455c-4b0b-8cdc-fcd20da2c9ca', '782472b5-455c-4b0b-8cdc-fcd20da2c9ca', '782472b5-455c-4b0b-8cdc-fcd20da2c9ca', '782472b5-455c-4b0b-8cdc-fcd20da2c9ca', '782472b5-455c-4b0b-8cdc-fcd20da2c9ca', '782472b5-455c-4b0b-8cdc-fcd20da2c9ca', '782472b5-455c-4b0b-8cdc-fcd20da2c9ca', '782472b5-455c-4b0b-8cdc-fcd20da2c9ca', '6a2ca53b-a6fd-4f8e-9548-67a8a3794850', 'f09d2bb4-3caa-4989-aad1-cd69cc5c7ef7', 'ff78b320-1548-44df-a998-d2fe859c8f89', 'b1678542-44ab-4359-af15-bfde087cf22f', '0c914c43-e9cc-4ee4-aa95-725dfe153d47', 'dea6b9e4-6205-4a16-8bbf-ec72e616a3db', 'ec738bee-a2fb-4be9-816e-585d69b47422', 'c93b8aef-c49d-4ecc-a04b-aa84b3c1f97a', '31828f29-e343-459f-ac5e-a8cae54f1e71']"
f4ec4b45-5d3a-45c8-a84a-4a4b8d9e5e85,3,"['685d7645-f88a-4a39-b08b-1c170e96e137', '685d7645-f88a-4a39-b08b-1c170e96e137', '685d7645-f88a-4a39-b08b-1c170e96e137', '685d7645-f88a-4a39-b08b-1c170e96e137', '685d7645-f88a-4a39-b08b-1c170e96e137', '685d7645-f88a-4a39-b08b-1c170e96e137', '685d7645-f88a-4a39-b08b-1c170e96e137', '685d7645-f88a-4a39-b08b-1c170e96e137', '685d7645-f88a-4a39-b08b-1c170e96e137', '685d7645-f88a-4a39-b08b-1c170e96e137', '685d7645-f88a-4a39-b08b-1c170e96e137', '685d7645-f88a-4a39-b08b-1c170e96e137', '685d7645-f88a-4a39-b08b-1c170e96e137', '685d7645-f88a-4a39-b08b-1c170e96e137', '685d7645-f88a-4a39-b08b-1c170e96e137', '685d7645-f88a-4a39-b08b-1c170e96e137', '685d7645-f88a-4a39-b08b-1c170e96e137', '685d7645-f88a-4a39-b08b-1c170e96e137', '685d7645-f88a-4a39-b08b-1c170e96e137', '685d7645-f88a-4a39-b08b-1c170e96e137', '685d7645-f88a-4a39-b08b-1c170e96e137', '685d7645-f88a-4a39-b08b-1c170e96e137', '685d7645-f88a-4a39-b08b-1c170e96e137', '685d7645-f88a-4a39-b08b-1c170e96e137', '685d7645-f88a-4a39-b08b-1c170e96e137', '685d7645-f88a-4a39-b08b-1c170e96e137', '685d7645-f88a-4a39-b08b-1c170e96e137', '685d7645-f88a-4a39-b08b-1c170e96e137', '685d7645-f88a-4a39-b08b-1c170e96e137', '685d7645-f88a-4a39-b08b-1c170e96e137', '685d7645-f88a-4a39-b08b-1c170e96e137', '685d7645-f88a-4a39-b08b-1c170e96e137', '685d7645-f88a-4a39-b08b-1c170e96e137', '685d7645-f88a-4a39-b08b-1c170e96e137', '4fb5b135-0788-42e0-81bd-68c46e4039b4', 'fcd6485b-c23d-40f9-aa4f-5023dce8e71c', '2e67eb5b-ed69-4a07-aa25-507f11b0258b', '519e4b9b-c71d-4541-9d17-a00b6bea7a2c', 'd5faf59d-c7fd-4854-af9b-b42812e1e425', '1b722d0b-e5c6-40ab-9108-f140dad236c7', '51d02d13-49f0-48c0-91fa-e518c4cd673d', 'd3f48d59-3d59-44d4-b402-9dbc43903a5c', 'de0eef20-0159-4b08-b64c-6f32df969ab9', '7429e9f5-7b54-405f-90b6-de0a6357576d', '3599fb0b-2435-46e6-bec9-b6a635625218', '4e1912d4-e69d-4eb4-b498-0813e68e49bb', 'ef309081-023d-4997-bd61-969d96461c2b', '73ae4cf7-8745-4a96-b768-f3eb523d21fd', 'cb5b1d0f-e9a9-4963-b35a-b0c35a3cd101', '933365aa-9bb5-4280-9a4d-5e24dd0b969d']"
810123fc-4e14-499d-b6b1-d7944948e672,2,"['4413d4b1-718c-4f7c-a83d-c6b15b2c3e92', '4413d4b1-718c-4f7c-a83d-c6b15b2c3e92', '4413d4b1-718c-4f7c-a83d-c6b15b2c3e92', '4413d4b1-718c-4f7c-a83d-c6b15b2c3e92', '4413d4b1-718c-4f7c-a83d-c6b15b2c3e92', '4413d4b1-718c-4f7c-a83d-c6b15b2c3e92', '4413d4b1-718c-4f7c-a83d-c6b15b2c3e92', '4413d4b1-718c-4f7c-a83d-c6b15b2c3e92', '4413d4b1-718c-4f7c-a83d-c6b15b2c3e92', '4413d4b1-718c-4f7c-a83d-c6b15b2c3e92', '4413d4b1-718c-4f7c-a83d-c6b15b2c3e92', '4413d4b1-718c-4f7c-a83d-c6b15b2c3e92', '4413d4b1-718c-4f7c-a83d-c6b15b2c3e92', '4413d4b1-718c-4f7c-a83d-c6b15b2c3e92', '4413d4b1-718c-4f7c-a83d-c6b15b2c3e92', '4413d4b1-718c-4f7c-a83d-c6b15b2c3e92', '4413d4b1-718c-4f7c-a83d-c6b15b2c3e92', '4413d4b1-718c-4f7c-a83d-c6b15b2c3e92', '4413d4b1-718c-4f7c-a83d-c6b15b2c3e92', '4413d4b1-718c-4f7c-a83d-c6b15b2c3e92', '4413d4b1-718c-4f7c-a83d-c6b15b2c3e92', '4413d4b1-718c-4f7c-a83d-c6b15b2c3e92', '4413d4b1-718c-4f7c-a83d-c6b15b2c3e92', '4413d4b1-718c-4f7c-a83d-c6b15b2c3e92', '4413d4b1-718c-4f7c-a83d-c6b15b2c3e92', '4413d4b1-718c-4f7c-a83d-c6b15b2c3e92', '4413d4b1-718c-4f7c-a83d-c6b15b2c3e92', '4413d4b1-718c-4f7c-a83d-c6b15b2c3e92', '4413d4b1-718c-4f7c-a83d-c6b15b2c3e92', '4413d4b1-718c-4f7c-a83d-c6b15b2c3e92', '4413d4b1-718c-4f7c-a83d-c6b15b2c3e92', '4413d4b1-718c-4f7c-a83d-c6b15b2c3e92', '4413d4b1-718c-4f7c-a83d-c6b15b2c3e92', '4413d4b1-718c-4f7c-a83d-c6b15b2c3e92', '4413d4b1-718c-4f7c-a83d-c6b15b2c3e92', '4413d4b1-718c-4f7c-a83d-c6b15b2c3e92', '7eb9f429-d3b4-4f36-8518-d59e6c5691e5', '9f9da234-760e-410e-b984-a5bcbbf4792a', 'b2a158b2-7362-4a99-ba59-4e01f10123d6', '68825982-72ee-4785-bf7d-4abf8cf0a245', 'a9d9e6af-ba83-4915-a64c-1a5738bf6b36', 'c2662c5d-c4c3-440e-b2f4-646e15b9364c', 'b1a4bc54-39cc-49c4-9a27-5168d712be8f', '28c00045-6c61-47e9-89a9-2f4b3badad59', '71977e8a-308a-4289-90a7-c5f271916830', '3b6bad31-dc4f-47d9-8735-369ed42c69e5', 'c86a9b37-cde4-4c20-9794-44df290f9b81', '2661238b-4498-4431-81cf-f0d54a69c8ac', '6a43c311-61a9-432e-8e9b-b7f8c64f2477', '95b5daef-3540-42bb-907a-e871c33e1c3b']"
8580418e-5d1f-4c82-ba71-b61321957642,4,"['2774c234-f809-4152-8664-f4338d791620', '2774c234-f809-4152-8664-f4338d791620', '2774c234-f809-4152-8664-f4338d791620', '2774c234-f809-4152-8664-f4338d791620', '2774c234-f809-4152-8664-f4338d791620', '2774c234-f809-4152-8664-f4338d791620', '2774c234-f809-4152-8664-f4338d791620', '2774c234-f809-4152-8664-f4338d791620', '2774c234-f809-4152-8664-f4338d791620', '2774c234-f809-4152-8664-f4338d791620', '2774c234-f809-4152-8664-f4338d791620', '2774c234-f809-4152-8664-f4338d791620', '2774c234-f809-4152-8664-f4338d791620', '2774c234-f809-4152-8664-f4338d791620', '2774c234-f809-4152-8664-f4338d791620', '2774c234-f809-4152-8664-f4338d791620', '2774c234-f809-4152-8664-f4338d791620', '2774c234-f809-4152-8664-f4338d791620', '2774c234-f809-4152-8664-f4338d791620', '2774c234-f809-4152-8664-f4338d791620', '2774c234-f809-4152-8664-f4338d791620', '2774c234-f809-4152-8664-f4338d791620', '2774c234-f809-4152-8664-f4338d791620', '2774c234-f809-4152-8664-f4338d791620', '2774c234-f809-4152-8664-f4338d791620', '2774c234-f809-4152-8664-f4338d791620', '2774c234-f809-4152-8664-f4338d791620', '2774c234-f809-4152-8664-f4338d791620', '2774c234-f809-4152-8664-f4338d791620', '2774c234-f809-4152-8664-f4338d791620', '2774c234-f809-4152-8664-f4338d791620', '2774c234-f809-4152-8664-f4338d791620', '2774c234-f809-4152-8664-f4338d791620', '17187ed3-d51c-454b-a6d5-fc54e8ca07d8', '029bc082-b8d0-4d66-9cdb-f7e163f115af', 'a27f068a-38d4-49f6-9492-74b21162868d', '31089556-9277-4c74-8b49-2e2e25adeb3c', 'ea6e1cf3-f638-4160-80b0-5af48fce360b', '879539c0-c356-48e6-9d11-92271bf339ff', 'fe0ae361-7b04-492f-8b55-b81cc1e00edb', 'b2d99d9a-9f9c-4174-bac0-54835853c482', '05043885-4332-44c7-862e-ea28c46c9f6e', 'cceed949-dbf2-4bf9-8405-f40da201c1ea', '19f51554-f62c-4588-940b-903357b3a50f', '01bb67dd-48a8-42b9-8f87-e4f852a89de8', '6621027d-9b2c-415e-94bb-0f532a90137e', 'b37d5488-62ec-4a80-906e-4b153b7e2d55', '2b8b445b-aba4-4d0b-8f86-68b2328c4c44', '6ba26cba-dfa7-49f8-8200-e2019745c90b', '1c834f43-a7ea-4581-8237-4f29bb9220e6']"
34cfbdf5-3507-4887-9d4c-edf3c8808057,4,"['6638afd5-657e-4175-bb28-b2d250a13fe5', '6638afd5-657e-4175-bb28-b2d250a13fe5', '6638afd5-657e-4175-bb28-b2d250a13fe5', '6638afd5-657e-4175-bb28-b2d250a13fe5', '6638afd5-657e-4175-bb28-b2d250a13fe5', '6638afd5-657e-4175-bb28-b2d250a13fe5', '6638afd5-657e-4175-bb28-b2d250a13fe5', '6638afd5-657e-4175-bb28-b2d250a13fe5', '6638afd5-657e-4175-bb28-b2d250a13fe5', '6638afd5-657e-4175-bb28-b2d250a13fe5', '6638afd5-657e-4175-bb28-b2d250a13fe5', '6638afd5-657e-4175-bb28-b2d250a13fe5', '6638afd5-657e-4175-bb28-b2d250a13fe5', '6638afd5-657e-4175-bb28-b2d250a13fe5', '6638afd5-657e-4175-bb28-b2d250a13fe5', '6638afd5-657e-4175-bb28-b2d250a13fe5', '6638afd5-657e-4175-bb28-b2d250a13fe5', '6638afd5-657e-4175-bb28-b2d250a13fe5', '6638afd5-657e-4175-bb28-b2d250a13fe5', '6638afd5-657e-4175-bb28-b2d250a13fe5', '6638afd5-657e-4175-bb28-b2d250a13fe5', '6638afd5-657e-4175-bb28-b2d250a13fe5', '6638afd5-657e-4175-bb28-b2d250a13fe5', '6638afd5-657e-4175-bb28-b2d250a13fe5', '6638afd5-657e-4175-bb28-b2d250a13fe5', '6638afd5-657e-4175-bb28-b2d250a13fe5', '6638afd5-657e-4175-bb28-b2d250a13fe5', '6638afd5-657e-4175-bb28-b2d250a13fe5', '6638afd5-657e-4175-bb28-b2d250a13fe5', '6638afd5-657e-4175-bb28-b2d250a13fe5', '6638afd5-657e-4175-bb28-b2d250a13fe5', '133739b7-a792-4aba-8c18-11974a4a8801', '2ab56da6-8492-4eee-8adc-df07b72546c8', '26747b46-7ad1-4fcd-afac-e3a22608aa01', 'cefc30ce-0bcd-4fd6-912e-ae3183c285fd', '78c12ebc-25ab-41fc-9b72-c9a4d8d2a66c', '57e77cad-8996-40f2-aad9-11b0eeb532e2', 'f086ea39-fcce-4ddf-90fe-38500acbe968', '4cde69b9-bada-429d-a25b-e4c499af9a33', '303b65d9-10ab-4f8e-af6f-89992fb6889b', '9614c784-b208-438d-ad89-d5c4a368c370', '05203e8b-ff06-41e7-93d0-54678ffce6c7', '41df227b-b6a8-4208-b045-f0aa85a71b23', '2e3ae641-4bed-49e4-a3f6-2b4557ab6617', '2615a882-dee0-4ce1-b1c5-16f194fbd8e1', 'f6d1772c-1e11-4e14-bf84-f8e0122b4f73', '8b204a68-eb68-4c3b-995c-662d169e7a6a', '50f0b99f-ce05-455b-a096-86989f1710ed', '438e4697-f6cc-4f31-a31a-6f41342aa769', 'd4d10135-0add-4dec-96b4-57f969b62821']"
63236085-74ee-47ff-9b11-5516e30bde07,3,"['782472b5-455c-4b0b-8cdc-fcd20da2c9ca', '782472b5-455c-4b0b-8cdc-fcd20da2c9ca', '782472b5-455c-4b0b-8cdc-fcd20da2c9ca', '782472b5-455c-4b0b-8cdc-fcd20da2c9ca', '782472b5-455c-4b0b-8cdc-fcd20da2c9ca', '782472b5-455c-4b0b-8cdc-fcd20da2c9ca', '782472b5-455c-4b0b-8cdc-fcd20da2c9ca', '782472b5-455c-4b0b-8cdc-fcd20da2c9ca', '782472b5-455c-4b0b-8cdc-fcd20da2c9ca', '782472b5-455c-4b0b-8cdc-fcd20da2c9ca', '782472b5-455c-4b0b-8cdc-fcd20da2c9ca', '782472b5-455c-4b0b-8cdc-fcd20da2c9ca', '782472b5-455c-4b0b-8cdc-fcd20da2c9ca', '782472b5-455c-4b0b-8cdc-fcd20da2c9ca', '782472b5-455c-4b0b-8cdc-fcd20da2c9ca', '782472b5-455c-4b0b-8cdc-fcd20da2c9ca', '782472b5-455c-4b0b-8cdc-fcd20da2c9ca', '782472b5-455c-4b0b-8cdc-fcd20da2c9ca', '782472b5-455c-4b0b-8cdc-fcd20da2c9ca', '782472b5-455c-4b0b-8cdc-fcd20da2c9ca', '782472b5-455c-4b0b-8cdc-fcd20da2c9ca', '782472b5-455c-4b0b-8cdc-fcd20da2c9ca', '782472b5-455c-4b0b-8cdc-fcd20da2c9ca', '782472b5-455c-4b0b-8cdc-fcd20da2c9ca', '782472b5-455c-4b0b-8cdc-fcd20da2c9ca', '782472b5-455c-4b0b-8cdc-fcd20da2c9ca', '782472b5-455c-4b0b-8cdc-fcd20da2c9ca', '782472b5-455c-4b0b-8cdc-fcd20da2c9ca', '782472b5-455c-4b0b-8cdc-fcd20da2c9ca', '782472b5-455c-4b0b-8cdc-fcd20da2c9ca', '782472b5-455c-4b0b-8cdc-fcd20da2c9ca', '782472b5-455c-4b0b-8cdc-fcd20da2c9ca', '6a2ca53b-a6fd-4f8e-9548-67a8a3794850', 'b1678542-44ab-4359-af15-bfde087cf22f', '0c914c43-e9cc-4ee4-aa95-725dfe153d47', 'dea6b9e4-6205-4a16-8bbf-ec72e616a3db', 'ec738bee-a2fb-4be9-816e-585d69b47422', 'c93b8aef-c49d-4ecc-a04b-aa84b3c1f97a', '31828f29-e343-459f-ac5e-a8cae54f1e71', '756b3113-db48-497e-a04a-46dc9c076de5', '57edd1fd-548a-4145-8c8f-475af9aa3743', '6dab53c6-713a-4aa7-bb38-67c406983558', '79461030-efc2-4b3d-93fc-f24b882c8278', '7e59455e-4224-463f-8dc1-58077a7ca0c3', '4cff3b63-cb5c-4d44-b194-204f27311096', '2eaa6200-e574-4d77-8a0a-9b33d514586c', '5a478c21-b553-43b8-b4cf-914c9e692e22', '2cbc590a-0570-4c59-b62e-a2571fabfc90', '267dbd58-9ce0-4c8f-9644-4447eb915fc9', 'a1a7a098-ff92-4707-9ad8-dd3be9ba936a']"
e0d70f86-dd6b-4504-b0c0-1173b324f3dc,2,"['ccd26a4a-75db-4182-b604-d00fccd69412', 'ccd26a4a-75db-4182-b604-d00fccd69412', 'ccd26a4a-75db-4182-b604-d00fccd69412', 'ccd26a4a-75db-4182-b604-d00fccd69412', 'ccd26a4a-75db-4182-b604-d00fccd69412', 'ccd26a4a-75db-4182-b604-d00fccd69412', 'ccd26a4a-75db-4182-b604-d00fccd69412', 'ccd26a4a-75db-4182-b604-d00fccd69412', 'ccd26a4a-75db-4182-b604-d00fccd69412', 'ccd26a4a-75db-4182-b604-d00fccd69412', 'ccd26a4a-75db-4182-b604-d00fccd69412', 'ccd26a4a-75db-4182-b604-d00fccd69412', 'ccd26a4a-75db-4182-b604-d00fccd69412', 'ccd26a4a-75db-4182-b604-d00fccd69412', 'ccd26a4a-75db-4182-b604-d00fccd69412', 'ccd26a4a-75db-4182-b604-d00fccd69412', 'ccd26a4a-75db-4182-b604-d00fccd69412', 'ccd26a4a-75db-4182-b604-d00fccd69412', 'ccd26a4a-75db-4182-b604-d00fccd69412', 'ccd26a4a-75db-4182-b604-d00fccd69412', 'ccd26a4a-75db-4182-b604-d00fccd69412', 'ccd26a4a-75db-4182-b604-d00fccd69412', 'ccd26a4a-75db-4182-b604-d00fccd69412', 'ccd26a4a-75db-4182-b604-d00fccd69412', 'ccd26a4a-75db-4182-b604-d00fccd69412', 'ccd26a4a-75db-4182-b604-d00fccd69412', 'ccd26a4a-75db-4182-b604-d00fccd69412', 'ccd26a4a-75db-4182-b604-d00fccd69412', 'ccd26a4a-75db-4182-b604-d00fccd69412', 'ccd26a4a-75db-4182-b604-d00fccd69412', 'ccd26a4a-75db-4182-b604-d00fccd69412', 'ccd26a4a-75db-4182-b604-d00fccd69412', 'ccd26a4a-75db-4182-b604-d00fccd69412', 'ccd26a4a-75db-4182-b604-d00fccd69412', 'ccd26a4a-75db-4182-b604-d00fccd69412', 'ccd26a4a-75db-4182-b604-d00fccd69412', 'c33b7073-e968-44e8-bee5-64ab76e81fdd', '27ace2ca-083a-44ed-b702-74632659f6fb', 'be70d48a-f71c-4534-a66c-2ea6e9585d34', '7980669f-8dd1-4395-b5d5-86dd20a1d622', '369e0687-1633-4543-b1e9-3a7b80cf88ec', '88485f67-4e94-4fe0-993e-cb5ae7c9927d', 'd2f26b73-6e24-44e4-89d1-1e2e00c2f9f7', '63740624-2d13-44f1-b3d6-cae26218d78c', 'fa40eaa8-c0da-485e-913c-5186e6589f3b', '8712fd4a-974a-4f76-b64d-aa20dfc13b5a', 'e4cbe3f9-617b-4366-944d-aa469d3f2a63', 'd7999933-c250-4d31-a1d2-40c94c78585c', 'd08cef80-7280-4c2e-b7dd-38cc742ffe03', '19a65725-7159-4e18-b950-d88b1ef6c740']"
f4ec4b45-5d3a-45c8-a84a-4a4b8d9e5e85,4,"['685d7645-f88a-4a39-b08b-1c170e96e137', '685d7645-f88a-4a39-b08b-1c170e96e137', '685d7645-f88a-4a39-b08b-1c170e96e137', '685d7645-f88a-4a39-b08b-1c170e96e137', '685d7645-f88a-4a39-b08b-1c170e96e137', '685d7645-f88a-4a39-b08b-1c170e96e137', '685d7645-f88a-4a39-b08b-1c170e96e137', '685d7645-f88a-4a39-b08b-1c170e96e137', '685d7645-f88a-4a39-b08b-1c170e96e137', '685d7645-f88a-4a39-b08b-1c170e96e137', '685d7645-f88a-4a39-b08b-1c170e96e137', '685d7645-f88a-4a39-b08b-1c170e96e137', '685d7645-f88a-4a39-b08b-1c170e96e137', '685d7645-f88a-4a39-b08b-1c170e96e137', '685d7645-f88a-4a39-b08b-1c170e96e137', '685d7645-f88a-4a39-b08b-1c170e96e137', '685d7645-f88a-4a39-b08b-1c170e96e137', '685d7645-f88a-4a39-b08b-1c170e96e137', '685d7645-f88a-4a39-b08b-1c170e96e137', '685d7645-f88a-4a39-b08b-1c170e96e137', '685d7645-f88a-4a39-b08b-1c170e96e137', '685d7645-f88a-4a39-b08b-1c170e96e137', '685d7645-f88a-4a39-b08b-1c170e96e137', '685d7645-f88a-4a39-b08b-1c170e96e137', '685d7645-f88a-4a39-b08b-1c170e96e137', '685d7645-f88a-4a39-b08b-1c170e96e137', '685d7645-f88a-4a39-b08b-1c170e96e137', '4fb5b135-0788-42e0-81bd-68c46e4039b4', '2e67eb5b-ed69-4a07-aa25-507f11b0258b', 'd5faf59d-c7fd-4854-af9b-b42812e1e425', '1b722d0b-e5c6-40ab-9108-f140dad236c7', '51d02d13-49f0-48c0-91fa-e518c4cd673d', 'd3f48d59-3d59-44d4-b402-9dbc43903a5c', 'de0eef20-0159-4b08-b64c-6f32df969ab9', '3599fb0b-2435-46e6-bec9-b6a635625218', 'ef309081-023d-4997-bd61-969d96461c2b', '73ae4cf7-8745-4a96-b768-f3eb523d21fd', 'cb5b1d0f-e9a9-4963-b35a-b0c35a3cd101', '5506d193-c61d-45b4-895d-3d61d91f1569', '2c981806-c75d-4e38-a8d9-b1153f697926', '4aeade4a-a193-4513-a907-4bef4114ee3c', 'c8f2207b-97a3-4574-8b58-2d1106c1489c', '2f5cb00d-fda7-4a09-b6d8-08f880f0dc1a', '11de277d-e28b-47af-b6ee-4e64e7d90074', 'af355b68-936d-4cb2-b4df-d7caa8e9b59b', '4cfc1f55-aa65-4b3d-b10b-10f9dbddd500', '874e4772-6909-4387-93b2-d67ac2b001d8', '879c37e4-1b22-4e46-ab4f-3d5d8988dc46', '31f0b6a5-c2e0-49f8-80c3-d0a92ec92a75', 'c7c76512-5936-4ee1-bd98-fb7e9c560ca7']"
810123fc-4e14-499d-b6b1-d7944948e672,3,"['4413d4b1-718c-4f7c-a83d-c6b15b2c3e92', '4413d4b1-718c-4f7c-a83d-c6b15b2c3e92', '4413d4b1-718c-4f7c-a83d-c6b15b2c3e92', '4413d4b1-718c-4f7c-a83d-c6b15b2c3e92', '4413d4b1-718c-4f7c-a83d-c6b15b2c3e92', '4413d4b1-718c-4f7c-a83d-c6b15b2c3e92', '4413d4b1-718c-4f7c-a83d-c6b15b2c3e92', '4413d4b1-718c-4f7c-a83d-c6b15b2c3e92', '4413d4b1-718c-4f7c-a83d-c6b15b2c3e92', '4413d4b1-718c-4f7c-a83d-c6b15b2c3e92', '4413d4b1-718c-4f7c-a83d-c6b15b2c3e92', '4413d4b1-718c-4f7c-a83d-c6b15b2c3e92', '4413d4b1-718c-4f7c-a83d-c6b15b2c3e92', '4413d4b1-718c-4f7c-a83d-c6b15b2c3e92', '4413d4b1-718c-4f7c-a83d-c6b15b2c3e92', '4413d4b1-718c-4f7c-a83d-c6b15b2c3e92', '4413d4b1-718c-4f7c-a83d-c6b15b2c3e92', '4413d4b1-718c-4f7c-a83d-c6b15b2c3e92', '4413d4b1-718c-4f7c-a83d-c6b15b2c3e92', '4413d4b1-718c-4f7c-a83d-c6b15b2c3e92', '4413d4b1-718c-4f7c-a83d-c6b15b2c3e92', '4413d4b1-718c-4f7c-a83d-c6b15b2c3e92', '4413d4b1-718c-4f7c-a83d-c6b15b2c3e92', '4413d4b1-718c-4f7c-a83d-c6b15b2c3e92', '4413d4b1-718c-4f7c-a83d-c6b15b2c3e92', '4413d4b1-718c-4f7c-a83d-c6b15b2c3e92', '4413d4b1-718c-4f7c-a83d-c6b15b2c3e92', '4413d4b1-718c-4f7c-a83d-c6b15b2c3e92', '7eb9f429-d3b4-4f36-8518-d59e6c5691e5', '9f9da234-760e-410e-b984-a5bcbbf4792a', 'b2a158b2-7362-4a99-ba59-4e01f10123d6', '68825982-72ee-4785-bf7d-4abf8cf0a245', 'a9d9e6af-ba83-4915-a64c-1a5738bf6b36', 'c2662c5d-c4c3-440e-b2f4-646e15b9364c', 'b1a4bc54-39cc-49c4-9a27-5168d712be8f', '28c00045-6c61-47e9-89a9-2f4b3badad59', '3b6bad31-dc4f-47d9-8735-369ed42c69e5', 'c86a9b37-cde4-4c20-9794-44df290f9b81', '95b5daef-3540-42bb-907a-e871c33e1c3b', 'd6d3a075-3802-4af1-8718-d6e317633cb8', 'faab3d4f-0328-4852-9a65-dfb266a4f640', '2b345377-2904-4b4c-ba4c-eda07a6d4c30', '2f9290ac-8bb0-4664-a2b1-de319275709b', 'c3c0b1a6-d95e-462e-91dc-62073a47633c', 'b1128d3e-d57b-430a-b1b3-23e6514028e6', 'c1105361-11dc-492b-a7b0-c0cfef4de3ed', '74c1986a-acc6-41eb-a36e-314a9e5b6bc3', '7a58edb5-ae42-4a46-8167-6f4e1562a45b', 'f9a62a41-d07c-49cb-b9f5-c0a17bbb5ff2', 'd54c1a52-13df-4778-8041-4e167411b21d']"
8580418e-5d1f-4c82-ba71-b61321957642,5,"['2774c234-f809-4152-8664-f4338d791620', '2774c234-f809-4152-8664-f4338d791620', '2774c234-f809-4152-8664-f4338d791620', '2774c234-f809-4152-8664-f4338d791620', '2774c234-f809-4152-8664-f4338d791620', '2774c234-f809-4152-8664-f4338d791620', '2774c234-f809-4152-8664-f4338d791620', '2774c234-f809-4152-8664-f4338d791620', '2774c234-f809-4152-8664-f4338d791620', '2774c234-f809-4152-8664-f4338d791620', '2774c234-f809-4152-8664-f4338d791620', '2774c234-f809-4152-8664-f4338d791620', '2774c234-f809-4152-8664-f4338d791620', '2774c234-f809-4152-8664-f4338d791620', '2774c234-f809-4152-8664-f4338d791620', '2774c234-f809-4152-8664-f4338d791620', '2774c234-f809-4152-8664-f4338d791620', '2774c234-f809-4152-8664-f4338d791620', '2774c234-f809-4152-8664-f4338d791620', '2774c234-f809-4152-8664-f4338d791620', '2774c234-f809-4152-8664-f4338d791620', '2774c234-f809-4152-8664-f4338d791620', '2774c234-f809-4152-8664-f4338d791620', '2774c234-f809-4152-8664-f4338d791620', '2774c234-f809-4152-8664-f4338d791620', '17187ed3-d51c-454b-a6d5-fc54e8ca07d8', '029bc082-b8d0-4d66-9cdb-f7e163f115af', 'a27f068a-38d4-49f6-9492-74b21162868d', '31089556-9277-4c74-8b49-2e2e25adeb3c', 'ea6e1cf3-f638-4160-80b0-5af48fce360b', '879539c0-c356-48e6-9d11-92271bf339ff', 'fe0ae361-7b04-492f-8b55-b81cc1e00edb', 'b2d99d9a-9f9c-4174-bac0-54835853c482', 'cceed949-dbf2-4bf9-8405-f40da201c1ea', '6621027d-9b2c-415e-94bb-0f532a90137e', 'b37d5488-62ec-4a80-906e-4b153b7e2d55', '2b8b445b-aba4-4d0b-8f86-68b2328c4c44', '6ba26cba-dfa7-49f8-8200-e2019745c90b', '1c834f43-a7ea-4581-8237-4f29bb9220e6', 'a7ac4733-b8bf-4321-a544-0eae0a96617e', '34bf97fe-a3f6-4309-8ca8-2050a06144b5', '8b5f137f-5197-4f0d-942a-0c9df7d4f94b', '7020c6b4-acd0-4acf-b20e-85d8244fc863', '07fcbf2f-46cf-4097-8cfc-bbd8e77c3aa9', '94941837-f42c-493b-9b57-bab49e7f511c', '65b8f521-285b-4a7a-92ab-cbd557e46cd8', '62c6becc-dee5-4f87-8d4b-77b4d3c4d3da', '79ae1d4a-9f20-4993-b386-13bedd71e001', '8232331e-92de-4bb5-9640-2f34e957aa49', '0cf7c3a1-ea1d-498b-8eaf-3ac7b276f31b']"
63236085-74ee-47ff-9b11-5516e30bde07,4,"['782472b5-455c-4b0b-8cdc-fcd20da2c9ca', '782472b5-455c-4b0b-8cdc-fcd20da2c9ca', '782472b5-455c-4b0b-8cdc-fcd20da2c9ca', '782472b5-455c-4b0b-8cdc-fcd20da2c9ca', '782472b5-455c-4b0b-8cdc-fcd20da2c9ca', '782472b5-455c-4b0b-8cdc-fcd20da2c9ca', '782472b5-455c-4b0b-8cdc-fcd20da2c9ca', '782472b5-455c-4b0b-8cdc-fcd20da2c9ca', '782472b5-455c-4b0b-8cdc-fcd20da2c9ca', '782472b5-455c-4b0b-8cdc-fcd20da2c9ca', '782472b5-455c-4b0b-8cdc-fcd20da2c9ca', '782472b5-455c-4b0b-8cdc-fcd20da2c9ca', '782472b5-455c-4b0b-8cdc-fcd20da2c9ca', '782472b5-455c-4b0b-8cdc-fcd20da2c9ca', '782472b5-455c-4b0b-8cdc-fcd20da2c9ca', '782472b5-455c-4b0b-8cdc-fcd20da2c9ca', '782472b5-455c-4b0b-8cdc-fcd20da2c9ca', '782472b5-455c-4b0b-8cdc-fcd20da2c9ca', '782472b5-455c-4b0b-8cdc-fcd20da2c9ca', '782472b5-455c-4b0b-8cdc-fcd20da2c9ca', '782472b5-455c-4b0b-8cdc-fcd20da2c9ca', '782472b5-455c-4b0b-8cdc-fcd20da2c9ca', '782472b5-455c-4b0b-8cdc-fcd20da2c9ca', '782472b5-455c-4b0b-8cdc-fcd20da2c9ca', '782472b5-455c-4b0b-8cdc-fcd20da2c9ca', '782472b5-455c-4b0b-8cdc-fcd20da2c9ca', '6a2ca53b-a6fd-4f8e-9548-67a8a3794850', 'dea6b9e4-6205-4a16-8bbf-ec72e616a3db', 'ec738bee-a2fb-4be9-816e-585d69b47422', 'c93b8aef-c49d-4ecc-a04b-aa84b3c1f97a', '31828f29-e343-459f-ac5e-a8cae54f1e71', '756b3113-db48-497e-a04a-46dc9c076de5', '57edd1fd-548a-4145-8c8f-475af9aa3743', '6dab53c6-713a-4aa7-bb38-67c406983558', '7e59455e-4224-463f-8dc1-58077a7ca0c3', '4cff3b63-cb5c-4d44-b194-204f27311096', '2eaa6200-e574-4d77-8a0a-9b33d514586c', '5a478c21-b553-43b8-b4cf-914c9e692e22', '2cbc590a-0570-4c59-b62e-a2571fabfc90', '267dbd58-9ce0-4c8f-9644-4447eb915fc9', 'a1a7a098-ff92-4707-9ad8-dd3be9ba936a', 'ef5ddbdc-464e-4ab9-9b39-200b6f1dabf0', 'd603fa0f-01a2-4108-8610-c69099fab037', 'faf8246d-491a-4ee3-9bda-976b1960b553', 'f8a88e9b-fda9-4d2f-affc-ae564ccd9d88', '165fd526-6e07-4db6-ba4e-19b1ff21448a', 'f349fa4c-6e9b-4b3b-89b4-5f46aa77d58a', '0b4c4a28-6f9b-4e8d-b14d-162cb065fe2a', '9a36a263-4912-4888-a89f-33ed42431bfc', 'ea949a43-7a7e-4e45-ad12-1a2b1c42af45']"
e0d70f86-dd6b-4504-b0c0-1173b324f3dc,3,"['ccd26a4a-75db-4182-b604-d00fccd69412', 'ccd26a4a-75db-4182-b604-d00fccd69412', 'ccd26a4a-75db-4182-b604-d00fccd69412', 'ccd26a4a-75db-4182-b604-d00fccd69412', 'ccd26a4a-75db-4182-b604-d00fccd69412', 'ccd26a4a-75db-4182-b604-d00fccd69412', 'ccd26a4a-75db-4182-b604-d00fccd69412', 'ccd26a4a-75db-4182-b604-d00fccd69412', 'ccd26a4a-75db-4182-b604-d00fccd69412', 'ccd26a4a-75db-4182-b604-d00fccd69412', 'ccd26a4a-75db-4182-b604-d00fccd69412', 'ccd26a4a-75db-4182-b604-d00fccd69412', 'ccd26a4a-75db-4182-b604-d00fccd69412', 'ccd26a4a-75db-4182-b604-d00fccd69412', 'ccd26a4a-75db-4182-b604-d00fccd69412', 'ccd26a4a-75db-4182-b604-d00fccd69412', 'ccd26a4a-75db-4182-b604-d00fccd69412', 'ccd26a4a-75db-4182-b604-d00fccd69412', 'ccd26a4a-75db-4182-b604-d00fccd69412', 'ccd26a4a-75db-4182-b604-d00fccd69412', 'ccd26a4a-75db-4182-b604-d00fccd69412', 'ccd26a4a-75db-4182-b604-d00fccd69412', 'ccd26a4a-75db-4182-b604-d00fccd69412', 'ccd26a4a-75db-4182-b604-d00fccd69412', 'ccd26a4a-75db-4182-b604-d00fccd69412', 'ccd26a4a-75db-4182-b604-d00fccd69412', 'ccd26a4a-75db-4182-b604-d00fccd69412', 'c33b7073-e968-44e8-bee5-64ab76e81fdd', 'be70d48a-f71c-4534-a66c-2ea6e9585d34', '7980669f-8dd1-4395-b5d5-86dd20a1d622', '369e0687-1633-4543-b1e9-3a7b80cf88ec', '88485f67-4e94-4fe0-993e-cb5ae7c9927d', 'd2f26b73-6e24-44e4-89d1-1e2e00c2f9f7', '63740624-2d13-44f1-b3d6-cae26218d78c', 'fa40eaa8-c0da-485e-913c-5186e6589f3b', '8712fd4a-974a-4f76-b64d-aa20dfc13b5a', 'e4cbe3f9-617b-4366-944d-aa469d3f2a63', 'd7999933-c250-4d31-a1d2-40c94c78585c', 'd08cef80-7280-4c2e-b7dd-38cc742ffe03', '19a65725-7159-4e18-b950-d88b1ef6c740', '0167939d-9179-4fdb-805c-cfcc0b7f8836', '11ea1a38-e176-44c3-a737-769c35b088c4', 'a4c59b1c-3dd9-423a-bf3c-be8831f0d275', 'c5499801-46f2-4225-8ddc-6861fb10f295', '7f796bc9-e718-49b3-aeff-4850acbd71bc', '14441e11-a9b8-416c-9768-a8b9aea81194', 'f9e4d831-d997-4347-b90c-eee9fbe2752a', '5e1086c4-42d5-440e-a49f-2596fcae5776', '04d96c35-e1ca-4d37-aa28-1e35d5118f6c', '8c4ed35d-fc14-4521-8802-5cef88f8a6cf']"
810123fc-4e14-499d-b6b1-d7944948e672,4,"['4413d4b1-718c-4f7c-a83d-c6b15b2c3e92', '4413d4b1-718c-4f7c-a83d-c6b15b2c3e92', '4413d4b1-718c-4f7c-a83d-c6b15b2c3e92', '4413d4b1-718c-4f7c-a83d-c6b15b2c3e92', '4413d4b1-718c-4f7c-a83d-c6b15b2c3e92', '4413d4b1-718c-4f7c-a83d-c6b15b2c3e92', '4413d4b1-718c-4f7c-a83d-c6b15b2c3e92', '4413d4b1-718c-4f7c-a83d-c6b15b2c3e92', '4413d4b1-718c-4f7c-a83d-c6b15b2c3e92', '4413d4b1-718c-4f7c-a83d-c6b15b2c3e92', '4413d4b1-718c-4f7c-a83d-c6b15b2c3e92', '4413d4b1-718c-4f7c-a83d-c6b15b2c3e92', '4413d4b1-718c-4f7c-a83d-c6b15b2c3e92', '4413d4b1-718c-4f7c-a83d-c6b15b2c3e92', '4413d4b1-718c-4f7c-a83d-c6b15b2c3e92', '4413d4b1-718c-4f7c-a83d-c6b15b2c3e92', '4413d4b1-718c-4f7c-a83d-c6b15b2c3e92', '4413d4b1-718c-4f7c-a83d-c6b15b2c3e92', '4413d4b1-718c-4f7c-a83d-c6b15b2c3e92', '4413d4b1-718c-4f7c-a83d-c6b15b2c3e92', '4413d4b1-718c-4f7c-a83d-c6b15b2c3e92', '4413d4b1-718c-4f7c-a83d-c6b15b2c3e92', '4413d4b1-718c-4f7c-a83d-c6b15b2c3e92', '9f9da234-760e-410e-b984-a5bcbbf4792a', 'b2a158b2-7362-4a99-ba59-4e01f10123d6', '68825982-72ee-4785-bf7d-4abf8cf0a245', 'a9d9e6af-ba83-4915-a64c-1a5738bf6b36', 'c2662c5d-c4c3-440e-b2f4-646e15b9364c', 'b1a4bc54-39cc-49c4-9a27-5168d712be8f', '28c00045-6c61-47e9-89a9-2f4b3badad59', 'c86a9b37-cde4-4c20-9794-44df290f9b81', '95b5daef-3540-42bb-907a-e871c33e1c3b', 'd6d3a075-3802-4af1-8718-d6e317633cb8', '2b345377-2904-4b4c-ba4c-eda07a6d4c30', '2f9290ac-8bb0-4664-a2b1-de319275709b', 'b1128d3e-d57b-430a-b1b3-23e6514028e6', 'c1105361-11dc-492b-a7b0-c0cfef4de3ed', '74c1986a-acc6-41eb-a36e-314a9e5b6bc3', '7a58edb5-ae42-4a46-8167-6f4e1562a45b', 'f9a62a41-d07c-49cb-b9f5-c0a17bbb5ff2', 'd54c1a52-13df-4778-8041-4e167411b21d', '576d2b00-33f9-4055-9b0e-d33dbdb5cde0', '63a4047f-04fc-4982-b438-941d9725795a', '39d64d59-2f5f-4a3c-937a-3375cf8b9635', '3de9f8c1-6028-4fe8-a79f-169c3ca4370a', '7bd8594d-6531-4350-afb2-90318f853eac', '120c481a-bb6a-4b94-9c88-0d5977989b65', '86f71ae2-7827-49c5-b37a-4031884641a6', '8d31532a-4ca8-4321-873b-0263f1b970f3', 'bba011ae-588a-4481-9632-69fe7d14436b']"
34cfbdf5-3507-4887-9d4c-edf3c8808057,5,"['6638afd5-657e-4175-bb28-b2d250a13fe5', '6638afd5-657e-4175-bb28-b2d250a13fe5', '6638afd5-657e-4175-bb28-b2d250a13fe5', '6638afd5-657e-4175-bb28-b2d250a13fe5', '6638afd5-657e-4175-bb28-b2d250a13fe5', '6638afd5-657e-4175-bb28-b2d250a13fe5', '6638afd5-657e-4175-bb28-b2d250a13fe5', '6638afd5-657e-4175-bb28-b2d250a13fe5', '6638afd5-657e-4175-bb28-b2d250a13fe5', '6638afd5-657e-4175-bb28-b2d250a13fe5', '6638afd5-657e-4175-bb28-b2d250a13fe5', '6638afd5-657e-4175-bb28-b2d250a13fe5', '6638afd5-657e-4175-bb28-b2d250a13fe5', '6638afd5-657e-4175-bb28-b2d250a13fe5', '6638afd5-657e-4175-bb28-b2d250a13fe5', '6638afd5-657e-4175-bb28-b2d250a13fe5', '6638afd5-657e-4175-bb28-b2d250a13fe5', '6638afd5-657e-4175-bb28-b2d250a13fe5', '6638afd5-657e-4175-bb28-b2d250a13fe5', '6638afd5-657e-4175-bb28-b2d250a13fe5', '6638afd5-657e-4175-bb28-b2d250a13fe5', '6638afd5-657e-4175-bb28-b2d250a13fe5', '6638afd5-657e-4175-bb28-b2d250a13fe5', '78c12ebc-25ab-41fc-9b72-c9a4d8d2a66c', '303b65d9-10ab-4f8e-af6f-89992fb6889b', '9614c784-b208-438d-ad89-d5c4a368c370', '41df227b-b6a8-4208-b045-f0aa85a71b23', '2e3ae641-4bed-49e4-a3f6-2b4557ab6617', '2615a882-dee0-4ce1-b1c5-16f194fbd8e1', 'f6d1772c-1e11-4e14-bf84-f8e0122b4f73', '8b204a68-eb68-4c3b-995c-662d169e7a6a', '50f0b99f-ce05-455b-a096-86989f1710ed', '438e4697-f6cc-4f31-a31a-6f41342aa769', '7bfffc62-52be-48d3-8492-a713c24db7fe', 'bbdcb036-5613-454f-93f6-8862db88aff7', 'f0b51c1d-af04-456a-98f3-ca1245979781', 'c727beed-a3fa-46a2-93ed-9e181501f651', '839786af-d251-4373-873a-6fa567d8b83a', '27c12266-43b6-4733-b868-91049b0e8448', '9a256c85-04dd-4c4b-80ff-88de455dee9c', '27e54952-75ba-4b38-8e31-84775504ee3a', '4e9e38ba-e107-443b-a660-632beda99d5e', '5337fc9f-68b4-4d7a-a3d9-46d7ab7005f1', '3485360f-82e1-4c85-a122-e88a6d2c5051', '5acab4d7-61cf-4552-a874-86042eff2fbb', '1a8689f7-5346-48d9-a0c7-baf851e26ef5', '6275efd2-3e35-41de-8997-d36529915df6', 'd5d42cad-9115-4ad7-b306-a28c8acc3091', 'f1a77c8d-967f-4791-b0c0-b2d5ec167321', '313b5b3e-ff47-4e2b-96f9-c08468c8502e']"
8580418e-5d1f-4c82-ba71-b61321957642,6,"['8232331e-92de-4bb5-9640-2f34e957aa49', '8232331e-92de-4bb5-9640-2f34e957aa49', '8232331e-92de-4bb5-9640-2f34e957aa49', '8232331e-92de-4bb5-9640-2f34e957aa49', '8232331e-92de-4bb5-9640-2f34e957aa49', '8232331e-92de-4bb5-9640-2f34e957aa49', '8232331e-92de-4bb5-9640-2f34e957aa49', '8232331e-92de-4bb5-9640-2f34e957aa49', '8232331e-92de-4bb5-9640-2f34e957aa49', '8232331e-92de-4bb5-9640-2f34e957aa49', '8232331e-92de-4bb5-9640-2f34e957aa49', '8232331e-92de-4bb5-9640-2f34e957aa49', '8232331e-92de-4bb5-9640-2f34e957aa49', '8232331e-92de-4bb5-9640-2f34e957aa49', '8232331e-92de-4bb5-9640-2f34e957aa49', '8232331e-92de-4bb5-9640-2f34e957aa49', '8232331e-92de-4bb5-9640-2f34e957aa49', '8232331e-92de-4bb5-9640-2f34e957aa49', '8232331e-92de-4bb5-9640-2f34e957aa49', '8232331e-92de-4bb5-9640-2f34e957aa49', '8232331e-92de-4bb5-9640-2f34e957aa49', '8232331e-92de-4bb5-9640-2f34e957aa49', '8232331e-92de-4bb5-9640-2f34e957aa49', '8232331e-92de-4bb5-9640-2f34e957aa49', '8232331e-92de-4bb5-9640-2f34e957aa49', '8232331e-92de-4bb5-9640-2f34e957aa49', '8232331e-92de-4bb5-9640-2f34e957aa49', '8232331e-92de-4bb5-9640-2f34e957aa49', '8232331e-92de-4bb5-9640-2f34e957aa49', '8232331e-92de-4bb5-9640-2f34e957aa49', '8232331e-92de-4bb5-9640-2f34e957aa49', '8232331e-92de-4bb5-9640-2f34e957aa49', '8232331e-92de-4bb5-9640-2f34e957aa49', '8232331e-92de-4bb5-9640-2f34e957aa49', '8232331e-92de-4bb5-9640-2f34e957aa49', '8232331e-92de-4bb5-9640-2f34e957aa49', '8232331e-92de-4bb5-9640-2f34e957aa49', '8232331e-92de-4bb5-9640-2f34e957aa49', '8232331e-92de-4bb5-9640-2f34e957aa49', '8232331e-92de-4bb5-9640-2f34e957aa49', '8232331e-92de-4bb5-9640-2f34e957aa49', '8232331e-92de-4bb5-9640-2f34e957aa49', '36e4766e-844c-4ee4-a2e5-989063926370', '90df227e-8c37-4f30-a79c-3630c4ea9c60', '085f16bd-6b65-43ad-b714-5d0638fafe91', '3f89efe9-68dc-4f78-bb1f-946573fef5ce', '7321a0b0-919f-4dd8-9ee3-616ef2a16978', '20e66b2c-4efe-43a2-8f07-2c5469b519b9', 'f197e7f3-6f99-45bd-8de7-4ef76ace8d35', '853d0bf2-4e7a-4225-80f3-acb9b4685f42']"
63236085-74ee-47ff-9b11-5516e30bde07,5,"['782472b5-455c-4b0b-8cdc-fcd20da2c9ca', '782472b5-455c-4b0b-8cdc-fcd20da2c9ca', '782472b5-455c-4b0b-8cdc-fcd20da2c9ca', '782472b5-455c-4b0b-8cdc-fcd20da2c9ca', '782472b5-455c-4b0b-8cdc-fcd20da2c9ca', '782472b5-455c-4b0b-8cdc-fcd20da2c9ca', '782472b5-455c-4b0b-8cdc-fcd20da2c9ca', '782472b5-455c-4b0b-8cdc-fcd20da2c9ca', '782472b5-455c-4b0b-8cdc-fcd20da2c9ca', '782472b5-455c-4b0b-8cdc-fcd20da2c9ca', '782472b5-455c-4b0b-8cdc-fcd20da2c9ca', '782472b5-455c-4b0b-8cdc-fcd20da2c9ca', '782472b5-455c-4b0b-8cdc-fcd20da2c9ca', '782472b5-455c-4b0b-8cdc-fcd20da2c9ca', '782472b5-455c-4b0b-8cdc-fcd20da2c9ca', '782472b5-455c-4b0b-8cdc-fcd20da2c9ca', '782472b5-455c-4b0b-8cdc-fcd20da2c9ca', '782472b5-455c-4b0b-8cdc-fcd20da2c9ca', '782472b5-455c-4b0b-8cdc-fcd20da2c9ca', '782472b5-455c-4b0b-8cdc-fcd20da2c9ca', '782472b5-455c-4b0b-8cdc-fcd20da2c9ca', '782472b5-455c-4b0b-8cdc-fcd20da2c9ca', '6a2ca53b-a6fd-4f8e-9548-67a8a3794850', 'dea6b9e4-6205-4a16-8bbf-ec72e616a3db', 'ec738bee-a2fb-4be9-816e-585d69b47422', 'c93b8aef-c49d-4ecc-a04b-aa84b3c1f97a', '31828f29-e343-459f-ac5e-a8cae54f1e71', '756b3113-db48-497e-a04a-46dc9c076de5', '6dab53c6-713a-4aa7-bb38-67c406983558', '7e59455e-4224-463f-8dc1-58077a7ca0c3', '4cff3b63-cb5c-4d44-b194-204f27311096', '2eaa6200-e574-4d77-8a0a-9b33d514586c', '5a478c21-b553-43b8-b4cf-914c9e692e22', '2cbc590a-0570-4c59-b62e-a2571fabfc90', '267dbd58-9ce0-4c8f-9644-4447eb915fc9', 'a1a7a098-ff92-4707-9ad8-dd3be9ba936a', 'ef5ddbdc-464e-4ab9-9b39-200b6f1dabf0', 'd603fa0f-01a2-4108-8610-c69099fab037', 'f349fa4c-6e9b-4b3b-89b4-5f46aa77d58a', '0b4c4a28-6f9b-4e8d-b14d-162cb065fe2a', '9a36a263-4912-4888-a89f-33ed42431bfc', 'ea949a43-7a7e-4e45-ad12-1a2b1c42af45', '9e50ad02-20fe-41fc-9bd6-2fafeaa810f5', '61001436-00e0-4ac8-be30-b0ae91993ead', '2ab4d987-06aa-4646-806a-567c5d4294dd', 'c4c90e49-e660-44f4-b907-13b9c1aa0449', '294c742a-89ec-4486-b252-202e4506eb3b', 'c13b686f-1e64-4495-99c0-d4d222a56362', 'e4607818-fe2d-4df7-8a40-e207b1c3baeb', '1a4dcbe6-4bed-4864-b1d1-0a3c1ce1a6cc']"
f4ec4b45-5d3a-45c8-a84a-4a4b8d9e5e85,5,"['874e4772-6909-4387-93b2-d67ac2b001d8', '874e4772-6909-4387-93b2-d67ac2b001d8', '874e4772-6909-4387-93b2-d67ac2b001d8', '874e4772-6909-4387-93b2-d67ac2b001d8', '874e4772-6909-4387-93b2-d67ac2b001d8', '874e4772-6909-4387-93b2-d67ac2b001d8', '874e4772-6909-4387-93b2-d67ac2b001d8', '874e4772-6909-4387-93b2-d67ac2b001d8', '874e4772-6909-4387-93b2-d67ac2b001d8', '874e4772-6909-4387-93b2-d67ac2b001d8', '874e4772-6909-4387-93b2-d67ac2b001d8', '874e4772-6909-4387-93b2-d67ac2b001d8', '874e4772-6909-4387-93b2-d67ac2b001d8', '874e4772-6909-4387-93b2-d67ac2b001d8', '874e4772-6909-4387-93b2-d67ac2b001d8', '874e4772-6909-4387-93b2-d67ac2b001d8', '874e4772-6909-4387-93b2-d67ac2b001d8', '874e4772-6909-4387-93b2-d67ac2b001d8', '874e4772-6909-4387-93b2-d67ac2b001d8', '874e4772-6909-4387-93b2-d67ac2b001d8', '874e4772-6909-4387-93b2-d67ac2b001d8', '874e4772-6909-4387-93b2-d67ac2b001d8', '874e4772-6909-4387-93b2-d67ac2b001d8', '874e4772-6909-4387-93b2-d67ac2b001d8', '874e4772-6909-4387-93b2-d67ac2b001d8', '874e4772-6909-4387-93b2-d67ac2b001d8', '874e4772-6909-4387-93b2-d67ac2b001d8', '874e4772-6909-4387-93b2-d67ac2b001d8', '874e4772-6909-4387-93b2-d67ac2b001d8', '874e4772-6909-4387-93b2-d67ac2b001d8', '874e4772-6909-4387-93b2-d67ac2b001d8', '874e4772-6909-4387-93b2-d67ac2b001d8', '874e4772-6909-4387-93b2-d67ac2b001d8', '874e4772-6909-4387-93b2-d67ac2b001d8', '874e4772-6909-4387-93b2-d67ac2b001d8', '874e4772-6909-4387-93b2-d67ac2b001d8', '874e4772-6909-4387-93b2-d67ac2b001d8', '874e4772-6909-4387-93b2-d67ac2b001d8', '09da4e32-8a4c-4522-94c5-4789748b8b16', '907f4a00-c1f7-4ec4-b606-e4bb6b3fdf0a', '035350ec-ecf3-4bd3-988c-be8f0df56bfb', '9c341445-af9e-4d34-bb05-f5e2d7c7cff7', '5b30a6fb-8152-43b5-84ed-c2f1a7b6e86f', 'dffff9df-01d4-482e-b558-dacbc908cafa', 'eec15a4e-b8b9-4eea-8a87-9c5fc5bb6873', 'ad9069a8-d466-4e90-aa67-1563a548ea5a', '109c0350-7077-4d41-b8ac-2afc6059bc98', '82866155-b925-43f2-b9ad-a2f92411d620', 'd500cf41-f35d-47a6-b81f-1cde1c582ac1', 'a9b321b7-ebe9-47be-b5c5-323964218567']"
e0d70f86-dd6b-4504-b0c0-1173b324f3dc,4,"['ccd26a4a-75db-4182-b604-d00fccd69412', 'ccd26a4a-75db-4182-b604-d00fccd69412', 'ccd26a4a-75db-4182-b604-d00fccd69412', 'ccd26a4a-75db-4182-b604-d00fccd69412', 'ccd26a4a-75db-4182-b604-d00fccd69412', 'ccd26a4a-75db-4182-b604-d00fccd69412', 'ccd26a4a-75db-4182-b604-d00fccd69412', 'ccd26a4a-75db-4182-b604-d00fccd69412', 'ccd26a4a-75db-4182-b604-d00fccd69412', 'ccd26a4a-75db-4182-b604-d00fccd69412', 'ccd26a4a-75db-4182-b604-d00fccd69412', 'ccd26a4a-75db-4182-b604-d00fccd69412', 'ccd26a4a-75db-4182-b604-d00fccd69412', 'ccd26a4a-75db-4182-b604-d00fccd69412', 'ccd26a4a-75db-4182-b604-d00fccd69412', 'ccd26a4a-75db-4182-b604-d00fccd69412', 'ccd26a4a-75db-4182-b604-d00fccd69412', 'ccd26a4a-75db-4182-b604-d00fccd69412', 'ccd26a4a-75db-4182-b604-d00fccd69412', 'ccd26a4a-75db-4182-b604-d00fccd69412', 'ccd26a4a-75db-4182-b604-d00fccd69412', 'c33b7073-e968-44e8-bee5-64ab76e81fdd', 'be70d48a-f71c-4534-a66c-2ea6e9585d34', '88485f67-4e94-4fe0-993e-cb5ae7c9927d', 'd2f26b73-6e24-44e4-89d1-1e2e00c2f9f7', '63740624-2d13-44f1-b3d6-cae26218d78c', 'fa40eaa8-c0da-485e-913c-5186e6589f3b', '8712fd4a-974a-4f76-b64d-aa20dfc13b5a', 'e4cbe3f9-617b-4366-944d-aa469d3f2a63', 'd08cef80-7280-4c2e-b7dd-38cc742ffe03', '19a65725-7159-4e18-b950-d88b1ef6c740', '0167939d-9179-4fdb-805c-cfcc0b7f8836', '11ea1a38-e176-44c3-a737-769c35b088c4', 'a4c59b1c-3dd9-423a-bf3c-be8831f0d275', 'c5499801-46f2-4225-8ddc-6861fb10f295', '7f796bc9-e718-49b3-aeff-4850acbd71bc', '14441e11-a9b8-416c-9768-a8b9aea81194', 'f9e4d831-d997-4347-b90c-eee9fbe2752a', '5e1086c4-42d5-440e-a49f-2596fcae5776', '04d96c35-e1ca-4d37-aa28-1e35d5118f6c', '8c4ed35d-fc14-4521-8802-5cef88f8a6cf', '1a123041-9e7e-48b8-bfcb-8ef48057e7dc', '09b39863-1aff-4182-bc29-cd7a9e6c1853', 'c3330d14-3bf2-415b-bd2b-3162a1f70b75', '60c53ceb-3843-4898-88d7-d9f59077c157', 'bf40e9b9-6ea8-4290-8904-45565fc58223', 'bffa19d5-1301-4d8e-b5e8-3e16fd571bf0', 'bf815961-61dd-4fee-b355-1c4ada9dc39f', 'c54a8e48-6ea4-44c2-9996-153524bd40ba', '4b7c4c74-da13-4a71-a57f-b7956d4ee369']"
34cfbdf5-3507-4887-9d4c-edf3c8808057,6,"['6638afd5-657e-4175-bb28-b2d250a13fe5', '6638afd5-657e-4175-bb28-b2d250a13fe5', '6638afd5-657e-4175-bb28-b2d250a13fe5', '6638afd5-657e-4175-bb28-b2d250a13fe5', '6638afd5-657e-4175-bb28-b2d250a13fe5', '6638afd5-657e-4175-bb28-b2d250a13fe5', '6638afd5-657e-4175-bb28-b2d250a13fe5', '6638afd5-657e-4175-bb28-b2d250a13fe5', '6638afd5-657e-4175-bb28-b2d250a13fe5', '6638afd5-657e-4175-bb28-b2d250a13fe5', '6638afd5-657e-4175-bb28-b2d250a13fe5', '6638afd5-657e-4175-bb28-b2d250a13fe5', '6638afd5-657e-4175-bb28-b2d250a13fe5', '6638afd5-657e-4175-bb28-b2d250a13fe5', '6638afd5-657e-4175-bb28-b2d250a13fe5', '6638afd5-657e-4175-bb28-b2d250a13fe5', '6638afd5-657e-4175-bb28-b2d250a13fe5', '6638afd5-657e-4175-bb28-b2d250a13fe5', '6638afd5-657e-4175-bb28-b2d250a13fe5', '6638afd5-657e-4175-bb28-b2d250a13fe5', '6638afd5-657e-4175-bb28-b2d250a13fe5', '6638afd5-657e-4175-bb28-b2d250a13fe5', '6638afd5-657e-4175-bb28-b2d250a13fe5', '6638afd5-657e-4175-bb28-b2d250a13fe5', '6638afd5-657e-4175-bb28-b2d250a13fe5', '6638afd5-657e-4175-bb28-b2d250a13fe5', '6638afd5-657e-4175-bb28-b2d250a13fe5', '6638afd5-657e-4175-bb28-b2d250a13fe5', '6638afd5-657e-4175-bb28-b2d250a13fe5', '6638afd5-657e-4175-bb28-b2d250a13fe5', '6638afd5-657e-4175-bb28-b2d250a13fe5', '6638afd5-657e-4175-bb28-b2d250a13fe5', '6638afd5-657e-4175-bb28-b2d250a13fe5', '6638afd5-657e-4175-bb28-b2d250a13fe5', '6638afd5-657e-4175-bb28-b2d250a13fe5', '6638afd5-657e-4175-bb28-b2d250a13fe5', '6638afd5-657e-4175-bb28-b2d250a13fe5', '6638afd5-657e-4175-bb28-b2d250a13fe5', '6638afd5-657e-4175-bb28-b2d250a13fe5', '6638afd5-657e-4175-bb28-b2d250a13fe5', '6638afd5-657e-4175-bb28-b2d250a13fe5', '6638afd5-657e-4175-bb28-b2d250a13fe5', '6638afd5-657e-4175-bb28-b2d250a13fe5', '6638afd5-657e-4175-bb28-b2d250a13fe5', 'bae7907b-4d3f-48b8-9535-c40051452020', 'edabf63d-f5e3-46ab-a253-db0815ec4579', 'a67aa260-9b04-4aba-ab1e-5590a1b50bca', 'c1547e7d-6caf-41b4-94f7-8dd6bd57a614', 'd2953d8d-a601-4de6-8bfa-8fc7149c7f9b', 'a61fb0f4-6511-4c0c-a448-7db2aecfc11b']"
810123fc-4e14-499d-b6b1-d7944948e672,5,"['4413d4b1-718c-4f7c-a83d-c6b15b2c3e92', '4413d4b1-718c-4f7c-a83d-c6b15b2c3e92', '4413d4b1-718c-4f7c-a83d-c6b15b2c3e92', '4413d4b1-718c-4f7c-a83d-c6b15b2c3e92', '4413d4b1-718c-4f7c-a83d-c6b15b2c3e92', '4413d4b1-718c-4f7c-a83d-c6b15b2c3e92', '4413d4b1-718c-4f7c-a83d-c6b15b2c3e92', '4413d4b1-718c-4f7c-a83d-c6b15b2c3e92', '4413d4b1-718c-4f7c-a83d-c6b15b2c3e92', '4413d4b1-718c-4f7c-a83d-c6b15b2c3e92', '4413d4b1-718c-4f7c-a83d-c6b15b2c3e92', '4413d4b1-718c-4f7c-a83d-c6b15b2c3e92', '4413d4b1-718c-4f7c-a83d-c6b15b2c3e92', '4413d4b1-718c-4f7c-a83d-c6b15b2c3e92', '4413d4b1-718c-4f7c-a83d-c6b15b2c3e92', '4413d4b1-718c-4f7c-a83d-c6b15b2c3e92', '4413d4b1-718c-4f7c-a83d-c6b15b2c3e92', '4413d4b1-718c-4f7c-a83d-c6b15b2c3e92', '4413d4b1-718c-4f7c-a83d-c6b15b2c3e92', '4413d4b1-718c-4f7c-a83d-c6b15b2c3e92', '4413d4b1-718c-4f7c-a83d-c6b15b2c3e92', '4413d4b1-718c-4f7c-a83d-c6b15b2c3e92', '4413d4b1-718c-4f7c-a83d-c6b15b2c3e92', '4413d4b1-718c-4f7c-a83d-c6b15b2c3e92', '4413d4b1-718c-4f7c-a83d-c6b15b2c3e92', '4413d4b1-718c-4f7c-a83d-c6b15b2c3e92', '4413d4b1-718c-4f7c-a83d-c6b15b2c3e92', '4413d4b1-718c-4f7c-a83d-c6b15b2c3e92', '4413d4b1-718c-4f7c-a83d-c6b15b2c3e92', '4413d4b1-718c-4f7c-a83d-c6b15b2c3e92', '4413d4b1-718c-4f7c-a83d-c6b15b2c3e92', '4413d4b1-718c-4f7c-a83d-c6b15b2c3e92', '4413d4b1-718c-4f7c-a83d-c6b15b2c3e92', '4413d4b1-718c-4f7c-a83d-c6b15b2c3e92', '4413d4b1-718c-4f7c-a83d-c6b15b2c3e92', '4413d4b1-718c-4f7c-a83d-c6b15b2c3e92', '4413d4b1-718c-4f7c-a83d-c6b15b2c3e92', '4413d4b1-718c-4f7c-a83d-c6b15b2c3e92', '51895cb5-e86a-4fca-95bc-04f85c18b3fa', 'cde080ff-a492-4dfb-bcd5-739241633f22', 'e1de500b-17c2-461c-8180-3709c1233d75', '371aea1c-542b-4866-900f-e8f65e0ddc22', '02cf1a1c-8a82-4203-9ea3-6ec5409e785f', 'e7be282d-60e1-4cdf-b215-c28402d50604', '3617f8a2-ffa1-4d0d-8368-74b8a3cadc8b', '9f30dbad-fa63-44ad-a883-eca96c4c6a10', '3b69a37a-aded-4006-9868-f079f81fca29', '1d233b52-51a6-4ad0-b349-c00dd6925f95', 'fd71f555-4d12-4239-957b-a1d55ca19c4a', 'a2d1f2a1-c044-40e3-8a21-6669cf3e57ce']"
8580418e-5d1f-4c82-ba71-b61321957642,7,"['8232331e-92de-4bb5-9640-2f34e957aa49', '8232331e-92de-4bb5-9640-2f34e957aa49', '8232331e-92de-4bb5-9640-2f34e957aa49', '8232331e-92de-4bb5-9640-2f34e957aa49', '8232331e-92de-4bb5-9640-2f34e957aa49', '8232331e-92de-4bb5-9640-2f34e957aa49', '8232331e-92de-4bb5-9640-2f34e957aa49', '8232331e-92de-4bb5-9640-2f34e957aa49', '8232331e-92de-4bb5-9640-2f34e957aa49', '8232331e-92de-4bb5-9640-2f34e957aa49', '8232331e-92de-4bb5-9640-2f34e957aa49', '8232331e-92de-4bb5-9640-2f34e957aa49', '8232331e-92de-4bb5-9640-2f34e957aa49', '8232331e-92de-4bb5-9640-2f34e957aa49', '8232331e-92de-4bb5-9640-2f34e957aa49', '8232331e-92de-4bb5-9640-2f34e957aa49', '8232331e-92de-4bb5-9640-2f34e957aa49', '8232331e-92de-4bb5-9640-2f34e957aa49', '8232331e-92de-4bb5-9640-2f34e957aa49', '8232331e-92de-4bb5-9640-2f34e957aa49', '8232331e-92de-4bb5-9640-2f34e957aa49', '8232331e-92de-4bb5-9640-2f34e957aa49', '8232331e-92de-4bb5-9640-2f34e957aa49', '8232331e-92de-4bb5-9640-2f34e957aa49', '8232331e-92de-4bb5-9640-2f34e957aa49', '8232331e-92de-4bb5-9640-2f34e957aa49', '8232331e-92de-4bb5-9640-2f34e957aa49', '8232331e-92de-4bb5-9640-2f34e957aa49', '8232331e-92de-4bb5-9640-2f34e957aa49', '8232331e-92de-4bb5-9640-2f34e957aa49', '8232331e-92de-4bb5-9640-2f34e957aa49', '8232331e-92de-4bb5-9640-2f34e957aa49', '8232331e-92de-4bb5-9640-2f34e957aa49', '8232331e-92de-4bb5-9640-2f34e957aa49', '36e4766e-844c-4ee4-a2e5-989063926370', '90df227e-8c37-4f30-a79c-3630c4ea9c60', '085f16bd-6b65-43ad-b714-5d0638fafe91', '3f89efe9-68dc-4f78-bb1f-946573fef5ce', '20e66b2c-4efe-43a2-8f07-2c5469b519b9', 'f197e7f3-6f99-45bd-8de7-4ef76ace8d35', '853d0bf2-4e7a-4225-80f3-acb9b4685f42', '7dd49dde-3a30-4264-9efc-8d691d323b4e', '6c71f732-26d1-408b-8cf5-5b7710be661e', 'b887e2e6-ef1f-4ba7-844e-6b99b27522b3', 'faf07219-9c7a-495a-b7d5-edbd827dce32', '6442faf3-b881-48fe-82f3-efb3895637dc', '6f38f5b7-b058-4c5c-a4d4-20262d7c1098', 'efb615df-d3cc-4812-b817-c1159d2ed0f4', '548c11f0-2659-4228-a7e1-eeaacb78e7c6', 'b26769b3-710b-4bd6-90c6-362e2323e571']"
f4ec4b45-5d3a-45c8-a84a-4a4b8d9e5e85,6,"['874e4772-6909-4387-93b2-d67ac2b001d8', '874e4772-6909-4387-93b2-d67ac2b001d8', '874e4772-6909-4387-93b2-d67ac2b001d8', '874e4772-6909-4387-93b2-d67ac2b001d8', '874e4772-6909-4387-93b2-d67ac2b001d8', '874e4772-6909-4387-93b2-d67ac2b001d8', '874e4772-6909-4387-93b2-d67ac2b001d8', '874e4772-6909-4387-93b2-d67ac2b001d8', '874e4772-6909-4387-93b2-d67ac2b001d8', '874e4772-6909-4387-93b2-d67ac2b001d8', '874e4772-6909-4387-93b2-d67ac2b001d8', '874e4772-6909-4387-93b2-d67ac2b001d8', '874e4772-6909-4387-93b2-d67ac2b001d8', '874e4772-6909-4387-93b2-d67ac2b001d8', '874e4772-6909-4387-93b2-d67ac2b001d8', '874e4772-6909-4387-93b2-d67ac2b001d8', '874e4772-6909-4387-93b2-d67ac2b001d8', '874e4772-6909-4387-93b2-d67ac2b001d8', '874e4772-6909-4387-93b2-d67ac2b001d8', '874e4772-6909-4387-93b2-d67ac2b001d8', '874e4772-6909-4387-93b2-d67ac2b001d8', '874e4772-6909-4387-93b2-d67ac2b001d8', '874e4772-6909-4387-93b2-d67ac2b001d8', '874e4772-6909-4387-93b2-d67ac2b001d8', '874e4772-6909-4387-93b2-d67ac2b001d8', '874e4772-6909-4387-93b2-d67ac2b001d8', '874e4772-6909-4387-93b2-d67ac2b001d8', '874e4772-6909-4387-93b2-d67ac2b001d8', '874e4772-6909-4387-93b2-d67ac2b001d8', '874e4772-6909-4387-93b2-d67ac2b001d8', '874e4772-6909-4387-93b2-d67ac2b001d8', '874e4772-6909-4387-93b2-d67ac2b001d8', '09da4e32-8a4c-4522-94c5-4789748b8b16', '907f4a00-c1f7-4ec4-b606-e4bb6b3fdf0a', '5b30a6fb-8152-43b5-84ed-c2f1a7b6e86f', 'eec15a4e-b8b9-4eea-8a87-9c5fc5bb6873', 'ad9069a8-d466-4e90-aa67-1563a548ea5a', '109c0350-7077-4d41-b8ac-2afc6059bc98', 'd500cf41-f35d-47a6-b81f-1cde1c582ac1', 'a9b321b7-ebe9-47be-b5c5-323964218567', 'a25c80ba-a92e-4bf2-a1be-4f71209fd26f', 'a87fa558-1663-44fc-995b-30f7e95229ff', 'e70e73eb-2db4-4373-b4bf-937902654a11', 'c70c6cf0-53ed-4a71-a088-c37aa03db03c', '3c737c52-aa9b-4d6f-836e-62b0e1a726a0', 'dd5c3004-adc3-49f8-bfb0-b22944cc9f08', '83bfcd74-3b1f-4735-8cf1-69615f25c75b', '2c7846f4-600a-4434-ab85-46a3f2a109cb', '8de60787-e73b-47b8-bc4b-16fddd881038', '8b49fd21-3a93-4ba3-9c22-aa43a1eb0149']"
63236085-74ee-47ff-9b11-5516e30bde07,6,"['c4c90e49-e660-44f4-b907-13b9c1aa0449', 'c4c90e49-e660-44f4-b907-13b9c1aa0449', 'c4c90e49-e660-44f4-b907-13b9c1aa0449', 'c4c90e49-e660-44f4-b907-13b9c1aa0449', 'c4c90e49-e660-44f4-b907-13b9c1aa0449', 'c4c90e49-e660-44f4-b907-13b9c1aa0449', 'c4c90e49-e660-44f4-b907-13b9c1aa0449', 'c4c90e49-e660-44f4-b907-13b9c1aa0449', 'c4c90e49-e660-44f4-b907-13b9c1aa0449', 'c4c90e49-e660-44f4-b907-13b9c1aa0449', 'c4c90e49-e660-44f4-b907-13b9c1aa0449', 'c4c90e49-e660-44f4-b907-13b9c1aa0449', 'c4c90e49-e660-44f4-b907-13b9c1aa0449', 'c4c90e49-e660-44f4-b907-13b9c1aa0449', 'c4c90e49-e660-44f4-b907-13b9c1aa0449', 'c4c90e49-e660-44f4-b907-13b9c1aa0449', 'c4c90e49-e660-44f4-b907-13b9c1aa0449', 'c4c90e49-e660-44f4-b907-13b9c1aa0449', 'c4c90e49-e660-44f4-b907-13b9c1aa0449', 'c4c90e49-e660-44f4-b907-13b9c1aa0449', 'c4c90e49-e660-44f4-b907-13b9c1aa0449', 'c4c90e49-e660-44f4-b907-13b9c1aa0449', 'c4c90e49-e660-44f4-b907-13b9c1aa0449', 'c4c90e49-e660-44f4-b907-13b9c1aa0449', 'c4c90e49-e660-44f4-b907-13b9c1aa0449', 'c4c90e49-e660-44f4-b907-13b9c1aa0449', 'c4c90e49-e660-44f4-b907-13b9c1aa0449', 'c4c90e49-e660-44f4-b907-13b9c1aa0449', 'c4c90e49-e660-44f4-b907-13b9c1aa0449', 'c4c90e49-e660-44f4-b907-13b9c1aa0449', 'c4c90e49-e660-44f4-b907-13b9c1aa0449', 'c4c90e49-e660-44f4-b907-13b9c1aa0449', 'c4c90e49-e660-44f4-b907-13b9c1aa0449', 'c4c90e49-e660-44f4-b907-13b9c1aa0449', 'c4c90e49-e660-44f4-b907-13b9c1aa0449', 'c4c90e49-e660-44f4-b907-13b9c1aa0449', 'c4c90e49-e660-44f4-b907-13b9c1aa0449', 'c4c90e49-e660-44f4-b907-13b9c1aa0449', 'c4c90e49-e660-44f4-b907-13b9c1aa0449', 'ea4e9c29-9fd3-4545-a9e9-0b29df718143', 'b2244984-6eac-4b53-ae58-960449ca0667', '22474865-eec8-4cb1-8c1a-e0554a298862', '70ed39c9-50f6-4fad-b38f-856f28997996', '37c8b97c-d87f-4f60-8bf8-9d7431b9aad0', 'b27ff9a8-eaa7-4078-a572-44a8cc132b76', 'e3c393e3-16a7-49dd-93ac-e92dfd0071e2', '0737ff4b-c04d-46e7-a842-9b0beb29bca4', '8e3e16f1-e397-46dc-88ac-f54c1381fc45', 'b8d6a1fa-2074-4eec-8521-174dc1cc0f5c', '53fc05ff-d922-4e77-96cb-f242d867d503']"
e0d70f86-dd6b-4504-b0c0-1173b324f3dc,5,"['ccd26a4a-75db-4182-b604-d00fccd69412', 'ccd26a4a-75db-4182-b604-d00fccd69412', 'ccd26a4a-75db-4182-b604-d00fccd69412', 'ccd26a4a-75db-4182-b604-d00fccd69412', 'ccd26a4a-75db-4182-b604-d00fccd69412', 'ccd26a4a-75db-4182-b604-d00fccd69412', 'ccd26a4a-75db-4182-b604-d00fccd69412', 'ccd26a4a-75db-4182-b604-d00fccd69412', 'ccd26a4a-75db-4182-b604-d00fccd69412', 'ccd26a4a-75db-4182-b604-d00fccd69412', 'ccd26a4a-75db-4182-b604-d00fccd69412', 'ccd26a4a-75db-4182-b604-d00fccd69412', 'ccd26a4a-75db-4182-b604-d00fccd69412', 'ccd26a4a-75db-4182-b604-d00fccd69412', 'ccd26a4a-75db-4182-b604-d00fccd69412', 'ccd26a4a-75db-4182-b604-d00fccd69412', 'ccd26a4a-75db-4182-b604-d00fccd69412', 'ccd26a4a-75db-4182-b604-d00fccd69412', 'ccd26a4a-75db-4182-b604-d00fccd69412', 'ccd26a4a-75db-4182-b604-d00fccd69412', 'ccd26a4a-75db-4182-b604-d00fccd69412', 'ccd26a4a-75db-4182-b604-d00fccd69412', 'ccd26a4a-75db-4182-b604-d00fccd69412', 'ccd26a4a-75db-4182-b604-d00fccd69412', 'ccd26a4a-75db-4182-b604-d00fccd69412', 'ccd26a4a-75db-4182-b604-d00fccd69412', 'ccd26a4a-75db-4182-b604-d00fccd69412', 'ccd26a4a-75db-4182-b604-d00fccd69412', 'ccd26a4a-75db-4182-b604-d00fccd69412', 'ccd26a4a-75db-4182-b604-d00fccd69412', 'ccd26a4a-75db-4182-b604-d00fccd69412', 'ccd26a4a-75db-4182-b604-d00fccd69412', 'ccd26a4a-75db-4182-b604-d00fccd69412', 'ccd26a4a-75db-4182-b604-d00fccd69412', 'ccd26a4a-75db-4182-b604-d00fccd69412', 'ccd26a4a-75db-4182-b604-d00fccd69412', 'ccd26a4a-75db-4182-b604-d00fccd69412', 'ccd26a4a-75db-4182-b604-d00fccd69412', '4f51926b-0ee0-48c2-915a-d1793e4f97e4', '2ad7f4b6-91ac-4cb9-9065-ee5de29df0e1', '8ea27091-aba4-4d94-b6d2-2b5386f558b9', 'bad3ef09-7d49-4f1c-a227-84dbbf86d7b3', 'b1477bf2-202a-474d-ab47-124e17dab0c5', 'f4649814-947c-4c3d-93ce-84424c1431da', '2e13cb42-7b91-4fcf-a89d-c07df99bd1d3', 'de45803d-1ca8-4157-a98c-088f33b33d5b', '260ea8ff-f772-4c96-ad4d-336dd7768f51', 'fbf2c026-e111-4280-ba4b-b9c75710d837', '0fdb198e-b825-41f5-84f6-74cddbcb40cd', '49708b94-4725-41c9-81fb-4b16a61b8d32']"
34cfbdf5-3507-4887-9d4c-edf3c8808057,7,"['6638afd5-657e-4175-bb28-b2d250a13fe5', '6638afd5-657e-4175-bb28-b2d250a13fe5', '6638afd5-657e-4175-bb28-b2d250a13fe5', '6638afd5-657e-4175-bb28-b2d250a13fe5', '6638afd5-657e-4175-bb28-b2d250a13fe5', '6638afd5-657e-4175-bb28-b2d250a13fe5', '6638afd5-657e-4175-bb28-b2d250a13fe5', '6638afd5-657e-4175-bb28-b2d250a13fe5', '6638afd5-657e-4175-bb28-b2d250a13fe5', '6638afd5-657e-4175-bb28-b2d250a13fe5', '6638afd5-657e-4175-bb28-b2d250a13fe5', '6638afd5-657e-4175-bb28-b2d250a13fe5', '6638afd5-657e-4175-bb28-b2d250a13fe5', '6638afd5-657e-4175-bb28-b2d250a13fe5', '6638afd5-657e-4175-bb28-b2d250a13fe5', '6638afd5-657e-4175-bb28-b2d250a13fe5', '6638afd5-657e-4175-bb28-b2d250a13fe5', '6638afd5-657e-4175-bb28-b2d250a13fe5', '6638afd5-657e-4175-bb28-b2d250a13fe5', '6638afd5-657e-4175-bb28-b2d250a13fe5', '6638afd5-657e-4175-bb28-b2d250a13fe5', '6638afd5-657e-4175-bb28-b2d250a13fe5', '6638afd5-657e-4175-bb28-b2d250a13fe5', '6638afd5-657e-4175-bb28-b2d250a13fe5', '6638afd5-657e-4175-bb28-b2d250a13fe5', '6638afd5-657e-4175-bb28-b2d250a13fe5', '6638afd5-657e-4175-bb28-b2d250a13fe5', '6638afd5-657e-4175-bb28-b2d250a13fe5', '6638afd5-657e-4175-bb28-b2d250a13fe5', '6638afd5-657e-4175-bb28-b2d250a13fe5', '6638afd5-657e-4175-bb28-b2d250a13fe5', '6638afd5-657e-4175-bb28-b2d250a13fe5', '6638afd5-657e-4175-bb28-b2d250a13fe5', '6638afd5-657e-4175-bb28-b2d250a13fe5', '6638afd5-657e-4175-bb28-b2d250a13fe5', '6638afd5-657e-4175-bb28-b2d250a13fe5', 'bae7907b-4d3f-48b8-9535-c40051452020', 'edabf63d-f5e3-46ab-a253-db0815ec4579', 'a67aa260-9b04-4aba-ab1e-5590a1b50bca', 'c1547e7d-6caf-41b4-94f7-8dd6bd57a614', 'a61fb0f4-6511-4c0c-a448-7db2aecfc11b', '41d79e2c-a944-4c5a-8df0-d1674d8f4f40', '94dc486b-2968-49a4-8841-ef3917fabfa4', 'b982b66a-d8b3-449c-9a3f-835031813ecc', 'ec2c6fcf-88cb-492c-a635-b3633cc05442', '0da9f34a-eab3-47a8-b8ae-0df67f2e6cec', '7b542f60-d45e-4ff1-b0ba-298216682a6f', '470eeeea-5282-47da-8de2-f4fe2b32b95d', '003676c1-dfa0-4e3a-886b-f310eaeb38de', 'e39d2dac-193a-419f-8d20-7260bc154267']"
8580418e-5d1f-4c82-ba71-b61321957642,8,"['8232331e-92de-4bb5-9640-2f34e957aa49', '8232331e-92de-4bb5-9640-2f34e957aa49', '8232331e-92de-4bb5-9640-2f34e957aa49', '8232331e-92de-4bb5-9640-2f34e957aa49', '8232331e-92de-4bb5-9640-2f34e957aa49', '8232331e-92de-4bb5-9640-2f34e957aa49', '8232331e-92de-4bb5-9640-2f34e957aa49', '8232331e-92de-4bb5-9640-2f34e957aa49', '8232331e-92de-4bb5-9640-2f34e957aa49', '8232331e-92de-4bb5-9640-2f34e957aa49', '8232331e-92de-4bb5-9640-2f34e957aa49', '8232331e-92de-4bb5-9640-2f34e957aa49', '8232331e-92de-4bb5-9640-2f34e957aa49', '8232331e-92de-4bb5-9640-2f34e957aa49', '8232331e-92de-4bb5-9640-2f34e957aa49', '8232331e-92de-4bb5-9640-2f34e957aa49', '8232331e-92de-4bb5-9640-2f34e957aa49', '8232331e-92de-4bb5-9640-2f34e957aa49', '8232331e-92de-4bb5-9640-2f34e957aa49', '8232331e-92de-4bb5-9640-2f34e957aa49', '8232331e-92de-4bb5-9640-2f34e957aa49', '8232331e-92de-4bb5-9640-2f34e957aa49', '8232331e-92de-4bb5-9640-2f34e957aa49', '8232331e-92de-4bb5-9640-2f34e957aa49', '8232331e-92de-4bb5-9640-2f34e957aa49', '8232331e-92de-4bb5-9640-2f34e957aa49', '8232331e-92de-4bb5-9640-2f34e957aa49', '8232331e-92de-4bb5-9640-2f34e957aa49', '8232331e-92de-4bb5-9640-2f34e957aa49', '36e4766e-844c-4ee4-a2e5-989063926370', '90df227e-8c37-4f30-a79c-3630c4ea9c60', '085f16bd-6b65-43ad-b714-5d0638fafe91', '3f89efe9-68dc-4f78-bb1f-946573fef5ce', '20e66b2c-4efe-43a2-8f07-2c5469b519b9', 'f197e7f3-6f99-45bd-8de7-4ef76ace8d35', '853d0bf2-4e7a-4225-80f3-acb9b4685f42', '7dd49dde-3a30-4264-9efc-8d691d323b4e', '6c71f732-26d1-408b-8cf5-5b7710be661e', 'faf07219-9c7a-495a-b7d5-edbd827dce32', '6442faf3-b881-48fe-82f3-efb3895637dc', 'b26769b3-710b-4bd6-90c6-362e2323e571', '4ede7515-b0fc-4256-8cfc-79f3ffb569e1', 'ffa41559-c66a-4e4e-9285-385e1ab14bf3', '10b1e150-9748-41a0-acb4-12c5326d2a3a', 'fa0a168f-4e21-4c8e-b659-dc609cc769b7', 'b96511cc-e8d4-49b3-903b-aa28e10614e0', '9a851bbc-d57e-4db5-910c-323ea6e59eb5', 'cfb14607-4490-4008-a113-918835d3ab08', '35f489de-48a9-44b2-aa3e-637c99f902be', 'f6c980d9-63d6-461a-8e91-34b496d4cfc1']"
810123fc-4e14-499d-b6b1-d7944948e672,6,"['4413d4b1-718c-4f7c-a83d-c6b15b2c3e92', '4413d4b1-718c-4f7c-a83d-c6b15b2c3e92', '4413d4b1-718c-4f7c-a83d-c6b15b2c3e92', '4413d4b1-718c-4f7c-a83d-c6b15b2c3e92', '4413d4b1-718c-4f7c-a83d-c6b15b2c3e92', '4413d4b1-718c-4f7c-a83d-c6b15b2c3e92', '4413d4b1-718c-4f7c-a83d-c6b15b2c3e92', '4413d4b1-718c-4f7c-a83d-c6b15b2c3e92', '4413d4b1-718c-4f7c-a83d-c6b15b2c3e92', '4413d4b1-718c-4f7c-a83d-c6b15b2c3e92', '4413d4b1-718c-4f7c-a83d-c6b15b2c3e92', '4413d4b1-718c-4f7c-a83d-c6b15b2c3e92', '4413d4b1-718c-4f7c-a83d-c6b15b2c3e92', '4413d4b1-718c-4f7c-a83d-c6b15b2c3e92', '4413d4b1-718c-4f7c-a83d-c6b15b2c3e92', '4413d4b1-718c-4f7c-a83d-c6b15b2c3e92', '4413d4b1-718c-4f7c-a83d-c6b15b2c3e92', '4413d4b1-718c-4f7c-a83d-c6b15b2c3e92', '4413d4b1-718c-4f7c-a83d-c6b15b2c3e92', '4413d4b1-718c-4f7c-a83d-c6b15b2c3e92', '4413d4b1-718c-4f7c-a83d-c6b15b2c3e92', '4413d4b1-718c-4f7c-a83d-c6b15b2c3e92', '4413d4b1-718c-4f7c-a83d-c6b15b2c3e92', '4413d4b1-718c-4f7c-a83d-c6b15b2c3e92', '4413d4b1-718c-4f7c-a83d-c6b15b2c3e92', '4413d4b1-718c-4f7c-a83d-c6b15b2c3e92', '4413d4b1-718c-4f7c-a83d-c6b15b2c3e92', '4413d4b1-718c-4f7c-a83d-c6b15b2c3e92', '4413d4b1-718c-4f7c-a83d-c6b15b2c3e92', '4413d4b1-718c-4f7c-a83d-c6b15b2c3e92', '51895cb5-e86a-4fca-95bc-04f85c18b3fa', 'cde080ff-a492-4dfb-bcd5-739241633f22', 'e1de500b-17c2-461c-8180-3709c1233d75', '3617f8a2-ffa1-4d0d-8368-74b8a3cadc8b', '9f30dbad-fa63-44ad-a883-eca96c4c6a10', '3b69a37a-aded-4006-9868-f079f81fca29', 'fd71f555-4d12-4239-957b-a1d55ca19c4a', 'a2d1f2a1-c044-40e3-8a21-6669cf3e57ce', '74bb92a0-6db5-4337-b27d-01cec2ae5531', 'f601a4a7-2717-4831-9761-54a32606af75', '88eeda6d-0d20-4697-b32c-836995af35c1', 'a886fcb6-8f0b-458b-b8a0-f8535c393fc5', 'b9ce5015-4fad-430e-8690-9024c5c93e0e', 'e271b1f7-79ce-4268-b296-b0c8ebb2432c', 'c7054d98-7959-47e5-a106-931a0404180e', '3a191393-b132-47c8-8904-9bd9fc99c883', 'b57421fb-55ac-43b5-8d21-adf40325a103', '49de9907-3e1f-4283-833f-97646345dd53', '0b457622-0606-4220-9e61-8cf16129dde4', 'd93f90f9-7dbd-462d-9e00-7472faa6df36']"
f4ec4b45-5d3a-45c8-a84a-4a4b8d9e5e85,7,"['874e4772-6909-4387-93b2-d67ac2b001d8', '874e4772-6909-4387-93b2-d67ac2b001d8', '874e4772-6909-4387-93b2-d67ac2b001d8', '874e4772-6909-4387-93b2-d67ac2b001d8', '874e4772-6909-4387-93b2-d67ac2b001d8', '874e4772-6909-4387-93b2-d67ac2b001d8', '874e4772-6909-4387-93b2-d67ac2b001d8', '874e4772-6909-4387-93b2-d67ac2b001d8', '874e4772-6909-4387-93b2-d67ac2b001d8', '874e4772-6909-4387-93b2-d67ac2b001d8', '874e4772-6909-4387-93b2-d67ac2b001d8', '874e4772-6909-4387-93b2-d67ac2b001d8', '874e4772-6909-4387-93b2-d67ac2b001d8', '874e4772-6909-4387-93b2-d67ac2b001d8', '874e4772-6909-4387-93b2-d67ac2b001d8', '874e4772-6909-4387-93b2-d67ac2b001d8', '874e4772-6909-4387-93b2-d67ac2b001d8', '874e4772-6909-4387-93b2-d67ac2b001d8', '874e4772-6909-4387-93b2-d67ac2b001d8', '874e4772-6909-4387-93b2-d67ac2b001d8', '874e4772-6909-4387-93b2-d67ac2b001d8', '874e4772-6909-4387-93b2-d67ac2b001d8', '874e4772-6909-4387-93b2-d67ac2b001d8', '874e4772-6909-4387-93b2-d67ac2b001d8', '874e4772-6909-4387-93b2-d67ac2b001d8', '874e4772-6909-4387-93b2-d67ac2b001d8', '874e4772-6909-4387-93b2-d67ac2b001d8', '09da4e32-8a4c-4522-94c5-4789748b8b16', '907f4a00-c1f7-4ec4-b606-e4bb6b3fdf0a', 'eec15a4e-b8b9-4eea-8a87-9c5fc5bb6873', 'ad9069a8-d466-4e90-aa67-1563a548ea5a', '109c0350-7077-4d41-b8ac-2afc6059bc98', 'd500cf41-f35d-47a6-b81f-1cde1c582ac1', 'a9b321b7-ebe9-47be-b5c5-323964218567', 'a25c80ba-a92e-4bf2-a1be-4f71209fd26f', 'a87fa558-1663-44fc-995b-30f7e95229ff', '3c737c52-aa9b-4d6f-836e-62b0e1a726a0', 'dd5c3004-adc3-49f8-bfb0-b22944cc9f08', '83bfcd74-3b1f-4735-8cf1-69615f25c75b', '8b49fd21-3a93-4ba3-9c22-aa43a1eb0149', 'c4aa8d79-8b55-445b-b309-4286ac23f274', 'abc651b8-a7a6-4efc-bad0-e9e24fe5d6b6', '9c24b169-6183-4903-ab3b-01045833530a', 'a71faff5-b052-4b95-a2fa-05cfb89ef1c2', '1805eee3-9e56-4888-beb1-d5ee3fa071a5', '60d0492d-2003-4189-9cfc-1ba39eadd7c6', '1b1cbbec-ebdd-4e29-8d1a-8f7a5154c04e', '21616c1e-d790-4150-94cb-96c3b1f3832c', 'ce8097d0-5168-4721-86ac-72f76f240dbe', 'ffe6bd8e-366d-438f-a961-b13443b8f3c2']"
e0d70f86-dd6b-4504-b0c0-1173b324f3dc,6,"['ccd26a4a-75db-4182-b604-d00fccd69412', 'ccd26a4a-75db-4182-b604-d00fccd69412', 'ccd26a4a-75db-4182-b604-d00fccd69412', 'ccd26a4a-75db-4182-b604-d00fccd69412', 'ccd26a4a-75db-4182-b604-d00fccd69412', 'ccd26a4a-75db-4182-b604-d00fccd69412', 'ccd26a4a-75db-4182-b604-d00fccd69412', 'ccd26a4a-75db-4182-b604-d00fccd69412', 'ccd26a4a-75db-4182-b604-d00fccd69412', 'ccd26a4a-75db-4182-b604-d00fccd69412', 'ccd26a4a-75db-4182-b604-d00fccd69412', 'ccd26a4a-75db-4182-b604-d00fccd69412', 'ccd26a4a-75db-4182-b604-d00fccd69412', 'ccd26a4a-75db-4182-b604-d00fccd69412', 'ccd26a4a-75db-4182-b604-d00fccd69412', 'ccd26a4a-75db-4182-b604-d00fccd69412', 'ccd26a4a-75db-4182-b604-d00fccd69412', 'ccd26a4a-75db-4182-b604-d00fccd69412', 'ccd26a4a-75db-4182-b604-d00fccd69412', 'ccd26a4a-75db-4182-b604-d00fccd69412', 'ccd26a4a-75db-4182-b604-d00fccd69412', 'ccd26a4a-75db-4182-b604-d00fccd69412', 'ccd26a4a-75db-4182-b604-d00fccd69412', 'ccd26a4a-75db-4182-b604-d00fccd69412', 'ccd26a4a-75db-4182-b604-d00fccd69412', 'ccd26a4a-75db-4182-b604-d00fccd69412', 'ccd26a4a-75db-4182-b604-d00fccd69412', 'ccd26a4a-75db-4182-b604-d00fccd69412', 'ccd26a4a-75db-4182-b604-d00fccd69412', 'ccd26a4a-75db-4182-b604-d00fccd69412', 'ccd26a4a-75db-4182-b604-d00fccd69412', '4f51926b-0ee0-48c2-915a-d1793e4f97e4', '2ad7f4b6-91ac-4cb9-9065-ee5de29df0e1', '8ea27091-aba4-4d94-b6d2-2b5386f558b9', 'b1477bf2-202a-474d-ab47-124e17dab0c5', 'f4649814-947c-4c3d-93ce-84424c1431da', '2e13cb42-7b91-4fcf-a89d-c07df99bd1d3', 'de45803d-1ca8-4157-a98c-088f33b33d5b', 'fbf2c026-e111-4280-ba4b-b9c75710d837', '0fdb198e-b825-41f5-84f6-74cddbcb40cd', '49708b94-4725-41c9-81fb-4b16a61b8d32', '25393d55-98a2-4594-80db-8b5dfd73ec3f', '10caf86f-494c-4fcd-bba7-072ca2aa1c57', 'b46aece1-3e51-4767-a7f9-c881438a9df1', '552c9d00-bc8d-4715-8774-f81257cc9bbd', 'dcfeec47-a1bd-43ab-a670-67d5658ca4d7', '86503c4a-f0a1-4152-bd06-277c9e13e0eb', 'b64adeef-bed6-4f88-a8e5-3a55a6eadb87', '4b1b67d2-44bd-47d5-8219-3c540bfb3bb8', 'a5663138-15fe-40e5-b320-8c5639f21a41']"
63236085-74ee-47ff-9b11-5516e30bde07,7,"['c4c90e49-e660-44f4-b907-13b9c1aa0449', 'c4c90e49-e660-44f4-b907-13b9c1aa0449', 'c4c90e49-e660-44f4-b907-13b9c1aa0449', 'c4c90e49-e660-44f4-b907-13b9c1aa0449', 'c4c90e49-e660-44f4-b907-13b9c1aa0449', 'c4c90e49-e660-44f4-b907-13b9c1aa0449', 'c4c90e49-e660-44f4-b907-13b9c1aa0449', 'c4c90e49-e660-44f4-b907-13b9c1aa0449', 'c4c90e49-e660-44f4-b907-13b9c1aa0449', 'c4c90e49-e660-44f4-b907-13b9c1aa0449', 'c4c90e49-e660-44f4-b907-13b9c1aa0449', 'c4c90e49-e660-44f4-b907-13b9c1aa0449', 'c4c90e49-e660-44f4-b907-13b9c1aa0449', 'c4c90e49-e660-44f4-b907-13b9c1aa0449', 'c4c90e49-e660-44f4-b907-13b9c1aa0449', 'c4c90e49-e660-44f4-b907-13b9c1aa0449', 'c4c90e49-e660-44f4-b907-13b9c1aa0449', 'c4c90e49-e660-44f4-b907-13b9c1aa0449', 'c4c90e49-e660-44f4-b907-13b9c1aa0449', 'c4c90e49-e660-44f4-b907-13b9c1aa0449', 'c4c90e49-e660-44f4-b907-13b9c1aa0449', 'c4c90e49-e660-44f4-b907-13b9c1aa0449', 'c4c90e49-e660-44f4-b907-13b9c1aa0449', 'c4c90e49-e660-44f4-b907-13b9c1aa0449', 'c4c90e49-e660-44f4-b907-13b9c1aa0449', 'c4c90e49-e660-44f4-b907-13b9c1aa0449', 'c4c90e49-e660-44f4-b907-13b9c1aa0449', 'c4c90e49-e660-44f4-b907-13b9c1aa0449', 'c4c90e49-e660-44f4-b907-13b9c1aa0449', 'ea4e9c29-9fd3-4545-a9e9-0b29df718143', 'b2244984-6eac-4b53-ae58-960449ca0667', '22474865-eec8-4cb1-8c1a-e0554a298862', '70ed39c9-50f6-4fad-b38f-856f28997996', '37c8b97c-d87f-4f60-8bf8-9d7431b9aad0', 'e3c393e3-16a7-49dd-93ac-e92dfd0071e2', '53fc05ff-d922-4e77-96cb-f242d867d503', '724013d4-7581-4e37-8513-3afc2bfb2686', 'f28c0db8-b581-4a79-b648-053a077ebe22', '2a86b809-095b-4b48-a124-792565b3767e', 'b2762627-dda6-464f-95eb-5bbbc621623c', '9488fbc2-5d60-4c01-b2ac-8c71ed0fe924', '0243b75a-49e5-4c15-bf95-d47ba360d9c7', '7d73a50e-5ee2-4a66-a724-de4ff52920e4', '4ef15459-8afd-429d-9310-b8eef33dc8c4', 'e4e6e401-539e-4e43-9d7b-faba67add689', '0034f6a2-32b4-40f9-8281-a3da1970319b', 'd0f78df0-45f5-4346-ae56-faef78a02c2d', '7d3f7636-fbec-4254-91a1-7cb8590c012d', '03323464-56d4-4017-a713-0064f652b1e6', 'b6dd60ff-321e-44e8-8edb-c4a24c33a462']"
34cfbdf5-3507-4887-9d4c-edf3c8808057,8,"['6638afd5-657e-4175-bb28-b2d250a13fe5', '6638afd5-657e-4175-bb28-b2d250a13fe5', '6638afd5-657e-4175-bb28-b2d250a13fe5', '6638afd5-657e-4175-bb28-b2d250a13fe5', '6638afd5-657e-4175-bb28-b2d250a13fe5', '6638afd5-657e-4175-bb28-b2d250a13fe5', '6638afd5-657e-4175-bb28-b2d250a13fe5', '6638afd5-657e-4175-bb28-b2d250a13fe5', '6638afd5-657e-4175-bb28-b2d250a13fe5', '6638afd5-657e-4175-bb28-b2d250a13fe5', '6638afd5-657e-4175-bb28-b2d250a13fe5', '6638afd5-657e-4175-bb28-b2d250a13fe5', '6638afd5-657e-4175-bb28-b2d250a13fe5', '6638afd5-657e-4175-bb28-b2d250a13fe5', '6638afd5-657e-4175-bb28-b2d250a13fe5', '6638afd5-657e-4175-bb28-b2d250a13fe5', '6638afd5-657e-4175-bb28-b2d250a13fe5', '6638afd5-657e-4175-bb28-b2d250a13fe5', '6638afd5-657e-4175-bb28-b2d250a13fe5', '6638afd5-657e-4175-bb28-b2d250a13fe5', '6638afd5-657e-4175-bb28-b2d250a13fe5', '6638afd5-657e-4175-bb28-b2d250a13fe5', '6638afd5-657e-4175-bb28-b2d250a13fe5', '6638afd5-657e-4175-bb28-b2d250a13fe5', '6638afd5-657e-4175-bb28-b2d250a13fe5', '6638afd5-657e-4175-bb28-b2d250a13fe5', '6638afd5-657e-4175-bb28-b2d250a13fe5', '6638afd5-657e-4175-bb28-b2d250a13fe5', '6638afd5-657e-4175-bb28-b2d250a13fe5', '6638afd5-657e-4175-bb28-b2d250a13fe5', 'bae7907b-4d3f-48b8-9535-c40051452020', 'edabf63d-f5e3-46ab-a253-db0815ec4579', 'a67aa260-9b04-4aba-ab1e-5590a1b50bca', '41d79e2c-a944-4c5a-8df0-d1674d8f4f40', 'b982b66a-d8b3-449c-9a3f-835031813ecc', 'ec2c6fcf-88cb-492c-a635-b3633cc05442', '0da9f34a-eab3-47a8-b8ae-0df67f2e6cec', '7b542f60-d45e-4ff1-b0ba-298216682a6f', '470eeeea-5282-47da-8de2-f4fe2b32b95d', 'e39d2dac-193a-419f-8d20-7260bc154267', 'a016f9a7-78a9-440d-9d37-e4f96836604e', 'f6244eb2-3737-42d3-bcf6-50c6a9dccb54', '937aa0ab-cdbb-4aaa-a4e0-9b8f7118ca7d', '04f36ef6-6b69-4397-b1c6-00fb02ef28c5', '9aea7453-3736-4c74-a84c-d717bb3032da', 'c94e2aba-d0bf-41f9-92da-744fe94baa05', '6cb9b50f-b176-47db-abba-b216413ce7e7', '35982583-320d-4bfa-a578-5d42fe127a04', '6edb4637-cb00-48e8-a6b4-0a43c64430a9', 'ad9c5b4d-3fc2-4af4-92e4-67593c62ad8a']"
810123fc-4e14-499d-b6b1-d7944948e672,7,"['4413d4b1-718c-4f7c-a83d-c6b15b2c3e92', '4413d4b1-718c-4f7c-a83d-c6b15b2c3e92', '4413d4b1-718c-4f7c-a83d-c6b15b2c3e92', '4413d4b1-718c-4f7c-a83d-c6b15b2c3e92', '4413d4b1-718c-4f7c-a83d-c6b15b2c3e92', '4413d4b1-718c-4f7c-a83d-c6b15b2c3e92', '4413d4b1-718c-4f7c-a83d-c6b15b2c3e92', '4413d4b1-718c-4f7c-a83d-c6b15b2c3e92', '4413d4b1-718c-4f7c-a83d-c6b15b2c3e92', '4413d4b1-718c-4f7c-a83d-c6b15b2c3e92', '4413d4b1-718c-4f7c-a83d-c6b15b2c3e92', '4413d4b1-718c-4f7c-a83d-c6b15b2c3e92', '4413d4b1-718c-4f7c-a83d-c6b15b2c3e92', '4413d4b1-718c-4f7c-a83d-c6b15b2c3e92', '4413d4b1-718c-4f7c-a83d-c6b15b2c3e92', '4413d4b1-718c-4f7c-a83d-c6b15b2c3e92', '4413d4b1-718c-4f7c-a83d-c6b15b2c3e92', '4413d4b1-718c-4f7c-a83d-c6b15b2c3e92', '4413d4b1-718c-4f7c-a83d-c6b15b2c3e92', '4413d4b1-718c-4f7c-a83d-c6b15b2c3e92', '4413d4b1-718c-4f7c-a83d-c6b15b2c3e92', '4413d4b1-718c-4f7c-a83d-c6b15b2c3e92', '4413d4b1-718c-4f7c-a83d-c6b15b2c3e92', '4413d4b1-718c-4f7c-a83d-c6b15b2c3e92', '51895cb5-e86a-4fca-95bc-04f85c18b3fa', 'cde080ff-a492-4dfb-bcd5-739241633f22', 'e1de500b-17c2-461c-8180-3709c1233d75', '3617f8a2-ffa1-4d0d-8368-74b8a3cadc8b', 'fd71f555-4d12-4239-957b-a1d55ca19c4a', 'a2d1f2a1-c044-40e3-8a21-6669cf3e57ce', '74bb92a0-6db5-4337-b27d-01cec2ae5531', 'f601a4a7-2717-4831-9761-54a32606af75', '88eeda6d-0d20-4697-b32c-836995af35c1', 'a886fcb6-8f0b-458b-b8a0-f8535c393fc5', 'b9ce5015-4fad-430e-8690-9024c5c93e0e', 'c7054d98-7959-47e5-a106-931a0404180e', '3a191393-b132-47c8-8904-9bd9fc99c883', 'b57421fb-55ac-43b5-8d21-adf40325a103', '49de9907-3e1f-4283-833f-97646345dd53', '0b457622-0606-4220-9e61-8cf16129dde4', 'd93f90f9-7dbd-462d-9e00-7472faa6df36', '2c7fc3d7-ffb1-4474-ba4b-54fb361726c4', '69bbdc62-f03c-46b8-aac3-b2099592986c', '19dceded-209c-41a5-8261-e1af38ea4db4', '347f2e31-d2e4-49f1-8d7b-a3328f18976d', 'c251c2f2-ee88-40b5-b27a-0dc2c47d8042', '0829c377-7736-4d75-990f-8a48757a118a', 'd42eceeb-2353-41a9-b710-4a834e8357a1', '3434cf25-2c87-489a-9a1c-be316f3fd438', '0486a6ea-d9f6-45bf-ad66-88c6399385bc']"
8580418e-5d1f-4c82-ba71-b61321957642,9,"['9a851bbc-d57e-4db5-910c-323ea6e59eb5', '9a851bbc-d57e-4db5-910c-323ea6e59eb5', '9a851bbc-d57e-4db5-910c-323ea6e59eb5', '9a851bbc-d57e-4db5-910c-323ea6e59eb5', '9a851bbc-d57e-4db5-910c-323ea6e59eb5', '9a851bbc-d57e-4db5-910c-323ea6e59eb5', '9a851bbc-d57e-4db5-910c-323ea6e59eb5', '9a851bbc-d57e-4db5-910c-323ea6e59eb5', '9a851bbc-d57e-4db5-910c-323ea6e59eb5', '9a851bbc-d57e-4db5-910c-323ea6e59eb5', '9a851bbc-d57e-4db5-910c-323ea6e59eb5', '9a851bbc-d57e-4db5-910c-323ea6e59eb5', '9a851bbc-d57e-4db5-910c-323ea6e59eb5', '9a851bbc-d57e-4db5-910c-323ea6e59eb5', '9a851bbc-d57e-4db5-910c-323ea6e59eb5', '9a851bbc-d57e-4db5-910c-323ea6e59eb5', '9a851bbc-d57e-4db5-910c-323ea6e59eb5', '9a851bbc-d57e-4db5-910c-323ea6e59eb5', '9a851bbc-d57e-4db5-910c-323ea6e59eb5', '9a851bbc-d57e-4db5-910c-323ea6e59eb5', '9a851bbc-d57e-4db5-910c-323ea6e59eb5', '9a851bbc-d57e-4db5-910c-323ea6e59eb5', '9a851bbc-d57e-4db5-910c-323ea6e59eb5', '9a851bbc-d57e-4db5-910c-323ea6e59eb5', '9a851bbc-d57e-4db5-910c-323ea6e59eb5', '9a851bbc-d57e-4db5-910c-323ea6e59eb5', '9a851bbc-d57e-4db5-910c-323ea6e59eb5', '9a851bbc-d57e-4db5-910c-323ea6e59eb5', '9a851bbc-d57e-4db5-910c-323ea6e59eb5', '9a851bbc-d57e-4db5-910c-323ea6e59eb5', '9a851bbc-d57e-4db5-910c-323ea6e59eb5', '9a851bbc-d57e-4db5-910c-323ea6e59eb5', '9a851bbc-d57e-4db5-910c-323ea6e59eb5', '9a851bbc-d57e-4db5-910c-323ea6e59eb5', '9a851bbc-d57e-4db5-910c-323ea6e59eb5', '9a851bbc-d57e-4db5-910c-323ea6e59eb5', '9a851bbc-d57e-4db5-910c-323ea6e59eb5', '9a851bbc-d57e-4db5-910c-323ea6e59eb5', '9a851bbc-d57e-4db5-910c-323ea6e59eb5', '9a851bbc-d57e-4db5-910c-323ea6e59eb5', '9a851bbc-d57e-4db5-910c-323ea6e59eb5', '9a851bbc-d57e-4db5-910c-323ea6e59eb5', 'd7ee96d2-b67b-4e84-ba0a-ce3631eb6749', '74b7acc3-d89a-4c74-a84d-bcaf9f4f2a82', '57be5206-ec93-4a0f-968f-83f61dd3ff05', '3dc2eebf-b4df-4b59-88c0-5dcb7508aea5', '40526e1b-14b5-4a88-ba65-e73b7bf56b3d', '3398d77b-d8ec-445d-9e5a-c74b635cb7e8', '44776069-63c6-4eac-9cb6-5ffe5c21ff28', '138ac398-dbc4-47b7-983c-eb0b3a074ab1']"
f4ec4b45-5d3a-45c8-a84a-4a4b8d9e5e85,8,"['874e4772-6909-4387-93b2-d67ac2b001d8', '874e4772-6909-4387-93b2-d67ac2b001d8', '874e4772-6909-4387-93b2-d67ac2b001d8', '874e4772-6909-4387-93b2-d67ac2b001d8', '874e4772-6909-4387-93b2-d67ac2b001d8', '874e4772-6909-4387-93b2-d67ac2b001d8', '874e4772-6909-4387-93b2-d67ac2b001d8', '874e4772-6909-4387-93b2-d67ac2b001d8', '874e4772-6909-4387-93b2-d67ac2b001d8', '874e4772-6909-4387-93b2-d67ac2b001d8', '874e4772-6909-4387-93b2-d67ac2b001d8', '874e4772-6909-4387-93b2-d67ac2b001d8', '874e4772-6909-4387-93b2-d67ac2b001d8', '874e4772-6909-4387-93b2-d67ac2b001d8', '874e4772-6909-4387-93b2-d67ac2b001d8', '874e4772-6909-4387-93b2-d67ac2b001d8', '874e4772-6909-4387-93b2-d67ac2b001d8', '874e4772-6909-4387-93b2-d67ac2b001d8', '874e4772-6909-4387-93b2-d67ac2b001d8', '874e4772-6909-4387-93b2-d67ac2b001d8', '874e4772-6909-4387-93b2-d67ac2b001d8', '874e4772-6909-4387-93b2-d67ac2b001d8', '874e4772-6909-4387-93b2-d67ac2b001d8', '874e4772-6909-4387-93b2-d67ac2b001d8', '874e4772-6909-4387-93b2-d67ac2b001d8', '09da4e32-8a4c-4522-94c5-4789748b8b16', '907f4a00-c1f7-4ec4-b606-e4bb6b3fdf0a', 'eec15a4e-b8b9-4eea-8a87-9c5fc5bb6873', 'ad9069a8-d466-4e90-aa67-1563a548ea5a', '109c0350-7077-4d41-b8ac-2afc6059bc98', 'd500cf41-f35d-47a6-b81f-1cde1c582ac1', 'a9b321b7-ebe9-47be-b5c5-323964218567', 'a25c80ba-a92e-4bf2-a1be-4f71209fd26f', 'a87fa558-1663-44fc-995b-30f7e95229ff', '3c737c52-aa9b-4d6f-836e-62b0e1a726a0', 'dd5c3004-adc3-49f8-bfb0-b22944cc9f08', '83bfcd74-3b1f-4735-8cf1-69615f25c75b', '8b49fd21-3a93-4ba3-9c22-aa43a1eb0149', 'abc651b8-a7a6-4efc-bad0-e9e24fe5d6b6', '9c24b169-6183-4903-ab3b-01045833530a', 'a71faff5-b052-4b95-a2fa-05cfb89ef1c2', '1805eee3-9e56-4888-beb1-d5ee3fa071a5', '60d0492d-2003-4189-9cfc-1ba39eadd7c6', 'ffe6bd8e-366d-438f-a961-b13443b8f3c2', 'b53df051-f6fa-4812-b7d5-42a49d1e80ce', '143eb738-f69e-44fc-9cc8-6e9e8468105f', '035ce044-0d99-406e-afb5-4e6d8ede81a2', '447916f3-b41a-4662-a038-cb4accc55ba3', '0bff59a4-26df-4384-b7c4-71a31d72221b', 'fd17da0e-3913-454c-aa74-ad96dfcd99e2']"
e0d70f86-dd6b-4504-b0c0-1173b324f3dc,7,"['ccd26a4a-75db-4182-b604-d00fccd69412', 'ccd26a4a-75db-4182-b604-d00fccd69412', 'ccd26a4a-75db-4182-b604-d00fccd69412', 'ccd26a4a-75db-4182-b604-d00fccd69412', 'ccd26a4a-75db-4182-b604-d00fccd69412', 'ccd26a4a-75db-4182-b604-d00fccd69412', 'ccd26a4a-75db-4182-b604-d00fccd69412', 'ccd26a4a-75db-4182-b604-d00fccd69412', 'ccd26a4a-75db-4182-b604-d00fccd69412', 'ccd26a4a-75db-4182-b604-d00fccd69412', 'ccd26a4a-75db-4182-b604-d00fccd69412', 'ccd26a4a-75db-4182-b604-d00fccd69412', 'ccd26a4a-75db-4182-b604-d00fccd69412', 'ccd26a4a-75db-4182-b604-d00fccd69412', 'ccd26a4a-75db-4182-b604-d00fccd69412', 'ccd26a4a-75db-4182-b604-d00fccd69412', 'ccd26a4a-75db-4182-b604-d00fccd69412', 'ccd26a4a-75db-4182-b604-d00fccd69412', 'ccd26a4a-75db-4182-b604-d00fccd69412', 'ccd26a4a-75db-4182-b604-d00fccd69412', 'ccd26a4a-75db-4182-b604-d00fccd69412', 'ccd26a4a-75db-4182-b604-d00fccd69412', 'ccd26a4a-75db-4182-b604-d00fccd69412', 'ccd26a4a-75db-4182-b604-d00fccd69412', 'ccd26a4a-75db-4182-b604-d00fccd69412', 'ccd26a4a-75db-4182-b604-d00fccd69412', '4f51926b-0ee0-48c2-915a-d1793e4f97e4', '2ad7f4b6-91ac-4cb9-9065-ee5de29df0e1', 'b1477bf2-202a-474d-ab47-124e17dab0c5', 'f4649814-947c-4c3d-93ce-84424c1431da', '2e13cb42-7b91-4fcf-a89d-c07df99bd1d3', 'fbf2c026-e111-4280-ba4b-b9c75710d837', '0fdb198e-b825-41f5-84f6-74cddbcb40cd', '49708b94-4725-41c9-81fb-4b16a61b8d32', '25393d55-98a2-4594-80db-8b5dfd73ec3f', '10caf86f-494c-4fcd-bba7-072ca2aa1c57', '552c9d00-bc8d-4715-8774-f81257cc9bbd', 'dcfeec47-a1bd-43ab-a670-67d5658ca4d7', '86503c4a-f0a1-4152-bd06-277c9e13e0eb', 'b64adeef-bed6-4f88-a8e5-3a55a6eadb87', '4b1b67d2-44bd-47d5-8219-3c540bfb3bb8', 'a5663138-15fe-40e5-b320-8c5639f21a41', '231b7358-3f42-400a-b379-10ebdb4eba2c', '965165ed-c495-4893-abaf-36ef27fbf0f1', '49d8b4a3-da25-4673-bd18-ace757b2fe5f', 'fdcba939-bc37-462c-a8f7-746aa12a428e', '36fb80f7-d8dd-422c-af6d-bb03d4092b02', '87445335-059f-4f10-9027-62a40da55ae7', 'c32e2ae7-01df-4fc4-9038-3f44f0d864c4', '22c7a101-6f29-4f82-aab4-feda62385c92']"
63236085-74ee-47ff-9b11-5516e30bde07,8,"['c4c90e49-e660-44f4-b907-13b9c1aa0449', 'c4c90e49-e660-44f4-b907-13b9c1aa0449', 'c4c90e49-e660-44f4-b907-13b9c1aa0449', 'c4c90e49-e660-44f4-b907-13b9c1aa0449', 'c4c90e49-e660-44f4-b907-13b9c1aa0449', 'c4c90e49-e660-44f4-b907-13b9c1aa0449', 'c4c90e49-e660-44f4-b907-13b9c1aa0449', 'c4c90e49-e660-44f4-b907-13b9c1aa0449', 'c4c90e49-e660-44f4-b907-13b9c1aa0449', 'c4c90e49-e660-44f4-b907-13b9c1aa0449', 'c4c90e49-e660-44f4-b907-13b9c1aa0449', 'c4c90e49-e660-44f4-b907-13b9c1aa0449', 'c4c90e49-e660-44f4-b907-13b9c1aa0449', 'c4c90e49-e660-44f4-b907-13b9c1aa0449', 'c4c90e49-e660-44f4-b907-13b9c1aa0449', 'c4c90e49-e660-44f4-b907-13b9c1aa0449', 'c4c90e49-e660-44f4-b907-13b9c1aa0449', 'c4c90e49-e660-44f4-b907-13b9c1aa0449', 'c4c90e49-e660-44f4-b907-13b9c1aa0449', 'c4c90e49-e660-44f4-b907-13b9c1aa0449', 'c4c90e49-e660-44f4-b907-13b9c1aa0449', 'c4c90e49-e660-44f4-b907-13b9c1aa0449', 'ea4e9c29-9fd3-4545-a9e9-0b29df718143', 'b2244984-6eac-4b53-ae58-960449ca0667', '22474865-eec8-4cb1-8c1a-e0554a298862', '70ed39c9-50f6-4fad-b38f-856f28997996', '37c8b97c-d87f-4f60-8bf8-9d7431b9aad0', 'e3c393e3-16a7-49dd-93ac-e92dfd0071e2', '53fc05ff-d922-4e77-96cb-f242d867d503', '724013d4-7581-4e37-8513-3afc2bfb2686', 'f28c0db8-b581-4a79-b648-053a077ebe22', '2a86b809-095b-4b48-a124-792565b3767e', 'b2762627-dda6-464f-95eb-5bbbc621623c', '9488fbc2-5d60-4c01-b2ac-8c71ed0fe924', '0243b75a-49e5-4c15-bf95-d47ba360d9c7', '4ef15459-8afd-429d-9310-b8eef33dc8c4', 'e4e6e401-539e-4e43-9d7b-faba67add689', 'd0f78df0-45f5-4346-ae56-faef78a02c2d', '7d3f7636-fbec-4254-91a1-7cb8590c012d', '03323464-56d4-4017-a713-0064f652b1e6', 'b6dd60ff-321e-44e8-8edb-c4a24c33a462', '05a24af4-aa0e-45cd-b176-9789b6ecec00', '8682a4bc-75fd-4294-a5c0-7629987231c0', '02eac5f6-bf68-4ebe-b354-91987dedaace', '92e2d3cb-4d93-442a-83c7-b4a54780c462', '4c0ab4d3-1264-4705-b7ac-eab636fbfcd3', 'ef81350b-5c88-4b7f-831d-a59c22f43c3c', '49a4ce19-7f64-4356-b1fd-a0ed99a5c98b', 'f80e7d76-61d1-48d2-a49e-1ddc3ccca1cb', 'c9e24bb5-7bd1-4623-bd7a-d8ac69dae72e']"
810123fc-4e14-499d-b6b1-d7944948e672,8,"['4413d4b1-718c-4f7c-a83d-c6b15b2c3e92', '4413d4b1-718c-4f7c-a83d-c6b15b2c3e92', '4413d4b1-718c-4f7c-a83d-c6b15b2c3e92', '4413d4b1-718c-4f7c-a83d-c6b15b2c3e92', '4413d4b1-718c-4f7c-a83d-c6b15b2c3e92', '4413d4b1-718c-4f7c-a83d-c6b15b2c3e92', '4413d4b1-718c-4f7c-a83d-c6b15b2c3e92', '4413d4b1-718c-4f7c-a83d-c6b15b2c3e92', '4413d4b1-718c-4f7c-a83d-c6b15b2c3e92', '4413d4b1-718c-4f7c-a83d-c6b15b2c3e92', '4413d4b1-718c-4f7c-a83d-c6b15b2c3e92', '4413d4b1-718c-4f7c-a83d-c6b15b2c3e92', '4413d4b1-718c-4f7c-a83d-c6b15b2c3e92', '4413d4b1-718c-4f7c-a83d-c6b15b2c3e92', '4413d4b1-718c-4f7c-a83d-c6b15b2c3e92', '4413d4b1-718c-4f7c-a83d-c6b15b2c3e92', '4413d4b1-718c-4f7c-a83d-c6b15b2c3e92', '4413d4b1-718c-4f7c-a83d-c6b15b2c3e92', '4413d4b1-718c-4f7c-a83d-c6b15b2c3e92', '4413d4b1-718c-4f7c-a83d-c6b15b2c3e92', '4413d4b1-718c-4f7c-a83d-c6b15b2c3e92', '4413d4b1-718c-4f7c-a83d-c6b15b2c3e92', '4413d4b1-718c-4f7c-a83d-c6b15b2c3e92', '4413d4b1-718c-4f7c-a83d-c6b15b2c3e92', '4413d4b1-718c-4f7c-a83d-c6b15b2c3e92', '4413d4b1-718c-4f7c-a83d-c6b15b2c3e92', '4413d4b1-718c-4f7c-a83d-c6b15b2c3e92', '4413d4b1-718c-4f7c-a83d-c6b15b2c3e92', '4413d4b1-718c-4f7c-a83d-c6b15b2c3e92', '4413d4b1-718c-4f7c-a83d-c6b15b2c3e92', '4413d4b1-718c-4f7c-a83d-c6b15b2c3e92', '4413d4b1-718c-4f7c-a83d-c6b15b2c3e92', '4413d4b1-718c-4f7c-a83d-c6b15b2c3e92', '4413d4b1-718c-4f7c-a83d-c6b15b2c3e92', '4413d4b1-718c-4f7c-a83d-c6b15b2c3e92', '4413d4b1-718c-4f7c-a83d-c6b15b2c3e92', '4413d4b1-718c-4f7c-a83d-c6b15b2c3e92', '4413d4b1-718c-4f7c-a83d-c6b15b2c3e92', '4413d4b1-718c-4f7c-a83d-c6b15b2c3e92', '4413d4b1-718c-4f7c-a83d-c6b15b2c3e92', 'fb20d89d-250b-458f-adaa-743993f422ed', '3da19b55-2e32-4d8d-b584-c0e8be57d7bd', '8384b16d-2f1a-415e-a32e-3bccfc3108b3', 'b87afea1-01fd-4b7e-b4fb-448ed8eddc77', '1ab01103-8da2-49e5-8fda-e5ffbbd69533', 'a36b4bfa-c9b5-4317-993f-dcbff45cc521', '5d9c9e08-72c6-4818-ae8d-ad0b5e4a5ede', '9e1913b3-77f5-411c-b7b7-fc4d34478c5b', '6a1d4664-d8a3-49a3-aa4f-477eb5164140', '549231a9-d669-40c1-ae61-3187e7ca7998']"
8580418e-5d1f-4c82-ba71-b61321957642,10,"['3dc2eebf-b4df-4b59-88c0-5dcb7508aea5', '3dc2eebf-b4df-4b59-88c0-5dcb7508aea5', '3dc2eebf-b4df-4b59-88c0-5dcb7508aea5', '3dc2eebf-b4df-4b59-88c0-5dcb7508aea5', '3dc2eebf-b4df-4b59-88c0-5dcb7508aea5', '3dc2eebf-b4df-4b59-88c0-5dcb7508aea5', '3dc2eebf-b4df-4b59-88c0-5dcb7508aea5', '3dc2eebf-b4df-4b59-88c0-5dcb7508aea5', '3dc2eebf-b4df-4b59-88c0-5dcb7508aea5', '3dc2eebf-b4df-4b59-88c0-5dcb7508aea5', '3dc2eebf-b4df-4b59-88c0-5dcb7508aea5', '3dc2eebf-b4df-4b59-88c0-5dcb7508aea5', '3dc2eebf-b4df-4b59-88c0-5dcb7508aea5', '3dc2eebf-b4df-4b59-88c0-5dcb7508aea5', '3dc2eebf-b4df-4b59-88c0-5dcb7508aea5', '3dc2eebf-b4df-4b59-88c0-5dcb7508aea5', '3dc2eebf-b4df-4b59-88c0-5dcb7508aea5', '3dc2eebf-b4df-4b59-88c0-5dcb7508aea5', '3dc2eebf-b4df-4b59-88c0-5dcb7508aea5', '3dc2eebf-b4df-4b59-88c0-5dcb7508aea5', '3dc2eebf-b4df-4b59-88c0-5dcb7508aea5', '3dc2eebf-b4df-4b59-88c0-5dcb7508aea5', '3dc2eebf-b4df-4b59-88c0-5dcb7508aea5', '3dc2eebf-b4df-4b59-88c0-5dcb7508aea5', '3dc2eebf-b4df-4b59-88c0-5dcb7508aea5', '3dc2eebf-b4df-4b59-88c0-5dcb7508aea5', '3dc2eebf-b4df-4b59-88c0-5dcb7508aea5', '3dc2eebf-b4df-4b59-88c0-5dcb7508aea5', '3dc2eebf-b4df-4b59-88c0-5dcb7508aea5', '3dc2eebf-b4df-4b59-88c0-5dcb7508aea5', '3dc2eebf-b4df-4b59-88c0-5dcb7508aea5', '3dc2eebf-b4df-4b59-88c0-5dcb7508aea5', '3dc2eebf-b4df-4b59-88c0-5dcb7508aea5', '3dc2eebf-b4df-4b59-88c0-5dcb7508aea5', '3dc2eebf-b4df-4b59-88c0-5dcb7508aea5', '3dc2eebf-b4df-4b59-88c0-5dcb7508aea5', '3dc2eebf-b4df-4b59-88c0-5dcb7508aea5', '3dc2eebf-b4df-4b59-88c0-5dcb7508aea5', '3dc2eebf-b4df-4b59-88c0-5dcb7508aea5', '3dc2eebf-b4df-4b59-88c0-5dcb7508aea5', '3dc2eebf-b4df-4b59-88c0-5dcb7508aea5', '3dc2eebf-b4df-4b59-88c0-5dcb7508aea5', 'e9838034-ce81-4e8c-8ca7-639a0cf211b5', 'b52bfdc4-276a-41bf-b34f-fe33096e101f', 'f6880ae4-30f5-4673-a399-078ae1fffc33', '31818e02-2f05-43da-b590-e23ebe14a9e8', '1cdc25d5-1bd7-4a72-b330-131b1fd1d69c', 'd0c7e892-3baa-4bb5-8db9-93c438d80e00', 'ac58f9bb-84ec-4b53-8109-4af2ca3ea8b6', '0d1ac1d2-ba10-4f5f-bd4c-9fca9a051965']"
f4ec4b45-5d3a-45c8-a84a-4a4b8d9e5e85,9,"['874e4772-6909-4387-93b2-d67ac2b001d8', '874e4772-6909-4387-93b2-d67ac2b001d8', '874e4772-6909-4387-93b2-d67ac2b001d8', '874e4772-6909-4387-93b2-d67ac2b001d8', '874e4772-6909-4387-93b2-d67ac2b001d8', '874e4772-6909-4387-93b2-d67ac2b001d8', '874e4772-6909-4387-93b2-d67ac2b001d8', '874e4772-6909-4387-93b2-d67ac2b001d8', '874e4772-6909-4387-93b2-d67ac2b001d8', '874e4772-6909-4387-93b2-d67ac2b001d8', '874e4772-6909-4387-93b2-d67ac2b001d8', '874e4772-6909-4387-93b2-d67ac2b001d8', '874e4772-6909-4387-93b2-d67ac2b001d8', '874e4772-6909-4387-93b2-d67ac2b001d8', '874e4772-6909-4387-93b2-d67ac2b001d8', '874e4772-6909-4387-93b2-d67ac2b001d8', '874e4772-6909-4387-93b2-d67ac2b001d8', '874e4772-6909-4387-93b2-d67ac2b001d8', '874e4772-6909-4387-93b2-d67ac2b001d8', '09da4e32-8a4c-4522-94c5-4789748b8b16', '907f4a00-c1f7-4ec4-b606-e4bb6b3fdf0a', 'ad9069a8-d466-4e90-aa67-1563a548ea5a', '109c0350-7077-4d41-b8ac-2afc6059bc98', 'a9b321b7-ebe9-47be-b5c5-323964218567', 'a25c80ba-a92e-4bf2-a1be-4f71209fd26f', 'a87fa558-1663-44fc-995b-30f7e95229ff', '3c737c52-aa9b-4d6f-836e-62b0e1a726a0', 'dd5c3004-adc3-49f8-bfb0-b22944cc9f08', '83bfcd74-3b1f-4735-8cf1-69615f25c75b', '8b49fd21-3a93-4ba3-9c22-aa43a1eb0149', 'abc651b8-a7a6-4efc-bad0-e9e24fe5d6b6', '9c24b169-6183-4903-ab3b-01045833530a', 'a71faff5-b052-4b95-a2fa-05cfb89ef1c2', 'ffe6bd8e-366d-438f-a961-b13443b8f3c2', 'b53df051-f6fa-4812-b7d5-42a49d1e80ce', '143eb738-f69e-44fc-9cc8-6e9e8468105f', '035ce044-0d99-406e-afb5-4e6d8ede81a2', '447916f3-b41a-4662-a038-cb4accc55ba3', '0bff59a4-26df-4384-b7c4-71a31d72221b', 'fd17da0e-3913-454c-aa74-ad96dfcd99e2', '190027d8-cdec-4d45-b432-385d16728bd2', 'c89dd536-a641-4345-80d3-86b6715b2b0d', '70b9b849-a309-4a4e-943c-e469da4bd847', '3b773584-f0f5-4c99-8bd8-10648d19ba02', '84ea9ce8-d99e-4210-af6a-7c5c4d51069e', '72caf5f4-eaf8-409e-a672-ab686cc7258e', '587859fa-c349-47cd-8d67-a36b8b7f4dcb', '89cbe960-bb44-45c8-8ffc-7f9f75199d3d', 'ef5510e1-cef6-4b0b-8654-31f22979d4ca', '80cb8a00-8046-4100-86d2-655bc809db69']"
34cfbdf5-3507-4887-9d4c-edf3c8808057,9,"['35982583-320d-4bfa-a578-5d42fe127a04', '35982583-320d-4bfa-a578-5d42fe127a04', '35982583-320d-4bfa-a578-5d42fe127a04', '35982583-320d-4bfa-a578-5d42fe127a04', '35982583-320d-4bfa-a578-5d42fe127a04', '35982583-320d-4bfa-a578-5d42fe127a04', '35982583-320d-4bfa-a578-5d42fe127a04', '35982583-320d-4bfa-a578-5d42fe127a04', '35982583-320d-4bfa-a578-5d42fe127a04', '35982583-320d-4bfa-a578-5d42fe127a04', '35982583-320d-4bfa-a578-5d42fe127a04', '35982583-320d-4bfa-a578-5d42fe127a04', '35982583-320d-4bfa-a578-5d42fe127a04', '35982583-320d-4bfa-a578-5d42fe127a04', '35982583-320d-4bfa-a578-5d42fe127a04', '35982583-320d-4bfa-a578-5d42fe127a04', '35982583-320d-4bfa-a578-5d42fe127a04', '35982583-320d-4bfa-a578-5d42fe127a04', '35982583-320d-4bfa-a578-5d42fe127a04', '35982583-320d-4bfa-a578-5d42fe127a04', '35982583-320d-4bfa-a578-5d42fe127a04', '35982583-320d-4bfa-a578-5d42fe127a04', '35982583-320d-4bfa-a578-5d42fe127a04', '35982583-320d-4bfa-a578-5d42fe127a04', '35982583-320d-4bfa-a578-5d42fe127a04', '35982583-320d-4bfa-a578-5d42fe127a04', '35982583-320d-4bfa-a578-5d42fe127a04', '35982583-320d-4bfa-a578-5d42fe127a04', '35982583-320d-4bfa-a578-5d42fe127a04', '35982583-320d-4bfa-a578-5d42fe127a04', '35982583-320d-4bfa-a578-5d42fe127a04', '35982583-320d-4bfa-a578-5d42fe127a04', '35982583-320d-4bfa-a578-5d42fe127a04', '35982583-320d-4bfa-a578-5d42fe127a04', '35982583-320d-4bfa-a578-5d42fe127a04', '35982583-320d-4bfa-a578-5d42fe127a04', '35982583-320d-4bfa-a578-5d42fe127a04', '4ce4a74b-8a0b-4ba5-b0a0-056f58513be2', '91a73eca-0993-4517-9a60-870df7884370', 'ba8ac4ff-dd7e-4ed5-8a59-9231eed6c23f', 'f79c9a93-8f1b-4c5d-ac53-0cdbc9825d77', 'bb5520a9-efec-4583-9203-fa6467c5b98e', '3d2f58e7-103b-4e12-a010-d9082e043df8', 'ea7b56c1-15d9-4e75-a959-638931a32203', 'cc3f7a3a-bdec-46ad-803a-557c43931f58', '1b5c74c7-d7b8-4fc6-8251-1aa471b6c05b', '16d4887f-3249-4805-88fe-dace3528ca47', '2e068a6b-5481-4d09-8651-8367ee978ea5', '56c87bca-614c-46ce-9cb7-85bc5d541884', '5834fdf3-6be7-4080-8be2-e25112ef94c6']"
8580418e-5d1f-4c82-ba71-b61321957642,11,"['3dc2eebf-b4df-4b59-88c0-5dcb7508aea5', '3dc2eebf-b4df-4b59-88c0-5dcb7508aea5', '3dc2eebf-b4df-4b59-88c0-5dcb7508aea5', '3dc2eebf-b4df-4b59-88c0-5dcb7508aea5', '3dc2eebf-b4df-4b59-88c0-5dcb7508aea5', '3dc2eebf-b4df-4b59-88c0-5dcb7508aea5', '3dc2eebf-b4df-4b59-88c0-5dcb7508aea5', '3dc2eebf-b4df-4b59-88c0-5dcb7508aea5', '3dc2eebf-b4df-4b59-88c0-5dcb7508aea5', '3dc2eebf-b4df-4b59-88c0-5dcb7508aea5', '3dc2eebf-b4df-4b59-88c0-5dcb7508aea5', '3dc2eebf-b4df-4b59-88c0-5dcb7508aea5', '3dc2eebf-b4df-4b59-88c0-5dcb7508aea5', '3dc2eebf-b4df-4b59-88c0-5dcb7508aea5', '3dc2eebf-b4df-4b59-88c0-5dcb7508aea5', '3dc2eebf-b4df-4b59-88c0-5dcb7508aea5', '3dc2eebf-b4df-4b59-88c0-5dcb7508aea5', '3dc2eebf-b4df-4b59-88c0-5dcb7508aea5', '3dc2eebf-b4df-4b59-88c0-5dcb7508aea5', '3dc2eebf-b4df-4b59-88c0-5dcb7508aea5', '3dc2eebf-b4df-4b59-88c0-5dcb7508aea5', '3dc2eebf-b4df-4b59-88c0-5dcb7508aea5', '3dc2eebf-b4df-4b59-88c0-5dcb7508aea5', '3dc2eebf-b4df-4b59-88c0-5dcb7508aea5', '3dc2eebf-b4df-4b59-88c0-5dcb7508aea5', '3dc2eebf-b4df-4b59-88c0-5dcb7508aea5', '3dc2eebf-b4df-4b59-88c0-5dcb7508aea5', '3dc2eebf-b4df-4b59-88c0-5dcb7508aea5', '3dc2eebf-b4df-4b59-88c0-5dcb7508aea5', '3dc2eebf-b4df-4b59-88c0-5dcb7508aea5', '3dc2eebf-b4df-4b59-88c0-5dcb7508aea5', '3dc2eebf-b4df-4b59-88c0-5dcb7508aea5', '3dc2eebf-b4df-4b59-88c0-5dcb7508aea5', '3dc2eebf-b4df-4b59-88c0-5dcb7508aea5', '3dc2eebf-b4df-4b59-88c0-5dcb7508aea5', '3dc2eebf-b4df-4b59-88c0-5dcb7508aea5', '3dc2eebf-b4df-4b59-88c0-5dcb7508aea5', '3dc2eebf-b4df-4b59-88c0-5dcb7508aea5', '3dc2eebf-b4df-4b59-88c0-5dcb7508aea5', 'e9838034-ce81-4e8c-8ca7-639a0cf211b5', 'b52bfdc4-276a-41bf-b34f-fe33096e101f', 'f6880ae4-30f5-4673-a399-078ae1fffc33', '31818e02-2f05-43da-b590-e23ebe14a9e8', '1cdc25d5-1bd7-4a72-b330-131b1fd1d69c', 'd0c7e892-3baa-4bb5-8db9-93c438d80e00', 'ac58f9bb-84ec-4b53-8109-4af2ca3ea8b6', '0d1ac1d2-ba10-4f5f-bd4c-9fca9a051965', 'fd42d4f3-662c-4c78-98bb-bb72a4886262', '14d6d231-8c65-4ff6-b115-43e4d004a510', '360ed934-2224-44e7-8eac-3aa73d7895c8']"
e0d70f86-dd6b-4504-b0c0-1173b324f3dc,8,"['ccd26a4a-75db-4182-b604-d00fccd69412', 'ccd26a4a-75db-4182-b604-d00fccd69412', 'ccd26a4a-75db-4182-b604-d00fccd69412', 'ccd26a4a-75db-4182-b604-d00fccd69412', 'ccd26a4a-75db-4182-b604-d00fccd69412', 'ccd26a4a-75db-4182-b604-d00fccd69412', 'ccd26a4a-75db-4182-b604-d00fccd69412', 'ccd26a4a-75db-4182-b604-d00fccd69412', 'ccd26a4a-75db-4182-b604-d00fccd69412', 'ccd26a4a-75db-4182-b604-d00fccd69412', 'ccd26a4a-75db-4182-b604-d00fccd69412', 'ccd26a4a-75db-4182-b604-d00fccd69412', 'ccd26a4a-75db-4182-b604-d00fccd69412', 'ccd26a4a-75db-4182-b604-d00fccd69412', 'ccd26a4a-75db-4182-b604-d00fccd69412', 'ccd26a4a-75db-4182-b604-d00fccd69412', 'ccd26a4a-75db-4182-b604-d00fccd69412', 'ccd26a4a-75db-4182-b604-d00fccd69412', 'ccd26a4a-75db-4182-b604-d00fccd69412', 'ccd26a4a-75db-4182-b604-d00fccd69412', 'ccd26a4a-75db-4182-b604-d00fccd69412', 'ccd26a4a-75db-4182-b604-d00fccd69412', 'ccd26a4a-75db-4182-b604-d00fccd69412', 'ccd26a4a-75db-4182-b604-d00fccd69412', 'ccd26a4a-75db-4182-b604-d00fccd69412', '4f51926b-0ee0-48c2-915a-d1793e4f97e4', 'f4649814-947c-4c3d-93ce-84424c1431da', '2e13cb42-7b91-4fcf-a89d-c07df99bd1d3', 'fbf2c026-e111-4280-ba4b-b9c75710d837', '0fdb198e-b825-41f5-84f6-74cddbcb40cd', '25393d55-98a2-4594-80db-8b5dfd73ec3f', '10caf86f-494c-4fcd-bba7-072ca2aa1c57', '552c9d00-bc8d-4715-8774-f81257cc9bbd', 'dcfeec47-a1bd-43ab-a670-67d5658ca4d7', '4b1b67d2-44bd-47d5-8219-3c540bfb3bb8', '965165ed-c495-4893-abaf-36ef27fbf0f1', '49d8b4a3-da25-4673-bd18-ace757b2fe5f', 'fdcba939-bc37-462c-a8f7-746aa12a428e', '87445335-059f-4f10-9027-62a40da55ae7', 'c32e2ae7-01df-4fc4-9038-3f44f0d864c4', '7e8ccd86-9a8d-45a2-bbf9-facdc48e3aa6', '68868cb9-95ce-41f7-8379-bf371ad3ca4d', '74306d77-ac5a-4911-bba8-ea43fb29e374', '1e43ea13-7373-4016-b10b-a67f36da73a8', '8b4bc5c9-2c01-45fe-be9b-05468b4d6402', 'caa06bbd-32cc-451e-9301-9413df13dbc6', 'a0e3deb0-6504-4f98-9a87-84dc1e20fd5a', '97e7c004-0bb0-4b78-b0a4-db0948a0c096', 'e33f04c1-30e9-477c-bcf4-99e843b012b6', 'fb5b4659-c487-44b4-b460-508174f6815c']"
810123fc-4e14-499d-b6b1-d7944948e672,9,"['4413d4b1-718c-4f7c-a83d-c6b15b2c3e92', '4413d4b1-718c-4f7c-a83d-c6b15b2c3e92', '4413d4b1-718c-4f7c-a83d-c6b15b2c3e92', '4413d4b1-718c-4f7c-a83d-c6b15b2c3e92', '4413d4b1-718c-4f7c-a83d-c6b15b2c3e92', '4413d4b1-718c-4f7c-a83d-c6b15b2c3e92', '4413d4b1-718c-4f7c-a83d-c6b15b2c3e92', '4413d4b1-718c-4f7c-a83d-c6b15b2c3e92', '4413d4b1-718c-4f7c-a83d-c6b15b2c3e92', '4413d4b1-718c-4f7c-a83d-c6b15b2c3e92', '4413d4b1-718c-4f7c-a83d-c6b15b2c3e92', '4413d4b1-718c-4f7c-a83d-c6b15b2c3e92', '4413d4b1-718c-4f7c-a83d-c6b15b2c3e92', '4413d4b1-718c-4f7c-a83d-c6b15b2c3e92', '4413d4b1-718c-4f7c-a83d-c6b15b2c3e92', '4413d4b1-718c-4f7c-a83d-c6b15b2c3e92', '4413d4b1-718c-4f7c-a83d-c6b15b2c3e92', '4413d4b1-718c-4f7c-a83d-c6b15b2c3e92', '4413d4b1-718c-4f7c-a83d-c6b15b2c3e92', '4413d4b1-718c-4f7c-a83d-c6b15b2c3e92', '4413d4b1-718c-4f7c-a83d-c6b15b2c3e92', '4413d4b1-718c-4f7c-a83d-c6b15b2c3e92', '4413d4b1-718c-4f7c-a83d-c6b15b2c3e92', '4413d4b1-718c-4f7c-a83d-c6b15b2c3e92', '4413d4b1-718c-4f7c-a83d-c6b15b2c3e92', '4413d4b1-718c-4f7c-a83d-c6b15b2c3e92', '4413d4b1-718c-4f7c-a83d-c6b15b2c3e92', '4413d4b1-718c-4f7c-a83d-c6b15b2c3e92', '4413d4b1-718c-4f7c-a83d-c6b15b2c3e92', '4413d4b1-718c-4f7c-a83d-c6b15b2c3e92', '4413d4b1-718c-4f7c-a83d-c6b15b2c3e92', '4413d4b1-718c-4f7c-a83d-c6b15b2c3e92', '4413d4b1-718c-4f7c-a83d-c6b15b2c3e92', '4413d4b1-718c-4f7c-a83d-c6b15b2c3e92', 'fb20d89d-250b-458f-adaa-743993f422ed', '3da19b55-2e32-4d8d-b584-c0e8be57d7bd', '8384b16d-2f1a-415e-a32e-3bccfc3108b3', 'b87afea1-01fd-4b7e-b4fb-448ed8eddc77', '1ab01103-8da2-49e5-8fda-e5ffbbd69533', 'a36b4bfa-c9b5-4317-993f-dcbff45cc521', '5d9c9e08-72c6-4818-ae8d-ad0b5e4a5ede', '9e1913b3-77f5-411c-b7b7-fc4d34478c5b', 'cf3e9c7a-c5ff-4afe-a0c8-fca2c0513304', '0e4fb84d-305d-46ec-9c47-4aa2ffae43cf', '177c2e8b-ab8f-4461-8575-3dfb2635d281', 'a16209ec-65f6-456c-92f9-ca251a78ac2f', '8115ba73-18bb-4c99-9c6e-b1388fa205cc', 'bc6d2cb1-a981-4ddf-afbb-d10b7cf974fc', '8ed2783d-ff4c-471c-9e92-9417b921eefa', 'e7746338-2752-42e8-aded-317a1b550ed3']"
63236085-74ee-47ff-9b11-5516e30bde07,9,"['c4c90e49-e660-44f4-b907-13b9c1aa0449', 'c4c90e49-e660-44f4-b907-13b9c1aa0449', 'c4c90e49-e660-44f4-b907-13b9c1aa0449', 'c4c90e49-e660-44f4-b907-13b9c1aa0449', 'c4c90e49-e660-44f4-b907-13b9c1aa0449', 'c4c90e49-e660-44f4-b907-13b9c1aa0449', 'c4c90e49-e660-44f4-b907-13b9c1aa0449', 'c4c90e49-e660-44f4-b907-13b9c1aa0449', 'c4c90e49-e660-44f4-b907-13b9c1aa0449', 'c4c90e49-e660-44f4-b907-13b9c1aa0449', 'c4c90e49-e660-44f4-b907-13b9c1aa0449', 'c4c90e49-e660-44f4-b907-13b9c1aa0449', 'c4c90e49-e660-44f4-b907-13b9c1aa0449', 'c4c90e49-e660-44f4-b907-13b9c1aa0449', 'c4c90e49-e660-44f4-b907-13b9c1aa0449', 'c4c90e49-e660-44f4-b907-13b9c1aa0449', 'c4c90e49-e660-44f4-b907-13b9c1aa0449', 'c4c90e49-e660-44f4-b907-13b9c1aa0449', 'c4c90e49-e660-44f4-b907-13b9c1aa0449', 'c4c90e49-e660-44f4-b907-13b9c1aa0449', 'c4c90e49-e660-44f4-b907-13b9c1aa0449', 'c4c90e49-e660-44f4-b907-13b9c1aa0449', 'c4c90e49-e660-44f4-b907-13b9c1aa0449', 'c4c90e49-e660-44f4-b907-13b9c1aa0449', 'c4c90e49-e660-44f4-b907-13b9c1aa0449', 'c4c90e49-e660-44f4-b907-13b9c1aa0449', 'c4c90e49-e660-44f4-b907-13b9c1aa0449', 'c4c90e49-e660-44f4-b907-13b9c1aa0449', 'c4c90e49-e660-44f4-b907-13b9c1aa0449', 'c4c90e49-e660-44f4-b907-13b9c1aa0449', 'c4c90e49-e660-44f4-b907-13b9c1aa0449', 'c4c90e49-e660-44f4-b907-13b9c1aa0449', 'c4c90e49-e660-44f4-b907-13b9c1aa0449', 'c4c90e49-e660-44f4-b907-13b9c1aa0449', 'c4c90e49-e660-44f4-b907-13b9c1aa0449', 'c4c90e49-e660-44f4-b907-13b9c1aa0449', 'c4c90e49-e660-44f4-b907-13b9c1aa0449', '960ff7aa-5d99-4cc9-b551-1a92d68521fc', '1f6167c8-4e0d-4acb-839a-94114cf04d06', '48e1e53d-24a7-4edc-b9d0-b84d212247da', '2f5e9bd8-03c5-4055-afae-3bccdc640534', '6753527c-98c1-4a5f-beb0-11f164952c88', '783264cf-bcf8-4d66-b16e-1698e5f6a621', '474c64dc-83ae-4523-8f1b-e63931204b73', 'ad12d396-fdb5-4bbd-8f4c-aa3208d73047', 'c949917c-457a-4dbe-ab7d-934a052ba241', '23884f34-a3bb-42c8-85c9-ab48811b38e1', '3b61d2e7-3344-4440-a917-b5a4379c6cdf', 'dc028f4d-87c6-4c64-a035-b580923cf29c', 'aae8d6dc-f720-4b9b-827a-559befabf449']"
f4ec4b45-5d3a-45c8-a84a-4a4b8d9e5e85,10,"['874e4772-6909-4387-93b2-d67ac2b001d8', '874e4772-6909-4387-93b2-d67ac2b001d8', '874e4772-6909-4387-93b2-d67ac2b001d8', '874e4772-6909-4387-93b2-d67ac2b001d8', '874e4772-6909-4387-93b2-d67ac2b001d8', '874e4772-6909-4387-93b2-d67ac2b001d8', '874e4772-6909-4387-93b2-d67ac2b001d8', '874e4772-6909-4387-93b2-d67ac2b001d8', '874e4772-6909-4387-93b2-d67ac2b001d8', '874e4772-6909-4387-93b2-d67ac2b001d8', '874e4772-6909-4387-93b2-d67ac2b001d8', '874e4772-6909-4387-93b2-d67ac2b001d8', '874e4772-6909-4387-93b2-d67ac2b001d8', '874e4772-6909-4387-93b2-d67ac2b001d8', '874e4772-6909-4387-93b2-d67ac2b001d8', '874e4772-6909-4387-93b2-d67ac2b001d8', '874e4772-6909-4387-93b2-d67ac2b001d8', '874e4772-6909-4387-93b2-d67ac2b001d8', '874e4772-6909-4387-93b2-d67ac2b001d8', '874e4772-6909-4387-93b2-d67ac2b001d8', '874e4772-6909-4387-93b2-d67ac2b001d8', '874e4772-6909-4387-93b2-d67ac2b001d8', '874e4772-6909-4387-93b2-d67ac2b001d8', '874e4772-6909-4387-93b2-d67ac2b001d8', '874e4772-6909-4387-93b2-d67ac2b001d8', '874e4772-6909-4387-93b2-d67ac2b001d8', '874e4772-6909-4387-93b2-d67ac2b001d8', '874e4772-6909-4387-93b2-d67ac2b001d8', '874e4772-6909-4387-93b2-d67ac2b001d8', '874e4772-6909-4387-93b2-d67ac2b001d8', '874e4772-6909-4387-93b2-d67ac2b001d8', '874e4772-6909-4387-93b2-d67ac2b001d8', '874e4772-6909-4387-93b2-d67ac2b001d8', '874e4772-6909-4387-93b2-d67ac2b001d8', '874e4772-6909-4387-93b2-d67ac2b001d8', '874e4772-6909-4387-93b2-d67ac2b001d8', '874e4772-6909-4387-93b2-d67ac2b001d8', '874e4772-6909-4387-93b2-d67ac2b001d8', '874e4772-6909-4387-93b2-d67ac2b001d8', '874e4772-6909-4387-93b2-d67ac2b001d8', '874e4772-6909-4387-93b2-d67ac2b001d8', '5efedfeb-e296-46e6-9e5e-35046c82628a', 'feb9ff78-36a3-40c1-a841-8319e21999fc', '59c7c6e6-b294-4625-8451-3bb4456d7e04', '3e8d336d-2451-429a-961d-9e49e55f1a6f', '2455b7ea-d04a-4b2d-9f97-66b40b8f9de1', '29140522-a8ce-4726-bb74-3ded7efc22aa', '78f1e2df-f075-4bc2-9c4d-c4af54c215ff', '49287fba-9f67-425f-b812-e35151697da3', 'ae553fd9-d10f-4f3b-9eb4-03868799255b']"
8580418e-5d1f-4c82-ba71-b61321957642,12,"['3dc2eebf-b4df-4b59-88c0-5dcb7508aea5', '3dc2eebf-b4df-4b59-88c0-5dcb7508aea5', '3dc2eebf-b4df-4b59-88c0-5dcb7508aea5', '3dc2eebf-b4df-4b59-88c0-5dcb7508aea5', '3dc2eebf-b4df-4b59-88c0-5dcb7508aea5', '3dc2eebf-b4df-4b59-88c0-5dcb7508aea5', '3dc2eebf-b4df-4b59-88c0-5dcb7508aea5', '3dc2eebf-b4df-4b59-88c0-5dcb7508aea5', '3dc2eebf-b4df-4b59-88c0-5dcb7508aea5', '3dc2eebf-b4df-4b59-88c0-5dcb7508aea5', '3dc2eebf-b4df-4b59-88c0-5dcb7508aea5', '3dc2eebf-b4df-4b59-88c0-5dcb7508aea5', '3dc2eebf-b4df-4b59-88c0-5dcb7508aea5', '3dc2eebf-b4df-4b59-88c0-5dcb7508aea5', '3dc2eebf-b4df-4b59-88c0-5dcb7508aea5', '3dc2eebf-b4df-4b59-88c0-5dcb7508aea5', '3dc2eebf-b4df-4b59-88c0-5dcb7508aea5', '3dc2eebf-b4df-4b59-88c0-5dcb7508aea5', '3dc2eebf-b4df-4b59-88c0-5dcb7508aea5', '3dc2eebf-b4df-4b59-88c0-5dcb7508aea5', '3dc2eebf-b4df-4b59-88c0-5dcb7508aea5', '3dc2eebf-b4df-4b59-88c0-5dcb7508aea5', '3dc2eebf-b4df-4b59-88c0-5dcb7508aea5', '3dc2eebf-b4df-4b59-88c0-5dcb7508aea5', '3dc2eebf-b4df-4b59-88c0-5dcb7508aea5', '3dc2eebf-b4df-4b59-88c0-5dcb7508aea5', '3dc2eebf-b4df-4b59-88c0-5dcb7508aea5', '3dc2eebf-b4df-4b59-88c0-5dcb7508aea5', '3dc2eebf-b4df-4b59-88c0-5dcb7508aea5', '3dc2eebf-b4df-4b59-88c0-5dcb7508aea5', '3dc2eebf-b4df-4b59-88c0-5dcb7508aea5', '3dc2eebf-b4df-4b59-88c0-5dcb7508aea5', '3dc2eebf-b4df-4b59-88c0-5dcb7508aea5', '3dc2eebf-b4df-4b59-88c0-5dcb7508aea5', 'e9838034-ce81-4e8c-8ca7-639a0cf211b5', 'b52bfdc4-276a-41bf-b34f-fe33096e101f', 'f6880ae4-30f5-4673-a399-078ae1fffc33', '31818e02-2f05-43da-b590-e23ebe14a9e8', 'd0c7e892-3baa-4bb5-8db9-93c438d80e00', 'ac58f9bb-84ec-4b53-8109-4af2ca3ea8b6', '0d1ac1d2-ba10-4f5f-bd4c-9fca9a051965', 'fd42d4f3-662c-4c78-98bb-bb72a4886262', '14d6d231-8c65-4ff6-b115-43e4d004a510', '360ed934-2224-44e7-8eac-3aa73d7895c8', '9f650f39-0973-4d73-9038-077ac5c7f779', 'eceb73db-5d42-4d66-a81b-657e348300c3', 'a4957104-4d40-47b9-ab21-18469e5ad0f3', '89017764-61c7-4d45-b8be-47e4b372eadb', '64bdf9c7-62b0-440c-9218-a8393b464183', '4268a03b-09bf-428c-b625-b6bde8ca63ef']"
e0d70f86-dd6b-4504-b0c0-1173b324f3dc,9,"['1e43ea13-7373-4016-b10b-a67f36da73a8', '1e43ea13-7373-4016-b10b-a67f36da73a8', '1e43ea13-7373-4016-b10b-a67f36da73a8', '1e43ea13-7373-4016-b10b-a67f36da73a8', '1e43ea13-7373-4016-b10b-a67f36da73a8', '1e43ea13-7373-4016-b10b-a67f36da73a8', '1e43ea13-7373-4016-b10b-a67f36da73a8', '1e43ea13-7373-4016-b10b-a67f36da73a8', '1e43ea13-7373-4016-b10b-a67f36da73a8', '1e43ea13-7373-4016-b10b-a67f36da73a8', '1e43ea13-7373-4016-b10b-a67f36da73a8', '1e43ea13-7373-4016-b10b-a67f36da73a8', '1e43ea13-7373-4016-b10b-a67f36da73a8', '1e43ea13-7373-4016-b10b-a67f36da73a8', '1e43ea13-7373-4016-b10b-a67f36da73a8', '1e43ea13-7373-4016-b10b-a67f36da73a8', '1e43ea13-7373-4016-b10b-a67f36da73a8', '1e43ea13-7373-4016-b10b-a67f36da73a8', '1e43ea13-7373-4016-b10b-a67f36da73a8', '1e43ea13-7373-4016-b10b-a67f36da73a8', '1e43ea13-7373-4016-b10b-a67f36da73a8', '1e43ea13-7373-4016-b10b-a67f36da73a8', '1e43ea13-7373-4016-b10b-a67f36da73a8', '1e43ea13-7373-4016-b10b-a67f36da73a8', '1e43ea13-7373-4016-b10b-a67f36da73a8', '1e43ea13-7373-4016-b10b-a67f36da73a8', '1e43ea13-7373-4016-b10b-a67f36da73a8', '1e43ea13-7373-4016-b10b-a67f36da73a8', '1e43ea13-7373-4016-b10b-a67f36da73a8', '1e43ea13-7373-4016-b10b-a67f36da73a8', '1e43ea13-7373-4016-b10b-a67f36da73a8', '1e43ea13-7373-4016-b10b-a67f36da73a8', '1e43ea13-7373-4016-b10b-a67f36da73a8', '1e43ea13-7373-4016-b10b-a67f36da73a8', '1e43ea13-7373-4016-b10b-a67f36da73a8', '1e43ea13-7373-4016-b10b-a67f36da73a8', '1e43ea13-7373-4016-b10b-a67f36da73a8', '1e43ea13-7373-4016-b10b-a67f36da73a8', '1e43ea13-7373-4016-b10b-a67f36da73a8', '1e43ea13-7373-4016-b10b-a67f36da73a8', '1e43ea13-7373-4016-b10b-a67f36da73a8', '1e43ea13-7373-4016-b10b-a67f36da73a8', '2b2f9c03-4cf0-4706-a978-fa3b014b3cac', 'd42ffc07-78a0-4d6a-8bda-0b0568bf7a51', 'd70eaaeb-b845-4c79-83db-4d79a263972a', 'ab12cd7c-f754-42af-8c25-bfe685c044d5', 'af3a264a-8f64-4b76-893c-395462b37785', 'ab2bbc78-b2ae-4bf2-af6f-7f5fa3085041', '4b00ab7c-b523-4036-93de-96569770841d', '02048cdf-bc0f-46d0-9eb2-c495095799ed']"
810123fc-4e14-499d-b6b1-d7944948e672,10,"['4413d4b1-718c-4f7c-a83d-c6b15b2c3e92', '4413d4b1-718c-4f7c-a83d-c6b15b2c3e92', '4413d4b1-718c-4f7c-a83d-c6b15b2c3e92', '4413d4b1-718c-4f7c-a83d-c6b15b2c3e92', '4413d4b1-718c-4f7c-a83d-c6b15b2c3e92', '4413d4b1-718c-4f7c-a83d-c6b15b2c3e92', '4413d4b1-718c-4f7c-a83d-c6b15b2c3e92', '4413d4b1-718c-4f7c-a83d-c6b15b2c3e92', '4413d4b1-718c-4f7c-a83d-c6b15b2c3e92', '4413d4b1-718c-4f7c-a83d-c6b15b2c3e92', '4413d4b1-718c-4f7c-a83d-c6b15b2c3e92', '4413d4b1-718c-4f7c-a83d-c6b15b2c3e92', '4413d4b1-718c-4f7c-a83d-c6b15b2c3e92', '4413d4b1-718c-4f7c-a83d-c6b15b2c3e92', '4413d4b1-718c-4f7c-a83d-c6b15b2c3e92', '4413d4b1-718c-4f7c-a83d-c6b15b2c3e92', '4413d4b1-718c-4f7c-a83d-c6b15b2c3e92', '4413d4b1-718c-4f7c-a83d-c6b15b2c3e92', '4413d4b1-718c-4f7c-a83d-c6b15b2c3e92', '4413d4b1-718c-4f7c-a83d-c6b15b2c3e92', '4413d4b1-718c-4f7c-a83d-c6b15b2c3e92', '4413d4b1-718c-4f7c-a83d-c6b15b2c3e92', '4413d4b1-718c-4f7c-a83d-c6b15b2c3e92', '4413d4b1-718c-4f7c-a83d-c6b15b2c3e92', '4413d4b1-718c-4f7c-a83d-c6b15b2c3e92', '4413d4b1-718c-4f7c-a83d-c6b15b2c3e92', '4413d4b1-718c-4f7c-a83d-c6b15b2c3e92', '4413d4b1-718c-4f7c-a83d-c6b15b2c3e92', 'fb20d89d-250b-458f-adaa-743993f422ed', '3da19b55-2e32-4d8d-b584-c0e8be57d7bd', '8384b16d-2f1a-415e-a32e-3bccfc3108b3', 'b87afea1-01fd-4b7e-b4fb-448ed8eddc77', '1ab01103-8da2-49e5-8fda-e5ffbbd69533', 'a36b4bfa-c9b5-4317-993f-dcbff45cc521', '5d9c9e08-72c6-4818-ae8d-ad0b5e4a5ede', '9e1913b3-77f5-411c-b7b7-fc4d34478c5b', 'cf3e9c7a-c5ff-4afe-a0c8-fca2c0513304', '0e4fb84d-305d-46ec-9c47-4aa2ffae43cf', '177c2e8b-ab8f-4461-8575-3dfb2635d281', 'a16209ec-65f6-456c-92f9-ca251a78ac2f', '8115ba73-18bb-4c99-9c6e-b1388fa205cc', 'bc6d2cb1-a981-4ddf-afbb-d10b7cf974fc', '8ed2783d-ff4c-471c-9e92-9417b921eefa', 'e7746338-2752-42e8-aded-317a1b550ed3', 'fd58a067-0e2b-4dd8-a42b-dabac1fc058a', '5af34edd-3552-4b65-b6d8-7f33b91d4a1b', '1a0f16de-5f6d-488c-8910-9c0f77ca363c', 'bddbfe01-d1b0-4c1f-9236-4ef7db76b2b3', '11720587-03d7-429a-9a98-71d52912707d', '50a9be6d-718c-49dc-b663-2d9d9568e72d']"
34cfbdf5-3507-4887-9d4c-edf3c8808057,10,"['35982583-320d-4bfa-a578-5d42fe127a04', '35982583-320d-4bfa-a578-5d42fe127a04', '35982583-320d-4bfa-a578-5d42fe127a04', '35982583-320d-4bfa-a578-5d42fe127a04', '35982583-320d-4bfa-a578-5d42fe127a04', '35982583-320d-4bfa-a578-5d42fe127a04', '35982583-320d-4bfa-a578-5d42fe127a04', '35982583-320d-4bfa-a578-5d42fe127a04', '35982583-320d-4bfa-a578-5d42fe127a04', '35982583-320d-4bfa-a578-5d42fe127a04', '35982583-320d-4bfa-a578-5d42fe127a04', '35982583-320d-4bfa-a578-5d42fe127a04', '35982583-320d-4bfa-a578-5d42fe127a04', '35982583-320d-4bfa-a578-5d42fe127a04', '35982583-320d-4bfa-a578-5d42fe127a04', '35982583-320d-4bfa-a578-5d42fe127a04', '35982583-320d-4bfa-a578-5d42fe127a04', '35982583-320d-4bfa-a578-5d42fe127a04', '35982583-320d-4bfa-a578-5d42fe127a04', '35982583-320d-4bfa-a578-5d42fe127a04', '35982583-320d-4bfa-a578-5d42fe127a04', '35982583-320d-4bfa-a578-5d42fe127a04', '35982583-320d-4bfa-a578-5d42fe127a04', '35982583-320d-4bfa-a578-5d42fe127a04', '35982583-320d-4bfa-a578-5d42fe127a04', '35982583-320d-4bfa-a578-5d42fe127a04', '4ce4a74b-8a0b-4ba5-b0a0-056f58513be2', 'ba8ac4ff-dd7e-4ed5-8a59-9231eed6c23f', 'f79c9a93-8f1b-4c5d-ac53-0cdbc9825d77', 'bb5520a9-efec-4583-9203-fa6467c5b98e', '3d2f58e7-103b-4e12-a010-d9082e043df8', 'ea7b56c1-15d9-4e75-a959-638931a32203', 'cc3f7a3a-bdec-46ad-803a-557c43931f58', '1b5c74c7-d7b8-4fc6-8251-1aa471b6c05b', '16d4887f-3249-4805-88fe-dace3528ca47', '2e068a6b-5481-4d09-8651-8367ee978ea5', '56c87bca-614c-46ce-9cb7-85bc5d541884', 'f88fcb4b-a719-4ab3-bb09-1d416e97621a', 'e44106ea-5117-42a7-a0c8-3a39279021b9', '6025229e-e708-4a66-9a4f-570cb0e285ab', '5708c661-f462-4fda-aff7-720a19668570', 'a887cc8f-9166-4272-9c6b-84d3a2addf49', 'f6161c34-19df-4f28-820b-02d099636fb5', '2e3f0a2b-9bc9-4e3b-a015-ccc88d22bee8', '57ce124f-48c9-4d69-b273-0080c6736760', 'e30446e5-a0b9-484b-beb1-d84d5f6995e5', '95d69d32-f417-468a-af03-0f10a86c00db', 'ef5d19cd-ae1b-410d-8f74-b4047b364154', '10fa2b21-603b-4895-9ff6-b6ecc2356f8e', 'baca99e8-31a6-4df0-ab84-0cbefe1a445e']"
63236085-74ee-47ff-9b11-5516e30bde07,10,"['c4c90e49-e660-44f4-b907-13b9c1aa0449', 'c4c90e49-e660-44f4-b907-13b9c1aa0449', 'c4c90e49-e660-44f4-b907-13b9c1aa0449', 'c4c90e49-e660-44f4-b907-13b9c1aa0449', 'c4c90e49-e660-44f4-b907-13b9c1aa0449', 'c4c90e49-e660-44f4-b907-13b9c1aa0449', 'c4c90e49-e660-44f4-b907-13b9c1aa0449', 'c4c90e49-e660-44f4-b907-13b9c1aa0449', 'c4c90e49-e660-44f4-b907-13b9c1aa0449', 'c4c90e49-e660-44f4-b907-13b9c1aa0449', 'c4c90e49-e660-44f4-b907-13b9c1aa0449', 'c4c90e49-e660-44f4-b907-13b9c1aa0449', 'c4c90e49-e660-44f4-b907-13b9c1aa0449', 'c4c90e49-e660-44f4-b907-13b9c1aa0449', 'c4c90e49-e660-44f4-b907-13b9c1aa0449', 'c4c90e49-e660-44f4-b907-13b9c1aa0449', 'c4c90e49-e660-44f4-b907-13b9c1aa0449', 'c4c90e49-e660-44f4-b907-13b9c1aa0449', 'c4c90e49-e660-44f4-b907-13b9c1aa0449', 'c4c90e49-e660-44f4-b907-13b9c1aa0449', 'c4c90e49-e660-44f4-b907-13b9c1aa0449', 'c4c90e49-e660-44f4-b907-13b9c1aa0449', 'c4c90e49-e660-44f4-b907-13b9c1aa0449', 'c4c90e49-e660-44f4-b907-13b9c1aa0449', 'c4c90e49-e660-44f4-b907-13b9c1aa0449', 'c4c90e49-e660-44f4-b907-13b9c1aa0449', 'c4c90e49-e660-44f4-b907-13b9c1aa0449', 'c4c90e49-e660-44f4-b907-13b9c1aa0449', 'c4c90e49-e660-44f4-b907-13b9c1aa0449', 'c4c90e49-e660-44f4-b907-13b9c1aa0449', 'c4c90e49-e660-44f4-b907-13b9c1aa0449', '1f6167c8-4e0d-4acb-839a-94114cf04d06', '48e1e53d-24a7-4edc-b9d0-b84d212247da', '2f5e9bd8-03c5-4055-afae-3bccdc640534', '6753527c-98c1-4a5f-beb0-11f164952c88', '783264cf-bcf8-4d66-b16e-1698e5f6a621', '474c64dc-83ae-4523-8f1b-e63931204b73', 'ad12d396-fdb5-4bbd-8f4c-aa3208d73047', 'c949917c-457a-4dbe-ab7d-934a052ba241', '23884f34-a3bb-42c8-85c9-ab48811b38e1', 'dc028f4d-87c6-4c64-a035-b580923cf29c', 'aae8d6dc-f720-4b9b-827a-559befabf449', '582107a3-bd2c-460d-a801-ec4b61c297e5', 'cf047c5f-baa2-4353-b5c8-d55c1634776a', '8862a156-312f-4f9c-afba-bd0c8f48f8f3', 'c7cfc286-006c-48e9-bb4e-b98030b4e18f', '61b71ecb-ba4b-40d9-bb64-e6ee7a1bb4cf', '8242cbd2-5c0c-4668-954d-436bcdc2d6cb', 'da0ced79-2889-418e-9bb1-e41be429f97b', '299e0b04-c3c1-461a-8871-5e332b5b5d25']"
e0d70f86-dd6b-4504-b0c0-1173b324f3dc,10,"['1e43ea13-7373-4016-b10b-a67f36da73a8', '1e43ea13-7373-4016-b10b-a67f36da73a8', '1e43ea13-7373-4016-b10b-a67f36da73a8', '1e43ea13-7373-4016-b10b-a67f36da73a8', '1e43ea13-7373-4016-b10b-a67f36da73a8', '1e43ea13-7373-4016-b10b-a67f36da73a8', '1e43ea13-7373-4016-b10b-a67f36da73a8', '1e43ea13-7373-4016-b10b-a67f36da73a8', '1e43ea13-7373-4016-b10b-a67f36da73a8', '1e43ea13-7373-4016-b10b-a67f36da73a8', '1e43ea13-7373-4016-b10b-a67f36da73a8', '1e43ea13-7373-4016-b10b-a67f36da73a8', '1e43ea13-7373-4016-b10b-a67f36da73a8', '1e43ea13-7373-4016-b10b-a67f36da73a8', '1e43ea13-7373-4016-b10b-a67f36da73a8', '1e43ea13-7373-4016-b10b-a67f36da73a8', '1e43ea13-7373-4016-b10b-a67f36da73a8', '1e43ea13-7373-4016-b10b-a67f36da73a8', '1e43ea13-7373-4016-b10b-a67f36da73a8', '1e43ea13-7373-4016-b10b-a67f36da73a8', '1e43ea13-7373-4016-b10b-a67f36da73a8', '1e43ea13-7373-4016-b10b-a67f36da73a8', '1e43ea13-7373-4016-b10b-a67f36da73a8', '1e43ea13-7373-4016-b10b-a67f36da73a8', '1e43ea13-7373-4016-b10b-a67f36da73a8', '1e43ea13-7373-4016-b10b-a67f36da73a8', '1e43ea13-7373-4016-b10b-a67f36da73a8', '1e43ea13-7373-4016-b10b-a67f36da73a8', '1e43ea13-7373-4016-b10b-a67f36da73a8', '1e43ea13-7373-4016-b10b-a67f36da73a8', '1e43ea13-7373-4016-b10b-a67f36da73a8', '1e43ea13-7373-4016-b10b-a67f36da73a8', '1e43ea13-7373-4016-b10b-a67f36da73a8', '1e43ea13-7373-4016-b10b-a67f36da73a8', '1e43ea13-7373-4016-b10b-a67f36da73a8', '1e43ea13-7373-4016-b10b-a67f36da73a8', '1e43ea13-7373-4016-b10b-a67f36da73a8', '1e43ea13-7373-4016-b10b-a67f36da73a8', '2b2f9c03-4cf0-4706-a978-fa3b014b3cac', 'd42ffc07-78a0-4d6a-8bda-0b0568bf7a51', 'af3a264a-8f64-4b76-893c-395462b37785', 'ab2bbc78-b2ae-4bf2-af6f-7f5fa3085041', '4b00ab7c-b523-4036-93de-96569770841d', '02048cdf-bc0f-46d0-9eb2-c495095799ed', '6ad53db7-9df4-4e36-aea0-49af6019aeb4', '8052c72d-c73d-4c70-8929-e9936a82a90b', '14606f9d-ce3e-4973-9774-8edd62ab2940', '21762070-6d17-42f7-af8d-30a4016af751', '8286667e-1fb0-4785-a40c-845a002953d2', '2a7589b5-b98d-4a2c-908c-561adb3ad898']"
810123fc-4e14-499d-b6b1-d7944948e672,11,"['4413d4b1-718c-4f7c-a83d-c6b15b2c3e92', '4413d4b1-718c-4f7c-a83d-c6b15b2c3e92', '4413d4b1-718c-4f7c-a83d-c6b15b2c3e92', '4413d4b1-718c-4f7c-a83d-c6b15b2c3e92', '4413d4b1-718c-4f7c-a83d-c6b15b2c3e92', '4413d4b1-718c-4f7c-a83d-c6b15b2c3e92', '4413d4b1-718c-4f7c-a83d-c6b15b2c3e92', '4413d4b1-718c-4f7c-a83d-c6b15b2c3e92', '4413d4b1-718c-4f7c-a83d-c6b15b2c3e92', '4413d4b1-718c-4f7c-a83d-c6b15b2c3e92', '4413d4b1-718c-4f7c-a83d-c6b15b2c3e92', '4413d4b1-718c-4f7c-a83d-c6b15b2c3e92', '4413d4b1-718c-4f7c-a83d-c6b15b2c3e92', '4413d4b1-718c-4f7c-a83d-c6b15b2c3e92', '4413d4b1-718c-4f7c-a83d-c6b15b2c3e92', '4413d4b1-718c-4f7c-a83d-c6b15b2c3e92', '4413d4b1-718c-4f7c-a83d-c6b15b2c3e92', '4413d4b1-718c-4f7c-a83d-c6b15b2c3e92', '4413d4b1-718c-4f7c-a83d-c6b15b2c3e92', '4413d4b1-718c-4f7c-a83d-c6b15b2c3e92', '4413d4b1-718c-4f7c-a83d-c6b15b2c3e92', '4413d4b1-718c-4f7c-a83d-c6b15b2c3e92', '4413d4b1-718c-4f7c-a83d-c6b15b2c3e92', 'fb20d89d-250b-458f-adaa-743993f422ed', '8384b16d-2f1a-415e-a32e-3bccfc3108b3', 'b87afea1-01fd-4b7e-b4fb-448ed8eddc77', '1ab01103-8da2-49e5-8fda-e5ffbbd69533', '5d9c9e08-72c6-4818-ae8d-ad0b5e4a5ede', '9e1913b3-77f5-411c-b7b7-fc4d34478c5b', 'cf3e9c7a-c5ff-4afe-a0c8-fca2c0513304', '0e4fb84d-305d-46ec-9c47-4aa2ffae43cf', '177c2e8b-ab8f-4461-8575-3dfb2635d281', '8115ba73-18bb-4c99-9c6e-b1388fa205cc', 'bc6d2cb1-a981-4ddf-afbb-d10b7cf974fc', '8ed2783d-ff4c-471c-9e92-9417b921eefa', 'e7746338-2752-42e8-aded-317a1b550ed3', 'fd58a067-0e2b-4dd8-a42b-dabac1fc058a', '5af34edd-3552-4b65-b6d8-7f33b91d4a1b', '1a0f16de-5f6d-488c-8910-9c0f77ca363c', 'bddbfe01-d1b0-4c1f-9236-4ef7db76b2b3', '11720587-03d7-429a-9a98-71d52912707d', '50a9be6d-718c-49dc-b663-2d9d9568e72d', '7cd111c7-34ab-482d-88b7-06b7aa0d9afe', '39ebbe84-dde5-4d82-bd5b-541195c8cac2', '84d53d23-3a33-4ce7-8769-31fce278b78c', 'a863a3c1-17c6-4319-b5eb-37df17854da2', 'c58b622d-84c8-47b5-81a9-94081ecac721', '82c58eb7-d616-4165-b8bd-358cba54b2ce', '06551d4e-c258-4627-bb11-e04128d0d382', '66a88fab-7f7b-480c-bc8b-6ef9b9263bba']"
f4ec4b45-5d3a-45c8-a84a-4a4b8d9e5e85,11,"['874e4772-6909-4387-93b2-d67ac2b001d8', '874e4772-6909-4387-93b2-d67ac2b001d8', '874e4772-6909-4387-93b2-d67ac2b001d8', '874e4772-6909-4387-93b2-d67ac2b001d8', '874e4772-6909-4387-93b2-d67ac2b001d8', '874e4772-6909-4387-93b2-d67ac2b001d8', '874e4772-6909-4387-93b2-d67ac2b001d8', '874e4772-6909-4387-93b2-d67ac2b001d8', '874e4772-6909-4387-93b2-d67ac2b001d8', '874e4772-6909-4387-93b2-d67ac2b001d8', '874e4772-6909-4387-93b2-d67ac2b001d8', '874e4772-6909-4387-93b2-d67ac2b001d8', '874e4772-6909-4387-93b2-d67ac2b001d8', '874e4772-6909-4387-93b2-d67ac2b001d8', '874e4772-6909-4387-93b2-d67ac2b001d8', '874e4772-6909-4387-93b2-d67ac2b001d8', '874e4772-6909-4387-93b2-d67ac2b001d8', '874e4772-6909-4387-93b2-d67ac2b001d8', '874e4772-6909-4387-93b2-d67ac2b001d8', '874e4772-6909-4387-93b2-d67ac2b001d8', '874e4772-6909-4387-93b2-d67ac2b001d8', '874e4772-6909-4387-93b2-d67ac2b001d8', '874e4772-6909-4387-93b2-d67ac2b001d8', '874e4772-6909-4387-93b2-d67ac2b001d8', '874e4772-6909-4387-93b2-d67ac2b001d8', '874e4772-6909-4387-93b2-d67ac2b001d8', '874e4772-6909-4387-93b2-d67ac2b001d8', '874e4772-6909-4387-93b2-d67ac2b001d8', '874e4772-6909-4387-93b2-d67ac2b001d8', 'feb9ff78-36a3-40c1-a841-8319e21999fc', '59c7c6e6-b294-4625-8451-3bb4456d7e04', '3e8d336d-2451-429a-961d-9e49e55f1a6f', '2455b7ea-d04a-4b2d-9f97-66b40b8f9de1', '29140522-a8ce-4726-bb74-3ded7efc22aa', '78f1e2df-f075-4bc2-9c4d-c4af54c215ff', '49287fba-9f67-425f-b812-e35151697da3', 'ae553fd9-d10f-4f3b-9eb4-03868799255b', '7e17abf8-7db2-48ab-b84f-f8b557e94b2a', '252a030c-40b0-4d05-add4-eef4a1967ec8', '262f6cf4-9a19-4efc-8d10-e89525668a8a', '930fdee4-e457-41d8-a18a-cde1499bc48c', '960394fe-705d-41d9-9102-29884ff0cf33', '550e7008-4b1c-4db0-b09b-833b6ed7a79f', '5f82b3f2-4547-4eca-bdc8-4eb05fcf6992', '51453306-4775-4dae-ad70-0563eabf9887', '688aa79a-dfb8-4810-8d4f-d61af6aa5744', '623a61c5-ac3a-4291-9c00-1ac5c7c4dfb8', '2e2990bf-afcc-43ef-91f6-25fbb4b109aa', '4a4e6233-570a-4464-8be7-aee0c3f8ec0a', '9f4f2339-289e-4aa8-baa0-5a610e23f30e']"
8580418e-5d1f-4c82-ba71-b61321957642,13,"['3dc2eebf-b4df-4b59-88c0-5dcb7508aea5', '3dc2eebf-b4df-4b59-88c0-5dcb7508aea5', '3dc2eebf-b4df-4b59-88c0-5dcb7508aea5', '3dc2eebf-b4df-4b59-88c0-5dcb7508aea5', '3dc2eebf-b4df-4b59-88c0-5dcb7508aea5', '3dc2eebf-b4df-4b59-88c0-5dcb7508aea5', '3dc2eebf-b4df-4b59-88c0-5dcb7508aea5', '3dc2eebf-b4df-4b59-88c0-5dcb7508aea5', '3dc2eebf-b4df-4b59-88c0-5dcb7508aea5', '3dc2eebf-b4df-4b59-88c0-5dcb7508aea5', '3dc2eebf-b4df-4b59-88c0-5dcb7508aea5', '3dc2eebf-b4df-4b59-88c0-5dcb7508aea5', '3dc2eebf-b4df-4b59-88c0-5dcb7508aea5', '3dc2eebf-b4df-4b59-88c0-5dcb7508aea5', '3dc2eebf-b4df-4b59-88c0-5dcb7508aea5', '3dc2eebf-b4df-4b59-88c0-5dcb7508aea5', '3dc2eebf-b4df-4b59-88c0-5dcb7508aea5', '3dc2eebf-b4df-4b59-88c0-5dcb7508aea5', '3dc2eebf-b4df-4b59-88c0-5dcb7508aea5', '3dc2eebf-b4df-4b59-88c0-5dcb7508aea5', '3dc2eebf-b4df-4b59-88c0-5dcb7508aea5', '3dc2eebf-b4df-4b59-88c0-5dcb7508aea5', '3dc2eebf-b4df-4b59-88c0-5dcb7508aea5', '3dc2eebf-b4df-4b59-88c0-5dcb7508aea5', '3dc2eebf-b4df-4b59-88c0-5dcb7508aea5', '3dc2eebf-b4df-4b59-88c0-5dcb7508aea5', 'e9838034-ce81-4e8c-8ca7-639a0cf211b5', 'b52bfdc4-276a-41bf-b34f-fe33096e101f', 'f6880ae4-30f5-4673-a399-078ae1fffc33', '31818e02-2f05-43da-b590-e23ebe14a9e8', 'd0c7e892-3baa-4bb5-8db9-93c438d80e00', 'ac58f9bb-84ec-4b53-8109-4af2ca3ea8b6', '0d1ac1d2-ba10-4f5f-bd4c-9fca9a051965', '14d6d231-8c65-4ff6-b115-43e4d004a510', '9f650f39-0973-4d73-9038-077ac5c7f779', 'eceb73db-5d42-4d66-a81b-657e348300c3', 'a4957104-4d40-47b9-ab21-18469e5ad0f3', '89017764-61c7-4d45-b8be-47e4b372eadb', '64bdf9c7-62b0-440c-9218-a8393b464183', '6a9fb797-128d-4f02-b22d-3d10acffd86e', '5a76f414-9ade-454a-92ec-2a3a7aa8cc6f', 'dd3c6605-03e2-4fa6-9a90-5dd6aee45327', 'd498576f-f8d8-4c1a-8991-0ebec0401793', 'a085bf96-0cd8-4d35-935c-69e9514bf84d', '05bd1737-219c-4a4f-97df-b601b290128d', '1d30cf5f-47a3-410c-a38a-9035397f9e3f', '8df5341c-4a3a-4af6-9e54-defa4b3f63ea', 'ce970bfe-cb78-4dbc-9af4-ae832d8e3f31', '5f0d1df3-2791-40f3-8703-ebc8f749e090', '753a8b79-49a5-40ff-883c-44d7226efcec']"
63236085-74ee-47ff-9b11-5516e30bde07,11,"['c4c90e49-e660-44f4-b907-13b9c1aa0449', 'c4c90e49-e660-44f4-b907-13b9c1aa0449', 'c4c90e49-e660-44f4-b907-13b9c1aa0449', 'c4c90e49-e660-44f4-b907-13b9c1aa0449', 'c4c90e49-e660-44f4-b907-13b9c1aa0449', 'c4c90e49-e660-44f4-b907-13b9c1aa0449', 'c4c90e49-e660-44f4-b907-13b9c1aa0449', 'c4c90e49-e660-44f4-b907-13b9c1aa0449', 'c4c90e49-e660-44f4-b907-13b9c1aa0449', 'c4c90e49-e660-44f4-b907-13b9c1aa0449', 'c4c90e49-e660-44f4-b907-13b9c1aa0449', 'c4c90e49-e660-44f4-b907-13b9c1aa0449', 'c4c90e49-e660-44f4-b907-13b9c1aa0449', 'c4c90e49-e660-44f4-b907-13b9c1aa0449', 'c4c90e49-e660-44f4-b907-13b9c1aa0449', 'c4c90e49-e660-44f4-b907-13b9c1aa0449', 'c4c90e49-e660-44f4-b907-13b9c1aa0449', 'c4c90e49-e660-44f4-b907-13b9c1aa0449', 'c4c90e49-e660-44f4-b907-13b9c1aa0449', 'c4c90e49-e660-44f4-b907-13b9c1aa0449', 'c4c90e49-e660-44f4-b907-13b9c1aa0449', 'c4c90e49-e660-44f4-b907-13b9c1aa0449', 'c4c90e49-e660-44f4-b907-13b9c1aa0449', 'c4c90e49-e660-44f4-b907-13b9c1aa0449', 'c4c90e49-e660-44f4-b907-13b9c1aa0449', 'c4c90e49-e660-44f4-b907-13b9c1aa0449', '1f6167c8-4e0d-4acb-839a-94114cf04d06', '48e1e53d-24a7-4edc-b9d0-b84d212247da', '2f5e9bd8-03c5-4055-afae-3bccdc640534', '783264cf-bcf8-4d66-b16e-1698e5f6a621', '474c64dc-83ae-4523-8f1b-e63931204b73', 'ad12d396-fdb5-4bbd-8f4c-aa3208d73047', 'c949917c-457a-4dbe-ab7d-934a052ba241', '23884f34-a3bb-42c8-85c9-ab48811b38e1', 'dc028f4d-87c6-4c64-a035-b580923cf29c', '582107a3-bd2c-460d-a801-ec4b61c297e5', 'cf047c5f-baa2-4353-b5c8-d55c1634776a', '8862a156-312f-4f9c-afba-bd0c8f48f8f3', '61b71ecb-ba4b-40d9-bb64-e6ee7a1bb4cf', '8242cbd2-5c0c-4668-954d-436bcdc2d6cb', 'da0ced79-2889-418e-9bb1-e41be429f97b', '299e0b04-c3c1-461a-8871-5e332b5b5d25', 'fc2eda20-4fd0-418f-b2f1-4aa3370f78de', '05c1207a-f19d-4da5-823d-6050b75aea30', '946e35bb-0dc4-4aa0-a63e-ae004fabfea4', '08a89e10-44a4-4732-8125-81230c9c9538', '7516e390-b3a6-4ead-97f9-ec58e40f707b', '9e0fb71b-d427-4b53-bd4a-00e77a46244f', 'cc2cac64-4dd5-4585-98ef-383a4b21aeeb', '660f6518-f4b1-4cf1-9369-1e6a22a1016b']"
e0d70f86-dd6b-4504-b0c0-1173b324f3dc,11,"['1e43ea13-7373-4016-b10b-a67f36da73a8', '1e43ea13-7373-4016-b10b-a67f36da73a8', '1e43ea13-7373-4016-b10b-a67f36da73a8', '1e43ea13-7373-4016-b10b-a67f36da73a8', '1e43ea13-7373-4016-b10b-a67f36da73a8', '1e43ea13-7373-4016-b10b-a67f36da73a8', '1e43ea13-7373-4016-b10b-a67f36da73a8', '1e43ea13-7373-4016-b10b-a67f36da73a8', '1e43ea13-7373-4016-b10b-a67f36da73a8', '1e43ea13-7373-4016-b10b-a67f36da73a8', '1e43ea13-7373-4016-b10b-a67f36da73a8', '1e43ea13-7373-4016-b10b-a67f36da73a8', '1e43ea13-7373-4016-b10b-a67f36da73a8', '1e43ea13-7373-4016-b10b-a67f36da73a8', '1e43ea13-7373-4016-b10b-a67f36da73a8', '1e43ea13-7373-4016-b10b-a67f36da73a8', '1e43ea13-7373-4016-b10b-a67f36da73a8', '1e43ea13-7373-4016-b10b-a67f36da73a8', '1e43ea13-7373-4016-b10b-a67f36da73a8', '1e43ea13-7373-4016-b10b-a67f36da73a8', '1e43ea13-7373-4016-b10b-a67f36da73a8', '1e43ea13-7373-4016-b10b-a67f36da73a8', '1e43ea13-7373-4016-b10b-a67f36da73a8', '1e43ea13-7373-4016-b10b-a67f36da73a8', '1e43ea13-7373-4016-b10b-a67f36da73a8', '1e43ea13-7373-4016-b10b-a67f36da73a8', '1e43ea13-7373-4016-b10b-a67f36da73a8', '1e43ea13-7373-4016-b10b-a67f36da73a8', '1e43ea13-7373-4016-b10b-a67f36da73a8', '1e43ea13-7373-4016-b10b-a67f36da73a8', '1e43ea13-7373-4016-b10b-a67f36da73a8', '1e43ea13-7373-4016-b10b-a67f36da73a8', '2b2f9c03-4cf0-4706-a978-fa3b014b3cac', 'd42ffc07-78a0-4d6a-8bda-0b0568bf7a51', 'af3a264a-8f64-4b76-893c-395462b37785', 'ab2bbc78-b2ae-4bf2-af6f-7f5fa3085041', '4b00ab7c-b523-4036-93de-96569770841d', '02048cdf-bc0f-46d0-9eb2-c495095799ed', '6ad53db7-9df4-4e36-aea0-49af6019aeb4', '14606f9d-ce3e-4973-9774-8edd62ab2940', '2a7589b5-b98d-4a2c-908c-561adb3ad898', 'b3224d95-03f9-44b6-b9e5-5313028cc79a', '6c1f339b-f667-4c65-b2af-4280b1d34ddd', 'f11b6dad-60c4-46ea-8746-67a71df6ebe0', 'ce7970d1-01cf-4977-bfc5-3499830d4975', '408b927e-6590-4a8b-89aa-37b1fbf11fcc', 'b270d17f-80fa-45eb-a5fc-5d7b9915a37b', 'c70f1d08-8a80-4663-b5ac-22bd78cc2282', '273ec187-20e4-4e7b-9b75-633de6620d62', '17063580-dc93-4313-b2da-e09f691ae8f0']"
810123fc-4e14-499d-b6b1-d7944948e672,12,"['4413d4b1-718c-4f7c-a83d-c6b15b2c3e92', '4413d4b1-718c-4f7c-a83d-c6b15b2c3e92', '4413d4b1-718c-4f7c-a83d-c6b15b2c3e92', '4413d4b1-718c-4f7c-a83d-c6b15b2c3e92', '4413d4b1-718c-4f7c-a83d-c6b15b2c3e92', '4413d4b1-718c-4f7c-a83d-c6b15b2c3e92', '4413d4b1-718c-4f7c-a83d-c6b15b2c3e92', '4413d4b1-718c-4f7c-a83d-c6b15b2c3e92', '4413d4b1-718c-4f7c-a83d-c6b15b2c3e92', '4413d4b1-718c-4f7c-a83d-c6b15b2c3e92', '4413d4b1-718c-4f7c-a83d-c6b15b2c3e92', '4413d4b1-718c-4f7c-a83d-c6b15b2c3e92', '4413d4b1-718c-4f7c-a83d-c6b15b2c3e92', '4413d4b1-718c-4f7c-a83d-c6b15b2c3e92', '4413d4b1-718c-4f7c-a83d-c6b15b2c3e92', '4413d4b1-718c-4f7c-a83d-c6b15b2c3e92', '4413d4b1-718c-4f7c-a83d-c6b15b2c3e92', '4413d4b1-718c-4f7c-a83d-c6b15b2c3e92', '4413d4b1-718c-4f7c-a83d-c6b15b2c3e92', '4413d4b1-718c-4f7c-a83d-c6b15b2c3e92', '4413d4b1-718c-4f7c-a83d-c6b15b2c3e92', '4413d4b1-718c-4f7c-a83d-c6b15b2c3e92', '4413d4b1-718c-4f7c-a83d-c6b15b2c3e92', '4413d4b1-718c-4f7c-a83d-c6b15b2c3e92', '4413d4b1-718c-4f7c-a83d-c6b15b2c3e92', '4413d4b1-718c-4f7c-a83d-c6b15b2c3e92', '4413d4b1-718c-4f7c-a83d-c6b15b2c3e92', '4413d4b1-718c-4f7c-a83d-c6b15b2c3e92', '4413d4b1-718c-4f7c-a83d-c6b15b2c3e92', '4413d4b1-718c-4f7c-a83d-c6b15b2c3e92', '4413d4b1-718c-4f7c-a83d-c6b15b2c3e92', '4413d4b1-718c-4f7c-a83d-c6b15b2c3e92', '4413d4b1-718c-4f7c-a83d-c6b15b2c3e92', '4413d4b1-718c-4f7c-a83d-c6b15b2c3e92', '4413d4b1-718c-4f7c-a83d-c6b15b2c3e92', '4413d4b1-718c-4f7c-a83d-c6b15b2c3e92', '4413d4b1-718c-4f7c-a83d-c6b15b2c3e92', '4413d4b1-718c-4f7c-a83d-c6b15b2c3e92', '4413d4b1-718c-4f7c-a83d-c6b15b2c3e92', '4413d4b1-718c-4f7c-a83d-c6b15b2c3e92', '4413d4b1-718c-4f7c-a83d-c6b15b2c3e92', '4413d4b1-718c-4f7c-a83d-c6b15b2c3e92', 'fcc97309-a99a-470c-a21f-1afe26cc4dff', 'f0d483f6-9e89-49dc-b303-6004a27b6101', 'b703b8d2-a848-4084-97b5-2f5916b9a62e', 'd98c23d9-9c8e-4833-a072-8681492e4844', '8eef261a-7cf3-43fd-b44d-b78bd307291f', '98879ba3-ebe7-4a0c-ad2e-27233c8891f9', 'f3d56946-d22e-40d9-af3c-eba921cb6a9a', '425bc134-e43f-4547-b3cc-ba6c6214dd15']"
f4ec4b45-5d3a-45c8-a84a-4a4b8d9e5e85,12,"['874e4772-6909-4387-93b2-d67ac2b001d8', '874e4772-6909-4387-93b2-d67ac2b001d8', '874e4772-6909-4387-93b2-d67ac2b001d8', '874e4772-6909-4387-93b2-d67ac2b001d8', '874e4772-6909-4387-93b2-d67ac2b001d8', '874e4772-6909-4387-93b2-d67ac2b001d8', '874e4772-6909-4387-93b2-d67ac2b001d8', '874e4772-6909-4387-93b2-d67ac2b001d8', '874e4772-6909-4387-93b2-d67ac2b001d8', '874e4772-6909-4387-93b2-d67ac2b001d8', '874e4772-6909-4387-93b2-d67ac2b001d8', '874e4772-6909-4387-93b2-d67ac2b001d8', '874e4772-6909-4387-93b2-d67ac2b001d8', '874e4772-6909-4387-93b2-d67ac2b001d8', '874e4772-6909-4387-93b2-d67ac2b001d8', '874e4772-6909-4387-93b2-d67ac2b001d8', '874e4772-6909-4387-93b2-d67ac2b001d8', '874e4772-6909-4387-93b2-d67ac2b001d8', '874e4772-6909-4387-93b2-d67ac2b001d8', '874e4772-6909-4387-93b2-d67ac2b001d8', '874e4772-6909-4387-93b2-d67ac2b001d8', '874e4772-6909-4387-93b2-d67ac2b001d8', '874e4772-6909-4387-93b2-d67ac2b001d8', '874e4772-6909-4387-93b2-d67ac2b001d8', 'feb9ff78-36a3-40c1-a841-8319e21999fc', '59c7c6e6-b294-4625-8451-3bb4456d7e04', '3e8d336d-2451-429a-961d-9e49e55f1a6f', '2455b7ea-d04a-4b2d-9f97-66b40b8f9de1', '78f1e2df-f075-4bc2-9c4d-c4af54c215ff', 'ae553fd9-d10f-4f3b-9eb4-03868799255b', '7e17abf8-7db2-48ab-b84f-f8b557e94b2a', '252a030c-40b0-4d05-add4-eef4a1967ec8', '262f6cf4-9a19-4efc-8d10-e89525668a8a', '550e7008-4b1c-4db0-b09b-833b6ed7a79f', '5f82b3f2-4547-4eca-bdc8-4eb05fcf6992', '51453306-4775-4dae-ad70-0563eabf9887', '688aa79a-dfb8-4810-8d4f-d61af6aa5744', '623a61c5-ac3a-4291-9c00-1ac5c7c4dfb8', '2e2990bf-afcc-43ef-91f6-25fbb4b109aa', '4a4e6233-570a-4464-8be7-aee0c3f8ec0a', 'ec06a97f-666d-48ab-b308-2b8a3595b4cc', 'fc0f5a74-a528-4881-a901-d4f76d5541d0', 'de3119f5-b795-4457-9d6f-6c2c2f8b54c0', 'a0db20b0-4f09-4cad-8fab-278244c62382', '23130c02-a6d3-4122-abf9-8c189f649a8a', '9e0e2b25-6b91-409f-886a-75b2ac1d39d0', 'bacb3919-66ee-4b3b-93b8-1cb721a29ba5', '74bceff5-c3fc-4950-ba57-4a2848b64d47', 'ae71232d-5287-433a-b991-d7e12ddd8fef', 'fc78d414-ae93-4370-911c-229d3ecb273b']"
34cfbdf5-3507-4887-9d4c-edf3c8808057,11,"['35982583-320d-4bfa-a578-5d42fe127a04', '35982583-320d-4bfa-a578-5d42fe127a04', '35982583-320d-4bfa-a578-5d42fe127a04', '35982583-320d-4bfa-a578-5d42fe127a04', '35982583-320d-4bfa-a578-5d42fe127a04', '35982583-320d-4bfa-a578-5d42fe127a04', '35982583-320d-4bfa-a578-5d42fe127a04', '35982583-320d-4bfa-a578-5d42fe127a04', '35982583-320d-4bfa-a578-5d42fe127a04', '35982583-320d-4bfa-a578-5d42fe127a04', '35982583-320d-4bfa-a578-5d42fe127a04', '35982583-320d-4bfa-a578-5d42fe127a04', '35982583-320d-4bfa-a578-5d42fe127a04', '35982583-320d-4bfa-a578-5d42fe127a04', '35982583-320d-4bfa-a578-5d42fe127a04', '35982583-320d-4bfa-a578-5d42fe127a04', '35982583-320d-4bfa-a578-5d42fe127a04', '35982583-320d-4bfa-a578-5d42fe127a04', 'cc3f7a3a-bdec-46ad-803a-557c43931f58', '1b5c74c7-d7b8-4fc6-8251-1aa471b6c05b', '16d4887f-3249-4805-88fe-dace3528ca47', 'e44106ea-5117-42a7-a0c8-3a39279021b9', '6025229e-e708-4a66-9a4f-570cb0e285ab', '5708c661-f462-4fda-aff7-720a19668570', 'a887cc8f-9166-4272-9c6b-84d3a2addf49', 'f6161c34-19df-4f28-820b-02d099636fb5', '2e3f0a2b-9bc9-4e3b-a015-ccc88d22bee8', '57ce124f-48c9-4d69-b273-0080c6736760', 'e30446e5-a0b9-484b-beb1-d84d5f6995e5', '95d69d32-f417-468a-af03-0f10a86c00db', 'ef5d19cd-ae1b-410d-8f74-b4047b364154', 'baca99e8-31a6-4df0-ab84-0cbefe1a445e', '449a57a6-1b7f-45a1-8ff9-e26b653074b1', '3804729b-9dfa-4403-b6d1-c35488bec9ac', 'dd416296-41f4-4d8f-8354-3abba2e66a97', '753f4e71-6a50-46b6-87e1-a06d904d60b4', 'be5a70b7-a95c-4874-b4c0-76b1ccb5e280', '2ecf4dde-c68c-45aa-bcc1-8066eb801373', '91e50aaa-3ce0-4f6c-9c0c-f2ec5dd99bb8', 'f1ad881f-f436-467c-a5f5-2df3ebab1733', 'e864159e-0f95-42cb-b7bb-16dc311adfd0', 'd6d4ff83-b9ef-4017-9cee-5e3e2ff77c9c', '7ca3b0b4-c5a1-4009-9fc1-18ca5b17f5b1', '9c4b7608-146a-4925-b2c8-c8f2e81661af', '0079c66d-512e-48a0-8177-897d275f78e1', '1d345e20-bced-4106-a56f-aa44027af097', 'a004e517-1c37-4677-87a6-9868dd267d1d', '63942d59-8205-4f68-8106-16e628101a66', 'e68d742b-f421-4335-beb7-732df1106cbe', '83f02b7f-e0a2-4406-9473-c6ec6197d090']"
8580418e-5d1f-4c82-ba71-b61321957642,14,"['3dc2eebf-b4df-4b59-88c0-5dcb7508aea5', '3dc2eebf-b4df-4b59-88c0-5dcb7508aea5', '3dc2eebf-b4df-4b59-88c0-5dcb7508aea5', '3dc2eebf-b4df-4b59-88c0-5dcb7508aea5', '3dc2eebf-b4df-4b59-88c0-5dcb7508aea5', '3dc2eebf-b4df-4b59-88c0-5dcb7508aea5', '3dc2eebf-b4df-4b59-88c0-5dcb7508aea5', '3dc2eebf-b4df-4b59-88c0-5dcb7508aea5', '3dc2eebf-b4df-4b59-88c0-5dcb7508aea5', '3dc2eebf-b4df-4b59-88c0-5dcb7508aea5', '3dc2eebf-b4df-4b59-88c0-5dcb7508aea5', '3dc2eebf-b4df-4b59-88c0-5dcb7508aea5', '3dc2eebf-b4df-4b59-88c0-5dcb7508aea5', '3dc2eebf-b4df-4b59-88c0-5dcb7508aea5', '3dc2eebf-b4df-4b59-88c0-5dcb7508aea5', '3dc2eebf-b4df-4b59-88c0-5dcb7508aea5', '3dc2eebf-b4df-4b59-88c0-5dcb7508aea5', '3dc2eebf-b4df-4b59-88c0-5dcb7508aea5', '3dc2eebf-b4df-4b59-88c0-5dcb7508aea5', '3dc2eebf-b4df-4b59-88c0-5dcb7508aea5', 'b52bfdc4-276a-41bf-b34f-fe33096e101f', 'f6880ae4-30f5-4673-a399-078ae1fffc33', '31818e02-2f05-43da-b590-e23ebe14a9e8', 'd0c7e892-3baa-4bb5-8db9-93c438d80e00', 'ac58f9bb-84ec-4b53-8109-4af2ca3ea8b6', '0d1ac1d2-ba10-4f5f-bd4c-9fca9a051965', '9f650f39-0973-4d73-9038-077ac5c7f779', 'a4957104-4d40-47b9-ab21-18469e5ad0f3', '89017764-61c7-4d45-b8be-47e4b372eadb', '64bdf9c7-62b0-440c-9218-a8393b464183', '6a9fb797-128d-4f02-b22d-3d10acffd86e', '5a76f414-9ade-454a-92ec-2a3a7aa8cc6f', 'dd3c6605-03e2-4fa6-9a90-5dd6aee45327', 'd498576f-f8d8-4c1a-8991-0ebec0401793', 'a085bf96-0cd8-4d35-935c-69e9514bf84d', '05bd1737-219c-4a4f-97df-b601b290128d', '1d30cf5f-47a3-410c-a38a-9035397f9e3f', '8df5341c-4a3a-4af6-9e54-defa4b3f63ea', 'ce970bfe-cb78-4dbc-9af4-ae832d8e3f31', '5f0d1df3-2791-40f3-8703-ebc8f749e090', '753a8b79-49a5-40ff-883c-44d7226efcec', '84fe1fe0-7ffc-4143-af47-07689c358139', '53cc8a46-7839-4ccd-a6ab-1659c7e0278c', '18b49aa4-fbad-4cc3-b76b-2c8a823c53c6', 'd68b26e9-c6bd-4eea-a391-f063b676f956', '58f8bbf0-2236-465f-a215-80cc0c7751da', '8824bb63-39f3-418f-be38-c1e09a779d77', '28759b3f-3ec4-485b-b39e-7a6bf58915a0', 'f843b85d-7ab7-4821-9b8f-e207d12b692b', '343b6f3a-9574-4d8f-a004-8e74a8cb9a17']"
f4ec4b45-5d3a-45c8-a84a-4a4b8d9e5e85,13,"['874e4772-6909-4387-93b2-d67ac2b001d8', '874e4772-6909-4387-93b2-d67ac2b001d8', '874e4772-6909-4387-93b2-d67ac2b001d8', '874e4772-6909-4387-93b2-d67ac2b001d8', '874e4772-6909-4387-93b2-d67ac2b001d8', '874e4772-6909-4387-93b2-d67ac2b001d8', '874e4772-6909-4387-93b2-d67ac2b001d8', '874e4772-6909-4387-93b2-d67ac2b001d8', '874e4772-6909-4387-93b2-d67ac2b001d8', '874e4772-6909-4387-93b2-d67ac2b001d8', '874e4772-6909-4387-93b2-d67ac2b001d8', '874e4772-6909-4387-93b2-d67ac2b001d8', '874e4772-6909-4387-93b2-d67ac2b001d8', '874e4772-6909-4387-93b2-d67ac2b001d8', '874e4772-6909-4387-93b2-d67ac2b001d8', '874e4772-6909-4387-93b2-d67ac2b001d8', '874e4772-6909-4387-93b2-d67ac2b001d8', '874e4772-6909-4387-93b2-d67ac2b001d8', '874e4772-6909-4387-93b2-d67ac2b001d8', '874e4772-6909-4387-93b2-d67ac2b001d8', '874e4772-6909-4387-93b2-d67ac2b001d8', '874e4772-6909-4387-93b2-d67ac2b001d8', '874e4772-6909-4387-93b2-d67ac2b001d8', '874e4772-6909-4387-93b2-d67ac2b001d8', '874e4772-6909-4387-93b2-d67ac2b001d8', '874e4772-6909-4387-93b2-d67ac2b001d8', '874e4772-6909-4387-93b2-d67ac2b001d8', '874e4772-6909-4387-93b2-d67ac2b001d8', '874e4772-6909-4387-93b2-d67ac2b001d8', '874e4772-6909-4387-93b2-d67ac2b001d8', '874e4772-6909-4387-93b2-d67ac2b001d8', '874e4772-6909-4387-93b2-d67ac2b001d8', '874e4772-6909-4387-93b2-d67ac2b001d8', '874e4772-6909-4387-93b2-d67ac2b001d8', '874e4772-6909-4387-93b2-d67ac2b001d8', '874e4772-6909-4387-93b2-d67ac2b001d8', '874e4772-6909-4387-93b2-d67ac2b001d8', '874e4772-6909-4387-93b2-d67ac2b001d8', '874e4772-6909-4387-93b2-d67ac2b001d8', '874e4772-6909-4387-93b2-d67ac2b001d8', '874e4772-6909-4387-93b2-d67ac2b001d8', '874e4772-6909-4387-93b2-d67ac2b001d8', '874e4772-6909-4387-93b2-d67ac2b001d8', '874e4772-6909-4387-93b2-d67ac2b001d8', '874e4772-6909-4387-93b2-d67ac2b001d8', '874e4772-6909-4387-93b2-d67ac2b001d8', '874e4772-6909-4387-93b2-d67ac2b001d8', '874e4772-6909-4387-93b2-d67ac2b001d8', 'a6d7cc32-227e-438c-a442-bfb61c198d0a', 'a709a37d-36da-4346-b266-782d3f456cf8']"
810123fc-4e14-499d-b6b1-d7944948e672,13,"['4413d4b1-718c-4f7c-a83d-c6b15b2c3e92', '4413d4b1-718c-4f7c-a83d-c6b15b2c3e92', '4413d4b1-718c-4f7c-a83d-c6b15b2c3e92', '4413d4b1-718c-4f7c-a83d-c6b15b2c3e92', '4413d4b1-718c-4f7c-a83d-c6b15b2c3e92', '4413d4b1-718c-4f7c-a83d-c6b15b2c3e92', '4413d4b1-718c-4f7c-a83d-c6b15b2c3e92', '4413d4b1-718c-4f7c-a83d-c6b15b2c3e92', '4413d4b1-718c-4f7c-a83d-c6b15b2c3e92', '4413d4b1-718c-4f7c-a83d-c6b15b2c3e92', '4413d4b1-718c-4f7c-a83d-c6b15b2c3e92', '4413d4b1-718c-4f7c-a83d-c6b15b2c3e92', '4413d4b1-718c-4f7c-a83d-c6b15b2c3e92', '4413d4b1-718c-4f7c-a83d-c6b15b2c3e92', '4413d4b1-718c-4f7c-a83d-c6b15b2c3e92', '4413d4b1-718c-4f7c-a83d-c6b15b2c3e92', '4413d4b1-718c-4f7c-a83d-c6b15b2c3e92', '4413d4b1-718c-4f7c-a83d-c6b15b2c3e92', '4413d4b1-718c-4f7c-a83d-c6b15b2c3e92', '4413d4b1-718c-4f7c-a83d-c6b15b2c3e92', '4413d4b1-718c-4f7c-a83d-c6b15b2c3e92', '4413d4b1-718c-4f7c-a83d-c6b15b2c3e92', '4413d4b1-718c-4f7c-a83d-c6b15b2c3e92', '4413d4b1-718c-4f7c-a83d-c6b15b2c3e92', '4413d4b1-718c-4f7c-a83d-c6b15b2c3e92', '4413d4b1-718c-4f7c-a83d-c6b15b2c3e92', '4413d4b1-718c-4f7c-a83d-c6b15b2c3e92', '4413d4b1-718c-4f7c-a83d-c6b15b2c3e92', '4413d4b1-718c-4f7c-a83d-c6b15b2c3e92', '4413d4b1-718c-4f7c-a83d-c6b15b2c3e92', '4413d4b1-718c-4f7c-a83d-c6b15b2c3e92', '4413d4b1-718c-4f7c-a83d-c6b15b2c3e92', '4413d4b1-718c-4f7c-a83d-c6b15b2c3e92', '4413d4b1-718c-4f7c-a83d-c6b15b2c3e92', '4413d4b1-718c-4f7c-a83d-c6b15b2c3e92', 'f0d483f6-9e89-49dc-b303-6004a27b6101', 'b703b8d2-a848-4084-97b5-2f5916b9a62e', 'd98c23d9-9c8e-4833-a072-8681492e4844', '8eef261a-7cf3-43fd-b44d-b78bd307291f', '98879ba3-ebe7-4a0c-ad2e-27233c8891f9', 'f3d56946-d22e-40d9-af3c-eba921cb6a9a', '425bc134-e43f-4547-b3cc-ba6c6214dd15', '417cb635-6147-4b1d-a032-f13e34a7d74c', 'd6c65f84-fccc-4161-a8e6-d52af59ba538', 'ed931311-8bc8-4bcf-acf6-f594e7f4a13f', 'e47f51ac-6ba3-42a2-9314-64c32d486d27', 'de8401e8-4fc4-4a10-93db-a5f8d8e34c06', '6b4e24b7-2f54-4ed8-9c5d-1ffb746bf0a5', 'bb3691dd-83ed-47f3-a93b-a32131851cbe', 'a7a8b54e-3984-40c4-a5c7-d66c89529dfb']"
63236085-74ee-47ff-9b11-5516e30bde07,12,"['c4c90e49-e660-44f4-b907-13b9c1aa0449', 'c4c90e49-e660-44f4-b907-13b9c1aa0449', 'c4c90e49-e660-44f4-b907-13b9c1aa0449', 'c4c90e49-e660-44f4-b907-13b9c1aa0449', 'c4c90e49-e660-44f4-b907-13b9c1aa0449', 'c4c90e49-e660-44f4-b907-13b9c1aa0449', 'c4c90e49-e660-44f4-b907-13b9c1aa0449', 'c4c90e49-e660-44f4-b907-13b9c1aa0449', 'c4c90e49-e660-44f4-b907-13b9c1aa0449', 'c4c90e49-e660-44f4-b907-13b9c1aa0449', 'c4c90e49-e660-44f4-b907-13b9c1aa0449', 'c4c90e49-e660-44f4-b907-13b9c1aa0449', 'c4c90e49-e660-44f4-b907-13b9c1aa0449', 'c4c90e49-e660-44f4-b907-13b9c1aa0449', 'c4c90e49-e660-44f4-b907-13b9c1aa0449', 'c4c90e49-e660-44f4-b907-13b9c1aa0449', 'c4c90e49-e660-44f4-b907-13b9c1aa0449', 'c4c90e49-e660-44f4-b907-13b9c1aa0449', 'c4c90e49-e660-44f4-b907-13b9c1aa0449', 'c4c90e49-e660-44f4-b907-13b9c1aa0449', 'c4c90e49-e660-44f4-b907-13b9c1aa0449', '1f6167c8-4e0d-4acb-839a-94114cf04d06', '2f5e9bd8-03c5-4055-afae-3bccdc640534', '783264cf-bcf8-4d66-b16e-1698e5f6a621', '474c64dc-83ae-4523-8f1b-e63931204b73', 'ad12d396-fdb5-4bbd-8f4c-aa3208d73047', 'c949917c-457a-4dbe-ab7d-934a052ba241', '23884f34-a3bb-42c8-85c9-ab48811b38e1', 'dc028f4d-87c6-4c64-a035-b580923cf29c', '61b71ecb-ba4b-40d9-bb64-e6ee7a1bb4cf', '8242cbd2-5c0c-4668-954d-436bcdc2d6cb', 'da0ced79-2889-418e-9bb1-e41be429f97b', '299e0b04-c3c1-461a-8871-5e332b5b5d25', 'fc2eda20-4fd0-418f-b2f1-4aa3370f78de', '05c1207a-f19d-4da5-823d-6050b75aea30', '7516e390-b3a6-4ead-97f9-ec58e40f707b', '9e0fb71b-d427-4b53-bd4a-00e77a46244f', 'cc2cac64-4dd5-4585-98ef-383a4b21aeeb', '660f6518-f4b1-4cf1-9369-1e6a22a1016b', '7d507d9a-7a9b-4a55-9122-270f671c4e73', '0694260d-baf5-44ba-8c86-0b508aca2cb9', '20ca4a35-a272-4600-a088-418e7c44075f', 'ebecb8d5-ad1d-45cd-9ed5-833565090feb', '1c8fd4aa-a50b-49c7-90f3-4561c023f1a0', '3c7e0546-f501-44e1-a53b-4eba0d9afb38', 'c357c241-106c-4c7d-b8ae-540f037b4548', 'fedee816-15ae-43a0-ba2b-2941654f087a', 'e6d1d079-94a1-4c5c-884e-3626d5c55e8e', '0eb4af8d-4a10-4db3-bae7-9757d10924ac', '002d81bd-ccf7-44c0-bed7-f451c1581f21']"
e0d70f86-dd6b-4504-b0c0-1173b324f3dc,12,"['1e43ea13-7373-4016-b10b-a67f36da73a8', '1e43ea13-7373-4016-b10b-a67f36da73a8', '1e43ea13-7373-4016-b10b-a67f36da73a8', '1e43ea13-7373-4016-b10b-a67f36da73a8', '1e43ea13-7373-4016-b10b-a67f36da73a8', '1e43ea13-7373-4016-b10b-a67f36da73a8', '1e43ea13-7373-4016-b10b-a67f36da73a8', '1e43ea13-7373-4016-b10b-a67f36da73a8', '1e43ea13-7373-4016-b10b-a67f36da73a8', '1e43ea13-7373-4016-b10b-a67f36da73a8', '1e43ea13-7373-4016-b10b-a67f36da73a8', '1e43ea13-7373-4016-b10b-a67f36da73a8', '1e43ea13-7373-4016-b10b-a67f36da73a8', '1e43ea13-7373-4016-b10b-a67f36da73a8', '1e43ea13-7373-4016-b10b-a67f36da73a8', '1e43ea13-7373-4016-b10b-a67f36da73a8', '1e43ea13-7373-4016-b10b-a67f36da73a8', '1e43ea13-7373-4016-b10b-a67f36da73a8', '1e43ea13-7373-4016-b10b-a67f36da73a8', '1e43ea13-7373-4016-b10b-a67f36da73a8', '1e43ea13-7373-4016-b10b-a67f36da73a8', '1e43ea13-7373-4016-b10b-a67f36da73a8', '1e43ea13-7373-4016-b10b-a67f36da73a8', '1e43ea13-7373-4016-b10b-a67f36da73a8', '1e43ea13-7373-4016-b10b-a67f36da73a8', '1e43ea13-7373-4016-b10b-a67f36da73a8', '2b2f9c03-4cf0-4706-a978-fa3b014b3cac', 'd42ffc07-78a0-4d6a-8bda-0b0568bf7a51', 'af3a264a-8f64-4b76-893c-395462b37785', 'ab2bbc78-b2ae-4bf2-af6f-7f5fa3085041', '4b00ab7c-b523-4036-93de-96569770841d', '02048cdf-bc0f-46d0-9eb2-c495095799ed', '6ad53db7-9df4-4e36-aea0-49af6019aeb4', '14606f9d-ce3e-4973-9774-8edd62ab2940', 'b3224d95-03f9-44b6-b9e5-5313028cc79a', '6c1f339b-f667-4c65-b2af-4280b1d34ddd', 'f11b6dad-60c4-46ea-8746-67a71df6ebe0', 'ce7970d1-01cf-4977-bfc5-3499830d4975', '408b927e-6590-4a8b-89aa-37b1fbf11fcc', 'b270d17f-80fa-45eb-a5fc-5d7b9915a37b', 'c70f1d08-8a80-4663-b5ac-22bd78cc2282', '17063580-dc93-4313-b2da-e09f691ae8f0', '46c28e9d-c29c-4dfc-87db-601dc944d5aa', '4e889dce-d319-48bb-88db-fb80243a8bf8', '621c8e2b-3893-4031-aad1-dfdf04ce46a9', '25218a01-3a40-4d9e-868e-3157c1330117', '6466578c-2e77-483b-a617-4ed73ba7046d', 'f22346e1-e8bc-4d91-89ae-c9c691833d4e', 'faddee22-441d-4de0-8f05-39a2578d309e', 'dd33e948-c06a-4738-964c-193f10d1208c']"
810123fc-4e14-499d-b6b1-d7944948e672,14,"['4413d4b1-718c-4f7c-a83d-c6b15b2c3e92', '4413d4b1-718c-4f7c-a83d-c6b15b2c3e92', '4413d4b1-718c-4f7c-a83d-c6b15b2c3e92', '4413d4b1-718c-4f7c-a83d-c6b15b2c3e92', '4413d4b1-718c-4f7c-a83d-c6b15b2c3e92', '4413d4b1-718c-4f7c-a83d-c6b15b2c3e92', '4413d4b1-718c-4f7c-a83d-c6b15b2c3e92', '4413d4b1-718c-4f7c-a83d-c6b15b2c3e92', '4413d4b1-718c-4f7c-a83d-c6b15b2c3e92', '4413d4b1-718c-4f7c-a83d-c6b15b2c3e92', '4413d4b1-718c-4f7c-a83d-c6b15b2c3e92', '4413d4b1-718c-4f7c-a83d-c6b15b2c3e92', '4413d4b1-718c-4f7c-a83d-c6b15b2c3e92', '4413d4b1-718c-4f7c-a83d-c6b15b2c3e92', '4413d4b1-718c-4f7c-a83d-c6b15b2c3e92', '4413d4b1-718c-4f7c-a83d-c6b15b2c3e92', '4413d4b1-718c-4f7c-a83d-c6b15b2c3e92', '4413d4b1-718c-4f7c-a83d-c6b15b2c3e92', '4413d4b1-718c-4f7c-a83d-c6b15b2c3e92', '4413d4b1-718c-4f7c-a83d-c6b15b2c3e92', '4413d4b1-718c-4f7c-a83d-c6b15b2c3e92', '4413d4b1-718c-4f7c-a83d-c6b15b2c3e92', '4413d4b1-718c-4f7c-a83d-c6b15b2c3e92', '4413d4b1-718c-4f7c-a83d-c6b15b2c3e92', '4413d4b1-718c-4f7c-a83d-c6b15b2c3e92', '4413d4b1-718c-4f7c-a83d-c6b15b2c3e92', '4413d4b1-718c-4f7c-a83d-c6b15b2c3e92', '4413d4b1-718c-4f7c-a83d-c6b15b2c3e92', 'f0d483f6-9e89-49dc-b303-6004a27b6101', 'b703b8d2-a848-4084-97b5-2f5916b9a62e', 'd98c23d9-9c8e-4833-a072-8681492e4844', '8eef261a-7cf3-43fd-b44d-b78bd307291f', '98879ba3-ebe7-4a0c-ad2e-27233c8891f9', 'f3d56946-d22e-40d9-af3c-eba921cb6a9a', '425bc134-e43f-4547-b3cc-ba6c6214dd15', '417cb635-6147-4b1d-a032-f13e34a7d74c', 'd6c65f84-fccc-4161-a8e6-d52af59ba538', 'e47f51ac-6ba3-42a2-9314-64c32d486d27', 'de8401e8-4fc4-4a10-93db-a5f8d8e34c06', '6b4e24b7-2f54-4ed8-9c5d-1ffb746bf0a5', 'bb3691dd-83ed-47f3-a93b-a32131851cbe', 'a7a8b54e-3984-40c4-a5c7-d66c89529dfb', '55da8ac0-6b42-45e5-9a11-170ee4421796', '732f6fce-25a7-448c-99fb-d7e33688d2ee', '4e5158a7-817a-4ac8-adee-e470e2d6a5ab', '46c7dd33-aa89-4063-9623-2908914134fa', '1f9415df-67e2-4ae5-a0d4-4c34e51a8e30', '9a56a54e-4522-4c26-8b11-79b1ec341200', '65b09d91-2ee6-42a7-b99a-5eca9f06d436', '5e72c954-416e-4759-96c5-2d6af5c2d850']"
f4ec4b45-5d3a-45c8-a84a-4a4b8d9e5e85,14,"['874e4772-6909-4387-93b2-d67ac2b001d8', '874e4772-6909-4387-93b2-d67ac2b001d8', '874e4772-6909-4387-93b2-d67ac2b001d8', '874e4772-6909-4387-93b2-d67ac2b001d8', '874e4772-6909-4387-93b2-d67ac2b001d8', '874e4772-6909-4387-93b2-d67ac2b001d8', '874e4772-6909-4387-93b2-d67ac2b001d8', '874e4772-6909-4387-93b2-d67ac2b001d8', '874e4772-6909-4387-93b2-d67ac2b001d8', '874e4772-6909-4387-93b2-d67ac2b001d8', '874e4772-6909-4387-93b2-d67ac2b001d8', '874e4772-6909-4387-93b2-d67ac2b001d8', '874e4772-6909-4387-93b2-d67ac2b001d8', '874e4772-6909-4387-93b2-d67ac2b001d8', '874e4772-6909-4387-93b2-d67ac2b001d8', '874e4772-6909-4387-93b2-d67ac2b001d8', '874e4772-6909-4387-93b2-d67ac2b001d8', '874e4772-6909-4387-93b2-d67ac2b001d8', '874e4772-6909-4387-93b2-d67ac2b001d8', '874e4772-6909-4387-93b2-d67ac2b001d8', '874e4772-6909-4387-93b2-d67ac2b001d8', '874e4772-6909-4387-93b2-d67ac2b001d8', '874e4772-6909-4387-93b2-d67ac2b001d8', '874e4772-6909-4387-93b2-d67ac2b001d8', '874e4772-6909-4387-93b2-d67ac2b001d8', '874e4772-6909-4387-93b2-d67ac2b001d8', '874e4772-6909-4387-93b2-d67ac2b001d8', '874e4772-6909-4387-93b2-d67ac2b001d8', '874e4772-6909-4387-93b2-d67ac2b001d8', '874e4772-6909-4387-93b2-d67ac2b001d8', '874e4772-6909-4387-93b2-d67ac2b001d8', '874e4772-6909-4387-93b2-d67ac2b001d8', '874e4772-6909-4387-93b2-d67ac2b001d8', '874e4772-6909-4387-93b2-d67ac2b001d8', '874e4772-6909-4387-93b2-d67ac2b001d8', '874e4772-6909-4387-93b2-d67ac2b001d8', '874e4772-6909-4387-93b2-d67ac2b001d8', '874e4772-6909-4387-93b2-d67ac2b001d8', '874e4772-6909-4387-93b2-d67ac2b001d8', '874e4772-6909-4387-93b2-d67ac2b001d8', 'a6d7cc32-227e-438c-a442-bfb61c198d0a', 'a709a37d-36da-4346-b266-782d3f456cf8', 'a6935091-9f73-4097-a9cc-f40f5fdfcd3c', '29583836-bb7d-41ac-9a90-89c548d5d3b0', 'bc4dd63f-d514-4cd6-a215-4d663c9f928b', '512b9def-383a-4bc6-b5bf-5f1ad34e98ef', '9e3f88b2-2933-46cd-b269-af98b38dd4da', '275c6bdd-b9c6-422a-ab8d-f49a0bb79a82', '2bc431b9-f221-4f7f-8858-ce24d65dd78e', 'cab656db-3db0-476a-8759-c2f0ead4c2f4']"
34cfbdf5-3507-4887-9d4c-edf3c8808057,12,"['35982583-320d-4bfa-a578-5d42fe127a04', '35982583-320d-4bfa-a578-5d42fe127a04', '35982583-320d-4bfa-a578-5d42fe127a04', '35982583-320d-4bfa-a578-5d42fe127a04', '35982583-320d-4bfa-a578-5d42fe127a04', '35982583-320d-4bfa-a578-5d42fe127a04', '35982583-320d-4bfa-a578-5d42fe127a04', '35982583-320d-4bfa-a578-5d42fe127a04', '35982583-320d-4bfa-a578-5d42fe127a04', '35982583-320d-4bfa-a578-5d42fe127a04', '35982583-320d-4bfa-a578-5d42fe127a04', '35982583-320d-4bfa-a578-5d42fe127a04', '35982583-320d-4bfa-a578-5d42fe127a04', '35982583-320d-4bfa-a578-5d42fe127a04', '35982583-320d-4bfa-a578-5d42fe127a04', '35982583-320d-4bfa-a578-5d42fe127a04', '35982583-320d-4bfa-a578-5d42fe127a04', '35982583-320d-4bfa-a578-5d42fe127a04', '35982583-320d-4bfa-a578-5d42fe127a04', '35982583-320d-4bfa-a578-5d42fe127a04', '35982583-320d-4bfa-a578-5d42fe127a04', '35982583-320d-4bfa-a578-5d42fe127a04', '35982583-320d-4bfa-a578-5d42fe127a04', '35982583-320d-4bfa-a578-5d42fe127a04', '35982583-320d-4bfa-a578-5d42fe127a04', '35982583-320d-4bfa-a578-5d42fe127a04', '35982583-320d-4bfa-a578-5d42fe127a04', '35982583-320d-4bfa-a578-5d42fe127a04', '35982583-320d-4bfa-a578-5d42fe127a04', '35982583-320d-4bfa-a578-5d42fe127a04', '35982583-320d-4bfa-a578-5d42fe127a04', '35982583-320d-4bfa-a578-5d42fe127a04', '35982583-320d-4bfa-a578-5d42fe127a04', '35982583-320d-4bfa-a578-5d42fe127a04', '35982583-320d-4bfa-a578-5d42fe127a04', '35982583-320d-4bfa-a578-5d42fe127a04', '35982583-320d-4bfa-a578-5d42fe127a04', '35982583-320d-4bfa-a578-5d42fe127a04', '35982583-320d-4bfa-a578-5d42fe127a04', '41f84ce1-04f5-4546-9f54-31766c50bd1e', 'cefb499d-69aa-4fdb-997e-2c5e888c8ba9', '48855cda-8b31-48c3-ae00-f8a99c1744bd', 'a765f77a-ece3-45df-af95-3750f6977b14', 'fef6dcc0-8875-45cc-8b59-26c081c6c818', '20a16880-4f46-406d-b159-fbeabf8a551f', 'f342afb2-7f94-4288-b898-2e04db88bffe', '643c5061-4672-4379-b82f-5a80c2e6d73e', 'd78bab86-2305-4125-b179-5e6449dd0150', '873298fe-307b-4d33-a7ec-eb7fa399a030', 'c9ac92a4-004a-4110-a777-1bcdcb346302']"
63236085-74ee-47ff-9b11-5516e30bde07,13,"['c4c90e49-e660-44f4-b907-13b9c1aa0449', 'c4c90e49-e660-44f4-b907-13b9c1aa0449', 'c4c90e49-e660-44f4-b907-13b9c1aa0449', 'c4c90e49-e660-44f4-b907-13b9c1aa0449', 'c4c90e49-e660-44f4-b907-13b9c1aa0449', 'c4c90e49-e660-44f4-b907-13b9c1aa0449', 'c4c90e49-e660-44f4-b907-13b9c1aa0449', 'c4c90e49-e660-44f4-b907-13b9c1aa0449', 'c4c90e49-e660-44f4-b907-13b9c1aa0449', 'c4c90e49-e660-44f4-b907-13b9c1aa0449', 'c4c90e49-e660-44f4-b907-13b9c1aa0449', 'c4c90e49-e660-44f4-b907-13b9c1aa0449', 'c4c90e49-e660-44f4-b907-13b9c1aa0449', 'c4c90e49-e660-44f4-b907-13b9c1aa0449', 'c4c90e49-e660-44f4-b907-13b9c1aa0449', 'c4c90e49-e660-44f4-b907-13b9c1aa0449', 'c4c90e49-e660-44f4-b907-13b9c1aa0449', 'c4c90e49-e660-44f4-b907-13b9c1aa0449', 'c4c90e49-e660-44f4-b907-13b9c1aa0449', 'c4c90e49-e660-44f4-b907-13b9c1aa0449', 'c4c90e49-e660-44f4-b907-13b9c1aa0449', 'c4c90e49-e660-44f4-b907-13b9c1aa0449', 'c4c90e49-e660-44f4-b907-13b9c1aa0449', 'c4c90e49-e660-44f4-b907-13b9c1aa0449', 'c4c90e49-e660-44f4-b907-13b9c1aa0449', 'c4c90e49-e660-44f4-b907-13b9c1aa0449', 'c4c90e49-e660-44f4-b907-13b9c1aa0449', 'c4c90e49-e660-44f4-b907-13b9c1aa0449', 'c4c90e49-e660-44f4-b907-13b9c1aa0449', 'c4c90e49-e660-44f4-b907-13b9c1aa0449', 'c4c90e49-e660-44f4-b907-13b9c1aa0449', 'c4c90e49-e660-44f4-b907-13b9c1aa0449', 'c4c90e49-e660-44f4-b907-13b9c1aa0449', 'c4c90e49-e660-44f4-b907-13b9c1aa0449', 'c4c90e49-e660-44f4-b907-13b9c1aa0449', 'c4c90e49-e660-44f4-b907-13b9c1aa0449', 'c4c90e49-e660-44f4-b907-13b9c1aa0449', 'c4c90e49-e660-44f4-b907-13b9c1aa0449', 'c4c90e49-e660-44f4-b907-13b9c1aa0449', 'c4c90e49-e660-44f4-b907-13b9c1aa0449', 'c4c90e49-e660-44f4-b907-13b9c1aa0449', '3fcd3ab9-654d-4212-a94b-efe8575026df', 'f64ac25d-7a67-4505-92ab-e0404298a884', '0de87ac2-b1ef-472a-9c33-89a96350f5fa', '8ac08ac7-3ea4-448d-b8e3-6722377c26c8', '3ebc23a2-8eb5-402f-88da-21e568fdbd0e', '5f99179a-a8e2-47bb-a54f-c8f738e11e95', 'd68d5b68-690d-4786-bf84-8847641b4b65', '44eb534f-9a7d-42c3-88da-539964f82f8b', '4cd5eeaa-44f6-40da-8888-064cb0775c1e']"
e0d70f86-dd6b-4504-b0c0-1173b324f3dc,13,"['dd33e948-c06a-4738-964c-193f10d1208c', 'dd33e948-c06a-4738-964c-193f10d1208c', 'dd33e948-c06a-4738-964c-193f10d1208c', 'dd33e948-c06a-4738-964c-193f10d1208c', 'dd33e948-c06a-4738-964c-193f10d1208c', 'dd33e948-c06a-4738-964c-193f10d1208c', 'dd33e948-c06a-4738-964c-193f10d1208c', 'dd33e948-c06a-4738-964c-193f10d1208c', 'dd33e948-c06a-4738-964c-193f10d1208c', 'dd33e948-c06a-4738-964c-193f10d1208c', 'dd33e948-c06a-4738-964c-193f10d1208c', 'dd33e948-c06a-4738-964c-193f10d1208c', 'dd33e948-c06a-4738-964c-193f10d1208c', 'dd33e948-c06a-4738-964c-193f10d1208c', 'dd33e948-c06a-4738-964c-193f10d1208c', 'dd33e948-c06a-4738-964c-193f10d1208c', 'dd33e948-c06a-4738-964c-193f10d1208c', 'dd33e948-c06a-4738-964c-193f10d1208c', 'dd33e948-c06a-4738-964c-193f10d1208c', 'dd33e948-c06a-4738-964c-193f10d1208c', 'dd33e948-c06a-4738-964c-193f10d1208c', 'dd33e948-c06a-4738-964c-193f10d1208c', 'dd33e948-c06a-4738-964c-193f10d1208c', 'dd33e948-c06a-4738-964c-193f10d1208c', 'dd33e948-c06a-4738-964c-193f10d1208c', 'dd33e948-c06a-4738-964c-193f10d1208c', 'dd33e948-c06a-4738-964c-193f10d1208c', 'dd33e948-c06a-4738-964c-193f10d1208c', 'dd33e948-c06a-4738-964c-193f10d1208c', 'dd33e948-c06a-4738-964c-193f10d1208c', 'dd33e948-c06a-4738-964c-193f10d1208c', 'dd33e948-c06a-4738-964c-193f10d1208c', 'dd33e948-c06a-4738-964c-193f10d1208c', 'dd33e948-c06a-4738-964c-193f10d1208c', 'dd33e948-c06a-4738-964c-193f10d1208c', 'dd33e948-c06a-4738-964c-193f10d1208c', 'dd33e948-c06a-4738-964c-193f10d1208c', 'dd33e948-c06a-4738-964c-193f10d1208c', 'dd33e948-c06a-4738-964c-193f10d1208c', 'dd33e948-c06a-4738-964c-193f10d1208c', '881d2910-22e8-4dd6-9d7c-6d9529f58dd5', 'b26d9097-8b4a-4b17-af7b-e9e64b31fd05', 'b4e4a460-e847-46d6-8a04-7f1ba70f6d64', 'd33d142a-3d84-4d72-afa2-a110f7c9b229', '4d92ec46-f1ca-4466-8e1f-74706d83ab40', '7b0fe6e8-856e-4fc6-91b4-612c8d8eb168', '5f66a8d5-bcad-41c9-9ca0-d0a8ab37d768', '5fa871af-6448-48b6-845c-0c55abdd8fbf', 'c98ec176-1b49-43b6-821d-ac9f8a8cd65e', '5c71287d-f6d9-4f95-8b45-a589954067e2']"
8580418e-5d1f-4c82-ba71-b61321957642,15,"['f843b85d-7ab7-4821-9b8f-e207d12b692b', 'f843b85d-7ab7-4821-9b8f-e207d12b692b', 'f843b85d-7ab7-4821-9b8f-e207d12b692b', 'f843b85d-7ab7-4821-9b8f-e207d12b692b', 'f843b85d-7ab7-4821-9b8f-e207d12b692b', 'f843b85d-7ab7-4821-9b8f-e207d12b692b', 'f843b85d-7ab7-4821-9b8f-e207d12b692b', 'f843b85d-7ab7-4821-9b8f-e207d12b692b', 'f843b85d-7ab7-4821-9b8f-e207d12b692b', 'f843b85d-7ab7-4821-9b8f-e207d12b692b', 'f843b85d-7ab7-4821-9b8f-e207d12b692b', 'f843b85d-7ab7-4821-9b8f-e207d12b692b', 'f843b85d-7ab7-4821-9b8f-e207d12b692b', 'f843b85d-7ab7-4821-9b8f-e207d12b692b', 'f843b85d-7ab7-4821-9b8f-e207d12b692b', 'f843b85d-7ab7-4821-9b8f-e207d12b692b', 'f843b85d-7ab7-4821-9b8f-e207d12b692b', 'f843b85d-7ab7-4821-9b8f-e207d12b692b', 'f843b85d-7ab7-4821-9b8f-e207d12b692b', 'f843b85d-7ab7-4821-9b8f-e207d12b692b', 'f843b85d-7ab7-4821-9b8f-e207d12b692b', 'f843b85d-7ab7-4821-9b8f-e207d12b692b', 'f843b85d-7ab7-4821-9b8f-e207d12b692b', 'f843b85d-7ab7-4821-9b8f-e207d12b692b', 'f843b85d-7ab7-4821-9b8f-e207d12b692b', 'f843b85d-7ab7-4821-9b8f-e207d12b692b', 'f843b85d-7ab7-4821-9b8f-e207d12b692b', 'f843b85d-7ab7-4821-9b8f-e207d12b692b', 'f843b85d-7ab7-4821-9b8f-e207d12b692b', 'f843b85d-7ab7-4821-9b8f-e207d12b692b', 'f843b85d-7ab7-4821-9b8f-e207d12b692b', 'f843b85d-7ab7-4821-9b8f-e207d12b692b', 'f843b85d-7ab7-4821-9b8f-e207d12b692b', 'f843b85d-7ab7-4821-9b8f-e207d12b692b', 'f843b85d-7ab7-4821-9b8f-e207d12b692b', 'f843b85d-7ab7-4821-9b8f-e207d12b692b', 'f843b85d-7ab7-4821-9b8f-e207d12b692b', '3448e899-c14c-4080-a14f-c9a0c55e3f7b', '8b6a04de-5671-460a-8f97-e4ea172c90d0', 'd6a85285-f57f-4b42-aac7-9fd81624a7a4', '3b862945-6101-4541-8ada-88dee75609e0', '5459fad7-25ca-46bc-bbea-28786c53b903', '04d9b6b0-301d-419e-af41-ef7197a189ae', '9a06cba6-136a-4350-810c-cbf99bc8a375', '33cbdf8d-ef9d-4a74-91c2-fe6644c8199f', '6bafa6a7-a0f9-47cf-8745-ee140b3a87b5', '1a0afbc7-b9d0-4ade-889e-fbef706c191b', '78ada642-b337-4189-beac-118fc67dfb27', 'ca3ed065-1177-4c0b-9042-327dcc5718db', 'ade6dcdc-c8bd-4408-871f-5fb161c38b2b']"
810123fc-4e14-499d-b6b1-d7944948e672,15,"['4413d4b1-718c-4f7c-a83d-c6b15b2c3e92', '4413d4b1-718c-4f7c-a83d-c6b15b2c3e92', '4413d4b1-718c-4f7c-a83d-c6b15b2c3e92', '4413d4b1-718c-4f7c-a83d-c6b15b2c3e92', '4413d4b1-718c-4f7c-a83d-c6b15b2c3e92', '4413d4b1-718c-4f7c-a83d-c6b15b2c3e92', '4413d4b1-718c-4f7c-a83d-c6b15b2c3e92', '4413d4b1-718c-4f7c-a83d-c6b15b2c3e92', '4413d4b1-718c-4f7c-a83d-c6b15b2c3e92', '4413d4b1-718c-4f7c-a83d-c6b15b2c3e92', '4413d4b1-718c-4f7c-a83d-c6b15b2c3e92', '4413d4b1-718c-4f7c-a83d-c6b15b2c3e92', '4413d4b1-718c-4f7c-a83d-c6b15b2c3e92', '4413d4b1-718c-4f7c-a83d-c6b15b2c3e92', '4413d4b1-718c-4f7c-a83d-c6b15b2c3e92', '4413d4b1-718c-4f7c-a83d-c6b15b2c3e92', '4413d4b1-718c-4f7c-a83d-c6b15b2c3e92', '4413d4b1-718c-4f7c-a83d-c6b15b2c3e92', '4413d4b1-718c-4f7c-a83d-c6b15b2c3e92', '4413d4b1-718c-4f7c-a83d-c6b15b2c3e92', '4413d4b1-718c-4f7c-a83d-c6b15b2c3e92', '4413d4b1-718c-4f7c-a83d-c6b15b2c3e92', '4413d4b1-718c-4f7c-a83d-c6b15b2c3e92', 'b703b8d2-a848-4084-97b5-2f5916b9a62e', 'd98c23d9-9c8e-4833-a072-8681492e4844', '8eef261a-7cf3-43fd-b44d-b78bd307291f', 'f3d56946-d22e-40d9-af3c-eba921cb6a9a', '425bc134-e43f-4547-b3cc-ba6c6214dd15', '417cb635-6147-4b1d-a032-f13e34a7d74c', 'd6c65f84-fccc-4161-a8e6-d52af59ba538', 'e47f51ac-6ba3-42a2-9314-64c32d486d27', 'de8401e8-4fc4-4a10-93db-a5f8d8e34c06', '6b4e24b7-2f54-4ed8-9c5d-1ffb746bf0a5', 'bb3691dd-83ed-47f3-a93b-a32131851cbe', 'a7a8b54e-3984-40c4-a5c7-d66c89529dfb', '55da8ac0-6b42-45e5-9a11-170ee4421796', '732f6fce-25a7-448c-99fb-d7e33688d2ee', '4e5158a7-817a-4ac8-adee-e470e2d6a5ab', '1f9415df-67e2-4ae5-a0d4-4c34e51a8e30', '9a56a54e-4522-4c26-8b11-79b1ec341200', '65b09d91-2ee6-42a7-b99a-5eca9f06d436', '5e72c954-416e-4759-96c5-2d6af5c2d850', '8ff3d5a3-1fa0-4ee2-9a05-cd07fdd48e95', 'd71fc239-a52d-47c9-b077-a9202451d66c', 'ace6b106-dc03-4b0e-9d50-6f84d54ff27e', 'de680605-26c8-4f73-b65e-eaf2f44345d6', '97e366ba-44f3-46e9-973e-634be8e8a1ec', '4c5563bb-a1ec-4feb-9bff-a15b7a3c13c1', 'cd55152c-fd9d-46a8-9004-b3701963eff4', 'e589aef2-ecb2-40fe-a720-bd047827a87d']"
f4ec4b45-5d3a-45c8-a84a-4a4b8d9e5e85,15,"['874e4772-6909-4387-93b2-d67ac2b001d8', '874e4772-6909-4387-93b2-d67ac2b001d8', '874e4772-6909-4387-93b2-d67ac2b001d8', '874e4772-6909-4387-93b2-d67ac2b001d8', '874e4772-6909-4387-93b2-d67ac2b001d8', '874e4772-6909-4387-93b2-d67ac2b001d8', '874e4772-6909-4387-93b2-d67ac2b001d8', '874e4772-6909-4387-93b2-d67ac2b001d8', '874e4772-6909-4387-93b2-d67ac2b001d8', '874e4772-6909-4387-93b2-d67ac2b001d8', '874e4772-6909-4387-93b2-d67ac2b001d8', '874e4772-6909-4387-93b2-d67ac2b001d8', '874e4772-6909-4387-93b2-d67ac2b001d8', '874e4772-6909-4387-93b2-d67ac2b001d8', '874e4772-6909-4387-93b2-d67ac2b001d8', '874e4772-6909-4387-93b2-d67ac2b001d8', '874e4772-6909-4387-93b2-d67ac2b001d8', '874e4772-6909-4387-93b2-d67ac2b001d8', '874e4772-6909-4387-93b2-d67ac2b001d8', '874e4772-6909-4387-93b2-d67ac2b001d8', '874e4772-6909-4387-93b2-d67ac2b001d8', '874e4772-6909-4387-93b2-d67ac2b001d8', '874e4772-6909-4387-93b2-d67ac2b001d8', '874e4772-6909-4387-93b2-d67ac2b001d8', '874e4772-6909-4387-93b2-d67ac2b001d8', '874e4772-6909-4387-93b2-d67ac2b001d8', '874e4772-6909-4387-93b2-d67ac2b001d8', '874e4772-6909-4387-93b2-d67ac2b001d8', '874e4772-6909-4387-93b2-d67ac2b001d8', '874e4772-6909-4387-93b2-d67ac2b001d8', '874e4772-6909-4387-93b2-d67ac2b001d8', '874e4772-6909-4387-93b2-d67ac2b001d8', '874e4772-6909-4387-93b2-d67ac2b001d8', '874e4772-6909-4387-93b2-d67ac2b001d8', 'a6935091-9f73-4097-a9cc-f40f5fdfcd3c', '29583836-bb7d-41ac-9a90-89c548d5d3b0', '512b9def-383a-4bc6-b5bf-5f1ad34e98ef', '9e3f88b2-2933-46cd-b269-af98b38dd4da', '275c6bdd-b9c6-422a-ab8d-f49a0bb79a82', '2bc431b9-f221-4f7f-8858-ce24d65dd78e', 'cab656db-3db0-476a-8759-c2f0ead4c2f4', '868560a6-155a-42e7-9441-3b12d24f4e79', '88982ca4-ac7d-45e3-b2e8-f4f44bc5b5d1', '07ef627a-53d3-4afb-94bb-a07893b4905a', '98647368-cb05-4199-96b3-afb35e7ad89b', '21b4140f-340d-48eb-a22f-8778c50b7d4d', '0422e365-a731-4c9b-af2c-82861e4b9136', '3ea7c110-43fa-441b-8d89-ae753fea435a', 'e83ea4e6-de97-4b8e-a30e-53f668a4c2c6', '125cd79d-8d6a-4587-b18d-1418b9685e4a']"
63236085-74ee-47ff-9b11-5516e30bde07,14,"['c4c90e49-e660-44f4-b907-13b9c1aa0449', 'c4c90e49-e660-44f4-b907-13b9c1aa0449', 'c4c90e49-e660-44f4-b907-13b9c1aa0449', 'c4c90e49-e660-44f4-b907-13b9c1aa0449', 'c4c90e49-e660-44f4-b907-13b9c1aa0449', 'c4c90e49-e660-44f4-b907-13b9c1aa0449', 'c4c90e49-e660-44f4-b907-13b9c1aa0449', 'c4c90e49-e660-44f4-b907-13b9c1aa0449', 'c4c90e49-e660-44f4-b907-13b9c1aa0449', 'c4c90e49-e660-44f4-b907-13b9c1aa0449', 'c4c90e49-e660-44f4-b907-13b9c1aa0449', 'c4c90e49-e660-44f4-b907-13b9c1aa0449', 'c4c90e49-e660-44f4-b907-13b9c1aa0449', 'c4c90e49-e660-44f4-b907-13b9c1aa0449', 'c4c90e49-e660-44f4-b907-13b9c1aa0449', 'c4c90e49-e660-44f4-b907-13b9c1aa0449', 'c4c90e49-e660-44f4-b907-13b9c1aa0449', 'c4c90e49-e660-44f4-b907-13b9c1aa0449', 'c4c90e49-e660-44f4-b907-13b9c1aa0449', 'c4c90e49-e660-44f4-b907-13b9c1aa0449', 'c4c90e49-e660-44f4-b907-13b9c1aa0449', 'c4c90e49-e660-44f4-b907-13b9c1aa0449', 'c4c90e49-e660-44f4-b907-13b9c1aa0449', 'c4c90e49-e660-44f4-b907-13b9c1aa0449', 'c4c90e49-e660-44f4-b907-13b9c1aa0449', 'c4c90e49-e660-44f4-b907-13b9c1aa0449', 'c4c90e49-e660-44f4-b907-13b9c1aa0449', 'c4c90e49-e660-44f4-b907-13b9c1aa0449', 'c4c90e49-e660-44f4-b907-13b9c1aa0449', 'c4c90e49-e660-44f4-b907-13b9c1aa0449', 'c4c90e49-e660-44f4-b907-13b9c1aa0449', 'c4c90e49-e660-44f4-b907-13b9c1aa0449', 'f64ac25d-7a67-4505-92ab-e0404298a884', '0de87ac2-b1ef-472a-9c33-89a96350f5fa', '8ac08ac7-3ea4-448d-b8e3-6722377c26c8', '3ebc23a2-8eb5-402f-88da-21e568fdbd0e', '5f99179a-a8e2-47bb-a54f-c8f738e11e95', 'd68d5b68-690d-4786-bf84-8847641b4b65', '44eb534f-9a7d-42c3-88da-539964f82f8b', '8f18f9b5-8954-477c-a77f-a466c3272de3', 'df07bdeb-da72-4d15-bb27-43b5e3eea959', '8421d0a3-2669-47e0-84f8-e8902c08fe40', '927cf69b-e5c3-4b74-9275-6115efc6d2e3', '1f46bc2f-d7bc-4d38-910d-6686680b14fe', 'f5be7d57-9e19-4e41-8708-7f03efbe0660', '06050dae-686a-448b-9c91-5674ca280a03', '2e72fe9d-27fd-4208-8aca-b0e89d7472dd', 'f1c1c595-4917-4146-a8b6-4e2d2b7f58db', '0cd4b7f8-ea0c-44ae-b1a3-1b698940907d', '1c9ba474-44f1-4e04-8295-69256e688589']"
e0d70f86-dd6b-4504-b0c0-1173b324f3dc,14,"['dd33e948-c06a-4738-964c-193f10d1208c', 'dd33e948-c06a-4738-964c-193f10d1208c', 'dd33e948-c06a-4738-964c-193f10d1208c', 'dd33e948-c06a-4738-964c-193f10d1208c', 'dd33e948-c06a-4738-964c-193f10d1208c', 'dd33e948-c06a-4738-964c-193f10d1208c', 'dd33e948-c06a-4738-964c-193f10d1208c', 'dd33e948-c06a-4738-964c-193f10d1208c', 'dd33e948-c06a-4738-964c-193f10d1208c', 'dd33e948-c06a-4738-964c-193f10d1208c', 'dd33e948-c06a-4738-964c-193f10d1208c', 'dd33e948-c06a-4738-964c-193f10d1208c', 'dd33e948-c06a-4738-964c-193f10d1208c', 'dd33e948-c06a-4738-964c-193f10d1208c', 'dd33e948-c06a-4738-964c-193f10d1208c', 'dd33e948-c06a-4738-964c-193f10d1208c', 'dd33e948-c06a-4738-964c-193f10d1208c', 'dd33e948-c06a-4738-964c-193f10d1208c', 'dd33e948-c06a-4738-964c-193f10d1208c', 'dd33e948-c06a-4738-964c-193f10d1208c', 'dd33e948-c06a-4738-964c-193f10d1208c', 'dd33e948-c06a-4738-964c-193f10d1208c', 'dd33e948-c06a-4738-964c-193f10d1208c', 'dd33e948-c06a-4738-964c-193f10d1208c', 'dd33e948-c06a-4738-964c-193f10d1208c', 'dd33e948-c06a-4738-964c-193f10d1208c', 'dd33e948-c06a-4738-964c-193f10d1208c', 'dd33e948-c06a-4738-964c-193f10d1208c', 'dd33e948-c06a-4738-964c-193f10d1208c', 'dd33e948-c06a-4738-964c-193f10d1208c', 'b26d9097-8b4a-4b17-af7b-e9e64b31fd05', 'b4e4a460-e847-46d6-8a04-7f1ba70f6d64', 'd33d142a-3d84-4d72-afa2-a110f7c9b229', '4d92ec46-f1ca-4466-8e1f-74706d83ab40', '7b0fe6e8-856e-4fc6-91b4-612c8d8eb168', '5f66a8d5-bcad-41c9-9ca0-d0a8ab37d768', 'c98ec176-1b49-43b6-821d-ac9f8a8cd65e', '6e99072d-29d3-4a24-9f4e-d890ec28cb84', '9b046db1-2e2a-46cd-8b86-245a850006b6', '02000f8b-b92b-4d31-aba1-33fb77f61c8b', 'f0013bf8-553c-4786-a9ce-23d75c3cbdff', 'a16f3216-cacd-4227-a819-ef9ade129773', 'b68a5368-033e-419d-974a-2889baca57fa', '0e3fe8cb-dff3-4508-9972-68e433ff8f79', '57fa20b7-5e3f-4b2f-9bcc-079b1596e6bc', '466ddafd-515b-4912-9868-736cc73ae848', '43579209-5bb5-4fa8-ac6f-9abd25b5ba85', '07703fe5-54ea-42b9-bac1-735760f002dd', '9e8353cb-ba68-492c-bd8d-4a6fbbee2c1b', 'e3a76732-7e8c-413e-ae9a-da4d6ca74a1b']"
34cfbdf5-3507-4887-9d4c-edf3c8808057,13,"['35982583-320d-4bfa-a578-5d42fe127a04', '35982583-320d-4bfa-a578-5d42fe127a04', '35982583-320d-4bfa-a578-5d42fe127a04', '35982583-320d-4bfa-a578-5d42fe127a04', '35982583-320d-4bfa-a578-5d42fe127a04', '35982583-320d-4bfa-a578-5d42fe127a04', '35982583-320d-4bfa-a578-5d42fe127a04', '35982583-320d-4bfa-a578-5d42fe127a04', '35982583-320d-4bfa-a578-5d42fe127a04', '35982583-320d-4bfa-a578-5d42fe127a04', '35982583-320d-4bfa-a578-5d42fe127a04', '35982583-320d-4bfa-a578-5d42fe127a04', '35982583-320d-4bfa-a578-5d42fe127a04', '35982583-320d-4bfa-a578-5d42fe127a04', '35982583-320d-4bfa-a578-5d42fe127a04', '35982583-320d-4bfa-a578-5d42fe127a04', '35982583-320d-4bfa-a578-5d42fe127a04', '35982583-320d-4bfa-a578-5d42fe127a04', '35982583-320d-4bfa-a578-5d42fe127a04', '35982583-320d-4bfa-a578-5d42fe127a04', '35982583-320d-4bfa-a578-5d42fe127a04', '35982583-320d-4bfa-a578-5d42fe127a04', '35982583-320d-4bfa-a578-5d42fe127a04', '35982583-320d-4bfa-a578-5d42fe127a04', '35982583-320d-4bfa-a578-5d42fe127a04', '35982583-320d-4bfa-a578-5d42fe127a04', '35982583-320d-4bfa-a578-5d42fe127a04', '41f84ce1-04f5-4546-9f54-31766c50bd1e', 'cefb499d-69aa-4fdb-997e-2c5e888c8ba9', '48855cda-8b31-48c3-ae00-f8a99c1744bd', 'a765f77a-ece3-45df-af95-3750f6977b14', 'fef6dcc0-8875-45cc-8b59-26c081c6c818', 'f342afb2-7f94-4288-b898-2e04db88bffe', 'c9ac92a4-004a-4110-a777-1bcdcb346302', 'd0d02e05-00ad-4644-a9b4-b0fc11b69290', '55b5a931-2fa0-4117-bbee-10512a7a7e6b', 'fc22cbd3-cab2-45fc-87e0-f124ad29fa77', 'bd18145d-9c5e-44f7-bd71-aeaed7116d41', '377f5bb2-9308-4844-9b4a-9308cc0ca126', '5b973402-6ba6-4c69-b9c4-c74d097bb8a5', 'd5f18fa2-6c2c-4e15-8c5a-73169e25047a', 'fd4858a0-8653-4ee1-bda5-a7868c9190d8', 'c7e7e0ac-42d6-44b0-942e-33d4dcc36d5c', '4aa03f84-68d7-4b4e-9d1e-7b3c37e87e36', '541c1c55-7fd9-42fb-8610-62c4b5b90284', 'a163d9d8-b590-4b8b-b372-477debfd6b1b', '4a317646-650b-4b10-ac83-394a32e84917', '019419b9-5e0e-4417-9f79-de959e59a4cf', 'ecda4d72-b738-4f77-9c0c-dc92edf2070d', '2595059c-dc20-4c77-87de-b02305112e9b']"
e89f3903-1d9a-4a3f-bfc8-228f4f4a4e9b,0,"['97452ad7-0e33-4ac7-b3e4-07cc3cb49753', '97452ad7-0e33-4ac7-b3e4-07cc3cb49753', '97452ad7-0e33-4ac7-b3e4-07cc3cb49753', '97452ad7-0e33-4ac7-b3e4-07cc3cb49753', '97452ad7-0e33-4ac7-b3e4-07cc3cb49753', '97452ad7-0e33-4ac7-b3e4-07cc3cb49753', '97452ad7-0e33-4ac7-b3e4-07cc3cb49753', '97452ad7-0e33-4ac7-b3e4-07cc3cb49753', '97452ad7-0e33-4ac7-b3e4-07cc3cb49753', '97452ad7-0e33-4ac7-b3e4-07cc3cb49753', '97452ad7-0e33-4ac7-b3e4-07cc3cb49753', '97452ad7-0e33-4ac7-b3e4-07cc3cb49753', '97452ad7-0e33-4ac7-b3e4-07cc3cb49753', '97452ad7-0e33-4ac7-b3e4-07cc3cb49753', '97452ad7-0e33-4ac7-b3e4-07cc3cb49753', '97452ad7-0e33-4ac7-b3e4-07cc3cb49753', '97452ad7-0e33-4ac7-b3e4-07cc3cb49753', '97452ad7-0e33-4ac7-b3e4-07cc3cb49753', '97452ad7-0e33-4ac7-b3e4-07cc3cb49753', '97452ad7-0e33-4ac7-b3e4-07cc3cb49753', '97452ad7-0e33-4ac7-b3e4-07cc3cb49753', '97452ad7-0e33-4ac7-b3e4-07cc3cb49753', '97452ad7-0e33-4ac7-b3e4-07cc3cb49753', '97452ad7-0e33-4ac7-b3e4-07cc3cb49753', '97452ad7-0e33-4ac7-b3e4-07cc3cb49753', '97452ad7-0e33-4ac7-b3e4-07cc3cb49753', '97452ad7-0e33-4ac7-b3e4-07cc3cb49753', '97452ad7-0e33-4ac7-b3e4-07cc3cb49753', '97452ad7-0e33-4ac7-b3e4-07cc3cb49753', '97452ad7-0e33-4ac7-b3e4-07cc3cb49753', '97452ad7-0e33-4ac7-b3e4-07cc3cb49753', '97452ad7-0e33-4ac7-b3e4-07cc3cb49753', '97452ad7-0e33-4ac7-b3e4-07cc3cb49753', '97452ad7-0e33-4ac7-b3e4-07cc3cb49753', '97452ad7-0e33-4ac7-b3e4-07cc3cb49753', '97452ad7-0e33-4ac7-b3e4-07cc3cb49753', '97452ad7-0e33-4ac7-b3e4-07cc3cb49753', '97452ad7-0e33-4ac7-b3e4-07cc3cb49753', '97452ad7-0e33-4ac7-b3e4-07cc3cb49753', '97452ad7-0e33-4ac7-b3e4-07cc3cb49753', '97452ad7-0e33-4ac7-b3e4-07cc3cb49753', '97452ad7-0e33-4ac7-b3e4-07cc3cb49753', '97452ad7-0e33-4ac7-b3e4-07cc3cb49753', '97452ad7-0e33-4ac7-b3e4-07cc3cb49753', '97452ad7-0e33-4ac7-b3e4-07cc3cb49753', '97452ad7-0e33-4ac7-b3e4-07cc3cb49753', '97452ad7-0e33-4ac7-b3e4-07cc3cb49753', '97452ad7-0e33-4ac7-b3e4-07cc3cb49753', '97452ad7-0e33-4ac7-b3e4-07cc3cb49753', '97452ad7-0e33-4ac7-b3e4-07cc3cb49753']"
ec493b68-bb73-4d30-9a02-8af442210452,0,"['e9189313-5529-479c-9e00-a6b8f71b4d0e', 'e9189313-5529-479c-9e00-a6b8f71b4d0e', 'e9189313-5529-479c-9e00-a6b8f71b4d0e', 'e9189313-5529-479c-9e00-a6b8f71b4d0e', 'e9189313-5529-479c-9e00-a6b8f71b4d0e', 'e9189313-5529-479c-9e00-a6b8f71b4d0e', 'e9189313-5529-479c-9e00-a6b8f71b4d0e', 'e9189313-5529-479c-9e00-a6b8f71b4d0e', 'e9189313-5529-479c-9e00-a6b8f71b4d0e', 'e9189313-5529-479c-9e00-a6b8f71b4d0e', 'e9189313-5529-479c-9e00-a6b8f71b4d0e', 'e9189313-5529-479c-9e00-a6b8f71b4d0e', 'e9189313-5529-479c-9e00-a6b8f71b4d0e', 'e9189313-5529-479c-9e00-a6b8f71b4d0e', 'e9189313-5529-479c-9e00-a6b8f71b4d0e', 'e9189313-5529-479c-9e00-a6b8f71b4d0e', 'e9189313-5529-479c-9e00-a6b8f71b4d0e', 'e9189313-5529-479c-9e00-a6b8f71b4d0e', 'e9189313-5529-479c-9e00-a6b8f71b4d0e', 'e9189313-5529-479c-9e00-a6b8f71b4d0e', 'e9189313-5529-479c-9e00-a6b8f71b4d0e', 'e9189313-5529-479c-9e00-a6b8f71b4d0e', 'e9189313-5529-479c-9e00-a6b8f71b4d0e', 'e9189313-5529-479c-9e00-a6b8f71b4d0e', 'e9189313-5529-479c-9e00-a6b8f71b4d0e', 'e9189313-5529-479c-9e00-a6b8f71b4d0e', 'e9189313-5529-479c-9e00-a6b8f71b4d0e', 'e9189313-5529-479c-9e00-a6b8f71b4d0e', 'e9189313-5529-479c-9e00-a6b8f71b4d0e', 'e9189313-5529-479c-9e00-a6b8f71b4d0e', 'e9189313-5529-479c-9e00-a6b8f71b4d0e', 'e9189313-5529-479c-9e00-a6b8f71b4d0e', 'e9189313-5529-479c-9e00-a6b8f71b4d0e', 'e9189313-5529-479c-9e00-a6b8f71b4d0e', 'e9189313-5529-479c-9e00-a6b8f71b4d0e', 'e9189313-5529-479c-9e00-a6b8f71b4d0e', 'e9189313-5529-479c-9e00-a6b8f71b4d0e', 'e9189313-5529-479c-9e00-a6b8f71b4d0e', 'e9189313-5529-479c-9e00-a6b8f71b4d0e', 'e9189313-5529-479c-9e00-a6b8f71b4d0e', 'e9189313-5529-479c-9e00-a6b8f71b4d0e', 'e9189313-5529-479c-9e00-a6b8f71b4d0e', 'e9189313-5529-479c-9e00-a6b8f71b4d0e', 'e9189313-5529-479c-9e00-a6b8f71b4d0e', 'e9189313-5529-479c-9e00-a6b8f71b4d0e', 'e9189313-5529-479c-9e00-a6b8f71b4d0e', 'e9189313-5529-479c-9e00-a6b8f71b4d0e', 'e9189313-5529-479c-9e00-a6b8f71b4d0e', 'e9189313-5529-479c-9e00-a6b8f71b4d0e', 'e9189313-5529-479c-9e00-a6b8f71b4d0e']"
e0d70f86-dd6b-4504-b0c0-1173b324f3dc,15,"['e3a76732-7e8c-413e-ae9a-da4d6ca74a1b', 'e3a76732-7e8c-413e-ae9a-da4d6ca74a1b', 'e3a76732-7e8c-413e-ae9a-da4d6ca74a1b', 'e3a76732-7e8c-413e-ae9a-da4d6ca74a1b', 'e3a76732-7e8c-413e-ae9a-da4d6ca74a1b', 'e3a76732-7e8c-413e-ae9a-da4d6ca74a1b', 'e3a76732-7e8c-413e-ae9a-da4d6ca74a1b', 'e3a76732-7e8c-413e-ae9a-da4d6ca74a1b', 'e3a76732-7e8c-413e-ae9a-da4d6ca74a1b', 'e3a76732-7e8c-413e-ae9a-da4d6ca74a1b', 'e3a76732-7e8c-413e-ae9a-da4d6ca74a1b', 'e3a76732-7e8c-413e-ae9a-da4d6ca74a1b', 'e3a76732-7e8c-413e-ae9a-da4d6ca74a1b', 'e3a76732-7e8c-413e-ae9a-da4d6ca74a1b', 'e3a76732-7e8c-413e-ae9a-da4d6ca74a1b', 'e3a76732-7e8c-413e-ae9a-da4d6ca74a1b', 'e3a76732-7e8c-413e-ae9a-da4d6ca74a1b', 'e3a76732-7e8c-413e-ae9a-da4d6ca74a1b', 'e3a76732-7e8c-413e-ae9a-da4d6ca74a1b', 'e3a76732-7e8c-413e-ae9a-da4d6ca74a1b', 'e3a76732-7e8c-413e-ae9a-da4d6ca74a1b', 'e3a76732-7e8c-413e-ae9a-da4d6ca74a1b', 'e3a76732-7e8c-413e-ae9a-da4d6ca74a1b', 'e3a76732-7e8c-413e-ae9a-da4d6ca74a1b', 'e3a76732-7e8c-413e-ae9a-da4d6ca74a1b', 'e3a76732-7e8c-413e-ae9a-da4d6ca74a1b', 'e3a76732-7e8c-413e-ae9a-da4d6ca74a1b', 'e3a76732-7e8c-413e-ae9a-da4d6ca74a1b', 'e3a76732-7e8c-413e-ae9a-da4d6ca74a1b', 'e3a76732-7e8c-413e-ae9a-da4d6ca74a1b', 'e3a76732-7e8c-413e-ae9a-da4d6ca74a1b', 'e3a76732-7e8c-413e-ae9a-da4d6ca74a1b', 'e3a76732-7e8c-413e-ae9a-da4d6ca74a1b', 'e3a76732-7e8c-413e-ae9a-da4d6ca74a1b', 'e3a76732-7e8c-413e-ae9a-da4d6ca74a1b', 'e3a76732-7e8c-413e-ae9a-da4d6ca74a1b', 'e3a76732-7e8c-413e-ae9a-da4d6ca74a1b', 'e3a76732-7e8c-413e-ae9a-da4d6ca74a1b', 'e3a76732-7e8c-413e-ae9a-da4d6ca74a1b', 'e3a76732-7e8c-413e-ae9a-da4d6ca74a1b', 'e3a76732-7e8c-413e-ae9a-da4d6ca74a1b', '20ce304f-50fc-4614-b9da-fad3d6bba64e', '8addf50e-7208-4838-830b-3b4f92b4ff1a', 'b6c871fb-bdd4-4001-8b0d-2ff6a1a67b9a', '6d9c8d80-890e-46ab-a2d7-bc633abb9dae', '93b3810d-988c-4589-927f-2941e328d8ef', '628572ca-5918-43bd-aa1c-1943b59e63e5', 'ec777cb1-52fb-4901-ac61-fe043816403e', '80d5d697-53c5-4d6c-96fc-ba385449250b', '890ff50d-2ca0-4123-9fc5-d3e8301a8b22']"
63236085-74ee-47ff-9b11-5516e30bde07,15,"['c4c90e49-e660-44f4-b907-13b9c1aa0449', 'c4c90e49-e660-44f4-b907-13b9c1aa0449', 'c4c90e49-e660-44f4-b907-13b9c1aa0449', 'c4c90e49-e660-44f4-b907-13b9c1aa0449', 'c4c90e49-e660-44f4-b907-13b9c1aa0449', 'c4c90e49-e660-44f4-b907-13b9c1aa0449', 'c4c90e49-e660-44f4-b907-13b9c1aa0449', 'c4c90e49-e660-44f4-b907-13b9c1aa0449', 'c4c90e49-e660-44f4-b907-13b9c1aa0449', 'c4c90e49-e660-44f4-b907-13b9c1aa0449', 'c4c90e49-e660-44f4-b907-13b9c1aa0449', 'c4c90e49-e660-44f4-b907-13b9c1aa0449', 'c4c90e49-e660-44f4-b907-13b9c1aa0449', 'c4c90e49-e660-44f4-b907-13b9c1aa0449', 'c4c90e49-e660-44f4-b907-13b9c1aa0449', 'c4c90e49-e660-44f4-b907-13b9c1aa0449', 'c4c90e49-e660-44f4-b907-13b9c1aa0449', 'c4c90e49-e660-44f4-b907-13b9c1aa0449', 'c4c90e49-e660-44f4-b907-13b9c1aa0449', 'c4c90e49-e660-44f4-b907-13b9c1aa0449', 'c4c90e49-e660-44f4-b907-13b9c1aa0449', 'c4c90e49-e660-44f4-b907-13b9c1aa0449', 'c4c90e49-e660-44f4-b907-13b9c1aa0449', 'c4c90e49-e660-44f4-b907-13b9c1aa0449', 'c4c90e49-e660-44f4-b907-13b9c1aa0449', '0de87ac2-b1ef-472a-9c33-89a96350f5fa', '8ac08ac7-3ea4-448d-b8e3-6722377c26c8', 'd68d5b68-690d-4786-bf84-8847641b4b65', '44eb534f-9a7d-42c3-88da-539964f82f8b', '8f18f9b5-8954-477c-a77f-a466c3272de3', 'df07bdeb-da72-4d15-bb27-43b5e3eea959', '927cf69b-e5c3-4b74-9275-6115efc6d2e3', '1f46bc2f-d7bc-4d38-910d-6686680b14fe', 'f5be7d57-9e19-4e41-8708-7f03efbe0660', '2e72fe9d-27fd-4208-8aca-b0e89d7472dd', 'f1c1c595-4917-4146-a8b6-4e2d2b7f58db', '0cd4b7f8-ea0c-44ae-b1a3-1b698940907d', '1c9ba474-44f1-4e04-8295-69256e688589', '3c4dbada-101c-4f94-8bfc-5576bcc15b8b', '95d722cd-4901-438d-92fb-ebf0fcc0c5a2', '541f67cf-52ac-4323-97a7-8e0126603edb', 'da3ab476-4dd2-4f0b-909f-520e26a7191c', '1b740075-1760-418e-b89a-a20ceb11cbf3', 'eaee1293-6e85-4a07-8901-507b6243acc0', 'd1e47d14-aaa4-40df-bea7-11f763d3e60d', '81b7ac84-b917-43b2-bbbb-9f8df8057c0b', '08f20e03-0cd1-4e9f-a22d-fcf741dc8fde', '730d0b91-aeb4-45bc-8947-bb901ad0e665', '01775dcc-9527-409d-8ba5-0b74b9f0f6a2', '982af954-f86f-4f63-8a73-b6d220965af3']"
34cfbdf5-3507-4887-9d4c-edf3c8808057,14,"['35982583-320d-4bfa-a578-5d42fe127a04', '35982583-320d-4bfa-a578-5d42fe127a04', '35982583-320d-4bfa-a578-5d42fe127a04', '35982583-320d-4bfa-a578-5d42fe127a04', '35982583-320d-4bfa-a578-5d42fe127a04', '35982583-320d-4bfa-a578-5d42fe127a04', '35982583-320d-4bfa-a578-5d42fe127a04', '35982583-320d-4bfa-a578-5d42fe127a04', '35982583-320d-4bfa-a578-5d42fe127a04', '35982583-320d-4bfa-a578-5d42fe127a04', '35982583-320d-4bfa-a578-5d42fe127a04', '35982583-320d-4bfa-a578-5d42fe127a04', '35982583-320d-4bfa-a578-5d42fe127a04', '35982583-320d-4bfa-a578-5d42fe127a04', '35982583-320d-4bfa-a578-5d42fe127a04', '35982583-320d-4bfa-a578-5d42fe127a04', '35982583-320d-4bfa-a578-5d42fe127a04', '35982583-320d-4bfa-a578-5d42fe127a04', '35982583-320d-4bfa-a578-5d42fe127a04', '35982583-320d-4bfa-a578-5d42fe127a04', '35982583-320d-4bfa-a578-5d42fe127a04', '35982583-320d-4bfa-a578-5d42fe127a04', '41f84ce1-04f5-4546-9f54-31766c50bd1e', 'cefb499d-69aa-4fdb-997e-2c5e888c8ba9', '48855cda-8b31-48c3-ae00-f8a99c1744bd', 'fef6dcc0-8875-45cc-8b59-26c081c6c818', 'f342afb2-7f94-4288-b898-2e04db88bffe', 'c9ac92a4-004a-4110-a777-1bcdcb346302', 'd0d02e05-00ad-4644-a9b4-b0fc11b69290', '55b5a931-2fa0-4117-bbee-10512a7a7e6b', 'fc22cbd3-cab2-45fc-87e0-f124ad29fa77', 'bd18145d-9c5e-44f7-bd71-aeaed7116d41', '377f5bb2-9308-4844-9b4a-9308cc0ca126', '5b973402-6ba6-4c69-b9c4-c74d097bb8a5', 'd5f18fa2-6c2c-4e15-8c5a-73169e25047a', 'c7e7e0ac-42d6-44b0-942e-33d4dcc36d5c', '4aa03f84-68d7-4b4e-9d1e-7b3c37e87e36', '541c1c55-7fd9-42fb-8610-62c4b5b90284', 'a163d9d8-b590-4b8b-b372-477debfd6b1b', '4a317646-650b-4b10-ac83-394a32e84917', '2595059c-dc20-4c77-87de-b02305112e9b', 'bedbe650-977e-454b-8700-31b9042b0e4d', 'a5df1b1e-0753-444f-9aba-2da70ed8f05c', '909a9cdf-366e-453a-ae20-3246b0dc6e96', 'f2a212e8-5bfb-499b-95f8-188625e7014b', '6f72b4bb-5caf-4270-b535-0f8510160c04', '28a41fb5-b759-4752-95ab-e7fb5da60b11', '79a51d5d-f2f8-463a-bc7d-b500076f96fb', '2ab76b6c-2492-4bd5-871e-d0410e578be5', '45644ea5-1c5c-4875-a638-203e48352e51']"
e89f3903-1d9a-4a3f-bfc8-228f4f4a4e9b,1,"['97452ad7-0e33-4ac7-b3e4-07cc3cb49753', '97452ad7-0e33-4ac7-b3e4-07cc3cb49753', '97452ad7-0e33-4ac7-b3e4-07cc3cb49753', '97452ad7-0e33-4ac7-b3e4-07cc3cb49753', '97452ad7-0e33-4ac7-b3e4-07cc3cb49753', '97452ad7-0e33-4ac7-b3e4-07cc3cb49753', '97452ad7-0e33-4ac7-b3e4-07cc3cb49753', '97452ad7-0e33-4ac7-b3e4-07cc3cb49753', '97452ad7-0e33-4ac7-b3e4-07cc3cb49753', '97452ad7-0e33-4ac7-b3e4-07cc3cb49753', '97452ad7-0e33-4ac7-b3e4-07cc3cb49753', '97452ad7-0e33-4ac7-b3e4-07cc3cb49753', '97452ad7-0e33-4ac7-b3e4-07cc3cb49753', '97452ad7-0e33-4ac7-b3e4-07cc3cb49753', '97452ad7-0e33-4ac7-b3e4-07cc3cb49753', '97452ad7-0e33-4ac7-b3e4-07cc3cb49753', '97452ad7-0e33-4ac7-b3e4-07cc3cb49753', '97452ad7-0e33-4ac7-b3e4-07cc3cb49753', '97452ad7-0e33-4ac7-b3e4-07cc3cb49753', '97452ad7-0e33-4ac7-b3e4-07cc3cb49753', '97452ad7-0e33-4ac7-b3e4-07cc3cb49753', '97452ad7-0e33-4ac7-b3e4-07cc3cb49753', '97452ad7-0e33-4ac7-b3e4-07cc3cb49753', '97452ad7-0e33-4ac7-b3e4-07cc3cb49753', '97452ad7-0e33-4ac7-b3e4-07cc3cb49753', '97452ad7-0e33-4ac7-b3e4-07cc3cb49753', '97452ad7-0e33-4ac7-b3e4-07cc3cb49753', '97452ad7-0e33-4ac7-b3e4-07cc3cb49753', '97452ad7-0e33-4ac7-b3e4-07cc3cb49753', '97452ad7-0e33-4ac7-b3e4-07cc3cb49753', '97452ad7-0e33-4ac7-b3e4-07cc3cb49753', '97452ad7-0e33-4ac7-b3e4-07cc3cb49753', '97452ad7-0e33-4ac7-b3e4-07cc3cb49753', '97452ad7-0e33-4ac7-b3e4-07cc3cb49753', '97452ad7-0e33-4ac7-b3e4-07cc3cb49753', '97452ad7-0e33-4ac7-b3e4-07cc3cb49753', '97452ad7-0e33-4ac7-b3e4-07cc3cb49753', '97452ad7-0e33-4ac7-b3e4-07cc3cb49753', '97452ad7-0e33-4ac7-b3e4-07cc3cb49753', '97452ad7-0e33-4ac7-b3e4-07cc3cb49753', '97452ad7-0e33-4ac7-b3e4-07cc3cb49753', '97452ad7-0e33-4ac7-b3e4-07cc3cb49753', '742ebc93-3867-4875-8006-00474bc52677', '0affb105-85f2-40a3-9903-c8be196469e6', '888b5e8e-a84f-48d9-b3a6-28a899f93ba8', '06fc27ed-d70d-4f1d-b0cf-b721175c33d7', '5cb6e1fb-811d-493b-9a8d-944b6fe7ffa5', '6f2c1fe1-17d6-4ffa-8f7b-8802683ad0c3', '43f3b587-9108-491c-88d6-50cdebda91a5', '26afe3ac-f338-4cd0-bf1d-652e6639354b']"
ec493b68-bb73-4d30-9a02-8af442210452,1,"['e9189313-5529-479c-9e00-a6b8f71b4d0e', 'e9189313-5529-479c-9e00-a6b8f71b4d0e', 'e9189313-5529-479c-9e00-a6b8f71b4d0e', 'e9189313-5529-479c-9e00-a6b8f71b4d0e', 'e9189313-5529-479c-9e00-a6b8f71b4d0e', 'e9189313-5529-479c-9e00-a6b8f71b4d0e', 'e9189313-5529-479c-9e00-a6b8f71b4d0e', 'e9189313-5529-479c-9e00-a6b8f71b4d0e', 'e9189313-5529-479c-9e00-a6b8f71b4d0e', 'e9189313-5529-479c-9e00-a6b8f71b4d0e', 'e9189313-5529-479c-9e00-a6b8f71b4d0e', 'e9189313-5529-479c-9e00-a6b8f71b4d0e', 'e9189313-5529-479c-9e00-a6b8f71b4d0e', 'e9189313-5529-479c-9e00-a6b8f71b4d0e', 'e9189313-5529-479c-9e00-a6b8f71b4d0e', 'e9189313-5529-479c-9e00-a6b8f71b4d0e', 'e9189313-5529-479c-9e00-a6b8f71b4d0e', 'e9189313-5529-479c-9e00-a6b8f71b4d0e', 'e9189313-5529-479c-9e00-a6b8f71b4d0e', 'e9189313-5529-479c-9e00-a6b8f71b4d0e', 'e9189313-5529-479c-9e00-a6b8f71b4d0e', 'e9189313-5529-479c-9e00-a6b8f71b4d0e', 'e9189313-5529-479c-9e00-a6b8f71b4d0e', 'e9189313-5529-479c-9e00-a6b8f71b4d0e', 'e9189313-5529-479c-9e00-a6b8f71b4d0e', 'e9189313-5529-479c-9e00-a6b8f71b4d0e', 'e9189313-5529-479c-9e00-a6b8f71b4d0e', 'e9189313-5529-479c-9e00-a6b8f71b4d0e', 'e9189313-5529-479c-9e00-a6b8f71b4d0e', 'e9189313-5529-479c-9e00-a6b8f71b4d0e', 'e9189313-5529-479c-9e00-a6b8f71b4d0e', 'e9189313-5529-479c-9e00-a6b8f71b4d0e', 'e9189313-5529-479c-9e00-a6b8f71b4d0e', 'e9189313-5529-479c-9e00-a6b8f71b4d0e', 'e9189313-5529-479c-9e00-a6b8f71b4d0e', 'e9189313-5529-479c-9e00-a6b8f71b4d0e', 'e9189313-5529-479c-9e00-a6b8f71b4d0e', 'e9189313-5529-479c-9e00-a6b8f71b4d0e', '074839f3-641a-42eb-b003-aa2b202431c6', 'e7918003-d4c8-427e-8185-81dfa7cf0a18', '8f3fab80-f401-45c1-8066-e8b5e5406e25', '0c839c3f-3185-4e92-8fa2-37d28a5ed9b4', '774aca9d-3f82-46d9-8f0e-9d5a49ee626e', '351d341d-52a8-46ec-b944-e3f8d622c397', 'bce376b4-1ca6-4e93-b88e-01e8a6afe07c', 'd546d8ba-beb9-430c-9b06-89c3bfc6d38e', '6fcfdb62-1144-4992-8585-b4ad9984a145', '8ff75c71-a757-4043-8335-43cfe725c1b5', 'e88668f7-f984-467a-8894-d904fa3669ae', '80d4c9d5-d7f5-443d-b672-6b602134c971']"
34cfbdf5-3507-4887-9d4c-edf3c8808057,15,"['35982583-320d-4bfa-a578-5d42fe127a04', '35982583-320d-4bfa-a578-5d42fe127a04', '35982583-320d-4bfa-a578-5d42fe127a04', '35982583-320d-4bfa-a578-5d42fe127a04', '35982583-320d-4bfa-a578-5d42fe127a04', '35982583-320d-4bfa-a578-5d42fe127a04', '35982583-320d-4bfa-a578-5d42fe127a04', '35982583-320d-4bfa-a578-5d42fe127a04', '35982583-320d-4bfa-a578-5d42fe127a04', '35982583-320d-4bfa-a578-5d42fe127a04', '35982583-320d-4bfa-a578-5d42fe127a04', '35982583-320d-4bfa-a578-5d42fe127a04', '35982583-320d-4bfa-a578-5d42fe127a04', '35982583-320d-4bfa-a578-5d42fe127a04', '35982583-320d-4bfa-a578-5d42fe127a04', '35982583-320d-4bfa-a578-5d42fe127a04', '35982583-320d-4bfa-a578-5d42fe127a04', '35982583-320d-4bfa-a578-5d42fe127a04', '35982583-320d-4bfa-a578-5d42fe127a04', '35982583-320d-4bfa-a578-5d42fe127a04', '35982583-320d-4bfa-a578-5d42fe127a04', '35982583-320d-4bfa-a578-5d42fe127a04', '35982583-320d-4bfa-a578-5d42fe127a04', '35982583-320d-4bfa-a578-5d42fe127a04', '35982583-320d-4bfa-a578-5d42fe127a04', '35982583-320d-4bfa-a578-5d42fe127a04', '35982583-320d-4bfa-a578-5d42fe127a04', '35982583-320d-4bfa-a578-5d42fe127a04', '35982583-320d-4bfa-a578-5d42fe127a04', '35982583-320d-4bfa-a578-5d42fe127a04', '35982583-320d-4bfa-a578-5d42fe127a04', '35982583-320d-4bfa-a578-5d42fe127a04', '35982583-320d-4bfa-a578-5d42fe127a04', '35982583-320d-4bfa-a578-5d42fe127a04', '35982583-320d-4bfa-a578-5d42fe127a04', '4efb65b7-8c73-4e0c-81b9-4dcbafb7b1f7', '947048db-a7bc-47bf-af5e-3714bcca9620', '77b6bc7b-e640-43be-b958-727bd00021bb', '1d085e02-5b86-444d-bdcd-fa2a049cb782', 'dc51ee09-241b-4e42-89c5-beda5ab1eb95', '2b79303b-51f7-4000-b561-9934f554aa95', 'ef16dbd7-86b1-462c-91f6-4bfcc4557dd4', 'f3a7d22d-48f8-4f6e-be2b-a673b5af17d9', '8d436325-51d7-43f5-afe3-317c829e8885', '1b56e0f0-2824-4af8-90d0-601716277aff', 'be9721ed-12f9-4c4d-904f-feb54badc76a', 'cac507e8-55e4-453e-be23-8d851b430b78', '5b4b0397-1587-4758-b255-45618cb46165', '033e5d93-5de7-434a-a938-7bfb5c66ecba', 'a43a45b5-2178-4f9f-af96-40e633fe9de8']"
4506bc68-639e-4a48-9f49-ce5edeeb7df4,0,"['04116bd5-b871-48a6-94fb-771795ab1d5a', '04116bd5-b871-48a6-94fb-771795ab1d5a', '04116bd5-b871-48a6-94fb-771795ab1d5a', '04116bd5-b871-48a6-94fb-771795ab1d5a', '04116bd5-b871-48a6-94fb-771795ab1d5a', '04116bd5-b871-48a6-94fb-771795ab1d5a', '04116bd5-b871-48a6-94fb-771795ab1d5a', '04116bd5-b871-48a6-94fb-771795ab1d5a', '04116bd5-b871-48a6-94fb-771795ab1d5a', '04116bd5-b871-48a6-94fb-771795ab1d5a', '04116bd5-b871-48a6-94fb-771795ab1d5a', '04116bd5-b871-48a6-94fb-771795ab1d5a', '04116bd5-b871-48a6-94fb-771795ab1d5a', '04116bd5-b871-48a6-94fb-771795ab1d5a', '04116bd5-b871-48a6-94fb-771795ab1d5a', '04116bd5-b871-48a6-94fb-771795ab1d5a', '04116bd5-b871-48a6-94fb-771795ab1d5a', '04116bd5-b871-48a6-94fb-771795ab1d5a', '04116bd5-b871-48a6-94fb-771795ab1d5a', '04116bd5-b871-48a6-94fb-771795ab1d5a', '04116bd5-b871-48a6-94fb-771795ab1d5a', '04116bd5-b871-48a6-94fb-771795ab1d5a', '04116bd5-b871-48a6-94fb-771795ab1d5a', '04116bd5-b871-48a6-94fb-771795ab1d5a', '04116bd5-b871-48a6-94fb-771795ab1d5a', '04116bd5-b871-48a6-94fb-771795ab1d5a', '04116bd5-b871-48a6-94fb-771795ab1d5a', '04116bd5-b871-48a6-94fb-771795ab1d5a', '04116bd5-b871-48a6-94fb-771795ab1d5a', '04116bd5-b871-48a6-94fb-771795ab1d5a', '04116bd5-b871-48a6-94fb-771795ab1d5a', '04116bd5-b871-48a6-94fb-771795ab1d5a', '04116bd5-b871-48a6-94fb-771795ab1d5a', '04116bd5-b871-48a6-94fb-771795ab1d5a', '04116bd5-b871-48a6-94fb-771795ab1d5a', '04116bd5-b871-48a6-94fb-771795ab1d5a', '04116bd5-b871-48a6-94fb-771795ab1d5a', '04116bd5-b871-48a6-94fb-771795ab1d5a', '04116bd5-b871-48a6-94fb-771795ab1d5a', '04116bd5-b871-48a6-94fb-771795ab1d5a', '04116bd5-b871-48a6-94fb-771795ab1d5a', '04116bd5-b871-48a6-94fb-771795ab1d5a', '04116bd5-b871-48a6-94fb-771795ab1d5a', '04116bd5-b871-48a6-94fb-771795ab1d5a', '04116bd5-b871-48a6-94fb-771795ab1d5a', '04116bd5-b871-48a6-94fb-771795ab1d5a', '04116bd5-b871-48a6-94fb-771795ab1d5a', '04116bd5-b871-48a6-94fb-771795ab1d5a', '04116bd5-b871-48a6-94fb-771795ab1d5a', '04116bd5-b871-48a6-94fb-771795ab1d5a']"
ec493b68-bb73-4d30-9a02-8af442210452,2,"['774aca9d-3f82-46d9-8f0e-9d5a49ee626e', '774aca9d-3f82-46d9-8f0e-9d5a49ee626e', '774aca9d-3f82-46d9-8f0e-9d5a49ee626e', '774aca9d-3f82-46d9-8f0e-9d5a49ee626e', '774aca9d-3f82-46d9-8f0e-9d5a49ee626e', '774aca9d-3f82-46d9-8f0e-9d5a49ee626e', '774aca9d-3f82-46d9-8f0e-9d5a49ee626e', '774aca9d-3f82-46d9-8f0e-9d5a49ee626e', '774aca9d-3f82-46d9-8f0e-9d5a49ee626e', '774aca9d-3f82-46d9-8f0e-9d5a49ee626e', '774aca9d-3f82-46d9-8f0e-9d5a49ee626e', '774aca9d-3f82-46d9-8f0e-9d5a49ee626e', '774aca9d-3f82-46d9-8f0e-9d5a49ee626e', '774aca9d-3f82-46d9-8f0e-9d5a49ee626e', '774aca9d-3f82-46d9-8f0e-9d5a49ee626e', '774aca9d-3f82-46d9-8f0e-9d5a49ee626e', '774aca9d-3f82-46d9-8f0e-9d5a49ee626e', '774aca9d-3f82-46d9-8f0e-9d5a49ee626e', '774aca9d-3f82-46d9-8f0e-9d5a49ee626e', '774aca9d-3f82-46d9-8f0e-9d5a49ee626e', '774aca9d-3f82-46d9-8f0e-9d5a49ee626e', '774aca9d-3f82-46d9-8f0e-9d5a49ee626e', '774aca9d-3f82-46d9-8f0e-9d5a49ee626e', '774aca9d-3f82-46d9-8f0e-9d5a49ee626e', '774aca9d-3f82-46d9-8f0e-9d5a49ee626e', '774aca9d-3f82-46d9-8f0e-9d5a49ee626e', '774aca9d-3f82-46d9-8f0e-9d5a49ee626e', '774aca9d-3f82-46d9-8f0e-9d5a49ee626e', '774aca9d-3f82-46d9-8f0e-9d5a49ee626e', '774aca9d-3f82-46d9-8f0e-9d5a49ee626e', '774aca9d-3f82-46d9-8f0e-9d5a49ee626e', '774aca9d-3f82-46d9-8f0e-9d5a49ee626e', '774aca9d-3f82-46d9-8f0e-9d5a49ee626e', '774aca9d-3f82-46d9-8f0e-9d5a49ee626e', '774aca9d-3f82-46d9-8f0e-9d5a49ee626e', '774aca9d-3f82-46d9-8f0e-9d5a49ee626e', '774aca9d-3f82-46d9-8f0e-9d5a49ee626e', '774aca9d-3f82-46d9-8f0e-9d5a49ee626e', '774aca9d-3f82-46d9-8f0e-9d5a49ee626e', '774aca9d-3f82-46d9-8f0e-9d5a49ee626e', '774aca9d-3f82-46d9-8f0e-9d5a49ee626e', '774aca9d-3f82-46d9-8f0e-9d5a49ee626e', '774aca9d-3f82-46d9-8f0e-9d5a49ee626e', '774aca9d-3f82-46d9-8f0e-9d5a49ee626e', '774aca9d-3f82-46d9-8f0e-9d5a49ee626e', '774aca9d-3f82-46d9-8f0e-9d5a49ee626e', '774aca9d-3f82-46d9-8f0e-9d5a49ee626e', '6ce6d80d-42c9-4db8-ae80-63af69dd498e', 'd1c6c6f4-b485-47ea-b123-70f0a91f6453', 'c90ec03d-cce5-4604-9f1b-4a9225708b12']"
e89f3903-1d9a-4a3f-bfc8-228f4f4a4e9b,2,"['6f2c1fe1-17d6-4ffa-8f7b-8802683ad0c3', '6f2c1fe1-17d6-4ffa-8f7b-8802683ad0c3', '6f2c1fe1-17d6-4ffa-8f7b-8802683ad0c3', '6f2c1fe1-17d6-4ffa-8f7b-8802683ad0c3', '6f2c1fe1-17d6-4ffa-8f7b-8802683ad0c3', '6f2c1fe1-17d6-4ffa-8f7b-8802683ad0c3', '6f2c1fe1-17d6-4ffa-8f7b-8802683ad0c3', '6f2c1fe1-17d6-4ffa-8f7b-8802683ad0c3', '6f2c1fe1-17d6-4ffa-8f7b-8802683ad0c3', '6f2c1fe1-17d6-4ffa-8f7b-8802683ad0c3', '6f2c1fe1-17d6-4ffa-8f7b-8802683ad0c3', '6f2c1fe1-17d6-4ffa-8f7b-8802683ad0c3', '6f2c1fe1-17d6-4ffa-8f7b-8802683ad0c3', '6f2c1fe1-17d6-4ffa-8f7b-8802683ad0c3', '6f2c1fe1-17d6-4ffa-8f7b-8802683ad0c3', '6f2c1fe1-17d6-4ffa-8f7b-8802683ad0c3', '6f2c1fe1-17d6-4ffa-8f7b-8802683ad0c3', '6f2c1fe1-17d6-4ffa-8f7b-8802683ad0c3', '6f2c1fe1-17d6-4ffa-8f7b-8802683ad0c3', '6f2c1fe1-17d6-4ffa-8f7b-8802683ad0c3', '6f2c1fe1-17d6-4ffa-8f7b-8802683ad0c3', '6f2c1fe1-17d6-4ffa-8f7b-8802683ad0c3', '6f2c1fe1-17d6-4ffa-8f7b-8802683ad0c3', '6f2c1fe1-17d6-4ffa-8f7b-8802683ad0c3', '6f2c1fe1-17d6-4ffa-8f7b-8802683ad0c3', '6f2c1fe1-17d6-4ffa-8f7b-8802683ad0c3', '6f2c1fe1-17d6-4ffa-8f7b-8802683ad0c3', '6f2c1fe1-17d6-4ffa-8f7b-8802683ad0c3', '6f2c1fe1-17d6-4ffa-8f7b-8802683ad0c3', '6f2c1fe1-17d6-4ffa-8f7b-8802683ad0c3', '6f2c1fe1-17d6-4ffa-8f7b-8802683ad0c3', '6f2c1fe1-17d6-4ffa-8f7b-8802683ad0c3', '6f2c1fe1-17d6-4ffa-8f7b-8802683ad0c3', '6f2c1fe1-17d6-4ffa-8f7b-8802683ad0c3', '6f2c1fe1-17d6-4ffa-8f7b-8802683ad0c3', '6f2c1fe1-17d6-4ffa-8f7b-8802683ad0c3', 'ed3c875a-2150-4c7e-ac2e-2abd0f37b754', '418543b0-2938-4791-8642-f37c005b6633', '92b5fc57-5add-4123-ac02-133cbb0cb6b0', 'ae76ac23-6b15-48d0-88cc-f989688e0ea2', '89e4b5d1-36ea-4be7-a91d-9d53ddbfd599', 'e04145d6-698e-4dfe-b42d-2ad05c99b7e6', '9722ad4f-2a4c-4078-b448-e077eef157ef', 'e4a35f57-3ae9-408f-9f74-12b817026085', '74f97983-8aa9-4625-b45d-789f51af96b5', '70a09252-2ffb-48e7-a00a-8cdcda4b5e62', '43575a41-2950-40d7-8f92-7af4e4e6632c', 'eb76c391-89c8-447c-bb2b-fe332852f5ed', '7c677421-c5ff-4bb4-acb0-98c7bedfb29a', 'ce14bd4d-c1fe-4540-9318-dde1b83c245a']"
e89f3903-1d9a-4a3f-bfc8-228f4f4a4e9b,3,"['418543b0-2938-4791-8642-f37c005b6633', '418543b0-2938-4791-8642-f37c005b6633', '418543b0-2938-4791-8642-f37c005b6633', '418543b0-2938-4791-8642-f37c005b6633', '418543b0-2938-4791-8642-f37c005b6633', '418543b0-2938-4791-8642-f37c005b6633', '418543b0-2938-4791-8642-f37c005b6633', '418543b0-2938-4791-8642-f37c005b6633', '418543b0-2938-4791-8642-f37c005b6633', '418543b0-2938-4791-8642-f37c005b6633', '418543b0-2938-4791-8642-f37c005b6633', '418543b0-2938-4791-8642-f37c005b6633', '418543b0-2938-4791-8642-f37c005b6633', '418543b0-2938-4791-8642-f37c005b6633', '418543b0-2938-4791-8642-f37c005b6633', '418543b0-2938-4791-8642-f37c005b6633', '418543b0-2938-4791-8642-f37c005b6633', '418543b0-2938-4791-8642-f37c005b6633', '418543b0-2938-4791-8642-f37c005b6633', '418543b0-2938-4791-8642-f37c005b6633', '418543b0-2938-4791-8642-f37c005b6633', '418543b0-2938-4791-8642-f37c005b6633', '418543b0-2938-4791-8642-f37c005b6633', '418543b0-2938-4791-8642-f37c005b6633', '418543b0-2938-4791-8642-f37c005b6633', '418543b0-2938-4791-8642-f37c005b6633', '418543b0-2938-4791-8642-f37c005b6633', '418543b0-2938-4791-8642-f37c005b6633', '418543b0-2938-4791-8642-f37c005b6633', '418543b0-2938-4791-8642-f37c005b6633', '418543b0-2938-4791-8642-f37c005b6633', '418543b0-2938-4791-8642-f37c005b6633', '418543b0-2938-4791-8642-f37c005b6633', '418543b0-2938-4791-8642-f37c005b6633', '418543b0-2938-4791-8642-f37c005b6633', '418543b0-2938-4791-8642-f37c005b6633', '418543b0-2938-4791-8642-f37c005b6633', '418543b0-2938-4791-8642-f37c005b6633', '418543b0-2938-4791-8642-f37c005b6633', '418543b0-2938-4791-8642-f37c005b6633', '418543b0-2938-4791-8642-f37c005b6633', '418543b0-2938-4791-8642-f37c005b6633', '418543b0-2938-4791-8642-f37c005b6633', '418543b0-2938-4791-8642-f37c005b6633', 'd5e45e47-321c-4923-bbc2-27b0078152fc', '9622fe6c-4014-4f08-8c7f-fb90ad5f4592', '30cc7d45-3b07-4804-af4c-705176a27236', 'f4a80400-cd5b-4f8d-b6ab-7a962d1d30c5', '318992db-50fa-424a-b79c-3305624b07c1', '58f5015f-5768-4578-a234-243058c82c81']"
ec493b68-bb73-4d30-9a02-8af442210452,3,"['774aca9d-3f82-46d9-8f0e-9d5a49ee626e', '774aca9d-3f82-46d9-8f0e-9d5a49ee626e', '774aca9d-3f82-46d9-8f0e-9d5a49ee626e', '774aca9d-3f82-46d9-8f0e-9d5a49ee626e', '774aca9d-3f82-46d9-8f0e-9d5a49ee626e', '774aca9d-3f82-46d9-8f0e-9d5a49ee626e', '774aca9d-3f82-46d9-8f0e-9d5a49ee626e', '774aca9d-3f82-46d9-8f0e-9d5a49ee626e', '774aca9d-3f82-46d9-8f0e-9d5a49ee626e', '774aca9d-3f82-46d9-8f0e-9d5a49ee626e', '774aca9d-3f82-46d9-8f0e-9d5a49ee626e', '774aca9d-3f82-46d9-8f0e-9d5a49ee626e', '774aca9d-3f82-46d9-8f0e-9d5a49ee626e', '774aca9d-3f82-46d9-8f0e-9d5a49ee626e', '774aca9d-3f82-46d9-8f0e-9d5a49ee626e', '774aca9d-3f82-46d9-8f0e-9d5a49ee626e', '774aca9d-3f82-46d9-8f0e-9d5a49ee626e', '774aca9d-3f82-46d9-8f0e-9d5a49ee626e', '774aca9d-3f82-46d9-8f0e-9d5a49ee626e', '774aca9d-3f82-46d9-8f0e-9d5a49ee626e', '774aca9d-3f82-46d9-8f0e-9d5a49ee626e', '774aca9d-3f82-46d9-8f0e-9d5a49ee626e', '774aca9d-3f82-46d9-8f0e-9d5a49ee626e', '774aca9d-3f82-46d9-8f0e-9d5a49ee626e', '774aca9d-3f82-46d9-8f0e-9d5a49ee626e', '774aca9d-3f82-46d9-8f0e-9d5a49ee626e', '774aca9d-3f82-46d9-8f0e-9d5a49ee626e', '774aca9d-3f82-46d9-8f0e-9d5a49ee626e', '774aca9d-3f82-46d9-8f0e-9d5a49ee626e', '774aca9d-3f82-46d9-8f0e-9d5a49ee626e', '774aca9d-3f82-46d9-8f0e-9d5a49ee626e', '774aca9d-3f82-46d9-8f0e-9d5a49ee626e', '774aca9d-3f82-46d9-8f0e-9d5a49ee626e', '774aca9d-3f82-46d9-8f0e-9d5a49ee626e', '774aca9d-3f82-46d9-8f0e-9d5a49ee626e', '774aca9d-3f82-46d9-8f0e-9d5a49ee626e', '774aca9d-3f82-46d9-8f0e-9d5a49ee626e', 'd1c6c6f4-b485-47ea-b123-70f0a91f6453', 'c90ec03d-cce5-4604-9f1b-4a9225708b12', 'b26b2fde-7143-4743-ab62-3241b408c09f', '01ca7378-1dce-483e-aa1c-b29f95373d01', '20227b6c-4b4b-4901-a628-3728ed50bef2', '4e063dd3-1419-4c11-97bc-286436258359', '9f6f2a25-b29f-43e0-9f64-5ff976954c38', '8a976029-f5d9-4a54-8d46-4b032d8262f2', '425d1ac9-0034-4d06-b65a-881311a0f1e7', '156de572-a53e-4266-b144-05c4236a1764', 'dcc073c5-f44a-481d-b7e2-b3447e76b6c2', 'b377d210-e971-4570-b941-ee08c68e1f0d', '36f82132-9680-43bb-b918-1b988f690da4']"
4506bc68-639e-4a48-9f49-ce5edeeb7df4,1,"['04116bd5-b871-48a6-94fb-771795ab1d5a', '04116bd5-b871-48a6-94fb-771795ab1d5a', '04116bd5-b871-48a6-94fb-771795ab1d5a', '04116bd5-b871-48a6-94fb-771795ab1d5a', '04116bd5-b871-48a6-94fb-771795ab1d5a', '04116bd5-b871-48a6-94fb-771795ab1d5a', '04116bd5-b871-48a6-94fb-771795ab1d5a', '04116bd5-b871-48a6-94fb-771795ab1d5a', '04116bd5-b871-48a6-94fb-771795ab1d5a', '04116bd5-b871-48a6-94fb-771795ab1d5a', '04116bd5-b871-48a6-94fb-771795ab1d5a', '04116bd5-b871-48a6-94fb-771795ab1d5a', '04116bd5-b871-48a6-94fb-771795ab1d5a', '04116bd5-b871-48a6-94fb-771795ab1d5a', '04116bd5-b871-48a6-94fb-771795ab1d5a', '04116bd5-b871-48a6-94fb-771795ab1d5a', '04116bd5-b871-48a6-94fb-771795ab1d5a', '04116bd5-b871-48a6-94fb-771795ab1d5a', '04116bd5-b871-48a6-94fb-771795ab1d5a', '04116bd5-b871-48a6-94fb-771795ab1d5a', '04116bd5-b871-48a6-94fb-771795ab1d5a', '04116bd5-b871-48a6-94fb-771795ab1d5a', '04116bd5-b871-48a6-94fb-771795ab1d5a', '04116bd5-b871-48a6-94fb-771795ab1d5a', '04116bd5-b871-48a6-94fb-771795ab1d5a', '04116bd5-b871-48a6-94fb-771795ab1d5a', '04116bd5-b871-48a6-94fb-771795ab1d5a', '04116bd5-b871-48a6-94fb-771795ab1d5a', '04116bd5-b871-48a6-94fb-771795ab1d5a', '04116bd5-b871-48a6-94fb-771795ab1d5a', '04116bd5-b871-48a6-94fb-771795ab1d5a', '04116bd5-b871-48a6-94fb-771795ab1d5a', '04116bd5-b871-48a6-94fb-771795ab1d5a', '04116bd5-b871-48a6-94fb-771795ab1d5a', '04116bd5-b871-48a6-94fb-771795ab1d5a', '04116bd5-b871-48a6-94fb-771795ab1d5a', '04116bd5-b871-48a6-94fb-771795ab1d5a', '984bc198-3f74-4711-9e70-6003366e69f3', '8b4b8af3-f0ff-408e-8fd0-41b615353d16', '6a1dfef9-7ac1-4099-b960-42f9747ab3cb', '9a788c21-d092-4d64-a2ab-4d0a2b2c4c09', '85e32f6f-1a32-4cca-a402-7b1991405193', '2ee021a8-5bec-4fc8-ae0f-103bda23114b', '516db227-3309-4950-908a-64f739291ddf', '1ee2cbfc-df11-4275-b3a5-39cb81de30ad', '76009687-5e60-4560-8d11-aab0d1901072', '3096acd1-4896-4fd2-828d-67989d6c6b00', '54fa9246-cd4c-44fa-af80-419fcaa39790', '3bec5466-d5b8-43e8-bad6-b0652515be6f', 'a185ea78-89f9-499c-ab85-9dfe699ec15f']"
e89f3903-1d9a-4a3f-bfc8-228f4f4a4e9b,4,"['418543b0-2938-4791-8642-f37c005b6633', '418543b0-2938-4791-8642-f37c005b6633', '418543b0-2938-4791-8642-f37c005b6633', '418543b0-2938-4791-8642-f37c005b6633', '418543b0-2938-4791-8642-f37c005b6633', '418543b0-2938-4791-8642-f37c005b6633', '418543b0-2938-4791-8642-f37c005b6633', '418543b0-2938-4791-8642-f37c005b6633', '418543b0-2938-4791-8642-f37c005b6633', '418543b0-2938-4791-8642-f37c005b6633', '418543b0-2938-4791-8642-f37c005b6633', '418543b0-2938-4791-8642-f37c005b6633', '418543b0-2938-4791-8642-f37c005b6633', '418543b0-2938-4791-8642-f37c005b6633', '418543b0-2938-4791-8642-f37c005b6633', '418543b0-2938-4791-8642-f37c005b6633', '418543b0-2938-4791-8642-f37c005b6633', '418543b0-2938-4791-8642-f37c005b6633', '418543b0-2938-4791-8642-f37c005b6633', '418543b0-2938-4791-8642-f37c005b6633', '418543b0-2938-4791-8642-f37c005b6633', '418543b0-2938-4791-8642-f37c005b6633', '418543b0-2938-4791-8642-f37c005b6633', '418543b0-2938-4791-8642-f37c005b6633', '418543b0-2938-4791-8642-f37c005b6633', '418543b0-2938-4791-8642-f37c005b6633', '418543b0-2938-4791-8642-f37c005b6633', '418543b0-2938-4791-8642-f37c005b6633', '418543b0-2938-4791-8642-f37c005b6633', '418543b0-2938-4791-8642-f37c005b6633', '418543b0-2938-4791-8642-f37c005b6633', '418543b0-2938-4791-8642-f37c005b6633', '418543b0-2938-4791-8642-f37c005b6633', '418543b0-2938-4791-8642-f37c005b6633', '418543b0-2938-4791-8642-f37c005b6633', '418543b0-2938-4791-8642-f37c005b6633', '418543b0-2938-4791-8642-f37c005b6633', 'd5e45e47-321c-4923-bbc2-27b0078152fc', '9622fe6c-4014-4f08-8c7f-fb90ad5f4592', '30cc7d45-3b07-4804-af4c-705176a27236', 'f4a80400-cd5b-4f8d-b6ab-7a962d1d30c5', '318992db-50fa-424a-b79c-3305624b07c1', '58f5015f-5768-4578-a234-243058c82c81', '441dd005-6652-4c64-b8b8-2420798e0910', '10d0b3b2-4549-4a1e-81de-2d4e126d905f', '58d51196-439b-4791-a46f-7714631d6fea', '36daa527-e1ab-48ae-b03b-8d426f8c05bc', 'fcda1e4d-9353-492d-8f93-28dd2b65cd60', '50192a69-4bf7-491e-8133-6bd60b6e716c', 'd6bca26d-b15c-4378-b231-559a059cb828']"
ec493b68-bb73-4d30-9a02-8af442210452,4,"['774aca9d-3f82-46d9-8f0e-9d5a49ee626e', '774aca9d-3f82-46d9-8f0e-9d5a49ee626e', '774aca9d-3f82-46d9-8f0e-9d5a49ee626e', '774aca9d-3f82-46d9-8f0e-9d5a49ee626e', '774aca9d-3f82-46d9-8f0e-9d5a49ee626e', '774aca9d-3f82-46d9-8f0e-9d5a49ee626e', '774aca9d-3f82-46d9-8f0e-9d5a49ee626e', '774aca9d-3f82-46d9-8f0e-9d5a49ee626e', '774aca9d-3f82-46d9-8f0e-9d5a49ee626e', '774aca9d-3f82-46d9-8f0e-9d5a49ee626e', '774aca9d-3f82-46d9-8f0e-9d5a49ee626e', '774aca9d-3f82-46d9-8f0e-9d5a49ee626e', '774aca9d-3f82-46d9-8f0e-9d5a49ee626e', '774aca9d-3f82-46d9-8f0e-9d5a49ee626e', '774aca9d-3f82-46d9-8f0e-9d5a49ee626e', '774aca9d-3f82-46d9-8f0e-9d5a49ee626e', '774aca9d-3f82-46d9-8f0e-9d5a49ee626e', '774aca9d-3f82-46d9-8f0e-9d5a49ee626e', '774aca9d-3f82-46d9-8f0e-9d5a49ee626e', '774aca9d-3f82-46d9-8f0e-9d5a49ee626e', '774aca9d-3f82-46d9-8f0e-9d5a49ee626e', '774aca9d-3f82-46d9-8f0e-9d5a49ee626e', '774aca9d-3f82-46d9-8f0e-9d5a49ee626e', '774aca9d-3f82-46d9-8f0e-9d5a49ee626e', '774aca9d-3f82-46d9-8f0e-9d5a49ee626e', '774aca9d-3f82-46d9-8f0e-9d5a49ee626e', '774aca9d-3f82-46d9-8f0e-9d5a49ee626e', '774aca9d-3f82-46d9-8f0e-9d5a49ee626e', '774aca9d-3f82-46d9-8f0e-9d5a49ee626e', '774aca9d-3f82-46d9-8f0e-9d5a49ee626e', '774aca9d-3f82-46d9-8f0e-9d5a49ee626e', '774aca9d-3f82-46d9-8f0e-9d5a49ee626e', '774aca9d-3f82-46d9-8f0e-9d5a49ee626e', '774aca9d-3f82-46d9-8f0e-9d5a49ee626e', 'd1c6c6f4-b485-47ea-b123-70f0a91f6453', 'b26b2fde-7143-4743-ab62-3241b408c09f', '01ca7378-1dce-483e-aa1c-b29f95373d01', '4e063dd3-1419-4c11-97bc-286436258359', '9f6f2a25-b29f-43e0-9f64-5ff976954c38', '8a976029-f5d9-4a54-8d46-4b032d8262f2', '425d1ac9-0034-4d06-b65a-881311a0f1e7', 'dcc073c5-f44a-481d-b7e2-b3447e76b6c2', 'b377d210-e971-4570-b941-ee08c68e1f0d', '36f82132-9680-43bb-b918-1b988f690da4', 'd8a4b61f-1eec-4e50-9d0c-69360e658619', '18dfb6a2-ff59-439c-b4b7-ff393fbeb71b', '456b16aa-8231-45a1-a9b5-14649d81e561', '2d9a0f3e-59bb-446d-95b5-8e835c48dae7', 'd98ca638-dbbe-4fa5-a8f9-1d648e4c2a2d', 'cae8d569-a4f6-40d2-b768-bb5255f3f88c']"
4506bc68-639e-4a48-9f49-ce5edeeb7df4,2,"['9a788c21-d092-4d64-a2ab-4d0a2b2c4c09', '9a788c21-d092-4d64-a2ab-4d0a2b2c4c09', '9a788c21-d092-4d64-a2ab-4d0a2b2c4c09', '9a788c21-d092-4d64-a2ab-4d0a2b2c4c09', '9a788c21-d092-4d64-a2ab-4d0a2b2c4c09', '9a788c21-d092-4d64-a2ab-4d0a2b2c4c09', '9a788c21-d092-4d64-a2ab-4d0a2b2c4c09', '9a788c21-d092-4d64-a2ab-4d0a2b2c4c09', '9a788c21-d092-4d64-a2ab-4d0a2b2c4c09', '9a788c21-d092-4d64-a2ab-4d0a2b2c4c09', '9a788c21-d092-4d64-a2ab-4d0a2b2c4c09', '9a788c21-d092-4d64-a2ab-4d0a2b2c4c09', '9a788c21-d092-4d64-a2ab-4d0a2b2c4c09', '9a788c21-d092-4d64-a2ab-4d0a2b2c4c09', '9a788c21-d092-4d64-a2ab-4d0a2b2c4c09', '9a788c21-d092-4d64-a2ab-4d0a2b2c4c09', '9a788c21-d092-4d64-a2ab-4d0a2b2c4c09', '9a788c21-d092-4d64-a2ab-4d0a2b2c4c09', '9a788c21-d092-4d64-a2ab-4d0a2b2c4c09', '9a788c21-d092-4d64-a2ab-4d0a2b2c4c09', '9a788c21-d092-4d64-a2ab-4d0a2b2c4c09', '9a788c21-d092-4d64-a2ab-4d0a2b2c4c09', '9a788c21-d092-4d64-a2ab-4d0a2b2c4c09', '9a788c21-d092-4d64-a2ab-4d0a2b2c4c09', '9a788c21-d092-4d64-a2ab-4d0a2b2c4c09', '9a788c21-d092-4d64-a2ab-4d0a2b2c4c09', '9a788c21-d092-4d64-a2ab-4d0a2b2c4c09', '9a788c21-d092-4d64-a2ab-4d0a2b2c4c09', '9a788c21-d092-4d64-a2ab-4d0a2b2c4c09', '9a788c21-d092-4d64-a2ab-4d0a2b2c4c09', '9a788c21-d092-4d64-a2ab-4d0a2b2c4c09', '9a788c21-d092-4d64-a2ab-4d0a2b2c4c09', '9a788c21-d092-4d64-a2ab-4d0a2b2c4c09', '9a788c21-d092-4d64-a2ab-4d0a2b2c4c09', '9a788c21-d092-4d64-a2ab-4d0a2b2c4c09', '9a788c21-d092-4d64-a2ab-4d0a2b2c4c09', '9a788c21-d092-4d64-a2ab-4d0a2b2c4c09', '9a788c21-d092-4d64-a2ab-4d0a2b2c4c09', '9a788c21-d092-4d64-a2ab-4d0a2b2c4c09', '9a788c21-d092-4d64-a2ab-4d0a2b2c4c09', '9a788c21-d092-4d64-a2ab-4d0a2b2c4c09', '92879841-5d98-49c9-9e15-05945c9fe594', 'e4cdbfaf-1937-43ad-9fcd-aa2ceb811670', 'f9656cce-d157-42dc-b8c1-87f5ead2608f', 'ff5eeef4-a16a-44aa-9815-0f9f18dc89ce', 'cb8178b3-75b4-46f2-aa0b-259740bda836', 'c7866cf0-6076-436a-89ae-ef4ee9357cca', '3ede2c84-6c90-4547-a368-be0b1741042d', '1f3ac0c3-231d-441a-9517-c2fecc539fec', 'be9c076b-cb4a-4cc2-8e66-43e497aef207']"
e89f3903-1d9a-4a3f-bfc8-228f4f4a4e9b,5,"['418543b0-2938-4791-8642-f37c005b6633', '418543b0-2938-4791-8642-f37c005b6633', '418543b0-2938-4791-8642-f37c005b6633', '418543b0-2938-4791-8642-f37c005b6633', '418543b0-2938-4791-8642-f37c005b6633', '418543b0-2938-4791-8642-f37c005b6633', '418543b0-2938-4791-8642-f37c005b6633', '418543b0-2938-4791-8642-f37c005b6633', '418543b0-2938-4791-8642-f37c005b6633', '418543b0-2938-4791-8642-f37c005b6633', '418543b0-2938-4791-8642-f37c005b6633', '418543b0-2938-4791-8642-f37c005b6633', '418543b0-2938-4791-8642-f37c005b6633', '418543b0-2938-4791-8642-f37c005b6633', '418543b0-2938-4791-8642-f37c005b6633', '418543b0-2938-4791-8642-f37c005b6633', '418543b0-2938-4791-8642-f37c005b6633', '418543b0-2938-4791-8642-f37c005b6633', '418543b0-2938-4791-8642-f37c005b6633', '418543b0-2938-4791-8642-f37c005b6633', '418543b0-2938-4791-8642-f37c005b6633', '418543b0-2938-4791-8642-f37c005b6633', '418543b0-2938-4791-8642-f37c005b6633', '418543b0-2938-4791-8642-f37c005b6633', '418543b0-2938-4791-8642-f37c005b6633', '418543b0-2938-4791-8642-f37c005b6633', '418543b0-2938-4791-8642-f37c005b6633', '418543b0-2938-4791-8642-f37c005b6633', '418543b0-2938-4791-8642-f37c005b6633', '418543b0-2938-4791-8642-f37c005b6633', '418543b0-2938-4791-8642-f37c005b6633', '418543b0-2938-4791-8642-f37c005b6633', 'd5e45e47-321c-4923-bbc2-27b0078152fc', 'f4a80400-cd5b-4f8d-b6ab-7a962d1d30c5', '318992db-50fa-424a-b79c-3305624b07c1', '58f5015f-5768-4578-a234-243058c82c81', '441dd005-6652-4c64-b8b8-2420798e0910', '10d0b3b2-4549-4a1e-81de-2d4e126d905f', '58d51196-439b-4791-a46f-7714631d6fea', '36daa527-e1ab-48ae-b03b-8d426f8c05bc', 'fcda1e4d-9353-492d-8f93-28dd2b65cd60', '50192a69-4bf7-491e-8133-6bd60b6e716c', '1dedbb2e-cc0b-455c-a5e9-fc1d19f839c9', '02c8e522-4cd3-403c-916f-a2430580a7b8', '3416a79b-498d-443f-b547-5f264b441a4f', '5bf2be14-106a-4efd-9014-ba81d4d56049', '89985f61-ca85-4d5a-9271-541097797577', '8ecb53b8-55ff-4f53-9378-fe79dafd97f2', 'e93284d4-2fbd-4b2e-8719-fa05a43ea9ce', '6b96a586-c8a4-4794-a028-bae2631ff034']"
4506bc68-639e-4a48-9f49-ce5edeeb7df4,3,"['be9c076b-cb4a-4cc2-8e66-43e497aef207', 'be9c076b-cb4a-4cc2-8e66-43e497aef207', 'be9c076b-cb4a-4cc2-8e66-43e497aef207', 'be9c076b-cb4a-4cc2-8e66-43e497aef207', 'be9c076b-cb4a-4cc2-8e66-43e497aef207', 'be9c076b-cb4a-4cc2-8e66-43e497aef207', 'be9c076b-cb4a-4cc2-8e66-43e497aef207', 'be9c076b-cb4a-4cc2-8e66-43e497aef207', 'be9c076b-cb4a-4cc2-8e66-43e497aef207', 'be9c076b-cb4a-4cc2-8e66-43e497aef207', 'be9c076b-cb4a-4cc2-8e66-43e497aef207', 'be9c076b-cb4a-4cc2-8e66-43e497aef207', 'be9c076b-cb4a-4cc2-8e66-43e497aef207', 'be9c076b-cb4a-4cc2-8e66-43e497aef207', 'be9c076b-cb4a-4cc2-8e66-43e497aef207', 'be9c076b-cb4a-4cc2-8e66-43e497aef207', 'be9c076b-cb4a-4cc2-8e66-43e497aef207', 'be9c076b-cb4a-4cc2-8e66-43e497aef207', 'be9c076b-cb4a-4cc2-8e66-43e497aef207', 'be9c076b-cb4a-4cc2-8e66-43e497aef207', 'be9c076b-cb4a-4cc2-8e66-43e497aef207', 'be9c076b-cb4a-4cc2-8e66-43e497aef207', 'be9c076b-cb4a-4cc2-8e66-43e497aef207', 'be9c076b-cb4a-4cc2-8e66-43e497aef207', 'be9c076b-cb4a-4cc2-8e66-43e497aef207', 'be9c076b-cb4a-4cc2-8e66-43e497aef207', 'be9c076b-cb4a-4cc2-8e66-43e497aef207', 'be9c076b-cb4a-4cc2-8e66-43e497aef207', 'be9c076b-cb4a-4cc2-8e66-43e497aef207', 'be9c076b-cb4a-4cc2-8e66-43e497aef207', 'be9c076b-cb4a-4cc2-8e66-43e497aef207', 'be9c076b-cb4a-4cc2-8e66-43e497aef207', 'be9c076b-cb4a-4cc2-8e66-43e497aef207', 'be9c076b-cb4a-4cc2-8e66-43e497aef207', 'be9c076b-cb4a-4cc2-8e66-43e497aef207', 'be9c076b-cb4a-4cc2-8e66-43e497aef207', 'be9c076b-cb4a-4cc2-8e66-43e497aef207', 'be9c076b-cb4a-4cc2-8e66-43e497aef207', 'be9c076b-cb4a-4cc2-8e66-43e497aef207', 'be9c076b-cb4a-4cc2-8e66-43e497aef207', 'be9c076b-cb4a-4cc2-8e66-43e497aef207', 'be9c076b-cb4a-4cc2-8e66-43e497aef207', '75a82624-4ca8-4fb4-b286-011b325ac788', '259a4f67-2cf3-4345-b3a6-1ee48c71981f', '312770c6-d0e9-4a46-9d92-5356cc63521c', '6bf69a3b-9a02-4a22-9460-26f1ed566b35', 'b9b51631-256f-48eb-971c-f53d805d6068', 'fc95140d-4b76-4ebe-9adb-9e98de430d16', 'd20da2ce-a336-41fc-9469-66fd3d3d0498', 'ecf24b20-77d9-43a9-b6cb-6501b3debdf4']"
ec493b68-bb73-4d30-9a02-8af442210452,5,"['774aca9d-3f82-46d9-8f0e-9d5a49ee626e', '774aca9d-3f82-46d9-8f0e-9d5a49ee626e', '774aca9d-3f82-46d9-8f0e-9d5a49ee626e', '774aca9d-3f82-46d9-8f0e-9d5a49ee626e', '774aca9d-3f82-46d9-8f0e-9d5a49ee626e', '774aca9d-3f82-46d9-8f0e-9d5a49ee626e', '774aca9d-3f82-46d9-8f0e-9d5a49ee626e', '774aca9d-3f82-46d9-8f0e-9d5a49ee626e', '774aca9d-3f82-46d9-8f0e-9d5a49ee626e', '774aca9d-3f82-46d9-8f0e-9d5a49ee626e', '774aca9d-3f82-46d9-8f0e-9d5a49ee626e', '774aca9d-3f82-46d9-8f0e-9d5a49ee626e', '774aca9d-3f82-46d9-8f0e-9d5a49ee626e', '774aca9d-3f82-46d9-8f0e-9d5a49ee626e', '774aca9d-3f82-46d9-8f0e-9d5a49ee626e', '774aca9d-3f82-46d9-8f0e-9d5a49ee626e', '774aca9d-3f82-46d9-8f0e-9d5a49ee626e', '774aca9d-3f82-46d9-8f0e-9d5a49ee626e', '774aca9d-3f82-46d9-8f0e-9d5a49ee626e', '774aca9d-3f82-46d9-8f0e-9d5a49ee626e', '774aca9d-3f82-46d9-8f0e-9d5a49ee626e', '774aca9d-3f82-46d9-8f0e-9d5a49ee626e', '774aca9d-3f82-46d9-8f0e-9d5a49ee626e', 'b26b2fde-7143-4743-ab62-3241b408c09f', '01ca7378-1dce-483e-aa1c-b29f95373d01', '4e063dd3-1419-4c11-97bc-286436258359', '9f6f2a25-b29f-43e0-9f64-5ff976954c38', '425d1ac9-0034-4d06-b65a-881311a0f1e7', 'dcc073c5-f44a-481d-b7e2-b3447e76b6c2', 'b377d210-e971-4570-b941-ee08c68e1f0d', '36f82132-9680-43bb-b918-1b988f690da4', 'd8a4b61f-1eec-4e50-9d0c-69360e658619', '18dfb6a2-ff59-439c-b4b7-ff393fbeb71b', '456b16aa-8231-45a1-a9b5-14649d81e561', '2d9a0f3e-59bb-446d-95b5-8e835c48dae7', 'd98ca638-dbbe-4fa5-a8f9-1d648e4c2a2d', 'cae8d569-a4f6-40d2-b768-bb5255f3f88c', '0228ee4e-8831-4281-a183-632afe8ff05d', '2f7ec9b7-87c5-4b2d-a598-ce8ee7ee7763', '475efa6c-1247-4ae6-9b64-cb96ac42249b', 'f923596b-f9d9-43ef-9c3f-cb3b18e64198', '37d12ff9-a53a-4e55-87a8-e37367ca0b1e', '58fe4f40-0358-4227-b4de-0289b40d2f79', 'e0eb2257-e71e-49f6-99e6-8a2a13ccc208', 'bc64e68e-3462-43d9-9066-6dfd84842078', '2c989148-7617-498b-a1e3-f0ff050c2de6', 'f6d52628-bc49-430f-a0bf-44f41e53a36f', '2f8ffcb9-8781-4bd4-8ddc-ae2fccb58a14', '1333d7f0-1e84-499c-8827-69df96d216cd', '009e3b37-b488-4493-bca8-85dafa5ba978']"
4506bc68-639e-4a48-9f49-ce5edeeb7df4,4,"['be9c076b-cb4a-4cc2-8e66-43e497aef207', 'be9c076b-cb4a-4cc2-8e66-43e497aef207', 'be9c076b-cb4a-4cc2-8e66-43e497aef207', 'be9c076b-cb4a-4cc2-8e66-43e497aef207', 'be9c076b-cb4a-4cc2-8e66-43e497aef207', 'be9c076b-cb4a-4cc2-8e66-43e497aef207', 'be9c076b-cb4a-4cc2-8e66-43e497aef207', 'be9c076b-cb4a-4cc2-8e66-43e497aef207', 'be9c076b-cb4a-4cc2-8e66-43e497aef207', 'be9c076b-cb4a-4cc2-8e66-43e497aef207', 'be9c076b-cb4a-4cc2-8e66-43e497aef207', 'be9c076b-cb4a-4cc2-8e66-43e497aef207', 'be9c076b-cb4a-4cc2-8e66-43e497aef207', 'be9c076b-cb4a-4cc2-8e66-43e497aef207', 'be9c076b-cb4a-4cc2-8e66-43e497aef207', 'be9c076b-cb4a-4cc2-8e66-43e497aef207', 'be9c076b-cb4a-4cc2-8e66-43e497aef207', 'be9c076b-cb4a-4cc2-8e66-43e497aef207', 'be9c076b-cb4a-4cc2-8e66-43e497aef207', 'be9c076b-cb4a-4cc2-8e66-43e497aef207', 'be9c076b-cb4a-4cc2-8e66-43e497aef207', 'be9c076b-cb4a-4cc2-8e66-43e497aef207', 'be9c076b-cb4a-4cc2-8e66-43e497aef207', 'be9c076b-cb4a-4cc2-8e66-43e497aef207', 'be9c076b-cb4a-4cc2-8e66-43e497aef207', 'be9c076b-cb4a-4cc2-8e66-43e497aef207', 'be9c076b-cb4a-4cc2-8e66-43e497aef207', 'be9c076b-cb4a-4cc2-8e66-43e497aef207', 'be9c076b-cb4a-4cc2-8e66-43e497aef207', 'be9c076b-cb4a-4cc2-8e66-43e497aef207', 'be9c076b-cb4a-4cc2-8e66-43e497aef207', 'be9c076b-cb4a-4cc2-8e66-43e497aef207', 'be9c076b-cb4a-4cc2-8e66-43e497aef207', '75a82624-4ca8-4fb4-b286-011b325ac788', '259a4f67-2cf3-4345-b3a6-1ee48c71981f', '312770c6-d0e9-4a46-9d92-5356cc63521c', '6bf69a3b-9a02-4a22-9460-26f1ed566b35', 'b9b51631-256f-48eb-971c-f53d805d6068', 'fc95140d-4b76-4ebe-9adb-9e98de430d16', 'd20da2ce-a336-41fc-9469-66fd3d3d0498', 'ecf24b20-77d9-43a9-b6cb-6501b3debdf4', 'f70ea05e-c15f-4da1-82ef-45fddc366964', 'c803719e-572e-4164-963a-7c787551a5b6', '7bfbd3aa-0c7f-41f9-ae99-ef17d8e89ad1', '3f60a177-a0fc-452d-bae1-5b9f3e1ef482', '84f35ecc-3c40-4f3d-91c3-995a6eadec79', '4819ebfe-34b9-49f0-94a7-5880d69b0a44', 'e943b199-51f9-441f-b979-71f389a78d3d', 'a077c7ab-f635-4d0d-9bb0-0e989e26c3cd', '1d811baf-6233-4753-ba23-4b61d69e9b52']"
e89f3903-1d9a-4a3f-bfc8-228f4f4a4e9b,6,"['418543b0-2938-4791-8642-f37c005b6633', '418543b0-2938-4791-8642-f37c005b6633', '418543b0-2938-4791-8642-f37c005b6633', '418543b0-2938-4791-8642-f37c005b6633', '418543b0-2938-4791-8642-f37c005b6633', '418543b0-2938-4791-8642-f37c005b6633', '418543b0-2938-4791-8642-f37c005b6633', '418543b0-2938-4791-8642-f37c005b6633', '418543b0-2938-4791-8642-f37c005b6633', '418543b0-2938-4791-8642-f37c005b6633', '418543b0-2938-4791-8642-f37c005b6633', '418543b0-2938-4791-8642-f37c005b6633', '418543b0-2938-4791-8642-f37c005b6633', '418543b0-2938-4791-8642-f37c005b6633', '418543b0-2938-4791-8642-f37c005b6633', '418543b0-2938-4791-8642-f37c005b6633', '418543b0-2938-4791-8642-f37c005b6633', '418543b0-2938-4791-8642-f37c005b6633', '418543b0-2938-4791-8642-f37c005b6633', '418543b0-2938-4791-8642-f37c005b6633', '418543b0-2938-4791-8642-f37c005b6633', 'd5e45e47-321c-4923-bbc2-27b0078152fc', 'f4a80400-cd5b-4f8d-b6ab-7a962d1d30c5', '318992db-50fa-424a-b79c-3305624b07c1', '58f5015f-5768-4578-a234-243058c82c81', '58d51196-439b-4791-a46f-7714631d6fea', '36daa527-e1ab-48ae-b03b-8d426f8c05bc', 'fcda1e4d-9353-492d-8f93-28dd2b65cd60', '50192a69-4bf7-491e-8133-6bd60b6e716c', '1dedbb2e-cc0b-455c-a5e9-fc1d19f839c9', '02c8e522-4cd3-403c-916f-a2430580a7b8', '3416a79b-498d-443f-b547-5f264b441a4f', '89985f61-ca85-4d5a-9271-541097797577', 'e93284d4-2fbd-4b2e-8719-fa05a43ea9ce', '6b96a586-c8a4-4794-a028-bae2631ff034', '40357b4f-0c63-4c5d-b2cb-62296846fef3', '7cf21224-68f1-47d9-805f-465e64045c8e', '4fa24459-35d8-4a2a-a47c-078e1ba074ae', '0e35acbb-1e50-49e8-9cfe-1956913242de', '13b0c147-cc4a-48ee-90a7-9418f11cf38a', 'c7264b91-34a7-4a26-b63a-3aeb21d07602', '3dbffe52-b224-40fe-ac33-97176734e300', 'a9cf7866-e858-477f-a33f-780928e026be', '25752a06-33ee-4294-bf03-4cb156aff847', '7f9689b6-da56-41b3-8c95-d4a7ecec5c70', '1d15b1fd-1986-434c-ba2c-ed5a1f361f76', '5a9ea295-df49-4cbc-b23d-14c3715b2e5c', '7674941c-e8bf-47dc-897d-2bebf2e691ad', '772c8371-215f-4e92-96dd-97bda649e1ce', '75e5dcee-9b22-4bb8-b7b6-20500e84c577']"
ec493b68-bb73-4d30-9a02-8af442210452,6,"['009e3b37-b488-4493-bca8-85dafa5ba978', '009e3b37-b488-4493-bca8-85dafa5ba978', '009e3b37-b488-4493-bca8-85dafa5ba978', '009e3b37-b488-4493-bca8-85dafa5ba978', '009e3b37-b488-4493-bca8-85dafa5ba978', '009e3b37-b488-4493-bca8-85dafa5ba978', '009e3b37-b488-4493-bca8-85dafa5ba978', '009e3b37-b488-4493-bca8-85dafa5ba978', '009e3b37-b488-4493-bca8-85dafa5ba978', '009e3b37-b488-4493-bca8-85dafa5ba978', '009e3b37-b488-4493-bca8-85dafa5ba978', '009e3b37-b488-4493-bca8-85dafa5ba978', '009e3b37-b488-4493-bca8-85dafa5ba978', '009e3b37-b488-4493-bca8-85dafa5ba978', '009e3b37-b488-4493-bca8-85dafa5ba978', '009e3b37-b488-4493-bca8-85dafa5ba978', '009e3b37-b488-4493-bca8-85dafa5ba978', '009e3b37-b488-4493-bca8-85dafa5ba978', '009e3b37-b488-4493-bca8-85dafa5ba978', '009e3b37-b488-4493-bca8-85dafa5ba978', '009e3b37-b488-4493-bca8-85dafa5ba978', '009e3b37-b488-4493-bca8-85dafa5ba978', '009e3b37-b488-4493-bca8-85dafa5ba978', '009e3b37-b488-4493-bca8-85dafa5ba978', '009e3b37-b488-4493-bca8-85dafa5ba978', '009e3b37-b488-4493-bca8-85dafa5ba978', '009e3b37-b488-4493-bca8-85dafa5ba978', '009e3b37-b488-4493-bca8-85dafa5ba978', '009e3b37-b488-4493-bca8-85dafa5ba978', '009e3b37-b488-4493-bca8-85dafa5ba978', '009e3b37-b488-4493-bca8-85dafa5ba978', '009e3b37-b488-4493-bca8-85dafa5ba978', '009e3b37-b488-4493-bca8-85dafa5ba978', '009e3b37-b488-4493-bca8-85dafa5ba978', '009e3b37-b488-4493-bca8-85dafa5ba978', '009e3b37-b488-4493-bca8-85dafa5ba978', '009e3b37-b488-4493-bca8-85dafa5ba978', '009e3b37-b488-4493-bca8-85dafa5ba978', '009e3b37-b488-4493-bca8-85dafa5ba978', '48ad9e94-6100-455a-8310-10282b4ab42e', 'd3ffc3ed-6bb7-495b-bfbc-eff121b5c023', '40f34042-0e5e-4f4b-ab77-32e4b1f4f2d2', '70c67777-1822-4d0a-9da3-dafeb345ceab', '4b3a31bf-1b40-4eaa-8d16-6d0c35b5e813', '258655a6-f3ca-4083-b60a-f15100f41d68', 'c9c85631-0bfb-45d1-9ea6-c3284fa8f097', 'b1baea9d-0aa3-4c08-8f8d-7c9894c08206', 'd62fcdb7-2363-4f5b-ab0f-6021d7c5260a', '15b76fcc-2d7d-4773-afa0-1f8c81b72f18', 'c056dbd1-d467-4e70-bbb4-d538e27f44a8']"
e89f3903-1d9a-4a3f-bfc8-228f4f4a4e9b,7,"['418543b0-2938-4791-8642-f37c005b6633', '418543b0-2938-4791-8642-f37c005b6633', '418543b0-2938-4791-8642-f37c005b6633', '418543b0-2938-4791-8642-f37c005b6633', '418543b0-2938-4791-8642-f37c005b6633', '418543b0-2938-4791-8642-f37c005b6633', '418543b0-2938-4791-8642-f37c005b6633', '418543b0-2938-4791-8642-f37c005b6633', '418543b0-2938-4791-8642-f37c005b6633', '418543b0-2938-4791-8642-f37c005b6633', '418543b0-2938-4791-8642-f37c005b6633', '418543b0-2938-4791-8642-f37c005b6633', '418543b0-2938-4791-8642-f37c005b6633', '418543b0-2938-4791-8642-f37c005b6633', '418543b0-2938-4791-8642-f37c005b6633', '418543b0-2938-4791-8642-f37c005b6633', '418543b0-2938-4791-8642-f37c005b6633', '418543b0-2938-4791-8642-f37c005b6633', '418543b0-2938-4791-8642-f37c005b6633', '418543b0-2938-4791-8642-f37c005b6633', '418543b0-2938-4791-8642-f37c005b6633', '418543b0-2938-4791-8642-f37c005b6633', '418543b0-2938-4791-8642-f37c005b6633', '418543b0-2938-4791-8642-f37c005b6633', '418543b0-2938-4791-8642-f37c005b6633', '418543b0-2938-4791-8642-f37c005b6633', '418543b0-2938-4791-8642-f37c005b6633', '418543b0-2938-4791-8642-f37c005b6633', '418543b0-2938-4791-8642-f37c005b6633', '418543b0-2938-4791-8642-f37c005b6633', '418543b0-2938-4791-8642-f37c005b6633', '418543b0-2938-4791-8642-f37c005b6633', '418543b0-2938-4791-8642-f37c005b6633', '418543b0-2938-4791-8642-f37c005b6633', '418543b0-2938-4791-8642-f37c005b6633', '418543b0-2938-4791-8642-f37c005b6633', '418543b0-2938-4791-8642-f37c005b6633', '418543b0-2938-4791-8642-f37c005b6633', '418543b0-2938-4791-8642-f37c005b6633', '418543b0-2938-4791-8642-f37c005b6633', '418543b0-2938-4791-8642-f37c005b6633', '418543b0-2938-4791-8642-f37c005b6633', '418543b0-2938-4791-8642-f37c005b6633', '6267dd6a-671d-4128-872a-3372157fa5a8', '414f4840-f55e-4a59-b31d-fe805ef0e301', '3a50fc84-773f-4df6-ab4b-7e9dc17eef63', 'b171ad96-f9c5-4ddd-99d3-47e191b93edc', 'c537beb7-8956-4542-85ef-2f11103858dd', '0f431f3d-66fb-494a-a7c2-6042e8390af3', 'e88c0085-b876-41d9-adaf-4f6c596d6930']"
4506bc68-639e-4a48-9f49-ce5edeeb7df4,5,"['be9c076b-cb4a-4cc2-8e66-43e497aef207', 'be9c076b-cb4a-4cc2-8e66-43e497aef207', 'be9c076b-cb4a-4cc2-8e66-43e497aef207', 'be9c076b-cb4a-4cc2-8e66-43e497aef207', 'be9c076b-cb4a-4cc2-8e66-43e497aef207', 'be9c076b-cb4a-4cc2-8e66-43e497aef207', 'be9c076b-cb4a-4cc2-8e66-43e497aef207', 'be9c076b-cb4a-4cc2-8e66-43e497aef207', 'be9c076b-cb4a-4cc2-8e66-43e497aef207', 'be9c076b-cb4a-4cc2-8e66-43e497aef207', 'be9c076b-cb4a-4cc2-8e66-43e497aef207', 'be9c076b-cb4a-4cc2-8e66-43e497aef207', 'be9c076b-cb4a-4cc2-8e66-43e497aef207', 'be9c076b-cb4a-4cc2-8e66-43e497aef207', 'be9c076b-cb4a-4cc2-8e66-43e497aef207', 'be9c076b-cb4a-4cc2-8e66-43e497aef207', 'be9c076b-cb4a-4cc2-8e66-43e497aef207', 'be9c076b-cb4a-4cc2-8e66-43e497aef207', 'be9c076b-cb4a-4cc2-8e66-43e497aef207', 'be9c076b-cb4a-4cc2-8e66-43e497aef207', 'be9c076b-cb4a-4cc2-8e66-43e497aef207', 'be9c076b-cb4a-4cc2-8e66-43e497aef207', 'be9c076b-cb4a-4cc2-8e66-43e497aef207', 'be9c076b-cb4a-4cc2-8e66-43e497aef207', 'be9c076b-cb4a-4cc2-8e66-43e497aef207', 'be9c076b-cb4a-4cc2-8e66-43e497aef207', 'be9c076b-cb4a-4cc2-8e66-43e497aef207', '259a4f67-2cf3-4345-b3a6-1ee48c71981f', '312770c6-d0e9-4a46-9d92-5356cc63521c', 'b9b51631-256f-48eb-971c-f53d805d6068', 'fc95140d-4b76-4ebe-9adb-9e98de430d16', 'ecf24b20-77d9-43a9-b6cb-6501b3debdf4', 'f70ea05e-c15f-4da1-82ef-45fddc366964', 'c803719e-572e-4164-963a-7c787551a5b6', '7bfbd3aa-0c7f-41f9-ae99-ef17d8e89ad1', '3f60a177-a0fc-452d-bae1-5b9f3e1ef482', '84f35ecc-3c40-4f3d-91c3-995a6eadec79', '4819ebfe-34b9-49f0-94a7-5880d69b0a44', 'e943b199-51f9-441f-b979-71f389a78d3d', 'a077c7ab-f635-4d0d-9bb0-0e989e26c3cd', 'a152af7b-370b-4032-ae44-e06a75d8b526', '459e6486-268a-496c-b8c2-80643d86f8e3', 'adb93834-848f-4fce-a5a7-79cfaffe7dc3', 'a3b05ede-104c-4830-9aa0-01fd4d53595b', '9146ccbd-11d9-4793-a6f6-28576d9e945d', '61113d52-477a-470a-9524-fab3f1a67664', 'bdbba3a5-f81c-4a4b-b89b-1b160ebe1d25', '7062c979-56e1-4a22-944e-c9a86a8e050a', '7d8de98c-0ba3-4570-94dd-722608446829', '96bab441-8036-4371-a170-5e9a5dc67ee8']"
ec493b68-bb73-4d30-9a02-8af442210452,7,"['009e3b37-b488-4493-bca8-85dafa5ba978', '009e3b37-b488-4493-bca8-85dafa5ba978', '009e3b37-b488-4493-bca8-85dafa5ba978', '009e3b37-b488-4493-bca8-85dafa5ba978', '009e3b37-b488-4493-bca8-85dafa5ba978', '009e3b37-b488-4493-bca8-85dafa5ba978', '009e3b37-b488-4493-bca8-85dafa5ba978', '009e3b37-b488-4493-bca8-85dafa5ba978', '009e3b37-b488-4493-bca8-85dafa5ba978', '009e3b37-b488-4493-bca8-85dafa5ba978', '009e3b37-b488-4493-bca8-85dafa5ba978', '009e3b37-b488-4493-bca8-85dafa5ba978', '009e3b37-b488-4493-bca8-85dafa5ba978', '009e3b37-b488-4493-bca8-85dafa5ba978', '009e3b37-b488-4493-bca8-85dafa5ba978', '009e3b37-b488-4493-bca8-85dafa5ba978', '009e3b37-b488-4493-bca8-85dafa5ba978', '009e3b37-b488-4493-bca8-85dafa5ba978', '009e3b37-b488-4493-bca8-85dafa5ba978', '009e3b37-b488-4493-bca8-85dafa5ba978', '009e3b37-b488-4493-bca8-85dafa5ba978', '009e3b37-b488-4493-bca8-85dafa5ba978', '009e3b37-b488-4493-bca8-85dafa5ba978', '009e3b37-b488-4493-bca8-85dafa5ba978', '009e3b37-b488-4493-bca8-85dafa5ba978', '009e3b37-b488-4493-bca8-85dafa5ba978', '009e3b37-b488-4493-bca8-85dafa5ba978', '009e3b37-b488-4493-bca8-85dafa5ba978', '009e3b37-b488-4493-bca8-85dafa5ba978', '009e3b37-b488-4493-bca8-85dafa5ba978', '48ad9e94-6100-455a-8310-10282b4ab42e', 'd3ffc3ed-6bb7-495b-bfbc-eff121b5c023', '40f34042-0e5e-4f4b-ab77-32e4b1f4f2d2', '70c67777-1822-4d0a-9da3-dafeb345ceab', '4b3a31bf-1b40-4eaa-8d16-6d0c35b5e813', '258655a6-f3ca-4083-b60a-f15100f41d68', 'c9c85631-0bfb-45d1-9ea6-c3284fa8f097', 'b1baea9d-0aa3-4c08-8f8d-7c9894c08206', 'd62fcdb7-2363-4f5b-ab0f-6021d7c5260a', '15b76fcc-2d7d-4773-afa0-1f8c81b72f18', 'c056dbd1-d467-4e70-bbb4-d538e27f44a8', '4a5b340c-e5a6-4a48-846d-e315ebe76dca', 'ae71a5b3-ca63-4168-9833-4d44f919e148', 'cfecf735-15f9-4fd5-b1de-7fcfdb96adde', '89e12a9f-636f-4888-a22d-6c641b484e46', '03a6932c-8f6b-4e56-97af-bc0e5bdd7932', '93b7d718-1e79-4219-af5c-2fb26759e908', '85992bde-6e89-461c-a65f-2cf0af89d836', 'd9b04a33-a8bc-4312-be13-8df45836df64', '0cc11931-417e-4cd4-a0ac-5936c37bff0c']"
e89f3903-1d9a-4a3f-bfc8-228f4f4a4e9b,8,"['418543b0-2938-4791-8642-f37c005b6633', '418543b0-2938-4791-8642-f37c005b6633', '418543b0-2938-4791-8642-f37c005b6633', '418543b0-2938-4791-8642-f37c005b6633', '418543b0-2938-4791-8642-f37c005b6633', '418543b0-2938-4791-8642-f37c005b6633', '418543b0-2938-4791-8642-f37c005b6633', '418543b0-2938-4791-8642-f37c005b6633', '418543b0-2938-4791-8642-f37c005b6633', '418543b0-2938-4791-8642-f37c005b6633', '418543b0-2938-4791-8642-f37c005b6633', '418543b0-2938-4791-8642-f37c005b6633', '418543b0-2938-4791-8642-f37c005b6633', '418543b0-2938-4791-8642-f37c005b6633', '418543b0-2938-4791-8642-f37c005b6633', '418543b0-2938-4791-8642-f37c005b6633', '418543b0-2938-4791-8642-f37c005b6633', '418543b0-2938-4791-8642-f37c005b6633', '418543b0-2938-4791-8642-f37c005b6633', '418543b0-2938-4791-8642-f37c005b6633', '418543b0-2938-4791-8642-f37c005b6633', '418543b0-2938-4791-8642-f37c005b6633', '418543b0-2938-4791-8642-f37c005b6633', '418543b0-2938-4791-8642-f37c005b6633', '418543b0-2938-4791-8642-f37c005b6633', '418543b0-2938-4791-8642-f37c005b6633', '418543b0-2938-4791-8642-f37c005b6633', '418543b0-2938-4791-8642-f37c005b6633', '418543b0-2938-4791-8642-f37c005b6633', '418543b0-2938-4791-8642-f37c005b6633', '418543b0-2938-4791-8642-f37c005b6633', '418543b0-2938-4791-8642-f37c005b6633', '418543b0-2938-4791-8642-f37c005b6633', '418543b0-2938-4791-8642-f37c005b6633', '6267dd6a-671d-4128-872a-3372157fa5a8', '414f4840-f55e-4a59-b31d-fe805ef0e301', 'b171ad96-f9c5-4ddd-99d3-47e191b93edc', 'c537beb7-8956-4542-85ef-2f11103858dd', '0f431f3d-66fb-494a-a7c2-6042e8390af3', 'e88c0085-b876-41d9-adaf-4f6c596d6930', 'f29d6a9f-8876-42d0-a9b1-08877f041834', '6f4dcb0a-856b-44cb-b4c1-4df6bc094eb9', '3cd8b5dd-752d-4494-8e01-8d20cbd1e7e1', 'dca8885d-8af0-4c1a-acd8-31f5ce67dee5', 'f5e9e677-c747-4378-bce5-2b7b0dbd6be8', '0df7861f-59de-4ce1-a04d-c7578cc6d5e8', '47d640c0-97ca-4718-b27e-e196944b9cf0', 'ae1a4529-94ed-4441-a71e-3c3a01a182b1', '563c8792-6a0d-43f2-92f6-0c8c0fb9058c', 'ce5f1c9e-2737-4a15-a751-c6a01bb1a3c5']"
4506bc68-639e-4a48-9f49-ce5edeeb7df4,6,"['be9c076b-cb4a-4cc2-8e66-43e497aef207', 'be9c076b-cb4a-4cc2-8e66-43e497aef207', 'be9c076b-cb4a-4cc2-8e66-43e497aef207', 'be9c076b-cb4a-4cc2-8e66-43e497aef207', 'be9c076b-cb4a-4cc2-8e66-43e497aef207', 'be9c076b-cb4a-4cc2-8e66-43e497aef207', 'be9c076b-cb4a-4cc2-8e66-43e497aef207', 'be9c076b-cb4a-4cc2-8e66-43e497aef207', 'be9c076b-cb4a-4cc2-8e66-43e497aef207', 'be9c076b-cb4a-4cc2-8e66-43e497aef207', 'be9c076b-cb4a-4cc2-8e66-43e497aef207', 'be9c076b-cb4a-4cc2-8e66-43e497aef207', 'be9c076b-cb4a-4cc2-8e66-43e497aef207', 'be9c076b-cb4a-4cc2-8e66-43e497aef207', 'be9c076b-cb4a-4cc2-8e66-43e497aef207', 'be9c076b-cb4a-4cc2-8e66-43e497aef207', 'be9c076b-cb4a-4cc2-8e66-43e497aef207', 'be9c076b-cb4a-4cc2-8e66-43e497aef207', 'be9c076b-cb4a-4cc2-8e66-43e497aef207', 'be9c076b-cb4a-4cc2-8e66-43e497aef207', 'be9c076b-cb4a-4cc2-8e66-43e497aef207', '312770c6-d0e9-4a46-9d92-5356cc63521c', 'b9b51631-256f-48eb-971c-f53d805d6068', 'fc95140d-4b76-4ebe-9adb-9e98de430d16', 'ecf24b20-77d9-43a9-b6cb-6501b3debdf4', 'f70ea05e-c15f-4da1-82ef-45fddc366964', 'c803719e-572e-4164-963a-7c787551a5b6', '7bfbd3aa-0c7f-41f9-ae99-ef17d8e89ad1', '3f60a177-a0fc-452d-bae1-5b9f3e1ef482', '84f35ecc-3c40-4f3d-91c3-995a6eadec79', '4819ebfe-34b9-49f0-94a7-5880d69b0a44', 'a077c7ab-f635-4d0d-9bb0-0e989e26c3cd', 'a152af7b-370b-4032-ae44-e06a75d8b526', '459e6486-268a-496c-b8c2-80643d86f8e3', 'a3b05ede-104c-4830-9aa0-01fd4d53595b', 'bdbba3a5-f81c-4a4b-b89b-1b160ebe1d25', '7062c979-56e1-4a22-944e-c9a86a8e050a', '7d8de98c-0ba3-4570-94dd-722608446829', '96bab441-8036-4371-a170-5e9a5dc67ee8', '1500f179-627c-4e76-8e34-0c21dff71f46', 'c494d12e-1677-46ee-bc61-e88cbe895c24', '76a2430e-7150-48c8-b9fd-0529d2d995c9', '1a30f286-caca-43fe-ba93-297c2b9c1972', '1eb9af32-8ced-4b7e-b38d-74bef743fffb', 'b15f3efa-38c3-46a7-8e48-4221e0d192f7', 'd13cdbae-9b4d-4551-abdf-60b1e50e9ca5', 'e3a23003-eb7f-472b-9185-15ac54baf615', '0061be0d-5377-4c0a-be05-5af194bf51a3', '96ab10de-5f2b-4628-840d-b042dbd3b788', '1c56bb72-e250-470f-8798-6240ccfbac91']"
ec493b68-bb73-4d30-9a02-8af442210452,8,"['009e3b37-b488-4493-bca8-85dafa5ba978', '009e3b37-b488-4493-bca8-85dafa5ba978', '009e3b37-b488-4493-bca8-85dafa5ba978', '009e3b37-b488-4493-bca8-85dafa5ba978', '009e3b37-b488-4493-bca8-85dafa5ba978', '009e3b37-b488-4493-bca8-85dafa5ba978', '009e3b37-b488-4493-bca8-85dafa5ba978', '009e3b37-b488-4493-bca8-85dafa5ba978', '009e3b37-b488-4493-bca8-85dafa5ba978', '009e3b37-b488-4493-bca8-85dafa5ba978', '009e3b37-b488-4493-bca8-85dafa5ba978', '009e3b37-b488-4493-bca8-85dafa5ba978', '009e3b37-b488-4493-bca8-85dafa5ba978', '009e3b37-b488-4493-bca8-85dafa5ba978', '009e3b37-b488-4493-bca8-85dafa5ba978', '009e3b37-b488-4493-bca8-85dafa5ba978', '009e3b37-b488-4493-bca8-85dafa5ba978', '009e3b37-b488-4493-bca8-85dafa5ba978', '009e3b37-b488-4493-bca8-85dafa5ba978', '009e3b37-b488-4493-bca8-85dafa5ba978', '009e3b37-b488-4493-bca8-85dafa5ba978', '009e3b37-b488-4493-bca8-85dafa5ba978', '48ad9e94-6100-455a-8310-10282b4ab42e', 'd3ffc3ed-6bb7-495b-bfbc-eff121b5c023', '40f34042-0e5e-4f4b-ab77-32e4b1f4f2d2', '70c67777-1822-4d0a-9da3-dafeb345ceab', '4b3a31bf-1b40-4eaa-8d16-6d0c35b5e813', '258655a6-f3ca-4083-b60a-f15100f41d68', 'c9c85631-0bfb-45d1-9ea6-c3284fa8f097', 'b1baea9d-0aa3-4c08-8f8d-7c9894c08206', 'd62fcdb7-2363-4f5b-ab0f-6021d7c5260a', '15b76fcc-2d7d-4773-afa0-1f8c81b72f18', '4a5b340c-e5a6-4a48-846d-e315ebe76dca', 'ae71a5b3-ca63-4168-9833-4d44f919e148', 'cfecf735-15f9-4fd5-b1de-7fcfdb96adde', '89e12a9f-636f-4888-a22d-6c641b484e46', '03a6932c-8f6b-4e56-97af-bc0e5bdd7932', 'd9b04a33-a8bc-4312-be13-8df45836df64', 'dc5ce23a-5a00-4a84-a546-ebc73833421e', 'd1be4bf7-10bf-441a-8106-ef10c7654625', '6bdd125b-ddcb-4095-9ea1-40c7d3201c96', '78a26c0e-4cb7-40e9-beab-df736c9c97ec', 'f6412d15-d848-4e87-8ed5-0333b1775450', '1e85836d-039a-440f-ade9-d2519f7db2a2', 'd3fa98dd-11af-4160-a6d0-5b7b197fc588', '5667c12e-de18-4bb5-a0f5-7cf0f9052830', '93151578-2979-403b-a1d1-7111cd050ad1', '7a86ba10-8f7d-4541-9516-9312dea672f4', '2bb227e2-d7ab-4db7-95de-6c1492bf6fcf', 'a95c1d5c-e795-40a4-b578-8a7e800ba505']"
e89f3903-1d9a-4a3f-bfc8-228f4f4a4e9b,9,"['418543b0-2938-4791-8642-f37c005b6633', '418543b0-2938-4791-8642-f37c005b6633', '418543b0-2938-4791-8642-f37c005b6633', '418543b0-2938-4791-8642-f37c005b6633', '418543b0-2938-4791-8642-f37c005b6633', '418543b0-2938-4791-8642-f37c005b6633', '418543b0-2938-4791-8642-f37c005b6633', '418543b0-2938-4791-8642-f37c005b6633', '418543b0-2938-4791-8642-f37c005b6633', '418543b0-2938-4791-8642-f37c005b6633', '418543b0-2938-4791-8642-f37c005b6633', '418543b0-2938-4791-8642-f37c005b6633', '418543b0-2938-4791-8642-f37c005b6633', '418543b0-2938-4791-8642-f37c005b6633', '418543b0-2938-4791-8642-f37c005b6633', '418543b0-2938-4791-8642-f37c005b6633', '418543b0-2938-4791-8642-f37c005b6633', '418543b0-2938-4791-8642-f37c005b6633', '418543b0-2938-4791-8642-f37c005b6633', '418543b0-2938-4791-8642-f37c005b6633', '418543b0-2938-4791-8642-f37c005b6633', '418543b0-2938-4791-8642-f37c005b6633', '418543b0-2938-4791-8642-f37c005b6633', '418543b0-2938-4791-8642-f37c005b6633', '418543b0-2938-4791-8642-f37c005b6633', '418543b0-2938-4791-8642-f37c005b6633', '418543b0-2938-4791-8642-f37c005b6633', '6267dd6a-671d-4128-872a-3372157fa5a8', '414f4840-f55e-4a59-b31d-fe805ef0e301', 'b171ad96-f9c5-4ddd-99d3-47e191b93edc', '0f431f3d-66fb-494a-a7c2-6042e8390af3', 'e88c0085-b876-41d9-adaf-4f6c596d6930', '6f4dcb0a-856b-44cb-b4c1-4df6bc094eb9', 'f5e9e677-c747-4378-bce5-2b7b0dbd6be8', '0df7861f-59de-4ce1-a04d-c7578cc6d5e8', 'ae1a4529-94ed-4441-a71e-3c3a01a182b1', '563c8792-6a0d-43f2-92f6-0c8c0fb9058c', '9dbead68-aab1-4ceb-add7-7ec909416213', '2aafb347-f201-4c1e-82e4-64ef09ed0b34', '5e30b39e-3b26-4a30-9a22-b3ecdd54665d', '23fda79a-3b08-4283-a4f4-cd26869818c1', '588e5323-a33f-4858-8016-1bc6d3b0a048', '8555d2b7-7a12-418d-9835-ad32ed96c074', 'fb7241a2-35f2-487c-a8bb-0f0a5c12ceed', '90d72a19-625a-4ee5-9ac1-f51cf9d3d4d4', '6cab3644-1f72-4d17-b3ab-03105f323131', 'fb58da69-00d6-4248-a31b-4a3e91f80a21', '168e8f89-a047-400f-b922-da41ac0934d7', 'd27b5aa3-e79a-4797-8484-2b4564325cff', '39e30f33-4d09-4ff7-ad7a-d6f25b91a267']"
ec493b68-bb73-4d30-9a02-8af442210452,9,"['009e3b37-b488-4493-bca8-85dafa5ba978', '009e3b37-b488-4493-bca8-85dafa5ba978', '009e3b37-b488-4493-bca8-85dafa5ba978', '009e3b37-b488-4493-bca8-85dafa5ba978', '009e3b37-b488-4493-bca8-85dafa5ba978', '009e3b37-b488-4493-bca8-85dafa5ba978', '009e3b37-b488-4493-bca8-85dafa5ba978', '009e3b37-b488-4493-bca8-85dafa5ba978', '009e3b37-b488-4493-bca8-85dafa5ba978', '009e3b37-b488-4493-bca8-85dafa5ba978', '009e3b37-b488-4493-bca8-85dafa5ba978', '009e3b37-b488-4493-bca8-85dafa5ba978', '009e3b37-b488-4493-bca8-85dafa5ba978', '009e3b37-b488-4493-bca8-85dafa5ba978', '009e3b37-b488-4493-bca8-85dafa5ba978', '009e3b37-b488-4493-bca8-85dafa5ba978', '009e3b37-b488-4493-bca8-85dafa5ba978', '009e3b37-b488-4493-bca8-85dafa5ba978', '009e3b37-b488-4493-bca8-85dafa5ba978', '009e3b37-b488-4493-bca8-85dafa5ba978', '009e3b37-b488-4493-bca8-85dafa5ba978', '009e3b37-b488-4493-bca8-85dafa5ba978', '009e3b37-b488-4493-bca8-85dafa5ba978', '009e3b37-b488-4493-bca8-85dafa5ba978', '009e3b37-b488-4493-bca8-85dafa5ba978', '009e3b37-b488-4493-bca8-85dafa5ba978', '009e3b37-b488-4493-bca8-85dafa5ba978', '009e3b37-b488-4493-bca8-85dafa5ba978', '009e3b37-b488-4493-bca8-85dafa5ba978', '009e3b37-b488-4493-bca8-85dafa5ba978', '009e3b37-b488-4493-bca8-85dafa5ba978', '009e3b37-b488-4493-bca8-85dafa5ba978', '009e3b37-b488-4493-bca8-85dafa5ba978', '009e3b37-b488-4493-bca8-85dafa5ba978', '009e3b37-b488-4493-bca8-85dafa5ba978', '009e3b37-b488-4493-bca8-85dafa5ba978', '009e3b37-b488-4493-bca8-85dafa5ba978', '009e3b37-b488-4493-bca8-85dafa5ba978', '009e3b37-b488-4493-bca8-85dafa5ba978', '009e3b37-b488-4493-bca8-85dafa5ba978', '4b92b90b-2818-423a-bf85-51476721ae73', 'c89f4b80-1926-4295-9967-af5b05bfe101', '703282e8-4cd2-463a-a124-7c3d55282c2f', '08de9847-e238-4254-873a-5eaf1badda7c', 'c8e06202-58cd-474f-a3c8-8d340a964919', 'd0e5f3ca-aa04-41ad-b0d6-305a32b37e12', '852b7cb4-0b84-4e31-b509-d60b95507035', '6155f388-c305-46b2-9094-1c15ae851134', '599f7f2e-fed2-45c1-878d-05742f697dd0', '2c7ff61d-c5fd-4276-9f45-4dacb9a4027f']"
4506bc68-639e-4a48-9f49-ce5edeeb7df4,7,"['be9c076b-cb4a-4cc2-8e66-43e497aef207', 'be9c076b-cb4a-4cc2-8e66-43e497aef207', 'be9c076b-cb4a-4cc2-8e66-43e497aef207', 'be9c076b-cb4a-4cc2-8e66-43e497aef207', 'be9c076b-cb4a-4cc2-8e66-43e497aef207', 'be9c076b-cb4a-4cc2-8e66-43e497aef207', 'be9c076b-cb4a-4cc2-8e66-43e497aef207', 'be9c076b-cb4a-4cc2-8e66-43e497aef207', 'be9c076b-cb4a-4cc2-8e66-43e497aef207', 'be9c076b-cb4a-4cc2-8e66-43e497aef207', 'be9c076b-cb4a-4cc2-8e66-43e497aef207', 'be9c076b-cb4a-4cc2-8e66-43e497aef207', 'be9c076b-cb4a-4cc2-8e66-43e497aef207', 'be9c076b-cb4a-4cc2-8e66-43e497aef207', 'be9c076b-cb4a-4cc2-8e66-43e497aef207', 'be9c076b-cb4a-4cc2-8e66-43e497aef207', 'be9c076b-cb4a-4cc2-8e66-43e497aef207', 'be9c076b-cb4a-4cc2-8e66-43e497aef207', 'be9c076b-cb4a-4cc2-8e66-43e497aef207', 'be9c076b-cb4a-4cc2-8e66-43e497aef207', 'be9c076b-cb4a-4cc2-8e66-43e497aef207', 'be9c076b-cb4a-4cc2-8e66-43e497aef207', 'be9c076b-cb4a-4cc2-8e66-43e497aef207', 'be9c076b-cb4a-4cc2-8e66-43e497aef207', 'be9c076b-cb4a-4cc2-8e66-43e497aef207', 'be9c076b-cb4a-4cc2-8e66-43e497aef207', 'be9c076b-cb4a-4cc2-8e66-43e497aef207', 'be9c076b-cb4a-4cc2-8e66-43e497aef207', 'be9c076b-cb4a-4cc2-8e66-43e497aef207', 'be9c076b-cb4a-4cc2-8e66-43e497aef207', 'be9c076b-cb4a-4cc2-8e66-43e497aef207', 'be9c076b-cb4a-4cc2-8e66-43e497aef207', 'be9c076b-cb4a-4cc2-8e66-43e497aef207', 'be9c076b-cb4a-4cc2-8e66-43e497aef207', 'be9c076b-cb4a-4cc2-8e66-43e497aef207', 'be9c076b-cb4a-4cc2-8e66-43e497aef207', '47922d77-b864-432e-8173-dcfd97f591bb', 'ed4b9919-a72c-4297-8cb7-c9d5c3b6f9df', 'b0e6fc3d-f7ec-444b-8f58-23e369690c74', 'e00dee2f-95fe-40f6-ab05-df8236a26b72', '40c7e1ea-d64b-49f3-8bdb-4847a77e8130', '9a8a3add-c580-4e5c-a103-3418b75f18ea', '5c24227e-e080-40c1-9cd1-3b313c252c8f', '0160ad1d-823c-4c31-974c-4c96fa5af9b4', '3fa819ac-a758-4507-8b48-bb8c80ef07bd', 'e9ec76bf-2f10-45d5-a195-c3c23d03f6d9', 'b79236db-f4ad-48d3-9af7-2e31f32349ad', '1165589f-3e3f-40ae-a8c5-02dd0293abda', '2a1f19c2-bb8a-49b0-be9b-74ebd9d55b45', 'ddda512e-ad03-4798-9f6d-bc02198eb89e']"
e89f3903-1d9a-4a3f-bfc8-228f4f4a4e9b,10,"['90d72a19-625a-4ee5-9ac1-f51cf9d3d4d4', '90d72a19-625a-4ee5-9ac1-f51cf9d3d4d4', '90d72a19-625a-4ee5-9ac1-f51cf9d3d4d4', '90d72a19-625a-4ee5-9ac1-f51cf9d3d4d4', '90d72a19-625a-4ee5-9ac1-f51cf9d3d4d4', '90d72a19-625a-4ee5-9ac1-f51cf9d3d4d4', '90d72a19-625a-4ee5-9ac1-f51cf9d3d4d4', '90d72a19-625a-4ee5-9ac1-f51cf9d3d4d4', '90d72a19-625a-4ee5-9ac1-f51cf9d3d4d4', '90d72a19-625a-4ee5-9ac1-f51cf9d3d4d4', '90d72a19-625a-4ee5-9ac1-f51cf9d3d4d4', '90d72a19-625a-4ee5-9ac1-f51cf9d3d4d4', '90d72a19-625a-4ee5-9ac1-f51cf9d3d4d4', '90d72a19-625a-4ee5-9ac1-f51cf9d3d4d4', '90d72a19-625a-4ee5-9ac1-f51cf9d3d4d4', '90d72a19-625a-4ee5-9ac1-f51cf9d3d4d4', '90d72a19-625a-4ee5-9ac1-f51cf9d3d4d4', '90d72a19-625a-4ee5-9ac1-f51cf9d3d4d4', '90d72a19-625a-4ee5-9ac1-f51cf9d3d4d4', '90d72a19-625a-4ee5-9ac1-f51cf9d3d4d4', '90d72a19-625a-4ee5-9ac1-f51cf9d3d4d4', '90d72a19-625a-4ee5-9ac1-f51cf9d3d4d4', '90d72a19-625a-4ee5-9ac1-f51cf9d3d4d4', '90d72a19-625a-4ee5-9ac1-f51cf9d3d4d4', '90d72a19-625a-4ee5-9ac1-f51cf9d3d4d4', '90d72a19-625a-4ee5-9ac1-f51cf9d3d4d4', '90d72a19-625a-4ee5-9ac1-f51cf9d3d4d4', '90d72a19-625a-4ee5-9ac1-f51cf9d3d4d4', '90d72a19-625a-4ee5-9ac1-f51cf9d3d4d4', '90d72a19-625a-4ee5-9ac1-f51cf9d3d4d4', '90d72a19-625a-4ee5-9ac1-f51cf9d3d4d4', '90d72a19-625a-4ee5-9ac1-f51cf9d3d4d4', '90d72a19-625a-4ee5-9ac1-f51cf9d3d4d4', '90d72a19-625a-4ee5-9ac1-f51cf9d3d4d4', '90d72a19-625a-4ee5-9ac1-f51cf9d3d4d4', '90d72a19-625a-4ee5-9ac1-f51cf9d3d4d4', '90d72a19-625a-4ee5-9ac1-f51cf9d3d4d4', '90d72a19-625a-4ee5-9ac1-f51cf9d3d4d4', '90d72a19-625a-4ee5-9ac1-f51cf9d3d4d4', '90d72a19-625a-4ee5-9ac1-f51cf9d3d4d4', '90d72a19-625a-4ee5-9ac1-f51cf9d3d4d4', '90d72a19-625a-4ee5-9ac1-f51cf9d3d4d4', '90d72a19-625a-4ee5-9ac1-f51cf9d3d4d4', '90d72a19-625a-4ee5-9ac1-f51cf9d3d4d4', '90d72a19-625a-4ee5-9ac1-f51cf9d3d4d4', '90d72a19-625a-4ee5-9ac1-f51cf9d3d4d4', '1320d504-3e1d-410b-8219-b6d2759da95b', '89fab647-8dc3-4e9b-85b4-4553f5ccff2c', 'ae231e69-88fb-4029-9a42-421b5db01dbc', '44c1a83c-7db3-4f9a-975f-a810631a7da8']"
ec493b68-bb73-4d30-9a02-8af442210452,10,"['009e3b37-b488-4493-bca8-85dafa5ba978', '009e3b37-b488-4493-bca8-85dafa5ba978', '009e3b37-b488-4493-bca8-85dafa5ba978', '009e3b37-b488-4493-bca8-85dafa5ba978', '009e3b37-b488-4493-bca8-85dafa5ba978', '009e3b37-b488-4493-bca8-85dafa5ba978', '009e3b37-b488-4493-bca8-85dafa5ba978', '009e3b37-b488-4493-bca8-85dafa5ba978', '009e3b37-b488-4493-bca8-85dafa5ba978', '009e3b37-b488-4493-bca8-85dafa5ba978', '009e3b37-b488-4493-bca8-85dafa5ba978', '009e3b37-b488-4493-bca8-85dafa5ba978', '009e3b37-b488-4493-bca8-85dafa5ba978', '009e3b37-b488-4493-bca8-85dafa5ba978', '009e3b37-b488-4493-bca8-85dafa5ba978', '009e3b37-b488-4493-bca8-85dafa5ba978', '009e3b37-b488-4493-bca8-85dafa5ba978', '009e3b37-b488-4493-bca8-85dafa5ba978', '009e3b37-b488-4493-bca8-85dafa5ba978', '009e3b37-b488-4493-bca8-85dafa5ba978', '009e3b37-b488-4493-bca8-85dafa5ba978', '009e3b37-b488-4493-bca8-85dafa5ba978', '009e3b37-b488-4493-bca8-85dafa5ba978', '009e3b37-b488-4493-bca8-85dafa5ba978', '009e3b37-b488-4493-bca8-85dafa5ba978', '009e3b37-b488-4493-bca8-85dafa5ba978', '009e3b37-b488-4493-bca8-85dafa5ba978', '009e3b37-b488-4493-bca8-85dafa5ba978', '009e3b37-b488-4493-bca8-85dafa5ba978', '009e3b37-b488-4493-bca8-85dafa5ba978', '009e3b37-b488-4493-bca8-85dafa5ba978', '009e3b37-b488-4493-bca8-85dafa5ba978', '009e3b37-b488-4493-bca8-85dafa5ba978', '009e3b37-b488-4493-bca8-85dafa5ba978', '009e3b37-b488-4493-bca8-85dafa5ba978', '4b92b90b-2818-423a-bf85-51476721ae73', 'c89f4b80-1926-4295-9967-af5b05bfe101', '703282e8-4cd2-463a-a124-7c3d55282c2f', '08de9847-e238-4254-873a-5eaf1badda7c', 'c8e06202-58cd-474f-a3c8-8d340a964919', '6155f388-c305-46b2-9094-1c15ae851134', '2c7ff61d-c5fd-4276-9f45-4dacb9a4027f', 'c9d42aec-3282-4ee4-a38f-e275ac4913e6', '25f7dc11-5455-42bf-bf87-3d4c7eb62ded', 'eb2f207a-811f-48d9-934a-7b62806e0cb4', 'e0b8014d-e179-4c76-8def-6b7b597f1d43', '532f76af-380e-45b8-9232-bcc138a75fb6', '36bec110-be35-425b-a643-7d5f3b7b9b9d', 'f8cad1ac-c184-4d00-8cc5-b1d02d1cf3d1', '1c5e5c32-6970-46cc-81f8-443f7a86029d']"
e89f3903-1d9a-4a3f-bfc8-228f4f4a4e9b,11,"['90d72a19-625a-4ee5-9ac1-f51cf9d3d4d4', '90d72a19-625a-4ee5-9ac1-f51cf9d3d4d4', '90d72a19-625a-4ee5-9ac1-f51cf9d3d4d4', '90d72a19-625a-4ee5-9ac1-f51cf9d3d4d4', '90d72a19-625a-4ee5-9ac1-f51cf9d3d4d4', '90d72a19-625a-4ee5-9ac1-f51cf9d3d4d4', '90d72a19-625a-4ee5-9ac1-f51cf9d3d4d4', '90d72a19-625a-4ee5-9ac1-f51cf9d3d4d4', '90d72a19-625a-4ee5-9ac1-f51cf9d3d4d4', '90d72a19-625a-4ee5-9ac1-f51cf9d3d4d4', '90d72a19-625a-4ee5-9ac1-f51cf9d3d4d4', '90d72a19-625a-4ee5-9ac1-f51cf9d3d4d4', '90d72a19-625a-4ee5-9ac1-f51cf9d3d4d4', '90d72a19-625a-4ee5-9ac1-f51cf9d3d4d4', '90d72a19-625a-4ee5-9ac1-f51cf9d3d4d4', '90d72a19-625a-4ee5-9ac1-f51cf9d3d4d4', '90d72a19-625a-4ee5-9ac1-f51cf9d3d4d4', '90d72a19-625a-4ee5-9ac1-f51cf9d3d4d4', '90d72a19-625a-4ee5-9ac1-f51cf9d3d4d4', '90d72a19-625a-4ee5-9ac1-f51cf9d3d4d4', '90d72a19-625a-4ee5-9ac1-f51cf9d3d4d4', '90d72a19-625a-4ee5-9ac1-f51cf9d3d4d4', '90d72a19-625a-4ee5-9ac1-f51cf9d3d4d4', '90d72a19-625a-4ee5-9ac1-f51cf9d3d4d4', '90d72a19-625a-4ee5-9ac1-f51cf9d3d4d4', '90d72a19-625a-4ee5-9ac1-f51cf9d3d4d4', '90d72a19-625a-4ee5-9ac1-f51cf9d3d4d4', '90d72a19-625a-4ee5-9ac1-f51cf9d3d4d4', '90d72a19-625a-4ee5-9ac1-f51cf9d3d4d4', '90d72a19-625a-4ee5-9ac1-f51cf9d3d4d4', '90d72a19-625a-4ee5-9ac1-f51cf9d3d4d4', '90d72a19-625a-4ee5-9ac1-f51cf9d3d4d4', '90d72a19-625a-4ee5-9ac1-f51cf9d3d4d4', '90d72a19-625a-4ee5-9ac1-f51cf9d3d4d4', '90d72a19-625a-4ee5-9ac1-f51cf9d3d4d4', '90d72a19-625a-4ee5-9ac1-f51cf9d3d4d4', '1320d504-3e1d-410b-8219-b6d2759da95b', '89fab647-8dc3-4e9b-85b4-4553f5ccff2c', 'ae231e69-88fb-4029-9a42-421b5db01dbc', '44c1a83c-7db3-4f9a-975f-a810631a7da8', '911417ec-3f0d-49cc-96ab-492e340f09d8', '85d1772b-e717-44e4-b63e-cd8916b20403', '7cd7fa09-29c9-4dae-a100-fd6422dc727d', 'b22416fe-6e8c-4b1d-af86-a4a49098b0aa', '3d4f6e96-4fba-435f-8dfc-0935ac453623', '7d559140-7bca-439d-93a1-6129e9687043', '521b6928-b2c7-4ecf-ab73-a01c9a7694ec', '246aee15-9b26-4aaf-a3f4-02c3aefb3134', '0ec42a95-7117-40d9-b3d4-e973f205edeb', 'ee305f9a-fa6a-49a2-8766-07a6e9f282dc']"
4506bc68-639e-4a48-9f49-ce5edeeb7df4,8,"['be9c076b-cb4a-4cc2-8e66-43e497aef207', 'be9c076b-cb4a-4cc2-8e66-43e497aef207', 'be9c076b-cb4a-4cc2-8e66-43e497aef207', 'be9c076b-cb4a-4cc2-8e66-43e497aef207', 'be9c076b-cb4a-4cc2-8e66-43e497aef207', 'be9c076b-cb4a-4cc2-8e66-43e497aef207', 'be9c076b-cb4a-4cc2-8e66-43e497aef207', 'be9c076b-cb4a-4cc2-8e66-43e497aef207', 'be9c076b-cb4a-4cc2-8e66-43e497aef207', 'be9c076b-cb4a-4cc2-8e66-43e497aef207', 'be9c076b-cb4a-4cc2-8e66-43e497aef207', 'be9c076b-cb4a-4cc2-8e66-43e497aef207', 'be9c076b-cb4a-4cc2-8e66-43e497aef207', 'be9c076b-cb4a-4cc2-8e66-43e497aef207', 'be9c076b-cb4a-4cc2-8e66-43e497aef207', 'be9c076b-cb4a-4cc2-8e66-43e497aef207', 'be9c076b-cb4a-4cc2-8e66-43e497aef207', 'be9c076b-cb4a-4cc2-8e66-43e497aef207', 'be9c076b-cb4a-4cc2-8e66-43e497aef207', 'be9c076b-cb4a-4cc2-8e66-43e497aef207', 'be9c076b-cb4a-4cc2-8e66-43e497aef207', 'be9c076b-cb4a-4cc2-8e66-43e497aef207', 'be9c076b-cb4a-4cc2-8e66-43e497aef207', 'be9c076b-cb4a-4cc2-8e66-43e497aef207', '47922d77-b864-432e-8173-dcfd97f591bb', 'ed4b9919-a72c-4297-8cb7-c9d5c3b6f9df', 'b0e6fc3d-f7ec-444b-8f58-23e369690c74', '40c7e1ea-d64b-49f3-8bdb-4847a77e8130', '3fa819ac-a758-4507-8b48-bb8c80ef07bd', 'e9ec76bf-2f10-45d5-a195-c3c23d03f6d9', 'b79236db-f4ad-48d3-9af7-2e31f32349ad', '1165589f-3e3f-40ae-a8c5-02dd0293abda', '2a1f19c2-bb8a-49b0-be9b-74ebd9d55b45', '9f59f48f-7cdc-4dbd-a383-89ee3bc0f301', '93dcfdd5-ca60-45c7-9558-c5a53a27a9bd', '044a593d-6383-4911-92c8-5dd166ff8d1d', '0265015e-fd84-4856-b205-99ddd26819c4', 'c73bdd5e-ca61-4b2d-9964-2d29b6699de4', '3fa1f468-6860-4113-895f-ee14c15ab124', '3a5551ce-ef63-4374-b8e3-fd3c4712e167', '3e39809e-39c4-41b4-a5c0-25b1fce53a9b', '95485a03-b2d3-4e83-a1c2-bcae4b020261', '773df9fc-ba74-4218-89ce-03319c9ed660', '45c6ecf6-9598-4c44-a0e6-d9176c5ea4ad', '96fd345e-be82-4082-be2d-5d13e659ffd3', '936b8f2b-9581-47e8-8149-4e7902151eaa', '152960eb-9734-4e4e-9a4b-5519b83f6342', 'b67800b9-9a3c-410e-87a1-eb6fbc48830d', '25b6a528-d130-4f7b-9efe-86ee4c249a49', '4eebf3c0-1ef1-4b19-9073-7a049185c3eb']"
e89f3903-1d9a-4a3f-bfc8-228f4f4a4e9b,12,"['90d72a19-625a-4ee5-9ac1-f51cf9d3d4d4', '90d72a19-625a-4ee5-9ac1-f51cf9d3d4d4', '90d72a19-625a-4ee5-9ac1-f51cf9d3d4d4', '90d72a19-625a-4ee5-9ac1-f51cf9d3d4d4', '90d72a19-625a-4ee5-9ac1-f51cf9d3d4d4', '90d72a19-625a-4ee5-9ac1-f51cf9d3d4d4', '90d72a19-625a-4ee5-9ac1-f51cf9d3d4d4', '90d72a19-625a-4ee5-9ac1-f51cf9d3d4d4', '90d72a19-625a-4ee5-9ac1-f51cf9d3d4d4', '90d72a19-625a-4ee5-9ac1-f51cf9d3d4d4', '90d72a19-625a-4ee5-9ac1-f51cf9d3d4d4', '90d72a19-625a-4ee5-9ac1-f51cf9d3d4d4', '90d72a19-625a-4ee5-9ac1-f51cf9d3d4d4', '90d72a19-625a-4ee5-9ac1-f51cf9d3d4d4', '90d72a19-625a-4ee5-9ac1-f51cf9d3d4d4', '90d72a19-625a-4ee5-9ac1-f51cf9d3d4d4', '90d72a19-625a-4ee5-9ac1-f51cf9d3d4d4', '90d72a19-625a-4ee5-9ac1-f51cf9d3d4d4', '90d72a19-625a-4ee5-9ac1-f51cf9d3d4d4', '90d72a19-625a-4ee5-9ac1-f51cf9d3d4d4', '90d72a19-625a-4ee5-9ac1-f51cf9d3d4d4', '90d72a19-625a-4ee5-9ac1-f51cf9d3d4d4', '90d72a19-625a-4ee5-9ac1-f51cf9d3d4d4', '90d72a19-625a-4ee5-9ac1-f51cf9d3d4d4', '90d72a19-625a-4ee5-9ac1-f51cf9d3d4d4', '90d72a19-625a-4ee5-9ac1-f51cf9d3d4d4', '90d72a19-625a-4ee5-9ac1-f51cf9d3d4d4', '90d72a19-625a-4ee5-9ac1-f51cf9d3d4d4', '90d72a19-625a-4ee5-9ac1-f51cf9d3d4d4', '90d72a19-625a-4ee5-9ac1-f51cf9d3d4d4', '1320d504-3e1d-410b-8219-b6d2759da95b', '89fab647-8dc3-4e9b-85b4-4553f5ccff2c', '44c1a83c-7db3-4f9a-975f-a810631a7da8', '911417ec-3f0d-49cc-96ab-492e340f09d8', '85d1772b-e717-44e4-b63e-cd8916b20403', 'b22416fe-6e8c-4b1d-af86-a4a49098b0aa', '3d4f6e96-4fba-435f-8dfc-0935ac453623', '246aee15-9b26-4aaf-a3f4-02c3aefb3134', '0ec42a95-7117-40d9-b3d4-e973f205edeb', 'ee305f9a-fa6a-49a2-8766-07a6e9f282dc', '22511e89-5a11-4871-afcb-935a9deff057', '5bee76f7-ef81-4787-bf07-9994e1774f46', 'c42ecf25-ead7-4631-95c8-7a0558e021f7', '3965592f-ac1d-489b-a9e7-cbd32ac9b636', '741aa766-8058-4dc5-83a6-7b9d34f06582', 'e0cdd846-c6e3-4869-923f-1bde1c0c0ee7', '3672425e-bd65-454f-b3f3-1a8d42e0373e', '4575857c-f1ad-46e1-90d6-9761c5f1ddb7', '95f72558-bd02-4692-be04-3968d26108c9', '9ea951e6-a776-4538-b085-cff9a3eb48d3']"
ec493b68-bb73-4d30-9a02-8af442210452,11,"['009e3b37-b488-4493-bca8-85dafa5ba978', '009e3b37-b488-4493-bca8-85dafa5ba978', '009e3b37-b488-4493-bca8-85dafa5ba978', '009e3b37-b488-4493-bca8-85dafa5ba978', '009e3b37-b488-4493-bca8-85dafa5ba978', '009e3b37-b488-4493-bca8-85dafa5ba978', '009e3b37-b488-4493-bca8-85dafa5ba978', '009e3b37-b488-4493-bca8-85dafa5ba978', '009e3b37-b488-4493-bca8-85dafa5ba978', '009e3b37-b488-4493-bca8-85dafa5ba978', '009e3b37-b488-4493-bca8-85dafa5ba978', '009e3b37-b488-4493-bca8-85dafa5ba978', '009e3b37-b488-4493-bca8-85dafa5ba978', '009e3b37-b488-4493-bca8-85dafa5ba978', '009e3b37-b488-4493-bca8-85dafa5ba978', '009e3b37-b488-4493-bca8-85dafa5ba978', '009e3b37-b488-4493-bca8-85dafa5ba978', '009e3b37-b488-4493-bca8-85dafa5ba978', '009e3b37-b488-4493-bca8-85dafa5ba978', '009e3b37-b488-4493-bca8-85dafa5ba978', '009e3b37-b488-4493-bca8-85dafa5ba978', '009e3b37-b488-4493-bca8-85dafa5ba978', '009e3b37-b488-4493-bca8-85dafa5ba978', '009e3b37-b488-4493-bca8-85dafa5ba978', '009e3b37-b488-4493-bca8-85dafa5ba978', '4b92b90b-2818-423a-bf85-51476721ae73', 'c89f4b80-1926-4295-9967-af5b05bfe101', '703282e8-4cd2-463a-a124-7c3d55282c2f', '08de9847-e238-4254-873a-5eaf1badda7c', 'c8e06202-58cd-474f-a3c8-8d340a964919', '6155f388-c305-46b2-9094-1c15ae851134', '2c7ff61d-c5fd-4276-9f45-4dacb9a4027f', 'c9d42aec-3282-4ee4-a38f-e275ac4913e6', '25f7dc11-5455-42bf-bf87-3d4c7eb62ded', 'eb2f207a-811f-48d9-934a-7b62806e0cb4', 'e0b8014d-e179-4c76-8def-6b7b597f1d43', '532f76af-380e-45b8-9232-bcc138a75fb6', '36bec110-be35-425b-a643-7d5f3b7b9b9d', 'f8cad1ac-c184-4d00-8cc5-b1d02d1cf3d1', '1c5e5c32-6970-46cc-81f8-443f7a86029d', '9206a855-b785-49a5-91fd-84744eaf136d', '38aa9091-8d5c-4d4e-86e7-43f80ea954d7', '726b9593-3591-443b-a07d-806db54a71e0', 'a466d160-d973-4bb1-b52b-48c08f374a72', 'bdcc1940-164d-47ee-8c99-e5a1121f4fec', '744db06f-1117-46b5-946e-8241af5e7d85', 'e80a2d49-7462-4a48-afe8-6dedd00ab524', 'c14d488f-053e-4d39-9391-45609d48d6db', 'a118b77b-41af-4545-9b40-16c0705777cf', '7318df1b-cd48-4fb3-957b-e96d0c48f6bb']"
4506bc68-639e-4a48-9f49-ce5edeeb7df4,9,"['be9c076b-cb4a-4cc2-8e66-43e497aef207', 'be9c076b-cb4a-4cc2-8e66-43e497aef207', 'be9c076b-cb4a-4cc2-8e66-43e497aef207', 'be9c076b-cb4a-4cc2-8e66-43e497aef207', 'be9c076b-cb4a-4cc2-8e66-43e497aef207', 'be9c076b-cb4a-4cc2-8e66-43e497aef207', 'be9c076b-cb4a-4cc2-8e66-43e497aef207', 'be9c076b-cb4a-4cc2-8e66-43e497aef207', 'be9c076b-cb4a-4cc2-8e66-43e497aef207', 'be9c076b-cb4a-4cc2-8e66-43e497aef207', 'be9c076b-cb4a-4cc2-8e66-43e497aef207', 'be9c076b-cb4a-4cc2-8e66-43e497aef207', 'be9c076b-cb4a-4cc2-8e66-43e497aef207', 'be9c076b-cb4a-4cc2-8e66-43e497aef207', 'be9c076b-cb4a-4cc2-8e66-43e497aef207', 'be9c076b-cb4a-4cc2-8e66-43e497aef207', 'be9c076b-cb4a-4cc2-8e66-43e497aef207', 'be9c076b-cb4a-4cc2-8e66-43e497aef207', 'be9c076b-cb4a-4cc2-8e66-43e497aef207', 'be9c076b-cb4a-4cc2-8e66-43e497aef207', 'be9c076b-cb4a-4cc2-8e66-43e497aef207', 'be9c076b-cb4a-4cc2-8e66-43e497aef207', 'be9c076b-cb4a-4cc2-8e66-43e497aef207', 'be9c076b-cb4a-4cc2-8e66-43e497aef207', 'be9c076b-cb4a-4cc2-8e66-43e497aef207', 'be9c076b-cb4a-4cc2-8e66-43e497aef207', 'be9c076b-cb4a-4cc2-8e66-43e497aef207', 'be9c076b-cb4a-4cc2-8e66-43e497aef207', 'be9c076b-cb4a-4cc2-8e66-43e497aef207', 'be9c076b-cb4a-4cc2-8e66-43e497aef207', 'be9c076b-cb4a-4cc2-8e66-43e497aef207', 'be9c076b-cb4a-4cc2-8e66-43e497aef207', 'be9c076b-cb4a-4cc2-8e66-43e497aef207', 'be9c076b-cb4a-4cc2-8e66-43e497aef207', 'be9c076b-cb4a-4cc2-8e66-43e497aef207', 'be9c076b-cb4a-4cc2-8e66-43e497aef207', 'be9c076b-cb4a-4cc2-8e66-43e497aef207', 'be9c076b-cb4a-4cc2-8e66-43e497aef207', 'be9c076b-cb4a-4cc2-8e66-43e497aef207', 'be9c076b-cb4a-4cc2-8e66-43e497aef207', '2f8a7ec3-14c9-414e-a6be-4d694f558fe8', 'e59e10d9-b493-4035-95ce-9df85a003564', '70689f2e-5eb2-4898-9734-bdeb463e1455', '9cf025f7-c2fa-4ee2-adca-dd943fe71630', '678b17a0-6c89-4e5d-9e51-98a55e3f8cb1', '6de4d501-efbe-4ada-b434-6122bc93cd5d', '205f4ef4-be51-4434-af5b-d6fe9b082d56', 'f0a56f83-0604-4e18-aa87-24342f751570', '2d2ade33-de5e-416b-b62d-c5e23907a949', '4495b97f-9758-4f97-b5a7-4be33f365b73']"
e89f3903-1d9a-4a3f-bfc8-228f4f4a4e9b,13,"['90d72a19-625a-4ee5-9ac1-f51cf9d3d4d4', '90d72a19-625a-4ee5-9ac1-f51cf9d3d4d4', '90d72a19-625a-4ee5-9ac1-f51cf9d3d4d4', '90d72a19-625a-4ee5-9ac1-f51cf9d3d4d4', '90d72a19-625a-4ee5-9ac1-f51cf9d3d4d4', '90d72a19-625a-4ee5-9ac1-f51cf9d3d4d4', '90d72a19-625a-4ee5-9ac1-f51cf9d3d4d4', '90d72a19-625a-4ee5-9ac1-f51cf9d3d4d4', '90d72a19-625a-4ee5-9ac1-f51cf9d3d4d4', '90d72a19-625a-4ee5-9ac1-f51cf9d3d4d4', '90d72a19-625a-4ee5-9ac1-f51cf9d3d4d4', '90d72a19-625a-4ee5-9ac1-f51cf9d3d4d4', '90d72a19-625a-4ee5-9ac1-f51cf9d3d4d4', '90d72a19-625a-4ee5-9ac1-f51cf9d3d4d4', '90d72a19-625a-4ee5-9ac1-f51cf9d3d4d4', '90d72a19-625a-4ee5-9ac1-f51cf9d3d4d4', '90d72a19-625a-4ee5-9ac1-f51cf9d3d4d4', '90d72a19-625a-4ee5-9ac1-f51cf9d3d4d4', '90d72a19-625a-4ee5-9ac1-f51cf9d3d4d4', '90d72a19-625a-4ee5-9ac1-f51cf9d3d4d4', '90d72a19-625a-4ee5-9ac1-f51cf9d3d4d4', '90d72a19-625a-4ee5-9ac1-f51cf9d3d4d4', '90d72a19-625a-4ee5-9ac1-f51cf9d3d4d4', '90d72a19-625a-4ee5-9ac1-f51cf9d3d4d4', '1320d504-3e1d-410b-8219-b6d2759da95b', '44c1a83c-7db3-4f9a-975f-a810631a7da8', '911417ec-3f0d-49cc-96ab-492e340f09d8', '85d1772b-e717-44e4-b63e-cd8916b20403', 'b22416fe-6e8c-4b1d-af86-a4a49098b0aa', '3d4f6e96-4fba-435f-8dfc-0935ac453623', '246aee15-9b26-4aaf-a3f4-02c3aefb3134', '0ec42a95-7117-40d9-b3d4-e973f205edeb', 'ee305f9a-fa6a-49a2-8766-07a6e9f282dc', '22511e89-5a11-4871-afcb-935a9deff057', '3965592f-ac1d-489b-a9e7-cbd32ac9b636', 'e0cdd846-c6e3-4869-923f-1bde1c0c0ee7', '3672425e-bd65-454f-b3f3-1a8d42e0373e', '4575857c-f1ad-46e1-90d6-9761c5f1ddb7', '9ea951e6-a776-4538-b085-cff9a3eb48d3', '5998306b-aff9-4b65-a2f9-2b913cb70cfe', '679b2493-26ef-4f49-91e1-ee953b331e65', '0ccd14a7-115e-473a-a4dd-b27c5019c431', '41c52eea-9fb1-4941-808c-4fafed4d64b0', '20bc41c8-5072-48d9-a40f-05b3ed463cc2', '05aeae48-94bb-4db9-90a1-9ed839b63b33', '321488a6-2dc8-4328-b86c-374e18e7c464', 'fa74d5cf-0211-45af-8fef-2f40916ec4c2', 'cf14dcc4-d883-4734-94e8-1dce5307906a', 'd5de0097-daad-4c16-8b7d-b4abdd1cbc31', 'f631717a-5b25-498a-adc8-4779c50954f2']"
4506bc68-639e-4a48-9f49-ce5edeeb7df4,10,"['be9c076b-cb4a-4cc2-8e66-43e497aef207', 'be9c076b-cb4a-4cc2-8e66-43e497aef207', 'be9c076b-cb4a-4cc2-8e66-43e497aef207', 'be9c076b-cb4a-4cc2-8e66-43e497aef207', 'be9c076b-cb4a-4cc2-8e66-43e497aef207', 'be9c076b-cb4a-4cc2-8e66-43e497aef207', 'be9c076b-cb4a-4cc2-8e66-43e497aef207', 'be9c076b-cb4a-4cc2-8e66-43e497aef207', 'be9c076b-cb4a-4cc2-8e66-43e497aef207', 'be9c076b-cb4a-4cc2-8e66-43e497aef207', 'be9c076b-cb4a-4cc2-8e66-43e497aef207', 'be9c076b-cb4a-4cc2-8e66-43e497aef207', 'be9c076b-cb4a-4cc2-8e66-43e497aef207', 'be9c076b-cb4a-4cc2-8e66-43e497aef207', 'be9c076b-cb4a-4cc2-8e66-43e497aef207', 'be9c076b-cb4a-4cc2-8e66-43e497aef207', 'be9c076b-cb4a-4cc2-8e66-43e497aef207', 'be9c076b-cb4a-4cc2-8e66-43e497aef207', 'be9c076b-cb4a-4cc2-8e66-43e497aef207', 'be9c076b-cb4a-4cc2-8e66-43e497aef207', 'be9c076b-cb4a-4cc2-8e66-43e497aef207', 'be9c076b-cb4a-4cc2-8e66-43e497aef207', 'be9c076b-cb4a-4cc2-8e66-43e497aef207', 'be9c076b-cb4a-4cc2-8e66-43e497aef207', 'be9c076b-cb4a-4cc2-8e66-43e497aef207', 'be9c076b-cb4a-4cc2-8e66-43e497aef207', 'be9c076b-cb4a-4cc2-8e66-43e497aef207', 'be9c076b-cb4a-4cc2-8e66-43e497aef207', 'be9c076b-cb4a-4cc2-8e66-43e497aef207', 'be9c076b-cb4a-4cc2-8e66-43e497aef207', 'be9c076b-cb4a-4cc2-8e66-43e497aef207', 'be9c076b-cb4a-4cc2-8e66-43e497aef207', '2f8a7ec3-14c9-414e-a6be-4d694f558fe8', 'e59e10d9-b493-4035-95ce-9df85a003564', '70689f2e-5eb2-4898-9734-bdeb463e1455', '9cf025f7-c2fa-4ee2-adca-dd943fe71630', '678b17a0-6c89-4e5d-9e51-98a55e3f8cb1', '6de4d501-efbe-4ada-b434-6122bc93cd5d', '205f4ef4-be51-4434-af5b-d6fe9b082d56', 'f0a56f83-0604-4e18-aa87-24342f751570', '2d2ade33-de5e-416b-b62d-c5e23907a949', '4495b97f-9758-4f97-b5a7-4be33f365b73', '91d5fbf5-4d48-408c-bdb9-10fdb64b1727', '8517521f-1794-4623-9afa-d9b916bfc539', 'd7b320d8-f591-41a4-93bc-ced8df536cf0', '669b3899-e8cc-4512-bf97-49d70ed60e37', 'a8dc2196-7923-471c-a797-d41bcea4709f', 'dd4f038e-b72e-44aa-b3c7-c196c2ae94e3', '8c60a9e3-9e32-4153-afc3-372d9ae2b794', '60abde74-f2d2-46bb-aa73-09fd14797eff']"
e89f3903-1d9a-4a3f-bfc8-228f4f4a4e9b,14,"['90d72a19-625a-4ee5-9ac1-f51cf9d3d4d4', '90d72a19-625a-4ee5-9ac1-f51cf9d3d4d4', '90d72a19-625a-4ee5-9ac1-f51cf9d3d4d4', '90d72a19-625a-4ee5-9ac1-f51cf9d3d4d4', '90d72a19-625a-4ee5-9ac1-f51cf9d3d4d4', '90d72a19-625a-4ee5-9ac1-f51cf9d3d4d4', '90d72a19-625a-4ee5-9ac1-f51cf9d3d4d4', '90d72a19-625a-4ee5-9ac1-f51cf9d3d4d4', '90d72a19-625a-4ee5-9ac1-f51cf9d3d4d4', '90d72a19-625a-4ee5-9ac1-f51cf9d3d4d4', '90d72a19-625a-4ee5-9ac1-f51cf9d3d4d4', '90d72a19-625a-4ee5-9ac1-f51cf9d3d4d4', '90d72a19-625a-4ee5-9ac1-f51cf9d3d4d4', '90d72a19-625a-4ee5-9ac1-f51cf9d3d4d4', '90d72a19-625a-4ee5-9ac1-f51cf9d3d4d4', '90d72a19-625a-4ee5-9ac1-f51cf9d3d4d4', '90d72a19-625a-4ee5-9ac1-f51cf9d3d4d4', '90d72a19-625a-4ee5-9ac1-f51cf9d3d4d4', '90d72a19-625a-4ee5-9ac1-f51cf9d3d4d4', '90d72a19-625a-4ee5-9ac1-f51cf9d3d4d4', '90d72a19-625a-4ee5-9ac1-f51cf9d3d4d4', '90d72a19-625a-4ee5-9ac1-f51cf9d3d4d4', '90d72a19-625a-4ee5-9ac1-f51cf9d3d4d4', '90d72a19-625a-4ee5-9ac1-f51cf9d3d4d4', '90d72a19-625a-4ee5-9ac1-f51cf9d3d4d4', '90d72a19-625a-4ee5-9ac1-f51cf9d3d4d4', '90d72a19-625a-4ee5-9ac1-f51cf9d3d4d4', '90d72a19-625a-4ee5-9ac1-f51cf9d3d4d4', '90d72a19-625a-4ee5-9ac1-f51cf9d3d4d4', '90d72a19-625a-4ee5-9ac1-f51cf9d3d4d4', '90d72a19-625a-4ee5-9ac1-f51cf9d3d4d4', '90d72a19-625a-4ee5-9ac1-f51cf9d3d4d4', '90d72a19-625a-4ee5-9ac1-f51cf9d3d4d4', '90d72a19-625a-4ee5-9ac1-f51cf9d3d4d4', '90d72a19-625a-4ee5-9ac1-f51cf9d3d4d4', '90d72a19-625a-4ee5-9ac1-f51cf9d3d4d4', '90d72a19-625a-4ee5-9ac1-f51cf9d3d4d4', '90d72a19-625a-4ee5-9ac1-f51cf9d3d4d4', '90d72a19-625a-4ee5-9ac1-f51cf9d3d4d4', '90d72a19-625a-4ee5-9ac1-f51cf9d3d4d4', '90d72a19-625a-4ee5-9ac1-f51cf9d3d4d4', '90d72a19-625a-4ee5-9ac1-f51cf9d3d4d4', '90d72a19-625a-4ee5-9ac1-f51cf9d3d4d4', 'f9858ab5-e892-43f3-9d7a-86a120dbaa47', '1c7c2cc7-86f2-4ceb-8a81-b5fc4f432215', '5e666dfc-f7a3-4c47-b6c2-40d679a4bab0', 'a69777f4-79fb-4fac-84dc-8dd151433442', 'a1b1c7c8-79c5-46bd-bd68-4b43139d3494', '57adfa5d-270e-4b57-abe8-3fee93872237', '7111b798-65d5-45ef-b125-3b970f96f8aa']"
ec493b68-bb73-4d30-9a02-8af442210452,12,"['009e3b37-b488-4493-bca8-85dafa5ba978', '009e3b37-b488-4493-bca8-85dafa5ba978', '009e3b37-b488-4493-bca8-85dafa5ba978', '009e3b37-b488-4493-bca8-85dafa5ba978', '009e3b37-b488-4493-bca8-85dafa5ba978', '009e3b37-b488-4493-bca8-85dafa5ba978', '009e3b37-b488-4493-bca8-85dafa5ba978', '009e3b37-b488-4493-bca8-85dafa5ba978', '009e3b37-b488-4493-bca8-85dafa5ba978', '009e3b37-b488-4493-bca8-85dafa5ba978', '009e3b37-b488-4493-bca8-85dafa5ba978', '009e3b37-b488-4493-bca8-85dafa5ba978', '009e3b37-b488-4493-bca8-85dafa5ba978', '009e3b37-b488-4493-bca8-85dafa5ba978', '009e3b37-b488-4493-bca8-85dafa5ba978', '4b92b90b-2818-423a-bf85-51476721ae73', 'c89f4b80-1926-4295-9967-af5b05bfe101', '08de9847-e238-4254-873a-5eaf1badda7c', 'c8e06202-58cd-474f-a3c8-8d340a964919', '6155f388-c305-46b2-9094-1c15ae851134', '2c7ff61d-c5fd-4276-9f45-4dacb9a4027f', '25f7dc11-5455-42bf-bf87-3d4c7eb62ded', 'eb2f207a-811f-48d9-934a-7b62806e0cb4', 'e0b8014d-e179-4c76-8def-6b7b597f1d43', '532f76af-380e-45b8-9232-bcc138a75fb6', '36bec110-be35-425b-a643-7d5f3b7b9b9d', 'f8cad1ac-c184-4d00-8cc5-b1d02d1cf3d1', '1c5e5c32-6970-46cc-81f8-443f7a86029d', '9206a855-b785-49a5-91fd-84744eaf136d', '38aa9091-8d5c-4d4e-86e7-43f80ea954d7', '726b9593-3591-443b-a07d-806db54a71e0', 'a466d160-d973-4bb1-b52b-48c08f374a72', 'bdcc1940-164d-47ee-8c99-e5a1121f4fec', 'e80a2d49-7462-4a48-afe8-6dedd00ab524', 'c14d488f-053e-4d39-9391-45609d48d6db', 'a118b77b-41af-4545-9b40-16c0705777cf', 'fb235a9b-07b1-44d2-9506-29e962691c9c', '32bdb259-ff8c-41c2-ab69-3ebed7f1c9a7', '40e41805-4eeb-4db2-8f1c-97f1054273fa', '368335c6-05b4-4556-990c-03b6d1dde40f', '78f51dbf-fd9f-4637-9862-6fdf7aafbfdb', '62789ffd-b5f1-427b-83e2-7b0fae608f49', 'df6c23fb-903f-4efc-9f17-1a97794d6245', '83cf2660-92a0-441e-a8f8-a0efdd2c6fa0', 'c93454b5-0a5c-46a1-a83b-079138f9f2b6', '3bce18f1-0286-4219-9288-7dbb133ca741', 'aa045f86-082d-455a-b505-87f73c77bc7c', '292bfdaf-0701-4bd7-a7ec-8d1aab0d0cab', '9c1fdcb8-ff77-4b74-a063-40d232648fa8', '08a99956-68a8-45db-9f24-565ea625281d']"
4506bc68-639e-4a48-9f49-ce5edeeb7df4,11,"['be9c076b-cb4a-4cc2-8e66-43e497aef207', 'be9c076b-cb4a-4cc2-8e66-43e497aef207', 'be9c076b-cb4a-4cc2-8e66-43e497aef207', 'be9c076b-cb4a-4cc2-8e66-43e497aef207', 'be9c076b-cb4a-4cc2-8e66-43e497aef207', 'be9c076b-cb4a-4cc2-8e66-43e497aef207', 'be9c076b-cb4a-4cc2-8e66-43e497aef207', 'be9c076b-cb4a-4cc2-8e66-43e497aef207', 'be9c076b-cb4a-4cc2-8e66-43e497aef207', 'be9c076b-cb4a-4cc2-8e66-43e497aef207', 'be9c076b-cb4a-4cc2-8e66-43e497aef207', 'be9c076b-cb4a-4cc2-8e66-43e497aef207', 'be9c076b-cb4a-4cc2-8e66-43e497aef207', 'be9c076b-cb4a-4cc2-8e66-43e497aef207', 'be9c076b-cb4a-4cc2-8e66-43e497aef207', 'be9c076b-cb4a-4cc2-8e66-43e497aef207', 'be9c076b-cb4a-4cc2-8e66-43e497aef207', 'be9c076b-cb4a-4cc2-8e66-43e497aef207', 'be9c076b-cb4a-4cc2-8e66-43e497aef207', 'be9c076b-cb4a-4cc2-8e66-43e497aef207', 'be9c076b-cb4a-4cc2-8e66-43e497aef207', 'be9c076b-cb4a-4cc2-8e66-43e497aef207', 'be9c076b-cb4a-4cc2-8e66-43e497aef207', 'be9c076b-cb4a-4cc2-8e66-43e497aef207', 'be9c076b-cb4a-4cc2-8e66-43e497aef207', '2f8a7ec3-14c9-414e-a6be-4d694f558fe8', 'e59e10d9-b493-4035-95ce-9df85a003564', '70689f2e-5eb2-4898-9734-bdeb463e1455', '9cf025f7-c2fa-4ee2-adca-dd943fe71630', '678b17a0-6c89-4e5d-9e51-98a55e3f8cb1', '6de4d501-efbe-4ada-b434-6122bc93cd5d', '205f4ef4-be51-4434-af5b-d6fe9b082d56', 'f0a56f83-0604-4e18-aa87-24342f751570', '2d2ade33-de5e-416b-b62d-c5e23907a949', '4495b97f-9758-4f97-b5a7-4be33f365b73', '91d5fbf5-4d48-408c-bdb9-10fdb64b1727', '8517521f-1794-4623-9afa-d9b916bfc539', 'd7b320d8-f591-41a4-93bc-ced8df536cf0', '669b3899-e8cc-4512-bf97-49d70ed60e37', 'a8dc2196-7923-471c-a797-d41bcea4709f', 'dd4f038e-b72e-44aa-b3c7-c196c2ae94e3', '8c60a9e3-9e32-4153-afc3-372d9ae2b794', '60abde74-f2d2-46bb-aa73-09fd14797eff', '913c4c58-1df2-49ff-9364-4faca07c41a2', 'ea469562-579f-44c4-a19c-96fa8d981366', '6c94d74a-ce5b-4e28-948e-49083d3fc1d6', '09beb206-623d-4b9e-8003-81a35b5c2c30', 'd711cfa8-a615-42a6-83e3-69afb9ac25a7', 'ce4ca917-fa52-4175-af53-ee913a21d622', '6ec33751-f822-4592-a5a6-eed69bf573ab']"
ec493b68-bb73-4d30-9a02-8af442210452,13,"['aa045f86-082d-455a-b505-87f73c77bc7c', 'aa045f86-082d-455a-b505-87f73c77bc7c', 'aa045f86-082d-455a-b505-87f73c77bc7c', 'aa045f86-082d-455a-b505-87f73c77bc7c', 'aa045f86-082d-455a-b505-87f73c77bc7c', 'aa045f86-082d-455a-b505-87f73c77bc7c', 'aa045f86-082d-455a-b505-87f73c77bc7c', 'aa045f86-082d-455a-b505-87f73c77bc7c', 'aa045f86-082d-455a-b505-87f73c77bc7c', 'aa045f86-082d-455a-b505-87f73c77bc7c', 'aa045f86-082d-455a-b505-87f73c77bc7c', 'aa045f86-082d-455a-b505-87f73c77bc7c', 'aa045f86-082d-455a-b505-87f73c77bc7c', 'aa045f86-082d-455a-b505-87f73c77bc7c', 'aa045f86-082d-455a-b505-87f73c77bc7c', 'aa045f86-082d-455a-b505-87f73c77bc7c', 'aa045f86-082d-455a-b505-87f73c77bc7c', 'aa045f86-082d-455a-b505-87f73c77bc7c', 'aa045f86-082d-455a-b505-87f73c77bc7c', 'aa045f86-082d-455a-b505-87f73c77bc7c', 'aa045f86-082d-455a-b505-87f73c77bc7c', 'aa045f86-082d-455a-b505-87f73c77bc7c', 'aa045f86-082d-455a-b505-87f73c77bc7c', 'aa045f86-082d-455a-b505-87f73c77bc7c', 'aa045f86-082d-455a-b505-87f73c77bc7c', 'aa045f86-082d-455a-b505-87f73c77bc7c', 'aa045f86-082d-455a-b505-87f73c77bc7c', 'aa045f86-082d-455a-b505-87f73c77bc7c', 'aa045f86-082d-455a-b505-87f73c77bc7c', 'aa045f86-082d-455a-b505-87f73c77bc7c', 'aa045f86-082d-455a-b505-87f73c77bc7c', 'aa045f86-082d-455a-b505-87f73c77bc7c', 'aa045f86-082d-455a-b505-87f73c77bc7c', 'aa045f86-082d-455a-b505-87f73c77bc7c', 'aa045f86-082d-455a-b505-87f73c77bc7c', 'aa045f86-082d-455a-b505-87f73c77bc7c', 'aa045f86-082d-455a-b505-87f73c77bc7c', 'aa045f86-082d-455a-b505-87f73c77bc7c', 'aa045f86-082d-455a-b505-87f73c77bc7c', 'aa045f86-082d-455a-b505-87f73c77bc7c', 'aa045f86-082d-455a-b505-87f73c77bc7c', 'aa045f86-082d-455a-b505-87f73c77bc7c', 'aa045f86-082d-455a-b505-87f73c77bc7c', '62332b3b-89e1-4f01-8810-c8acec432d25', '0960117d-7ef6-4b41-9aae-167e4e70317f', 'b220b5ae-1e3c-4a8f-a2b6-3a23f628c156', 'acb19027-9f51-463e-8a92-13843c0df6cd', '3a576c4a-7bc2-465a-a8a7-6e6df5507424', '19aab798-ccec-4966-be56-eb321e8a7c71', 'e5f2606a-cf27-4944-83a3-b56c29a30cd5']"
e89f3903-1d9a-4a3f-bfc8-228f4f4a4e9b,15,"['90d72a19-625a-4ee5-9ac1-f51cf9d3d4d4', '90d72a19-625a-4ee5-9ac1-f51cf9d3d4d4', '90d72a19-625a-4ee5-9ac1-f51cf9d3d4d4', '90d72a19-625a-4ee5-9ac1-f51cf9d3d4d4', '90d72a19-625a-4ee5-9ac1-f51cf9d3d4d4', '90d72a19-625a-4ee5-9ac1-f51cf9d3d4d4', '90d72a19-625a-4ee5-9ac1-f51cf9d3d4d4', '90d72a19-625a-4ee5-9ac1-f51cf9d3d4d4', '90d72a19-625a-4ee5-9ac1-f51cf9d3d4d4', '90d72a19-625a-4ee5-9ac1-f51cf9d3d4d4', '90d72a19-625a-4ee5-9ac1-f51cf9d3d4d4', '90d72a19-625a-4ee5-9ac1-f51cf9d3d4d4', '90d72a19-625a-4ee5-9ac1-f51cf9d3d4d4', '90d72a19-625a-4ee5-9ac1-f51cf9d3d4d4', '90d72a19-625a-4ee5-9ac1-f51cf9d3d4d4', '90d72a19-625a-4ee5-9ac1-f51cf9d3d4d4', '90d72a19-625a-4ee5-9ac1-f51cf9d3d4d4', '90d72a19-625a-4ee5-9ac1-f51cf9d3d4d4', '90d72a19-625a-4ee5-9ac1-f51cf9d3d4d4', '90d72a19-625a-4ee5-9ac1-f51cf9d3d4d4', '90d72a19-625a-4ee5-9ac1-f51cf9d3d4d4', '90d72a19-625a-4ee5-9ac1-f51cf9d3d4d4', '90d72a19-625a-4ee5-9ac1-f51cf9d3d4d4', '90d72a19-625a-4ee5-9ac1-f51cf9d3d4d4', '90d72a19-625a-4ee5-9ac1-f51cf9d3d4d4', '90d72a19-625a-4ee5-9ac1-f51cf9d3d4d4', '90d72a19-625a-4ee5-9ac1-f51cf9d3d4d4', '90d72a19-625a-4ee5-9ac1-f51cf9d3d4d4', '90d72a19-625a-4ee5-9ac1-f51cf9d3d4d4', '90d72a19-625a-4ee5-9ac1-f51cf9d3d4d4', '90d72a19-625a-4ee5-9ac1-f51cf9d3d4d4', 'f9858ab5-e892-43f3-9d7a-86a120dbaa47', '1c7c2cc7-86f2-4ceb-8a81-b5fc4f432215', '5e666dfc-f7a3-4c47-b6c2-40d679a4bab0', 'a69777f4-79fb-4fac-84dc-8dd151433442', 'a1b1c7c8-79c5-46bd-bd68-4b43139d3494', '57adfa5d-270e-4b57-abe8-3fee93872237', '7111b798-65d5-45ef-b125-3b970f96f8aa', 'ff0d78cf-cc98-444f-a262-dfddd1ed4ee9', 'ebec826e-b314-4e6d-9d3c-c44254d20506', '21a8eb2d-4440-4f2f-88c2-7eda0e6456e0', 'ca1384a9-f71c-485d-8a19-d44564185c6c', '9fa02a93-7d88-49e2-be86-94394955d3ae', '5a9e82b4-966f-4094-a120-7674d1be547a', 'eff0cfbb-3bda-4067-9bc6-784bae592590', '6ab649ce-d17e-4315-b79d-fc0eb660a56c', '98955d11-91fe-4d6c-8696-279cceb3a652', 'd212869e-3491-4fb4-a7bf-8657bfab9984', '23e4eff8-a3b9-4c06-8a69-be29d7cb3f12', '62752279-9f84-4df7-abe4-e61719c96932']"
4506bc68-639e-4a48-9f49-ce5edeeb7df4,12,"['be9c076b-cb4a-4cc2-8e66-43e497aef207', 'be9c076b-cb4a-4cc2-8e66-43e497aef207', 'be9c076b-cb4a-4cc2-8e66-43e497aef207', 'be9c076b-cb4a-4cc2-8e66-43e497aef207', 'be9c076b-cb4a-4cc2-8e66-43e497aef207', 'be9c076b-cb4a-4cc2-8e66-43e497aef207', 'be9c076b-cb4a-4cc2-8e66-43e497aef207', 'be9c076b-cb4a-4cc2-8e66-43e497aef207', 'be9c076b-cb4a-4cc2-8e66-43e497aef207', 'be9c076b-cb4a-4cc2-8e66-43e497aef207', 'be9c076b-cb4a-4cc2-8e66-43e497aef207', 'be9c076b-cb4a-4cc2-8e66-43e497aef207', 'be9c076b-cb4a-4cc2-8e66-43e497aef207', 'be9c076b-cb4a-4cc2-8e66-43e497aef207', 'be9c076b-cb4a-4cc2-8e66-43e497aef207', 'be9c076b-cb4a-4cc2-8e66-43e497aef207', 'be9c076b-cb4a-4cc2-8e66-43e497aef207', 'be9c076b-cb4a-4cc2-8e66-43e497aef207', 'be9c076b-cb4a-4cc2-8e66-43e497aef207', 'be9c076b-cb4a-4cc2-8e66-43e497aef207', 'be9c076b-cb4a-4cc2-8e66-43e497aef207', '2f8a7ec3-14c9-414e-a6be-4d694f558fe8', 'e59e10d9-b493-4035-95ce-9df85a003564', '70689f2e-5eb2-4898-9734-bdeb463e1455', '9cf025f7-c2fa-4ee2-adca-dd943fe71630', '678b17a0-6c89-4e5d-9e51-98a55e3f8cb1', '6de4d501-efbe-4ada-b434-6122bc93cd5d', '205f4ef4-be51-4434-af5b-d6fe9b082d56', '4495b97f-9758-4f97-b5a7-4be33f365b73', '91d5fbf5-4d48-408c-bdb9-10fdb64b1727', '8517521f-1794-4623-9afa-d9b916bfc539', 'd7b320d8-f591-41a4-93bc-ced8df536cf0', '669b3899-e8cc-4512-bf97-49d70ed60e37', 'a8dc2196-7923-471c-a797-d41bcea4709f', 'dd4f038e-b72e-44aa-b3c7-c196c2ae94e3', '60abde74-f2d2-46bb-aa73-09fd14797eff', '913c4c58-1df2-49ff-9364-4faca07c41a2', 'ea469562-579f-44c4-a19c-96fa8d981366', '6c94d74a-ce5b-4e28-948e-49083d3fc1d6', '09beb206-623d-4b9e-8003-81a35b5c2c30', 'd711cfa8-a615-42a6-83e3-69afb9ac25a7', 'ce4ca917-fa52-4175-af53-ee913a21d622', '6ec33751-f822-4592-a5a6-eed69bf573ab', '6b9deda5-69f0-4304-898a-3329174db71a', '0281a2f8-70f5-490a-8ec2-8d9f6aab0c91', 'c2a3c6cf-19f5-46d5-af39-bdfa099c5546', 'f77d4491-7116-4240-a73c-17b347f707f7', '15030d7b-3879-4658-aab3-7c59a4713434', '3afc484a-9953-4af6-831d-b8e07e447ec4', 'aaacd940-778b-471c-96a6-e70259ca476d']"
ec493b68-bb73-4d30-9a02-8af442210452,14,"['3a576c4a-7bc2-465a-a8a7-6e6df5507424', '3a576c4a-7bc2-465a-a8a7-6e6df5507424', '3a576c4a-7bc2-465a-a8a7-6e6df5507424', '3a576c4a-7bc2-465a-a8a7-6e6df5507424', '3a576c4a-7bc2-465a-a8a7-6e6df5507424', '3a576c4a-7bc2-465a-a8a7-6e6df5507424', '3a576c4a-7bc2-465a-a8a7-6e6df5507424', '3a576c4a-7bc2-465a-a8a7-6e6df5507424', '3a576c4a-7bc2-465a-a8a7-6e6df5507424', '3a576c4a-7bc2-465a-a8a7-6e6df5507424', '3a576c4a-7bc2-465a-a8a7-6e6df5507424', '3a576c4a-7bc2-465a-a8a7-6e6df5507424', '3a576c4a-7bc2-465a-a8a7-6e6df5507424', '3a576c4a-7bc2-465a-a8a7-6e6df5507424', '3a576c4a-7bc2-465a-a8a7-6e6df5507424', '3a576c4a-7bc2-465a-a8a7-6e6df5507424', '3a576c4a-7bc2-465a-a8a7-6e6df5507424', '3a576c4a-7bc2-465a-a8a7-6e6df5507424', '3a576c4a-7bc2-465a-a8a7-6e6df5507424', '3a576c4a-7bc2-465a-a8a7-6e6df5507424', '3a576c4a-7bc2-465a-a8a7-6e6df5507424', '3a576c4a-7bc2-465a-a8a7-6e6df5507424', '3a576c4a-7bc2-465a-a8a7-6e6df5507424', '3a576c4a-7bc2-465a-a8a7-6e6df5507424', '3a576c4a-7bc2-465a-a8a7-6e6df5507424', '3a576c4a-7bc2-465a-a8a7-6e6df5507424', '3a576c4a-7bc2-465a-a8a7-6e6df5507424', '3a576c4a-7bc2-465a-a8a7-6e6df5507424', '3a576c4a-7bc2-465a-a8a7-6e6df5507424', '3a576c4a-7bc2-465a-a8a7-6e6df5507424', '3a576c4a-7bc2-465a-a8a7-6e6df5507424', '3a576c4a-7bc2-465a-a8a7-6e6df5507424', '3a576c4a-7bc2-465a-a8a7-6e6df5507424', '3a576c4a-7bc2-465a-a8a7-6e6df5507424', '3a576c4a-7bc2-465a-a8a7-6e6df5507424', '3a576c4a-7bc2-465a-a8a7-6e6df5507424', '3a576c4a-7bc2-465a-a8a7-6e6df5507424', '3a576c4a-7bc2-465a-a8a7-6e6df5507424', '3a576c4a-7bc2-465a-a8a7-6e6df5507424', '3a576c4a-7bc2-465a-a8a7-6e6df5507424', '3a576c4a-7bc2-465a-a8a7-6e6df5507424', '3a576c4a-7bc2-465a-a8a7-6e6df5507424', '3a576c4a-7bc2-465a-a8a7-6e6df5507424', 'fa0a3c01-92cf-4e8e-9612-64879488c1de', '5890a49c-04af-4f01-ab1c-eb4e2b2c5f40', '41f7c02a-7acc-4b1e-ae1f-2a17c19dba33', 'f9523858-4f90-45ac-a5eb-5ac5434429b1', '96c005c8-7fed-481f-8014-acf91ac6aff9', '374bd2ad-6f9c-47ac-a2d4-a39c90c35415', 'e0ff8b2f-1764-460f-9a60-6955b93b1771']"
4506bc68-639e-4a48-9f49-ce5edeeb7df4,13,"['be9c076b-cb4a-4cc2-8e66-43e497aef207', 'be9c076b-cb4a-4cc2-8e66-43e497aef207', 'be9c076b-cb4a-4cc2-8e66-43e497aef207', 'be9c076b-cb4a-4cc2-8e66-43e497aef207', 'be9c076b-cb4a-4cc2-8e66-43e497aef207', 'be9c076b-cb4a-4cc2-8e66-43e497aef207', 'be9c076b-cb4a-4cc2-8e66-43e497aef207', 'be9c076b-cb4a-4cc2-8e66-43e497aef207', 'be9c076b-cb4a-4cc2-8e66-43e497aef207', 'be9c076b-cb4a-4cc2-8e66-43e497aef207', 'be9c076b-cb4a-4cc2-8e66-43e497aef207', 'be9c076b-cb4a-4cc2-8e66-43e497aef207', 'be9c076b-cb4a-4cc2-8e66-43e497aef207', 'be9c076b-cb4a-4cc2-8e66-43e497aef207', 'be9c076b-cb4a-4cc2-8e66-43e497aef207', 'be9c076b-cb4a-4cc2-8e66-43e497aef207', 'be9c076b-cb4a-4cc2-8e66-43e497aef207', 'be9c076b-cb4a-4cc2-8e66-43e497aef207', 'be9c076b-cb4a-4cc2-8e66-43e497aef207', 'be9c076b-cb4a-4cc2-8e66-43e497aef207', 'be9c076b-cb4a-4cc2-8e66-43e497aef207', 'be9c076b-cb4a-4cc2-8e66-43e497aef207', 'be9c076b-cb4a-4cc2-8e66-43e497aef207', 'be9c076b-cb4a-4cc2-8e66-43e497aef207', 'be9c076b-cb4a-4cc2-8e66-43e497aef207', 'be9c076b-cb4a-4cc2-8e66-43e497aef207', 'be9c076b-cb4a-4cc2-8e66-43e497aef207', 'be9c076b-cb4a-4cc2-8e66-43e497aef207', 'be9c076b-cb4a-4cc2-8e66-43e497aef207', 'be9c076b-cb4a-4cc2-8e66-43e497aef207', 'be9c076b-cb4a-4cc2-8e66-43e497aef207', 'be9c076b-cb4a-4cc2-8e66-43e497aef207', 'be9c076b-cb4a-4cc2-8e66-43e497aef207', 'be9c076b-cb4a-4cc2-8e66-43e497aef207', 'be9c076b-cb4a-4cc2-8e66-43e497aef207', 'be9c076b-cb4a-4cc2-8e66-43e497aef207', 'cc1ef24f-6286-41dc-985d-578b7b5ee9f3', '751c90c8-b072-4a73-9b1c-5ab64674bfe4', '50ed7262-2d86-42eb-be64-631e18044a4a', 'c5d9f8a0-cd3e-4a14-b2e7-eb0a720f21c3', '3c2812ac-fdf1-4848-87a8-ef2c1290a4db', 'b23e19bc-7fcc-486f-b0d7-c07a4ec34f71', '3c3282be-a1d0-42ad-8647-e821e64d5f21', '33893839-b732-4545-a4bc-da468fe9eb9b', '5dbdb087-5d2e-4bc9-b65e-f17e7551e92e', 'a0cd2a35-e594-4e9b-80ce-ba9b59a9acd9', 'b0aaf503-3e87-4667-9fcc-2d44aad932ea', '35a1b651-0ed6-4ad0-a4af-9e2b37507d8d', '6d916eae-0d06-4d18-b921-21e3647f1092', '2800fea2-db2d-480c-a307-51dbe8a9e1ec']"
ec493b68-bb73-4d30-9a02-8af442210452,15,"['3a576c4a-7bc2-465a-a8a7-6e6df5507424', '3a576c4a-7bc2-465a-a8a7-6e6df5507424', '3a576c4a-7bc2-465a-a8a7-6e6df5507424', '3a576c4a-7bc2-465a-a8a7-6e6df5507424', '3a576c4a-7bc2-465a-a8a7-6e6df5507424', '3a576c4a-7bc2-465a-a8a7-6e6df5507424', '3a576c4a-7bc2-465a-a8a7-6e6df5507424', '3a576c4a-7bc2-465a-a8a7-6e6df5507424', '3a576c4a-7bc2-465a-a8a7-6e6df5507424', '3a576c4a-7bc2-465a-a8a7-6e6df5507424', '3a576c4a-7bc2-465a-a8a7-6e6df5507424', '3a576c4a-7bc2-465a-a8a7-6e6df5507424', '3a576c4a-7bc2-465a-a8a7-6e6df5507424', '3a576c4a-7bc2-465a-a8a7-6e6df5507424', '3a576c4a-7bc2-465a-a8a7-6e6df5507424', '3a576c4a-7bc2-465a-a8a7-6e6df5507424', '3a576c4a-7bc2-465a-a8a7-6e6df5507424', '3a576c4a-7bc2-465a-a8a7-6e6df5507424', '3a576c4a-7bc2-465a-a8a7-6e6df5507424', '3a576c4a-7bc2-465a-a8a7-6e6df5507424', '3a576c4a-7bc2-465a-a8a7-6e6df5507424', '3a576c4a-7bc2-465a-a8a7-6e6df5507424', '3a576c4a-7bc2-465a-a8a7-6e6df5507424', '3a576c4a-7bc2-465a-a8a7-6e6df5507424', '3a576c4a-7bc2-465a-a8a7-6e6df5507424', '3a576c4a-7bc2-465a-a8a7-6e6df5507424', '3a576c4a-7bc2-465a-a8a7-6e6df5507424', '3a576c4a-7bc2-465a-a8a7-6e6df5507424', '3a576c4a-7bc2-465a-a8a7-6e6df5507424', '3a576c4a-7bc2-465a-a8a7-6e6df5507424', '3a576c4a-7bc2-465a-a8a7-6e6df5507424', '3a576c4a-7bc2-465a-a8a7-6e6df5507424', 'fa0a3c01-92cf-4e8e-9612-64879488c1de', '5890a49c-04af-4f01-ab1c-eb4e2b2c5f40', '41f7c02a-7acc-4b1e-ae1f-2a17c19dba33', 'f9523858-4f90-45ac-a5eb-5ac5434429b1', '96c005c8-7fed-481f-8014-acf91ac6aff9', '374bd2ad-6f9c-47ac-a2d4-a39c90c35415', 'e0ff8b2f-1764-460f-9a60-6955b93b1771', 'c1a789d5-eeab-4fdb-b0ed-707f8d46da8d', '67bdb5db-16bd-47cd-864d-09b6b2a8aa9e', '779ea43d-2054-497b-8dfc-37d22fb9ceaf', '34318f5b-06e5-4614-aa5f-caa728355101', 'ec6bd82d-23fc-4871-aba4-6a1e79be2455', 'edb1bdd2-13e2-4400-a4ae-e25618d0307c', '2c7dcab1-6209-4f5a-9efe-2f378ec6fded', '88900b16-7d8f-41db-b24d-e57564c1fbc0', '2c186b4e-4299-47e5-b030-6075226d30c9', 'af260677-f143-4d63-a07a-ace67b5c1b5e', '127c335a-6e03-4f89-9e73-e7068b3a7888']"
4506bc68-639e-4a48-9f49-ce5edeeb7df4,14,"['be9c076b-cb4a-4cc2-8e66-43e497aef207', 'be9c076b-cb4a-4cc2-8e66-43e497aef207', 'be9c076b-cb4a-4cc2-8e66-43e497aef207', 'be9c076b-cb4a-4cc2-8e66-43e497aef207', 'be9c076b-cb4a-4cc2-8e66-43e497aef207', 'be9c076b-cb4a-4cc2-8e66-43e497aef207', 'be9c076b-cb4a-4cc2-8e66-43e497aef207', 'be9c076b-cb4a-4cc2-8e66-43e497aef207', 'be9c076b-cb4a-4cc2-8e66-43e497aef207', 'be9c076b-cb4a-4cc2-8e66-43e497aef207', 'be9c076b-cb4a-4cc2-8e66-43e497aef207', 'be9c076b-cb4a-4cc2-8e66-43e497aef207', 'be9c076b-cb4a-4cc2-8e66-43e497aef207', 'be9c076b-cb4a-4cc2-8e66-43e497aef207', 'be9c076b-cb4a-4cc2-8e66-43e497aef207', 'be9c076b-cb4a-4cc2-8e66-43e497aef207', 'be9c076b-cb4a-4cc2-8e66-43e497aef207', 'be9c076b-cb4a-4cc2-8e66-43e497aef207', 'be9c076b-cb4a-4cc2-8e66-43e497aef207', 'be9c076b-cb4a-4cc2-8e66-43e497aef207', 'be9c076b-cb4a-4cc2-8e66-43e497aef207', 'be9c076b-cb4a-4cc2-8e66-43e497aef207', 'be9c076b-cb4a-4cc2-8e66-43e497aef207', 'be9c076b-cb4a-4cc2-8e66-43e497aef207', 'be9c076b-cb4a-4cc2-8e66-43e497aef207', 'be9c076b-cb4a-4cc2-8e66-43e497aef207', 'be9c076b-cb4a-4cc2-8e66-43e497aef207', 'be9c076b-cb4a-4cc2-8e66-43e497aef207', 'be9c076b-cb4a-4cc2-8e66-43e497aef207', 'be9c076b-cb4a-4cc2-8e66-43e497aef207', 'be9c076b-cb4a-4cc2-8e66-43e497aef207', 'cc1ef24f-6286-41dc-985d-578b7b5ee9f3', '751c90c8-b072-4a73-9b1c-5ab64674bfe4', '50ed7262-2d86-42eb-be64-631e18044a4a', '3c2812ac-fdf1-4848-87a8-ef2c1290a4db', 'b23e19bc-7fcc-486f-b0d7-c07a4ec34f71', '3c3282be-a1d0-42ad-8647-e821e64d5f21', '33893839-b732-4545-a4bc-da468fe9eb9b', 'a0cd2a35-e594-4e9b-80ce-ba9b59a9acd9', 'b0aaf503-3e87-4667-9fcc-2d44aad932ea', '35a1b651-0ed6-4ad0-a4af-9e2b37507d8d', '6d916eae-0d06-4d18-b921-21e3647f1092', '2800fea2-db2d-480c-a307-51dbe8a9e1ec', 'f0498a68-ad25-4c91-a58f-1c68b7bdad7e', 'e0a94849-d489-4d19-84b4-dd41ce940057', '85f90587-d154-4607-bdfa-44490fc8f68a', 'ead37bb1-f946-4a60-a5fd-f63f6adcdfcb', 'cac16a68-a132-4e78-82a8-dd363f05441d', '04f3b227-3e0b-4a32-99f4-d5e0a96cd0f8', '6b9c50f7-0a43-4dc7-a176-c384c09adba5']"
4506bc68-639e-4a48-9f49-ce5edeeb7df4,15,"['be9c076b-cb4a-4cc2-8e66-43e497aef207', 'be9c076b-cb4a-4cc2-8e66-43e497aef207', 'be9c076b-cb4a-4cc2-8e66-43e497aef207', 'be9c076b-cb4a-4cc2-8e66-43e497aef207', 'be9c076b-cb4a-4cc2-8e66-43e497aef207', 'be9c076b-cb4a-4cc2-8e66-43e497aef207', 'be9c076b-cb4a-4cc2-8e66-43e497aef207', 'be9c076b-cb4a-4cc2-8e66-43e497aef207', 'be9c076b-cb4a-4cc2-8e66-43e497aef207', 'be9c076b-cb4a-4cc2-8e66-43e497aef207', 'be9c076b-cb4a-4cc2-8e66-43e497aef207', 'be9c076b-cb4a-4cc2-8e66-43e497aef207', 'be9c076b-cb4a-4cc2-8e66-43e497aef207', 'be9c076b-cb4a-4cc2-8e66-43e497aef207', 'be9c076b-cb4a-4cc2-8e66-43e497aef207', 'be9c076b-cb4a-4cc2-8e66-43e497aef207', 'be9c076b-cb4a-4cc2-8e66-43e497aef207', 'be9c076b-cb4a-4cc2-8e66-43e497aef207', 'be9c076b-cb4a-4cc2-8e66-43e497aef207', 'be9c076b-cb4a-4cc2-8e66-43e497aef207', 'be9c076b-cb4a-4cc2-8e66-43e497aef207', 'be9c076b-cb4a-4cc2-8e66-43e497aef207', 'be9c076b-cb4a-4cc2-8e66-43e497aef207', 'be9c076b-cb4a-4cc2-8e66-43e497aef207', 'be9c076b-cb4a-4cc2-8e66-43e497aef207', 'be9c076b-cb4a-4cc2-8e66-43e497aef207', 'be9c076b-cb4a-4cc2-8e66-43e497aef207', 'cc1ef24f-6286-41dc-985d-578b7b5ee9f3', '751c90c8-b072-4a73-9b1c-5ab64674bfe4', '50ed7262-2d86-42eb-be64-631e18044a4a', '3c2812ac-fdf1-4848-87a8-ef2c1290a4db', 'b23e19bc-7fcc-486f-b0d7-c07a4ec34f71', '33893839-b732-4545-a4bc-da468fe9eb9b', 'a0cd2a35-e594-4e9b-80ce-ba9b59a9acd9', 'b0aaf503-3e87-4667-9fcc-2d44aad932ea', '35a1b651-0ed6-4ad0-a4af-9e2b37507d8d', '6d916eae-0d06-4d18-b921-21e3647f1092', '2800fea2-db2d-480c-a307-51dbe8a9e1ec', 'f0498a68-ad25-4c91-a58f-1c68b7bdad7e', 'e0a94849-d489-4d19-84b4-dd41ce940057', '85f90587-d154-4607-bdfa-44490fc8f68a', 'ead37bb1-f946-4a60-a5fd-f63f6adcdfcb', 'cac16a68-a132-4e78-82a8-dd363f05441d', '04f3b227-3e0b-4a32-99f4-d5e0a96cd0f8', '6b9c50f7-0a43-4dc7-a176-c384c09adba5', 'd2601dff-8087-4439-adea-dc23a0bf5644', '14563c9b-ceeb-4a4f-8f68-6be6d019516c', '912eee0f-9d46-452d-914a-8e4c508e90c3', '8a9f9728-1d27-4b65-b99b-ff2038cf33a6', '48b08d67-dd7a-4058-8552-d225ea28cabe']"
b73a9c6e-32ee-48e2-b142-6c8251e6e939,0,"['1c13aa52-a8fe-4eb8-991a-3fd018f41291', '1c13aa52-a8fe-4eb8-991a-3fd018f41291', '1c13aa52-a8fe-4eb8-991a-3fd018f41291', '1c13aa52-a8fe-4eb8-991a-3fd018f41291', '1c13aa52-a8fe-4eb8-991a-3fd018f41291', '1c13aa52-a8fe-4eb8-991a-3fd018f41291', '1c13aa52-a8fe-4eb8-991a-3fd018f41291', '1c13aa52-a8fe-4eb8-991a-3fd018f41291', '1c13aa52-a8fe-4eb8-991a-3fd018f41291', '1c13aa52-a8fe-4eb8-991a-3fd018f41291', '1c13aa52-a8fe-4eb8-991a-3fd018f41291', '1c13aa52-a8fe-4eb8-991a-3fd018f41291', '1c13aa52-a8fe-4eb8-991a-3fd018f41291', '1c13aa52-a8fe-4eb8-991a-3fd018f41291', '1c13aa52-a8fe-4eb8-991a-3fd018f41291', '1c13aa52-a8fe-4eb8-991a-3fd018f41291', '1c13aa52-a8fe-4eb8-991a-3fd018f41291', '1c13aa52-a8fe-4eb8-991a-3fd018f41291', '1c13aa52-a8fe-4eb8-991a-3fd018f41291', '1c13aa52-a8fe-4eb8-991a-3fd018f41291', '1c13aa52-a8fe-4eb8-991a-3fd018f41291', '1c13aa52-a8fe-4eb8-991a-3fd018f41291', '1c13aa52-a8fe-4eb8-991a-3fd018f41291', '1c13aa52-a8fe-4eb8-991a-3fd018f41291', '1c13aa52-a8fe-4eb8-991a-3fd018f41291', '1c13aa52-a8fe-4eb8-991a-3fd018f41291', '1c13aa52-a8fe-4eb8-991a-3fd018f41291', '1c13aa52-a8fe-4eb8-991a-3fd018f41291', '1c13aa52-a8fe-4eb8-991a-3fd018f41291', '1c13aa52-a8fe-4eb8-991a-3fd018f41291', '1c13aa52-a8fe-4eb8-991a-3fd018f41291', '1c13aa52-a8fe-4eb8-991a-3fd018f41291', '1c13aa52-a8fe-4eb8-991a-3fd018f41291', '1c13aa52-a8fe-4eb8-991a-3fd018f41291', '1c13aa52-a8fe-4eb8-991a-3fd018f41291', '1c13aa52-a8fe-4eb8-991a-3fd018f41291', '1c13aa52-a8fe-4eb8-991a-3fd018f41291', '1c13aa52-a8fe-4eb8-991a-3fd018f41291', '1c13aa52-a8fe-4eb8-991a-3fd018f41291', '1c13aa52-a8fe-4eb8-991a-3fd018f41291', '1c13aa52-a8fe-4eb8-991a-3fd018f41291', '1c13aa52-a8fe-4eb8-991a-3fd018f41291', '1c13aa52-a8fe-4eb8-991a-3fd018f41291', '1c13aa52-a8fe-4eb8-991a-3fd018f41291', '1c13aa52-a8fe-4eb8-991a-3fd018f41291', '1c13aa52-a8fe-4eb8-991a-3fd018f41291', '1c13aa52-a8fe-4eb8-991a-3fd018f41291', '1c13aa52-a8fe-4eb8-991a-3fd018f41291', '1c13aa52-a8fe-4eb8-991a-3fd018f41291', '1c13aa52-a8fe-4eb8-991a-3fd018f41291']"
b73a9c6e-32ee-48e2-b142-6c8251e6e939,1,"['1c13aa52-a8fe-4eb8-991a-3fd018f41291', '1c13aa52-a8fe-4eb8-991a-3fd018f41291', '1c13aa52-a8fe-4eb8-991a-3fd018f41291', '1c13aa52-a8fe-4eb8-991a-3fd018f41291', '1c13aa52-a8fe-4eb8-991a-3fd018f41291', '1c13aa52-a8fe-4eb8-991a-3fd018f41291', '1c13aa52-a8fe-4eb8-991a-3fd018f41291', '1c13aa52-a8fe-4eb8-991a-3fd018f41291', '1c13aa52-a8fe-4eb8-991a-3fd018f41291', '1c13aa52-a8fe-4eb8-991a-3fd018f41291', '1c13aa52-a8fe-4eb8-991a-3fd018f41291', '1c13aa52-a8fe-4eb8-991a-3fd018f41291', '1c13aa52-a8fe-4eb8-991a-3fd018f41291', '1c13aa52-a8fe-4eb8-991a-3fd018f41291', '1c13aa52-a8fe-4eb8-991a-3fd018f41291', '1c13aa52-a8fe-4eb8-991a-3fd018f41291', '1c13aa52-a8fe-4eb8-991a-3fd018f41291', '1c13aa52-a8fe-4eb8-991a-3fd018f41291', '1c13aa52-a8fe-4eb8-991a-3fd018f41291', '1c13aa52-a8fe-4eb8-991a-3fd018f41291', '1c13aa52-a8fe-4eb8-991a-3fd018f41291', '1c13aa52-a8fe-4eb8-991a-3fd018f41291', '1c13aa52-a8fe-4eb8-991a-3fd018f41291', '1c13aa52-a8fe-4eb8-991a-3fd018f41291', '1c13aa52-a8fe-4eb8-991a-3fd018f41291', '1c13aa52-a8fe-4eb8-991a-3fd018f41291', '1c13aa52-a8fe-4eb8-991a-3fd018f41291', '1c13aa52-a8fe-4eb8-991a-3fd018f41291', '1c13aa52-a8fe-4eb8-991a-3fd018f41291', '1c13aa52-a8fe-4eb8-991a-3fd018f41291', '1c13aa52-a8fe-4eb8-991a-3fd018f41291', '1c13aa52-a8fe-4eb8-991a-3fd018f41291', '1c13aa52-a8fe-4eb8-991a-3fd018f41291', '1c13aa52-a8fe-4eb8-991a-3fd018f41291', '1c13aa52-a8fe-4eb8-991a-3fd018f41291', '1c13aa52-a8fe-4eb8-991a-3fd018f41291', '1c13aa52-a8fe-4eb8-991a-3fd018f41291', '1c13aa52-a8fe-4eb8-991a-3fd018f41291', '1c13aa52-a8fe-4eb8-991a-3fd018f41291', '1c13aa52-a8fe-4eb8-991a-3fd018f41291', '237d3067-90ab-489c-8fbc-9eb03894e5a4', '49d42db8-cf63-40c2-b3f1-a097e0e9568e', 'b14d2899-4575-4363-b79b-2752ee1ac704', '9c6b5ed0-2209-4968-8d63-e5e37116a7f0', '44afcbe4-3224-4d04-a1c1-4f6fcdf4d73f', '9f52f938-1159-45dd-afba-0ae1220514b5', '100a31c7-b7a0-4e9d-8046-cf5709434ef2', 'f34a4167-f3b4-4414-834e-d28140b10d4e', 'deb65875-8dcb-4828-83dd-05ae02d2427e', 'ffb716de-8c00-4e19-b2a1-c7d8eee6323c']"
b73a9c6e-32ee-48e2-b142-6c8251e6e939,2,"['237d3067-90ab-489c-8fbc-9eb03894e5a4', '237d3067-90ab-489c-8fbc-9eb03894e5a4', '237d3067-90ab-489c-8fbc-9eb03894e5a4', '237d3067-90ab-489c-8fbc-9eb03894e5a4', '237d3067-90ab-489c-8fbc-9eb03894e5a4', '237d3067-90ab-489c-8fbc-9eb03894e5a4', '237d3067-90ab-489c-8fbc-9eb03894e5a4', '237d3067-90ab-489c-8fbc-9eb03894e5a4', '237d3067-90ab-489c-8fbc-9eb03894e5a4', '237d3067-90ab-489c-8fbc-9eb03894e5a4', '237d3067-90ab-489c-8fbc-9eb03894e5a4', '237d3067-90ab-489c-8fbc-9eb03894e5a4', '237d3067-90ab-489c-8fbc-9eb03894e5a4', '237d3067-90ab-489c-8fbc-9eb03894e5a4', '237d3067-90ab-489c-8fbc-9eb03894e5a4', '237d3067-90ab-489c-8fbc-9eb03894e5a4', '237d3067-90ab-489c-8fbc-9eb03894e5a4', '237d3067-90ab-489c-8fbc-9eb03894e5a4', '237d3067-90ab-489c-8fbc-9eb03894e5a4', '237d3067-90ab-489c-8fbc-9eb03894e5a4', '237d3067-90ab-489c-8fbc-9eb03894e5a4', '237d3067-90ab-489c-8fbc-9eb03894e5a4', '237d3067-90ab-489c-8fbc-9eb03894e5a4', '237d3067-90ab-489c-8fbc-9eb03894e5a4', '237d3067-90ab-489c-8fbc-9eb03894e5a4', '237d3067-90ab-489c-8fbc-9eb03894e5a4', '237d3067-90ab-489c-8fbc-9eb03894e5a4', '237d3067-90ab-489c-8fbc-9eb03894e5a4', '237d3067-90ab-489c-8fbc-9eb03894e5a4', '237d3067-90ab-489c-8fbc-9eb03894e5a4', '237d3067-90ab-489c-8fbc-9eb03894e5a4', '237d3067-90ab-489c-8fbc-9eb03894e5a4', '237d3067-90ab-489c-8fbc-9eb03894e5a4', '237d3067-90ab-489c-8fbc-9eb03894e5a4', '237d3067-90ab-489c-8fbc-9eb03894e5a4', '237d3067-90ab-489c-8fbc-9eb03894e5a4', '237d3067-90ab-489c-8fbc-9eb03894e5a4', '237d3067-90ab-489c-8fbc-9eb03894e5a4', '237d3067-90ab-489c-8fbc-9eb03894e5a4', '237d3067-90ab-489c-8fbc-9eb03894e5a4', '237d3067-90ab-489c-8fbc-9eb03894e5a4', '237d3067-90ab-489c-8fbc-9eb03894e5a4', 'f67c29a4-a703-4cd5-b361-260a6e65e12b', '508e96fc-12c5-417c-a03e-6dc44bd8ae65', 'd1a8f8a1-9483-4522-b686-32f250cc825e', '9efb72ad-ee10-4eed-83df-a76676823de1', '7432e2ba-2545-42c8-a44f-9308de8aa4cf', 'f8b07fb4-0dcf-4e1b-a31d-839848ae4557', '7c3fd94a-83bb-403d-aa78-9bf9adb17cbb', '7370ec56-48ae-4982-be04-75a58c9efd12']"
b73a9c6e-32ee-48e2-b142-6c8251e6e939,3,"['237d3067-90ab-489c-8fbc-9eb03894e5a4', '237d3067-90ab-489c-8fbc-9eb03894e5a4', '237d3067-90ab-489c-8fbc-9eb03894e5a4', '237d3067-90ab-489c-8fbc-9eb03894e5a4', '237d3067-90ab-489c-8fbc-9eb03894e5a4', '237d3067-90ab-489c-8fbc-9eb03894e5a4', '237d3067-90ab-489c-8fbc-9eb03894e5a4', '237d3067-90ab-489c-8fbc-9eb03894e5a4', '237d3067-90ab-489c-8fbc-9eb03894e5a4', '237d3067-90ab-489c-8fbc-9eb03894e5a4', '237d3067-90ab-489c-8fbc-9eb03894e5a4', '237d3067-90ab-489c-8fbc-9eb03894e5a4', '237d3067-90ab-489c-8fbc-9eb03894e5a4', '237d3067-90ab-489c-8fbc-9eb03894e5a4', '237d3067-90ab-489c-8fbc-9eb03894e5a4', '237d3067-90ab-489c-8fbc-9eb03894e5a4', '237d3067-90ab-489c-8fbc-9eb03894e5a4', '237d3067-90ab-489c-8fbc-9eb03894e5a4', '237d3067-90ab-489c-8fbc-9eb03894e5a4', '237d3067-90ab-489c-8fbc-9eb03894e5a4', '237d3067-90ab-489c-8fbc-9eb03894e5a4', '237d3067-90ab-489c-8fbc-9eb03894e5a4', '237d3067-90ab-489c-8fbc-9eb03894e5a4', '237d3067-90ab-489c-8fbc-9eb03894e5a4', '237d3067-90ab-489c-8fbc-9eb03894e5a4', '237d3067-90ab-489c-8fbc-9eb03894e5a4', '237d3067-90ab-489c-8fbc-9eb03894e5a4', '237d3067-90ab-489c-8fbc-9eb03894e5a4', '237d3067-90ab-489c-8fbc-9eb03894e5a4', '237d3067-90ab-489c-8fbc-9eb03894e5a4', '237d3067-90ab-489c-8fbc-9eb03894e5a4', 'f67c29a4-a703-4cd5-b361-260a6e65e12b', '508e96fc-12c5-417c-a03e-6dc44bd8ae65', 'd1a8f8a1-9483-4522-b686-32f250cc825e', '9efb72ad-ee10-4eed-83df-a76676823de1', '7432e2ba-2545-42c8-a44f-9308de8aa4cf', 'f8b07fb4-0dcf-4e1b-a31d-839848ae4557', '7c3fd94a-83bb-403d-aa78-9bf9adb17cbb', '2d9863bc-80fb-4a09-b5f2-21a24dbeed05', '8417e8df-8250-4c11-a227-189f71858e9c', 'a557a62c-06a3-460e-be62-10206e9fecbd', '6f6ec706-b4cb-4e94-ab22-dbef07a0f64c', '4bd22a4f-1eb9-4ab8-baa0-cf21d1335cc8', 'd5669079-9b9d-41e6-94c7-ec9b6e3e1513', 'fdae2ae3-92e0-486b-aceb-db2cecc596c1', '709a1cbb-ff1b-418e-b9e9-95ecbad771c8', 'd2438136-8a71-4bff-88ed-433cdfcd6266', '90002259-03dd-4dd1-bcde-06acfc5d4c41', 'bd107288-2f94-4e48-b31f-9a85ef718755', 'f5c919cc-71bb-4196-8681-d7bbc191de1c']"
b73a9c6e-32ee-48e2-b142-6c8251e6e939,4,"['fdae2ae3-92e0-486b-aceb-db2cecc596c1', 'fdae2ae3-92e0-486b-aceb-db2cecc596c1', 'fdae2ae3-92e0-486b-aceb-db2cecc596c1', 'fdae2ae3-92e0-486b-aceb-db2cecc596c1', 'fdae2ae3-92e0-486b-aceb-db2cecc596c1', 'fdae2ae3-92e0-486b-aceb-db2cecc596c1', 'fdae2ae3-92e0-486b-aceb-db2cecc596c1', 'fdae2ae3-92e0-486b-aceb-db2cecc596c1', 'fdae2ae3-92e0-486b-aceb-db2cecc596c1', 'fdae2ae3-92e0-486b-aceb-db2cecc596c1', 'fdae2ae3-92e0-486b-aceb-db2cecc596c1', 'fdae2ae3-92e0-486b-aceb-db2cecc596c1', 'fdae2ae3-92e0-486b-aceb-db2cecc596c1', 'fdae2ae3-92e0-486b-aceb-db2cecc596c1', 'fdae2ae3-92e0-486b-aceb-db2cecc596c1', 'fdae2ae3-92e0-486b-aceb-db2cecc596c1', 'fdae2ae3-92e0-486b-aceb-db2cecc596c1', 'fdae2ae3-92e0-486b-aceb-db2cecc596c1', 'fdae2ae3-92e0-486b-aceb-db2cecc596c1', 'fdae2ae3-92e0-486b-aceb-db2cecc596c1', 'fdae2ae3-92e0-486b-aceb-db2cecc596c1', 'fdae2ae3-92e0-486b-aceb-db2cecc596c1', 'fdae2ae3-92e0-486b-aceb-db2cecc596c1', 'fdae2ae3-92e0-486b-aceb-db2cecc596c1', 'fdae2ae3-92e0-486b-aceb-db2cecc596c1', 'fdae2ae3-92e0-486b-aceb-db2cecc596c1', 'fdae2ae3-92e0-486b-aceb-db2cecc596c1', 'fdae2ae3-92e0-486b-aceb-db2cecc596c1', 'fdae2ae3-92e0-486b-aceb-db2cecc596c1', 'fdae2ae3-92e0-486b-aceb-db2cecc596c1', 'fdae2ae3-92e0-486b-aceb-db2cecc596c1', 'fdae2ae3-92e0-486b-aceb-db2cecc596c1', 'fdae2ae3-92e0-486b-aceb-db2cecc596c1', 'fdae2ae3-92e0-486b-aceb-db2cecc596c1', 'fdae2ae3-92e0-486b-aceb-db2cecc596c1', 'fdae2ae3-92e0-486b-aceb-db2cecc596c1', 'fdae2ae3-92e0-486b-aceb-db2cecc596c1', 'fdae2ae3-92e0-486b-aceb-db2cecc596c1', 'fdae2ae3-92e0-486b-aceb-db2cecc596c1', 'fdae2ae3-92e0-486b-aceb-db2cecc596c1', 'fdae2ae3-92e0-486b-aceb-db2cecc596c1', 'fdae2ae3-92e0-486b-aceb-db2cecc596c1', 'fdae2ae3-92e0-486b-aceb-db2cecc596c1', 'fdae2ae3-92e0-486b-aceb-db2cecc596c1', '07db327d-74c1-4337-90b3-b5c1d18b3c39', '4efe6c6c-a315-46a1-9587-eb054968144d', '12935df7-6960-486a-9722-e4915da32ab3', '23d12316-3a71-4785-8d5a-d470e1c063ec', 'fa799196-9787-4454-b2e4-819d9f146d19', '96dbbb5b-d9e4-46c1-a770-1bb69f11807f']"
b73a9c6e-32ee-48e2-b142-6c8251e6e939,5,"['fdae2ae3-92e0-486b-aceb-db2cecc596c1', 'fdae2ae3-92e0-486b-aceb-db2cecc596c1', 'fdae2ae3-92e0-486b-aceb-db2cecc596c1', 'fdae2ae3-92e0-486b-aceb-db2cecc596c1', 'fdae2ae3-92e0-486b-aceb-db2cecc596c1', 'fdae2ae3-92e0-486b-aceb-db2cecc596c1', 'fdae2ae3-92e0-486b-aceb-db2cecc596c1', 'fdae2ae3-92e0-486b-aceb-db2cecc596c1', 'fdae2ae3-92e0-486b-aceb-db2cecc596c1', 'fdae2ae3-92e0-486b-aceb-db2cecc596c1', 'fdae2ae3-92e0-486b-aceb-db2cecc596c1', 'fdae2ae3-92e0-486b-aceb-db2cecc596c1', 'fdae2ae3-92e0-486b-aceb-db2cecc596c1', 'fdae2ae3-92e0-486b-aceb-db2cecc596c1', 'fdae2ae3-92e0-486b-aceb-db2cecc596c1', 'fdae2ae3-92e0-486b-aceb-db2cecc596c1', 'fdae2ae3-92e0-486b-aceb-db2cecc596c1', 'fdae2ae3-92e0-486b-aceb-db2cecc596c1', 'fdae2ae3-92e0-486b-aceb-db2cecc596c1', 'fdae2ae3-92e0-486b-aceb-db2cecc596c1', 'fdae2ae3-92e0-486b-aceb-db2cecc596c1', 'fdae2ae3-92e0-486b-aceb-db2cecc596c1', 'fdae2ae3-92e0-486b-aceb-db2cecc596c1', 'fdae2ae3-92e0-486b-aceb-db2cecc596c1', 'fdae2ae3-92e0-486b-aceb-db2cecc596c1', 'fdae2ae3-92e0-486b-aceb-db2cecc596c1', 'fdae2ae3-92e0-486b-aceb-db2cecc596c1', 'fdae2ae3-92e0-486b-aceb-db2cecc596c1', 'fdae2ae3-92e0-486b-aceb-db2cecc596c1', 'fdae2ae3-92e0-486b-aceb-db2cecc596c1', 'fdae2ae3-92e0-486b-aceb-db2cecc596c1', 'fdae2ae3-92e0-486b-aceb-db2cecc596c1', 'fdae2ae3-92e0-486b-aceb-db2cecc596c1', 'fdae2ae3-92e0-486b-aceb-db2cecc596c1', '07db327d-74c1-4337-90b3-b5c1d18b3c39', '4efe6c6c-a315-46a1-9587-eb054968144d', '12935df7-6960-486a-9722-e4915da32ab3', '23d12316-3a71-4785-8d5a-d470e1c063ec', 'fa799196-9787-4454-b2e4-819d9f146d19', '96dbbb5b-d9e4-46c1-a770-1bb69f11807f', 'ebbbf2b8-91d6-4a81-9286-16a631644388', 'd978569b-6ec6-4a7e-be0f-7852237b193b', '967ec737-deba-4c07-af1e-2a8f19fc3569', '00aaf153-dd44-4921-895a-fa6d71b4d68a', 'd158c20f-10d4-414f-bf58-e6f1cd16bb43', 'b79d2b03-f0e8-4bba-ae5e-4e17ef9408ba', '5f50277b-fb76-4b84-ad1a-3a5eb605b36c', 'fa4e360f-27e4-4ba6-81dd-bc6118bd6878', 'be228b6b-f092-410b-8988-932bf77e72f8', 'baa9f422-7673-46d0-8d27-748ae4b54265']"
b73a9c6e-32ee-48e2-b142-6c8251e6e939,6,"['fdae2ae3-92e0-486b-aceb-db2cecc596c1', 'fdae2ae3-92e0-486b-aceb-db2cecc596c1', 'fdae2ae3-92e0-486b-aceb-db2cecc596c1', 'fdae2ae3-92e0-486b-aceb-db2cecc596c1', 'fdae2ae3-92e0-486b-aceb-db2cecc596c1', 'fdae2ae3-92e0-486b-aceb-db2cecc596c1', 'fdae2ae3-92e0-486b-aceb-db2cecc596c1', 'fdae2ae3-92e0-486b-aceb-db2cecc596c1', 'fdae2ae3-92e0-486b-aceb-db2cecc596c1', 'fdae2ae3-92e0-486b-aceb-db2cecc596c1', 'fdae2ae3-92e0-486b-aceb-db2cecc596c1', 'fdae2ae3-92e0-486b-aceb-db2cecc596c1', 'fdae2ae3-92e0-486b-aceb-db2cecc596c1', 'fdae2ae3-92e0-486b-aceb-db2cecc596c1', 'fdae2ae3-92e0-486b-aceb-db2cecc596c1', 'fdae2ae3-92e0-486b-aceb-db2cecc596c1', 'fdae2ae3-92e0-486b-aceb-db2cecc596c1', 'fdae2ae3-92e0-486b-aceb-db2cecc596c1', 'fdae2ae3-92e0-486b-aceb-db2cecc596c1', 'fdae2ae3-92e0-486b-aceb-db2cecc596c1', 'fdae2ae3-92e0-486b-aceb-db2cecc596c1', 'fdae2ae3-92e0-486b-aceb-db2cecc596c1', 'fdae2ae3-92e0-486b-aceb-db2cecc596c1', 'fdae2ae3-92e0-486b-aceb-db2cecc596c1', 'fdae2ae3-92e0-486b-aceb-db2cecc596c1', 'fdae2ae3-92e0-486b-aceb-db2cecc596c1', 'fdae2ae3-92e0-486b-aceb-db2cecc596c1', 'fdae2ae3-92e0-486b-aceb-db2cecc596c1', 'fdae2ae3-92e0-486b-aceb-db2cecc596c1', '07db327d-74c1-4337-90b3-b5c1d18b3c39', '4efe6c6c-a315-46a1-9587-eb054968144d', '12935df7-6960-486a-9722-e4915da32ab3', '23d12316-3a71-4785-8d5a-d470e1c063ec', 'fa799196-9787-4454-b2e4-819d9f146d19', 'd978569b-6ec6-4a7e-be0f-7852237b193b', '00aaf153-dd44-4921-895a-fa6d71b4d68a', 'd158c20f-10d4-414f-bf58-e6f1cd16bb43', 'b79d2b03-f0e8-4bba-ae5e-4e17ef9408ba', '5f50277b-fb76-4b84-ad1a-3a5eb605b36c', 'fa4e360f-27e4-4ba6-81dd-bc6118bd6878', 'baa9f422-7673-46d0-8d27-748ae4b54265', 'd697b645-d674-4993-9238-e053e203a76b', '725a0381-ced9-4fe4-8117-445dd54a8160', '801b02c8-1371-43b6-854c-403907acf134', 'e29a2833-da6c-4095-b4c2-02ecc1b4c954', 'b6e31ed7-f974-4664-aa3e-82f90919676b', '36254031-bf61-44d2-a499-434a96a74feb', 'd73be972-179b-49d3-863b-2bb1f3b10c48', '6c9ef156-d537-4fb6-8b29-76204a1f2edf', 'a1248d66-31c1-4a58-9dc7-f773a34bae74']"
b73a9c6e-32ee-48e2-b142-6c8251e6e939,7,"['fdae2ae3-92e0-486b-aceb-db2cecc596c1', 'fdae2ae3-92e0-486b-aceb-db2cecc596c1', 'fdae2ae3-92e0-486b-aceb-db2cecc596c1', 'fdae2ae3-92e0-486b-aceb-db2cecc596c1', 'fdae2ae3-92e0-486b-aceb-db2cecc596c1', 'fdae2ae3-92e0-486b-aceb-db2cecc596c1', 'fdae2ae3-92e0-486b-aceb-db2cecc596c1', 'fdae2ae3-92e0-486b-aceb-db2cecc596c1', 'fdae2ae3-92e0-486b-aceb-db2cecc596c1', 'fdae2ae3-92e0-486b-aceb-db2cecc596c1', 'fdae2ae3-92e0-486b-aceb-db2cecc596c1', 'fdae2ae3-92e0-486b-aceb-db2cecc596c1', 'fdae2ae3-92e0-486b-aceb-db2cecc596c1', 'fdae2ae3-92e0-486b-aceb-db2cecc596c1', 'fdae2ae3-92e0-486b-aceb-db2cecc596c1', 'fdae2ae3-92e0-486b-aceb-db2cecc596c1', 'fdae2ae3-92e0-486b-aceb-db2cecc596c1', 'fdae2ae3-92e0-486b-aceb-db2cecc596c1', 'fdae2ae3-92e0-486b-aceb-db2cecc596c1', 'fdae2ae3-92e0-486b-aceb-db2cecc596c1', 'fdae2ae3-92e0-486b-aceb-db2cecc596c1', 'fdae2ae3-92e0-486b-aceb-db2cecc596c1', 'fdae2ae3-92e0-486b-aceb-db2cecc596c1', 'fdae2ae3-92e0-486b-aceb-db2cecc596c1', 'fdae2ae3-92e0-486b-aceb-db2cecc596c1', 'fdae2ae3-92e0-486b-aceb-db2cecc596c1', 'fdae2ae3-92e0-486b-aceb-db2cecc596c1', '07db327d-74c1-4337-90b3-b5c1d18b3c39', '12935df7-6960-486a-9722-e4915da32ab3', '23d12316-3a71-4785-8d5a-d470e1c063ec', 'fa799196-9787-4454-b2e4-819d9f146d19', 'd978569b-6ec6-4a7e-be0f-7852237b193b', '00aaf153-dd44-4921-895a-fa6d71b4d68a', '5f50277b-fb76-4b84-ad1a-3a5eb605b36c', 'fa4e360f-27e4-4ba6-81dd-bc6118bd6878', 'baa9f422-7673-46d0-8d27-748ae4b54265', '725a0381-ced9-4fe4-8117-445dd54a8160', '801b02c8-1371-43b6-854c-403907acf134', 'e29a2833-da6c-4095-b4c2-02ecc1b4c954', 'b6e31ed7-f974-4664-aa3e-82f90919676b', '36254031-bf61-44d2-a499-434a96a74feb', 'd73be972-179b-49d3-863b-2bb1f3b10c48', '6c9ef156-d537-4fb6-8b29-76204a1f2edf', 'd7e11e75-9c74-4a57-8d1b-71f63a6dff29', 'd515bdfc-0b72-4f66-8c0e-823643c7faf9', '997c4fdb-1bc0-412b-b766-96f45a490bcb', '12d2b475-a488-4758-9448-3899fec31a2c', '39520263-74a1-45ae-b0ac-c44c5541f219', 'e2e49f69-473d-4a0a-9f03-1024d22a28ec', 'bf61d551-a527-4574-9c16-d4ce0657d953']"
b73a9c6e-32ee-48e2-b142-6c8251e6e939,8,"['fdae2ae3-92e0-486b-aceb-db2cecc596c1', 'fdae2ae3-92e0-486b-aceb-db2cecc596c1', 'fdae2ae3-92e0-486b-aceb-db2cecc596c1', 'fdae2ae3-92e0-486b-aceb-db2cecc596c1', 'fdae2ae3-92e0-486b-aceb-db2cecc596c1', 'fdae2ae3-92e0-486b-aceb-db2cecc596c1', 'fdae2ae3-92e0-486b-aceb-db2cecc596c1', 'fdae2ae3-92e0-486b-aceb-db2cecc596c1', 'fdae2ae3-92e0-486b-aceb-db2cecc596c1', 'fdae2ae3-92e0-486b-aceb-db2cecc596c1', 'fdae2ae3-92e0-486b-aceb-db2cecc596c1', 'fdae2ae3-92e0-486b-aceb-db2cecc596c1', 'fdae2ae3-92e0-486b-aceb-db2cecc596c1', 'fdae2ae3-92e0-486b-aceb-db2cecc596c1', 'fdae2ae3-92e0-486b-aceb-db2cecc596c1', 'fdae2ae3-92e0-486b-aceb-db2cecc596c1', 'fdae2ae3-92e0-486b-aceb-db2cecc596c1', 'fdae2ae3-92e0-486b-aceb-db2cecc596c1', 'fdae2ae3-92e0-486b-aceb-db2cecc596c1', 'fdae2ae3-92e0-486b-aceb-db2cecc596c1', 'fdae2ae3-92e0-486b-aceb-db2cecc596c1', 'fdae2ae3-92e0-486b-aceb-db2cecc596c1', 'fdae2ae3-92e0-486b-aceb-db2cecc596c1', '07db327d-74c1-4337-90b3-b5c1d18b3c39', 'd978569b-6ec6-4a7e-be0f-7852237b193b', '00aaf153-dd44-4921-895a-fa6d71b4d68a', '5f50277b-fb76-4b84-ad1a-3a5eb605b36c', 'fa4e360f-27e4-4ba6-81dd-bc6118bd6878', 'baa9f422-7673-46d0-8d27-748ae4b54265', '725a0381-ced9-4fe4-8117-445dd54a8160', '801b02c8-1371-43b6-854c-403907acf134', 'e29a2833-da6c-4095-b4c2-02ecc1b4c954', 'b6e31ed7-f974-4664-aa3e-82f90919676b', '36254031-bf61-44d2-a499-434a96a74feb', 'd73be972-179b-49d3-863b-2bb1f3b10c48', '6c9ef156-d537-4fb6-8b29-76204a1f2edf', 'd515bdfc-0b72-4f66-8c0e-823643c7faf9', '997c4fdb-1bc0-412b-b766-96f45a490bcb', '12d2b475-a488-4758-9448-3899fec31a2c', '39520263-74a1-45ae-b0ac-c44c5541f219', 'e2e49f69-473d-4a0a-9f03-1024d22a28ec', 'bf61d551-a527-4574-9c16-d4ce0657d953', '7ed788f0-25f5-4e93-bb34-7de0245089c2', '5ffeee16-8551-4bcb-94ea-67033457b7df', 'e57d2f37-1ee1-4d4e-9aa7-4be20a44ba22', 'e6894f1c-af8e-4f8e-bee3-1662b58ba7ca', '01970d2e-1a9e-468a-be7f-2e23034d7841', '003052ae-fa47-4bb3-a84c-c288402a2bd3', '8373526c-a47f-4242-912a-4b12c2f1b61c', '776e3d49-b6cd-44ab-8262-1187821f12af']"
b73a9c6e-32ee-48e2-b142-6c8251e6e939,9,"['fdae2ae3-92e0-486b-aceb-db2cecc596c1', 'fdae2ae3-92e0-486b-aceb-db2cecc596c1', 'fdae2ae3-92e0-486b-aceb-db2cecc596c1', 'fdae2ae3-92e0-486b-aceb-db2cecc596c1', 'fdae2ae3-92e0-486b-aceb-db2cecc596c1', 'fdae2ae3-92e0-486b-aceb-db2cecc596c1', 'fdae2ae3-92e0-486b-aceb-db2cecc596c1', 'fdae2ae3-92e0-486b-aceb-db2cecc596c1', 'fdae2ae3-92e0-486b-aceb-db2cecc596c1', 'fdae2ae3-92e0-486b-aceb-db2cecc596c1', 'fdae2ae3-92e0-486b-aceb-db2cecc596c1', 'fdae2ae3-92e0-486b-aceb-db2cecc596c1', 'fdae2ae3-92e0-486b-aceb-db2cecc596c1', 'fdae2ae3-92e0-486b-aceb-db2cecc596c1', 'fdae2ae3-92e0-486b-aceb-db2cecc596c1', 'fdae2ae3-92e0-486b-aceb-db2cecc596c1', 'fdae2ae3-92e0-486b-aceb-db2cecc596c1', 'fdae2ae3-92e0-486b-aceb-db2cecc596c1', 'fdae2ae3-92e0-486b-aceb-db2cecc596c1', 'fdae2ae3-92e0-486b-aceb-db2cecc596c1', 'fdae2ae3-92e0-486b-aceb-db2cecc596c1', 'fdae2ae3-92e0-486b-aceb-db2cecc596c1', 'fdae2ae3-92e0-486b-aceb-db2cecc596c1', 'fdae2ae3-92e0-486b-aceb-db2cecc596c1', 'fdae2ae3-92e0-486b-aceb-db2cecc596c1', 'fdae2ae3-92e0-486b-aceb-db2cecc596c1', 'fdae2ae3-92e0-486b-aceb-db2cecc596c1', 'fdae2ae3-92e0-486b-aceb-db2cecc596c1', 'fdae2ae3-92e0-486b-aceb-db2cecc596c1', 'fdae2ae3-92e0-486b-aceb-db2cecc596c1', 'fdae2ae3-92e0-486b-aceb-db2cecc596c1', 'fdae2ae3-92e0-486b-aceb-db2cecc596c1', 'fdae2ae3-92e0-486b-aceb-db2cecc596c1', 'fdae2ae3-92e0-486b-aceb-db2cecc596c1', 'fdae2ae3-92e0-486b-aceb-db2cecc596c1', 'fdae2ae3-92e0-486b-aceb-db2cecc596c1', 'fdae2ae3-92e0-486b-aceb-db2cecc596c1', 'fdae2ae3-92e0-486b-aceb-db2cecc596c1', 'c0377757-399e-4f71-8834-24bfbe033cf0', 'b259f0db-52e4-42f8-84bc-2d6c4be1760f', 'adf6950b-f4a4-4051-8511-575b34efd505', 'e45631eb-8d91-43ae-bb6b-d45b2ed2e2e2', '6b3e51fb-24bd-4037-a4bf-fa0cb682e531', '394481ff-580a-42f0-838a-f6b76bb1820c', 'efdc3e28-85f1-4d41-9651-9b5295549ded', '5822cca8-bf23-4da1-9c17-8f977051e58f', '26936906-17ff-44eb-a12f-f03431ac8174', 'c3915cdb-536d-4832-bf27-171e454b8cd5', 'c6725cec-34b5-482a-872f-ed8491529a99', '4598f40f-bd0f-4880-9911-186dbeafdc7b']"
b73a9c6e-32ee-48e2-b142-6c8251e6e939,10,"['fdae2ae3-92e0-486b-aceb-db2cecc596c1', 'fdae2ae3-92e0-486b-aceb-db2cecc596c1', 'fdae2ae3-92e0-486b-aceb-db2cecc596c1', 'fdae2ae3-92e0-486b-aceb-db2cecc596c1', 'fdae2ae3-92e0-486b-aceb-db2cecc596c1', 'fdae2ae3-92e0-486b-aceb-db2cecc596c1', 'fdae2ae3-92e0-486b-aceb-db2cecc596c1', 'fdae2ae3-92e0-486b-aceb-db2cecc596c1', 'fdae2ae3-92e0-486b-aceb-db2cecc596c1', 'fdae2ae3-92e0-486b-aceb-db2cecc596c1', 'fdae2ae3-92e0-486b-aceb-db2cecc596c1', 'fdae2ae3-92e0-486b-aceb-db2cecc596c1', 'fdae2ae3-92e0-486b-aceb-db2cecc596c1', 'fdae2ae3-92e0-486b-aceb-db2cecc596c1', 'fdae2ae3-92e0-486b-aceb-db2cecc596c1', 'fdae2ae3-92e0-486b-aceb-db2cecc596c1', 'fdae2ae3-92e0-486b-aceb-db2cecc596c1', 'fdae2ae3-92e0-486b-aceb-db2cecc596c1', 'fdae2ae3-92e0-486b-aceb-db2cecc596c1', 'fdae2ae3-92e0-486b-aceb-db2cecc596c1', 'fdae2ae3-92e0-486b-aceb-db2cecc596c1', 'fdae2ae3-92e0-486b-aceb-db2cecc596c1', 'fdae2ae3-92e0-486b-aceb-db2cecc596c1', 'fdae2ae3-92e0-486b-aceb-db2cecc596c1', 'fdae2ae3-92e0-486b-aceb-db2cecc596c1', 'fdae2ae3-92e0-486b-aceb-db2cecc596c1', 'fdae2ae3-92e0-486b-aceb-db2cecc596c1', 'fdae2ae3-92e0-486b-aceb-db2cecc596c1', 'fdae2ae3-92e0-486b-aceb-db2cecc596c1', 'fdae2ae3-92e0-486b-aceb-db2cecc596c1', 'c0377757-399e-4f71-8834-24bfbe033cf0', 'b259f0db-52e4-42f8-84bc-2d6c4be1760f', 'adf6950b-f4a4-4051-8511-575b34efd505', 'e45631eb-8d91-43ae-bb6b-d45b2ed2e2e2', '6b3e51fb-24bd-4037-a4bf-fa0cb682e531', '394481ff-580a-42f0-838a-f6b76bb1820c', 'efdc3e28-85f1-4d41-9651-9b5295549ded', '5822cca8-bf23-4da1-9c17-8f977051e58f', '26936906-17ff-44eb-a12f-f03431ac8174', 'c3915cdb-536d-4832-bf27-171e454b8cd5', 'c6725cec-34b5-482a-872f-ed8491529a99', '4598f40f-bd0f-4880-9911-186dbeafdc7b', 'dba62ef5-558b-495d-b2df-d8f1b17b4284', '534403d1-d012-4316-8135-994b62baf9e5', 'f649fc08-bb97-465c-a405-8dac7da0d964', '88b65d63-e0c9-411f-a88a-19337ba6316c', 'a3ac50e7-0e70-458f-9a32-6a244739799e', 'c855d0f2-f8d7-4879-98b7-b0c9522e5f42', '11179e54-1bfd-40d9-91bc-ed6927e785e7', 'f35052b0-a084-40f3-8331-cbcf5258e01e']"
b73a9c6e-32ee-48e2-b142-6c8251e6e939,11,"['fdae2ae3-92e0-486b-aceb-db2cecc596c1', 'fdae2ae3-92e0-486b-aceb-db2cecc596c1', 'fdae2ae3-92e0-486b-aceb-db2cecc596c1', 'fdae2ae3-92e0-486b-aceb-db2cecc596c1', 'fdae2ae3-92e0-486b-aceb-db2cecc596c1', 'fdae2ae3-92e0-486b-aceb-db2cecc596c1', 'fdae2ae3-92e0-486b-aceb-db2cecc596c1', 'fdae2ae3-92e0-486b-aceb-db2cecc596c1', 'fdae2ae3-92e0-486b-aceb-db2cecc596c1', 'fdae2ae3-92e0-486b-aceb-db2cecc596c1', 'fdae2ae3-92e0-486b-aceb-db2cecc596c1', 'fdae2ae3-92e0-486b-aceb-db2cecc596c1', 'fdae2ae3-92e0-486b-aceb-db2cecc596c1', 'fdae2ae3-92e0-486b-aceb-db2cecc596c1', 'fdae2ae3-92e0-486b-aceb-db2cecc596c1', 'fdae2ae3-92e0-486b-aceb-db2cecc596c1', 'fdae2ae3-92e0-486b-aceb-db2cecc596c1', 'fdae2ae3-92e0-486b-aceb-db2cecc596c1', 'fdae2ae3-92e0-486b-aceb-db2cecc596c1', 'fdae2ae3-92e0-486b-aceb-db2cecc596c1', 'fdae2ae3-92e0-486b-aceb-db2cecc596c1', 'fdae2ae3-92e0-486b-aceb-db2cecc596c1', 'fdae2ae3-92e0-486b-aceb-db2cecc596c1', 'c0377757-399e-4f71-8834-24bfbe033cf0', 'b259f0db-52e4-42f8-84bc-2d6c4be1760f', 'adf6950b-f4a4-4051-8511-575b34efd505', 'e45631eb-8d91-43ae-bb6b-d45b2ed2e2e2', '6b3e51fb-24bd-4037-a4bf-fa0cb682e531', '394481ff-580a-42f0-838a-f6b76bb1820c', 'efdc3e28-85f1-4d41-9651-9b5295549ded', '26936906-17ff-44eb-a12f-f03431ac8174', 'c3915cdb-536d-4832-bf27-171e454b8cd5', 'c6725cec-34b5-482a-872f-ed8491529a99', '4598f40f-bd0f-4880-9911-186dbeafdc7b', 'dba62ef5-558b-495d-b2df-d8f1b17b4284', '534403d1-d012-4316-8135-994b62baf9e5', 'f649fc08-bb97-465c-a405-8dac7da0d964', '88b65d63-e0c9-411f-a88a-19337ba6316c', 'a3ac50e7-0e70-458f-9a32-6a244739799e', 'c855d0f2-f8d7-4879-98b7-b0c9522e5f42', 'f35052b0-a084-40f3-8331-cbcf5258e01e', '7671d0d2-b026-487c-9d27-4a3c1132424a', 'f08a9e18-f96b-42e7-8e93-dc4358b3af82', '664be504-73c5-4f0c-b44a-59b03a392ee4', 'e31828bc-8a86-43fd-ab6a-e328f2b347ab', 'f16ab41e-4234-40a4-80c7-8d447b9f1ccd', '1275cfc7-3361-46fd-9442-da643358d9b4', '688fbe3c-839a-4f84-884c-c55d81291e50', '52c2608a-b5a6-4dfe-b96a-b939418e25cd', '55a2cba7-8a80-4d9e-bcb5-5b65f938b96d']"
b73a9c6e-32ee-48e2-b142-6c8251e6e939,12,"['fdae2ae3-92e0-486b-aceb-db2cecc596c1', 'fdae2ae3-92e0-486b-aceb-db2cecc596c1', 'fdae2ae3-92e0-486b-aceb-db2cecc596c1', 'fdae2ae3-92e0-486b-aceb-db2cecc596c1', 'fdae2ae3-92e0-486b-aceb-db2cecc596c1', 'fdae2ae3-92e0-486b-aceb-db2cecc596c1', 'fdae2ae3-92e0-486b-aceb-db2cecc596c1', 'fdae2ae3-92e0-486b-aceb-db2cecc596c1', 'fdae2ae3-92e0-486b-aceb-db2cecc596c1', 'fdae2ae3-92e0-486b-aceb-db2cecc596c1', 'fdae2ae3-92e0-486b-aceb-db2cecc596c1', 'fdae2ae3-92e0-486b-aceb-db2cecc596c1', 'fdae2ae3-92e0-486b-aceb-db2cecc596c1', 'fdae2ae3-92e0-486b-aceb-db2cecc596c1', 'fdae2ae3-92e0-486b-aceb-db2cecc596c1', 'fdae2ae3-92e0-486b-aceb-db2cecc596c1', 'fdae2ae3-92e0-486b-aceb-db2cecc596c1', 'fdae2ae3-92e0-486b-aceb-db2cecc596c1', 'fdae2ae3-92e0-486b-aceb-db2cecc596c1', 'fdae2ae3-92e0-486b-aceb-db2cecc596c1', 'fdae2ae3-92e0-486b-aceb-db2cecc596c1', 'fdae2ae3-92e0-486b-aceb-db2cecc596c1', 'fdae2ae3-92e0-486b-aceb-db2cecc596c1', 'fdae2ae3-92e0-486b-aceb-db2cecc596c1', 'fdae2ae3-92e0-486b-aceb-db2cecc596c1', 'fdae2ae3-92e0-486b-aceb-db2cecc596c1', 'fdae2ae3-92e0-486b-aceb-db2cecc596c1', 'fdae2ae3-92e0-486b-aceb-db2cecc596c1', 'fdae2ae3-92e0-486b-aceb-db2cecc596c1', 'fdae2ae3-92e0-486b-aceb-db2cecc596c1', 'fdae2ae3-92e0-486b-aceb-db2cecc596c1', 'fdae2ae3-92e0-486b-aceb-db2cecc596c1', 'fdae2ae3-92e0-486b-aceb-db2cecc596c1', 'fdae2ae3-92e0-486b-aceb-db2cecc596c1', 'fdae2ae3-92e0-486b-aceb-db2cecc596c1', 'fdae2ae3-92e0-486b-aceb-db2cecc596c1', 'fdae2ae3-92e0-486b-aceb-db2cecc596c1', 'fdae2ae3-92e0-486b-aceb-db2cecc596c1', 'fdae2ae3-92e0-486b-aceb-db2cecc596c1', 'fdae2ae3-92e0-486b-aceb-db2cecc596c1', 'fdae2ae3-92e0-486b-aceb-db2cecc596c1', 'e9b70e0c-eb99-4be4-90f0-4078faf6dba9', '413e82cc-a6b4-4e44-b1c4-7c819b2b2989', '88ed8501-3755-4fc2-b644-1f50d1cb18a3', '5437b713-891a-4b1f-a4ab-feac52ff6272', 'b89dcabe-e8db-47a0-a8c4-3474be30cfda', '58e14230-7c7f-4bb1-acb0-d6457cf55a1d', '8ebeb3b7-85d0-48c3-9fcd-b4d0b001e6d7', 'd86d94ed-664b-4c8b-84fa-73b635c2faa4', '3cf79d1a-35cb-442e-885c-c352cad51141']"
b73a9c6e-32ee-48e2-b142-6c8251e6e939,13,"['fdae2ae3-92e0-486b-aceb-db2cecc596c1', 'fdae2ae3-92e0-486b-aceb-db2cecc596c1', 'fdae2ae3-92e0-486b-aceb-db2cecc596c1', 'fdae2ae3-92e0-486b-aceb-db2cecc596c1', 'fdae2ae3-92e0-486b-aceb-db2cecc596c1', 'fdae2ae3-92e0-486b-aceb-db2cecc596c1', 'fdae2ae3-92e0-486b-aceb-db2cecc596c1', 'fdae2ae3-92e0-486b-aceb-db2cecc596c1', 'fdae2ae3-92e0-486b-aceb-db2cecc596c1', 'fdae2ae3-92e0-486b-aceb-db2cecc596c1', 'fdae2ae3-92e0-486b-aceb-db2cecc596c1', 'fdae2ae3-92e0-486b-aceb-db2cecc596c1', 'fdae2ae3-92e0-486b-aceb-db2cecc596c1', 'fdae2ae3-92e0-486b-aceb-db2cecc596c1', 'fdae2ae3-92e0-486b-aceb-db2cecc596c1', 'fdae2ae3-92e0-486b-aceb-db2cecc596c1', 'fdae2ae3-92e0-486b-aceb-db2cecc596c1', 'fdae2ae3-92e0-486b-aceb-db2cecc596c1', 'fdae2ae3-92e0-486b-aceb-db2cecc596c1', 'fdae2ae3-92e0-486b-aceb-db2cecc596c1', 'fdae2ae3-92e0-486b-aceb-db2cecc596c1', 'fdae2ae3-92e0-486b-aceb-db2cecc596c1', 'fdae2ae3-92e0-486b-aceb-db2cecc596c1', 'fdae2ae3-92e0-486b-aceb-db2cecc596c1', 'fdae2ae3-92e0-486b-aceb-db2cecc596c1', 'fdae2ae3-92e0-486b-aceb-db2cecc596c1', 'fdae2ae3-92e0-486b-aceb-db2cecc596c1', 'fdae2ae3-92e0-486b-aceb-db2cecc596c1', 'fdae2ae3-92e0-486b-aceb-db2cecc596c1', 'fdae2ae3-92e0-486b-aceb-db2cecc596c1', 'fdae2ae3-92e0-486b-aceb-db2cecc596c1', 'fdae2ae3-92e0-486b-aceb-db2cecc596c1', 'fdae2ae3-92e0-486b-aceb-db2cecc596c1', 'e9b70e0c-eb99-4be4-90f0-4078faf6dba9', '88ed8501-3755-4fc2-b644-1f50d1cb18a3', 'b89dcabe-e8db-47a0-a8c4-3474be30cfda', '58e14230-7c7f-4bb1-acb0-d6457cf55a1d', '8ebeb3b7-85d0-48c3-9fcd-b4d0b001e6d7', 'd86d94ed-664b-4c8b-84fa-73b635c2faa4', 'c2edaf24-e107-4b1f-a3cc-1d5d84f04eeb', 'c33fa985-ee71-47d2-b3b8-0f90ccf9dd5e', 'e78f5641-90c4-4517-9da6-66500a230d65', '02b37697-52fc-4790-b1fb-38c4ca08bf9a', 'c2b45541-0bf0-40b3-8085-1282f3148a9f', 'c8f8fec3-9f1e-4192-ac5e-e676cccbfec4', '7f400924-306c-4a30-abf4-29b4950d5721', 'eec1c57e-bbff-4455-8af6-ea871bb85858', 'a81eafee-709b-41d2-bdb3-73885bd27579', 'b19934f0-9b38-4054-a9c9-abadc2a013f7', '348004f8-5f64-4583-a85e-a06dccef102e']"
b73a9c6e-32ee-48e2-b142-6c8251e6e939,14,"['a81eafee-709b-41d2-bdb3-73885bd27579', 'a81eafee-709b-41d2-bdb3-73885bd27579', 'a81eafee-709b-41d2-bdb3-73885bd27579', 'a81eafee-709b-41d2-bdb3-73885bd27579', 'a81eafee-709b-41d2-bdb3-73885bd27579', 'a81eafee-709b-41d2-bdb3-73885bd27579', 'a81eafee-709b-41d2-bdb3-73885bd27579', 'a81eafee-709b-41d2-bdb3-73885bd27579', 'a81eafee-709b-41d2-bdb3-73885bd27579', 'a81eafee-709b-41d2-bdb3-73885bd27579', 'a81eafee-709b-41d2-bdb3-73885bd27579', 'a81eafee-709b-41d2-bdb3-73885bd27579', 'a81eafee-709b-41d2-bdb3-73885bd27579', 'a81eafee-709b-41d2-bdb3-73885bd27579', 'a81eafee-709b-41d2-bdb3-73885bd27579', 'a81eafee-709b-41d2-bdb3-73885bd27579', 'a81eafee-709b-41d2-bdb3-73885bd27579', 'a81eafee-709b-41d2-bdb3-73885bd27579', 'a81eafee-709b-41d2-bdb3-73885bd27579', 'a81eafee-709b-41d2-bdb3-73885bd27579', 'a81eafee-709b-41d2-bdb3-73885bd27579', 'a81eafee-709b-41d2-bdb3-73885bd27579', 'a81eafee-709b-41d2-bdb3-73885bd27579', 'a81eafee-709b-41d2-bdb3-73885bd27579', 'a81eafee-709b-41d2-bdb3-73885bd27579', 'a81eafee-709b-41d2-bdb3-73885bd27579', 'a81eafee-709b-41d2-bdb3-73885bd27579', 'a81eafee-709b-41d2-bdb3-73885bd27579', 'a81eafee-709b-41d2-bdb3-73885bd27579', 'a81eafee-709b-41d2-bdb3-73885bd27579', 'a81eafee-709b-41d2-bdb3-73885bd27579', 'a81eafee-709b-41d2-bdb3-73885bd27579', 'a81eafee-709b-41d2-bdb3-73885bd27579', 'a81eafee-709b-41d2-bdb3-73885bd27579', 'a81eafee-709b-41d2-bdb3-73885bd27579', 'a81eafee-709b-41d2-bdb3-73885bd27579', 'a81eafee-709b-41d2-bdb3-73885bd27579', 'a81eafee-709b-41d2-bdb3-73885bd27579', 'a81eafee-709b-41d2-bdb3-73885bd27579', 'a81eafee-709b-41d2-bdb3-73885bd27579', 'a81eafee-709b-41d2-bdb3-73885bd27579', 'a81eafee-709b-41d2-bdb3-73885bd27579', 'a81eafee-709b-41d2-bdb3-73885bd27579', '4810e70f-fa29-47cd-a441-21343ca6c761', 'c6696918-40ae-43e5-b71d-daeac82d5cd4', '09b3b540-8497-4fbb-a330-64e3d527c7c9', 'e2b8d148-28ed-45dc-9974-3f239738fd6c', 'f60873c9-b000-42b9-b044-e1bff01b9a8a', '0c790326-f65e-434e-8e78-20e68382c1b5', 'e8ad1fc3-03cd-401d-9b3e-bf6b80e95425']"
b73a9c6e-32ee-48e2-b142-6c8251e6e939,15,"['09b3b540-8497-4fbb-a330-64e3d527c7c9', '09b3b540-8497-4fbb-a330-64e3d527c7c9', '09b3b540-8497-4fbb-a330-64e3d527c7c9', '09b3b540-8497-4fbb-a330-64e3d527c7c9', '09b3b540-8497-4fbb-a330-64e3d527c7c9', '09b3b540-8497-4fbb-a330-64e3d527c7c9', '09b3b540-8497-4fbb-a330-64e3d527c7c9', '09b3b540-8497-4fbb-a330-64e3d527c7c9', '09b3b540-8497-4fbb-a330-64e3d527c7c9', '09b3b540-8497-4fbb-a330-64e3d527c7c9', '09b3b540-8497-4fbb-a330-64e3d527c7c9', '09b3b540-8497-4fbb-a330-64e3d527c7c9', '09b3b540-8497-4fbb-a330-64e3d527c7c9', '09b3b540-8497-4fbb-a330-64e3d527c7c9', '09b3b540-8497-4fbb-a330-64e3d527c7c9', '09b3b540-8497-4fbb-a330-64e3d527c7c9', '09b3b540-8497-4fbb-a330-64e3d527c7c9', '09b3b540-8497-4fbb-a330-64e3d527c7c9', '09b3b540-8497-4fbb-a330-64e3d527c7c9', '09b3b540-8497-4fbb-a330-64e3d527c7c9', '09b3b540-8497-4fbb-a330-64e3d527c7c9', '09b3b540-8497-4fbb-a330-64e3d527c7c9', '09b3b540-8497-4fbb-a330-64e3d527c7c9', '09b3b540-8497-4fbb-a330-64e3d527c7c9', '09b3b540-8497-4fbb-a330-64e3d527c7c9', '09b3b540-8497-4fbb-a330-64e3d527c7c9', '09b3b540-8497-4fbb-a330-64e3d527c7c9', '09b3b540-8497-4fbb-a330-64e3d527c7c9', '09b3b540-8497-4fbb-a330-64e3d527c7c9', '09b3b540-8497-4fbb-a330-64e3d527c7c9', '09b3b540-8497-4fbb-a330-64e3d527c7c9', '09b3b540-8497-4fbb-a330-64e3d527c7c9', '09b3b540-8497-4fbb-a330-64e3d527c7c9', '09b3b540-8497-4fbb-a330-64e3d527c7c9', '09b3b540-8497-4fbb-a330-64e3d527c7c9', '8278809c-5681-4b3b-a7c0-a96ace0fd502', 'e5b58bd4-5347-4725-8027-8111ef293098', '68dd2f04-4d7a-40bd-ab8e-bcbba5701d5f', '63e8db55-b438-4ef6-8c10-fa91cebed29e', 'b493cf18-02e8-48ff-a95e-e9cb95049281', 'c1a6ff2b-8b80-47a0-8b4b-e53a4e2c915f', 'babd39d5-b635-4082-833d-41c1013701d8', '5c3de44e-fb17-4e26-8118-2a30b241e951', 'dedf7a25-f9bc-4601-8559-74534486913d', '3dd23a91-3018-4b3a-a005-bb7cdc824c3c', '48d5b9f7-da97-4f47-ad02-8fcccc4c3774', 'b7d689c8-4cad-4c86-b568-6088e4c204bf', 'a6291273-b208-409d-b2de-80665d23108e', '05709978-d122-43f7-abb1-a38d552cba7c', '3667c982-a4fb-4104-b59f-4a454a4a92ab']"
