run_id,itr,pool_members_uuids
887850cf-c06e-48f1-b790-7e28c22127c9,0,"['a29cd9c7-7d3b-45e4-9198-646a1c3a82e1', 'a29cd9c7-7d3b-45e4-9198-646a1c3a82e1', 'a29cd9c7-7d3b-45e4-9198-646a1c3a82e1', 'a29cd9c7-7d3b-45e4-9198-646a1c3a82e1', 'a29cd9c7-7d3b-45e4-9198-646a1c3a82e1']"
887850cf-c06e-48f1-b790-7e28c22127c9,1,"['a29cd9c7-7d3b-45e4-9198-646a1c3a82e1', 'a29cd9c7-7d3b-45e4-9198-646a1c3a82e1', 'a29cd9c7-7d3b-45e4-9198-646a1c3a82e1', 'a29cd9c7-7d3b-45e4-9198-646a1c3a82e1', '9f9350b9-a93b-4be1-9c3c-41d2cdcfff7b']"
887850cf-c06e-48f1-b790-7e28c22127c9,2,"['a29cd9c7-7d3b-45e4-9198-646a1c3a82e1', 'a29cd9c7-7d3b-45e4-9198-646a1c3a82e1', 'a29cd9c7-7d3b-45e4-9198-646a1c3a82e1', '9f9350b9-a93b-4be1-9c3c-41d2cdcfff7b', 'd82523b6-1309-4e72-ac74-afc4d9553ef2']"
ffd3126b-49da-432d-b046-0f08986a43aa,0,"['a8f24a75-8b93-4472-b717-0cf7a36487ef', 'a8f24a75-8b93-4472-b717-0cf7a36487ef', 'a8f24a75-8b93-4472-b717-0cf7a36487ef', 'a8f24a75-8b93-4472-b717-0cf7a36487ef', 'a8f24a75-8b93-4472-b717-0cf7a36487ef']"
ffd3126b-49da-432d-b046-0f08986a43aa,1,"['a8f24a75-8b93-4472-b717-0cf7a36487ef', 'a8f24a75-8b93-4472-b717-0cf7a36487ef', 'a8f24a75-8b93-4472-b717-0cf7a36487ef', 'a8f24a75-8b93-4472-b717-0cf7a36487ef', 'a8f24a75-8b93-4472-b717-0cf7a36487ef']"
e7fff321-99a1-4d05-a9c8-337b216f8dc0,0,"['66a2e948-b8d3-425e-82a5-dfe399f2d106', '66a2e948-b8d3-425e-82a5-dfe399f2d106', '66a2e948-b8d3-425e-82a5-dfe399f2d106', '66a2e948-b8d3-425e-82a5-dfe399f2d106', '66a2e948-b8d3-425e-82a5-dfe399f2d106']"
ffd3126b-49da-432d-b046-0f08986a43aa,2,"['a8f24a75-8b93-4472-b717-0cf7a36487ef', 'a8f24a75-8b93-4472-b717-0cf7a36487ef', 'a8f24a75-8b93-4472-b717-0cf7a36487ef', 'a8f24a75-8b93-4472-b717-0cf7a36487ef', '8c8eb7ab-749a-4ed7-b816-b690efe92b98']"
887850cf-c06e-48f1-b790-7e28c22127c9,3,"['a29cd9c7-7d3b-45e4-9198-646a1c3a82e1', 'a29cd9c7-7d3b-45e4-9198-646a1c3a82e1', '9f9350b9-a93b-4be1-9c3c-41d2cdcfff7b', 'dc4c3d25-c994-492f-9109-9093435ac4bd', 'de81d186-79a6-4cf0-80ae-c0e797bcba96']"
e7fff321-99a1-4d05-a9c8-337b216f8dc0,1,"['66a2e948-b8d3-425e-82a5-dfe399f2d106', '66a2e948-b8d3-425e-82a5-dfe399f2d106', '66a2e948-b8d3-425e-82a5-dfe399f2d106', '66a2e948-b8d3-425e-82a5-dfe399f2d106', '9fb09365-a22c-4034-b985-a32a4d1a04b4']"
819dbbde-caec-43aa-ac59-8ee6a2e6f496,0,"['b730f367-56d3-46e9-8844-1100fad6fa21', 'b730f367-56d3-46e9-8844-1100fad6fa21', 'b730f367-56d3-46e9-8844-1100fad6fa21', 'b730f367-56d3-46e9-8844-1100fad6fa21', 'b730f367-56d3-46e9-8844-1100fad6fa21']"
887850cf-c06e-48f1-b790-7e28c22127c9,4,"['a29cd9c7-7d3b-45e4-9198-646a1c3a82e1', 'a29cd9c7-7d3b-45e4-9198-646a1c3a82e1', 'a29cd9c7-7d3b-45e4-9198-646a1c3a82e1', 'a29cd9c7-7d3b-45e4-9198-646a1c3a82e1', '3a0b33c9-91f1-49a7-9ada-01066923754d']"
ffd3126b-49da-432d-b046-0f08986a43aa,3,"['a8f24a75-8b93-4472-b717-0cf7a36487ef', 'a8f24a75-8b93-4472-b717-0cf7a36487ef', '8c8eb7ab-749a-4ed7-b816-b690efe92b98', '52e42ca0-2e8f-49d6-98c5-1ceb054804e2', '28caf495-bf2f-4847-951c-21d392854651']"
ffd3126b-49da-432d-b046-0f08986a43aa,4,"['a8f24a75-8b93-4472-b717-0cf7a36487ef', 'a8f24a75-8b93-4472-b717-0cf7a36487ef', 'a8f24a75-8b93-4472-b717-0cf7a36487ef', 'a8f24a75-8b93-4472-b717-0cf7a36487ef', 'a8f24a75-8b93-4472-b717-0cf7a36487ef']"
e7fff321-99a1-4d05-a9c8-337b216f8dc0,2,"['66a2e948-b8d3-425e-82a5-dfe399f2d106', '66a2e948-b8d3-425e-82a5-dfe399f2d106', '66a2e948-b8d3-425e-82a5-dfe399f2d106', '66a2e948-b8d3-425e-82a5-dfe399f2d106', '780f8e90-0db4-40b3-a9a6-fa84ef41466c']"
ffd3126b-49da-432d-b046-0f08986a43aa,5,"['a8f24a75-8b93-4472-b717-0cf7a36487ef', 'a8f24a75-8b93-4472-b717-0cf7a36487ef', 'a8f24a75-8b93-4472-b717-0cf7a36487ef', 'a8f24a75-8b93-4472-b717-0cf7a36487ef', 'a8f24a75-8b93-4472-b717-0cf7a36487ef']"
819dbbde-caec-43aa-ac59-8ee6a2e6f496,1,"['b730f367-56d3-46e9-8844-1100fad6fa21', 'b730f367-56d3-46e9-8844-1100fad6fa21', 'b730f367-56d3-46e9-8844-1100fad6fa21', 'b730f367-56d3-46e9-8844-1100fad6fa21', 'cf87835c-53f0-453e-b705-2f9bb63ed05c']"
e7fff321-99a1-4d05-a9c8-337b216f8dc0,3,"['66a2e948-b8d3-425e-82a5-dfe399f2d106', '66a2e948-b8d3-425e-82a5-dfe399f2d106', '66a2e948-b8d3-425e-82a5-dfe399f2d106', '780f8e90-0db4-40b3-a9a6-fa84ef41466c', '4cfcf2a3-21a3-4fc3-ac2c-4240fb004de7']"
887850cf-c06e-48f1-b790-7e28c22127c9,5,"['a29cd9c7-7d3b-45e4-9198-646a1c3a82e1', 'a29cd9c7-7d3b-45e4-9198-646a1c3a82e1', '3a0b33c9-91f1-49a7-9ada-01066923754d', 'a184da59-75c8-47dc-83c9-2219ba413e8e', '2ea89ad9-5a9e-4e13-b30f-ffda245788f3']"
ffd3126b-49da-432d-b046-0f08986a43aa,6,"['a8f24a75-8b93-4472-b717-0cf7a36487ef', 'a8f24a75-8b93-4472-b717-0cf7a36487ef', 'a8f24a75-8b93-4472-b717-0cf7a36487ef', '79d514b1-f2d6-4775-8e24-528ba4ad4901', '36d53768-29e3-4006-97bb-10d6bbef8496']"
e7fff321-99a1-4d05-a9c8-337b216f8dc0,4,"['66a2e948-b8d3-425e-82a5-dfe399f2d106', '66a2e948-b8d3-425e-82a5-dfe399f2d106', '780f8e90-0db4-40b3-a9a6-fa84ef41466c', '4cfcf2a3-21a3-4fc3-ac2c-4240fb004de7', '223e7442-4d76-4033-bacf-f66ee7b42c05']"
e7fff321-99a1-4d05-a9c8-337b216f8dc0,5,"['66a2e948-b8d3-425e-82a5-dfe399f2d106', '66a2e948-b8d3-425e-82a5-dfe399f2d106', '66a2e948-b8d3-425e-82a5-dfe399f2d106', '66a2e948-b8d3-425e-82a5-dfe399f2d106', '66a2e948-b8d3-425e-82a5-dfe399f2d106']"
819dbbde-caec-43aa-ac59-8ee6a2e6f496,2,"['b730f367-56d3-46e9-8844-1100fad6fa21', 'b730f367-56d3-46e9-8844-1100fad6fa21', 'b730f367-56d3-46e9-8844-1100fad6fa21', '6f0fa326-2102-4b9b-b2ee-cbc9f573b191', '2bec8305-70c7-40f3-b32f-d49cd698f0c4']"
819dbbde-caec-43aa-ac59-8ee6a2e6f496,3,"['b730f367-56d3-46e9-8844-1100fad6fa21', 'b730f367-56d3-46e9-8844-1100fad6fa21', 'b730f367-56d3-46e9-8844-1100fad6fa21', '6f0fa326-2102-4b9b-b2ee-cbc9f573b191', '881ff096-c3df-4a2f-84a1-b138a002cf39']"
887850cf-c06e-48f1-b790-7e28c22127c9,6,"['a29cd9c7-7d3b-45e4-9198-646a1c3a82e1', 'a29cd9c7-7d3b-45e4-9198-646a1c3a82e1', 'a29cd9c7-7d3b-45e4-9198-646a1c3a82e1', 'a29cd9c7-7d3b-45e4-9198-646a1c3a82e1', '7ff2c435-bf2d-4370-b6d4-f74f156f86dd']"
e7fff321-99a1-4d05-a9c8-337b216f8dc0,6,"['66a2e948-b8d3-425e-82a5-dfe399f2d106', '66a2e948-b8d3-425e-82a5-dfe399f2d106', '66a2e948-b8d3-425e-82a5-dfe399f2d106', '66a2e948-b8d3-425e-82a5-dfe399f2d106', '35788d74-25f4-4a8a-af71-a07edfd0a3e2']"
819dbbde-caec-43aa-ac59-8ee6a2e6f496,4,"['b730f367-56d3-46e9-8844-1100fad6fa21', 'b730f367-56d3-46e9-8844-1100fad6fa21', 'b730f367-56d3-46e9-8844-1100fad6fa21', '6f0fa326-2102-4b9b-b2ee-cbc9f573b191', '2f429bb1-488e-4ab4-b132-e220046eeb2c']"
c3d6148d-9789-4db8-9b3e-c415b43076f2,0,"['ea88468f-0c8a-4c87-bf49-4227804129ec', 'ea88468f-0c8a-4c87-bf49-4227804129ec', 'ea88468f-0c8a-4c87-bf49-4227804129ec', 'ea88468f-0c8a-4c87-bf49-4227804129ec', 'ea88468f-0c8a-4c87-bf49-4227804129ec']"
ffd3126b-49da-432d-b046-0f08986a43aa,7,"['36d53768-29e3-4006-97bb-10d6bbef8496', '24da7293-b9cf-4332-9004-160da5033588', '8e8baf71-703b-4d20-9dc7-d8abf6c4bee3', '66dd0597-9a08-4729-b1cc-a679e65a2059', 'a87bbd57-a07b-4b44-90c6-d6216dfdf03f']"
c3d6148d-9789-4db8-9b3e-c415b43076f2,1,"['ea88468f-0c8a-4c87-bf49-4227804129ec', 'ea88468f-0c8a-4c87-bf49-4227804129ec', 'ea88468f-0c8a-4c87-bf49-4227804129ec', 'ea88468f-0c8a-4c87-bf49-4227804129ec', 'ea88468f-0c8a-4c87-bf49-4227804129ec']"
c3d6148d-9789-4db8-9b3e-c415b43076f2,2,"['ea88468f-0c8a-4c87-bf49-4227804129ec', 'ea88468f-0c8a-4c87-bf49-4227804129ec', 'ea88468f-0c8a-4c87-bf49-4227804129ec', 'ea88468f-0c8a-4c87-bf49-4227804129ec', 'ea88468f-0c8a-4c87-bf49-4227804129ec']"
e7fff321-99a1-4d05-a9c8-337b216f8dc0,7,"['66a2e948-b8d3-425e-82a5-dfe399f2d106', '66a2e948-b8d3-425e-82a5-dfe399f2d106', '66a2e948-b8d3-425e-82a5-dfe399f2d106', '32d4f4fd-f2b3-4e45-9892-0866b2afc93f', '16b02adf-0f4f-4a36-accd-a06be31e9ebe']"
819dbbde-caec-43aa-ac59-8ee6a2e6f496,5,"['b730f367-56d3-46e9-8844-1100fad6fa21', '6f0fa326-2102-4b9b-b2ee-cbc9f573b191', '2f429bb1-488e-4ab4-b132-e220046eeb2c', '72c88a1b-e3dd-4527-9895-84433426ce91', '363a7177-f840-4de3-8c09-14f1e414b1da']"
887850cf-c06e-48f1-b790-7e28c22127c9,7,"['a29cd9c7-7d3b-45e4-9198-646a1c3a82e1', '7ff2c435-bf2d-4370-b6d4-f74f156f86dd', '9071ff26-fb39-42ba-8203-d39184e62dfb', 'be0c0ca7-eace-41e6-ad64-1e724c106309', '92126ac3-40ca-4454-9eeb-7ebcfcf2fd0b']"
819dbbde-caec-43aa-ac59-8ee6a2e6f496,6,"['b730f367-56d3-46e9-8844-1100fad6fa21', 'b730f367-56d3-46e9-8844-1100fad6fa21', 'b730f367-56d3-46e9-8844-1100fad6fa21', 'b730f367-56d3-46e9-8844-1100fad6fa21', 'b730f367-56d3-46e9-8844-1100fad6fa21']"
887850cf-c06e-48f1-b790-7e28c22127c9,8,"['a29cd9c7-7d3b-45e4-9198-646a1c3a82e1', 'a29cd9c7-7d3b-45e4-9198-646a1c3a82e1', 'a29cd9c7-7d3b-45e4-9198-646a1c3a82e1', 'a29cd9c7-7d3b-45e4-9198-646a1c3a82e1', 'a29cd9c7-7d3b-45e4-9198-646a1c3a82e1']"
887850cf-c06e-48f1-b790-7e28c22127c9,9,"['a29cd9c7-7d3b-45e4-9198-646a1c3a82e1', 'a29cd9c7-7d3b-45e4-9198-646a1c3a82e1', 'a29cd9c7-7d3b-45e4-9198-646a1c3a82e1', 'a29cd9c7-7d3b-45e4-9198-646a1c3a82e1', 'a29cd9c7-7d3b-45e4-9198-646a1c3a82e1']"
ffd3126b-49da-432d-b046-0f08986a43aa,8,"['a87bbd57-a07b-4b44-90c6-d6216dfdf03f', 'a87bbd57-a07b-4b44-90c6-d6216dfdf03f', 'a87bbd57-a07b-4b44-90c6-d6216dfdf03f', 'a87bbd57-a07b-4b44-90c6-d6216dfdf03f', 'f184b50f-94b7-4dea-9f4b-ddfd5aeedb7d']"
e7fff321-99a1-4d05-a9c8-337b216f8dc0,8,"['66a2e948-b8d3-425e-82a5-dfe399f2d106', '66a2e948-b8d3-425e-82a5-dfe399f2d106', '32d4f4fd-f2b3-4e45-9892-0866b2afc93f', '16b02adf-0f4f-4a36-accd-a06be31e9ebe', '95f27121-be93-474a-9c01-7d8d7a86eb3a']"
819dbbde-caec-43aa-ac59-8ee6a2e6f496,7,"['b730f367-56d3-46e9-8844-1100fad6fa21', 'b730f367-56d3-46e9-8844-1100fad6fa21', 'b730f367-56d3-46e9-8844-1100fad6fa21', 'b730f367-56d3-46e9-8844-1100fad6fa21', 'fc1165f4-c0f7-443d-8942-3d504d2edc06']"
887850cf-c06e-48f1-b790-7e28c22127c9,10,"['a29cd9c7-7d3b-45e4-9198-646a1c3a82e1', 'a29cd9c7-7d3b-45e4-9198-646a1c3a82e1', 'a29cd9c7-7d3b-45e4-9198-646a1c3a82e1', 'a29cd9c7-7d3b-45e4-9198-646a1c3a82e1', 'bcd11dd6-d232-4294-ac8c-da0f471484d2']"
819dbbde-caec-43aa-ac59-8ee6a2e6f496,8,"['b730f367-56d3-46e9-8844-1100fad6fa21', 'b730f367-56d3-46e9-8844-1100fad6fa21', 'b730f367-56d3-46e9-8844-1100fad6fa21', 'b730f367-56d3-46e9-8844-1100fad6fa21', 'fc1165f4-c0f7-443d-8942-3d504d2edc06']"
887850cf-c06e-48f1-b790-7e28c22127c9,11,"['a29cd9c7-7d3b-45e4-9198-646a1c3a82e1', 'a29cd9c7-7d3b-45e4-9198-646a1c3a82e1', 'a29cd9c7-7d3b-45e4-9198-646a1c3a82e1', 'a29cd9c7-7d3b-45e4-9198-646a1c3a82e1', 'bcd11dd6-d232-4294-ac8c-da0f471484d2']"
ffd3126b-49da-432d-b046-0f08986a43aa,9,"['a87bbd57-a07b-4b44-90c6-d6216dfdf03f', 'a87bbd57-a07b-4b44-90c6-d6216dfdf03f', 'a87bbd57-a07b-4b44-90c6-d6216dfdf03f', 'f184b50f-94b7-4dea-9f4b-ddfd5aeedb7d', '3f7cd97f-2de1-4a2a-b074-5864df9cb0c2']"
e7fff321-99a1-4d05-a9c8-337b216f8dc0,9,"['66a2e948-b8d3-425e-82a5-dfe399f2d106', '66a2e948-b8d3-425e-82a5-dfe399f2d106', '66a2e948-b8d3-425e-82a5-dfe399f2d106', '66a2e948-b8d3-425e-82a5-dfe399f2d106', '8d960c35-d6de-4bdb-a5ef-1b831b0821a1']"
887850cf-c06e-48f1-b790-7e28c22127c9,12,"['a29cd9c7-7d3b-45e4-9198-646a1c3a82e1', 'a29cd9c7-7d3b-45e4-9198-646a1c3a82e1', 'a29cd9c7-7d3b-45e4-9198-646a1c3a82e1', 'bcd11dd6-d232-4294-ac8c-da0f471484d2', '74b74f06-4130-40f7-bee8-68e4abc353be']"
887850cf-c06e-48f1-b790-7e28c22127c9,13,"['a29cd9c7-7d3b-45e4-9198-646a1c3a82e1', 'a29cd9c7-7d3b-45e4-9198-646a1c3a82e1', 'a29cd9c7-7d3b-45e4-9198-646a1c3a82e1', 'bcd11dd6-d232-4294-ac8c-da0f471484d2', '74b74f06-4130-40f7-bee8-68e4abc353be']"
ffd3126b-49da-432d-b046-0f08986a43aa,10,"['a87bbd57-a07b-4b44-90c6-d6216dfdf03f', 'a87bbd57-a07b-4b44-90c6-d6216dfdf03f', 'f184b50f-94b7-4dea-9f4b-ddfd5aeedb7d', '3f7cd97f-2de1-4a2a-b074-5864df9cb0c2', '8e081795-7807-4b72-b4bb-8c0a4185ca70']"
c3d6148d-9789-4db8-9b3e-c415b43076f2,3,"['ea88468f-0c8a-4c87-bf49-4227804129ec', 'ea88468f-0c8a-4c87-bf49-4227804129ec', 'ae330bda-b820-45a6-a4dc-d57dfdb1d1ca', '4db9c3b3-1253-4e70-a782-fe76a84931bf', 'acd05f59-43dc-4200-a514-aa86f0282bee']"
e7fff321-99a1-4d05-a9c8-337b216f8dc0,10,"['66a2e948-b8d3-425e-82a5-dfe399f2d106', '66a2e948-b8d3-425e-82a5-dfe399f2d106', '66a2e948-b8d3-425e-82a5-dfe399f2d106', '8d960c35-d6de-4bdb-a5ef-1b831b0821a1', '92d3335e-d986-4023-8bcc-ebc6aa6e54d0']"
819dbbde-caec-43aa-ac59-8ee6a2e6f496,9,"['b730f367-56d3-46e9-8844-1100fad6fa21', 'b730f367-56d3-46e9-8844-1100fad6fa21', 'fc1165f4-c0f7-443d-8942-3d504d2edc06', 'c3ae9030-6c1d-448e-9ca3-a6d5560e80bf', '906391bf-aade-4f1e-b7c6-c32dd934d91f']"
819dbbde-caec-43aa-ac59-8ee6a2e6f496,10,"['b730f367-56d3-46e9-8844-1100fad6fa21', 'b730f367-56d3-46e9-8844-1100fad6fa21', 'b730f367-56d3-46e9-8844-1100fad6fa21', 'b730f367-56d3-46e9-8844-1100fad6fa21', 'b730f367-56d3-46e9-8844-1100fad6fa21']"
887850cf-c06e-48f1-b790-7e28c22127c9,14,"['a29cd9c7-7d3b-45e4-9198-646a1c3a82e1', 'a29cd9c7-7d3b-45e4-9198-646a1c3a82e1', 'bcd11dd6-d232-4294-ac8c-da0f471484d2', '74b74f06-4130-40f7-bee8-68e4abc353be', '8f7383a3-0c2d-4ea8-9587-3949c8b1b057']"
887850cf-c06e-48f1-b790-7e28c22127c9,15,"['a29cd9c7-7d3b-45e4-9198-646a1c3a82e1', 'a29cd9c7-7d3b-45e4-9198-646a1c3a82e1', 'a29cd9c7-7d3b-45e4-9198-646a1c3a82e1', 'a29cd9c7-7d3b-45e4-9198-646a1c3a82e1', 'a29cd9c7-7d3b-45e4-9198-646a1c3a82e1']"
e7fff321-99a1-4d05-a9c8-337b216f8dc0,11,"['66a2e948-b8d3-425e-82a5-dfe399f2d106', '66a2e948-b8d3-425e-82a5-dfe399f2d106', '66a2e948-b8d3-425e-82a5-dfe399f2d106', '92d3335e-d986-4023-8bcc-ebc6aa6e54d0', '001593ce-bf74-40bd-84a5-6132481f2792']"
819dbbde-caec-43aa-ac59-8ee6a2e6f496,11,"['b730f367-56d3-46e9-8844-1100fad6fa21', 'b730f367-56d3-46e9-8844-1100fad6fa21', 'b730f367-56d3-46e9-8844-1100fad6fa21', 'b730f367-56d3-46e9-8844-1100fad6fa21', '6568d281-f07c-410a-9c0e-16130c9a573d']"
819dbbde-caec-43aa-ac59-8ee6a2e6f496,12,"['b730f367-56d3-46e9-8844-1100fad6fa21', 'b730f367-56d3-46e9-8844-1100fad6fa21', 'b730f367-56d3-46e9-8844-1100fad6fa21', 'b730f367-56d3-46e9-8844-1100fad6fa21', '6568d281-f07c-410a-9c0e-16130c9a573d']"
887850cf-c06e-48f1-b790-7e28c22127c9,16,"['a29cd9c7-7d3b-45e4-9198-646a1c3a82e1', 'a29cd9c7-7d3b-45e4-9198-646a1c3a82e1', 'a29cd9c7-7d3b-45e4-9198-646a1c3a82e1', 'a29cd9c7-7d3b-45e4-9198-646a1c3a82e1', 'b064aee4-f898-4cb5-b95d-64cd118d7ae4']"
ffd3126b-49da-432d-b046-0f08986a43aa,11,"['a87bbd57-a07b-4b44-90c6-d6216dfdf03f', 'a87bbd57-a07b-4b44-90c6-d6216dfdf03f', 'f184b50f-94b7-4dea-9f4b-ddfd5aeedb7d', '7b8098fd-87bd-4b7f-a809-916e30030358', '81c12752-8344-48a6-b0e3-c5727547395b']"
c3d6148d-9789-4db8-9b3e-c415b43076f2,4,"['ea88468f-0c8a-4c87-bf49-4227804129ec', 'ea88468f-0c8a-4c87-bf49-4227804129ec', 'ea88468f-0c8a-4c87-bf49-4227804129ec', '8aed7dd8-7dd5-43a1-a677-b19ad41b68a1', '4dd8e0e3-4d2c-48fa-96e9-c6857d8a5ca3']"
c3d6148d-9789-4db8-9b3e-c415b43076f2,5,"['ea88468f-0c8a-4c87-bf49-4227804129ec', 'ea88468f-0c8a-4c87-bf49-4227804129ec', 'ea88468f-0c8a-4c87-bf49-4227804129ec', '8aed7dd8-7dd5-43a1-a677-b19ad41b68a1', '4dd8e0e3-4d2c-48fa-96e9-c6857d8a5ca3']"
887850cf-c06e-48f1-b790-7e28c22127c9,17,"['a29cd9c7-7d3b-45e4-9198-646a1c3a82e1', 'a29cd9c7-7d3b-45e4-9198-646a1c3a82e1', 'a29cd9c7-7d3b-45e4-9198-646a1c3a82e1', 'a29cd9c7-7d3b-45e4-9198-646a1c3a82e1', 'da3c502b-b6be-4fac-bc2d-3701ee25afe1']"
ffd3126b-49da-432d-b046-0f08986a43aa,12,"['a87bbd57-a07b-4b44-90c6-d6216dfdf03f', 'a87bbd57-a07b-4b44-90c6-d6216dfdf03f', 'a87bbd57-a07b-4b44-90c6-d6216dfdf03f', 'a87bbd57-a07b-4b44-90c6-d6216dfdf03f', 'd8da206a-facd-4e99-849f-973d5762678d']"
ffd3126b-49da-432d-b046-0f08986a43aa,13,"['a87bbd57-a07b-4b44-90c6-d6216dfdf03f', 'a87bbd57-a07b-4b44-90c6-d6216dfdf03f', 'a87bbd57-a07b-4b44-90c6-d6216dfdf03f', 'a87bbd57-a07b-4b44-90c6-d6216dfdf03f', 'd8da206a-facd-4e99-849f-973d5762678d']"
e7fff321-99a1-4d05-a9c8-337b216f8dc0,12,"['66a2e948-b8d3-425e-82a5-dfe399f2d106', '66a2e948-b8d3-425e-82a5-dfe399f2d106', '001593ce-bf74-40bd-84a5-6132481f2792', 'ea575b68-9145-4059-aefa-f94a57575ef6', '1f30d3ec-b669-49b0-9b1d-e4eb5d27cc95']"
887850cf-c06e-48f1-b790-7e28c22127c9,18,"['a29cd9c7-7d3b-45e4-9198-646a1c3a82e1', 'a29cd9c7-7d3b-45e4-9198-646a1c3a82e1', 'a29cd9c7-7d3b-45e4-9198-646a1c3a82e1', 'da3c502b-b6be-4fac-bc2d-3701ee25afe1', '7aeae374-b905-48c0-89c6-905e4da485cc']"
887850cf-c06e-48f1-b790-7e28c22127c9,19,"['a29cd9c7-7d3b-45e4-9198-646a1c3a82e1', 'a29cd9c7-7d3b-45e4-9198-646a1c3a82e1', 'a29cd9c7-7d3b-45e4-9198-646a1c3a82e1', 'da3c502b-b6be-4fac-bc2d-3701ee25afe1', '7aeae374-b905-48c0-89c6-905e4da485cc']"
819dbbde-caec-43aa-ac59-8ee6a2e6f496,13,"['b730f367-56d3-46e9-8844-1100fad6fa21', 'b730f367-56d3-46e9-8844-1100fad6fa21', '6568d281-f07c-410a-9c0e-16130c9a573d', 'e83170ae-9846-4d38-aa7b-5ac7ec7586e3', 'f5d16bf0-0be6-4a94-bbff-6f1a170e4916']"
887850cf-c06e-48f1-b790-7e28c22127c9,20,"['a29cd9c7-7d3b-45e4-9198-646a1c3a82e1', 'a29cd9c7-7d3b-45e4-9198-646a1c3a82e1', 'a29cd9c7-7d3b-45e4-9198-646a1c3a82e1', 'da3c502b-b6be-4fac-bc2d-3701ee25afe1', '7aeae374-b905-48c0-89c6-905e4da485cc']"
c3d6148d-9789-4db8-9b3e-c415b43076f2,6,"['ea88468f-0c8a-4c87-bf49-4227804129ec', '8aed7dd8-7dd5-43a1-a677-b19ad41b68a1', '4dd8e0e3-4d2c-48fa-96e9-c6857d8a5ca3', '0bc2177b-27d3-4309-9af5-c4c47e451050', 'c4c84cf1-a86a-43c1-977f-9abf68a6436e']"
e7fff321-99a1-4d05-a9c8-337b216f8dc0,13,"['66a2e948-b8d3-425e-82a5-dfe399f2d106', '66a2e948-b8d3-425e-82a5-dfe399f2d106', '66a2e948-b8d3-425e-82a5-dfe399f2d106', '66a2e948-b8d3-425e-82a5-dfe399f2d106', '0fcb21a4-9adc-4c73-87a8-5501b03f90b2']"
819dbbde-caec-43aa-ac59-8ee6a2e6f496,14,"['b730f367-56d3-46e9-8844-1100fad6fa21', 'b730f367-56d3-46e9-8844-1100fad6fa21', 'b730f367-56d3-46e9-8844-1100fad6fa21', 'b730f367-56d3-46e9-8844-1100fad6fa21', 'd3463236-3cb2-4d6e-a157-96f9c0937626']"
c3d6148d-9789-4db8-9b3e-c415b43076f2,7,"['ea88468f-0c8a-4c87-bf49-4227804129ec', 'ea88468f-0c8a-4c87-bf49-4227804129ec', 'ea88468f-0c8a-4c87-bf49-4227804129ec', 'ea88468f-0c8a-4c87-bf49-4227804129ec', '3ecaac3a-75d1-4f4b-9aef-0a013d11ee8c']"
ffd3126b-49da-432d-b046-0f08986a43aa,14,"['a87bbd57-a07b-4b44-90c6-d6216dfdf03f', 'a87bbd57-a07b-4b44-90c6-d6216dfdf03f', 'd8da206a-facd-4e99-849f-973d5762678d', 'c421c1d6-a471-4ded-800b-d8675392d8f5', '543d173f-1a3f-485d-8171-0a6eb4bf285d']"
819dbbde-caec-43aa-ac59-8ee6a2e6f496,15,"['b730f367-56d3-46e9-8844-1100fad6fa21', 'b730f367-56d3-46e9-8844-1100fad6fa21', 'b730f367-56d3-46e9-8844-1100fad6fa21', 'd3463236-3cb2-4d6e-a157-96f9c0937626', 'fad34636-f9b9-46df-a96f-6c79b02e07b5']"
c3d6148d-9789-4db8-9b3e-c415b43076f2,8,"['ea88468f-0c8a-4c87-bf49-4227804129ec', 'ea88468f-0c8a-4c87-bf49-4227804129ec', 'ea88468f-0c8a-4c87-bf49-4227804129ec', '3ecaac3a-75d1-4f4b-9aef-0a013d11ee8c', 'e80ddf71-b9c2-451c-8dc7-64417cdce417']"
ffd3126b-49da-432d-b046-0f08986a43aa,15,"['a87bbd57-a07b-4b44-90c6-d6216dfdf03f', 'd8da206a-facd-4e99-849f-973d5762678d', 'c421c1d6-a471-4ded-800b-d8675392d8f5', '543d173f-1a3f-485d-8171-0a6eb4bf285d', 'f6858d1a-4ba1-4dbb-88b0-b13348e9fd33']"
ffd3126b-49da-432d-b046-0f08986a43aa,16,"['a87bbd57-a07b-4b44-90c6-d6216dfdf03f', 'd8da206a-facd-4e99-849f-973d5762678d', 'c421c1d6-a471-4ded-800b-d8675392d8f5', '543d173f-1a3f-485d-8171-0a6eb4bf285d', 'f6858d1a-4ba1-4dbb-88b0-b13348e9fd33']"
ffd3126b-49da-432d-b046-0f08986a43aa,17,"['a87bbd57-a07b-4b44-90c6-d6216dfdf03f', 'd8da206a-facd-4e99-849f-973d5762678d', 'c421c1d6-a471-4ded-800b-d8675392d8f5', '543d173f-1a3f-485d-8171-0a6eb4bf285d', 'f6858d1a-4ba1-4dbb-88b0-b13348e9fd33']"
e7fff321-99a1-4d05-a9c8-337b216f8dc0,14,"['66a2e948-b8d3-425e-82a5-dfe399f2d106', '66a2e948-b8d3-425e-82a5-dfe399f2d106', '0fcb21a4-9adc-4c73-87a8-5501b03f90b2', '384404c7-6ab0-40be-92ed-d6abefb45486', '7186bf6a-161d-4d6f-b0d9-002afa7d3d6d']"
ffd3126b-49da-432d-b046-0f08986a43aa,18,"['a87bbd57-a07b-4b44-90c6-d6216dfdf03f', 'd8da206a-facd-4e99-849f-973d5762678d', 'c421c1d6-a471-4ded-800b-d8675392d8f5', '543d173f-1a3f-485d-8171-0a6eb4bf285d', 'f6858d1a-4ba1-4dbb-88b0-b13348e9fd33']"
ffd3126b-49da-432d-b046-0f08986a43aa,19,"['a87bbd57-a07b-4b44-90c6-d6216dfdf03f', 'd8da206a-facd-4e99-849f-973d5762678d', 'c421c1d6-a471-4ded-800b-d8675392d8f5', '543d173f-1a3f-485d-8171-0a6eb4bf285d', 'f6858d1a-4ba1-4dbb-88b0-b13348e9fd33']"
887850cf-c06e-48f1-b790-7e28c22127c9,21,"['a29cd9c7-7d3b-45e4-9198-646a1c3a82e1', 'a5bd89d5-407b-45bc-a4e4-2dc295b4c2e7', 'bf913317-3970-4fe0-83d9-ea925c047882', 'f4ca9741-4337-4536-a790-7a16ad4ea65b', '3bafe15f-70e9-48fb-a280-b10b25a374a2']"
e7fff321-99a1-4d05-a9c8-337b216f8dc0,15,"['66a2e948-b8d3-425e-82a5-dfe399f2d106', '66a2e948-b8d3-425e-82a5-dfe399f2d106', '66a2e948-b8d3-425e-82a5-dfe399f2d106', '66a2e948-b8d3-425e-82a5-dfe399f2d106', '66cc8b38-b423-4dd2-907c-4582929cbf97']"
819dbbde-caec-43aa-ac59-8ee6a2e6f496,16,"['b730f367-56d3-46e9-8844-1100fad6fa21', 'b730f367-56d3-46e9-8844-1100fad6fa21', 'd3463236-3cb2-4d6e-a157-96f9c0937626', 'e4043dd2-cb64-43d1-9dc6-dc2d506404d9', '1e304e00-19f3-46d2-a349-185c7712e1fd']"
ffd3126b-49da-432d-b046-0f08986a43aa,20,"['d8da206a-facd-4e99-849f-973d5762678d', 'c421c1d6-a471-4ded-800b-d8675392d8f5', '543d173f-1a3f-485d-8171-0a6eb4bf285d', 'f6858d1a-4ba1-4dbb-88b0-b13348e9fd33', '6aeef5e4-3236-4f72-9d39-ab5256f10701']"
c3d6148d-9789-4db8-9b3e-c415b43076f2,9,"['ea88468f-0c8a-4c87-bf49-4227804129ec', '3ecaac3a-75d1-4f4b-9aef-0a013d11ee8c', 'e80ddf71-b9c2-451c-8dc7-64417cdce417', '98156a50-5bc8-4152-a158-50a837bb17ed', '0fcf10cc-bb4b-4fbb-aec7-11b2d4e71dda']"
e7fff321-99a1-4d05-a9c8-337b216f8dc0,16,"['66a2e948-b8d3-425e-82a5-dfe399f2d106', '66a2e948-b8d3-425e-82a5-dfe399f2d106', '66a2e948-b8d3-425e-82a5-dfe399f2d106', '66cc8b38-b423-4dd2-907c-4582929cbf97', '5a2ae6b6-656d-4e0f-892a-9468736cbfab']"
c3d6148d-9789-4db8-9b3e-c415b43076f2,10,"['ea88468f-0c8a-4c87-bf49-4227804129ec', 'ea88468f-0c8a-4c87-bf49-4227804129ec', 'ea88468f-0c8a-4c87-bf49-4227804129ec', 'ea88468f-0c8a-4c87-bf49-4227804129ec', 'dd3ddbf8-8ddc-4af8-b713-4bb7343dece5']"
887850cf-c06e-48f1-b790-7e28c22127c9,22,"['a29cd9c7-7d3b-45e4-9198-646a1c3a82e1', 'a29cd9c7-7d3b-45e4-9198-646a1c3a82e1', 'a29cd9c7-7d3b-45e4-9198-646a1c3a82e1', '701a2fcf-21bd-411f-8d16-6a667bbc8fc4', 'ac0d34ea-28f9-450a-8dda-76922b99cbe6']"
819dbbde-caec-43aa-ac59-8ee6a2e6f496,17,"['b730f367-56d3-46e9-8844-1100fad6fa21', 'b730f367-56d3-46e9-8844-1100fad6fa21', 'b730f367-56d3-46e9-8844-1100fad6fa21', '32c3e6cc-f140-454f-b2a9-b6065307be1b', 'f2440cb7-2e7d-45b9-8e33-f0ab6c110011']"
ffd3126b-49da-432d-b046-0f08986a43aa,21,"['d8da206a-facd-4e99-849f-973d5762678d', 'd8da206a-facd-4e99-849f-973d5762678d', '543d173f-1a3f-485d-8171-0a6eb4bf285d', '93607497-c82e-4ba2-bde6-b3b7c11b3e5d', '21425498-9260-4bf6-a6b4-9066dfc2d2e2']"
887850cf-c06e-48f1-b790-7e28c22127c9,23,"['a29cd9c7-7d3b-45e4-9198-646a1c3a82e1', 'a29cd9c7-7d3b-45e4-9198-646a1c3a82e1', '701a2fcf-21bd-411f-8d16-6a667bbc8fc4', 'ac0d34ea-28f9-450a-8dda-76922b99cbe6', '42968caa-ef4f-40a6-a259-75bb81ec1df6']"
e7fff321-99a1-4d05-a9c8-337b216f8dc0,17,"['66a2e948-b8d3-425e-82a5-dfe399f2d106', '66cc8b38-b423-4dd2-907c-4582929cbf97', '5a2ae6b6-656d-4e0f-892a-9468736cbfab', 'a59d9935-6451-4f4f-809d-fb5ad663d21b', '8546e5a5-0021-4648-bfe6-5dc5f50bbf73']"
ffd3126b-49da-432d-b046-0f08986a43aa,22,"['d8da206a-facd-4e99-849f-973d5762678d', '543d173f-1a3f-485d-8171-0a6eb4bf285d', '93607497-c82e-4ba2-bde6-b3b7c11b3e5d', '21425498-9260-4bf6-a6b4-9066dfc2d2e2', 'f5dba4d6-f249-4954-8e5c-d9f5c4e64bca']"
ffd3126b-49da-432d-b046-0f08986a43aa,23,"['d8da206a-facd-4e99-849f-973d5762678d', 'd8da206a-facd-4e99-849f-973d5762678d', '543d173f-1a3f-485d-8171-0a6eb4bf285d', '543d173f-1a3f-485d-8171-0a6eb4bf285d', '543d173f-1a3f-485d-8171-0a6eb4bf285d']"
ffd3126b-49da-432d-b046-0f08986a43aa,24,"['d8da206a-facd-4e99-849f-973d5762678d', 'd8da206a-facd-4e99-849f-973d5762678d', '543d173f-1a3f-485d-8171-0a6eb4bf285d', '543d173f-1a3f-485d-8171-0a6eb4bf285d', '543d173f-1a3f-485d-8171-0a6eb4bf285d']"
819dbbde-caec-43aa-ac59-8ee6a2e6f496,18,"['b730f367-56d3-46e9-8844-1100fad6fa21', 'b730f367-56d3-46e9-8844-1100fad6fa21', 'f2440cb7-2e7d-45b9-8e33-f0ab6c110011', 'cf236c6e-31d1-4daf-af5f-d1c37a47e6c0', 'aa6d4262-a7e5-433b-85e7-296552db3457']"
c3d6148d-9789-4db8-9b3e-c415b43076f2,11,"['ea88468f-0c8a-4c87-bf49-4227804129ec', 'ea88468f-0c8a-4c87-bf49-4227804129ec', 'dd3ddbf8-8ddc-4af8-b713-4bb7343dece5', '0286bbaa-7ca0-4934-8c44-ac1fd987f3d5', '03bbbae5-be58-4be3-9317-9727e9c23929']"
887850cf-c06e-48f1-b790-7e28c22127c9,24,"['a29cd9c7-7d3b-45e4-9198-646a1c3a82e1', 'a29cd9c7-7d3b-45e4-9198-646a1c3a82e1', 'a29cd9c7-7d3b-45e4-9198-646a1c3a82e1', 'a29cd9c7-7d3b-45e4-9198-646a1c3a82e1', '485e4d44-c46b-4272-b1e3-1558479c7a94']"
c3d6148d-9789-4db8-9b3e-c415b43076f2,12,"['ea88468f-0c8a-4c87-bf49-4227804129ec', 'ea88468f-0c8a-4c87-bf49-4227804129ec', 'ea88468f-0c8a-4c87-bf49-4227804129ec', 'ea88468f-0c8a-4c87-bf49-4227804129ec', 'ea88468f-0c8a-4c87-bf49-4227804129ec']"
c3d6148d-9789-4db8-9b3e-c415b43076f2,13,"['ea88468f-0c8a-4c87-bf49-4227804129ec', 'ea88468f-0c8a-4c87-bf49-4227804129ec', 'ea88468f-0c8a-4c87-bf49-4227804129ec', 'ea88468f-0c8a-4c87-bf49-4227804129ec', 'ea88468f-0c8a-4c87-bf49-4227804129ec']"
e7fff321-99a1-4d05-a9c8-337b216f8dc0,18,"['66a2e948-b8d3-425e-82a5-dfe399f2d106', '66a2e948-b8d3-425e-82a5-dfe399f2d106', '66a2e948-b8d3-425e-82a5-dfe399f2d106', '66a2e948-b8d3-425e-82a5-dfe399f2d106', '9eebe369-6ab3-493e-8195-4740ea153c39']"
887850cf-c06e-48f1-b790-7e28c22127c9,25,"['a29cd9c7-7d3b-45e4-9198-646a1c3a82e1', 'a29cd9c7-7d3b-45e4-9198-646a1c3a82e1', 'a29cd9c7-7d3b-45e4-9198-646a1c3a82e1', 'a29cd9c7-7d3b-45e4-9198-646a1c3a82e1', '7a780bc1-d3a3-4b87-99e6-5e2d569aab0b']"
887850cf-c06e-48f1-b790-7e28c22127c9,26,"['a29cd9c7-7d3b-45e4-9198-646a1c3a82e1', 'a29cd9c7-7d3b-45e4-9198-646a1c3a82e1', 'a29cd9c7-7d3b-45e4-9198-646a1c3a82e1', 'a29cd9c7-7d3b-45e4-9198-646a1c3a82e1', '7a780bc1-d3a3-4b87-99e6-5e2d569aab0b']"
c3d6148d-9789-4db8-9b3e-c415b43076f2,14,"['ea88468f-0c8a-4c87-bf49-4227804129ec', 'ea88468f-0c8a-4c87-bf49-4227804129ec', 'ea88468f-0c8a-4c87-bf49-4227804129ec', 'ea88468f-0c8a-4c87-bf49-4227804129ec', '8d8eea93-8ef8-4523-bf10-9479567d0255']"
e7fff321-99a1-4d05-a9c8-337b216f8dc0,19,"['66a2e948-b8d3-425e-82a5-dfe399f2d106', '66a2e948-b8d3-425e-82a5-dfe399f2d106', '66a2e948-b8d3-425e-82a5-dfe399f2d106', '9eebe369-6ab3-493e-8195-4740ea153c39', 'b5dc1007-db12-4c77-9bdb-0c84762bc931']"
c3d6148d-9789-4db8-9b3e-c415b43076f2,15,"['ea88468f-0c8a-4c87-bf49-4227804129ec', 'ea88468f-0c8a-4c87-bf49-4227804129ec', 'ea88468f-0c8a-4c87-bf49-4227804129ec', 'ea88468f-0c8a-4c87-bf49-4227804129ec', '8d8eea93-8ef8-4523-bf10-9479567d0255']"
c3d6148d-9789-4db8-9b3e-c415b43076f2,16,"['ea88468f-0c8a-4c87-bf49-4227804129ec', 'ea88468f-0c8a-4c87-bf49-4227804129ec', 'ea88468f-0c8a-4c87-bf49-4227804129ec', 'ea88468f-0c8a-4c87-bf49-4227804129ec', '8d8eea93-8ef8-4523-bf10-9479567d0255']"
c3d6148d-9789-4db8-9b3e-c415b43076f2,17,"['ea88468f-0c8a-4c87-bf49-4227804129ec', 'ea88468f-0c8a-4c87-bf49-4227804129ec', 'ea88468f-0c8a-4c87-bf49-4227804129ec', 'ea88468f-0c8a-4c87-bf49-4227804129ec', '8d8eea93-8ef8-4523-bf10-9479567d0255']"
ffd3126b-49da-432d-b046-0f08986a43aa,25,"['d8da206a-facd-4e99-849f-973d5762678d', '543d173f-1a3f-485d-8171-0a6eb4bf285d', '543d173f-1a3f-485d-8171-0a6eb4bf285d', 'a0d9457a-8901-4552-9eda-5c27516a0871', 'f881a075-78c5-4b84-a322-06f1ea3fb09b']"
819dbbde-caec-43aa-ac59-8ee6a2e6f496,19,"['b730f367-56d3-46e9-8844-1100fad6fa21', 'b730f367-56d3-46e9-8844-1100fad6fa21', 'b730f367-56d3-46e9-8844-1100fad6fa21', '5e32b508-7367-4460-a542-70929ec6b851', '8c5b099d-9f7b-41fb-95a0-23eebd665762']"
887850cf-c06e-48f1-b790-7e28c22127c9,27,"['a29cd9c7-7d3b-45e4-9198-646a1c3a82e1', 'a29cd9c7-7d3b-45e4-9198-646a1c3a82e1', 'a29cd9c7-7d3b-45e4-9198-646a1c3a82e1', '7a780bc1-d3a3-4b87-99e6-5e2d569aab0b', 'bfd3ee70-90af-40f0-b1d9-de9e77f663bb']"
e7fff321-99a1-4d05-a9c8-337b216f8dc0,20,"['66a2e948-b8d3-425e-82a5-dfe399f2d106', '66a2e948-b8d3-425e-82a5-dfe399f2d106', '9eebe369-6ab3-493e-8195-4740ea153c39', 'b5dc1007-db12-4c77-9bdb-0c84762bc931', 'f69e1168-4b1c-42de-ba84-f03d616126f4']"
887850cf-c06e-48f1-b790-7e28c22127c9,28,"['a29cd9c7-7d3b-45e4-9198-646a1c3a82e1', 'a29cd9c7-7d3b-45e4-9198-646a1c3a82e1', 'a29cd9c7-7d3b-45e4-9198-646a1c3a82e1', '7a780bc1-d3a3-4b87-99e6-5e2d569aab0b', 'bfd3ee70-90af-40f0-b1d9-de9e77f663bb']"
c3d6148d-9789-4db8-9b3e-c415b43076f2,18,"['ea88468f-0c8a-4c87-bf49-4227804129ec', 'ea88468f-0c8a-4c87-bf49-4227804129ec', 'ea88468f-0c8a-4c87-bf49-4227804129ec', '8d8eea93-8ef8-4523-bf10-9479567d0255', 'a266cd08-9a68-4609-8fb5-232a0f913183']"
887850cf-c06e-48f1-b790-7e28c22127c9,29,"['a29cd9c7-7d3b-45e4-9198-646a1c3a82e1', 'a29cd9c7-7d3b-45e4-9198-646a1c3a82e1', '7a780bc1-d3a3-4b87-99e6-5e2d569aab0b', 'bfd3ee70-90af-40f0-b1d9-de9e77f663bb', '76e3e9fc-9436-4ac5-8df7-fbb30ee8ab93']"
819dbbde-caec-43aa-ac59-8ee6a2e6f496,20,"['b730f367-56d3-46e9-8844-1100fad6fa21', '5e32b508-7367-4460-a542-70929ec6b851', '8c5b099d-9f7b-41fb-95a0-23eebd665762', 'c6b68b91-1dea-4b36-a93c-e19e43223935', '111713b0-8403-4aba-b3e1-fba48b2a56f7']"
819dbbde-caec-43aa-ac59-8ee6a2e6f496,21,"['b730f367-56d3-46e9-8844-1100fad6fa21', 'b730f367-56d3-46e9-8844-1100fad6fa21', 'b730f367-56d3-46e9-8844-1100fad6fa21', 'b730f367-56d3-46e9-8844-1100fad6fa21', 'b730f367-56d3-46e9-8844-1100fad6fa21']"
887850cf-c06e-48f1-b790-7e28c22127c9,30,"['a29cd9c7-7d3b-45e4-9198-646a1c3a82e1', 'a29cd9c7-7d3b-45e4-9198-646a1c3a82e1', 'a29cd9c7-7d3b-45e4-9198-646a1c3a82e1', 'a29cd9c7-7d3b-45e4-9198-646a1c3a82e1', '35f57bde-6227-409e-8c57-eddb378cf9aa']"
e7fff321-99a1-4d05-a9c8-337b216f8dc0,21,"['66a2e948-b8d3-425e-82a5-dfe399f2d106', '66a2e948-b8d3-425e-82a5-dfe399f2d106', '66a2e948-b8d3-425e-82a5-dfe399f2d106', '4ed93114-3cfd-438b-926a-86d842e4a933', '60f2c214-47e8-4022-8a22-4a1342926566']"
c3d6148d-9789-4db8-9b3e-c415b43076f2,19,"['ea88468f-0c8a-4c87-bf49-4227804129ec', 'ea88468f-0c8a-4c87-bf49-4227804129ec', 'a266cd08-9a68-4609-8fb5-232a0f913183', 'ae5224c1-8992-4647-a7ca-9c219624d730', '825a1eb0-43d8-49d7-8e48-8352dc51b3a9']"
819dbbde-caec-43aa-ac59-8ee6a2e6f496,22,"['b730f367-56d3-46e9-8844-1100fad6fa21', 'b730f367-56d3-46e9-8844-1100fad6fa21', 'b730f367-56d3-46e9-8844-1100fad6fa21', 'b730f367-56d3-46e9-8844-1100fad6fa21', '707ca9fe-df45-49de-af1d-fd717f6352a8']"
819dbbde-caec-43aa-ac59-8ee6a2e6f496,23,"['b730f367-56d3-46e9-8844-1100fad6fa21', 'b730f367-56d3-46e9-8844-1100fad6fa21', 'b730f367-56d3-46e9-8844-1100fad6fa21', 'b730f367-56d3-46e9-8844-1100fad6fa21', '707ca9fe-df45-49de-af1d-fd717f6352a8']"
ffd3126b-49da-432d-b046-0f08986a43aa,26,"['d8da206a-facd-4e99-849f-973d5762678d', 'a0d9457a-8901-4552-9eda-5c27516a0871', '4cd1f5d0-e083-45bf-a7d0-f8fbe1260a1a', '9c3fe23d-9543-4250-b4f1-8a17aa3ca34e', 'fd949273-8a4e-44f0-8dc5-6e68dfc9ecdf']"
819dbbde-caec-43aa-ac59-8ee6a2e6f496,24,"['b730f367-56d3-46e9-8844-1100fad6fa21', 'b730f367-56d3-46e9-8844-1100fad6fa21', 'b730f367-56d3-46e9-8844-1100fad6fa21', 'b730f367-56d3-46e9-8844-1100fad6fa21', '707ca9fe-df45-49de-af1d-fd717f6352a8']"
887850cf-c06e-48f1-b790-7e28c22127c9,31,"['a29cd9c7-7d3b-45e4-9198-646a1c3a82e1', 'a29cd9c7-7d3b-45e4-9198-646a1c3a82e1', 'a29cd9c7-7d3b-45e4-9198-646a1c3a82e1', '35f57bde-6227-409e-8c57-eddb378cf9aa', 'f6e30c4e-4bf1-4dd2-a5c0-22ff54b85554']"
887850cf-c06e-48f1-b790-7e28c22127c9,32,"['a29cd9c7-7d3b-45e4-9198-646a1c3a82e1', 'a29cd9c7-7d3b-45e4-9198-646a1c3a82e1', 'a29cd9c7-7d3b-45e4-9198-646a1c3a82e1', '35f57bde-6227-409e-8c57-eddb378cf9aa', 'f6e30c4e-4bf1-4dd2-a5c0-22ff54b85554']"
819dbbde-caec-43aa-ac59-8ee6a2e6f496,25,"['b730f367-56d3-46e9-8844-1100fad6fa21', 'b730f367-56d3-46e9-8844-1100fad6fa21', 'b730f367-56d3-46e9-8844-1100fad6fa21', '707ca9fe-df45-49de-af1d-fd717f6352a8', 'fc3fab39-0b4c-402a-ad93-3c7b6d6f91d0']"
887850cf-c06e-48f1-b790-7e28c22127c9,33,"['a29cd9c7-7d3b-45e4-9198-646a1c3a82e1', 'a29cd9c7-7d3b-45e4-9198-646a1c3a82e1', 'a29cd9c7-7d3b-45e4-9198-646a1c3a82e1', '35f57bde-6227-409e-8c57-eddb378cf9aa', 'f6e30c4e-4bf1-4dd2-a5c0-22ff54b85554']"
887850cf-c06e-48f1-b790-7e28c22127c9,34,"['a29cd9c7-7d3b-45e4-9198-646a1c3a82e1', 'a29cd9c7-7d3b-45e4-9198-646a1c3a82e1', 'a29cd9c7-7d3b-45e4-9198-646a1c3a82e1', '35f57bde-6227-409e-8c57-eddb378cf9aa', 'f6e30c4e-4bf1-4dd2-a5c0-22ff54b85554']"
ffd3126b-49da-432d-b046-0f08986a43aa,27,"['4cd1f5d0-e083-45bf-a7d0-f8fbe1260a1a', '9c3fe23d-9543-4250-b4f1-8a17aa3ca34e', '9c3fe23d-9543-4250-b4f1-8a17aa3ca34e', '9c3fe23d-9543-4250-b4f1-8a17aa3ca34e', 'df3038b4-8543-4b14-99ac-384ee5a98c9d']"
ffd3126b-49da-432d-b046-0f08986a43aa,28,"['4cd1f5d0-e083-45bf-a7d0-f8fbe1260a1a', '9c3fe23d-9543-4250-b4f1-8a17aa3ca34e', '9c3fe23d-9543-4250-b4f1-8a17aa3ca34e', '9c3fe23d-9543-4250-b4f1-8a17aa3ca34e', 'df3038b4-8543-4b14-99ac-384ee5a98c9d']"
e7fff321-99a1-4d05-a9c8-337b216f8dc0,22,"['66a2e948-b8d3-425e-82a5-dfe399f2d106', '4ed93114-3cfd-438b-926a-86d842e4a933', '60f2c214-47e8-4022-8a22-4a1342926566', '34ba5f8b-2338-4332-a52c-9fd90f1ab389', '12a99f28-0ee8-427a-80f1-826044ffa0e1']"
819dbbde-caec-43aa-ac59-8ee6a2e6f496,26,"['b730f367-56d3-46e9-8844-1100fad6fa21', 'b730f367-56d3-46e9-8844-1100fad6fa21', 'b730f367-56d3-46e9-8844-1100fad6fa21', '707ca9fe-df45-49de-af1d-fd717f6352a8', 'e590c104-a392-43d5-8416-fc99f90739d3']"
e7fff321-99a1-4d05-a9c8-337b216f8dc0,23,"['66a2e948-b8d3-425e-82a5-dfe399f2d106', '66a2e948-b8d3-425e-82a5-dfe399f2d106', '66a2e948-b8d3-425e-82a5-dfe399f2d106', '4ed93114-3cfd-438b-926a-86d842e4a933', '4ed93114-3cfd-438b-926a-86d842e4a933']"
819dbbde-caec-43aa-ac59-8ee6a2e6f496,27,"['b730f367-56d3-46e9-8844-1100fad6fa21', 'b730f367-56d3-46e9-8844-1100fad6fa21', 'b730f367-56d3-46e9-8844-1100fad6fa21', '707ca9fe-df45-49de-af1d-fd717f6352a8', 'e590c104-a392-43d5-8416-fc99f90739d3']"
e7fff321-99a1-4d05-a9c8-337b216f8dc0,24,"['66a2e948-b8d3-425e-82a5-dfe399f2d106', '66a2e948-b8d3-425e-82a5-dfe399f2d106', '66a2e948-b8d3-425e-82a5-dfe399f2d106', '4ed93114-3cfd-438b-926a-86d842e4a933', '4ed93114-3cfd-438b-926a-86d842e4a933']"
e7fff321-99a1-4d05-a9c8-337b216f8dc0,25,"['66a2e948-b8d3-425e-82a5-dfe399f2d106', '66a2e948-b8d3-425e-82a5-dfe399f2d106', '66a2e948-b8d3-425e-82a5-dfe399f2d106', '4ed93114-3cfd-438b-926a-86d842e4a933', '4ed93114-3cfd-438b-926a-86d842e4a933']"
887850cf-c06e-48f1-b790-7e28c22127c9,35,"['a29cd9c7-7d3b-45e4-9198-646a1c3a82e1', 'a29cd9c7-7d3b-45e4-9198-646a1c3a82e1', 'a29cd9c7-7d3b-45e4-9198-646a1c3a82e1', '35f57bde-6227-409e-8c57-eddb378cf9aa', '99e07789-34f1-4c24-b890-8867b8aaa984']"
c3d6148d-9789-4db8-9b3e-c415b43076f2,20,"['ea88468f-0c8a-4c87-bf49-4227804129ec', 'ea88468f-0c8a-4c87-bf49-4227804129ec', 'ea88468f-0c8a-4c87-bf49-4227804129ec', 'e1359a99-0946-4890-811a-05a510108e6b', '71b66b42-5a85-466f-974f-ffabf61bc90d']"
ffd3126b-49da-432d-b046-0f08986a43aa,29,"['4cd1f5d0-e083-45bf-a7d0-f8fbe1260a1a', '9c3fe23d-9543-4250-b4f1-8a17aa3ca34e', '9c3fe23d-9543-4250-b4f1-8a17aa3ca34e', 'df3038b4-8543-4b14-99ac-384ee5a98c9d', '75e5e9a0-8eff-4261-b6a8-4a99df4a32aa']"
819dbbde-caec-43aa-ac59-8ee6a2e6f496,28,"['b730f367-56d3-46e9-8844-1100fad6fa21', 'b730f367-56d3-46e9-8844-1100fad6fa21', 'b730f367-56d3-46e9-8844-1100fad6fa21', 'e590c104-a392-43d5-8416-fc99f90739d3', 'a27ccfda-22f7-4157-b725-e4a7b9306c64']"
e7fff321-99a1-4d05-a9c8-337b216f8dc0,26,"['66a2e948-b8d3-425e-82a5-dfe399f2d106', '66a2e948-b8d3-425e-82a5-dfe399f2d106', '4ed93114-3cfd-438b-926a-86d842e4a933', '4ed93114-3cfd-438b-926a-86d842e4a933', 'c4db8d3c-069d-494b-a191-a4519bcf274c']"
887850cf-c06e-48f1-b790-7e28c22127c9,36,"['a29cd9c7-7d3b-45e4-9198-646a1c3a82e1', 'a29cd9c7-7d3b-45e4-9198-646a1c3a82e1', 'a29cd9c7-7d3b-45e4-9198-646a1c3a82e1', '99e07789-34f1-4c24-b890-8867b8aaa984', '6cec4a88-6a31-4ed1-89c3-326249273236']"
887850cf-c06e-48f1-b790-7e28c22127c9,37,"['a29cd9c7-7d3b-45e4-9198-646a1c3a82e1', 'a29cd9c7-7d3b-45e4-9198-646a1c3a82e1', 'a29cd9c7-7d3b-45e4-9198-646a1c3a82e1', '6cec4a88-6a31-4ed1-89c3-326249273236', '8c6d041f-c2d6-4ce1-a019-85a1ac52c7b6']"
ffd3126b-49da-432d-b046-0f08986a43aa,30,"['4cd1f5d0-e083-45bf-a7d0-f8fbe1260a1a', '9c3fe23d-9543-4250-b4f1-8a17aa3ca34e', '9c3fe23d-9543-4250-b4f1-8a17aa3ca34e', '75e5e9a0-8eff-4261-b6a8-4a99df4a32aa', '51e9eb77-d8e4-48e0-9d62-fc3d150b3600']"
819dbbde-caec-43aa-ac59-8ee6a2e6f496,29,"['b730f367-56d3-46e9-8844-1100fad6fa21', 'b730f367-56d3-46e9-8844-1100fad6fa21', 'b730f367-56d3-46e9-8844-1100fad6fa21', 'e590c104-a392-43d5-8416-fc99f90739d3', '59bb0bda-c1f5-4e8e-a246-b7dbad512416']"
e7fff321-99a1-4d05-a9c8-337b216f8dc0,27,"['66a2e948-b8d3-425e-82a5-dfe399f2d106', '66a2e948-b8d3-425e-82a5-dfe399f2d106', '4ed93114-3cfd-438b-926a-86d842e4a933', 'c4db8d3c-069d-494b-a191-a4519bcf274c', '5e622d5b-81b3-41e9-bd04-46c5eb26f680']"
819dbbde-caec-43aa-ac59-8ee6a2e6f496,30,"['b730f367-56d3-46e9-8844-1100fad6fa21', 'b730f367-56d3-46e9-8844-1100fad6fa21', 'b730f367-56d3-46e9-8844-1100fad6fa21', 'e590c104-a392-43d5-8416-fc99f90739d3', '59bb0bda-c1f5-4e8e-a246-b7dbad512416']"
ffd3126b-49da-432d-b046-0f08986a43aa,31,"['4cd1f5d0-e083-45bf-a7d0-f8fbe1260a1a', '9c3fe23d-9543-4250-b4f1-8a17aa3ca34e', '75e5e9a0-8eff-4261-b6a8-4a99df4a32aa', '51e9eb77-d8e4-48e0-9d62-fc3d150b3600', 'e57b68cc-1178-4c9f-acf5-1291a3af8470']"
ffd3126b-49da-432d-b046-0f08986a43aa,32,"['4cd1f5d0-e083-45bf-a7d0-f8fbe1260a1a', '4cd1f5d0-e083-45bf-a7d0-f8fbe1260a1a', '9c3fe23d-9543-4250-b4f1-8a17aa3ca34e', '9c3fe23d-9543-4250-b4f1-8a17aa3ca34e', '9c3fe23d-9543-4250-b4f1-8a17aa3ca34e']"
887850cf-c06e-48f1-b790-7e28c22127c9,38,"['a29cd9c7-7d3b-45e4-9198-646a1c3a82e1', 'a29cd9c7-7d3b-45e4-9198-646a1c3a82e1', '6cec4a88-6a31-4ed1-89c3-326249273236', 'b6fdd5c8-bae0-4b81-9b9d-e97d2477bd48', '3815b119-e7fe-4a8d-b6db-6edad3015032']"
819dbbde-caec-43aa-ac59-8ee6a2e6f496,31,"['b730f367-56d3-46e9-8844-1100fad6fa21', 'b730f367-56d3-46e9-8844-1100fad6fa21', 'e590c104-a392-43d5-8416-fc99f90739d3', '59bb0bda-c1f5-4e8e-a246-b7dbad512416', '474275f2-d54c-4ba5-b8d1-1a4016677470']"
819dbbde-caec-43aa-ac59-8ee6a2e6f496,32,"['b730f367-56d3-46e9-8844-1100fad6fa21', 'b730f367-56d3-46e9-8844-1100fad6fa21', 'b730f367-56d3-46e9-8844-1100fad6fa21', 'b730f367-56d3-46e9-8844-1100fad6fa21', 'b730f367-56d3-46e9-8844-1100fad6fa21']"
c3d6148d-9789-4db8-9b3e-c415b43076f2,21,"['ea88468f-0c8a-4c87-bf49-4227804129ec', 'ea88468f-0c8a-4c87-bf49-4227804129ec', 'c738b001-7e65-49ba-a296-c0637738cce4', '313bbb82-d612-4365-9ac8-654838d5b487', 'ec7ee509-2241-4e46-8917-5772c965af9f']"
887850cf-c06e-48f1-b790-7e28c22127c9,39,"['a29cd9c7-7d3b-45e4-9198-646a1c3a82e1', 'a29cd9c7-7d3b-45e4-9198-646a1c3a82e1', 'a29cd9c7-7d3b-45e4-9198-646a1c3a82e1', 'a29cd9c7-7d3b-45e4-9198-646a1c3a82e1', 'd5278c8b-10ff-43f4-8af0-779772e49dd0']"
ffd3126b-49da-432d-b046-0f08986a43aa,33,"['4cd1f5d0-e083-45bf-a7d0-f8fbe1260a1a', '4cd1f5d0-e083-45bf-a7d0-f8fbe1260a1a', '9c3fe23d-9543-4250-b4f1-8a17aa3ca34e', '9c3fe23d-9543-4250-b4f1-8a17aa3ca34e', 'c6573bc8-2049-4036-8f03-e6635ad4e233']"
e7fff321-99a1-4d05-a9c8-337b216f8dc0,28,"['66a2e948-b8d3-425e-82a5-dfe399f2d106', '66a2e948-b8d3-425e-82a5-dfe399f2d106', 'c4db8d3c-069d-494b-a191-a4519bcf274c', 'a8c4ff7f-206a-4837-80b4-391b2257e095', '74cdb4f8-4826-4108-9fd0-d0b442ba9578']"
887850cf-c06e-48f1-b790-7e28c22127c9,40,"['a29cd9c7-7d3b-45e4-9198-646a1c3a82e1', 'a29cd9c7-7d3b-45e4-9198-646a1c3a82e1', 'a29cd9c7-7d3b-45e4-9198-646a1c3a82e1', 'd5278c8b-10ff-43f4-8af0-779772e49dd0', 'd93620de-2ad9-456a-b219-031a09d32b58']"
ffd3126b-49da-432d-b046-0f08986a43aa,34,"['4cd1f5d0-e083-45bf-a7d0-f8fbe1260a1a', '4cd1f5d0-e083-45bf-a7d0-f8fbe1260a1a', '9c3fe23d-9543-4250-b4f1-8a17aa3ca34e', '9c3fe23d-9543-4250-b4f1-8a17aa3ca34e', 'ff6bb4ff-d116-405c-bbf3-5a021003c0cd']"
819dbbde-caec-43aa-ac59-8ee6a2e6f496,33,"['b730f367-56d3-46e9-8844-1100fad6fa21', 'b730f367-56d3-46e9-8844-1100fad6fa21', 'b730f367-56d3-46e9-8844-1100fad6fa21', '20ba3c30-61de-4d60-a9cc-c90f03e55ef0', '0640fc71-094f-4696-8ac6-14d1a667cb84']"
c3d6148d-9789-4db8-9b3e-c415b43076f2,22,"['ea88468f-0c8a-4c87-bf49-4227804129ec', 'ea88468f-0c8a-4c87-bf49-4227804129ec', 'ea88468f-0c8a-4c87-bf49-4227804129ec', 'b4b007b2-474f-43eb-9da4-4db889b10184', '28afb632-460e-4fb5-b05c-b89e26e2fbf3']"
887850cf-c06e-48f1-b790-7e28c22127c9,41,"['a29cd9c7-7d3b-45e4-9198-646a1c3a82e1', 'a29cd9c7-7d3b-45e4-9198-646a1c3a82e1', 'a29cd9c7-7d3b-45e4-9198-646a1c3a82e1', 'd93620de-2ad9-456a-b219-031a09d32b58', 'f339df7c-8f51-4741-b1af-ba362fe9eca0']"
ffd3126b-49da-432d-b046-0f08986a43aa,35,"['4cd1f5d0-e083-45bf-a7d0-f8fbe1260a1a', '4cd1f5d0-e083-45bf-a7d0-f8fbe1260a1a', '9c3fe23d-9543-4250-b4f1-8a17aa3ca34e', 'ff6bb4ff-d116-405c-bbf3-5a021003c0cd', '40f6e687-ec5a-4800-8911-fbc59ef26a05']"
e7fff321-99a1-4d05-a9c8-337b216f8dc0,29,"['66a2e948-b8d3-425e-82a5-dfe399f2d106', '66a2e948-b8d3-425e-82a5-dfe399f2d106', '66a2e948-b8d3-425e-82a5-dfe399f2d106', '14c40fe8-d16a-4b62-8d96-d5733d8aea27', 'b6fd9288-2eaf-4743-9c39-a661f23ef2b4']"
819dbbde-caec-43aa-ac59-8ee6a2e6f496,34,"['b730f367-56d3-46e9-8844-1100fad6fa21', 'b730f367-56d3-46e9-8844-1100fad6fa21', '0640fc71-094f-4696-8ac6-14d1a667cb84', 'ce3f545f-3766-4324-8526-96c9f18a724a', '8147a29e-8cd0-4348-adde-30bc688b3af9']"
819dbbde-caec-43aa-ac59-8ee6a2e6f496,35,"['b730f367-56d3-46e9-8844-1100fad6fa21', 'b730f367-56d3-46e9-8844-1100fad6fa21', 'b730f367-56d3-46e9-8844-1100fad6fa21', 'b730f367-56d3-46e9-8844-1100fad6fa21', 'b730f367-56d3-46e9-8844-1100fad6fa21']"
819dbbde-caec-43aa-ac59-8ee6a2e6f496,36,"['b730f367-56d3-46e9-8844-1100fad6fa21', 'b730f367-56d3-46e9-8844-1100fad6fa21', 'b730f367-56d3-46e9-8844-1100fad6fa21', 'b730f367-56d3-46e9-8844-1100fad6fa21', 'b730f367-56d3-46e9-8844-1100fad6fa21']"
887850cf-c06e-48f1-b790-7e28c22127c9,42,"['a29cd9c7-7d3b-45e4-9198-646a1c3a82e1', 'a29cd9c7-7d3b-45e4-9198-646a1c3a82e1', 'd93620de-2ad9-456a-b219-031a09d32b58', 'f339df7c-8f51-4741-b1af-ba362fe9eca0', 'e353b736-b040-48b5-bb2d-8a7f5ef34046']"
819dbbde-caec-43aa-ac59-8ee6a2e6f496,37,"['b730f367-56d3-46e9-8844-1100fad6fa21', 'b730f367-56d3-46e9-8844-1100fad6fa21', 'b730f367-56d3-46e9-8844-1100fad6fa21', 'b730f367-56d3-46e9-8844-1100fad6fa21', '35834750-0805-4157-8ce4-7c1655687353']"
c3d6148d-9789-4db8-9b3e-c415b43076f2,23,"['ea88468f-0c8a-4c87-bf49-4227804129ec', 'ea88468f-0c8a-4c87-bf49-4227804129ec', 'b4b007b2-474f-43eb-9da4-4db889b10184', '297d75ce-db5e-4705-bfd4-527c3c92cf48', '8bf9905c-1f90-4d65-9835-a97e8c4fdca8']"
887850cf-c06e-48f1-b790-7e28c22127c9,43,"['a29cd9c7-7d3b-45e4-9198-646a1c3a82e1', 'a29cd9c7-7d3b-45e4-9198-646a1c3a82e1', 'a29cd9c7-7d3b-45e4-9198-646a1c3a82e1', 'a29cd9c7-7d3b-45e4-9198-646a1c3a82e1', '24d63f2e-6412-4316-a0fb-3f555bbf211c']"
ffd3126b-49da-432d-b046-0f08986a43aa,36,"['4cd1f5d0-e083-45bf-a7d0-f8fbe1260a1a', '9c3fe23d-9543-4250-b4f1-8a17aa3ca34e', '9c3fe23d-9543-4250-b4f1-8a17aa3ca34e', 'd62ef534-62ad-4ff5-bfdf-4b8076ca81c4', '156a33e5-9f3a-42f4-808a-20f24df83b2e']"
819dbbde-caec-43aa-ac59-8ee6a2e6f496,38,"['b730f367-56d3-46e9-8844-1100fad6fa21', 'b730f367-56d3-46e9-8844-1100fad6fa21', 'b730f367-56d3-46e9-8844-1100fad6fa21', 'b730f367-56d3-46e9-8844-1100fad6fa21', '00f631f5-0959-425c-bc7a-dd0dd72dc8d3']"
c3d6148d-9789-4db8-9b3e-c415b43076f2,24,"['ea88468f-0c8a-4c87-bf49-4227804129ec', 'ea88468f-0c8a-4c87-bf49-4227804129ec', 'ea88468f-0c8a-4c87-bf49-4227804129ec', 'ea88468f-0c8a-4c87-bf49-4227804129ec', '28f48023-e913-4ba6-a2eb-6e86047e6373']"
e7fff321-99a1-4d05-a9c8-337b216f8dc0,30,"['66a2e948-b8d3-425e-82a5-dfe399f2d106', 'b6fd9288-2eaf-4743-9c39-a661f23ef2b4', '6035c1af-277a-4ccc-9f6d-9037bf6db979', 'a86e6a94-a472-41cd-ac75-94848ebfbbbf', 'f05d0291-5394-46d4-a41f-147ce1bee39b']"
e7fff321-99a1-4d05-a9c8-337b216f8dc0,31,"['66a2e948-b8d3-425e-82a5-dfe399f2d106', '66a2e948-b8d3-425e-82a5-dfe399f2d106', '66a2e948-b8d3-425e-82a5-dfe399f2d106', '66a2e948-b8d3-425e-82a5-dfe399f2d106', '66a2e948-b8d3-425e-82a5-dfe399f2d106']"
819dbbde-caec-43aa-ac59-8ee6a2e6f496,39,"['b730f367-56d3-46e9-8844-1100fad6fa21', 'b730f367-56d3-46e9-8844-1100fad6fa21', 'b730f367-56d3-46e9-8844-1100fad6fa21', '00f631f5-0959-425c-bc7a-dd0dd72dc8d3', '0ac97dfc-068a-4ae2-9a7f-393ee78865b3']"
819dbbde-caec-43aa-ac59-8ee6a2e6f496,40,"['b730f367-56d3-46e9-8844-1100fad6fa21', 'b730f367-56d3-46e9-8844-1100fad6fa21', 'b730f367-56d3-46e9-8844-1100fad6fa21', '00f631f5-0959-425c-bc7a-dd0dd72dc8d3', '0ac97dfc-068a-4ae2-9a7f-393ee78865b3']"
e7fff321-99a1-4d05-a9c8-337b216f8dc0,32,"['66a2e948-b8d3-425e-82a5-dfe399f2d106', '66a2e948-b8d3-425e-82a5-dfe399f2d106', '66a2e948-b8d3-425e-82a5-dfe399f2d106', '66a2e948-b8d3-425e-82a5-dfe399f2d106', 'b8adefab-4e7f-41d9-89cf-1e1c7cbcd6c0']"
ffd3126b-49da-432d-b046-0f08986a43aa,37,"['4cd1f5d0-e083-45bf-a7d0-f8fbe1260a1a', '9c3fe23d-9543-4250-b4f1-8a17aa3ca34e', '156a33e5-9f3a-42f4-808a-20f24df83b2e', 'd326dacb-08ce-4e75-b339-3333f79dc0ba', 'bfec6666-e090-4d3a-bcdd-bee8d5b4ecbc']"
ffd3126b-49da-432d-b046-0f08986a43aa,38,"['4cd1f5d0-e083-45bf-a7d0-f8fbe1260a1a', '9c3fe23d-9543-4250-b4f1-8a17aa3ca34e', '9c3fe23d-9543-4250-b4f1-8a17aa3ca34e', '9c3fe23d-9543-4250-b4f1-8a17aa3ca34e', '9c3fe23d-9543-4250-b4f1-8a17aa3ca34e']"
819dbbde-caec-43aa-ac59-8ee6a2e6f496,41,"['b730f367-56d3-46e9-8844-1100fad6fa21', 'b730f367-56d3-46e9-8844-1100fad6fa21', '00f631f5-0959-425c-bc7a-dd0dd72dc8d3', '0ac97dfc-068a-4ae2-9a7f-393ee78865b3', 'dfeead1d-149f-4e45-a878-6a2e04905c1f']"
c3d6148d-9789-4db8-9b3e-c415b43076f2,25,"['ea88468f-0c8a-4c87-bf49-4227804129ec', 'ea88468f-0c8a-4c87-bf49-4227804129ec', '28f48023-e913-4ba6-a2eb-6e86047e6373', '579846ed-cfa8-4521-a133-eec90dc01945', '99e482b8-452e-4131-be6d-bcc9188c86e2']"
e7fff321-99a1-4d05-a9c8-337b216f8dc0,33,"['66a2e948-b8d3-425e-82a5-dfe399f2d106', '66a2e948-b8d3-425e-82a5-dfe399f2d106', '66a2e948-b8d3-425e-82a5-dfe399f2d106', 'b8adefab-4e7f-41d9-89cf-1e1c7cbcd6c0', 'e4621326-2020-497c-8718-bb1fb322042b']"
e7fff321-99a1-4d05-a9c8-337b216f8dc0,34,"['66a2e948-b8d3-425e-82a5-dfe399f2d106', '66a2e948-b8d3-425e-82a5-dfe399f2d106', '66a2e948-b8d3-425e-82a5-dfe399f2d106', 'b8adefab-4e7f-41d9-89cf-1e1c7cbcd6c0', 'e4621326-2020-497c-8718-bb1fb322042b']"
ffd3126b-49da-432d-b046-0f08986a43aa,39,"['4cd1f5d0-e083-45bf-a7d0-f8fbe1260a1a', '9c3fe23d-9543-4250-b4f1-8a17aa3ca34e', '9c3fe23d-9543-4250-b4f1-8a17aa3ca34e', '9c3fe23d-9543-4250-b4f1-8a17aa3ca34e', 'bab2090b-bdc8-4dd0-8502-513acb03bed3']"
c3d6148d-9789-4db8-9b3e-c415b43076f2,26,"['ea88468f-0c8a-4c87-bf49-4227804129ec', 'ea88468f-0c8a-4c87-bf49-4227804129ec', 'ea88468f-0c8a-4c87-bf49-4227804129ec', 'ea88468f-0c8a-4c87-bf49-4227804129ec', '519868b7-7563-4a7c-b6a9-a89a4f970576']"
887850cf-c06e-48f1-b790-7e28c22127c9,44,"['24d63f2e-6412-4316-a0fb-3f555bbf211c', '3c6cc3f0-b657-4848-b36e-1cba453b8297', '2926dc96-ceea-4a05-a3ff-826ee2a4d1a6', '61cde444-bebd-472f-b797-c254b33c2b95', '83acb0d6-fe00-44d9-8e26-355efa422081']"
887850cf-c06e-48f1-b790-7e28c22127c9,45,"['61cde444-bebd-472f-b797-c254b33c2b95', '61cde444-bebd-472f-b797-c254b33c2b95', '61cde444-bebd-472f-b797-c254b33c2b95', '61cde444-bebd-472f-b797-c254b33c2b95', '61cde444-bebd-472f-b797-c254b33c2b95']"
819dbbde-caec-43aa-ac59-8ee6a2e6f496,42,"['b730f367-56d3-46e9-8844-1100fad6fa21', 'b730f367-56d3-46e9-8844-1100fad6fa21', 'b730f367-56d3-46e9-8844-1100fad6fa21', '1ab90bf5-7e6b-4bc4-82fb-ab3147919503', 'ee67b26a-e9f0-49e2-9c58-09b5e19723cf']"
819dbbde-caec-43aa-ac59-8ee6a2e6f496,43,"['b730f367-56d3-46e9-8844-1100fad6fa21', 'b730f367-56d3-46e9-8844-1100fad6fa21', 'b730f367-56d3-46e9-8844-1100fad6fa21', '1ab90bf5-7e6b-4bc4-82fb-ab3147919503', 'ee67b26a-e9f0-49e2-9c58-09b5e19723cf']"
887850cf-c06e-48f1-b790-7e28c22127c9,46,"['61cde444-bebd-472f-b797-c254b33c2b95', '61cde444-bebd-472f-b797-c254b33c2b95', '61cde444-bebd-472f-b797-c254b33c2b95', '61cde444-bebd-472f-b797-c254b33c2b95', 'f417c53d-1abf-497c-88ac-5b04070eebf4']"
887850cf-c06e-48f1-b790-7e28c22127c9,47,"['61cde444-bebd-472f-b797-c254b33c2b95', '61cde444-bebd-472f-b797-c254b33c2b95', '61cde444-bebd-472f-b797-c254b33c2b95', '61cde444-bebd-472f-b797-c254b33c2b95', 'f417c53d-1abf-497c-88ac-5b04070eebf4']"
e7fff321-99a1-4d05-a9c8-337b216f8dc0,35,"['66a2e948-b8d3-425e-82a5-dfe399f2d106', '66a2e948-b8d3-425e-82a5-dfe399f2d106', 'b8adefab-4e7f-41d9-89cf-1e1c7cbcd6c0', '0ffd8583-5542-4c18-885c-46ff2c0e832f', '47812638-4aed-4711-82df-5dc92c36e814']"
819dbbde-caec-43aa-ac59-8ee6a2e6f496,44,"['b730f367-56d3-46e9-8844-1100fad6fa21', 'b730f367-56d3-46e9-8844-1100fad6fa21', 'b730f367-56d3-46e9-8844-1100fad6fa21', 'ee67b26a-e9f0-49e2-9c58-09b5e19723cf', 'f61fa397-2798-472c-8ae5-6496561cd3a1']"
ffd3126b-49da-432d-b046-0f08986a43aa,40,"['4cd1f5d0-e083-45bf-a7d0-f8fbe1260a1a', '9c3fe23d-9543-4250-b4f1-8a17aa3ca34e', 'bab2090b-bdc8-4dd0-8502-513acb03bed3', '9ee57688-1126-4563-a3ce-4cdfead65f80', '790324fc-2537-4c37-9723-2bc5091e2743']"
ffd3126b-49da-432d-b046-0f08986a43aa,41,"['4cd1f5d0-e083-45bf-a7d0-f8fbe1260a1a', '9c3fe23d-9543-4250-b4f1-8a17aa3ca34e', '9c3fe23d-9543-4250-b4f1-8a17aa3ca34e', '9c3fe23d-9543-4250-b4f1-8a17aa3ca34e', '9c3fe23d-9543-4250-b4f1-8a17aa3ca34e']"
819dbbde-caec-43aa-ac59-8ee6a2e6f496,45,"['b730f367-56d3-46e9-8844-1100fad6fa21', 'b730f367-56d3-46e9-8844-1100fad6fa21', 'b730f367-56d3-46e9-8844-1100fad6fa21', 'f61fa397-2798-472c-8ae5-6496561cd3a1', '986640df-7dea-4fcc-beb0-4a2085e05043']"
819dbbde-caec-43aa-ac59-8ee6a2e6f496,46,"['b730f367-56d3-46e9-8844-1100fad6fa21', 'b730f367-56d3-46e9-8844-1100fad6fa21', 'b730f367-56d3-46e9-8844-1100fad6fa21', 'f61fa397-2798-472c-8ae5-6496561cd3a1', '986640df-7dea-4fcc-beb0-4a2085e05043']"
e7fff321-99a1-4d05-a9c8-337b216f8dc0,36,"['66a2e948-b8d3-425e-82a5-dfe399f2d106', '66a2e948-b8d3-425e-82a5-dfe399f2d106', '66a2e948-b8d3-425e-82a5-dfe399f2d106', '66a2e948-b8d3-425e-82a5-dfe399f2d106', '9a96379d-6978-4c4d-984a-b8e7bcba1b7f']"
e7fff321-99a1-4d05-a9c8-337b216f8dc0,37,"['66a2e948-b8d3-425e-82a5-dfe399f2d106', '66a2e948-b8d3-425e-82a5-dfe399f2d106', '66a2e948-b8d3-425e-82a5-dfe399f2d106', '66a2e948-b8d3-425e-82a5-dfe399f2d106', '9a96379d-6978-4c4d-984a-b8e7bcba1b7f']"
c3d6148d-9789-4db8-9b3e-c415b43076f2,27,"['ea88468f-0c8a-4c87-bf49-4227804129ec', '519868b7-7563-4a7c-b6a9-a89a4f970576', 'a4f8af77-c0ef-4f4b-9fc1-e7be3d9543ce', '108e9897-1ac2-4f4f-b7aa-d8291dc654a3', 'ea584ac9-a0d7-4321-945f-da26726e2fe0']"
ffd3126b-49da-432d-b046-0f08986a43aa,42,"['4cd1f5d0-e083-45bf-a7d0-f8fbe1260a1a', '9c3fe23d-9543-4250-b4f1-8a17aa3ca34e', '9c3fe23d-9543-4250-b4f1-8a17aa3ca34e', '9c3fe23d-9543-4250-b4f1-8a17aa3ca34e', 'c21b955b-0081-4dee-b6e5-6155ed02006a']"
887850cf-c06e-48f1-b790-7e28c22127c9,48,"['61cde444-bebd-472f-b797-c254b33c2b95', '61cde444-bebd-472f-b797-c254b33c2b95', '61cde444-bebd-472f-b797-c254b33c2b95', '6f08f580-c53b-4265-8f74-a4f4b4a90b94', '7cb9a349-ec14-4713-bc41-b5ef7de4d6d8']"
819dbbde-caec-43aa-ac59-8ee6a2e6f496,47,"['b730f367-56d3-46e9-8844-1100fad6fa21', 'b730f367-56d3-46e9-8844-1100fad6fa21', 'f61fa397-2798-472c-8ae5-6496561cd3a1', '986640df-7dea-4fcc-beb0-4a2085e05043', 'ab72e67a-f800-408f-9021-f220079bb1fe']"
e7fff321-99a1-4d05-a9c8-337b216f8dc0,38,"['66a2e948-b8d3-425e-82a5-dfe399f2d106', '66a2e948-b8d3-425e-82a5-dfe399f2d106', '66a2e948-b8d3-425e-82a5-dfe399f2d106', '9a96379d-6978-4c4d-984a-b8e7bcba1b7f', '24cee7b2-1290-4965-9288-37c2133d305e']"
c3d6148d-9789-4db8-9b3e-c415b43076f2,28,"['ea88468f-0c8a-4c87-bf49-4227804129ec', 'ea88468f-0c8a-4c87-bf49-4227804129ec', 'ea88468f-0c8a-4c87-bf49-4227804129ec', 'ea88468f-0c8a-4c87-bf49-4227804129ec', '1c994d8e-e478-4a48-98a3-ee12f784fbc6']"
c3d6148d-9789-4db8-9b3e-c415b43076f2,29,"['ea88468f-0c8a-4c87-bf49-4227804129ec', 'ea88468f-0c8a-4c87-bf49-4227804129ec', 'ea88468f-0c8a-4c87-bf49-4227804129ec', 'ea88468f-0c8a-4c87-bf49-4227804129ec', '1c994d8e-e478-4a48-98a3-ee12f784fbc6']"
ffd3126b-49da-432d-b046-0f08986a43aa,43,"['4cd1f5d0-e083-45bf-a7d0-f8fbe1260a1a', '9c3fe23d-9543-4250-b4f1-8a17aa3ca34e', '9c3fe23d-9543-4250-b4f1-8a17aa3ca34e', 'c21b955b-0081-4dee-b6e5-6155ed02006a', 'b2f51b32-0edc-4216-bf4d-653df762b6b6']"
819dbbde-caec-43aa-ac59-8ee6a2e6f496,48,"['b730f367-56d3-46e9-8844-1100fad6fa21', 'b730f367-56d3-46e9-8844-1100fad6fa21', 'b730f367-56d3-46e9-8844-1100fad6fa21', 'b730f367-56d3-46e9-8844-1100fad6fa21', 'f9381bfa-9e12-48bd-bb0d-a6fdf7e118e6']"
ffd3126b-49da-432d-b046-0f08986a43aa,44,"['4cd1f5d0-e083-45bf-a7d0-f8fbe1260a1a', '9c3fe23d-9543-4250-b4f1-8a17aa3ca34e', '9c3fe23d-9543-4250-b4f1-8a17aa3ca34e', 'b2f51b32-0edc-4216-bf4d-653df762b6b6', 'ac70e5b4-45cd-4d1d-b67a-243422e8f68c']"
887850cf-c06e-48f1-b790-7e28c22127c9,49,"['61cde444-bebd-472f-b797-c254b33c2b95', '61cde444-bebd-472f-b797-c254b33c2b95', '6f08f580-c53b-4265-8f74-a4f4b4a90b94', '7cb9a349-ec14-4713-bc41-b5ef7de4d6d8', 'ea6177bb-7323-477b-bc37-20948c5f2e56']"
e7fff321-99a1-4d05-a9c8-337b216f8dc0,39,"['66a2e948-b8d3-425e-82a5-dfe399f2d106', '66a2e948-b8d3-425e-82a5-dfe399f2d106', '66a2e948-b8d3-425e-82a5-dfe399f2d106', '9a96379d-6978-4c4d-984a-b8e7bcba1b7f', '497b02e0-7a86-4e66-90f4-5b74a12fda79']"
e7fff321-99a1-4d05-a9c8-337b216f8dc0,40,"['66a2e948-b8d3-425e-82a5-dfe399f2d106', '66a2e948-b8d3-425e-82a5-dfe399f2d106', '66a2e948-b8d3-425e-82a5-dfe399f2d106', '9a96379d-6978-4c4d-984a-b8e7bcba1b7f', '497b02e0-7a86-4e66-90f4-5b74a12fda79']"
c3d6148d-9789-4db8-9b3e-c415b43076f2,30,"['ea88468f-0c8a-4c87-bf49-4227804129ec', 'ea88468f-0c8a-4c87-bf49-4227804129ec', 'ea88468f-0c8a-4c87-bf49-4227804129ec', '1c994d8e-e478-4a48-98a3-ee12f784fbc6', 'b9fbc6f0-08c9-4381-a28c-72ab290cdef1']"
819dbbde-caec-43aa-ac59-8ee6a2e6f496,49,"['b730f367-56d3-46e9-8844-1100fad6fa21', 'b730f367-56d3-46e9-8844-1100fad6fa21', 'b730f367-56d3-46e9-8844-1100fad6fa21', 'f9381bfa-9e12-48bd-bb0d-a6fdf7e118e6', '988664f0-a14d-44e4-9d53-04444401bd27']"
819dbbde-caec-43aa-ac59-8ee6a2e6f496,50,"['b730f367-56d3-46e9-8844-1100fad6fa21', 'b730f367-56d3-46e9-8844-1100fad6fa21', 'b730f367-56d3-46e9-8844-1100fad6fa21', 'f9381bfa-9e12-48bd-bb0d-a6fdf7e118e6', '988664f0-a14d-44e4-9d53-04444401bd27']"
887850cf-c06e-48f1-b790-7e28c22127c9,50,"['61cde444-bebd-472f-b797-c254b33c2b95', '61cde444-bebd-472f-b797-c254b33c2b95', '61cde444-bebd-472f-b797-c254b33c2b95', '61cde444-bebd-472f-b797-c254b33c2b95', '1da44f81-f4ce-4dbe-b54a-62b2b2e22766']"
887850cf-c06e-48f1-b790-7e28c22127c9,51,"['61cde444-bebd-472f-b797-c254b33c2b95', '61cde444-bebd-472f-b797-c254b33c2b95', '61cde444-bebd-472f-b797-c254b33c2b95', '61cde444-bebd-472f-b797-c254b33c2b95', '1da44f81-f4ce-4dbe-b54a-62b2b2e22766']"
ffd3126b-49da-432d-b046-0f08986a43aa,45,"['4cd1f5d0-e083-45bf-a7d0-f8fbe1260a1a', '9c3fe23d-9543-4250-b4f1-8a17aa3ca34e', 'b2f51b32-0edc-4216-bf4d-653df762b6b6', 'ac70e5b4-45cd-4d1d-b67a-243422e8f68c', '740cdf43-8830-4fd4-b56a-773f55c436fc']"
ffd3126b-49da-432d-b046-0f08986a43aa,46,"['4cd1f5d0-e083-45bf-a7d0-f8fbe1260a1a', '9c3fe23d-9543-4250-b4f1-8a17aa3ca34e', '9c3fe23d-9543-4250-b4f1-8a17aa3ca34e', '9c3fe23d-9543-4250-b4f1-8a17aa3ca34e', '9c3fe23d-9543-4250-b4f1-8a17aa3ca34e']"
c3d6148d-9789-4db8-9b3e-c415b43076f2,31,"['ea88468f-0c8a-4c87-bf49-4227804129ec', 'ea88468f-0c8a-4c87-bf49-4227804129ec', '1c994d8e-e478-4a48-98a3-ee12f784fbc6', 'b9fbc6f0-08c9-4381-a28c-72ab290cdef1', 'b488ae15-920d-42cf-863b-8934242aa3b7']"
c3d6148d-9789-4db8-9b3e-c415b43076f2,32,"['ea88468f-0c8a-4c87-bf49-4227804129ec', 'ea88468f-0c8a-4c87-bf49-4227804129ec', 'ea88468f-0c8a-4c87-bf49-4227804129ec', 'ea88468f-0c8a-4c87-bf49-4227804129ec', 'ea88468f-0c8a-4c87-bf49-4227804129ec']"
819dbbde-caec-43aa-ac59-8ee6a2e6f496,51,"['b730f367-56d3-46e9-8844-1100fad6fa21', 'b730f367-56d3-46e9-8844-1100fad6fa21', 'b730f367-56d3-46e9-8844-1100fad6fa21', '988664f0-a14d-44e4-9d53-04444401bd27', '1291684d-9efb-48bc-a671-5aae7e8443e5']"
e7fff321-99a1-4d05-a9c8-337b216f8dc0,41,"['66a2e948-b8d3-425e-82a5-dfe399f2d106', '66a2e948-b8d3-425e-82a5-dfe399f2d106', '497b02e0-7a86-4e66-90f4-5b74a12fda79', '086bdc7b-f1a9-423d-b84a-37eece385b6c', 'bd307882-b89d-466c-82f5-52373de8f516']"
819dbbde-caec-43aa-ac59-8ee6a2e6f496,52,"['b730f367-56d3-46e9-8844-1100fad6fa21', 'b730f367-56d3-46e9-8844-1100fad6fa21', 'b730f367-56d3-46e9-8844-1100fad6fa21', '988664f0-a14d-44e4-9d53-04444401bd27', 'c61a8016-a86b-4936-80a6-f0caa900bb5b']"
887850cf-c06e-48f1-b790-7e28c22127c9,52,"['61cde444-bebd-472f-b797-c254b33c2b95', '61cde444-bebd-472f-b797-c254b33c2b95', '1da44f81-f4ce-4dbe-b54a-62b2b2e22766', '10f68fc5-2051-4b70-b461-7b93dfff6cb2', 'e9fa1d83-d59d-4e02-8de0-11460e7caffc']"
e7fff321-99a1-4d05-a9c8-337b216f8dc0,42,"['66a2e948-b8d3-425e-82a5-dfe399f2d106', '66a2e948-b8d3-425e-82a5-dfe399f2d106', '66a2e948-b8d3-425e-82a5-dfe399f2d106', '66a2e948-b8d3-425e-82a5-dfe399f2d106', 'f2c3ee14-e229-4946-992e-ac9dcbf571a9']"
e7fff321-99a1-4d05-a9c8-337b216f8dc0,43,"['66a2e948-b8d3-425e-82a5-dfe399f2d106', '66a2e948-b8d3-425e-82a5-dfe399f2d106', '66a2e948-b8d3-425e-82a5-dfe399f2d106', '66a2e948-b8d3-425e-82a5-dfe399f2d106', 'f2c3ee14-e229-4946-992e-ac9dcbf571a9']"
ffd3126b-49da-432d-b046-0f08986a43aa,47,"['9c3fe23d-9543-4250-b4f1-8a17aa3ca34e', '9c3fe23d-9543-4250-b4f1-8a17aa3ca34e', '9c3fe23d-9543-4250-b4f1-8a17aa3ca34e', '9f2f2411-9393-4863-8967-e1ec3e04c444', '1d5bad27-19f5-496e-87da-53dddfe2e262']"
c3d6148d-9789-4db8-9b3e-c415b43076f2,33,"['ea88468f-0c8a-4c87-bf49-4227804129ec', 'ea88468f-0c8a-4c87-bf49-4227804129ec', 'ea88468f-0c8a-4c87-bf49-4227804129ec', '5cfb8aa0-bf66-4e49-a788-90be8ebd1af8', 'c0b40c7d-dd14-476d-9755-1fec7804a85a']"
e7fff321-99a1-4d05-a9c8-337b216f8dc0,44,"['66a2e948-b8d3-425e-82a5-dfe399f2d106', '66a2e948-b8d3-425e-82a5-dfe399f2d106', '66a2e948-b8d3-425e-82a5-dfe399f2d106', 'f2c3ee14-e229-4946-992e-ac9dcbf571a9', '71654924-8c73-4eec-8f0d-898d3b7fd97f']"
e7fff321-99a1-4d05-a9c8-337b216f8dc0,45,"['66a2e948-b8d3-425e-82a5-dfe399f2d106', '66a2e948-b8d3-425e-82a5-dfe399f2d106', '66a2e948-b8d3-425e-82a5-dfe399f2d106', 'f2c3ee14-e229-4946-992e-ac9dcbf571a9', '71654924-8c73-4eec-8f0d-898d3b7fd97f']"
887850cf-c06e-48f1-b790-7e28c22127c9,53,"['61cde444-bebd-472f-b797-c254b33c2b95', '61cde444-bebd-472f-b797-c254b33c2b95', '61cde444-bebd-472f-b797-c254b33c2b95', '046eaafa-9e9e-4db8-8793-b8f585f9d069', '4a6e1955-3fb6-4573-84a2-ae97fa6b3097']"
819dbbde-caec-43aa-ac59-8ee6a2e6f496,53,"['c61a8016-a86b-4936-80a6-f0caa900bb5b', 'c61a8016-a86b-4936-80a6-f0caa900bb5b', 'c61a8016-a86b-4936-80a6-f0caa900bb5b', '51405219-80c5-420d-a228-31e93a9680d2', '4238010f-1dd5-4dbd-b468-d8e3bbc282ab']"
887850cf-c06e-48f1-b790-7e28c22127c9,54,"['61cde444-bebd-472f-b797-c254b33c2b95', '61cde444-bebd-472f-b797-c254b33c2b95', '61cde444-bebd-472f-b797-c254b33c2b95', '046eaafa-9e9e-4db8-8793-b8f585f9d069', '4a6e1955-3fb6-4573-84a2-ae97fa6b3097']"
ffd3126b-49da-432d-b046-0f08986a43aa,48,"['9c3fe23d-9543-4250-b4f1-8a17aa3ca34e', '9c3fe23d-9543-4250-b4f1-8a17aa3ca34e', '9f2f2411-9393-4863-8967-e1ec3e04c444', '135b0acc-818b-45ab-a5ba-7c256c60adcd', '994e712d-30d8-4657-aa93-dfddb28ef1b1']"
819dbbde-caec-43aa-ac59-8ee6a2e6f496,54,"['c61a8016-a86b-4936-80a6-f0caa900bb5b', 'c61a8016-a86b-4936-80a6-f0caa900bb5b', 'c61a8016-a86b-4936-80a6-f0caa900bb5b', '4238010f-1dd5-4dbd-b468-d8e3bbc282ab', '19d7f7fb-d3fc-4c13-87ad-9ddf3c567fdc']"
819dbbde-caec-43aa-ac59-8ee6a2e6f496,55,"['c61a8016-a86b-4936-80a6-f0caa900bb5b', 'c61a8016-a86b-4936-80a6-f0caa900bb5b', 'c61a8016-a86b-4936-80a6-f0caa900bb5b', '4238010f-1dd5-4dbd-b468-d8e3bbc282ab', '19d7f7fb-d3fc-4c13-87ad-9ddf3c567fdc']"
e7fff321-99a1-4d05-a9c8-337b216f8dc0,46,"['66a2e948-b8d3-425e-82a5-dfe399f2d106', 'f2c3ee14-e229-4946-992e-ac9dcbf571a9', '71654924-8c73-4eec-8f0d-898d3b7fd97f', '00ddace1-8719-48d1-8ec5-8745b31137fe', 'e7129ced-5e10-4de0-bd33-6c027359f480']"
c3d6148d-9789-4db8-9b3e-c415b43076f2,34,"['5cfb8aa0-bf66-4e49-a788-90be8ebd1af8', 'c0b40c7d-dd14-476d-9755-1fec7804a85a', 'f0b41168-7aa7-4342-9757-9a247c1c547d', '391fd79d-c2e7-4d07-a5eb-be5defa5d477', 'ef4f1d23-7788-4555-910f-2cf7b09ec113']"
c3d6148d-9789-4db8-9b3e-c415b43076f2,35,"['391fd79d-c2e7-4d07-a5eb-be5defa5d477', '391fd79d-c2e7-4d07-a5eb-be5defa5d477', '391fd79d-c2e7-4d07-a5eb-be5defa5d477', '391fd79d-c2e7-4d07-a5eb-be5defa5d477', '391fd79d-c2e7-4d07-a5eb-be5defa5d477']"
819dbbde-caec-43aa-ac59-8ee6a2e6f496,56,"['c61a8016-a86b-4936-80a6-f0caa900bb5b', 'c61a8016-a86b-4936-80a6-f0caa900bb5b', 'c61a8016-a86b-4936-80a6-f0caa900bb5b', '19d7f7fb-d3fc-4c13-87ad-9ddf3c567fdc', 'de2a0783-efba-40b7-bb2f-02d98e85e271']"
e7fff321-99a1-4d05-a9c8-337b216f8dc0,47,"['66a2e948-b8d3-425e-82a5-dfe399f2d106', '66a2e948-b8d3-425e-82a5-dfe399f2d106', '66a2e948-b8d3-425e-82a5-dfe399f2d106', '66a2e948-b8d3-425e-82a5-dfe399f2d106', 'b74ff66e-029d-47ae-a28e-510cc18a494d']"
ffd3126b-49da-432d-b046-0f08986a43aa,49,"['9c3fe23d-9543-4250-b4f1-8a17aa3ca34e', '9c3fe23d-9543-4250-b4f1-8a17aa3ca34e', '9c3fe23d-9543-4250-b4f1-8a17aa3ca34e', '305f0c2f-5a25-405c-97ec-1313ebf79767', '78bcfd01-646f-4b75-9f78-ab36f090ff0c']"
887850cf-c06e-48f1-b790-7e28c22127c9,55,"['61cde444-bebd-472f-b797-c254b33c2b95', '4a6e1955-3fb6-4573-84a2-ae97fa6b3097', 'a8068231-d707-4c40-937a-230097769171', 'ce767816-1d93-448d-953f-739b0384cf00', 'e7dfa559-fd83-4591-906b-a08bc4793c33']"
c3d6148d-9789-4db8-9b3e-c415b43076f2,36,"['391fd79d-c2e7-4d07-a5eb-be5defa5d477', '391fd79d-c2e7-4d07-a5eb-be5defa5d477', '391fd79d-c2e7-4d07-a5eb-be5defa5d477', '391fd79d-c2e7-4d07-a5eb-be5defa5d477', 'a16bc02f-fdfb-4b5e-9c67-9d6254cf0820']"
819dbbde-caec-43aa-ac59-8ee6a2e6f496,57,"['de2a0783-efba-40b7-bb2f-02d98e85e271', 'de2a0783-efba-40b7-bb2f-02d98e85e271', 'de2a0783-efba-40b7-bb2f-02d98e85e271', 'de2a0783-efba-40b7-bb2f-02d98e85e271', '7b5085c8-26ed-4a8c-a6d1-5575ace3b68e']"
887850cf-c06e-48f1-b790-7e28c22127c9,56,"['61cde444-bebd-472f-b797-c254b33c2b95', '61cde444-bebd-472f-b797-c254b33c2b95', '61cde444-bebd-472f-b797-c254b33c2b95', '61cde444-bebd-472f-b797-c254b33c2b95', '7fdf35d3-1613-4d82-8b64-d158f2ef189b']"
887850cf-c06e-48f1-b790-7e28c22127c9,57,"['61cde444-bebd-472f-b797-c254b33c2b95', '61cde444-bebd-472f-b797-c254b33c2b95', '61cde444-bebd-472f-b797-c254b33c2b95', '61cde444-bebd-472f-b797-c254b33c2b95', '7fdf35d3-1613-4d82-8b64-d158f2ef189b']"
887850cf-c06e-48f1-b790-7e28c22127c9,58,"['61cde444-bebd-472f-b797-c254b33c2b95', '61cde444-bebd-472f-b797-c254b33c2b95', '61cde444-bebd-472f-b797-c254b33c2b95', '61cde444-bebd-472f-b797-c254b33c2b95', '7fdf35d3-1613-4d82-8b64-d158f2ef189b']"
c3d6148d-9789-4db8-9b3e-c415b43076f2,37,"['391fd79d-c2e7-4d07-a5eb-be5defa5d477', '391fd79d-c2e7-4d07-a5eb-be5defa5d477', '391fd79d-c2e7-4d07-a5eb-be5defa5d477', 'a16bc02f-fdfb-4b5e-9c67-9d6254cf0820', '817f1983-266a-4a2f-b9ac-c95c7e91f067']"
c3d6148d-9789-4db8-9b3e-c415b43076f2,38,"['391fd79d-c2e7-4d07-a5eb-be5defa5d477', '391fd79d-c2e7-4d07-a5eb-be5defa5d477', '391fd79d-c2e7-4d07-a5eb-be5defa5d477', 'a16bc02f-fdfb-4b5e-9c67-9d6254cf0820', '817f1983-266a-4a2f-b9ac-c95c7e91f067']"
819dbbde-caec-43aa-ac59-8ee6a2e6f496,58,"['de2a0783-efba-40b7-bb2f-02d98e85e271', 'de2a0783-efba-40b7-bb2f-02d98e85e271', 'de2a0783-efba-40b7-bb2f-02d98e85e271', '7b5085c8-26ed-4a8c-a6d1-5575ace3b68e', 'd4c3c4e5-4deb-48fa-94d2-9fd2c707a15a']"
e7fff321-99a1-4d05-a9c8-337b216f8dc0,48,"['66a2e948-b8d3-425e-82a5-dfe399f2d106', 'b74ff66e-029d-47ae-a28e-510cc18a494d', '660390e8-8149-4aeb-8e32-536c94dc6aa9', '76ab7eea-5038-432f-94bb-5adcd8cc4008', '1407f2e3-c78e-43d6-8045-15302c30757d']"
819dbbde-caec-43aa-ac59-8ee6a2e6f496,59,"['de2a0783-efba-40b7-bb2f-02d98e85e271', 'de2a0783-efba-40b7-bb2f-02d98e85e271', '7b5085c8-26ed-4a8c-a6d1-5575ace3b68e', 'd4c3c4e5-4deb-48fa-94d2-9fd2c707a15a', '7ee0c191-306c-4307-9866-6a4cbccd6c3d']"
ffd3126b-49da-432d-b046-0f08986a43aa,50,"['9c3fe23d-9543-4250-b4f1-8a17aa3ca34e', '9c3fe23d-9543-4250-b4f1-8a17aa3ca34e', '161ff493-6e12-4974-8d55-023a283b3bf5', '6533d1d8-6f05-4bd6-879b-8a2fe14f14da', '26e407b4-9e62-4167-b8db-cf87278275ec']"
887850cf-c06e-48f1-b790-7e28c22127c9,59,"['61cde444-bebd-472f-b797-c254b33c2b95', '61cde444-bebd-472f-b797-c254b33c2b95', '7fdf35d3-1613-4d82-8b64-d158f2ef189b', '4885b7b5-7c84-4284-a25a-f84b0990db1b', 'dd8228f8-d503-4fa4-bf4b-342569cc9ba3']"
c3d6148d-9789-4db8-9b3e-c415b43076f2,39,"['391fd79d-c2e7-4d07-a5eb-be5defa5d477', '391fd79d-c2e7-4d07-a5eb-be5defa5d477', 'a16bc02f-fdfb-4b5e-9c67-9d6254cf0820', 'e39b6940-4875-4903-a23b-15e3dcb01f2b', '24d86ce4-dcf6-4eb5-b1fb-a761602764f0']"
819dbbde-caec-43aa-ac59-8ee6a2e6f496,60,"['de2a0783-efba-40b7-bb2f-02d98e85e271', 'de2a0783-efba-40b7-bb2f-02d98e85e271', 'de2a0783-efba-40b7-bb2f-02d98e85e271', 'de2a0783-efba-40b7-bb2f-02d98e85e271', 'c6073909-7876-45a7-b5a8-1cc08e4f3ea1']"
ffd3126b-49da-432d-b046-0f08986a43aa,51,"['9c3fe23d-9543-4250-b4f1-8a17aa3ca34e', '9c3fe23d-9543-4250-b4f1-8a17aa3ca34e', '9c3fe23d-9543-4250-b4f1-8a17aa3ca34e', '9c3fe23d-9543-4250-b4f1-8a17aa3ca34e', '973ced7c-47ac-4b0a-b91c-a28cc10b8484']"
c3d6148d-9789-4db8-9b3e-c415b43076f2,40,"['391fd79d-c2e7-4d07-a5eb-be5defa5d477', '391fd79d-c2e7-4d07-a5eb-be5defa5d477', '391fd79d-c2e7-4d07-a5eb-be5defa5d477', '391fd79d-c2e7-4d07-a5eb-be5defa5d477', '57cc264f-c6fc-4f3b-921f-8b03473bf0d1']"
819dbbde-caec-43aa-ac59-8ee6a2e6f496,61,"['de2a0783-efba-40b7-bb2f-02d98e85e271', 'de2a0783-efba-40b7-bb2f-02d98e85e271', 'de2a0783-efba-40b7-bb2f-02d98e85e271', 'c6073909-7876-45a7-b5a8-1cc08e4f3ea1', 'b78a6dc1-f4a1-47f7-a02d-a6ed684535e1']"
819dbbde-caec-43aa-ac59-8ee6a2e6f496,62,"['de2a0783-efba-40b7-bb2f-02d98e85e271', 'de2a0783-efba-40b7-bb2f-02d98e85e271', 'de2a0783-efba-40b7-bb2f-02d98e85e271', 'c6073909-7876-45a7-b5a8-1cc08e4f3ea1', 'b78a6dc1-f4a1-47f7-a02d-a6ed684535e1']"
819dbbde-caec-43aa-ac59-8ee6a2e6f496,63,"['de2a0783-efba-40b7-bb2f-02d98e85e271', 'de2a0783-efba-40b7-bb2f-02d98e85e271', 'de2a0783-efba-40b7-bb2f-02d98e85e271', 'c6073909-7876-45a7-b5a8-1cc08e4f3ea1', 'b78a6dc1-f4a1-47f7-a02d-a6ed684535e1']"
819dbbde-caec-43aa-ac59-8ee6a2e6f496,64,"['de2a0783-efba-40b7-bb2f-02d98e85e271', 'de2a0783-efba-40b7-bb2f-02d98e85e271', 'de2a0783-efba-40b7-bb2f-02d98e85e271', 'c6073909-7876-45a7-b5a8-1cc08e4f3ea1', 'b78a6dc1-f4a1-47f7-a02d-a6ed684535e1']"
ffd3126b-49da-432d-b046-0f08986a43aa,52,"['9c3fe23d-9543-4250-b4f1-8a17aa3ca34e', '9c3fe23d-9543-4250-b4f1-8a17aa3ca34e', '9c3fe23d-9543-4250-b4f1-8a17aa3ca34e', '9c3fe23d-9543-4250-b4f1-8a17aa3ca34e', 'aacd7958-34e6-4670-baa2-320b0ac17ce2']"
e7fff321-99a1-4d05-a9c8-337b216f8dc0,49,"['66a2e948-b8d3-425e-82a5-dfe399f2d106', '66a2e948-b8d3-425e-82a5-dfe399f2d106', '7e75a793-5114-4e7a-b6bb-cd98084f5423', '32164001-0304-4115-a706-3973e696153c', '5fa78bb5-a368-4022-8def-0e240eca8e1e']"
e7fff321-99a1-4d05-a9c8-337b216f8dc0,50,"['66a2e948-b8d3-425e-82a5-dfe399f2d106', '66a2e948-b8d3-425e-82a5-dfe399f2d106', '66a2e948-b8d3-425e-82a5-dfe399f2d106', '66a2e948-b8d3-425e-82a5-dfe399f2d106', '66a2e948-b8d3-425e-82a5-dfe399f2d106']"
887850cf-c06e-48f1-b790-7e28c22127c9,60,"['61cde444-bebd-472f-b797-c254b33c2b95', '61cde444-bebd-472f-b797-c254b33c2b95', '61cde444-bebd-472f-b797-c254b33c2b95', '71380168-321f-48c2-bd5e-bac90c8b24de', '305117bb-6f30-4d80-ba09-d2671aa8c500']"
e7fff321-99a1-4d05-a9c8-337b216f8dc0,51,"['66a2e948-b8d3-425e-82a5-dfe399f2d106', '66a2e948-b8d3-425e-82a5-dfe399f2d106', '66a2e948-b8d3-425e-82a5-dfe399f2d106', '66a2e948-b8d3-425e-82a5-dfe399f2d106', '66a2e948-b8d3-425e-82a5-dfe399f2d106']"
c3d6148d-9789-4db8-9b3e-c415b43076f2,41,"['391fd79d-c2e7-4d07-a5eb-be5defa5d477', '391fd79d-c2e7-4d07-a5eb-be5defa5d477', '391fd79d-c2e7-4d07-a5eb-be5defa5d477', '57cc264f-c6fc-4f3b-921f-8b03473bf0d1', 'aacddd18-3fba-47f2-8dc6-5fd97138a171']"
c3d6148d-9789-4db8-9b3e-c415b43076f2,42,"['391fd79d-c2e7-4d07-a5eb-be5defa5d477', '391fd79d-c2e7-4d07-a5eb-be5defa5d477', '391fd79d-c2e7-4d07-a5eb-be5defa5d477', '57cc264f-c6fc-4f3b-921f-8b03473bf0d1', 'aacddd18-3fba-47f2-8dc6-5fd97138a171']"
e7fff321-99a1-4d05-a9c8-337b216f8dc0,52,"['66a2e948-b8d3-425e-82a5-dfe399f2d106', '66a2e948-b8d3-425e-82a5-dfe399f2d106', '66a2e948-b8d3-425e-82a5-dfe399f2d106', '66a2e948-b8d3-425e-82a5-dfe399f2d106', '011337a1-f8cc-4c0b-a548-851c402f6487']"
ffd3126b-49da-432d-b046-0f08986a43aa,53,"['9c3fe23d-9543-4250-b4f1-8a17aa3ca34e', '9c3fe23d-9543-4250-b4f1-8a17aa3ca34e', 'aacd7958-34e6-4670-baa2-320b0ac17ce2', '4ef0cb4e-43c3-402e-948a-5ada7fb962cc', '4d50aa6d-9680-4617-b48c-cd7b038d1df8']"
819dbbde-caec-43aa-ac59-8ee6a2e6f496,65,"['de2a0783-efba-40b7-bb2f-02d98e85e271', 'de2a0783-efba-40b7-bb2f-02d98e85e271', 'c6073909-7876-45a7-b5a8-1cc08e4f3ea1', 'aabb080c-8ca7-4b84-bae7-2c2a61e39d6b', '13944b70-6cae-4ec6-9f87-be7ec81079a8']"
887850cf-c06e-48f1-b790-7e28c22127c9,61,"['61cde444-bebd-472f-b797-c254b33c2b95', '61cde444-bebd-472f-b797-c254b33c2b95', '71380168-321f-48c2-bd5e-bac90c8b24de', '56ebbaf0-a043-4525-9cdd-eed9629d49f3', '49ee0eaf-b8ed-4fea-b442-6260d7d6592d']"
c3d6148d-9789-4db8-9b3e-c415b43076f2,43,"['391fd79d-c2e7-4d07-a5eb-be5defa5d477', '391fd79d-c2e7-4d07-a5eb-be5defa5d477', 'aacddd18-3fba-47f2-8dc6-5fd97138a171', '58678378-ceeb-4ad6-aebf-97cc6a512338', '1138538f-1293-4a42-a500-6e0c3365c0d7']"
c3d6148d-9789-4db8-9b3e-c415b43076f2,44,"['391fd79d-c2e7-4d07-a5eb-be5defa5d477', '391fd79d-c2e7-4d07-a5eb-be5defa5d477', '391fd79d-c2e7-4d07-a5eb-be5defa5d477', '391fd79d-c2e7-4d07-a5eb-be5defa5d477', '391fd79d-c2e7-4d07-a5eb-be5defa5d477']"
819dbbde-caec-43aa-ac59-8ee6a2e6f496,66,"['de2a0783-efba-40b7-bb2f-02d98e85e271', 'de2a0783-efba-40b7-bb2f-02d98e85e271', 'de2a0783-efba-40b7-bb2f-02d98e85e271', 'de2a0783-efba-40b7-bb2f-02d98e85e271', '60ac086a-4438-49eb-af44-a0775175ce11']"
ffd3126b-49da-432d-b046-0f08986a43aa,54,"['9c3fe23d-9543-4250-b4f1-8a17aa3ca34e', '9c3fe23d-9543-4250-b4f1-8a17aa3ca34e', '9c3fe23d-9543-4250-b4f1-8a17aa3ca34e', '9c3fe23d-9543-4250-b4f1-8a17aa3ca34e', 'bae51208-e0f8-4d12-9d74-a29fe1f3ab0b']"
e7fff321-99a1-4d05-a9c8-337b216f8dc0,53,"['66a2e948-b8d3-425e-82a5-dfe399f2d106', '66a2e948-b8d3-425e-82a5-dfe399f2d106', '011337a1-f8cc-4c0b-a548-851c402f6487', 'cd493932-cabd-42ca-b94a-7f09d82a539b', '9a6ca690-1b30-4521-bf95-a3610db1b298']"
887850cf-c06e-48f1-b790-7e28c22127c9,62,"['61cde444-bebd-472f-b797-c254b33c2b95', '61cde444-bebd-472f-b797-c254b33c2b95', '56ebbaf0-a043-4525-9cdd-eed9629d49f3', '49ee0eaf-b8ed-4fea-b442-6260d7d6592d', '2f282977-6e17-4c5f-ac60-f4ae420a9a6b']"
c3d6148d-9789-4db8-9b3e-c415b43076f2,45,"['391fd79d-c2e7-4d07-a5eb-be5defa5d477', '391fd79d-c2e7-4d07-a5eb-be5defa5d477', '391fd79d-c2e7-4d07-a5eb-be5defa5d477', '391fd79d-c2e7-4d07-a5eb-be5defa5d477', '8eb81051-3b92-483e-ad25-8f5316d299c8']"
819dbbde-caec-43aa-ac59-8ee6a2e6f496,67,"['de2a0783-efba-40b7-bb2f-02d98e85e271', 'de2a0783-efba-40b7-bb2f-02d98e85e271', 'de2a0783-efba-40b7-bb2f-02d98e85e271', '60ac086a-4438-49eb-af44-a0775175ce11', 'b6f97b3b-7ec4-4985-878b-022b8db1d684']"
e7fff321-99a1-4d05-a9c8-337b216f8dc0,54,"['66a2e948-b8d3-425e-82a5-dfe399f2d106', '66a2e948-b8d3-425e-82a5-dfe399f2d106', '66a2e948-b8d3-425e-82a5-dfe399f2d106', '66a2e948-b8d3-425e-82a5-dfe399f2d106', 'fd944740-b5eb-4e1a-82fe-2643943df0fd']"
ffd3126b-49da-432d-b046-0f08986a43aa,55,"['9c3fe23d-9543-4250-b4f1-8a17aa3ca34e', '9c3fe23d-9543-4250-b4f1-8a17aa3ca34e', '9c3fe23d-9543-4250-b4f1-8a17aa3ca34e', 'bae51208-e0f8-4d12-9d74-a29fe1f3ab0b', 'cf570102-cfad-44f6-bb8c-a1f99ddb57fd']"
c3d6148d-9789-4db8-9b3e-c415b43076f2,46,"['391fd79d-c2e7-4d07-a5eb-be5defa5d477', '391fd79d-c2e7-4d07-a5eb-be5defa5d477', '391fd79d-c2e7-4d07-a5eb-be5defa5d477', '8eb81051-3b92-483e-ad25-8f5316d299c8', '38357da4-a5d6-48f2-a85f-a68a26fbf7d0']"
819dbbde-caec-43aa-ac59-8ee6a2e6f496,68,"['de2a0783-efba-40b7-bb2f-02d98e85e271', 'de2a0783-efba-40b7-bb2f-02d98e85e271', '60ac086a-4438-49eb-af44-a0775175ce11', 'b6f97b3b-7ec4-4985-878b-022b8db1d684', 'eedb02e0-54a1-4233-be7f-3f867e4027ca']"
819dbbde-caec-43aa-ac59-8ee6a2e6f496,69,"['de2a0783-efba-40b7-bb2f-02d98e85e271', 'de2a0783-efba-40b7-bb2f-02d98e85e271', 'de2a0783-efba-40b7-bb2f-02d98e85e271', 'de2a0783-efba-40b7-bb2f-02d98e85e271', 'de2a0783-efba-40b7-bb2f-02d98e85e271']"
819dbbde-caec-43aa-ac59-8ee6a2e6f496,70,"['de2a0783-efba-40b7-bb2f-02d98e85e271', 'de2a0783-efba-40b7-bb2f-02d98e85e271', 'de2a0783-efba-40b7-bb2f-02d98e85e271', 'de2a0783-efba-40b7-bb2f-02d98e85e271', 'de2a0783-efba-40b7-bb2f-02d98e85e271']"
819dbbde-caec-43aa-ac59-8ee6a2e6f496,71,"['de2a0783-efba-40b7-bb2f-02d98e85e271', 'de2a0783-efba-40b7-bb2f-02d98e85e271', 'de2a0783-efba-40b7-bb2f-02d98e85e271', 'de2a0783-efba-40b7-bb2f-02d98e85e271', 'de2a0783-efba-40b7-bb2f-02d98e85e271']"
819dbbde-caec-43aa-ac59-8ee6a2e6f496,72,"['de2a0783-efba-40b7-bb2f-02d98e85e271', 'de2a0783-efba-40b7-bb2f-02d98e85e271', 'de2a0783-efba-40b7-bb2f-02d98e85e271', 'de2a0783-efba-40b7-bb2f-02d98e85e271', 'de2a0783-efba-40b7-bb2f-02d98e85e271']"
887850cf-c06e-48f1-b790-7e28c22127c9,63,"['61cde444-bebd-472f-b797-c254b33c2b95', '56ebbaf0-a043-4525-9cdd-eed9629d49f3', '2f282977-6e17-4c5f-ac60-f4ae420a9a6b', '8dddd048-50a5-48fe-9bc7-28931e346f70', 'c76e8918-a505-4ab6-be13-0b3fa5a81d65']"
ffd3126b-49da-432d-b046-0f08986a43aa,56,"['9c3fe23d-9543-4250-b4f1-8a17aa3ca34e', '9c3fe23d-9543-4250-b4f1-8a17aa3ca34e', 'bae51208-e0f8-4d12-9d74-a29fe1f3ab0b', 'cf570102-cfad-44f6-bb8c-a1f99ddb57fd', '6256ab0c-7bfd-4361-a5a8-4691a9160e7c']"
ffd3126b-49da-432d-b046-0f08986a43aa,57,"['9c3fe23d-9543-4250-b4f1-8a17aa3ca34e', '9c3fe23d-9543-4250-b4f1-8a17aa3ca34e', '9c3fe23d-9543-4250-b4f1-8a17aa3ca34e', '9c3fe23d-9543-4250-b4f1-8a17aa3ca34e', 'fda5e2b5-27fc-4937-809e-d040132a9a79']"
c3d6148d-9789-4db8-9b3e-c415b43076f2,47,"['391fd79d-c2e7-4d07-a5eb-be5defa5d477', '391fd79d-c2e7-4d07-a5eb-be5defa5d477', '391fd79d-c2e7-4d07-a5eb-be5defa5d477', '8eb81051-3b92-483e-ad25-8f5316d299c8', '946d7730-d292-46e7-a12e-2ed998591a27']"
ffd3126b-49da-432d-b046-0f08986a43aa,58,"['9c3fe23d-9543-4250-b4f1-8a17aa3ca34e', '9c3fe23d-9543-4250-b4f1-8a17aa3ca34e', '9c3fe23d-9543-4250-b4f1-8a17aa3ca34e', '9c3fe23d-9543-4250-b4f1-8a17aa3ca34e', 'fda5e2b5-27fc-4937-809e-d040132a9a79']"
e7fff321-99a1-4d05-a9c8-337b216f8dc0,55,"['66a2e948-b8d3-425e-82a5-dfe399f2d106', '66a2e948-b8d3-425e-82a5-dfe399f2d106', '66a2e948-b8d3-425e-82a5-dfe399f2d106', 'e6e9ff32-fd02-41ac-bb22-3de33126d6ec', '553a75e0-8a1e-45b4-bf53-b0e156bd4c91']"
887850cf-c06e-48f1-b790-7e28c22127c9,64,"['61cde444-bebd-472f-b797-c254b33c2b95', '61cde444-bebd-472f-b797-c254b33c2b95', '61cde444-bebd-472f-b797-c254b33c2b95', '56ebbaf0-a043-4525-9cdd-eed9629d49f3', 'dcb07f8f-8d27-467e-bd23-7ea61326ec00']"
819dbbde-caec-43aa-ac59-8ee6a2e6f496,73,"['de2a0783-efba-40b7-bb2f-02d98e85e271', 'de2a0783-efba-40b7-bb2f-02d98e85e271', 'de2a0783-efba-40b7-bb2f-02d98e85e271', 'de2a0783-efba-40b7-bb2f-02d98e85e271', 'cc6975c4-00f2-4a75-bc81-46549018398d']"
819dbbde-caec-43aa-ac59-8ee6a2e6f496,74,"['de2a0783-efba-40b7-bb2f-02d98e85e271', 'de2a0783-efba-40b7-bb2f-02d98e85e271', 'de2a0783-efba-40b7-bb2f-02d98e85e271', 'de2a0783-efba-40b7-bb2f-02d98e85e271', 'cc6975c4-00f2-4a75-bc81-46549018398d']"
c3d6148d-9789-4db8-9b3e-c415b43076f2,48,"['391fd79d-c2e7-4d07-a5eb-be5defa5d477', '391fd79d-c2e7-4d07-a5eb-be5defa5d477', '8eb81051-3b92-483e-ad25-8f5316d299c8', '946d7730-d292-46e7-a12e-2ed998591a27', '57ab1e7f-7e2b-440d-af87-080462ee97ac']"
c3d6148d-9789-4db8-9b3e-c415b43076f2,49,"['391fd79d-c2e7-4d07-a5eb-be5defa5d477', '391fd79d-c2e7-4d07-a5eb-be5defa5d477', '391fd79d-c2e7-4d07-a5eb-be5defa5d477', '391fd79d-c2e7-4d07-a5eb-be5defa5d477', '391fd79d-c2e7-4d07-a5eb-be5defa5d477']"
887850cf-c06e-48f1-b790-7e28c22127c9,65,"['61cde444-bebd-472f-b797-c254b33c2b95', '61cde444-bebd-472f-b797-c254b33c2b95', '56ebbaf0-a043-4525-9cdd-eed9629d49f3', 'dcb07f8f-8d27-467e-bd23-7ea61326ec00', '972a633e-f679-4aff-b285-a3fb43e0d04d']"
819dbbde-caec-43aa-ac59-8ee6a2e6f496,75,"['de2a0783-efba-40b7-bb2f-02d98e85e271', 'de2a0783-efba-40b7-bb2f-02d98e85e271', 'de2a0783-efba-40b7-bb2f-02d98e85e271', 'cc6975c4-00f2-4a75-bc81-46549018398d', '1969f9c7-06c3-4c7f-8d77-80c0c41468d6']"
ffd3126b-49da-432d-b046-0f08986a43aa,59,"['9c3fe23d-9543-4250-b4f1-8a17aa3ca34e', '9c3fe23d-9543-4250-b4f1-8a17aa3ca34e', 'fda5e2b5-27fc-4937-809e-d040132a9a79', 'd0957c2a-072e-4c35-ad21-a18f41f1099a', '44d1f2e4-0c9d-4257-a96e-87654962390c']"
e7fff321-99a1-4d05-a9c8-337b216f8dc0,56,"['66a2e948-b8d3-425e-82a5-dfe399f2d106', '66a2e948-b8d3-425e-82a5-dfe399f2d106', 'e6e9ff32-fd02-41ac-bb22-3de33126d6ec', '8b5c36e7-63ca-4b8b-8c17-33a122495d5a', 'e0474426-75d0-49b3-bb41-37776ef700a1']"
819dbbde-caec-43aa-ac59-8ee6a2e6f496,76,"['de2a0783-efba-40b7-bb2f-02d98e85e271', 'de2a0783-efba-40b7-bb2f-02d98e85e271', 'cc6975c4-00f2-4a75-bc81-46549018398d', '1969f9c7-06c3-4c7f-8d77-80c0c41468d6', 'c8d6416a-09b3-4413-b449-855c87b4830b']"
c3d6148d-9789-4db8-9b3e-c415b43076f2,50,"['391fd79d-c2e7-4d07-a5eb-be5defa5d477', '391fd79d-c2e7-4d07-a5eb-be5defa5d477', '391fd79d-c2e7-4d07-a5eb-be5defa5d477', 'f5607e11-7eee-4214-b17b-964d7db25792', 'be778479-edc3-44df-8dfb-0564ce7865a8']"
ffd3126b-49da-432d-b046-0f08986a43aa,60,"['9c3fe23d-9543-4250-b4f1-8a17aa3ca34e', '9c3fe23d-9543-4250-b4f1-8a17aa3ca34e', '9c3fe23d-9543-4250-b4f1-8a17aa3ca34e', '9c3fe23d-9543-4250-b4f1-8a17aa3ca34e', '7601e644-30d1-4def-81c3-5789679859b1']"
887850cf-c06e-48f1-b790-7e28c22127c9,66,"['56ebbaf0-a043-4525-9cdd-eed9629d49f3', 'dcb07f8f-8d27-467e-bd23-7ea61326ec00', '972a633e-f679-4aff-b285-a3fb43e0d04d', '251432ce-b585-4e1f-97af-b5b2ebb08b07', '77799d66-12de-448a-99ee-98f4ea1337c8']"
819dbbde-caec-43aa-ac59-8ee6a2e6f496,77,"['de2a0783-efba-40b7-bb2f-02d98e85e271', 'de2a0783-efba-40b7-bb2f-02d98e85e271', 'de2a0783-efba-40b7-bb2f-02d98e85e271', 'de2a0783-efba-40b7-bb2f-02d98e85e271', '259922b1-a0ef-431d-b04a-e67e0727ab45']"
819dbbde-caec-43aa-ac59-8ee6a2e6f496,78,"['de2a0783-efba-40b7-bb2f-02d98e85e271', 'de2a0783-efba-40b7-bb2f-02d98e85e271', 'de2a0783-efba-40b7-bb2f-02d98e85e271', 'de2a0783-efba-40b7-bb2f-02d98e85e271', '259922b1-a0ef-431d-b04a-e67e0727ab45']"
c3d6148d-9789-4db8-9b3e-c415b43076f2,51,"['391fd79d-c2e7-4d07-a5eb-be5defa5d477', '391fd79d-c2e7-4d07-a5eb-be5defa5d477', '391fd79d-c2e7-4d07-a5eb-be5defa5d477', 'be778479-edc3-44df-8dfb-0564ce7865a8', '27c5bdee-3201-4f9e-99b7-fe93cc9b65b7']"
c3d6148d-9789-4db8-9b3e-c415b43076f2,52,"['391fd79d-c2e7-4d07-a5eb-be5defa5d477', '391fd79d-c2e7-4d07-a5eb-be5defa5d477', '391fd79d-c2e7-4d07-a5eb-be5defa5d477', 'be778479-edc3-44df-8dfb-0564ce7865a8', '27c5bdee-3201-4f9e-99b7-fe93cc9b65b7']"
887850cf-c06e-48f1-b790-7e28c22127c9,67,"['56ebbaf0-a043-4525-9cdd-eed9629d49f3', '56ebbaf0-a043-4525-9cdd-eed9629d49f3', '56ebbaf0-a043-4525-9cdd-eed9629d49f3', '56ebbaf0-a043-4525-9cdd-eed9629d49f3', 'ee7badde-d5d9-4d31-9d64-aaa745aedb9d']"
e7fff321-99a1-4d05-a9c8-337b216f8dc0,57,"['66a2e948-b8d3-425e-82a5-dfe399f2d106', '66a2e948-b8d3-425e-82a5-dfe399f2d106', 'd7388bea-2abf-4a49-a905-0634da74919f', '12c7cd8b-61fb-4a8c-a067-0e8fed7ddfdd', 'a5a96767-b7dc-4226-81bf-957a2dd25915']"
ffd3126b-49da-432d-b046-0f08986a43aa,61,"['9c3fe23d-9543-4250-b4f1-8a17aa3ca34e', '9c3fe23d-9543-4250-b4f1-8a17aa3ca34e', '7601e644-30d1-4def-81c3-5789679859b1', '0976093d-cee0-4b0d-bd15-d97a004ff8ca', '5346fc0c-9828-4829-b2fc-612d33fc36f7']"
c3d6148d-9789-4db8-9b3e-c415b43076f2,53,"['391fd79d-c2e7-4d07-a5eb-be5defa5d477', '391fd79d-c2e7-4d07-a5eb-be5defa5d477', '391fd79d-c2e7-4d07-a5eb-be5defa5d477', 'be778479-edc3-44df-8dfb-0564ce7865a8', '55cf4cf9-7e03-4d4b-817d-513aa88fcb47']"
887850cf-c06e-48f1-b790-7e28c22127c9,68,"['56ebbaf0-a043-4525-9cdd-eed9629d49f3', '56ebbaf0-a043-4525-9cdd-eed9629d49f3', '56ebbaf0-a043-4525-9cdd-eed9629d49f3', 'ee7badde-d5d9-4d31-9d64-aaa745aedb9d', '1f31cc4c-6169-4026-be20-31f8caf8b540']"
887850cf-c06e-48f1-b790-7e28c22127c9,69,"['56ebbaf0-a043-4525-9cdd-eed9629d49f3', '56ebbaf0-a043-4525-9cdd-eed9629d49f3', '56ebbaf0-a043-4525-9cdd-eed9629d49f3', 'ee7badde-d5d9-4d31-9d64-aaa745aedb9d', '1f31cc4c-6169-4026-be20-31f8caf8b540']"
e7fff321-99a1-4d05-a9c8-337b216f8dc0,58,"['66a2e948-b8d3-425e-82a5-dfe399f2d106', 'd7388bea-2abf-4a49-a905-0634da74919f', 'd7388bea-2abf-4a49-a905-0634da74919f', 'd7388bea-2abf-4a49-a905-0634da74919f', 'df52fc68-bba0-40da-a376-726ad9d7622c']"
819dbbde-caec-43aa-ac59-8ee6a2e6f496,79,"['de2a0783-efba-40b7-bb2f-02d98e85e271', 'de2a0783-efba-40b7-bb2f-02d98e85e271', 'b888b829-283c-43c2-8468-4dfdee74fdb3', '27c8f3bd-fc76-4032-9661-25a7e73adea2', '4357a74a-79ff-4e25-92b7-4b61085ecde5']"
819dbbde-caec-43aa-ac59-8ee6a2e6f496,80,"['de2a0783-efba-40b7-bb2f-02d98e85e271', 'de2a0783-efba-40b7-bb2f-02d98e85e271', 'de2a0783-efba-40b7-bb2f-02d98e85e271', 'de2a0783-efba-40b7-bb2f-02d98e85e271', 'de2a0783-efba-40b7-bb2f-02d98e85e271']"
c3d6148d-9789-4db8-9b3e-c415b43076f2,54,"['391fd79d-c2e7-4d07-a5eb-be5defa5d477', '391fd79d-c2e7-4d07-a5eb-be5defa5d477', '391fd79d-c2e7-4d07-a5eb-be5defa5d477', 'be778479-edc3-44df-8dfb-0564ce7865a8', 'e534f3ca-d6b0-4fc3-86da-f7e119fe6b3d']"
c3d6148d-9789-4db8-9b3e-c415b43076f2,55,"['391fd79d-c2e7-4d07-a5eb-be5defa5d477', '391fd79d-c2e7-4d07-a5eb-be5defa5d477', '391fd79d-c2e7-4d07-a5eb-be5defa5d477', 'be778479-edc3-44df-8dfb-0564ce7865a8', 'e534f3ca-d6b0-4fc3-86da-f7e119fe6b3d']"
e7fff321-99a1-4d05-a9c8-337b216f8dc0,59,"['66a2e948-b8d3-425e-82a5-dfe399f2d106', 'd7388bea-2abf-4a49-a905-0634da74919f', 'd7388bea-2abf-4a49-a905-0634da74919f', '95957c2a-3dea-4e4a-9b09-fc5f3b5d501d', '4271523c-c7b8-4e18-ae8a-b58a8f884f3e']"
887850cf-c06e-48f1-b790-7e28c22127c9,70,"['56ebbaf0-a043-4525-9cdd-eed9629d49f3', 'ee7badde-d5d9-4d31-9d64-aaa745aedb9d', '1f31cc4c-6169-4026-be20-31f8caf8b540', '861b8161-996b-4c80-902a-7ca29e356804', '4638373d-2dc0-493e-8581-0d0dddad5ee3']"
ffd3126b-49da-432d-b046-0f08986a43aa,62,"['9c3fe23d-9543-4250-b4f1-8a17aa3ca34e', '9c3fe23d-9543-4250-b4f1-8a17aa3ca34e', 'fd370a4e-5407-4e98-90be-0cdbd675d132', '99be4b54-e969-4309-bcd8-3eafa7404d51', 'beea225d-abc8-4a59-9d77-b8a69962574b']"
819dbbde-caec-43aa-ac59-8ee6a2e6f496,81,"['de2a0783-efba-40b7-bb2f-02d98e85e271', 'de2a0783-efba-40b7-bb2f-02d98e85e271', 'de2a0783-efba-40b7-bb2f-02d98e85e271', '07542c78-1638-48d2-bd70-7f4e3315dfa9', '556b6396-f4fa-4fd4-9838-677bb703f606']"
887850cf-c06e-48f1-b790-7e28c22127c9,71,"['56ebbaf0-a043-4525-9cdd-eed9629d49f3', '56ebbaf0-a043-4525-9cdd-eed9629d49f3', '56ebbaf0-a043-4525-9cdd-eed9629d49f3', '56ebbaf0-a043-4525-9cdd-eed9629d49f3', '3bea33f9-fcfd-4e44-93c3-66f194dd80ad']"
c3d6148d-9789-4db8-9b3e-c415b43076f2,56,"['391fd79d-c2e7-4d07-a5eb-be5defa5d477', 'be778479-edc3-44df-8dfb-0564ce7865a8', 'e534f3ca-d6b0-4fc3-86da-f7e119fe6b3d', '865ccc15-af7a-45a6-bd5c-c56e32554f2a', 'acc23e2e-0bd0-44a1-a991-5c69315a6312']"
c3d6148d-9789-4db8-9b3e-c415b43076f2,57,"['391fd79d-c2e7-4d07-a5eb-be5defa5d477', '391fd79d-c2e7-4d07-a5eb-be5defa5d477', '391fd79d-c2e7-4d07-a5eb-be5defa5d477', '391fd79d-c2e7-4d07-a5eb-be5defa5d477', '391fd79d-c2e7-4d07-a5eb-be5defa5d477']"
c3d6148d-9789-4db8-9b3e-c415b43076f2,58,"['391fd79d-c2e7-4d07-a5eb-be5defa5d477', '391fd79d-c2e7-4d07-a5eb-be5defa5d477', '391fd79d-c2e7-4d07-a5eb-be5defa5d477', '391fd79d-c2e7-4d07-a5eb-be5defa5d477', '391fd79d-c2e7-4d07-a5eb-be5defa5d477']"
e7fff321-99a1-4d05-a9c8-337b216f8dc0,60,"['d7388bea-2abf-4a49-a905-0634da74919f', 'd7388bea-2abf-4a49-a905-0634da74919f', 'd7388bea-2abf-4a49-a905-0634da74919f', '4b1af417-c357-42f7-8912-c9c20cdca265', '68a08fed-08a5-46e3-b5cb-276d13bc82e2']"
e7fff321-99a1-4d05-a9c8-337b216f8dc0,61,"['d7388bea-2abf-4a49-a905-0634da74919f', 'd7388bea-2abf-4a49-a905-0634da74919f', 'd7388bea-2abf-4a49-a905-0634da74919f', '4b1af417-c357-42f7-8912-c9c20cdca265', '68a08fed-08a5-46e3-b5cb-276d13bc82e2']"
ffd3126b-49da-432d-b046-0f08986a43aa,63,"['9c3fe23d-9543-4250-b4f1-8a17aa3ca34e', '9c3fe23d-9543-4250-b4f1-8a17aa3ca34e', '9c3fe23d-9543-4250-b4f1-8a17aa3ca34e', '8016b894-652e-4dc9-b5c6-be1d293bc2d4', '67348b03-8a39-406b-8d9b-5841f1f5e764']"
887850cf-c06e-48f1-b790-7e28c22127c9,72,"['56ebbaf0-a043-4525-9cdd-eed9629d49f3', '56ebbaf0-a043-4525-9cdd-eed9629d49f3', '3bea33f9-fcfd-4e44-93c3-66f194dd80ad', 'f31fced7-71ef-48f5-9793-f7b619b2a222', '76ec6cd8-5d37-4ee0-b45a-e4ebafec28cd']"
819dbbde-caec-43aa-ac59-8ee6a2e6f496,82,"['de2a0783-efba-40b7-bb2f-02d98e85e271', 'de2a0783-efba-40b7-bb2f-02d98e85e271', '958ba55f-6bd0-4314-84b5-e3c3394b429e', 'aed8c751-3b95-46f1-a11f-815fabdeee50', 'd0ca0665-c65c-4ca8-b3d0-c9384d494143']"
819dbbde-caec-43aa-ac59-8ee6a2e6f496,83,"['de2a0783-efba-40b7-bb2f-02d98e85e271', 'de2a0783-efba-40b7-bb2f-02d98e85e271', 'de2a0783-efba-40b7-bb2f-02d98e85e271', 'de2a0783-efba-40b7-bb2f-02d98e85e271', 'de2a0783-efba-40b7-bb2f-02d98e85e271']"
c3d6148d-9789-4db8-9b3e-c415b43076f2,59,"['391fd79d-c2e7-4d07-a5eb-be5defa5d477', '391fd79d-c2e7-4d07-a5eb-be5defa5d477', '391fd79d-c2e7-4d07-a5eb-be5defa5d477', 'a31baa97-789a-4632-ab6b-40d89f217843', '5c35b3ec-5139-49d1-a837-6eeaa85a69d2']"
c3d6148d-9789-4db8-9b3e-c415b43076f2,60,"['391fd79d-c2e7-4d07-a5eb-be5defa5d477', '391fd79d-c2e7-4d07-a5eb-be5defa5d477', '391fd79d-c2e7-4d07-a5eb-be5defa5d477', 'a31baa97-789a-4632-ab6b-40d89f217843', '5c35b3ec-5139-49d1-a837-6eeaa85a69d2']"
c3d6148d-9789-4db8-9b3e-c415b43076f2,61,"['391fd79d-c2e7-4d07-a5eb-be5defa5d477', '391fd79d-c2e7-4d07-a5eb-be5defa5d477', '391fd79d-c2e7-4d07-a5eb-be5defa5d477', 'a31baa97-789a-4632-ab6b-40d89f217843', '5c35b3ec-5139-49d1-a837-6eeaa85a69d2']"
ffd3126b-49da-432d-b046-0f08986a43aa,64,"['9c3fe23d-9543-4250-b4f1-8a17aa3ca34e', '9c3fe23d-9543-4250-b4f1-8a17aa3ca34e', '9c3fe23d-9543-4250-b4f1-8a17aa3ca34e', '8016b894-652e-4dc9-b5c6-be1d293bc2d4', '9af4a8e8-a273-45a9-9231-14e0f7b093fd']"
e7fff321-99a1-4d05-a9c8-337b216f8dc0,62,"['d7388bea-2abf-4a49-a905-0634da74919f', 'd7388bea-2abf-4a49-a905-0634da74919f', '68a08fed-08a5-46e3-b5cb-276d13bc82e2', '563bdef4-87b3-42df-b948-693e9a221b97', '7dcbcee2-03ea-429c-abc7-b9d42ac3f399']"
c3d6148d-9789-4db8-9b3e-c415b43076f2,62,"['391fd79d-c2e7-4d07-a5eb-be5defa5d477', '391fd79d-c2e7-4d07-a5eb-be5defa5d477', 'a31baa97-789a-4632-ab6b-40d89f217843', '5c35b3ec-5139-49d1-a837-6eeaa85a69d2', '944661a0-b3e0-4be3-90ea-16d27c7572cc']"
887850cf-c06e-48f1-b790-7e28c22127c9,73,"['56ebbaf0-a043-4525-9cdd-eed9629d49f3', '56ebbaf0-a043-4525-9cdd-eed9629d49f3', '56ebbaf0-a043-4525-9cdd-eed9629d49f3', 'c51681a9-7acb-48ef-8d21-382152605d4c', '3e5e584c-fd47-4a37-a530-6f07c82f9313']"
ffd3126b-49da-432d-b046-0f08986a43aa,65,"['9c3fe23d-9543-4250-b4f1-8a17aa3ca34e', '9c3fe23d-9543-4250-b4f1-8a17aa3ca34e', '8016b894-652e-4dc9-b5c6-be1d293bc2d4', '9af4a8e8-a273-45a9-9231-14e0f7b093fd', '7fffcc27-34a0-4312-8cd6-0cd1d5f362c3']"
e7fff321-99a1-4d05-a9c8-337b216f8dc0,63,"['d7388bea-2abf-4a49-a905-0634da74919f', 'd7388bea-2abf-4a49-a905-0634da74919f', 'd7388bea-2abf-4a49-a905-0634da74919f', 'd7388bea-2abf-4a49-a905-0634da74919f', '46bb1e80-964b-42d1-9f9b-35812219a15a']"
ffd3126b-49da-432d-b046-0f08986a43aa,66,"['9c3fe23d-9543-4250-b4f1-8a17aa3ca34e', '9c3fe23d-9543-4250-b4f1-8a17aa3ca34e', '9c3fe23d-9543-4250-b4f1-8a17aa3ca34e', '9c3fe23d-9543-4250-b4f1-8a17aa3ca34e', '9c3fe23d-9543-4250-b4f1-8a17aa3ca34e']"
ffd3126b-49da-432d-b046-0f08986a43aa,67,"['9c3fe23d-9543-4250-b4f1-8a17aa3ca34e', '9c3fe23d-9543-4250-b4f1-8a17aa3ca34e', '9c3fe23d-9543-4250-b4f1-8a17aa3ca34e', '9c3fe23d-9543-4250-b4f1-8a17aa3ca34e', '9c3fe23d-9543-4250-b4f1-8a17aa3ca34e']"
819dbbde-caec-43aa-ac59-8ee6a2e6f496,84,"['de2a0783-efba-40b7-bb2f-02d98e85e271', 'de2a0783-efba-40b7-bb2f-02d98e85e271', 'de2a0783-efba-40b7-bb2f-02d98e85e271', '09b2f3a3-de64-4bcb-9480-e17e9e151a71', '462fdc78-22ee-4d17-8688-f9ea1c9d391e']"
887850cf-c06e-48f1-b790-7e28c22127c9,74,"['56ebbaf0-a043-4525-9cdd-eed9629d49f3', '3e5e584c-fd47-4a37-a530-6f07c82f9313', '3e5e584c-fd47-4a37-a530-6f07c82f9313', '3e5e584c-fd47-4a37-a530-6f07c82f9313', 'f5b04feb-f1e1-4e85-b24f-cfe2e970c2b5']"
c3d6148d-9789-4db8-9b3e-c415b43076f2,63,"['391fd79d-c2e7-4d07-a5eb-be5defa5d477', '391fd79d-c2e7-4d07-a5eb-be5defa5d477', '391fd79d-c2e7-4d07-a5eb-be5defa5d477', '391fd79d-c2e7-4d07-a5eb-be5defa5d477', '2461fe04-3893-4078-a6b0-012fe5e890f0']"
887850cf-c06e-48f1-b790-7e28c22127c9,75,"['56ebbaf0-a043-4525-9cdd-eed9629d49f3', '3e5e584c-fd47-4a37-a530-6f07c82f9313', '3e5e584c-fd47-4a37-a530-6f07c82f9313', '3e5e584c-fd47-4a37-a530-6f07c82f9313', 'f5b04feb-f1e1-4e85-b24f-cfe2e970c2b5']"
819dbbde-caec-43aa-ac59-8ee6a2e6f496,85,"['de2a0783-efba-40b7-bb2f-02d98e85e271', 'de2a0783-efba-40b7-bb2f-02d98e85e271', '09b2f3a3-de64-4bcb-9480-e17e9e151a71', '462fdc78-22ee-4d17-8688-f9ea1c9d391e', '173bfa9a-d6c1-4525-8529-7acc676f5844']"
819dbbde-caec-43aa-ac59-8ee6a2e6f496,86,"['de2a0783-efba-40b7-bb2f-02d98e85e271', 'de2a0783-efba-40b7-bb2f-02d98e85e271', 'de2a0783-efba-40b7-bb2f-02d98e85e271', 'de2a0783-efba-40b7-bb2f-02d98e85e271', 'de2a0783-efba-40b7-bb2f-02d98e85e271']"
887850cf-c06e-48f1-b790-7e28c22127c9,76,"['56ebbaf0-a043-4525-9cdd-eed9629d49f3', '3e5e584c-fd47-4a37-a530-6f07c82f9313', '3e5e584c-fd47-4a37-a530-6f07c82f9313', '3e5e584c-fd47-4a37-a530-6f07c82f9313', '08bd3fa7-6a28-4e93-89ac-1d4f6826ef2e']"
ffd3126b-49da-432d-b046-0f08986a43aa,68,"['9c3fe23d-9543-4250-b4f1-8a17aa3ca34e', '9c3fe23d-9543-4250-b4f1-8a17aa3ca34e', '9c3fe23d-9543-4250-b4f1-8a17aa3ca34e', '22dfa9a8-1c31-4add-acdd-b82cd643811d', '4de19631-f462-4600-be9f-6bb49d38fe63']"
819dbbde-caec-43aa-ac59-8ee6a2e6f496,87,"['de2a0783-efba-40b7-bb2f-02d98e85e271', 'de2a0783-efba-40b7-bb2f-02d98e85e271', 'de2a0783-efba-40b7-bb2f-02d98e85e271', 'de2a0783-efba-40b7-bb2f-02d98e85e271', '12c413a5-849e-458b-8d0d-af126398928a']"
e7fff321-99a1-4d05-a9c8-337b216f8dc0,64,"['d7388bea-2abf-4a49-a905-0634da74919f', 'd7388bea-2abf-4a49-a905-0634da74919f', 'd7388bea-2abf-4a49-a905-0634da74919f', '2bc60da3-890c-45bd-831f-8cca7f2c723f', '27c7c6ed-55d9-4a4f-960b-4af57728c0bd']"
c3d6148d-9789-4db8-9b3e-c415b43076f2,64,"['391fd79d-c2e7-4d07-a5eb-be5defa5d477', '391fd79d-c2e7-4d07-a5eb-be5defa5d477', '2461fe04-3893-4078-a6b0-012fe5e890f0', 'd7c21a68-e2c8-4ee6-95ef-9fbde48a8a16', '99a434ef-3f9d-4f24-ab61-a14a7e655976']"
c3d6148d-9789-4db8-9b3e-c415b43076f2,65,"['391fd79d-c2e7-4d07-a5eb-be5defa5d477', '391fd79d-c2e7-4d07-a5eb-be5defa5d477', '391fd79d-c2e7-4d07-a5eb-be5defa5d477', '391fd79d-c2e7-4d07-a5eb-be5defa5d477', '391fd79d-c2e7-4d07-a5eb-be5defa5d477']"
887850cf-c06e-48f1-b790-7e28c22127c9,77,"['56ebbaf0-a043-4525-9cdd-eed9629d49f3', '3e5e584c-fd47-4a37-a530-6f07c82f9313', '3e5e584c-fd47-4a37-a530-6f07c82f9313', '08bd3fa7-6a28-4e93-89ac-1d4f6826ef2e', '4929e0fb-ad1f-4b79-8217-6c568c832040']"
c3d6148d-9789-4db8-9b3e-c415b43076f2,66,"['391fd79d-c2e7-4d07-a5eb-be5defa5d477', '391fd79d-c2e7-4d07-a5eb-be5defa5d477', '391fd79d-c2e7-4d07-a5eb-be5defa5d477', '391fd79d-c2e7-4d07-a5eb-be5defa5d477', '391fd79d-c2e7-4d07-a5eb-be5defa5d477']"
c3d6148d-9789-4db8-9b3e-c415b43076f2,67,"['391fd79d-c2e7-4d07-a5eb-be5defa5d477', '391fd79d-c2e7-4d07-a5eb-be5defa5d477', '391fd79d-c2e7-4d07-a5eb-be5defa5d477', '391fd79d-c2e7-4d07-a5eb-be5defa5d477', '391fd79d-c2e7-4d07-a5eb-be5defa5d477']"
c3d6148d-9789-4db8-9b3e-c415b43076f2,68,"['391fd79d-c2e7-4d07-a5eb-be5defa5d477', '391fd79d-c2e7-4d07-a5eb-be5defa5d477', '391fd79d-c2e7-4d07-a5eb-be5defa5d477', '391fd79d-c2e7-4d07-a5eb-be5defa5d477', '391fd79d-c2e7-4d07-a5eb-be5defa5d477']"
819dbbde-caec-43aa-ac59-8ee6a2e6f496,88,"['de2a0783-efba-40b7-bb2f-02d98e85e271', 'de2a0783-efba-40b7-bb2f-02d98e85e271', 'de2a0783-efba-40b7-bb2f-02d98e85e271', '12c413a5-849e-458b-8d0d-af126398928a', 'e54967e9-b326-4a03-82fa-e81c7a5a0dcb']"
e7fff321-99a1-4d05-a9c8-337b216f8dc0,65,"['d7388bea-2abf-4a49-a905-0634da74919f', 'd7388bea-2abf-4a49-a905-0634da74919f', '2bc60da3-890c-45bd-831f-8cca7f2c723f', '27c7c6ed-55d9-4a4f-960b-4af57728c0bd', '9709f877-0b8c-49ce-aeb3-2c9176477a5d']"
887850cf-c06e-48f1-b790-7e28c22127c9,78,"['3e5e584c-fd47-4a37-a530-6f07c82f9313', '3e5e584c-fd47-4a37-a530-6f07c82f9313', '3e5e584c-fd47-4a37-a530-6f07c82f9313', '3e5e584c-fd47-4a37-a530-6f07c82f9313', 'ca25ec3b-d5fc-4eb7-b212-48a6ee48829c']"
887850cf-c06e-48f1-b790-7e28c22127c9,79,"['3e5e584c-fd47-4a37-a530-6f07c82f9313', '3e5e584c-fd47-4a37-a530-6f07c82f9313', '3e5e584c-fd47-4a37-a530-6f07c82f9313', '3e5e584c-fd47-4a37-a530-6f07c82f9313', 'ca25ec3b-d5fc-4eb7-b212-48a6ee48829c']"
c3d6148d-9789-4db8-9b3e-c415b43076f2,69,"['391fd79d-c2e7-4d07-a5eb-be5defa5d477', '391fd79d-c2e7-4d07-a5eb-be5defa5d477', '391fd79d-c2e7-4d07-a5eb-be5defa5d477', '391fd79d-c2e7-4d07-a5eb-be5defa5d477', '70988940-6726-4c64-82b8-fa6122bc12c4']"
c3d6148d-9789-4db8-9b3e-c415b43076f2,70,"['391fd79d-c2e7-4d07-a5eb-be5defa5d477', '391fd79d-c2e7-4d07-a5eb-be5defa5d477', '391fd79d-c2e7-4d07-a5eb-be5defa5d477', '391fd79d-c2e7-4d07-a5eb-be5defa5d477', '70988940-6726-4c64-82b8-fa6122bc12c4']"
ffd3126b-49da-432d-b046-0f08986a43aa,69,"['9c3fe23d-9543-4250-b4f1-8a17aa3ca34e', '9c3fe23d-9543-4250-b4f1-8a17aa3ca34e', '4de19631-f462-4600-be9f-6bb49d38fe63', '0458da7b-2f0b-4fb1-9c60-ce2307acc641', 'ee1599ce-028d-4f9d-b72e-f83f0ce11f90']"
819dbbde-caec-43aa-ac59-8ee6a2e6f496,89,"['de2a0783-efba-40b7-bb2f-02d98e85e271', 'de2a0783-efba-40b7-bb2f-02d98e85e271', 'de2a0783-efba-40b7-bb2f-02d98e85e271', '12c413a5-849e-458b-8d0d-af126398928a', '14c1fea1-1e39-4f43-a2fb-4d9b1b038f2f']"
819dbbde-caec-43aa-ac59-8ee6a2e6f496,90,"['de2a0783-efba-40b7-bb2f-02d98e85e271', 'de2a0783-efba-40b7-bb2f-02d98e85e271', 'de2a0783-efba-40b7-bb2f-02d98e85e271', '12c413a5-849e-458b-8d0d-af126398928a', '14c1fea1-1e39-4f43-a2fb-4d9b1b038f2f']"
e7fff321-99a1-4d05-a9c8-337b216f8dc0,66,"['d7388bea-2abf-4a49-a905-0634da74919f', 'd7388bea-2abf-4a49-a905-0634da74919f', 'd7388bea-2abf-4a49-a905-0634da74919f', 'd7388bea-2abf-4a49-a905-0634da74919f', 'be91ef93-4e9c-49a1-aade-e94a37c21d13']"
819dbbde-caec-43aa-ac59-8ee6a2e6f496,91,"['de2a0783-efba-40b7-bb2f-02d98e85e271', 'de2a0783-efba-40b7-bb2f-02d98e85e271', 'de2a0783-efba-40b7-bb2f-02d98e85e271', '12c413a5-849e-458b-8d0d-af126398928a', '14c1fea1-1e39-4f43-a2fb-4d9b1b038f2f']"
c3d6148d-9789-4db8-9b3e-c415b43076f2,71,"['391fd79d-c2e7-4d07-a5eb-be5defa5d477', '391fd79d-c2e7-4d07-a5eb-be5defa5d477', '391fd79d-c2e7-4d07-a5eb-be5defa5d477', '70988940-6726-4c64-82b8-fa6122bc12c4', 'e8f99c5c-4994-4f5d-b42b-c9a66328697c']"
c3d6148d-9789-4db8-9b3e-c415b43076f2,72,"['391fd79d-c2e7-4d07-a5eb-be5defa5d477', '391fd79d-c2e7-4d07-a5eb-be5defa5d477', '391fd79d-c2e7-4d07-a5eb-be5defa5d477', '70988940-6726-4c64-82b8-fa6122bc12c4', 'e8f99c5c-4994-4f5d-b42b-c9a66328697c']"
ffd3126b-49da-432d-b046-0f08986a43aa,70,"['9c3fe23d-9543-4250-b4f1-8a17aa3ca34e', '9c3fe23d-9543-4250-b4f1-8a17aa3ca34e', '9c3fe23d-9543-4250-b4f1-8a17aa3ca34e', '9c3fe23d-9543-4250-b4f1-8a17aa3ca34e', '2eec99d9-617e-47ab-94c1-0cb78f047ddc']"
e7fff321-99a1-4d05-a9c8-337b216f8dc0,67,"['d7388bea-2abf-4a49-a905-0634da74919f', 'd7388bea-2abf-4a49-a905-0634da74919f', 'd7388bea-2abf-4a49-a905-0634da74919f', 'be91ef93-4e9c-49a1-aade-e94a37c21d13', '5ce26e0d-77af-4b4e-8f74-f8d51662252f']"
887850cf-c06e-48f1-b790-7e28c22127c9,80,"['3e5e584c-fd47-4a37-a530-6f07c82f9313', '3e5e584c-fd47-4a37-a530-6f07c82f9313', 'ca25ec3b-d5fc-4eb7-b212-48a6ee48829c', 'c57a53fa-0e46-49d4-bf3f-357e1f74ba02', '7f0be739-40f8-4fdb-9236-fb97c67135d8']"
887850cf-c06e-48f1-b790-7e28c22127c9,81,"['3e5e584c-fd47-4a37-a530-6f07c82f9313', '3e5e584c-fd47-4a37-a530-6f07c82f9313', '3e5e584c-fd47-4a37-a530-6f07c82f9313', '3e5e584c-fd47-4a37-a530-6f07c82f9313', '3e5e584c-fd47-4a37-a530-6f07c82f9313']"
819dbbde-caec-43aa-ac59-8ee6a2e6f496,92,"['de2a0783-efba-40b7-bb2f-02d98e85e271', '12c413a5-849e-458b-8d0d-af126398928a', '14c1fea1-1e39-4f43-a2fb-4d9b1b038f2f', '9c181cf1-9d07-4d4e-8f2d-d1d87a631d3a', 'e4718b7b-eefe-4656-8020-563292d47d97']"
819dbbde-caec-43aa-ac59-8ee6a2e6f496,93,"['de2a0783-efba-40b7-bb2f-02d98e85e271', 'de2a0783-efba-40b7-bb2f-02d98e85e271', 'de2a0783-efba-40b7-bb2f-02d98e85e271', 'de2a0783-efba-40b7-bb2f-02d98e85e271', 'de2a0783-efba-40b7-bb2f-02d98e85e271']"
c3d6148d-9789-4db8-9b3e-c415b43076f2,73,"['391fd79d-c2e7-4d07-a5eb-be5defa5d477', '391fd79d-c2e7-4d07-a5eb-be5defa5d477', '70988940-6726-4c64-82b8-fa6122bc12c4', 'e8f99c5c-4994-4f5d-b42b-c9a66328697c', '8cac1957-bf33-4c9a-b810-cc2ad47bf417']"
819dbbde-caec-43aa-ac59-8ee6a2e6f496,94,"['de2a0783-efba-40b7-bb2f-02d98e85e271', 'de2a0783-efba-40b7-bb2f-02d98e85e271', 'de2a0783-efba-40b7-bb2f-02d98e85e271', 'de2a0783-efba-40b7-bb2f-02d98e85e271', 'de2a0783-efba-40b7-bb2f-02d98e85e271']"
c3d6148d-9789-4db8-9b3e-c415b43076f2,74,"['391fd79d-c2e7-4d07-a5eb-be5defa5d477', '391fd79d-c2e7-4d07-a5eb-be5defa5d477', '391fd79d-c2e7-4d07-a5eb-be5defa5d477', '391fd79d-c2e7-4d07-a5eb-be5defa5d477', '391fd79d-c2e7-4d07-a5eb-be5defa5d477']"
819dbbde-caec-43aa-ac59-8ee6a2e6f496,95,"['de2a0783-efba-40b7-bb2f-02d98e85e271', 'de2a0783-efba-40b7-bb2f-02d98e85e271', 'de2a0783-efba-40b7-bb2f-02d98e85e271', 'de2a0783-efba-40b7-bb2f-02d98e85e271', 'de2a0783-efba-40b7-bb2f-02d98e85e271']"
e7fff321-99a1-4d05-a9c8-337b216f8dc0,68,"['d7388bea-2abf-4a49-a905-0634da74919f', 'd7388bea-2abf-4a49-a905-0634da74919f', 'be91ef93-4e9c-49a1-aade-e94a37c21d13', 'dab41161-de3b-4d54-abd3-e9e201e35dde', '12b1a251-afb3-49f4-98be-8457adf33334']"
e7fff321-99a1-4d05-a9c8-337b216f8dc0,69,"['d7388bea-2abf-4a49-a905-0634da74919f', 'd7388bea-2abf-4a49-a905-0634da74919f', 'd7388bea-2abf-4a49-a905-0634da74919f', 'd7388bea-2abf-4a49-a905-0634da74919f', 'd7388bea-2abf-4a49-a905-0634da74919f']"
ffd3126b-49da-432d-b046-0f08986a43aa,71,"['9c3fe23d-9543-4250-b4f1-8a17aa3ca34e', '9c3fe23d-9543-4250-b4f1-8a17aa3ca34e', '9c3fe23d-9543-4250-b4f1-8a17aa3ca34e', 'b14a68ae-96db-4ffd-8c60-22f1a3fd6e03', '63300895-2174-4595-a05d-75a0ffac3179']"
e7fff321-99a1-4d05-a9c8-337b216f8dc0,70,"['d7388bea-2abf-4a49-a905-0634da74919f', 'd7388bea-2abf-4a49-a905-0634da74919f', 'd7388bea-2abf-4a49-a905-0634da74919f', 'd7388bea-2abf-4a49-a905-0634da74919f', 'b8594164-8f02-4c15-a146-ef7867f97eac']"
c3d6148d-9789-4db8-9b3e-c415b43076f2,75,"['391fd79d-c2e7-4d07-a5eb-be5defa5d477', '391fd79d-c2e7-4d07-a5eb-be5defa5d477', '391fd79d-c2e7-4d07-a5eb-be5defa5d477', '5fc15ca5-a379-45f2-92cc-43f4c73c3a45', 'cfd2c16f-ae5c-4239-b545-7014b913e52b']"
e7fff321-99a1-4d05-a9c8-337b216f8dc0,71,"['d7388bea-2abf-4a49-a905-0634da74919f', 'd7388bea-2abf-4a49-a905-0634da74919f', 'd7388bea-2abf-4a49-a905-0634da74919f', 'b8594164-8f02-4c15-a146-ef7867f97eac', 'd2df4f4c-464e-4465-a79f-98e52fc70028']"
819dbbde-caec-43aa-ac59-8ee6a2e6f496,96,"['de2a0783-efba-40b7-bb2f-02d98e85e271', 'de2a0783-efba-40b7-bb2f-02d98e85e271', 'acd93aa9-031a-4406-b145-18a13ea2b7ae', '6195fc87-5560-4657-a2cb-6d7224f21198', '29b0198e-dbf2-4f03-9f7f-db919dd844f8']"
887850cf-c06e-48f1-b790-7e28c22127c9,82,"['3e5e584c-fd47-4a37-a530-6f07c82f9313', '005e134d-911d-42cb-814f-9c639fd36f11', 'fcaa785c-0d8c-4e03-8a11-e81cdb0aae2e', 'e0dcf806-ead3-4164-bfdf-dd1b0fca0a53', '3fab778c-e928-4204-84b2-4185a1e3540f']"
c3d6148d-9789-4db8-9b3e-c415b43076f2,76,"['391fd79d-c2e7-4d07-a5eb-be5defa5d477', '5fc15ca5-a379-45f2-92cc-43f4c73c3a45', 'cfd2c16f-ae5c-4239-b545-7014b913e52b', '6c9e3eaa-0fb6-4960-a159-8d8dbed44096', '85cafc8b-612a-460c-83ae-6638e5f2d82f']"
ffd3126b-49da-432d-b046-0f08986a43aa,72,"['9c3fe23d-9543-4250-b4f1-8a17aa3ca34e', '63300895-2174-4595-a05d-75a0ffac3179', '172e1bd7-4a82-4958-810f-c980861db3b9', 'cd1dcdf3-52a7-4c86-8cc3-cd1df54230b6', '7270b476-022a-4801-9c46-98c19a2b314a']"
ffd3126b-49da-432d-b046-0f08986a43aa,73,"['9c3fe23d-9543-4250-b4f1-8a17aa3ca34e', '9c3fe23d-9543-4250-b4f1-8a17aa3ca34e', '9c3fe23d-9543-4250-b4f1-8a17aa3ca34e', '9c3fe23d-9543-4250-b4f1-8a17aa3ca34e', '9c3fe23d-9543-4250-b4f1-8a17aa3ca34e']"
e7fff321-99a1-4d05-a9c8-337b216f8dc0,72,"['d7388bea-2abf-4a49-a905-0634da74919f', 'b8594164-8f02-4c15-a146-ef7867f97eac', 'd2df4f4c-464e-4465-a79f-98e52fc70028', 'a5e0744e-b1cc-4a58-a435-56b24821c391', 'eb9f9820-4d9d-4b53-8cde-b73c725d6077']"
887850cf-c06e-48f1-b790-7e28c22127c9,83,"['3e5e584c-fd47-4a37-a530-6f07c82f9313', '3e5e584c-fd47-4a37-a530-6f07c82f9313', '3e5e584c-fd47-4a37-a530-6f07c82f9313', '7cf6d9d1-7874-435a-bdf4-b7f2681f1c9d', '1d519b6d-5214-4deb-91a3-df760b048d18']"
819dbbde-caec-43aa-ac59-8ee6a2e6f496,97,"['de2a0783-efba-40b7-bb2f-02d98e85e271', 'de2a0783-efba-40b7-bb2f-02d98e85e271', 'de2a0783-efba-40b7-bb2f-02d98e85e271', '8cd79651-d61a-4271-98df-18c487afd9da', '3c7a5856-2824-46e2-8c5b-70933b61e218']"
c3d6148d-9789-4db8-9b3e-c415b43076f2,77,"['391fd79d-c2e7-4d07-a5eb-be5defa5d477', '391fd79d-c2e7-4d07-a5eb-be5defa5d477', '391fd79d-c2e7-4d07-a5eb-be5defa5d477', '391fd79d-c2e7-4d07-a5eb-be5defa5d477', '1629808f-75bd-4cf2-896e-ed15bb5211ae']"
c3d6148d-9789-4db8-9b3e-c415b43076f2,78,"['391fd79d-c2e7-4d07-a5eb-be5defa5d477', '391fd79d-c2e7-4d07-a5eb-be5defa5d477', '391fd79d-c2e7-4d07-a5eb-be5defa5d477', '391fd79d-c2e7-4d07-a5eb-be5defa5d477', '1629808f-75bd-4cf2-896e-ed15bb5211ae']"
ffd3126b-49da-432d-b046-0f08986a43aa,74,"['9c3fe23d-9543-4250-b4f1-8a17aa3ca34e', '9c3fe23d-9543-4250-b4f1-8a17aa3ca34e', '9c3fe23d-9543-4250-b4f1-8a17aa3ca34e', '9c3fe23d-9543-4250-b4f1-8a17aa3ca34e', '57e945ad-a205-4518-9cb7-3a19f4f1fee4']"
e7fff321-99a1-4d05-a9c8-337b216f8dc0,73,"['d7388bea-2abf-4a49-a905-0634da74919f', 'd7388bea-2abf-4a49-a905-0634da74919f', 'd7388bea-2abf-4a49-a905-0634da74919f', 'd7388bea-2abf-4a49-a905-0634da74919f', 'ca63f5fe-7bc5-4f7d-88e4-bced909bd853']"
e7fff321-99a1-4d05-a9c8-337b216f8dc0,74,"['d7388bea-2abf-4a49-a905-0634da74919f', 'd7388bea-2abf-4a49-a905-0634da74919f', 'd7388bea-2abf-4a49-a905-0634da74919f', 'd7388bea-2abf-4a49-a905-0634da74919f', 'ca63f5fe-7bc5-4f7d-88e4-bced909bd853']"
e7fff321-99a1-4d05-a9c8-337b216f8dc0,75,"['d7388bea-2abf-4a49-a905-0634da74919f', 'd7388bea-2abf-4a49-a905-0634da74919f', 'd7388bea-2abf-4a49-a905-0634da74919f', 'd7388bea-2abf-4a49-a905-0634da74919f', 'ca63f5fe-7bc5-4f7d-88e4-bced909bd853']"
887850cf-c06e-48f1-b790-7e28c22127c9,84,"['3e5e584c-fd47-4a37-a530-6f07c82f9313', '3e5e584c-fd47-4a37-a530-6f07c82f9313', '7cf6d9d1-7874-435a-bdf4-b7f2681f1c9d', '1d519b6d-5214-4deb-91a3-df760b048d18', '42ee2d21-cb7c-4af5-802b-ab3d310f5658']"
887850cf-c06e-48f1-b790-7e28c22127c9,85,"['3e5e584c-fd47-4a37-a530-6f07c82f9313', '3e5e584c-fd47-4a37-a530-6f07c82f9313', '3e5e584c-fd47-4a37-a530-6f07c82f9313', '3e5e584c-fd47-4a37-a530-6f07c82f9313', '3e5e584c-fd47-4a37-a530-6f07c82f9313']"
c3d6148d-9789-4db8-9b3e-c415b43076f2,79,"['391fd79d-c2e7-4d07-a5eb-be5defa5d477', '391fd79d-c2e7-4d07-a5eb-be5defa5d477', '391fd79d-c2e7-4d07-a5eb-be5defa5d477', '391fd79d-c2e7-4d07-a5eb-be5defa5d477', '3fa09e9d-17f8-48e0-9064-04f6d34c23c0']"
ffd3126b-49da-432d-b046-0f08986a43aa,75,"['9c3fe23d-9543-4250-b4f1-8a17aa3ca34e', '9c3fe23d-9543-4250-b4f1-8a17aa3ca34e', '9c3fe23d-9543-4250-b4f1-8a17aa3ca34e', '57e945ad-a205-4518-9cb7-3a19f4f1fee4', '2fd91b53-61c0-4aeb-bf7b-9fb2f68b6fe4']"
e7fff321-99a1-4d05-a9c8-337b216f8dc0,76,"['d7388bea-2abf-4a49-a905-0634da74919f', 'd7388bea-2abf-4a49-a905-0634da74919f', 'd7388bea-2abf-4a49-a905-0634da74919f', 'ca63f5fe-7bc5-4f7d-88e4-bced909bd853', '93a0cd95-2514-4900-9dfa-f57052516805']"
887850cf-c06e-48f1-b790-7e28c22127c9,86,"['3e5e584c-fd47-4a37-a530-6f07c82f9313', '3e5e584c-fd47-4a37-a530-6f07c82f9313', '3e5e584c-fd47-4a37-a530-6f07c82f9313', '3e5e584c-fd47-4a37-a530-6f07c82f9313', 'e64fb105-754f-40d4-9c08-ab4641567ea7']"
819dbbde-caec-43aa-ac59-8ee6a2e6f496,98,"['de2a0783-efba-40b7-bb2f-02d98e85e271', 'de2a0783-efba-40b7-bb2f-02d98e85e271', '8cd79651-d61a-4271-98df-18c487afd9da', '016cb534-8663-4a77-a45c-cd9b62349444', '1c9aed7f-abad-4538-b0e7-5053da2a123b']"
c3d6148d-9789-4db8-9b3e-c415b43076f2,80,"['391fd79d-c2e7-4d07-a5eb-be5defa5d477', '391fd79d-c2e7-4d07-a5eb-be5defa5d477', '391fd79d-c2e7-4d07-a5eb-be5defa5d477', '3fa09e9d-17f8-48e0-9064-04f6d34c23c0', 'd0767039-eba1-4de3-a3d4-47c74b66d8e7']"
887850cf-c06e-48f1-b790-7e28c22127c9,87,"['3e5e584c-fd47-4a37-a530-6f07c82f9313', '3e5e584c-fd47-4a37-a530-6f07c82f9313', '3e5e584c-fd47-4a37-a530-6f07c82f9313', 'e64fb105-754f-40d4-9c08-ab4641567ea7', '7128620a-6000-4682-9c41-709adf008cd2']"
c3d6148d-9789-4db8-9b3e-c415b43076f2,81,"['391fd79d-c2e7-4d07-a5eb-be5defa5d477', '391fd79d-c2e7-4d07-a5eb-be5defa5d477', '3fa09e9d-17f8-48e0-9064-04f6d34c23c0', 'd0767039-eba1-4de3-a3d4-47c74b66d8e7', '19978b81-68f7-4eac-a34f-c51f071efa97']"
887850cf-c06e-48f1-b790-7e28c22127c9,88,"['3e5e584c-fd47-4a37-a530-6f07c82f9313', '3e5e584c-fd47-4a37-a530-6f07c82f9313', 'e64fb105-754f-40d4-9c08-ab4641567ea7', '7128620a-6000-4682-9c41-709adf008cd2', '1b7461b1-c544-454d-a61d-e2693937a5e1']"
c3d6148d-9789-4db8-9b3e-c415b43076f2,82,"['391fd79d-c2e7-4d07-a5eb-be5defa5d477', '19978b81-68f7-4eac-a34f-c51f071efa97', '19978b81-68f7-4eac-a34f-c51f071efa97', '19978b81-68f7-4eac-a34f-c51f071efa97', '19978b81-68f7-4eac-a34f-c51f071efa97']"
ffd3126b-49da-432d-b046-0f08986a43aa,76,"['9c3fe23d-9543-4250-b4f1-8a17aa3ca34e', '57e945ad-a205-4518-9cb7-3a19f4f1fee4', '2fd91b53-61c0-4aeb-bf7b-9fb2f68b6fe4', '8969d8df-1b25-4b7a-bf39-6af2f99ba84f', '9d43212b-8ac1-4f21-b26d-628ffdf16cf6']"
819dbbde-caec-43aa-ac59-8ee6a2e6f496,99,"['de2a0783-efba-40b7-bb2f-02d98e85e271', 'de2a0783-efba-40b7-bb2f-02d98e85e271', 'de2a0783-efba-40b7-bb2f-02d98e85e271', '71a79282-76e9-43cf-9863-a84eeac14e8c', '854eb9a0-8fd4-468a-8556-0e5d7f6e82a7']"
819dbbde-caec-43aa-ac59-8ee6a2e6f496,100,"['de2a0783-efba-40b7-bb2f-02d98e85e271', 'de2a0783-efba-40b7-bb2f-02d98e85e271', 'de2a0783-efba-40b7-bb2f-02d98e85e271', '71a79282-76e9-43cf-9863-a84eeac14e8c', '854eb9a0-8fd4-468a-8556-0e5d7f6e82a7']"
887850cf-c06e-48f1-b790-7e28c22127c9,89,"['3e5e584c-fd47-4a37-a530-6f07c82f9313', '3e5e584c-fd47-4a37-a530-6f07c82f9313', '3e5e584c-fd47-4a37-a530-6f07c82f9313', '3e5e584c-fd47-4a37-a530-6f07c82f9313', 'd94c47a9-7d3c-469b-980c-4fd212b82529']"
c3d6148d-9789-4db8-9b3e-c415b43076f2,83,"['391fd79d-c2e7-4d07-a5eb-be5defa5d477', '19978b81-68f7-4eac-a34f-c51f071efa97', '19978b81-68f7-4eac-a34f-c51f071efa97', '19978b81-68f7-4eac-a34f-c51f071efa97', 'bf599e25-0724-433f-939b-810def8e3dfd']"
887850cf-c06e-48f1-b790-7e28c22127c9,90,"['3e5e584c-fd47-4a37-a530-6f07c82f9313', '3e5e584c-fd47-4a37-a530-6f07c82f9313', '3e5e584c-fd47-4a37-a530-6f07c82f9313', '3e5e584c-fd47-4a37-a530-6f07c82f9313', 'd94c47a9-7d3c-469b-980c-4fd212b82529']"
c3d6148d-9789-4db8-9b3e-c415b43076f2,84,"['391fd79d-c2e7-4d07-a5eb-be5defa5d477', '19978b81-68f7-4eac-a34f-c51f071efa97', '19978b81-68f7-4eac-a34f-c51f071efa97', '19978b81-68f7-4eac-a34f-c51f071efa97', 'bf599e25-0724-433f-939b-810def8e3dfd']"
ffd3126b-49da-432d-b046-0f08986a43aa,77,"['9c3fe23d-9543-4250-b4f1-8a17aa3ca34e', '9c3fe23d-9543-4250-b4f1-8a17aa3ca34e', '9c3fe23d-9543-4250-b4f1-8a17aa3ca34e', '9c3fe23d-9543-4250-b4f1-8a17aa3ca34e', '5be2daa7-ac4e-4198-add5-18ec464eb241']"
e7fff321-99a1-4d05-a9c8-337b216f8dc0,77,"['d7388bea-2abf-4a49-a905-0634da74919f', 'ca63f5fe-7bc5-4f7d-88e4-bced909bd853', 'ffe0ab42-ba41-4ec9-8937-893dd86cf8f8', '5751eb44-941f-4bf9-be04-8dd6e64f1f96', '26afe262-102c-46b6-aa53-d814245d0dcf']"
e7fff321-99a1-4d05-a9c8-337b216f8dc0,78,"['d7388bea-2abf-4a49-a905-0634da74919f', 'd7388bea-2abf-4a49-a905-0634da74919f', 'd7388bea-2abf-4a49-a905-0634da74919f', 'd7388bea-2abf-4a49-a905-0634da74919f', 'd7388bea-2abf-4a49-a905-0634da74919f']"
819dbbde-caec-43aa-ac59-8ee6a2e6f496,101,"['de2a0783-efba-40b7-bb2f-02d98e85e271', 'de2a0783-efba-40b7-bb2f-02d98e85e271', '71a79282-76e9-43cf-9863-a84eeac14e8c', '69d3fc68-ad7e-4554-832d-37a5a2e66bde', '4deabc9d-5ae4-407d-8edc-64498494be6e']"
887850cf-c06e-48f1-b790-7e28c22127c9,91,"['3e5e584c-fd47-4a37-a530-6f07c82f9313', '3e5e584c-fd47-4a37-a530-6f07c82f9313', '3e5e584c-fd47-4a37-a530-6f07c82f9313', 'd94c47a9-7d3c-469b-980c-4fd212b82529', '257793b7-7a3d-44c6-b95b-63c51ff08a17']"
887850cf-c06e-48f1-b790-7e28c22127c9,92,"['3e5e584c-fd47-4a37-a530-6f07c82f9313', '3e5e584c-fd47-4a37-a530-6f07c82f9313', '3e5e584c-fd47-4a37-a530-6f07c82f9313', 'd94c47a9-7d3c-469b-980c-4fd212b82529', '257793b7-7a3d-44c6-b95b-63c51ff08a17']"
c3d6148d-9789-4db8-9b3e-c415b43076f2,85,"['391fd79d-c2e7-4d07-a5eb-be5defa5d477', '19978b81-68f7-4eac-a34f-c51f071efa97', '19978b81-68f7-4eac-a34f-c51f071efa97', '19978b81-68f7-4eac-a34f-c51f071efa97', 'a03b53ed-046d-42aa-8ee9-237091e185c9']"
ffd3126b-49da-432d-b046-0f08986a43aa,78,"['9c3fe23d-9543-4250-b4f1-8a17aa3ca34e', '9c3fe23d-9543-4250-b4f1-8a17aa3ca34e', '9c3fe23d-9543-4250-b4f1-8a17aa3ca34e', '5be2daa7-ac4e-4198-add5-18ec464eb241', '76328193-c4d3-4ba7-b899-570dc5dd0962']"
ffd3126b-49da-432d-b046-0f08986a43aa,79,"['9c3fe23d-9543-4250-b4f1-8a17aa3ca34e', '9c3fe23d-9543-4250-b4f1-8a17aa3ca34e', '9c3fe23d-9543-4250-b4f1-8a17aa3ca34e', '76328193-c4d3-4ba7-b899-570dc5dd0962', 'db6c5400-c166-40a4-bd00-c2bd54902ec1']"
819dbbde-caec-43aa-ac59-8ee6a2e6f496,102,"['de2a0783-efba-40b7-bb2f-02d98e85e271', 'de2a0783-efba-40b7-bb2f-02d98e85e271', 'de2a0783-efba-40b7-bb2f-02d98e85e271', 'de2a0783-efba-40b7-bb2f-02d98e85e271', '90e89f95-7a10-4776-8309-7039ead1ce0a']"
819dbbde-caec-43aa-ac59-8ee6a2e6f496,103,"['de2a0783-efba-40b7-bb2f-02d98e85e271', 'de2a0783-efba-40b7-bb2f-02d98e85e271', 'de2a0783-efba-40b7-bb2f-02d98e85e271', 'de2a0783-efba-40b7-bb2f-02d98e85e271', '90e89f95-7a10-4776-8309-7039ead1ce0a']"
819dbbde-caec-43aa-ac59-8ee6a2e6f496,104,"['de2a0783-efba-40b7-bb2f-02d98e85e271', 'de2a0783-efba-40b7-bb2f-02d98e85e271', 'de2a0783-efba-40b7-bb2f-02d98e85e271', 'de2a0783-efba-40b7-bb2f-02d98e85e271', '90e89f95-7a10-4776-8309-7039ead1ce0a']"
e7fff321-99a1-4d05-a9c8-337b216f8dc0,79,"['d7388bea-2abf-4a49-a905-0634da74919f', 'd7388bea-2abf-4a49-a905-0634da74919f', 'd7388bea-2abf-4a49-a905-0634da74919f', '57b5efbc-3a8c-4b07-a56b-e2b81c1d13bd', '5f5311cf-8637-41f2-b42b-132c3eeb8b74']"
ffd3126b-49da-432d-b046-0f08986a43aa,80,"['9c3fe23d-9543-4250-b4f1-8a17aa3ca34e', '9c3fe23d-9543-4250-b4f1-8a17aa3ca34e', '9c3fe23d-9543-4250-b4f1-8a17aa3ca34e', 'ce26f4bc-7c57-4179-ba18-55ae7d1923e0', '1f1e282e-7c44-4e35-a5c0-1e6dce1fc38c']"
ffd3126b-49da-432d-b046-0f08986a43aa,81,"['9c3fe23d-9543-4250-b4f1-8a17aa3ca34e', 'ce26f4bc-7c57-4179-ba18-55ae7d1923e0', 'ce26f4bc-7c57-4179-ba18-55ae7d1923e0', 'ce26f4bc-7c57-4179-ba18-55ae7d1923e0', 'ce26f4bc-7c57-4179-ba18-55ae7d1923e0']"
819dbbde-caec-43aa-ac59-8ee6a2e6f496,105,"['de2a0783-efba-40b7-bb2f-02d98e85e271', 'de2a0783-efba-40b7-bb2f-02d98e85e271', 'de2a0783-efba-40b7-bb2f-02d98e85e271', '90e89f95-7a10-4776-8309-7039ead1ce0a', 'e01055d9-f4fa-4ace-86ff-2a46f287d423']"
887850cf-c06e-48f1-b790-7e28c22127c9,93,"['3e5e584c-fd47-4a37-a530-6f07c82f9313', '3e5e584c-fd47-4a37-a530-6f07c82f9313', 'd94c47a9-7d3c-469b-980c-4fd212b82529', '4e920d46-b99f-42a6-94bc-535de1cc95bc', '80dc1445-d30a-4d5b-9281-de51f931e155']"
c3d6148d-9789-4db8-9b3e-c415b43076f2,86,"['19978b81-68f7-4eac-a34f-c51f071efa97', '19978b81-68f7-4eac-a34f-c51f071efa97', 'a03b53ed-046d-42aa-8ee9-237091e185c9', '765c3908-2678-4c89-aa89-c577683f8d57', 'da2e10e0-df25-44f2-93d7-bdd0fed3152c']"
e7fff321-99a1-4d05-a9c8-337b216f8dc0,80,"['d7388bea-2abf-4a49-a905-0634da74919f', 'd7388bea-2abf-4a49-a905-0634da74919f', '57b5efbc-3a8c-4b07-a56b-e2b81c1d13bd', '5f5311cf-8637-41f2-b42b-132c3eeb8b74', '481cbeac-3c2c-49aa-8498-6309c91d7d15']"
c3d6148d-9789-4db8-9b3e-c415b43076f2,87,"['19978b81-68f7-4eac-a34f-c51f071efa97', '19978b81-68f7-4eac-a34f-c51f071efa97', '19978b81-68f7-4eac-a34f-c51f071efa97', '19978b81-68f7-4eac-a34f-c51f071efa97', '19978b81-68f7-4eac-a34f-c51f071efa97']"
ffd3126b-49da-432d-b046-0f08986a43aa,82,"['9c3fe23d-9543-4250-b4f1-8a17aa3ca34e', 'ce26f4bc-7c57-4179-ba18-55ae7d1923e0', 'ce26f4bc-7c57-4179-ba18-55ae7d1923e0', 'ce26f4bc-7c57-4179-ba18-55ae7d1923e0', 'b079ccbf-ea02-4c9d-ba26-0853e20e228a']"
819dbbde-caec-43aa-ac59-8ee6a2e6f496,106,"['de2a0783-efba-40b7-bb2f-02d98e85e271', 'de2a0783-efba-40b7-bb2f-02d98e85e271', 'de2a0783-efba-40b7-bb2f-02d98e85e271', '90e89f95-7a10-4776-8309-7039ead1ce0a', '17ba9a2c-83c8-464d-a4ca-4b3cbcb44bbf']"
ffd3126b-49da-432d-b046-0f08986a43aa,83,"['9c3fe23d-9543-4250-b4f1-8a17aa3ca34e', 'ce26f4bc-7c57-4179-ba18-55ae7d1923e0', 'ce26f4bc-7c57-4179-ba18-55ae7d1923e0', 'ce26f4bc-7c57-4179-ba18-55ae7d1923e0', 'b079ccbf-ea02-4c9d-ba26-0853e20e228a']"
c3d6148d-9789-4db8-9b3e-c415b43076f2,88,"['19978b81-68f7-4eac-a34f-c51f071efa97', '19978b81-68f7-4eac-a34f-c51f071efa97', '19978b81-68f7-4eac-a34f-c51f071efa97', '19978b81-68f7-4eac-a34f-c51f071efa97', '908023d4-b037-405e-8cb6-5c0d48877a3f']"
887850cf-c06e-48f1-b790-7e28c22127c9,94,"['3e5e584c-fd47-4a37-a530-6f07c82f9313', '3e5e584c-fd47-4a37-a530-6f07c82f9313', '3e5e584c-fd47-4a37-a530-6f07c82f9313', 'a4a80a27-9757-4632-a22d-29a4ebdb0608', 'fead805d-3fcf-4079-9780-168b3a1b8d14']"
ffd3126b-49da-432d-b046-0f08986a43aa,84,"['ce26f4bc-7c57-4179-ba18-55ae7d1923e0', 'ce26f4bc-7c57-4179-ba18-55ae7d1923e0', 'ce26f4bc-7c57-4179-ba18-55ae7d1923e0', 'b079ccbf-ea02-4c9d-ba26-0853e20e228a', '4fbd02f0-d0d4-4489-afb5-c2d8da5e1809']"
e7fff321-99a1-4d05-a9c8-337b216f8dc0,81,"['d7388bea-2abf-4a49-a905-0634da74919f', 'd7388bea-2abf-4a49-a905-0634da74919f', 'd7388bea-2abf-4a49-a905-0634da74919f', '8f3652a7-1b33-452c-bd3d-18ca3f38378b', '45c078d7-4203-41f3-978c-5e90db65fef4']"
e7fff321-99a1-4d05-a9c8-337b216f8dc0,82,"['d7388bea-2abf-4a49-a905-0634da74919f', 'd7388bea-2abf-4a49-a905-0634da74919f', 'd7388bea-2abf-4a49-a905-0634da74919f', '8f3652a7-1b33-452c-bd3d-18ca3f38378b', '45c078d7-4203-41f3-978c-5e90db65fef4']"
e7fff321-99a1-4d05-a9c8-337b216f8dc0,83,"['d7388bea-2abf-4a49-a905-0634da74919f', 'd7388bea-2abf-4a49-a905-0634da74919f', 'd7388bea-2abf-4a49-a905-0634da74919f', '8f3652a7-1b33-452c-bd3d-18ca3f38378b', '45c078d7-4203-41f3-978c-5e90db65fef4']"
c3d6148d-9789-4db8-9b3e-c415b43076f2,89,"['19978b81-68f7-4eac-a34f-c51f071efa97', '19978b81-68f7-4eac-a34f-c51f071efa97', '19978b81-68f7-4eac-a34f-c51f071efa97', '908023d4-b037-405e-8cb6-5c0d48877a3f', 'c85f2158-5820-4922-a481-064ca100a119']"
c3d6148d-9789-4db8-9b3e-c415b43076f2,90,"['19978b81-68f7-4eac-a34f-c51f071efa97', '19978b81-68f7-4eac-a34f-c51f071efa97', '19978b81-68f7-4eac-a34f-c51f071efa97', '908023d4-b037-405e-8cb6-5c0d48877a3f', 'c85f2158-5820-4922-a481-064ca100a119']"
819dbbde-caec-43aa-ac59-8ee6a2e6f496,107,"['de2a0783-efba-40b7-bb2f-02d98e85e271', 'de2a0783-efba-40b7-bb2f-02d98e85e271', '17ba9a2c-83c8-464d-a4ca-4b3cbcb44bbf', 'be235f13-d6e2-44c5-80f8-9548e81e6ad3', 'bc90871f-bf89-47a7-b8e7-4c77b6609b72']"
ffd3126b-49da-432d-b046-0f08986a43aa,85,"['ce26f4bc-7c57-4179-ba18-55ae7d1923e0', 'ce26f4bc-7c57-4179-ba18-55ae7d1923e0', 'b079ccbf-ea02-4c9d-ba26-0853e20e228a', '4fbd02f0-d0d4-4489-afb5-c2d8da5e1809', '0dcd3fbd-23db-42d5-a453-39609b331d84']"
e7fff321-99a1-4d05-a9c8-337b216f8dc0,84,"['d7388bea-2abf-4a49-a905-0634da74919f', 'd7388bea-2abf-4a49-a905-0634da74919f', 'd7388bea-2abf-4a49-a905-0634da74919f', '8f3652a7-1b33-452c-bd3d-18ca3f38378b', 'e72aaa8c-6d4d-42e7-9fe3-31a7a786d21b']"
c3d6148d-9789-4db8-9b3e-c415b43076f2,91,"['19978b81-68f7-4eac-a34f-c51f071efa97', '19978b81-68f7-4eac-a34f-c51f071efa97', '908023d4-b037-405e-8cb6-5c0d48877a3f', 'c85f2158-5820-4922-a481-064ca100a119', 'b046609a-c752-476b-ab36-27825acad744']"
887850cf-c06e-48f1-b790-7e28c22127c9,95,"['3e5e584c-fd47-4a37-a530-6f07c82f9313', '3e5e584c-fd47-4a37-a530-6f07c82f9313', 'a4a80a27-9757-4632-a22d-29a4ebdb0608', 'bce069b0-75cb-4368-a876-008730afa01f', '118d4c37-6ddc-44b9-8603-36511c0eb11f']"
819dbbde-caec-43aa-ac59-8ee6a2e6f496,108,"['de2a0783-efba-40b7-bb2f-02d98e85e271', 'de2a0783-efba-40b7-bb2f-02d98e85e271', 'de2a0783-efba-40b7-bb2f-02d98e85e271', 'de2a0783-efba-40b7-bb2f-02d98e85e271', 'c5e7c4f9-ad5f-48fd-bb4e-15b63dd547a7']"
e7fff321-99a1-4d05-a9c8-337b216f8dc0,85,"['d7388bea-2abf-4a49-a905-0634da74919f', 'd7388bea-2abf-4a49-a905-0634da74919f', '8f3652a7-1b33-452c-bd3d-18ca3f38378b', 'e72aaa8c-6d4d-42e7-9fe3-31a7a786d21b', '382d24dd-be5c-4f96-8694-254f8afe7fee']"
ffd3126b-49da-432d-b046-0f08986a43aa,86,"['ce26f4bc-7c57-4179-ba18-55ae7d1923e0', 'ce26f4bc-7c57-4179-ba18-55ae7d1923e0', 'ce26f4bc-7c57-4179-ba18-55ae7d1923e0', 'ce26f4bc-7c57-4179-ba18-55ae7d1923e0', '8c4b7634-738a-4adf-9fc6-af171c3ed67b']"
887850cf-c06e-48f1-b790-7e28c22127c9,96,"['3e5e584c-fd47-4a37-a530-6f07c82f9313', '3e5e584c-fd47-4a37-a530-6f07c82f9313', '3e5e584c-fd47-4a37-a530-6f07c82f9313', '3e5e584c-fd47-4a37-a530-6f07c82f9313', 'e8397b88-41f5-4e9e-8089-773c0f4c55d1']"
819dbbde-caec-43aa-ac59-8ee6a2e6f496,109,"['de2a0783-efba-40b7-bb2f-02d98e85e271', 'de2a0783-efba-40b7-bb2f-02d98e85e271', 'de2a0783-efba-40b7-bb2f-02d98e85e271', 'c5e7c4f9-ad5f-48fd-bb4e-15b63dd547a7', 'd8db4ee0-e85d-43b3-bab8-33fa89b17fb9']"
e7fff321-99a1-4d05-a9c8-337b216f8dc0,86,"['d7388bea-2abf-4a49-a905-0634da74919f', 'd7388bea-2abf-4a49-a905-0634da74919f', 'd7388bea-2abf-4a49-a905-0634da74919f', 'd7388bea-2abf-4a49-a905-0634da74919f', '006c2083-2ab5-43ee-8e0b-59dc88db99a9']"
819dbbde-caec-43aa-ac59-8ee6a2e6f496,110,"['de2a0783-efba-40b7-bb2f-02d98e85e271', 'de2a0783-efba-40b7-bb2f-02d98e85e271', 'de2a0783-efba-40b7-bb2f-02d98e85e271', 'c5e7c4f9-ad5f-48fd-bb4e-15b63dd547a7', 'd8db4ee0-e85d-43b3-bab8-33fa89b17fb9']"
ffd3126b-49da-432d-b046-0f08986a43aa,87,"['ce26f4bc-7c57-4179-ba18-55ae7d1923e0', 'ce26f4bc-7c57-4179-ba18-55ae7d1923e0', 'ce26f4bc-7c57-4179-ba18-55ae7d1923e0', 'ce26f4bc-7c57-4179-ba18-55ae7d1923e0', '63d845d8-076b-4a36-b1c3-ebb9df520e0c']"
c3d6148d-9789-4db8-9b3e-c415b43076f2,92,"['19978b81-68f7-4eac-a34f-c51f071efa97', '19978b81-68f7-4eac-a34f-c51f071efa97', 'c85f2158-5820-4922-a481-064ca100a119', '9877a4fb-a014-4c36-83c3-f93ba66ef818', 'ad3bf56e-86c2-4064-b0bd-c7089562357f']"
819dbbde-caec-43aa-ac59-8ee6a2e6f496,111,"['de2a0783-efba-40b7-bb2f-02d98e85e271', 'de2a0783-efba-40b7-bb2f-02d98e85e271', 'c5e7c4f9-ad5f-48fd-bb4e-15b63dd547a7', 'd8db4ee0-e85d-43b3-bab8-33fa89b17fb9', 'ed1a46d9-6b18-4fec-9fbd-1356029b0181']"
887850cf-c06e-48f1-b790-7e28c22127c9,97,"['3e5e584c-fd47-4a37-a530-6f07c82f9313', '3e5e584c-fd47-4a37-a530-6f07c82f9313', '3e5e584c-fd47-4a37-a530-6f07c82f9313', '3ecaeec2-4c15-48c0-84a8-1f7f0e047dd8', 'a7cee4f9-fb41-47cf-9e63-c9132ccd4179']"
c3d6148d-9789-4db8-9b3e-c415b43076f2,93,"['19978b81-68f7-4eac-a34f-c51f071efa97', '19978b81-68f7-4eac-a34f-c51f071efa97', '19978b81-68f7-4eac-a34f-c51f071efa97', '19978b81-68f7-4eac-a34f-c51f071efa97', '35782185-3925-40e5-a6ef-0645568149e3']"
e7fff321-99a1-4d05-a9c8-337b216f8dc0,87,"['d7388bea-2abf-4a49-a905-0634da74919f', 'd7388bea-2abf-4a49-a905-0634da74919f', '006c2083-2ab5-43ee-8e0b-59dc88db99a9', '4f2fa032-50ab-42ca-90e5-0a6bec960207', '21a666f1-9fda-482a-a7d7-542f5b831e22']"
819dbbde-caec-43aa-ac59-8ee6a2e6f496,112,"['de2a0783-efba-40b7-bb2f-02d98e85e271', 'de2a0783-efba-40b7-bb2f-02d98e85e271', 'de2a0783-efba-40b7-bb2f-02d98e85e271', 'de2a0783-efba-40b7-bb2f-02d98e85e271', '9f4d1372-3ced-4af9-8bb0-6914e0ecd0ab']"
819dbbde-caec-43aa-ac59-8ee6a2e6f496,113,"['de2a0783-efba-40b7-bb2f-02d98e85e271', 'de2a0783-efba-40b7-bb2f-02d98e85e271', 'de2a0783-efba-40b7-bb2f-02d98e85e271', 'de2a0783-efba-40b7-bb2f-02d98e85e271', '9f4d1372-3ced-4af9-8bb0-6914e0ecd0ab']"
ffd3126b-49da-432d-b046-0f08986a43aa,88,"['ce26f4bc-7c57-4179-ba18-55ae7d1923e0', 'ce26f4bc-7c57-4179-ba18-55ae7d1923e0', '63d845d8-076b-4a36-b1c3-ebb9df520e0c', 'f545b65e-e8e5-4da6-a363-d7a2c5751037', 'be3b1119-edbf-4e2a-bb9e-fa0d8c83ea5a']"
ffd3126b-49da-432d-b046-0f08986a43aa,89,"['ce26f4bc-7c57-4179-ba18-55ae7d1923e0', 'ce26f4bc-7c57-4179-ba18-55ae7d1923e0', 'ce26f4bc-7c57-4179-ba18-55ae7d1923e0', 'ce26f4bc-7c57-4179-ba18-55ae7d1923e0', 'ce26f4bc-7c57-4179-ba18-55ae7d1923e0']"
ffd3126b-49da-432d-b046-0f08986a43aa,90,"['ce26f4bc-7c57-4179-ba18-55ae7d1923e0', 'ce26f4bc-7c57-4179-ba18-55ae7d1923e0', 'ce26f4bc-7c57-4179-ba18-55ae7d1923e0', 'ce26f4bc-7c57-4179-ba18-55ae7d1923e0', 'ce26f4bc-7c57-4179-ba18-55ae7d1923e0']"
ffd3126b-49da-432d-b046-0f08986a43aa,91,"['ce26f4bc-7c57-4179-ba18-55ae7d1923e0', 'ce26f4bc-7c57-4179-ba18-55ae7d1923e0', 'ce26f4bc-7c57-4179-ba18-55ae7d1923e0', 'ce26f4bc-7c57-4179-ba18-55ae7d1923e0', 'ce26f4bc-7c57-4179-ba18-55ae7d1923e0']"
c3d6148d-9789-4db8-9b3e-c415b43076f2,94,"['19978b81-68f7-4eac-a34f-c51f071efa97', '19978b81-68f7-4eac-a34f-c51f071efa97', '19978b81-68f7-4eac-a34f-c51f071efa97', '35782185-3925-40e5-a6ef-0645568149e3', 'db952564-ffc6-4263-b3b6-69211a7a86ae']"
e7fff321-99a1-4d05-a9c8-337b216f8dc0,88,"['d7388bea-2abf-4a49-a905-0634da74919f', 'd7388bea-2abf-4a49-a905-0634da74919f', 'd7388bea-2abf-4a49-a905-0634da74919f', 'd7388bea-2abf-4a49-a905-0634da74919f', 'e57bb87d-ba9e-4248-bd5b-3582297a4f8c']"
e7fff321-99a1-4d05-a9c8-337b216f8dc0,89,"['d7388bea-2abf-4a49-a905-0634da74919f', 'd7388bea-2abf-4a49-a905-0634da74919f', 'd7388bea-2abf-4a49-a905-0634da74919f', 'd7388bea-2abf-4a49-a905-0634da74919f', 'e57bb87d-ba9e-4248-bd5b-3582297a4f8c']"
819dbbde-caec-43aa-ac59-8ee6a2e6f496,114,"['de2a0783-efba-40b7-bb2f-02d98e85e271', 'de2a0783-efba-40b7-bb2f-02d98e85e271', 'de2a0783-efba-40b7-bb2f-02d98e85e271', '9f4d1372-3ced-4af9-8bb0-6914e0ecd0ab', '5ff12b9c-0a52-4373-9b9b-acfcab4e2fc6']"
819dbbde-caec-43aa-ac59-8ee6a2e6f496,115,"['de2a0783-efba-40b7-bb2f-02d98e85e271', 'de2a0783-efba-40b7-bb2f-02d98e85e271', 'de2a0783-efba-40b7-bb2f-02d98e85e271', '9f4d1372-3ced-4af9-8bb0-6914e0ecd0ab', '5ff12b9c-0a52-4373-9b9b-acfcab4e2fc6']"
819dbbde-caec-43aa-ac59-8ee6a2e6f496,116,"['de2a0783-efba-40b7-bb2f-02d98e85e271', 'de2a0783-efba-40b7-bb2f-02d98e85e271', 'de2a0783-efba-40b7-bb2f-02d98e85e271', '9f4d1372-3ced-4af9-8bb0-6914e0ecd0ab', '5ff12b9c-0a52-4373-9b9b-acfcab4e2fc6']"
887850cf-c06e-48f1-b790-7e28c22127c9,98,"['3e5e584c-fd47-4a37-a530-6f07c82f9313', '3ecaeec2-4c15-48c0-84a8-1f7f0e047dd8', 'a7cee4f9-fb41-47cf-9e63-c9132ccd4179', 'a19c6628-f49c-4d1b-89ae-1ca037ae6025', '8062fd99-f273-4a7f-b240-dfbb5f00ec7f']"
819dbbde-caec-43aa-ac59-8ee6a2e6f496,117,"['de2a0783-efba-40b7-bb2f-02d98e85e271', 'de2a0783-efba-40b7-bb2f-02d98e85e271', 'de2a0783-efba-40b7-bb2f-02d98e85e271', '9f4d1372-3ced-4af9-8bb0-6914e0ecd0ab', '5ff12b9c-0a52-4373-9b9b-acfcab4e2fc6']"
c3d6148d-9789-4db8-9b3e-c415b43076f2,95,"['19978b81-68f7-4eac-a34f-c51f071efa97', '19978b81-68f7-4eac-a34f-c51f071efa97', '35782185-3925-40e5-a6ef-0645568149e3', 'db952564-ffc6-4263-b3b6-69211a7a86ae', 'a85df452-48a7-45df-bf41-fca149fe4b5c']"
e7fff321-99a1-4d05-a9c8-337b216f8dc0,90,"['d7388bea-2abf-4a49-a905-0634da74919f', 'd7388bea-2abf-4a49-a905-0634da74919f', 'd7388bea-2abf-4a49-a905-0634da74919f', 'e57bb87d-ba9e-4248-bd5b-3582297a4f8c', 'fc593d8e-d381-43cc-b592-367336c1cdf3']"
887850cf-c06e-48f1-b790-7e28c22127c9,99,"['3e5e584c-fd47-4a37-a530-6f07c82f9313', '3e5e584c-fd47-4a37-a530-6f07c82f9313', '3e5e584c-fd47-4a37-a530-6f07c82f9313', '3e5e584c-fd47-4a37-a530-6f07c82f9313', '1cacdf0e-49e5-47f1-b062-22d10b6ad179']"
819dbbde-caec-43aa-ac59-8ee6a2e6f496,118,"['de2a0783-efba-40b7-bb2f-02d98e85e271', 'de2a0783-efba-40b7-bb2f-02d98e85e271', 'de2a0783-efba-40b7-bb2f-02d98e85e271', '9f4d1372-3ced-4af9-8bb0-6914e0ecd0ab', '76dc320f-05bb-403a-938f-62c3baad5e5f']"
c3d6148d-9789-4db8-9b3e-c415b43076f2,96,"['19978b81-68f7-4eac-a34f-c51f071efa97', '19978b81-68f7-4eac-a34f-c51f071efa97', '19978b81-68f7-4eac-a34f-c51f071efa97', '19978b81-68f7-4eac-a34f-c51f071efa97', '1832d570-aaf2-4364-9d01-4549dc2d4554']"
c3d6148d-9789-4db8-9b3e-c415b43076f2,97,"['19978b81-68f7-4eac-a34f-c51f071efa97', '19978b81-68f7-4eac-a34f-c51f071efa97', '19978b81-68f7-4eac-a34f-c51f071efa97', '19978b81-68f7-4eac-a34f-c51f071efa97', '1832d570-aaf2-4364-9d01-4549dc2d4554']"
e7fff321-99a1-4d05-a9c8-337b216f8dc0,91,"['d7388bea-2abf-4a49-a905-0634da74919f', 'd7388bea-2abf-4a49-a905-0634da74919f', 'e57bb87d-ba9e-4248-bd5b-3582297a4f8c', 'fc593d8e-d381-43cc-b592-367336c1cdf3', '0ba6ad65-613a-4b3d-87d2-188c55c5522c']"
ffd3126b-49da-432d-b046-0f08986a43aa,92,"['ce26f4bc-7c57-4179-ba18-55ae7d1923e0', 'ce26f4bc-7c57-4179-ba18-55ae7d1923e0', '00885d7f-e2a2-4e5b-a592-96c007ab7347', '779d1bfb-b1d6-4ecb-8c97-619100e6334e', '8823ffc2-14e7-4fb6-872f-819dcc8e7aa8']"
e7fff321-99a1-4d05-a9c8-337b216f8dc0,92,"['d7388bea-2abf-4a49-a905-0634da74919f', 'd7388bea-2abf-4a49-a905-0634da74919f', 'd7388bea-2abf-4a49-a905-0634da74919f', 'd7388bea-2abf-4a49-a905-0634da74919f', 'dd1f0d72-ef5f-4e2d-8686-ee41abbd75c1']"
c3d6148d-9789-4db8-9b3e-c415b43076f2,98,"['19978b81-68f7-4eac-a34f-c51f071efa97', '19978b81-68f7-4eac-a34f-c51f071efa97', '19978b81-68f7-4eac-a34f-c51f071efa97', '1832d570-aaf2-4364-9d01-4549dc2d4554', 'bd64cf89-75f9-4880-b509-a85d6f3ab16f']"
e7fff321-99a1-4d05-a9c8-337b216f8dc0,93,"['d7388bea-2abf-4a49-a905-0634da74919f', 'd7388bea-2abf-4a49-a905-0634da74919f', 'd7388bea-2abf-4a49-a905-0634da74919f', 'd7388bea-2abf-4a49-a905-0634da74919f', 'dd1f0d72-ef5f-4e2d-8686-ee41abbd75c1']"
819dbbde-caec-43aa-ac59-8ee6a2e6f496,119,"['de2a0783-efba-40b7-bb2f-02d98e85e271', 'de2a0783-efba-40b7-bb2f-02d98e85e271', '76dc320f-05bb-403a-938f-62c3baad5e5f', '9a7578cf-685d-4a2c-98e8-96df7fbe66ed', 'cf41c1e2-9968-4e21-bc4f-d23f9f45f2f7']"
ffd3126b-49da-432d-b046-0f08986a43aa,93,"['ce26f4bc-7c57-4179-ba18-55ae7d1923e0', 'ce26f4bc-7c57-4179-ba18-55ae7d1923e0', 'ce26f4bc-7c57-4179-ba18-55ae7d1923e0', 'ce26f4bc-7c57-4179-ba18-55ae7d1923e0', 'd5048205-04eb-4ea2-ba2b-7f375d2a1eef']"
c3d6148d-9789-4db8-9b3e-c415b43076f2,99,"['19978b81-68f7-4eac-a34f-c51f071efa97', '19978b81-68f7-4eac-a34f-c51f071efa97', '1832d570-aaf2-4364-9d01-4549dc2d4554', 'bd64cf89-75f9-4880-b509-a85d6f3ab16f', '8266aed5-75f4-4750-adc7-7473f2dee66e']"
e7fff321-99a1-4d05-a9c8-337b216f8dc0,94,"['d7388bea-2abf-4a49-a905-0634da74919f', 'd7388bea-2abf-4a49-a905-0634da74919f', 'd7388bea-2abf-4a49-a905-0634da74919f', 'dd1f0d72-ef5f-4e2d-8686-ee41abbd75c1', 'c9ad2507-8e87-4ab2-8f42-ce55597b9df7']"
c3d6148d-9789-4db8-9b3e-c415b43076f2,100,"['19978b81-68f7-4eac-a34f-c51f071efa97', '19978b81-68f7-4eac-a34f-c51f071efa97', '19978b81-68f7-4eac-a34f-c51f071efa97', '19978b81-68f7-4eac-a34f-c51f071efa97', '19978b81-68f7-4eac-a34f-c51f071efa97']"
887850cf-c06e-48f1-b790-7e28c22127c9,100,"['3e5e584c-fd47-4a37-a530-6f07c82f9313', '1cacdf0e-49e5-47f1-b062-22d10b6ad179', '8ae1806a-06b7-4782-8307-bda4922c8795', '4c05bba3-65e9-4b6f-a334-9292575f9f3c', '5ce2d439-cf17-4fe6-b99f-b59baa7ed96a']"
819dbbde-caec-43aa-ac59-8ee6a2e6f496,120,"['de2a0783-efba-40b7-bb2f-02d98e85e271', 'de2a0783-efba-40b7-bb2f-02d98e85e271', 'de2a0783-efba-40b7-bb2f-02d98e85e271', 'de2a0783-efba-40b7-bb2f-02d98e85e271', 'ec315cd1-1144-421f-b4ac-dafd14d4b8e6']"
819dbbde-caec-43aa-ac59-8ee6a2e6f496,121,"['de2a0783-efba-40b7-bb2f-02d98e85e271', 'de2a0783-efba-40b7-bb2f-02d98e85e271', 'de2a0783-efba-40b7-bb2f-02d98e85e271', 'de2a0783-efba-40b7-bb2f-02d98e85e271', 'ec315cd1-1144-421f-b4ac-dafd14d4b8e6']"
ffd3126b-49da-432d-b046-0f08986a43aa,94,"['ce26f4bc-7c57-4179-ba18-55ae7d1923e0', 'ce26f4bc-7c57-4179-ba18-55ae7d1923e0', 'ce26f4bc-7c57-4179-ba18-55ae7d1923e0', 'd5048205-04eb-4ea2-ba2b-7f375d2a1eef', '8d7d1209-17f6-441e-94d6-f25133ab7ab1']"
e7fff321-99a1-4d05-a9c8-337b216f8dc0,95,"['d7388bea-2abf-4a49-a905-0634da74919f', 'd7388bea-2abf-4a49-a905-0634da74919f', 'd7388bea-2abf-4a49-a905-0634da74919f', 'dd1f0d72-ef5f-4e2d-8686-ee41abbd75c1', 'e1384156-7ec0-49ed-b87a-1f2fd17b7cbe']"
ffd3126b-49da-432d-b046-0f08986a43aa,95,"['ce26f4bc-7c57-4179-ba18-55ae7d1923e0', 'ce26f4bc-7c57-4179-ba18-55ae7d1923e0', 'ce26f4bc-7c57-4179-ba18-55ae7d1923e0', 'd5048205-04eb-4ea2-ba2b-7f375d2a1eef', '8d7d1209-17f6-441e-94d6-f25133ab7ab1']"
c3d6148d-9789-4db8-9b3e-c415b43076f2,101,"['19978b81-68f7-4eac-a34f-c51f071efa97', '19978b81-68f7-4eac-a34f-c51f071efa97', '19978b81-68f7-4eac-a34f-c51f071efa97', '19978b81-68f7-4eac-a34f-c51f071efa97', '696d9e3b-1876-4ce3-a840-9a0a70dc7ab3']"
887850cf-c06e-48f1-b790-7e28c22127c9,101,"['3e5e584c-fd47-4a37-a530-6f07c82f9313', '3e5e584c-fd47-4a37-a530-6f07c82f9313', '3e5e584c-fd47-4a37-a530-6f07c82f9313', '3e5e584c-fd47-4a37-a530-6f07c82f9313', 'edc39462-37c6-4bc2-b273-701e8353bb91']"
887850cf-c06e-48f1-b790-7e28c22127c9,102,"['3e5e584c-fd47-4a37-a530-6f07c82f9313', '3e5e584c-fd47-4a37-a530-6f07c82f9313', '3e5e584c-fd47-4a37-a530-6f07c82f9313', '3e5e584c-fd47-4a37-a530-6f07c82f9313', 'edc39462-37c6-4bc2-b273-701e8353bb91']"
ffd3126b-49da-432d-b046-0f08986a43aa,96,"['ce26f4bc-7c57-4179-ba18-55ae7d1923e0', 'ce26f4bc-7c57-4179-ba18-55ae7d1923e0', 'ce26f4bc-7c57-4179-ba18-55ae7d1923e0', '8d7d1209-17f6-441e-94d6-f25133ab7ab1', 'afd6cff2-79c7-4d16-ab83-52a9fb59d097']"
c3d6148d-9789-4db8-9b3e-c415b43076f2,102,"['19978b81-68f7-4eac-a34f-c51f071efa97', '19978b81-68f7-4eac-a34f-c51f071efa97', '19978b81-68f7-4eac-a34f-c51f071efa97', '696d9e3b-1876-4ce3-a840-9a0a70dc7ab3', 'c5b0b3f7-43f7-450e-805c-c493799922f0']"
c3d6148d-9789-4db8-9b3e-c415b43076f2,103,"['19978b81-68f7-4eac-a34f-c51f071efa97', '19978b81-68f7-4eac-a34f-c51f071efa97', '19978b81-68f7-4eac-a34f-c51f071efa97', '696d9e3b-1876-4ce3-a840-9a0a70dc7ab3', 'c5b0b3f7-43f7-450e-805c-c493799922f0']"
c3d6148d-9789-4db8-9b3e-c415b43076f2,104,"['19978b81-68f7-4eac-a34f-c51f071efa97', '19978b81-68f7-4eac-a34f-c51f071efa97', '19978b81-68f7-4eac-a34f-c51f071efa97', '696d9e3b-1876-4ce3-a840-9a0a70dc7ab3', 'c5b0b3f7-43f7-450e-805c-c493799922f0']"
e7fff321-99a1-4d05-a9c8-337b216f8dc0,96,"['d7388bea-2abf-4a49-a905-0634da74919f', 'd7388bea-2abf-4a49-a905-0634da74919f', 'd7388bea-2abf-4a49-a905-0634da74919f', '13e9fa0f-06e2-4207-830f-f028a2f83469', '636c3131-3ac1-4b26-ab5a-7d1efadce31b']"
c3d6148d-9789-4db8-9b3e-c415b43076f2,105,"['19978b81-68f7-4eac-a34f-c51f071efa97', '19978b81-68f7-4eac-a34f-c51f071efa97', '19978b81-68f7-4eac-a34f-c51f071efa97', 'c5b0b3f7-43f7-450e-805c-c493799922f0', 'e44cd7e9-c855-4b51-91b1-9c64989bdd9e']"
887850cf-c06e-48f1-b790-7e28c22127c9,103,"['3e5e584c-fd47-4a37-a530-6f07c82f9313', '3e5e584c-fd47-4a37-a530-6f07c82f9313', 'edc39462-37c6-4bc2-b273-701e8353bb91', '18a8ac5b-6e91-4d39-9aec-6a7a895a87be', '56c366d6-e806-409c-947e-2b36c31b110f']"
887850cf-c06e-48f1-b790-7e28c22127c9,104,"['3e5e584c-fd47-4a37-a530-6f07c82f9313', '3e5e584c-fd47-4a37-a530-6f07c82f9313', '3e5e584c-fd47-4a37-a530-6f07c82f9313', '3e5e584c-fd47-4a37-a530-6f07c82f9313', '3e5e584c-fd47-4a37-a530-6f07c82f9313']"
819dbbde-caec-43aa-ac59-8ee6a2e6f496,122,"['de2a0783-efba-40b7-bb2f-02d98e85e271', 'de2a0783-efba-40b7-bb2f-02d98e85e271', 'c3d9b7cb-53a2-4641-8eee-ae7c5c86b0ec', 'b839c714-52ed-4a64-b5ea-d1b8d1b9d13c', '23fce185-1bfd-4a6c-a035-83efbb3a59f6']"
887850cf-c06e-48f1-b790-7e28c22127c9,105,"['3e5e584c-fd47-4a37-a530-6f07c82f9313', '3e5e584c-fd47-4a37-a530-6f07c82f9313', '3e5e584c-fd47-4a37-a530-6f07c82f9313', '3e5e584c-fd47-4a37-a530-6f07c82f9313', '3e5e584c-fd47-4a37-a530-6f07c82f9313']"
e7fff321-99a1-4d05-a9c8-337b216f8dc0,97,"['d7388bea-2abf-4a49-a905-0634da74919f', 'd7388bea-2abf-4a49-a905-0634da74919f', '13e9fa0f-06e2-4207-830f-f028a2f83469', '636c3131-3ac1-4b26-ab5a-7d1efadce31b', '6ace8e26-ddee-47ec-8462-ce7bbf6bd6b2']"
c3d6148d-9789-4db8-9b3e-c415b43076f2,106,"['19978b81-68f7-4eac-a34f-c51f071efa97', '19978b81-68f7-4eac-a34f-c51f071efa97', 'c5b0b3f7-43f7-450e-805c-c493799922f0', 'e44cd7e9-c855-4b51-91b1-9c64989bdd9e', '975d5519-cb08-4c16-b463-f5a1e8c7e148']"
887850cf-c06e-48f1-b790-7e28c22127c9,106,"['3e5e584c-fd47-4a37-a530-6f07c82f9313', '3e5e584c-fd47-4a37-a530-6f07c82f9313', '3e5e584c-fd47-4a37-a530-6f07c82f9313', '3e5e584c-fd47-4a37-a530-6f07c82f9313', '3e7f8067-dffe-4f45-a7ad-011fc6000af8']"
ffd3126b-49da-432d-b046-0f08986a43aa,97,"['ce26f4bc-7c57-4179-ba18-55ae7d1923e0', 'ce26f4bc-7c57-4179-ba18-55ae7d1923e0', '8d7d1209-17f6-441e-94d6-f25133ab7ab1', 'e492cddc-109d-4538-a127-484096ee1087', 'a3ef4125-c5e2-46a3-9972-574f7059cbdd']"
819dbbde-caec-43aa-ac59-8ee6a2e6f496,123,"['de2a0783-efba-40b7-bb2f-02d98e85e271', 'de2a0783-efba-40b7-bb2f-02d98e85e271', 'de2a0783-efba-40b7-bb2f-02d98e85e271', 'de2a0783-efba-40b7-bb2f-02d98e85e271', '7cf356d9-6eba-40a9-86ac-29a8d38098f3']"
819dbbde-caec-43aa-ac59-8ee6a2e6f496,124,"['de2a0783-efba-40b7-bb2f-02d98e85e271', 'de2a0783-efba-40b7-bb2f-02d98e85e271', 'de2a0783-efba-40b7-bb2f-02d98e85e271', 'de2a0783-efba-40b7-bb2f-02d98e85e271', '7cf356d9-6eba-40a9-86ac-29a8d38098f3']"
819dbbde-caec-43aa-ac59-8ee6a2e6f496,125,"['de2a0783-efba-40b7-bb2f-02d98e85e271', 'de2a0783-efba-40b7-bb2f-02d98e85e271', 'de2a0783-efba-40b7-bb2f-02d98e85e271', 'de2a0783-efba-40b7-bb2f-02d98e85e271', '7cf356d9-6eba-40a9-86ac-29a8d38098f3']"
819dbbde-caec-43aa-ac59-8ee6a2e6f496,126,"['de2a0783-efba-40b7-bb2f-02d98e85e271', 'de2a0783-efba-40b7-bb2f-02d98e85e271', 'de2a0783-efba-40b7-bb2f-02d98e85e271', 'de2a0783-efba-40b7-bb2f-02d98e85e271', '7cf356d9-6eba-40a9-86ac-29a8d38098f3']"
e7fff321-99a1-4d05-a9c8-337b216f8dc0,98,"['d7388bea-2abf-4a49-a905-0634da74919f', 'd7388bea-2abf-4a49-a905-0634da74919f', 'd7388bea-2abf-4a49-a905-0634da74919f', 'd7388bea-2abf-4a49-a905-0634da74919f', 'c188a618-5b43-4d2d-a6e6-2e962039e010']"
c3d6148d-9789-4db8-9b3e-c415b43076f2,107,"['19978b81-68f7-4eac-a34f-c51f071efa97', '19978b81-68f7-4eac-a34f-c51f071efa97', '19978b81-68f7-4eac-a34f-c51f071efa97', '19978b81-68f7-4eac-a34f-c51f071efa97', '208bd677-0eb9-43c7-9053-83a4569a8c75']"
ffd3126b-49da-432d-b046-0f08986a43aa,98,"['ce26f4bc-7c57-4179-ba18-55ae7d1923e0', 'ce26f4bc-7c57-4179-ba18-55ae7d1923e0', 'ce26f4bc-7c57-4179-ba18-55ae7d1923e0', 'ce26f4bc-7c57-4179-ba18-55ae7d1923e0', '484de3b1-e12b-4983-a6c2-1e8803131743']"
887850cf-c06e-48f1-b790-7e28c22127c9,107,"['3e5e584c-fd47-4a37-a530-6f07c82f9313', '3e5e584c-fd47-4a37-a530-6f07c82f9313', '3e7f8067-dffe-4f45-a7ad-011fc6000af8', 'b8172a1c-2f4e-4fd5-86fd-c755b6cb58ee', '5081d970-c34e-4b5b-93b1-5a41ba3c07bd']"
c3d6148d-9789-4db8-9b3e-c415b43076f2,108,"['19978b81-68f7-4eac-a34f-c51f071efa97', '19978b81-68f7-4eac-a34f-c51f071efa97', '19978b81-68f7-4eac-a34f-c51f071efa97', '208bd677-0eb9-43c7-9053-83a4569a8c75', '00b04bf9-b36e-4279-8457-60e89313a447']"
c3d6148d-9789-4db8-9b3e-c415b43076f2,109,"['19978b81-68f7-4eac-a34f-c51f071efa97', '19978b81-68f7-4eac-a34f-c51f071efa97', '19978b81-68f7-4eac-a34f-c51f071efa97', '208bd677-0eb9-43c7-9053-83a4569a8c75', '00b04bf9-b36e-4279-8457-60e89313a447']"
e7fff321-99a1-4d05-a9c8-337b216f8dc0,99,"['d7388bea-2abf-4a49-a905-0634da74919f', 'd7388bea-2abf-4a49-a905-0634da74919f', 'd7388bea-2abf-4a49-a905-0634da74919f', 'f17317ee-3846-4cd1-a798-07a773d144e8', '3d6e0da7-19a9-4647-830f-0a0ac3a19783']"
c3d6148d-9789-4db8-9b3e-c415b43076f2,110,"['19978b81-68f7-4eac-a34f-c51f071efa97', '19978b81-68f7-4eac-a34f-c51f071efa97', '208bd677-0eb9-43c7-9053-83a4569a8c75', '00b04bf9-b36e-4279-8457-60e89313a447', '5ba6941e-9ad2-44b1-974d-6cb8f8b2db0c']"
ffd3126b-49da-432d-b046-0f08986a43aa,99,"['ce26f4bc-7c57-4179-ba18-55ae7d1923e0', 'ce26f4bc-7c57-4179-ba18-55ae7d1923e0', 'ce26f4bc-7c57-4179-ba18-55ae7d1923e0', '3793ca4b-642e-4d41-9d1d-f3b61627d9c4', 'f279fd85-cde3-456c-9d55-55c7895e3c9e']"
c3d6148d-9789-4db8-9b3e-c415b43076f2,111,"['19978b81-68f7-4eac-a34f-c51f071efa97', '19978b81-68f7-4eac-a34f-c51f071efa97', '19978b81-68f7-4eac-a34f-c51f071efa97', '19978b81-68f7-4eac-a34f-c51f071efa97', '19978b81-68f7-4eac-a34f-c51f071efa97']"
887850cf-c06e-48f1-b790-7e28c22127c9,108,"['3e5e584c-fd47-4a37-a530-6f07c82f9313', '3e5e584c-fd47-4a37-a530-6f07c82f9313', '3e5e584c-fd47-4a37-a530-6f07c82f9313', '4d95273d-28d8-4ac3-895f-046cf7374cb8', 'fa57097f-60f1-482e-8e15-3bc5edbdee83']"
e7fff321-99a1-4d05-a9c8-337b216f8dc0,100,"['d7388bea-2abf-4a49-a905-0634da74919f', 'd7388bea-2abf-4a49-a905-0634da74919f', 'f17317ee-3846-4cd1-a798-07a773d144e8', '3d6e0da7-19a9-4647-830f-0a0ac3a19783', '4cee3ffc-d6ff-4f8e-9ba4-aace73c6e4d8']"
819dbbde-caec-43aa-ac59-8ee6a2e6f496,127,"['de2a0783-efba-40b7-bb2f-02d98e85e271', '7cf356d9-6eba-40a9-86ac-29a8d38098f3', 'ec20114b-1da6-4ca5-b754-b1f097e696a4', '119d2cfc-e52c-48ce-b2e4-b7cd8aa441e3', 'da0e82b1-c187-476a-8cee-9a2e8c0e3f04']"
ffd3126b-49da-432d-b046-0f08986a43aa,100,"['ce26f4bc-7c57-4179-ba18-55ae7d1923e0', 'ce26f4bc-7c57-4179-ba18-55ae7d1923e0', '3793ca4b-642e-4d41-9d1d-f3b61627d9c4', 'f279fd85-cde3-456c-9d55-55c7895e3c9e', 'd23dea77-107f-4b7d-96dd-37032580700c']"
c3d6148d-9789-4db8-9b3e-c415b43076f2,112,"['19978b81-68f7-4eac-a34f-c51f071efa97', '19978b81-68f7-4eac-a34f-c51f071efa97', '19978b81-68f7-4eac-a34f-c51f071efa97', '19978b81-68f7-4eac-a34f-c51f071efa97', '0349b591-ca49-4910-8f1a-a4b56a305545']"
c3d6148d-9789-4db8-9b3e-c415b43076f2,113,"['19978b81-68f7-4eac-a34f-c51f071efa97', '19978b81-68f7-4eac-a34f-c51f071efa97', '19978b81-68f7-4eac-a34f-c51f071efa97', '19978b81-68f7-4eac-a34f-c51f071efa97', '0349b591-ca49-4910-8f1a-a4b56a305545']"
c3d6148d-9789-4db8-9b3e-c415b43076f2,114,"['19978b81-68f7-4eac-a34f-c51f071efa97', '19978b81-68f7-4eac-a34f-c51f071efa97', '19978b81-68f7-4eac-a34f-c51f071efa97', '19978b81-68f7-4eac-a34f-c51f071efa97', '0349b591-ca49-4910-8f1a-a4b56a305545']"
887850cf-c06e-48f1-b790-7e28c22127c9,109,"['3e5e584c-fd47-4a37-a530-6f07c82f9313', '3e5e584c-fd47-4a37-a530-6f07c82f9313', '3e5e584c-fd47-4a37-a530-6f07c82f9313', '4d95273d-28d8-4ac3-895f-046cf7374cb8', '5f31713a-9ada-42df-a14e-b925d8fedcdf']"
e7fff321-99a1-4d05-a9c8-337b216f8dc0,101,"['d7388bea-2abf-4a49-a905-0634da74919f', 'd7388bea-2abf-4a49-a905-0634da74919f', 'd7388bea-2abf-4a49-a905-0634da74919f', 'd7388bea-2abf-4a49-a905-0634da74919f', 'd4ed8027-cdb1-481f-b8e2-a84b0dd70033']"
819dbbde-caec-43aa-ac59-8ee6a2e6f496,128,"['de2a0783-efba-40b7-bb2f-02d98e85e271', 'de2a0783-efba-40b7-bb2f-02d98e85e271', 'de2a0783-efba-40b7-bb2f-02d98e85e271', 'de2a0783-efba-40b7-bb2f-02d98e85e271', '1a2e50d7-e7f1-4f01-be03-bb53a78cdb6c']"
ffd3126b-49da-432d-b046-0f08986a43aa,101,"['ce26f4bc-7c57-4179-ba18-55ae7d1923e0', 'ce26f4bc-7c57-4179-ba18-55ae7d1923e0', 'ce26f4bc-7c57-4179-ba18-55ae7d1923e0', 'ce26f4bc-7c57-4179-ba18-55ae7d1923e0', 'd069a2a2-191f-43c6-ac49-a0d5dffef352']"
ffd3126b-49da-432d-b046-0f08986a43aa,102,"['ce26f4bc-7c57-4179-ba18-55ae7d1923e0', 'ce26f4bc-7c57-4179-ba18-55ae7d1923e0', 'ce26f4bc-7c57-4179-ba18-55ae7d1923e0', 'ce26f4bc-7c57-4179-ba18-55ae7d1923e0', 'd069a2a2-191f-43c6-ac49-a0d5dffef352']"
ffd3126b-49da-432d-b046-0f08986a43aa,103,"['ce26f4bc-7c57-4179-ba18-55ae7d1923e0', 'ce26f4bc-7c57-4179-ba18-55ae7d1923e0', 'ce26f4bc-7c57-4179-ba18-55ae7d1923e0', 'ce26f4bc-7c57-4179-ba18-55ae7d1923e0', 'd069a2a2-191f-43c6-ac49-a0d5dffef352']"
ffd3126b-49da-432d-b046-0f08986a43aa,104,"['ce26f4bc-7c57-4179-ba18-55ae7d1923e0', 'ce26f4bc-7c57-4179-ba18-55ae7d1923e0', 'ce26f4bc-7c57-4179-ba18-55ae7d1923e0', 'd069a2a2-191f-43c6-ac49-a0d5dffef352', '8f89787a-0fbd-4880-b5d0-734a514c8807']"
e7fff321-99a1-4d05-a9c8-337b216f8dc0,102,"['d7388bea-2abf-4a49-a905-0634da74919f', 'd7388bea-2abf-4a49-a905-0634da74919f', 'd4ed8027-cdb1-481f-b8e2-a84b0dd70033', 'f3d12ce8-39d8-4b85-8bff-9c522efc79f0', '72724841-5211-4289-b34e-3e90d5aa891b']"
887850cf-c06e-48f1-b790-7e28c22127c9,110,"['3e5e584c-fd47-4a37-a530-6f07c82f9313', '3e5e584c-fd47-4a37-a530-6f07c82f9313', '5f31713a-9ada-42df-a14e-b925d8fedcdf', '750e0fbb-89ed-487f-b4da-f99d88a3d46c', '9784c7d9-e309-4e90-8bfa-57c67db0cb59']"
819dbbde-caec-43aa-ac59-8ee6a2e6f496,129,"['de2a0783-efba-40b7-bb2f-02d98e85e271', 'de2a0783-efba-40b7-bb2f-02d98e85e271', 'de2a0783-efba-40b7-bb2f-02d98e85e271', '22e023a2-f755-436b-9bcc-f97b4838486f', '3d051c47-b1ee-42b2-a81b-4a18124d3d0b']"
887850cf-c06e-48f1-b790-7e28c22127c9,111,"['3e5e584c-fd47-4a37-a530-6f07c82f9313', '3e5e584c-fd47-4a37-a530-6f07c82f9313', '3e5e584c-fd47-4a37-a530-6f07c82f9313', '3e5e584c-fd47-4a37-a530-6f07c82f9313', '3132a386-fcf5-4fc2-8e17-4fecd0d25e02']"
887850cf-c06e-48f1-b790-7e28c22127c9,112,"['3e5e584c-fd47-4a37-a530-6f07c82f9313', '3e5e584c-fd47-4a37-a530-6f07c82f9313', '3e5e584c-fd47-4a37-a530-6f07c82f9313', '3e5e584c-fd47-4a37-a530-6f07c82f9313', '3132a386-fcf5-4fc2-8e17-4fecd0d25e02']"
e7fff321-99a1-4d05-a9c8-337b216f8dc0,103,"['d7388bea-2abf-4a49-a905-0634da74919f', 'd7388bea-2abf-4a49-a905-0634da74919f', 'd7388bea-2abf-4a49-a905-0634da74919f', 'f66188c1-519a-4ef5-abfb-0bbfe90f467a', '5f066b39-a405-4f2b-980e-79d4037f0525']"
c3d6148d-9789-4db8-9b3e-c415b43076f2,115,"['19978b81-68f7-4eac-a34f-c51f071efa97', '2cf6559b-9a21-4456-af56-f9130a50ce6c', '67b9a5f6-5884-4f73-8f7a-290d05d11676', 'c04b9b66-9156-4052-8a1b-c0b570843653', 'cbf5e094-4152-4bc5-9c37-343ff4226fab']"
e7fff321-99a1-4d05-a9c8-337b216f8dc0,104,"['d7388bea-2abf-4a49-a905-0634da74919f', 'd7388bea-2abf-4a49-a905-0634da74919f', 'f66188c1-519a-4ef5-abfb-0bbfe90f467a', '5f066b39-a405-4f2b-980e-79d4037f0525', '2a5b796d-3739-4958-bcdb-221facd26440']"
819dbbde-caec-43aa-ac59-8ee6a2e6f496,130,"['de2a0783-efba-40b7-bb2f-02d98e85e271', 'de2a0783-efba-40b7-bb2f-02d98e85e271', '22e023a2-f755-436b-9bcc-f97b4838486f', '4287a3dc-0c5b-4d50-be44-f11d94ca4137', '67e9ea7d-80ec-4708-8ba1-585a87be40fa']"
c3d6148d-9789-4db8-9b3e-c415b43076f2,116,"['19978b81-68f7-4eac-a34f-c51f071efa97', '19978b81-68f7-4eac-a34f-c51f071efa97', '19978b81-68f7-4eac-a34f-c51f071efa97', '19978b81-68f7-4eac-a34f-c51f071efa97', '9a1b94c2-d1df-4409-a979-38228a0af0ea']"
ffd3126b-49da-432d-b046-0f08986a43aa,105,"['ce26f4bc-7c57-4179-ba18-55ae7d1923e0', '8f89787a-0fbd-4880-b5d0-734a514c8807', '5d379002-bac1-406c-9560-e5db3d93fd04', '1af1bcfd-376c-448a-9b18-cfc981cb1ebc', '661de061-6a9f-4c87-91fd-3810e793de97']"
887850cf-c06e-48f1-b790-7e28c22127c9,113,"['3e5e584c-fd47-4a37-a530-6f07c82f9313', '3e5e584c-fd47-4a37-a530-6f07c82f9313', '3e5e584c-fd47-4a37-a530-6f07c82f9313', '17691221-b6dd-42c8-b85b-2f636d169cb7', '7ce2c61b-3942-47c1-aea0-c0f1184736fb']"
819dbbde-caec-43aa-ac59-8ee6a2e6f496,131,"['de2a0783-efba-40b7-bb2f-02d98e85e271', 'de2a0783-efba-40b7-bb2f-02d98e85e271', 'de2a0783-efba-40b7-bb2f-02d98e85e271', 'de2a0783-efba-40b7-bb2f-02d98e85e271', 'de2a0783-efba-40b7-bb2f-02d98e85e271']"
c3d6148d-9789-4db8-9b3e-c415b43076f2,117,"['19978b81-68f7-4eac-a34f-c51f071efa97', '19978b81-68f7-4eac-a34f-c51f071efa97', '19978b81-68f7-4eac-a34f-c51f071efa97', '19978b81-68f7-4eac-a34f-c51f071efa97', '9a1b94c2-d1df-4409-a979-38228a0af0ea']"
887850cf-c06e-48f1-b790-7e28c22127c9,114,"['3e5e584c-fd47-4a37-a530-6f07c82f9313', '3e5e584c-fd47-4a37-a530-6f07c82f9313', '3e5e584c-fd47-4a37-a530-6f07c82f9313', '7ce2c61b-3942-47c1-aea0-c0f1184736fb', '6141051f-91e7-4931-9820-d1fb66020deb']"
c3d6148d-9789-4db8-9b3e-c415b43076f2,118,"['19978b81-68f7-4eac-a34f-c51f071efa97', '19978b81-68f7-4eac-a34f-c51f071efa97', '19978b81-68f7-4eac-a34f-c51f071efa97', '9a1b94c2-d1df-4409-a979-38228a0af0ea', '491e923a-6a44-4bf6-8881-384747c9c3fd']"
887850cf-c06e-48f1-b790-7e28c22127c9,115,"['3e5e584c-fd47-4a37-a530-6f07c82f9313', '3e5e584c-fd47-4a37-a530-6f07c82f9313', '3e5e584c-fd47-4a37-a530-6f07c82f9313', '7ce2c61b-3942-47c1-aea0-c0f1184736fb', '6141051f-91e7-4931-9820-d1fb66020deb']"
e7fff321-99a1-4d05-a9c8-337b216f8dc0,105,"['d7388bea-2abf-4a49-a905-0634da74919f', 'd7388bea-2abf-4a49-a905-0634da74919f', 'd7388bea-2abf-4a49-a905-0634da74919f', '5b01c8ad-c679-4efb-ba66-2b71a7ff562d', '2c38f4da-6301-4ebc-a23e-cc7b1a3734ad']"
ffd3126b-49da-432d-b046-0f08986a43aa,106,"['ce26f4bc-7c57-4179-ba18-55ae7d1923e0', 'ce26f4bc-7c57-4179-ba18-55ae7d1923e0', 'ce26f4bc-7c57-4179-ba18-55ae7d1923e0', '5549a6f6-d3e2-4d18-b37b-a814edf38b18', '3263def1-3047-41f9-9695-ffef34e76b9a']"
ffd3126b-49da-432d-b046-0f08986a43aa,107,"['ce26f4bc-7c57-4179-ba18-55ae7d1923e0', 'ce26f4bc-7c57-4179-ba18-55ae7d1923e0', 'ce26f4bc-7c57-4179-ba18-55ae7d1923e0', '5549a6f6-d3e2-4d18-b37b-a814edf38b18', '3263def1-3047-41f9-9695-ffef34e76b9a']"
c3d6148d-9789-4db8-9b3e-c415b43076f2,119,"['19978b81-68f7-4eac-a34f-c51f071efa97', '19978b81-68f7-4eac-a34f-c51f071efa97', '9a1b94c2-d1df-4409-a979-38228a0af0ea', '491e923a-6a44-4bf6-8881-384747c9c3fd', '562b41a7-da5b-4db6-8c1f-81fa048ee2eb']"
c3d6148d-9789-4db8-9b3e-c415b43076f2,120,"['19978b81-68f7-4eac-a34f-c51f071efa97', '19978b81-68f7-4eac-a34f-c51f071efa97', '19978b81-68f7-4eac-a34f-c51f071efa97', '19978b81-68f7-4eac-a34f-c51f071efa97', '19978b81-68f7-4eac-a34f-c51f071efa97']"
e7fff321-99a1-4d05-a9c8-337b216f8dc0,106,"['d7388bea-2abf-4a49-a905-0634da74919f', 'd7388bea-2abf-4a49-a905-0634da74919f', '5b01c8ad-c679-4efb-ba66-2b71a7ff562d', '2c38f4da-6301-4ebc-a23e-cc7b1a3734ad', '7a7b872f-2e76-400a-887a-17e3f885c210']"
e7fff321-99a1-4d05-a9c8-337b216f8dc0,107,"['d7388bea-2abf-4a49-a905-0634da74919f', 'd7388bea-2abf-4a49-a905-0634da74919f', 'd7388bea-2abf-4a49-a905-0634da74919f', 'd7388bea-2abf-4a49-a905-0634da74919f', 'd7388bea-2abf-4a49-a905-0634da74919f']"
e7fff321-99a1-4d05-a9c8-337b216f8dc0,108,"['d7388bea-2abf-4a49-a905-0634da74919f', 'd7388bea-2abf-4a49-a905-0634da74919f', 'd7388bea-2abf-4a49-a905-0634da74919f', 'd7388bea-2abf-4a49-a905-0634da74919f', 'd7388bea-2abf-4a49-a905-0634da74919f']"
887850cf-c06e-48f1-b790-7e28c22127c9,116,"['3e5e584c-fd47-4a37-a530-6f07c82f9313', '3e5e584c-fd47-4a37-a530-6f07c82f9313', '6141051f-91e7-4931-9820-d1fb66020deb', '8abb9739-3396-43a2-8f1c-c81efc0d5300', 'ad4e0521-dd79-4d56-b734-fcfe7c1aec2e']"
ffd3126b-49da-432d-b046-0f08986a43aa,108,"['ce26f4bc-7c57-4179-ba18-55ae7d1923e0', 'ce26f4bc-7c57-4179-ba18-55ae7d1923e0', '5549a6f6-d3e2-4d18-b37b-a814edf38b18', '3263def1-3047-41f9-9695-ffef34e76b9a', '908197cc-2fc3-4c6e-986d-cc4fe89b4bc1']"
ffd3126b-49da-432d-b046-0f08986a43aa,109,"['ce26f4bc-7c57-4179-ba18-55ae7d1923e0', 'ce26f4bc-7c57-4179-ba18-55ae7d1923e0', 'ce26f4bc-7c57-4179-ba18-55ae7d1923e0', 'ce26f4bc-7c57-4179-ba18-55ae7d1923e0', 'ce26f4bc-7c57-4179-ba18-55ae7d1923e0']"
c3d6148d-9789-4db8-9b3e-c415b43076f2,121,"['19978b81-68f7-4eac-a34f-c51f071efa97', '19978b81-68f7-4eac-a34f-c51f071efa97', '19978b81-68f7-4eac-a34f-c51f071efa97', '19978b81-68f7-4eac-a34f-c51f071efa97', '1ee22cbc-905d-4e22-af57-63e40a40ae7b']"
819dbbde-caec-43aa-ac59-8ee6a2e6f496,132,"['de2a0783-efba-40b7-bb2f-02d98e85e271', 'de2a0783-efba-40b7-bb2f-02d98e85e271', 'df3498b1-80dd-472b-ad47-e47fc74d6553', '9e5fe547-5696-463e-b8c0-2a7ba6f35c75', '7995e5cd-d12e-4666-8ab8-f68f8e4502d1']"
e7fff321-99a1-4d05-a9c8-337b216f8dc0,109,"['d7388bea-2abf-4a49-a905-0634da74919f', 'd7388bea-2abf-4a49-a905-0634da74919f', 'd7388bea-2abf-4a49-a905-0634da74919f', 'd7388bea-2abf-4a49-a905-0634da74919f', '6bc0abc2-b0f3-49e0-a960-656a3f9a833d']"
e7fff321-99a1-4d05-a9c8-337b216f8dc0,110,"['d7388bea-2abf-4a49-a905-0634da74919f', 'd7388bea-2abf-4a49-a905-0634da74919f', 'd7388bea-2abf-4a49-a905-0634da74919f', 'd7388bea-2abf-4a49-a905-0634da74919f', 'b7a7d59d-6f43-4420-b265-6ca07f5d1d69']"
ffd3126b-49da-432d-b046-0f08986a43aa,110,"['ce26f4bc-7c57-4179-ba18-55ae7d1923e0', 'ce26f4bc-7c57-4179-ba18-55ae7d1923e0', 'ce26f4bc-7c57-4179-ba18-55ae7d1923e0', 'ce26f4bc-7c57-4179-ba18-55ae7d1923e0', 'f4298978-225e-4624-ac95-f8b6ae746a5b']"
c3d6148d-9789-4db8-9b3e-c415b43076f2,122,"['19978b81-68f7-4eac-a34f-c51f071efa97', '19978b81-68f7-4eac-a34f-c51f071efa97', '19978b81-68f7-4eac-a34f-c51f071efa97', '19978b81-68f7-4eac-a34f-c51f071efa97', 'eca12fc0-b47f-4807-b5f2-c038e24cec19']"
819dbbde-caec-43aa-ac59-8ee6a2e6f496,133,"['de2a0783-efba-40b7-bb2f-02d98e85e271', 'de2a0783-efba-40b7-bb2f-02d98e85e271', 'de2a0783-efba-40b7-bb2f-02d98e85e271', 'de2a0783-efba-40b7-bb2f-02d98e85e271', '5e6102f9-3f52-4132-8d50-34db57f7aa22']"
ffd3126b-49da-432d-b046-0f08986a43aa,111,"['ce26f4bc-7c57-4179-ba18-55ae7d1923e0', 'ce26f4bc-7c57-4179-ba18-55ae7d1923e0', 'ce26f4bc-7c57-4179-ba18-55ae7d1923e0', 'ce26f4bc-7c57-4179-ba18-55ae7d1923e0', 'f4298978-225e-4624-ac95-f8b6ae746a5b']"
c3d6148d-9789-4db8-9b3e-c415b43076f2,123,"['19978b81-68f7-4eac-a34f-c51f071efa97', '19978b81-68f7-4eac-a34f-c51f071efa97', '19978b81-68f7-4eac-a34f-c51f071efa97', '19978b81-68f7-4eac-a34f-c51f071efa97', 'eca12fc0-b47f-4807-b5f2-c038e24cec19']"
ffd3126b-49da-432d-b046-0f08986a43aa,112,"['ce26f4bc-7c57-4179-ba18-55ae7d1923e0', 'ce26f4bc-7c57-4179-ba18-55ae7d1923e0', 'ce26f4bc-7c57-4179-ba18-55ae7d1923e0', 'ce26f4bc-7c57-4179-ba18-55ae7d1923e0', 'f4298978-225e-4624-ac95-f8b6ae746a5b']"
ffd3126b-49da-432d-b046-0f08986a43aa,113,"['ce26f4bc-7c57-4179-ba18-55ae7d1923e0', 'ce26f4bc-7c57-4179-ba18-55ae7d1923e0', 'ce26f4bc-7c57-4179-ba18-55ae7d1923e0', 'ce26f4bc-7c57-4179-ba18-55ae7d1923e0', 'f4298978-225e-4624-ac95-f8b6ae746a5b']"
ffd3126b-49da-432d-b046-0f08986a43aa,114,"['ce26f4bc-7c57-4179-ba18-55ae7d1923e0', 'ce26f4bc-7c57-4179-ba18-55ae7d1923e0', 'ce26f4bc-7c57-4179-ba18-55ae7d1923e0', 'ce26f4bc-7c57-4179-ba18-55ae7d1923e0', 'f4298978-225e-4624-ac95-f8b6ae746a5b']"
ffd3126b-49da-432d-b046-0f08986a43aa,115,"['ce26f4bc-7c57-4179-ba18-55ae7d1923e0', 'ce26f4bc-7c57-4179-ba18-55ae7d1923e0', 'ce26f4bc-7c57-4179-ba18-55ae7d1923e0', 'ce26f4bc-7c57-4179-ba18-55ae7d1923e0', 'f4298978-225e-4624-ac95-f8b6ae746a5b']"
887850cf-c06e-48f1-b790-7e28c22127c9,117,"['ad4e0521-dd79-4d56-b734-fcfe7c1aec2e', 'ad4e0521-dd79-4d56-b734-fcfe7c1aec2e', 'ad4e0521-dd79-4d56-b734-fcfe7c1aec2e', '61774fa3-6cd1-4d60-a8da-2cbb0aeb218a', 'da633920-c15c-4d77-bad8-2aafbbdf672c']"
ffd3126b-49da-432d-b046-0f08986a43aa,116,"['ce26f4bc-7c57-4179-ba18-55ae7d1923e0', 'ce26f4bc-7c57-4179-ba18-55ae7d1923e0', 'ce26f4bc-7c57-4179-ba18-55ae7d1923e0', 'f4298978-225e-4624-ac95-f8b6ae746a5b', 'bcc09690-11c0-4ecd-b8c8-984c4ab4048a']"
887850cf-c06e-48f1-b790-7e28c22127c9,118,"['ad4e0521-dd79-4d56-b734-fcfe7c1aec2e', 'ad4e0521-dd79-4d56-b734-fcfe7c1aec2e', '61774fa3-6cd1-4d60-a8da-2cbb0aeb218a', 'da633920-c15c-4d77-bad8-2aafbbdf672c', 'd55df51e-74f4-4e46-aedc-c30612c396f1']"
ffd3126b-49da-432d-b046-0f08986a43aa,117,"['ce26f4bc-7c57-4179-ba18-55ae7d1923e0', 'ce26f4bc-7c57-4179-ba18-55ae7d1923e0', 'ce26f4bc-7c57-4179-ba18-55ae7d1923e0', 'f4298978-225e-4624-ac95-f8b6ae746a5b', 'bcc09690-11c0-4ecd-b8c8-984c4ab4048a']"
ffd3126b-49da-432d-b046-0f08986a43aa,118,"['ce26f4bc-7c57-4179-ba18-55ae7d1923e0', 'ce26f4bc-7c57-4179-ba18-55ae7d1923e0', 'ce26f4bc-7c57-4179-ba18-55ae7d1923e0', 'f4298978-225e-4624-ac95-f8b6ae746a5b', 'bcc09690-11c0-4ecd-b8c8-984c4ab4048a']"
e7fff321-99a1-4d05-a9c8-337b216f8dc0,111,"['d7388bea-2abf-4a49-a905-0634da74919f', 'd7388bea-2abf-4a49-a905-0634da74919f', 'd7388bea-2abf-4a49-a905-0634da74919f', 'b832ee1f-8ded-48f4-af4a-ff6251bd45f0', '7b62d5d9-900f-4878-aa60-4d08e047a6c0']"
e7fff321-99a1-4d05-a9c8-337b216f8dc0,112,"['d7388bea-2abf-4a49-a905-0634da74919f', 'd7388bea-2abf-4a49-a905-0634da74919f', 'd7388bea-2abf-4a49-a905-0634da74919f', 'b832ee1f-8ded-48f4-af4a-ff6251bd45f0', '7b62d5d9-900f-4878-aa60-4d08e047a6c0']"
c3d6148d-9789-4db8-9b3e-c415b43076f2,124,"['19978b81-68f7-4eac-a34f-c51f071efa97', '19978b81-68f7-4eac-a34f-c51f071efa97', 'eca12fc0-b47f-4807-b5f2-c038e24cec19', '288f10b5-ae43-4332-bc30-8a02184c7053', 'a5196688-4382-4173-b0d4-725e27ceb5ba']"
819dbbde-caec-43aa-ac59-8ee6a2e6f496,134,"['de2a0783-efba-40b7-bb2f-02d98e85e271', 'de2a0783-efba-40b7-bb2f-02d98e85e271', 'de2a0783-efba-40b7-bb2f-02d98e85e271', 'd0cbc072-87ac-4a6d-9be9-fc6d0c84e204', 'a82ba11c-b772-4423-a89b-9c736fa5356d']"
887850cf-c06e-48f1-b790-7e28c22127c9,119,"['ad4e0521-dd79-4d56-b734-fcfe7c1aec2e', 'ad4e0521-dd79-4d56-b734-fcfe7c1aec2e', 'ad4e0521-dd79-4d56-b734-fcfe7c1aec2e', 'ad4e0521-dd79-4d56-b734-fcfe7c1aec2e', 'c1229c85-7777-402c-9fad-4d71a9b4709e']"
ffd3126b-49da-432d-b046-0f08986a43aa,119,"['ce26f4bc-7c57-4179-ba18-55ae7d1923e0', 'ce26f4bc-7c57-4179-ba18-55ae7d1923e0', 'ce26f4bc-7c57-4179-ba18-55ae7d1923e0', 'bcc09690-11c0-4ecd-b8c8-984c4ab4048a', 'e48ce9b5-4057-4373-94bf-252a4c30a2df']"
c3d6148d-9789-4db8-9b3e-c415b43076f2,125,"['19978b81-68f7-4eac-a34f-c51f071efa97', '19978b81-68f7-4eac-a34f-c51f071efa97', '19978b81-68f7-4eac-a34f-c51f071efa97', '19978b81-68f7-4eac-a34f-c51f071efa97', 'b4b4ec30-64ca-42b8-8adb-18671a663582']"
819dbbde-caec-43aa-ac59-8ee6a2e6f496,135,"['de2a0783-efba-40b7-bb2f-02d98e85e271', 'de2a0783-efba-40b7-bb2f-02d98e85e271', 'd0cbc072-87ac-4a6d-9be9-fc6d0c84e204', 'a82ba11c-b772-4423-a89b-9c736fa5356d', '66927a14-8a26-488d-9729-d5fdf31e16f9']"
c3d6148d-9789-4db8-9b3e-c415b43076f2,126,"['19978b81-68f7-4eac-a34f-c51f071efa97', '19978b81-68f7-4eac-a34f-c51f071efa97', '19978b81-68f7-4eac-a34f-c51f071efa97', '19978b81-68f7-4eac-a34f-c51f071efa97', 'b4b4ec30-64ca-42b8-8adb-18671a663582']"
c3d6148d-9789-4db8-9b3e-c415b43076f2,127,"['19978b81-68f7-4eac-a34f-c51f071efa97', '19978b81-68f7-4eac-a34f-c51f071efa97', '19978b81-68f7-4eac-a34f-c51f071efa97', '19978b81-68f7-4eac-a34f-c51f071efa97', 'b4b4ec30-64ca-42b8-8adb-18671a663582']"
c3d6148d-9789-4db8-9b3e-c415b43076f2,128,"['19978b81-68f7-4eac-a34f-c51f071efa97', '19978b81-68f7-4eac-a34f-c51f071efa97', '19978b81-68f7-4eac-a34f-c51f071efa97', '19978b81-68f7-4eac-a34f-c51f071efa97', 'b4b4ec30-64ca-42b8-8adb-18671a663582']"
e7fff321-99a1-4d05-a9c8-337b216f8dc0,113,"['d7388bea-2abf-4a49-a905-0634da74919f', 'd7388bea-2abf-4a49-a905-0634da74919f', '7b62d5d9-900f-4878-aa60-4d08e047a6c0', '556985c2-2e60-42a9-8140-93ff70f96b61', '7fca617b-c88f-49db-8d75-c73fe1078d68']"
ffd3126b-49da-432d-b046-0f08986a43aa,120,"['ce26f4bc-7c57-4179-ba18-55ae7d1923e0', 'ce26f4bc-7c57-4179-ba18-55ae7d1923e0', 'bcc09690-11c0-4ecd-b8c8-984c4ab4048a', 'e48ce9b5-4057-4373-94bf-252a4c30a2df', '0e693232-79ef-4d07-b8f9-0fd1b295c254']"
ffd3126b-49da-432d-b046-0f08986a43aa,121,"['ce26f4bc-7c57-4179-ba18-55ae7d1923e0', 'ce26f4bc-7c57-4179-ba18-55ae7d1923e0', 'ce26f4bc-7c57-4179-ba18-55ae7d1923e0', 'ce26f4bc-7c57-4179-ba18-55ae7d1923e0', 'ce26f4bc-7c57-4179-ba18-55ae7d1923e0']"
819dbbde-caec-43aa-ac59-8ee6a2e6f496,136,"['de2a0783-efba-40b7-bb2f-02d98e85e271', 'de2a0783-efba-40b7-bb2f-02d98e85e271', 'de2a0783-efba-40b7-bb2f-02d98e85e271', 'de2a0783-efba-40b7-bb2f-02d98e85e271', '7394e9d4-6e4e-4f1b-b187-9d4ca3cdb3ef']"
819dbbde-caec-43aa-ac59-8ee6a2e6f496,137,"['de2a0783-efba-40b7-bb2f-02d98e85e271', 'de2a0783-efba-40b7-bb2f-02d98e85e271', 'de2a0783-efba-40b7-bb2f-02d98e85e271', 'de2a0783-efba-40b7-bb2f-02d98e85e271', '7394e9d4-6e4e-4f1b-b187-9d4ca3cdb3ef']"
c3d6148d-9789-4db8-9b3e-c415b43076f2,129,"['19978b81-68f7-4eac-a34f-c51f071efa97', '19978b81-68f7-4eac-a34f-c51f071efa97', '19978b81-68f7-4eac-a34f-c51f071efa97', 'b4b4ec30-64ca-42b8-8adb-18671a663582', 'b15bdf58-538e-4e19-988f-37028692fe6c']"
ffd3126b-49da-432d-b046-0f08986a43aa,122,"['ce26f4bc-7c57-4179-ba18-55ae7d1923e0', 'ce26f4bc-7c57-4179-ba18-55ae7d1923e0', 'ce26f4bc-7c57-4179-ba18-55ae7d1923e0', 'ce26f4bc-7c57-4179-ba18-55ae7d1923e0', 'ec347866-3a71-4e57-9cba-94d899a218c7']"
ffd3126b-49da-432d-b046-0f08986a43aa,123,"['ce26f4bc-7c57-4179-ba18-55ae7d1923e0', 'ce26f4bc-7c57-4179-ba18-55ae7d1923e0', 'ce26f4bc-7c57-4179-ba18-55ae7d1923e0', 'ce26f4bc-7c57-4179-ba18-55ae7d1923e0', 'ec347866-3a71-4e57-9cba-94d899a218c7']"
e7fff321-99a1-4d05-a9c8-337b216f8dc0,114,"['d7388bea-2abf-4a49-a905-0634da74919f', 'd7388bea-2abf-4a49-a905-0634da74919f', 'd7388bea-2abf-4a49-a905-0634da74919f', '75dfe16f-93a7-4727-a207-1ef0e5accaa5', '63746e3f-cd43-4b30-b2d0-3a3aed9cdbbd']"
887850cf-c06e-48f1-b790-7e28c22127c9,120,"['ad4e0521-dd79-4d56-b734-fcfe7c1aec2e', 'c1229c85-7777-402c-9fad-4d71a9b4709e', 'f776cbeb-3884-4150-968d-449360e44849', 'bdb30bbe-9fb9-4fd2-892e-26483d0a47ba', 'd41e1aed-3db5-46d1-8f5c-4c91818e7c3b']"
c3d6148d-9789-4db8-9b3e-c415b43076f2,130,"['19978b81-68f7-4eac-a34f-c51f071efa97', '19978b81-68f7-4eac-a34f-c51f071efa97', 'b4b4ec30-64ca-42b8-8adb-18671a663582', 'b15bdf58-538e-4e19-988f-37028692fe6c', 'd30e2080-51bb-4ed5-8ef4-9593f948ca0e']"
887850cf-c06e-48f1-b790-7e28c22127c9,121,"['ad4e0521-dd79-4d56-b734-fcfe7c1aec2e', 'ad4e0521-dd79-4d56-b734-fcfe7c1aec2e', 'ad4e0521-dd79-4d56-b734-fcfe7c1aec2e', 'ad4e0521-dd79-4d56-b734-fcfe7c1aec2e', 'ad4e0521-dd79-4d56-b734-fcfe7c1aec2e']"
e7fff321-99a1-4d05-a9c8-337b216f8dc0,115,"['d7388bea-2abf-4a49-a905-0634da74919f', 'd7388bea-2abf-4a49-a905-0634da74919f', 'd7388bea-2abf-4a49-a905-0634da74919f', '63746e3f-cd43-4b30-b2d0-3a3aed9cdbbd', '431f144c-4e0c-4b15-8a1f-ce2446d38cf8']"
e7fff321-99a1-4d05-a9c8-337b216f8dc0,116,"['d7388bea-2abf-4a49-a905-0634da74919f', 'd7388bea-2abf-4a49-a905-0634da74919f', 'd7388bea-2abf-4a49-a905-0634da74919f', '63746e3f-cd43-4b30-b2d0-3a3aed9cdbbd', '431f144c-4e0c-4b15-8a1f-ce2446d38cf8']"
887850cf-c06e-48f1-b790-7e28c22127c9,122,"['ad4e0521-dd79-4d56-b734-fcfe7c1aec2e', 'ad4e0521-dd79-4d56-b734-fcfe7c1aec2e', 'ad4e0521-dd79-4d56-b734-fcfe7c1aec2e', 'ad4e0521-dd79-4d56-b734-fcfe7c1aec2e', '34e85f71-6198-48b4-87ce-00157237f9d0']"
ffd3126b-49da-432d-b046-0f08986a43aa,124,"['ce26f4bc-7c57-4179-ba18-55ae7d1923e0', 'ce26f4bc-7c57-4179-ba18-55ae7d1923e0', 'ec347866-3a71-4e57-9cba-94d899a218c7', '873b68bd-8556-42b0-961c-f9086ebcc360', 'f46fccca-6ec8-4c1a-b725-4d9878f7bc9b']"
819dbbde-caec-43aa-ac59-8ee6a2e6f496,138,"['de2a0783-efba-40b7-bb2f-02d98e85e271', 'de2a0783-efba-40b7-bb2f-02d98e85e271', '5febddfc-faaa-467c-bf42-4b562404bd37', '5a674dca-1b88-40ba-927d-48fccaac611b', '6afb2e44-c0fc-471a-b9bd-31922736ee37']"
c3d6148d-9789-4db8-9b3e-c415b43076f2,131,"['19978b81-68f7-4eac-a34f-c51f071efa97', '19978b81-68f7-4eac-a34f-c51f071efa97', '19978b81-68f7-4eac-a34f-c51f071efa97', '4c9ad480-fd60-4573-8823-3c0a41a91c93', '0caa2a08-9614-451b-a068-8db6b98755eb']"
887850cf-c06e-48f1-b790-7e28c22127c9,123,"['ad4e0521-dd79-4d56-b734-fcfe7c1aec2e', 'ad4e0521-dd79-4d56-b734-fcfe7c1aec2e', 'ad4e0521-dd79-4d56-b734-fcfe7c1aec2e', 'ad4e0521-dd79-4d56-b734-fcfe7c1aec2e', '68811d34-7a7a-4c12-9812-5a621e7080af']"
e7fff321-99a1-4d05-a9c8-337b216f8dc0,117,"['d7388bea-2abf-4a49-a905-0634da74919f', 'd7388bea-2abf-4a49-a905-0634da74919f', '63746e3f-cd43-4b30-b2d0-3a3aed9cdbbd', '431f144c-4e0c-4b15-8a1f-ce2446d38cf8', 'fbc8ab68-f89c-4f6e-b083-5b9caec334a4']"
e7fff321-99a1-4d05-a9c8-337b216f8dc0,118,"['d7388bea-2abf-4a49-a905-0634da74919f', 'd7388bea-2abf-4a49-a905-0634da74919f', 'd7388bea-2abf-4a49-a905-0634da74919f', 'd7388bea-2abf-4a49-a905-0634da74919f', 'd7388bea-2abf-4a49-a905-0634da74919f']"
c3d6148d-9789-4db8-9b3e-c415b43076f2,132,"['19978b81-68f7-4eac-a34f-c51f071efa97', '19978b81-68f7-4eac-a34f-c51f071efa97', '19978b81-68f7-4eac-a34f-c51f071efa97', '4c9ad480-fd60-4573-8823-3c0a41a91c93', 'd02d1cf3-284f-4010-ac4e-cbd5623062dd']"
e7fff321-99a1-4d05-a9c8-337b216f8dc0,119,"['d7388bea-2abf-4a49-a905-0634da74919f', 'd7388bea-2abf-4a49-a905-0634da74919f', 'd7388bea-2abf-4a49-a905-0634da74919f', 'd7388bea-2abf-4a49-a905-0634da74919f', 'd7388bea-2abf-4a49-a905-0634da74919f']"
819dbbde-caec-43aa-ac59-8ee6a2e6f496,139,"['de2a0783-efba-40b7-bb2f-02d98e85e271', 'de2a0783-efba-40b7-bb2f-02d98e85e271', 'de2a0783-efba-40b7-bb2f-02d98e85e271', 'de2a0783-efba-40b7-bb2f-02d98e85e271', 'bca97abc-0df9-4469-bb6d-da16ea533f14']"
c3d6148d-9789-4db8-9b3e-c415b43076f2,133,"['19978b81-68f7-4eac-a34f-c51f071efa97', '19978b81-68f7-4eac-a34f-c51f071efa97', '4c9ad480-fd60-4573-8823-3c0a41a91c93', 'd02d1cf3-284f-4010-ac4e-cbd5623062dd', '7acd3d3d-0194-4602-87fa-a5cb68bf243e']"
ffd3126b-49da-432d-b046-0f08986a43aa,125,"['ce26f4bc-7c57-4179-ba18-55ae7d1923e0', 'ce26f4bc-7c57-4179-ba18-55ae7d1923e0', 'ed13b893-7f34-49c1-8f89-1f1a42339e1c', '0cb47db2-4d2c-4856-8151-a3d20af084c6', 'b08fec9f-028d-4c85-9ea3-6215e4fca21e']"
e7fff321-99a1-4d05-a9c8-337b216f8dc0,120,"['d7388bea-2abf-4a49-a905-0634da74919f', 'd7388bea-2abf-4a49-a905-0634da74919f', 'd7388bea-2abf-4a49-a905-0634da74919f', '5f1f2954-3ac3-43e4-9b9a-e34a9a070630', 'e13d6a83-e760-4d3d-9a1b-3e81288b99ba']"
e7fff321-99a1-4d05-a9c8-337b216f8dc0,121,"['d7388bea-2abf-4a49-a905-0634da74919f', 'd7388bea-2abf-4a49-a905-0634da74919f', 'd7388bea-2abf-4a49-a905-0634da74919f', '5f1f2954-3ac3-43e4-9b9a-e34a9a070630', 'e13d6a83-e760-4d3d-9a1b-3e81288b99ba']"
819dbbde-caec-43aa-ac59-8ee6a2e6f496,140,"['de2a0783-efba-40b7-bb2f-02d98e85e271', 'de2a0783-efba-40b7-bb2f-02d98e85e271', 'bca97abc-0df9-4469-bb6d-da16ea533f14', '4ee73e89-b203-4481-9fe9-ae7c33b8d3e3', 'd7b421bc-5af5-4cab-b9f3-0952290392d6']"
819dbbde-caec-43aa-ac59-8ee6a2e6f496,141,"['de2a0783-efba-40b7-bb2f-02d98e85e271', 'de2a0783-efba-40b7-bb2f-02d98e85e271', 'de2a0783-efba-40b7-bb2f-02d98e85e271', 'de2a0783-efba-40b7-bb2f-02d98e85e271', 'de2a0783-efba-40b7-bb2f-02d98e85e271']"
819dbbde-caec-43aa-ac59-8ee6a2e6f496,142,"['de2a0783-efba-40b7-bb2f-02d98e85e271', 'de2a0783-efba-40b7-bb2f-02d98e85e271', 'de2a0783-efba-40b7-bb2f-02d98e85e271', 'de2a0783-efba-40b7-bb2f-02d98e85e271', 'de2a0783-efba-40b7-bb2f-02d98e85e271']"
887850cf-c06e-48f1-b790-7e28c22127c9,124,"['ad4e0521-dd79-4d56-b734-fcfe7c1aec2e', '68811d34-7a7a-4c12-9812-5a621e7080af', '17b5c828-113e-45bf-abe9-75df328c8709', '116eb990-443a-4f25-9cc4-2f6706de19bd', '3377f4db-e641-43d3-9acc-2ca23390ca89']"
c3d6148d-9789-4db8-9b3e-c415b43076f2,134,"['19978b81-68f7-4eac-a34f-c51f071efa97', '19978b81-68f7-4eac-a34f-c51f071efa97', '19978b81-68f7-4eac-a34f-c51f071efa97', '5a6fa2f9-3eef-42e9-a792-f99cacfde533', '2fa620df-04af-4c26-8a1b-581d0be2bd64']"
ffd3126b-49da-432d-b046-0f08986a43aa,126,"['ce26f4bc-7c57-4179-ba18-55ae7d1923e0', 'ce26f4bc-7c57-4179-ba18-55ae7d1923e0', 'ce26f4bc-7c57-4179-ba18-55ae7d1923e0', 'ce26f4bc-7c57-4179-ba18-55ae7d1923e0', '67c5df49-e732-4ec6-a9bb-0b30c00bef1f']"
e7fff321-99a1-4d05-a9c8-337b216f8dc0,122,"['d7388bea-2abf-4a49-a905-0634da74919f', 'd7388bea-2abf-4a49-a905-0634da74919f', 'd7388bea-2abf-4a49-a905-0634da74919f', 'e13d6a83-e760-4d3d-9a1b-3e81288b99ba', 'e0334709-d8e2-47ea-bda0-bd9ce2e03f7f']"
ffd3126b-49da-432d-b046-0f08986a43aa,127,"['ce26f4bc-7c57-4179-ba18-55ae7d1923e0', 'ce26f4bc-7c57-4179-ba18-55ae7d1923e0', 'ce26f4bc-7c57-4179-ba18-55ae7d1923e0', 'ce26f4bc-7c57-4179-ba18-55ae7d1923e0', '67c5df49-e732-4ec6-a9bb-0b30c00bef1f']"
c3d6148d-9789-4db8-9b3e-c415b43076f2,135,"['19978b81-68f7-4eac-a34f-c51f071efa97', '19978b81-68f7-4eac-a34f-c51f071efa97', '5a6fa2f9-3eef-42e9-a792-f99cacfde533', '2fa620df-04af-4c26-8a1b-581d0be2bd64', '5f49f5e9-3049-4408-b2c7-a5ce3daddda1']"
c3d6148d-9789-4db8-9b3e-c415b43076f2,136,"['19978b81-68f7-4eac-a34f-c51f071efa97', '19978b81-68f7-4eac-a34f-c51f071efa97', '19978b81-68f7-4eac-a34f-c51f071efa97', '19978b81-68f7-4eac-a34f-c51f071efa97', '19978b81-68f7-4eac-a34f-c51f071efa97']"
c3d6148d-9789-4db8-9b3e-c415b43076f2,137,"['19978b81-68f7-4eac-a34f-c51f071efa97', '19978b81-68f7-4eac-a34f-c51f071efa97', '19978b81-68f7-4eac-a34f-c51f071efa97', '19978b81-68f7-4eac-a34f-c51f071efa97', '19978b81-68f7-4eac-a34f-c51f071efa97']"
e7fff321-99a1-4d05-a9c8-337b216f8dc0,123,"['e0334709-d8e2-47ea-bda0-bd9ce2e03f7f', 'e0334709-d8e2-47ea-bda0-bd9ce2e03f7f', 'e0334709-d8e2-47ea-bda0-bd9ce2e03f7f', 'b2662213-7d96-4930-81a3-ff8b68cf370a', '0f8400cc-9f41-4006-9a48-2f23910aa872']"
819dbbde-caec-43aa-ac59-8ee6a2e6f496,143,"['de2a0783-efba-40b7-bb2f-02d98e85e271', 'de2a0783-efba-40b7-bb2f-02d98e85e271', 'de2a0783-efba-40b7-bb2f-02d98e85e271', '971aa7b7-82bd-46d7-94cd-a2422aa8fce5', '7b614ea7-6ae8-4795-9e04-561093aab529']"
887850cf-c06e-48f1-b790-7e28c22127c9,125,"['ad4e0521-dd79-4d56-b734-fcfe7c1aec2e', 'ad4e0521-dd79-4d56-b734-fcfe7c1aec2e', 'ad4e0521-dd79-4d56-b734-fcfe7c1aec2e', '91ed339e-d0a7-4f15-9db6-b4e7c666cd53', '8e0e1bfd-e510-4b02-a207-3706d0b8c486']"
887850cf-c06e-48f1-b790-7e28c22127c9,126,"['ad4e0521-dd79-4d56-b734-fcfe7c1aec2e', 'ad4e0521-dd79-4d56-b734-fcfe7c1aec2e', 'ad4e0521-dd79-4d56-b734-fcfe7c1aec2e', '91ed339e-d0a7-4f15-9db6-b4e7c666cd53', '8e0e1bfd-e510-4b02-a207-3706d0b8c486']"
819dbbde-caec-43aa-ac59-8ee6a2e6f496,144,"['de2a0783-efba-40b7-bb2f-02d98e85e271', 'de2a0783-efba-40b7-bb2f-02d98e85e271', 'de2a0783-efba-40b7-bb2f-02d98e85e271', '7b614ea7-6ae8-4795-9e04-561093aab529', 'cfdaf760-91b3-4cb2-a359-946f4bf56b43']"
c3d6148d-9789-4db8-9b3e-c415b43076f2,138,"['19978b81-68f7-4eac-a34f-c51f071efa97', '19978b81-68f7-4eac-a34f-c51f071efa97', '19978b81-68f7-4eac-a34f-c51f071efa97', '6b996378-7eae-4731-9803-84c3902eccc5', '7d0fde20-da11-4715-96d2-06bca63cde60']"
887850cf-c06e-48f1-b790-7e28c22127c9,127,"['ad4e0521-dd79-4d56-b734-fcfe7c1aec2e', 'ad4e0521-dd79-4d56-b734-fcfe7c1aec2e', 'ad4e0521-dd79-4d56-b734-fcfe7c1aec2e', '8e0e1bfd-e510-4b02-a207-3706d0b8c486', '4210bc02-28a0-427e-8245-96eda4a2f737']"
887850cf-c06e-48f1-b790-7e28c22127c9,128,"['ad4e0521-dd79-4d56-b734-fcfe7c1aec2e', 'ad4e0521-dd79-4d56-b734-fcfe7c1aec2e', 'ad4e0521-dd79-4d56-b734-fcfe7c1aec2e', '8e0e1bfd-e510-4b02-a207-3706d0b8c486', '4210bc02-28a0-427e-8245-96eda4a2f737']"
887850cf-c06e-48f1-b790-7e28c22127c9,129,"['ad4e0521-dd79-4d56-b734-fcfe7c1aec2e', 'ad4e0521-dd79-4d56-b734-fcfe7c1aec2e', 'ad4e0521-dd79-4d56-b734-fcfe7c1aec2e', '8e0e1bfd-e510-4b02-a207-3706d0b8c486', '4210bc02-28a0-427e-8245-96eda4a2f737']"
e7fff321-99a1-4d05-a9c8-337b216f8dc0,124,"['e0334709-d8e2-47ea-bda0-bd9ce2e03f7f', 'e0334709-d8e2-47ea-bda0-bd9ce2e03f7f', 'b2662213-7d96-4930-81a3-ff8b68cf370a', '0f8400cc-9f41-4006-9a48-2f23910aa872', 'c9651423-4991-4f86-ac1c-0270986d0792']"
ffd3126b-49da-432d-b046-0f08986a43aa,128,"['ce26f4bc-7c57-4179-ba18-55ae7d1923e0', 'ce26f4bc-7c57-4179-ba18-55ae7d1923e0', 'a227a549-07f4-40b0-bd04-b6e1383bf4b0', '3dc0a29f-a0e4-4f89-8622-6d524dde7e4f', 'e0de3408-fe90-4402-a268-e4a67396c5fd']"
e7fff321-99a1-4d05-a9c8-337b216f8dc0,125,"['e0334709-d8e2-47ea-bda0-bd9ce2e03f7f', 'e0334709-d8e2-47ea-bda0-bd9ce2e03f7f', 'e0334709-d8e2-47ea-bda0-bd9ce2e03f7f', 'e0334709-d8e2-47ea-bda0-bd9ce2e03f7f', 'fade456f-63a4-4078-836f-257765c60af9']"
c3d6148d-9789-4db8-9b3e-c415b43076f2,139,"['19978b81-68f7-4eac-a34f-c51f071efa97', '19978b81-68f7-4eac-a34f-c51f071efa97', '6b996378-7eae-4731-9803-84c3902eccc5', '7d0fde20-da11-4715-96d2-06bca63cde60', 'd7966d25-0e3e-4264-9e16-da1b6e90efbd']"
887850cf-c06e-48f1-b790-7e28c22127c9,130,"['ad4e0521-dd79-4d56-b734-fcfe7c1aec2e', 'ad4e0521-dd79-4d56-b734-fcfe7c1aec2e', '8e0e1bfd-e510-4b02-a207-3706d0b8c486', '4210bc02-28a0-427e-8245-96eda4a2f737', '487abc20-a5c1-4744-bf9a-2eb1b3abd196']"
887850cf-c06e-48f1-b790-7e28c22127c9,131,"['ad4e0521-dd79-4d56-b734-fcfe7c1aec2e', 'ad4e0521-dd79-4d56-b734-fcfe7c1aec2e', 'ad4e0521-dd79-4d56-b734-fcfe7c1aec2e', 'ad4e0521-dd79-4d56-b734-fcfe7c1aec2e', 'ad4e0521-dd79-4d56-b734-fcfe7c1aec2e']"
ffd3126b-49da-432d-b046-0f08986a43aa,129,"['ce26f4bc-7c57-4179-ba18-55ae7d1923e0', 'ce26f4bc-7c57-4179-ba18-55ae7d1923e0', 'ce26f4bc-7c57-4179-ba18-55ae7d1923e0', 'ce26f4bc-7c57-4179-ba18-55ae7d1923e0', '850ca6d2-2e22-41b6-bc45-1126d4366dd5']"
ffd3126b-49da-432d-b046-0f08986a43aa,130,"['ce26f4bc-7c57-4179-ba18-55ae7d1923e0', 'ce26f4bc-7c57-4179-ba18-55ae7d1923e0', 'ce26f4bc-7c57-4179-ba18-55ae7d1923e0', 'ce26f4bc-7c57-4179-ba18-55ae7d1923e0', '850ca6d2-2e22-41b6-bc45-1126d4366dd5']"
e7fff321-99a1-4d05-a9c8-337b216f8dc0,126,"['e0334709-d8e2-47ea-bda0-bd9ce2e03f7f', 'e0334709-d8e2-47ea-bda0-bd9ce2e03f7f', 'e0334709-d8e2-47ea-bda0-bd9ce2e03f7f', 'fade456f-63a4-4078-836f-257765c60af9', 'f12d3751-8d26-40b1-a7df-72518b4f92ec']"
e7fff321-99a1-4d05-a9c8-337b216f8dc0,127,"['e0334709-d8e2-47ea-bda0-bd9ce2e03f7f', 'e0334709-d8e2-47ea-bda0-bd9ce2e03f7f', 'e0334709-d8e2-47ea-bda0-bd9ce2e03f7f', 'fade456f-63a4-4078-836f-257765c60af9', 'f12d3751-8d26-40b1-a7df-72518b4f92ec']"
819dbbde-caec-43aa-ac59-8ee6a2e6f496,145,"['de2a0783-efba-40b7-bb2f-02d98e85e271', 'de2a0783-efba-40b7-bb2f-02d98e85e271', '7b614ea7-6ae8-4795-9e04-561093aab529', 'fbc40854-5bf1-404b-8e68-616c40c8f7f5', '4bdf6c8f-db72-4e44-bb10-3bdb69d3a9d1']"
887850cf-c06e-48f1-b790-7e28c22127c9,132,"['ad4e0521-dd79-4d56-b734-fcfe7c1aec2e', 'ad4e0521-dd79-4d56-b734-fcfe7c1aec2e', 'ad4e0521-dd79-4d56-b734-fcfe7c1aec2e', 'ad4e0521-dd79-4d56-b734-fcfe7c1aec2e', '204f31fc-1f2a-4626-9fe2-dc9ba40f47c1']"
819dbbde-caec-43aa-ac59-8ee6a2e6f496,146,"['de2a0783-efba-40b7-bb2f-02d98e85e271', 'de2a0783-efba-40b7-bb2f-02d98e85e271', 'de2a0783-efba-40b7-bb2f-02d98e85e271', 'de2a0783-efba-40b7-bb2f-02d98e85e271', '84a61423-7845-4f23-91da-0ee2c0a9d62e']"
819dbbde-caec-43aa-ac59-8ee6a2e6f496,147,"['de2a0783-efba-40b7-bb2f-02d98e85e271', 'de2a0783-efba-40b7-bb2f-02d98e85e271', 'de2a0783-efba-40b7-bb2f-02d98e85e271', 'de2a0783-efba-40b7-bb2f-02d98e85e271', '84a61423-7845-4f23-91da-0ee2c0a9d62e']"
c3d6148d-9789-4db8-9b3e-c415b43076f2,140,"['19978b81-68f7-4eac-a34f-c51f071efa97', '19978b81-68f7-4eac-a34f-c51f071efa97', '19978b81-68f7-4eac-a34f-c51f071efa97', '35a5e9dd-5873-4cd7-8132-3344e69080ce', '80c831df-f74a-4718-bb1b-f308816da5b9']"
c3d6148d-9789-4db8-9b3e-c415b43076f2,141,"['19978b81-68f7-4eac-a34f-c51f071efa97', '19978b81-68f7-4eac-a34f-c51f071efa97', '19978b81-68f7-4eac-a34f-c51f071efa97', '35a5e9dd-5873-4cd7-8132-3344e69080ce', '80c831df-f74a-4718-bb1b-f308816da5b9']"
ffd3126b-49da-432d-b046-0f08986a43aa,131,"['ce26f4bc-7c57-4179-ba18-55ae7d1923e0', 'ce26f4bc-7c57-4179-ba18-55ae7d1923e0', '850ca6d2-2e22-41b6-bc45-1126d4366dd5', 'bb3f80ef-0b95-40c9-9939-6b3aba621929', 'edf9d5a7-a31f-47ed-b679-1b7f67e6338a']"
e7fff321-99a1-4d05-a9c8-337b216f8dc0,128,"['e0334709-d8e2-47ea-bda0-bd9ce2e03f7f', 'e0334709-d8e2-47ea-bda0-bd9ce2e03f7f', 'fade456f-63a4-4078-836f-257765c60af9', '5034b6fa-861e-44ca-9854-b2aa3c527eda', '94b248a3-5985-4d35-8b11-9612aa332677']"
819dbbde-caec-43aa-ac59-8ee6a2e6f496,148,"['de2a0783-efba-40b7-bb2f-02d98e85e271', 'de2a0783-efba-40b7-bb2f-02d98e85e271', 'de2a0783-efba-40b7-bb2f-02d98e85e271', 'bd8c8e63-5b19-4424-9b9b-34c9d37edd94', 'fd48e922-7915-41d9-bab8-ab7fcec54724']"
819dbbde-caec-43aa-ac59-8ee6a2e6f496,149,"['de2a0783-efba-40b7-bb2f-02d98e85e271', 'de2a0783-efba-40b7-bb2f-02d98e85e271', 'de2a0783-efba-40b7-bb2f-02d98e85e271', 'bd8c8e63-5b19-4424-9b9b-34c9d37edd94', 'fd48e922-7915-41d9-bab8-ab7fcec54724']"
819dbbde-caec-43aa-ac59-8ee6a2e6f496,150,"['de2a0783-efba-40b7-bb2f-02d98e85e271', 'de2a0783-efba-40b7-bb2f-02d98e85e271', 'de2a0783-efba-40b7-bb2f-02d98e85e271', 'bd8c8e63-5b19-4424-9b9b-34c9d37edd94', 'fd48e922-7915-41d9-bab8-ab7fcec54724']"
ffd3126b-49da-432d-b046-0f08986a43aa,132,"['ce26f4bc-7c57-4179-ba18-55ae7d1923e0', 'ce26f4bc-7c57-4179-ba18-55ae7d1923e0', 'ce26f4bc-7c57-4179-ba18-55ae7d1923e0', 'ce26f4bc-7c57-4179-ba18-55ae7d1923e0', '3c650cb3-28a8-450e-8a15-2374f617f08e']"
e7fff321-99a1-4d05-a9c8-337b216f8dc0,129,"['e0334709-d8e2-47ea-bda0-bd9ce2e03f7f', 'e0334709-d8e2-47ea-bda0-bd9ce2e03f7f', 'e0334709-d8e2-47ea-bda0-bd9ce2e03f7f', '9ced73b1-b456-4f82-8bd8-31bc341094bb', '1a1530d7-72b3-48d7-8d96-20b7f467f7b0']"
e7fff321-99a1-4d05-a9c8-337b216f8dc0,130,"['e0334709-d8e2-47ea-bda0-bd9ce2e03f7f', 'e0334709-d8e2-47ea-bda0-bd9ce2e03f7f', 'e0334709-d8e2-47ea-bda0-bd9ce2e03f7f', '9ced73b1-b456-4f82-8bd8-31bc341094bb', '1a1530d7-72b3-48d7-8d96-20b7f467f7b0']"
c3d6148d-9789-4db8-9b3e-c415b43076f2,142,"['19978b81-68f7-4eac-a34f-c51f071efa97', '19978b81-68f7-4eac-a34f-c51f071efa97', '80c831df-f74a-4718-bb1b-f308816da5b9', '71cdee5d-71b7-499e-8663-a7c11ab582b2', 'f673ce11-57f9-4b04-93cc-b51a0dddc1a2']"
c3d6148d-9789-4db8-9b3e-c415b43076f2,143,"['19978b81-68f7-4eac-a34f-c51f071efa97', '19978b81-68f7-4eac-a34f-c51f071efa97', '19978b81-68f7-4eac-a34f-c51f071efa97', '19978b81-68f7-4eac-a34f-c51f071efa97', '19978b81-68f7-4eac-a34f-c51f071efa97']"
887850cf-c06e-48f1-b790-7e28c22127c9,133,"['ad4e0521-dd79-4d56-b734-fcfe7c1aec2e', '204f31fc-1f2a-4626-9fe2-dc9ba40f47c1', '2cdb8d0d-3d82-4823-99a4-fe873361c698', '91b7f371-206c-46f5-87e3-54f090aaa989', 'e3d1f534-318c-4d17-97c7-c8555e0f817b']"
ffd3126b-49da-432d-b046-0f08986a43aa,133,"['ce26f4bc-7c57-4179-ba18-55ae7d1923e0', 'ce26f4bc-7c57-4179-ba18-55ae7d1923e0', 'ce26f4bc-7c57-4179-ba18-55ae7d1923e0', '3c650cb3-28a8-450e-8a15-2374f617f08e', 'a8f35f69-0ac2-4cb0-b664-a99ffef3f95f']"
e7fff321-99a1-4d05-a9c8-337b216f8dc0,131,"['e0334709-d8e2-47ea-bda0-bd9ce2e03f7f', 'e0334709-d8e2-47ea-bda0-bd9ce2e03f7f', 'e0334709-d8e2-47ea-bda0-bd9ce2e03f7f', '1a1530d7-72b3-48d7-8d96-20b7f467f7b0', 'ebce1f9f-af85-4b73-bc5c-270372eb37c3']"
e7fff321-99a1-4d05-a9c8-337b216f8dc0,132,"['e0334709-d8e2-47ea-bda0-bd9ce2e03f7f', 'e0334709-d8e2-47ea-bda0-bd9ce2e03f7f', 'e0334709-d8e2-47ea-bda0-bd9ce2e03f7f', '1a1530d7-72b3-48d7-8d96-20b7f467f7b0', 'ebce1f9f-af85-4b73-bc5c-270372eb37c3']"
e7fff321-99a1-4d05-a9c8-337b216f8dc0,133,"['e0334709-d8e2-47ea-bda0-bd9ce2e03f7f', 'e0334709-d8e2-47ea-bda0-bd9ce2e03f7f', 'e0334709-d8e2-47ea-bda0-bd9ce2e03f7f', '1a1530d7-72b3-48d7-8d96-20b7f467f7b0', 'ebce1f9f-af85-4b73-bc5c-270372eb37c3']"
e7fff321-99a1-4d05-a9c8-337b216f8dc0,134,"['e0334709-d8e2-47ea-bda0-bd9ce2e03f7f', 'e0334709-d8e2-47ea-bda0-bd9ce2e03f7f', 'e0334709-d8e2-47ea-bda0-bd9ce2e03f7f', '1a1530d7-72b3-48d7-8d96-20b7f467f7b0', 'ebce1f9f-af85-4b73-bc5c-270372eb37c3']"
887850cf-c06e-48f1-b790-7e28c22127c9,134,"['ad4e0521-dd79-4d56-b734-fcfe7c1aec2e', 'ad4e0521-dd79-4d56-b734-fcfe7c1aec2e', 'ad4e0521-dd79-4d56-b734-fcfe7c1aec2e', 'ad4e0521-dd79-4d56-b734-fcfe7c1aec2e', 'd50791a7-bd8b-4107-9419-7b7d661e351d']"
ffd3126b-49da-432d-b046-0f08986a43aa,134,"['ce26f4bc-7c57-4179-ba18-55ae7d1923e0', 'ce26f4bc-7c57-4179-ba18-55ae7d1923e0', 'ce26f4bc-7c57-4179-ba18-55ae7d1923e0', '3c650cb3-28a8-450e-8a15-2374f617f08e', 'e71c37bf-080a-4bb6-93a9-676246220c6b']"
e7fff321-99a1-4d05-a9c8-337b216f8dc0,135,"['e0334709-d8e2-47ea-bda0-bd9ce2e03f7f', '1a1530d7-72b3-48d7-8d96-20b7f467f7b0', 'ebce1f9f-af85-4b73-bc5c-270372eb37c3', '948864f5-25d0-4c62-ba2c-1cecb2478cd6', '41a484f0-7cd4-424e-b7fb-1e9807c45fc4']"
e7fff321-99a1-4d05-a9c8-337b216f8dc0,136,"['e0334709-d8e2-47ea-bda0-bd9ce2e03f7f', 'e0334709-d8e2-47ea-bda0-bd9ce2e03f7f', 'e0334709-d8e2-47ea-bda0-bd9ce2e03f7f', 'e0334709-d8e2-47ea-bda0-bd9ce2e03f7f', 'e0334709-d8e2-47ea-bda0-bd9ce2e03f7f']"
e7fff321-99a1-4d05-a9c8-337b216f8dc0,137,"['e0334709-d8e2-47ea-bda0-bd9ce2e03f7f', 'e0334709-d8e2-47ea-bda0-bd9ce2e03f7f', 'e0334709-d8e2-47ea-bda0-bd9ce2e03f7f', 'e0334709-d8e2-47ea-bda0-bd9ce2e03f7f', 'e0334709-d8e2-47ea-bda0-bd9ce2e03f7f']"
c3d6148d-9789-4db8-9b3e-c415b43076f2,144,"['19978b81-68f7-4eac-a34f-c51f071efa97', '19978b81-68f7-4eac-a34f-c51f071efa97', '19978b81-68f7-4eac-a34f-c51f071efa97', '8146130b-0327-462d-803d-7aa782f98d1e', '25a34073-1035-4be3-a85c-215b99713a76']"
e7fff321-99a1-4d05-a9c8-337b216f8dc0,138,"['e0334709-d8e2-47ea-bda0-bd9ce2e03f7f', 'e0334709-d8e2-47ea-bda0-bd9ce2e03f7f', 'e0334709-d8e2-47ea-bda0-bd9ce2e03f7f', 'e0334709-d8e2-47ea-bda0-bd9ce2e03f7f', '7946fd9b-7160-4583-a0e4-8ed92863193b']"
c3d6148d-9789-4db8-9b3e-c415b43076f2,145,"['19978b81-68f7-4eac-a34f-c51f071efa97', '19978b81-68f7-4eac-a34f-c51f071efa97', '19978b81-68f7-4eac-a34f-c51f071efa97', '8146130b-0327-462d-803d-7aa782f98d1e', '25a34073-1035-4be3-a85c-215b99713a76']"
ffd3126b-49da-432d-b046-0f08986a43aa,135,"['ce26f4bc-7c57-4179-ba18-55ae7d1923e0', 'ce26f4bc-7c57-4179-ba18-55ae7d1923e0', '3c650cb3-28a8-450e-8a15-2374f617f08e', 'e71c37bf-080a-4bb6-93a9-676246220c6b', '2dae162c-61f7-4601-945d-ca835043b873']"
c3d6148d-9789-4db8-9b3e-c415b43076f2,146,"['19978b81-68f7-4eac-a34f-c51f071efa97', '19978b81-68f7-4eac-a34f-c51f071efa97', '19978b81-68f7-4eac-a34f-c51f071efa97', '25a34073-1035-4be3-a85c-215b99713a76', '363e0f89-aba0-4a7e-81c2-d479b600b0f4']"
c3d6148d-9789-4db8-9b3e-c415b43076f2,147,"['19978b81-68f7-4eac-a34f-c51f071efa97', '19978b81-68f7-4eac-a34f-c51f071efa97', '19978b81-68f7-4eac-a34f-c51f071efa97', '25a34073-1035-4be3-a85c-215b99713a76', '363e0f89-aba0-4a7e-81c2-d479b600b0f4']"
e7fff321-99a1-4d05-a9c8-337b216f8dc0,139,"['e0334709-d8e2-47ea-bda0-bd9ce2e03f7f', 'e0334709-d8e2-47ea-bda0-bd9ce2e03f7f', 'e0334709-d8e2-47ea-bda0-bd9ce2e03f7f', '320cc345-1e42-4ec2-bd8d-97b97791c6ce', '3b17395b-6973-4b5d-bd32-c3b94abad842']"
ffd3126b-49da-432d-b046-0f08986a43aa,136,"['ce26f4bc-7c57-4179-ba18-55ae7d1923e0', 'ce26f4bc-7c57-4179-ba18-55ae7d1923e0', 'ce26f4bc-7c57-4179-ba18-55ae7d1923e0', 'ce26f4bc-7c57-4179-ba18-55ae7d1923e0', 'cf438e23-2cab-40f9-9553-6c77b724b1eb']"
c3d6148d-9789-4db8-9b3e-c415b43076f2,148,"['19978b81-68f7-4eac-a34f-c51f071efa97', '19978b81-68f7-4eac-a34f-c51f071efa97', '25a34073-1035-4be3-a85c-215b99713a76', '363e0f89-aba0-4a7e-81c2-d479b600b0f4', '48eebdda-cc4d-4093-a0ff-d22e0b5b289f']"
887850cf-c06e-48f1-b790-7e28c22127c9,135,"['ad4e0521-dd79-4d56-b734-fcfe7c1aec2e', 'ad4e0521-dd79-4d56-b734-fcfe7c1aec2e', '817e07ad-5b08-424c-83e0-a2ddb2a64109', '89b6b694-a178-4e56-95af-e291e6a05124', 'cb2271ec-e2df-40bf-8a58-78fae228aaa6']"
ffd3126b-49da-432d-b046-0f08986a43aa,137,"['ce26f4bc-7c57-4179-ba18-55ae7d1923e0', 'ce26f4bc-7c57-4179-ba18-55ae7d1923e0', 'ce26f4bc-7c57-4179-ba18-55ae7d1923e0', 'cf438e23-2cab-40f9-9553-6c77b724b1eb', 'cb9dd74a-08e7-49bb-80db-91456a0d4c77']"
ffd3126b-49da-432d-b046-0f08986a43aa,138,"['ce26f4bc-7c57-4179-ba18-55ae7d1923e0', 'ce26f4bc-7c57-4179-ba18-55ae7d1923e0', 'ce26f4bc-7c57-4179-ba18-55ae7d1923e0', 'cf438e23-2cab-40f9-9553-6c77b724b1eb', 'cb9dd74a-08e7-49bb-80db-91456a0d4c77']"
e7fff321-99a1-4d05-a9c8-337b216f8dc0,140,"['e0334709-d8e2-47ea-bda0-bd9ce2e03f7f', 'e0334709-d8e2-47ea-bda0-bd9ce2e03f7f', '3b17395b-6973-4b5d-bd32-c3b94abad842', '4c90d490-d42a-4dc1-98fb-99ec63cbd3a7', '6a0b7f57-aa9c-49ce-ad7e-0ca8f9f28b5c']"
e7fff321-99a1-4d05-a9c8-337b216f8dc0,141,"['e0334709-d8e2-47ea-bda0-bd9ce2e03f7f', '4c90d490-d42a-4dc1-98fb-99ec63cbd3a7', '4c90d490-d42a-4dc1-98fb-99ec63cbd3a7', '4c90d490-d42a-4dc1-98fb-99ec63cbd3a7', '4c90d490-d42a-4dc1-98fb-99ec63cbd3a7']"
ffd3126b-49da-432d-b046-0f08986a43aa,139,"['ce26f4bc-7c57-4179-ba18-55ae7d1923e0', 'ce26f4bc-7c57-4179-ba18-55ae7d1923e0', 'ce26f4bc-7c57-4179-ba18-55ae7d1923e0', 'cf438e23-2cab-40f9-9553-6c77b724b1eb', '5d60b124-577f-4a72-9321-4cb360ce600d']"
c3d6148d-9789-4db8-9b3e-c415b43076f2,149,"['19978b81-68f7-4eac-a34f-c51f071efa97', '19978b81-68f7-4eac-a34f-c51f071efa97', '19978b81-68f7-4eac-a34f-c51f071efa97', '9081b41d-7416-4bd9-9fa0-b4c356b5a3a1', '8770c859-bb3e-4f90-a37e-514563e8c293']"
c3d6148d-9789-4db8-9b3e-c415b43076f2,150,"['19978b81-68f7-4eac-a34f-c51f071efa97', '19978b81-68f7-4eac-a34f-c51f071efa97', '19978b81-68f7-4eac-a34f-c51f071efa97', '9081b41d-7416-4bd9-9fa0-b4c356b5a3a1', '8770c859-bb3e-4f90-a37e-514563e8c293']"
e7fff321-99a1-4d05-a9c8-337b216f8dc0,142,"['e0334709-d8e2-47ea-bda0-bd9ce2e03f7f', '4c90d490-d42a-4dc1-98fb-99ec63cbd3a7', '4c90d490-d42a-4dc1-98fb-99ec63cbd3a7', '4c90d490-d42a-4dc1-98fb-99ec63cbd3a7', '69df98a9-35b9-483a-b85d-63deb681d549']"
ffd3126b-49da-432d-b046-0f08986a43aa,140,"['ce26f4bc-7c57-4179-ba18-55ae7d1923e0', 'ce26f4bc-7c57-4179-ba18-55ae7d1923e0', 'cf438e23-2cab-40f9-9553-6c77b724b1eb', '5d60b124-577f-4a72-9321-4cb360ce600d', 'a100c7d6-f476-4161-afa6-8942bc5fee19']"
ffd3126b-49da-432d-b046-0f08986a43aa,141,"['ce26f4bc-7c57-4179-ba18-55ae7d1923e0', 'ce26f4bc-7c57-4179-ba18-55ae7d1923e0', 'ce26f4bc-7c57-4179-ba18-55ae7d1923e0', 'ce26f4bc-7c57-4179-ba18-55ae7d1923e0', 'ce26f4bc-7c57-4179-ba18-55ae7d1923e0']"
887850cf-c06e-48f1-b790-7e28c22127c9,136,"['ad4e0521-dd79-4d56-b734-fcfe7c1aec2e', 'ad4e0521-dd79-4d56-b734-fcfe7c1aec2e', 'dd58ee7c-4097-4205-bf79-da8f190ea9ca', '183260f8-9851-4522-80c9-bb4ae7be8b58', 'c0c3a44b-5ba9-4835-b213-e01cc6ac371f']"
e7fff321-99a1-4d05-a9c8-337b216f8dc0,143,"['e0334709-d8e2-47ea-bda0-bd9ce2e03f7f', '4c90d490-d42a-4dc1-98fb-99ec63cbd3a7', '4c90d490-d42a-4dc1-98fb-99ec63cbd3a7', 'bc61b475-41d2-48c1-8e82-5f10f00a2d80', '1c1280a9-d3b5-4952-8f19-392c3c785522']"
e7fff321-99a1-4d05-a9c8-337b216f8dc0,144,"['4c90d490-d42a-4dc1-98fb-99ec63cbd3a7', '4c90d490-d42a-4dc1-98fb-99ec63cbd3a7', '4c90d490-d42a-4dc1-98fb-99ec63cbd3a7', '4c90d490-d42a-4dc1-98fb-99ec63cbd3a7', '4c90d490-d42a-4dc1-98fb-99ec63cbd3a7']"
e7fff321-99a1-4d05-a9c8-337b216f8dc0,145,"['4c90d490-d42a-4dc1-98fb-99ec63cbd3a7', '4c90d490-d42a-4dc1-98fb-99ec63cbd3a7', '4c90d490-d42a-4dc1-98fb-99ec63cbd3a7', '4c90d490-d42a-4dc1-98fb-99ec63cbd3a7', '4c90d490-d42a-4dc1-98fb-99ec63cbd3a7']"
ffd3126b-49da-432d-b046-0f08986a43aa,142,"['ce26f4bc-7c57-4179-ba18-55ae7d1923e0', 'ce26f4bc-7c57-4179-ba18-55ae7d1923e0', 'ce26f4bc-7c57-4179-ba18-55ae7d1923e0', 'ce26f4bc-7c57-4179-ba18-55ae7d1923e0', 'affd2e88-1071-4fa7-93c4-cda34c4259bf']"
887850cf-c06e-48f1-b790-7e28c22127c9,137,"['ad4e0521-dd79-4d56-b734-fcfe7c1aec2e', 'ad4e0521-dd79-4d56-b734-fcfe7c1aec2e', 'ad4e0521-dd79-4d56-b734-fcfe7c1aec2e', 'ad4e0521-dd79-4d56-b734-fcfe7c1aec2e', 'a3f74cb1-1b33-4632-8d60-e1bfc2da018e']"
e7fff321-99a1-4d05-a9c8-337b216f8dc0,146,"['4c90d490-d42a-4dc1-98fb-99ec63cbd3a7', '4c90d490-d42a-4dc1-98fb-99ec63cbd3a7', '4c90d490-d42a-4dc1-98fb-99ec63cbd3a7', '4c90d490-d42a-4dc1-98fb-99ec63cbd3a7', '506c21b5-4b10-4462-abb2-be1051f4ccaf']"
887850cf-c06e-48f1-b790-7e28c22127c9,138,"['ad4e0521-dd79-4d56-b734-fcfe7c1aec2e', 'ad4e0521-dd79-4d56-b734-fcfe7c1aec2e', 'ad4e0521-dd79-4d56-b734-fcfe7c1aec2e', 'a3f74cb1-1b33-4632-8d60-e1bfc2da018e', '04618c20-e91a-4841-832e-d9cb78229db5']"
887850cf-c06e-48f1-b790-7e28c22127c9,139,"['ad4e0521-dd79-4d56-b734-fcfe7c1aec2e', 'ad4e0521-dd79-4d56-b734-fcfe7c1aec2e', 'ad4e0521-dd79-4d56-b734-fcfe7c1aec2e', 'a3f74cb1-1b33-4632-8d60-e1bfc2da018e', '04618c20-e91a-4841-832e-d9cb78229db5']"
e7fff321-99a1-4d05-a9c8-337b216f8dc0,147,"['4c90d490-d42a-4dc1-98fb-99ec63cbd3a7', '4c90d490-d42a-4dc1-98fb-99ec63cbd3a7', '4c90d490-d42a-4dc1-98fb-99ec63cbd3a7', '4c90d490-d42a-4dc1-98fb-99ec63cbd3a7', 'efe32140-9c26-4b17-9cb4-524c3d77ad67']"
e7fff321-99a1-4d05-a9c8-337b216f8dc0,148,"['4c90d490-d42a-4dc1-98fb-99ec63cbd3a7', '4c90d490-d42a-4dc1-98fb-99ec63cbd3a7', '4c90d490-d42a-4dc1-98fb-99ec63cbd3a7', '4c90d490-d42a-4dc1-98fb-99ec63cbd3a7', 'efe32140-9c26-4b17-9cb4-524c3d77ad67']"
e7fff321-99a1-4d05-a9c8-337b216f8dc0,149,"['4c90d490-d42a-4dc1-98fb-99ec63cbd3a7', '4c90d490-d42a-4dc1-98fb-99ec63cbd3a7', '4c90d490-d42a-4dc1-98fb-99ec63cbd3a7', '4c90d490-d42a-4dc1-98fb-99ec63cbd3a7', 'efe32140-9c26-4b17-9cb4-524c3d77ad67']"
e7fff321-99a1-4d05-a9c8-337b216f8dc0,150,"['4c90d490-d42a-4dc1-98fb-99ec63cbd3a7', '4c90d490-d42a-4dc1-98fb-99ec63cbd3a7', '4c90d490-d42a-4dc1-98fb-99ec63cbd3a7', '4c90d490-d42a-4dc1-98fb-99ec63cbd3a7', 'efe32140-9c26-4b17-9cb4-524c3d77ad67']"
ffd3126b-49da-432d-b046-0f08986a43aa,143,"['ce26f4bc-7c57-4179-ba18-55ae7d1923e0', 'ce26f4bc-7c57-4179-ba18-55ae7d1923e0', 'affd2e88-1071-4fa7-93c4-cda34c4259bf', '3bfe7af0-93ec-4328-adef-29f3d4a6bce5', '42415c5f-40fb-4189-adbe-d8f959a00bc7']"
ffd3126b-49da-432d-b046-0f08986a43aa,144,"['ce26f4bc-7c57-4179-ba18-55ae7d1923e0', 'ce26f4bc-7c57-4179-ba18-55ae7d1923e0', 'ce26f4bc-7c57-4179-ba18-55ae7d1923e0', 'ce26f4bc-7c57-4179-ba18-55ae7d1923e0', 'ce26f4bc-7c57-4179-ba18-55ae7d1923e0']"
887850cf-c06e-48f1-b790-7e28c22127c9,140,"['ad4e0521-dd79-4d56-b734-fcfe7c1aec2e', 'ad4e0521-dd79-4d56-b734-fcfe7c1aec2e', 'a3f74cb1-1b33-4632-8d60-e1bfc2da018e', '04618c20-e91a-4841-832e-d9cb78229db5', '88afe3dd-85e6-404d-ad44-321bdd6dea08']"
ffd3126b-49da-432d-b046-0f08986a43aa,145,"['ce26f4bc-7c57-4179-ba18-55ae7d1923e0', 'ce26f4bc-7c57-4179-ba18-55ae7d1923e0', 'ce26f4bc-7c57-4179-ba18-55ae7d1923e0', 'ce26f4bc-7c57-4179-ba18-55ae7d1923e0', 'd2689d62-82de-4e5b-a3b3-8acf544b307a']"
ffd3126b-49da-432d-b046-0f08986a43aa,146,"['ce26f4bc-7c57-4179-ba18-55ae7d1923e0', 'ce26f4bc-7c57-4179-ba18-55ae7d1923e0', 'ce26f4bc-7c57-4179-ba18-55ae7d1923e0', 'ce26f4bc-7c57-4179-ba18-55ae7d1923e0', 'd2689d62-82de-4e5b-a3b3-8acf544b307a']"
ffd3126b-49da-432d-b046-0f08986a43aa,147,"['ce26f4bc-7c57-4179-ba18-55ae7d1923e0', 'ce26f4bc-7c57-4179-ba18-55ae7d1923e0', 'ce26f4bc-7c57-4179-ba18-55ae7d1923e0', 'ce26f4bc-7c57-4179-ba18-55ae7d1923e0', 'd2689d62-82de-4e5b-a3b3-8acf544b307a']"
ffd3126b-49da-432d-b046-0f08986a43aa,148,"['ce26f4bc-7c57-4179-ba18-55ae7d1923e0', 'ce26f4bc-7c57-4179-ba18-55ae7d1923e0', 'ce26f4bc-7c57-4179-ba18-55ae7d1923e0', 'd2689d62-82de-4e5b-a3b3-8acf544b307a', '1c3cd218-b1c0-4169-87e0-313c98c8c8e8']"
887850cf-c06e-48f1-b790-7e28c22127c9,141,"['ad4e0521-dd79-4d56-b734-fcfe7c1aec2e', 'ad4e0521-dd79-4d56-b734-fcfe7c1aec2e', 'ad4e0521-dd79-4d56-b734-fcfe7c1aec2e', 'cdfb1261-3308-4765-8804-24a1b3d3e077', '23957fb4-e5d4-4409-809f-4931dbfd3b50']"
887850cf-c06e-48f1-b790-7e28c22127c9,142,"['ad4e0521-dd79-4d56-b734-fcfe7c1aec2e', 'ad4e0521-dd79-4d56-b734-fcfe7c1aec2e', 'cdfb1261-3308-4765-8804-24a1b3d3e077', 'f9fbeaab-c73d-4111-ac87-e52adb092d08', '76521ed0-f797-465a-8452-3870701e6cfc']"
ffd3126b-49da-432d-b046-0f08986a43aa,149,"['ce26f4bc-7c57-4179-ba18-55ae7d1923e0', '1c3cd218-b1c0-4169-87e0-313c98c8c8e8', '99d62aaa-7fa5-4867-b2db-7773215d2d94', '03adc22e-26f3-4ac8-b263-23283ef9c677', '91d38088-e754-4880-87d6-430c9422d350']"
887850cf-c06e-48f1-b790-7e28c22127c9,143,"['ad4e0521-dd79-4d56-b734-fcfe7c1aec2e', 'ad4e0521-dd79-4d56-b734-fcfe7c1aec2e', 'ad4e0521-dd79-4d56-b734-fcfe7c1aec2e', 'ad4e0521-dd79-4d56-b734-fcfe7c1aec2e', '7e947b85-6ec3-4360-9aa3-b4764486c0b1']"
ffd3126b-49da-432d-b046-0f08986a43aa,150,"['ce26f4bc-7c57-4179-ba18-55ae7d1923e0', 'ce26f4bc-7c57-4179-ba18-55ae7d1923e0', 'ce26f4bc-7c57-4179-ba18-55ae7d1923e0', 'ce26f4bc-7c57-4179-ba18-55ae7d1923e0', '701e8e12-577b-4842-8a18-e5864de8f4dc']"
887850cf-c06e-48f1-b790-7e28c22127c9,144,"['ad4e0521-dd79-4d56-b734-fcfe7c1aec2e', 'ad4e0521-dd79-4d56-b734-fcfe7c1aec2e', 'ad4e0521-dd79-4d56-b734-fcfe7c1aec2e', '7e947b85-6ec3-4360-9aa3-b4764486c0b1', '14d08dfd-a0f5-4e59-9934-a2809a89a5c4']"
887850cf-c06e-48f1-b790-7e28c22127c9,145,"['ad4e0521-dd79-4d56-b734-fcfe7c1aec2e', 'ad4e0521-dd79-4d56-b734-fcfe7c1aec2e', 'ad4e0521-dd79-4d56-b734-fcfe7c1aec2e', '14d08dfd-a0f5-4e59-9934-a2809a89a5c4', 'fc48dc85-108c-42dc-a59a-6f00ddc53e00']"
887850cf-c06e-48f1-b790-7e28c22127c9,146,"['ad4e0521-dd79-4d56-b734-fcfe7c1aec2e', 'ad4e0521-dd79-4d56-b734-fcfe7c1aec2e', '8e5553b8-4be3-4efe-babd-a607ecc64153', '292ebec9-8f9f-4932-b622-17d8f5cc887d', '4ee2e857-03bb-4ece-8e9c-93b3d278e7f3']"
887850cf-c06e-48f1-b790-7e28c22127c9,147,"['ad4e0521-dd79-4d56-b734-fcfe7c1aec2e', 'ad4e0521-dd79-4d56-b734-fcfe7c1aec2e', 'ad4e0521-dd79-4d56-b734-fcfe7c1aec2e', 'ad4e0521-dd79-4d56-b734-fcfe7c1aec2e', 'ad4e0521-dd79-4d56-b734-fcfe7c1aec2e']"
887850cf-c06e-48f1-b790-7e28c22127c9,148,"['ad4e0521-dd79-4d56-b734-fcfe7c1aec2e', 'ad4e0521-dd79-4d56-b734-fcfe7c1aec2e', 'ad4e0521-dd79-4d56-b734-fcfe7c1aec2e', 'ad4e0521-dd79-4d56-b734-fcfe7c1aec2e', 'ad4e0521-dd79-4d56-b734-fcfe7c1aec2e']"
887850cf-c06e-48f1-b790-7e28c22127c9,149,"['ad4e0521-dd79-4d56-b734-fcfe7c1aec2e', 'ad4e0521-dd79-4d56-b734-fcfe7c1aec2e', 'ad4e0521-dd79-4d56-b734-fcfe7c1aec2e', 'ad4e0521-dd79-4d56-b734-fcfe7c1aec2e', '05195c46-63fc-465f-83b6-cd1b321d5530']"
887850cf-c06e-48f1-b790-7e28c22127c9,150,"['ad4e0521-dd79-4d56-b734-fcfe7c1aec2e', 'ad4e0521-dd79-4d56-b734-fcfe7c1aec2e', '05195c46-63fc-465f-83b6-cd1b321d5530', 'e87e6cc7-51f3-4e6e-9372-81e01a5c4157', 'ba0873ee-fb8a-456b-8ca0-53b63e3d0881']"
