run_id,itr,pool_members_uuids
6b72c773-a292-491f-88c3-d9d8b19068a0,0,"['bea02f39-624a-41ec-b817-1e28c6a5c86c', 'bea02f39-624a-41ec-b817-1e28c6a5c86c', 'bea02f39-624a-41ec-b817-1e28c6a5c86c', 'bea02f39-624a-41ec-b817-1e28c6a5c86c', 'bea02f39-624a-41ec-b817-1e28c6a5c86c', 'bea02f39-624a-41ec-b817-1e28c6a5c86c', 'bea02f39-624a-41ec-b817-1e28c6a5c86c', 'bea02f39-624a-41ec-b817-1e28c6a5c86c', 'bea02f39-624a-41ec-b817-1e28c6a5c86c', 'bea02f39-624a-41ec-b817-1e28c6a5c86c', 'bea02f39-624a-41ec-b817-1e28c6a5c86c', 'bea02f39-624a-41ec-b817-1e28c6a5c86c', 'bea02f39-624a-41ec-b817-1e28c6a5c86c', 'bea02f39-624a-41ec-b817-1e28c6a5c86c', 'bea02f39-624a-41ec-b817-1e28c6a5c86c', 'bea02f39-624a-41ec-b817-1e28c6a5c86c', 'bea02f39-624a-41ec-b817-1e28c6a5c86c', 'bea02f39-624a-41ec-b817-1e28c6a5c86c', 'bea02f39-624a-41ec-b817-1e28c6a5c86c', 'bea02f39-624a-41ec-b817-1e28c6a5c86c', 'bea02f39-624a-41ec-b817-1e28c6a5c86c', 'bea02f39-624a-41ec-b817-1e28c6a5c86c', 'bea02f39-624a-41ec-b817-1e28c6a5c86c', 'bea02f39-624a-41ec-b817-1e28c6a5c86c', 'bea02f39-624a-41ec-b817-1e28c6a5c86c', 'bea02f39-624a-41ec-b817-1e28c6a5c86c', 'bea02f39-624a-41ec-b817-1e28c6a5c86c', 'bea02f39-624a-41ec-b817-1e28c6a5c86c', 'bea02f39-624a-41ec-b817-1e28c6a5c86c', 'bea02f39-624a-41ec-b817-1e28c6a5c86c', 'bea02f39-624a-41ec-b817-1e28c6a5c86c', 'bea02f39-624a-41ec-b817-1e28c6a5c86c', 'bea02f39-624a-41ec-b817-1e28c6a5c86c', 'bea02f39-624a-41ec-b817-1e28c6a5c86c', 'bea02f39-624a-41ec-b817-1e28c6a5c86c', 'bea02f39-624a-41ec-b817-1e28c6a5c86c', 'bea02f39-624a-41ec-b817-1e28c6a5c86c', 'bea02f39-624a-41ec-b817-1e28c6a5c86c', 'bea02f39-624a-41ec-b817-1e28c6a5c86c', 'bea02f39-624a-41ec-b817-1e28c6a5c86c', 'bea02f39-624a-41ec-b817-1e28c6a5c86c', 'bea02f39-624a-41ec-b817-1e28c6a5c86c', 'bea02f39-624a-41ec-b817-1e28c6a5c86c', 'bea02f39-624a-41ec-b817-1e28c6a5c86c', 'bea02f39-624a-41ec-b817-1e28c6a5c86c', 'bea02f39-624a-41ec-b817-1e28c6a5c86c', 'bea02f39-624a-41ec-b817-1e28c6a5c86c', 'bea02f39-624a-41ec-b817-1e28c6a5c86c', 'bea02f39-624a-41ec-b817-1e28c6a5c86c', 'bea02f39-624a-41ec-b817-1e28c6a5c86c']"
6b72c773-a292-491f-88c3-d9d8b19068a0,1,"['bea02f39-624a-41ec-b817-1e28c6a5c86c', 'bea02f39-624a-41ec-b817-1e28c6a5c86c', 'bea02f39-624a-41ec-b817-1e28c6a5c86c', 'bea02f39-624a-41ec-b817-1e28c6a5c86c', 'bea02f39-624a-41ec-b817-1e28c6a5c86c', 'bea02f39-624a-41ec-b817-1e28c6a5c86c', 'bea02f39-624a-41ec-b817-1e28c6a5c86c', 'bea02f39-624a-41ec-b817-1e28c6a5c86c', 'bea02f39-624a-41ec-b817-1e28c6a5c86c', 'bea02f39-624a-41ec-b817-1e28c6a5c86c', 'bea02f39-624a-41ec-b817-1e28c6a5c86c', 'bea02f39-624a-41ec-b817-1e28c6a5c86c', 'bea02f39-624a-41ec-b817-1e28c6a5c86c', 'bea02f39-624a-41ec-b817-1e28c6a5c86c', 'bea02f39-624a-41ec-b817-1e28c6a5c86c', 'bea02f39-624a-41ec-b817-1e28c6a5c86c', 'bea02f39-624a-41ec-b817-1e28c6a5c86c', 'bea02f39-624a-41ec-b817-1e28c6a5c86c', 'bea02f39-624a-41ec-b817-1e28c6a5c86c', 'bea02f39-624a-41ec-b817-1e28c6a5c86c', 'bea02f39-624a-41ec-b817-1e28c6a5c86c', 'bea02f39-624a-41ec-b817-1e28c6a5c86c', 'bea02f39-624a-41ec-b817-1e28c6a5c86c', 'bea02f39-624a-41ec-b817-1e28c6a5c86c', 'bea02f39-624a-41ec-b817-1e28c6a5c86c', 'bea02f39-624a-41ec-b817-1e28c6a5c86c', 'bea02f39-624a-41ec-b817-1e28c6a5c86c', 'bea02f39-624a-41ec-b817-1e28c6a5c86c', 'bea02f39-624a-41ec-b817-1e28c6a5c86c', 'bea02f39-624a-41ec-b817-1e28c6a5c86c', 'bea02f39-624a-41ec-b817-1e28c6a5c86c', 'bea02f39-624a-41ec-b817-1e28c6a5c86c', 'bea02f39-624a-41ec-b817-1e28c6a5c86c', 'bea02f39-624a-41ec-b817-1e28c6a5c86c', 'bea02f39-624a-41ec-b817-1e28c6a5c86c', 'bea02f39-624a-41ec-b817-1e28c6a5c86c', 'bea02f39-624a-41ec-b817-1e28c6a5c86c', 'bea02f39-624a-41ec-b817-1e28c6a5c86c', 'bea02f39-624a-41ec-b817-1e28c6a5c86c', 'bea02f39-624a-41ec-b817-1e28c6a5c86c', 'bea02f39-624a-41ec-b817-1e28c6a5c86c', 'abffed61-7443-482b-96ae-07016ff47fc4', '135408a1-eb70-4490-b925-98a8e0aa5590', 'fc4d9246-5a0c-47d1-85de-3e3c7697eba2', '0fa53c84-df67-415c-aea0-ffe40cc7a755', 'ec0d8e53-7b12-4d89-ab83-3a527e4572b8', 'b84c755b-a16b-42e7-8d35-42b3af4492f2', 'af99f448-87e6-41c6-b5d0-4bd8909bcdda', 'c37a42ce-0c67-453f-8ec1-f1372ca30ff8', 'f5b49e3a-9ce4-4f35-b364-051084ff39fa']"
6b72c773-a292-491f-88c3-d9d8b19068a0,2,"['bea02f39-624a-41ec-b817-1e28c6a5c86c', 'bea02f39-624a-41ec-b817-1e28c6a5c86c', 'bea02f39-624a-41ec-b817-1e28c6a5c86c', 'bea02f39-624a-41ec-b817-1e28c6a5c86c', 'bea02f39-624a-41ec-b817-1e28c6a5c86c', 'bea02f39-624a-41ec-b817-1e28c6a5c86c', 'bea02f39-624a-41ec-b817-1e28c6a5c86c', 'bea02f39-624a-41ec-b817-1e28c6a5c86c', 'bea02f39-624a-41ec-b817-1e28c6a5c86c', 'bea02f39-624a-41ec-b817-1e28c6a5c86c', 'bea02f39-624a-41ec-b817-1e28c6a5c86c', 'bea02f39-624a-41ec-b817-1e28c6a5c86c', 'bea02f39-624a-41ec-b817-1e28c6a5c86c', 'bea02f39-624a-41ec-b817-1e28c6a5c86c', 'bea02f39-624a-41ec-b817-1e28c6a5c86c', 'fc4d9246-5a0c-47d1-85de-3e3c7697eba2', 'fc4d9246-5a0c-47d1-85de-3e3c7697eba2', 'fc4d9246-5a0c-47d1-85de-3e3c7697eba2', 'fc4d9246-5a0c-47d1-85de-3e3c7697eba2', 'fc4d9246-5a0c-47d1-85de-3e3c7697eba2', 'fc4d9246-5a0c-47d1-85de-3e3c7697eba2', 'fc4d9246-5a0c-47d1-85de-3e3c7697eba2', 'fc4d9246-5a0c-47d1-85de-3e3c7697eba2', 'fc4d9246-5a0c-47d1-85de-3e3c7697eba2', 'fc4d9246-5a0c-47d1-85de-3e3c7697eba2', 'fc4d9246-5a0c-47d1-85de-3e3c7697eba2', 'fc4d9246-5a0c-47d1-85de-3e3c7697eba2', 'fc4d9246-5a0c-47d1-85de-3e3c7697eba2', 'fc4d9246-5a0c-47d1-85de-3e3c7697eba2', 'fc4d9246-5a0c-47d1-85de-3e3c7697eba2', 'fc4d9246-5a0c-47d1-85de-3e3c7697eba2', 'fc4d9246-5a0c-47d1-85de-3e3c7697eba2', 'fc4d9246-5a0c-47d1-85de-3e3c7697eba2', 'fc4d9246-5a0c-47d1-85de-3e3c7697eba2', 'fc4d9246-5a0c-47d1-85de-3e3c7697eba2', 'fc4d9246-5a0c-47d1-85de-3e3c7697eba2', 'fc4d9246-5a0c-47d1-85de-3e3c7697eba2', 'fc4d9246-5a0c-47d1-85de-3e3c7697eba2', 'fc4d9246-5a0c-47d1-85de-3e3c7697eba2', 'fc4d9246-5a0c-47d1-85de-3e3c7697eba2', 'fc4d9246-5a0c-47d1-85de-3e3c7697eba2', 'd8eb9b67-ab24-4933-8df0-60f8f2b4c216', '559cfd04-35b8-44e2-ba27-2d0502030677', '5eb038dc-3983-4a18-881b-5d63f60cd62c', 'e9c14fc3-364d-43c0-90d5-764c1913e3f0', 'fffd9a99-ae60-43ae-b1da-eef617a75007', '560bf64e-61a7-462d-90fe-212a8dd47ce8', '8b59548b-8b94-4c64-863c-db6993f3d0e1', 'a82d1c32-35e6-4239-94a5-b7c7da94ca01', 'd0049759-77bc-4808-8915-e3fbcefc49fc']"
6b72c773-a292-491f-88c3-d9d8b19068a0,3,"['bea02f39-624a-41ec-b817-1e28c6a5c86c', 'bea02f39-624a-41ec-b817-1e28c6a5c86c', 'bea02f39-624a-41ec-b817-1e28c6a5c86c', 'bea02f39-624a-41ec-b817-1e28c6a5c86c', 'bea02f39-624a-41ec-b817-1e28c6a5c86c', 'bea02f39-624a-41ec-b817-1e28c6a5c86c', 'bea02f39-624a-41ec-b817-1e28c6a5c86c', 'bea02f39-624a-41ec-b817-1e28c6a5c86c', 'bea02f39-624a-41ec-b817-1e28c6a5c86c', 'bea02f39-624a-41ec-b817-1e28c6a5c86c', 'bea02f39-624a-41ec-b817-1e28c6a5c86c', 'bea02f39-624a-41ec-b817-1e28c6a5c86c', 'fc4d9246-5a0c-47d1-85de-3e3c7697eba2', 'fc4d9246-5a0c-47d1-85de-3e3c7697eba2', 'fc4d9246-5a0c-47d1-85de-3e3c7697eba2', 'fc4d9246-5a0c-47d1-85de-3e3c7697eba2', 'fc4d9246-5a0c-47d1-85de-3e3c7697eba2', 'fc4d9246-5a0c-47d1-85de-3e3c7697eba2', 'fc4d9246-5a0c-47d1-85de-3e3c7697eba2', 'fc4d9246-5a0c-47d1-85de-3e3c7697eba2', 'fc4d9246-5a0c-47d1-85de-3e3c7697eba2', 'fc4d9246-5a0c-47d1-85de-3e3c7697eba2', 'fc4d9246-5a0c-47d1-85de-3e3c7697eba2', 'fc4d9246-5a0c-47d1-85de-3e3c7697eba2', 'fc4d9246-5a0c-47d1-85de-3e3c7697eba2', 'fc4d9246-5a0c-47d1-85de-3e3c7697eba2', 'fc4d9246-5a0c-47d1-85de-3e3c7697eba2', 'fc4d9246-5a0c-47d1-85de-3e3c7697eba2', 'fc4d9246-5a0c-47d1-85de-3e3c7697eba2', 'fc4d9246-5a0c-47d1-85de-3e3c7697eba2', 'fc4d9246-5a0c-47d1-85de-3e3c7697eba2', 'fc4d9246-5a0c-47d1-85de-3e3c7697eba2', 'd8eb9b67-ab24-4933-8df0-60f8f2b4c216', '559cfd04-35b8-44e2-ba27-2d0502030677', '5eb038dc-3983-4a18-881b-5d63f60cd62c', 'e9c14fc3-364d-43c0-90d5-764c1913e3f0', 'fffd9a99-ae60-43ae-b1da-eef617a75007', '8b59548b-8b94-4c64-863c-db6993f3d0e1', 'a82d1c32-35e6-4239-94a5-b7c7da94ca01', 'd0049759-77bc-4808-8915-e3fbcefc49fc', '50448933-6f15-4f54-b258-fb41319361c1', '1e1737d0-42d6-4d6d-b950-9797ea09cca8', 'b56038a8-f62c-48bc-bcdc-4650f61bfc47', '55acd8a8-2aa7-4714-91b3-f927e0fe8e24', '17b95d19-9237-4035-a6a9-01ad4c3aef58', '927cb86a-70cc-412a-a2d9-a4baca1596f5', '9b79acc4-7fa5-4fdb-92c8-f74f0f393576', '3c73d9ef-1e23-4c1a-87e1-ef8331e09b69', '5f11fa28-5452-4809-8fe3-206c9b605cf7', '6c3e5265-508a-453a-9a3b-2b7b4b5b2fd3']"
6b72c773-a292-491f-88c3-d9d8b19068a0,4,"['fc4d9246-5a0c-47d1-85de-3e3c7697eba2', 'fc4d9246-5a0c-47d1-85de-3e3c7697eba2', 'fc4d9246-5a0c-47d1-85de-3e3c7697eba2', 'fc4d9246-5a0c-47d1-85de-3e3c7697eba2', 'fc4d9246-5a0c-47d1-85de-3e3c7697eba2', 'fc4d9246-5a0c-47d1-85de-3e3c7697eba2', 'fc4d9246-5a0c-47d1-85de-3e3c7697eba2', 'fc4d9246-5a0c-47d1-85de-3e3c7697eba2', 'fc4d9246-5a0c-47d1-85de-3e3c7697eba2', 'fc4d9246-5a0c-47d1-85de-3e3c7697eba2', 'fc4d9246-5a0c-47d1-85de-3e3c7697eba2', 'fc4d9246-5a0c-47d1-85de-3e3c7697eba2', 'fc4d9246-5a0c-47d1-85de-3e3c7697eba2', 'fc4d9246-5a0c-47d1-85de-3e3c7697eba2', 'fc4d9246-5a0c-47d1-85de-3e3c7697eba2', 'fc4d9246-5a0c-47d1-85de-3e3c7697eba2', 'fc4d9246-5a0c-47d1-85de-3e3c7697eba2', 'fc4d9246-5a0c-47d1-85de-3e3c7697eba2', 'fc4d9246-5a0c-47d1-85de-3e3c7697eba2', 'fc4d9246-5a0c-47d1-85de-3e3c7697eba2', 'fc4d9246-5a0c-47d1-85de-3e3c7697eba2', 'fc4d9246-5a0c-47d1-85de-3e3c7697eba2', 'fc4d9246-5a0c-47d1-85de-3e3c7697eba2', 'fc4d9246-5a0c-47d1-85de-3e3c7697eba2', 'fc4d9246-5a0c-47d1-85de-3e3c7697eba2', 'fc4d9246-5a0c-47d1-85de-3e3c7697eba2', 'fc4d9246-5a0c-47d1-85de-3e3c7697eba2', 'fc4d9246-5a0c-47d1-85de-3e3c7697eba2', 'fc4d9246-5a0c-47d1-85de-3e3c7697eba2', 'fc4d9246-5a0c-47d1-85de-3e3c7697eba2', 'fc4d9246-5a0c-47d1-85de-3e3c7697eba2', 'fc4d9246-5a0c-47d1-85de-3e3c7697eba2', 'fc4d9246-5a0c-47d1-85de-3e3c7697eba2', 'fc4d9246-5a0c-47d1-85de-3e3c7697eba2', 'fc4d9246-5a0c-47d1-85de-3e3c7697eba2', 'fc4d9246-5a0c-47d1-85de-3e3c7697eba2', 'fc4d9246-5a0c-47d1-85de-3e3c7697eba2', 'fc4d9246-5a0c-47d1-85de-3e3c7697eba2', 'fc4d9246-5a0c-47d1-85de-3e3c7697eba2', 'fc4d9246-5a0c-47d1-85de-3e3c7697eba2', 'c3d4dde7-6d2d-4474-9670-8ab12226c169', '3448a673-4a51-4287-b826-b799b83e56bf', 'f4bc4a85-95f2-4311-a222-bf96d40e967e', '9a97c375-6787-4349-9020-f6a0bf61bb7b', '9fbc20b6-2a6e-4cce-97bb-9ec3831bc879', '93ba5ed9-06e8-4786-99c1-7a40a0b00d9d', 'fd1b888c-d8f3-4700-8d01-cdc44659bcf4', 'b0c02398-ccd1-4910-8a12-3585eab121d4', '04d802bd-b351-4fe9-98ae-1b80f29071ba', '3c841a4b-6966-403c-a37a-1b20a0b635f5']"
6b72c773-a292-491f-88c3-d9d8b19068a0,5,"['fc4d9246-5a0c-47d1-85de-3e3c7697eba2', 'fc4d9246-5a0c-47d1-85de-3e3c7697eba2', 'fc4d9246-5a0c-47d1-85de-3e3c7697eba2', 'fc4d9246-5a0c-47d1-85de-3e3c7697eba2', 'fc4d9246-5a0c-47d1-85de-3e3c7697eba2', 'fc4d9246-5a0c-47d1-85de-3e3c7697eba2', 'fc4d9246-5a0c-47d1-85de-3e3c7697eba2', 'fc4d9246-5a0c-47d1-85de-3e3c7697eba2', 'fc4d9246-5a0c-47d1-85de-3e3c7697eba2', 'fc4d9246-5a0c-47d1-85de-3e3c7697eba2', 'fc4d9246-5a0c-47d1-85de-3e3c7697eba2', 'fc4d9246-5a0c-47d1-85de-3e3c7697eba2', 'fc4d9246-5a0c-47d1-85de-3e3c7697eba2', 'fc4d9246-5a0c-47d1-85de-3e3c7697eba2', 'fc4d9246-5a0c-47d1-85de-3e3c7697eba2', 'fc4d9246-5a0c-47d1-85de-3e3c7697eba2', 'fc4d9246-5a0c-47d1-85de-3e3c7697eba2', 'fc4d9246-5a0c-47d1-85de-3e3c7697eba2', 'fc4d9246-5a0c-47d1-85de-3e3c7697eba2', 'fc4d9246-5a0c-47d1-85de-3e3c7697eba2', 'fc4d9246-5a0c-47d1-85de-3e3c7697eba2', 'fc4d9246-5a0c-47d1-85de-3e3c7697eba2', 'fc4d9246-5a0c-47d1-85de-3e3c7697eba2', 'fc4d9246-5a0c-47d1-85de-3e3c7697eba2', 'fc4d9246-5a0c-47d1-85de-3e3c7697eba2', 'fc4d9246-5a0c-47d1-85de-3e3c7697eba2', 'fc4d9246-5a0c-47d1-85de-3e3c7697eba2', 'fc4d9246-5a0c-47d1-85de-3e3c7697eba2', 'fc4d9246-5a0c-47d1-85de-3e3c7697eba2', 'fc4d9246-5a0c-47d1-85de-3e3c7697eba2', 'fc4d9246-5a0c-47d1-85de-3e3c7697eba2', 'fc4d9246-5a0c-47d1-85de-3e3c7697eba2', 'fc4d9246-5a0c-47d1-85de-3e3c7697eba2', 'fc4d9246-5a0c-47d1-85de-3e3c7697eba2', 'fc4d9246-5a0c-47d1-85de-3e3c7697eba2', 'c3d4dde7-6d2d-4474-9670-8ab12226c169', '3448a673-4a51-4287-b826-b799b83e56bf', 'f4bc4a85-95f2-4311-a222-bf96d40e967e', '9a97c375-6787-4349-9020-f6a0bf61bb7b', '9fbc20b6-2a6e-4cce-97bb-9ec3831bc879', '93ba5ed9-06e8-4786-99c1-7a40a0b00d9d', 'fd1b888c-d8f3-4700-8d01-cdc44659bcf4', 'b0c02398-ccd1-4910-8a12-3585eab121d4', '04d802bd-b351-4fe9-98ae-1b80f29071ba', '3c841a4b-6966-403c-a37a-1b20a0b635f5', '7e73e128-df9b-4e43-a1c0-e332af911eb7', 'eb566b35-5eb8-4f92-b3d0-5cd38c22dfb3', 'aa541496-5d09-47bc-9243-6101b4225b8e', 'b5bd8907-4456-45eb-9f8b-f8af9ddb3b9f', 'ff7d7a83-4d11-483d-b38d-138710b3287c']"
6b72c773-a292-491f-88c3-d9d8b19068a0,6,"['fc4d9246-5a0c-47d1-85de-3e3c7697eba2', 'fc4d9246-5a0c-47d1-85de-3e3c7697eba2', 'fc4d9246-5a0c-47d1-85de-3e3c7697eba2', 'fc4d9246-5a0c-47d1-85de-3e3c7697eba2', 'fc4d9246-5a0c-47d1-85de-3e3c7697eba2', 'fc4d9246-5a0c-47d1-85de-3e3c7697eba2', 'fc4d9246-5a0c-47d1-85de-3e3c7697eba2', 'fc4d9246-5a0c-47d1-85de-3e3c7697eba2', 'fc4d9246-5a0c-47d1-85de-3e3c7697eba2', 'fc4d9246-5a0c-47d1-85de-3e3c7697eba2', 'fc4d9246-5a0c-47d1-85de-3e3c7697eba2', 'fc4d9246-5a0c-47d1-85de-3e3c7697eba2', 'fc4d9246-5a0c-47d1-85de-3e3c7697eba2', 'fc4d9246-5a0c-47d1-85de-3e3c7697eba2', 'fc4d9246-5a0c-47d1-85de-3e3c7697eba2', 'fc4d9246-5a0c-47d1-85de-3e3c7697eba2', 'fc4d9246-5a0c-47d1-85de-3e3c7697eba2', 'fc4d9246-5a0c-47d1-85de-3e3c7697eba2', 'fc4d9246-5a0c-47d1-85de-3e3c7697eba2', 'fc4d9246-5a0c-47d1-85de-3e3c7697eba2', 'fc4d9246-5a0c-47d1-85de-3e3c7697eba2', 'fc4d9246-5a0c-47d1-85de-3e3c7697eba2', 'fc4d9246-5a0c-47d1-85de-3e3c7697eba2', 'fc4d9246-5a0c-47d1-85de-3e3c7697eba2', 'fc4d9246-5a0c-47d1-85de-3e3c7697eba2', 'fc4d9246-5a0c-47d1-85de-3e3c7697eba2', 'fc4d9246-5a0c-47d1-85de-3e3c7697eba2', 'fc4d9246-5a0c-47d1-85de-3e3c7697eba2', 'fc4d9246-5a0c-47d1-85de-3e3c7697eba2', 'c3d4dde7-6d2d-4474-9670-8ab12226c169', '3448a673-4a51-4287-b826-b799b83e56bf', 'f4bc4a85-95f2-4311-a222-bf96d40e967e', '9a97c375-6787-4349-9020-f6a0bf61bb7b', '9fbc20b6-2a6e-4cce-97bb-9ec3831bc879', '93ba5ed9-06e8-4786-99c1-7a40a0b00d9d', 'fd1b888c-d8f3-4700-8d01-cdc44659bcf4', '04d802bd-b351-4fe9-98ae-1b80f29071ba', '3c841a4b-6966-403c-a37a-1b20a0b635f5', '7e73e128-df9b-4e43-a1c0-e332af911eb7', 'eb566b35-5eb8-4f92-b3d0-5cd38c22dfb3', 'aa541496-5d09-47bc-9243-6101b4225b8e', 'b5bd8907-4456-45eb-9f8b-f8af9ddb3b9f', '8325dcfb-38b4-4fe7-8144-cb8d0d0b9165', '6f01a9f2-c660-458f-b5a4-00a5eecc6023', 'b361951b-73a6-4851-a3f3-c9b5dfbb1f14', '978c06a0-78fb-4455-95b9-a83b532f928d', '92dd4edf-f765-4ced-a966-a1a890707310', 'bd645892-d640-4a80-818a-35b0cbff71c0', '42de7dd5-5bb8-4fb4-a6eb-20f64a8b14b1', '54e3764b-587b-4ace-920d-8796707582dd']"
6b72c773-a292-491f-88c3-d9d8b19068a0,7,"['fc4d9246-5a0c-47d1-85de-3e3c7697eba2', 'fc4d9246-5a0c-47d1-85de-3e3c7697eba2', 'fc4d9246-5a0c-47d1-85de-3e3c7697eba2', 'fc4d9246-5a0c-47d1-85de-3e3c7697eba2', 'fc4d9246-5a0c-47d1-85de-3e3c7697eba2', 'fc4d9246-5a0c-47d1-85de-3e3c7697eba2', 'fc4d9246-5a0c-47d1-85de-3e3c7697eba2', 'fc4d9246-5a0c-47d1-85de-3e3c7697eba2', 'fc4d9246-5a0c-47d1-85de-3e3c7697eba2', 'fc4d9246-5a0c-47d1-85de-3e3c7697eba2', 'fc4d9246-5a0c-47d1-85de-3e3c7697eba2', 'fc4d9246-5a0c-47d1-85de-3e3c7697eba2', 'fc4d9246-5a0c-47d1-85de-3e3c7697eba2', 'fc4d9246-5a0c-47d1-85de-3e3c7697eba2', 'fc4d9246-5a0c-47d1-85de-3e3c7697eba2', 'fc4d9246-5a0c-47d1-85de-3e3c7697eba2', 'fc4d9246-5a0c-47d1-85de-3e3c7697eba2', 'fc4d9246-5a0c-47d1-85de-3e3c7697eba2', 'fc4d9246-5a0c-47d1-85de-3e3c7697eba2', 'fc4d9246-5a0c-47d1-85de-3e3c7697eba2', 'fc4d9246-5a0c-47d1-85de-3e3c7697eba2', 'fc4d9246-5a0c-47d1-85de-3e3c7697eba2', 'c3d4dde7-6d2d-4474-9670-8ab12226c169', '3448a673-4a51-4287-b826-b799b83e56bf', 'f4bc4a85-95f2-4311-a222-bf96d40e967e', '9a97c375-6787-4349-9020-f6a0bf61bb7b', '9fbc20b6-2a6e-4cce-97bb-9ec3831bc879', '93ba5ed9-06e8-4786-99c1-7a40a0b00d9d', 'fd1b888c-d8f3-4700-8d01-cdc44659bcf4', '04d802bd-b351-4fe9-98ae-1b80f29071ba', '3c841a4b-6966-403c-a37a-1b20a0b635f5', '7e73e128-df9b-4e43-a1c0-e332af911eb7', 'eb566b35-5eb8-4f92-b3d0-5cd38c22dfb3', 'aa541496-5d09-47bc-9243-6101b4225b8e', 'b5bd8907-4456-45eb-9f8b-f8af9ddb3b9f', '8325dcfb-38b4-4fe7-8144-cb8d0d0b9165', '6f01a9f2-c660-458f-b5a4-00a5eecc6023', '978c06a0-78fb-4455-95b9-a83b532f928d', '92dd4edf-f765-4ced-a966-a1a890707310', 'bd645892-d640-4a80-818a-35b0cbff71c0', '42de7dd5-5bb8-4fb4-a6eb-20f64a8b14b1', '54e3764b-587b-4ace-920d-8796707582dd', '95018762-fda9-4c98-8e8d-a77a2dfda81f', '2c28d7ac-93d1-4b80-8b65-941ca70cae3f', '180162f0-a3de-4567-897a-ff29e7f45979', 'f171f4d6-310c-434d-b69b-040eab2ef68d', 'a10e6991-fc46-4e12-bdc0-a92338dc5f40', 'ff5cf035-9286-4faf-b964-376bc55ec044', '73eb555f-d24b-49f8-9a83-34ad4adb1084', 'a1aa330f-3e80-4d42-83a9-f315216aeb8d']"
6b72c773-a292-491f-88c3-d9d8b19068a0,8,"['fc4d9246-5a0c-47d1-85de-3e3c7697eba2', 'fc4d9246-5a0c-47d1-85de-3e3c7697eba2', 'fc4d9246-5a0c-47d1-85de-3e3c7697eba2', 'fc4d9246-5a0c-47d1-85de-3e3c7697eba2', 'fc4d9246-5a0c-47d1-85de-3e3c7697eba2', 'fc4d9246-5a0c-47d1-85de-3e3c7697eba2', 'fc4d9246-5a0c-47d1-85de-3e3c7697eba2', 'fc4d9246-5a0c-47d1-85de-3e3c7697eba2', 'fc4d9246-5a0c-47d1-85de-3e3c7697eba2', 'fc4d9246-5a0c-47d1-85de-3e3c7697eba2', 'fc4d9246-5a0c-47d1-85de-3e3c7697eba2', 'fc4d9246-5a0c-47d1-85de-3e3c7697eba2', 'fc4d9246-5a0c-47d1-85de-3e3c7697eba2', 'fc4d9246-5a0c-47d1-85de-3e3c7697eba2', 'fc4d9246-5a0c-47d1-85de-3e3c7697eba2', 'fc4d9246-5a0c-47d1-85de-3e3c7697eba2', 'fc4d9246-5a0c-47d1-85de-3e3c7697eba2', 'fc4d9246-5a0c-47d1-85de-3e3c7697eba2', 'fc4d9246-5a0c-47d1-85de-3e3c7697eba2', 'fc4d9246-5a0c-47d1-85de-3e3c7697eba2', 'fc4d9246-5a0c-47d1-85de-3e3c7697eba2', 'fc4d9246-5a0c-47d1-85de-3e3c7697eba2', 'fc4d9246-5a0c-47d1-85de-3e3c7697eba2', 'fc4d9246-5a0c-47d1-85de-3e3c7697eba2', 'fc4d9246-5a0c-47d1-85de-3e3c7697eba2', 'fc4d9246-5a0c-47d1-85de-3e3c7697eba2', 'fc4d9246-5a0c-47d1-85de-3e3c7697eba2', 'fc4d9246-5a0c-47d1-85de-3e3c7697eba2', 'c3d4dde7-6d2d-4474-9670-8ab12226c169', 'c3d4dde7-6d2d-4474-9670-8ab12226c169', 'c3d4dde7-6d2d-4474-9670-8ab12226c169', 'c3d4dde7-6d2d-4474-9670-8ab12226c169', 'c3d4dde7-6d2d-4474-9670-8ab12226c169', 'c3d4dde7-6d2d-4474-9670-8ab12226c169', 'c3d4dde7-6d2d-4474-9670-8ab12226c169', '9fbc20b6-2a6e-4cce-97bb-9ec3831bc879', '9fbc20b6-2a6e-4cce-97bb-9ec3831bc879', '9fbc20b6-2a6e-4cce-97bb-9ec3831bc879', '18b9882d-6af5-43be-b2d7-e66ddc6b159f', '76d616ac-edbe-4746-bb2d-491ddc319365', '0ccd7d6c-a860-4b68-a628-e651f6b57afc', '8e13963b-1128-4a0b-9ff6-3839342b8e5d', '3896a2d3-102e-43e8-a12c-8bd8fc3157ec', '481352eb-55a8-400c-8fb1-232e00e80a4a', 'f235fe8e-1f60-472c-94a0-931f8ddcc0c6', '00505dd1-fa1b-4016-9da9-64b1da921948', 'fe823259-4d7a-41ef-9ff5-ffaf7229981f', '78acdb74-02f5-4d1e-94be-de36556c87c5', '9aa1c8c3-3f19-4d21-9914-db1a4db3cdf1', '359e5e8d-46f4-47d0-bd0f-0861335a0825']"
6b72c773-a292-491f-88c3-d9d8b19068a0,9,"['fc4d9246-5a0c-47d1-85de-3e3c7697eba2', 'fc4d9246-5a0c-47d1-85de-3e3c7697eba2', 'fc4d9246-5a0c-47d1-85de-3e3c7697eba2', 'fc4d9246-5a0c-47d1-85de-3e3c7697eba2', 'fc4d9246-5a0c-47d1-85de-3e3c7697eba2', 'fc4d9246-5a0c-47d1-85de-3e3c7697eba2', 'fc4d9246-5a0c-47d1-85de-3e3c7697eba2', 'fc4d9246-5a0c-47d1-85de-3e3c7697eba2', 'fc4d9246-5a0c-47d1-85de-3e3c7697eba2', 'fc4d9246-5a0c-47d1-85de-3e3c7697eba2', 'fc4d9246-5a0c-47d1-85de-3e3c7697eba2', 'fc4d9246-5a0c-47d1-85de-3e3c7697eba2', 'fc4d9246-5a0c-47d1-85de-3e3c7697eba2', 'fc4d9246-5a0c-47d1-85de-3e3c7697eba2', 'fc4d9246-5a0c-47d1-85de-3e3c7697eba2', 'fc4d9246-5a0c-47d1-85de-3e3c7697eba2', 'fc4d9246-5a0c-47d1-85de-3e3c7697eba2', 'fc4d9246-5a0c-47d1-85de-3e3c7697eba2', 'fc4d9246-5a0c-47d1-85de-3e3c7697eba2', 'fc4d9246-5a0c-47d1-85de-3e3c7697eba2', 'fc4d9246-5a0c-47d1-85de-3e3c7697eba2', 'fc4d9246-5a0c-47d1-85de-3e3c7697eba2', 'fc4d9246-5a0c-47d1-85de-3e3c7697eba2', 'fc4d9246-5a0c-47d1-85de-3e3c7697eba2', 'c3d4dde7-6d2d-4474-9670-8ab12226c169', 'c3d4dde7-6d2d-4474-9670-8ab12226c169', 'c3d4dde7-6d2d-4474-9670-8ab12226c169', 'c3d4dde7-6d2d-4474-9670-8ab12226c169', '9fbc20b6-2a6e-4cce-97bb-9ec3831bc879', '18b9882d-6af5-43be-b2d7-e66ddc6b159f', '0ccd7d6c-a860-4b68-a628-e651f6b57afc', '3896a2d3-102e-43e8-a12c-8bd8fc3157ec', '481352eb-55a8-400c-8fb1-232e00e80a4a', 'f235fe8e-1f60-472c-94a0-931f8ddcc0c6', '00505dd1-fa1b-4016-9da9-64b1da921948', 'fe823259-4d7a-41ef-9ff5-ffaf7229981f', '78acdb74-02f5-4d1e-94be-de36556c87c5', '9aa1c8c3-3f19-4d21-9914-db1a4db3cdf1', '359e5e8d-46f4-47d0-bd0f-0861335a0825', '6121d0a6-9956-420d-a81e-cb6d0ff87c50', '092d3647-967e-425e-a2b1-6c09df5efcae', '17ec7b1a-0084-4cdb-867d-0b035a17a90a', 'f8601dee-fe02-47c1-ae29-2b1ab202a399', '8abb991f-e66c-4357-9d8a-40b78e6fefd3', '8fa42243-290f-4fb4-aa14-2d902d1c9a94', '95a40708-4dbf-4dd0-b093-e048db641305', 'b89151e6-9996-4b7a-9dba-2bbc2a8128f5', '86c80313-c1fe-46d0-bf57-37ce632f8643', '700cd916-d70a-4e69-b6e1-6146703f3840', '92bd856e-ec33-4f80-b54c-0ccc59507056']"
6b72c773-a292-491f-88c3-d9d8b19068a0,10,"['fc4d9246-5a0c-47d1-85de-3e3c7697eba2', 'fc4d9246-5a0c-47d1-85de-3e3c7697eba2', 'fc4d9246-5a0c-47d1-85de-3e3c7697eba2', 'fc4d9246-5a0c-47d1-85de-3e3c7697eba2', 'fc4d9246-5a0c-47d1-85de-3e3c7697eba2', 'fc4d9246-5a0c-47d1-85de-3e3c7697eba2', 'fc4d9246-5a0c-47d1-85de-3e3c7697eba2', 'fc4d9246-5a0c-47d1-85de-3e3c7697eba2', 'fc4d9246-5a0c-47d1-85de-3e3c7697eba2', 'fc4d9246-5a0c-47d1-85de-3e3c7697eba2', 'fc4d9246-5a0c-47d1-85de-3e3c7697eba2', 'fc4d9246-5a0c-47d1-85de-3e3c7697eba2', 'fc4d9246-5a0c-47d1-85de-3e3c7697eba2', 'fc4d9246-5a0c-47d1-85de-3e3c7697eba2', 'fc4d9246-5a0c-47d1-85de-3e3c7697eba2', 'fc4d9246-5a0c-47d1-85de-3e3c7697eba2', 'fc4d9246-5a0c-47d1-85de-3e3c7697eba2', 'fc4d9246-5a0c-47d1-85de-3e3c7697eba2', 'fc4d9246-5a0c-47d1-85de-3e3c7697eba2', 'fc4d9246-5a0c-47d1-85de-3e3c7697eba2', 'fc4d9246-5a0c-47d1-85de-3e3c7697eba2', 'fc4d9246-5a0c-47d1-85de-3e3c7697eba2', 'fc4d9246-5a0c-47d1-85de-3e3c7697eba2', 'fc4d9246-5a0c-47d1-85de-3e3c7697eba2', 'c3d4dde7-6d2d-4474-9670-8ab12226c169', 'c3d4dde7-6d2d-4474-9670-8ab12226c169', 'c3d4dde7-6d2d-4474-9670-8ab12226c169', 'c3d4dde7-6d2d-4474-9670-8ab12226c169', 'c3d4dde7-6d2d-4474-9670-8ab12226c169', 'c3d4dde7-6d2d-4474-9670-8ab12226c169', 'c3d4dde7-6d2d-4474-9670-8ab12226c169', 'c3d4dde7-6d2d-4474-9670-8ab12226c169', 'c3d4dde7-6d2d-4474-9670-8ab12226c169', 'c3d4dde7-6d2d-4474-9670-8ab12226c169', 'c3d4dde7-6d2d-4474-9670-8ab12226c169', 'c3d4dde7-6d2d-4474-9670-8ab12226c169', 'c3d4dde7-6d2d-4474-9670-8ab12226c169', 'c3d4dde7-6d2d-4474-9670-8ab12226c169', 'c3d4dde7-6d2d-4474-9670-8ab12226c169', 'c3d4dde7-6d2d-4474-9670-8ab12226c169', '9fbc20b6-2a6e-4cce-97bb-9ec3831bc879', '9fbc20b6-2a6e-4cce-97bb-9ec3831bc879', 'a64eb92a-17cd-4203-a48a-d5fceaaab44e', '7d0d2c89-150f-4580-84df-958c18508e07', '7bbfb412-110c-4593-8ec4-73712988284a', '7dabd84a-efd0-4604-b1a5-7ce2125f519e', '2fc3da09-3922-42df-8c6e-b4c3194871da', '78112540-aeec-4b02-a2d8-5afc3d328538', '16f2dd54-5efc-4281-bc85-ea31e342a1e6', '994a5dd9-087d-4fb1-8523-08daf6fee28e']"
6b72c773-a292-491f-88c3-d9d8b19068a0,11,"['fc4d9246-5a0c-47d1-85de-3e3c7697eba2', 'fc4d9246-5a0c-47d1-85de-3e3c7697eba2', 'fc4d9246-5a0c-47d1-85de-3e3c7697eba2', 'fc4d9246-5a0c-47d1-85de-3e3c7697eba2', 'fc4d9246-5a0c-47d1-85de-3e3c7697eba2', 'fc4d9246-5a0c-47d1-85de-3e3c7697eba2', 'fc4d9246-5a0c-47d1-85de-3e3c7697eba2', 'fc4d9246-5a0c-47d1-85de-3e3c7697eba2', 'fc4d9246-5a0c-47d1-85de-3e3c7697eba2', 'fc4d9246-5a0c-47d1-85de-3e3c7697eba2', 'fc4d9246-5a0c-47d1-85de-3e3c7697eba2', 'fc4d9246-5a0c-47d1-85de-3e3c7697eba2', 'fc4d9246-5a0c-47d1-85de-3e3c7697eba2', 'fc4d9246-5a0c-47d1-85de-3e3c7697eba2', 'fc4d9246-5a0c-47d1-85de-3e3c7697eba2', 'fc4d9246-5a0c-47d1-85de-3e3c7697eba2', 'fc4d9246-5a0c-47d1-85de-3e3c7697eba2', 'fc4d9246-5a0c-47d1-85de-3e3c7697eba2', 'c3d4dde7-6d2d-4474-9670-8ab12226c169', 'c3d4dde7-6d2d-4474-9670-8ab12226c169', 'c3d4dde7-6d2d-4474-9670-8ab12226c169', 'c3d4dde7-6d2d-4474-9670-8ab12226c169', 'c3d4dde7-6d2d-4474-9670-8ab12226c169', 'c3d4dde7-6d2d-4474-9670-8ab12226c169', 'c3d4dde7-6d2d-4474-9670-8ab12226c169', 'c3d4dde7-6d2d-4474-9670-8ab12226c169', 'c3d4dde7-6d2d-4474-9670-8ab12226c169', 'c3d4dde7-6d2d-4474-9670-8ab12226c169', 'c3d4dde7-6d2d-4474-9670-8ab12226c169', 'c3d4dde7-6d2d-4474-9670-8ab12226c169', '9fbc20b6-2a6e-4cce-97bb-9ec3831bc879', '9fbc20b6-2a6e-4cce-97bb-9ec3831bc879', 'a64eb92a-17cd-4203-a48a-d5fceaaab44e', '7d0d2c89-150f-4580-84df-958c18508e07', '7bbfb412-110c-4593-8ec4-73712988284a', '7dabd84a-efd0-4604-b1a5-7ce2125f519e', '2fc3da09-3922-42df-8c6e-b4c3194871da', '16f2dd54-5efc-4281-bc85-ea31e342a1e6', '994a5dd9-087d-4fb1-8523-08daf6fee28e', 'f46e5f41-cdfd-45b5-953c-53d3927cb66e', '6d2a1b61-1ef6-41af-b661-9d10debb2c97', '794617ca-853f-4235-84b1-6631ce1df65a', 'ad8f5713-bbc1-4cac-afd2-d3f6db03aabf', '83011b91-7a4f-45ed-bff9-2aecde9aa99d', '4500fc03-6b8b-4b3a-8b63-85114d468e69', 'd42bc74d-a6a9-4b28-a3a4-8fcb79848eb6', '38fd2abe-fe4b-4f81-bdbf-f3e161c9da7b', '0ff82d4b-421b-49cf-8727-012df8aeaa59', '70604757-c9c9-4116-bbee-6fbd063b3d02', '4c622bb4-f09c-4bb7-bac4-e03b1c3848be']"
6b72c773-a292-491f-88c3-d9d8b19068a0,12,"['fc4d9246-5a0c-47d1-85de-3e3c7697eba2', 'fc4d9246-5a0c-47d1-85de-3e3c7697eba2', 'fc4d9246-5a0c-47d1-85de-3e3c7697eba2', 'fc4d9246-5a0c-47d1-85de-3e3c7697eba2', 'fc4d9246-5a0c-47d1-85de-3e3c7697eba2', 'fc4d9246-5a0c-47d1-85de-3e3c7697eba2', 'fc4d9246-5a0c-47d1-85de-3e3c7697eba2', 'fc4d9246-5a0c-47d1-85de-3e3c7697eba2', 'c3d4dde7-6d2d-4474-9670-8ab12226c169', 'c3d4dde7-6d2d-4474-9670-8ab12226c169', 'c3d4dde7-6d2d-4474-9670-8ab12226c169', 'c3d4dde7-6d2d-4474-9670-8ab12226c169', 'c3d4dde7-6d2d-4474-9670-8ab12226c169', 'c3d4dde7-6d2d-4474-9670-8ab12226c169', 'c3d4dde7-6d2d-4474-9670-8ab12226c169', 'c3d4dde7-6d2d-4474-9670-8ab12226c169', 'c3d4dde7-6d2d-4474-9670-8ab12226c169', 'c3d4dde7-6d2d-4474-9670-8ab12226c169', 'c3d4dde7-6d2d-4474-9670-8ab12226c169', 'c3d4dde7-6d2d-4474-9670-8ab12226c169', 'c3d4dde7-6d2d-4474-9670-8ab12226c169', 'c3d4dde7-6d2d-4474-9670-8ab12226c169', 'c3d4dde7-6d2d-4474-9670-8ab12226c169', 'c3d4dde7-6d2d-4474-9670-8ab12226c169', 'c3d4dde7-6d2d-4474-9670-8ab12226c169', 'c3d4dde7-6d2d-4474-9670-8ab12226c169', 'c3d4dde7-6d2d-4474-9670-8ab12226c169', 'c3d4dde7-6d2d-4474-9670-8ab12226c169', 'c3d4dde7-6d2d-4474-9670-8ab12226c169', 'c3d4dde7-6d2d-4474-9670-8ab12226c169', 'c3d4dde7-6d2d-4474-9670-8ab12226c169', 'c3d4dde7-6d2d-4474-9670-8ab12226c169', 'c3d4dde7-6d2d-4474-9670-8ab12226c169', 'c3d4dde7-6d2d-4474-9670-8ab12226c169', 'c3d4dde7-6d2d-4474-9670-8ab12226c169', 'c3d4dde7-6d2d-4474-9670-8ab12226c169', 'c3d4dde7-6d2d-4474-9670-8ab12226c169', 'c3d4dde7-6d2d-4474-9670-8ab12226c169', 'c3d4dde7-6d2d-4474-9670-8ab12226c169', 'c3d4dde7-6d2d-4474-9670-8ab12226c169', '9fbc20b6-2a6e-4cce-97bb-9ec3831bc879', '9fbc20b6-2a6e-4cce-97bb-9ec3831bc879', 'df26c7a2-04e5-42ee-a354-9a58b7b4e7cb', '30f6172b-5260-4f53-9f2d-04ccede91411', 'e067aaa4-d5a8-4830-8a1d-0309e596898f', '737ad090-a829-4d8c-bf8f-1e1a705a08f7', '5a23816c-b1f3-4f3f-a32a-ccd74233e863', 'e0bc7952-0f69-46d4-ab08-51d827edd130', '1189ed7e-ea61-4235-a580-7ddc2e612e67', '3d9a9561-1d90-4cd0-86e5-44280ee50709']"
6b72c773-a292-491f-88c3-d9d8b19068a0,13,"['fc4d9246-5a0c-47d1-85de-3e3c7697eba2', 'fc4d9246-5a0c-47d1-85de-3e3c7697eba2', 'fc4d9246-5a0c-47d1-85de-3e3c7697eba2', 'fc4d9246-5a0c-47d1-85de-3e3c7697eba2', 'fc4d9246-5a0c-47d1-85de-3e3c7697eba2', 'c3d4dde7-6d2d-4474-9670-8ab12226c169', 'c3d4dde7-6d2d-4474-9670-8ab12226c169', 'c3d4dde7-6d2d-4474-9670-8ab12226c169', 'c3d4dde7-6d2d-4474-9670-8ab12226c169', 'c3d4dde7-6d2d-4474-9670-8ab12226c169', 'c3d4dde7-6d2d-4474-9670-8ab12226c169', 'c3d4dde7-6d2d-4474-9670-8ab12226c169', 'c3d4dde7-6d2d-4474-9670-8ab12226c169', 'c3d4dde7-6d2d-4474-9670-8ab12226c169', 'c3d4dde7-6d2d-4474-9670-8ab12226c169', 'c3d4dde7-6d2d-4474-9670-8ab12226c169', 'c3d4dde7-6d2d-4474-9670-8ab12226c169', 'c3d4dde7-6d2d-4474-9670-8ab12226c169', 'c3d4dde7-6d2d-4474-9670-8ab12226c169', 'c3d4dde7-6d2d-4474-9670-8ab12226c169', 'c3d4dde7-6d2d-4474-9670-8ab12226c169', 'c3d4dde7-6d2d-4474-9670-8ab12226c169', 'c3d4dde7-6d2d-4474-9670-8ab12226c169', 'c3d4dde7-6d2d-4474-9670-8ab12226c169', 'c3d4dde7-6d2d-4474-9670-8ab12226c169', 'c3d4dde7-6d2d-4474-9670-8ab12226c169', '9fbc20b6-2a6e-4cce-97bb-9ec3831bc879', '9fbc20b6-2a6e-4cce-97bb-9ec3831bc879', 'df26c7a2-04e5-42ee-a354-9a58b7b4e7cb', 'e067aaa4-d5a8-4830-8a1d-0309e596898f', '737ad090-a829-4d8c-bf8f-1e1a705a08f7', '5a23816c-b1f3-4f3f-a32a-ccd74233e863', 'e0bc7952-0f69-46d4-ab08-51d827edd130', '1189ed7e-ea61-4235-a580-7ddc2e612e67', '3d9a9561-1d90-4cd0-86e5-44280ee50709', '4f491c42-e0be-40a8-8397-e26674b2104b', '3a9b6572-d5be-46de-950e-2487dbf9e310', 'efe46a2f-a013-4d5d-8b68-2c2cb7e8f7c2', '0692b0ae-a864-499b-87e5-677183043d67', '671d8c58-501f-4d74-a4c5-ce9d83522e21', 'e2854e79-7bd1-4ce4-aa6d-87f42809c9b7', 'fb4e7e8f-e2dc-4cde-b1ef-e3666b745042', '0fc213d8-bf38-47cb-8472-214d72459512', '5b973710-cdce-41bf-979a-dbd218dedde3', 'ede47012-7501-4627-a785-1200a2c087b0', 'ee289be4-4fa6-4a3b-8b48-1d2e2000daf6', 'd3017e3f-e8f7-4fca-bd7a-db6cf2b7d035', '3b7f1e5b-3ff2-4f1c-8a0f-6aabc5594cb0', '220cd001-3038-4947-acbb-f54108490803', '09a3cfac-b9f0-431c-b37b-cf2f2e22fc5f']"
6b72c773-a292-491f-88c3-d9d8b19068a0,14,"['fc4d9246-5a0c-47d1-85de-3e3c7697eba2', 'fc4d9246-5a0c-47d1-85de-3e3c7697eba2', 'fc4d9246-5a0c-47d1-85de-3e3c7697eba2', 'c3d4dde7-6d2d-4474-9670-8ab12226c169', 'c3d4dde7-6d2d-4474-9670-8ab12226c169', 'c3d4dde7-6d2d-4474-9670-8ab12226c169', 'c3d4dde7-6d2d-4474-9670-8ab12226c169', 'c3d4dde7-6d2d-4474-9670-8ab12226c169', 'c3d4dde7-6d2d-4474-9670-8ab12226c169', 'c3d4dde7-6d2d-4474-9670-8ab12226c169', 'c3d4dde7-6d2d-4474-9670-8ab12226c169', 'c3d4dde7-6d2d-4474-9670-8ab12226c169', 'c3d4dde7-6d2d-4474-9670-8ab12226c169', 'c3d4dde7-6d2d-4474-9670-8ab12226c169', 'c3d4dde7-6d2d-4474-9670-8ab12226c169', 'c3d4dde7-6d2d-4474-9670-8ab12226c169', 'c3d4dde7-6d2d-4474-9670-8ab12226c169', 'c3d4dde7-6d2d-4474-9670-8ab12226c169', 'c3d4dde7-6d2d-4474-9670-8ab12226c169', 'c3d4dde7-6d2d-4474-9670-8ab12226c169', 'c3d4dde7-6d2d-4474-9670-8ab12226c169', 'c3d4dde7-6d2d-4474-9670-8ab12226c169', 'c3d4dde7-6d2d-4474-9670-8ab12226c169', 'c3d4dde7-6d2d-4474-9670-8ab12226c169', 'c3d4dde7-6d2d-4474-9670-8ab12226c169', 'c3d4dde7-6d2d-4474-9670-8ab12226c169', 'c3d4dde7-6d2d-4474-9670-8ab12226c169', 'c3d4dde7-6d2d-4474-9670-8ab12226c169', 'c3d4dde7-6d2d-4474-9670-8ab12226c169', 'c3d4dde7-6d2d-4474-9670-8ab12226c169', 'c3d4dde7-6d2d-4474-9670-8ab12226c169', 'c3d4dde7-6d2d-4474-9670-8ab12226c169', '9fbc20b6-2a6e-4cce-97bb-9ec3831bc879', '9fbc20b6-2a6e-4cce-97bb-9ec3831bc879', '9dd4efcb-b816-4039-a17e-f215f7aabf3c', 'f7d49731-7eb3-4634-9b2d-7c5266bb986e', '3b3a30e8-d584-48d9-9282-9da1344546e8', '73301f48-45a4-4088-9213-469b77b87e6e', '2def4425-d01e-427a-b013-41225c388de3', 'aae31b52-cab6-430e-ba22-80a9b4705b32', '937278b5-7523-4d5d-9f5f-924e16699ce9', 'c5e5ada0-ef8f-41c3-8e73-23567e2c70af', 'f515a2c4-3da7-4e77-b11c-d305bdb24495', 'a3370d20-3080-4789-92e5-b950acf4ed27', 'b4d74c5e-7311-4966-a70f-e68ba966626e', 'bb23dd2a-9a2e-4704-8340-260b7d6933d4', 'b0115fd1-7a8b-4c74-b780-94bb3783c0e2', 'f77515cf-7a8d-4dbb-9261-1d5c2bb5568e', 'b3982b37-467e-493b-bc06-bf956e95e59e', '6efe12ef-821a-46f4-93f3-e2332b493af7']"
6b72c773-a292-491f-88c3-d9d8b19068a0,15,"['fc4d9246-5a0c-47d1-85de-3e3c7697eba2', 'fc4d9246-5a0c-47d1-85de-3e3c7697eba2', 'fc4d9246-5a0c-47d1-85de-3e3c7697eba2', 'c3d4dde7-6d2d-4474-9670-8ab12226c169', 'c3d4dde7-6d2d-4474-9670-8ab12226c169', 'c3d4dde7-6d2d-4474-9670-8ab12226c169', 'c3d4dde7-6d2d-4474-9670-8ab12226c169', 'c3d4dde7-6d2d-4474-9670-8ab12226c169', 'c3d4dde7-6d2d-4474-9670-8ab12226c169', 'c3d4dde7-6d2d-4474-9670-8ab12226c169', 'c3d4dde7-6d2d-4474-9670-8ab12226c169', 'c3d4dde7-6d2d-4474-9670-8ab12226c169', 'c3d4dde7-6d2d-4474-9670-8ab12226c169', 'c3d4dde7-6d2d-4474-9670-8ab12226c169', 'c3d4dde7-6d2d-4474-9670-8ab12226c169', 'c3d4dde7-6d2d-4474-9670-8ab12226c169', 'c3d4dde7-6d2d-4474-9670-8ab12226c169', 'c3d4dde7-6d2d-4474-9670-8ab12226c169', 'c3d4dde7-6d2d-4474-9670-8ab12226c169', 'c3d4dde7-6d2d-4474-9670-8ab12226c169', 'c3d4dde7-6d2d-4474-9670-8ab12226c169', 'c3d4dde7-6d2d-4474-9670-8ab12226c169', 'c3d4dde7-6d2d-4474-9670-8ab12226c169', 'c3d4dde7-6d2d-4474-9670-8ab12226c169', 'c3d4dde7-6d2d-4474-9670-8ab12226c169', 'c3d4dde7-6d2d-4474-9670-8ab12226c169', 'c3d4dde7-6d2d-4474-9670-8ab12226c169', 'c3d4dde7-6d2d-4474-9670-8ab12226c169', '9fbc20b6-2a6e-4cce-97bb-9ec3831bc879', '3b3a30e8-d584-48d9-9282-9da1344546e8', '73301f48-45a4-4088-9213-469b77b87e6e', '2def4425-d01e-427a-b013-41225c388de3', '937278b5-7523-4d5d-9f5f-924e16699ce9', 'c5e5ada0-ef8f-41c3-8e73-23567e2c70af', 'f515a2c4-3da7-4e77-b11c-d305bdb24495', 'a3370d20-3080-4789-92e5-b950acf4ed27', 'bb23dd2a-9a2e-4704-8340-260b7d6933d4', 'b0115fd1-7a8b-4c74-b780-94bb3783c0e2', 'f77515cf-7a8d-4dbb-9261-1d5c2bb5568e', 'b3982b37-467e-493b-bc06-bf956e95e59e', '6efe12ef-821a-46f4-93f3-e2332b493af7', 'f9644c78-0c01-4299-8acf-b319a018f0ae', 'ebefa445-28dd-4527-ab2c-c333f81837f5', '3083fca5-ceae-4f47-bf61-436c0cb165d4', '9df52436-b28a-4513-8bed-53665eba32d0', '07b38e37-b494-40c6-aee7-7e5c0a7dd3bf', 'e708efb3-c2b7-4ec4-bf11-310b8c5afe43', 'fe89a27f-61d8-4ae8-832b-77fa317db7ec', 'fc356b2b-c0ad-4a77-8f32-7ffed93f5237', 'becb61a0-e59b-42a5-abb0-ad61330bbe42']"
4f17fb72-0e35-4ed9-9684-b77401d36254,0,"['f8dedb16-6152-4266-823c-ef50022ff9f8', 'f8dedb16-6152-4266-823c-ef50022ff9f8', 'f8dedb16-6152-4266-823c-ef50022ff9f8', 'f8dedb16-6152-4266-823c-ef50022ff9f8', 'f8dedb16-6152-4266-823c-ef50022ff9f8', 'f8dedb16-6152-4266-823c-ef50022ff9f8', 'f8dedb16-6152-4266-823c-ef50022ff9f8', 'f8dedb16-6152-4266-823c-ef50022ff9f8', 'f8dedb16-6152-4266-823c-ef50022ff9f8', 'f8dedb16-6152-4266-823c-ef50022ff9f8', 'f8dedb16-6152-4266-823c-ef50022ff9f8', 'f8dedb16-6152-4266-823c-ef50022ff9f8', 'f8dedb16-6152-4266-823c-ef50022ff9f8', 'f8dedb16-6152-4266-823c-ef50022ff9f8', 'f8dedb16-6152-4266-823c-ef50022ff9f8', 'f8dedb16-6152-4266-823c-ef50022ff9f8', 'f8dedb16-6152-4266-823c-ef50022ff9f8', 'f8dedb16-6152-4266-823c-ef50022ff9f8', 'f8dedb16-6152-4266-823c-ef50022ff9f8', 'f8dedb16-6152-4266-823c-ef50022ff9f8', 'f8dedb16-6152-4266-823c-ef50022ff9f8', 'f8dedb16-6152-4266-823c-ef50022ff9f8', 'f8dedb16-6152-4266-823c-ef50022ff9f8', 'f8dedb16-6152-4266-823c-ef50022ff9f8', 'f8dedb16-6152-4266-823c-ef50022ff9f8', 'f8dedb16-6152-4266-823c-ef50022ff9f8', 'f8dedb16-6152-4266-823c-ef50022ff9f8', 'f8dedb16-6152-4266-823c-ef50022ff9f8', 'f8dedb16-6152-4266-823c-ef50022ff9f8', 'f8dedb16-6152-4266-823c-ef50022ff9f8', 'f8dedb16-6152-4266-823c-ef50022ff9f8', 'f8dedb16-6152-4266-823c-ef50022ff9f8', 'f8dedb16-6152-4266-823c-ef50022ff9f8', 'f8dedb16-6152-4266-823c-ef50022ff9f8', 'f8dedb16-6152-4266-823c-ef50022ff9f8', 'f8dedb16-6152-4266-823c-ef50022ff9f8', 'f8dedb16-6152-4266-823c-ef50022ff9f8', 'f8dedb16-6152-4266-823c-ef50022ff9f8', 'f8dedb16-6152-4266-823c-ef50022ff9f8', 'f8dedb16-6152-4266-823c-ef50022ff9f8', 'f8dedb16-6152-4266-823c-ef50022ff9f8', 'f8dedb16-6152-4266-823c-ef50022ff9f8', 'f8dedb16-6152-4266-823c-ef50022ff9f8', 'f8dedb16-6152-4266-823c-ef50022ff9f8', 'f8dedb16-6152-4266-823c-ef50022ff9f8', 'f8dedb16-6152-4266-823c-ef50022ff9f8', 'f8dedb16-6152-4266-823c-ef50022ff9f8', 'f8dedb16-6152-4266-823c-ef50022ff9f8', 'f8dedb16-6152-4266-823c-ef50022ff9f8', 'f8dedb16-6152-4266-823c-ef50022ff9f8']"
f28a339b-4a31-4e08-87b1-af2e4040bad0,0,"['72ba5fc7-8ac0-4708-8656-66622602bc05', '72ba5fc7-8ac0-4708-8656-66622602bc05', '72ba5fc7-8ac0-4708-8656-66622602bc05', '72ba5fc7-8ac0-4708-8656-66622602bc05', '72ba5fc7-8ac0-4708-8656-66622602bc05', '72ba5fc7-8ac0-4708-8656-66622602bc05', '72ba5fc7-8ac0-4708-8656-66622602bc05', '72ba5fc7-8ac0-4708-8656-66622602bc05', '72ba5fc7-8ac0-4708-8656-66622602bc05', '72ba5fc7-8ac0-4708-8656-66622602bc05', '72ba5fc7-8ac0-4708-8656-66622602bc05', '72ba5fc7-8ac0-4708-8656-66622602bc05', '72ba5fc7-8ac0-4708-8656-66622602bc05', '72ba5fc7-8ac0-4708-8656-66622602bc05', '72ba5fc7-8ac0-4708-8656-66622602bc05', '72ba5fc7-8ac0-4708-8656-66622602bc05', '72ba5fc7-8ac0-4708-8656-66622602bc05', '72ba5fc7-8ac0-4708-8656-66622602bc05', '72ba5fc7-8ac0-4708-8656-66622602bc05', '72ba5fc7-8ac0-4708-8656-66622602bc05', '72ba5fc7-8ac0-4708-8656-66622602bc05', '72ba5fc7-8ac0-4708-8656-66622602bc05', '72ba5fc7-8ac0-4708-8656-66622602bc05', '72ba5fc7-8ac0-4708-8656-66622602bc05', '72ba5fc7-8ac0-4708-8656-66622602bc05', '72ba5fc7-8ac0-4708-8656-66622602bc05', '72ba5fc7-8ac0-4708-8656-66622602bc05', '72ba5fc7-8ac0-4708-8656-66622602bc05', '72ba5fc7-8ac0-4708-8656-66622602bc05', '72ba5fc7-8ac0-4708-8656-66622602bc05', '72ba5fc7-8ac0-4708-8656-66622602bc05', '72ba5fc7-8ac0-4708-8656-66622602bc05', '72ba5fc7-8ac0-4708-8656-66622602bc05', '72ba5fc7-8ac0-4708-8656-66622602bc05', '72ba5fc7-8ac0-4708-8656-66622602bc05', '72ba5fc7-8ac0-4708-8656-66622602bc05', '72ba5fc7-8ac0-4708-8656-66622602bc05', '72ba5fc7-8ac0-4708-8656-66622602bc05', '72ba5fc7-8ac0-4708-8656-66622602bc05', '72ba5fc7-8ac0-4708-8656-66622602bc05', '72ba5fc7-8ac0-4708-8656-66622602bc05', '72ba5fc7-8ac0-4708-8656-66622602bc05', '72ba5fc7-8ac0-4708-8656-66622602bc05', '72ba5fc7-8ac0-4708-8656-66622602bc05', '72ba5fc7-8ac0-4708-8656-66622602bc05', '72ba5fc7-8ac0-4708-8656-66622602bc05', '72ba5fc7-8ac0-4708-8656-66622602bc05', '72ba5fc7-8ac0-4708-8656-66622602bc05', '72ba5fc7-8ac0-4708-8656-66622602bc05', '72ba5fc7-8ac0-4708-8656-66622602bc05']"
4f17fb72-0e35-4ed9-9684-b77401d36254,1,"['f8dedb16-6152-4266-823c-ef50022ff9f8', 'f8dedb16-6152-4266-823c-ef50022ff9f8', 'f8dedb16-6152-4266-823c-ef50022ff9f8', 'f8dedb16-6152-4266-823c-ef50022ff9f8', 'f8dedb16-6152-4266-823c-ef50022ff9f8', 'f8dedb16-6152-4266-823c-ef50022ff9f8', 'f8dedb16-6152-4266-823c-ef50022ff9f8', 'f8dedb16-6152-4266-823c-ef50022ff9f8', 'f8dedb16-6152-4266-823c-ef50022ff9f8', 'f8dedb16-6152-4266-823c-ef50022ff9f8', 'f8dedb16-6152-4266-823c-ef50022ff9f8', 'f8dedb16-6152-4266-823c-ef50022ff9f8', 'f8dedb16-6152-4266-823c-ef50022ff9f8', 'f8dedb16-6152-4266-823c-ef50022ff9f8', 'f8dedb16-6152-4266-823c-ef50022ff9f8', 'f8dedb16-6152-4266-823c-ef50022ff9f8', 'f8dedb16-6152-4266-823c-ef50022ff9f8', 'f8dedb16-6152-4266-823c-ef50022ff9f8', 'f8dedb16-6152-4266-823c-ef50022ff9f8', 'f8dedb16-6152-4266-823c-ef50022ff9f8', 'f8dedb16-6152-4266-823c-ef50022ff9f8', 'f8dedb16-6152-4266-823c-ef50022ff9f8', 'f8dedb16-6152-4266-823c-ef50022ff9f8', 'f8dedb16-6152-4266-823c-ef50022ff9f8', 'f8dedb16-6152-4266-823c-ef50022ff9f8', 'f8dedb16-6152-4266-823c-ef50022ff9f8', 'f8dedb16-6152-4266-823c-ef50022ff9f8', 'f8dedb16-6152-4266-823c-ef50022ff9f8', 'f8dedb16-6152-4266-823c-ef50022ff9f8', 'f8dedb16-6152-4266-823c-ef50022ff9f8', 'f8dedb16-6152-4266-823c-ef50022ff9f8', 'f8dedb16-6152-4266-823c-ef50022ff9f8', 'f8dedb16-6152-4266-823c-ef50022ff9f8', 'f8dedb16-6152-4266-823c-ef50022ff9f8', 'f8dedb16-6152-4266-823c-ef50022ff9f8', 'f8dedb16-6152-4266-823c-ef50022ff9f8', 'f8dedb16-6152-4266-823c-ef50022ff9f8', 'f8dedb16-6152-4266-823c-ef50022ff9f8', 'f8dedb16-6152-4266-823c-ef50022ff9f8', 'f8dedb16-6152-4266-823c-ef50022ff9f8', 'f8dedb16-6152-4266-823c-ef50022ff9f8', '336acbe3-1466-4c1a-aab1-dd49c07c0893', '9f9bacd1-c760-47cd-b3a7-4c99f9176351', '9d80033c-2b72-4399-8d78-d6d912f63474', 'ef381923-128d-440b-a6ec-fdf5652d45ec', 'fb24435e-d2e6-4e97-aa21-fbaa03c6f5b0', 'bbf1a536-7817-4141-add6-7463a39e3a56', '380f5241-db41-4ad8-a909-37a90ab884d7', '976675e0-4508-4113-9dfd-34050a0f8917', '39282747-bf66-4ff9-ad9f-d1dec0cc7c01']"
f28a339b-4a31-4e08-87b1-af2e4040bad0,1,"['72ba5fc7-8ac0-4708-8656-66622602bc05', '72ba5fc7-8ac0-4708-8656-66622602bc05', '72ba5fc7-8ac0-4708-8656-66622602bc05', '72ba5fc7-8ac0-4708-8656-66622602bc05', '72ba5fc7-8ac0-4708-8656-66622602bc05', '72ba5fc7-8ac0-4708-8656-66622602bc05', '72ba5fc7-8ac0-4708-8656-66622602bc05', '72ba5fc7-8ac0-4708-8656-66622602bc05', '72ba5fc7-8ac0-4708-8656-66622602bc05', '72ba5fc7-8ac0-4708-8656-66622602bc05', '72ba5fc7-8ac0-4708-8656-66622602bc05', '72ba5fc7-8ac0-4708-8656-66622602bc05', '72ba5fc7-8ac0-4708-8656-66622602bc05', '72ba5fc7-8ac0-4708-8656-66622602bc05', '72ba5fc7-8ac0-4708-8656-66622602bc05', '72ba5fc7-8ac0-4708-8656-66622602bc05', '72ba5fc7-8ac0-4708-8656-66622602bc05', '72ba5fc7-8ac0-4708-8656-66622602bc05', '72ba5fc7-8ac0-4708-8656-66622602bc05', '72ba5fc7-8ac0-4708-8656-66622602bc05', '72ba5fc7-8ac0-4708-8656-66622602bc05', '72ba5fc7-8ac0-4708-8656-66622602bc05', '72ba5fc7-8ac0-4708-8656-66622602bc05', '72ba5fc7-8ac0-4708-8656-66622602bc05', '72ba5fc7-8ac0-4708-8656-66622602bc05', '72ba5fc7-8ac0-4708-8656-66622602bc05', '72ba5fc7-8ac0-4708-8656-66622602bc05', '72ba5fc7-8ac0-4708-8656-66622602bc05', '72ba5fc7-8ac0-4708-8656-66622602bc05', '72ba5fc7-8ac0-4708-8656-66622602bc05', '72ba5fc7-8ac0-4708-8656-66622602bc05', '72ba5fc7-8ac0-4708-8656-66622602bc05', '72ba5fc7-8ac0-4708-8656-66622602bc05', '72ba5fc7-8ac0-4708-8656-66622602bc05', '72ba5fc7-8ac0-4708-8656-66622602bc05', '72ba5fc7-8ac0-4708-8656-66622602bc05', '72ba5fc7-8ac0-4708-8656-66622602bc05', '72ba5fc7-8ac0-4708-8656-66622602bc05', '36860174-ccf0-4149-8375-e49376cdc626', '077db41b-325b-459f-a913-1fd49abe94d4', 'f584a0e5-7c2a-40da-8fbc-964354b5611e', 'd5496c6a-68f7-40c8-a561-dcd720fac890', '2d8dc089-1103-43cd-aa72-ffaf592710c4', '5928ac2f-47cb-4815-84f8-bea832634a99', 'c0cb0dd2-1781-49a0-9eb7-08f7f2ca7d83', '0cc25945-b263-4ccd-b3e3-305616856e18', 'fc661a3f-db67-467a-babf-4d7524a2555d', 'a60a0ed0-510e-4879-b823-6161d74483d3', '7a38d61a-64ca-4f69-a0b7-dbb1c1e6a3d6', 'b52c5210-3921-418e-a72a-defff72c4783']"
4f17fb72-0e35-4ed9-9684-b77401d36254,2,"['ef381923-128d-440b-a6ec-fdf5652d45ec', 'ef381923-128d-440b-a6ec-fdf5652d45ec', 'ef381923-128d-440b-a6ec-fdf5652d45ec', 'ef381923-128d-440b-a6ec-fdf5652d45ec', 'ef381923-128d-440b-a6ec-fdf5652d45ec', 'ef381923-128d-440b-a6ec-fdf5652d45ec', 'ef381923-128d-440b-a6ec-fdf5652d45ec', 'ef381923-128d-440b-a6ec-fdf5652d45ec', 'ef381923-128d-440b-a6ec-fdf5652d45ec', 'ef381923-128d-440b-a6ec-fdf5652d45ec', 'ef381923-128d-440b-a6ec-fdf5652d45ec', 'ef381923-128d-440b-a6ec-fdf5652d45ec', 'ef381923-128d-440b-a6ec-fdf5652d45ec', 'ef381923-128d-440b-a6ec-fdf5652d45ec', 'ef381923-128d-440b-a6ec-fdf5652d45ec', 'ef381923-128d-440b-a6ec-fdf5652d45ec', 'ef381923-128d-440b-a6ec-fdf5652d45ec', 'ef381923-128d-440b-a6ec-fdf5652d45ec', 'ef381923-128d-440b-a6ec-fdf5652d45ec', 'ef381923-128d-440b-a6ec-fdf5652d45ec', 'ef381923-128d-440b-a6ec-fdf5652d45ec', 'ef381923-128d-440b-a6ec-fdf5652d45ec', 'ef381923-128d-440b-a6ec-fdf5652d45ec', 'ef381923-128d-440b-a6ec-fdf5652d45ec', 'ef381923-128d-440b-a6ec-fdf5652d45ec', 'ef381923-128d-440b-a6ec-fdf5652d45ec', 'ef381923-128d-440b-a6ec-fdf5652d45ec', 'ef381923-128d-440b-a6ec-fdf5652d45ec', 'ef381923-128d-440b-a6ec-fdf5652d45ec', 'ef381923-128d-440b-a6ec-fdf5652d45ec', 'ef381923-128d-440b-a6ec-fdf5652d45ec', 'ef381923-128d-440b-a6ec-fdf5652d45ec', 'ef381923-128d-440b-a6ec-fdf5652d45ec', 'ef381923-128d-440b-a6ec-fdf5652d45ec', 'ef381923-128d-440b-a6ec-fdf5652d45ec', 'ef381923-128d-440b-a6ec-fdf5652d45ec', 'ef381923-128d-440b-a6ec-fdf5652d45ec', 'ef381923-128d-440b-a6ec-fdf5652d45ec', '21610aeb-0de8-478b-a43d-e404bc865706', '8675d47f-c32e-4db3-a15c-ac9b5d4a3abf', '8f691167-51ae-4c50-92fd-4d95740712d0', '0c248bfd-09f5-4ae6-bceb-120cfc020cb1', 'c04f6745-8f98-4eb3-800a-c27c7decf978', '3921cea1-130b-47fb-83cf-ecd84f27f9d1', '39f8ef3b-bc57-48b0-8fad-3b8d4a64075c', '14947574-2728-48ab-8ba9-e80c7a37c68d', '97757730-099a-4055-96fb-9c2884e9e750', '9cdf3774-3ab4-46fa-87db-afc86691d397', '6dbad5e3-e762-43e2-8640-e7acfa8c382f', '03d87c79-c0bb-41af-bb37-6332a8b9c2b5']"
f28a339b-4a31-4e08-87b1-af2e4040bad0,2,"['72ba5fc7-8ac0-4708-8656-66622602bc05', '72ba5fc7-8ac0-4708-8656-66622602bc05', '72ba5fc7-8ac0-4708-8656-66622602bc05', '72ba5fc7-8ac0-4708-8656-66622602bc05', '72ba5fc7-8ac0-4708-8656-66622602bc05', '72ba5fc7-8ac0-4708-8656-66622602bc05', '72ba5fc7-8ac0-4708-8656-66622602bc05', '72ba5fc7-8ac0-4708-8656-66622602bc05', '72ba5fc7-8ac0-4708-8656-66622602bc05', '72ba5fc7-8ac0-4708-8656-66622602bc05', '72ba5fc7-8ac0-4708-8656-66622602bc05', '72ba5fc7-8ac0-4708-8656-66622602bc05', '72ba5fc7-8ac0-4708-8656-66622602bc05', '72ba5fc7-8ac0-4708-8656-66622602bc05', '72ba5fc7-8ac0-4708-8656-66622602bc05', '72ba5fc7-8ac0-4708-8656-66622602bc05', '72ba5fc7-8ac0-4708-8656-66622602bc05', '72ba5fc7-8ac0-4708-8656-66622602bc05', '72ba5fc7-8ac0-4708-8656-66622602bc05', '72ba5fc7-8ac0-4708-8656-66622602bc05', '72ba5fc7-8ac0-4708-8656-66622602bc05', '72ba5fc7-8ac0-4708-8656-66622602bc05', '72ba5fc7-8ac0-4708-8656-66622602bc05', '72ba5fc7-8ac0-4708-8656-66622602bc05', '72ba5fc7-8ac0-4708-8656-66622602bc05', '72ba5fc7-8ac0-4708-8656-66622602bc05', '72ba5fc7-8ac0-4708-8656-66622602bc05', '72ba5fc7-8ac0-4708-8656-66622602bc05', '72ba5fc7-8ac0-4708-8656-66622602bc05', '077db41b-325b-459f-a913-1fd49abe94d4', 'f584a0e5-7c2a-40da-8fbc-964354b5611e', '2d8dc089-1103-43cd-aa72-ffaf592710c4', '5928ac2f-47cb-4815-84f8-bea832634a99', '0cc25945-b263-4ccd-b3e3-305616856e18', 'fc661a3f-db67-467a-babf-4d7524a2555d', '7a38d61a-64ca-4f69-a0b7-dbb1c1e6a3d6', 'b52c5210-3921-418e-a72a-defff72c4783', '1f89ef28-a053-4598-8610-5db25d6f4e36', 'd73cd9af-89be-49d4-bbb3-d4f3b469a93e', '900f0559-b979-4f3f-b31e-13a87ca37ce4', '2fcb7e61-83bf-46f4-9f01-c9950886ab97', 'c0571469-519b-4047-b8ad-63f900c43cd0', '0502ebd2-ae61-4d57-a22b-9cd0ea9cf740', 'bc3924ab-c591-4f41-af4e-bb7ff88fa872', '6128bf79-d1a3-433a-9501-bb02ea611996', 'bbadb1e9-5775-4ec3-a5a5-e618667de47b', '9b4f66f7-9d91-4935-a12f-c19e039ecd62', '103affe8-4510-4f30-bae7-9099cdd5951f', 'ce740d86-8707-49df-976d-1b9bf22747bc', 'b884efa7-9662-4e3f-8394-159ec22f1157']"
4f17fb72-0e35-4ed9-9684-b77401d36254,3,"['ef381923-128d-440b-a6ec-fdf5652d45ec', 'ef381923-128d-440b-a6ec-fdf5652d45ec', 'ef381923-128d-440b-a6ec-fdf5652d45ec', 'ef381923-128d-440b-a6ec-fdf5652d45ec', 'ef381923-128d-440b-a6ec-fdf5652d45ec', 'ef381923-128d-440b-a6ec-fdf5652d45ec', 'ef381923-128d-440b-a6ec-fdf5652d45ec', 'ef381923-128d-440b-a6ec-fdf5652d45ec', 'ef381923-128d-440b-a6ec-fdf5652d45ec', 'ef381923-128d-440b-a6ec-fdf5652d45ec', 'ef381923-128d-440b-a6ec-fdf5652d45ec', 'ef381923-128d-440b-a6ec-fdf5652d45ec', 'ef381923-128d-440b-a6ec-fdf5652d45ec', 'ef381923-128d-440b-a6ec-fdf5652d45ec', 'ef381923-128d-440b-a6ec-fdf5652d45ec', 'ef381923-128d-440b-a6ec-fdf5652d45ec', 'ef381923-128d-440b-a6ec-fdf5652d45ec', 'ef381923-128d-440b-a6ec-fdf5652d45ec', 'ef381923-128d-440b-a6ec-fdf5652d45ec', 'ef381923-128d-440b-a6ec-fdf5652d45ec', 'ef381923-128d-440b-a6ec-fdf5652d45ec', 'ef381923-128d-440b-a6ec-fdf5652d45ec', 'ef381923-128d-440b-a6ec-fdf5652d45ec', 'ef381923-128d-440b-a6ec-fdf5652d45ec', 'ef381923-128d-440b-a6ec-fdf5652d45ec', 'ef381923-128d-440b-a6ec-fdf5652d45ec', 'ef381923-128d-440b-a6ec-fdf5652d45ec', 'ef381923-128d-440b-a6ec-fdf5652d45ec', 'ef381923-128d-440b-a6ec-fdf5652d45ec', 'ef381923-128d-440b-a6ec-fdf5652d45ec', 'ef381923-128d-440b-a6ec-fdf5652d45ec', '21610aeb-0de8-478b-a43d-e404bc865706', '8675d47f-c32e-4db3-a15c-ac9b5d4a3abf', '8f691167-51ae-4c50-92fd-4d95740712d0', '0c248bfd-09f5-4ae6-bceb-120cfc020cb1', 'c04f6745-8f98-4eb3-800a-c27c7decf978', '3921cea1-130b-47fb-83cf-ecd84f27f9d1', '39f8ef3b-bc57-48b0-8fad-3b8d4a64075c', '14947574-2728-48ab-8ba9-e80c7a37c68d', '97757730-099a-4055-96fb-9c2884e9e750', '9cdf3774-3ab4-46fa-87db-afc86691d397', '6dbad5e3-e762-43e2-8640-e7acfa8c382f', '03d87c79-c0bb-41af-bb37-6332a8b9c2b5', '069ddfeb-ebe3-4583-90d5-852cec0c3001', 'fcf7adcc-6306-4f05-bf75-afc73c73fd94', 'bab1591e-fb4f-4d0f-b05f-9c9a2b730a79', 'b11d50b7-fce0-470b-9616-356161b84831', '3fa16626-4202-4e68-9fd2-d18c88cd0232', 'b0d67920-f959-494f-bd4e-4bf10567c432', '172424dc-ad5a-41dd-8b62-ef4085f19d40']"
f28a339b-4a31-4e08-87b1-af2e4040bad0,3,"['72ba5fc7-8ac0-4708-8656-66622602bc05', '72ba5fc7-8ac0-4708-8656-66622602bc05', '72ba5fc7-8ac0-4708-8656-66622602bc05', '72ba5fc7-8ac0-4708-8656-66622602bc05', '72ba5fc7-8ac0-4708-8656-66622602bc05', '72ba5fc7-8ac0-4708-8656-66622602bc05', '72ba5fc7-8ac0-4708-8656-66622602bc05', '72ba5fc7-8ac0-4708-8656-66622602bc05', '72ba5fc7-8ac0-4708-8656-66622602bc05', '72ba5fc7-8ac0-4708-8656-66622602bc05', '72ba5fc7-8ac0-4708-8656-66622602bc05', '72ba5fc7-8ac0-4708-8656-66622602bc05', '72ba5fc7-8ac0-4708-8656-66622602bc05', '72ba5fc7-8ac0-4708-8656-66622602bc05', '72ba5fc7-8ac0-4708-8656-66622602bc05', '72ba5fc7-8ac0-4708-8656-66622602bc05', '72ba5fc7-8ac0-4708-8656-66622602bc05', '72ba5fc7-8ac0-4708-8656-66622602bc05', '72ba5fc7-8ac0-4708-8656-66622602bc05', '72ba5fc7-8ac0-4708-8656-66622602bc05', '72ba5fc7-8ac0-4708-8656-66622602bc05', '7a38d61a-64ca-4f69-a0b7-dbb1c1e6a3d6', '1f89ef28-a053-4598-8610-5db25d6f4e36', '1f89ef28-a053-4598-8610-5db25d6f4e36', '1f89ef28-a053-4598-8610-5db25d6f4e36', '1f89ef28-a053-4598-8610-5db25d6f4e36', '1f89ef28-a053-4598-8610-5db25d6f4e36', '1f89ef28-a053-4598-8610-5db25d6f4e36', '1f89ef28-a053-4598-8610-5db25d6f4e36', '1f89ef28-a053-4598-8610-5db25d6f4e36', '1f89ef28-a053-4598-8610-5db25d6f4e36', '1f89ef28-a053-4598-8610-5db25d6f4e36', '1f89ef28-a053-4598-8610-5db25d6f4e36', '1f89ef28-a053-4598-8610-5db25d6f4e36', '1f89ef28-a053-4598-8610-5db25d6f4e36', '1f89ef28-a053-4598-8610-5db25d6f4e36', '1f89ef28-a053-4598-8610-5db25d6f4e36', '1f89ef28-a053-4598-8610-5db25d6f4e36', '1f89ef28-a053-4598-8610-5db25d6f4e36', '39565c6a-7101-4d31-8458-d471566b8827', 'b14cf369-36b1-4d16-8db7-182dbf305476', '782e671d-6127-43c9-8517-48be37031631', '93bdaa64-b6f7-4034-9565-97521b163696', '3439c249-180d-428d-b23f-0daa229b2a7e', '111c9578-6fdf-479f-9ae3-106daf4ebae5', 'e4108e6e-512a-466b-8edd-ffee1ee9afe4', 'fed90917-f35a-40ca-9b2b-0ae64d70df36', '7031acc7-3590-48ad-b48f-76bb0f3aa667', '74318e29-697f-4350-be20-0787e9e8e535', 'a8c39134-373d-4b77-9ee0-aefbe8844f53']"
4f17fb72-0e35-4ed9-9684-b77401d36254,4,"['ef381923-128d-440b-a6ec-fdf5652d45ec', 'ef381923-128d-440b-a6ec-fdf5652d45ec', 'ef381923-128d-440b-a6ec-fdf5652d45ec', 'ef381923-128d-440b-a6ec-fdf5652d45ec', 'ef381923-128d-440b-a6ec-fdf5652d45ec', 'ef381923-128d-440b-a6ec-fdf5652d45ec', 'ef381923-128d-440b-a6ec-fdf5652d45ec', 'ef381923-128d-440b-a6ec-fdf5652d45ec', 'ef381923-128d-440b-a6ec-fdf5652d45ec', 'ef381923-128d-440b-a6ec-fdf5652d45ec', 'ef381923-128d-440b-a6ec-fdf5652d45ec', 'ef381923-128d-440b-a6ec-fdf5652d45ec', 'ef381923-128d-440b-a6ec-fdf5652d45ec', 'ef381923-128d-440b-a6ec-fdf5652d45ec', 'ef381923-128d-440b-a6ec-fdf5652d45ec', 'ef381923-128d-440b-a6ec-fdf5652d45ec', 'ef381923-128d-440b-a6ec-fdf5652d45ec', 'ef381923-128d-440b-a6ec-fdf5652d45ec', 'ef381923-128d-440b-a6ec-fdf5652d45ec', 'ef381923-128d-440b-a6ec-fdf5652d45ec', 'ef381923-128d-440b-a6ec-fdf5652d45ec', 'ef381923-128d-440b-a6ec-fdf5652d45ec', 'ef381923-128d-440b-a6ec-fdf5652d45ec', 'ef381923-128d-440b-a6ec-fdf5652d45ec', 'ef381923-128d-440b-a6ec-fdf5652d45ec', '21610aeb-0de8-478b-a43d-e404bc865706', '8675d47f-c32e-4db3-a15c-ac9b5d4a3abf', '8f691167-51ae-4c50-92fd-4d95740712d0', '0c248bfd-09f5-4ae6-bceb-120cfc020cb1', 'c04f6745-8f98-4eb3-800a-c27c7decf978', '39f8ef3b-bc57-48b0-8fad-3b8d4a64075c', '14947574-2728-48ab-8ba9-e80c7a37c68d', '97757730-099a-4055-96fb-9c2884e9e750', '9cdf3774-3ab4-46fa-87db-afc86691d397', '6dbad5e3-e762-43e2-8640-e7acfa8c382f', '03d87c79-c0bb-41af-bb37-6332a8b9c2b5', '069ddfeb-ebe3-4583-90d5-852cec0c3001', 'fcf7adcc-6306-4f05-bf75-afc73c73fd94', 'bab1591e-fb4f-4d0f-b05f-9c9a2b730a79', 'b11d50b7-fce0-470b-9616-356161b84831', '3fa16626-4202-4e68-9fd2-d18c88cd0232', 'b0d67920-f959-494f-bd4e-4bf10567c432', '172424dc-ad5a-41dd-8b62-ef4085f19d40', '0121ae24-c34d-4bcf-abc0-736f146b3c2b', '0b11500f-4949-4fe9-a1ca-5d3368384143', '6e8acb1d-98d9-4477-8144-0920fcac919d', 'e6d3ca5e-5fdc-414f-b110-ed60af33b26b', '82c2a85b-c063-4b6b-9870-fbaa498654fa', '9d671d3a-894f-4deb-b392-daef518508e9', 'c268417d-4980-4f54-83d1-4528966e331c']"
f28a339b-4a31-4e08-87b1-af2e4040bad0,4,"['72ba5fc7-8ac0-4708-8656-66622602bc05', '72ba5fc7-8ac0-4708-8656-66622602bc05', '72ba5fc7-8ac0-4708-8656-66622602bc05', '1f89ef28-a053-4598-8610-5db25d6f4e36', '1f89ef28-a053-4598-8610-5db25d6f4e36', '1f89ef28-a053-4598-8610-5db25d6f4e36', '1f89ef28-a053-4598-8610-5db25d6f4e36', '1f89ef28-a053-4598-8610-5db25d6f4e36', '1f89ef28-a053-4598-8610-5db25d6f4e36', '1f89ef28-a053-4598-8610-5db25d6f4e36', '1f89ef28-a053-4598-8610-5db25d6f4e36', '1f89ef28-a053-4598-8610-5db25d6f4e36', '1f89ef28-a053-4598-8610-5db25d6f4e36', '1f89ef28-a053-4598-8610-5db25d6f4e36', '1f89ef28-a053-4598-8610-5db25d6f4e36', '1f89ef28-a053-4598-8610-5db25d6f4e36', '1f89ef28-a053-4598-8610-5db25d6f4e36', '1f89ef28-a053-4598-8610-5db25d6f4e36', '1f89ef28-a053-4598-8610-5db25d6f4e36', '1f89ef28-a053-4598-8610-5db25d6f4e36', '1f89ef28-a053-4598-8610-5db25d6f4e36', '1f89ef28-a053-4598-8610-5db25d6f4e36', '1f89ef28-a053-4598-8610-5db25d6f4e36', '1f89ef28-a053-4598-8610-5db25d6f4e36', '1f89ef28-a053-4598-8610-5db25d6f4e36', '1f89ef28-a053-4598-8610-5db25d6f4e36', '1f89ef28-a053-4598-8610-5db25d6f4e36', '1f89ef28-a053-4598-8610-5db25d6f4e36', '1f89ef28-a053-4598-8610-5db25d6f4e36', '1f89ef28-a053-4598-8610-5db25d6f4e36', '1f89ef28-a053-4598-8610-5db25d6f4e36', '1f89ef28-a053-4598-8610-5db25d6f4e36', '1f89ef28-a053-4598-8610-5db25d6f4e36', '1f89ef28-a053-4598-8610-5db25d6f4e36', '1f89ef28-a053-4598-8610-5db25d6f4e36', '1f89ef28-a053-4598-8610-5db25d6f4e36', '1f89ef28-a053-4598-8610-5db25d6f4e36', '1f89ef28-a053-4598-8610-5db25d6f4e36', '1f89ef28-a053-4598-8610-5db25d6f4e36', '1f89ef28-a053-4598-8610-5db25d6f4e36', '1f89ef28-a053-4598-8610-5db25d6f4e36', '1f89ef28-a053-4598-8610-5db25d6f4e36', 'ebf20ae7-c33f-49d0-bee9-d3697eb9f4fc', '65d64152-4f7e-43ea-8aa0-6ebccf92c14a', '76835890-fad8-4c5b-8dfc-1ea83252c335', '6c657643-864f-4cb0-bfa3-3d989d76e9ef', '2e66698a-7956-4c61-8a5f-88875472d8c1', '1073e5ac-7072-4204-8b94-324d6605fb37', '50a3dc37-59bb-4133-9724-bb404d3bfa6a', '6af59796-3fd7-4c34-a1da-a088ea44831e']"
4f17fb72-0e35-4ed9-9684-b77401d36254,5,"['ef381923-128d-440b-a6ec-fdf5652d45ec', 'ef381923-128d-440b-a6ec-fdf5652d45ec', 'ef381923-128d-440b-a6ec-fdf5652d45ec', 'ef381923-128d-440b-a6ec-fdf5652d45ec', 'ef381923-128d-440b-a6ec-fdf5652d45ec', 'ef381923-128d-440b-a6ec-fdf5652d45ec', 'ef381923-128d-440b-a6ec-fdf5652d45ec', 'ef381923-128d-440b-a6ec-fdf5652d45ec', 'ef381923-128d-440b-a6ec-fdf5652d45ec', 'ef381923-128d-440b-a6ec-fdf5652d45ec', 'ef381923-128d-440b-a6ec-fdf5652d45ec', 'ef381923-128d-440b-a6ec-fdf5652d45ec', 'ef381923-128d-440b-a6ec-fdf5652d45ec', 'ef381923-128d-440b-a6ec-fdf5652d45ec', 'ef381923-128d-440b-a6ec-fdf5652d45ec', 'ef381923-128d-440b-a6ec-fdf5652d45ec', 'ef381923-128d-440b-a6ec-fdf5652d45ec', 'ef381923-128d-440b-a6ec-fdf5652d45ec', 'ef381923-128d-440b-a6ec-fdf5652d45ec', 'ef381923-128d-440b-a6ec-fdf5652d45ec', '21610aeb-0de8-478b-a43d-e404bc865706', '8f691167-51ae-4c50-92fd-4d95740712d0', 'c04f6745-8f98-4eb3-800a-c27c7decf978', '14947574-2728-48ab-8ba9-e80c7a37c68d', '97757730-099a-4055-96fb-9c2884e9e750', '9cdf3774-3ab4-46fa-87db-afc86691d397', '6dbad5e3-e762-43e2-8640-e7acfa8c382f', 'fcf7adcc-6306-4f05-bf75-afc73c73fd94', 'b11d50b7-fce0-470b-9616-356161b84831', '3fa16626-4202-4e68-9fd2-d18c88cd0232', 'b0d67920-f959-494f-bd4e-4bf10567c432', '172424dc-ad5a-41dd-8b62-ef4085f19d40', '0121ae24-c34d-4bcf-abc0-736f146b3c2b', '0b11500f-4949-4fe9-a1ca-5d3368384143', '6e8acb1d-98d9-4477-8144-0920fcac919d', 'e6d3ca5e-5fdc-414f-b110-ed60af33b26b', '82c2a85b-c063-4b6b-9870-fbaa498654fa', '9d671d3a-894f-4deb-b392-daef518508e9', 'c268417d-4980-4f54-83d1-4528966e331c', 'cda93540-740b-4c0e-b3b1-165103db68cc', '7c612796-b88f-4cb8-9364-1866d307fe13', 'c587e9f6-004e-4eb6-8628-53805e25323c', 'ba3c4614-1ea0-4f0c-aa6e-688c7ccc55ae', '6f919f99-dfd0-46fb-ad65-51d5fbe0795d', '4c05dab6-ca45-43ae-a0ce-bd2cb9d53474', '76e53a22-1ba6-40ee-962a-84942a76ef0f', 'b9ed9557-35f5-482b-a781-fba32424057b', '0a981294-6406-4bcd-8d7b-6e0089d32908', '212b7677-6682-4478-8765-d4c84a8da808', '033ed8a9-12d0-41e2-ab9f-7a115273a5bb']"
f28a339b-4a31-4e08-87b1-af2e4040bad0,5,"['72ba5fc7-8ac0-4708-8656-66622602bc05', '72ba5fc7-8ac0-4708-8656-66622602bc05', '72ba5fc7-8ac0-4708-8656-66622602bc05', '1f89ef28-a053-4598-8610-5db25d6f4e36', '1f89ef28-a053-4598-8610-5db25d6f4e36', '1f89ef28-a053-4598-8610-5db25d6f4e36', '1f89ef28-a053-4598-8610-5db25d6f4e36', '1f89ef28-a053-4598-8610-5db25d6f4e36', '1f89ef28-a053-4598-8610-5db25d6f4e36', '1f89ef28-a053-4598-8610-5db25d6f4e36', '1f89ef28-a053-4598-8610-5db25d6f4e36', '1f89ef28-a053-4598-8610-5db25d6f4e36', '1f89ef28-a053-4598-8610-5db25d6f4e36', '1f89ef28-a053-4598-8610-5db25d6f4e36', '1f89ef28-a053-4598-8610-5db25d6f4e36', '1f89ef28-a053-4598-8610-5db25d6f4e36', '1f89ef28-a053-4598-8610-5db25d6f4e36', '1f89ef28-a053-4598-8610-5db25d6f4e36', '1f89ef28-a053-4598-8610-5db25d6f4e36', '1f89ef28-a053-4598-8610-5db25d6f4e36', '1f89ef28-a053-4598-8610-5db25d6f4e36', '1f89ef28-a053-4598-8610-5db25d6f4e36', '1f89ef28-a053-4598-8610-5db25d6f4e36', '1f89ef28-a053-4598-8610-5db25d6f4e36', '1f89ef28-a053-4598-8610-5db25d6f4e36', '1f89ef28-a053-4598-8610-5db25d6f4e36', '1f89ef28-a053-4598-8610-5db25d6f4e36', '1f89ef28-a053-4598-8610-5db25d6f4e36', '1f89ef28-a053-4598-8610-5db25d6f4e36', '1f89ef28-a053-4598-8610-5db25d6f4e36', '1f89ef28-a053-4598-8610-5db25d6f4e36', '1f89ef28-a053-4598-8610-5db25d6f4e36', '1f89ef28-a053-4598-8610-5db25d6f4e36', '1f89ef28-a053-4598-8610-5db25d6f4e36', '1f89ef28-a053-4598-8610-5db25d6f4e36', '1f89ef28-a053-4598-8610-5db25d6f4e36', 'ebf20ae7-c33f-49d0-bee9-d3697eb9f4fc', '76835890-fad8-4c5b-8dfc-1ea83252c335', '6c657643-864f-4cb0-bfa3-3d989d76e9ef', '2e66698a-7956-4c61-8a5f-88875472d8c1', '1073e5ac-7072-4204-8b94-324d6605fb37', '50a3dc37-59bb-4133-9724-bb404d3bfa6a', '5dd3bca8-35f7-4820-92a4-78fbf6f45aca', 'b90bdbb4-0642-4b16-9d8c-f252484fe46d', '321834b8-c33e-4132-a0ef-53bc18b66b42', '11c88045-dd28-49c8-8513-b965a1ae1637', 'fc6184d8-30af-4fd0-a4e5-7781711544a9', '0e3a9fb4-a8fe-4b1f-8d83-018a9881c9d4', 'a698b64c-330d-4195-8767-8d1806e78b10', '3833e690-3d3f-426c-be65-aa5203396529']"
4f17fb72-0e35-4ed9-9684-b77401d36254,6,"['ef381923-128d-440b-a6ec-fdf5652d45ec', 'ef381923-128d-440b-a6ec-fdf5652d45ec', 'ef381923-128d-440b-a6ec-fdf5652d45ec', 'ef381923-128d-440b-a6ec-fdf5652d45ec', 'ef381923-128d-440b-a6ec-fdf5652d45ec', 'ef381923-128d-440b-a6ec-fdf5652d45ec', 'ef381923-128d-440b-a6ec-fdf5652d45ec', 'ef381923-128d-440b-a6ec-fdf5652d45ec', 'ef381923-128d-440b-a6ec-fdf5652d45ec', 'ef381923-128d-440b-a6ec-fdf5652d45ec', 'ef381923-128d-440b-a6ec-fdf5652d45ec', 'ef381923-128d-440b-a6ec-fdf5652d45ec', 'ef381923-128d-440b-a6ec-fdf5652d45ec', 'ef381923-128d-440b-a6ec-fdf5652d45ec', 'ef381923-128d-440b-a6ec-fdf5652d45ec', 'ef381923-128d-440b-a6ec-fdf5652d45ec', 'ef381923-128d-440b-a6ec-fdf5652d45ec', 'ef381923-128d-440b-a6ec-fdf5652d45ec', 'ef381923-128d-440b-a6ec-fdf5652d45ec', 'ef381923-128d-440b-a6ec-fdf5652d45ec', 'ef381923-128d-440b-a6ec-fdf5652d45ec', 'ef381923-128d-440b-a6ec-fdf5652d45ec', 'ef381923-128d-440b-a6ec-fdf5652d45ec', 'ef381923-128d-440b-a6ec-fdf5652d45ec', 'ef381923-128d-440b-a6ec-fdf5652d45ec', 'ef381923-128d-440b-a6ec-fdf5652d45ec', 'ef381923-128d-440b-a6ec-fdf5652d45ec', 'ef381923-128d-440b-a6ec-fdf5652d45ec', 'ef381923-128d-440b-a6ec-fdf5652d45ec', 'ef381923-128d-440b-a6ec-fdf5652d45ec', 'ef381923-128d-440b-a6ec-fdf5652d45ec', 'ef381923-128d-440b-a6ec-fdf5652d45ec', 'ef381923-128d-440b-a6ec-fdf5652d45ec', 'ef381923-128d-440b-a6ec-fdf5652d45ec', 'ef381923-128d-440b-a6ec-fdf5652d45ec', 'ef381923-128d-440b-a6ec-fdf5652d45ec', 'ef381923-128d-440b-a6ec-fdf5652d45ec', 'ef381923-128d-440b-a6ec-fdf5652d45ec', 'ef381923-128d-440b-a6ec-fdf5652d45ec', 'ef381923-128d-440b-a6ec-fdf5652d45ec', 'ef381923-128d-440b-a6ec-fdf5652d45ec', 'ef381923-128d-440b-a6ec-fdf5652d45ec', '1d568e92-285e-4adc-9cd3-5685204cd645', '37146588-1568-4168-ab1a-847938af23e7', '9987ec4e-0be3-429a-a2ad-215f76c301f5', 'b373435a-1934-4fd6-aae6-31ac1aeae41c', '19a6ae0e-9c27-4ce9-9d7d-cc8573b8bf42', 'a84f0a28-46ff-4584-9b4f-4ff5ec7bd96f', '788e6a3f-ced8-44f0-8612-9e92c5b7433e', '02c811a2-b3e2-4acc-9744-ab06141f7a94']"
f28a339b-4a31-4e08-87b1-af2e4040bad0,6,"['72ba5fc7-8ac0-4708-8656-66622602bc05', '72ba5fc7-8ac0-4708-8656-66622602bc05', '1f89ef28-a053-4598-8610-5db25d6f4e36', '1f89ef28-a053-4598-8610-5db25d6f4e36', '1f89ef28-a053-4598-8610-5db25d6f4e36', '1f89ef28-a053-4598-8610-5db25d6f4e36', '1f89ef28-a053-4598-8610-5db25d6f4e36', '1f89ef28-a053-4598-8610-5db25d6f4e36', '1f89ef28-a053-4598-8610-5db25d6f4e36', '1f89ef28-a053-4598-8610-5db25d6f4e36', '1f89ef28-a053-4598-8610-5db25d6f4e36', '1f89ef28-a053-4598-8610-5db25d6f4e36', '1f89ef28-a053-4598-8610-5db25d6f4e36', '1f89ef28-a053-4598-8610-5db25d6f4e36', '1f89ef28-a053-4598-8610-5db25d6f4e36', '1f89ef28-a053-4598-8610-5db25d6f4e36', '1f89ef28-a053-4598-8610-5db25d6f4e36', '1f89ef28-a053-4598-8610-5db25d6f4e36', '1f89ef28-a053-4598-8610-5db25d6f4e36', '1f89ef28-a053-4598-8610-5db25d6f4e36', '1f89ef28-a053-4598-8610-5db25d6f4e36', '1f89ef28-a053-4598-8610-5db25d6f4e36', '1f89ef28-a053-4598-8610-5db25d6f4e36', '1f89ef28-a053-4598-8610-5db25d6f4e36', '1f89ef28-a053-4598-8610-5db25d6f4e36', '1f89ef28-a053-4598-8610-5db25d6f4e36', '1f89ef28-a053-4598-8610-5db25d6f4e36', '1f89ef28-a053-4598-8610-5db25d6f4e36', '1f89ef28-a053-4598-8610-5db25d6f4e36', 'ebf20ae7-c33f-49d0-bee9-d3697eb9f4fc', '76835890-fad8-4c5b-8dfc-1ea83252c335', '6c657643-864f-4cb0-bfa3-3d989d76e9ef', '2e66698a-7956-4c61-8a5f-88875472d8c1', '1073e5ac-7072-4204-8b94-324d6605fb37', '5dd3bca8-35f7-4820-92a4-78fbf6f45aca', 'b90bdbb4-0642-4b16-9d8c-f252484fe46d', '321834b8-c33e-4132-a0ef-53bc18b66b42', '11c88045-dd28-49c8-8513-b965a1ae1637', 'fc6184d8-30af-4fd0-a4e5-7781711544a9', '0e3a9fb4-a8fe-4b1f-8d83-018a9881c9d4', 'a698b64c-330d-4195-8767-8d1806e78b10', 'f0095f0f-57f6-40c2-a9a3-3c724e4437ac', 'f4e36dea-09cb-4255-804e-ffef19905b9f', 'c59ddf6a-f61a-4c1e-8374-4758d2ea8be0', '3c571978-924a-417c-a8e1-3567f928feae', '5c9ebae7-69cc-40d1-bc17-7777cdfbbdd8', 'fa915c56-af4b-4530-b0bc-7b509c7433c7', '8cda4b1d-7835-4336-8422-1f4557222d82', 'd7b79093-5cf3-40cc-9aaf-6e3c0768da62', '90dabb03-11e2-407d-8aba-7453e65de307']"
f28a339b-4a31-4e08-87b1-af2e4040bad0,7,"['72ba5fc7-8ac0-4708-8656-66622602bc05', '72ba5fc7-8ac0-4708-8656-66622602bc05', '1f89ef28-a053-4598-8610-5db25d6f4e36', '1f89ef28-a053-4598-8610-5db25d6f4e36', '1f89ef28-a053-4598-8610-5db25d6f4e36', '1f89ef28-a053-4598-8610-5db25d6f4e36', '1f89ef28-a053-4598-8610-5db25d6f4e36', '1f89ef28-a053-4598-8610-5db25d6f4e36', '1f89ef28-a053-4598-8610-5db25d6f4e36', '1f89ef28-a053-4598-8610-5db25d6f4e36', '1f89ef28-a053-4598-8610-5db25d6f4e36', '1f89ef28-a053-4598-8610-5db25d6f4e36', '1f89ef28-a053-4598-8610-5db25d6f4e36', '1f89ef28-a053-4598-8610-5db25d6f4e36', '1f89ef28-a053-4598-8610-5db25d6f4e36', '1f89ef28-a053-4598-8610-5db25d6f4e36', '1f89ef28-a053-4598-8610-5db25d6f4e36', '1f89ef28-a053-4598-8610-5db25d6f4e36', '1f89ef28-a053-4598-8610-5db25d6f4e36', '1f89ef28-a053-4598-8610-5db25d6f4e36', '1f89ef28-a053-4598-8610-5db25d6f4e36', '1f89ef28-a053-4598-8610-5db25d6f4e36', 'ebf20ae7-c33f-49d0-bee9-d3697eb9f4fc', '76835890-fad8-4c5b-8dfc-1ea83252c335', '6c657643-864f-4cb0-bfa3-3d989d76e9ef', '1073e5ac-7072-4204-8b94-324d6605fb37', '5dd3bca8-35f7-4820-92a4-78fbf6f45aca', 'b90bdbb4-0642-4b16-9d8c-f252484fe46d', '321834b8-c33e-4132-a0ef-53bc18b66b42', '11c88045-dd28-49c8-8513-b965a1ae1637', 'fc6184d8-30af-4fd0-a4e5-7781711544a9', '0e3a9fb4-a8fe-4b1f-8d83-018a9881c9d4', 'a698b64c-330d-4195-8767-8d1806e78b10', 'f4e36dea-09cb-4255-804e-ffef19905b9f', 'c59ddf6a-f61a-4c1e-8374-4758d2ea8be0', '5c9ebae7-69cc-40d1-bc17-7777cdfbbdd8', 'fa915c56-af4b-4530-b0bc-7b509c7433c7', '8cda4b1d-7835-4336-8422-1f4557222d82', 'd7b79093-5cf3-40cc-9aaf-6e3c0768da62', '90dabb03-11e2-407d-8aba-7453e65de307', '5e55d6f6-ce85-4e80-a9c4-499fcd481ad0', 'ecefe3e9-6fea-43aa-90e0-18f0b1464385', '2688e606-e4de-4a33-8246-e464da02f8f0', 'f13d3cbb-8eea-43ba-ae3a-6c4e0daa4670', '88bd8977-fd19-4f77-8085-06b7dd721cf6', '3a16d2b7-c24b-4a7f-be82-98ebc4fed172', '591d846e-d9d9-4459-827b-7a743d5445c6', '90027bdc-edf6-471f-8b8f-a3defd39bcf5', '8614d085-01a5-43cc-8371-b62c74b5d09b', '2b99d036-e308-495f-80a2-c645838a0731']"
4f17fb72-0e35-4ed9-9684-b77401d36254,7,"['ef381923-128d-440b-a6ec-fdf5652d45ec', 'ef381923-128d-440b-a6ec-fdf5652d45ec', 'ef381923-128d-440b-a6ec-fdf5652d45ec', 'ef381923-128d-440b-a6ec-fdf5652d45ec', 'ef381923-128d-440b-a6ec-fdf5652d45ec', 'ef381923-128d-440b-a6ec-fdf5652d45ec', 'ef381923-128d-440b-a6ec-fdf5652d45ec', 'ef381923-128d-440b-a6ec-fdf5652d45ec', 'ef381923-128d-440b-a6ec-fdf5652d45ec', 'ef381923-128d-440b-a6ec-fdf5652d45ec', 'ef381923-128d-440b-a6ec-fdf5652d45ec', 'ef381923-128d-440b-a6ec-fdf5652d45ec', 'ef381923-128d-440b-a6ec-fdf5652d45ec', 'ef381923-128d-440b-a6ec-fdf5652d45ec', 'ef381923-128d-440b-a6ec-fdf5652d45ec', 'ef381923-128d-440b-a6ec-fdf5652d45ec', 'ef381923-128d-440b-a6ec-fdf5652d45ec', 'ef381923-128d-440b-a6ec-fdf5652d45ec', 'ef381923-128d-440b-a6ec-fdf5652d45ec', 'ef381923-128d-440b-a6ec-fdf5652d45ec', 'ef381923-128d-440b-a6ec-fdf5652d45ec', 'ef381923-128d-440b-a6ec-fdf5652d45ec', 'ef381923-128d-440b-a6ec-fdf5652d45ec', 'ef381923-128d-440b-a6ec-fdf5652d45ec', 'ef381923-128d-440b-a6ec-fdf5652d45ec', 'ef381923-128d-440b-a6ec-fdf5652d45ec', 'ef381923-128d-440b-a6ec-fdf5652d45ec', 'ef381923-128d-440b-a6ec-fdf5652d45ec', 'ef381923-128d-440b-a6ec-fdf5652d45ec', 'ef381923-128d-440b-a6ec-fdf5652d45ec', 'ef381923-128d-440b-a6ec-fdf5652d45ec', 'ef381923-128d-440b-a6ec-fdf5652d45ec', '1d568e92-285e-4adc-9cd3-5685204cd645', '37146588-1568-4168-ab1a-847938af23e7', '19a6ae0e-9c27-4ce9-9d7d-cc8573b8bf42', 'a84f0a28-46ff-4584-9b4f-4ff5ec7bd96f', '788e6a3f-ced8-44f0-8612-9e92c5b7433e', '02c811a2-b3e2-4acc-9744-ab06141f7a94', 'ee31e9c6-adfe-4ba9-b50e-25b2e8af8437', '888ad456-ae8b-4cf9-83ed-8e9906218d06', '6e4c5ab3-7e0e-4777-a397-2fb9352eaea0', '2b9f8de5-2035-439b-b8df-0ea39428e134', 'e98252d4-c8c1-4f28-9566-d29354946d9e', 'aed365cb-d469-4a42-adc0-f8b30d8a603c', 'cad1a3e8-5d84-4aa2-8ae2-988d00c4652d', 'c90b9aef-2c8d-46dd-a4b0-b26457357e98', '8ec9e0ea-0764-4a3b-b2ad-91aa01864654', '2922ec1c-bb78-461c-87b6-f2e373542fe8', 'aa6a69e7-6de5-4b69-a6f2-d483a0afeb49', '19c0c79f-00e4-4f59-8fe6-8cdd70c8ef76']"
f28a339b-4a31-4e08-87b1-af2e4040bad0,8,"['8614d085-01a5-43cc-8371-b62c74b5d09b', '8614d085-01a5-43cc-8371-b62c74b5d09b', '8614d085-01a5-43cc-8371-b62c74b5d09b', '8614d085-01a5-43cc-8371-b62c74b5d09b', '8614d085-01a5-43cc-8371-b62c74b5d09b', '8614d085-01a5-43cc-8371-b62c74b5d09b', '8614d085-01a5-43cc-8371-b62c74b5d09b', '8614d085-01a5-43cc-8371-b62c74b5d09b', '8614d085-01a5-43cc-8371-b62c74b5d09b', '8614d085-01a5-43cc-8371-b62c74b5d09b', '8614d085-01a5-43cc-8371-b62c74b5d09b', '8614d085-01a5-43cc-8371-b62c74b5d09b', '8614d085-01a5-43cc-8371-b62c74b5d09b', '8614d085-01a5-43cc-8371-b62c74b5d09b', '8614d085-01a5-43cc-8371-b62c74b5d09b', '8614d085-01a5-43cc-8371-b62c74b5d09b', '8614d085-01a5-43cc-8371-b62c74b5d09b', '8614d085-01a5-43cc-8371-b62c74b5d09b', '8614d085-01a5-43cc-8371-b62c74b5d09b', '8614d085-01a5-43cc-8371-b62c74b5d09b', '8614d085-01a5-43cc-8371-b62c74b5d09b', '8614d085-01a5-43cc-8371-b62c74b5d09b', '8614d085-01a5-43cc-8371-b62c74b5d09b', '8614d085-01a5-43cc-8371-b62c74b5d09b', '8614d085-01a5-43cc-8371-b62c74b5d09b', '8614d085-01a5-43cc-8371-b62c74b5d09b', '8614d085-01a5-43cc-8371-b62c74b5d09b', '8614d085-01a5-43cc-8371-b62c74b5d09b', '8614d085-01a5-43cc-8371-b62c74b5d09b', '8614d085-01a5-43cc-8371-b62c74b5d09b', '8614d085-01a5-43cc-8371-b62c74b5d09b', '8614d085-01a5-43cc-8371-b62c74b5d09b', '8614d085-01a5-43cc-8371-b62c74b5d09b', '8614d085-01a5-43cc-8371-b62c74b5d09b', '8614d085-01a5-43cc-8371-b62c74b5d09b', '8614d085-01a5-43cc-8371-b62c74b5d09b', '8614d085-01a5-43cc-8371-b62c74b5d09b', '8614d085-01a5-43cc-8371-b62c74b5d09b', '8614d085-01a5-43cc-8371-b62c74b5d09b', '8614d085-01a5-43cc-8371-b62c74b5d09b', '8614d085-01a5-43cc-8371-b62c74b5d09b', '520b5a34-5656-406f-9d6e-332612a7e45f', '708278fc-4031-45b7-a76c-d085e55d7a31', '6b4b7574-30a8-4ade-9980-35cc251127a3', 'ff7d8ee3-1fe9-4cee-93c5-ab0c94371732', '842d4376-5d9b-42ca-a40f-f6e5ca16f90b', '02df8aa0-9b26-4ec2-a53a-633742374fe9', '20c177eb-a5ce-4d8d-b54b-94e43483e81a', '4eb98ea8-e5de-4d8f-8527-91918415ee55', 'a15c325d-3b74-485e-b1c1-7c52ee575bca']"
4f17fb72-0e35-4ed9-9684-b77401d36254,8,"['ef381923-128d-440b-a6ec-fdf5652d45ec', 'ef381923-128d-440b-a6ec-fdf5652d45ec', 'ef381923-128d-440b-a6ec-fdf5652d45ec', 'ef381923-128d-440b-a6ec-fdf5652d45ec', 'ef381923-128d-440b-a6ec-fdf5652d45ec', 'ef381923-128d-440b-a6ec-fdf5652d45ec', 'ef381923-128d-440b-a6ec-fdf5652d45ec', 'ef381923-128d-440b-a6ec-fdf5652d45ec', 'ef381923-128d-440b-a6ec-fdf5652d45ec', 'ef381923-128d-440b-a6ec-fdf5652d45ec', 'ef381923-128d-440b-a6ec-fdf5652d45ec', 'ef381923-128d-440b-a6ec-fdf5652d45ec', 'ef381923-128d-440b-a6ec-fdf5652d45ec', 'ef381923-128d-440b-a6ec-fdf5652d45ec', 'ef381923-128d-440b-a6ec-fdf5652d45ec', 'ef381923-128d-440b-a6ec-fdf5652d45ec', 'ef381923-128d-440b-a6ec-fdf5652d45ec', 'ef381923-128d-440b-a6ec-fdf5652d45ec', 'ef381923-128d-440b-a6ec-fdf5652d45ec', 'ef381923-128d-440b-a6ec-fdf5652d45ec', 'ef381923-128d-440b-a6ec-fdf5652d45ec', 'ef381923-128d-440b-a6ec-fdf5652d45ec', 'ef381923-128d-440b-a6ec-fdf5652d45ec', '1d568e92-285e-4adc-9cd3-5685204cd645', '37146588-1568-4168-ab1a-847938af23e7', '19a6ae0e-9c27-4ce9-9d7d-cc8573b8bf42', 'a84f0a28-46ff-4584-9b4f-4ff5ec7bd96f', '788e6a3f-ced8-44f0-8612-9e92c5b7433e', 'ee31e9c6-adfe-4ba9-b50e-25b2e8af8437', '888ad456-ae8b-4cf9-83ed-8e9906218d06', '6e4c5ab3-7e0e-4777-a397-2fb9352eaea0', '2b9f8de5-2035-439b-b8df-0ea39428e134', 'e98252d4-c8c1-4f28-9566-d29354946d9e', 'aed365cb-d469-4a42-adc0-f8b30d8a603c', 'cad1a3e8-5d84-4aa2-8ae2-988d00c4652d', 'c90b9aef-2c8d-46dd-a4b0-b26457357e98', '8ec9e0ea-0764-4a3b-b2ad-91aa01864654', '2922ec1c-bb78-461c-87b6-f2e373542fe8', 'aa6a69e7-6de5-4b69-a6f2-d483a0afeb49', '19c0c79f-00e4-4f59-8fe6-8cdd70c8ef76', '90371c70-575b-44cf-b9e5-34a2d7d3bd1e', 'b4fed8f2-5a1e-47cc-b233-77342f65bb92', '70e05387-daba-47ad-a4f1-2d0d6cf26c50', '9cf706db-f433-44ab-9af1-fe1c2cf2cb97', '22c375a1-0667-494f-b52a-82ee94da090e', '4710dd90-8091-479f-a469-e65af8bd6fe1', 'd8e38c0a-0b91-4e74-a65b-a52ff712056c', 'edc0bdba-0e5b-47af-91bd-6c0a39a145c7', '00c3f7ea-fa64-43ad-8526-05f2fb08ee8b', '32a64fa4-6fed-4d25-9746-fc621d9f676e']"
f28a339b-4a31-4e08-87b1-af2e4040bad0,9,"['8614d085-01a5-43cc-8371-b62c74b5d09b', '8614d085-01a5-43cc-8371-b62c74b5d09b', '8614d085-01a5-43cc-8371-b62c74b5d09b', '8614d085-01a5-43cc-8371-b62c74b5d09b', '8614d085-01a5-43cc-8371-b62c74b5d09b', '8614d085-01a5-43cc-8371-b62c74b5d09b', '8614d085-01a5-43cc-8371-b62c74b5d09b', '8614d085-01a5-43cc-8371-b62c74b5d09b', '8614d085-01a5-43cc-8371-b62c74b5d09b', '8614d085-01a5-43cc-8371-b62c74b5d09b', '8614d085-01a5-43cc-8371-b62c74b5d09b', '8614d085-01a5-43cc-8371-b62c74b5d09b', '8614d085-01a5-43cc-8371-b62c74b5d09b', '8614d085-01a5-43cc-8371-b62c74b5d09b', '8614d085-01a5-43cc-8371-b62c74b5d09b', '8614d085-01a5-43cc-8371-b62c74b5d09b', '8614d085-01a5-43cc-8371-b62c74b5d09b', '8614d085-01a5-43cc-8371-b62c74b5d09b', '8614d085-01a5-43cc-8371-b62c74b5d09b', '8614d085-01a5-43cc-8371-b62c74b5d09b', '8614d085-01a5-43cc-8371-b62c74b5d09b', '8614d085-01a5-43cc-8371-b62c74b5d09b', '8614d085-01a5-43cc-8371-b62c74b5d09b', '8614d085-01a5-43cc-8371-b62c74b5d09b', '8614d085-01a5-43cc-8371-b62c74b5d09b', '8614d085-01a5-43cc-8371-b62c74b5d09b', '8614d085-01a5-43cc-8371-b62c74b5d09b', '8614d085-01a5-43cc-8371-b62c74b5d09b', '8614d085-01a5-43cc-8371-b62c74b5d09b', '8614d085-01a5-43cc-8371-b62c74b5d09b', '8614d085-01a5-43cc-8371-b62c74b5d09b', '8614d085-01a5-43cc-8371-b62c74b5d09b', '8614d085-01a5-43cc-8371-b62c74b5d09b', '8614d085-01a5-43cc-8371-b62c74b5d09b', '8614d085-01a5-43cc-8371-b62c74b5d09b', '8614d085-01a5-43cc-8371-b62c74b5d09b', '8614d085-01a5-43cc-8371-b62c74b5d09b', '8614d085-01a5-43cc-8371-b62c74b5d09b', '8614d085-01a5-43cc-8371-b62c74b5d09b', '520b5a34-5656-406f-9d6e-332612a7e45f', '708278fc-4031-45b7-a76c-d085e55d7a31', '6b4b7574-30a8-4ade-9980-35cc251127a3', 'ff7d8ee3-1fe9-4cee-93c5-ab0c94371732', '842d4376-5d9b-42ca-a40f-f6e5ca16f90b', '20c177eb-a5ce-4d8d-b54b-94e43483e81a', '4eb98ea8-e5de-4d8f-8527-91918415ee55', 'a15c325d-3b74-485e-b1c1-7c52ee575bca', '33363d46-c4ce-4f24-8440-77429e6f2235', 'd5e22688-2eb4-4fa6-b34a-879a98ad5c0d', '558fc086-2015-4308-8822-83383e594fd5']"
4f17fb72-0e35-4ed9-9684-b77401d36254,9,"['ef381923-128d-440b-a6ec-fdf5652d45ec', 'ef381923-128d-440b-a6ec-fdf5652d45ec', 'ef381923-128d-440b-a6ec-fdf5652d45ec', 'ef381923-128d-440b-a6ec-fdf5652d45ec', 'ef381923-128d-440b-a6ec-fdf5652d45ec', 'ef381923-128d-440b-a6ec-fdf5652d45ec', 'ef381923-128d-440b-a6ec-fdf5652d45ec', 'ef381923-128d-440b-a6ec-fdf5652d45ec', 'ef381923-128d-440b-a6ec-fdf5652d45ec', 'ef381923-128d-440b-a6ec-fdf5652d45ec', 'ef381923-128d-440b-a6ec-fdf5652d45ec', 'ef381923-128d-440b-a6ec-fdf5652d45ec', 'ef381923-128d-440b-a6ec-fdf5652d45ec', 'ef381923-128d-440b-a6ec-fdf5652d45ec', 'ef381923-128d-440b-a6ec-fdf5652d45ec', 'ef381923-128d-440b-a6ec-fdf5652d45ec', 'ef381923-128d-440b-a6ec-fdf5652d45ec', 'ef381923-128d-440b-a6ec-fdf5652d45ec', 'ef381923-128d-440b-a6ec-fdf5652d45ec', 'ef381923-128d-440b-a6ec-fdf5652d45ec', 'ef381923-128d-440b-a6ec-fdf5652d45ec', 'ef381923-128d-440b-a6ec-fdf5652d45ec', 'ef381923-128d-440b-a6ec-fdf5652d45ec', 'ef381923-128d-440b-a6ec-fdf5652d45ec', 'ef381923-128d-440b-a6ec-fdf5652d45ec', 'ef381923-128d-440b-a6ec-fdf5652d45ec', 'ef381923-128d-440b-a6ec-fdf5652d45ec', 'ef381923-128d-440b-a6ec-fdf5652d45ec', 'ef381923-128d-440b-a6ec-fdf5652d45ec', 'ef381923-128d-440b-a6ec-fdf5652d45ec', 'ef381923-128d-440b-a6ec-fdf5652d45ec', 'ef381923-128d-440b-a6ec-fdf5652d45ec', 'ef381923-128d-440b-a6ec-fdf5652d45ec', 'ef381923-128d-440b-a6ec-fdf5652d45ec', 'ef381923-128d-440b-a6ec-fdf5652d45ec', 'ef381923-128d-440b-a6ec-fdf5652d45ec', 'ef381923-128d-440b-a6ec-fdf5652d45ec', 'ef381923-128d-440b-a6ec-fdf5652d45ec', 'ef381923-128d-440b-a6ec-fdf5652d45ec', 'ef381923-128d-440b-a6ec-fdf5652d45ec', 'ef381923-128d-440b-a6ec-fdf5652d45ec', 'ef381923-128d-440b-a6ec-fdf5652d45ec', 'ef381923-128d-440b-a6ec-fdf5652d45ec', 'ef381923-128d-440b-a6ec-fdf5652d45ec', '697530d8-81d4-4ba4-850e-511263f8b213', '985e3781-8b9e-4ef4-9e97-e3e068c750b2', 'f6369252-8d68-4ea2-88f7-195d65a1b6ae', 'c890ff3e-1ceb-43be-af2a-85512b530ca1', 'f6e43ca2-9222-4fd7-be6c-ea041f37af23', '59d4256f-3e62-4fed-866e-49ff67d7b285']"
f28a339b-4a31-4e08-87b1-af2e4040bad0,10,"['8614d085-01a5-43cc-8371-b62c74b5d09b', '8614d085-01a5-43cc-8371-b62c74b5d09b', '8614d085-01a5-43cc-8371-b62c74b5d09b', '8614d085-01a5-43cc-8371-b62c74b5d09b', '8614d085-01a5-43cc-8371-b62c74b5d09b', '8614d085-01a5-43cc-8371-b62c74b5d09b', '8614d085-01a5-43cc-8371-b62c74b5d09b', '8614d085-01a5-43cc-8371-b62c74b5d09b', '8614d085-01a5-43cc-8371-b62c74b5d09b', '8614d085-01a5-43cc-8371-b62c74b5d09b', '8614d085-01a5-43cc-8371-b62c74b5d09b', '8614d085-01a5-43cc-8371-b62c74b5d09b', '8614d085-01a5-43cc-8371-b62c74b5d09b', '8614d085-01a5-43cc-8371-b62c74b5d09b', '8614d085-01a5-43cc-8371-b62c74b5d09b', '8614d085-01a5-43cc-8371-b62c74b5d09b', '8614d085-01a5-43cc-8371-b62c74b5d09b', '8614d085-01a5-43cc-8371-b62c74b5d09b', '8614d085-01a5-43cc-8371-b62c74b5d09b', '8614d085-01a5-43cc-8371-b62c74b5d09b', '8614d085-01a5-43cc-8371-b62c74b5d09b', '8614d085-01a5-43cc-8371-b62c74b5d09b', '8614d085-01a5-43cc-8371-b62c74b5d09b', '8614d085-01a5-43cc-8371-b62c74b5d09b', '8614d085-01a5-43cc-8371-b62c74b5d09b', '8614d085-01a5-43cc-8371-b62c74b5d09b', '8614d085-01a5-43cc-8371-b62c74b5d09b', '8614d085-01a5-43cc-8371-b62c74b5d09b', '8614d085-01a5-43cc-8371-b62c74b5d09b', '520b5a34-5656-406f-9d6e-332612a7e45f', '708278fc-4031-45b7-a76c-d085e55d7a31', '6b4b7574-30a8-4ade-9980-35cc251127a3', '842d4376-5d9b-42ca-a40f-f6e5ca16f90b', '20c177eb-a5ce-4d8d-b54b-94e43483e81a', '4eb98ea8-e5de-4d8f-8527-91918415ee55', 'a15c325d-3b74-485e-b1c1-7c52ee575bca', '33363d46-c4ce-4f24-8440-77429e6f2235', 'd5e22688-2eb4-4fa6-b34a-879a98ad5c0d', '558fc086-2015-4308-8822-83383e594fd5', '43c3ffff-2c7e-4576-b07d-2d546569c107', '6d8de0c4-3416-40f7-b49c-01119c2d92ca', '9283ac54-c204-4fdb-a3a8-448ae69f802a', '5fa35a7b-74ad-4f31-b7cd-982e225bef53', '18cce6b8-acd8-4ce0-9229-add9e8255b2e', 'd85b913b-5592-4a0c-83e2-7178874e9072', '42ea5a21-c1b2-4556-95df-36f9d4c37ae1', '1a69d82e-0872-4fed-a9fc-2006383a7a43', 'd682813b-641e-4f0f-9fb0-eec30bc68396', 'b9bade5d-24e9-4654-af79-549f330907a5', 'b6df4968-8dbe-49d1-a96b-e017ec12115d']"
4f17fb72-0e35-4ed9-9684-b77401d36254,10,"['ef381923-128d-440b-a6ec-fdf5652d45ec', 'ef381923-128d-440b-a6ec-fdf5652d45ec', 'ef381923-128d-440b-a6ec-fdf5652d45ec', 'ef381923-128d-440b-a6ec-fdf5652d45ec', 'ef381923-128d-440b-a6ec-fdf5652d45ec', 'ef381923-128d-440b-a6ec-fdf5652d45ec', 'ef381923-128d-440b-a6ec-fdf5652d45ec', 'ef381923-128d-440b-a6ec-fdf5652d45ec', 'ef381923-128d-440b-a6ec-fdf5652d45ec', 'ef381923-128d-440b-a6ec-fdf5652d45ec', 'ef381923-128d-440b-a6ec-fdf5652d45ec', 'ef381923-128d-440b-a6ec-fdf5652d45ec', 'ef381923-128d-440b-a6ec-fdf5652d45ec', 'ef381923-128d-440b-a6ec-fdf5652d45ec', 'ef381923-128d-440b-a6ec-fdf5652d45ec', 'ef381923-128d-440b-a6ec-fdf5652d45ec', 'ef381923-128d-440b-a6ec-fdf5652d45ec', 'ef381923-128d-440b-a6ec-fdf5652d45ec', 'ef381923-128d-440b-a6ec-fdf5652d45ec', 'ef381923-128d-440b-a6ec-fdf5652d45ec', 'ef381923-128d-440b-a6ec-fdf5652d45ec', 'ef381923-128d-440b-a6ec-fdf5652d45ec', 'ef381923-128d-440b-a6ec-fdf5652d45ec', 'ef381923-128d-440b-a6ec-fdf5652d45ec', 'ef381923-128d-440b-a6ec-fdf5652d45ec', 'ef381923-128d-440b-a6ec-fdf5652d45ec', 'ef381923-128d-440b-a6ec-fdf5652d45ec', 'ef381923-128d-440b-a6ec-fdf5652d45ec', 'ef381923-128d-440b-a6ec-fdf5652d45ec', 'ef381923-128d-440b-a6ec-fdf5652d45ec', 'ef381923-128d-440b-a6ec-fdf5652d45ec', 'ef381923-128d-440b-a6ec-fdf5652d45ec', 'ef381923-128d-440b-a6ec-fdf5652d45ec', 'ef381923-128d-440b-a6ec-fdf5652d45ec', 'ef381923-128d-440b-a6ec-fdf5652d45ec', 'ef381923-128d-440b-a6ec-fdf5652d45ec', '697530d8-81d4-4ba4-850e-511263f8b213', '985e3781-8b9e-4ef4-9e97-e3e068c750b2', 'f6369252-8d68-4ea2-88f7-195d65a1b6ae', 'c890ff3e-1ceb-43be-af2a-85512b530ca1', 'f6e43ca2-9222-4fd7-be6c-ea041f37af23', 'eec862e1-6023-4607-9eb0-ebc12358125c', '8835ffb2-2f8b-484c-a436-e2306702afc5', 'ff345b23-fc9c-466a-b442-81dc1c3e0970', '4963522e-ca60-42fa-b398-c37d77924920', '21a3fd23-cd6b-4f84-95ff-fbd2842b2735', '4ea2a35c-11b0-4a29-a9ef-fe544fe9ee38', 'ec6f1c64-4866-490f-8f66-dfed849c436f', 'f4c8c5e0-1025-4a22-882b-d9d11885450a', '30a6e384-29c5-417e-a919-0649e5678735']"
f28a339b-4a31-4e08-87b1-af2e4040bad0,11,"['8614d085-01a5-43cc-8371-b62c74b5d09b', '8614d085-01a5-43cc-8371-b62c74b5d09b', '8614d085-01a5-43cc-8371-b62c74b5d09b', '8614d085-01a5-43cc-8371-b62c74b5d09b', '8614d085-01a5-43cc-8371-b62c74b5d09b', '8614d085-01a5-43cc-8371-b62c74b5d09b', '8614d085-01a5-43cc-8371-b62c74b5d09b', '8614d085-01a5-43cc-8371-b62c74b5d09b', '8614d085-01a5-43cc-8371-b62c74b5d09b', '8614d085-01a5-43cc-8371-b62c74b5d09b', '8614d085-01a5-43cc-8371-b62c74b5d09b', '8614d085-01a5-43cc-8371-b62c74b5d09b', '8614d085-01a5-43cc-8371-b62c74b5d09b', '8614d085-01a5-43cc-8371-b62c74b5d09b', '8614d085-01a5-43cc-8371-b62c74b5d09b', '8614d085-01a5-43cc-8371-b62c74b5d09b', '8614d085-01a5-43cc-8371-b62c74b5d09b', '8614d085-01a5-43cc-8371-b62c74b5d09b', '8614d085-01a5-43cc-8371-b62c74b5d09b', '8614d085-01a5-43cc-8371-b62c74b5d09b', '520b5a34-5656-406f-9d6e-332612a7e45f', '708278fc-4031-45b7-a76c-d085e55d7a31', '6b4b7574-30a8-4ade-9980-35cc251127a3', '842d4376-5d9b-42ca-a40f-f6e5ca16f90b', '4eb98ea8-e5de-4d8f-8527-91918415ee55', 'a15c325d-3b74-485e-b1c1-7c52ee575bca', '33363d46-c4ce-4f24-8440-77429e6f2235', 'd5e22688-2eb4-4fa6-b34a-879a98ad5c0d', '558fc086-2015-4308-8822-83383e594fd5', '43c3ffff-2c7e-4576-b07d-2d546569c107', '6d8de0c4-3416-40f7-b49c-01119c2d92ca', '9283ac54-c204-4fdb-a3a8-448ae69f802a', '5fa35a7b-74ad-4f31-b7cd-982e225bef53', '18cce6b8-acd8-4ce0-9229-add9e8255b2e', 'd85b913b-5592-4a0c-83e2-7178874e9072', '42ea5a21-c1b2-4556-95df-36f9d4c37ae1', '1a69d82e-0872-4fed-a9fc-2006383a7a43', 'b9bade5d-24e9-4654-af79-549f330907a5', 'b6df4968-8dbe-49d1-a96b-e017ec12115d', '2009df0a-dd48-4a26-8ef6-cc7e5b7aac8f', '35ebae40-fcb5-4446-b425-9fa71d2ea421', 'dae5b627-a0fe-49be-9966-b8123a6df2e3', 'fde02331-5367-4a55-ac50-4eaa7d061c52', '059abc3b-fd5d-4655-9c71-8b2911d872b5', 'df024612-a47f-404e-aeda-b3b20460d7b9', 'a199adcf-7dca-4081-89fd-5e7891baaeff', '3f23eca8-a636-478c-8239-8523010ec242', '752082dc-448e-4ebc-b679-d754454639fd', '69129c94-5921-4162-b6a5-e423cbccff1d', 'd4efb787-9d9a-4396-aaaf-2164d51effe9']"
4f17fb72-0e35-4ed9-9684-b77401d36254,11,"['ef381923-128d-440b-a6ec-fdf5652d45ec', 'ef381923-128d-440b-a6ec-fdf5652d45ec', 'ef381923-128d-440b-a6ec-fdf5652d45ec', 'ef381923-128d-440b-a6ec-fdf5652d45ec', 'ef381923-128d-440b-a6ec-fdf5652d45ec', 'ef381923-128d-440b-a6ec-fdf5652d45ec', 'ef381923-128d-440b-a6ec-fdf5652d45ec', 'ef381923-128d-440b-a6ec-fdf5652d45ec', 'ef381923-128d-440b-a6ec-fdf5652d45ec', 'ef381923-128d-440b-a6ec-fdf5652d45ec', 'ef381923-128d-440b-a6ec-fdf5652d45ec', 'ef381923-128d-440b-a6ec-fdf5652d45ec', 'ef381923-128d-440b-a6ec-fdf5652d45ec', 'ef381923-128d-440b-a6ec-fdf5652d45ec', 'ef381923-128d-440b-a6ec-fdf5652d45ec', 'ef381923-128d-440b-a6ec-fdf5652d45ec', 'ef381923-128d-440b-a6ec-fdf5652d45ec', 'ef381923-128d-440b-a6ec-fdf5652d45ec', 'ef381923-128d-440b-a6ec-fdf5652d45ec', 'ef381923-128d-440b-a6ec-fdf5652d45ec', 'ef381923-128d-440b-a6ec-fdf5652d45ec', 'ef381923-128d-440b-a6ec-fdf5652d45ec', 'ef381923-128d-440b-a6ec-fdf5652d45ec', 'ef381923-128d-440b-a6ec-fdf5652d45ec', 'ef381923-128d-440b-a6ec-fdf5652d45ec', 'ef381923-128d-440b-a6ec-fdf5652d45ec', 'ef381923-128d-440b-a6ec-fdf5652d45ec', 'ef381923-128d-440b-a6ec-fdf5652d45ec', 'ef381923-128d-440b-a6ec-fdf5652d45ec', 'ef381923-128d-440b-a6ec-fdf5652d45ec', 'ef381923-128d-440b-a6ec-fdf5652d45ec', 'ef381923-128d-440b-a6ec-fdf5652d45ec', 'ef381923-128d-440b-a6ec-fdf5652d45ec', '697530d8-81d4-4ba4-850e-511263f8b213', '985e3781-8b9e-4ef4-9e97-e3e068c750b2', 'f6369252-8d68-4ea2-88f7-195d65a1b6ae', 'eec862e1-6023-4607-9eb0-ebc12358125c', 'ff345b23-fc9c-466a-b442-81dc1c3e0970', '4963522e-ca60-42fa-b398-c37d77924920', '21a3fd23-cd6b-4f84-95ff-fbd2842b2735', '4ea2a35c-11b0-4a29-a9ef-fe544fe9ee38', 'ec6f1c64-4866-490f-8f66-dfed849c436f', 'f4c8c5e0-1025-4a22-882b-d9d11885450a', '30a6e384-29c5-417e-a919-0649e5678735', '443a0620-6c2f-4964-b5da-83d172330439', 'c31a9616-ec69-4767-859b-8bd659909a8e', 'd9b3c55f-ed6a-4409-b238-17af9f176c0e', '3d00bdd9-554f-4e20-8393-0ab5ad445a12', 'ea3d138a-3d92-4650-b5ed-cef78d7bd81c', 'dac15ef0-d31b-4e6c-bc18-10b6e2f8fbc8']"
f28a339b-4a31-4e08-87b1-af2e4040bad0,12,"['8614d085-01a5-43cc-8371-b62c74b5d09b', '8614d085-01a5-43cc-8371-b62c74b5d09b', '8614d085-01a5-43cc-8371-b62c74b5d09b', '8614d085-01a5-43cc-8371-b62c74b5d09b', '8614d085-01a5-43cc-8371-b62c74b5d09b', '8614d085-01a5-43cc-8371-b62c74b5d09b', '8614d085-01a5-43cc-8371-b62c74b5d09b', '8614d085-01a5-43cc-8371-b62c74b5d09b', '8614d085-01a5-43cc-8371-b62c74b5d09b', '8614d085-01a5-43cc-8371-b62c74b5d09b', '8614d085-01a5-43cc-8371-b62c74b5d09b', '8614d085-01a5-43cc-8371-b62c74b5d09b', '8614d085-01a5-43cc-8371-b62c74b5d09b', '8614d085-01a5-43cc-8371-b62c74b5d09b', '8614d085-01a5-43cc-8371-b62c74b5d09b', '8614d085-01a5-43cc-8371-b62c74b5d09b', '8614d085-01a5-43cc-8371-b62c74b5d09b', '8614d085-01a5-43cc-8371-b62c74b5d09b', '8614d085-01a5-43cc-8371-b62c74b5d09b', '8614d085-01a5-43cc-8371-b62c74b5d09b', '8614d085-01a5-43cc-8371-b62c74b5d09b', '8614d085-01a5-43cc-8371-b62c74b5d09b', '8614d085-01a5-43cc-8371-b62c74b5d09b', '8614d085-01a5-43cc-8371-b62c74b5d09b', '8614d085-01a5-43cc-8371-b62c74b5d09b', '8614d085-01a5-43cc-8371-b62c74b5d09b', '8614d085-01a5-43cc-8371-b62c74b5d09b', '8614d085-01a5-43cc-8371-b62c74b5d09b', '8614d085-01a5-43cc-8371-b62c74b5d09b', '8614d085-01a5-43cc-8371-b62c74b5d09b', '8614d085-01a5-43cc-8371-b62c74b5d09b', '8614d085-01a5-43cc-8371-b62c74b5d09b', '8614d085-01a5-43cc-8371-b62c74b5d09b', '8614d085-01a5-43cc-8371-b62c74b5d09b', '8614d085-01a5-43cc-8371-b62c74b5d09b', '8614d085-01a5-43cc-8371-b62c74b5d09b', '8614d085-01a5-43cc-8371-b62c74b5d09b', '8614d085-01a5-43cc-8371-b62c74b5d09b', '8614d085-01a5-43cc-8371-b62c74b5d09b', '8614d085-01a5-43cc-8371-b62c74b5d09b', '8614d085-01a5-43cc-8371-b62c74b5d09b', '8fbb26a5-240a-4af9-a2a8-7880a8cb98f9', 'd7579d88-2f42-4c63-83ee-f566d62cf60a', '146fb13e-52d3-4b8e-9a30-0c47b1215718', 'a9ab29da-6d2d-47ca-ac36-e20c564e107a', 'a5d28b87-46e4-4873-b629-556ac33fb748', '64dc58e7-7b59-4adf-a898-d89603026086', 'bd14f5dd-fd53-4baa-a1a4-c947203c6cc4', 'e524402f-d159-4b43-afb7-7f9bc16815d1', '62805cfd-ff0f-482f-8aa5-3f54f3411942']"
4f17fb72-0e35-4ed9-9684-b77401d36254,12,"['ef381923-128d-440b-a6ec-fdf5652d45ec', 'ef381923-128d-440b-a6ec-fdf5652d45ec', 'ef381923-128d-440b-a6ec-fdf5652d45ec', 'ef381923-128d-440b-a6ec-fdf5652d45ec', 'ef381923-128d-440b-a6ec-fdf5652d45ec', 'ef381923-128d-440b-a6ec-fdf5652d45ec', 'ef381923-128d-440b-a6ec-fdf5652d45ec', 'ef381923-128d-440b-a6ec-fdf5652d45ec', 'ef381923-128d-440b-a6ec-fdf5652d45ec', 'ef381923-128d-440b-a6ec-fdf5652d45ec', 'ef381923-128d-440b-a6ec-fdf5652d45ec', 'ef381923-128d-440b-a6ec-fdf5652d45ec', 'ef381923-128d-440b-a6ec-fdf5652d45ec', 'ef381923-128d-440b-a6ec-fdf5652d45ec', 'ef381923-128d-440b-a6ec-fdf5652d45ec', 'ef381923-128d-440b-a6ec-fdf5652d45ec', 'ef381923-128d-440b-a6ec-fdf5652d45ec', 'ef381923-128d-440b-a6ec-fdf5652d45ec', 'ef381923-128d-440b-a6ec-fdf5652d45ec', 'ef381923-128d-440b-a6ec-fdf5652d45ec', 'ef381923-128d-440b-a6ec-fdf5652d45ec', 'ef381923-128d-440b-a6ec-fdf5652d45ec', 'ef381923-128d-440b-a6ec-fdf5652d45ec', 'ef381923-128d-440b-a6ec-fdf5652d45ec', 'ef381923-128d-440b-a6ec-fdf5652d45ec', 'ef381923-128d-440b-a6ec-fdf5652d45ec', 'ef381923-128d-440b-a6ec-fdf5652d45ec', 'ef381923-128d-440b-a6ec-fdf5652d45ec', '697530d8-81d4-4ba4-850e-511263f8b213', '985e3781-8b9e-4ef4-9e97-e3e068c750b2', 'f6369252-8d68-4ea2-88f7-195d65a1b6ae', 'eec862e1-6023-4607-9eb0-ebc12358125c', 'ff345b23-fc9c-466a-b442-81dc1c3e0970', '4963522e-ca60-42fa-b398-c37d77924920', '21a3fd23-cd6b-4f84-95ff-fbd2842b2735', '4ea2a35c-11b0-4a29-a9ef-fe544fe9ee38', 'ec6f1c64-4866-490f-8f66-dfed849c436f', '443a0620-6c2f-4964-b5da-83d172330439', 'd9b3c55f-ed6a-4409-b238-17af9f176c0e', '3d00bdd9-554f-4e20-8393-0ab5ad445a12', 'ea3d138a-3d92-4650-b5ed-cef78d7bd81c', 'ae83635f-3059-48e5-99df-cde8a2923e95', '9826b497-2149-424b-96cd-89366e723e38', 'b1063040-db88-45bc-955f-f1fd695ee47e', '618f6080-637a-406b-b5d4-be41044663e9', '108c0705-cd79-4fb2-abe8-b425aae1e046', 'd950fc8e-156b-4a39-91da-151596ac8c08', '5444bb05-a0ee-4a8f-84b2-dc1fdd5eae10', '6bcffddb-3814-4012-a241-3a9ef2c97a52', 'b2140345-422d-42fa-8146-400c600f56a9']"
f28a339b-4a31-4e08-87b1-af2e4040bad0,13,"['8614d085-01a5-43cc-8371-b62c74b5d09b', '8614d085-01a5-43cc-8371-b62c74b5d09b', '8614d085-01a5-43cc-8371-b62c74b5d09b', '8614d085-01a5-43cc-8371-b62c74b5d09b', '8614d085-01a5-43cc-8371-b62c74b5d09b', '8614d085-01a5-43cc-8371-b62c74b5d09b', '8614d085-01a5-43cc-8371-b62c74b5d09b', '8614d085-01a5-43cc-8371-b62c74b5d09b', '8614d085-01a5-43cc-8371-b62c74b5d09b', '8614d085-01a5-43cc-8371-b62c74b5d09b', '8614d085-01a5-43cc-8371-b62c74b5d09b', '8614d085-01a5-43cc-8371-b62c74b5d09b', '8614d085-01a5-43cc-8371-b62c74b5d09b', '8614d085-01a5-43cc-8371-b62c74b5d09b', '8614d085-01a5-43cc-8371-b62c74b5d09b', '8614d085-01a5-43cc-8371-b62c74b5d09b', '8614d085-01a5-43cc-8371-b62c74b5d09b', '8614d085-01a5-43cc-8371-b62c74b5d09b', '8614d085-01a5-43cc-8371-b62c74b5d09b', '8614d085-01a5-43cc-8371-b62c74b5d09b', '8614d085-01a5-43cc-8371-b62c74b5d09b', '8614d085-01a5-43cc-8371-b62c74b5d09b', '8614d085-01a5-43cc-8371-b62c74b5d09b', '8614d085-01a5-43cc-8371-b62c74b5d09b', '8614d085-01a5-43cc-8371-b62c74b5d09b', '8614d085-01a5-43cc-8371-b62c74b5d09b', '8614d085-01a5-43cc-8371-b62c74b5d09b', '8614d085-01a5-43cc-8371-b62c74b5d09b', '8614d085-01a5-43cc-8371-b62c74b5d09b', '8614d085-01a5-43cc-8371-b62c74b5d09b', '8614d085-01a5-43cc-8371-b62c74b5d09b', '8614d085-01a5-43cc-8371-b62c74b5d09b', '8614d085-01a5-43cc-8371-b62c74b5d09b', '8614d085-01a5-43cc-8371-b62c74b5d09b', '8614d085-01a5-43cc-8371-b62c74b5d09b', '8614d085-01a5-43cc-8371-b62c74b5d09b', '8fbb26a5-240a-4af9-a2a8-7880a8cb98f9', '146fb13e-52d3-4b8e-9a30-0c47b1215718', 'a9ab29da-6d2d-47ca-ac36-e20c564e107a', 'a5d28b87-46e4-4873-b629-556ac33fb748', '64dc58e7-7b59-4adf-a898-d89603026086', 'bd14f5dd-fd53-4baa-a1a4-c947203c6cc4', 'e524402f-d159-4b43-afb7-7f9bc16815d1', 'ce960f55-7f1b-43bb-a731-047905ca0809', '871d78c2-e751-47c2-8c12-ae8e666fff59', '75ed0531-bcf6-46b3-b744-f775123bdef3', '5e4266eb-0b19-495c-85af-357098dfcfc6', '0090e325-4b3b-494b-886a-e13ea1b7be8f', 'b2439eff-2186-4d10-a690-0a08743909a0', 'e16096f6-75c5-4f1e-9f07-37b398a9738a']"
4f17fb72-0e35-4ed9-9684-b77401d36254,13,"['ef381923-128d-440b-a6ec-fdf5652d45ec', 'ef381923-128d-440b-a6ec-fdf5652d45ec', 'ef381923-128d-440b-a6ec-fdf5652d45ec', 'ef381923-128d-440b-a6ec-fdf5652d45ec', 'ef381923-128d-440b-a6ec-fdf5652d45ec', 'ef381923-128d-440b-a6ec-fdf5652d45ec', 'ef381923-128d-440b-a6ec-fdf5652d45ec', 'ef381923-128d-440b-a6ec-fdf5652d45ec', 'ef381923-128d-440b-a6ec-fdf5652d45ec', 'ef381923-128d-440b-a6ec-fdf5652d45ec', 'ef381923-128d-440b-a6ec-fdf5652d45ec', 'ef381923-128d-440b-a6ec-fdf5652d45ec', 'ef381923-128d-440b-a6ec-fdf5652d45ec', 'ef381923-128d-440b-a6ec-fdf5652d45ec', 'ef381923-128d-440b-a6ec-fdf5652d45ec', 'ef381923-128d-440b-a6ec-fdf5652d45ec', 'ef381923-128d-440b-a6ec-fdf5652d45ec', 'ef381923-128d-440b-a6ec-fdf5652d45ec', 'ef381923-128d-440b-a6ec-fdf5652d45ec', '985e3781-8b9e-4ef4-9e97-e3e068c750b2', 'f6369252-8d68-4ea2-88f7-195d65a1b6ae', 'eec862e1-6023-4607-9eb0-ebc12358125c', 'ff345b23-fc9c-466a-b442-81dc1c3e0970', '4963522e-ca60-42fa-b398-c37d77924920', '4ea2a35c-11b0-4a29-a9ef-fe544fe9ee38', '443a0620-6c2f-4964-b5da-83d172330439', 'd9b3c55f-ed6a-4409-b238-17af9f176c0e', '3d00bdd9-554f-4e20-8393-0ab5ad445a12', 'ea3d138a-3d92-4650-b5ed-cef78d7bd81c', 'ae83635f-3059-48e5-99df-cde8a2923e95', '9826b497-2149-424b-96cd-89366e723e38', 'b1063040-db88-45bc-955f-f1fd695ee47e', '618f6080-637a-406b-b5d4-be41044663e9', 'd950fc8e-156b-4a39-91da-151596ac8c08', '6bcffddb-3814-4012-a241-3a9ef2c97a52', 'b2140345-422d-42fa-8146-400c600f56a9', '3051f8a6-4200-4e11-b070-b52843f9c86b', 'a41e750b-dc65-4de1-aeda-c6cf626c66f5', 'd8f9377a-369a-4952-ad38-c50422be7988', '9917a780-e7a5-4a66-9524-9845239a6cdc', 'a213dd81-84a0-41f3-9bcc-3082e64c9500', 'd996575e-e352-4ce4-ae76-c681d79d3326', '2a8af527-6420-4a3b-be42-1b6659041091', 'f34df1d2-e643-48b9-87aa-4bd6f9d0bd7f', '5d808dee-29d1-4c4c-ab9b-6473be9c8969', 'a012b630-8b79-4692-b5fe-de78cffbb4b9', '7e83b0cc-fa6f-4188-bec3-ec6e2b0a4fe8', '8bb4b9d3-9b32-427c-b10a-166a770d5252', '225f3f77-4d6b-4ab2-b235-72e6302e9dad', 'efe6c4e7-cd68-4b1f-9143-dcc260c9156b']"
f28a339b-4a31-4e08-87b1-af2e4040bad0,14,"['8614d085-01a5-43cc-8371-b62c74b5d09b', '8614d085-01a5-43cc-8371-b62c74b5d09b', '8614d085-01a5-43cc-8371-b62c74b5d09b', '8614d085-01a5-43cc-8371-b62c74b5d09b', '8614d085-01a5-43cc-8371-b62c74b5d09b', '8614d085-01a5-43cc-8371-b62c74b5d09b', '8614d085-01a5-43cc-8371-b62c74b5d09b', '8614d085-01a5-43cc-8371-b62c74b5d09b', '8614d085-01a5-43cc-8371-b62c74b5d09b', '8614d085-01a5-43cc-8371-b62c74b5d09b', '8614d085-01a5-43cc-8371-b62c74b5d09b', '8614d085-01a5-43cc-8371-b62c74b5d09b', '8614d085-01a5-43cc-8371-b62c74b5d09b', '8614d085-01a5-43cc-8371-b62c74b5d09b', '8614d085-01a5-43cc-8371-b62c74b5d09b', '8614d085-01a5-43cc-8371-b62c74b5d09b', '8614d085-01a5-43cc-8371-b62c74b5d09b', '8614d085-01a5-43cc-8371-b62c74b5d09b', '8614d085-01a5-43cc-8371-b62c74b5d09b', '8614d085-01a5-43cc-8371-b62c74b5d09b', '8614d085-01a5-43cc-8371-b62c74b5d09b', '8614d085-01a5-43cc-8371-b62c74b5d09b', '8614d085-01a5-43cc-8371-b62c74b5d09b', '8614d085-01a5-43cc-8371-b62c74b5d09b', '8614d085-01a5-43cc-8371-b62c74b5d09b', '8614d085-01a5-43cc-8371-b62c74b5d09b', '8614d085-01a5-43cc-8371-b62c74b5d09b', '8fbb26a5-240a-4af9-a2a8-7880a8cb98f9', 'a9ab29da-6d2d-47ca-ac36-e20c564e107a', 'a5d28b87-46e4-4873-b629-556ac33fb748', '64dc58e7-7b59-4adf-a898-d89603026086', 'bd14f5dd-fd53-4baa-a1a4-c947203c6cc4', 'e524402f-d159-4b43-afb7-7f9bc16815d1', 'ce960f55-7f1b-43bb-a731-047905ca0809', '871d78c2-e751-47c2-8c12-ae8e666fff59', '75ed0531-bcf6-46b3-b744-f775123bdef3', '5e4266eb-0b19-495c-85af-357098dfcfc6', 'b2439eff-2186-4d10-a690-0a08743909a0', 'e16096f6-75c5-4f1e-9f07-37b398a9738a', 'c7e8bc5f-6159-47df-9974-97c0dd4d8920', '25948012-bae1-4d40-904a-124471cf92ed', 'acc2d3f7-2166-4557-8a29-3a9b86481a1c', '013a1182-40e3-42a6-a0a0-b6145782092c', 'b25f1b57-2583-43f4-ab04-c1bacd5b67ea', 'a96e4bf2-f255-40c5-ad50-8c6c49e74225', 'f0ff58b2-af42-4035-aa2c-4b7b85803e7e', '210e07d8-dc61-4c24-a883-995a37bad3d8', 'c465e5ce-b4b5-4def-8b74-0cd38dd8abb5', '56ed4eb2-fe16-4a15-a5db-3b5c6638fb2e', '9db506ae-355f-4586-89ae-10bc5d3da363']"
4f17fb72-0e35-4ed9-9684-b77401d36254,14,"['ef381923-128d-440b-a6ec-fdf5652d45ec', 'ef381923-128d-440b-a6ec-fdf5652d45ec', 'ef381923-128d-440b-a6ec-fdf5652d45ec', 'ef381923-128d-440b-a6ec-fdf5652d45ec', 'ef381923-128d-440b-a6ec-fdf5652d45ec', 'ef381923-128d-440b-a6ec-fdf5652d45ec', 'ef381923-128d-440b-a6ec-fdf5652d45ec', 'ef381923-128d-440b-a6ec-fdf5652d45ec', 'ef381923-128d-440b-a6ec-fdf5652d45ec', 'ef381923-128d-440b-a6ec-fdf5652d45ec', 'ef381923-128d-440b-a6ec-fdf5652d45ec', 'ef381923-128d-440b-a6ec-fdf5652d45ec', 'ef381923-128d-440b-a6ec-fdf5652d45ec', 'ef381923-128d-440b-a6ec-fdf5652d45ec', 'ef381923-128d-440b-a6ec-fdf5652d45ec', 'ef381923-128d-440b-a6ec-fdf5652d45ec', 'ef381923-128d-440b-a6ec-fdf5652d45ec', 'ef381923-128d-440b-a6ec-fdf5652d45ec', 'ef381923-128d-440b-a6ec-fdf5652d45ec', 'ef381923-128d-440b-a6ec-fdf5652d45ec', 'ef381923-128d-440b-a6ec-fdf5652d45ec', 'ef381923-128d-440b-a6ec-fdf5652d45ec', 'ef381923-128d-440b-a6ec-fdf5652d45ec', 'ef381923-128d-440b-a6ec-fdf5652d45ec', 'ef381923-128d-440b-a6ec-fdf5652d45ec', 'ef381923-128d-440b-a6ec-fdf5652d45ec', 'ef381923-128d-440b-a6ec-fdf5652d45ec', 'ef381923-128d-440b-a6ec-fdf5652d45ec', 'ef381923-128d-440b-a6ec-fdf5652d45ec', 'ef381923-128d-440b-a6ec-fdf5652d45ec', 'ef381923-128d-440b-a6ec-fdf5652d45ec', 'ef381923-128d-440b-a6ec-fdf5652d45ec', 'ef381923-128d-440b-a6ec-fdf5652d45ec', 'ef381923-128d-440b-a6ec-fdf5652d45ec', 'ef381923-128d-440b-a6ec-fdf5652d45ec', 'ef381923-128d-440b-a6ec-fdf5652d45ec', 'ef381923-128d-440b-a6ec-fdf5652d45ec', 'ef381923-128d-440b-a6ec-fdf5652d45ec', 'ef381923-128d-440b-a6ec-fdf5652d45ec', 'ef381923-128d-440b-a6ec-fdf5652d45ec', 'ef381923-128d-440b-a6ec-fdf5652d45ec', 'ef381923-128d-440b-a6ec-fdf5652d45ec', 'b813f383-eeea-4b33-9071-9d4167f3ccff', '1118d95c-8474-4495-bedd-d6b4ad38f465', '5da2c47d-9f46-4880-8306-a4ac9b936bf1', '15414d80-576f-418e-989e-f05f7a7677be', 'f2869510-3632-4725-b051-3a1a228437af', 'f5ca521a-296c-4507-a0d6-709682ebb486', '81cbaeda-305d-4f31-a463-ae9d980963f3', 'fb4624cd-53ce-4719-8aad-5c5197ed8b0b']"
f28a339b-4a31-4e08-87b1-af2e4040bad0,15,"['8614d085-01a5-43cc-8371-b62c74b5d09b', '8614d085-01a5-43cc-8371-b62c74b5d09b', '8614d085-01a5-43cc-8371-b62c74b5d09b', '8614d085-01a5-43cc-8371-b62c74b5d09b', '8614d085-01a5-43cc-8371-b62c74b5d09b', '8614d085-01a5-43cc-8371-b62c74b5d09b', '8614d085-01a5-43cc-8371-b62c74b5d09b', '8614d085-01a5-43cc-8371-b62c74b5d09b', '8614d085-01a5-43cc-8371-b62c74b5d09b', '8614d085-01a5-43cc-8371-b62c74b5d09b', '8614d085-01a5-43cc-8371-b62c74b5d09b', '8614d085-01a5-43cc-8371-b62c74b5d09b', '8614d085-01a5-43cc-8371-b62c74b5d09b', '8614d085-01a5-43cc-8371-b62c74b5d09b', '8614d085-01a5-43cc-8371-b62c74b5d09b', '8614d085-01a5-43cc-8371-b62c74b5d09b', '8614d085-01a5-43cc-8371-b62c74b5d09b', '8614d085-01a5-43cc-8371-b62c74b5d09b', '8614d085-01a5-43cc-8371-b62c74b5d09b', '8614d085-01a5-43cc-8371-b62c74b5d09b', '8614d085-01a5-43cc-8371-b62c74b5d09b', '8614d085-01a5-43cc-8371-b62c74b5d09b', '8fbb26a5-240a-4af9-a2a8-7880a8cb98f9', 'a9ab29da-6d2d-47ca-ac36-e20c564e107a', 'a5d28b87-46e4-4873-b629-556ac33fb748', '64dc58e7-7b59-4adf-a898-d89603026086', 'bd14f5dd-fd53-4baa-a1a4-c947203c6cc4', 'e524402f-d159-4b43-afb7-7f9bc16815d1', 'ce960f55-7f1b-43bb-a731-047905ca0809', '871d78c2-e751-47c2-8c12-ae8e666fff59', '5e4266eb-0b19-495c-85af-357098dfcfc6', 'c7e8bc5f-6159-47df-9974-97c0dd4d8920', '25948012-bae1-4d40-904a-124471cf92ed', 'acc2d3f7-2166-4557-8a29-3a9b86481a1c', 'b25f1b57-2583-43f4-ab04-c1bacd5b67ea', 'a96e4bf2-f255-40c5-ad50-8c6c49e74225', 'f0ff58b2-af42-4035-aa2c-4b7b85803e7e', '210e07d8-dc61-4c24-a883-995a37bad3d8', 'c465e5ce-b4b5-4def-8b74-0cd38dd8abb5', '56ed4eb2-fe16-4a15-a5db-3b5c6638fb2e', '9db506ae-355f-4586-89ae-10bc5d3da363', 'a4b13f22-6e97-40fc-9c1d-e73e56ded353', 'e7059a54-577a-43e5-ad48-8482f55290ce', '1c688e99-d0e5-43c6-bb59-6c4e63d583eb', '8e2666f5-4915-40a3-96ca-d3dacf7df959', '38fa880a-39c5-464a-8075-c22bf53785d6', '08c10528-ed91-4cea-88fa-428b93e11d86', '69f0dfe6-d303-454a-811f-12bb38d5921f', 'af46f299-37de-449e-8113-29c90cd6a210', '5b478dca-53b0-4b3e-8fef-51752da62e63']"
7f783c4e-7465-42ec-b737-293f24a1296b,0,"['f2fcd539-788b-4663-979c-2dbbb8ca8f73', 'f2fcd539-788b-4663-979c-2dbbb8ca8f73', 'f2fcd539-788b-4663-979c-2dbbb8ca8f73', 'f2fcd539-788b-4663-979c-2dbbb8ca8f73', 'f2fcd539-788b-4663-979c-2dbbb8ca8f73', 'f2fcd539-788b-4663-979c-2dbbb8ca8f73', 'f2fcd539-788b-4663-979c-2dbbb8ca8f73', 'f2fcd539-788b-4663-979c-2dbbb8ca8f73', 'f2fcd539-788b-4663-979c-2dbbb8ca8f73', 'f2fcd539-788b-4663-979c-2dbbb8ca8f73', 'f2fcd539-788b-4663-979c-2dbbb8ca8f73', 'f2fcd539-788b-4663-979c-2dbbb8ca8f73', 'f2fcd539-788b-4663-979c-2dbbb8ca8f73', 'f2fcd539-788b-4663-979c-2dbbb8ca8f73', 'f2fcd539-788b-4663-979c-2dbbb8ca8f73', 'f2fcd539-788b-4663-979c-2dbbb8ca8f73', 'f2fcd539-788b-4663-979c-2dbbb8ca8f73', 'f2fcd539-788b-4663-979c-2dbbb8ca8f73', 'f2fcd539-788b-4663-979c-2dbbb8ca8f73', 'f2fcd539-788b-4663-979c-2dbbb8ca8f73', 'f2fcd539-788b-4663-979c-2dbbb8ca8f73', 'f2fcd539-788b-4663-979c-2dbbb8ca8f73', 'f2fcd539-788b-4663-979c-2dbbb8ca8f73', 'f2fcd539-788b-4663-979c-2dbbb8ca8f73', 'f2fcd539-788b-4663-979c-2dbbb8ca8f73', 'f2fcd539-788b-4663-979c-2dbbb8ca8f73', 'f2fcd539-788b-4663-979c-2dbbb8ca8f73', 'f2fcd539-788b-4663-979c-2dbbb8ca8f73', 'f2fcd539-788b-4663-979c-2dbbb8ca8f73', 'f2fcd539-788b-4663-979c-2dbbb8ca8f73', 'f2fcd539-788b-4663-979c-2dbbb8ca8f73', 'f2fcd539-788b-4663-979c-2dbbb8ca8f73', 'f2fcd539-788b-4663-979c-2dbbb8ca8f73', 'f2fcd539-788b-4663-979c-2dbbb8ca8f73', 'f2fcd539-788b-4663-979c-2dbbb8ca8f73', 'f2fcd539-788b-4663-979c-2dbbb8ca8f73', 'f2fcd539-788b-4663-979c-2dbbb8ca8f73', 'f2fcd539-788b-4663-979c-2dbbb8ca8f73', 'f2fcd539-788b-4663-979c-2dbbb8ca8f73', 'f2fcd539-788b-4663-979c-2dbbb8ca8f73', 'f2fcd539-788b-4663-979c-2dbbb8ca8f73', 'f2fcd539-788b-4663-979c-2dbbb8ca8f73', 'f2fcd539-788b-4663-979c-2dbbb8ca8f73', 'f2fcd539-788b-4663-979c-2dbbb8ca8f73', 'f2fcd539-788b-4663-979c-2dbbb8ca8f73', 'f2fcd539-788b-4663-979c-2dbbb8ca8f73', 'f2fcd539-788b-4663-979c-2dbbb8ca8f73', 'f2fcd539-788b-4663-979c-2dbbb8ca8f73', 'f2fcd539-788b-4663-979c-2dbbb8ca8f73', 'f2fcd539-788b-4663-979c-2dbbb8ca8f73']"
4f17fb72-0e35-4ed9-9684-b77401d36254,15,"['ef381923-128d-440b-a6ec-fdf5652d45ec', 'ef381923-128d-440b-a6ec-fdf5652d45ec', 'ef381923-128d-440b-a6ec-fdf5652d45ec', 'ef381923-128d-440b-a6ec-fdf5652d45ec', 'ef381923-128d-440b-a6ec-fdf5652d45ec', 'ef381923-128d-440b-a6ec-fdf5652d45ec', 'ef381923-128d-440b-a6ec-fdf5652d45ec', 'ef381923-128d-440b-a6ec-fdf5652d45ec', 'ef381923-128d-440b-a6ec-fdf5652d45ec', 'ef381923-128d-440b-a6ec-fdf5652d45ec', 'ef381923-128d-440b-a6ec-fdf5652d45ec', 'ef381923-128d-440b-a6ec-fdf5652d45ec', 'ef381923-128d-440b-a6ec-fdf5652d45ec', 'ef381923-128d-440b-a6ec-fdf5652d45ec', 'ef381923-128d-440b-a6ec-fdf5652d45ec', 'ef381923-128d-440b-a6ec-fdf5652d45ec', 'ef381923-128d-440b-a6ec-fdf5652d45ec', 'ef381923-128d-440b-a6ec-fdf5652d45ec', 'ef381923-128d-440b-a6ec-fdf5652d45ec', 'ef381923-128d-440b-a6ec-fdf5652d45ec', 'ef381923-128d-440b-a6ec-fdf5652d45ec', 'ef381923-128d-440b-a6ec-fdf5652d45ec', 'ef381923-128d-440b-a6ec-fdf5652d45ec', 'ef381923-128d-440b-a6ec-fdf5652d45ec', 'ef381923-128d-440b-a6ec-fdf5652d45ec', 'ef381923-128d-440b-a6ec-fdf5652d45ec', 'ef381923-128d-440b-a6ec-fdf5652d45ec', 'ef381923-128d-440b-a6ec-fdf5652d45ec', 'ef381923-128d-440b-a6ec-fdf5652d45ec', 'ef381923-128d-440b-a6ec-fdf5652d45ec', '5da2c47d-9f46-4880-8306-a4ac9b936bf1', '15414d80-576f-418e-989e-f05f7a7677be', 'f2869510-3632-4725-b051-3a1a228437af', '81cbaeda-305d-4f31-a463-ae9d980963f3', 'fb4624cd-53ce-4719-8aad-5c5197ed8b0b', 'a3b0083d-98a6-473d-b62c-dc3f18c350d4', '3f4a10f1-dbaf-4ac0-91ad-bac82d3a3e60', '07de9f3e-ba15-49b2-83b0-c19e1bc1e745', 'be07fa1b-b7d3-49de-aeda-d4d4dc3ae412', 'e9f06adc-dc45-4ce2-943d-aee4e0cd642c', 'd7714d32-7f74-45d1-ab9a-8729ea2cf97a', '63cf8157-c112-445f-9bc1-e6890810ddaf', '4d2a862f-6875-4329-8d99-b1457c4af0b6', '9a552945-d168-4269-8d4c-6b3bcf6a6b84', '0066f807-cbc2-43e1-ba6a-8d47cd50104f', '711104da-3e97-4ec3-bd37-59b77bae62c0', '320e85f8-f45b-4c3b-8c05-abb3e27dbfaf', 'bfc078d1-7b41-4b8e-acca-374598ed8ee2', '4e2f5836-ced2-4e78-874b-0465e10fa595', '54ff79c8-dfc1-4a8e-a83d-585871d4af40']"
7f783c4e-7465-42ec-b737-293f24a1296b,1,"['f2fcd539-788b-4663-979c-2dbbb8ca8f73', 'f2fcd539-788b-4663-979c-2dbbb8ca8f73', 'f2fcd539-788b-4663-979c-2dbbb8ca8f73', 'f2fcd539-788b-4663-979c-2dbbb8ca8f73', 'f2fcd539-788b-4663-979c-2dbbb8ca8f73', 'f2fcd539-788b-4663-979c-2dbbb8ca8f73', 'f2fcd539-788b-4663-979c-2dbbb8ca8f73', 'f2fcd539-788b-4663-979c-2dbbb8ca8f73', 'f2fcd539-788b-4663-979c-2dbbb8ca8f73', 'f2fcd539-788b-4663-979c-2dbbb8ca8f73', 'f2fcd539-788b-4663-979c-2dbbb8ca8f73', 'f2fcd539-788b-4663-979c-2dbbb8ca8f73', 'f2fcd539-788b-4663-979c-2dbbb8ca8f73', 'f2fcd539-788b-4663-979c-2dbbb8ca8f73', 'f2fcd539-788b-4663-979c-2dbbb8ca8f73', 'f2fcd539-788b-4663-979c-2dbbb8ca8f73', 'f2fcd539-788b-4663-979c-2dbbb8ca8f73', 'f2fcd539-788b-4663-979c-2dbbb8ca8f73', 'f2fcd539-788b-4663-979c-2dbbb8ca8f73', 'f2fcd539-788b-4663-979c-2dbbb8ca8f73', 'f2fcd539-788b-4663-979c-2dbbb8ca8f73', 'f2fcd539-788b-4663-979c-2dbbb8ca8f73', 'f2fcd539-788b-4663-979c-2dbbb8ca8f73', 'f2fcd539-788b-4663-979c-2dbbb8ca8f73', 'f2fcd539-788b-4663-979c-2dbbb8ca8f73', 'f2fcd539-788b-4663-979c-2dbbb8ca8f73', 'f2fcd539-788b-4663-979c-2dbbb8ca8f73', 'f2fcd539-788b-4663-979c-2dbbb8ca8f73', 'f2fcd539-788b-4663-979c-2dbbb8ca8f73', 'f2fcd539-788b-4663-979c-2dbbb8ca8f73', 'f2fcd539-788b-4663-979c-2dbbb8ca8f73', 'f2fcd539-788b-4663-979c-2dbbb8ca8f73', 'f2fcd539-788b-4663-979c-2dbbb8ca8f73', 'f2fcd539-788b-4663-979c-2dbbb8ca8f73', 'f2fcd539-788b-4663-979c-2dbbb8ca8f73', 'f2fcd539-788b-4663-979c-2dbbb8ca8f73', 'f2fcd539-788b-4663-979c-2dbbb8ca8f73', 'f2fcd539-788b-4663-979c-2dbbb8ca8f73', 'f2fcd539-788b-4663-979c-2dbbb8ca8f73', 'f2fcd539-788b-4663-979c-2dbbb8ca8f73', 'f2fcd539-788b-4663-979c-2dbbb8ca8f73', 'f2fcd539-788b-4663-979c-2dbbb8ca8f73', 'f2fcd539-788b-4663-979c-2dbbb8ca8f73', 'f2fcd539-788b-4663-979c-2dbbb8ca8f73', '60f3b9ee-5b19-48cd-b6b5-d460131c4ce7', '1ffa42bf-ef36-4220-a14c-121c710102c4', '78e5ebfa-f39c-4301-a741-79bcca0cbe0e', '1e21e841-2f1e-45e5-8e25-b498063c56db', '145e9d74-c139-4974-9b1d-b9db3e8ec4dd', '07c47370-e372-43a0-b94c-74c7de5b7c96']"
46cc0952-d1f3-47ba-8841-bc5abf8a4630,0,"['6879cdc6-884a-43c0-bb3d-247544445265', '6879cdc6-884a-43c0-bb3d-247544445265', '6879cdc6-884a-43c0-bb3d-247544445265', '6879cdc6-884a-43c0-bb3d-247544445265', '6879cdc6-884a-43c0-bb3d-247544445265', '6879cdc6-884a-43c0-bb3d-247544445265', '6879cdc6-884a-43c0-bb3d-247544445265', '6879cdc6-884a-43c0-bb3d-247544445265', '6879cdc6-884a-43c0-bb3d-247544445265', '6879cdc6-884a-43c0-bb3d-247544445265', '6879cdc6-884a-43c0-bb3d-247544445265', '6879cdc6-884a-43c0-bb3d-247544445265', '6879cdc6-884a-43c0-bb3d-247544445265', '6879cdc6-884a-43c0-bb3d-247544445265', '6879cdc6-884a-43c0-bb3d-247544445265', '6879cdc6-884a-43c0-bb3d-247544445265', '6879cdc6-884a-43c0-bb3d-247544445265', '6879cdc6-884a-43c0-bb3d-247544445265', '6879cdc6-884a-43c0-bb3d-247544445265', '6879cdc6-884a-43c0-bb3d-247544445265', '6879cdc6-884a-43c0-bb3d-247544445265', '6879cdc6-884a-43c0-bb3d-247544445265', '6879cdc6-884a-43c0-bb3d-247544445265', '6879cdc6-884a-43c0-bb3d-247544445265', '6879cdc6-884a-43c0-bb3d-247544445265', '6879cdc6-884a-43c0-bb3d-247544445265', '6879cdc6-884a-43c0-bb3d-247544445265', '6879cdc6-884a-43c0-bb3d-247544445265', '6879cdc6-884a-43c0-bb3d-247544445265', '6879cdc6-884a-43c0-bb3d-247544445265', '6879cdc6-884a-43c0-bb3d-247544445265', '6879cdc6-884a-43c0-bb3d-247544445265', '6879cdc6-884a-43c0-bb3d-247544445265', '6879cdc6-884a-43c0-bb3d-247544445265', '6879cdc6-884a-43c0-bb3d-247544445265', '6879cdc6-884a-43c0-bb3d-247544445265', '6879cdc6-884a-43c0-bb3d-247544445265', '6879cdc6-884a-43c0-bb3d-247544445265', '6879cdc6-884a-43c0-bb3d-247544445265', '6879cdc6-884a-43c0-bb3d-247544445265', '6879cdc6-884a-43c0-bb3d-247544445265', '6879cdc6-884a-43c0-bb3d-247544445265', '6879cdc6-884a-43c0-bb3d-247544445265', '6879cdc6-884a-43c0-bb3d-247544445265', '6879cdc6-884a-43c0-bb3d-247544445265', '6879cdc6-884a-43c0-bb3d-247544445265', '6879cdc6-884a-43c0-bb3d-247544445265', '6879cdc6-884a-43c0-bb3d-247544445265', '6879cdc6-884a-43c0-bb3d-247544445265', '6879cdc6-884a-43c0-bb3d-247544445265']"
7f783c4e-7465-42ec-b737-293f24a1296b,2,"['f2fcd539-788b-4663-979c-2dbbb8ca8f73', 'f2fcd539-788b-4663-979c-2dbbb8ca8f73', 'f2fcd539-788b-4663-979c-2dbbb8ca8f73', 'f2fcd539-788b-4663-979c-2dbbb8ca8f73', 'f2fcd539-788b-4663-979c-2dbbb8ca8f73', 'f2fcd539-788b-4663-979c-2dbbb8ca8f73', 'f2fcd539-788b-4663-979c-2dbbb8ca8f73', 'f2fcd539-788b-4663-979c-2dbbb8ca8f73', 'f2fcd539-788b-4663-979c-2dbbb8ca8f73', 'f2fcd539-788b-4663-979c-2dbbb8ca8f73', 'f2fcd539-788b-4663-979c-2dbbb8ca8f73', 'f2fcd539-788b-4663-979c-2dbbb8ca8f73', 'f2fcd539-788b-4663-979c-2dbbb8ca8f73', 'f2fcd539-788b-4663-979c-2dbbb8ca8f73', 'f2fcd539-788b-4663-979c-2dbbb8ca8f73', 'f2fcd539-788b-4663-979c-2dbbb8ca8f73', 'f2fcd539-788b-4663-979c-2dbbb8ca8f73', 'f2fcd539-788b-4663-979c-2dbbb8ca8f73', 'f2fcd539-788b-4663-979c-2dbbb8ca8f73', 'f2fcd539-788b-4663-979c-2dbbb8ca8f73', 'f2fcd539-788b-4663-979c-2dbbb8ca8f73', 'f2fcd539-788b-4663-979c-2dbbb8ca8f73', 'f2fcd539-788b-4663-979c-2dbbb8ca8f73', 'f2fcd539-788b-4663-979c-2dbbb8ca8f73', 'f2fcd539-788b-4663-979c-2dbbb8ca8f73', 'f2fcd539-788b-4663-979c-2dbbb8ca8f73', 'f2fcd539-788b-4663-979c-2dbbb8ca8f73', 'f2fcd539-788b-4663-979c-2dbbb8ca8f73', 'f2fcd539-788b-4663-979c-2dbbb8ca8f73', 'f2fcd539-788b-4663-979c-2dbbb8ca8f73', '60f3b9ee-5b19-48cd-b6b5-d460131c4ce7', '78e5ebfa-f39c-4301-a741-79bcca0cbe0e', '145e9d74-c139-4974-9b1d-b9db3e8ec4dd', '07c47370-e372-43a0-b94c-74c7de5b7c96', 'a6893829-f43c-4f37-bd69-9a5254a28bb4', '8807dcc6-7994-4e57-809a-cf9a66f004f6', 'ec010951-a259-42df-8c4c-c869fee36052', '45e5b089-4e76-4528-8b5a-33d1fc650426', '007da3c8-88a7-4875-8b7b-d8ef9dd2a671', '38b0ee22-4302-425f-af2f-df204818316d', 'dfe6d848-8e73-4d07-a854-5b14191cf758', 'fd45f1e3-dd8f-4384-97a9-b818af142cb9', '548dfc78-3e1a-42fa-9b75-7fecff120395', '528c78e0-4566-4486-bde3-9fcbbb61dadc', '7e422b79-3ef2-4796-81e5-1898e3c7dc7f', '9c5ddfc2-9e14-4c62-bf51-4a893a5e6f08', 'd94a08cc-6f93-4479-82e4-b1ad10ea00ca', 'be9f38c5-1c2d-46e4-9b20-9adde6f37507', '624e9b3d-2fd0-490c-a505-f91ca9db4fc2', '66d77219-0ba7-46d4-9941-5c016a88840b']"
7f783c4e-7465-42ec-b737-293f24a1296b,3,"['f2fcd539-788b-4663-979c-2dbbb8ca8f73', 'f2fcd539-788b-4663-979c-2dbbb8ca8f73', 'f2fcd539-788b-4663-979c-2dbbb8ca8f73', 'f2fcd539-788b-4663-979c-2dbbb8ca8f73', 'f2fcd539-788b-4663-979c-2dbbb8ca8f73', 'f2fcd539-788b-4663-979c-2dbbb8ca8f73', 'f2fcd539-788b-4663-979c-2dbbb8ca8f73', 'f2fcd539-788b-4663-979c-2dbbb8ca8f73', 'f2fcd539-788b-4663-979c-2dbbb8ca8f73', 'f2fcd539-788b-4663-979c-2dbbb8ca8f73', 'f2fcd539-788b-4663-979c-2dbbb8ca8f73', 'f2fcd539-788b-4663-979c-2dbbb8ca8f73', 'f2fcd539-788b-4663-979c-2dbbb8ca8f73', 'f2fcd539-788b-4663-979c-2dbbb8ca8f73', 'f2fcd539-788b-4663-979c-2dbbb8ca8f73', 'f2fcd539-788b-4663-979c-2dbbb8ca8f73', 'f2fcd539-788b-4663-979c-2dbbb8ca8f73', 'f2fcd539-788b-4663-979c-2dbbb8ca8f73', 'f2fcd539-788b-4663-979c-2dbbb8ca8f73', 'f2fcd539-788b-4663-979c-2dbbb8ca8f73', 'f2fcd539-788b-4663-979c-2dbbb8ca8f73', 'f2fcd539-788b-4663-979c-2dbbb8ca8f73', 'f2fcd539-788b-4663-979c-2dbbb8ca8f73', 'f2fcd539-788b-4663-979c-2dbbb8ca8f73', 'f2fcd539-788b-4663-979c-2dbbb8ca8f73', '60f3b9ee-5b19-48cd-b6b5-d460131c4ce7', '78e5ebfa-f39c-4301-a741-79bcca0cbe0e', '07c47370-e372-43a0-b94c-74c7de5b7c96', '8807dcc6-7994-4e57-809a-cf9a66f004f6', '45e5b089-4e76-4528-8b5a-33d1fc650426', '007da3c8-88a7-4875-8b7b-d8ef9dd2a671', '38b0ee22-4302-425f-af2f-df204818316d', 'dfe6d848-8e73-4d07-a854-5b14191cf758', '548dfc78-3e1a-42fa-9b75-7fecff120395', '528c78e0-4566-4486-bde3-9fcbbb61dadc', '7e422b79-3ef2-4796-81e5-1898e3c7dc7f', 'd94a08cc-6f93-4479-82e4-b1ad10ea00ca', 'be9f38c5-1c2d-46e4-9b20-9adde6f37507', '624e9b3d-2fd0-490c-a505-f91ca9db4fc2', '66d77219-0ba7-46d4-9941-5c016a88840b', 'a47b5b53-7297-470f-b8cc-e72550f953cb', 'dcb4e74b-c2c0-4cb9-a7af-058bae328540', '4fbc665f-c2dc-42a0-a74a-fa5ef0024c52', 'b475daae-a1bf-44a6-983b-4c72d97c1219', 'c24034b3-bc22-40ef-b343-4618ccc937b7', '5f87479b-575d-4031-99be-11b5ffe8b11b', '3aeb7fa8-59a5-4210-a268-8ddbeb6c796f', 'ba873f72-4b96-434a-a595-367498662f8d', 'f07507b1-0bdb-4d8a-b9c7-509c38db64e5', '35b83615-3e5a-4775-bc92-0bb81873b8e9']"
46cc0952-d1f3-47ba-8841-bc5abf8a4630,1,"['6879cdc6-884a-43c0-bb3d-247544445265', '6879cdc6-884a-43c0-bb3d-247544445265', '6879cdc6-884a-43c0-bb3d-247544445265', '6879cdc6-884a-43c0-bb3d-247544445265', '6879cdc6-884a-43c0-bb3d-247544445265', '6879cdc6-884a-43c0-bb3d-247544445265', '6879cdc6-884a-43c0-bb3d-247544445265', '6879cdc6-884a-43c0-bb3d-247544445265', '6879cdc6-884a-43c0-bb3d-247544445265', '6879cdc6-884a-43c0-bb3d-247544445265', '6879cdc6-884a-43c0-bb3d-247544445265', '6879cdc6-884a-43c0-bb3d-247544445265', '6879cdc6-884a-43c0-bb3d-247544445265', '6879cdc6-884a-43c0-bb3d-247544445265', '6879cdc6-884a-43c0-bb3d-247544445265', '6879cdc6-884a-43c0-bb3d-247544445265', '6879cdc6-884a-43c0-bb3d-247544445265', '6879cdc6-884a-43c0-bb3d-247544445265', '6879cdc6-884a-43c0-bb3d-247544445265', '6879cdc6-884a-43c0-bb3d-247544445265', '6879cdc6-884a-43c0-bb3d-247544445265', '6879cdc6-884a-43c0-bb3d-247544445265', '6879cdc6-884a-43c0-bb3d-247544445265', '6879cdc6-884a-43c0-bb3d-247544445265', '6879cdc6-884a-43c0-bb3d-247544445265', '6879cdc6-884a-43c0-bb3d-247544445265', '6879cdc6-884a-43c0-bb3d-247544445265', '6879cdc6-884a-43c0-bb3d-247544445265', '6879cdc6-884a-43c0-bb3d-247544445265', '6879cdc6-884a-43c0-bb3d-247544445265', '6879cdc6-884a-43c0-bb3d-247544445265', '6879cdc6-884a-43c0-bb3d-247544445265', '6879cdc6-884a-43c0-bb3d-247544445265', 'cf33f52c-c007-49a2-973e-600e917b824f', 'c4b77c2c-8c48-4b0b-9adb-bf937680dc42', '457046e8-2e65-460e-907f-da3d008f8a93', '9bc4b54b-bee1-496b-be7a-3e6c1e1fe8a2', '5db852b4-7a77-4357-84a0-8300dee91c6d', 'e09af567-c271-41a6-a996-4988f9b85a3a', '6ad312ed-6c97-4bfb-88f1-2192985dbcaa', '53529837-0812-47b6-9057-5c42f4987540', '50eaa6a5-e8d7-48a4-a982-a34cdd1adeec', '9972f083-7a6c-4324-b896-4f477913f1c9', '358999b2-dc4e-4318-ba02-cb63719c6e3e', '18397946-f7cb-4cb1-ba5b-1abd50fe411e', '66aad3ad-0b17-45e0-abe8-0b27e467679d', '2e8d7677-166a-4969-b3ef-97ba0c795e38', 'a7472fd4-ae19-4010-be88-f6181bd138ec', 'b579c9be-c0d9-4309-ba27-8ed1e40f781e', '39be330d-e8d5-4550-9ace-05408b1c66ef']"
7f783c4e-7465-42ec-b737-293f24a1296b,4,"['f2fcd539-788b-4663-979c-2dbbb8ca8f73', 'f2fcd539-788b-4663-979c-2dbbb8ca8f73', 'f2fcd539-788b-4663-979c-2dbbb8ca8f73', 'f2fcd539-788b-4663-979c-2dbbb8ca8f73', 'f2fcd539-788b-4663-979c-2dbbb8ca8f73', 'f2fcd539-788b-4663-979c-2dbbb8ca8f73', 'f2fcd539-788b-4663-979c-2dbbb8ca8f73', 'f2fcd539-788b-4663-979c-2dbbb8ca8f73', 'f2fcd539-788b-4663-979c-2dbbb8ca8f73', 'f2fcd539-788b-4663-979c-2dbbb8ca8f73', 'f2fcd539-788b-4663-979c-2dbbb8ca8f73', 'f2fcd539-788b-4663-979c-2dbbb8ca8f73', 'f2fcd539-788b-4663-979c-2dbbb8ca8f73', 'f2fcd539-788b-4663-979c-2dbbb8ca8f73', 'f2fcd539-788b-4663-979c-2dbbb8ca8f73', 'f2fcd539-788b-4663-979c-2dbbb8ca8f73', 'f2fcd539-788b-4663-979c-2dbbb8ca8f73', 'f2fcd539-788b-4663-979c-2dbbb8ca8f73', 'f2fcd539-788b-4663-979c-2dbbb8ca8f73', 'f2fcd539-788b-4663-979c-2dbbb8ca8f73', 'f2fcd539-788b-4663-979c-2dbbb8ca8f73', '60f3b9ee-5b19-48cd-b6b5-d460131c4ce7', '78e5ebfa-f39c-4301-a741-79bcca0cbe0e', '07c47370-e372-43a0-b94c-74c7de5b7c96', '8807dcc6-7994-4e57-809a-cf9a66f004f6', '45e5b089-4e76-4528-8b5a-33d1fc650426', '007da3c8-88a7-4875-8b7b-d8ef9dd2a671', '38b0ee22-4302-425f-af2f-df204818316d', 'dfe6d848-8e73-4d07-a854-5b14191cf758', '548dfc78-3e1a-42fa-9b75-7fecff120395', '528c78e0-4566-4486-bde3-9fcbbb61dadc', '7e422b79-3ef2-4796-81e5-1898e3c7dc7f', 'd94a08cc-6f93-4479-82e4-b1ad10ea00ca', 'be9f38c5-1c2d-46e4-9b20-9adde6f37507', '66d77219-0ba7-46d4-9941-5c016a88840b', 'a47b5b53-7297-470f-b8cc-e72550f953cb', 'b475daae-a1bf-44a6-983b-4c72d97c1219', 'c24034b3-bc22-40ef-b343-4618ccc937b7', '5f87479b-575d-4031-99be-11b5ffe8b11b', '3aeb7fa8-59a5-4210-a268-8ddbeb6c796f', 'ba873f72-4b96-434a-a595-367498662f8d', 'f07507b1-0bdb-4d8a-b9c7-509c38db64e5', '35b83615-3e5a-4775-bc92-0bb81873b8e9', '19441467-dbd7-457b-b92f-c7ce337fbd54', '2f3fd643-84b3-4515-817f-11dd20ef0e54', 'f2c47a55-789d-427e-bfd5-fb076dc47a7d', '8ccc751b-133f-4f5f-92b7-ec0c3809c5ba', 'a9c037e8-7ab4-4fe7-a6ba-ade86b839506', '23a851b5-8499-4bd9-a613-852e982eae11', 'e0cc3b08-f770-4364-aba3-9f38f99f1a54']"
46cc0952-d1f3-47ba-8841-bc5abf8a4630,2,"['cf33f52c-c007-49a2-973e-600e917b824f', 'cf33f52c-c007-49a2-973e-600e917b824f', 'cf33f52c-c007-49a2-973e-600e917b824f', 'cf33f52c-c007-49a2-973e-600e917b824f', 'cf33f52c-c007-49a2-973e-600e917b824f', 'cf33f52c-c007-49a2-973e-600e917b824f', 'cf33f52c-c007-49a2-973e-600e917b824f', 'cf33f52c-c007-49a2-973e-600e917b824f', 'cf33f52c-c007-49a2-973e-600e917b824f', 'cf33f52c-c007-49a2-973e-600e917b824f', 'cf33f52c-c007-49a2-973e-600e917b824f', 'cf33f52c-c007-49a2-973e-600e917b824f', 'cf33f52c-c007-49a2-973e-600e917b824f', 'cf33f52c-c007-49a2-973e-600e917b824f', 'cf33f52c-c007-49a2-973e-600e917b824f', 'cf33f52c-c007-49a2-973e-600e917b824f', 'cf33f52c-c007-49a2-973e-600e917b824f', 'cf33f52c-c007-49a2-973e-600e917b824f', 'cf33f52c-c007-49a2-973e-600e917b824f', 'cf33f52c-c007-49a2-973e-600e917b824f', 'cf33f52c-c007-49a2-973e-600e917b824f', 'cf33f52c-c007-49a2-973e-600e917b824f', 'cf33f52c-c007-49a2-973e-600e917b824f', 'cf33f52c-c007-49a2-973e-600e917b824f', 'cf33f52c-c007-49a2-973e-600e917b824f', 'cf33f52c-c007-49a2-973e-600e917b824f', 'cf33f52c-c007-49a2-973e-600e917b824f', 'cf33f52c-c007-49a2-973e-600e917b824f', 'cf33f52c-c007-49a2-973e-600e917b824f', 'cf33f52c-c007-49a2-973e-600e917b824f', 'cf33f52c-c007-49a2-973e-600e917b824f', 'cf33f52c-c007-49a2-973e-600e917b824f', 'cf33f52c-c007-49a2-973e-600e917b824f', 'cf33f52c-c007-49a2-973e-600e917b824f', 'cf33f52c-c007-49a2-973e-600e917b824f', 'cf33f52c-c007-49a2-973e-600e917b824f', 'cf33f52c-c007-49a2-973e-600e917b824f', 'cf33f52c-c007-49a2-973e-600e917b824f', 'cf33f52c-c007-49a2-973e-600e917b824f', 'cf33f52c-c007-49a2-973e-600e917b824f', 'cf33f52c-c007-49a2-973e-600e917b824f', '50eaa6a5-e8d7-48a4-a982-a34cdd1adeec', '20ed404f-f4cd-41f9-8c44-ab7ca121a79b', '2bcdae2d-b0d9-4fe0-a628-c5b08072aee7', '03daae65-aa39-4df8-952c-303e705dcd35', '3920c15b-3a8b-4c8f-8fcb-b7f12abc5c15', 'c34d8a36-cdf7-4581-8b77-63cbccf84024', '510a6924-f21b-4daa-ac82-1658f7119925', '3a0e18c7-a565-4fa2-8cf1-056db3fb3acc', '3025d2b5-64c2-4a6e-bd7d-fd75ee1f99fd']"
46cc0952-d1f3-47ba-8841-bc5abf8a4630,3,"['cf33f52c-c007-49a2-973e-600e917b824f', 'cf33f52c-c007-49a2-973e-600e917b824f', 'cf33f52c-c007-49a2-973e-600e917b824f', 'cf33f52c-c007-49a2-973e-600e917b824f', 'cf33f52c-c007-49a2-973e-600e917b824f', 'cf33f52c-c007-49a2-973e-600e917b824f', 'cf33f52c-c007-49a2-973e-600e917b824f', 'cf33f52c-c007-49a2-973e-600e917b824f', 'cf33f52c-c007-49a2-973e-600e917b824f', 'cf33f52c-c007-49a2-973e-600e917b824f', 'cf33f52c-c007-49a2-973e-600e917b824f', 'cf33f52c-c007-49a2-973e-600e917b824f', 'cf33f52c-c007-49a2-973e-600e917b824f', 'cf33f52c-c007-49a2-973e-600e917b824f', 'cf33f52c-c007-49a2-973e-600e917b824f', 'cf33f52c-c007-49a2-973e-600e917b824f', 'cf33f52c-c007-49a2-973e-600e917b824f', 'cf33f52c-c007-49a2-973e-600e917b824f', 'cf33f52c-c007-49a2-973e-600e917b824f', 'cf33f52c-c007-49a2-973e-600e917b824f', 'cf33f52c-c007-49a2-973e-600e917b824f', 'cf33f52c-c007-49a2-973e-600e917b824f', 'cf33f52c-c007-49a2-973e-600e917b824f', 'cf33f52c-c007-49a2-973e-600e917b824f', 'cf33f52c-c007-49a2-973e-600e917b824f', 'cf33f52c-c007-49a2-973e-600e917b824f', 'cf33f52c-c007-49a2-973e-600e917b824f', 'cf33f52c-c007-49a2-973e-600e917b824f', 'cf33f52c-c007-49a2-973e-600e917b824f', 'cf33f52c-c007-49a2-973e-600e917b824f', 'cf33f52c-c007-49a2-973e-600e917b824f', 'cf33f52c-c007-49a2-973e-600e917b824f', 'cf33f52c-c007-49a2-973e-600e917b824f', '50eaa6a5-e8d7-48a4-a982-a34cdd1adeec', '20ed404f-f4cd-41f9-8c44-ab7ca121a79b', '2bcdae2d-b0d9-4fe0-a628-c5b08072aee7', '03daae65-aa39-4df8-952c-303e705dcd35', '3920c15b-3a8b-4c8f-8fcb-b7f12abc5c15', 'c34d8a36-cdf7-4581-8b77-63cbccf84024', '510a6924-f21b-4daa-ac82-1658f7119925', '3025d2b5-64c2-4a6e-bd7d-fd75ee1f99fd', '321bab74-d55a-406b-861f-c35ef43f8921', '9af65b30-7d5e-4de4-b602-421287252808', 'b45725d0-c119-4ff8-ad70-fce221160214', '21836a74-e82d-41ed-83e3-2902594fe971', '732e4ec0-5486-46e9-8b7e-e899b3f30da1', 'f5113fea-ed62-45b6-83de-88e8611635b9', '735eae3e-4f02-4c99-9da2-9a96e9ffe9b2', 'e31542bb-9669-4fa2-b24c-f7ea5d86d569', '72e21660-5ce8-4779-ad1c-2724599c4682']"
7f783c4e-7465-42ec-b737-293f24a1296b,5,"['f2fcd539-788b-4663-979c-2dbbb8ca8f73', 'f2fcd539-788b-4663-979c-2dbbb8ca8f73', 'f2fcd539-788b-4663-979c-2dbbb8ca8f73', 'f2fcd539-788b-4663-979c-2dbbb8ca8f73', 'f2fcd539-788b-4663-979c-2dbbb8ca8f73', 'f2fcd539-788b-4663-979c-2dbbb8ca8f73', 'f2fcd539-788b-4663-979c-2dbbb8ca8f73', 'f2fcd539-788b-4663-979c-2dbbb8ca8f73', 'f2fcd539-788b-4663-979c-2dbbb8ca8f73', 'f2fcd539-788b-4663-979c-2dbbb8ca8f73', 'f2fcd539-788b-4663-979c-2dbbb8ca8f73', 'f2fcd539-788b-4663-979c-2dbbb8ca8f73', 'f2fcd539-788b-4663-979c-2dbbb8ca8f73', 'f2fcd539-788b-4663-979c-2dbbb8ca8f73', 'f2fcd539-788b-4663-979c-2dbbb8ca8f73', 'f2fcd539-788b-4663-979c-2dbbb8ca8f73', 'f2fcd539-788b-4663-979c-2dbbb8ca8f73', 'f2fcd539-788b-4663-979c-2dbbb8ca8f73', 'f2fcd539-788b-4663-979c-2dbbb8ca8f73', 'f2fcd539-788b-4663-979c-2dbbb8ca8f73', 'f2fcd539-788b-4663-979c-2dbbb8ca8f73', 'f2fcd539-788b-4663-979c-2dbbb8ca8f73', 'f2fcd539-788b-4663-979c-2dbbb8ca8f73', 'f2fcd539-788b-4663-979c-2dbbb8ca8f73', 'f2fcd539-788b-4663-979c-2dbbb8ca8f73', 'f2fcd539-788b-4663-979c-2dbbb8ca8f73', 'f2fcd539-788b-4663-979c-2dbbb8ca8f73', 'f2fcd539-788b-4663-979c-2dbbb8ca8f73', 'f2fcd539-788b-4663-979c-2dbbb8ca8f73', 'f2fcd539-788b-4663-979c-2dbbb8ca8f73', 'f2fcd539-788b-4663-979c-2dbbb8ca8f73', 'f2fcd539-788b-4663-979c-2dbbb8ca8f73', 'f2fcd539-788b-4663-979c-2dbbb8ca8f73', 'f2fcd539-788b-4663-979c-2dbbb8ca8f73', 'f2fcd539-788b-4663-979c-2dbbb8ca8f73', 'f2fcd539-788b-4663-979c-2dbbb8ca8f73', '913e84fc-2b13-4588-86a6-eeb314c3c512', '9611a0a7-22d6-4dde-9ecb-f173883592de', 'c23a6a9a-77b4-4888-be67-94633bb5fbf7', '92c859fe-b5e6-4615-8d64-6186fc085c9f', '9520e819-5b77-411b-aec4-3f2f40d7bcfc', '4657602f-0f2e-4cca-b0c4-5f540fe7f9d7', 'd40999ae-5c67-4270-9331-ce0c1ab64fe7', 'd56f36e1-1007-4050-8d5f-0b164691d2d2', 'ccf1d943-f3cb-4897-b51a-584ff94acae9', '606f737b-b5f9-4a11-9752-45d6e3aa9add', '59e54cbe-2670-4563-9d5f-48fd442b4031', 'b74fa1b1-fbca-4e52-8797-6e87a8a4f56e', '2e5c170b-0a60-491c-83ec-895d51274a51', '26d8799c-85a7-43a1-bf39-0a5c9f1c9ee0']"
46cc0952-d1f3-47ba-8841-bc5abf8a4630,4,"['cf33f52c-c007-49a2-973e-600e917b824f', 'cf33f52c-c007-49a2-973e-600e917b824f', 'cf33f52c-c007-49a2-973e-600e917b824f', 'cf33f52c-c007-49a2-973e-600e917b824f', 'cf33f52c-c007-49a2-973e-600e917b824f', 'cf33f52c-c007-49a2-973e-600e917b824f', 'cf33f52c-c007-49a2-973e-600e917b824f', 'cf33f52c-c007-49a2-973e-600e917b824f', 'cf33f52c-c007-49a2-973e-600e917b824f', 'cf33f52c-c007-49a2-973e-600e917b824f', 'cf33f52c-c007-49a2-973e-600e917b824f', 'cf33f52c-c007-49a2-973e-600e917b824f', 'cf33f52c-c007-49a2-973e-600e917b824f', 'cf33f52c-c007-49a2-973e-600e917b824f', 'cf33f52c-c007-49a2-973e-600e917b824f', 'cf33f52c-c007-49a2-973e-600e917b824f', 'cf33f52c-c007-49a2-973e-600e917b824f', 'cf33f52c-c007-49a2-973e-600e917b824f', 'cf33f52c-c007-49a2-973e-600e917b824f', 'cf33f52c-c007-49a2-973e-600e917b824f', 'cf33f52c-c007-49a2-973e-600e917b824f', 'cf33f52c-c007-49a2-973e-600e917b824f', 'cf33f52c-c007-49a2-973e-600e917b824f', 'cf33f52c-c007-49a2-973e-600e917b824f', 'cf33f52c-c007-49a2-973e-600e917b824f', 'cf33f52c-c007-49a2-973e-600e917b824f', 'cf33f52c-c007-49a2-973e-600e917b824f', 'cf33f52c-c007-49a2-973e-600e917b824f', 'cf33f52c-c007-49a2-973e-600e917b824f', 'cf33f52c-c007-49a2-973e-600e917b824f', 'cf33f52c-c007-49a2-973e-600e917b824f', '50eaa6a5-e8d7-48a4-a982-a34cdd1adeec', '2bcdae2d-b0d9-4fe0-a628-c5b08072aee7', '03daae65-aa39-4df8-952c-303e705dcd35', '3920c15b-3a8b-4c8f-8fcb-b7f12abc5c15', 'c34d8a36-cdf7-4581-8b77-63cbccf84024', '510a6924-f21b-4daa-ac82-1658f7119925', '3025d2b5-64c2-4a6e-bd7d-fd75ee1f99fd', '9af65b30-7d5e-4de4-b602-421287252808', 'b45725d0-c119-4ff8-ad70-fce221160214', '21836a74-e82d-41ed-83e3-2902594fe971', '732e4ec0-5486-46e9-8b7e-e899b3f30da1', 'f5113fea-ed62-45b6-83de-88e8611635b9', '72e21660-5ce8-4779-ad1c-2724599c4682', '24a217c7-c0b3-4f30-9f2c-2d4f6e192e82', 'a33b9750-4502-4235-b697-3d32133e7cb8', 'b4dd94e1-9b0b-4100-96cd-1b75f230a310', 'b9265721-37b1-42b0-8213-a67a1eba0e33', 'a30436ee-ade1-4b59-b8ad-54c5dae48a22', '31fa4fa7-e474-48d6-b321-11ab347af356']"
7f783c4e-7465-42ec-b737-293f24a1296b,6,"['f2fcd539-788b-4663-979c-2dbbb8ca8f73', 'f2fcd539-788b-4663-979c-2dbbb8ca8f73', 'f2fcd539-788b-4663-979c-2dbbb8ca8f73', 'f2fcd539-788b-4663-979c-2dbbb8ca8f73', 'f2fcd539-788b-4663-979c-2dbbb8ca8f73', 'f2fcd539-788b-4663-979c-2dbbb8ca8f73', 'f2fcd539-788b-4663-979c-2dbbb8ca8f73', 'f2fcd539-788b-4663-979c-2dbbb8ca8f73', 'f2fcd539-788b-4663-979c-2dbbb8ca8f73', 'f2fcd539-788b-4663-979c-2dbbb8ca8f73', 'f2fcd539-788b-4663-979c-2dbbb8ca8f73', 'f2fcd539-788b-4663-979c-2dbbb8ca8f73', 'f2fcd539-788b-4663-979c-2dbbb8ca8f73', 'f2fcd539-788b-4663-979c-2dbbb8ca8f73', 'f2fcd539-788b-4663-979c-2dbbb8ca8f73', 'f2fcd539-788b-4663-979c-2dbbb8ca8f73', 'f2fcd539-788b-4663-979c-2dbbb8ca8f73', 'f2fcd539-788b-4663-979c-2dbbb8ca8f73', 'f2fcd539-788b-4663-979c-2dbbb8ca8f73', 'f2fcd539-788b-4663-979c-2dbbb8ca8f73', 'f2fcd539-788b-4663-979c-2dbbb8ca8f73', 'f2fcd539-788b-4663-979c-2dbbb8ca8f73', 'f2fcd539-788b-4663-979c-2dbbb8ca8f73', 'f2fcd539-788b-4663-979c-2dbbb8ca8f73', 'f2fcd539-788b-4663-979c-2dbbb8ca8f73', 'f2fcd539-788b-4663-979c-2dbbb8ca8f73', 'f2fcd539-788b-4663-979c-2dbbb8ca8f73', 'f2fcd539-788b-4663-979c-2dbbb8ca8f73', 'f2fcd539-788b-4663-979c-2dbbb8ca8f73', 'f2fcd539-788b-4663-979c-2dbbb8ca8f73', 'f2fcd539-788b-4663-979c-2dbbb8ca8f73', 'f2fcd539-788b-4663-979c-2dbbb8ca8f73', '9611a0a7-22d6-4dde-9ecb-f173883592de', 'c23a6a9a-77b4-4888-be67-94633bb5fbf7', '92c859fe-b5e6-4615-8d64-6186fc085c9f', '4657602f-0f2e-4cca-b0c4-5f540fe7f9d7', 'd56f36e1-1007-4050-8d5f-0b164691d2d2', '606f737b-b5f9-4a11-9752-45d6e3aa9add', '59e54cbe-2670-4563-9d5f-48fd442b4031', 'b74fa1b1-fbca-4e52-8797-6e87a8a4f56e', '2e5c170b-0a60-491c-83ec-895d51274a51', '26d8799c-85a7-43a1-bf39-0a5c9f1c9ee0', '0e0f87e4-c991-492b-836e-db0812ae17aa', '6a81ebab-35ed-46c9-96c8-22e3e4feb50e', '1dffe1df-0d67-4073-a56a-36a027a3cdb2', '8aa0524f-163f-4069-bfb0-8183b77be61e', 'efe6d171-ce5a-46a7-ad5f-49c11b396063', 'cdc038f6-9afa-4e57-83ae-18b0286452ca', 'e6da4841-5aad-4366-9eb5-6481c0e148fd', 'f5a26e06-cb20-4c01-968a-c20c99078003']"
46cc0952-d1f3-47ba-8841-bc5abf8a4630,5,"['cf33f52c-c007-49a2-973e-600e917b824f', 'cf33f52c-c007-49a2-973e-600e917b824f', 'cf33f52c-c007-49a2-973e-600e917b824f', 'cf33f52c-c007-49a2-973e-600e917b824f', 'cf33f52c-c007-49a2-973e-600e917b824f', 'cf33f52c-c007-49a2-973e-600e917b824f', 'cf33f52c-c007-49a2-973e-600e917b824f', 'cf33f52c-c007-49a2-973e-600e917b824f', 'cf33f52c-c007-49a2-973e-600e917b824f', 'cf33f52c-c007-49a2-973e-600e917b824f', 'cf33f52c-c007-49a2-973e-600e917b824f', 'cf33f52c-c007-49a2-973e-600e917b824f', 'cf33f52c-c007-49a2-973e-600e917b824f', 'cf33f52c-c007-49a2-973e-600e917b824f', 'cf33f52c-c007-49a2-973e-600e917b824f', 'cf33f52c-c007-49a2-973e-600e917b824f', 'cf33f52c-c007-49a2-973e-600e917b824f', 'cf33f52c-c007-49a2-973e-600e917b824f', 'cf33f52c-c007-49a2-973e-600e917b824f', 'cf33f52c-c007-49a2-973e-600e917b824f', 'cf33f52c-c007-49a2-973e-600e917b824f', 'cf33f52c-c007-49a2-973e-600e917b824f', '50eaa6a5-e8d7-48a4-a982-a34cdd1adeec', '2bcdae2d-b0d9-4fe0-a628-c5b08072aee7', '03daae65-aa39-4df8-952c-303e705dcd35', 'c34d8a36-cdf7-4581-8b77-63cbccf84024', 'b45725d0-c119-4ff8-ad70-fce221160214', '732e4ec0-5486-46e9-8b7e-e899b3f30da1', 'f5113fea-ed62-45b6-83de-88e8611635b9', '72e21660-5ce8-4779-ad1c-2724599c4682', '24a217c7-c0b3-4f30-9f2c-2d4f6e192e82', 'a33b9750-4502-4235-b697-3d32133e7cb8', 'b4dd94e1-9b0b-4100-96cd-1b75f230a310', 'b9265721-37b1-42b0-8213-a67a1eba0e33', '31fa4fa7-e474-48d6-b321-11ab347af356', '07b2239c-a532-49e8-b484-42b725516118', '825cd0d4-cc41-4826-b741-15e8d31306d0', 'a153ff64-a243-49f4-b4a5-ca43c487a366', '13881ef3-92c3-4cfd-9c13-8f1626af4b5e', '91831a20-05a5-49a1-be3c-c5955d3bd6d7', '0a98ed6f-e07e-449f-9053-cf98c13b799d', '299cddb8-d12f-47ef-92b0-036c284a7725', '85e3cf18-6b24-4664-abf5-b31a15f9ff67', '2dfc681c-1a7e-4d83-88ef-0e819f1ff990', '95657683-d3d3-4c42-8ad3-2f39402e7846', '3a8d86a2-9b3e-41ea-87be-7b895c3a0c02', '7f7ecbbc-3393-4724-aa76-3d76b1024c49', '49972e99-024f-41f0-9ee0-18accfdab88e', '48806402-19f0-4788-950c-061eaaddc046', '22881fe6-9717-4036-9250-60449cce3f98']"
7f783c4e-7465-42ec-b737-293f24a1296b,7,"['f2fcd539-788b-4663-979c-2dbbb8ca8f73', 'f2fcd539-788b-4663-979c-2dbbb8ca8f73', 'f2fcd539-788b-4663-979c-2dbbb8ca8f73', 'f2fcd539-788b-4663-979c-2dbbb8ca8f73', 'f2fcd539-788b-4663-979c-2dbbb8ca8f73', 'f2fcd539-788b-4663-979c-2dbbb8ca8f73', 'f2fcd539-788b-4663-979c-2dbbb8ca8f73', 'f2fcd539-788b-4663-979c-2dbbb8ca8f73', 'f2fcd539-788b-4663-979c-2dbbb8ca8f73', 'f2fcd539-788b-4663-979c-2dbbb8ca8f73', 'f2fcd539-788b-4663-979c-2dbbb8ca8f73', 'f2fcd539-788b-4663-979c-2dbbb8ca8f73', 'f2fcd539-788b-4663-979c-2dbbb8ca8f73', 'f2fcd539-788b-4663-979c-2dbbb8ca8f73', 'f2fcd539-788b-4663-979c-2dbbb8ca8f73', 'f2fcd539-788b-4663-979c-2dbbb8ca8f73', 'f2fcd539-788b-4663-979c-2dbbb8ca8f73', 'f2fcd539-788b-4663-979c-2dbbb8ca8f73', 'f2fcd539-788b-4663-979c-2dbbb8ca8f73', 'f2fcd539-788b-4663-979c-2dbbb8ca8f73', 'f2fcd539-788b-4663-979c-2dbbb8ca8f73', 'f2fcd539-788b-4663-979c-2dbbb8ca8f73', 'f2fcd539-788b-4663-979c-2dbbb8ca8f73', '9611a0a7-22d6-4dde-9ecb-f173883592de', 'c23a6a9a-77b4-4888-be67-94633bb5fbf7', '92c859fe-b5e6-4615-8d64-6186fc085c9f', '4657602f-0f2e-4cca-b0c4-5f540fe7f9d7', '606f737b-b5f9-4a11-9752-45d6e3aa9add', '59e54cbe-2670-4563-9d5f-48fd442b4031', 'b74fa1b1-fbca-4e52-8797-6e87a8a4f56e', '2e5c170b-0a60-491c-83ec-895d51274a51', '0e0f87e4-c991-492b-836e-db0812ae17aa', '1dffe1df-0d67-4073-a56a-36a027a3cdb2', '8aa0524f-163f-4069-bfb0-8183b77be61e', 'efe6d171-ce5a-46a7-ad5f-49c11b396063', 'cdc038f6-9afa-4e57-83ae-18b0286452ca', 'e6da4841-5aad-4366-9eb5-6481c0e148fd', 'f5a26e06-cb20-4c01-968a-c20c99078003', '7fc30940-a145-4405-b6b4-78633cb61d7e', '2135e699-01f9-4296-86d7-b3705dde71da', 'f579e97b-8e0b-45e8-85bd-83b24dc83b2c', '054b4771-c360-49ef-a247-2c37f125a649', 'b4b2023c-c42c-4d9b-9752-26fee2889505', '2815b609-800d-40d8-864b-a9d3cac09fbf', '2b9ee194-bdd8-4983-a0ed-a5521044bd85', 'b0308905-5277-4f7f-a47e-3bb10cc8e73d', '92ac0882-8a68-46eb-bea7-7c9749b03cbd', 'cf9f1267-3d18-49ba-8cd3-bc4560b2abae', '58f0910b-3ca9-4756-a017-5c5fc17d9a32', 'cec6db95-aaa1-40c9-b074-4ea196b8dab4']"
46cc0952-d1f3-47ba-8841-bc5abf8a4630,6,"['cf33f52c-c007-49a2-973e-600e917b824f', 'cf33f52c-c007-49a2-973e-600e917b824f', 'cf33f52c-c007-49a2-973e-600e917b824f', 'cf33f52c-c007-49a2-973e-600e917b824f', 'cf33f52c-c007-49a2-973e-600e917b824f', 'cf33f52c-c007-49a2-973e-600e917b824f', 'cf33f52c-c007-49a2-973e-600e917b824f', 'cf33f52c-c007-49a2-973e-600e917b824f', 'cf33f52c-c007-49a2-973e-600e917b824f', 'cf33f52c-c007-49a2-973e-600e917b824f', 'cf33f52c-c007-49a2-973e-600e917b824f', 'cf33f52c-c007-49a2-973e-600e917b824f', 'cf33f52c-c007-49a2-973e-600e917b824f', 'cf33f52c-c007-49a2-973e-600e917b824f', 'cf33f52c-c007-49a2-973e-600e917b824f', 'cf33f52c-c007-49a2-973e-600e917b824f', 'cf33f52c-c007-49a2-973e-600e917b824f', 'cf33f52c-c007-49a2-973e-600e917b824f', 'cf33f52c-c007-49a2-973e-600e917b824f', 'cf33f52c-c007-49a2-973e-600e917b824f', 'cf33f52c-c007-49a2-973e-600e917b824f', 'cf33f52c-c007-49a2-973e-600e917b824f', 'cf33f52c-c007-49a2-973e-600e917b824f', 'cf33f52c-c007-49a2-973e-600e917b824f', 'cf33f52c-c007-49a2-973e-600e917b824f', 'cf33f52c-c007-49a2-973e-600e917b824f', 'cf33f52c-c007-49a2-973e-600e917b824f', 'cf33f52c-c007-49a2-973e-600e917b824f', 'cf33f52c-c007-49a2-973e-600e917b824f', 'cf33f52c-c007-49a2-973e-600e917b824f', 'cf33f52c-c007-49a2-973e-600e917b824f', 'cf33f52c-c007-49a2-973e-600e917b824f', 'cf33f52c-c007-49a2-973e-600e917b824f', 'cf33f52c-c007-49a2-973e-600e917b824f', 'cf33f52c-c007-49a2-973e-600e917b824f', 'cf33f52c-c007-49a2-973e-600e917b824f', 'cf33f52c-c007-49a2-973e-600e917b824f', 'cf33f52c-c007-49a2-973e-600e917b824f', 'cf33f52c-c007-49a2-973e-600e917b824f', 'cf33f52c-c007-49a2-973e-600e917b824f', 'cf33f52c-c007-49a2-973e-600e917b824f', '373f5588-69b6-441b-8b6a-074227a84319', 'e2e74ae5-364f-4d53-9dab-bd567e38648b', '1da16aec-d60f-490a-a77e-39af06bb17c5', '0592a35e-30f1-4291-8318-fc5f217f7dd0', '4502ad00-df73-4f3a-b50b-7d3f235dcd23', '9c457fd3-01cf-4fce-9cc4-063af404ce05', '70d03763-a269-4280-b2ba-b025ffa0e0c8', '43edec85-930d-4779-99b5-4d5830b19cb6', 'e3045c26-19e4-4d45-a26f-b29a8a73ff38']"
46cc0952-d1f3-47ba-8841-bc5abf8a4630,7,"['cf33f52c-c007-49a2-973e-600e917b824f', 'cf33f52c-c007-49a2-973e-600e917b824f', 'cf33f52c-c007-49a2-973e-600e917b824f', 'cf33f52c-c007-49a2-973e-600e917b824f', 'cf33f52c-c007-49a2-973e-600e917b824f', 'cf33f52c-c007-49a2-973e-600e917b824f', 'cf33f52c-c007-49a2-973e-600e917b824f', 'cf33f52c-c007-49a2-973e-600e917b824f', 'cf33f52c-c007-49a2-973e-600e917b824f', 'cf33f52c-c007-49a2-973e-600e917b824f', 'cf33f52c-c007-49a2-973e-600e917b824f', 'cf33f52c-c007-49a2-973e-600e917b824f', 'cf33f52c-c007-49a2-973e-600e917b824f', 'cf33f52c-c007-49a2-973e-600e917b824f', 'cf33f52c-c007-49a2-973e-600e917b824f', 'cf33f52c-c007-49a2-973e-600e917b824f', 'cf33f52c-c007-49a2-973e-600e917b824f', 'cf33f52c-c007-49a2-973e-600e917b824f', 'cf33f52c-c007-49a2-973e-600e917b824f', 'cf33f52c-c007-49a2-973e-600e917b824f', 'cf33f52c-c007-49a2-973e-600e917b824f', 'cf33f52c-c007-49a2-973e-600e917b824f', 'cf33f52c-c007-49a2-973e-600e917b824f', 'cf33f52c-c007-49a2-973e-600e917b824f', 'cf33f52c-c007-49a2-973e-600e917b824f', 'cf33f52c-c007-49a2-973e-600e917b824f', 'cf33f52c-c007-49a2-973e-600e917b824f', 'cf33f52c-c007-49a2-973e-600e917b824f', 'cf33f52c-c007-49a2-973e-600e917b824f', 'cf33f52c-c007-49a2-973e-600e917b824f', 'cf33f52c-c007-49a2-973e-600e917b824f', 'cf33f52c-c007-49a2-973e-600e917b824f', 'cf33f52c-c007-49a2-973e-600e917b824f', 'cf33f52c-c007-49a2-973e-600e917b824f', 'cf33f52c-c007-49a2-973e-600e917b824f', 'cf33f52c-c007-49a2-973e-600e917b824f', '373f5588-69b6-441b-8b6a-074227a84319', 'e2e74ae5-364f-4d53-9dab-bd567e38648b', '1da16aec-d60f-490a-a77e-39af06bb17c5', '0592a35e-30f1-4291-8318-fc5f217f7dd0', '4502ad00-df73-4f3a-b50b-7d3f235dcd23', '9c457fd3-01cf-4fce-9cc4-063af404ce05', '43edec85-930d-4779-99b5-4d5830b19cb6', 'e3045c26-19e4-4d45-a26f-b29a8a73ff38', '1a2501d9-30d8-4efa-bb92-6098f21e87b4', '46930fe5-dc6b-4e82-b001-084797dd19f2', 'ed305ac4-3282-49d0-aa9c-97dc6b1816ad', 'a8677eeb-f8b3-4624-9201-dc77c22fe471', '94af3540-6446-4091-8968-d37ff281fc97', '17650dff-ee95-49df-9be5-7f7204efb08f']"
7f783c4e-7465-42ec-b737-293f24a1296b,8,"['f2fcd539-788b-4663-979c-2dbbb8ca8f73', 'f2fcd539-788b-4663-979c-2dbbb8ca8f73', 'f2fcd539-788b-4663-979c-2dbbb8ca8f73', 'f2fcd539-788b-4663-979c-2dbbb8ca8f73', 'f2fcd539-788b-4663-979c-2dbbb8ca8f73', 'f2fcd539-788b-4663-979c-2dbbb8ca8f73', 'f2fcd539-788b-4663-979c-2dbbb8ca8f73', 'f2fcd539-788b-4663-979c-2dbbb8ca8f73', 'f2fcd539-788b-4663-979c-2dbbb8ca8f73', 'f2fcd539-788b-4663-979c-2dbbb8ca8f73', 'f2fcd539-788b-4663-979c-2dbbb8ca8f73', 'f2fcd539-788b-4663-979c-2dbbb8ca8f73', 'f2fcd539-788b-4663-979c-2dbbb8ca8f73', 'f2fcd539-788b-4663-979c-2dbbb8ca8f73', 'f2fcd539-788b-4663-979c-2dbbb8ca8f73', 'f2fcd539-788b-4663-979c-2dbbb8ca8f73', 'f2fcd539-788b-4663-979c-2dbbb8ca8f73', 'f2fcd539-788b-4663-979c-2dbbb8ca8f73', 'f2fcd539-788b-4663-979c-2dbbb8ca8f73', 'f2fcd539-788b-4663-979c-2dbbb8ca8f73', 'f2fcd539-788b-4663-979c-2dbbb8ca8f73', 'f2fcd539-788b-4663-979c-2dbbb8ca8f73', 'f2fcd539-788b-4663-979c-2dbbb8ca8f73', 'f2fcd539-788b-4663-979c-2dbbb8ca8f73', 'f2fcd539-788b-4663-979c-2dbbb8ca8f73', 'f2fcd539-788b-4663-979c-2dbbb8ca8f73', 'f2fcd539-788b-4663-979c-2dbbb8ca8f73', 'f2fcd539-788b-4663-979c-2dbbb8ca8f73', 'f2fcd539-788b-4663-979c-2dbbb8ca8f73', 'f2fcd539-788b-4663-979c-2dbbb8ca8f73', 'f2fcd539-788b-4663-979c-2dbbb8ca8f73', 'f2fcd539-788b-4663-979c-2dbbb8ca8f73', 'f2fcd539-788b-4663-979c-2dbbb8ca8f73', 'f2fcd539-788b-4663-979c-2dbbb8ca8f73', 'f2fcd539-788b-4663-979c-2dbbb8ca8f73', 'f2fcd539-788b-4663-979c-2dbbb8ca8f73', 'f2fcd539-788b-4663-979c-2dbbb8ca8f73', 'f2fcd539-788b-4663-979c-2dbbb8ca8f73', 'f2fcd539-788b-4663-979c-2dbbb8ca8f73', 'c09dc362-2ff5-4ae5-8dec-2f9e21ee21a4', 'e9651104-eec3-40ee-a5b7-a515ba5d7138', 'ab7c8c94-6902-4877-b741-baf97585357f', 'aadde1dd-ef0f-45b7-b3b6-736469ffe4a3', 'ab95ff3a-d460-43ba-a1e0-27a6a780b0ce', 'beed07b7-5cd9-46c9-89d0-920028830008', '60f2c5d1-fd69-4a8e-8cfa-212ff6a6c6cf', 'b6cb2117-9a63-41df-91b5-3f6928b051ad', 'efece925-0ce7-4fd4-8799-ac08325a97e3', 'b620ccc9-10b3-4b02-8744-8c059a767a5e', 'ae5fcb8a-d759-4804-91a3-aaa61dfbc4ed']"
46cc0952-d1f3-47ba-8841-bc5abf8a4630,8,"['cf33f52c-c007-49a2-973e-600e917b824f', 'cf33f52c-c007-49a2-973e-600e917b824f', 'cf33f52c-c007-49a2-973e-600e917b824f', 'cf33f52c-c007-49a2-973e-600e917b824f', 'cf33f52c-c007-49a2-973e-600e917b824f', 'cf33f52c-c007-49a2-973e-600e917b824f', 'cf33f52c-c007-49a2-973e-600e917b824f', 'cf33f52c-c007-49a2-973e-600e917b824f', 'cf33f52c-c007-49a2-973e-600e917b824f', 'cf33f52c-c007-49a2-973e-600e917b824f', 'cf33f52c-c007-49a2-973e-600e917b824f', 'cf33f52c-c007-49a2-973e-600e917b824f', 'cf33f52c-c007-49a2-973e-600e917b824f', 'cf33f52c-c007-49a2-973e-600e917b824f', 'cf33f52c-c007-49a2-973e-600e917b824f', 'cf33f52c-c007-49a2-973e-600e917b824f', 'cf33f52c-c007-49a2-973e-600e917b824f', 'cf33f52c-c007-49a2-973e-600e917b824f', 'cf33f52c-c007-49a2-973e-600e917b824f', 'cf33f52c-c007-49a2-973e-600e917b824f', 'cf33f52c-c007-49a2-973e-600e917b824f', 'cf33f52c-c007-49a2-973e-600e917b824f', 'cf33f52c-c007-49a2-973e-600e917b824f', 'cf33f52c-c007-49a2-973e-600e917b824f', 'cf33f52c-c007-49a2-973e-600e917b824f', 'cf33f52c-c007-49a2-973e-600e917b824f', 'cf33f52c-c007-49a2-973e-600e917b824f', 'cf33f52c-c007-49a2-973e-600e917b824f', 'cf33f52c-c007-49a2-973e-600e917b824f', 'cf33f52c-c007-49a2-973e-600e917b824f', 'cf33f52c-c007-49a2-973e-600e917b824f', '373f5588-69b6-441b-8b6a-074227a84319', 'e2e74ae5-364f-4d53-9dab-bd567e38648b', '1da16aec-d60f-490a-a77e-39af06bb17c5', '0592a35e-30f1-4291-8318-fc5f217f7dd0', '4502ad00-df73-4f3a-b50b-7d3f235dcd23', '9c457fd3-01cf-4fce-9cc4-063af404ce05', '1a2501d9-30d8-4efa-bb92-6098f21e87b4', '46930fe5-dc6b-4e82-b001-084797dd19f2', 'ed305ac4-3282-49d0-aa9c-97dc6b1816ad', '94af3540-6446-4091-8968-d37ff281fc97', '17650dff-ee95-49df-9be5-7f7204efb08f', '79b25f90-28ba-4f62-a1d9-df9eb35c3d4a', '861e08a2-633d-4747-b00c-51b0f1145e21', '39648fe8-15a8-45de-b833-e76e8d90f02a', '5726b30d-d3da-486f-a5ed-7c272aecda1c', '06c1705f-3e7e-4d33-9c89-3aa237165674', '74e6e9b7-a2c2-45f4-8e26-5f25c9879ea3', '83e5ee4a-6618-4233-9127-7b8efd7ecbed', 'a8daca99-3d1e-4a3c-a5bb-70f4daf8ac8a']"
7f783c4e-7465-42ec-b737-293f24a1296b,9,"['f2fcd539-788b-4663-979c-2dbbb8ca8f73', 'f2fcd539-788b-4663-979c-2dbbb8ca8f73', 'f2fcd539-788b-4663-979c-2dbbb8ca8f73', 'f2fcd539-788b-4663-979c-2dbbb8ca8f73', 'f2fcd539-788b-4663-979c-2dbbb8ca8f73', 'f2fcd539-788b-4663-979c-2dbbb8ca8f73', 'f2fcd539-788b-4663-979c-2dbbb8ca8f73', 'f2fcd539-788b-4663-979c-2dbbb8ca8f73', 'f2fcd539-788b-4663-979c-2dbbb8ca8f73', 'f2fcd539-788b-4663-979c-2dbbb8ca8f73', 'f2fcd539-788b-4663-979c-2dbbb8ca8f73', 'f2fcd539-788b-4663-979c-2dbbb8ca8f73', 'f2fcd539-788b-4663-979c-2dbbb8ca8f73', 'f2fcd539-788b-4663-979c-2dbbb8ca8f73', 'f2fcd539-788b-4663-979c-2dbbb8ca8f73', 'f2fcd539-788b-4663-979c-2dbbb8ca8f73', 'f2fcd539-788b-4663-979c-2dbbb8ca8f73', 'f2fcd539-788b-4663-979c-2dbbb8ca8f73', 'f2fcd539-788b-4663-979c-2dbbb8ca8f73', 'f2fcd539-788b-4663-979c-2dbbb8ca8f73', 'f2fcd539-788b-4663-979c-2dbbb8ca8f73', 'f2fcd539-788b-4663-979c-2dbbb8ca8f73', 'f2fcd539-788b-4663-979c-2dbbb8ca8f73', 'f2fcd539-788b-4663-979c-2dbbb8ca8f73', 'f2fcd539-788b-4663-979c-2dbbb8ca8f73', 'f2fcd539-788b-4663-979c-2dbbb8ca8f73', 'f2fcd539-788b-4663-979c-2dbbb8ca8f73', 'f2fcd539-788b-4663-979c-2dbbb8ca8f73', 'f2fcd539-788b-4663-979c-2dbbb8ca8f73', 'f2fcd539-788b-4663-979c-2dbbb8ca8f73', 'f2fcd539-788b-4663-979c-2dbbb8ca8f73', 'c09dc362-2ff5-4ae5-8dec-2f9e21ee21a4', 'e9651104-eec3-40ee-a5b7-a515ba5d7138', 'aadde1dd-ef0f-45b7-b3b6-736469ffe4a3', 'beed07b7-5cd9-46c9-89d0-920028830008', '60f2c5d1-fd69-4a8e-8cfa-212ff6a6c6cf', 'b6cb2117-9a63-41df-91b5-3f6928b051ad', 'efece925-0ce7-4fd4-8799-ac08325a97e3', 'b620ccc9-10b3-4b02-8744-8c059a767a5e', 'ae5fcb8a-d759-4804-91a3-aaa61dfbc4ed', 'c997aa9a-250d-434d-aefc-d556bf0e0cfb', 'aa61a577-7d28-43cd-ace6-25b1677c2b05', 'e4755101-6bd3-4dae-a045-5ece97252824', 'baa0a130-d860-48d6-b740-860e6c0c51c9', 'd9c8ce73-83fa-407d-8516-572075ced1b8', '5b25ee7c-82bc-4fb0-9396-c98ef9b524f4', 'b5c8e148-7126-4297-b97d-ec3636c7b296', '038194da-8684-42de-9126-47f5b29cee20', '9562d6d4-88f0-41a2-99e0-123555fa557b', '28b5ca84-19d7-432e-a43a-4e6756d9d654']"
46cc0952-d1f3-47ba-8841-bc5abf8a4630,9,"['cf33f52c-c007-49a2-973e-600e917b824f', 'cf33f52c-c007-49a2-973e-600e917b824f', 'cf33f52c-c007-49a2-973e-600e917b824f', 'cf33f52c-c007-49a2-973e-600e917b824f', 'cf33f52c-c007-49a2-973e-600e917b824f', 'cf33f52c-c007-49a2-973e-600e917b824f', 'cf33f52c-c007-49a2-973e-600e917b824f', 'cf33f52c-c007-49a2-973e-600e917b824f', 'cf33f52c-c007-49a2-973e-600e917b824f', 'cf33f52c-c007-49a2-973e-600e917b824f', 'cf33f52c-c007-49a2-973e-600e917b824f', 'cf33f52c-c007-49a2-973e-600e917b824f', 'cf33f52c-c007-49a2-973e-600e917b824f', 'cf33f52c-c007-49a2-973e-600e917b824f', 'cf33f52c-c007-49a2-973e-600e917b824f', 'cf33f52c-c007-49a2-973e-600e917b824f', 'cf33f52c-c007-49a2-973e-600e917b824f', 'cf33f52c-c007-49a2-973e-600e917b824f', 'cf33f52c-c007-49a2-973e-600e917b824f', 'cf33f52c-c007-49a2-973e-600e917b824f', 'cf33f52c-c007-49a2-973e-600e917b824f', 'cf33f52c-c007-49a2-973e-600e917b824f', 'cf33f52c-c007-49a2-973e-600e917b824f', 'cf33f52c-c007-49a2-973e-600e917b824f', 'cf33f52c-c007-49a2-973e-600e917b824f', 'cf33f52c-c007-49a2-973e-600e917b824f', 'cf33f52c-c007-49a2-973e-600e917b824f', '373f5588-69b6-441b-8b6a-074227a84319', 'e2e74ae5-364f-4d53-9dab-bd567e38648b', '1da16aec-d60f-490a-a77e-39af06bb17c5', '0592a35e-30f1-4291-8318-fc5f217f7dd0', '9c457fd3-01cf-4fce-9cc4-063af404ce05', '1a2501d9-30d8-4efa-bb92-6098f21e87b4', '46930fe5-dc6b-4e82-b001-084797dd19f2', 'ed305ac4-3282-49d0-aa9c-97dc6b1816ad', '94af3540-6446-4091-8968-d37ff281fc97', '17650dff-ee95-49df-9be5-7f7204efb08f', '79b25f90-28ba-4f62-a1d9-df9eb35c3d4a', '861e08a2-633d-4747-b00c-51b0f1145e21', '39648fe8-15a8-45de-b833-e76e8d90f02a', '5726b30d-d3da-486f-a5ed-7c272aecda1c', '06c1705f-3e7e-4d33-9c89-3aa237165674', '74e6e9b7-a2c2-45f4-8e26-5f25c9879ea3', 'a8daca99-3d1e-4a3c-a5bb-70f4daf8ac8a', 'd16ab882-63cd-4248-b32d-3ec7dc9eec15', '8b99cda4-206f-417b-8007-e917289dcf4a', '2c8edaa6-bcf2-45d2-8f68-50a3ddea5a71', '7be41cef-566a-4254-bc3c-163f183416e8', '43ee3ea7-353e-402a-b329-109f69157a04', 'e7d3ef73-ea10-4a91-9111-1d48a4d7ca1d']"
7f783c4e-7465-42ec-b737-293f24a1296b,10,"['f2fcd539-788b-4663-979c-2dbbb8ca8f73', 'f2fcd539-788b-4663-979c-2dbbb8ca8f73', 'f2fcd539-788b-4663-979c-2dbbb8ca8f73', 'f2fcd539-788b-4663-979c-2dbbb8ca8f73', 'f2fcd539-788b-4663-979c-2dbbb8ca8f73', 'f2fcd539-788b-4663-979c-2dbbb8ca8f73', 'f2fcd539-788b-4663-979c-2dbbb8ca8f73', 'f2fcd539-788b-4663-979c-2dbbb8ca8f73', 'f2fcd539-788b-4663-979c-2dbbb8ca8f73', 'f2fcd539-788b-4663-979c-2dbbb8ca8f73', 'f2fcd539-788b-4663-979c-2dbbb8ca8f73', 'f2fcd539-788b-4663-979c-2dbbb8ca8f73', 'f2fcd539-788b-4663-979c-2dbbb8ca8f73', 'f2fcd539-788b-4663-979c-2dbbb8ca8f73', 'f2fcd539-788b-4663-979c-2dbbb8ca8f73', 'f2fcd539-788b-4663-979c-2dbbb8ca8f73', 'f2fcd539-788b-4663-979c-2dbbb8ca8f73', 'f2fcd539-788b-4663-979c-2dbbb8ca8f73', 'f2fcd539-788b-4663-979c-2dbbb8ca8f73', 'f2fcd539-788b-4663-979c-2dbbb8ca8f73', 'f2fcd539-788b-4663-979c-2dbbb8ca8f73', 'f2fcd539-788b-4663-979c-2dbbb8ca8f73', 'f2fcd539-788b-4663-979c-2dbbb8ca8f73', 'f2fcd539-788b-4663-979c-2dbbb8ca8f73', 'f2fcd539-788b-4663-979c-2dbbb8ca8f73', 'c09dc362-2ff5-4ae5-8dec-2f9e21ee21a4', 'e9651104-eec3-40ee-a5b7-a515ba5d7138', 'aadde1dd-ef0f-45b7-b3b6-736469ffe4a3', 'beed07b7-5cd9-46c9-89d0-920028830008', '60f2c5d1-fd69-4a8e-8cfa-212ff6a6c6cf', 'efece925-0ce7-4fd4-8799-ac08325a97e3', 'b620ccc9-10b3-4b02-8744-8c059a767a5e', 'ae5fcb8a-d759-4804-91a3-aaa61dfbc4ed', 'c997aa9a-250d-434d-aefc-d556bf0e0cfb', 'aa61a577-7d28-43cd-ace6-25b1677c2b05', 'baa0a130-d860-48d6-b740-860e6c0c51c9', 'd9c8ce73-83fa-407d-8516-572075ced1b8', 'b5c8e148-7126-4297-b97d-ec3636c7b296', '038194da-8684-42de-9126-47f5b29cee20', '9562d6d4-88f0-41a2-99e0-123555fa557b', '28b5ca84-19d7-432e-a43a-4e6756d9d654', 'e2dc16bd-f147-4dc6-b9b5-334d72d6d081', '6f9c4ad8-d793-4997-a3d9-4e693fc4d9f6', '6823005f-3154-4118-9d0d-9d275decfa47', 'aecf71eb-4e56-47c8-9b77-5aa2b25b8601', '3e3e0a48-5328-4b19-9967-f6f6790abf82', '9fb43028-d255-4cf2-929b-44487f8771b6', 'c3f28327-bfd6-49b1-b9f1-73f95c6f7d75', '8c67e76f-2331-41e2-ac50-173069dbc8ea', 'fcfac36c-7c8c-48a7-8ebc-782131bbbae2']"
7f783c4e-7465-42ec-b737-293f24a1296b,11,"['f2fcd539-788b-4663-979c-2dbbb8ca8f73', 'f2fcd539-788b-4663-979c-2dbbb8ca8f73', 'f2fcd539-788b-4663-979c-2dbbb8ca8f73', 'f2fcd539-788b-4663-979c-2dbbb8ca8f73', 'f2fcd539-788b-4663-979c-2dbbb8ca8f73', 'f2fcd539-788b-4663-979c-2dbbb8ca8f73', 'f2fcd539-788b-4663-979c-2dbbb8ca8f73', 'f2fcd539-788b-4663-979c-2dbbb8ca8f73', 'f2fcd539-788b-4663-979c-2dbbb8ca8f73', 'f2fcd539-788b-4663-979c-2dbbb8ca8f73', 'f2fcd539-788b-4663-979c-2dbbb8ca8f73', 'f2fcd539-788b-4663-979c-2dbbb8ca8f73', 'f2fcd539-788b-4663-979c-2dbbb8ca8f73', 'f2fcd539-788b-4663-979c-2dbbb8ca8f73', 'f2fcd539-788b-4663-979c-2dbbb8ca8f73', 'f2fcd539-788b-4663-979c-2dbbb8ca8f73', 'f2fcd539-788b-4663-979c-2dbbb8ca8f73', 'f2fcd539-788b-4663-979c-2dbbb8ca8f73', 'c09dc362-2ff5-4ae5-8dec-2f9e21ee21a4', 'e9651104-eec3-40ee-a5b7-a515ba5d7138', 'efece925-0ce7-4fd4-8799-ac08325a97e3', 'b620ccc9-10b3-4b02-8744-8c059a767a5e', 'ae5fcb8a-d759-4804-91a3-aaa61dfbc4ed', 'c997aa9a-250d-434d-aefc-d556bf0e0cfb', 'baa0a130-d860-48d6-b740-860e6c0c51c9', 'b5c8e148-7126-4297-b97d-ec3636c7b296', '9562d6d4-88f0-41a2-99e0-123555fa557b', '28b5ca84-19d7-432e-a43a-4e6756d9d654', 'e2dc16bd-f147-4dc6-b9b5-334d72d6d081', '6f9c4ad8-d793-4997-a3d9-4e693fc4d9f6', '6823005f-3154-4118-9d0d-9d275decfa47', 'aecf71eb-4e56-47c8-9b77-5aa2b25b8601', '3e3e0a48-5328-4b19-9967-f6f6790abf82', '9fb43028-d255-4cf2-929b-44487f8771b6', 'c3f28327-bfd6-49b1-b9f1-73f95c6f7d75', '8c67e76f-2331-41e2-ac50-173069dbc8ea', 'fcfac36c-7c8c-48a7-8ebc-782131bbbae2', 'adc8294e-0342-47c9-98c1-226285d0a93d', '8469118e-aa34-4465-bdc6-e380ef1f28cf', '9c891d63-9fda-4fcd-a93e-d9df42589f48', 'd4b1e0be-ce84-493c-9328-27d3b52b1a62', '89ce6445-3a00-408c-9b85-882de76049aa', 'b26f8e49-1858-442e-adff-70c83c1b56b2', 'b514cd25-4c7f-45cb-8657-12b6e05ff18e', 'e5d7db99-24f3-4d3c-ba9b-f90501356cc1', '51de6817-493f-4a3a-8b82-734baffa30aa', '48f45524-34ae-4986-9351-a1b5e784df3a', 'df485ed0-4d72-4179-8e56-b6cc8a31a442', 'eb179c96-c4c4-4068-8b55-997b9d434d54', '6476ead5-b248-4e8a-a720-0883b4cc323e']"
46cc0952-d1f3-47ba-8841-bc5abf8a4630,10,"['cf33f52c-c007-49a2-973e-600e917b824f', 'cf33f52c-c007-49a2-973e-600e917b824f', 'cf33f52c-c007-49a2-973e-600e917b824f', 'cf33f52c-c007-49a2-973e-600e917b824f', 'cf33f52c-c007-49a2-973e-600e917b824f', 'cf33f52c-c007-49a2-973e-600e917b824f', 'cf33f52c-c007-49a2-973e-600e917b824f', 'cf33f52c-c007-49a2-973e-600e917b824f', 'cf33f52c-c007-49a2-973e-600e917b824f', 'cf33f52c-c007-49a2-973e-600e917b824f', 'cf33f52c-c007-49a2-973e-600e917b824f', 'cf33f52c-c007-49a2-973e-600e917b824f', 'cf33f52c-c007-49a2-973e-600e917b824f', 'cf33f52c-c007-49a2-973e-600e917b824f', 'cf33f52c-c007-49a2-973e-600e917b824f', 'cf33f52c-c007-49a2-973e-600e917b824f', 'cf33f52c-c007-49a2-973e-600e917b824f', 'cf33f52c-c007-49a2-973e-600e917b824f', 'cf33f52c-c007-49a2-973e-600e917b824f', 'cf33f52c-c007-49a2-973e-600e917b824f', 'cf33f52c-c007-49a2-973e-600e917b824f', 'cf33f52c-c007-49a2-973e-600e917b824f', 'cf33f52c-c007-49a2-973e-600e917b824f', 'e2e74ae5-364f-4d53-9dab-bd567e38648b', '1da16aec-d60f-490a-a77e-39af06bb17c5', '0592a35e-30f1-4291-8318-fc5f217f7dd0', '9c457fd3-01cf-4fce-9cc4-063af404ce05', '1a2501d9-30d8-4efa-bb92-6098f21e87b4', '46930fe5-dc6b-4e82-b001-084797dd19f2', '94af3540-6446-4091-8968-d37ff281fc97', '17650dff-ee95-49df-9be5-7f7204efb08f', '861e08a2-633d-4747-b00c-51b0f1145e21', '39648fe8-15a8-45de-b833-e76e8d90f02a', '5726b30d-d3da-486f-a5ed-7c272aecda1c', '06c1705f-3e7e-4d33-9c89-3aa237165674', '74e6e9b7-a2c2-45f4-8e26-5f25c9879ea3', 'a8daca99-3d1e-4a3c-a5bb-70f4daf8ac8a', 'd16ab882-63cd-4248-b32d-3ec7dc9eec15', '8b99cda4-206f-417b-8007-e917289dcf4a', '2c8edaa6-bcf2-45d2-8f68-50a3ddea5a71', '7be41cef-566a-4254-bc3c-163f183416e8', '43ee3ea7-353e-402a-b329-109f69157a04', 'e7d3ef73-ea10-4a91-9111-1d48a4d7ca1d', 'd4de177a-b17c-43fd-8e59-eb844d39b68f', '73ecaee8-99ea-4833-b598-74a16f1b02fa', '8a9cb999-f147-47fe-b808-1182e49e891e', '1a8d62fe-c15e-444f-90e1-9132ce2ff56c', '4bed8c2f-0e89-4adf-a476-b8062c8301fa', '3d58ec46-7028-4d1c-9fbd-797555367ee2', '7d43ff98-42c4-47bf-bebf-7250b03a1e20']"
7f783c4e-7465-42ec-b737-293f24a1296b,12,"['f2fcd539-788b-4663-979c-2dbbb8ca8f73', 'f2fcd539-788b-4663-979c-2dbbb8ca8f73', 'f2fcd539-788b-4663-979c-2dbbb8ca8f73', 'f2fcd539-788b-4663-979c-2dbbb8ca8f73', 'f2fcd539-788b-4663-979c-2dbbb8ca8f73', 'f2fcd539-788b-4663-979c-2dbbb8ca8f73', 'f2fcd539-788b-4663-979c-2dbbb8ca8f73', 'f2fcd539-788b-4663-979c-2dbbb8ca8f73', 'f2fcd539-788b-4663-979c-2dbbb8ca8f73', 'f2fcd539-788b-4663-979c-2dbbb8ca8f73', 'f2fcd539-788b-4663-979c-2dbbb8ca8f73', 'f2fcd539-788b-4663-979c-2dbbb8ca8f73', 'f2fcd539-788b-4663-979c-2dbbb8ca8f73', 'f2fcd539-788b-4663-979c-2dbbb8ca8f73', 'f2fcd539-788b-4663-979c-2dbbb8ca8f73', 'f2fcd539-788b-4663-979c-2dbbb8ca8f73', 'f2fcd539-788b-4663-979c-2dbbb8ca8f73', 'f2fcd539-788b-4663-979c-2dbbb8ca8f73', 'f2fcd539-788b-4663-979c-2dbbb8ca8f73', 'f2fcd539-788b-4663-979c-2dbbb8ca8f73', 'f2fcd539-788b-4663-979c-2dbbb8ca8f73', 'f2fcd539-788b-4663-979c-2dbbb8ca8f73', 'f2fcd539-788b-4663-979c-2dbbb8ca8f73', 'f2fcd539-788b-4663-979c-2dbbb8ca8f73', 'f2fcd539-788b-4663-979c-2dbbb8ca8f73', 'f2fcd539-788b-4663-979c-2dbbb8ca8f73', 'f2fcd539-788b-4663-979c-2dbbb8ca8f73', 'f2fcd539-788b-4663-979c-2dbbb8ca8f73', 'f2fcd539-788b-4663-979c-2dbbb8ca8f73', 'f2fcd539-788b-4663-979c-2dbbb8ca8f73', 'f2fcd539-788b-4663-979c-2dbbb8ca8f73', 'f2fcd539-788b-4663-979c-2dbbb8ca8f73', 'f2fcd539-788b-4663-979c-2dbbb8ca8f73', 'f2fcd539-788b-4663-979c-2dbbb8ca8f73', 'f2fcd539-788b-4663-979c-2dbbb8ca8f73', 'f2fcd539-788b-4663-979c-2dbbb8ca8f73', 'f2fcd539-788b-4663-979c-2dbbb8ca8f73', 'f2fcd539-788b-4663-979c-2dbbb8ca8f73', 'f2fcd539-788b-4663-979c-2dbbb8ca8f73', 'f2fcd539-788b-4663-979c-2dbbb8ca8f73', '454f64d6-2574-463d-9ca3-08139005114d', 'dc026596-b0ca-4da2-a4da-63a5823e62df', 'ed7f9843-aa96-4b09-b710-6fe2038c6cee', 'a9b2771c-da9a-4317-b062-358115a54872', '9bca31e9-5fb5-4508-9635-242f4626110d', 'dd30208e-6cfc-42ac-bdd7-ea6b40967882', '23ab8de0-97aa-446a-af02-9f72f0679548', 'ac21c405-9921-4cbe-b1eb-8865ab17e940', '70169de0-c37e-48b5-a499-a659b5023154', '93a90b23-28c9-414c-9c6e-8e3b697611a5']"
7f783c4e-7465-42ec-b737-293f24a1296b,13,"['f2fcd539-788b-4663-979c-2dbbb8ca8f73', 'f2fcd539-788b-4663-979c-2dbbb8ca8f73', 'f2fcd539-788b-4663-979c-2dbbb8ca8f73', 'f2fcd539-788b-4663-979c-2dbbb8ca8f73', 'f2fcd539-788b-4663-979c-2dbbb8ca8f73', 'f2fcd539-788b-4663-979c-2dbbb8ca8f73', 'f2fcd539-788b-4663-979c-2dbbb8ca8f73', 'f2fcd539-788b-4663-979c-2dbbb8ca8f73', 'f2fcd539-788b-4663-979c-2dbbb8ca8f73', 'f2fcd539-788b-4663-979c-2dbbb8ca8f73', 'f2fcd539-788b-4663-979c-2dbbb8ca8f73', 'f2fcd539-788b-4663-979c-2dbbb8ca8f73', 'f2fcd539-788b-4663-979c-2dbbb8ca8f73', 'f2fcd539-788b-4663-979c-2dbbb8ca8f73', 'f2fcd539-788b-4663-979c-2dbbb8ca8f73', 'f2fcd539-788b-4663-979c-2dbbb8ca8f73', 'f2fcd539-788b-4663-979c-2dbbb8ca8f73', 'f2fcd539-788b-4663-979c-2dbbb8ca8f73', 'f2fcd539-788b-4663-979c-2dbbb8ca8f73', 'f2fcd539-788b-4663-979c-2dbbb8ca8f73', 'f2fcd539-788b-4663-979c-2dbbb8ca8f73', 'f2fcd539-788b-4663-979c-2dbbb8ca8f73', 'f2fcd539-788b-4663-979c-2dbbb8ca8f73', 'f2fcd539-788b-4663-979c-2dbbb8ca8f73', 'f2fcd539-788b-4663-979c-2dbbb8ca8f73', 'f2fcd539-788b-4663-979c-2dbbb8ca8f73', 'f2fcd539-788b-4663-979c-2dbbb8ca8f73', 'f2fcd539-788b-4663-979c-2dbbb8ca8f73', 'f2fcd539-788b-4663-979c-2dbbb8ca8f73', 'f2fcd539-788b-4663-979c-2dbbb8ca8f73', 'f2fcd539-788b-4663-979c-2dbbb8ca8f73', 'f2fcd539-788b-4663-979c-2dbbb8ca8f73', 'f2fcd539-788b-4663-979c-2dbbb8ca8f73', 'f2fcd539-788b-4663-979c-2dbbb8ca8f73', 'f2fcd539-788b-4663-979c-2dbbb8ca8f73', 'f2fcd539-788b-4663-979c-2dbbb8ca8f73', 'dc026596-b0ca-4da2-a4da-63a5823e62df', 'ed7f9843-aa96-4b09-b710-6fe2038c6cee', 'a9b2771c-da9a-4317-b062-358115a54872', '9bca31e9-5fb5-4508-9635-242f4626110d', '23ab8de0-97aa-446a-af02-9f72f0679548', 'ac21c405-9921-4cbe-b1eb-8865ab17e940', '70169de0-c37e-48b5-a499-a659b5023154', '93a90b23-28c9-414c-9c6e-8e3b697611a5', '225be9f1-6e19-4b05-bb62-a69f39f7df87', '642835e6-3e8d-4ac6-88ee-d2bdc5421aaa', 'ce5551de-3ee6-433f-a1ed-1281239f43f7', '941219ff-4448-4993-b7cd-3514ef17f00e', 'f1b3bb6a-9ebe-4135-87a2-800df832a3ba', '023d04f3-244a-4c1d-8ee3-d706c8cfc233']"
7f783c4e-7465-42ec-b737-293f24a1296b,14,"['f2fcd539-788b-4663-979c-2dbbb8ca8f73', 'f2fcd539-788b-4663-979c-2dbbb8ca8f73', 'f2fcd539-788b-4663-979c-2dbbb8ca8f73', 'f2fcd539-788b-4663-979c-2dbbb8ca8f73', 'f2fcd539-788b-4663-979c-2dbbb8ca8f73', 'f2fcd539-788b-4663-979c-2dbbb8ca8f73', 'f2fcd539-788b-4663-979c-2dbbb8ca8f73', 'f2fcd539-788b-4663-979c-2dbbb8ca8f73', 'f2fcd539-788b-4663-979c-2dbbb8ca8f73', 'f2fcd539-788b-4663-979c-2dbbb8ca8f73', 'f2fcd539-788b-4663-979c-2dbbb8ca8f73', 'f2fcd539-788b-4663-979c-2dbbb8ca8f73', 'f2fcd539-788b-4663-979c-2dbbb8ca8f73', 'f2fcd539-788b-4663-979c-2dbbb8ca8f73', 'f2fcd539-788b-4663-979c-2dbbb8ca8f73', 'f2fcd539-788b-4663-979c-2dbbb8ca8f73', 'f2fcd539-788b-4663-979c-2dbbb8ca8f73', 'f2fcd539-788b-4663-979c-2dbbb8ca8f73', 'f2fcd539-788b-4663-979c-2dbbb8ca8f73', 'f2fcd539-788b-4663-979c-2dbbb8ca8f73', 'f2fcd539-788b-4663-979c-2dbbb8ca8f73', 'f2fcd539-788b-4663-979c-2dbbb8ca8f73', 'f2fcd539-788b-4663-979c-2dbbb8ca8f73', 'f2fcd539-788b-4663-979c-2dbbb8ca8f73', 'f2fcd539-788b-4663-979c-2dbbb8ca8f73', 'f2fcd539-788b-4663-979c-2dbbb8ca8f73', 'f2fcd539-788b-4663-979c-2dbbb8ca8f73', 'f2fcd539-788b-4663-979c-2dbbb8ca8f73', 'f2fcd539-788b-4663-979c-2dbbb8ca8f73', 'a9b2771c-da9a-4317-b062-358115a54872', '9bca31e9-5fb5-4508-9635-242f4626110d', '23ab8de0-97aa-446a-af02-9f72f0679548', 'ac21c405-9921-4cbe-b1eb-8865ab17e940', '70169de0-c37e-48b5-a499-a659b5023154', '93a90b23-28c9-414c-9c6e-8e3b697611a5', '225be9f1-6e19-4b05-bb62-a69f39f7df87', 'ce5551de-3ee6-433f-a1ed-1281239f43f7', '941219ff-4448-4993-b7cd-3514ef17f00e', 'f1b3bb6a-9ebe-4135-87a2-800df832a3ba', '023d04f3-244a-4c1d-8ee3-d706c8cfc233', 'e0b54124-1150-40ff-be93-ac7b2a055245', '9539b4ac-d7d3-4d0b-919f-ac408b853678', 'b170513e-91b0-4585-9125-f078087ee55e', '6bc3faa0-0769-4d7a-bbbd-1620b35a86ed', '01537563-49c9-4dc9-a972-fd56dfbc65b7', '0959b5a0-6dd4-44b0-acfc-7c7c9b7a789f', '184937a8-8408-432c-bad7-fb65378f2d1f', 'e5a32eab-bb09-41c3-83de-289b1385031d', 'cce9c1d9-3155-4670-8dee-bcaed0a73d16', 'e51ee31c-63d7-4978-8583-0cf27e54f103']"
46cc0952-d1f3-47ba-8841-bc5abf8a4630,11,"['cf33f52c-c007-49a2-973e-600e917b824f', 'cf33f52c-c007-49a2-973e-600e917b824f', 'cf33f52c-c007-49a2-973e-600e917b824f', 'cf33f52c-c007-49a2-973e-600e917b824f', 'cf33f52c-c007-49a2-973e-600e917b824f', 'cf33f52c-c007-49a2-973e-600e917b824f', 'cf33f52c-c007-49a2-973e-600e917b824f', 'cf33f52c-c007-49a2-973e-600e917b824f', 'cf33f52c-c007-49a2-973e-600e917b824f', 'cf33f52c-c007-49a2-973e-600e917b824f', 'cf33f52c-c007-49a2-973e-600e917b824f', 'cf33f52c-c007-49a2-973e-600e917b824f', 'cf33f52c-c007-49a2-973e-600e917b824f', 'cf33f52c-c007-49a2-973e-600e917b824f', 'cf33f52c-c007-49a2-973e-600e917b824f', 'cf33f52c-c007-49a2-973e-600e917b824f', 'cf33f52c-c007-49a2-973e-600e917b824f', 'cf33f52c-c007-49a2-973e-600e917b824f', 'cf33f52c-c007-49a2-973e-600e917b824f', 'cf33f52c-c007-49a2-973e-600e917b824f', 'cf33f52c-c007-49a2-973e-600e917b824f', 'cf33f52c-c007-49a2-973e-600e917b824f', 'cf33f52c-c007-49a2-973e-600e917b824f', 'cf33f52c-c007-49a2-973e-600e917b824f', 'cf33f52c-c007-49a2-973e-600e917b824f', 'cf33f52c-c007-49a2-973e-600e917b824f', 'cf33f52c-c007-49a2-973e-600e917b824f', 'cf33f52c-c007-49a2-973e-600e917b824f', 'cf33f52c-c007-49a2-973e-600e917b824f', 'cf33f52c-c007-49a2-973e-600e917b824f', 'cf33f52c-c007-49a2-973e-600e917b824f', 'cf33f52c-c007-49a2-973e-600e917b824f', 'cf33f52c-c007-49a2-973e-600e917b824f', 'cf33f52c-c007-49a2-973e-600e917b824f', 'cf33f52c-c007-49a2-973e-600e917b824f', 'cf33f52c-c007-49a2-973e-600e917b824f', 'cf33f52c-c007-49a2-973e-600e917b824f', '5dd2d124-c2a5-4f8b-8202-85cd13dc1b53', 'c8b5c616-1e1f-4f62-a062-8b278f45d671', '11324e24-4ba7-4cc8-8ec0-cfb7f37101e5', '3435dbbf-53db-4185-addd-dd9c3d3ecbee', 'b1396009-1caf-449d-9646-05b99f56b6d4', 'd70feddd-327e-4009-9d84-5906e6f55ee3', '53e84ef4-ebc7-4017-bc1b-0b32f20f90fb', 'c43c2424-63a2-424d-b38e-96f32723915a', '5feeee2d-7e2d-4a3e-8cbc-fb847790de79', '3f81058a-c0e9-498d-b021-fff9f0a2c0f4', '518b7729-a9d9-462d-9a27-e8484d9d1f61', '3d3e14a3-2141-48b1-a74b-4b3687b9bde8', '128010bf-e963-41d1-ae46-2ef727d47d10']"
7f783c4e-7465-42ec-b737-293f24a1296b,15,"['f2fcd539-788b-4663-979c-2dbbb8ca8f73', 'f2fcd539-788b-4663-979c-2dbbb8ca8f73', 'f2fcd539-788b-4663-979c-2dbbb8ca8f73', 'f2fcd539-788b-4663-979c-2dbbb8ca8f73', 'f2fcd539-788b-4663-979c-2dbbb8ca8f73', 'f2fcd539-788b-4663-979c-2dbbb8ca8f73', 'f2fcd539-788b-4663-979c-2dbbb8ca8f73', 'f2fcd539-788b-4663-979c-2dbbb8ca8f73', 'f2fcd539-788b-4663-979c-2dbbb8ca8f73', 'f2fcd539-788b-4663-979c-2dbbb8ca8f73', 'f2fcd539-788b-4663-979c-2dbbb8ca8f73', 'f2fcd539-788b-4663-979c-2dbbb8ca8f73', 'f2fcd539-788b-4663-979c-2dbbb8ca8f73', 'f2fcd539-788b-4663-979c-2dbbb8ca8f73', 'f2fcd539-788b-4663-979c-2dbbb8ca8f73', 'f2fcd539-788b-4663-979c-2dbbb8ca8f73', 'f2fcd539-788b-4663-979c-2dbbb8ca8f73', 'f2fcd539-788b-4663-979c-2dbbb8ca8f73', 'f2fcd539-788b-4663-979c-2dbbb8ca8f73', 'f2fcd539-788b-4663-979c-2dbbb8ca8f73', 'f2fcd539-788b-4663-979c-2dbbb8ca8f73', 'f2fcd539-788b-4663-979c-2dbbb8ca8f73', 'f2fcd539-788b-4663-979c-2dbbb8ca8f73', 'f2fcd539-788b-4663-979c-2dbbb8ca8f73', 'a9b2771c-da9a-4317-b062-358115a54872', '9bca31e9-5fb5-4508-9635-242f4626110d', '23ab8de0-97aa-446a-af02-9f72f0679548', 'ac21c405-9921-4cbe-b1eb-8865ab17e940', '93a90b23-28c9-414c-9c6e-8e3b697611a5', '225be9f1-6e19-4b05-bb62-a69f39f7df87', 'ce5551de-3ee6-433f-a1ed-1281239f43f7', '941219ff-4448-4993-b7cd-3514ef17f00e', 'f1b3bb6a-9ebe-4135-87a2-800df832a3ba', '023d04f3-244a-4c1d-8ee3-d706c8cfc233', 'e0b54124-1150-40ff-be93-ac7b2a055245', '9539b4ac-d7d3-4d0b-919f-ac408b853678', 'b170513e-91b0-4585-9125-f078087ee55e', '6bc3faa0-0769-4d7a-bbbd-1620b35a86ed', '01537563-49c9-4dc9-a972-fd56dfbc65b7', '0959b5a0-6dd4-44b0-acfc-7c7c9b7a789f', 'e5a32eab-bb09-41c3-83de-289b1385031d', 'cce9c1d9-3155-4670-8dee-bcaed0a73d16', 'b6c90722-f44e-4082-91bb-157a5ee57362', 'eec3985a-201e-49c4-bd00-70af5f1fe5cb', '6ab1a39d-a067-496c-a31a-169de3c299cf', 'a84ff383-be42-4971-8b85-c813a5c8a081', '75b95e08-3288-4670-84dc-1a74efcd84af', 'b644fd26-46c9-4826-9c00-639476579547', 'd3f1e150-e609-45ea-beef-4c41b9871c20', '262fdddf-736d-49c5-a8c2-5a610aa93d06']"
46cc0952-d1f3-47ba-8841-bc5abf8a4630,12,"['cf33f52c-c007-49a2-973e-600e917b824f', 'cf33f52c-c007-49a2-973e-600e917b824f', 'cf33f52c-c007-49a2-973e-600e917b824f', 'cf33f52c-c007-49a2-973e-600e917b824f', 'cf33f52c-c007-49a2-973e-600e917b824f', 'cf33f52c-c007-49a2-973e-600e917b824f', 'cf33f52c-c007-49a2-973e-600e917b824f', 'cf33f52c-c007-49a2-973e-600e917b824f', 'cf33f52c-c007-49a2-973e-600e917b824f', 'cf33f52c-c007-49a2-973e-600e917b824f', 'cf33f52c-c007-49a2-973e-600e917b824f', 'cf33f52c-c007-49a2-973e-600e917b824f', 'cf33f52c-c007-49a2-973e-600e917b824f', 'cf33f52c-c007-49a2-973e-600e917b824f', 'cf33f52c-c007-49a2-973e-600e917b824f', 'cf33f52c-c007-49a2-973e-600e917b824f', 'cf33f52c-c007-49a2-973e-600e917b824f', 'cf33f52c-c007-49a2-973e-600e917b824f', 'cf33f52c-c007-49a2-973e-600e917b824f', 'cf33f52c-c007-49a2-973e-600e917b824f', 'cf33f52c-c007-49a2-973e-600e917b824f', 'cf33f52c-c007-49a2-973e-600e917b824f', 'cf33f52c-c007-49a2-973e-600e917b824f', 'cf33f52c-c007-49a2-973e-600e917b824f', 'cf33f52c-c007-49a2-973e-600e917b824f', 'cf33f52c-c007-49a2-973e-600e917b824f', 'cf33f52c-c007-49a2-973e-600e917b824f', 'cf33f52c-c007-49a2-973e-600e917b824f', 'cf33f52c-c007-49a2-973e-600e917b824f', '5dd2d124-c2a5-4f8b-8202-85cd13dc1b53', 'c8b5c616-1e1f-4f62-a062-8b278f45d671', '11324e24-4ba7-4cc8-8ec0-cfb7f37101e5', '3435dbbf-53db-4185-addd-dd9c3d3ecbee', 'd70feddd-327e-4009-9d84-5906e6f55ee3', 'c43c2424-63a2-424d-b38e-96f32723915a', '5feeee2d-7e2d-4a3e-8cbc-fb847790de79', '3f81058a-c0e9-498d-b021-fff9f0a2c0f4', '518b7729-a9d9-462d-9a27-e8484d9d1f61', '3d3e14a3-2141-48b1-a74b-4b3687b9bde8', '128010bf-e963-41d1-ae46-2ef727d47d10', '0bafdcfb-ec44-4db4-b95b-86a877a6a6b5', '830879e8-bd94-4f68-964f-3709677ded88', 'e44b5ebb-d4b0-4426-a2e6-903171e975a1', '13b290ce-7327-45c8-8cd2-9480d042d98f', '649634cd-ff2a-4ad4-8f37-484de3835e3a', 'aa57311f-435a-442d-b881-dec397b819bb', '4347714f-8f6a-43cb-95e4-79c2a79587c8', '64af6909-fb0d-4d1c-8f1b-2bb40386036e', '50e6729f-e61f-4a87-bc62-e57f5c1a6670', '22843673-7ae8-4191-aef8-d968b8bb6fd7']"
46cc0952-d1f3-47ba-8841-bc5abf8a4630,13,"['cf33f52c-c007-49a2-973e-600e917b824f', 'cf33f52c-c007-49a2-973e-600e917b824f', 'cf33f52c-c007-49a2-973e-600e917b824f', 'cf33f52c-c007-49a2-973e-600e917b824f', 'cf33f52c-c007-49a2-973e-600e917b824f', 'cf33f52c-c007-49a2-973e-600e917b824f', 'cf33f52c-c007-49a2-973e-600e917b824f', 'cf33f52c-c007-49a2-973e-600e917b824f', 'cf33f52c-c007-49a2-973e-600e917b824f', 'cf33f52c-c007-49a2-973e-600e917b824f', 'cf33f52c-c007-49a2-973e-600e917b824f', 'cf33f52c-c007-49a2-973e-600e917b824f', 'cf33f52c-c007-49a2-973e-600e917b824f', 'cf33f52c-c007-49a2-973e-600e917b824f', 'cf33f52c-c007-49a2-973e-600e917b824f', 'cf33f52c-c007-49a2-973e-600e917b824f', 'cf33f52c-c007-49a2-973e-600e917b824f', 'cf33f52c-c007-49a2-973e-600e917b824f', 'cf33f52c-c007-49a2-973e-600e917b824f', 'cf33f52c-c007-49a2-973e-600e917b824f', 'cf33f52c-c007-49a2-973e-600e917b824f', '5dd2d124-c2a5-4f8b-8202-85cd13dc1b53', 'c8b5c616-1e1f-4f62-a062-8b278f45d671', '11324e24-4ba7-4cc8-8ec0-cfb7f37101e5', '3435dbbf-53db-4185-addd-dd9c3d3ecbee', 'd70feddd-327e-4009-9d84-5906e6f55ee3', 'c43c2424-63a2-424d-b38e-96f32723915a', '5feeee2d-7e2d-4a3e-8cbc-fb847790de79', '3f81058a-c0e9-498d-b021-fff9f0a2c0f4', '518b7729-a9d9-462d-9a27-e8484d9d1f61', '3d3e14a3-2141-48b1-a74b-4b3687b9bde8', '128010bf-e963-41d1-ae46-2ef727d47d10', '0bafdcfb-ec44-4db4-b95b-86a877a6a6b5', '830879e8-bd94-4f68-964f-3709677ded88', 'e44b5ebb-d4b0-4426-a2e6-903171e975a1', '13b290ce-7327-45c8-8cd2-9480d042d98f', '649634cd-ff2a-4ad4-8f37-484de3835e3a', '4347714f-8f6a-43cb-95e4-79c2a79587c8', '64af6909-fb0d-4d1c-8f1b-2bb40386036e', '50e6729f-e61f-4a87-bc62-e57f5c1a6670', '3e9f0f09-4e51-47ba-8e71-5be5599831b2', '493913b7-8204-46af-8d5c-7cd843237484', '53e745f3-03dc-42ce-b523-9fab8b4194d2', '408eb046-1c70-4265-b71c-642aa4120933', '82bd7ccb-f139-4c2f-ae74-203b5f3b6fdf', 'd8417644-eeb7-4c7d-93aa-eb6ff577e747', 'e853c278-256f-43b2-9c84-0ce94c72ad3e', 'e3716b5d-0752-4abd-8772-2b79c020b68a', '723a8c44-de5d-4719-9a5c-607dfb518802', '1ba4a1aa-c25c-4fc5-9d02-f06de70f2e2e']"
46cc0952-d1f3-47ba-8841-bc5abf8a4630,14,"['cf33f52c-c007-49a2-973e-600e917b824f', 'cf33f52c-c007-49a2-973e-600e917b824f', 'cf33f52c-c007-49a2-973e-600e917b824f', 'cf33f52c-c007-49a2-973e-600e917b824f', 'cf33f52c-c007-49a2-973e-600e917b824f', 'cf33f52c-c007-49a2-973e-600e917b824f', 'cf33f52c-c007-49a2-973e-600e917b824f', 'cf33f52c-c007-49a2-973e-600e917b824f', 'cf33f52c-c007-49a2-973e-600e917b824f', 'cf33f52c-c007-49a2-973e-600e917b824f', 'cf33f52c-c007-49a2-973e-600e917b824f', 'cf33f52c-c007-49a2-973e-600e917b824f', 'cf33f52c-c007-49a2-973e-600e917b824f', 'cf33f52c-c007-49a2-973e-600e917b824f', 'cf33f52c-c007-49a2-973e-600e917b824f', 'cf33f52c-c007-49a2-973e-600e917b824f', 'cf33f52c-c007-49a2-973e-600e917b824f', 'cf33f52c-c007-49a2-973e-600e917b824f', 'cf33f52c-c007-49a2-973e-600e917b824f', 'cf33f52c-c007-49a2-973e-600e917b824f', 'cf33f52c-c007-49a2-973e-600e917b824f', 'cf33f52c-c007-49a2-973e-600e917b824f', 'cf33f52c-c007-49a2-973e-600e917b824f', 'cf33f52c-c007-49a2-973e-600e917b824f', 'cf33f52c-c007-49a2-973e-600e917b824f', 'cf33f52c-c007-49a2-973e-600e917b824f', 'cf33f52c-c007-49a2-973e-600e917b824f', 'cf33f52c-c007-49a2-973e-600e917b824f', 'cf33f52c-c007-49a2-973e-600e917b824f', 'cf33f52c-c007-49a2-973e-600e917b824f', 'cf33f52c-c007-49a2-973e-600e917b824f', 'cf33f52c-c007-49a2-973e-600e917b824f', 'cf33f52c-c007-49a2-973e-600e917b824f', 'cf33f52c-c007-49a2-973e-600e917b824f', 'cf33f52c-c007-49a2-973e-600e917b824f', 'cf33f52c-c007-49a2-973e-600e917b824f', 'cf33f52c-c007-49a2-973e-600e917b824f', 'be1eed92-4c84-41a6-a114-462d7f633c58', '5f16459c-9f96-48da-b451-628c79e4c075', 'b2b24a2c-da92-41b6-94fc-014d69db8cf8', 'f07a07da-36bd-401b-bd2c-40e8b3d1241a', 'd2ae1f95-407f-4b91-ac0b-81f237bc9c92', 'ba35190e-f16f-40e0-8872-84179b54a666', 'f79a7339-142f-4751-b28c-fa5b97ebb9c6', '77dc4d37-7354-4caf-b285-3f68f220c8df', 'fe93788c-4864-40ba-8651-68d2c85a7be9', 'f8051910-4a6a-4e0a-a6f2-0fa76115409b', 'eb56b6f0-7a51-4168-a6cb-9f46daf7afef', '78bdc9b0-e3f0-45e7-85b3-616be6d53617', 'a8df5564-5754-414b-a5e7-b003c8f1d4b7']"
46cc0952-d1f3-47ba-8841-bc5abf8a4630,15,"['cf33f52c-c007-49a2-973e-600e917b824f', 'cf33f52c-c007-49a2-973e-600e917b824f', 'cf33f52c-c007-49a2-973e-600e917b824f', 'cf33f52c-c007-49a2-973e-600e917b824f', 'cf33f52c-c007-49a2-973e-600e917b824f', 'cf33f52c-c007-49a2-973e-600e917b824f', 'cf33f52c-c007-49a2-973e-600e917b824f', 'cf33f52c-c007-49a2-973e-600e917b824f', 'cf33f52c-c007-49a2-973e-600e917b824f', 'cf33f52c-c007-49a2-973e-600e917b824f', 'cf33f52c-c007-49a2-973e-600e917b824f', 'cf33f52c-c007-49a2-973e-600e917b824f', 'cf33f52c-c007-49a2-973e-600e917b824f', 'cf33f52c-c007-49a2-973e-600e917b824f', 'cf33f52c-c007-49a2-973e-600e917b824f', 'cf33f52c-c007-49a2-973e-600e917b824f', 'cf33f52c-c007-49a2-973e-600e917b824f', 'cf33f52c-c007-49a2-973e-600e917b824f', 'cf33f52c-c007-49a2-973e-600e917b824f', 'cf33f52c-c007-49a2-973e-600e917b824f', 'cf33f52c-c007-49a2-973e-600e917b824f', 'cf33f52c-c007-49a2-973e-600e917b824f', 'cf33f52c-c007-49a2-973e-600e917b824f', 'cf33f52c-c007-49a2-973e-600e917b824f', 'cf33f52c-c007-49a2-973e-600e917b824f', 'cf33f52c-c007-49a2-973e-600e917b824f', 'cf33f52c-c007-49a2-973e-600e917b824f', '5f16459c-9f96-48da-b451-628c79e4c075', 'b2b24a2c-da92-41b6-94fc-014d69db8cf8', 'f07a07da-36bd-401b-bd2c-40e8b3d1241a', 'd2ae1f95-407f-4b91-ac0b-81f237bc9c92', 'f79a7339-142f-4751-b28c-fa5b97ebb9c6', '77dc4d37-7354-4caf-b285-3f68f220c8df', 'eb56b6f0-7a51-4168-a6cb-9f46daf7afef', '78bdc9b0-e3f0-45e7-85b3-616be6d53617', 'a8df5564-5754-414b-a5e7-b003c8f1d4b7', '8453c9ae-7cd9-448a-beea-44b7a08275ad', '66aab896-63eb-487d-8e1a-6acfc40255a4', 'be7edce6-fd76-4245-b551-acca8bf9dba5', '0f1b9b73-6396-489c-b2fa-eb85a2d5dd89', '84ff1169-ec7a-4553-8ec5-baa98bb9b93f', '73ea52ce-6565-488e-935c-b920b1a413fc', 'ffa1cbeb-3893-4b00-a2e6-1adc14116d75', '07a2b0cf-c8a7-493d-a8ab-d094ca8a9d5e', '855e0cc2-dc9b-459c-9229-650d6fd32543', '72b1c6cb-8bbc-43ce-acc6-ee8456aca6b0', 'a051575b-1a4d-48c9-82c5-607182e387b9', '40ebf13c-4667-48df-b0a0-18a52f8baa34', 'ec09ec57-c6c6-4443-a166-ec942a1a30dc', '507de565-8385-432b-bfc3-45ccbd66d0a5']"
