particle_id,run_id,seed,iteration,particle_index,log_weight,family_id,subtype_id,reasoning
9d6ab14b-333f-426c-8dee-219430d57263,357f9623-981c-4653-b08b-ba8f0d8d5e25,0,0,0,-262.0372619628906,base_only,base_only,"The code contains only the standard HH channels (Na+, K+ delayed-rectifier, leak). All EDITABLE SECTIONs are empty — no additional state variables, no additional kinetics, no additional current terms in tau_V_inv or V_inf. gbar_X1, gbar_X2, param_i, param_j are extracted but never used. This is a pure base HH model."
ff882dfa-7800-441d-9885-81b191cfbd55,357f9623-981c-4653-b08b-ba8f0d8d5e25,0,1,1,-437.0808715820313,I_M,I_M_voltage_dep_tau,"Single additional channel: M-type K+ current with gate w. Steady-state w_inf is a Boltzmann sigmoid. The time constant tau_w_fn uses a bell-shaped voltage-dependent denominator: 3.3*(exp((x-V_half_w)/40) + exp(-(x-V_half_w)/20)), which is the Wang 1998 cosh-like form. This is clearly voltage_dependent tau -> I_M_voltage_dep_tau."
c00e36a5-c43a-4574-b702-718ac06500ac,357f9623-981c-4653-b08b-ba8f0d8d5e25,0,1,3,-306.8944091796875,I_M,I_M_fixed_tau,"Single additional channel: M-type K+ current with gate w. Steady-state w_inf is a Boltzmann sigmoid. The time constant tau_w_val = -params[:,9]/10.0 is precomputed as a fixed scalar (voltage-independent), clamped to [1.0, 1000.0] ms before the simulation loop. This matches tau_type=fixed_scalar -> I_M_fixed_tau."
749a9002-eb47-492e-8813-fdd35d3089b0,357f9623-981c-4653-b08b-ba8f0d8d5e25,0,1,4,-289.7896728515625,I_M,I_M_voltage_dep_tau,"Single additional channel: M-type K+ current with gate w. Steady-state w_inf is a Boltzmann sigmoid. The time constant tau_w uses a voltage-dependent bell-shaped denominator: 3.3*(exp((x-V_half_M)/40) + exp(-(x-V_half_M)/20)) + 1e-6, computed inside the loop at each voltage. This is the Wang 1998 form -> voltage_dependent tau -> I_M_voltage_dep_tau."
f45c8c02-3ae1-4b97-befa-4385f4926561,357f9623-981c-4653-b08b-ba8f0d8d5e25,0,1,5,-289.71514892578125,I_M,I_M_fixed_tau,"Single additional channel: M-type K+ current with gate w. Steady-state w_inf is a Boltzmann sigmoid. The time constant tau_w_fn() returns torch.clamp(tau_M_base, min=1.0, max=200.0) where tau_M_base = params[:,9]/30.0 — a fixed scalar precomputed before the loop, voltage-independent. This matches tau_type=fixed_scalar -> I_M_fixed_tau."
a2fe1355-9101-44f1-a430-014cb15bfe56,357f9623-981c-4653-b08b-ba8f0d8d5e25,0,1,6,-270.2880859375,I_M,I_M_fixed_tau,"Single M-current gate w with Boltzmann steady-state w_inf. The time constant tau_M is taken directly from params[:,9] (a learned scalar), clamped to [1, 3000] ms, and used as a voltage-independent fixed scalar. No bell-shaped or voltage-dependent tau function is present. This matches tau_type=fixed_scalar -> I_M_fixed_tau."
64aa6d14-37fb-422a-a6b0-66bc1b7916ca,357f9623-981c-4653-b08b-ba8f0d8d5e25,0,1,7,-291.5726013183594,I_M,I_M_fixed_tau,"Single M-current gate w with Boltzmann steady-state w_inf. The time constant tau_w_M is taken directly from params[:,9] (negated to recover a positive scalar) and used as a constant voltage-independent time constant in the exponential Euler update. No voltage-dependent tau function is defined. This matches tau_type=fixed_scalar -> I_M_fixed_tau."
c88902d7-aa49-416b-ace8-6bc27d054c9c,357f9623-981c-4653-b08b-ba8f0d8d5e25,0,1,8,-277.1291809082031,I_M,I_M_fixed_tau,"Single M-current gate w with Boltzmann steady-state w_inf. The time constant tau_w is taken directly from params[:,9] as a positive raw value and used as a constant scalar in the exponential Euler update (w[:, i] = w_inf_v + (w[:, i-1] - w_inf_v) * Exp(-tstep / tau_w)). No voltage-dependent tau function is defined. This matches tau_type=fixed_scalar -> I_M_fixed_tau."
7ffd2a56-f081-414d-a4e3-53b61c35663c,357f9623-981c-4653-b08b-ba8f0d8d5e25,0,1,9,-273.8853454589844,I_M,I_M_voltage_dep_tau,"Single M-current gate w with Boltzmann steady-state w_inf. The time constant is computed by tau_w_fn(x) = 1.0 / (3.3*(Exp((x-V_half)/40) + Exp(-(x-V_half)/20)) + 1e-7), which is a bell-shaped voltage-dependent function of V (asymmetric exponential sum in denominator). This matches tau_type=voltage_dependent -> I_M_voltage_dep_tau."
8f6483ab-8354-481a-9659-d9a0d00f34c6,357f9623-981c-4653-b08b-ba8f0d8d5e25,0,1,10,-265.8624572753906,I_M,I_M_voltage_dep_tau,"Single M-current gate w with Boltzmann steady-state w_inf. The time constant is computed by tau_w_fn(x) = 1.0 / (3.3*(Exp((x-V_half)/40) + Exp(-(x-V_half)/20)) + 1e-6), a bell-shaped voltage-dependent function (asymmetric exponential sum denominator, Wang 1998 style). This matches tau_type=voltage_dependent -> I_M_voltage_dep_tau."
ac34b280-4b5a-4ef4-99c1-c4e05c8fe0a0,357f9623-981c-4653-b08b-ba8f0d8d5e25,0,1,11,-287.72979736328125,I_M,I_M_fixed_tau,"Single M-current gate w with Boltzmann w_inf. The time constant tau_M_scale = params[:,9]/10.0 + 1.0 is a fixed scalar derived from a parameter, with no voltage dependence in the tau computation. The update is w[:, i] = w_inf_v + (w_prev - w_inf_v) * Exp(-tstep / tau_M_scale), confirming fixed scalar tau -> I_M_fixed_tau."
83a66acc-2e8e-44a5-a245-ec8d32199d27,357f9623-981c-4653-b08b-ba8f0d8d5e25,0,1,12,-282.75958251953125,I_M,I_M_voltage_dep_tau,"Single M-current gate w with Boltzmann w_inf. The time constant tau_w_fn uses a bell-shaped formula: tau_max_M / (3.3 * (Exp(dv/40) + Exp(-dv/20)) + 1e-6), which is voltage-dependent (bell-shaped). This matches the Wang 1998 formulation -> I_M_voltage_dep_tau."
4e15fdd1-f75a-43aa-8dda-ca6f4bc26721,357f9623-981c-4653-b08b-ba8f0d8d5e25,0,2,13,-290.8132629394531,I_M,I_M_voltage_dep_tau,"Single M-current gate w with Boltzmann w_inf (slope 9 mV). The time constant tau_w uses: num / (3.3 * (Exp((x-V_half_M)/40) + Exp(-(x-V_half_M)/20))), a bell-shaped voltage-dependent formula (Wang 1998 style). This is voltage_dependent tau -> I_M_voltage_dep_tau."
3b487a62-026f-46bb-984d-f6d58aefde28,357f9623-981c-4653-b08b-ba8f0d8d5e25,0,2,14,-275.6747436523437,I_M,I_M_voltage_dep_tau,"Single M-current gate w with Boltzmann w_inf (slope 10 mV). The time constant tau_w uses: tau_max_M / (3.3 * (Exp(dv/40) + Exp(-dv/20))), a bell-shaped voltage-dependent formula. This is voltage_dependent tau -> I_M_voltage_dep_tau."
0d6ad3bd-6a65-4faa-9524-114bed799fbe,357f9623-981c-4653-b08b-ba8f0d8d5e25,0,2,15,-292.5314636230469,I_M,I_M_voltage_dep_tau,"Single M-current gate w with Boltzmann w_inf (slope 10 mV). The time constant tau_w uses: tau_M_scale / (3.3 * (Exp(dv/40) + Exp(-dv/20)) + 1e-7), a bell-shaped voltage-dependent formula (Wang 1998 style). This is voltage_dependent tau -> I_M_voltage_dep_tau."
94300b1c-dd19-4608-9163-8eabef393595,357f9623-981c-4653-b08b-ba8f0d8d5e25,0,2,16,-272.05419921875,I_M,I_M_fixed_tau,"Single M-current gate w with Boltzmann w_inf. The time constant tau_w is taken directly from params[:,9] (negated to be positive) as a fixed scalar per batch — no voltage dependence in tau. This matches tau_type=fixed_scalar -> I_M_fixed_tau."
254308a9-70cd-4645-9314-48f514c5f0ee,357f9623-981c-4653-b08b-ba8f0d8d5e25,0,2,17,-290.61395263671875,I_M,I_M_fixed_tau,"Single M-current gate w with Boltzmann w_inf. The time constant tau_M is taken directly from params[:,9] as a positive scalar with no voltage dependence (used as `Exp(-tstep / (tau_M + 1e-6))`). This is a fixed scalar tau -> I_M_fixed_tau."
3098691e-153d-4b8b-b8db-3af74b656aa5,357f9623-981c-4653-b08b-ba8f0d8d5e25,0,2,18,-283.1432189941406,I_M,I_M_voltage_dep_tau,"Single M-current gate w with Boltzmann w_inf. The time constant is computed by tau_w_fn(x) = 1/(0.02*(exp(dv/40)+exp(-dv/20))) + 5, which is a bell-shaped voltage-dependent function of V (dv = V - v_half_M). This matches tau_type=voltage_dependent -> I_M_voltage_dep_tau."
d20c8b00-738f-4d39-8b8e-579be3656599,357f9623-981c-4653-b08b-ba8f0d8d5e25,0,2,19,-273.231689453125,I_M,I_M_voltage_dep_tau,"Single M-current gate w with Boltzmann w_inf. The time constant is computed by tau_w_fn(x) = tau_w_max / (3.3*(exp(dv/40)+exp(-dv/20))), a bell-shaped voltage-dependent function (Wang 1998 form). tau_w_max is a learned scalar scale but the tau itself varies with V. This matches tau_type=voltage_dependent -> I_M_voltage_dep_tau."
1cf17228-1683-41a3-8b5f-dbc8338d79a8,357f9623-981c-4653-b08b-ba8f0d8d5e25,0,2,20,-285.341552734375,I_M,I_M_fixed_tau,"Single M-current gate w with Boltzmann w_inf. The time constant tau_w_M is computed as torch.clamp(-params[:,9], min=5.0, max=500.0), a fixed scalar per batch with no voltage dependence. Used directly as `Exp(-tstep / tau_w_M)`. This matches tau_type=fixed_scalar -> I_M_fixed_tau."
bd89d88c-1050-419a-8dde-983e63b8356c,357f9623-981c-4653-b08b-ba8f0d8d5e25,0,2,21,-278.4922790527344,I_M,I_M_fixed_tau,"Single M-current gate w with Boltzmann steady-state w_inf. The time constant tau_KM is extracted directly from params[:,9]/10.0 — a fixed scalar per batch element, clamped to [1,500] ms. No voltage-dependent bell-shaped tau formula is present. This matches I_M_fixed_tau (tau_type=fixed_scalar)."
f8714207-8ae4-4a0a-91b3-788d9c6b2b7a,a95d9575-b62a-4015-a7db-21dbbab2792a,1,0,0,-259.48785400390625,base_only,base_only,"The editable sections are all left as TODO placeholders with no actual additional channel code inserted. The simulation loop only contains the three base HH channels (Na+, K+, leak). No extra state variables, no extra conductance terms, no extra kinetics. This is base HH only."
ca66034d-2bd1-4e37-bb3a-ceb9595c779b,357f9623-981c-4653-b08b-ba8f0d8d5e25,0,3,22,-291.0833435058594,I_M,I_M_fixed_tau,"Single M-current gate w with Boltzmann steady-state w_inf. The time constant tau_M is taken directly from params[:,9] (positive scalar, no negation), clamped with min=1e-3. No voltage-dependent formula (no cosh, no alpha/beta for the M-gate). This is a fixed scalar tau -> I_M_fixed_tau."
5922fd12-e95d-4ff2-a0ad-efa180a9a5b0,357f9623-981c-4653-b08b-ba8f0d8d5e25,0,3,23,-273.6546325683594,I_M,I_M_fixed_tau,"Single M-current gate w with Boltzmann steady-state w_inf. The time constant tau_w_val is extracted directly from params[:,9] as a positive scalar, clamped at min=0.1 ms. No voltage-dependent bell-shaped tau. This is a fixed scalar tau -> I_M_fixed_tau."
74009ad0-2d6a-45a2-80a6-6caca96f5f09,357f9623-981c-4653-b08b-ba8f0d8d5e25,0,3,24,-304.58892822265625,I_M,I_M_fixed_tau,"Single M-current gate w with Boltzmann steady-state w_inf. The time constant tau_M is derived from -params[:,9] (negated to make positive), clamped at min=1.0 ms. No voltage-dependent formula for tau. This is a fixed scalar tau -> I_M_fixed_tau."
3b15a1cf-906d-4302-a2ad-fb3515b16f44,357f9623-981c-4653-b08b-ba8f0d8d5e25,0,3,25,-279.722900390625,I_M,I_M_fixed_tau,"Single M-current gate w with Boltzmann steady-state w_inf. The time constant tau_w_const is taken directly from params[:,9] as a fixed scalar (no voltage dependence). The update is: w[:,i] = w_inf_v + (w[:,i-1] - w_inf_v) * Exp(-tstep / tau_w_const). This is a fixed scalar tau -> I_M_fixed_tau."
cdc49aca-c6b4-4227-b230-055594402f0c,357f9623-981c-4653-b08b-ba8f0d8d5e25,0,3,26,-271.54168701171875,I_M,I_M_voltage_dep_tau,"Single M-current gate w with Boltzmann steady-state w_inf. The time constant is computed via tau_w_fn(x) = tau_scale / (Exp(dv/40) + Exp(-dv/20) + 1e-6) + 1.0, which is a bell-shaped voltage-dependent function of V. This is a voltage-dependent tau -> I_M_voltage_dep_tau."
7f815c9b-3cc2-411e-8e1a-323613a1421a,357f9623-981c-4653-b08b-ba8f0d8d5e25,0,3,27,-291.4827880859375,I_M,I_M_fixed_tau,"Single M-current gate w with Boltzmann steady-state w_inf. The time constant tau_KM is precomputed as torch.clamp(-params[:,9]/10.0, min=10.0, max=200.0) — a fixed scalar per batch element with no voltage dependence. The update uses this constant tau_KM. This is a fixed scalar tau -> I_M_fixed_tau."
d6b1a968-8014-4402-842e-d5ccb1a963b5,357f9623-981c-4653-b08b-ba8f0d8d5e25,0,3,28,-264.8217163085937,I_M,I_M_voltage_dep_tau,"Single M-current gate w with Boltzmann steady-state w_inf. The time constant is computed via tau_w(x) = tau_M_max / (Exp(dv) + Exp(-dv) + 1e-7) where dv = (x - V_half_M)/20, which is a bell-shaped (cosh-like) voltage-dependent function. This is a voltage-dependent tau -> I_M_voltage_dep_tau."
2b5230f0-3d1b-4edb-9138-9a1651476d3b,357f9623-981c-4653-b08b-ba8f0d8d5e25,0,3,29,-290.021240234375,I_M,I_M_fixed_tau,"Single M-current gate w with Boltzmann steady-state w_inf. The time constant tau_w is precomputed as torch.clamp(params[:,9]/10.0, min=1.0, max=500.0) — a fixed scalar per batch element with no voltage dependence. The update uses this constant tau_w. This is a fixed scalar tau -> I_M_fixed_tau."
4d210c46-3930-44ac-ba91-edd33cd49854,357f9623-981c-4653-b08b-ba8f0d8d5e25,0,3,30,-280.4175720214844,I_M,I_M_voltage_dep_tau,"Single M-current gate w with Boltzmann w_inf. The tau_w function uses a cosh formulation: tau_M_scale / (3.3 * 2.0 * cosh((x - V_half_M) / 60.0) + 1e-3), which is a symmetric bell-shaped voltage-dependent time constant. This is voltage_dependent tau -> I_M_voltage_dep_tau."
c8452418-1ce8-4051-a18a-d5604da58bf7,357f9623-981c-4653-b08b-ba8f0d8d5e25,0,3,31,-297.986328125,I_M,I_M_voltage_dep_tau,"Single M-current gate w with Boltzmann w_inf. The tau_w_fn uses an asymmetric exponential sum: 1.0 / (3.3e-3 * (Exp((x - V_half) / 40.0) + Exp(-(x - V_half) / 20.0))), which is a voltage-dependent (bell-shaped) time constant. This is voltage_dependent tau -> I_M_voltage_dep_tau."
944ec9c9-e34a-4348-b890-6c0c06109b66,357f9623-981c-4653-b08b-ba8f0d8d5e25,0,3,32,-434.0611572265625,I_M_plus_I_NaP,I_M_plus_I_NaP_voltage_dep_tau,"Two additional channels: (1) M-current with single gate w, bell-shaped voltage-dependent tau via tau_max_M / (3.3 * (Exp(dv/40) + Exp(-dv/20)) + 1e-6); (2) Persistent Na+ current (I_NaP) with instantaneous Boltzmann activation p_inf (no ODE state variable). This matches I_M_plus_I_NaP with voltage-dependent tau for I_M -> I_M_plus_I_NaP_voltage_dep_tau."
509b169f-0720-4bcc-88fe-73a2e3aee642,357f9623-981c-4653-b08b-ba8f0d8d5e25,0,3,33,-319.3583374023437,I_M,I_M_voltage_dep_tau,"Single M-current gate w with Boltzmann w_inf (tunable slope k_M). The tau_w uses a Lorentzian form: (tau_M_scale + 1e-3) / (1 + ((x - V_half_M)/40)^2), which varies with voltage (voltage-dependent, not a fixed scalar). This is voltage_dependent tau -> I_M_voltage_dep_tau."
117c4bf9-fd00-44fa-87d9-e000097c0dcd,357f9623-981c-4653-b08b-ba8f0d8d5e25,0,3,34,-287.4813537597656,I_M,I_M_voltage_dep_tau,"Single M-current gate w with Boltzmann w_inf. The tau_w_fn uses a symmetric cosh/exponential sum: tau_w_const / (3.3 * (Exp(dv/40) + Exp(-dv/40))), which is a bell-shaped voltage-dependent time constant (even though tau_w_const is a fixed scalar, the overall tau varies with V). This is voltage_dependent tau -> I_M_voltage_dep_tau."
5e679d2a-0f68-49be-99ef-6ba13a390612,357f9623-981c-4653-b08b-ba8f0d8d5e25,0,3,35,-325.0833435058594,I_M_plus_I_NaP,I_M_plus_I_NaP_fixed_tau,"Two additional channels: (1) M-type K+ current with gate w, tau_KM is a fixed scalar computed as `torch.clamp(params[:,7]*2.0, min=1.0, max=240.0)` — voltage-independent, fixed_scalar tau; (2) Persistent Na+ current (I_NaP) with instantaneous Boltzmann activation m_inf_P, no ODE state variable. This matches I_M_plus_I_NaP with fixed_scalar tau for I_M."
33b43d1c-f76c-4608-8436-07a79a1bdcd6,a95d9575-b62a-4015-a7db-21dbbab2792a,1,1,1,-340.949462890625,I_M,I_M_voltage_dep_tau,"Single additional channel: M-type K+ current with gate p. Kinetics use alpha_p = 3.3e-3*exp(0.05*v1) and beta_p = 3.3e-3*exp(-0.05*v1), giving tau_p = 1/(alpha_p+beta_p) = 1/(6.6e-3*cosh(0.05*v1)) — a bell-shaped, voltage-dependent time constant. This is the voltage_dependent tau form (Wang 1998 / cosh-like denominator). No second channel added."
23b84f5a-3b8d-4ccc-b419-11ba94c05ff4,a95d9575-b62a-4015-a7db-21dbbab2792a,1,1,2,-285.37255859375,I_M,I_M_voltage_dep_tau,"Single additional channel: M-type K+ current with gate p. Uses alpha_p = 3.3e-3*exp(0.05*v1) and beta_p = 3.3e-3*exp(-0.05*v1), yielding tau_p = 1/(6.6e-3*cosh(0.05*(V-V_half_p))) — voltage-dependent bell-shaped time constant. No second channel. Matches I_M_voltage_dep_tau."
e8850afa-cf7d-41f1-af81-1c9c69632aa3,a95d9575-b62a-4015-a7db-21dbbab2792a,1,1,3,-347.8487243652344,I_M,I_M_voltage_dep_tau,"Single additional channel: M-type K+ current with gate p. Uses alpha_p = 3.3e-3*exp(0.05*v1) and beta_p = 3.3e-3*exp(-0.05*v1), giving a voltage-dependent (cosh/bell-shaped) tau_p. No second channel added. Matches I_M_voltage_dep_tau."
9e0992de-b39c-4880-be87-dfedf5bd6bea,a95d9575-b62a-4015-a7db-21dbbab2792a,1,1,4,-358.1153564453125,I_M,I_M_voltage_dep_tau,"Single additional channel: M-type K+ current with gate p. Uses alpha_p = 3.3e-3*exp(0.04*v1) and beta_p = 3.3e-3*exp(-0.04*v1), giving tau_p = 1/(6.6e-3*cosh(0.04*v1)) — a voltage-dependent bell-shaped time constant. No second channel. Matches I_M_voltage_dep_tau."
feec7ab7-7826-481d-9b03-7fbcb26e280d,a95d9575-b62a-4015-a7db-21dbbab2792a,1,1,5,-262.67999267578125,I_M,I_M_voltage_dep_tau,"Single M-gate p with Boltzmann p_inf and a bell-shaped tau_p computed as Km_tau / (exp(0.05*v1) + exp(-0.05*v1)), which is a cosh-form voltage-dependent time constant. This matches the Wang 1998 formulation. No second channel present. -> I_M_voltage_dep_tau."
a9b6b8d9-2141-434a-9ba7-67078c7cf78b,a95d9575-b62a-4015-a7db-21dbbab2792a,1,1,6,-389.646240234375,I_M,I_M_fixed_tau,"Single M-gate p with Boltzmann p_inf (sigmoid) and a fixed scalar time constant tau_p_km drawn directly from params[:, 9] (negated). The tau does not vary with voltage — it is a constant parameter used directly in the exponential Euler update. No second channel present. -> I_M_fixed_tau."
27d92a0e-ae1a-467e-bc0f-8a6ea0dba86e,a95d9575-b62a-4015-a7db-21dbbab2792a,1,1,7,-288.80712890625,I_M,I_M_voltage_dep_tau,Single M-gate p using symmetric alpha_p = 3.3e-3*exp(0.05*v1) and beta_p = 3.3e-3*exp(-0.05*v1). The resulting tau_p = 1/(alpha_p + beta_p) = 1/(6.6e-3*cosh(0.05*v1)) is a bell-shaped voltage-dependent time constant. No second channel present. -> I_M_voltage_dep_tau.
d79100da-ac6d-4632-8d32-a618a795f66a,a95d9575-b62a-4015-a7db-21dbbab2792a,1,1,8,-272.3056640625,I_M,I_M_voltage_dep_tau,"Single M-gate p using symmetric alpha_p = 3.3e-3*exp(0.05*v1) and beta_p = 3.3e-3*exp(-0.05*v1), giving a bell-shaped voltage-dependent tau_p via cosh. No second channel present. -> I_M_voltage_dep_tau."
4957be0b-dea8-45c4-b61a-42f2b75829f1,a95d9575-b62a-4015-a7db-21dbbab2792a,1,1,9,-343.6334533691406,I_M,I_M_voltage_dep_tau,"Single M-gate p using symmetric alpha_p = 3.3e-3*exp(0.05*v1) and beta_p = 3.3e-3*exp(-0.05*v1), giving tau_p = 1/(6.6e-3*cosh(0.05*v1)), a bell-shaped voltage-dependent time constant. No second channel present. -> I_M_voltage_dep_tau."
3bd178e3-1ca6-4c2e-85b6-29b701472ffc,a95d9575-b62a-4015-a7db-21dbbab2792a,1,1,10,-277.703125,I_M,I_M_voltage_dep_tau,"Single M-type K+ gate p with Boltzmann steady-state p_inf. The time constant tau_p_func uses a bell-shaped voltage-dependent formula: tau = (-tau_Km_max) / (6*(exp(0.04*v1) + exp(-0.04*v1))), which is a cosh-like denominator centered at V_half_Km. This is a voltage-dependent (bell-shaped) tau, matching I_M_voltage_dep_tau."
7c8f9e42-c538-4161-b872-6525ee7c043e,a95d9575-b62a-4015-a7db-21dbbab2792a,1,1,11,-328.4025573730469,I_M,I_M_voltage_dep_tau,"Single M-type K+ gate p with symmetric exponential alpha_p = 3.3e-3*exp(0.05*v1) and beta_p = 3.3e-3*exp(-0.05*v1). The time constant tau_p = 1/(alpha_p + beta_p) is voltage-dependent (bell-shaped, peaked at half-activation). This matches the I_M_voltage_dep_tau subtype with alpha/beta exponential rate functions."
0b8fdc6c-8101-4e8e-9df0-3d00e72fca0c,a95d9575-b62a-4015-a7db-21dbbab2792a,1,1,12,-259.2347412109375,I_M,I_M_voltage_dep_tau,Single M-type K+ gate p with symmetric exponential rates alpha_p = 3.3e-3*exp(0.05*v1) and beta_p = 3.3e-3*exp(-0.05*v1). The resulting tau_p = 1/(alpha_p + beta_p) is voltage-dependent (bell-shaped). This matches I_M_voltage_dep_tau.
72fe3ff8-cbd3-411f-b26f-72bcce3647f4,357f9623-981c-4653-b08b-ba8f0d8d5e25,0,4,36,-267.3978271484375,I_M,I_M_fixed_tau,"Single M-type K+ gate w with Boltzmann steady-state w_inf (slope k_M=10 mV). The time constant tau_w_M is taken directly from params[:,9] as a fixed scalar (tau_w_safe = clamp(tau_w_M, min=1e-3)), with no voltage dependence. This is a fixed scalar tau, matching I_M_fixed_tau."
ae60cb5a-c8ee-4040-a216-161f9784fef2,357f9623-981c-4653-b08b-ba8f0d8d5e25,0,4,37,-273.17938232421875,I_M,I_M_fixed_tau,"Single M-type K+ gate w with Boltzmann steady-state w_inf (slope k_M=10 mV). The time constant tau_w_base is precomputed as clamp(tau_w_raw/10, min=20, max=200) from params[:,9], a fixed scalar with no voltage dependence. This matches I_M_fixed_tau."
3b689bfb-e0db-42f8-877c-d16bc6413346,357f9623-981c-4653-b08b-ba8f0d8d5e25,0,4,38,-269.9468688964844,I_M,I_M_fixed_tau,"Single M-current gate w with Boltzmann steady-state w_inf. The time constant tau_w is drawn directly from params[:,9] (negated to be positive) and used as a fixed scalar — no voltage dependence in tau. The update is: w[:,i] = w_ss + (w[:,i-1] - w_ss) * Exp(-tstep / tau_w) where tau_w is a constant (batch_size,) tensor. This matches tau_type=fixed_scalar -> I_M_fixed_tau."
00a5b21e-7893-423e-914e-5bd500106d20,357f9623-981c-4653-b08b-ba8f0d8d5e25,0,4,39,-299.8241882324219,I_M,I_M_fixed_tau,"Single M-current gate w with Boltzmann steady-state w_inf. The time constant tau_w_M = params[:,9].float() / 20.0 is a fixed scalar (voltage-independent), clamped with torch.clamp(tau_w_M, min=1e-3). No bell-shaped or voltage-dependent tau function is present. This matches tau_type=fixed_scalar -> I_M_fixed_tau."
fd9f3d56-3c8c-4fd0-b2b8-abbaa784fee2,357f9623-981c-4653-b08b-ba8f0d8d5e25,0,4,40,-293.10333251953125,I_M,I_M_fixed_tau,"Single M-current gate w with Boltzmann steady-state w_inf. The time constant tau_w_KM = params[:,9].float() is used directly as a fixed scalar with no voltage dependence. The update uses this constant tau. This matches tau_type=fixed_scalar -> I_M_fixed_tau."
dbb87beb-739b-4d2e-9b51-1c1dd5d55575,357f9623-981c-4653-b08b-ba8f0d8d5e25,0,4,41,-386.8568115234375,I_M,I_M_voltage_dep_tau,"Single M-current gate w with Boltzmann steady-state w_inf. The time constant is computed via tau_w_fn(x) = tau_max_M / (3.3*(Exp(dv/40) + Exp(-dv/20)) + 1e-7), which is a bell-shaped voltage-dependent function of V (Wang-Buzsaki style). This matches tau_type=voltage_dependent -> I_M_voltage_dep_tau."
ff246564-9594-4bb2-8ea2-2d6d5a309982,357f9623-981c-4653-b08b-ba8f0d8d5e25,0,4,42,-284.93560791015625,I_M,I_M_voltage_dep_tau,"Single M-current gate w with Boltzmann steady-state w_inf. The time constant is computed via tau_w_fn(x) = tau_scale / (3.3*(Exp((x-V_half_M)/40) + Exp(-(x-V_half_M)/20))), a bell-shaped voltage-dependent function (Mainen & Sejnowski style). This matches tau_type=voltage_dependent -> I_M_voltage_dep_tau."
d03cdc8e-48e2-4459-9657-d21b51f3e347,357f9623-981c-4653-b08b-ba8f0d8d5e25,0,4,43,-292.85919189453125,I_M,I_M_voltage_dep_tau,"Single M-current gate w with Boltzmann steady-state w_inf and a bell-shaped voltage-dependent time constant tau_w_fn computed as tau_max / (Exp(dv/40) + Exp(-dv/20)), centered at param_i. This is a voltage-dependent (bell-shaped) tau -> I_M_voltage_dep_tau."
a9bb86a5-2a5a-4186-9164-801c61859503,357f9623-981c-4653-b08b-ba8f0d8d5e25,0,4,44,-301.791015625,I_M,I_M_voltage_dep_tau,"Single M-current gate w with Boltzmann w_inf and tau_w_fn = 1 / (3.3e-2 * (Exp((x-V_half_M)/40) + Exp(-(x-V_half_M)/20))), a bell-shaped voltage-dependent time constant. No inactivation gate, no second channel. -> I_M_voltage_dep_tau."
a9e73035-56ab-46d4-9c87-68c66930faeb,1d576d13-a6e5-4375-9d90-0385f5689b86,2,0,0,-263.65875244140625,base_only,base_only,"The editable sections are all empty placeholders with TODO comments. No additional state variables, no additional kinetics, no additional current terms are actually added. The simulation loop only updates V, n, m, h with standard HH currents. -> base_only."
3bb1199e-d581-447f-bdd4-292d428e92b2,a95d9575-b62a-4015-a7db-21dbbab2792a,1,2,13,-375.8137817382813,I_M,I_M_voltage_dep_tau,"Single M-current gate p with alpha_p = 3.3e-3*Exp(0.05*v1) and beta_p = 3.3e-3*Exp(-0.05*v1). The resulting tau_p = 1/(alpha_p+beta_p) = 1/(6.6e-3*cosh(0.05*v1)) is a bell-shaped voltage-dependent time constant. No inactivation, no second channel. -> I_M_voltage_dep_tau."
fe4acd49-0d91-4e6f-9e62-b1e7b307b18a,a95d9575-b62a-4015-a7db-21dbbab2792a,1,2,14,-337.26239013671875,I_M,I_M_voltage_dep_tau,"Single M-current gate p with Boltzmann p_inf and tau_p = tau_max / (Exp(-arg) + Exp(arg)) = tau_max / (2*cosh(arg)), a bell-shaped voltage-dependent time constant centered at v_half = Vt + param_i. No inactivation gate, no second channel. -> I_M_voltage_dep_tau."
bdeac0dd-840b-4179-a7ab-8fef39d6f8c7,a95d9575-b62a-4015-a7db-21dbbab2792a,1,2,15,-263.9501342773437,I_M,I_M_voltage_dep_tau,Single M-current gate p with alpha_p = 3.3e-3 * Exp(0.05 * v1) and beta_p = 3.3e-3 * Exp(-0.05 * v1). tau_p = 1/(alpha_p + beta_p) is a bell-shaped (cosh-like) function of voltage — voltage-dependent tau. No inactivation gate. No second additional channel. -> I_M_voltage_dep_tau.
3ea9744e-f8db-4195-a257-49180c64df57,a95d9575-b62a-4015-a7db-21dbbab2792a,1,2,16,-264.2216491699219,I_M,I_M_voltage_dep_tau,Single M-current gate p with symmetric alpha/beta: A_M * Exp(k_M * v1) and A_M * Exp(-k_M * v1). tau_p = 1/(alpha_p + beta_p) is bell-shaped/voltage-dependent (cosh form). No inactivation. No second additional channel. -> I_M_voltage_dep_tau.
5866e16e-cd3c-4091-8c10-6cca9f29ea5c,a95d9575-b62a-4015-a7db-21dbbab2792a,1,2,17,-340.36669921875,I_M,I_M_voltage_dep_tau,Single M-current gate p with alpha_p = 3.3e-3 * Exp(0.05 * v1) and beta_p = 3.3e-3 * Exp(-0.05 * v1). tau_p = 1/(alpha_p + beta_p) is voltage-dependent (bell-shaped). No inactivation gate. No second additional channel. -> I_M_voltage_dep_tau.
0b5396be-f461-42f6-9be6-88b67686370c,a95d9575-b62a-4015-a7db-21dbbab2792a,1,2,18,-290.1209716796875,I_M,I_M_voltage_dep_tau,Single M-current gate p with alpha_p = 3.3e-3 * Exp(0.05 * v1) and beta_p = 3.3e-3 * Exp(-0.05 * v1). tau_p = 1/(alpha_p + beta_p) is a bell-shaped voltage-dependent function. No inactivation. No second additional channel. -> I_M_voltage_dep_tau.
41a079c0-3d7a-4372-a2a4-ea0732c6faba,a95d9575-b62a-4015-a7db-21dbbab2792a,1,2,19,-268.06353759765625,I_M,I_M_voltage_dep_tau,"Single M-current gate p with alpha_p = rate * Exp(0.05 * v1) and beta_p = rate * Exp(-0.05 * v1), where rate is clamped from param_j. The tau_p = 1/(alpha_p + beta_p) is still a bell-shaped voltage-dependent function (cosh form), even though the rate amplitude is scaled by a parameter. The tau_type is voltage_dependent (not fixed_scalar, since it varies with V). No inactivation gate. No second additional channel. -> I_M_voltage_dep_tau."
7a8fb054-267d-4eec-abb5-ce4abfa30bde,a95d9575-b62a-4015-a7db-21dbbab2792a,1,2,20,-282.18170166015625,I_M,I_M_voltage_dep_tau,"Single M-current gate p with alpha_p = 3.3e-3 * Exp(0.05 * v1) and beta_p = 3.3e-3 * Exp(-0.05 * v1). The time constant tau_p = 1/(alpha_p + beta_p) is a bell-shaped function of voltage (symmetric exponential alpha/beta formulation, Wang 1998 style). This is voltage-dependent tau -> I_M_voltage_dep_tau."
e020ff18-0ac7-4392-8f6f-6ac37b8a130e,a95d9575-b62a-4015-a7db-21dbbab2792a,1,2,21,-288.3915405273437,I_M,I_M_voltage_dep_tau,"Single M-current gate p with alpha_p = 3.3e-3 * Exp(0.05 * v1) and beta_p = 3.3e-3 * Exp(-0.05 * v1), where v1 = x - V_half_KM. The time constant tau_p = 1/(alpha_p + beta_p) is bell-shaped and voltage-dependent (Wang 1998 symmetric exponential form). This is voltage-dependent tau -> I_M_voltage_dep_tau."
52d90bb1-65e7-4cad-a76e-be8f0880abe0,357f9623-981c-4653-b08b-ba8f0d8d5e25,0,5,45,-314.9103088378906,I_M,I_M_fixed_tau,"Single M-current gate p with Boltzmann steady-state p_inf = 1/(1+exp(-(V-V_half_p)/10)) and a fixed scalar time constant tau_p_KM drawn directly from params[:,9] (negated to be positive). The tau is voltage-independent (constant per batch element), not computed from alpha/beta or any voltage-dependent formula. This matches tau_type=fixed_scalar -> I_M_fixed_tau."
2f40e182-a816-4a44-a3fa-076a9417dedf,357f9623-981c-4653-b08b-ba8f0d8d5e25,0,5,46,-267.4828796386719,I_M,I_M_fixed_tau,"Single M-current gate w with Boltzmann steady-state w_inf = 1/(1+exp(-(V-V_half_M)/10)) and a fixed scalar time constant tau_w drawn directly from params[:,9] (kept positive). The tau is voltage-independent (constant per batch element). This matches tau_type=fixed_scalar -> I_M_fixed_tau."
26fcfaca-b856-41d5-8b45-11ae888d9714,357f9623-981c-4653-b08b-ba8f0d8d5e25,0,5,47,-290.1683044433594,I_M,I_M_voltage_dep_tau,"Single M-current gate w with Boltzmann steady-state w_inf and a voltage-dependent time constant tau_w_fn(V) = tau_M_scale / (3.3*(exp(dV/40)+exp(-dV/20)) + eps), which is a bell-shaped function of V centered near V_half_M. This is voltage-dependent tau -> I_M_voltage_dep_tau."
8259e4a8-0b11-4c1e-adae-29ebc9da1036,357f9623-981c-4653-b08b-ba8f0d8d5e25,0,5,48,-274.7460021972656,I_M,I_M_fixed_tau,"Single M-current gate w with Boltzmann steady-state w_inf. The time constant tau_w_M is extracted directly from params[:,9] (negated to be positive) as a fixed scalar — no voltage dependence in tau. The update is: w[:,i] = w_ss + (w_prev - w_ss) * Exp(-tstep / tau_w_M), confirming fixed scalar tau. This matches I_M_fixed_tau."
48395979-5366-46c4-8f49-f1323ca6c385,357f9623-981c-4653-b08b-ba8f0d8d5e25,0,5,49,-282.37548828125,I_M,I_M_voltage_dep_tau,"Single M-current gate w with Boltzmann steady-state w_inf. The time constant tau_w(x) is computed as tau_scale_M / (3.3*(Exp(dv/40) + Exp(-dv/20)) + 1e-6), which is a bell-shaped voltage-dependent function of V. This matches the voltage_dependent tau criterion -> I_M_voltage_dep_tau."
473f5965-9026-4629-97bb-019086d4340d,357f9623-981c-4653-b08b-ba8f0d8d5e25,0,5,50,-294.0560913085937,I_M,I_M_fixed_tau,"Single M-current gate w with Boltzmann steady-state w_inf. The time constant tau_w is extracted directly from params[:,8] as a positive scalar (tau_w_safe = clamp(tau_w, min=1e-3)), with no voltage dependence. The update uses this fixed scalar tau. This matches I_M_fixed_tau."
9b78edab-59cb-40af-b9c2-9cffe9daa977,357f9623-981c-4653-b08b-ba8f0d8d5e25,0,5,51,-303.4789123535156,I_M,I_M_fixed_tau,"Single M-current gate w with Boltzmann steady-state w_inf. The time constant is hardcoded as tau_w_fixed = 80.0 ms — a fixed scalar constant, not voltage-dependent. The update uses Exp(-tstep / tau_w_fixed). This is a fixed scalar tau -> I_M_fixed_tau."
00c91ae6-e44f-42fa-9d26-12caf14c07c0,1d576d13-a6e5-4375-9d90-0385f5689b86,2,1,1,-259.6831359863281,I_M,I_M_voltage_dep_tau,Single M-current gate p with Boltzmann steady-state p_inf. The time constant tau_p(x) = tau_M_scale / (3.3*Exp((x+35)/20) + Exp(-(x+35)/20) + 1e-6) is a bell-shaped voltage-dependent function of V. This matches the voltage_dependent tau criterion -> I_M_voltage_dep_tau.
1ad8c6fd-a134-4af3-aeb8-39032725bcff,1d576d13-a6e5-4375-9d90-0385f5689b86,2,1,2,-271.4432678222656,I_M,I_M_voltage_dep_tau,"Single M-current activation gate p, Boltzmann p_inf centered at -35 mV. tau_p uses a bell-shaped denominator: 3.3*Exp((x+35)/20) + Exp(-(x+35)/20), scaled by tau_M_scale (a learned parameter). This is a voltage-dependent (bell-shaped) time constant -> I_M_voltage_dep_tau."
b2cea0d6-c7b5-4b45-a888-e18aa69ca20e,1d576d13-a6e5-4375-9d90-0385f5689b86,2,1,3,-267.7366027832031,I_M,I_M_voltage_dep_tau,"Single M-current gate p with Boltzmann p_inf at -35 mV. tau_p_func uses a bell-shaped denominator 3.3*Exp((x+35)/20) + Exp(-(x+35)/20), scaled by (tau_p_scale + 1.0). The time constant varies with voltage (bell-shaped) -> I_M_voltage_dep_tau."
2843c8c2-e857-4261-b65d-d619bf599d4b,1d576d13-a6e5-4375-9d90-0385f5689b86,2,1,4,-272.5765380859375,I_M,I_M_voltage_dep_tau,"Single M-current gate p with Boltzmann p_inf at -35 mV. tau_p uses denominator 3.3*Exp((x+35)/20) + Exp(-(x+35)/20), scaled by tau_M_scale (raw params[:,9]). Voltage-dependent bell-shaped time constant -> I_M_voltage_dep_tau."
66a6b8f5-bcb9-41d2-a40a-1d18ae25583e,1d576d13-a6e5-4375-9d90-0385f5689b86,2,1,5,-268.0633239746094,I_M,I_M_voltage_dep_tau,"Single M-current gate p with Boltzmann p_inf at -35 mV. tau_p uses tau_M_max / (Exp(dv) + Exp(-dv)) where dv = (x - V_half_M)/(2*k_M), which is a cosh-like bell-shaped voltage-dependent time constant. Fixed tau_M_max=150 ms is a hardcoded constant, not a learned parameter, and the tau still varies with V -> I_M_voltage_dep_tau."
32862cbc-e497-44b3-927f-461be4a2777b,1d576d13-a6e5-4375-9d90-0385f5689b86,2,1,6,-265.5661926269531,I_M,I_M_voltage_dep_tau,"Single M-current gate p with Boltzmann p_inf at -35 mV. tau_p uses 100.0 / (3.3*Exp((x+35)/20) + Exp(-(x+35)/20) + 1e-7), a bell-shaped voltage-dependent time constant with hardcoded scale 100 ms. Voltage-dependent tau -> I_M_voltage_dep_tau."
53118716-f081-4611-b606-c5c382660cd1,1d576d13-a6e5-4375-9d90-0385f5689b86,2,1,7,-261.4584655761719,I_M,I_M_voltage_dep_tau,"Single M-current gate p with Boltzmann p_inf centered at -35 mV. The tau_p function computes a bell-shaped voltage-dependent time constant: tau_scale / (exp((x+35)/20) + exp(-(x+35)/20)), which is a cosh-like denominator making tau voltage-dependent. This matches the voltage_dependent tau criterion for I_M_voltage_dep_tau."
d8a94e1a-7ddb-4967-a89f-cadc9769b3c7,1d576d13-a6e5-4375-9d90-0385f5689b86,2,1,8,-262.7610778808594,I_M,I_M_voltage_dep_tau,"Single M-current gate p with Boltzmann p_inf at -35 mV. The tau_p function uses 100.0 / (3.3*exp((x+35)/20) + exp(-(x+35)/20) + 1e-7), which is the classic Wang 1998 bell-shaped voltage-dependent time constant. This is the voltage_dependent tau form -> I_M_voltage_dep_tau."
e6670d37-439a-4438-9c9b-811599535327,1d576d13-a6e5-4375-9d90-0385f5689b86,2,1,9,-266.5717163085937,I_M,I_M_voltage_dep_tau,"Single M-current gate p with Boltzmann p_inf at -35 mV. The tau_p function is tau_p_max / (3.3*exp((x+35)/20) + exp(-(x+35)/20) + 1e-6), a bell-shaped voltage-dependent time constant (Wang 1998 style) scaled by a learned parameter tau_p_max. The tau is still voltage-dependent in structure -> I_M_voltage_dep_tau."
f7f37748-0fff-4012-a9fc-f5ed3d9587b9,1d576d13-a6e5-4375-9d90-0385f5689b86,2,1,10,-265.7132873535156,I_M,I_M_voltage_dep_tau,"Single M-current gate p with Boltzmann p_inf at -35 mV. The tau_p function uses 100.0 / (3.3*exp(dv) + exp(-dv) + 1e-7) where dv=(x+35)/20, which is the Wang 1998 bell-shaped voltage-dependent time constant. This is voltage_dependent tau -> I_M_voltage_dep_tau."
40af7944-0eee-4a37-9cff-825d78945309,1d576d13-a6e5-4375-9d90-0385f5689b86,2,1,11,-262.5744323730469,I_M,I_M_voltage_dep_tau,"Single M-current gate p with Boltzmann p_inf at -35 mV. The tau_p function is 100.0 / (3.3*exp(dv/20) + exp(-dv/20)) where dv=x+35, a bell-shaped voltage-dependent time constant (Wang 1998 form). This is voltage_dependent tau -> I_M_voltage_dep_tau."
aed75fcc-e395-4896-9f0d-c9f190f0d717,a95d9575-b62a-4015-a7db-21dbbab2792a,1,3,22,-264.4079895019531,I_M,I_M_voltage_dep_tau,"Single M-type K+ gate p with symmetric exponential alpha_p = 3.3e-3*exp(0.05*v1) and beta_p = 3.3e-3*exp(-0.05*v1). The time constant tau_p = 1/(alpha_p + beta_p) is a bell-shaped function of voltage (voltage-dependent), not a fixed scalar. No inactivation gate. No secondary channel. This matches I_M_voltage_dep_tau."
eb8ad5f2-21ed-4085-82f2-1079110ad000,a95d9575-b62a-4015-a7db-21dbbab2792a,1,3,23,-327.3153381347656,I_M,I_M_voltage_dep_tau,"Single M-type K+ gate p with symmetric exponential alpha_p = 3.3e-3*exp(0.05*v1) and beta_p = 3.3e-3*exp(-0.05*v1). tau_p = 1/(alpha_p + beta_p) is voltage-dependent (bell-shaped). No inactivation, no secondary channel. Matches I_M_voltage_dep_tau."
f1a4ebed-28c6-45fe-8405-8334b25d0dd8,a95d9575-b62a-4015-a7db-21dbbab2792a,1,3,24,-325.23797607421875,I_M,I_M_voltage_dep_tau,"Single M-type K+ gate p. alpha_p = rate_base * exp(0.04*v1) and beta_p = rate_base * exp(-0.04*v1) where rate_base = 0.5/(-param_j). The time constant tau_p = 1/(alpha_p + beta_p) = (-param_j)/(2*0.5) * 1/cosh(0.04*v1) is a bell-shaped voltage-dependent function. The rate_base is derived from param_j (a learned parameter) but the tau itself varies with V. No inactivation, no secondary channel. Matches I_M_voltage_dep_tau."
0c597bc2-6b7a-4702-90ba-5d08f2d883f7,a95d9575-b62a-4015-a7db-21dbbab2792a,1,3,25,-281.73846435546875,I_M,I_M_voltage_dep_tau,"Single M-type K+ gate p. tau_p_Km is explicitly computed as tau_max_Km / (exp(dv) + exp(-dv)) = tau_max_Km / (2*cosh(dv)), a bell-shaped voltage-dependent time constant. p_inf is a Boltzmann sigmoid. No inactivation, no secondary channel. Matches I_M_voltage_dep_tau."
9ac1ed54-71b2-47f3-8326-21b1c47261a1,a95d9575-b62a-4015-a7db-21dbbab2792a,1,3,26,-361.3791198730469,I_M,I_M_voltage_dep_tau,"Single M-type K+ gate p with symmetric exponential alpha_p = 3.3e-3*exp(0.05*v1) and beta_p = 3.3e-3*exp(-0.05*v1). tau_p = 1/(alpha_p + beta_p) is a bell-shaped voltage-dependent function. No inactivation, no secondary channel. Matches I_M_voltage_dep_tau."
95f426b6-64de-49a2-bad3-a53ca59a8b72,a95d9575-b62a-4015-a7db-21dbbab2792a,1,3,27,-348.2036437988281,I_M,I_M_voltage_dep_tau,"Single M-current gate p with alpha_p = 3.3e-3 * Exp(0.05 * v1) and beta_p = 3.3e-3 * Exp(-0.05 * v1). The time constant tau_p = 1/(alpha_p + beta_p) = 1/(6.6e-3 * cosh(0.05*v1)) is a bell-shaped function of voltage — voltage-dependent tau. No inactivation gate, no second channel. Maps to I_M_voltage_dep_tau."
cb959625-2ec5-4f73-8da8-b93dd162c644,a95d9575-b62a-4015-a7db-21dbbab2792a,1,3,28,-356.37408447265625,I_M,I_M_voltage_dep_tau,"Single M-current gate p with symmetric exponential alpha_p = 3.3e-3 * Exp(0.05 * v1) and beta_p = 3.3e-3 * Exp(-0.05 * v1). tau_p = 1/(alpha_p + beta_p) is bell-shaped (voltage-dependent). No inactivation, no second channel. Maps to I_M_voltage_dep_tau."
b22b5de6-9706-4349-a6a4-42943aed5120,a95d9575-b62a-4015-a7db-21dbbab2792a,1,3,29,-352.86383056640625,I_M,I_M_voltage_dep_tau,"Single M-current gate p with alpha_p = 3.3e-3 * Exp(0.05 * v1) and beta_p = 3.3e-3 * Exp(-0.05 * v1), giving a bell-shaped voltage-dependent tau_p. No inactivation gate, no second additional channel. Maps to I_M_voltage_dep_tau."
b0e711af-c870-4baa-92b9-90702234bfa4,a95d9575-b62a-4015-a7db-21dbbab2792a,1,3,30,-428.1798400878906,I_M,I_M_voltage_dep_tau,"Single M-current gate p with alpha_p = rate_scale * 3.3e-3 * Exp(0.05 * v1) and beta_p = rate_scale * 3.3e-3 * Exp(-0.05 * v1), where rate_scale = (-param_j)/1000. The tau_p = 1/(alpha_p + beta_p) is still a bell-shaped function of V (voltage-dependent), just scaled by a learned parameter. The structural form is voltage-dependent tau. No inactivation, no second channel. Maps to I_M_voltage_dep_tau."
5c687a06-7a13-462c-ab19-098d96257d9e,a95d9575-b62a-4015-a7db-21dbbab2792a,1,3,31,-334.3281555175781,I_M,I_M_voltage_dep_tau,"Single M-current gate p with alpha_p = rate * Exp(0.05 * v1) and beta_p = rate * Exp(-0.05 * v1), where rate = 3.3e-3 * (1 + (-param_j)/1000). tau_p = 1/(alpha_p + beta_p) is bell-shaped in V (voltage-dependent), scaled by a learned parameter. No inactivation gate, no second additional channel. Maps to I_M_voltage_dep_tau."
1f2bf330-e31e-4aa4-afb2-91f7c2b671d3,a95d9575-b62a-4015-a7db-21dbbab2792a,1,3,32,-299.4232482910156,I_M,I_M_voltage_dep_tau,"Single M-type K+ current with gate p. The tau_p_Km function uses a cosh-based bell-shaped formula: raw_tau = Km_tau_s / (exp(0.05*v1) + exp(-0.05*v1)), which is voltage-dependent. This matches the voltage_dependent tau criterion for I_M_voltage_dep_tau."
5c42e152-7240-4f78-a9b8-1090054f6dd4,a95d9575-b62a-4015-a7db-21dbbab2792a,1,3,33,-388.0291748046875,I_M_plus_I_Ks,I_M_plus_I_Ks,"Two additional K+ channels: IKm (M-type, gate p, fixed tau_p_km from params) and IsAHP (slow AHP K+, gate q, fixed tau_q_sAHP=80ms). Both use E_K=-107mV and Boltzmann steady-states. The IsAHP is a slow AHP-type K+ current with fixed time constant, matching the I_M_plus_I_Ks taxonomy entry (secondary=I_Ks AHP-type K+). The IKm uses a fixed scalar tau from params[:, 9]."
caa8839a-8c37-4fec-a89a-0c65b617d348,a95d9575-b62a-4015-a7db-21dbbab2792a,1,3,34,-388.3399658203125,I_M_plus_I_NaP,I_M_plus_I_NaP_voltage_dep_tau,"Two additional channels: IKm (M-type K+, gate p, alpha_p/beta_p exponential rates giving voltage-dependent tau via symmetric exponential alpha/beta) and INaP (persistent Na+, instantaneous Boltzmann m_NaP_inf, no ODE state variable). The IKm tau is voltage-dependent (bell-shaped from alpha/beta), and INaP is instantaneous. This matches I_M_plus_I_NaP_voltage_dep_tau."
b33ee43c-e99e-4444-ba80-dcc57127d664,a95d9575-b62a-4015-a7db-21dbbab2792a,1,3,35,-354.45428466796875,I_M_plus_I_h,I_M_plus_I_h_voltage_dep_tau,"Two additional channels: IKm (M-type K+, gate p, alpha_p/beta_p symmetric exponential rates giving voltage-dependent bell-shaped tau) and Ih (HCN hyperpolarization-activated cation current, gate q, inverted Boltzmann activation, alpha_q/beta_q exponential rates, E_h=-30mV mixed cation reversal). The IKm tau is voltage-dependent. This matches I_M_plus_I_h_voltage_dep_tau."
dfdc2273-57c4-4f8d-b5ce-1d1425b09f83,357f9623-981c-4653-b08b-ba8f0d8d5e25,0,6,52,-276.7677307128906,I_M,I_M_fixed_tau,"Single M-type K+ current with gate w. The time constant tau_w_scale is taken directly from params[:,9] as a fixed scalar (voltage-independent), used as a constant tau in the exponential Euler update: Exp(-tstep / tau_w_scale). No bell-shaped or voltage-dependent tau computation. This matches the fixed_scalar tau criterion for I_M_fixed_tau."
9c519f7a-4932-429e-904a-642397b997dd,357f9623-981c-4653-b08b-ba8f0d8d5e25,0,6,53,-284.08111572265625,I_M,I_M_voltage_dep_tau,"Single M-current gate w with Boltzmann w_inf. The tau_w function uses a bell-shaped denominator: 3.3*(Exp(dv_p) + Exp(-dv_m)) where dv_p=(V-V_half_M)/40 and dv_m=(V-V_half_M)/20, scaled by tau_M_max. This is a voltage-dependent bell-shaped time constant (Wang 1998 form), so tau_type=voltage_dependent -> I_M_voltage_dep_tau."
8e17de15-d3cd-45a5-80d0-d4714a6e0a2f,357f9623-981c-4653-b08b-ba8f0d8d5e25,0,6,54,-289.7093811035156,I_M,I_M_voltage_dep_tau,Single M-current gate w with Boltzmann w_inf. The tau_w_fn uses amp/(3.3*(Exp(dv/40)+Exp(-dv/20))+1e-7) where amp=-tau_w_amp (positive). This is a bell-shaped voltage-dependent time constant centered on V_half_w -> tau_type=voltage_dependent -> I_M_voltage_dep_tau.
2a5f7582-d650-4f51-9e3a-032a1a48ea8d,357f9623-981c-4653-b08b-ba8f0d8d5e25,0,6,55,-282.7655029296875,I_M,I_M_voltage_dep_tau,"Single M-current gate w with Boltzmann w_inf. The tau_w function computes tau_scale_M/(3.3*(Exp(dV/40)+Exp(-dV/20))+1e-6), a bell-shaped voltage-dependent time constant -> tau_type=voltage_dependent -> I_M_voltage_dep_tau."
b65d6a31-ab06-4b50-9072-53121695f590,357f9623-981c-4653-b08b-ba8f0d8d5e25,0,6,56,-278.7085876464844,I_M,I_M_fixed_tau,"Single M-current gate w with Boltzmann w_inf. The time constant tau_M is extracted directly from params[:,9] (negated and abs+1.0), making it a fixed scalar per batch element with no voltage dependence. The comment explicitly states 'voltage-independent tau_M'. This matches tau_type=fixed_scalar -> I_M_fixed_tau."
1dbefb2c-13c5-4455-a629-7ac527fe0df4,357f9623-981c-4653-b08b-ba8f0d8d5e25,0,6,57,-275.67633056640625,I_M,I_M_voltage_dep_tau,"Single M-current gate w with Boltzmann w_inf. The tau_w function uses tau_M_scale_pos/(3.3*(Exp(dv/40)+Exp(-dv/20))), a bell-shaped voltage-dependent time constant centered on V_half_M -> tau_type=voltage_dependent -> I_M_voltage_dep_tau."
9cf648e3-a507-4793-9f5c-28fe1bc51e4e,357f9623-981c-4653-b08b-ba8f0d8d5e25,0,6,58,-279.2013244628906,I_M,I_M_voltage_dep_tau,Single M-current gate w with Boltzmann w_inf and a voltage-dependent tau_w computed as 1/(3.3*(exp(dv/40)+exp(-dv/20))) — a bell-shaped function of V. No second channel. This matches I_M with voltage-dependent tau.
d14d30f6-c9ae-484e-baf3-43a2f3b08962,357f9623-981c-4653-b08b-ba8f0d8d5e25,0,6,59,-337.38330078125,I_M,I_M_voltage_dep_tau,"Single M-current gate w with Boltzmann w_inf and alpha_w/beta_w rate functions (efun-based and exponential) that are voltage-dependent, giving a voltage-dependent tau via 1/(alpha_w+beta_w). No second channel. This matches I_M with voltage-dependent tau."
64570f92-6328-46bb-9a42-00051c5cf8c7,357f9623-981c-4653-b08b-ba8f0d8d5e25,0,6,60,-271.42236328125,I_M,I_M_fixed_tau,"Single M-current gate w with Boltzmann w_inf and tau_w drawn directly from params[:,8] (clamped to [5,150] ms) — a fixed scalar per batch element, not computed from voltage. No second channel. This matches I_M with fixed scalar tau."
7a666b2b-a8de-484b-9784-84e87741ee27,1d576d13-a6e5-4375-9d90-0385f5689b86,2,2,12,-273.3338623046875,I_M,I_M_voltage_dep_tau,Single M-current gate p with Boltzmann p_inf centered at -35 mV and tau_p computed as 100/(3.3*exp((V+35)/20)+exp(-(V+35)/20)) — a bell-shaped voltage-dependent time constant. No second channel. This matches I_M with voltage-dependent tau.
bd808e4a-cc1f-47cf-9600-0d9885eebca8,1d576d13-a6e5-4375-9d90-0385f5689b86,2,2,13,-291.4839172363281,I_M,I_M_voltage_dep_tau,Single M-current gate p with Boltzmann p_inf (tunable V_half_M from params) and tau_p computed as 100/(3.3*exp((V+35)/20)+exp(-(V+35)/20)+1e-7) — a bell-shaped voltage-dependent time constant. No second channel. This matches I_M with voltage-dependent tau.
0e71197c-6be7-4e7c-9e90-306e4b7fc1ec,1d576d13-a6e5-4375-9d90-0385f5689b86,2,2,14,-336.4066467285156,I_M,I_M_voltage_dep_tau,"Single M-current gate p with Boltzmann p_inf and a bell-shaped voltage-dependent tau_p using the form tau_max / (3.3*Exp((x+35)/20) + Exp(-(x+35)/20) + 1e-7). tau_max is drawn from params[:,9] (a learned parameter), but the time constant itself varies with V via the cosh-like denominator — this is voltage_dependent tau. No second channel present."
2cbdd6ab-bf6d-463f-893a-19b9f20684d2,1d576d13-a6e5-4375-9d90-0385f5689b86,2,2,15,-264.5067138671875,I_M,I_M_voltage_dep_tau,Single M-current gate p with Boltzmann p_inf and tau_p computed as 100.0 / (3.3*Exp((x+35)/20) + Exp(-(x+35)/20)) — a fixed numerator but bell-shaped voltage-dependent denominator (Wang 1998 style). This is a voltage_dependent tau. No second channel present.
1b5d80c6-cc94-44f8-be24-8bb9d2aa9b0a,1d576d13-a6e5-4375-9d90-0385f5689b86,2,2,16,-263.2043151855469,I_M,I_M_voltage_dep_tau,Single M-current gate p with Boltzmann p_inf and tau_p = 100.0 / (3.3*Exp((x+35)/20) + Exp(-(x+35)/20) + 1e-7) — bell-shaped voltage-dependent time constant. No second channel present. Matches I_M_voltage_dep_tau.
b4c41b4d-8f12-4820-a797-ed5ec245dd0f,1d576d13-a6e5-4375-9d90-0385f5689b86,2,2,17,-332.90484619140625,I_M_plus_I_NaP,I_M_plus_I_NaP_voltage_dep_tau,"Two additional channels: (1) M-current gate p with bell-shaped voltage-dependent tau (tau_M_scale / (3.3*Exp(...) + Exp(...)), clamped) — voltage_dependent tau; (2) Persistent Na+ current INaP with instantaneous Boltzmann activation m_NaP_inf (no ODE). This matches I_M_plus_I_NaP with voltage-dependent tau for I_M."
a3228dd7-8d19-4209-9342-c28aaa5981ff,1d576d13-a6e5-4375-9d90-0385f5689b86,2,2,18,-338.3616943359375,I_M_plus_I_NaP,I_M_plus_I_NaP_voltage_dep_tau,"Two additional channels: (1) M-current gate p with bell-shaped voltage-dependent tau (tau_M_scale / (3.3*Exp(...) + Exp(...) + 1e-6), clamped to [2,400] ms) — voltage_dependent tau; (2) Persistent Na+ current INaP with instantaneous Boltzmann activation m_NaP_inf at -55 mV (no ODE). Matches I_M_plus_I_NaP_voltage_dep_tau."
4406a075-616e-4872-b639-38f66ed08d78,1d576d13-a6e5-4375-9d90-0385f5689b86,2,2,19,-306.52423095703125,I_M_plus_I_NaP,I_M_plus_I_NaP_voltage_dep_tau,"Two additional channels: X1 is M-type K+ current with single gate p, bell-shaped voltage-dependent tau (3.3*Exp((x+35)/20) + Exp(-(x+35)/20) denominator, tau_M_scale scaled), clamped to [1,500] ms. X2 is persistent Na+ current (INaP) with instantaneous Boltzmann activation (m_NaP_inf, no ODE state variable). tau_type=voltage_dependent AND secondary=I_NaP -> I_M_plus_I_NaP_voltage_dep_tau."
11f8ca46-8223-471e-bd10-065e5db150b2,1d576d13-a6e5-4375-9d90-0385f5689b86,2,2,20,-268.78680419921875,I_M,I_M_voltage_dep_tau,"Single additional channel: M-type K+ current with single gate p, Boltzmann steady-state p_inf, and bell-shaped voltage-dependent tau (3.3*Exp((x+35)/20) + Exp(-(x+35)/20) denominator scaled by tau_M_scale, clamped to [1,500] ms). X2 slot (params[:,7]) is explicitly unused. tau_type=voltage_dependent, no secondary channel -> I_M_voltage_dep_tau."
5f599e88-1b82-43ea-92c8-2bc1c3f79cc3,1d576d13-a6e5-4375-9d90-0385f5689b86,2,2,21,-313.36529541015625,I_M_plus_I_NaP,I_M_plus_I_NaP_voltage_dep_tau,"Two additional channels: X1 is M-type K+ current with single gate p, bell-shaped voltage-dependent tau (3.3*Exp((x+35)/20) + Exp(-(x+35)/20) denominator, tau_M_scale scaled, clamped to [2,400] ms). X2 is persistent Na+ current (INaP) with instantaneous Boltzmann activation (m_NaP_inf with tunable V_half_NaP, no ODE). tau_type=voltage_dependent AND secondary=I_NaP -> I_M_plus_I_NaP_voltage_dep_tau."
ebfc9ee0-ddbb-4ea6-abf7-839a21667f52,1d576d13-a6e5-4375-9d90-0385f5689b86,2,2,22,-268.70556640625,I_M,I_M_voltage_dep_tau,"Single additional channel: M-type K+ current with single gate p, Boltzmann steady-state p_inf centered at -35 mV, and bell-shaped voltage-dependent tau (3.3*Exp((x+35)/20) + Exp(-(x+35)/20) denominator scaled by tau_scale, clamped to [tstep,1000] ms). X2 slot (params[:,7]) is explicitly unused. tau_type=voltage_dependent, no secondary channel -> I_M_voltage_dep_tau."
f800a519-22f3-4837-9af9-9e9ba22560c2,1d576d13-a6e5-4375-9d90-0385f5689b86,2,2,23,-329.2183532714844,I_M_plus_I_NaP,I_M_plus_I_NaP_voltage_dep_tau,"Two additional channels: X1 is M-type K+ current with single gate p, bell-shaped voltage-dependent tau (3.3*Exp((x+35)/20) + Exp(-(x+35)/20) denominator, tau_M_scale scaled, clamped to [5,500] ms). X2 is persistent Na+ current (INaP) with instantaneous Boltzmann activation (m_NaP_inf at -52 mV half-activation, no ODE state variable). tau_type=voltage_dependent AND secondary=I_NaP -> I_M_plus_I_NaP_voltage_dep_tau."
cf8dadb8-6772-43b5-b87f-8137eebd0db7,357f9623-981c-4653-b08b-ba8f0d8d5e25,0,7,61,-279.0008239746094,I_M,I_M_voltage_dep_tau,"Single M-current gate w with Boltzmann w_inf and a bell-shaped voltage-dependent tau_w using denominator 3.3*(Exp(dv/40)+Exp(-dv/20)), which is the Wang 1998 cosh-like form. tau_M_scale is derived from params but the time constant itself varies with V -> voltage_dependent tau -> I_M_voltage_dep_tau."
0e22cdb2-f5b6-4b13-b733-567a199dd3b5,357f9623-981c-4653-b08b-ba8f0d8d5e25,0,7,62,-275.32794189453125,I_M,I_M_voltage_dep_tau,Single M-current gate w with Boltzmann w_inf and a cosh-based voltage-dependent tau: tau_max_M / (2*cosh((V-V_half)/20) + eps). The time constant varies with V (bell-shaped) -> voltage_dependent tau -> I_M_voltage_dep_tau.
b2a2ae58-7c85-4064-8168-f5773f27378b,357f9623-981c-4653-b08b-ba8f0d8d5e25,0,7,63,-295.0635070800781,I_M,I_M_voltage_dep_tau,"Single M-current gate w with Boltzmann w_inf and voltage-dependent tau_w using denominator Exp(dv/40)+Exp(-dv/20), a bell-shaped function of V. tau_w_scale is a parameter but the time constant varies with V -> voltage_dependent tau -> I_M_voltage_dep_tau."
913a56ed-0252-4639-a4bb-672457ca3339,357f9623-981c-4653-b08b-ba8f0d8d5e25,0,7,64,-283.5019226074219,I_M,I_M_voltage_dep_tau,"Single M-current gate w with Boltzmann w_inf and bell-shaped tau_w = tau_max_M / (3.3*(Exp(dv/40)+Exp(-dv/20)) + 1e-6), the Wang/Mainen-Sejnowski form. Time constant varies with V -> voltage_dependent tau -> I_M_voltage_dep_tau."
9ac8daa5-8c80-49f0-bd17-9e744a47d17b,357f9623-981c-4653-b08b-ba8f0d8d5e25,0,7,65,-280.23468017578125,I_M,I_M_voltage_dep_tau,Single M-current gate w with Boltzmann w_inf and bell-shaped tau_w_fn = tau_M_scale / (3.3*(Exp((V-V_half)/40)+Exp(-(V-V_half)/20)) + 1e-7). Time constant is voltage-dependent (bell-shaped) -> I_M_voltage_dep_tau.
5ad9397b-a71f-408e-b735-0192c2bf5744,357f9623-981c-4653-b08b-ba8f0d8d5e25,0,7,66,-354.0498962402344,I_M,I_M_voltage_dep_tau,"Single M-current gate w with Boltzmann w_inf and a bell-shaped voltage-dependent tau_w_fn: tau_KM / (3.3*(exp((V-V_half)/40) + exp(-(V-V_half)/20)) + 1e-7). This is the classic Wang 1998 cosh-like denominator form, making tau voltage-dependent. No second channel present. -> I_M_voltage_dep_tau."
868fbca9-2178-421f-8deb-55bdf43abd3c,357f9623-981c-4653-b08b-ba8f0d8d5e25,0,7,67,-292.6790466308594,I_M,I_M_voltage_dep_tau,"Single M-current gate w with Boltzmann w_inf and bell-shaped tau_w_fn: tau_max_M / (3.3*(exp(dv/40) + exp(-dv/20)) + 1e-6), clamped min 0.5 ms. This is a voltage-dependent (bell-shaped) time constant. No second channel. -> I_M_voltage_dep_tau."
c7c21422-3519-4e3b-ae07-44e2f500e8d2,357f9623-981c-4653-b08b-ba8f0d8d5e25,0,7,68,-295.0220031738281,I_M,I_M_voltage_dep_tau,"Single M-current gate w with Boltzmann w_inf and tau_w_fn = 1 / (3.3e-3*(exp((V-V_half)/40) + exp(-(V-V_half)/20)) + 1e-6). The time constant varies with voltage (bell-shaped denominator), making it voltage-dependent. No second channel. -> I_M_voltage_dep_tau."
19f0e1a0-007c-4624-bf40-5dabef2a90c3,357f9623-981c-4653-b08b-ba8f0d8d5e25,0,7,69,-346.4604187011719,I_M_plus_I_NaP,I_M_plus_I_NaP_fixed_tau,"Two additional channels: (1) M-current gate w with Boltzmann w_inf and a FIXED scalar tau_w_M = params[:,9].clamp(min=1.0) — voltage-independent constant tau; (2) Persistent Na+ current (I_NaP) with instantaneous Boltzmann p_inf (no state variable ODE). This matches I_M with fixed_scalar tau paired with instantaneous I_NaP. -> I_M_plus_I_NaP_fixed_tau."
3039e1a7-f5f9-4a7d-9395-4eba59b55fa2,357f9623-981c-4653-b08b-ba8f0d8d5e25,0,7,70,-278.2499694824219,I_M,I_M_fixed_tau,"Single M-current gate w with Boltzmann w_inf and a voltage-independent fixed scalar tau_M = params[:,9].float() + 1.0. The time constant is a constant scalar (no voltage dependence in tau), making this a fixed_scalar tau. No second channel. -> I_M_fixed_tau."
6e43c6df-0aa6-4057-be2c-793a0149add4,357f9623-981c-4653-b08b-ba8f0d8d5e25,0,7,71,-297.8951110839844,I_M,I_M_voltage_dep_tau,"Single M-current gate w with Boltzmann w_inf and a bell-shaped voltage-dependent tau_w computed as tau_M_scale / (3.3 * (exp(dv/40) + exp(-dv/20))). The denominator varies with V, making this a voltage-dependent (bell-shaped) time constant. No second channel present. -> I_M_voltage_dep_tau."
d8693a87-604e-4658-8581-b64b414b0189,a95d9575-b62a-4015-a7db-21dbbab2792a,1,4,36,-263.71588134765625,I_M,I_M_fixed_tau,"Single M-current gate p with Boltzmann p_inf_Km and a fixed scalar time constant tau_Km drawn directly from params[:,9] (negated). The tau does not vary with voltage during integration; it is a constant per batch element. No second channel present. -> I_M_fixed_tau."
cc695dd2-0221-4c9d-ac99-be295926489f,a95d9575-b62a-4015-a7db-21dbbab2792a,1,4,37,-296.9825744628906,I_M,I_M_voltage_dep_tau,"Single M-current gate p with symmetric exponential alpha_p = 3.3e-3*exp(0.05*v1) and beta_p = 3.3e-3*exp(-0.05*v1). The resulting tau_p = 1/(alpha_p + beta_p) is a bell-shaped function of voltage (cosh-like denominator), making this voltage-dependent. No second channel present. -> I_M_voltage_dep_tau."
2ae0d8c6-12a4-492b-98ed-30f697e8e718,a95d9575-b62a-4015-a7db-21dbbab2792a,1,4,38,-345.49395751953125,I_M,I_M_voltage_dep_tau,"Single M-current gate p with symmetric exponential alpha_p = 3.3e-3*exp(0.05*v1) and beta_p = 3.3e-3*exp(-0.05*v1), where v1 = x - Vt - V_half_m. tau_p = 1/(alpha_p + beta_p) is voltage-dependent (bell-shaped). No second channel present. -> I_M_voltage_dep_tau."
96369ec2-dd92-4745-93f4-7f97571db76e,a95d9575-b62a-4015-a7db-21dbbab2792a,1,4,39,-293.0875549316406,I_M,I_M_voltage_dep_tau,"Single M-current gate p with symmetric exponential alpha_p = 3.3e-3*exp(0.05*v1) and beta_p = 3.3e-3*exp(-0.05*v1), where v1 = x - Vhalf_Km. tau_p = 1/(alpha_p + beta_p) is a bell-shaped voltage-dependent function. No second channel present. -> I_M_voltage_dep_tau."
623f825b-0a7a-41cb-bf63-8ec8838b8b82,a95d9575-b62a-4015-a7db-21dbbab2792a,1,4,40,-279.0546264648437,I_M,I_M_voltage_dep_tau,"Single M-current gate p with alpha_p = rate_Km * Exp(0.05*v1) and beta_p = rate_Km * Exp(-0.05*v1). The time constant tau_p = 1/(alpha_p + beta_p) = 1/(2*rate_Km*cosh(0.05*v1)) is a bell-shaped function of voltage — classic voltage-dependent tau. No inactivation gate, no second channel. Maps to I_M_voltage_dep_tau."
dcab9bce-6d2b-4877-9c2c-45c3881a3fde,a95d9575-b62a-4015-a7db-21dbbab2792a,1,4,41,-365.4845275878906,I_M,I_M_voltage_dep_tau,"Single M-current gate p with alpha_p = 3.3e-3 * Exp(0.05*v1) and beta_p = 3.3e-3 * Exp(-0.05*v1). tau_p = 1/(alpha_p + beta_p) is a bell-shaped (cosh-like) function of voltage — voltage-dependent tau. No inactivation gate, no second additional channel. Maps to I_M_voltage_dep_tau."
8fbb0f65-fe12-402f-b45f-5a74393a924d,a95d9575-b62a-4015-a7db-21dbbab2792a,1,4,42,-304.920166015625,I_M,I_M_voltage_dep_tau,"Single M-current gate p with alpha_p = 3.3e-3 * Exp(0.04*v1) and beta_p = 3.3e-3 * Exp(-0.04*v1). tau_p = 1/(alpha_p + beta_p) is a bell-shaped voltage-dependent function. No inactivation gate, no second additional channel. Maps to I_M_voltage_dep_tau."
6ae72933-4634-4dae-950e-d77ea9c3705a,a95d9575-b62a-4015-a7db-21dbbab2792a,1,4,43,-374.2783508300781,I_M,I_M_voltage_dep_tau,"Single M-current gate p with alpha_p = 3.3e-3 * Exp(0.05*v1) and beta_p = 3.3e-3 * Exp(-0.05*v1), giving a voltage-dependent bell-shaped base tau. param_j adds an absolute scalar offset (tau_p_eff = tau_x(a_p,b_p) + abs(param_j)), but the underlying kinetics are still voltage-dependent (the base tau varies with V). The structural form is voltage-dependent tau with an additive learned offset — still fundamentally voltage-dependent tau type. No inactivation gate, no second channel. Maps to I_M_voltage_dep_tau."
962ab9ad-cf5c-46bd-b623-8a6d3d33ca03,a95d9575-b62a-4015-a7db-21dbbab2792a,1,4,44,-263.62408447265625,I_M,I_M_voltage_dep_tau,"Single M-current gate p with alpha_p = 3.3e-3 * Exp(0.05*v1) and beta_p = 3.3e-3 * Exp(-0.05*v1). tau_p = 1/(alpha_p + beta_p) is a bell-shaped voltage-dependent function. No inactivation gate, no second additional channel. Maps to I_M_voltage_dep_tau."
bd76775c-0219-4266-ac72-a39ce705ae04,a95d9575-b62a-4015-a7db-21dbbab2792a,1,4,45,-397.5215759277344,I_M,I_M_voltage_dep_tau,"Single M-current gate p with alpha_p = 3.3e-3 * Exp(0.05 * v1) and beta_p = 3.3e-3 * Exp(-0.05 * v1). The time constant tau_p = 1/(alpha_p + beta_p) is voltage-dependent (bell-shaped, derived from symmetric exponential rates). No fixed scalar tau from params. Single additional channel only (X2 unused). -> I_M_voltage_dep_tau."
57ebd983-11f6-4ec8-bfb5-3f6e6cdc98da,a95d9575-b62a-4015-a7db-21dbbab2792a,1,4,46,-357.5067443847656,I_M_plus_I_Ks,I_M_plus_I_Ks,"Two additional channels: Slot X1 is M-type K+ current (IKm) with alpha_p/beta_p symmetric exponential rates (voltage-dependent tau), and Slot X2 is a slow AHP K+ current (IsAHP/IKs) with a Boltzmann steady-state q_inf and a fixed scalar tau_q = clamp(tau_q_scale, min=1.0). Both use E_K = -107 mV. The secondary channel is a slow AHP-type K+ current, matching I_M_plus_I_Ks. Note: the IKs here uses a fixed tau rather than alpha/beta, but the family match is closest to I_M_plus_I_Ks given the AHP K+ secondary channel identity."
8a0a3317-971f-4d61-b0e7-508a12670f0c,a95d9575-b62a-4015-a7db-21dbbab2792a,1,4,47,-349.61920166015625,I_M_plus_I_Ks,I_M_plus_I_Ks,"Two additional channels: Slot X1 is M-type K+ current (IKm) with alpha_p = 3.3e-3*Exp(0.05*v1) / beta_p = 3.3e-3*Exp(-0.05*v1) (voltage-dependent tau), and Slot X2 is a slow AHP-type K+ current (IKs) with alpha_q = 2.0e-3*Exp(0.04*v1) / beta_q = 2.0e-3*Exp(-0.04*v1) (voltage-dependent tau, slower kinetics). Both use E_K = -107 mV and alpha/beta exponential rate functions. This matches I_M_plus_I_Ks exactly."
869e640d-bd79-4396-9fea-c0ee3d883ce3,1d576d13-a6e5-4375-9d90-0385f5689b86,2,3,24,-265.427978515625,I_M,I_M_voltage_dep_tau,Single M-current gate p with Boltzmann steady-state p_inf = 1/(1+Exp(-(x+35)/10)) and voltage-dependent bell-shaped time constant tau_p = 100/(3.3*Exp((x+35)/20) + Exp(-(x+35)/20) + 1e-7). This is the Wang 1998 formulation with voltage-dependent tau. X2 slot unused. -> I_M_voltage_dep_tau.
387ac9b7-a7cf-4ab9-b822-ba0427fa245c,1d576d13-a6e5-4375-9d90-0385f5689b86,2,3,25,-279.2798767089844,I_M,I_M_voltage_dep_tau,"Single M-current gate p with Boltzmann steady-state p_inf = 1/(1+Exp(-(x+35)/10)) and time constant tau_p_fn = clamp(tau_M_scale / (3.3*Exp((x+35)/20) + Exp(-(x+35)/20) + 1e-6), 1, 500). Although tau_M_scale is a learned parameter, the tau is still voltage-dependent (bell-shaped denominator varies with V), making this voltage_dependent tau type. X2 slot unused. -> I_M_voltage_dep_tau."
9a8ba4cc-6500-4cef-bca6-89325adffaf0,1d576d13-a6e5-4375-9d90-0385f5689b86,2,3,26,-340.6459350585937,I_M_plus_I_NaP,I_M_plus_I_NaP_voltage_dep_tau,"Two additional channels: (1) M-type K+ current with single gate p, Boltzmann p_inf, and bell-shaped voltage-dependent tau_p (3.3*Exp((x+35)/20) + Exp(-(x+35)/20) denominator, Wang 1998 form); (2) Persistent Na+ current (INaP) with instantaneous Boltzmann m_NaP_inf (no state variable ODE). tau_p is voltage_dependent -> I_M_plus_I_NaP_voltage_dep_tau."
4783d7ca-cf23-4a55-8a4e-d2c09e387a9b,1d576d13-a6e5-4375-9d90-0385f5689b86,2,3,27,-271.6058654785156,I_M,I_M_voltage_dep_tau,"Single additional channel: M-type K+ current with single gate p, Boltzmann p_inf, and bell-shaped voltage-dependent tau_p (3.3*Exp((x+35)/20) + Exp(-(x+35)/20) denominator). No second channel is wired in (params[:,7] explicitly unused). tau_type=voltage_dependent -> I_M_voltage_dep_tau."
cb16b47d-e68b-44a9-b15d-f843f3531105,1d576d13-a6e5-4375-9d90-0385f5689b86,2,3,28,-323.6231689453125,I_M_plus_I_NaP,I_M_plus_I_NaP_voltage_dep_tau,"Two additional channels: (1) M-type K+ current with single gate p, Boltzmann p_inf, and bell-shaped voltage-dependent tau_p (3.3*Exp((x+35)/20) + Exp(-(x+35)/20) denominator); (2) Persistent Na+ current (INaP) with instantaneous Boltzmann m_NaP_inf at -52 mV (no state variable). tau_type=voltage_dependent AND secondary=I_NaP -> I_M_plus_I_NaP_voltage_dep_tau."
711242f5-3d10-4980-ae9a-123fb97f58a0,1d576d13-a6e5-4375-9d90-0385f5689b86,2,3,29,-324.8311767578125,I_M_plus_I_NaP,I_M_plus_I_NaP_voltage_dep_tau,"Two additional channels: (1) M-type K+ current with single gate p, Boltzmann p_inf, and bell-shaped voltage-dependent tau_p (3.3*Exp((x+35)/20) + Exp(-(x+35)/20) denominator, clamped [1,500] ms); (2) Persistent Na+ current (INaP) with instantaneous Boltzmann m_NaP_inf at -55 mV (no state variable ODE). tau_type=voltage_dependent AND secondary=I_NaP -> I_M_plus_I_NaP_voltage_dep_tau."
6c9b5fcc-1a50-4e4d-9051-18aaad7bb21b,a95d9575-b62a-4015-a7db-21dbbab2792a,1,5,48,-315.25262451171875,I_M,I_M_voltage_dep_tau,"Single additional channel: M-type K+ current with single gate p using alpha_p = 3.3e-3*Exp(0.05*v1) and beta_p = 3.3e-3*Exp(-0.05*v1) — symmetric exponential alpha/beta kinetics giving a voltage-dependent (bell-shaped) tau via tau_x = 1/(alpha_p+beta_p). No second channel is wired in (params[:,7] and params[:,9] explicitly unused). tau_type=voltage_dependent -> I_M_voltage_dep_tau."
6d15307d-108a-4cd8-86d9-f8065ba76831,a95d9575-b62a-4015-a7db-21dbbab2792a,1,5,49,-407.2379760742188,I_M,I_M_voltage_dep_tau,"Single M-type K+ current with one activation gate p. The kinetics use alpha_p = 3.3e-3 * Exp(0.05 * v1) and beta_p = 3.3e-3 * Exp(-0.05 * v1), which are symmetric exponentials of voltage. tau_p = 1/(alpha_p + beta_p) is a bell-shaped (voltage-dependent) function of V — it peaks at the half-activation voltage and decays on both sides. This is the classic Wang 1998 / voltage-dependent tau formulation. No inactivation gate, no second channel. -> I_M_voltage_dep_tau."
269505f7-6f06-4947-9ec4-277193ab2ea4,a95d9575-b62a-4015-a7db-21dbbab2792a,1,5,50,-363.5559387207031,I_M,I_M_voltage_dep_tau,"Single M-type K+ current with one activation gate p. alpha_p = 3.3e-3 * Exp(0.05 * v1) and beta_p = 3.3e-3 * Exp(-0.05 * v1) are symmetric exponentials of voltage, giving a bell-shaped voltage-dependent tau_p. No inactivation gate, no second additional channel. -> I_M_voltage_dep_tau."
99f2c032-5ac5-4daf-911a-2d21cb381480,a95d9575-b62a-4015-a7db-21dbbab2792a,1,5,51,-363.4339904785156,I_M,I_M_voltage_dep_tau,"Single M-type K+ current with one activation gate p. alpha_p = 3.3e-3 * Exp(0.05 * v1) and beta_p = 3.3e-3 * Exp(-0.05 * v1) produce a voltage-dependent (bell-shaped) tau_p. No inactivation gate, no second additional channel. -> I_M_voltage_dep_tau."
ea8fa931-b245-4ac6-8f46-afe8de8048af,a95d9575-b62a-4015-a7db-21dbbab2792a,1,5,52,-330.797607421875,I_M,I_M_voltage_dep_tau,"Single M-type K+ current with one activation gate p. alpha_p = 3.3e-3 * Exp(0.05 * v1) and beta_p = 3.3e-3 * Exp(-0.05 * v1) are symmetric exponentials of voltage, yielding a bell-shaped voltage-dependent tau_p. No inactivation gate, no second additional channel. -> I_M_voltage_dep_tau."
363c0e9b-e341-418c-b08e-412be29f13a1,a95d9575-b62a-4015-a7db-21dbbab2792a,1,5,53,-347.0301818847656,I_M,I_M_voltage_dep_tau,"Single M-type K+ current with one activation gate p. alpha_p = p_rate * Exp(0.05 * v1) and beta_p = p_rate * Exp(-0.05 * v1) are symmetric exponentials of voltage (p_rate is a per-batch scalar derived from param_j but the tau still varies with V in a bell-shaped manner). tau_p = 1/(alpha_p + beta_p) is voltage-dependent. No inactivation gate, no second additional channel. -> I_M_voltage_dep_tau."
23228577-b5a4-44e2-8d86-4574436276a4,a95d9575-b62a-4015-a7db-21dbbab2792a,1,5,54,-268.3697204589844,I_M,I_M_voltage_dep_tau,"Single M-current gate p with alpha_p = 3.3e-3*exp(0.05*v1) and beta_p = 3.3e-3*exp(-0.05*v1). The time constant tau_p = 1/(alpha_p + beta_p) is voltage-dependent (bell-shaped, peaks at V_half). This matches the voltage_dependent tau criterion for I_M_voltage_dep_tau."
6e6b5bc8-21df-401b-af98-8b6e50a1e708,a95d9575-b62a-4015-a7db-21dbbab2792a,1,5,55,-252.04530334472656,I_M,I_M_voltage_dep_tau,"Single M-current gate p with a sigmoid p_inf and a bell-shaped tau_p computed as tau_max / (exp(0.04*v1) + exp(-0.04*v1)), which is a cosh-like voltage-dependent time constant. param_j controls tau_max. This is a voltage-dependent tau -> I_M_voltage_dep_tau."
cdd2dc2f-ad67-4389-b405-aab7bd1062f7,a95d9575-b62a-4015-a7db-21dbbab2792a,1,5,56,-268.9095153808594,unknown,unknown,"This snippet adds a Persistent Na+ current (INaP) as the sole additional channel, not an M-type K+ current. INaP has a single activation gate p with symmetric exponential alpha/beta rates and uses E_Na as reversal. This does not match any of the I_M family subtypes or multi-channel combinations in the taxonomy. The taxonomy has no standalone INaP subtype, so this is classified as unknown."
c510820a-7a9c-478b-82a6-f691cb6c0577,357f9623-981c-4653-b08b-ba8f0d8d5e25,0,8,72,-285.0391540527344,I_M,I_M_voltage_dep_tau,"Single M-current gate w with sigmoid w_inf and bell-shaped tau_w_fn = tau_max_M / (exp(dv) + exp(-dv)) + 1.0, where dv = (x - V_half_M)/40. The time constant is voltage-dependent (cosh-like denominator). This matches I_M_voltage_dep_tau."
3de16a9e-0fa9-46de-b069-90697f2145be,357f9623-981c-4653-b08b-ba8f0d8d5e25,0,8,73,-268.29669189453125,I_M,I_M_fixed_tau,"Single M-current gate w with sigmoid w_inf and a fixed scalar time constant tau_M = params[:,9].float() — a constant per batch element with no voltage dependence. The update is w[:, i] = w_ss + (w[:, i-1] - w_ss) * Exp(-tstep / tau_M), confirming fixed_scalar tau. This matches I_M_fixed_tau."
4528cb0b-00d9-4550-96c7-92da4f76bce5,357f9623-981c-4653-b08b-ba8f0d8d5e25,0,8,74,-280.2392272949219,I_M,I_M_fixed_tau,"Single M-current gate w with Boltzmann w_inf. The time constant tau_M is computed as torch.clamp(-tau_M_raw / 10.0, min=5.0, max=400.0) — a fixed scalar derived from a parameter, precomputed before the loop. The decay factor exp_w = Exp(-tstep / tau_M) is also precomputed (voltage-independent). No voltage-dependent tau function exists. This matches tau_type=fixed_scalar -> I_M_fixed_tau."
367b76d2-5003-4a1b-b5dd-89b2c7816a81,357f9623-981c-4653-b08b-ba8f0d8d5e25,0,8,75,-281.72430419921875,I_M,I_M_voltage_dep_tau,"Single M-current gate w with Boltzmann w_inf. The tau_w function computes a bell-shaped voltage-dependent time constant: dv = x - V_half_M; denom = 3.3*(Exp(dv/40) + Exp(-dv/20)); tau = tau_scale / denom. This is the Wang 1998 asymmetric bell-shaped form, making tau voltage-dependent. Matches tau_type=voltage_dependent -> I_M_voltage_dep_tau."
c02be49a-55bc-40f0-9d66-e5dc3f7d074f,357f9623-981c-4653-b08b-ba8f0d8d5e25,0,8,76,-282.8094787597656,I_M,I_M_fixed_tau,"Single M-current gate w with Boltzmann w_inf. The time constant tau_w = torch.clamp(-params[:,9].float(), min=1.0, max=3000.0) is a fixed scalar per batch element, precomputed before the loop. The update uses Exp(-tstep / tau_w) with this constant tau. No voltage-dependent tau function. Matches tau_type=fixed_scalar -> I_M_fixed_tau."
b2c3ae28-c724-45e4-9e9c-f5fde2ba48e6,357f9623-981c-4653-b08b-ba8f0d8d5e25,0,8,77,-264.6590270996094,I_M,I_M_fixed_tau,"Single M-current gate w with Boltzmann w_inf. The time constant tau_w_const = params[:,9].float() is a fixed scalar (positive raw value used directly), with no voltage dependence. The update w[:,i] = w_ss + (w_prev - w_ss) * Exp(-tstep / tau_w_const) uses this constant tau. Matches tau_type=fixed_scalar -> I_M_fixed_tau."
f9d09ddb-4904-48c4-b5ba-f378a4109d0c,357f9623-981c-4653-b08b-ba8f0d8d5e25,0,8,79,-292.1551513671875,I_M,I_M_voltage_dep_tau,"Single M-current gate w with Boltzmann w_inf_fn. The tau_w_fn computes a voltage-dependent bell-shaped time constant: dv = x - V_half_M; bell = Exp(dv/40) + Exp(-dv/20); tau = tau_M_pos / (3.3*bell + 1e-6). This is the Wang 1998 asymmetric bell form, making tau voltage-dependent. Matches tau_type=voltage_dependent -> I_M_voltage_dep_tau."
b7481ae9-9130-4902-9399-2b0c630417db,357f9623-981c-4653-b08b-ba8f0d8d5e25,0,8,80,-277.6319274902344,I_M,I_M_fixed_tau,"Single M-current gate w with Boltzmann w_inf. Time constant tau_w_M is taken directly from params[:,9] as a fixed scalar (positive raw value), with no voltage dependence. The update is: w[:,i] = w_ss + (w[:,i-1] - w_ss) * Exp(-tstep / tau_w_M), where tau_w_M is constant across voltage. This matches tau_type=fixed_scalar -> I_M_fixed_tau."
5cc9ac7a-9715-48a7-adf8-56aa840f5233,357f9623-981c-4653-b08b-ba8f0d8d5e25,0,8,81,-263.6087951660156,I_M,I_M_fixed_tau,"Single M-current gate w with Boltzmann w_inf. Time constant tau_w_M is taken directly from params[:,9] and clamped to [1, 2000] ms as a fixed scalar with no voltage dependence. The gate update uses this constant tau: w[:,i] = w_inf_v + (w[:,i-1] - w_inf_v) * Exp(-tstep / tau_w_M). This matches tau_type=fixed_scalar -> I_M_fixed_tau."
f0ae5aff-f601-440c-90f7-68911f3e7420,357f9623-981c-4653-b08b-ba8f0d8d5e25,0,8,82,-287.8454895019531,I_M,I_M_voltage_dep_tau,"Single M-current gate w with Boltzmann w_inf. The time constant tau_w(x) is voltage-dependent: tau_M_scale / (3.3*(Exp(dv/40) + Exp(-dv/40))), where dv = x - V_half_M. This is a bell-shaped (cosh-like) function of voltage, matching tau_type=voltage_dependent -> I_M_voltage_dep_tau."
178f85d9-8e0a-40cd-b1b1-ee5ec9f3a1d4,357f9623-981c-4653-b08b-ba8f0d8d5e25,0,8,83,-278.30572509765625,I_M,I_M_voltage_dep_tau,"Single M-current gate w with Boltzmann w_inf. The time constant tau_w(x) = tau_M_scale / (Exp(dv/40) + Exp(-dv/40)) is a bell-shaped voltage-dependent function (cosh form) of dv = x - V_half_M, clamped to min 0.5 ms. This matches tau_type=voltage_dependent -> I_M_voltage_dep_tau."
2226b981-5cad-464f-8077-d8899435020f,1d576d13-a6e5-4375-9d90-0385f5689b86,2,4,30,-261.122314453125,I_M,I_M_voltage_dep_tau,"Single M-current gate p with Boltzmann p_inf fixed at half-activation -35 mV. The time constant tau_p(x) = tau_M_scale / (3.3*Exp((x+35)/20) + Exp(-(x+35)/20) + 1e-6) is a voltage-dependent bell-shaped function (Wang 1998 form), clamped to [1, 500] ms. This matches tau_type=voltage_dependent -> I_M_voltage_dep_tau."
78ab1d6b-a482-47c5-b5a8-86a2628f770c,1d576d13-a6e5-4375-9d90-0385f5689b86,2,4,31,-302.0231628417969,I_M_plus_I_NaP,I_M_plus_I_NaP_voltage_dep_tau,"Two additional channels: (1) M-type K+ current with single gate p, Boltzmann p_inf, and bell-shaped voltage-dependent tau_p via 3.3*Exp((x+35)/20)+Exp(-(x+35)/20) denominator (Wang 1998 form); (2) Persistent Na+ current (INaP) with instantaneous Boltzmann activation m_NaP_inf (no state variable ODE). This matches I_M_plus_I_NaP_voltage_dep_tau: voltage-dependent tau for I_M paired with instantaneous INaP."
4f2de442-d13b-4b8d-9f90-a8be1d734107,1d576d13-a6e5-4375-9d90-0385f5689b86,2,4,32,-265.44677734375,I_M,I_M_voltage_dep_tau,"Single additional channel: M-type K+ current with single gate p, Boltzmann p_inf (half-activation -35 mV), and bell-shaped voltage-dependent tau_p via 3.3*Exp((x+35)/20)+Exp(-(x+35)/20) denominator. params[:,7] is explicitly unused. No secondary channel present. Matches I_M_voltage_dep_tau."
c1d663d5-ffb9-4317-a05b-c8acd629b0e1,1d576d13-a6e5-4375-9d90-0385f5689b86,2,4,33,-316.6919860839844,I_M_plus_I_NaP,I_M_plus_I_NaP_voltage_dep_tau,"Two additional channels: (1) M-type K+ current with single gate p, Boltzmann p_inf, and bell-shaped voltage-dependent tau_p_fn via 3.3*Exp((x+35)/20)+Exp(-(x+35)/20) denominator; (2) Persistent Na+ current (INaP) with instantaneous Boltzmann activation m_NaP_inf (no ODE state variable). Matches I_M_plus_I_NaP_voltage_dep_tau."
9a055a4e-47b3-42e9-9183-6a95d1e7a584,1d576d13-a6e5-4375-9d90-0385f5689b86,2,4,34,-335.41607666015625,I_M_plus_I_NaP,I_M_plus_I_NaP_voltage_dep_tau,"Two additional channels: (1) M-type K+ current with single gate p, Boltzmann p_inf, and bell-shaped voltage-dependent tau_p_fn via 3.3*Exp((x+35)/20)+Exp(-(x+35)/20) denominator; (2) Persistent Na+ current (INaP) with instantaneous Boltzmann activation m_NaP_inf (no ODE state variable). Matches I_M_plus_I_NaP_voltage_dep_tau."
4dcbad3d-6f7b-47e8-ac47-595a9d8066e2,1d576d13-a6e5-4375-9d90-0385f5689b86,2,4,35,-328.8497619628906,I_M_plus_I_NaP,I_M_plus_I_NaP_voltage_dep_tau,"Two additional channels: (1) M-type K+ current with single gate p, Boltzmann p_inf (half-activation -35 mV), and bell-shaped voltage-dependent tau_p via 3.3*Exp((x+35)/20)+Exp(-(x+35)/20) denominator; (2) Persistent Na+ current (INaP) with instantaneous Boltzmann activation m_NaP_inf (no ODE state variable, half-activation -52 mV). Matches I_M_plus_I_NaP_voltage_dep_tau."
2d967f3c-e92e-49f9-a228-00d57c61f37a,1d576d13-a6e5-4375-9d90-0385f5689b86,2,4,36,-326.2834167480469,I_M_plus_I_NaP,I_M_plus_I_NaP_voltage_dep_tau,"Two additional channels: (1) M-type K+ current with single gate p, Boltzmann p_inf, and bell-shaped voltage-dependent tau_p (denominator: 3.3*exp((x+35)/20) + exp(-(x+35)/20)), scaled by tau_M_base from params[:,9]; (2) Persistent Na+ current (INaP) with instantaneous Boltzmann activation m_NaP_inf (no ODE, no state variable). tau_p is voltage-dependent (bell-shaped), so this is I_M_plus_I_NaP_voltage_dep_tau."
74df0c93-ddcc-4d5e-9ab6-c6b552e42a8a,1d576d13-a6e5-4375-9d90-0385f5689b86,2,4,37,-320.5451354980469,I_M_plus_I_NaP,I_M_plus_I_NaP_voltage_dep_tau,"Two additional channels: (1) M-type K+ current with single gate p, Boltzmann p_inf, and bell-shaped voltage-dependent tau_p (denominator: 3.3*exp((x+35)/20) + exp(-(x+35)/20)), scaled by tau_M_scale from params[:,9]; (2) Persistent Na+ current (INaP) with instantaneous Boltzmann activation m_NaP_inf (half-activation fixed at -52 mV, no ODE). tau_p is voltage-dependent (bell-shaped), so this is I_M_plus_I_NaP_voltage_dep_tau."
5174921d-1ef4-4277-9533-cb0e89d09c74,1d576d13-a6e5-4375-9d90-0385f5689b86,2,4,38,-309.8481140136719,I_M_plus_I_NaP,I_M_plus_I_NaP_voltage_dep_tau,"Two additional channels: (1) M-type K+ current with single gate p, Boltzmann p_inf, and bell-shaped voltage-dependent tau_p (denominator: 3.3*exp((x+35)/20) + exp(-(x+35)/20)), scaled by tau_M_scale from params[:,9]; (2) Persistent Na+ current (INaP) with instantaneous Boltzmann activation m_NaP_inf (half-activation tunable via half_act_NaP = -params[:,8], no ODE). tau_p is voltage-dependent (bell-shaped), so this is I_M_plus_I_NaP_voltage_dep_tau."
70ebbf21-e500-4d36-9268-ea0a85d8885f,1d576d13-a6e5-4375-9d90-0385f5689b86,2,4,39,-320.56817626953125,I_M_plus_I_NaP,I_M_plus_I_NaP_voltage_dep_tau,"Two additional channels: (1) M-type K+ current with single gate p, Boltzmann p_inf, and bell-shaped voltage-dependent tau_p (denominator: 3.3*exp((x+35)/20) + exp(-(x+35)/20)), scaled by tau_scale clamped from params[:,9]; (2) Persistent Na+ current (INaP) with instantaneous Boltzmann activation m_NaP_inf (half-activation fixed at -52 mV, no ODE). tau_p is voltage-dependent (bell-shaped), so this is I_M_plus_I_NaP_voltage_dep_tau."
7cc0f3e6-005a-459e-82ad-9a7dbfa2b71b,1d576d13-a6e5-4375-9d90-0385f5689b86,2,4,40,-286.8609924316406,I_M,I_M_voltage_dep_tau,"Only one additional channel: M-type K+ current with single gate p, Boltzmann p_inf (half-activation -35 mV), and bell-shaped voltage-dependent tau_p (denominator: exp((x+35)/20) + exp(-(x+35)/20)), scaled by tau_scale from params[:,7]. The X2 slot is explicitly unused (no INaP or other secondary channel). tau_p is voltage-dependent, so this is I_M_voltage_dep_tau."
78cde651-18cd-4285-8624-087a7363f79c,1d576d13-a6e5-4375-9d90-0385f5689b86,2,4,41,-268.3930358886719,I_M,I_M_voltage_dep_tau,Single M-current gate p with Boltzmann p_inf and a bell-shaped voltage-dependent tau_p: `num / (3.3 * Exp((x+35)/20) + Exp(-(x+35)/20) + 1e-7)`. This is the Wang 1998 cosh-like form. No second additional channel present. -> I_M_voltage_dep_tau.
1ebe8ca7-2c62-4017-bb0a-6e246bbf181f,1d576d13-a6e5-4375-9d90-0385f5689b86,2,4,42,-305.0670166015625,I_M_plus_I_NaP,I_M_plus_I_NaP_voltage_dep_tau,"Two additional channels: (1) M-current with single gate p and voltage-dependent bell-shaped tau_p = tau_M_scale / (3.3*Exp((x+35)/20) + Exp(-(x+35)/20)), Wang 1998 form; (2) Persistent Na+ current (INaP) with instantaneous Boltzmann activation m_NaP_inf, no ODE state variable. This matches I_M_plus_I_NaP with voltage-dependent tau for I_M."
4b4fcb2b-b5f9-4839-92f3-1620a9ab13ec,a95d9575-b62a-4015-a7db-21dbbab2792a,1,6,59,-335.8055114746094,I_M_plus_I_h,I_M_plus_I_h_voltage_dep_tau,"Two additional channels: (1) M-current with single gate p, bell-shaped tau_p = tau_max * 2.0 / (Exp(0.04*v1) + Exp(-0.04*v1)), voltage-dependent; (2) Ih/HCN current with inverted Boltzmann q_inf and fixed scalar tau_q = 200 ms. This is I_M (voltage-dependent tau) + I_h -> I_M_plus_I_h_voltage_dep_tau."
d893ce04-a132-42b7-893a-7f8c6e10bab8,a95d9575-b62a-4015-a7db-21dbbab2792a,1,6,60,-313.395751953125,I_M_plus_I_h,I_M_plus_I_h_voltage_dep_tau,"Two additional channels: (1) M-current with single gate p, bell-shaped voltage-dependent tau_p = tau_max * 2.0 / (Exp(0.04*v1) + Exp(-0.04*v1)); (2) Ih/HCN current with inverted sigmoid q_inf and fixed scalar tau_q_fixed = 200 ms. Matches I_M (voltage-dependent tau) + I_h -> I_M_plus_I_h_voltage_dep_tau."
e619b991-6d63-4e71-a878-945d4832ad6d,a95d9575-b62a-4015-a7db-21dbbab2792a,1,6,61,-347.88818359375,I_M_plus_I_h,I_M_plus_I_h_voltage_dep_tau,"Two additional channels: (1) M-current with single gate p, bell-shaped voltage-dependent tau_p = tau_max_M * 2.0 / (Exp(0.04*v1) + Exp(-0.04*v1)); (2) Ih/HCN current with inverted sigmoid q_inf and fixed scalar tau_q_fixed = 200 ms. Matches I_M (voltage-dependent tau) + I_h -> I_M_plus_I_h_voltage_dep_tau."
df7b68f1-c637-4536-9091-b676c8c4ed9d,a95d9575-b62a-4015-a7db-21dbbab2792a,1,6,62,-331.6853332519531,I_M_plus_I_h,I_M_plus_I_h_voltage_dep_tau,"Two additional channels: (1) M-type K+ current (IKm) with single gate p, bell-shaped voltage-dependent tau_p = tau_max * 2 / (exp(0.04*v1) + exp(-0.04*v1)) — this is a cosh-form voltage-dependent time constant; (2) Ih (HCN) hyperpolarization-activated cation current with single gate q, inverted Boltzmann q_inf, fixed scalar tau_h=100ms, E_h=-30mV. The M-current tau is voltage-dependent (bell-shaped), and the secondary channel is Ih. This matches I_M_plus_I_h_voltage_dep_tau."
5a43689b-df1b-40af-b0e6-bf45a1de8a42,a95d9575-b62a-4015-a7db-21dbbab2792a,1,6,64,-342.423828125,I_M_plus_I_h,I_M_plus_I_h_voltage_dep_tau,"Two additional channels: (1) M-type K+ current with single gate p, bell-shaped voltage-dependent tau_p = 2*tau_max / (exp(0.04*v1) + exp(-0.04*v1)) — voltage-dependent cosh-form tau; (2) Ih (HCN) with single gate q, inverted sigmoid q_inf at -75mV, fixed tau_q_fixed=100ms, E_h=-30mV. The M-current tau is voltage-dependent and the secondary is Ih, matching I_M_plus_I_h_voltage_dep_tau."
fde98110-3eb2-4ef5-a422-76525a89a3c0,a95d9575-b62a-4015-a7db-21dbbab2792a,1,6,65,-329.4488525390625,I_M_plus_I_h,I_M_plus_I_h_voltage_dep_tau,"Two additional channels: (1) M-type K+ current with single gate p, bell-shaped voltage-dependent tau_p = tau_max * 2 / (exp(0.04*v1) + exp(-0.04*v1)) — voltage-dependent cosh-form; (2) Ih with single gate q, inverted sigmoid q_inf at V_half_q=-75mV, k_q=10mV, fixed tau_q_fixed=150ms, E_h=-30mV. M-current tau is voltage-dependent, secondary is Ih → I_M_plus_I_h_voltage_dep_tau."
d7e838de-d950-4413-87b8-4bfb224d2b2a,a95d9575-b62a-4015-a7db-21dbbab2792a,1,6,66,-307.1569519042969,I_M_plus_I_h,I_M_plus_I_h_voltage_dep_tau,"Two additional channels: (1) M-type K+ current with single gate p, bell-shaped voltage-dependent tau_p = tau_max * 2.0 / (exp(0.04*v1) + exp(-0.04*v1)) — cosh-form voltage-dependent tau; (2) Ih with single gate q, inverted sigmoid q_inf at V_half_h=-75mV, k_h=10mV, fixed tau_q_val=200ms, E_h=-30mV. M-current tau is voltage-dependent, secondary is Ih → I_M_plus_I_h_voltage_dep_tau."
afd22bd3-6872-45e9-8f80-95ddd1d06958,a95d9575-b62a-4015-a7db-21dbbab2792a,1,6,67,-326.188232421875,I_M_plus_I_h,I_M_plus_I_h_voltage_dep_tau,"Two additional channels: (1) M-type K+ current with single gate p, bell-shaped voltage-dependent tau_p = tau_max * 2.0 / (exp(0.04*v1) + exp(-0.04*v1)) — cosh-form voltage-dependent tau; (2) Ih with single gate q, inverted sigmoid q_inf at V_half_q=-75mV, k_q=10mV, fixed tau_q_ms=200ms, E_h=-30mV. M-current tau is voltage-dependent, secondary is Ih → I_M_plus_I_h_voltage_dep_tau."
b286000b-7951-4a4e-8537-51e56a2d5c16,a95d9575-b62a-4015-a7db-21dbbab2792a,1,6,68,-327.03057861328125,I_M_plus_I_h,I_M_plus_I_h_voltage_dep_tau,"Snippet 1 implements two additional channels beyond base HH: (1) M-type K+ current (IKm) with a single gate p, bell-shaped voltage-dependent tau_p (cosh-like denominator: Exp(0.04*v1)+Exp(-0.04*v1)), and (2) a hyperpolarization-activated cation current (Ih/HCN) with a single gate q, inverted Boltzmann q_inf, and a fixed tau_q=200ms. The primary I_M uses voltage-dependent tau, and the secondary is I_h. This matches I_M_plus_I_h_voltage_dep_tau."
74606c92-2d8b-47d0-8e25-b6b57ab08491,357f9623-981c-4653-b08b-ba8f0d8d5e25,0,9,84,-294.4550476074219,I_M,I_M_voltage_dep_tau,"Snippet 2 adds only one additional channel: M-type K+ current (IKM) with a single gate w, sigmoid w_inf, and a bell-shaped voltage-dependent tau_w using the form tau_max_M / (3.3*(Exp(dv/40)+Exp(-dv/20)) + 1e-6). This is a voltage-dependent tau (asymmetric exponential sum, Wang-like form). No second channel is present. Matches I_M_voltage_dep_tau."
8cbbfdca-7241-4b88-aba8-39a27759e12a,357f9623-981c-4653-b08b-ba8f0d8d5e25,0,9,85,-280.4771728515625,I_M,I_M_voltage_dep_tau,"Snippet 3 adds only one additional channel: M-type K+ current (Kv7/KCNQ) with a single gate w, sigmoid w_inf, and a voltage-dependent bell-shaped tau_w = 1/(3.3e-3*(Exp(dv/40)+Exp(-dv/20))). This is a voltage-dependent tau (Wang 1998-like form). No second channel is present. Matches I_M_voltage_dep_tau."
177b6c59-4e57-4f11-8b45-3213d35033ae,357f9623-981c-4653-b08b-ba8f0d8d5e25,0,9,86,-328.5475769042969,I_M,I_M_voltage_dep_tau,"Snippet 4 adds only one additional channel: M-type K+ current (I_M) with a single gate w, sigmoid w_inf, and a voltage-dependent bell-shaped tau_w_fn = tau_M_sc / (3.3*(Exp(dv/40)+Exp(-dv/20)) + 1e-6). The tau is voltage-dependent (bell-shaped). No second channel is present. Matches I_M_voltage_dep_tau."
6d3c8ee4-052f-46bb-b7b1-7ba5b7e90f88,357f9623-981c-4653-b08b-ba8f0d8d5e25,0,9,87,-272.92108154296875,I_M,I_M_voltage_dep_tau,"Snippet 5 adds only one additional channel: M-type K+ current (I_M) with a single gate w, sigmoid w_inf, and a voltage-dependent tau_w_fn = tau_M / (Exp(dv/40)+Exp(-dv/20)). The tau varies with voltage (bell-shaped). No second channel is present. Matches I_M_voltage_dep_tau."
99a7499c-bde5-42c3-97fd-d0fa9c46170b,357f9623-981c-4653-b08b-ba8f0d8d5e25,0,9,88,-290.7258605957031,I_M,I_M_voltage_dep_tau,"Single M-current gate w with Boltzmann w_inf and a voltage-dependent bell-shaped tau_w_fn: tau_max_M / (Exp((x-V_half_M)/40) + Exp(-(x-V_half_M)/20) + 1e-7). The time constant varies with voltage (asymmetric exponential denominator), making this voltage_dependent tau. No inactivation gate, no second channel. -> I_M_voltage_dep_tau."
d092564f-5ad8-4a1d-8f6a-9a22e81e202d,357f9623-981c-4653-b08b-ba8f0d8d5e25,0,9,89,-271.8404541015625,I_M,I_M_voltage_dep_tau,"Single M-current gate w with Boltzmann w_inf and tau_w_fn = 1.0 / (3.3 * (Exp(dv/40) + Exp(-dv/20))), a classic bell-shaped voltage-dependent time constant (Wang 1998 / Yamada form). No inactivation, no second channel. -> I_M_voltage_dep_tau."
4e8dedf4-dc2e-4d2d-9a5c-af09b07d381f,357f9623-981c-4653-b08b-ba8f0d8d5e25,0,9,90,-286.0959777832031,I_M,I_M_voltage_dep_tau,"Single M-current gate w with Boltzmann w_inf and tau_w_fn = |tau_scale_M| / (3.3*(Exp(dv/40)+Exp(-dv/20)) + 1e-6), a voltage-dependent bell-shaped time constant. tau_scale_M is a learned parameter but the tau itself varies with V through the exponential denominator, so tau_type=voltage_dependent. No inactivation, no second channel. -> I_M_voltage_dep_tau."
83725098-146b-4496-b8f4-a4af1e172220,357f9623-981c-4653-b08b-ba8f0d8d5e25,0,9,91,-288.0479736328125,I_M,I_M_voltage_dep_tau,"Single M-current gate w with Boltzmann w_inf and tau_w_fn = (-tau_M_scale) / (3.3*(Exp(dv/40)+Exp(-dv/20)) + 1e-6). The denominator is a function of voltage, giving a bell-shaped voltage-dependent time constant. No inactivation, no second channel. -> I_M_voltage_dep_tau."
d7a24405-dd2b-4d17-bf7a-10deaa0fb778,357f9623-981c-4653-b08b-ba8f0d8d5e25,0,9,92,-292.7952880859375,I_M,I_M_voltage_dep_tau,"Single M-current gate w with Boltzmann w_inf (fixed V_half_M=-35 mV) and tau_w_fn = tau_max_M / (Exp(dv)+Exp(-dv)) + 1.0, which is tau_max_M / (2*cosh(dv/40)) + 1, a bell-shaped voltage-dependent time constant. No inactivation, no second channel. -> I_M_voltage_dep_tau."
e7579d12-92ea-42e2-a076-a2afbf39d19e,357f9623-981c-4653-b08b-ba8f0d8d5e25,0,9,93,-280.3473815917969,I_M,I_M_voltage_dep_tau,"Single M-current gate w with Boltzmann w_inf and a bell-shaped voltage-dependent tau_w: denom = 3.3*(Exp(dv/40)+Exp(-dv/20)), tau = tau_scale/denom. This is a voltage-dependent (bell-shaped) time constant. No second channel. -> I_M_voltage_dep_tau."
6c221280-dca7-445f-bd63-0b773e4ed95d,357f9623-981c-4653-b08b-ba8f0d8d5e25,0,9,94,-277.9450988769531,I_M,I_M_fixed_tau,"Single M-current gate w with Boltzmann w_inf and a fixed scalar time constant tau_w_val = clamp(params[:,9], min=1e-3) used directly as a constant tensor — no voltage dependence in tau. -> I_M_fixed_tau."
b26c4a16-ed50-4e9f-9782-eb2a69220e55,357f9623-981c-4653-b08b-ba8f0d8d5e25,0,9,95,-305.1083679199219,I_M,I_M_voltage_dep_tau,"Single M-current gate w with Boltzmann w_inf_fn and a bell-shaped voltage-dependent tau_w_fn: bell = Exp(dv/40)+Exp(-dv/20), tau = tau_M_scale/(3.3*bell+1e-6). Voltage-dependent tau. No second channel. -> I_M_voltage_dep_tau."
9c6ecc69-b0d4-4222-80fd-c7a51b038d9d,1d576d13-a6e5-4375-9d90-0385f5689b86,2,5,43,-332.8027648925781,I_M_plus_I_NaP,I_M_plus_I_NaP_voltage_dep_tau,"Two additional channels: (1) M-current gate p with Boltzmann p_inf and bell-shaped voltage-dependent tau_p (denom = 3.3*Exp((x+35)/20)+Exp(-(x+35)/20)); (2) Persistent Na+ (INaP) with instantaneous Boltzmann m_NaP_inf, no state variable ODE. This matches I_M with voltage-dependent tau paired with instantaneous INaP. -> I_M_plus_I_NaP_voltage_dep_tau."
cb46147b-70b7-42a7-8054-be837e72cc6a,1d576d13-a6e5-4375-9d90-0385f5689b86,2,5,44,-303.6524658203125,I_M_plus_I_NaP,I_M_plus_I_NaP_voltage_dep_tau,"Two additional channels: (1) M-current gate p with Boltzmann p_inf and bell-shaped voltage-dependent tau_p (denom = 3.3*Exp((x+35)/20)+Exp(-(x+35)/20), clamped to [1,500] ms); (2) Persistent Na+ (INaP) with instantaneous Boltzmann m_NaP_inf, no state variable ODE. Voltage-dependent tau for I_M plus instantaneous INaP. -> I_M_plus_I_NaP_voltage_dep_tau."
af0ca8f7-0533-4da2-9594-efe613eb58e3,1d576d13-a6e5-4375-9d90-0385f5689b86,2,5,45,-327.478515625,I_M_plus_I_NaP,I_M_plus_I_NaP_voltage_dep_tau,"Two additional channels: (1) M-type K+ current with single gate p, bell-shaped voltage-dependent tau via `3.3*Exp((x+35)/20) + Exp(-(x+35)/20)` denominator (Wang 1998 form), scaled by tau_M_scale and clamped; (2) Persistent Na+ current (INaP) with instantaneous Boltzmann activation (m_NaP_inf, no ODE state variable). This matches I_M_plus_I_NaP with voltage-dependent tau for I_M."
2c25f5fa-814d-485e-b98e-77a40d7cc0ba,1d576d13-a6e5-4375-9d90-0385f5689b86,2,5,46,-249.85292053222656,I_M,I_M_voltage_dep_tau,"Single additional channel: M-type K+ current with single gate p, Boltzmann steady-state p_inf, and bell-shaped voltage-dependent tau via `3.3*Exp((x+35)/20) + Exp(-(x+35)/20)` denominator scaled by tau_M_base. X2 slot intentionally unused. This is a single I_M channel with voltage-dependent tau."
354ec34c-0eb8-4ae5-b2ef-38678831b60c,1d576d13-a6e5-4375-9d90-0385f5689b86,2,5,47,-323.8602600097656,I_M_plus_I_NaP,I_M_plus_I_NaP_voltage_dep_tau,"Two additional channels: (1) M-type K+ current with single gate p, bell-shaped voltage-dependent tau (Wang 1998 form with `3.3*Exp((x+35)/20) + Exp(-(x+35)/20)` denominator, scaled by tau_M_scale); (2) Persistent Na+ current (INaP) with instantaneous Boltzmann activation (m_NaP_inf, no ODE). Matches I_M_plus_I_NaP with voltage-dependent tau."
9236d7dd-25d1-404c-a5d1-c0eff47c85d7,1d576d13-a6e5-4375-9d90-0385f5689b86,2,5,48,-271.4293212890625,I_M,I_M_voltage_dep_tau,"Single additional channel: M-type K+ current with single gate p, Boltzmann steady-state, and voltage-dependent tau computed via bell-shaped denominator `3.3*Exp((x+35)/20) + Exp(-(x+35)/20)` scaled by tau_M_scale, then sigmoid-rescaled to [5, 300] ms. X2 slot unused. The tau is still voltage-dependent (varies with V through the bell-shaped denominator before sigmoid), so this is I_M_voltage_dep_tau."
195b6988-7a8e-459c-8afc-edf303f63c9b,1d576d13-a6e5-4375-9d90-0385f5689b86,2,5,49,-332.5312194824219,I_M_plus_I_Ks,I_M_plus_I_Ks,"Two additional channels: (1) M-type K+ current with single gate p, Boltzmann steady-state (half-activation -35 mV), fixed scalar tau (tau_M taken directly from params[:,7], constant, no voltage dependence); (2) Slow AHP-type K+ current with single gate q, Boltzmann steady-state (half-activation -50 mV), fixed scalar tau (tau_AHP from params[:,9]). Both use K+ reversal. The second channel is a slow AHP K+ current (IKs-like), matching I_M_plus_I_Ks. Note: while the taxonomy describes I_M_plus_I_Ks as having voltage-dependent tau via alpha/beta, the structural pattern of two slow K+ currents with the second being an AHP-type K+ current best fits this family."
9424f1ee-19a4-4b83-9cdb-64cb6f6bd405,357f9623-981c-4653-b08b-ba8f0d8d5e25,0,10,96,-294.5914611816406,I_M,I_M_fixed_tau,"Single M-current gate w with Boltzmann w_inf. The time constant tau_M is computed as `torch.abs(-params[:, 9].float()) / 10.0 + 1.0` — a fixed scalar derived from a parameter, with no voltage dependence. The update `w[:, i] = w_ss + (w[:, i-1] - w_ss) * Exp(-tstep / tau_M)` confirms tau_M is voltage-independent. This matches tau_type=fixed_scalar -> I_M_fixed_tau."
5849a112-0d19-4cc2-a5fa-6e8c9ed448bb,357f9623-981c-4653-b08b-ba8f0d8d5e25,0,10,97,-288.4161682128906,I_M,I_M_voltage_dep_tau,Single M-current gate w with Boltzmann w_inf. The tau_w function computes `tau_scale_M / (3.3 * (Exp(dv/40) + Exp(-dv/20)) + 1e-7)` — a bell-shaped voltage-dependent time constant (sum-of-exponentials denominator). This is the classic Wang 1998 / Kv7 form. tau_type=voltage_dependent -> I_M_voltage_dep_tau.
598f9cb9-4c91-4c1e-ac15-f223da4c5e54,357f9623-981c-4653-b08b-ba8f0d8d5e25,0,10,98,-296.698974609375,I_M,I_M_voltage_dep_tau,Single M-current gate w with Boltzmann w_inf. The tau_w function uses `(-tau_M_scale) / (3.3 * (Exp(dv_fast) + Exp(-dv_slow)) + 1e-6)` — a bell-shaped voltage-dependent denominator. This is the standard Kv7/Wang 1998 form. tau_type=voltage_dependent -> I_M_voltage_dep_tau.
1f7f59bd-ebe8-47cd-ba2b-bb0dfba6f84b,357f9623-981c-4653-b08b-ba8f0d8d5e25,0,10,99,-279.29913330078125,I_M,I_M_voltage_dep_tau,Single M-current gate w with Boltzmann w_inf. The tau_w function computes `tau_M_sc / (3.3 * (Exp((x-V_half_M)/40) + Exp(-(x-V_half_M)/20)))` with a clamp — a bell-shaped voltage-dependent time constant. tau_type=voltage_dependent -> I_M_voltage_dep_tau.
1ec38594-f5d0-40a6-a0db-dd43edc1b3c0,357f9623-981c-4653-b08b-ba8f0d8d5e25,0,10,100,-284.7272644042969,I_M,I_M_fixed_tau,"Single M-current gate w with Boltzmann w_inf. The time constant tau_w_ms is taken directly from `params[:, 9].float()` — a fixed scalar parameter with no voltage dependence. The update `w[:, i] = w_inf_v + (w_prev - w_inf_v) * Exp(-tstep / tau_w_ms)` confirms voltage-independent tau. The comment explicitly states 'tau_w is voltage-independent here (constant per batch element)'. tau_type=fixed_scalar -> I_M_fixed_tau."
ad9fe77e-79fb-47df-a8de-d5f9162c4bf4,357f9623-981c-4653-b08b-ba8f0d8d5e25,0,10,101,-281.6758728027344,I_M,I_M_fixed_tau,"Single M-gate 'w' with Boltzmann steady-state w_inf. The time constant TAU_M_FIXED = 200.0 ms is a hardcoded scalar constant, not voltage-dependent. A precomputed decay factor w_decay = exp(-dt/TAU_M_FIXED) is used in the loop. This is a fixed scalar tau -> I_M_fixed_tau."
868e38e2-8d47-4678-85d0-2fa6646104d1,357f9623-981c-4653-b08b-ba8f0d8d5e25,0,10,102,-267.4547119140625,I_M,I_M_fixed_tau,"Single M-gate 'w' with Boltzmann steady-state w_inf. The time constant tau_w = torch.clamp(params[:,9], min=1.0, max=3000.0) is drawn directly from a learned parameter with no voltage dependence. The update uses Exp(-tstep / tau_w) with a constant tau_w per batch element. This is a fixed scalar tau -> I_M_fixed_tau."
9f48d7dd-9bec-4c7d-81be-c19f2e549ec0,357f9623-981c-4653-b08b-ba8f0d8d5e25,0,10,103,-291.1692810058594,I_M,I_M_voltage_dep_tau,"Single M-gate 'w' with Boltzmann steady-state w_inf. The time constant tau_w_fn(x) uses a bell-shaped denominator: tau_max_M / (3.3*(Exp((x-V_half_M)/40) + Exp(-(x-V_half_M)/20)) + 1e-6), which varies with voltage V. This is a voltage-dependent (bell-shaped) tau -> I_M_voltage_dep_tau."
1e78e60a-46a2-4737-aca1-1bcd829bd73f,357f9623-981c-4653-b08b-ba8f0d8d5e25,0,10,104,-271.0404663085937,I_M,I_M_voltage_dep_tau,Single M-gate 'w' with Boltzmann steady-state w_inf using tunable slope k_M. The time constant tau_w_fn(x) = tau_scale / (3.3*(Exp(dv/40) + Exp(-dv/20))) is a bell-shaped voltage-dependent function. This is a voltage-dependent tau -> I_M_voltage_dep_tau.
3b9daf1d-616c-40bc-8f8a-5ac155b6aaa9,a95d9575-b62a-4015-a7db-21dbbab2792a,1,7,70,-325.1584777832031,I_M,I_M_voltage_dep_tau,"Single M-gate 'p' with alpha_p = 3.3e-3*Exp(0.05*v1) and beta_p = 3.3e-3*Exp(-0.05*v1). The time constant tau_p = 1/(alpha_p + beta_p) is voltage-dependent (bell-shaped, symmetric exponential alpha/beta form). This matches the Wang 1998 / standard IKm formulation with voltage-dependent tau -> I_M_voltage_dep_tau."
bede6d7d-c1ba-4e2f-9394-68f88b13ef97,a95d9575-b62a-4015-a7db-21dbbab2792a,1,7,72,-324.3333435058594,I_M_plus_I_h,I_M_plus_I_h_voltage_dep_tau,"Snippet 1 implements two additional channels: (1) M-current (IKm) with a single gate p, bell-shaped voltage-dependent tau via cosh-like denominator (tau_max * 2.0 / (Exp(0.04*v1) + Exp(-0.04*v1))), and (2) Ih (HCN) with a single gate q, inverted Boltzmann steady-state (q_inf activates on hyperpolarization), and a fixed scalar tau_q = 200 ms. The I_M tau is voltage-dependent (bell-shaped), and the secondary channel is I_h. This matches I_M_plus_I_h_voltage_dep_tau."
db9ad192-8063-46e9-9afe-a5030fe96250,a95d9575-b62a-4015-a7db-21dbbab2792a,1,7,73,-338.7037658691406,I_M_plus_I_h,I_M_plus_I_h_voltage_dep_tau,"Snippet 2 implements two additional channels: (1) M-current (IKm) with gate p, bell-shaped voltage-dependent tau (tau_max * 2.0 / (Exp(0.04*v1) + Exp(-0.04*v1))), and (2) Ih (HCN) with gate q, inverted Boltzmann q_inf_fn, and fixed scalar tau_h = 200 ms (precomputed decay_h). The I_M tau is voltage-dependent, secondary channel is I_h. Matches I_M_plus_I_h_voltage_dep_tau."
d39d72d6-c006-4cba-a953-922fff03030a,a95d9575-b62a-4015-a7db-21dbbab2792a,1,7,74,-332.73126220703125,I_M_plus_I_h,I_M_plus_I_h_voltage_dep_tau,"Snippet 3 implements two additional channels: (1) M-current (IKm) with gate p, bell-shaped voltage-dependent tau (2.0 * tau_max / denom where denom = Exp(0.04*v1) + Exp(-0.04*v1)), and (2) Ih (HCN) with gate q, inverted Boltzmann q_inf, and fixed scalar tau_q_fixed = 200 ms. The I_M tau is voltage-dependent (bell-shaped), secondary channel is I_h. Matches I_M_plus_I_h_voltage_dep_tau."
b7360fc2-7bd6-411f-8b16-85c0ebf42abf,a95d9575-b62a-4015-a7db-21dbbab2792a,1,7,77,-251.47122192382807,I_M,I_M_voltage_dep_tau,"Snippet 4 implements only one additional channel: M-current (IKm) with a single gate p, sigmoid p_inf, and bell-shaped voltage-dependent tau (tau_max * 2.0 / (Exp(0.04*v1) + Exp(-0.04*v1))). The X2 slot (gbar_X2 = params[:,7]) is explicitly unused. Single M-current with voltage-dependent tau matches I_M_voltage_dep_tau."
6ed35c28-1c52-455d-8171-2b891c4d306f,a95d9575-b62a-4015-a7db-21dbbab2792a,1,7,78,-263.8401184082031,I_M,I_M_voltage_dep_tau,"Snippet 5 implements only one additional channel: M-current (IKm) with a single gate p, sigmoid p_inf, and bell-shaped voltage-dependent tau (tau_max * 2.0 / denom where denom = Exp(0.04*v1) + Exp(-0.04*v1)). The X2 slot (params[:,7]) is explicitly unused. tau_max = 10.0 - param_j is a voltage-independent scalar, but the tau_p function itself is voltage-dependent (bell-shaped). Single M-current with voltage-dependent tau matches I_M_voltage_dep_tau."
45f60a0e-63cf-41fe-8b00-27efd90ae229,a95d9575-b62a-4015-a7db-21dbbab2792a,1,7,79,-346.44500732421875,I_M_plus_I_NaP,I_M_plus_I_NaP_voltage_dep_tau,"Snippet 1 has two additional channels: (1) M-type K+ current with gate p, using a bell-shaped voltage-dependent tau_p (cosh form: tau_max * 2 / (exp(0.04*v1) + exp(-0.04*v1))), and (2) Persistent Na+ current (INaP) with a dynamic state variable mp and fixed tau_mp=10ms. The INaP gate mp has its own ODE (not purely instantaneous), but the primary classification driver is the combination of I_M with voltage-dependent tau plus I_NaP. The I_M tau is voltage-dependent (bell-shaped cosh form), so this maps to I_M_plus_I_NaP_voltage_dep_tau."
f4d5e536-bc21-40b5-881e-3fe3c63527e6,1d576d13-a6e5-4375-9d90-0385f5689b86,2,6,50,-323.6658935546875,I_M_plus_I_NaP,I_M_plus_I_NaP_voltage_dep_tau,"Snippet 2 has two additional channels: (1) M-type K+ current with gate p, using a bell-shaped voltage-dependent tau_p (TAU_M_BASE / (3.3*exp((x+35)/20) + exp(-(x+35)/20) + 1e-6)), and (2) Persistent Na+ current (INaP) with instantaneous Boltzmann activation (no state variable ODE). The I_M tau is voltage-dependent (bell-shaped), and the secondary channel is I_NaP with instantaneous activation -> I_M_plus_I_NaP_voltage_dep_tau."
9d9277fe-fede-4da8-aa46-91a44d3802ab,1d576d13-a6e5-4375-9d90-0385f5689b86,2,6,51,-275.658935546875,I_M,I_M_voltage_dep_tau,"Snippet 3 has only one additional channel: M-type K+ current with single gate p, Boltzmann steady-state p_inf, and bell-shaped voltage-dependent tau_p (tau_M_base / (3.3*exp((x+35)/20) + exp(-(x+35)/20) + 1e-6)). No second additional channel is present (X2 slot intentionally unused). The tau is voltage-dependent -> I_M_voltage_dep_tau."
2c25c00f-5ca6-4682-929c-5f313249689a,1d576d13-a6e5-4375-9d90-0385f5689b86,2,6,52,-378.6147155761719,I_M_plus_I_NaP,I_M_plus_I_NaP_voltage_dep_tau,"Snippet 4 has two additional channels: (1) M-type K+ current with gate p, bell-shaped voltage-dependent tau_p (TAU_M_BASE / (3.3*exp((x+35)/20) + exp(-(x+35)/20) + 1e-6)), and (2) Persistent Na+ current (INaP) with instantaneous Boltzmann activation s_inf (no state variable ODE). The I_M tau is voltage-dependent, and the secondary channel is I_NaP instantaneous -> I_M_plus_I_NaP_voltage_dep_tau."
665f653d-9f9d-4ae7-b873-8858305f9f6c,1d576d13-a6e5-4375-9d90-0385f5689b86,2,6,53,-278.27618408203125,I_M,I_M_voltage_dep_tau,"Snippet 5 has only one additional channel: M-type K+ current with single gate p, Boltzmann steady-state p_inf (half-activation -35 mV), and bell-shaped voltage-dependent tau_p (TAU_M_BASE / (3.3*exp((x+35)/20) + exp(-(x+35)/20) + 1e-6)). X2 slot is intentionally unused. The tau is voltage-dependent (bell-shaped) -> I_M_voltage_dep_tau."
db965af4-ae2e-4e77-9ab2-20c0e5445e19,1d576d13-a6e5-4375-9d90-0385f5689b86,2,6,54,-406.3787231445313,I_M_plus_I_NaP,I_M_plus_I_NaP_voltage_dep_tau,"Two additional channels: (1) M-type K+ current with single gate p, bell-shaped voltage-dependent tau_p (Wang 1998 form: TAU_M_BASE / (3.3*exp(...) + exp(...)), clamped), and (2) Persistent Na+ current (INaP) with instantaneous Boltzmann activation s_inf (no state variable ODE). This matches I_M_plus_I_NaP with voltage-dependent tau for I_M."
965ff5c9-6d19-4378-8e57-0680f5b9f7a4,1d576d13-a6e5-4375-9d90-0385f5689b86,2,6,55,-258.9732971191406,I_M,I_M_voltage_dep_tau,"Single additional channel: M-type K+ current with single gate p, Boltzmann steady-state p_inf, and bell-shaped voltage-dependent tau_p (TAU_M_BASE / (3.3*exp(...) + exp(...)), clamped to [5,300] ms). No second channel added. tau_type=voltage_dependent -> I_M_voltage_dep_tau."
9e0b747c-92a2-41a3-8b25-7423f56f4197,1d576d13-a6e5-4375-9d90-0385f5689b86,2,6,57,-265.63140869140625,I_M,I_M_voltage_dep_tau,"Single additional channel: M-type K+ current with single gate p, Boltzmann steady-state, and bell-shaped voltage-dependent tau_p (TAU_M_BASE / (3.3*exp(...) + exp(...)), clamped to [1,500] ms). X2 slots intentionally unused. tau_type=voltage_dependent -> I_M_voltage_dep_tau."
bc21862b-52f4-4836-bdcc-ae2f0e4b0f32,1d576d13-a6e5-4375-9d90-0385f5689b86,2,6,58,-359.529296875,I_M_plus_I_NaP,I_M_plus_I_NaP_voltage_dep_tau,"Two additional channels: (1) M-type K+ current with single gate p, bell-shaped voltage-dependent tau_p (TAU_M_FIXED / (3.3*exp(...) + exp(...)), clamped), and (2) Persistent Na+ current (INaP) with instantaneous Boltzmann activation m_NaP_inf (no state variable). tau_type=voltage_dependent for I_M, secondary=I_NaP -> I_M_plus_I_NaP_voltage_dep_tau."
d6d8824c-d233-446a-8423-6a1b430c9fda,1d576d13-a6e5-4375-9d90-0385f5689b86,2,6,59,-274.931396484375,I_M,I_M_voltage_dep_tau,"Single additional channel: M-type K+ current with single gate p, Boltzmann steady-state p_inf, and bell-shaped voltage-dependent tau_p (tau_M_base / (3.3*exp(...) + exp(...)), clamped to [5,500] ms). X2 slots intentionally unused. tau_type=voltage_dependent -> I_M_voltage_dep_tau."
558e9e37-67d0-494d-a66d-9bc362acfaef,357f9623-981c-4653-b08b-ba8f0d8d5e25,0,11,105,-283.5238952636719,I_M,I_M_fixed_tau,"Single M-current gate w with Boltzmann w_inf. The time constant tau_w_val is taken directly from params[:,9] and clamped (min=1e-3) — no voltage dependence. This is a fixed scalar tau, matching I_M_fixed_tau."
14975813-af2b-4dba-b0e2-8f15e312bce9,357f9623-981c-4653-b08b-ba8f0d8d5e25,0,11,106,-283.6897277832031,I_M,I_M_voltage_dep_tau,"Single M-current gate w with Boltzmann w_inf. The tau_w function computes a bell-shaped voltage-dependent time constant: tau_M_scale / (3.3*(Exp(dv/40)+Exp(-dv/20))), which is a cosh-like denominator form. This is voltage_dependent tau, matching I_M_voltage_dep_tau."
b894403d-d36a-4212-9c77-daf5862fce9f,357f9623-981c-4653-b08b-ba8f0d8d5e25,0,11,107,-289.2414855957031,I_M,I_M_voltage_dep_tau,"Single M-current gate w with Boltzmann w_inf. The tau_w_fn computes 1/(0.02*(Exp(dv/40)+Exp(-dv/20))), a voltage-dependent bell-shaped time constant. This matches I_M_voltage_dep_tau."
8f777122-5d2d-49f0-8cfb-ee3c71056baa,357f9623-981c-4653-b08b-ba8f0d8d5e25,0,11,108,-282.3240966796875,I_M,I_M_fixed_tau,"Single M-current gate w with Boltzmann w_inf. The time constant tau_w is taken directly from params[:,9] and clamped to [1.0, 500.0] — a fixed scalar per batch item with no voltage dependence. This matches I_M_fixed_tau."
15d653b2-d651-43f7-afe2-8242227a8cbb,357f9623-981c-4653-b08b-ba8f0d8d5e25,0,11,109,-295.9948425292969,I_M,I_M_voltage_dep_tau,"Single M-current gate w with Boltzmann w_inf. The tau_w function computes tau_max_M / (3.3*(Exp(dv/40)+Exp(-dv/20)) + 1e-7), a bell-shaped voltage-dependent time constant scaled by tau_max_M. This matches I_M_voltage_dep_tau."
2ef55922-9802-4ff4-9085-6658f70a4f66,357f9623-981c-4653-b08b-ba8f0d8d5e25,0,11,110,-304.5922241210937,I_M,I_M_fixed_tau,"Single M-current gate (w) with Boltzmann steady-state w_inf and a voltage-independent fixed scalar time constant tau_w drawn directly from params[:,7]. No second additional channel. This matches I_M_fixed_tau (tau_type=fixed_scalar)."
fe752b44-8bd1-49a2-a07b-48794c4d7a0f,a95d9575-b62a-4015-a7db-21dbbab2792a,1,8,81,-342.9549255371094,I_M_plus_I_h,I_M_plus_I_h_voltage_dep_tau,"Two additional channels: M-current (gate p) with a bell-shaped voltage-dependent tau_p (cosh-form, tau_max*2/denom), and Ih/HCN current (gate q) with inverted Boltzmann q_inf and fixed tau_q=200ms. The M-current tau is voltage-dependent (bell-shaped), matching I_M_plus_I_h_voltage_dep_tau."
3f711ab0-4fd4-402a-9eb6-a075f9c9e7a3,a95d9575-b62a-4015-a7db-21dbbab2792a,1,8,82,-350.5095520019531,I_M_plus_I_h,I_M_plus_I_h_voltage_dep_tau,"Two additional channels: M-current (gate p) with bell-shaped voltage-dependent tau_p (tau_max/cosh form, corrected normalization), and Ih/HCN current (gate q) with inverted Boltzmann q_inf and fixed tau_q=150ms. The M-current tau is voltage-dependent, matching I_M_plus_I_h_voltage_dep_tau."
1022b225-ada6-4868-b953-5481b77c972b,a95d9575-b62a-4015-a7db-21dbbab2792a,1,8,83,-327.6849060058594,I_M_plus_I_h,I_M_plus_I_h_voltage_dep_tau,"Two additional channels: M-current (gate p) with bell-shaped voltage-dependent tau_p (tau_max*2/denom cosh form), and Ih/HCN current (gate q) with inverted Boltzmann q_inf and fixed tau_q=200ms. The M-current tau is voltage-dependent, matching I_M_plus_I_h_voltage_dep_tau."
23997927-0ec9-4621-ba15-001ab8f61312,a95d9575-b62a-4015-a7db-21dbbab2792a,1,8,84,-327.7224426269531,I_M_plus_I_h,I_M_plus_I_h_voltage_dep_tau,"Two additional channels: M-current (gate p) with bell-shaped voltage-dependent tau_p (tau_max*2/denom cosh form, normalized peak=tau_max), and Ih/HCN current (gate q) with inverted Boltzmann q_inf and fixed tau_q=200ms. The M-current tau is voltage-dependent, matching I_M_plus_I_h_voltage_dep_tau."
5c98f1d3-84dd-4438-afbc-94b6447083f8,a95d9575-b62a-4015-a7db-21dbbab2792a,1,8,86,-353.6468811035156,I_M_plus_I_NaP,I_M_plus_I_NaP_voltage_dep_tau,"Snippet 1 has two additional channels: (1) IKm with gate p, using alpha_p = 3.3e-3*Exp(0.05*v1) and beta_p = 3.3e-3*Exp(-0.05*v1) — symmetric exponential rates giving a bell-shaped voltage-dependent tau_p; (2) INaP with instantaneous Boltzmann activation s_inf (no ODE, no state variable). This matches I_M_plus_I_NaP with voltage-dependent tau for I_M."
e9badfe5-c2a4-4162-8493-2ffa2380908e,a95d9575-b62a-4015-a7db-21dbbab2792a,1,8,87,-323.5679016113281,I_M_plus_I_h,I_M_plus_I_h_voltage_dep_tau,"Snippet 2 has two additional channels: (1) IKm with gate p, using a bell-shaped tau_p = tau_max * 2.0 / (Exp(0.04*v1) + Exp(-0.04*v1)) — voltage-dependent cosh-form tau; (2) Ih with gate q, inverted Boltzmann q_inf, and fixed scalar tau_h = 200 ms. The primary I_M has voltage-dependent tau, and the secondary is I_h. This matches I_M_plus_I_h_voltage_dep_tau."
efb5468f-9ace-41b1-a329-aca29cf1e5ef,a95d9575-b62a-4015-a7db-21dbbab2792a,1,8,88,-269.2387390136719,I_M,I_M_voltage_dep_tau,"Snippet 3 has a single additional channel: IKm with gate p, sigmoid p_inf, and bell-shaped tau_p = tau_max * 2.0 / (Exp(0.04*v1) + Exp(-0.04*v1)) — a voltage-dependent cosh-form time constant. No second channel is present (params[:,7] unused). This matches I_M_voltage_dep_tau."
c66148d8-f844-421f-acbd-f88bc8e44d72,357f9623-981c-4653-b08b-ba8f0d8d5e25,0,12,111,-292.5281066894531,I_M,I_M_voltage_dep_tau,"Snippet 4 has a single additional channel: IKm with gate w, sigmoid w_inf, and voltage-dependent tau_w_fn = tau_w_max / (3.3*(Exp(dv/40) + Exp(-dv/20))) — an asymmetric bell-shaped voltage-dependent time constant. No second channel is wired in. This matches I_M_voltage_dep_tau."
15d68a3e-b05e-405d-958a-028619b50ee4,357f9623-981c-4653-b08b-ba8f0d8d5e25,0,12,112,-271.35162353515625,I_M,I_M_fixed_tau,"Snippet 5 has a single additional channel: IKm with gate w, sigmoid w_inf, and a voltage-independent fixed scalar time constant tau_w_M = -params[:,9] (a constant extracted from params before the loop, not varying with V). The update is w_ss + (w_prev - w_ss)*Exp(-tstep/tau_w_M) with tau_w_M constant. This matches I_M_fixed_tau."
96aa302d-cb01-44fc-ae12-7422dece7bb9,357f9623-981c-4653-b08b-ba8f0d8d5e25,0,12,113,-276.31658935546875,I_M,I_M_voltage_dep_tau,"Single M-current gate w with Boltzmann w_inf and a voltage-dependent tau_w_fn using a bell-shaped denominator: 3.3*(Exp(v1/40)+Exp(-v1/20)), scaled by tau_scale from params[:,9]. This is the classic Wang 1998 voltage-dependent tau form. No second channel present."
298443f7-2c18-4891-961f-df61174f1ee1,357f9623-981c-4653-b08b-ba8f0d8d5e25,0,12,114,-288.53717041015625,I_M,I_M_fixed_tau,"Single M-current gate w with Boltzmann w_inf. The time constant tau_w is set directly as tau_w_base = torch.clamp(params[:,9].float(), min=10.0, max=400.0), a fixed scalar clamped value with no voltage dependence. This matches the fixed_scalar tau_type criterion."
c2bc94ca-b86e-49b0-afe6-5701f3cc6254,357f9623-981c-4653-b08b-ba8f0d8d5e25,0,12,115,-283.5272521972656,I_M,I_M_voltage_dep_tau,"Single M-current gate w with Boltzmann w_inf and voltage-dependent tau_w_fn: tau_w_num / (3.3*(Exp(dv/40)+Exp(-dv/20)) + 1e-7), a bell-shaped voltage-dependent time constant. No second channel present."
25985d64-7c0c-4fbc-b971-70006f73118c,357f9623-981c-4653-b08b-ba8f0d8d5e25,0,12,116,-285.2513732910156,I_M,I_M_voltage_dep_tau,Single M-current gate w with Boltzmann w_inf and voltage-dependent tau_w_fn: tau_max_M / (3.3*(Exp((x-V_half_M)/40)+Exp(-(x-V_half_M)/20)) + 1e-7). This is the bell-shaped voltage-dependent tau form. No second channel present.
ad6f3b48-1759-422a-a32f-9eb6d8ceeaaa,357f9623-981c-4653-b08b-ba8f0d8d5e25,0,12,117,-281.1461181640625,I_M,I_M_voltage_dep_tau,Single M-current gate w with Boltzmann w_inf and voltage-dependent tau_w_fn: torch.abs(tau_M_scale) / (3.3*(Exp((x-V_half_M)/40)+Exp(-(x-V_half_M)/20)) + 1e-7). Bell-shaped voltage-dependent tau. No second channel present.
2ca8a439-6ab2-423c-9a36-1706f2f0b07b,357f9623-981c-4653-b08b-ba8f0d8d5e25,0,12,118,-300.95233154296875,I_M,I_M_voltage_dep_tau,"Single M-current gate w with Boltzmann steady-state w_inf. The time constant tau_w_fn uses a bell-shaped formula: 1/(3.3*(exp(dv/40)+exp(-dv/20))) scaled by tau_w_scale, which is voltage-dependent (cosh-like denominator). No second additional channel. -> I_M_voltage_dep_tau."
eb33e9ee-9515-4540-94a7-bd826f65cca7,357f9623-981c-4653-b08b-ba8f0d8d5e25,0,12,119,-282.1385192871094,I_M,I_M_fixed_tau,"Single M-current gate w with Boltzmann steady-state w_inf. The time constant tau_w_M is taken directly from params[:,9] with a clamp (torch.clamp(..., min=1.0, max=2000.0)) — a fixed scalar, voltage-independent. No second additional channel. -> I_M_fixed_tau."
66c55d9a-f4fd-4c82-8ef8-3d15ca840026,a95d9575-b62a-4015-a7db-21dbbab2792a,1,9,90,-322.6117248535156,I_M_plus_I_h,I_M_plus_I_h_voltage_dep_tau,"Two additional channels: (1) M-current gate p with bell-shaped voltage-dependent tau_p (cosh denominator: (exp(0.04*v1)+exp(-0.04*v1))/2), and (2) Ih/HCN gate q with inverted Boltzmann q_inf and fixed scalar tau_q_val=150 ms. This is I_M + I_h with voltage-dependent tau for I_M -> I_M_plus_I_h_voltage_dep_tau."
915fa80d-461f-41b8-9a91-4701f46800ac,a95d9575-b62a-4015-a7db-21dbbab2792a,1,9,91,-327.5109558105469,I_M_plus_I_h,I_M_plus_I_h_voltage_dep_tau,"Two additional channels: (1) M-current gate p with bell-shaped voltage-dependent tau_p (tau_max*2/(exp(0.04*v1)+exp(-0.04*v1))), and (2) Ih/HCN gate q with inverted Boltzmann q_inf and fixed scalar Ih_tau=200 ms. This is I_M + I_h with voltage-dependent tau for I_M -> I_M_plus_I_h_voltage_dep_tau."
8b51d196-44f3-4517-a864-a4a21a4dd10f,a95d9575-b62a-4015-a7db-21dbbab2792a,1,9,93,-313.59686279296875,I_M_plus_I_h,I_M_plus_I_h_voltage_dep_tau,"Two additional channels: (1) M-current gate p with bell-shaped voltage-dependent tau_p (tau_max*2.0/(exp(0.04*v1)+exp(-0.04*v1))), and (2) Ih/HCN gate q with inverted Boltzmann q_inf and fixed scalar tau_q_ms=100 ms. This is I_M + I_h with voltage-dependent tau for I_M -> I_M_plus_I_h_voltage_dep_tau."
ae57cbb2-b2a3-42ab-9488-746991d28f01,a95d9575-b62a-4015-a7db-21dbbab2792a,1,9,94,-325.91119384765625,I_M_plus_I_h,I_M_plus_I_h_voltage_dep_tau,"Snippet 1 implements two additional channels: (1) M-current (IKm) with a single gate p, bell-shaped voltage-dependent tau_p using cosh-like denominator (Exp(0.04*v1) + Exp(-0.04*v1)), and (2) Ih (HCN) with a single gate q, inverted Boltzmann q_inf, and a fixed scalar tau_q_fixed=200 ms. The primary I_M channel has voltage-dependent tau, and the secondary channel is I_h. This matches I_M_plus_I_h_voltage_dep_tau."
193d4529-4b88-4610-9c3f-cf8c3c6b0ca5,a95d9575-b62a-4015-a7db-21dbbab2792a,1,9,95,-327.13836669921875,I_M_plus_I_h,I_M_plus_I_h_voltage_dep_tau,"Snippet 2 is structurally identical to Snippet 1: M-current with bell-shaped voltage-dependent tau_p (cosh denominator divided by 2) and Ih with inverted Boltzmann q_inf and fixed tau_q=200 ms. Primary I_M has voltage-dependent tau, secondary is I_h -> I_M_plus_I_h_voltage_dep_tau."
bd9950f2-49f7-40a2-b44a-62b44213e0d3,1d576d13-a6e5-4375-9d90-0385f5689b86,2,7,60,-338.9642944335937,I_M_plus_I_NaP,I_M_plus_I_NaP_voltage_dep_tau,"Snippet 3 implements two additional channels: (1) M-current with single gate p, Boltzmann p_inf centered at -35 mV, and a bell-shaped voltage-dependent tau_p using 3.3*Exp((x+35)/20) + Exp(-(x+35)/20) denominator (fixed TAU_M_BASE=100 ms scale but the tau is voltage-dependent in shape), and (2) persistent Na+ current (INaP) with instantaneous Boltzmann activation s_inf (no state variable ODE). The I_M tau is voltage-dependent (bell-shaped), and the secondary channel is I_NaP -> I_M_plus_I_NaP_voltage_dep_tau."
b94d1204-44ce-4b34-a1e2-906db756d965,1d576d13-a6e5-4375-9d90-0385f5689b86,2,7,61,-272.8026123046875,I_M,I_M_voltage_dep_tau,"Snippet 4 implements only one additional channel: M-current with single gate p, Boltzmann p_inf at -35 mV, and a bell-shaped voltage-dependent tau_p (3.3*Exp((x+35)/20) + Exp(-(x+35)/20) denominator, fixed tau_M_base=100 ms scale). No second additional channel is present (X2 slot unused). The tau is voltage-dependent -> I_M_voltage_dep_tau."
44b00cf9-115e-4280-97dc-768cc1ad5445,1d576d13-a6e5-4375-9d90-0385f5689b86,2,7,62,-404.238037109375,I_M_plus_I_NaP,I_M_plus_I_NaP_voltage_dep_tau,"Snippet 5 implements two additional channels: (1) M-current with single gate p, Boltzmann p_inf at -35 mV, and bell-shaped voltage-dependent tau_p (3.3*Exp((x+35)/20) + Exp(-(x+35)/20) denominator, fixed tau_M_base=100 ms), and (2) persistent Na+ current (INaP) with instantaneous Boltzmann activation m_NaP_inf (no state variable ODE), using inferred V_half_NaP. The I_M tau is voltage-dependent, secondary channel is I_NaP -> I_M_plus_I_NaP_voltage_dep_tau."
8eb507a2-19c7-4526-a1ae-a4c2db7fb6c4,1d576d13-a6e5-4375-9d90-0385f5689b86,2,7,63,-419.8009643554688,I_M_plus_I_NaP,I_M_plus_I_NaP_voltage_dep_tau,"Two additional channels: (1) M-type K+ current with single gate p, bell-shaped voltage-dependent tau_p (TAU_M_BASE/denom with 3.3*exp and exp terms centered at -35 mV), and (2) Persistent Na+ current (INaP) with instantaneous Boltzmann activation s_inf (no state variable ODE). This matches I_M_plus_I_NaP with voltage-dependent tau for I_M."
3e0b23bc-c9d0-464a-b764-49d49ce8da0d,1d576d13-a6e5-4375-9d90-0385f5689b86,2,7,64,-359.61639404296875,I_M_plus_I_NaP,I_M_plus_I_NaP_voltage_dep_tau,"Two additional channels: (1) M-type K+ current with single gate p, bell-shaped voltage-dependent tau_p (tau_M_base/denom with 3.3*Exp and Exp terms), and (2) Persistent Na+ current (INaP) with instantaneous Boltzmann activation s_inf (no ODE state variable). Matches I_M_plus_I_NaP with voltage-dependent tau for I_M."
ca769d96-9b52-4fd5-a51c-81792dcd347c,1d576d13-a6e5-4375-9d90-0385f5689b86,2,7,65,-263.609130859375,I_M,I_M_voltage_dep_tau,"Single additional channel: M-type K+ current with single gate p, Boltzmann steady-state p_inf centered at -35 mV, and bell-shaped voltage-dependent tau_p (TAU_M_BASE/denom with 3.3*Exp and Exp terms). X2 slot explicitly unused. No second channel present. Matches I_M_voltage_dep_tau."
2ee2d1e5-1ed3-474f-a164-cb1d74c7398b,1d576d13-a6e5-4375-9d90-0385f5689b86,2,7,66,-306.7950439453125,I_M_plus_I_NaP,I_M_plus_I_NaP_voltage_dep_tau,"Two additional channels: (1) M-type K+ current with single gate p, bell-shaped voltage-dependent tau_p (tau_M_base/denom with 3.3*Exp and Exp terms centered at -35 mV), and (2) Persistent Na+ current (INaP) with instantaneous Boltzmann activation s_inf_NaP (no state variable ODE). Matches I_M_plus_I_NaP with voltage-dependent tau for I_M."
3894d9dd-b766-4650-b449-f9d3c4cc2fa2,1d576d13-a6e5-4375-9d90-0385f5689b86,2,7,67,-268.053466796875,I_M,I_M_voltage_dep_tau,"Single additional channel: M-type K+ current with single gate p, Boltzmann steady-state p_inf centered at -35 mV, and bell-shaped voltage-dependent tau_p (TAU_M_BASE/denom with 3.3*Exp and Exp terms). X2 slot explicitly unused (parsimony). No second channel present. Matches I_M_voltage_dep_tau."
3fd4dcdc-9ca5-4a19-82a8-d94404402ad7,1d576d13-a6e5-4375-9d90-0385f5689b86,2,7,68,-267.9526062011719,I_M,I_M_voltage_dep_tau,Single M-current gate p with Boltzmann p_inf and a bell-shaped voltage-dependent tau_p using 3.3*Exp((x+35)/20) + Exp(-(x+35)/20) denominator (Wang 1998 form). tau_M_base=100 ms is a fixed constant but tau_p itself varies with V -> voltage_dependent tau. No second channel present.
2f6640ca-5e75-46ce-93fc-ea4bc11f7d48,1d576d13-a6e5-4375-9d90-0385f5689b86,2,7,69,-266.97821044921875,I_M,I_M_fixed_tau,"Single M-current gate p with Boltzmann p_inf. The time constant TAU_M is a fixed scalar constant (100.0 ms) with no voltage dependence. A precomputed decay factor decay_p = exp(-dt/TAU_M) is used, confirming fixed_scalar tau. No second channel present."
7a200ffe-10cb-47d3-a5df-b649c130ef62,1d576d13-a6e5-4375-9d90-0385f5689b86,2,7,71,-399.3682556152344,I_M_plus_I_NaP,I_M_plus_I_NaP_voltage_dep_tau,"Two additional channels: (1) M-current gate p with Boltzmann p_inf and bell-shaped voltage-dependent tau_p (3.3*Exp(v1/20)+Exp(-v1/20) denominator, TAU_M_FIXED=100 ms base but tau varies with V); (2) Persistent Na+ current INaP with instantaneous Boltzmann activation m_NaP_inf (no ODE state variable). This matches I_M_plus_I_NaP with voltage-dependent tau for I_M."
38d4cdca-a59b-4118-a673-61f5abbfdd10,1d576d13-a6e5-4375-9d90-0385f5689b86,2,7,72,-321.2300720214844,I_M_plus_I_NaP,I_M_plus_I_NaP_voltage_dep_tau,"Two additional channels: (1) M-current gate p with Boltzmann p_inf and bell-shaped voltage-dependent tau_p (3.3*Exp((x+35)/20)+Exp(-(x+35)/20) denominator, tau_M_base=600 ms fixed base but tau varies with V); (2) Persistent Na+ current INaP with instantaneous Boltzmann s_inf at -55 mV (no ODE). Matches I_M_plus_I_NaP with voltage-dependent tau."
f5f2ebe4-4687-4183-9aed-203695e32e83,a95d9575-b62a-4015-a7db-21dbbab2792a,1,10,97,-256.49566650390625,I_M,I_M_voltage_dep_tau,Single M-current gate p with decoupled Boltzmann p_inf and bell-shaped voltage-dependent tau_p using Exp(0.04*v1)+Exp(-0.04*v1) denominator (normalised so peak=tau_max). tau_max=-param_j is a learned parameter but tau_p itself varies with V -> voltage_dependent tau. X2 slot intentionally unused. No second channel.
73aae15c-5f9e-4b0a-9c3a-533b3ef72bfc,357f9623-981c-4653-b08b-ba8f0d8d5e25,0,13,120,-279.3214111328125,I_M,I_M_fixed_tau,"Single M-current gate w with Boltzmann steady-state w_inf. The time constant tau_M is extracted directly from params[:,9] as a fixed scalar (voltage-independent). The comment explicitly states 'It is voltage-independent for simplicity and identifiability'. No bell-shaped or voltage-dependent tau function is present. This matches tau_type=fixed_scalar -> I_M_fixed_tau."
ec87e3f5-85b6-4677-97be-4c920136fc8f,357f9623-981c-4653-b08b-ba8f0d8d5e25,0,13,121,-264.1450500488281,I_M,I_M_fixed_tau,"Single M-current gate w with Boltzmann steady-state w_inf. The time constant tau_M is extracted from params[:,9] (negated to be positive) and used directly as a fixed scalar in the exponential Euler update: w[:,i] = w_ss + (w_prev - w_ss) * Exp(-tstep / tau_M). No voltage-dependent tau function is defined. This matches tau_type=fixed_scalar -> I_M_fixed_tau."
7651d31d-1ee3-46ff-8b96-c9f1e5106241,357f9623-981c-4653-b08b-ba8f0d8d5e25,0,13,122,-351.6498107910156,I_M,I_M_voltage_dep_tau,"Single M-current gate w with Boltzmann steady-state w_inf. The time constant is computed via tau_w_fn(x) = tau_scale / (3.3*(Exp(dv/40) + Exp(-dv/20)) + 1e-6), which is a bell-shaped voltage-dependent function of V (asymmetric exponential denominator). This matches the Wang 1998 formulation with tau_type=voltage_dependent -> I_M_voltage_dep_tau."
766be5ef-86de-4bc4-b7d7-b456932952e6,357f9623-981c-4653-b08b-ba8f0d8d5e25,0,13,123,-275.1305236816406,I_M,I_M_fixed_tau,"Single M-current gate p with Boltzmann steady-state p_inf. The time constant tau_M is extracted directly from params[:,9] as a positive raw value (no negation, no voltage-dependent computation). The gate update is: p[:,i] = p_ss + (p_prev - p_ss) * Exp(-tstep / tau_M), using tau_M as a fixed scalar. This matches tau_type=fixed_scalar -> I_M_fixed_tau."
c432c741-1aa5-4f26-ac79-1f0b04d66b17,357f9623-981c-4653-b08b-ba8f0d8d5e25,0,13,124,-274.4764099121094,I_M,I_M_voltage_dep_tau,"Single M-current gate w with Boltzmann steady-state w_inf. The time constant is computed via tau_w(x) = 1.0 / (3.3*(Exp((x-V_half)/40) + Exp(-(x-V_half)/20))), which is a bell-shaped voltage-dependent function. The comment explicitly notes 'Voltage-dependent time constant; bell-shaped curve centred on V_half'. This matches tau_type=voltage_dependent -> I_M_voltage_dep_tau."
411af03a-4c48-4fb2-89f7-fc0f09aa3092,357f9623-981c-4653-b08b-ba8f0d8d5e25,0,13,125,-289.27862548828125,I_M,I_M_voltage_dep_tau,"Single M-current gate w with Boltzmann w_inf and a voltage-dependent tau_w function: tau_M_scale / (3.3*(Exp(dv/40) + Exp(-dv/20))). The denominator varies with V (bell-shaped), making this a voltage-dependent tau -> I_M_voltage_dep_tau."
8cf35fc8-8241-4b91-a7e2-b7019a66756d,357f9623-981c-4653-b08b-ba8f0d8d5e25,0,13,126,-290.4851379394531,I_M,I_M_voltage_dep_tau,"Single M-current gate w with Boltzmann w_inf and tau_w_fn computed as tau_w_max / (Exp(dv/40) + Exp(-dv/20)), which is a bell-shaped voltage-dependent time constant. No second channel present. -> I_M_voltage_dep_tau."
bff29496-41df-4596-99ea-508fe00e94b0,357f9623-981c-4653-b08b-ba8f0d8d5e25,0,13,127,-275.1973876953125,I_M,I_M_fixed_tau,"Single M-current gate w with Boltzmann w_inf. The time constant tau_w is computed as torch.clamp(tau_w_const, min=1.0, max=3000.0) — a fixed scalar from params[:,9], precomputed before the loop with no voltage dependence. -> I_M_fixed_tau."
4f1cfbf4-0dda-4c16-b0fa-2b1ab14a692f,357f9623-981c-4653-b08b-ba8f0d8d5e25,0,13,128,-275.0129699707031,I_M,I_M_fixed_tau,"Single M-current gate w with Boltzmann w_inf. The time constant tau_KM = params[:,9] is a fixed scalar (clamped with torch.clamp(tau_KM, min=1e-3)), with no voltage dependence in the loop. -> I_M_fixed_tau."
78203d65-a5f4-44b8-a1fe-f7dadc6421b3,357f9623-981c-4653-b08b-ba8f0d8d5e25,0,13,129,-284.2455139160156,I_M,I_M_fixed_tau,"Single M-current gate w with Boltzmann w_inf. The time constant tau_w_M = -params[:,9] is clamped to min=0.5 and used directly as a fixed scalar in the exponential Euler update — no voltage dependence. -> I_M_fixed_tau."
e9424216-85c3-482d-999c-d0f78399d3b0,357f9623-981c-4653-b08b-ba8f0d8d5e25,0,13,130,-301.803955078125,I_M,I_M_voltage_dep_tau,Single M-current gate w with Boltzmann steady-state w_inf and a bell-shaped voltage-dependent time constant tau_w_fn using sum of two exponentials (3.3*exp((x-V_half_M)/40) + exp(-(x-V_half_M)/20)) centred at V_half_M. tau_max_M is a fixed scalar (100.0 ms) but the tau function itself varies with V — this is voltage_dependent tau. No secondary channel. -> I_M_voltage_dep_tau.
224c1f22-9991-4b94-8f3b-0baa8b6e3172,1d576d13-a6e5-4375-9d90-0385f5689b86,2,8,73,-344.15875244140625,I_M_plus_I_NaP,I_M_plus_I_NaP_voltage_dep_tau,"Two additional channels: (1) M-current gate p with Boltzmann p_inf and bell-shaped voltage-dependent tau_p (3.3*exp((x+35)/20) + exp(-(x+35)/20) denominator, scaled by tau_M_scale from params[:,9]); (2) INaP with instantaneous Boltzmann s_inf, no state variable ODE. The tau for IM varies with V (voltage_dependent), and secondary is I_NaP. -> I_M_plus_I_NaP_voltage_dep_tau."
e0e8246d-0fc9-477d-af12-23f7779a3cd7,1d576d13-a6e5-4375-9d90-0385f5689b86,2,8,74,-369.2361450195313,I_M_plus_I_NaP,I_M_plus_I_NaP_voltage_dep_tau,"Two additional channels: (1) M-current gate p with Boltzmann p_inf and bell-shaped voltage-dependent tau_p (fixed base 100 ms but denominator varies with V via exponentials centred at -35 mV); (2) INaP with instantaneous Boltzmann s_inf (no ODE, no state variable). tau_type is voltage_dependent, secondary is I_NaP. -> I_M_plus_I_NaP_voltage_dep_tau."
64aa27e5-5db9-4ad8-be0f-5d8440909b14,1d576d13-a6e5-4375-9d90-0385f5689b86,2,8,75,-387.8615112304688,I_M_plus_I_NaP,I_M_plus_I_NaP_voltage_dep_tau,"Two additional channels: (1) M-current gate p with Boltzmann p_inf and bell-shaped voltage-dependent tau_p (fixed base tau_M_base=100 ms, denominator 3.3*exp((x+35)/20)+exp(-(x+35)/20) varies with V); (2) INaP with instantaneous Boltzmann s_inf, no state variable. tau_type is voltage_dependent, secondary is I_NaP. -> I_M_plus_I_NaP_voltage_dep_tau."
4f21a87f-16a8-4bcf-9416-3be49afe9a2d,1d576d13-a6e5-4375-9d90-0385f5689b86,2,8,76,-434.6629943847656,I_M_plus_I_NaP,I_M_plus_I_NaP_voltage_dep_tau,"Two additional channels: (1) M-current gate p with Boltzmann p_inf and bell-shaped voltage-dependent tau_p (fixed base 100 ms, denominator with exponentials centred at -35 mV varies with V); (2) INaP with instantaneous Boltzmann s_inf, no state variable ODE. tau_type is voltage_dependent, secondary is I_NaP. -> I_M_plus_I_NaP_voltage_dep_tau."
6b545346-8815-4365-86ac-06f3262b854e,1d576d13-a6e5-4375-9d90-0385f5689b86,2,8,77,-411.5791015625,I_M_plus_I_NaP,I_M_plus_I_NaP_voltage_dep_tau,"Snippet 1 has two additional channels: (1) M-type K+ current with single gate p, Boltzmann p_inf, and a bell-shaped voltage-dependent tau_p using the Wang 1998 cosh-like denominator (3.3*exp((x+35)/20) + exp(-(x+35)/20)), and (2) Persistent Na+ current (INaP) with instantaneous Boltzmann activation s_NaP_inf (no ODE state variable). This matches I_M_plus_I_NaP with voltage-dependent tau for I_M."
ee205760-df75-468b-bb46-2de7a4bb76be,1d576d13-a6e5-4375-9d90-0385f5689b86,2,8,79,-282.218505859375,I_M,I_M_voltage_dep_tau,"Snippet 2 has only one additional channel: M-type K+ current with single gate p, Boltzmann p_inf (tunable V_half_M), and a bell-shaped voltage-dependent tau_p using the Wang 1998 cosh-like denominator (3.3*exp((x+35)/20) + exp(-(x+35)/20)), clamped to [1,500] ms. The X2 slot is explicitly unused. This is a single I_M channel with voltage-dependent tau."
e3e234d1-4505-4c67-bea9-216ea7cb53d4,1d576d13-a6e5-4375-9d90-0385f5689b86,2,8,81,-258.3082580566406,I_M,I_M_voltage_dep_tau,"Snippet 3 has only one additional channel: M-type K+ current with single gate p, Boltzmann p_inf (half-activation -35 mV), and a bell-shaped voltage-dependent tau_p using the Wang 1998 denominator (3.3*exp((x+35)/20) + exp(-(x+35)/20)), clamped to [5,300] ms. params[:,7] and params[:,9] are explicitly unused. This is a single I_M channel with voltage-dependent tau."
88583b29-011d-43de-8de5-506dd237edfc,1d576d13-a6e5-4375-9d90-0385f5689b86,2,8,82,-325.7154541015625,I_M_plus_I_NaP,I_M_plus_I_NaP_voltage_dep_tau,"Snippet 4 has two additional channels: (1) M-type K+ current with single gate p, Boltzmann p_inf (Vt-shifted), and a bell-shaped voltage-dependent tau_p (TAU_M_FIXED=400 ms, cosh-like denominator), and (2) Persistent Na+ current (INaP) with instantaneous Boltzmann activation m_NaP_inf (no ODE state variable, slope 9 mV). This matches I_M_plus_I_NaP with voltage-dependent tau for I_M."
b823906c-e2fa-43f3-b7bd-6ad602d1965b,a95d9575-b62a-4015-a7db-21dbbab2792a,1,11,98,-331.8673400878906,I_M_plus_I_h,I_M_plus_I_h_voltage_dep_tau,"Snippet 5 has two additional channels: (1) M-type K+ current with single gate p, Boltzmann p_inf, and a bell-shaped voltage-dependent tau_p (tau_max*2/(exp(0.04*v1)+exp(-0.04*v1)), peak-normalised), and (2) Hyperpolarization-activated Ih current with single gate q, inverted Boltzmann q_inf (V_half=-75 mV), and fixed tau_q=200 ms. This matches I_M_plus_I_h with voltage-dependent tau for I_M."
f60f95a2-ca2e-40ac-a736-34395a52007e,a95d9575-b62a-4015-a7db-21dbbab2792a,1,11,99,-332.10906982421875,I_M_plus_I_h,I_M_plus_I_h_voltage_dep_tau,"Snippet 1 has two additional channels: (1) M-current (IKm) with single gate p, bell-shaped voltage-dependent tau_p using 2*tau_max/(exp(0.04*v1)+exp(-0.04*v1)) — a cosh/bell-shaped form that varies with V, and (2) Ih (HCN) with single gate q, inverted Boltzmann q_inf, fixed scalar tau_q_fix=150 ms, reversal E_h=-30 mV. The primary I_M has voltage-dependent tau, and the secondary is I_h. This matches I_M_plus_I_h_voltage_dep_tau."
7afd7f87-7c4c-480f-907d-d16a101a8aae,a95d9575-b62a-4015-a7db-21dbbab2792a,1,11,100,-322.7762451171875,I_M_plus_I_h,I_M_plus_I_h_voltage_dep_tau,"Snippet 2 also combines M-current (IKm, gate p, bell-shaped voltage-dependent tau via tau_max*2.0/denom where denom=exp(0.04*v1)+exp(-0.04*v1)) with Ih (HCN, gate q, inverted Boltzmann q_inf, fixed tau_q_ms=200 ms, E_h=-30 mV). The I_M tau is voltage-dependent (bell-shaped), secondary channel is I_h. Matches I_M_plus_I_h_voltage_dep_tau."
d95b3b14-7603-4a4e-b53f-98f0208efe91,a95d9575-b62a-4015-a7db-21dbbab2792a,1,11,102,-347.7062072753906,I_M_plus_I_NaP,I_M_plus_I_NaP_fixed_tau,"Snippet 3 has two additional channels: (1) M-current (IKm, gate p) with CONSTANT tau = tau_max_M = -param_j (a fixed scalar per batch element, no voltage dependence — explicitly replacing the bell-shaped form), and (2) INaP (persistent Na+, gate q) with fixed tau_q_fixed=5 ms and sigmoid q_inf. The I_M tau is a fixed scalar (tau_type=fixed_scalar), and the secondary channel is I_NaP. Matches I_M_plus_I_NaP_fixed_tau."
4f4a7be5-db22-4e5f-89cb-c8178181affa,a95d9575-b62a-4015-a7db-21dbbab2792a,1,11,103,-249.69395446777344,I_M,I_M_voltage_dep_tau,"Snippet 4 has only one additional channel: M-current (IKm, gate p) with bell-shaped voltage-dependent tau_p = tau_max/(exp(0.04*v1)+exp(-0.04*v1)) (un-normalized, peak at tau_max/2, but still voltage-dependent cosh form). No second channel is added (params[:,7] intentionally unused). Single I_M with voltage-dependent tau matches I_M_voltage_dep_tau."
5c9e5162-3a9e-4365-942e-8f0c5b77dfd1,a95d9575-b62a-4015-a7db-21dbbab2792a,1,11,104,-293.0722045898437,I_M_plus_I_NaP,I_M_plus_I_NaP_voltage_dep_tau,"Snippet 5 has two additional channels: (1) M-current (IKm, gate p) with bell-shaped voltage-dependent tau_p = tau_max*2.0/(exp(0.04*v1)+exp(-0.04*v1)) — voltage-dependent cosh form, and (2) INaP (persistent Na+) with INSTANTANEOUS activation m_NaP_inf (no state variable ODE, quasi-static). The I_M tau is voltage-dependent, and the secondary channel is I_NaP (instantaneous). Matches I_M_plus_I_NaP_voltage_dep_tau."
868924aa-1cea-4a5a-aadf-677e29c12da7,a95d9575-b62a-4015-a7db-21dbbab2792a,1,11,105,-292.7812194824219,I_M_plus_I_A,I_M_plus_I_A,"Snippet 1 implements two additional channels: (1) M-current (IKm) with a single activation gate p, bell-shaped voltage-dependent tau_p (cosh form: tau_max / (exp(0.04*v1) + exp(-0.04*v1))), and (2) A-type K+ current (IA) with instantaneous activation a_inf (fast, no ODE for a beyond fixed tau_a=1ms treated as near-instantaneous) and a slow inactivation gate b with fixed tau_b=20ms. The IA has an inactivation gate (b), and the secondary channel is I_A. This matches I_M_plus_I_A: has_inactivation_gate=true AND secondary=I_A."
ad87412f-191e-417b-8299-ff94cfb6d24f,7e916310-bb41-4c31-9c69-b85f231b69be,4,0,0,-258.727294921875,base_only,base_only,"Snippet 2 contains only the base HH channels (Na+, K+ delayed-rectifier, leak). All EDITABLE SECTIONs are empty with TODO comments but no actual additional channel code. No extra state variables, no extra kinetics, no extra terms in tau_V_inv or V_inf beyond the three base HH currents."
5059004a-43fb-40b3-8e4a-e2c5255f750f,8676b219-4d75-42a8-9949-196395b35f82,3,0,0,-261.9913330078125,base_only,base_only,"Snippet 3 is identical in structure to Snippet 2 — all EDITABLE SECTIONs are empty TODO placeholders. Only the three base HH currents (Na+, K+, leak) are implemented. No additional channels are added."
1f5036a7-7b7e-494b-b567-dd03021ef54b,a95d9575-b62a-4015-a7db-21dbbab2792a,1,12,107,-328.0171813964844,I_M_plus_I_h,I_M_plus_I_h_voltage_dep_tau,"Snippet 4 implements two additional channels: (1) M-current (IKm) with single activation gate p, bell-shaped voltage-dependent tau_p (tau_max * 2.0 / (exp(0.04*v1) + exp(-0.04*v1)) — cosh form, voltage-dependent), and (2) Ih (HCN) with single gate q, inverted Boltzmann q_inf activating on hyperpolarization, fixed scalar tau_q=150ms. The primary I_M has voltage-dependent tau, and the secondary is I_h. This matches I_M_plus_I_h_voltage_dep_tau."
01c2cb31-7b41-4fea-b801-139a091e2b80,a95d9575-b62a-4015-a7db-21dbbab2792a,1,12,109,-288.45965576171875,I_M_plus_I_A,I_M_plus_I_A,"Snippet 5 implements two additional channels: (1) IKm (M-type K+) with single activation gate p, bell-shaped voltage-dependent tau_p (tau_max / (exp(0.04*v1) + exp(-0.04*v1))), and (2) IA (A-type K+) with instantaneous activation a_inf (no ODE state variable for a) and slow inactivation gate b with fixed tau_b=150ms. The IA has an inactivation gate (b), and the secondary channel is I_A. This matches I_M_plus_I_A: has_inactivation_gate=true AND secondary=I_A."
cbafb9dd-82db-49a1-8a14-27ea8b136d3c,a95d9575-b62a-4015-a7db-21dbbab2792a,1,12,110,-310.6314392089844,I_M_plus_I_A,I_M_plus_I_A,"This snippet implements two additional channels beyond base HH: (1) IKm (M-type K+) with a single activation gate p, bell-shaped voltage-dependent tau_p (un-normalised cosh form: tau_max / (exp(0.04*v1) + exp(-0.04*v1))), and (2) I_A (A-type transient K+) with instantaneous activation a_inf (no ODE) and a slow inactivation gate b with fixed tau_b=150 ms. This matches I_M_plus_I_A: has_inactivation_gate=true (b gate for IA) and secondary=I_A."
e5dece3f-98f3-4002-97cf-143a740c46a7,357f9623-981c-4653-b08b-ba8f0d8d5e25,0,14,131,-277.5302124023437,I_M,I_M_fixed_tau,"Single additional channel: M-type K+ current with gate w. Steady-state w_inf is a Boltzmann sigmoid. The time constant tau_w_M is computed as torch.clamp(-params[:,9].float() / 20.0, min=1.0) — a fixed scalar derived from a parameter with no voltage dependence. This matches I_M_fixed_tau (tau_type=fixed_scalar)."
2f9de5d2-147a-4267-afb6-95b2b6d1bb3e,357f9623-981c-4653-b08b-ba8f0d8d5e25,0,14,132,-274.6792297363281,I_M,I_M_voltage_dep_tau,"Single additional channel: M-type K+ current with gate w. The time constant tau_w_fn uses a bell-shaped voltage-dependent denominator: 3.3*(exp((x-V_half_M)/40) + exp(-(x-V_half_M)/20)), scaled by tau_M_scale. This is a voltage-dependent (bell-shaped) tau, matching I_M_voltage_dep_tau."
414b89de-9b6b-406c-b9f0-d698e0aeaac4,357f9623-981c-4653-b08b-ba8f0d8d5e25,0,14,133,-259.5528869628906,I_M,I_M_voltage_dep_tau,"Single additional channel: M-type K+ current with gate w. The time constant tau_w_fn computes 1.0 / (3.3 * (exp((x-V_half_M)/40) + exp(-(x-V_half_M)/20)) + 1e-7), which is a bell-shaped voltage-dependent form. No fixed scalar tau from params is used. Matches I_M_voltage_dep_tau."
f0a88ac6-1b94-4d01-b2d6-4b6f61d97127,357f9623-981c-4653-b08b-ba8f0d8d5e25,0,14,134,-279.93084716796875,I_M,I_M_voltage_dep_tau,"Single additional channel: M-type K+ current with gate w. The time constant tau_w_fn uses tau_scale_M / (3.3 * (exp(dv/40) + exp(-dv/20))), a bell-shaped voltage-dependent form scaled by a learned parameter. This matches I_M_voltage_dep_tau (tau_type=voltage_dependent)."
2c58c6a9-9aee-4102-8b87-73cfee15a15e,357f9623-981c-4653-b08b-ba8f0d8d5e25,0,14,135,-288.03155517578125,I_M,I_M_fixed_tau,"Single M-current gate w with Boltzmann steady-state w_inf. The time constant tau_w_ms is computed from params[:,9] as a fixed scalar (clamped to [2, 200] ms) before the loop and does not vary with voltage inside the loop. The update is: w[:,i] = w_inf_v + (w[:,i-1] - w_inf_v) * Exp(-tstep / tau_w_ms), where tau_w_ms is a constant per batch element. This is a fixed scalar tau -> I_M_fixed_tau."
fe51d4df-6699-4b5b-a734-a3bc8f35773c,357f9623-981c-4653-b08b-ba8f0d8d5e25,0,14,136,-285.54364013671875,I_M,I_M_fixed_tau,"Single M-current gate w with Boltzmann steady-state w_inf. The time constant tau_w_val is hardcoded as 100.0 ms (a fixed scalar constant, not voltage-dependent). The update uses Exp(-tstep / tau_w_val) with a full_like constant. This is a fixed scalar tau -> I_M_fixed_tau."
7348e514-a268-412c-9add-21d5cc63cd4a,357f9623-981c-4653-b08b-ba8f0d8d5e25,0,14,137,-349.064453125,I_M_plus_I_NaP,I_M_plus_I_NaP_voltage_dep_tau,"Two additional channels: (1) IKM with single gate w, Boltzmann w_inf, and a voltage-dependent bell-shaped tau_w_fn using symmetric cosh form tau_w_max / (3.3*(exp(dv/40)+exp(-dv/40))), which is voltage-dependent; (2) INaP with instantaneous Boltzmann activation m_p_inf (no ODE state variable). This matches I_M_plus_I_NaP with voltage-dependent tau for I_M -> I_M_plus_I_NaP_voltage_dep_tau."
54502069-8afe-475d-a789-bcb25c910efc,357f9623-981c-4653-b08b-ba8f0d8d5e25,0,14,138,-289.11865234375,I_M,I_M_voltage_dep_tau,"Single M-current gate w with Boltzmann steady-state w_inf. The time constant tau_w_fn uses a voltage-dependent formula: tau_scale / (0.3*exp(dv/40) + exp(-dv/20)), which is an asymmetric bell-shaped function of V (dv = V - V_half_M). This is voltage-dependent tau -> I_M_voltage_dep_tau."
ddc75513-f297-476a-8da6-9aca8686cfd1,357f9623-981c-4653-b08b-ba8f0d8d5e25,0,14,139,-300.42559814453125,I_M,I_M_fixed_tau,"Single M-current gate w with Boltzmann steady-state w_inf (fixed V_half_M = -35 mV). The time constant tau_M is taken directly from params[:,7] as a fixed scalar (clamped to min 0.1 ms), with no voltage dependence. The update is w[:,i] = w_ss + (w_prev - w_ss) * Exp(-tstep / tau_M_safe), where tau_M_safe is a constant per batch element. This is a fixed scalar tau -> I_M_fixed_tau."
a0f9e809-bed8-489d-a208-26b3e59630f1,357f9623-981c-4653-b08b-ba8f0d8d5e25,0,14,140,-270.8021545410156,I_M,I_M_fixed_tau,"Single M-current gate w with Boltzmann steady-state w_inf. Time constant is a fixed scalar constant tau_w_fixed = 50.0 ms, not voltage-dependent. No second additional channel. This matches I_M with fixed scalar tau."
13e5cd15-1e9d-4149-814f-efc220402633,357f9623-981c-4653-b08b-ba8f0d8d5e25,0,14,141,-317.2818603515625,I_M,I_M_voltage_dep_tau,"Single M-current gate w with Boltzmann steady-state w_inf. Time constant tau_w_fn uses a bell-shaped voltage-dependent formula: tau_max_M / (3.3*(exp((x-V_half_M)/20) + exp(-(x-V_half_M)/20))), which is a cosh-like denominator — voltage-dependent tau. No second additional channel. This matches I_M with voltage-dependent tau."
52bf9008-cdd6-4ce3-8fa3-4e816fed7754,1d576d13-a6e5-4375-9d90-0385f5689b86,2,9,86,-347.1576843261719,I_M_plus_I_NaP,I_M_plus_I_NaP_voltage_dep_tau,"Two additional channels: (1) M-current gate p with bell-shaped voltage-dependent tau_p (TAU_M_BASE/denom where denom uses exp((x+35)/20) + exp(-(x+35)/20)), and (2) persistent Na+ current INaP with instantaneous Boltzmann activation s_inf (no state variable ODE). This is I_M + I_NaP with voltage-dependent tau for I_M."
764fa1a7-9d1d-4cf4-b54e-da1449429d07,1d576d13-a6e5-4375-9d90-0385f5689b86,2,9,87,-365.8402404785156,I_M_plus_I_NaP,I_M_plus_I_NaP_fixed_tau,"Two additional channels: (1) M-current gate p with FIXED tau TAU_M_FIXED = 100.0 ms (scalar constant, not voltage-dependent), and (2) persistent Na+ current INaP with instantaneous Boltzmann activation s_inf (no state variable ODE). This is I_M + I_NaP with fixed scalar tau for I_M."
a42ebbc4-9ec5-4848-93b7-64cc3e2e3f67,1d576d13-a6e5-4375-9d90-0385f5689b86,2,9,88,-325.0701904296875,I_M_plus_I_NaP,I_M_plus_I_NaP_voltage_dep_tau,"Two additional channels: (1) M-current gate p with bell-shaped voltage-dependent tau_p (TAU_M_BASE=400 ms / denom where denom uses 3.3*exp((x+35)/20) + exp(-(x+35)/20)), and (2) persistent Na+ current INaP with instantaneous Boltzmann activation m_NaP_inf (no state variable ODE). This is I_M + I_NaP with voltage-dependent tau for I_M."
a9a692df-1526-41d6-b870-04682affcdd3,1d576d13-a6e5-4375-9d90-0385f5689b86,2,9,89,-297.6707458496094,I_M_plus_I_NaP,I_M_plus_I_NaP_voltage_dep_tau,"Snippet 1 has two additional channels: (1) M-type K+ current with single gate p, Boltzmann p_inf, and a bell-shaped voltage-dependent tau_p (TAU_M_BASE=700 divided by 3.3*exp(...)+exp(...) denominator, clamped [50,1000] ms) -> voltage_dependent tau; (2) Persistent Na+ current (INaP) with instantaneous Boltzmann activation s_inf (no state variable ODE). This matches I_M_plus_I_NaP_voltage_dep_tau."
c03fa9d9-c1da-4b84-af4e-6c8072b950ea,1d576d13-a6e5-4375-9d90-0385f5689b86,2,9,90,-268.8877868652344,I_M,I_M_fixed_tau,"Snippet 2 has a single additional channel: M-type K+ current with single gate p, Boltzmann p_inf, and a fixed scalar time constant TAU_M drawn from params[:,8] (clamped [5,150] ms), precomputed as decay_p = Exp(-tstep/TAU_M) before the loop. No voltage-dependent bell-shape for tau. No second channel. This matches I_M_fixed_tau."
9c18089f-d4f7-4222-a1bb-028d1bd6f4be,1d576d13-a6e5-4375-9d90-0385f5689b86,2,9,91,-277.2701110839844,unknown,unknown,"Snippet 3 has a single additional channel: Ih (HCN hyperpolarization-activated cation current) with single gate q, inverted Boltzmann q_inf, and a bell-shaped voltage-dependent tau_q (tau_h_scale / (2*cosh((V-V_half_h)/15) + eps)). This is not an M-type K+ current and does not fit any of the defined taxonomy subtypes (which all require I_M as the primary channel). The Ih-only configuration is not listed in the taxonomy."
db42258c-e1f0-4f85-9b04-519945b15a9f,1d576d13-a6e5-4375-9d90-0385f5689b86,2,9,92,-264.5013122558594,I_M,I_M_voltage_dep_tau,"Snippet 4 has a single additional channel: M-type K+ current with single gate p, Boltzmann p_inf, and a bell-shaped voltage-dependent tau_p (tau_M_base=100 divided by 3.3*exp(...)+exp(...) denominator, clamped [1,500] ms). params[:,8] and params[:,9] are explicitly unused. This matches I_M_voltage_dep_tau."
3ddcd2d1-a0af-4c6f-8180-7b65a0f25871,1d576d13-a6e5-4375-9d90-0385f5689b86,2,9,93,-317.63653564453125,I_M_plus_I_NaP,I_M_plus_I_NaP_voltage_dep_tau,"Snippet 5 has two additional channels: (1) M-type K+ current with single gate p, Boltzmann p_inf, and a bell-shaped voltage-dependent tau_p (tau_M_base=430 fixed scalar divided by 3.3*exp(...)+exp(...) denominator, clamped [1,500] ms) -> voltage_dependent tau; (2) Persistent Na+ current (INaP) with instantaneous Boltzmann activation s_inf (no state variable ODE). This matches I_M_plus_I_NaP_voltage_dep_tau."
bf7fab74-943b-423b-9f77-28001f97e647,1d576d13-a6e5-4375-9d90-0385f5689b86,2,9,94,-274.766845703125,I_M_plus_I_NaP,I_M_plus_I_NaP_voltage_dep_tau,"Two additional channels: (1) M-type K+ current with single gate p, bell-shaped voltage-dependent tau_p using TAU_M_FIXED/(3.3*exp(v1/20)+exp(-v1/20)) form (Wang 1998 style, voltage-dependent denominator); (2) Persistent Na+ current (INaP) with instantaneous Boltzmann activation m_NaP_inf (no state variable ODE). This matches I_M_plus_I_NaP_voltage_dep_tau: voltage-dependent tau for I_M paired with instantaneous INaP."
797ac47f-8e93-4a01-b476-9f02f2da7353,7e916310-bb41-4c31-9c69-b85f231b69be,4,1,1,-293.11334228515625,I_M,I_M_voltage_dep_tau,"Single additional channel: M-type K+ current with single gate p, no inactivation. tau_p(x) = param_j / (3.3*exp(dv/40) + exp(-dv/20)) — a bell-shaped voltage-dependent time constant (asymmetric exponential denominator, voltage-dependent). This is a voltage-dependent tau, matching I_M_voltage_dep_tau."
f81c60d5-b21e-4dce-8422-ff8d8e3109ca,7e916310-bb41-4c31-9c69-b85f231b69be,4,1,2,-252.7992553710937,I_M,I_M_fixed_tau,"Single additional channel: M-type K+ current with single gate p, Boltzmann p_inf, and tau_p = param_j (a fixed scalar constant drawn directly from params[:,9], not voltage-dependent). The comment explicitly states 'tau_p = param_j (ms); constant (not voltage-dependent) for parsimony'. This matches I_M_fixed_tau: tau_type=fixed_scalar."
0c1a96b4-499c-488b-8fed-7f4d0595a3f7,7e916310-bb41-4c31-9c69-b85f231b69be,4,1,3,-285.2783508300781,I_M,I_M_voltage_dep_tau,"Single additional channel: M-type K+ current with single gate p, Boltzmann p_inf, and tau_p(x) = tau_max_Km / (exp(v1/20) + exp(-v1/20)) = tau_max/(2*cosh(v1/20)) — a bell-shaped voltage-dependent time constant (cosh form). This matches I_M_voltage_dep_tau: tau_type=voltage_dependent."
a35918a0-cab4-420d-b6ac-f98eb6dd5647,7e916310-bb41-4c31-9c69-b85f231b69be,4,1,4,-258.2597961425781,I_M,I_M_voltage_dep_tau,"Single additional channel: M-type K+ current with single gate p, Boltzmann p_inf, and tau_p(x) = param_j / (exp(dv/40) + exp(-dv/20)) — a bell-shaped voltage-dependent time constant (asymmetric exponential denominator). This matches I_M_voltage_dep_tau: tau_type=voltage_dependent."
c1e69647-6581-4a6d-ac64-e1a8dc1e2db6,7e916310-bb41-4c31-9c69-b85f231b69be,4,1,5,-262.26513671875,I_M,I_M_voltage_dep_tau,"Single M-current gate p with Boltzmann steady-state p_inf and a bell-shaped voltage-dependent tau_p: denom = 3.3*Exp(dv/40) + Exp(-dv/20) + 1e-6, tau_p = param_j/denom. This is a classic voltage-dependent (bell-shaped) time constant -> I_M_voltage_dep_tau."
583e97ba-c0ea-4a6c-9fe0-5f281c323c67,7e916310-bb41-4c31-9c69-b85f231b69be,4,1,6,-259.48590087890625,I_M,I_M_voltage_dep_tau,"Single M-current gate p with Boltzmann steady-state p_inf and bell-shaped voltage-dependent tau_p: denom = 3.3*(Exp(dv/40)+Exp(-dv/20)), tau_p = param_j/denom. Voltage-dependent bell-shaped time constant -> I_M_voltage_dep_tau."
4a72a63a-2116-4e7d-8bb8-fdadfea052d3,7e916310-bb41-4c31-9c69-b85f231b69be,4,1,7,-419.8309631347656,I_M,I_M_fixed_tau,"Single M-current gate p with Boltzmann steady-state p_inf. The tau_p function returns param_j * 0.1, a constant scalar independent of voltage, precomputed as tau_p_val before the loop. This is a fixed scalar time constant -> I_M_fixed_tau."
21af6cce-2b69-4426-b50a-b615d796c4d9,7e916310-bb41-4c31-9c69-b85f231b69be,4,1,8,-271.39068603515625,I_M,I_M_voltage_dep_tau,"Single M-current gate p with Boltzmann steady-state p_inf and bell-shaped voltage-dependent tau_p: denom = 3.3*Exp(v1/40) + Exp(-v1/20), tau_p = param_j/denom. Voltage-dependent bell-shaped time constant -> I_M_voltage_dep_tau."
855c317c-d751-446f-88bc-65714f332b29,7e916310-bb41-4c31-9c69-b85f231b69be,4,1,9,-274.5622253417969,I_M,I_M_fixed_tau,"Single M-current gate p with Boltzmann steady-state p_inf. The time constant is param_j used directly (p[:, i] = p_ss + (p_prev - p_ss) * Exp(-tstep / param_j)), a fixed scalar with no voltage dependence. This is a fixed scalar time constant -> I_M_fixed_tau."
1d81e9fe-e8f6-4f6c-9fc4-356de22d93ff,7e916310-bb41-4c31-9c69-b85f231b69be,4,1,10,-294.3233337402344,I_M,I_M_voltage_dep_tau,"Single M-current gate p with Boltzmann p_inf. The tau_p function computes rate = 3.3*Exp(dv/40) + Exp(-dv/20) and returns param_j/rate — this is a voltage-dependent (bell-shaped) time constant, not a fixed scalar. Matches I_M_voltage_dep_tau."
05b53835-901c-42bb-b782-86d97be61163,8676b219-4d75-42a8-9949-196395b35f82,3,1,1,-280.7630920410156,I_M,I_M_voltage_dep_tau,"Single M-current gate p with Boltzmann p_inf. The tau_p function uses denom = Exp(dv) + Exp(-dv) = 2*cosh((V-V_half)/30), giving a voltage-dependent (cosh bell-shaped) time constant. This is voltage_dependent tau -> I_M_voltage_dep_tau."
6d8f8cd8-d92e-4bb1-939c-92fa76a76a49,8676b219-4d75-42a8-9949-196395b35f82,3,1,3,-306.503662109375,I_M,I_M_fixed_tau,"Single M-current gate p with Boltzmann p_inf. The time constant tau_p_val = torch.clamp(-param_j, min=5.0, max=300.0) is precomputed before the loop as a fixed scalar (voltage-independent). This matches the fixed_scalar tau criterion -> I_M_fixed_tau."
d6eeb8e1-72d5-4db3-981a-64bfa9458ba5,8676b219-4d75-42a8-9949-196395b35f82,3,1,4,-280.371337890625,I_M,I_M_voltage_dep_tau,"Single M-current gate p using alpha_p = 1e-3*Exp(0.1*(V-V_half_M)) and beta_p = 1e-3*Exp(-0.1*(V-V_half_M)). The time constant tau_x(a_p, b_p) = 1/(alpha_p+beta_p) varies with voltage (symmetric exponential alpha/beta -> bell-shaped tau). This is voltage_dependent tau -> I_M_voltage_dep_tau."
d2c59bf1-7ebe-45b4-acc1-acb9ddcd74ef,8676b219-4d75-42a8-9949-196395b35f82,3,1,5,-300.9393310546875,I_M,I_M_voltage_dep_tau,Single M-current gate p with Boltzmann p_inf_fn. The tau_p_fn computes denom = Exp(-dv) + Exp(dv) = 2*cosh((V-V_half)/40) and returns tau_M_scale/denom — a voltage-dependent bell-shaped time constant. This matches I_M_voltage_dep_tau.
17ca55cb-3bf9-4508-a77d-71f8ebee838e,8676b219-4d75-42a8-9949-196395b35f82,3,1,6,-292.74822998046875,I_M,I_M_voltage_dep_tau,"Single M-gate p with alpha_p = base * Exp(k_M * (x - V_half_M)) and beta_p = base * Exp(-k_M * (x - V_half_M)), where base = tau_rate * 1e-4 + 1e-6. The time constant tau_p = 1/(alpha_p + beta_p) = 1/(2*base*cosh(k_M*(V-V_half_M))) is bell-shaped and voltage-dependent. This matches the voltage_dependent tau criterion for I_M."
f332054e-02fb-4b22-a95c-1026104adaa4,8676b219-4d75-42a8-9949-196395b35f82,3,1,7,-288.6531066894531,I_M,I_M_voltage_dep_tau,"Single M-gate p with p_inf as a sigmoid and tau_p_func = tau_max_M / (Exp(dv) + Exp(-dv)), which is a bell-shaped (cosh-form) voltage-dependent time constant. tau_max_M is a parameter but the tau itself varies with V. This matches the voltage_dependent tau criterion for I_M."
1484a240-2a91-4e99-a1b2-2b740eb87641,8676b219-4d75-42a8-9949-196395b35f82,3,1,8,-286.13653564453125,I_M,I_M_voltage_dep_tau,Single M-gate p with alpha_p = 1e-3 * Exp(0.04 * (x - V_half_M)) and beta_p = 1e-3 * Exp(-0.04 * (x - V_half_M)). The resulting tau_p = 1/(alpha_p + beta_p) = 1/(2e-3 * cosh(0.04*(V-V_half_M))) is bell-shaped and voltage-dependent. This matches the voltage_dependent tau criterion for I_M.
9ee2b249-06eb-49b6-8fd9-4f1030387f96,8676b219-4d75-42a8-9949-196395b35f82,3,1,9,-292.2757568359375,I_M,I_M_voltage_dep_tau,"Single M-gate p with alpha_p = rate * Exp(0.05 * (x - V_half_M)) and beta_p = rate * Exp(-0.05 * (x - V_half_M)), where rate = 1/(-tau_M_sc + 1e-6). The resulting tau_p = 1/(alpha_p + beta_p) = 1/(2*rate*cosh(0.05*(V-V_half_M))) is bell-shaped and voltage-dependent. This matches the voltage_dependent tau criterion for I_M."
277a123f-e40e-41f1-b3e0-afdb50a58d3f,8676b219-4d75-42a8-9949-196395b35f82,3,1,10,-280.43511962890625,I_M,I_M_fixed_tau,"Single M-gate p with p_inf as a sigmoid and tau_M = torch.clamp(-params[:,9], min=10.0, max=3000.0), which is a fixed scalar per batch element precomputed before the loop. The gate update is p[:, i] = p_ss + (p_prev - p_ss) * Exp(-tstep / tau_M) with no voltage dependence in tau. This matches the fixed_scalar tau criterion for I_M."
f3b9d2bc-ea78-461c-bea0-c94fe2b3d3ea,a95d9575-b62a-4015-a7db-21dbbab2792a,1,13,112,-332.2632141113281,I_M_plus_I_A,I_M_plus_I_A,"Snippet 1 implements two additional channels beyond base HH: (1) IKm (M-type K+) with a single activation gate p, bell-shaped voltage-dependent tau_p (denom = exp(0.04*v1)+exp(-0.04*v1)), and (2) IA (A-type K+) with instantaneous activation a_inf and slow inactivation gate b with fixed tau_b=150 ms. This matches the I_M_plus_I_A subtype: has_inactivation_gate=true (b gate for IA) and secondary=I_A."
e3c0db97-af2b-41ed-8411-956cfb2cb895,a95d9575-b62a-4015-a7db-21dbbab2792a,1,13,113,-292.2869873046875,I_M_plus_I_A,I_M_plus_I_A,"Snippet 2 implements two additional channels: (1) IKm with single gate p, bell-shaped voltage-dependent tau_p (denom = exp(0.03*v1)+exp(-0.03*v1)), and (2) IA (A-type K+) with instantaneous activation a_inf and slow inactivation gate b with fixed tau_b=150 ms. This matches I_M_plus_I_A: has_inactivation_gate=true for the IA b-gate, secondary=I_A."
72682093-35d6-48b3-8227-57c3ce12a849,a95d9575-b62a-4015-a7db-21dbbab2792a,1,13,114,-301.0632019042969,I_M_plus_I_A,I_M_plus_I_A,"Snippet 3 implements two additional channels: (1) IKm with single gate p, bell-shaped voltage-dependent tau_p (denom = exp(0.03*v1)+exp(-0.03*v1)), and (2) I_A (A-type K+) with quasi-steady-state activation a_inf_A and slow inactivation gate b with fixed tau_b=150 ms. Matches I_M_plus_I_A: has_inactivation_gate=true (b gate), secondary=I_A."
2955d94b-8d84-4e09-a810-e8a8b81d211f,a95d9575-b62a-4015-a7db-21dbbab2792a,1,13,115,-290.93682861328125,I_M_plus_I_A,I_M_plus_I_A,"Snippet 4 implements two additional channels: (1) IKm with single gate p, bell-shaped voltage-dependent tau_p (denom = exp(0.03*v1)+exp(-0.03*v1)), and (2) I_A (A-type K+) with instantaneous activation a_inf_A and slow inactivation gate b with fixed tau_b=150 ms. Matches I_M_plus_I_A: has_inactivation_gate=true (b gate for I_A), secondary=I_A."
3f8bc39d-536e-4c32-a967-1bc6793eb126,a95d9575-b62a-4015-a7db-21dbbab2792a,1,13,116,-306.123779296875,I_M_plus_I_A,I_M_plus_I_A,"Snippet 5 implements two additional channels: (1) IKm with single gate p, bell-shaped voltage-dependent tau_p (denom = exp(0.03*v1)+exp(-0.03*v1)), and (2) IA (A-type K+) with instantaneous activation a_inf and slow inactivation gate b with fixed tau_b_ms=150 ms. Matches I_M_plus_I_A: has_inactivation_gate=true (b gate for IA), secondary=I_A."
1b1055f8-b599-4a31-8113-6007766d1827,a95d9575-b62a-4015-a7db-21dbbab2792a,1,13,117,-308.9664306640625,I_M_plus_I_A,I_M_plus_I_A,"Two additional channels: (1) IKm M-type K+ with single gate p, bell-shaped voltage-dependent tau_p (cosh form: exp(0.04*v1)+exp(-0.04*v1)), and (2) IA A-type transient K+ with instantaneous activation a_inf (no ODE) and slow inactivation gate b with fixed tau_b=150ms. This matches I_M_plus_I_A: has_inactivation_gate=true for the pair due to IA inactivation gate b, secondary=I_A."
2ee1f46c-6e01-4782-bd94-8c09664c06b2,a95d9575-b62a-4015-a7db-21dbbab2792a,1,13,118,-309.3526611328125,I_M_plus_I_A,I_M_plus_I_A,"Two additional channels: (1) IKm M-type K+ with single gate p, bell-shaped voltage-dependent tau_p (cosh form: exp(0.03*v1)+exp(-0.03*v1), slightly wider bell), and (2) IA A-type transient K+ with instantaneous activation a_inf (no ODE) and slow inactivation gate b with fixed tau_b=150ms. Matches I_M_plus_I_A: has_inactivation_gate=true due to IA inactivation gate b, secondary=I_A."
32ed4b4f-1b64-445d-9b55-46d9fca6a78a,a95d9575-b62a-4015-a7db-21dbbab2792a,1,13,119,-295.92877197265625,I_M_plus_I_A,I_M_plus_I_A,"Two additional channels: (1) IKm M-type K+ with single gate p, bell-shaped voltage-dependent tau_p (cosh form: exp(0.03*v1)+exp(-0.03*v1)), and (2) IA A-type transient K+ with instantaneous activation a_inf (no ODE) and slow inactivation gate b with fixed tau_b=150ms. Matches I_M_plus_I_A: has_inactivation_gate=true due to IA inactivation gate b, secondary=I_A."
ca317b18-c878-49a4-a775-6fc3e61fa766,357f9623-981c-4653-b08b-ba8f0d8d5e25,0,15,142,-282.3813171386719,I_M,I_M_fixed_tau,"Single additional channel: M-type K+ current with gate w. Steady-state w_inf is a Boltzmann sigmoid. Time constant tau_w_const = params[:,9] is taken directly as a fixed scalar from the parameter vector (voltage-independent). No bell-shaped or cosh-based tau. Only one channel added (X2 slot unused). This matches I_M_fixed_tau: tau_type=fixed_scalar."
9ee52b89-5188-4185-a1d9-6bf064f34ecf,357f9623-981c-4653-b08b-ba8f0d8d5e25,0,15,143,-270.50738525390625,I_M,I_M_fixed_tau,"Single additional channel: M-type K+ current with gate w. Steady-state w_inf is a Boltzmann sigmoid. Time constant tau_M = params[:,9] is taken directly as a positive scalar from the parameter vector (voltage-independent, no cosh/bell shape). X2 slot unused. Matches I_M_fixed_tau: tau_type=fixed_scalar."
1ce645bf-5ac8-4c74-ba52-ef750b7feecd,357f9623-981c-4653-b08b-ba8f0d8d5e25,0,15,144,-286.2884521484375,I_M,I_M_voltage_dep_tau,Single M-gate w with Boltzmann w_inf and tau_w computed as tau_max_M / (3.3*(Exp((x-v_half_M)/40) + Exp(-(x-v_half_M)/20)) + 1e-6) — a bell-shaped voltage-dependent denominator (Wang 1998 form). This is voltage_dependent tau -> I_M_voltage_dep_tau.
697753d1-12f8-4914-89ab-966b404321e4,357f9623-981c-4653-b08b-ba8f0d8d5e25,0,15,145,-280.5800476074219,I_M,I_M_voltage_dep_tau,Single M-gate w with Boltzmann w_inf and tau_w_fn computed as tau_M_scale / (30.0 * (Exp((x-V_half_M)/40) + Exp(-(x-V_half_M)/20) + 1e-7)) + 1.0 — voltage-dependent bell-shaped denominator. This is voltage_dependent tau -> I_M_voltage_dep_tau.
54fc70cf-3250-4201-a03d-bc2b380aa029,357f9623-981c-4653-b08b-ba8f0d8d5e25,0,15,146,-286.6839599609375,I_M,I_M_voltage_dep_tau,Single M-gate w with Boltzmann w_inf and tau_w_fn using 3.3*(Exp((x-param_i)/40) + Exp(-(x-param_i)/20)) in denominator — classic Wang 1998 bell-shaped voltage-dependent time constant. This is voltage_dependent tau -> I_M_voltage_dep_tau.
dc937a43-e8ad-4fab-9019-3ab4149bd651,357f9623-981c-4653-b08b-ba8f0d8d5e25,0,15,147,-274.5453491210937,I_M,I_M_fixed_tau,"Single M-gate w with Boltzmann w_inf. The time constant tau_M_safe = torch.clamp(torch.abs(params[:,9]), min=1.0, max=3000.0) is a fixed scalar per batch element, precomputed before the loop with no voltage dependence. This is fixed_scalar tau -> I_M_fixed_tau."
c8c728e4-da1f-4676-b98b-d9c4ba1005cf,357f9623-981c-4653-b08b-ba8f0d8d5e25,0,15,148,-287.54595947265625,I_M,I_M_fixed_tau,"Single M-gate w with Boltzmann w_inf. The time constant tau_M = torch.clamp(-params[:,9], min=1e-3) is a fixed scalar per batch element, precomputed before the loop with no voltage dependence. This is fixed_scalar tau -> I_M_fixed_tau."
b85306db-8cde-42e8-b2fe-ae1165d64b6e,357f9623-981c-4653-b08b-ba8f0d8d5e25,0,15,149,-290.8862609863281,I_M,I_M_fixed_tau,"Single M-current gate w with Boltzmann w_inf. The time constant tau_w is extracted directly from params[:,9] (negated and clamped to [5.0, 2000.0] ms) — it is a fixed scalar per batch element, not a function of voltage. No bell-shaped or voltage-dependent tau computation is present. This matches tau_type=fixed_scalar -> I_M_fixed_tau."
29015066-89d2-4060-8e0c-ceba40f1eb23,357f9623-981c-4653-b08b-ba8f0d8d5e25,0,15,150,-273.0038757324219,I_M,I_M_voltage_dep_tau,"Single M-current gate w with Boltzmann w_inf. The tau_w function computes a bell-shaped voltage-dependent time constant: tau_abs / (3.3*(Exp(dv/40) + Exp(-dv/20)) + 1e-7), where dv = x - V_half_M. This is the classic Wang 1998 cosh-like form, making tau_type=voltage_dependent -> I_M_voltage_dep_tau."
11394a45-a452-4250-89fb-aeb7cb2461e0,357f9623-981c-4653-b08b-ba8f0d8d5e25,0,15,151,-351.4993591308594,I_M,I_M_voltage_dep_tau,"Single M-current gate w with Boltzmann w_inf. The tau_w function uses a bell-shaped voltage-dependent denominator: 3.3*(Exp((x-v_half)/40) + Exp(-(x-v_half)/20)) + 1e-6, scaled by tau_scale. This is the Wang 1998 voltage-dependent form -> tau_type=voltage_dependent -> I_M_voltage_dep_tau."
0cd32e19-2dfa-450c-8374-61bb0bf6412f,357f9623-981c-4653-b08b-ba8f0d8d5e25,0,15,152,-274.1079406738281,I_M,I_M_voltage_dep_tau,"Single M-current gate w with Boltzmann w_inf. The tau_w_fn computes 1.0 / (3.3*(Exp(dv/40) + Exp(-dv/20))), a bell-shaped voltage-dependent time constant (no learned scalar numerator, but still voltage-dependent). This matches tau_type=voltage_dependent -> I_M_voltage_dep_tau."
94ab6183-cf2e-4e21-84c0-b3131aaf346e,357f9623-981c-4653-b08b-ba8f0d8d5e25,0,15,153,-287.2088317871094,I_M,I_M_voltage_dep_tau,"Single M-current gate w with Boltzmann w_inf. The tau_w_fn computes tau_scale / (3.3*(Exp(dv/40) + Exp(-dv/20)) + 1e-7), a bell-shaped voltage-dependent time constant scaled by tau_scale from params[:,9]. This is the Wang 1998 form -> tau_type=voltage_dependent -> I_M_voltage_dep_tau."
207112e4-2b39-44a3-b288-e376335becf7,357f9623-981c-4653-b08b-ba8f0d8d5e25,0,15,154,-288.9197082519531,I_M,I_M_voltage_dep_tau,"Single M-current activation gate w (no inactivation). tau_w_fn computes a bell-shaped voltage-dependent time constant: tau_scale / (3.3 * (Exp((V-V_half)/40) + Exp(-(V-V_half)/20)) + 1e-7). The denominator varies with V, making this a voltage-dependent tau. This matches I_M_voltage_dep_tau."
1aa1eb48-7d64-49a4-8048-3325855a6a5e,357f9623-981c-4653-b08b-ba8f0d8d5e25,0,15,155,-285.1555480957031,I_M,I_M_voltage_dep_tau,"Single M-current activation gate w with Boltzmann steady-state w_inf and a bell-shaped voltage-dependent time constant tau_w_fn = tau_scale / (3.3 * (Exp((V-V_half)/40) + Exp(-(V-V_half)/20)) + 1e-7). The tau varies with V (bell-shaped denominator), classifying this as I_M_voltage_dep_tau."
47b4d118-8620-41ea-bcc1-0f8509d2b069,7e916310-bb41-4c31-9c69-b85f231b69be,4,2,11,-262.29937744140625,I_M,I_M_voltage_dep_tau,"Single M-current activation gate p with Boltzmann p_inf and a voltage-dependent tau_p: param_j / (3.3 * Exp(dv/40) + Exp(-dv/20)), where dv = V - V_half_M. The denominator is a function of V (bell-shaped), so tau is voltage-dependent. Classifies as I_M_voltage_dep_tau."
be7044be-4ac6-4549-bd0d-70baea05818f,7e916310-bb41-4c31-9c69-b85f231b69be,4,2,12,-276.7447814941406,I_M,I_M_fixed_tau,"Single M-current activation gate p with Boltzmann p_inf. The time constant tau_p_Km = params[:, 9] is a fixed scalar drawn directly from a parameter with no voltage dependence. The comment explicitly states 'Voltage-independent tau keeps the model parsimonious'. This matches I_M_fixed_tau (tau_type=fixed_scalar)."
d0c92e3b-a6dc-44d9-bf7a-ee76efb2a99e,7e916310-bb41-4c31-9c69-b85f231b69be,4,2,13,-455.2565612792969,I_M,I_M_fixed_tau,"Single M-current activation gate p with Boltzmann p_inf (v_half = Vt - 35 mV, fixed). The time constant tau_p = params[:, 7] is a constant scalar from a learned parameter with no voltage dependence. The update is p_ss + (p_prev - p_ss) * Exp(-tstep / tau_p) with tau_p being a fixed scalar. This matches I_M_fixed_tau (tau_type=fixed_scalar)."
4d70ab7c-94c8-4189-8d27-5b62a35487df,7e916310-bb41-4c31-9c69-b85f231b69be,4,2,14,-302.7768859863281,I_M,I_M_fixed_tau,"Single M-type K+ current with one activation gate p. Steady-state p_inf is a Boltzmann function of V. The time constant tau_Km is drawn directly from params[:,8] as a fixed scalar (voltage-independent). The update is: p[:,i] = p_ss + (p[:,i-1] - p_ss) * Exp(-tstep / tau_Km). No voltage-dependent tau computation, no inactivation gate, no second channel. -> I_M_fixed_tau."
875bb35a-92fd-4b40-ab1b-da9889cdc9f1,7e916310-bb41-4c31-9c69-b85f231b69be,4,2,15,-361.55810546875,I_M,I_M_fixed_tau,"Single M-type K+ current with one activation gate p. Steady-state p_inf_fn is a Boltzmann function of V. The time constant tau_p is drawn directly from params[:,7] as a fixed scalar (voltage-independent constant). The update is: p[:,i] = p_ss + (p[:,i-1] - p_ss) * Exp(-tstep / tau_p). No voltage-dependent tau, no inactivation gate, no second channel. -> I_M_fixed_tau."
8c2ecfb3-2d82-466b-99c4-cdfc2b4b4212,7e916310-bb41-4c31-9c69-b85f231b69be,4,2,16,-289.36334228515625,I_M,I_M_fixed_tau,"Single M-type K+ current with one activation gate p. Steady-state p_inf is a Boltzmann function of V. The time constant tau_Km is drawn from params[:,9] as a fixed scalar, clamped with torch.clamp(tau_Km, min=1e-3) but otherwise voltage-independent. The update is: p[:,i] = p_ss + (p_prev - p_ss) * Exp(-tstep / tau_p). No voltage-dependent tau, no inactivation gate, no second channel. -> I_M_fixed_tau."
61c994f7-3fba-4ec5-96f1-2bf4f13380ee,7e916310-bb41-4c31-9c69-b85f231b69be,4,2,17,-299.5948181152344,I_M,I_M_fixed_tau,"Single M-type K+ current with one activation gate p. Steady-state p_inf is a Boltzmann function of V. The time constant tau_p is drawn directly from params[:,7] as a fixed scalar (voltage-independent), clamped with torch.clamp(tau_p, min=1e-3). The update is: p[:,i] = p_ss + (p[:,i-1] - p_ss) * Exp(-tstep / tau_p_clamped). No voltage-dependent tau, no inactivation gate, no second channel. -> I_M_fixed_tau."
8b77387b-af2e-48e7-a6a3-7d8d709846b9,7e916310-bb41-4c31-9c69-b85f231b69be,4,2,18,-312.1942138671875,I_M,I_M_fixed_tau,"Single M-type K+ current with one activation gate p. Steady-state p_inf_fn is a Boltzmann function of V. The time constant tau_p is drawn directly from params[:,7] as a fixed scalar (voltage-independent constant). The update is: p[:,i] = p_ss + (p[:,i-1] - p_ss) * Exp(-tstep / tau_p). No voltage-dependent tau, no inactivation gate, no second channel. -> I_M_fixed_tau."
6a1eb7ab-0891-4ba0-b4d2-25ee176c4bc3,7e916310-bb41-4c31-9c69-b85f231b69be,4,2,19,-283.9154663085937,I_M,I_M_fixed_tau,"Single M-current gate p with Boltzmann p_inf. Time constant is tau_Km = params[:,7], a fixed scalar drawn directly from params with no voltage dependence. The update is: p[:,i] = p_ss + (p[:,i-1] - p_ss) * Exp(-tstep / tau_Km). This is a fixed scalar tau -> I_M_fixed_tau."
adb205b5-ab75-4b3d-b8e5-5b686fc81bf5,7e916310-bb41-4c31-9c69-b85f231b69be,4,2,20,-355.61846923828125,I_M,I_M_fixed_tau,"Single M-current gate p with Boltzmann p_inf. Time constant is tau_p = params[:,7], a fixed scalar from params with no voltage dependence. The update is: p[:,i] = p_ss + (p[:,i-1] - p_ss) * Exp(-tstep / tau_p). Fixed scalar tau -> I_M_fixed_tau."
815c91bb-a876-455f-bf8a-b3c6065cea13,7e916310-bb41-4c31-9c69-b85f231b69be,4,2,21,-410.78521728515625,I_M,I_M_fixed_tau,"Single M-current gate p with Boltzmann p_inf. Time constant is tau_p = params[:,7], a fixed scalar from params with no voltage dependence. The update is: p[:,i] = p_ss + (p[:,i-1] - p_ss) * Exp(-tstep / tau_p). Fixed scalar tau -> I_M_fixed_tau."
f5939f0b-cc9e-4510-957c-62bb2dcd9108,7e916310-bb41-4c31-9c69-b85f231b69be,4,2,22,-252.48190307617188,I_M,I_M_voltage_dep_tau,"Single M-current gate p with Boltzmann p_inf. The time constant tau_p(x) is a bell-shaped (cosh-like) function of voltage: denom = 3.3*(Exp(dv/40) + Exp(-dv/40)), tau_p = (param_j*0.1 + 50)/denom. This is a voltage-dependent tau -> I_M_voltage_dep_tau."
0b59e1b0-a641-451b-a4c3-ff6090a6be7e,a95d9575-b62a-4015-a7db-21dbbab2792a,1,14,121,-333.1825866699219,I_M_plus_I_h,I_M_plus_I_h_voltage_dep_tau,"Two additional channels: (1) M-current gate p with bell-shaped voltage-dependent tau_p (cosh-based: tau_max*2/(Exp(0.04*v1)+Exp(-0.04*v1))), and (2) Ih/HCN gate q with inverted Boltzmann q_inf and fixed scalar tau_q_val=200ms. This is I_M with voltage-dependent tau paired with Ih -> I_M_plus_I_h_voltage_dep_tau."
37ea9670-02dc-43fc-b704-d6972c3de70f,a95d9575-b62a-4015-a7db-21dbbab2792a,1,14,122,-307.7853088378906,I_M_plus_I_NaP,I_M_plus_I_NaP_fixed_tau,"Snippet 1 has two additional channels: (1) IKm M-type K+ current with a single activation gate p, Boltzmann p_inf, and a CONSTANT (voltage-independent) time constant tau_p_const = clamp(-param_j, min=1e-4) — explicitly described as 'CHANGE 1: constant instead of bell-shaped'; (2) INaP persistent Na+ current with instantaneous Boltzmann activation q_inf (tau_q = 1 ms fixed, quasi-instantaneous, no bell-shaped voltage-dependent tau). The IKm tau is a fixed scalar (not voltage-dependent), and the secondary channel is I_NaP with no ODE state variable in the traditional sense (very fast tau). This matches I_M_plus_I_NaP_fixed_tau: tau_type=fixed_scalar AND secondary=I_NaP."
1dbdbefe-ea82-486c-9584-18e0c9acb6a2,a95d9575-b62a-4015-a7db-21dbbab2792a,1,14,123,-310.5687561035156,I_M_plus_I_A,I_M_plus_I_A,"Snippet 2 has two additional channels: (1) IKm M-type K+ current with single activation gate p, Boltzmann p_inf, and a bell-shaped voltage-dependent tau_p (denom = exp(0.04*v1) + exp(-0.04*v1) = 2*cosh(0.04*v1)); (2) IA A-type transient K+ current with instantaneous activation a_inf (no state variable) and slow inactivation gate b with fixed tau_b = 150 ms. This matches I_M_plus_I_A: has_inactivation_gate=true (b gate for IA) AND secondary=I_A."
dbe32090-6c42-46ee-b36f-6a966e9e9b0e,a95d9575-b62a-4015-a7db-21dbbab2792a,1,14,124,-299.7842102050781,I_M_plus_I_A,I_M_plus_I_A,"Snippet 3 has two additional channels: (1) IKm M-type K+ current with single activation gate p, Boltzmann p_inf (slope 8 mV, steepened from iter-5), and bell-shaped voltage-dependent tau_p (denom = exp(0.03*v1) + exp(-0.03*v1), wider bell); (2) IA A-type transient K+ current with instantaneous activation a_inf (no state variable) and slow inactivation gate b with fixed tau_b = 150 ms. This matches I_M_plus_I_A: has_inactivation_gate=true (b gate for IA) AND secondary=I_A."
60b2c720-16db-4c3e-9dc2-308e73b4f9e8,a95d9575-b62a-4015-a7db-21dbbab2792a,1,14,125,-308.2911376953125,I_M_plus_I_A,I_M_plus_I_A,"Snippet 4 has two additional channels: (1) IKm M-type K+ current with single activation gate p, Boltzmann p_inf (slope 8 mV), and bell-shaped voltage-dependent tau_p (denom = exp(0.03*v1) + exp(-0.03*v1)); (2) IA A-type transient K+ current with instantaneous activation a_inf (no state variable) and slow inactivation gate b with fixed tau_b = 150 ms. This matches I_M_plus_I_A: has_inactivation_gate=true (b gate for IA) AND secondary=I_A."
b4bb86a0-a52a-4bc2-9f39-78845b266b92,a95d9575-b62a-4015-a7db-21dbbab2792a,1,14,126,-310.455810546875,I_M_plus_I_A,I_M_plus_I_A,"Snippet 5 has two additional channels: (1) IKm M-type K+ current with single activation gate p, Boltzmann p_inf (slope 10 mV, iter-3 convention), and bell-shaped voltage-dependent tau_p (denom = exp(0.04*v1) + exp(-0.04*v1), un-normalised); (2) IA A-type transient K+ current with instantaneous activation a_inf_IA (no state variable) and slow inactivation gate b with fixed tau_b = 150 ms (b_decay = -tstep/tau_b_ms). This matches I_M_plus_I_A: has_inactivation_gate=true (b gate for IA) AND secondary=I_A."
31f8f6b5-cc3a-4da3-8b9c-2132d37d765c,a95d9575-b62a-4015-a7db-21dbbab2792a,1,14,127,-293.4587097167969,I_M_plus_I_A,I_M_plus_I_A,"Snippet 1 has two additional channels: (X1) IKm with a single activation gate p, bell-shaped voltage-dependent tau (denom = Exp(0.03*v1) + Exp(-0.03*v1) = 2*cosh form), and (X2) IA (A-type K+) with instantaneous activation a_inf and a slow inactivation gate b with fixed tau_b=150 ms. This matches I_M_plus_I_A: voltage-dependent tau for IM, instantaneous activation for IA, and inactivation gate b present."
79d15d1e-bd6b-4d80-a394-2ed3625be2b2,a95d9575-b62a-4015-a7db-21dbbab2792a,1,14,128,-258.71588134765625,I_M,I_M_voltage_dep_tau,"Snippet 2 has only one additional channel: IKm (M-type K+) with a single activation gate p, Boltzmann p_inf, and a bell-shaped voltage-dependent tau (denom = Exp(0.04*v1) + Exp(-0.04*v1) = 2*cosh form). X2 is explicitly unused. This is a single I_M channel with voltage-dependent tau -> I_M_voltage_dep_tau."
95834f16-02a2-474d-999c-5b8d3338baf1,a95d9575-b62a-4015-a7db-21dbbab2792a,1,14,129,-287.8520202636719,I_M_plus_I_A,I_M_plus_I_A,"Snippet 3 has two additional channels: (X1) IKm with single gate p, bell-shaped voltage-dependent tau (denom = Exp(0.04*v1) + Exp(-0.04*v1)), and (X2) IA with instantaneous activation a_inf and slow inactivation gate b (fixed tau_b=150 ms). This matches I_M_plus_I_A: voltage-dependent tau for IM, instantaneous activation for IA, and inactivation gate b present."
da0802fe-2bcc-4b0c-9369-a666aa68374a,1d576d13-a6e5-4375-9d90-0385f5689b86,2,10,95,-309.8076171875,I_M_plus_I_NaP,I_M_plus_I_NaP_voltage_dep_tau,"Snippet 4 has two additional channels: (X1) M-type K+ current with single gate p, bell-shaped voltage-dependent tau (denom = 3.3*Exp((x+35)/20) + Exp(-(x+35)/20), Wang 1998 form), and (X2) persistent Na+ current (INaP) with instantaneous Boltzmann activation s_inf (no state variable ODE). This matches I_M_plus_I_NaP_voltage_dep_tau: voltage-dependent tau for IM paired with instantaneous INaP."
87e96fb4-2bfc-471e-a67f-ab8e90e58c12,1d576d13-a6e5-4375-9d90-0385f5689b86,2,10,96,-368.40478515625,I_M_plus_I_NaP,I_M_plus_I_NaP_voltage_dep_tau,"Snippet 5 has two additional channels: (X1) M-type K+ current with single gate p, bell-shaped voltage-dependent tau (denom = 3.3*Exp((x+35)/20) + Exp(-(x+35)/20), Wang 1998 form, fixed tau_M_base=100 ms as scalar but used inside a voltage-dependent denominator making tau voltage-dependent), and (X2) persistent Na+ current (INaP) with instantaneous Boltzmann activation s_inf (no state variable). The tau_p is voltage-dependent (bell-shaped denominator), not a fixed scalar. This matches I_M_plus_I_NaP_voltage_dep_tau."
49c249ca-4313-4b8e-b962-7bf5217f04ce,1d576d13-a6e5-4375-9d90-0385f5689b86,2,10,97,-279.96307373046875,I_M,I_M_voltage_dep_tau,"Single M-current gate p with Boltzmann p_inf centered at -35 mV. tau_p is bell-shaped voltage-dependent (3.3*exp((x+35)/20) + exp(-(x+35)/20) denominator, Wang 1998 form), scaled by fixed constant tau_M_base_fixed=100 ms. No second channel present. This is voltage_dependent tau -> I_M_voltage_dep_tau."
c81f993b-3d8f-40bb-8d87-ac8c73e1865a,1d576d13-a6e5-4375-9d90-0385f5689b86,2,10,98,-388.4225158691406,I_M_plus_I_NaP,I_M_plus_I_NaP_voltage_dep_tau,"Two additional channels: (1) M-current with single gate p, bell-shaped voltage-dependent tau_p (Wang 1998 form, tau_M_base=100 ms fixed constant, denominator with exp terms), and (2) persistent Na+ current (INaP) with instantaneous Boltzmann activation s_inf (no state variable ODE). This matches I_M_plus_I_NaP with voltage-dependent tau for I_M."
999b830d-b9b4-4b35-89f2-662ce8664330,1d576d13-a6e5-4375-9d90-0385f5689b86,2,10,100,-391.590576171875,I_M_plus_I_NaP,I_M_plus_I_NaP_voltage_dep_tau,"Two additional channels: (1) M-current with single gate p, bell-shaped voltage-dependent tau_p (TAU_M_BASE=100 ms fixed, Wang 1998 denominator form), and (2) INaP with instantaneous Boltzmann s_inf (no ODE state variable). Matches I_M_plus_I_NaP_voltage_dep_tau."
7e4f6058-e5ab-4f3b-9900-84e6a80f6d62,1d576d13-a6e5-4375-9d90-0385f5689b86,2,10,101,-375.7019958496094,I_M_plus_I_NaP,I_M_plus_I_NaP_voltage_dep_tau,"Two additional channels: (1) M-current with single gate p, bell-shaped voltage-dependent tau_p (tau_M_base=100 ms fixed scalar constant used in voltage-dependent bell-shaped formula), and (2) INaP with instantaneous Boltzmann s_inf (no state variable). Matches I_M_plus_I_NaP_voltage_dep_tau."
df693244-d1e1-4412-8f4a-7c5b7955573d,1d576d13-a6e5-4375-9d90-0385f5689b86,2,10,102,-265.29150390625,I_M,I_M_voltage_dep_tau,"Single M-current gate p with Boltzmann p_inf at -35 mV and bell-shaped voltage-dependent tau_p (Wang 1998 form: 3.3*exp((x+35)/20)+exp(-(x+35)/20) denominator, tau_M_base=100 ms fixed). X2 slot intentionally unused. No second channel. Voltage-dependent tau -> I_M_voltage_dep_tau."
719e4799-727a-4079-a631-70ea82a7ea43,1d576d13-a6e5-4375-9d90-0385f5689b86,2,10,103,-272.4084777832031,I_M,I_M_voltage_dep_tau,Single M-current gate p with Boltzmann p_inf centred at -35 mV. The tau_p function uses a bell-shaped denominator (3.3*Exp((x+35)/20) + Exp(-(x+35)/20)) scaled by fixed tau_M_base=100 ms — this is the Wang 1998 voltage-dependent form. No second additional channel is present. -> I_M_voltage_dep_tau.
63a0efe0-0639-4ac7-a421-a0395617b6b0,1d576d13-a6e5-4375-9d90-0385f5689b86,2,10,104,-278.6541442871094,I_M,I_M_voltage_dep_tau,"Single M-current gate p with Boltzmann p_inf at -35 mV and bell-shaped voltage-dependent tau_p (Wang 1998 cosh-like denominator, fixed base 100 ms). No second additional channel. -> I_M_voltage_dep_tau."
0fb0f33d-228f-4548-b8b2-b6f367492f3c,1d576d13-a6e5-4375-9d90-0385f5689b86,2,10,105,-396.9888916015625,I_M_plus_I_NaP,I_M_plus_I_NaP_voltage_dep_tau,"Two additional channels: (1) M-current with single gate p, bell-shaped voltage-dependent tau_p (Wang 1998 form, fixed base 100 ms); (2) Persistent Na+ current (INaP) with instantaneous Boltzmann activation s_NaP_inf (no ODE state variable), half-activation at V_half_NaP (~-55 mV), reversal E_Na. This matches I_M_plus_I_NaP with voltage-dependent tau for I_M. -> I_M_plus_I_NaP_voltage_dep_tau."
3c76a3bf-ab2f-4ad4-b8de-c8ab96ee2dd3,1d576d13-a6e5-4375-9d90-0385f5689b86,2,10,106,-324.76953125,I_M_plus_I_NaP,I_M_plus_I_NaP_fixed_tau,"Two additional channels: (1) M-current with single gate p, Boltzmann p_inf at -35 mV, and FIXED scalar tau_p_fixed=100 ms (constant, not voltage-dependent — used as torch.full_like scalar in Exp); (2) INaP with instantaneous Boltzmann s_inf at -55 mV, no state variable, reversal E_Na. The tau for I_M is a fixed scalar constant, not a bell-shaped function of V. -> I_M_plus_I_NaP_fixed_tau."
b4429a99-57ad-4b03-b11f-eca6bd6e2191,8676b219-4d75-42a8-9949-196395b35f82,3,2,11,-285.6685485839844,I_M,I_M_fixed_tau,"Single M-current gate p with sigmoidal p_inf centred at param_i (inferred half-activation). The time constant tau_p is computed as torch.clamp(-param_j, min=1.0, max=3000.0) — a fixed scalar derived directly from a learned parameter, with no voltage dependence (no bell-shaped or cosh formula). This is a fixed_scalar tau. No second additional channel present. -> I_M_fixed_tau."
5b61dafc-ce30-4586-b8bf-11e5fd281a64,8676b219-4d75-42a8-9949-196395b35f82,3,2,12,-278.3573913574219,I_M,I_M_voltage_dep_tau,"Single M-current gate p with alpha_p = 1e-3*exp(0.04*v1) and beta_p = 1e-3*exp(-0.04*v1), symmetric exponentials around V_half_M. tau_p = 1/(alpha_p + beta_p) is a bell-shaped function of voltage (peaks at V=V_half_M). This is a voltage-dependent tau formulation, not a fixed scalar. No second additional channel present."
1e3a545a-a8f5-4e47-bd46-eef7a8c14713,8676b219-4d75-42a8-9949-196395b35f82,3,2,13,-299.64471435546875,I_M,I_M_voltage_dep_tau,"Single M-current gate p with alpha_p = 1e-3*exp(0.04*v1) and beta_p = 1e-3*exp(-0.04*v1), symmetric exponentials around param_i. tau_p = 1/(alpha_p + beta_p) is bell-shaped and voltage-dependent. No second additional channel. Matches I_M_voltage_dep_tau."
fb1f6f5d-180c-4a6e-b8b4-c4ed123f97b1,8676b219-4d75-42a8-9949-196395b35f82,3,2,14,-280.0348815917969,I_M,I_M_fixed_tau,"Single M-current gate p with Boltzmann steady-state p_inf = 1/(1+exp(-(V-V_half_M)/9)) and a fixed scalar time constant tau_M = clamp(params[:,9], min=1.0, max=3000.0), which is voltage-independent. The gate update is p_ss + (p_prev - p_ss)*exp(-tstep/tau_M) with tau_M drawn directly from a parameter. This matches the fixed_scalar tau_type -> I_M_fixed_tau."
ba87ff81-12ca-4967-9bc2-6aa91c7b730b,8676b219-4d75-42a8-9949-196395b35f82,3,2,15,-268.82843017578125,I_M,I_M_fixed_tau,"Single M-current gate p with Boltzmann steady-state p_inf = 1/(1+exp(-(V-param_i)/10)) and tau_p = clamp(-param_j, min=20, max=2000) which is a fixed scalar (voltage-independent, drawn from a parameter). The tau_p_func returns a constant value regardless of V. This matches the fixed_scalar tau_type -> I_M_fixed_tau."
9ee69916-7c4b-4e43-b553-7a75df96ddc6,8676b219-4d75-42a8-9949-196395b35f82,3,2,16,-291.568359375,I_M,I_M_fixed_tau,"Single M-current gate p with Boltzmann steady-state p_inf = 1/(1+exp(-(V-V_half_M)/10)) and tau_M = clamp(-params[:,9], min=1.0, max=1000.0), a fixed scalar time constant drawn from a parameter with no voltage dependence. Gate update: p_ss + (p_prev - p_ss)*exp(-tstep/tau_M). This matches the fixed_scalar tau_type -> I_M_fixed_tau."
884bf011-1dc6-404b-b472-1e5aea40d9ed,8676b219-4d75-42a8-9949-196395b35f82,3,2,17,-289.3743591308594,I_M,I_M_voltage_dep_tau,"Single M-current gate p with alpha_p = 1e-3 * exp(0.04*(V - V_half_p)) and beta_p = 1e-3 * exp(-0.04*(V - V_half_p)). tau_p = 1/(alpha_p + beta_p) is a bell-shaped function of V (cosh-like denominator), making it voltage-dependent. No inactivation gate. No second additional channel. This matches I_M_voltage_dep_tau."
2c22e044-9297-4151-a8d4-8b0b90fb4fa8,8676b219-4d75-42a8-9949-196395b35f82,3,2,18,-280.060791015625,I_M,I_M_voltage_dep_tau,Single M-current gate p with alpha_p = 1e-3 * exp(0.04*(V - V_half_M)) and beta_p = 1e-3 * exp(-0.04*(V - V_half_M)). tau_p = 1/(alpha_p + beta_p) is voltage-dependent (bell-shaped). No inactivation gate. No second additional channel. Matches I_M_voltage_dep_tau.
3c238852-cc7e-4226-8f3d-566f8a9cbcc5,8676b219-4d75-42a8-9949-196395b35f82,3,2,19,-263.318359375,I_M,I_M_voltage_dep_tau,"Single M-current gate p with alpha_p = rate_M * exp(0.04*(V - param_i)) and beta_p = rate_M * exp(-0.04*(V - param_i)), where rate_M is derived from param_j but is a per-batch scalar computed from params (not a fixed constant). tau_p = 1/(alpha_p + beta_p) varies with V in a bell-shaped manner. No inactivation gate. No second additional channel. Matches I_M_voltage_dep_tau."
852bc4d6-29a6-4fd2-9f88-83eaf6e741b8,8676b219-4d75-42a8-9949-196395b35f82,3,2,20,-285.9643249511719,I_M,I_M_voltage_dep_tau,Single M-current gate p with alpha_p = 1e-3 * exp(0.04*(V - V_half_M)) and beta_p = 1e-3 * exp(-0.04*(V - V_half_M)). tau_p = 1/(alpha_p + beta_p) is voltage-dependent (bell-shaped cosh form). No inactivation gate. No second additional channel. Matches I_M_voltage_dep_tau.
daa3258a-d8cc-46a5-a5a5-3389849d607e,8676b219-4d75-42a8-9949-196395b35f82,3,2,21,-285.60723876953125,I_M_plus_I_A,I_M_plus_I_A,"Two additional channels: (1) M-current gate p with voltage-dependent tau (alpha_p = 1e-3*exp(0.05*(V-V_half_M)), bell-shaped tau_p); (2) A-type K+ current with instantaneous activation a_inf_A (no ODE for activation) and slow inactivation gate b with fixed tau_b_A derived from param_j. The pair has has_inactivation_gate=true (gate b) and secondary=I_A. Matches I_M_plus_I_A."
11ccee6a-5e57-44af-8231-3e2afdd7c473,a70abf70-001b-4b4f-9c79-56789d37f2a7,5,0,0,-251.48239135742188,base_only,base_only,"The editable sections are all empty/unfilled TODOs. No additional state variables, no additional kinetics, no additional current terms are added beyond the base HH channels (Na+, K+, leak). The gbar_X1, gbar_X2, param_i, param_j parameters are extracted but never used. This is a pure base HH model."
6fcd97e4-81eb-4685-8121-880c9872f29b,8676b219-4d75-42a8-9949-196395b35f82,3,3,22,-287.3442077636719,I_M,I_M_fixed_tau,"Single M-current gate p with Boltzmann steady-state p_inf (sigmoid). The time constant tau_p_ms is taken directly from params[:,9] (tau_p_val = params[:,9].float()) and clamped to [10, 3000] ms — a fixed scalar from a parameter, not voltage-dependent. No bell-shaped or alpha/beta voltage-dependent tau. This matches I_M_fixed_tau (tau_type=fixed_scalar)."
fa96d168-88ba-4828-b429-074ad0698bd7,8676b219-4d75-42a8-9949-196395b35f82,3,3,23,-292.3385009765625,I_M,I_M_voltage_dep_tau,"Single M-current gate p with alpha_p(x) = 1e-3 * exp(0.04*(x - V_half_p)) and beta_p(x) = 1e-3 * exp(-0.04*(x - V_half_p)). The time constant tau_p = 1/(alpha_p + beta_p) = 500/cosh(0.04*(V-V_half_p)) ms, which is a bell-shaped voltage-dependent function. This matches I_M_voltage_dep_tau (tau_type=voltage_dependent)."
42b2f9a1-d3e1-45b9-bfb2-6c75add80f94,e364bbb6-4cbb-4973-a0e9-ca180dc93386,6,0,0,-273.923828125,base_only,base_only,"All editable sections are empty TODOs with no additional channels implemented. The gbar_X1, gbar_X2, param_i, param_j are extracted but never used in any current or state variable. Only the three base HH channels (Na+, K+, leak) are present. This is a pure base HH model."
193625fa-c0c2-4b38-b880-95d3fe8ba738,7e916310-bb41-4c31-9c69-b85f231b69be,4,3,23,-437.45452880859375,I_M,I_M_fixed_tau,"Single M-current gate p with Boltzmann steady-state p_inf (sigmoid with fixed half-activation at Vt-35 mV). The time constant is tau_Km = params[:,7].float(), a fixed scalar drawn directly from a parameter with no voltage dependence. The p gate update uses: p[:,i] = p_ss + (p[:,i-1] - p_ss) * Exp(-tstep / tau_Km). This matches I_M_fixed_tau (tau_type=fixed_scalar)."
30a15591-9632-426b-a968-adffb6ebfe82,7e916310-bb41-4c31-9c69-b85f231b69be,4,3,24,-299.76275634765625,I_M,I_M_fixed_tau,"Single M-type K+ current with one activation gate p. The time constant tau_p is extracted directly from params[:,9] as a fixed scalar (voltage-independent). The p-gate update uses `p_ss + (p_prev - p_ss) * Exp(-tstep / tau_p)` where tau_p is a constant per batch element, not a function of voltage. This matches tau_type=fixed_scalar -> I_M_fixed_tau."
c0709fb3-ecf3-4ebf-9f29-5b02921129d6,7e916310-bb41-4c31-9c69-b85f231b69be,4,3,25,-385.2210083007813,I_M,I_M_fixed_tau,"Single M-type K+ current with one activation gate p. tau_p is extracted directly from params[:,7] as a fixed scalar constant (no voltage dependence). The p-gate update uses `p_ss + (p_prev - p_ss) * Exp(-tstep / tau_p)` with constant tau_p. This matches tau_type=fixed_scalar -> I_M_fixed_tau."
ff0e6110-7ea2-434e-867d-72310c78b197,7e916310-bb41-4c31-9c69-b85f231b69be,4,3,26,-307.17901611328125,I_M,I_M_fixed_tau,"Single M-type K+ current with one activation gate p. tau_p is extracted directly from params[:,7] as a fixed scalar (voltage-independent). The p-gate update uses `p_ss + (p_prev - p_ss) * Exp(-tstep / tau_p)` with constant tau_p. Half-activation is fixed at V_HALF_KM = -35.0 mV (absolute, not Vt-relative). This matches tau_type=fixed_scalar -> I_M_fixed_tau."
c0de0898-e71d-4ca2-9649-50b3c639963a,7e916310-bb41-4c31-9c69-b85f231b69be,4,3,27,-300.35162353515625,I_M,I_M_fixed_tau,"Single M-type K+ current with one activation gate p. tau_p is extracted directly from params[:,7] as a fixed scalar constant (no voltage dependence). The p-gate update uses `p_ss + (p_prev - p_ss) * Exp(-tstep / tau_p)` with constant tau_p. This matches tau_type=fixed_scalar -> I_M_fixed_tau."
5dc66465-b321-425d-bc07-5872bb1a5efd,7e916310-bb41-4c31-9c69-b85f231b69be,4,3,28,-295.61151123046875,I_M,I_M_fixed_tau,"Single M-type K+ current with one activation gate p. tau_p is extracted directly from params[:,7] as a fixed scalar constant (no voltage dependence). The p-gate update uses `p_ss + (p_prev - p_ss) * Exp(-tstep / tau_p)` with constant tau_p. This matches tau_type=fixed_scalar -> I_M_fixed_tau."
ff61fc8a-e3f2-4b40-9446-06ed88187106,7e916310-bb41-4c31-9c69-b85f231b69be,4,3,29,-313.6716003417969,I_M,I_M_fixed_tau,"Single M-type K+ current (IKm) with one activation gate p. The steady-state p_inf is a Boltzmann sigmoid. The time constant tau_p is taken directly from params[:,7] as a fixed scalar (no voltage dependence, no cosh/bell shape). This matches the fixed_scalar tau_type criterion for I_M_fixed_tau."
6d990627-a34d-4ab1-9cb4-756673657145,7e916310-bb41-4c31-9c69-b85f231b69be,4,3,30,-330.95098876953125,I_M_plus_I_h,I_M_plus_I_h_fixed_tau,"Two additional channels: X1 is M-type K+ current (IKm) with single gate p and fixed scalar tau_p (clamped to >=20 ms, no voltage dependence). X2 is a hyperpolarization-activated cation current (Ih) with inverted Boltzmann q_inf (activates on hyperpolarization, v_half_h=-80 mV) and fixed scalar tau_h from params[:,9]. Reversal E_h=-20 mV (mixed cation). This matches I_M_plus_I_h_fixed_tau."
a3294b46-1a6a-4442-9fec-e90759d3e20e,7e916310-bb41-4c31-9c69-b85f231b69be,4,3,31,-400.4059143066406,I_M_plus_I_A,I_M_plus_I_A,"Two additional channels: X1 is M-type K+ current (IKm) with single gate p and fixed scalar tau_p. X2 is A-type K+ current (IA) with fast activation gate a (tau_a_fixed=1ms, nearly instantaneous) and slow inactivation gate b with fixed tau_b from params[:,9]. The IA current uses a^3*b open probability. This matches I_M_plus_I_A (has_inactivation_gate=true, secondary=I_A)."
9d123d98-004b-44fe-ace4-69171b8e7d96,a24d9636-1628-4191-bd7b-1c0fda5ba198,7,0,0,-253.69175720214844,base_only,base_only,"The simulation loop only contains the three base HH channels (Na+, K-DR, leak). The EDITABLE SECTION placeholders are empty — no additional kinetics, no additional state variables, no additional conductance terms in tau_V_inv or V_inf. gbar_X1, gbar_X2, param_i, param_j are extracted but never used. This is effectively base HH only."
75913c2e-b902-4732-8acc-2a5bf6d59cdd,a95d9575-b62a-4015-a7db-21dbbab2792a,1,15,132,-286.4115600585937,I_M_plus_I_A,I_M_plus_I_A,"Two additional channels: X1 is M-type K+ current (IKm) with single gate p and a bell-shaped voltage-dependent tau_p (cosh-like denominator: exp(0.04*v1)+exp(-0.04*v1)). X2 is A-type K+ current (I_A) with instantaneous activation a_inf (no state variable ODE) and slow inactivation gate b with fixed tau_b=150ms. The I_A has an inactivation gate b, matching has_inactivation_gate=true AND secondary=I_A criterion for I_M_plus_I_A."
b6bcf2d3-1952-4935-90de-3f4d28242d7b,a95d9575-b62a-4015-a7db-21dbbab2792a,1,15,133,-307.5312805175781,I_M_plus_I_A,I_M_plus_I_A,"Two additional channels beyond base HH: (1) IKm (M-type K+) with single activation gate p, bell-shaped voltage-dependent tau_p (denom = exp(0.04*v1)+exp(-0.04*v1)), and (2) A-type K+ current (IA) with instantaneous activation a_inf and slow inactivation gate b (fixed tau_b=150 ms). This matches I_M_plus_I_A: voltage-dependent tau for IKm, inactivation gate b for IA, both using E_K=-107 mV."
037180db-ee17-49c6-82bc-04c4d5a8e371,a95d9575-b62a-4015-a7db-21dbbab2792a,1,15,134,-300.8915405273437,I_M_plus_I_A,I_M_plus_I_A,"Two additional channels: IKm with single gate p and bell-shaped voltage-dependent tau_p (un-normalised cosh form), plus A-type K+ current with instantaneous activation a_inf and slow inactivation gate b (fixed tau_b=150 ms). Matches I_M_plus_I_A taxonomy entry: has_inactivation_gate=true for IA, secondary=I_A, voltage-dependent tau for IKm."
6ec4b86a-7104-421e-aee4-d72006e90047,a95d9575-b62a-4015-a7db-21dbbab2792a,1,15,135,-305.04791259765625,I_M_plus_I_A,I_M_plus_I_A,"Two additional channels: IKm (single gate p, bell-shaped voltage-dependent tau_p with k=0.03, slope 8 mV) and A-type K+ current (instantaneous activation a_inf_A, slow inactivation gate b with fixed tau_b=150 ms). Matches I_M_plus_I_A: has_inactivation_gate=true due to IA inactivation gate b, secondary=I_A, voltage-dependent tau for IKm."
c3c2e4ef-98d6-49d3-8dfa-f75c9a821449,a95d9575-b62a-4015-a7db-21dbbab2792a,1,15,136,-309.41412353515625,I_M_plus_I_A,I_M_plus_I_A,"Two additional channels: IKm (single gate p, bell-shaped voltage-dependent tau_p, un-normalised cosh form, slope 10 mV) and A-type K+ current (instantaneous activation a_inf, slow inactivation gate b with fixed tau_b=150 ms, pre-computed scalar decay). Matches I_M_plus_I_A: inactivation gate present for IA, secondary=I_A, voltage-dependent tau for IKm."
b1431e8a-66b9-40a1-b920-243e288724c2,a95d9575-b62a-4015-a7db-21dbbab2792a,1,15,137,-289.332275390625,I_M_plus_I_A,I_M_plus_I_A,"Two additional channels: IKm (single gate p, bell-shaped voltage-dependent tau_p with un-normalised cosh denom, slope 10 mV) and A-type K+ current (instantaneous activation a_inf, slow inactivation gate b with fixed tau_b=150 ms). Matches I_M_plus_I_A: has_inactivation_gate=true for IA, secondary=I_A, voltage-dependent tau for IKm."
45fb01a8-f4f0-4c66-84e4-564c1a842e98,a95d9575-b62a-4015-a7db-21dbbab2792a,1,15,138,-328.2441101074219,I_M_plus_I_A,I_M_plus_I_A,"Two additional channels: (1) IKm with single gate p, bell-shaped voltage-dependent tau (denom = exp(0.04*v1) + exp(-0.04*v1) = 2*cosh), and (2) IA A-type K+ current with instantaneous activation a_inf (no state variable) and slow inactivation gate b with fixed tau_b=150 ms. This matches I_M_plus_I_A: voltage-dependent tau for IKm, has_inactivation_gate=true for IA, secondary=I_A."
4d90afef-0426-49e0-be49-b2c9ddd7cdf4,a95d9575-b62a-4015-a7db-21dbbab2792a,1,15,139,-298.446044921875,I_M_plus_I_A,I_M_plus_I_A,"Two additional channels: (1) IKm with single gate p and bell-shaped voltage-dependent tau (un-normalised 2*cosh denominator), and (2) I_A A-type K+ current with instantaneous activation a_inf (no ODE for activation) and slow inactivation gate b with fixed tau_b_fixed=150 ms. Matches I_M_plus_I_A: voltage-dependent tau for IKm, inactivation gate b for IA, secondary=I_A."
a9bf7ddf-4311-4e8a-a5c9-2798b7a9a49f,a95d9575-b62a-4015-a7db-21dbbab2792a,1,15,140,-296.02935791015625,I_M_plus_I_A,I_M_plus_I_A,"Two additional channels: (1) IKm with single gate p and bell-shaped voltage-dependent tau (exp(0.04*v1)+exp(-0.04*v1) denominator), and (2) IA A-type K+ current with instantaneous activation a_inf_IA (no state variable) and slow inactivation gate b with fixed tau_b_val=150 ms. Matches I_M_plus_I_A: voltage-dependent tau for IKm, has_inactivation_gate=true for IA, secondary=I_A."
ccdfa64e-8490-4cfe-b2c4-2149e707674d,a95d9575-b62a-4015-a7db-21dbbab2792a,1,15,141,-300.0561828613281,I_M_plus_I_A,I_M_plus_I_A,"Two additional channels: (1) IKm with single gate p and bell-shaped voltage-dependent tau (un-normalised 2*cosh form), and (2) I_A A-type K+ current with instantaneous activation a_inf_A (no ODE) and slow inactivation gate b with fixed tau_b_A=150 ms. Matches I_M_plus_I_A: voltage-dependent tau for IKm, inactivation gate b for IA, secondary=I_A."
c30ac30e-3228-4a11-8c65-163ffbe40b14,a70abf70-001b-4b4f-9c79-56789d37f2a7,5,1,1,-275.30096435546875,I_M,I_M_fixed_tau,"Single additional channel: M-type K+ current with single gate p, Boltzmann steady-state p_inf_M, and a voltage-independent fixed scalar time constant tau_M = params[:,9] (not negated, drawn directly from params, used as constant in the Euler update). No bell-shaped or cosh-based voltage-dependent tau. Matches I_M_fixed_tau: tau_type=fixed_scalar."
fddedb51-93a9-4c2b-8642-78344a53b88f,a70abf70-001b-4b4f-9c79-56789d37f2a7,5,1,2,-277.6151733398437,I_M,I_M_fixed_tau,"Single M-current gate p with Boltzmann p_inf. The time constant is taken directly from params[:,9] as tau_M, clamped to min=1.0, and used as a fixed scalar (precomputed before the loop as tau_M_clamped). No voltage-dependent bell-shape or cosh formula. This is a fixed scalar tau -> I_M_fixed_tau."
94f124f0-0750-446f-bd59-aca314579048,a70abf70-001b-4b4f-9c79-56789d37f2a7,5,1,3,-302.7455444335937,I_M,I_M_voltage_dep_tau,"Single M-current gate p with Boltzmann p_inf. The time constant tau_p(x) is computed as tau_M_scale / (2*(exp(dv/40) + exp(-dv/40)) + 1e-7), which is a cosh-like bell-shaped voltage-dependent function of V. This matches the voltage_dependent tau criterion -> I_M_voltage_dep_tau."
5437a9fa-2693-4852-a6dc-842142cce59b,a70abf70-001b-4b4f-9c79-56789d37f2a7,5,1,4,-285.0129089355469,I_M,I_M_fixed_tau,"Single M-current gate p with Boltzmann p_inf. The tau_p() function returns torch.clamp(tau_M_scale, min=5.0), a voltage-independent fixed scalar precomputed before the loop as tau_p_val. No voltage dependence in the time constant. This is a fixed scalar tau -> I_M_fixed_tau."
e693eae0-82fe-47f5-9c3c-88529904939c,a70abf70-001b-4b4f-9c79-56789d37f2a7,5,1,5,-271.10943603515625,I_M,I_M_fixed_tau,"Single M-current gate p with Boltzmann p_inf_M. The time constant is taken directly from params[:,9] as tau_M, clamped inside the loop as tau_M_safe = torch.clamp(tau_M, min=0.01). No voltage-dependent formula; it is a fixed scalar per batch element. This is a fixed scalar tau -> I_M_fixed_tau."
1e770c6a-3296-4f11-8cf6-d2a1e18d9ec8,a70abf70-001b-4b4f-9c79-56789d37f2a7,5,1,6,-266.3084716796875,I_M,I_M_fixed_tau,"Single M-current gate p with Boltzmann p_inf. The time constant is taken directly from params[:,9] as tau_M, clamped to min=1e-3 as tau_M_safe before the loop. No voltage-dependent bell-shape. This is a fixed scalar tau -> I_M_fixed_tau."
e5be24bc-ed00-48f8-90f3-61673ac8ddb9,a70abf70-001b-4b4f-9c79-56789d37f2a7,5,1,7,-281.1131591796875,I_M,I_M_fixed_tau,"Single M-current gate p with Boltzmann steady-state p_inf. The time constant tau_M is taken directly from params[:,9] (clamped to [0.1, 3000] ms) — a fixed scalar parameter with no voltage dependence. The update is: p[:,i] = p_ss + (p[:,i-1] - p_ss) * Exp(-tstep / tau_M_clamped). This is a fixed scalar tau, matching I_M_fixed_tau."
d9f9b167-ff13-415e-aa13-aece9eab86ac,a70abf70-001b-4b4f-9c79-56789d37f2a7,5,1,8,-282.76434326171875,I_M,I_M_fixed_tau,"Single M-current gate p with Boltzmann steady-state p_inf. The time constant tau_M is taken directly from params[:,9] (clamped min=0.5) — a fixed scalar with no voltage dependence. The update is: p[:,i] = p_ss + (p[:,i-1] - p_ss) * Exp(-tstep / tau_M). This is a fixed scalar tau, matching I_M_fixed_tau."
ff87a952-c138-4ee9-a9d9-574da662da5f,8676b219-4d75-42a8-9949-196395b35f82,3,4,24,-316.5912475585937,I_M,I_M_fixed_tau,"Single M-current gate p with Boltzmann steady-state p_inf. The time constant tau_p is derived from -params[:,9] (clamped to [1.0, 2000.0] ms) — a fixed scalar parameter with no voltage dependence. The update is: p[:,i] = p_ss + (p[:,i-1] - p_ss) * Exp(-tstep / tau_p). This is a fixed scalar tau, matching I_M_fixed_tau."
19082709-3b98-4167-895c-ce1af440b3cc,8676b219-4d75-42a8-9949-196395b35f82,3,4,25,-269.49835205078125,I_M,I_M_voltage_dep_tau,"Single M-current gate p with alpha_p/beta_p kinetics: alpha_p(x) = base_rate * Exp(0.04*(x - param_i)) and beta_p(x) = base_rate * Exp(-0.04*(x - param_i)). These are symmetric exponential alpha/beta functions of voltage, producing a bell-shaped (voltage-dependent) tau_p = 1/(alpha_p + beta_p). The gate is updated via inf_x/tau_x using these voltage-dependent rates. This matches I_M_voltage_dep_tau."
db45f1c9-99c7-4709-ae17-d022af994d5c,8676b219-4d75-42a8-9949-196395b35f82,3,4,26,-282.84033203125,I_M,I_M_fixed_tau,"Single M-current gate p with Boltzmann steady-state p_inf. Although alpha_p and beta_p are defined as p_inf(x)/tau_M and (1-p_inf(x))/tau_M respectively, the time constant tau_M is a fixed scalar from params[:,9] with no voltage dependence. The effective tau = 1/(alpha_p+beta_p) = tau_M (constant). This is structurally a fixed scalar tau, matching I_M_fixed_tau."
a9b4def3-b6e0-4021-ad2b-414ae3d7bdec,8676b219-4d75-42a8-9949-196395b35f82,3,4,27,-277.8083190917969,I_M,I_M_fixed_tau,"Single M-current gate p with Boltzmann steady-state p_inf. The tau_p function returns tau_M_base (from params[:,9]) clamped to [1, 3000] ms — a fixed scalar drawn directly from a parameter, with no voltage dependence (tau_val = tau_M_base + torch.zeros_like(x)). This is a fixed_scalar tau -> I_M_fixed_tau."
56f9d103-7734-4c66-878e-d24b8e2d6082,8676b219-4d75-42a8-9949-196395b35f82,3,4,29,-284.4616394042969,I_M,I_M_fixed_tau,"Single M-current gate p with Boltzmann steady-state p_inf. The time constant tau_p_M is hardcoded as a fixed scalar 75.0 ms (not voltage-dependent, not from a learned parameter per se but a fixed constant). The update uses Exp(torch.full_like(p_ss, -tstep / tau_p_M)), confirming a fixed scalar tau. This is tau_type=fixed_scalar -> I_M_fixed_tau."
28d0860b-cb0e-42df-bb84-cb1150f132e4,8676b219-4d75-42a8-9949-196395b35f82,3,4,31,-295.6476135253906,I_M_plus_I_NaP,I_M_plus_I_NaP_fixed_tau,"Two additional channels: (1) M-current with single gate p, Boltzmann p_inf, and fixed scalar tau from params[:,9] clamped to [10, 3000] ms; (2) Persistent Na+ current (INaP) with instantaneous Boltzmann activation m_NaP_inf (no ODE state variable). This matches I_M_plus_I_NaP with fixed_scalar tau -> I_M_plus_I_NaP_fixed_tau."
b30cf910-a64f-400e-8c9c-378fa0611be1,e364bbb6-4cbb-4973-a0e9-ca180dc93386,6,1,1,-257.3876647949219,I_M,I_M_voltage_dep_tau,"Single M-current gate p with alpha_p/beta_p kinetics. alpha_p uses efun(-0.1*v1)/0.1 and beta_p uses Exp(-v1/80.0), both voltage-dependent. The time constant tau_x(a_p, b_p) = 1/(alpha_p + beta_p) is therefore voltage-dependent (bell-shaped). This is tau_type=voltage_dependent -> I_M_voltage_dep_tau."
86187f32-ef96-4a1f-90ea-4a01e05ca8c1,e364bbb6-4cbb-4973-a0e9-ca180dc93386,6,1,2,-266.4907531738281,I_M,I_M_fixed_tau,"Single M-current gate p with Boltzmann steady-state p_inf_fn. The time constant is param_j (params[:,9]) used directly as a scalar: Exp(-tstep / (param_j + 1e-6)). This is a fixed scalar drawn from a learned parameter with no voltage dependence in the tau computation -> tau_type=fixed_scalar -> I_M_fixed_tau."
1826ad75-f691-4871-a745-0f6e283df5b8,e364bbb6-4cbb-4973-a0e9-ca180dc93386,6,1,3,-335.1222839355469,I_M,I_M_voltage_dep_tau,"Single M-current gate p with alpha_p and beta_p functions that depend on voltage (v1 = x - Vt - 35.0 + param_i, with efun and Exp). The time constant tau_p = 1/(alpha_p + beta_p) is voltage-dependent (bell-shaped), not a fixed scalar. This matches I_M_voltage_dep_tau."
aa92f28e-bf17-48ca-ac79-0e82173906fb,e364bbb6-4cbb-4973-a0e9-ca180dc93386,6,1,4,-263.4925842285156,I_M,I_M_voltage_dep_tau,"Single M-current gate p with alpha_p and beta_p that are voltage-dependent (v1 = x - Vt - param_i, using efun and Exp). The resulting tau_p = 1/(alpha_p + beta_p) varies with voltage (bell-shaped), not a fixed scalar. This matches I_M_voltage_dep_tau."
35f20dbd-d3d4-48ec-a15e-81be6937a885,e364bbb6-4cbb-4973-a0e9-ca180dc93386,6,1,6,-266.8237609863281,I_M,I_M_fixed_tau,"Single M-current gate p with a Boltzmann steady-state p_inf_fn(x) and a fixed scalar time constant tau_p_val = torch.clamp(param_j, min=0.1), which is voltage-independent. The tau is drawn directly from param_j (a learned parameter), not computed from alpha/beta rates. This matches I_M_fixed_tau."
4b7935e2-d3d6-4d4c-90ae-0b6fcd63a15b,e364bbb6-4cbb-4973-a0e9-ca180dc93386,6,1,7,-322.4598693847656,I_M,I_M_fixed_tau,"Single M-current gate p with Boltzmann steady-state p_inf_fn and tau_p_fn = torch.clamp(param_j / 30.0, min=0.1), which is voltage-independent (fixed scalar from param_j). Although alpha_p/beta_p wrappers are used, they internally use p_inf/tau_p with no voltage dependence in tau. This matches I_M_fixed_tau."
63cd3a2d-fa86-4a32-9b3e-a8dd54f8f3c6,e364bbb6-4cbb-4973-a0e9-ca180dc93386,6,1,8,-252.7869873046875,I_M,I_M_fixed_tau,"Single M-current gate p with Boltzmann steady-state p_inf_func and tau_p_func = param_j (a fixed scalar from the learned parameter, precomputed before the loop as tau_p_val). The time constant is voltage-independent. This matches I_M_fixed_tau."
074c6c10-95f3-4994-ba19-9414e76f8df8,e364bbb6-4cbb-4973-a0e9-ca180dc93386,6,1,9,-256.5078430175781,I_M,I_M_voltage_dep_tau,"Single M-current gate p with alpha_p/beta_p rate functions (efun and Exp forms). The time constant tau_x(alpha_p, beta_p) = 1/(alpha_p + beta_p) varies with voltage because both alpha_p and beta_p depend on V. This is a voltage-dependent tau (derived from alpha/beta kinetics), not a fixed scalar. No second channel present. -> I_M_voltage_dep_tau."
a9612d9b-2ae7-42dc-a1cd-880ab069a545,1d576d13-a6e5-4375-9d90-0385f5689b86,2,11,107,-241.962646484375,I_M,I_M_fixed_tau,Single M-current gate p with Boltzmann steady-state p_inf and a FIXED scalar time constant tau_M = 100.0 ms (not voltage-dependent). The update uses Exp(-tstep / tau_M) with tau_M as a constant scalar. No second channel present. -> I_M_fixed_tau.
8d58c4c0-577c-4f1e-b2f4-03ee9c63da89,1d576d13-a6e5-4375-9d90-0385f5689b86,2,11,108,-333.14752197265625,I_M_plus_I_NaP,I_M_plus_I_NaP_voltage_dep_tau,"Two additional channels: (1) M-current gate p with bell-shaped voltage-dependent tau_p via 3.3*Exp((x+35)/20)+Exp(-(x+35)/20) denominator (Wang 1998 form, voltage-dependent tau); (2) persistent Na+ current INaP with instantaneous Boltzmann activation s_inf (no ODE). This matches I_M_plus_I_NaP with voltage-dependent tau for I_M. -> I_M_plus_I_NaP_voltage_dep_tau."
d4dda670-2614-41a6-b0b8-530b6807100f,1d576d13-a6e5-4375-9d90-0385f5689b86,2,11,109,-361.2718200683594,I_M_plus_I_NaP,I_M_plus_I_NaP_voltage_dep_tau,"Two additional channels: (1) M-current gate p with bell-shaped voltage-dependent tau_p (tau_M_base/bell where bell = 3.3*Exp((x+35)/20)+Exp(-(x+35)/20)+1e-6, clamped); (2) persistent Na+ current I_NaP with instantaneous Boltzmann activation s_inf (no ODE, tunable V_half). Voltage-dependent tau for I_M + instantaneous INaP -> I_M_plus_I_NaP_voltage_dep_tau."
249b7fd7-d58a-486a-9844-47c957708b7b,1d576d13-a6e5-4375-9d90-0385f5689b86,2,11,110,-278.423095703125,I_M,I_M_voltage_dep_tau,"Single M-current gate p with bell-shaped voltage-dependent time constant tau_p_fn using 3.3*Exp((x+35)/20)+Exp(-(x+35)/20)+1e-6 denominator (Wang 1998 form). Although tau_M_base=100 ms is fixed, the tau itself varies with V (voltage-dependent). X2 slot is intentionally unused. No second channel. -> I_M_voltage_dep_tau."
5776b7ef-2534-425b-b1ea-ccf0c1bbb435,1d576d13-a6e5-4375-9d90-0385f5689b86,2,11,111,-269.82684326171875,I_M,I_M_voltage_dep_tau,Single M-current gate p with Boltzmann p_inf and a bell-shaped voltage-dependent tau_p using 3.3*Exp((x+35)/20) + Exp(-(x+35)/20) denominator (Wang 1998 form). tau_M_base=100ms is a fixed scalar but the actual tau_p varies with V (voltage_dependent). No second channel present. -> I_M_voltage_dep_tau.
15d89fd6-c00e-4c13-876b-070d5a6e923e,1d576d13-a6e5-4375-9d90-0385f5689b86,2,11,112,-266.3363647460937,I_M,I_M_voltage_dep_tau,Single M-current gate p with Boltzmann p_inf and bell-shaped voltage-dependent tau_p (TAU_M_BASE/denom where denom = 3.3*Exp((x+35)/20) + Exp(-(x+35)/20) + 1e-6). The time constant varies with voltage (voltage_dependent tau). No second channel. -> I_M_voltage_dep_tau.
d9cda0c8-d9d7-4191-996b-23ba6961a7e1,1d576d13-a6e5-4375-9d90-0385f5689b86,2,11,113,-418.0873107910156,I_M_plus_I_NaP,I_M_plus_I_NaP_voltage_dep_tau,"Two additional channels: (1) M-current with single gate p, bell-shaped voltage-dependent tau_p (Wang 1998 form, TAU_M_BASE/denom); (2) Persistent Na+ current (INaP) with instantaneous Boltzmann s_inf (no state variable ODE). This matches I_M_plus_I_NaP with voltage-dependent tau for I_M. -> I_M_plus_I_NaP_voltage_dep_tau."
26310e37-3935-4c9a-90d1-4f86ba442195,1d576d13-a6e5-4375-9d90-0385f5689b86,2,11,114,-331.1133728027344,I_M_plus_I_NaP,I_M_plus_I_NaP_fixed_tau,"Two additional channels: (1) M-current with single gate p, Boltzmann p_inf, and a FIXED scalar tau_M=100.0 ms (not voltage-dependent — used as Exp(-tstep/tau_M) with a constant); (2) INaP with instantaneous Boltzmann s_inf at -55 mV (no state variable). The M-current tau is a fixed scalar constant, not a function of V. -> I_M_plus_I_NaP_fixed_tau."
d3935d12-8c82-4d5d-b572-64b6e89e9746,1d576d13-a6e5-4375-9d90-0385f5689b86,2,11,115,-274.65185546875,I_M,I_M_voltage_dep_tau,"Single M-current gate p with Boltzmann p_inf and bell-shaped voltage-dependent tau_p (tau_M_base/denom where denom = 3.3*Exp((x+35)/20) + Exp(-(x+35)/20) + 1e-6, Wang 1998 form). No second channel. -> I_M_voltage_dep_tau."
2dedcc62-a211-46a0-aaa3-d74febcd51ad,1d576d13-a6e5-4375-9d90-0385f5689b86,2,11,116,-329.8385314941406,I_M_plus_I_NaP,I_M_plus_I_NaP_voltage_dep_tau,"Snippet 1 implements two additional channels: (1) M-type K+ current with single gate p, Boltzmann p_inf, and a bell-shaped voltage-dependent tau_p (denominator: 3.3*Exp((x+35)/20) + Exp(-(x+35)/20)), and (2) Persistent Na+ current (INaP) with instantaneous Boltzmann s_inf (no ODE/state variable). The tau_p is voltage-dependent (bell-shaped, Wang 1998 form), so this matches I_M_plus_I_NaP_voltage_dep_tau."
a9129cb3-6bcd-4e07-aa51-29184925d61d,1d576d13-a6e5-4375-9d90-0385f5689b86,2,11,117,-260.72174072265625,I_M,I_M_voltage_dep_tau,"Snippet 2 implements only one additional channel: M-type K+ current with single gate p, Boltzmann p_inf (half-activation -35 mV), and a bell-shaped voltage-dependent tau_p (denominator: 3.3*Exp((x+35)/20) + Exp(-(x+35)/20) + 1e-6, clamped [1,500] ms). No second channel is present (params[:,7] and params[:,9] explicitly unused). This is a single I_M with voltage-dependent tau."
08ef9ddc-3dea-4499-bd7e-653885f6a966,1d576d13-a6e5-4375-9d90-0385f5689b86,2,11,119,-389.7651062011719,I_M_plus_I_NaP,I_M_plus_I_NaP_voltage_dep_tau,"Snippet 3 implements two additional channels: (1) M-type K+ current with single gate p, Boltzmann p_inf, and bell-shaped voltage-dependent tau_p (3.3*Exp((x+35)/20) + Exp(-(x+35)/20) + 1e-6, clamped [1,500] ms), and (2) Persistent Na+ current (INaP) with instantaneous Boltzmann s_inf using a batched V_half_NaP parameter (no ODE). The tau for I_M is voltage-dependent, matching I_M_plus_I_NaP_voltage_dep_tau."
773beca4-d5d9-4f7c-b893-342125adccc2,1d576d13-a6e5-4375-9d90-0385f5689b86,2,11,120,-332.9500427246094,I_M_plus_I_NaP,I_M_plus_I_NaP_fixed_tau,"Snippet 4 implements two additional channels: (1) M-type K+ current with single gate p, Boltzmann p_inf, and a FIXED tau_M = 100 ms (precomputed as p_decay = torch.exp(tensor(-dt/100)), a constant scalar — not voltage-dependent), and (2) Persistent Na+ current (INaP) with instantaneous Boltzmann s_inf (no ODE). The tau for I_M is a fixed scalar constant, matching I_M_plus_I_NaP_fixed_tau."
005c9a1c-72cb-458e-be5b-bfe1d234b4a8,1d576d13-a6e5-4375-9d90-0385f5689b86,2,11,121,-269.86492919921875,unknown,unknown,"Snippet 5 implements only one additional channel: Persistent Na+ current (INaP) with instantaneous Boltzmann activation (no ODE, no M-current gate p). There is no M-type K+ current. The taxonomy does not include a standalone INaP-only family; the closest families all require I_M as the primary channel. This does not fit any defined family, so it is classified as unknown."
ca21793b-550d-4f2e-8bda-8e886d9db0b3,7e916310-bb41-4c31-9c69-b85f231b69be,4,4,33,-276.8828430175781,I_M,I_M_fixed_tau,"Single M-type K+ current with one activation gate p, Boltzmann steady-state p_inf, and a voltage-independent time constant tau_p_Km drawn directly from params[:,9] as a fixed scalar. The update is p[:, i] = p_ss + (p[:, i-1] - p_ss) * Exp(-tstep / tau_p_Km) with no voltage dependence in tau. This matches tau_type=fixed_scalar -> I_M_fixed_tau."
96ff4341-d5a7-43c2-8f6f-6705c53b1a0c,7e916310-bb41-4c31-9c69-b85f231b69be,4,4,34,-298.5195007324219,I_M,I_M_fixed_tau,"Single M-type K+ current with one activation gate p, Boltzmann steady-state p_inf, and a voltage-independent constant time constant tau_p drawn from params[:,7]. The update p[:, i] = p_ss + (p[:, i-1] - p_ss) * Exp(-tstep / tau_p) uses a fixed scalar tau with no voltage dependence. This matches tau_type=fixed_scalar -> I_M_fixed_tau."
0ee0793b-f2e4-453a-ae0d-10c7dcda1436,7e916310-bb41-4c31-9c69-b85f231b69be,4,4,35,-329.1415710449219,I_M,I_M_fixed_tau,"Single M-type K+ current with one activation gate p, Boltzmann steady-state p_inf (v_half = Vt - 35 mV), and a voltage-independent constant time constant tau_p from params[:,7]. The exponential Euler update uses a fixed scalar tau with no voltage dependence. This matches tau_type=fixed_scalar -> I_M_fixed_tau."
d555c5ac-d57e-420d-a126-5be0e4a33e67,7e916310-bb41-4c31-9c69-b85f231b69be,4,4,36,-301.58514404296875,I_M,I_M_fixed_tau,"Single M-type K+ current with one activation gate p, Boltzmann steady-state p_inf (fixed V_HALF_Km = -35 mV), and a voltage-independent constant time constant tau_p_ms from params[:,7]. The update p[:, i] = p_ss + (p_prev - p_ss) * Exp(-tstep / tau_p_ms) uses a fixed scalar tau. This matches tau_type=fixed_scalar -> I_M_fixed_tau."
db05fbed-7788-4126-bdbb-542073f9ebb0,7e916310-bb41-4c31-9c69-b85f231b69be,4,4,37,-296.85906982421875,I_M,I_M_fixed_tau,"Single M-type K+ current with one activation gate p, Boltzmann steady-state p_inf (fixed V_HALF_KM = -35 mV), and a voltage-independent constant time constant tau_p from params[:,7]. The exponential Euler update uses a fixed scalar tau with no voltage dependence. This matches tau_type=fixed_scalar -> I_M_fixed_tau."
789b7a53-59d3-448e-addf-00487e33dc46,7e916310-bb41-4c31-9c69-b85f231b69be,4,4,38,-301.1170349121094,I_M,I_M_fixed_tau,"Single M-current gate p with Boltzmann p_inf. Time constant tau_p is taken directly from params[:,7] (a fixed scalar parameter, voltage-independent). The update is: p[:,i] = p_ss + (p[:,i-1] - p_ss) * Exp(-tstep / tau_p), where tau_p is a constant batch-wise scalar. No second additional channel present. This matches tau_type=fixed_scalar -> I_M_fixed_tau."
c5e0ceb3-8c19-43d6-ae6a-6973894cb4f7,7e916310-bb41-4c31-9c69-b85f231b69be,4,4,39,-304.57379150390625,I_M,I_M_fixed_tau,"Single M-current gate p with Boltzmann p_inf. Time constant tau_p is taken directly from params[:,7] (fixed scalar, voltage-independent), clamped with torch.clamp(tau_p, min=1e-3). No voltage-dependent tau computation (no cosh, no alpha/beta for M-gate). No second additional channel. Matches tau_type=fixed_scalar -> I_M_fixed_tau."
b5408002-1fac-4399-a531-5406510c5e01,7e916310-bb41-4c31-9c69-b85f231b69be,4,4,40,-332.72216796875,I_M_plus_I_h,I_M_plus_I_h_fixed_tau,"Two additional channels: (1) M-current (IKm) with single gate p, Boltzmann p_inf, fixed scalar tau_Km from params[:,8]; (2) Ih (HCN) with single gate q, inverted Boltzmann q_inf (negative slope k_Ih=-10 mV, activates on hyperpolarization), fixed scalar tau_Ih from params[:,9]. Both time constants are fixed scalars (voltage-independent). E_Ih=-30 mV (mixed cation). Matches I_M_plus_I_h with tau_type=fixed_scalar -> I_M_plus_I_h_fixed_tau."
2b66d911-0e2b-4548-96c1-b371000b42ee,7e916310-bb41-4c31-9c69-b85f231b69be,4,4,41,-298.65777587890625,I_M,I_M_fixed_tau,"Single M-current gate p with Boltzmann p_inf. Time constant tau_Km is taken directly from params[:,7] (fixed scalar, voltage-independent), clamped with torch.clamp(tau_Km, min=1e-3). No second additional channel (params[:,8] and params[:,9] unused). Matches tau_type=fixed_scalar -> I_M_fixed_tau."
57b140fd-581a-4130-b8c6-45907525e06c,7e916310-bb41-4c31-9c69-b85f231b69be,4,4,42,-253.8651733398437,I_M,I_M_fixed_tau,"Single M-current gate p with Boltzmann p_inf. Half-activation v_half = Vt + param_i (from params[:,8]). Time constant tau_p = param_j (from params[:,9]), a fixed scalar (voltage-independent constant). No second additional channel (params[:,7] unused). The tau is a direct parameter value with no voltage dependence. Matches tau_type=fixed_scalar -> I_M_fixed_tau."
bd110678-a426-4566-b18b-251e27e86397,a24d9636-1628-4191-bd7b-1c0fda5ba198,7,1,1,-295.9164733886719,I_M,I_M_fixed_tau,"Single M-current gate 'w' with Boltzmann w_inf. The time constant tau_w is computed as torch.clamp(tau_M, min=10.0) where tau_M = -params[:,9], a fixed scalar per batch element with no voltage dependence. This is a fixed_scalar tau -> I_M_fixed_tau."
3aff6fff-1fc3-412d-890f-3d4107d7dd4c,a24d9636-1628-4191-bd7b-1c0fda5ba198,7,1,2,-273.7734375,I_M,I_M_fixed_tau,"Single M-current gate 'w' with Boltzmann w_inf. The time constant tau_w_M = torch.clamp(-params[:,9].float(), min=20.0, max=500.0) is a fixed scalar per batch element, voltage-independent. Comments explicitly state 'tau_w_M is constant per batch element (voltage-independent)'. This is a fixed_scalar tau -> I_M_fixed_tau."
6116619c-ffb5-44a5-965a-905f2790ae72,a24d9636-1628-4191-bd7b-1c0fda5ba198,7,1,3,-283.8754272460937,I_M,I_M_fixed_tau,"Single M-current gate 'w' with Boltzmann w_inf. The time constant tau_w_val = torch.clamp(params[:,9].float(), min=10.0, max=3000.0) is a fixed scalar per batch element with no voltage dependence. Comments state 'tau_w_val is a constant (batch-wise) slow time constant'. This is a fixed_scalar tau -> I_M_fixed_tau."
5346b9c3-4be3-4328-88ad-9bcb1fbd9714,a24d9636-1628-4191-bd7b-1c0fda5ba198,7,1,4,-263.00518798828125,I_M,I_M_fixed_tau,"Single M-current gate 'w' with Boltzmann w_inf. The time constant tau_w_M = -params[:,9].float() is a fixed scalar per batch element with no voltage dependence. Comments state 'tau_w_M is constant (voltage-independent) for simplicity'. This is a fixed_scalar tau -> I_M_fixed_tau."
10c938ac-1101-4f78-bfef-f1461d2e363d,a24d9636-1628-4191-bd7b-1c0fda5ba198,7,1,5,-270.20147705078125,I_M,I_M_fixed_tau,"Single M-current gate 'w' with Boltzmann w_inf_fn. The time constant tau_w = torch.clamp(tau_w_raw, min=10.0, max=2000.0) where tau_w_raw = params[:,9].float() is a fixed scalar per batch element with no voltage dependence. This is a fixed_scalar tau -> I_M_fixed_tau."
91434dfc-ad38-405a-8be7-02568fe4f876,a24d9636-1628-4191-bd7b-1c0fda5ba198,7,1,6,-270.5377197265625,I_M,I_M_fixed_tau,"Single M-type K+ gating variable w with Boltzmann steady-state w_inf. The time constant tau_w_val is extracted directly from params[:,9] with a clamp (min=10.0) — no voltage dependence. This is a fixed scalar tau precomputed before the loop, matching tau_type=fixed_scalar."
76f09883-f7b8-4648-91b3-214f639d70da,a24d9636-1628-4191-bd7b-1c0fda5ba198,7,1,7,-287.2545471191406,I_M,I_M_fixed_tau,"Single M-type K+ gating variable w with Boltzmann steady-state w_inf. The time constant tau_w is computed via tau_w_val() = torch.clamp(torch.abs(tau_M), min=5.0, max=3000.0), which is voltage-independent and precomputed before the loop. This is a fixed scalar tau, matching tau_type=fixed_scalar."
2a642e34-156e-4aae-88c1-ad5e51644b75,a24d9636-1628-4191-bd7b-1c0fda5ba198,7,1,8,-277.6360168457031,I_M,I_M_fixed_tau,"Single M-type K+ gating variable w with Boltzmann steady-state w_inf. The time constant tau_w_val = torch.clamp(torch.abs(param_j), min=10.0, max=1500.0) is computed once before the loop with no voltage dependence. This is a fixed scalar tau, matching tau_type=fixed_scalar."
80536f42-d347-43dc-83a3-ee09eb6de2e6,a24d9636-1628-4191-bd7b-1c0fda5ba198,7,1,9,-272.4244384765625,I_M,I_M_fixed_tau,"Single M-type K+ gating variable w with Boltzmann steady-state w_inf. The time constant tau_w_val = tau_w_fn() = torch.clamp(torch.abs(tau_w_raw), min=10.0) is precomputed before the loop with no voltage dependence. This is a fixed scalar tau, matching tau_type=fixed_scalar."
28527fb7-dcce-4927-b2bf-7f19d2d1eb03,a24d9636-1628-4191-bd7b-1c0fda5ba198,7,1,10,-277.50262451171875,I_M,I_M_fixed_tau,"Single M-type K+ gating variable w with Boltzmann steady-state w_inf. The time constant tau_w_clamped = torch.clamp(tau_w_M, min=10.0, max=2000.0) is precomputed before the loop with no voltage dependence. This is a fixed scalar tau, matching tau_type=fixed_scalar."
f9fc5e98-f098-4466-b8ea-4dab542223c0,a24d9636-1628-4191-bd7b-1c0fda5ba198,7,1,11,-284.383544921875,I_M,I_M_fixed_tau,"Single M-current gate w with Boltzmann steady-state w_inf. The time constant tau_w is computed as torch.clamp(torch.abs(tau_M_raw), min=5.0) — a fixed scalar derived directly from params[:,9], with no voltage dependence. This is a fixed_scalar tau, matching I_M_fixed_tau."
cca83a9f-ed75-404d-a69a-6e20aac9996c,a24d9636-1628-4191-bd7b-1c0fda5ba198,7,1,12,-266.01727294921875,I_M,I_M_fixed_tau,"Single M-current gate w with Boltzmann steady-state w_inf. The tau_w function returns torch.clamp(-param_j, min=5.0), which is a constant scalar per batch element with no voltage dependence (x is unused in tau_w). This is a fixed_scalar tau, matching I_M_fixed_tau."
aa966b2d-e8e6-4e8f-9d4b-2468e56bed0d,e364bbb6-4cbb-4973-a0e9-ca180dc93386,6,2,10,-247.04830932617188,I_M,I_M_fixed_tau,"Single M-current gate p with Boltzmann steady-state p_inf. The time constant tau_p_val = param_j is a fixed scalar (voltage-independent), pre-computed before the simulation loop. No bell-shaped or voltage-dependent tau formula is present. This matches I_M_fixed_tau."
b1cec293-ece5-4ca2-916c-e1bab99e983a,e364bbb6-4cbb-4973-a0e9-ca180dc93386,6,2,11,-239.86329650878903,I_M,I_M_fixed_tau,"Single M-current gate p with Boltzmann steady-state p_inf_func. The time constant tau_p_const = param_j is a fixed scalar per batch element, pre-computed outside the loop with no voltage dependence. This is a fixed_scalar tau, matching I_M_fixed_tau."
843bc5b4-8bfa-42cf-860a-ccffbff62135,e364bbb6-4cbb-4973-a0e9-ca180dc93386,6,2,12,-240.80438232421875,I_M,I_M_fixed_tau,"Single M-current gate p with Boltzmann steady-state p_inf. The time constant tau_p = param_j is a fixed scalar (voltage-independent), pre-computed before the simulation loop. No cosh, bell-shaped, or alpha/beta voltage-dependent tau is present. This matches I_M_fixed_tau."
753e6b9b-7522-467c-816c-2cf657b1abbf,e364bbb6-4cbb-4973-a0e9-ca180dc93386,6,2,13,-242.6033172607422,I_M,I_M_fixed_tau,"Single M-current gate p with Boltzmann steady-state p_inf. Time constant tau_p_val = param_j is a fixed scalar (voltage-independent), precomputed outside the loop. No second additional channel. -> I_M_fixed_tau."
8b88d7c6-ece6-4b66-acea-2b5fc6a61ada,e364bbb6-4cbb-4973-a0e9-ca180dc93386,6,2,14,-242.2005157470703,I_M,I_M_fixed_tau,"Single M-current gate p with Boltzmann steady-state p_inf. Time constant tau_p = param_j is a fixed scalar (voltage-independent), precomputed outside the loop. No second additional channel. -> I_M_fixed_tau."
2e358f6a-5d26-4d75-aed4-b61653653948,e364bbb6-4cbb-4973-a0e9-ca180dc93386,6,2,15,-244.92613220214844,I_M,I_M_fixed_tau,"Single M-current gate p with Boltzmann steady-state p_inf. Time constant tau_p = param_j is a fixed scalar (voltage-independent), precomputed outside the loop. No second additional channel. -> I_M_fixed_tau."
3f43047d-ce56-4aaf-b252-522e418446c3,e364bbb6-4cbb-4973-a0e9-ca180dc93386,6,2,16,-232.55386352539065,I_M,I_M_fixed_tau,"Single M-current gate p with Boltzmann steady-state p_inf. Time constant is param_j used directly as a fixed scalar in the exponential Euler update (Exp(-tstep / param_j)), voltage-independent. No second additional channel. -> I_M_fixed_tau."
356d7e55-dbbb-43d3-8e7a-807a5e57ce02,e364bbb6-4cbb-4973-a0e9-ca180dc93386,6,2,17,-253.92205810546875,I_M_plus_I_NaP,I_M_plus_I_NaP_fixed_tau,"Two additional channels: (1) M-current gate p with Boltzmann steady-state and fixed scalar tau (tau_M_fixed = 100.0 ms, a constant hardcoded scalar, voltage-independent); (2) Persistent Na+ current (INaP) with instantaneous Boltzmann activation m_NaP_inf (no ODE state variable). This matches I_M_plus_I_NaP with fixed tau for I_M. -> I_M_plus_I_NaP_fixed_tau."
f3bc00e6-953e-44f7-86c1-af14298c629d,e364bbb6-4cbb-4973-a0e9-ca180dc93386,6,2,18,-244.02639770507807,I_M,I_M_fixed_tau,"Single M-current gate p with Boltzmann steady-state p_inf. The time constant tau_p = param_j is set directly from the parameter (a fixed scalar), with no voltage dependence. Explicitly stated: 'M-current time constant is voltage-independent (constant tau)' and 'Precomputed once outside the loop for efficiency'. This matches tau_type=fixed_scalar -> I_M_fixed_tau."
58521944-ea5e-400a-b7bf-8d7457b858f0,b8102286-d8c7-43d5-93eb-b576b2869877,8,0,0,-270.9933166503906,base_only,base_only,"The simulation loop only contains the standard HH gates (m, h, n) and the three base currents (Na+, K+DR, leak). All EDITABLE SECTION blocks are left empty with TODO comments. No additional channel state variables are allocated or updated. This is a base HH model only."
2245c1a9-9b5f-491e-a69d-e596db186371,a70abf70-001b-4b4f-9c79-56789d37f2a7,5,2,9,-270.87310791015625,I_M,I_M_voltage_dep_tau,"Single M-current gate p with Boltzmann steady-state p_inf. The time constant tau_p(x) is voltage-dependent: tau_M_scale / (exp(dv/40) + exp(-dv/40)), a cosh-like bell-shaped function of V centered at V_half_M. This is a voltage-dependent tau -> I_M_voltage_dep_tau."
8fd031f4-90f1-4934-ba76-da8f7ccbff2a,a70abf70-001b-4b4f-9c79-56789d37f2a7,5,2,10,-293.5492858886719,I_M,I_M_voltage_dep_tau,"Single M-current gate p with Boltzmann steady-state p_inf. The time constant tau_p(x) = tau_M_scale / (exp(dv/20) + exp(-dv/20) + 1e-7), which is a cosh-like bell-shaped voltage-dependent function. This matches tau_type=voltage_dependent -> I_M_voltage_dep_tau."
f02a127b-a23b-4af0-94ec-a9538b6c0a62,a70abf70-001b-4b4f-9c79-56789d37f2a7,5,2,11,-266.3307189941406,I_M,I_M_voltage_dep_tau,"Single M-current gate p with Boltzmann steady-state p_inf_M. The time constant tau_p_M(x) = tau_scale_M / (exp(dv/40) + exp(-dv/20) + 1e-6), which varies with voltage (asymmetric exponential denominator). This is a voltage-dependent tau -> I_M_voltage_dep_tau."
20fcc3ad-de8c-44bc-9403-6a3de138b14f,a70abf70-001b-4b4f-9c79-56789d37f2a7,5,2,12,-289.2782897949219,I_M,I_M_fixed_tau,Single M-current gate p with Boltzmann p_inf. The time constant tau_p = p_tau_scale / 20.0 + 1.0 is computed from a learned parameter before the simulation loop and does not vary with voltage — it is a fixed scalar. No second channel present. -> I_M_fixed_tau.
36329e5a-e33b-437d-bf28-3f9b71ebc1c6,a70abf70-001b-4b4f-9c79-56789d37f2a7,5,2,13,-274.5195007324219,I_M,I_M_fixed_tau,"Single M-current gate p with Boltzmann p_inf. The time constant tau_M is taken directly from params[:, 9] (clamped to [0.5, 3000] ms) with no voltage dependence — it is a fixed scalar per batch element. No second channel present. -> I_M_fixed_tau."
37531a71-840e-4655-be44-8cff33b8661a,a70abf70-001b-4b4f-9c79-56789d37f2a7,5,2,14,-281.68511962890625,I_M,I_M_fixed_tau,"Single M-current gate p with Boltzmann p_inf. The time constant tau_M is taken directly from params[:, 9] (clamped to [1, 3000] ms) with no voltage dependence — it is a fixed scalar. No second channel present. -> I_M_fixed_tau."
79843a77-267c-44cb-b4a2-c85104af6202,a70abf70-001b-4b4f-9c79-56789d37f2a7,5,2,15,-279.5140686035156,I_M,I_M_fixed_tau,"Single M-current gate p with Boltzmann p_inf (slope 9 mV). The time constant tau_p is computed via tau_p_fn() = torch.clamp(tau_M, min=1.0, max=3000.0), which is a fixed scalar from params[:, 9] with no voltage dependence. Precomputed before the loop. No second channel present. -> I_M_fixed_tau."
78b22058-9ff8-414c-9ffb-9d146e7b71a1,a70abf70-001b-4b4f-9c79-56789d37f2a7,5,2,16,-271.14501953125,I_M,I_M_fixed_tau,"Single M-current gate p with Boltzmann p_inf (slope 9 mV). The time constant tau_M is taken directly from params[:, 9] (clamped with min=1e-3) with no voltage dependence — it is a fixed scalar. No second channel present. -> I_M_fixed_tau."
338fac2e-cd49-4722-bdf1-2219e4d66b7a,a70abf70-001b-4b4f-9c79-56789d37f2a7,5,2,17,-280.3056945800781,I_M,I_M_fixed_tau,"Single M-type K+ current with one activation gate p. Steady-state p_inf is a Boltzmann sigmoid. The time constant tau_M is taken directly from params[:,9] (clamped to min=1e-3) with no voltage dependence — it is a fixed scalar parameter. This matches tau_type=fixed_scalar -> I_M_fixed_tau."
ac777b95-864f-46c5-b246-325865768736,a70abf70-001b-4b4f-9c79-56789d37f2a7,5,2,18,-291.7911071777344,I_M,I_M_fixed_tau,"Single M-type K+ current with one activation gate p. Steady-state p_inf_M is a Boltzmann sigmoid. The time constant tau_p_M is taken directly from params[:,9] with no voltage dependence — a fixed scalar parameter. The comment explicitly states 'Time constant is voltage-independent (slow, set by tau_p_M)'. This matches tau_type=fixed_scalar -> I_M_fixed_tau."
0d36723c-ddd5-4c17-9722-8e6f3d17eaed,a70abf70-001b-4b4f-9c79-56789d37f2a7,5,2,19,-275.4378356933594,I_M,I_M_fixed_tau,"Single M-type K+ current with one activation gate p. Steady-state p_inf_M is a Boltzmann sigmoid. The time constant tau_M is taken directly from params[:,9] (clamped to min=0.1) with no voltage dependence — a fixed scalar parameter. The comment states 'tau_M is voltage-independent here; kept as a free parameter'. This matches tau_type=fixed_scalar -> I_M_fixed_tau."
08c0c294-2d54-47f9-9e04-7705778ca554,a70abf70-001b-4b4f-9c79-56789d37f2a7,5,2,20,-279.0058288574219,I_M,I_M_fixed_tau,"Single M-type K+ current with one activation gate p. Steady-state p_inf_M is a Boltzmann sigmoid. The time constant tau_M is taken directly from params[:,8] with no voltage dependence — a fixed scalar parameter. The comment states 'tau_M is a learnable constant time constant (voltage-independent for simplicity)'. This matches tau_type=fixed_scalar -> I_M_fixed_tau."
50e54d2a-d00f-4a93-bfff-1894ec2d326d,a70abf70-001b-4b4f-9c79-56789d37f2a7,5,2,21,-283.8180847167969,I_M,I_M_fixed_tau,"Single M-type K+ current with one activation gate p. Steady-state p_inf is a Boltzmann sigmoid with fixed V_half_M=-35.0 mV. The time constant tau_M is taken directly from params[:,7] (clamped to min=0.5) with no voltage dependence — a fixed scalar parameter. The comment states 'Time constant tau_M: learned constant (no voltage dependence)'. This matches tau_type=fixed_scalar -> I_M_fixed_tau."
70b69edc-c0e2-43bd-b155-642e79b4bd8f,a24d9636-1628-4191-bd7b-1c0fda5ba198,7,2,13,-285.6415100097656,I_M,I_M_fixed_tau,"Single M-type K+ current with one activation gate w. The time constant tau_w is computed as torch.clamp(torch.abs(tau_M_raw), min=10.0) — a fixed scalar derived directly from params[:,9], with no voltage dependence. This is a fixed_scalar tau -> I_M_fixed_tau."
d932b61b-4d75-47bf-9675-24a89675f722,a24d9636-1628-4191-bd7b-1c0fda5ba198,7,2,14,-293.0258483886719,I_M,I_M_fixed_tau,"Single M-type K+ current with one activation gate w. The time constant tau_w_const is extracted directly from params[:,9] and clamped to [5, 2000] ms — a constant scalar with no voltage dependence. This is a fixed_scalar tau -> I_M_fixed_tau."
5244c25e-2273-4b11-8e45-3976bb21be08,a24d9636-1628-4191-bd7b-1c0fda5ba198,7,2,15,-279.9967346191406,I_M,I_M_fixed_tau,"Single M-type K+ current with one activation gate w. The time constant tau_w_M is computed as torch.clamp(torch.abs(tau_w_raw), min=10.0, max=500.0) — a fixed scalar from params[:,9] with no voltage dependence. This is a fixed_scalar tau -> I_M_fixed_tau."
20b07ca8-7fb7-4a18-a9b7-45489895b426,1d576d13-a6e5-4375-9d90-0385f5689b86,2,12,122,-398.5598754882813,I_M_plus_I_NaP,I_M_plus_I_NaP_voltage_dep_tau,"Two additional channels: X1 is M-type K+ current with single gate p and voltage-dependent bell-shaped tau_p (Wang 1998 form: 100/(3.3*(exp((V+35)/20)+exp(-(V+35)/20)))), and X2 is persistent Na+ current (INaP) with instantaneous Boltzmann activation (no state variable ODE). This matches I_M_plus_I_NaP with voltage-dependent tau -> I_M_plus_I_NaP_voltage_dep_tau."
310d8b98-8f6c-45d6-ba42-31956833f3fd,1d576d13-a6e5-4375-9d90-0385f5689b86,2,12,123,-348.62261962890625,I_M_plus_I_NaP,I_M_plus_I_NaP_voltage_dep_tau,"Two additional channels: X1 is M-type K+ current with single gate p and voltage-dependent bell-shaped tau_p (Wang 1998 form: TAU_M_BASE/(3.3*(exp((V+35)/20)+exp(-(V+35)/20)))), and X2 is persistent Na+ current (INaP) with instantaneous Boltzmann activation (no state variable ODE, m_NaP_inf computed algebraically). This matches I_M_plus_I_NaP with voltage-dependent tau -> I_M_plus_I_NaP_voltage_dep_tau."
98360864-65fd-4829-9d18-2038d7a0ac5f,1d576d13-a6e5-4375-9d90-0385f5689b86,2,12,124,-269.3124389648437,I_M,I_M_voltage_dep_tau,"Single additional channel: M-type K+ current with one gating variable p. tau_p is computed as 100.0 / (3.3*(exp((V+35)/20) + exp(-(V+35)/20))), which is the Wang (1998) bell-shaped voltage-dependent form. No second channel present. -> I_M_voltage_dep_tau."
d85d4707-c084-4602-937c-f074e8fb42f9,1d576d13-a6e5-4375-9d90-0385f5689b86,2,12,125,-359.1762390136719,I_M_plus_I_NaP,I_M_plus_I_NaP_voltage_dep_tau,Two additional channels: (1) M-current with gating variable p and Wang (1998) bell-shaped voltage-dependent tau_p (tau_M_max/denom with cosh-like denominator); (2) Persistent Na+ current (INaP) with instantaneous Boltzmann activation s_inf (no ODE state variable). This matches I_M_plus_I_NaP with voltage-dependent tau for I_M -> I_M_plus_I_NaP_voltage_dep_tau.
7b1283f4-97da-4017-987e-eb81edd14ecd,1d576d13-a6e5-4375-9d90-0385f5689b86,2,12,126,-348.6020812988281,I_M_plus_I_NaP,I_M_plus_I_NaP_voltage_dep_tau,"Two additional channels: (1) M-current with gating variable p and Wang (1998) voltage-dependent tau_p (bell-shaped, tau_M_base/denom); (2) Persistent Na+ current (INaP) with instantaneous Boltzmann activation m_nap_inf (no ODE). Matches I_M_plus_I_NaP with voltage-dependent tau -> I_M_plus_I_NaP_voltage_dep_tau."
f1765607-d934-4677-acd9-c379624f53c4,1d576d13-a6e5-4375-9d90-0385f5689b86,2,12,127,-408.813232421875,I_M_plus_I_NaP,I_M_plus_I_NaP_voltage_dep_tau,Two additional channels: (1) M-current with gating variable p and Wang (1998) bell-shaped voltage-dependent tau_p (tau_max/denom with exp((V+35)/20)+exp(-(V+35)/20)); (2) Persistent Na+ current (INaP) with instantaneous Boltzmann activation m_NaP_inf (no ODE state variable). Matches I_M_plus_I_NaP with voltage-dependent tau -> I_M_plus_I_NaP_voltage_dep_tau.
4a539862-3f98-4e4a-b21c-ecee9c8010c8,1d576d13-a6e5-4375-9d90-0385f5689b86,2,12,128,-420.93310546875,I_M_plus_I_NaP,I_M_plus_I_NaP_voltage_dep_tau,"Two additional channels: (1) M-current with gating variable p and Wang (1998) bell-shaped voltage-dependent tau_p (tau_M_base/denom, clamped [1,500] ms); (2) Persistent Na+ current (INaP) with instantaneous Boltzmann activation m_NaP_inf (no ODE). Matches I_M_plus_I_NaP with voltage-dependent tau -> I_M_plus_I_NaP_voltage_dep_tau."
8bff3d61-5353-4e2b-b748-70fbfbc82fe7,1d576d13-a6e5-4375-9d90-0385f5689b86,2,12,129,-425.1645812988281,I_M_plus_I_NaP,I_M_plus_I_NaP_voltage_dep_tau,"Two additional channels: (1) M-type K+ current with single gate p, Boltzmann p_inf, and voltage-dependent bell-shaped tau_p via Wang 1998 form (tau_max / (3.3*(exp((V+35)/20) + exp(-(V+35)/20)))), clamped to [2,500] ms — this is voltage_dependent tau. (2) Persistent Na+ current (INaP) with instantaneous Boltzmann activation s_inf (no state variable ODE). This matches I_M_plus_I_NaP_voltage_dep_tau."
b06610f8-18e0-446e-b8a6-ad68a99fce08,1d576d13-a6e5-4375-9d90-0385f5689b86,2,12,130,-347.7506408691406,I_M_plus_I_NaP,I_M_plus_I_NaP_fixed_tau,"Two additional channels: (1) M-type K+ current with single gate p, Boltzmann p_inf, and FIXED scalar tau_M = 100.0 ms (constant, not voltage-dependent — decay_p = Exp(full_like(p_ss, -tstep/tau_M))). (2) Persistent Na+ current (INaP) with instantaneous Boltzmann activation m_nap_inf (no state variable ODE). Fixed scalar tau for I_M + instantaneous INaP matches I_M_plus_I_NaP_fixed_tau."
7a9d91b3-c905-4371-a81a-dadd8e49aeb8,7e916310-bb41-4c31-9c69-b85f231b69be,4,5,43,-306.7162170410156,I_M,I_M_fixed_tau,"Single additional channel: M-type K+ current with single gate p, Boltzmann p_inf (half-activation at Vt+20), and fixed scalar tau_p = params[:,7] (constant per batch element, not voltage-dependent). The update is p[i] = p_ss + (p[i-1] - p_ss)*Exp(-tstep/tau_p) with tau_p a learned parameter. No second channel. This matches I_M_fixed_tau."
06ef098e-be9b-4e57-9939-acaad97f99b4,7e916310-bb41-4c31-9c69-b85f231b69be,4,5,44,-330.4319152832031,I_M,I_M_fixed_tau,"Single additional channel: M-type K+ current with single gate p, Boltzmann p_inf (half-activation at Vt+20), and fixed scalar tau_p = params[:,7] (constant, not voltage-dependent). The update is p[i] = p_ss + (p[i-1] - p_ss)*Exp(-tstep/tau_p). params[:,8] and params[:,9] are unused. This matches I_M_fixed_tau."
fcb3d697-b3ac-4ded-b428-8a8ea4e53d35,7e916310-bb41-4c31-9c69-b85f231b69be,4,5,45,-302.7604675292969,I_M,I_M_fixed_tau,"Single additional channel: M-type K+ current with single gate p, Boltzmann p_inf_fn (half-activation at Vt+20), and fixed scalar tau_p = params[:,8] (constant per batch element, not voltage-dependent). The update is p[i] = p_ss + (p[i-1] - p_ss)*Exp(-tstep/tau_p). params[:,7] and params[:,9] are unused. This matches I_M_fixed_tau."
45315862-a664-494d-9f95-8a02b8767d6b,7e916310-bb41-4c31-9c69-b85f231b69be,4,5,46,-299.9368896484375,I_M,I_M_fixed_tau,"Single M-type K+ current with one activation gate p, Boltzmann steady-state p_inf, and a fixed scalar time constant tau_p drawn directly from params[:,7]. No voltage-dependent tau computation (no cosh/bell-shape). tau_p is used directly in the exponential Euler update: Exp(-tstep / tau_p). This matches tau_type=fixed_scalar."
b386ed6b-314d-4002-99ab-77e8298f78f0,7e916310-bb41-4c31-9c69-b85f231b69be,4,5,47,-295.5582275390625,I_M,I_M_fixed_tau,"Single M-type K+ current with one activation gate p, Boltzmann steady-state p_inf with fixed V_half=-35 mV, and a constant time constant tau_p = params[:,7]. The update is p_ss + (p_prev - p_ss)*Exp(-tstep/tau_p) with no voltage dependence in tau. This is tau_type=fixed_scalar -> I_M_fixed_tau."
e520a853-687e-487e-adc4-435add657eb6,7e916310-bb41-4c31-9c69-b85f231b69be,4,5,48,-280.0673217773437,I_M,I_M_fixed_tau,"Single M-type K+ current with gate p, Boltzmann p_inf (half-activation at Vt+25 mV), and a constant time constant tau_Km = params[:,7]. The M-gate update uses Exp(-tstep/tau_Km) with no voltage-dependent tau computation. tau_type=fixed_scalar -> I_M_fixed_tau."
b73e0dca-431a-4e61-a35f-9c7e7af0ceef,7e916310-bb41-4c31-9c69-b85f231b69be,4,5,49,-372.143310546875,I_M,I_M_fixed_tau,"Single M-type K+ current with gate p, Boltzmann p_inf (half-activation at Vt-35 mV), and a constant time constant tau_p = params[:,8]. The M-gate update uses Exp(-tstep/tau_p) with no voltage-dependent tau. tau_type=fixed_scalar -> I_M_fixed_tau."
724193b7-7809-457f-9fd7-520ed6fafea7,7e916310-bb41-4c31-9c69-b85f231b69be,4,5,50,-316.6099548339844,I_M,I_M_fixed_tau,"Single M-type K+ current with gate p, Boltzmann p_inf (half-activation at Vt+20 mV), and a constant time constant tau_p = params[:,7]. The M-gate update uses Exp(-tstep/tau_p) with no voltage-dependent tau computation. tau_type=fixed_scalar -> I_M_fixed_tau."
6b6910da-5b9b-47b0-9249-4262a801ff30,8676b219-4d75-42a8-9949-196395b35f82,3,5,32,-255.6033935546875,I_M,I_M_voltage_dep_tau,"Single M-current gate p with Boltzmann p_inf. The tau_p function uses a cosh-like denominator: dv = 0.04*(x - V_half_M), denom = Exp(dv) + Exp(-dv) = 2*cosh(dv), giving a bell-shaped voltage-dependent time constant. This matches tau_type=voltage_dependent -> I_M_voltage_dep_tau."
d41e4dcf-1bf5-4a4a-b7a3-98a27dd888e8,8676b219-4d75-42a8-9949-196395b35f82,3,5,33,-295.21337890625,I_M,I_M_voltage_dep_tau,"Single M-current gate p with alpha_p = 1e-3*exp(0.04*(x-V_half_M)) and beta_p = 1e-3*exp(-0.04*(x-V_half_M)). tau_p = 1/(alpha_p + beta_p) = 1/(2e-3*cosh(0.04*dv)), which is a bell-shaped voltage-dependent time constant. This matches tau_type=voltage_dependent -> I_M_voltage_dep_tau."
4947a1f8-c3e8-4def-ae90-16f23520e724,8676b219-4d75-42a8-9949-196395b35f82,3,5,34,-284.2215576171875,I_M,I_M_voltage_dep_tau,"Single M-current gate p with alpha_p = 1e-3*exp(0.04*v1) and beta_p = 1e-3*exp(-0.04*v1), identical to Wang-Buzsaki formulation. tau_p = 1/(alpha_p + beta_p) is bell-shaped and voltage-dependent. This matches tau_type=voltage_dependent -> I_M_voltage_dep_tau."
5eda43a8-bfb1-44f2-9cc4-cab823547581,8676b219-4d75-42a8-9949-196395b35f82,3,5,35,-275.9378662109375,I_M,I_M_fixed_tau,"Single M-current gate p with Boltzmann p_inf. The time constant tau_M = params[:,9] is extracted directly as a scalar parameter (voltage-independent), and the gate update is p_ss + (p_prev - p_ss)*Exp(-tstep/tau_M). This is a fixed scalar tau -> tau_type=fixed_scalar -> I_M_fixed_tau."
9c77584e-68b5-4154-b5c7-9ccf794e6d70,8676b219-4d75-42a8-9949-196395b35f82,3,5,36,-300.3724975585937,I_M,I_M_voltage_dep_tau,"Single M-current gate p with Boltzmann p_inf_M. The tau_p_M function uses dv=(x-V_half_M)/40, denom=3.3*Exp(dv)+Exp(-dv), giving a bell-shaped voltage-dependent time constant (Wang 1998 form). tau_scale sets the magnitude but the shape is voltage-dependent. This matches tau_type=voltage_dependent -> I_M_voltage_dep_tau."
bb1eb292-c170-44d0-a671-2f5807816227,8676b219-4d75-42a8-9949-196395b35f82,3,5,37,-310.573486328125,I_M,I_M_fixed_tau,"Single M-current gate p with Boltzmann p_inf(V). Time constant tau_M is extracted directly from params[:,9] (negated) as a fixed scalar — no voltage dependence. Gate update: p[:,i] = p_ss + (p[:,i-1] - p_ss) * Exp(-tstep / tau_M) where tau_M is a constant (batch_size,) tensor. This matches tau_type=fixed_scalar -> I_M_fixed_tau."
90f694d2-43a6-4e31-8027-fdc4d36e6d73,8676b219-4d75-42a8-9949-196395b35f82,3,5,38,-285.8702392578125,I_M,I_M_voltage_dep_tau,"Single M-current gate p with alpha_p/beta_p exponential rate functions (1e-3*exp(±0.04*v1)). The time constant tau_p = 1/(alpha_p + beta_p) is voltage-dependent (bell-shaped via symmetric exponentials). Gate update uses inf_x/tau_x from alpha_p, beta_p. This matches tau_type=voltage_dependent -> I_M_voltage_dep_tau."
461919fd-f46b-4c64-986c-256256bcd7a3,8676b219-4d75-42a8-9949-196395b35f82,3,5,39,-255.5425720214844,I_M,I_M_fixed_tau,"Single M-current gate p with Boltzmann p_inf_M(V). Time constant tau_M is extracted from -params[:,9] as a fixed scalar (batch_size,) tensor with no voltage dependence. Gate update: p[:,i] = p_ss + (p[:,i-1] - p_ss) * Exp(-tstep / tau_M). This matches tau_type=fixed_scalar -> I_M_fixed_tau."
f19f1f89-d93e-47c2-904e-6357c8b4704b,8676b219-4d75-42a8-9949-196395b35f82,3,5,40,-285.2220458984375,I_M,I_M_voltage_dep_tau,Single M-current gate p with Boltzmann p_inf(V) and a bell-shaped voltage-dependent tau_p(V) = tau_scale_M / (3.3*(Exp(dv/40) + Exp(-dv/20)) + 1e-6) where dv = V - V_half_M. The time constant varies with voltage (bell-shaped denominator). This matches tau_type=voltage_dependent -> I_M_voltage_dep_tau.
1127c354-c2b6-4738-adc3-8fcd85dd7c8b,8676b219-4d75-42a8-9949-196395b35f82,3,5,41,-268.40020751953125,I_M,I_M_voltage_dep_tau,Single M-current gate p with Boltzmann p_inf(V) and a bell-shaped voltage-dependent tau_p_fn(V) = tau_peak / (Exp(dv) + Exp(-dv) + 0.1) where dv = (V - V_half_M)/40. The time constant is a symmetric bell function of voltage. This matches tau_type=voltage_dependent -> I_M_voltage_dep_tau.
7d1130e4-1b84-4bfe-bfc3-19110bbc537e,8676b219-4d75-42a8-9949-196395b35f82,3,5,42,-287.9349060058594,I_M,I_M_fixed_tau,"Single M-current gate p with Boltzmann p_inf. The tau_p function returns torch.clamp(-params[:, 9].float(), min=1.0, max=3000.0), which is a fixed scalar clamped from a learned parameter with no voltage dependence. This is a fixed_scalar tau -> I_M_fixed_tau."
9354969b-edae-45d4-98c6-4b882ddce508,8676b219-4d75-42a8-9949-196395b35f82,3,5,43,-308.9626159667969,I_M,I_M_voltage_dep_tau,"Single M-current gate p with Boltzmann p_inf. The tau_p function computes a bell-shaped voltage-dependent time constant: base_tau = 1.0 / (0.02 * (Exp(dv) + Exp(-dv))) where dv = (x - V_half_M) / 20.0, then scaled by tau_M_scale. This is a cosh-like denominator giving voltage-dependent tau -> I_M_voltage_dep_tau."
fab320b7-f66a-4962-83ce-cfcadd3fab3b,b8102286-d8c7-43d5-93eb-b576b2869877,8,1,1,-256.04559326171875,I_M,I_M_voltage_dep_tau,"Single M-current gate p with Boltzmann p_inf_M. The tau_p_M function computes tau_max / (Exp(dv) + Exp(-dv)) where dv = (x - V_half) / 20.0, a bell-shaped voltage-dependent time constant (cosh-like denominator). This is voltage_dependent tau -> I_M_voltage_dep_tau."
2b05a6e3-7573-4508-83ef-5e1d3e6e66ad,b8102286-d8c7-43d5-93eb-b576b2869877,8,1,2,-284.2259826660156,I_M,I_M_voltage_dep_tau,"Single M-current gate p with Boltzmann p_inf. The tau_p function uses denom = 3.3 * (Exp((x - param_i) / 20.0) + Exp(-(x - param_i) / 20.0)), a bell-shaped voltage-dependent denominator (Wang 1998 form with 3.3 factor). This is voltage_dependent tau -> I_M_voltage_dep_tau."
efe2262b-3261-4851-8e19-efe0ce41a51c,b8102286-d8c7-43d5-93eb-b576b2869877,8,1,3,-292.8114929199219,I_M,I_M_voltage_dep_tau,"Single M-current gate p with Boltzmann p_inf. The tau_p function computes tau_scale / (3.3 * (Exp(dv) + Exp(-dv))) where dv = (x - V_half_M) / 20.0, a bell-shaped voltage-dependent time constant with cosh-like denominator (Wang 1998 form). This is voltage_dependent tau -> I_M_voltage_dep_tau."
adfe3115-3471-427d-ab48-2bf449aa5db3,b8102286-d8c7-43d5-93eb-b576b2869877,8,1,4,-275.4232788085937,I_M,I_M_voltage_dep_tau,Single M-gate p with Boltzmann p_inf and a bell-shaped tau_p computed as tau_max_M / (Exp(dv) + Exp(-dv)) where dv = (x - V_half_M) / 20.0. This is a cosh-based voltage-dependent time constant. No second channel present. -> I_M_voltage_dep_tau.
ec4a89be-a082-4b77-aca5-980739ce423f,b8102286-d8c7-43d5-93eb-b576b2869877,8,1,5,-265.2193908691406,I_M,I_M_voltage_dep_tau,"Single M-gate p with Boltzmann p_inf and tau_p computed via cosh_term = Exp((x - V_half_M) / 40.0) + Exp(-(x - V_half_M) / 40.0), giving tau_M_scale / cosh_term — a voltage-dependent bell-shaped time constant. No second channel. -> I_M_voltage_dep_tau."
ba644f21-e9ff-4e91-8fae-e300efe8c641,b8102286-d8c7-43d5-93eb-b576b2869877,8,1,7,-292.2298583984375,I_M,I_M_fixed_tau,"Single M-gate p with Boltzmann p_inf. The tau_p() function takes no voltage argument and returns torch.clamp(-tau_M_scale / 30.0, min=tstep) — a fixed scalar precomputed once before the loop (tp = tau_p()). This is a voltage-independent fixed scalar time constant. -> I_M_fixed_tau."
e7892220-b5be-44b5-8646-8746653b4de5,b8102286-d8c7-43d5-93eb-b576b2869877,8,1,8,-285.0574951171875,I_M,I_M_voltage_dep_tau,Single M-gate p with Boltzmann p_inf and tau_p(x) = tau_max_M / (Exp(dv) + Exp(-dv)) where dv = (x - V_half_M) / 20.0 — a cosh-based bell-shaped voltage-dependent time constant. No second channel. -> I_M_voltage_dep_tau.
57ba8298-716f-422e-aa47-0c50fd78899f,b8102286-d8c7-43d5-93eb-b576b2869877,8,1,9,-276.179443359375,I_M,I_M_voltage_dep_tau,Single M-gate p with Boltzmann p_inf and tau_p(x) = tau_M_max / (Exp(dv) + Exp(-dv)) where dv = (x - V_half_M) / 20.0 — a cosh-based bell-shaped voltage-dependent time constant. No second channel. -> I_M_voltage_dep_tau.
e28d4fa0-77be-45a0-8b0f-d7d04b505d54,b8102286-d8c7-43d5-93eb-b576b2869877,8,1,10,-300.4295959472656,I_M,I_M_voltage_dep_tau,"Single M-gate 'p' with Boltzmann steady-state p_inf. The tau_p function computes a sech-shaped (bell-shaped) voltage-dependent time constant: dv = (x - V_half_M)/20.0, sech_dv = 2/(exp(dv)+exp(-dv)), tau = tau_max_M * sech_dv. This is a classic voltage-dependent bell-shaped tau -> I_M_voltage_dep_tau."
45f8df5d-d978-45c3-a61c-c9d07a7c9375,a24d9636-1628-4191-bd7b-1c0fda5ba198,7,3,16,-285.9603576660156,I_M,I_M_fixed_tau,"Single M-gate 'w' with Boltzmann steady-state w_inf. The time constant tau_w_M is extracted directly from params[:,9] with a clamp (min=10.0) and is voltage-independent — a fixed scalar per batch element. No bell-shaped or voltage-dependent tau function is defined. -> I_M_fixed_tau."
f7d31c85-02c3-42cf-813e-9c555bce982a,a24d9636-1628-4191-bd7b-1c0fda5ba198,7,3,17,-276.4201354980469,I_M,I_M_fixed_tau,"Single M-gate 'w' with Boltzmann steady-state w_inf. The time constant tau_w is extracted from params[:,9] with torch.clamp(..., min=10.0) and is a fixed scalar (voltage-independent). The update uses Exp(-tstep / tau_w) with no voltage dependence in tau. -> I_M_fixed_tau."
f05a82dd-3090-4805-a2d5-38abcd6a38db,a24d9636-1628-4191-bd7b-1c0fda5ba198,7,3,18,-303.37945556640625,I_M,I_M_fixed_tau,"Single M-gate 'w' with Boltzmann steady-state w_inf. The time constant tau_w_base is computed as torch.clamp(-params[:,9], min=10.0, max=2000.0) — a fixed scalar per batch element with no voltage dependence. The gate update uses Exp(-tstep / tau_w_safe). -> I_M_fixed_tau."
cc0f3315-8feb-4765-8a51-57f992cb3622,a24d9636-1628-4191-bd7b-1c0fda5ba198,7,3,19,-274.4169006347656,I_M,I_M_fixed_tau,"Single M-gate 'w' with Boltzmann steady-state w_inf. The time constant tau_w_val is taken directly from params[:,9] and clamped (min=10.0, max=3000.0) — a fixed scalar with no voltage dependence. The gate update uses Exp(-tstep / tau_w_val). -> I_M_fixed_tau."
f3b61017-c4ac-46e6-a499-3eb13e247a75,a24d9636-1628-4191-bd7b-1c0fda5ba198,7,3,20,-273.4053649902344,I_M,I_M_fixed_tau,"Single M-current gate `w` with Boltzmann steady-state w_inf. Time constant tau_w_M is drawn directly from params[:,9] (clamped to min=1.0) and is voltage-independent — a fixed scalar. No second additional channel. This matches I_M_fixed_tau (tau_type=fixed_scalar)."
ef7c0273-54d8-4720-907d-14c59d519d15,a24d9636-1628-4191-bd7b-1c0fda5ba198,7,3,21,-268.5600280761719,I_M,I_M_fixed_tau,"Single M-current gate `w` with Boltzmann steady-state w_inf. Time constant tau_M is taken directly from params[:,9] (clamped to min=1.0), voltage-independent fixed scalar. No second additional channel. Matches I_M_fixed_tau."
d478f041-4522-47fa-8fc8-06f71cee0428,a24d9636-1628-4191-bd7b-1c0fda5ba198,7,3,22,-285.2314758300781,I_M,I_M_fixed_tau,"Single M-current gate `w` with Boltzmann steady-state w_inf. tau_w is computed as -params[:,9] (clamped to min=1.0), precomputed before the loop as tau_w_val — a fixed scalar, voltage-independent. No second additional channel. Matches I_M_fixed_tau."
4409c34a-7eb9-4522-9a30-0673e93e9374,a24d9636-1628-4191-bd7b-1c0fda5ba198,7,3,23,-304.415283203125,I_M,I_M_fixed_tau,"Single M-current gate `w` with Boltzmann steady-state w_inf. Time constant tau_w = torch.clamp(-params[:,9], min=1.0) is a fixed scalar per batch element, voltage-independent. No second additional channel. Matches I_M_fixed_tau."
ded32d4f-0aae-4aab-9af4-de4238615e94,a24d9636-1628-4191-bd7b-1c0fda5ba198,7,3,24,-288.6762084960937,I_M,I_M_fixed_tau,"Single M-current gate `w` with Boltzmann steady-state w_inf. Time constant tau_w = torch.clamp(params[:,9], min=10.0) is a fixed scalar, voltage-independent. No second additional channel. Matches I_M_fixed_tau."
35667bec-b133-47f9-8574-7d3ecebe07e3,e364bbb6-4cbb-4973-a0e9-ca180dc93386,6,3,19,-253.05377197265625,I_M,I_M_fixed_tau,"Single M-current gate p with Boltzmann steady-state p_inf. Time constant is param_j extracted directly from params[:,9] as a fixed scalar (voltage-independent constant). Update: p[:,i] = p_inf_now + (p_prev - p_inf_now) * Exp(-tstep / param_j). No voltage-dependent tau computation (no cosh, no alpha/beta for p). This matches tau_type=fixed_scalar -> I_M_fixed_tau."
dba5ae66-10d7-4b2b-b69a-5c9ab6104e31,e364bbb6-4cbb-4973-a0e9-ca180dc93386,6,3,20,-253.2551727294922,I_M,I_M_fixed_tau,"Single M-current gate p with Boltzmann sigmoid p_inf. Time constant is param_j from params[:,9], a fixed scalar used directly in Exp(-tstep / param_j). No voltage-dependent tau for the M-current gate. Only one additional channel (I_KM). Matches tau_type=fixed_scalar -> I_M_fixed_tau."
bb886d7d-5af8-432a-9263-999efa9134bd,e364bbb6-4cbb-4973-a0e9-ca180dc93386,6,3,21,-254.8099365234375,I_M,I_M_fixed_tau,"Single M-current gate p with Boltzmann steady-state. Time constant is param_j (params[:,9]), a fixed scalar constant used directly in the exponential Euler update. No bell-shaped or voltage-dependent tau computation. Only one additional channel. Matches tau_type=fixed_scalar -> I_M_fixed_tau."
03a438f2-b6fb-4b30-82d6-0a30c265aacd,e364bbb6-4cbb-4973-a0e9-ca180dc93386,6,3,22,-260.41943359375,I_M,I_M_fixed_tau,"Single M-current gate p with Boltzmann p_inf. Time constant is hardcoded as tau_p = 150.0 ms (a fixed scalar constant, not voltage-dependent). Update: p[:,i] = p_inf_now + (p_prev - p_inf_now) * Exp(torch.full_like(p_prev, -tstep / tau_p)). Only one additional channel. Matches tau_type=fixed_scalar -> I_M_fixed_tau."
b5693b5e-e6b6-4e62-a9d1-f372072ef6f1,e364bbb6-4cbb-4973-a0e9-ca180dc93386,6,3,23,-249.985092163086,I_M,I_M_fixed_tau,"Single M-current gate p with Boltzmann sigmoid p_inf. Time constant is param_j from params[:,9], a fixed scalar used directly in Exp(-tstep / param_j). No voltage-dependent tau computation for the M-current. Only one additional channel (I_KM). Matches tau_type=fixed_scalar -> I_M_fixed_tau."
3a178e44-465e-407d-ab20-39401e67b29b,e364bbb6-4cbb-4973-a0e9-ca180dc93386,6,3,24,-242.96987915039065,I_M,I_M_fixed_tau,"Single M-type K+ gate p with Boltzmann p_inf. Time constant is param_j extracted directly from params[:,9] as a constant scalar (voltage-independent). Update: p[:,i] = p_inf_now + (p_prev - p_inf_now) * Exp(-tstep / param_j). No voltage-dependent tau computation. -> I_M_fixed_tau."
8db0b6b4-c58c-4dba-847c-d9910d26af1d,e364bbb6-4cbb-4973-a0e9-ca180dc93386,6,3,25,-250.60108947753903,I_M,I_M_fixed_tau,"Single M-type K+ gate p with Boltzmann p_inf. Time constant is param_j from params[:,9], a constant scalar with no voltage dependence. Update: p[:,i] = p_inf_now + (p_prev - p_inf_now) * Exp(-tstep / param_j). -> I_M_fixed_tau."
fc541e19-0f08-48a6-a751-79e7f912113d,e364bbb6-4cbb-4973-a0e9-ca180dc93386,6,3,26,-254.5147705078125,I_M,I_M_fixed_tau,"Single M-type K+ gate p with Boltzmann p_inf. Time constant is hardcoded TAU_M = 150.0 ms (fixed scalar constant, precomputed as p_decay outside the loop). No voltage-dependent tau. -> I_M_fixed_tau."
16b7885a-de4e-40a4-b5fa-4d9f8dc5df23,e364bbb6-4cbb-4973-a0e9-ca180dc93386,6,3,27,-261.47198486328125,I_M,I_M_fixed_tau,"Single M-type K+ gate p with Boltzmann p_inf. Time constant is tau_p_fixed = 150.0 ms, a hardcoded constant scalar precomputed as exp_decay_p outside the loop. No voltage dependence in tau. -> I_M_fixed_tau."
95633371-69b1-481c-9057-3e52f9e85223,e364bbb6-4cbb-4973-a0e9-ca180dc93386,6,3,28,-259.21435546875,I_M,I_M_fixed_tau,"Single M-type K+ gate p with Boltzmann p_inf. Time constant is param_j from params[:,9], used directly as a constant scalar in Exp(-tstep / param_j). No voltage-dependent tau computation. -> I_M_fixed_tau."
8789c85b-e3b8-422e-85e2-d3a557cb02cb,e364bbb6-4cbb-4973-a0e9-ca180dc93386,6,3,29,-250.60794067382807,I_M,I_M_fixed_tau,"Single M-current gate p with Boltzmann steady-state p_inf. Time constant is param_j (params[:,9]), a fixed scalar drawn directly from the parameter vector with no voltage dependence. The update is: p[:, i] = p_inf_now + (p_prev - p_inf_now) * Exp(-tstep / param_j). This is a fixed scalar tau -> I_M_fixed_tau."
89653c90-881c-4588-9a41-63b23d71380f,e364bbb6-4cbb-4973-a0e9-ca180dc93386,6,3,30,-253.1920928955078,I_M,I_M_fixed_tau,"Single M-current gate p with Boltzmann steady-state p_inf. Time constant is param_j (params[:,9]), a fixed scalar from the parameter vector, voltage-independent. Update: p[:, i] = p_inf_now + (p_prev - p_inf_now) * Exp(-tstep / param_j). Fixed scalar tau -> I_M_fixed_tau."
a1b57511-bbbb-4f41-a9b7-b56640bd5e63,e364bbb6-4cbb-4973-a0e9-ca180dc93386,6,3,31,-262.9344787597656,I_M,I_M_fixed_tau,"Single M-current gate p with Boltzmann steady-state p_inf. Time constant is TAU_P = 150.0 ms, a hardcoded fixed scalar constant (not voltage-dependent). Update: p[:, i] = p_inf_now + (p_prev - p_inf_now) * Exp(torch.full_like(p_prev, -tstep / TAU_P)). Fixed scalar tau -> I_M_fixed_tau."
d8053e47-7ece-4bdd-9e33-e40f0845cbd2,8676b219-4d75-42a8-9949-196395b35f82,3,6,44,-283.8597106933594,I_M,I_M_fixed_tau,"Single M-current gate p with Boltzmann steady-state p_inf. Time constant is TAU_M_FIXED = 200.0 ms, a hardcoded fixed scalar constant with no voltage dependence. Update: p[:, i] = p_ss + (p[:, i-1] - p_ss) * Exp(torch.full_like(p_ss, -tstep / TAU_M_FIXED)). Fixed scalar tau -> I_M_fixed_tau."
b3e74f03-e62c-4722-9e5e-7b502be4f9a0,8676b219-4d75-42a8-9949-196395b35f82,3,6,45,-266.5027770996094,I_M,I_M_fixed_tau,"Single M-current gate p with Boltzmann steady-state p_inf. Time constant is tau_M_scale = params[:,9], a fixed scalar drawn directly from the parameter vector with no voltage dependence. Update: p[:, i] = p_ss + (p[:, i-1] - p_ss) * Exp(-tstep / tau_M_scale). Fixed scalar tau -> I_M_fixed_tau."
a6c66bb6-a44e-4c12-9541-a9b2cb49dc09,8676b219-4d75-42a8-9949-196395b35f82,3,6,46,-280.4589538574219,I_M,I_M_fixed_tau,"Single M-type K+ current with one activation gate p. The time constant TAU_M_P is fixed at 150.0 ms (a scalar constant, not voltage-dependent). The decay factor is precomputed as exp(-dt/TAU_M_P) before the loop. This is a fixed_scalar tau -> I_M_fixed_tau."
a1e2a637-4059-482b-ac83-81ba23dce61c,8676b219-4d75-42a8-9949-196395b35f82,3,6,47,-322.2867736816406,I_M,I_M_fixed_tau,Single M-type K+ current with one activation gate p. The time constant TAU_M_FIXED is fixed at 200.0 ms (a scalar constant). The exponential decay factor exp_p is precomputed as a scalar before the loop. No voltage dependence in tau. This is a fixed_scalar tau -> I_M_fixed_tau.
f2946c1c-fce6-4eb3-8b95-83ddab43e870,8676b219-4d75-42a8-9949-196395b35f82,3,6,48,-271.3441467285156,I_M,I_M_voltage_dep_tau,"Single M-type K+ current with one activation gate p. The tau_p function uses a cosh-like denominator: TAU_M_NUM / (2.0 * cosh(0.033*(V - V_half_M)) + 1e-6), which is a bell-shaped voltage-dependent time constant. This is voltage_dependent tau -> I_M_voltage_dep_tau."
7ddd6566-8b50-498b-998f-b854b2c362d1,8676b219-4d75-42a8-9949-196395b35f82,3,6,49,-371.2851867675781,I_M_plus_I_h,I_M_plus_I_h_fixed_tau,"Two additional channels: (1) M-type K+ current with gate p and fixed scalar tau TAU_M_MS=200.0 ms; (2) Ih/HCN hyperpolarization-activated current with gate q, inverted Boltzmann q_inf (activates on hyperpolarization, half-activation at -75 mV), and a voltage-dependent tau_q scaled by tau_Ih_scl. The I_M tau is fixed_scalar. The secondary channel is I_h. -> I_M_plus_I_h_fixed_tau."
80f416d0-567e-4a3d-a7ab-c1779ed2ea18,8676b219-4d75-42a8-9949-196395b35f82,3,6,51,-295.1695556640625,I_M,I_M_fixed_tau,"Single M-type K+ current with one activation gate p. The time constant tau_M is drawn from params[:,9] (clamped: torch.clamp(-params[:,9], min=1.0)), which is a learned parameter scalar per batch element - a fixed scalar from a parameter (not computed as a voltage-dependent function). No bell-shaped or cosh formula is used for tau. This is a fixed_scalar tau -> I_M_fixed_tau."
d3c2ce1e-458d-41c9-88d8-f5213960ad32,7e916310-bb41-4c31-9c69-b85f231b69be,4,6,51,-302.3641967773437,I_M,I_M_fixed_tau,"Single M-type K+ current with one activation gate p. Steady-state p_inf is a Boltzmann function of V. The time constant tau_p is taken directly from params[:,7] as a fixed scalar (no voltage dependence). The update is: p[:,i] = p_ss + (p[:,i-1] - p_ss) * Exp(-tstep / tau_p). This matches tau_type=fixed_scalar -> I_M_fixed_tau."
f392ff98-d788-4ab1-88d7-dbd6c3d21d7e,7e916310-bb41-4c31-9c69-b85f231b69be,4,6,52,-285.338623046875,I_M,I_M_fixed_tau,"Single M-type K+ current with one activation gate p. Steady-state p_inf is a Boltzmann function of V (fixed V_half=-35 mV). The time constant tau_p is taken directly from params[:,8] as a fixed scalar with no voltage dependence. The update is: p[:,i] = p_ss + (p[:,i-1] - p_ss) * Exp(-tstep / tau_p). This matches tau_type=fixed_scalar -> I_M_fixed_tau."
225884f7-2dcc-444a-904d-ad99ea7540a2,7e916310-bb41-4c31-9c69-b85f231b69be,4,6,53,-287.4344482421875,I_M,I_M_fixed_tau,"Single M-type K+ current with one activation gate p. Steady-state p_inf is a Boltzmann function of V (fixed V_HALF_KM=-35 mV, K_KM=10 mV). The time constant tau_Km is taken directly from params[:,7] as a fixed scalar with no voltage dependence. The update is: p[:,i] = p_ss + (p[:,i-1] - p_ss) * Exp(-tstep / tau_Km). This matches tau_type=fixed_scalar -> I_M_fixed_tau."
b976dfe3-eb97-4143-a1ec-e3fa79439182,7e916310-bb41-4c31-9c69-b85f231b69be,4,6,54,-325.8037414550781,I_M,I_M_fixed_tau,"Single M-type K+ current with one activation gate p. Steady-state p_inf is a Boltzmann function of V (v_half = Vt + 15.0, slope 10 mV). The time constant tau_p is taken directly from params[:,7] as a fixed scalar with no voltage dependence. The update is: p[:,i] = p_ss + (p[:,i-1] - p_ss) * Exp(-tstep / tau_p). This matches tau_type=fixed_scalar -> I_M_fixed_tau."
b0ee203f-b726-40bd-909d-49443bfb8ae0,7e916310-bb41-4c31-9c69-b85f231b69be,4,6,55,-313.757568359375,I_M,I_M_fixed_tau,"Single M-type K+ current with one activation gate p. Steady-state p_inf is a Boltzmann function of V (v_half = Vt + 20.0, slope 10 mV). The time constant tau_p is taken directly from params[:,7] as a fixed scalar with no voltage dependence. The update is: p[:,i] = p_ss + (p[:,i-1] - p_ss) * Exp(-tstep / tau_p). This matches tau_type=fixed_scalar -> I_M_fixed_tau."
70a1bf13-26b3-4dd1-a0c7-bc03e8497115,7e916310-bb41-4c31-9c69-b85f231b69be,4,6,56,-290.1612548828125,I_M,I_M_fixed_tau,"Single M-type K+ current with one activation gate p. Steady-state p_inf is a Boltzmann function of V. The time constant tau_p is taken directly from params[:,7] as a constant scalar — no voltage dependence, no cosh/bell-shape. Update: p[:,i] = p_ss + (p[:,i-1] - p_ss) * Exp(-tstep / tau_p). This is a fixed scalar tau -> I_M_fixed_tau."
93d505f4-19e2-449e-b9e5-c02d642776d5,7e916310-bb41-4c31-9c69-b85f231b69be,4,6,57,-298.1212463378906,I_M,I_M_fixed_tau,"Identical structure to snippet 1: single M-type K+ current, Boltzmann p_inf, constant tau_p from params[:,7]. The M-gate update uses a fixed scalar time constant with no voltage dependence. -> I_M_fixed_tau."
73da5177-1e9d-434b-a7a3-3c9c325d35b6,7e916310-bb41-4c31-9c69-b85f231b69be,4,6,58,-344.9884948730469,I_M_plus_I_h,I_M_plus_I_h_fixed_tau,"Two additional channels: (1) M-type K+ current with gate p, Boltzmann p_inf, fixed scalar tau_p from params[:,7]; (2) Ih/HCN hyperpolarization-activated cation current with gate q, inverted Boltzmann q_inf (activates on hyperpolarization, v_half=-75 mV), fixed scalar tau_q from params[:,9]. Both time constants are fixed scalars from parameters. Reversal E_h=-30 mV for Ih. This matches I_M_plus_I_h_fixed_tau."
49c243c7-dea9-4fde-84d6-d6eabd59092c,7e916310-bb41-4c31-9c69-b85f231b69be,4,6,59,-241.8178100585937,I_M,I_M_fixed_tau,"Single M-type K+ current with gate p, Boltzmann p_inf (v_half = Vt + v_half_offset from params[:,8]), and fixed scalar time constant tau_Km from params[:,9]. No voltage-dependent tau computation. Update: p[:,i] = p_ss + (p[:,i-1] - p_ss) * Exp(-tstep / tau_Km). -> I_M_fixed_tau."
73d70b25-61d0-4439-aa85-9b79396a21e0,7e916310-bb41-4c31-9c69-b85f231b69be,4,6,60,-350.2136535644531,I_M_plus_I_NaP,I_M_plus_I_NaP_fixed_tau,"Two additional channels: (1) M-type K+ current with gate p, Boltzmann p_inf (v_half = Vt+20), fixed scalar tau_p from params[:,7]; (2) Persistent Na+ current (INaP) with instantaneous Boltzmann activation m_inf_NaP (no state variable ODE), gbar_NaP from params[:,8]. INaP has no dynamic gate. I_M uses fixed scalar tau. This matches I_M_plus_I_NaP_fixed_tau."
4e838eab-270b-48eb-89d1-c5b3231a84f4,1d576d13-a6e5-4375-9d90-0385f5689b86,2,13,131,-264.2917785644531,I_M,I_M_voltage_dep_tau,"Single M-current channel only (no second additional channel). Gate p with Boltzmann p_inf centered at -35 mV. tau_p is bell-shaped voltage-dependent function: TAU_M_BASE / (3.3*exp((V+35)/20) + exp(-(V+35)/20) + 1e-6), clamped to [1,500] ms. This is the Wang 1998 voltage-dependent tau formulation -> I_M_voltage_dep_tau."
90fa9585-22cc-45ab-bf2c-40ca366aac6b,1d576d13-a6e5-4375-9d90-0385f5689b86,2,13,132,-371.4255981445313,I_M_plus_I_NaP,I_M_plus_I_NaP_voltage_dep_tau,"Two additional channels: X1 is M-current with single gate p, Boltzmann p_inf, and bell-shaped voltage-dependent tau_p (Wang 1998 form: tau_M_base / (3.3*exp + 3.3*exp + 1e-6)). X2 is persistent Na+ current (INaP) with instantaneous Boltzmann activation s_inf (no ODE state variable). This matches I_M_plus_I_NaP with voltage-dependent tau for I_M -> I_M_plus_I_NaP_voltage_dep_tau."
a06be4a0-f0cb-413d-b1b0-05c3fb8cd7cd,1d576d13-a6e5-4375-9d90-0385f5689b86,2,13,133,-393.0255432128906,I_M_plus_I_NaP,I_M_plus_I_NaP_voltage_dep_tau,"Two additional channels: X1 is M-current with single gate p, Boltzmann p_inf at -35 mV, and voltage-dependent bell-shaped tau_p (100.0 / (3.3*(exp + exp) + 1e-6), clamped [1,500] ms). X2 is persistent Na+ current (INaP) with instantaneous Boltzmann activation m_NaP_inf (no ODE). Matches I_M_plus_I_NaP with voltage-dependent tau -> I_M_plus_I_NaP_voltage_dep_tau."
294bc06b-bec0-44bd-922d-f0b5573342d3,1d576d13-a6e5-4375-9d90-0385f5689b86,2,13,134,-264.55279541015625,I_M,I_M_voltage_dep_tau,"Single M-current channel only (X2 slot unused). Gate p with Boltzmann p_inf. tau_p uses a bell-shaped voltage-dependent formula: tau_scale / (3.3*exp((V+35)/20) + exp(-(V+35)/20) + 1e-6), clamped [1,500] ms. tau_scale comes from params[:,9] but is used as a scaling factor within a voltage-dependent bell-shape formula, making the tau structurally voltage-dependent. This is I_M with voltage-dependent tau -> I_M_voltage_dep_tau."
116acc45-f8c9-4d4b-8ed6-cb804b52bb31,1d576d13-a6e5-4375-9d90-0385f5689b86,2,13,135,-432.6288146972656,I_M_plus_I_NaP,I_M_plus_I_NaP_voltage_dep_tau,"Two additional channels: X1 is M-current with single gate p, Boltzmann p_inf at -35 mV, and voltage-dependent bell-shaped tau_p_fn (tau_M_base=100 / (3.3*(exp+exp)+1e-6), clamped [1,500] ms). X2 is persistent Na+ current (INaP) with instantaneous Boltzmann activation s_inf (no ODE state variable). Matches I_M_plus_I_NaP with voltage-dependent tau for I_M -> I_M_plus_I_NaP_voltage_dep_tau."
fd0366ab-2e74-4cde-a43c-2e6946b63f77,1d576d13-a6e5-4375-9d90-0385f5689b86,2,13,136,-416.535888671875,I_M_plus_I_NaP,I_M_plus_I_NaP_voltage_dep_tau,"Two additional channels: (1) M-type K+ current with single gate p, Boltzmann SS, and bell-shaped voltage-dependent tau via Wang 1998 form (tau_M_base / (3.3*(exp((V+35)/20) + exp(-(V+35)/20)))), clamped [1,500] ms; (2) Persistent Na+ current (INaP) with instantaneous Boltzmann activation (no ODE, no state variable). This matches I_M_plus_I_NaP with voltage_dependent tau."
9b6c4535-b2fd-4813-a0bf-8c1df4c07292,1d576d13-a6e5-4375-9d90-0385f5689b86,2,13,137,-367.6970825195313,I_M_plus_I_NaP,I_M_plus_I_NaP_voltage_dep_tau,"Two additional channels: (1) M-type K+ current with single gate p, Boltzmann SS, and voltage-dependent tau via Wang 1998 form (1000 / (3.3*(exp((V+35)/20) + exp(-(V+35)/20)))); (2) Persistent Na+ current (INaP) with instantaneous Boltzmann activation (no ODE). Matches I_M_plus_I_NaP with voltage_dependent tau."
70c52953-2899-4107-806d-85000541d433,1d576d13-a6e5-4375-9d90-0385f5689b86,2,13,138,-391.8367919921875,I_M_plus_I_NaP,I_M_plus_I_NaP_voltage_dep_tau,"Two additional channels: (1) M-type K+ current with single gate p, Boltzmann SS, and voltage-dependent bell-shaped tau (tau_M_base / denom where denom = 3.3*exp(...)+exp(...)), clamped [1,500] ms; (2) INaP with instantaneous Boltzmann activation (no state variable ODE). Matches I_M_plus_I_NaP with voltage_dependent tau."
aee5baad-30d0-41c0-8f6b-0e17a8182d46,1d576d13-a6e5-4375-9d90-0385f5689b86,2,13,139,-300.53076171875,I_M,I_M_voltage_dep_tau,"Single additional channel: M-type K+ current only. Single gate p with Boltzmann SS. tau_p uses tau_scale (inferred from params[:,9]) divided by the Wang 1998 bell-shaped denominator (3.3*(exp((V+35)/20)+exp(-(V+35)/20))). Although tau_scale is a learned parameter, the tau function is structurally voltage-dependent (bell-shaped form), not a fixed scalar — the voltage-dependent shape is the defining structural feature. No second channel is present. Matches I_M_voltage_dep_tau."
f794bcc3-043d-48bc-8875-488935e36c99,1d576d13-a6e5-4375-9d90-0385f5689b86,2,13,140,-263.94287109375,I_M,I_M_voltage_dep_tau,"Single additional channel: M-type K+ current only (X2 slot intentionally unused). Single gate p with Boltzmann SS (half-activation -35 mV, slope 10 mV). tau_p uses fixed tau_max=100 ms divided by bell-shaped denominator (Wang 1998 form), clamped [2,500] ms — voltage-dependent tau. Matches I_M_voltage_dep_tau."
341aed1f-fdf2-4cad-b4c1-3ad8650c6582,1d576d13-a6e5-4375-9d90-0385f5689b86,2,13,141,-391.5439758300781,I_M_plus_I_NaP,I_M_plus_I_NaP_fixed_tau,"Two additional channels: (1) M-type K+ current with single gate p, Boltzmann p_inf, and a FIXED scalar tau_M = 50.0 ms (hardcoded constant, not voltage-dependent); (2) Persistent Na+ current (INaP) with instantaneous Boltzmann activation m_nap_inf (no ODE state variable). This matches I_M_plus_I_NaP_fixed_tau: fixed scalar tau for I_M paired with instantaneous INaP."
7e2c8d54-e2ad-4750-a2bb-f139c89acb4d,a70abf70-001b-4b4f-9c79-56789d37f2a7,5,3,22,-285.1802978515625,I_M,I_M_fixed_tau,"Single additional channel: M-type K+ current with single gate p, Boltzmann p_inf, and a fixed scalar time constant tau_p_M drawn from params[:,9] (clamped to min=1.0). The tau is voltage-independent — it is a learned parameter scalar, not a bell-shaped or alpha/beta function of V. No second channel present. This matches I_M_fixed_tau."
1cc4b242-105c-4283-97aa-6e600640986f,a70abf70-001b-4b4f-9c79-56789d37f2a7,5,3,23,-265.5557556152344,I_M,I_M_fixed_tau,"Single additional channel: M-type K+ current with single gate p, Boltzmann p_inf_M, and a voltage-independent fixed scalar time constant tau_M drawn from params[:,9] (clamped min=1.0). The tau does not vary with voltage — it is a constant tensor per batch element. No second channel present. This matches I_M_fixed_tau."
01ba5862-30d4-4d63-a57e-8ac64e75dcbb,a70abf70-001b-4b4f-9c79-56789d37f2a7,5,3,24,-276.02178955078125,I_M,I_M_fixed_tau,"Single additional channel: M-type K+ current with single gate p, Boltzmann p_inf_M (slope 9 mV), and a voltage-independent fixed scalar time constant tau_M from params[:,9] (clamped to [1.0, 3000.0]). The tau_p_M() function returns tau_M.clamp(...) — a constant per batch element with no voltage dependence. No second channel present. This matches I_M_fixed_tau."
145a63a6-9284-44e7-9335-e81276a7463d,a70abf70-001b-4b4f-9c79-56789d37f2a7,5,3,25,-269.0572509765625,I_M,I_M_voltage_dep_tau,"Single additional channel: M-type K+ current with single gate p. The kinetics use alpha_p and beta_p functions that depend on voltage via Exp(dv) and Exp(-dv) where dv = (V - V_half_M)/k_M. This produces a voltage-dependent (bell-shaped) time constant tau_p = 1/(alpha_p + beta_p) = tau_M_scale / cosh(dv), which is the classic voltage-dependent bell-shaped tau form. No second channel present. This matches I_M_voltage_dep_tau."
f7bb5705-f868-43e1-93bf-ed06c30c3d33,a70abf70-001b-4b4f-9c79-56789d37f2a7,5,3,26,-280.9385681152344,I_M,I_M_voltage_dep_tau,"Single M-current gate p with Boltzmann p_inf and a cosh-based tau_p: tau_M_scale / cosh((V - V_half_M) / (2*k_M)). This is a bell-shaped, voltage-dependent time constant (cosh form), matching I_M_voltage_dep_tau."
5842e959-adce-4d64-a709-278e57860680,a70abf70-001b-4b4f-9c79-56789d37f2a7,5,3,27,-279.982177734375,I_M,I_M_voltage_dep_tau,"Single M-current gate p with Boltzmann p_inf_M and tau_p_M computed as tau_M_scale / (3.3 * (exp((V-V_half)/40) + exp(-(V-V_half)/40))), which is a bell-shaped voltage-dependent time constant (Wang 1998 form). This matches I_M_voltage_dep_tau."
771e7541-6807-499d-90f2-68ccfcfd8b1a,a70abf70-001b-4b4f-9c79-56789d37f2a7,5,3,28,-286.030517578125,I_M,I_M_fixed_tau,"Single M-current gate p with Boltzmann p_inf_M and a fixed scalar time constant tau_M = params[:, 9] (clamped to min=1.0, voltage-independent). The tau is drawn directly from a parameter and does not vary with V. This matches I_M_fixed_tau."
1cbd9e8e-8ee7-463e-a7ec-ff2f2f24d5a3,a70abf70-001b-4b4f-9c79-56789d37f2a7,5,3,29,-290.4170837402344,I_M,I_M_fixed_tau,"Single M-current gate p with Boltzmann p_inf and a fixed scalar time constant tau_M = params[:, 9] used directly (not negated, voltage-independent). The update is p[:, i] = p_inf_val + (p_prev - p_inf_val) * Exp(-tstep / tau_M) with no voltage dependence in tau. This matches I_M_fixed_tau."
4dc32388-f18b-47ad-900f-5e1803a8c043,a70abf70-001b-4b4f-9c79-56789d37f2a7,5,3,30,-275.1102905273437,I_M,I_M_fixed_tau,"Single M-current gate p with Boltzmann p_inf_M and a fixed scalar time constant tau_p = clamp(tau_M_scale, min=5.0), precomputed before the loop and constant across all time steps and voltages. This matches I_M_fixed_tau."
50aefddb-716e-4ad6-a752-b9d92c6362a1,a70abf70-001b-4b4f-9c79-56789d37f2a7,5,3,31,-287.6032409667969,I_M,I_M_voltage_dep_tau,Single M-current gate p with Boltzmann p_inf and a bell-shaped (cosh-based) voltage-dependent tau_p: tau_scale / cosh((V - V_half_M) / 40). This is a voltage-dependent tau -> I_M_voltage_dep_tau. No secondary channel present.
65485970-9891-4741-9ee6-93c2942702e4,a70abf70-001b-4b4f-9c79-56789d37f2a7,5,3,32,-404.0151672363281,unknown,unknown,"This snippet adds TWO additional K+ channels: an M-current (gate p, fixed scalar tau_M from params[:,7]) and a second slow K+ current (gate q, fixed scalar tau_slow from params[:,9]). This combination (I_M + I_Kslow with two fixed scalar taus) does not match any defined multi-channel taxonomy entry. The closest would be I_M_plus_I_Ks, but that requires voltage-dependent alpha/beta kinetics for both channels, not fixed scalar taus. The second channel is not I_NaP, I_h, I_A, or a background ohmic K+ leak. Classified as unknown."
0c66d7a0-aa4e-4674-9a88-abd31c9ef7bd,a70abf70-001b-4b4f-9c79-56789d37f2a7,5,3,33,-338.2362060546875,I_M_plus_I_h,I_M_plus_I_h_fixed_tau,"Two additional channels: (1) M-current gate p with Boltzmann p_inf and fixed scalar tau_M from params[:,8]; (2) HCN/Ih gate q with inverted Boltzmann q_inf (activates on hyperpolarization, V_half_h=-75 mV) and fixed scalar tau_h from params[:,9]. Reversal E_h=-30 mV (mixed cation). Both taus are fixed scalars from parameters. This matches I_M_plus_I_h_fixed_tau."
58a08cd5-fdef-42f9-baba-74670ecb0f11,a70abf70-001b-4b4f-9c79-56789d37f2a7,5,3,34,-282.1422119140625,I_M,I_M_fixed_tau,"Single M-current gate p with Boltzmann p_inf and a FIXED scalar time constant TAU_M_FIXED=100.0 ms (hardcoded constant, not voltage-dependent). tau_type=fixed_scalar -> I_M_fixed_tau. No secondary channel present."
e16d72f1-b017-4331-8ad9-6d6ec89f70f2,a70abf70-001b-4b4f-9c79-56789d37f2a7,5,3,35,-350.4519958496094,I_M_plus_I_NaP,I_M_plus_I_NaP_fixed_tau,"Two additional channels: (1) M-current gate p with Boltzmann p_inf and fixed scalar tau_M from params[:,7] (clamped, voltage-independent); (2) Persistent Na+ current (I_NaP) with instantaneous Boltzmann activation s_inf_NaP (no state variable ODE). tau_type=fixed_scalar for I_M, secondary=I_NaP instantaneous -> I_M_plus_I_NaP_fixed_tau."
ad82074e-fcf9-4904-9fd1-b2943dc31ef5,a70abf70-001b-4b4f-9c79-56789d37f2a7,5,3,36,-281.5349426269531,I_M,I_M_voltage_dep_tau,"Single M-gate p with Boltzmann steady-state p_inf. The tau_p function uses a cosh-like denominator: tau_M_scale / (exp(dv) + exp(-dv) + 1e-7), where dv = (V - V_half_M) / (2*k_M). This is a bell-shaped, voltage-dependent time constant that peaks at V_half_M and decays on both sides — classic voltage-dependent tau. No second channel present. -> I_M_voltage_dep_tau."
f1b8f2eb-4886-4aff-b4dd-e4564fdf6046,a70abf70-001b-4b4f-9c79-56789d37f2a7,5,3,37,-288.793212890625,I_M,I_M_fixed_tau,"Single M-gate p with Boltzmann steady-state p_inf_M. The time constant tau_p_M is explicitly set to a fixed scalar 100.0 ms (hardcoded, not inferred, not voltage-dependent). The update uses Exp(torch.full_like(p_ss, -tstep / tau_p_M)), confirming a constant tau. No second channel. -> I_M_fixed_tau."
3c54fb74-0998-40e5-8a23-c04df50915b7,a24d9636-1628-4191-bd7b-1c0fda5ba198,7,4,25,-275.3023376464844,I_M,I_M_fixed_tau,"Single M-gate w with Boltzmann steady-state w_inf. The tau_w_val() function returns torch.clamp(tau_M, min=10.0, max=3000.0), which is a fixed scalar per batch element drawn from params[:,9] — voltage-independent. It is precomputed before the loop as tau_w_ms and used as a constant in the exponential Euler update. No second channel. -> I_M_fixed_tau."
00d81dd6-b126-4e3f-9a48-78767ee547fc,a24d9636-1628-4191-bd7b-1c0fda5ba198,7,4,26,-265.4046936035156,I_M,I_M_fixed_tau,"Single M-gate w with Boltzmann steady-state w_inf. The time constant tau_w_M = torch.clamp(torch.abs(params[:,9]), min=10.0, max=2000.0) is a fixed scalar per batch element, voltage-independent, drawn from a parameter. Used directly in the exponential Euler update without any voltage dependence. No second channel. -> I_M_fixed_tau."
f01f5196-c903-44ae-bd6b-6afbf943aaa5,a24d9636-1628-4191-bd7b-1c0fda5ba198,7,4,27,-269.6927490234375,I_M,I_M_fixed_tau,"Single M-gate w with Boltzmann steady-state w_inf. The time constant tau_w = torch.clamp(torch.abs(param_j), min=10.0) is a fixed scalar per batch element derived from params[:,9], with no voltage dependence. Precomputed before the loop and used as a constant in the exponential Euler update. No second channel. -> I_M_fixed_tau."
fe492572-28e8-4837-84f5-94830d0f78f2,a24d9636-1628-4191-bd7b-1c0fda5ba198,7,4,28,-306.5265808105469,I_M,I_M_fixed_tau,"Single M-current gate 'w' with Boltzmann steady-state w_inf. The time constant tau_M is extracted directly from params[:,7] and clamped to >=10 ms — a fixed scalar, voltage-independent time constant. No voltage-dependent bell-shaped tau computation. This matches I_M_fixed_tau (tau_type=fixed_scalar)."
96135aa3-571d-49c7-a796-0db7eeba3f58,a24d9636-1628-4191-bd7b-1c0fda5ba198,7,4,29,-277.5972595214844,I_M,I_M_fixed_tau,"Single M-current gate 'w' with Boltzmann steady-state w_inf. The time constant tau_w_M is extracted from params[:,8] and clamped to [20, 150] ms — a fixed scalar per batch element, with no voltage dependence. This matches I_M_fixed_tau (tau_type=fixed_scalar)."
ce9e2135-2cee-45ba-8087-13bf09751d7d,a24d9636-1628-4191-bd7b-1c0fda5ba198,7,4,30,-269.22528076171875,I_M,I_M_fixed_tau,"Single M-current gate 'w' with Boltzmann steady-state w_inf. The time constant tau_w_const is extracted from params[:,9] and clamped to [5, 2000] ms — a fixed scalar, voltage-independent time constant. No bell-shaped or voltage-dependent tau. This matches I_M_fixed_tau (tau_type=fixed_scalar)."
f1f637fc-d7e4-4834-8e67-436ef9204c59,a24d9636-1628-4191-bd7b-1c0fda5ba198,7,4,31,-286.2712097167969,I_M,I_M_fixed_tau,"Single M-current gate 'w' with Boltzmann steady-state w_inf. The time constant tau_w_M is extracted from params[:,9] and clamped to [5, 600] ms — a fixed scalar per batch element with no voltage dependence. This matches I_M_fixed_tau (tau_type=fixed_scalar)."
ad52292e-9969-4674-9de3-222af1843d24,e364bbb6-4cbb-4973-a0e9-ca180dc93386,6,4,32,-248.5555114746093,I_M,I_M_fixed_tau,"Single M-current gate 'p' with Boltzmann steady-state p_inf. The time constant is param_j extracted directly from params[:,9] — a fixed scalar (voltage-independent) used as the tau in the exponential Euler update. No bell-shaped or voltage-dependent tau computation. This matches I_M_fixed_tau (tau_type=fixed_scalar)."
ce137ff6-704f-4928-be4d-57a889386211,e364bbb6-4cbb-4973-a0e9-ca180dc93386,6,4,33,-245.4002380371093,I_M,I_M_fixed_tau,"Single M-type K+ gate p with Boltzmann p_inf. Time constant is param_j (ms), a fixed scalar from params[:,9] used directly with no voltage dependence: `p[:, i] = p_inf_now + (p_prev - p_inf_now) * Exp(-tstep / param_j)`. No bell-shaped or cosh-based tau. No secondary channel. -> I_M_fixed_tau."
eb3af70e-d42c-4eab-b2a8-fe970297ac30,e364bbb6-4cbb-4973-a0e9-ca180dc93386,6,4,34,-248.07867431640625,I_M,I_M_fixed_tau,"Single M-type K+ gate p with Boltzmann p_inf. Time constant is param_j (ms), a fixed scalar from params[:,9] used directly: `p[:, i] = p_inf_now + (p_prev - p_inf_now) * Exp(-tstep / param_j)`. Voltage-independent constant tau. No secondary channel. -> I_M_fixed_tau."
9fff2969-37df-42e8-aebd-3b5f6fb90cab,e364bbb6-4cbb-4973-a0e9-ca180dc93386,6,4,35,-247.66017150878903,I_M,I_M_fixed_tau,"Single M-type K+ gate p with Boltzmann p_inf. Time constant is param_j (ms), a fixed scalar from params[:,9] used directly: `p[:, i] = p_inf_now + (p_prev - p_inf_now) * Exp(-tstep / param_j)`. Voltage-independent constant tau. No secondary channel. -> I_M_fixed_tau."
f9f85d17-f967-411b-b086-dcb04210e8b6,e364bbb6-4cbb-4973-a0e9-ca180dc93386,6,4,36,-248.9666290283203,I_M,I_M_fixed_tau,"Single M-type K+ gate p with Boltzmann p_inf. Time constant is tau_p_ms = -param_j = params[:,9], a fixed scalar (voltage-independent): `p[:, i] = p_inf_now + (p_prev - p_inf_now) * Exp(-tstep / tau_p_ms)`. No bell-shaped tau. No secondary channel. -> I_M_fixed_tau."
1f89c7d5-af8f-4ac9-b491-b493f3f709fb,e364bbb6-4cbb-4973-a0e9-ca180dc93386,6,4,37,-248.73843383789065,I_M,I_M_fixed_tau,"Single M-type K+ gate p with Boltzmann p_inf. Time constant is param_j (ms), a fixed scalar from params[:,9] used directly: `p[:, i] = p_inf_now + (p_prev - p_inf_now) * Exp(-tstep / param_j)`. Voltage-independent constant tau. No secondary channel. -> I_M_fixed_tau."
8febfc80-151c-4cd0-ab93-7bd49cc73a54,e364bbb6-4cbb-4973-a0e9-ca180dc93386,6,4,38,-261.3754577636719,I_M,I_M_fixed_tau,"Single M-current gate p with Boltzmann p_inf. Time constant is param_j = params[:,9], a fixed scalar drawn directly from the parameter vector with no voltage dependence. The update is `p[:, i] = p_inf_prev + (p[:, i-1] - p_inf_prev) * Exp(-tstep / param_j)` — tau is a constant scalar, not a function of V. This matches tau_type=fixed_scalar -> I_M_fixed_tau."
b4f9f222-8fbc-44a1-b863-0db514371dba,e364bbb6-4cbb-4973-a0e9-ca180dc93386,6,4,39,-261.1852111816406,unknown,unknown,"This snippet implements only a Persistent Na+ current (I_NaP) with instantaneous Boltzmann activation and no M-type K+ current at all. There is no p gate or M-current ODE. The taxonomy does not have a standalone I_NaP family; I_NaP only appears as a secondary channel paired with I_M. Since this is a single I_NaP channel without I_M, it does not fit any defined subtype."
01702e9c-bc4b-4751-9cc8-36cfe5c7faf0,e364bbb6-4cbb-4973-a0e9-ca180dc93386,6,4,40,-248.62368774414065,I_M,I_M_fixed_tau,"Single M-current gate p with Boltzmann p_inf centered at param_i (negated from params[:,8]). Time constant tau_p = torch.clamp(-param_j, min=1e-3), where param_j = -params[:,9], so tau_p = params[:,9] — a fixed scalar from the parameter vector, voltage-independent. The update uses this constant tau_p in exponential Euler. This matches tau_type=fixed_scalar -> I_M_fixed_tau."
7108c842-3dbe-4800-b654-1c148e78f285,8676b219-4d75-42a8-9949-196395b35f82,3,7,52,-282.167236328125,I_M,I_M_fixed_tau,"Single M-current gate p with Boltzmann p_inf centered at V_half_M = -params[:,7]. Time constant is tau_M_fixed = 200.0 ms, a hardcoded scalar constant (not voltage-dependent). The update is `p[:, i] = p_ss + (p[:, i-1] - p_ss) * Exp(torch.full_like(p_ss, -tstep / tau_M_fixed))` — fixed scalar tau. This matches tau_type=fixed_scalar -> I_M_fixed_tau."
480bc25b-cc5a-470d-97f8-e2f890aa4829,8676b219-4d75-42a8-9949-196395b35f82,3,7,53,-289.0203857421875,I_M,I_M_fixed_tau,"Single M-current gate p with Boltzmann p_inf centered at V_half_M = -params[:,7]. Time constant is tau_M_fixed = 200.0 ms, a hardcoded scalar constant. The decay factor decay_M is pre-computed as exp(-tstep/tau_M_fixed) outside the loop and applied as `p[:, i] = p_ss + (p[:, i-1] - p_ss) * decay_M` — fixed scalar tau, voltage-independent. This matches tau_type=fixed_scalar -> I_M_fixed_tau."
80c841d3-a3d6-4249-8b6c-0fc3585c12bc,8676b219-4d75-42a8-9949-196395b35f82,3,7,54,-283.9891052246094,I_M,I_M_fixed_tau,"Single M-gate 'p' with Boltzmann p_inf. tau_M is hardcoded as a scalar constant (tau_M_fixed = 200.0 ms), precomputed before the loop as exp_p = exp(-tstep/tau_M_fixed). No voltage-dependent tau computation. This is a fixed scalar tau -> I_M_fixed_tau."
acfd02db-7b07-467f-ac10-680b42d181b0,8676b219-4d75-42a8-9949-196395b35f82,3,7,55,-282.05328369140625,I_M,I_M_fixed_tau,"Single M-gate 'p' with Boltzmann p_inf_M. tau_M = torch.clamp(params[:,9].float(), min=1.0) — a learned parameter drawn directly from params, voltage-independent. The update is p_ss + (p_prev - p_ss)*Exp(-tstep/tau_M) with constant tau_M per batch element. This is a fixed scalar tau -> I_M_fixed_tau."
e7ceb8b4-cbf2-43ad-a869-4624e8274cc9,8676b219-4d75-42a8-9949-196395b35f82,3,7,56,-267.6847839355469,I_M,I_M_fixed_tau,"Single M-gate 'p' with Boltzmann p_inf. tau_M = torch.clamp(params[:,9].float(), min=1.0) — a constant per batch element drawn from params, not voltage-dependent. The gate update uses Exp(-tstep/tau_M) with this fixed scalar. No bell-shaped or voltage-varying tau. -> I_M_fixed_tau."
16e2e6dd-0104-453b-acbe-0c0c271b4a78,8676b219-4d75-42a8-9949-196395b35f82,3,7,57,-285.5237121582031,I_M,I_M_fixed_tau,"Single M-gate 'p' with sigmoid p_inf_M. tau_M = torch.clamp(params[:,9].float(), min=1.0) — a fixed scalar per batch element from params, voltage-independent. Gate update: p_ss + (p_prev - p_ss)*Exp(-tstep/tau_M). No voltage-dependent tau function. -> I_M_fixed_tau."
d560b1c0-5a2e-4ba1-babf-e54abe0b1979,7e916310-bb41-4c31-9c69-b85f231b69be,4,7,61,-354.44110107421875,I_M_plus_I_NaP,I_M_plus_I_NaP_voltage_dep_tau,"Two additional channels: (1) M-current (IKm) with single gate 'p', Boltzmann p_inf, and a bell-shaped voltage-dependent tau_p(V) = tau_max / (3.3*exp(dv/40) + exp(-dv/20)) — classic Wang form; (2) Persistent Na+ current (INaP) with instantaneous Boltzmann activation m_NaP_inf (no state variable ODE). This matches I_M_plus_I_NaP with voltage-dependent tau -> I_M_plus_I_NaP_voltage_dep_tau."
88fbbc4d-fb0c-4dbb-be5b-c118a0fd3fae,7e916310-bb41-4c31-9c69-b85f231b69be,4,7,62,-271.196044921875,I_M,I_M_voltage_dep_tau,"Single M-type K+ current (IKm) with one activation gate p, Boltzmann steady-state p_inf, and a voltage-dependent bell-shaped time constant tau_p(V) = tau_max / (3.3*exp(dv/40) + exp(-dv/20)). No second channel. tau is voltage-dependent (not a fixed scalar). -> I_M_voltage_dep_tau."
4b7990cf-d74a-4d20-a702-3d47a728e685,7e916310-bb41-4c31-9c69-b85f231b69be,4,7,63,-310.1795654296875,I_M_plus_I_NaP,I_M_plus_I_NaP_voltage_dep_tau,"Two additional channels: (1) M-type K+ current (IKm) with single gate p and voltage-dependent cosh-shaped tau_p(V) = tau_max/cosh((V-v_half)/20), and (2) Persistent Na+ current (INaP) with instantaneous Boltzmann activation (no state variable ODE). The I_M tau is voltage-dependent (cosh form). -> I_M_plus_I_NaP_voltage_dep_tau."
d864facf-b6fa-478a-a975-ed868e124dbd,7e916310-bb41-4c31-9c69-b85f231b69be,4,7,64,-260.9588928222656,I_M,I_M_voltage_dep_tau,"Single M-type K+ current (IKm) with one activation gate p, Boltzmann steady-state p_inf, and a bell-shaped voltage-dependent time constant tau_p(V) = tau_max / (exp(-dv/20) + exp(dv/20)) = tau_max / (2*cosh(dv/20)). No second channel. tau is voltage-dependent. -> I_M_voltage_dep_tau."
a6dcaf31-738c-4a67-8ea7-18638076ec64,7e916310-bb41-4c31-9c69-b85f231b69be,4,7,65,-270.8774719238281,I_M,I_M_voltage_dep_tau,"Single M-type K+ current (IKm) with one activation gate p, Boltzmann steady-state p_inf, and a voltage-dependent bell-shaped time constant tau_p(V) = tau_max / (3.3*exp(dv/40) + exp(-dv/20)). params[:,7] is explicitly unused. No second channel. tau is voltage-dependent. -> I_M_voltage_dep_tau."
713e1e28-f573-4304-9c9b-16ec2767feb4,7e916310-bb41-4c31-9c69-b85f231b69be,4,7,66,-330.5275573730469,I_M_plus_I_NaP,I_M_plus_I_NaP_voltage_dep_tau,"Two additional channels: (1) M-type K+ current (IKm) with single gate p and voltage-dependent bell-shaped tau_p(V) = tau_max / (3.3*exp(dv/40) + exp(-dv/20)), and (2) Persistent Na+ current (INaP) with instantaneous Boltzmann activation at -55 mV (no state variable ODE). The I_M tau is voltage-dependent. -> I_M_plus_I_NaP_voltage_dep_tau."
4950376d-3383-4f4a-920d-ddd82ab24c73,7e916310-bb41-4c31-9c69-b85f231b69be,4,7,67,-258.11151123046875,I_M,I_M_voltage_dep_tau,Single M-type K+ current with one activation gate p. Steady-state is Boltzmann p_inf. Time constant tau_p(V) = tau_max / (3.3*exp(dv/40) + exp(-dv/20)) is a bell-shaped voltage-dependent function (Mainen & Sejnowski style). No second channel present. -> I_M_voltage_dep_tau.
f20d1c0e-92c7-40d2-bf0a-d16c1286dfa7,7e916310-bb41-4c31-9c69-b85f231b69be,4,7,68,-326.6232604980469,I_M_plus_I_NaP,I_M_plus_I_NaP_fixed_tau,"Two additional channels: (1) M-type K+ current with single gate p and FIXED scalar time constant tau_Km = params[:,9] (constant, not voltage-dependent); (2) Persistent Na+ current (INaP) with instantaneous Boltzmann activation m_NaP_inf (no state variable ODE). This matches I_M_plus_I_NaP_fixed_tau: fixed scalar tau for I_M paired with instantaneous INaP."
1140479a-cf7a-4047-819e-bfdba6ff1703,b8102286-d8c7-43d5-93eb-b576b2869877,8,2,11,-286.0555419921875,I_M,I_M_voltage_dep_tau,"Single M-type K+ current with one activation gate p. Steady-state is Boltzmann p_inf_M. Time constant tau_p_M uses a cosh-based bell-shaped formula: tau_M_scale / cosh((V-V_HALF_M)/HALF_WIDTH_M), which is voltage-dependent. No second channel present. -> I_M_voltage_dep_tau."
a815dd3c-3697-4cdf-a133-dced8e9a2232,b8102286-d8c7-43d5-93eb-b576b2869877,8,2,12,-283.128662109375,I_M,I_M_voltage_dep_tau,Single M-type K+ current with one activation gate p. Steady-state is Boltzmann p_inf_M. Time constant tau_p_M = tau_max / (exp(dv) + exp(-dv)) = tau_max / (2*cosh(dv)) is a bell-shaped voltage-dependent function (Wang 1998 style). No second channel present. -> I_M_voltage_dep_tau.
60b8f134-d3c6-42b3-af42-c04d57250f83,b8102286-d8c7-43d5-93eb-b576b2869877,8,2,13,-291.0380859375,I_M,I_M_voltage_dep_tau,Single M-type K+ current with one activation gate p. Steady-state is Boltzmann p_inf_M centred at fixed V_half_M=-35 mV. Time constant tau_p_M = tau_M_max / (exp(dv)+exp(-dv)) = tau_M_max/(2*cosh(dv)) is a bell-shaped voltage-dependent function. No second channel present. -> I_M_voltage_dep_tau.
e44c9dcf-5ec6-41a0-923f-db0de90a02b1,b8102286-d8c7-43d5-93eb-b576b2869877,8,2,14,-296.3148193359375,I_M,I_M_voltage_dep_tau,"Single M-current gate p with Boltzmann p_inf and bell-shaped tau_p = tau_max / (exp(dv) + exp(-dv)), which is a cosh/sech form that varies with voltage. tau_max is drawn from params[:,9] but the time constant itself is voltage-dependent (bell-shaped). No second channel present. -> I_M_voltage_dep_tau."
46307817-cd6a-42f4-a88e-f41b0a766a93,b8102286-d8c7-43d5-93eb-b576b2869877,8,2,15,-280.86260986328125,I_M,I_M_voltage_dep_tau,"Single M-current gate p with Boltzmann p_inf_M and bell-shaped tau_p_M = tau_max / (exp(dv) + exp(-dv)), a cosh-like voltage-dependent time constant. tau_max from params[:,9] sets the peak amplitude but the tau itself varies with V. No second channel. -> I_M_voltage_dep_tau."
44522466-3b2c-4abd-bf77-ba795700ed0b,b8102286-d8c7-43d5-93eb-b576b2869877,8,2,16,-297.1727294921875,I_M,I_M_voltage_dep_tau,"Single M-current gate p with Boltzmann p_inf_M and bell-shaped tau_p_M = tau_max_M / (exp(dv) + exp(-dv)), voltage-dependent cosh form. tau_max_M from params[:,7]. No second channel. -> I_M_voltage_dep_tau."
6ea60f33-e602-4237-be1c-e6483c86d20d,b8102286-d8c7-43d5-93eb-b576b2869877,8,2,17,-334.4075927734375,I_M_plus_I_NaP,I_M_plus_I_NaP_voltage_dep_tau,"Two additional channels: (1) M-current with single gate p, bell-shaped voltage-dependent tau_p_M = tau_max_M / (exp(dv) + exp(-dv)); (2) Persistent Na+ current (I_NaP) with instantaneous Boltzmann activation m_inf_NaP (no ODE state variable). This matches I_M_plus_I_NaP with voltage-dependent tau for I_M. -> I_M_plus_I_NaP_voltage_dep_tau."
4aea60ae-caab-4132-8b16-e26dc834d9d1,b8102286-d8c7-43d5-93eb-b576b2869877,8,2,18,-279.0249938964844,I_M,I_M_voltage_dep_tau,"Single M-current gate p with Boltzmann p_inf and bell-shaped tau_p = tau_max / (exp(dv) + exp(-dv)), voltage-dependent cosh form. V_half inferred from params[:,8], tau_max from params[:,9]. No second channel. -> I_M_voltage_dep_tau."
a8e354e5-9341-4681-b006-5e907899f9bb,b8102286-d8c7-43d5-93eb-b576b2869877,8,2,19,-292.61688232421875,I_M,I_M_voltage_dep_tau,"Single M-type K+ current with one activation gate p. Steady-state p_inf is a Boltzmann sigmoid. The time constant tau_p is computed as tau_max / (exp(dv) + exp(-dv)), which is a bell-shaped (cosh-based) function of voltage — voltage_dependent tau. No second channel present. E_K = -107 mV."
f3d2baf7-253f-4535-a530-d6a28834ecd5,b8102286-d8c7-43d5-93eb-b576b2869877,8,2,20,-306.3802490234375,I_M,I_M_voltage_dep_tau,"Single M-type K+ current with one activation gate p. tau_p_M is computed as tau_max_M / (Exp(dv) + Exp(-dv)), a bell-shaped voltage-dependent time constant centred at V_HALF_M = -35 mV. No second channel. E_K = -107 mV. Matches I_M_voltage_dep_tau."
8dd226ea-31d6-4033-bd70-aa500aa5db5d,b8102286-d8c7-43d5-93eb-b576b2869877,8,2,21,-289.3588256835937,I_M,I_M_voltage_dep_tau,Single M-type K+ current with gate p. tau_p_M uses cosh-based bell shape: tau_M_max / (Exp(dv) + Exp(-dv)) where dv = (x - V_half_M) / (2*slope_M). This is a voltage-dependent time constant. No second channel. E_K = -107 mV.
5bc5e77f-9c21-4e1b-ab70-a6e17d965430,b8102286-d8c7-43d5-93eb-b576b2869877,8,2,22,-308.2275390625,I_M,I_M_voltage_dep_tau,Single M-type K+ current with gate p. tau_p_M is tau_max / (Exp(dv) + Exp(-dv)) with dv = (x - V_HALF_M) / SCALE_M — a bell-shaped voltage-dependent time constant. No second channel. E_K = -107 mV.
d5053736-1dd2-478c-83c5-a3edd165a870,b8102286-d8c7-43d5-93eb-b576b2869877,8,2,23,-280.30450439453125,I_M,I_M_voltage_dep_tau,"Single M-type K+ current with gate p. tau_p_M uses cosh_dv = 0.5*(Exp(dv)+Exp(-dv)) giving tau_max/cosh_dv — a bell-shaped voltage-dependent time constant. V_half is inferred from params[:,8] but the tau structure is still voltage-dependent (cosh form). No second channel. E_K = -107 mV."
b75eee13-53e7-4169-8ac2-599319ec318e,b8102286-d8c7-43d5-93eb-b576b2869877,8,2,24,-399.5571899414063,I_M_plus_I_NaP,I_M_plus_I_NaP_voltage_dep_tau,"Snippet 1 has two additional channels: (1) M-type K+ current with gate p, where tau_p_M uses a bell-shaped voltage-dependent formula: tau_max_M / (Exp(dv) + Exp(-dv)), which is a cosh-like denominator — voltage_dependent tau; (2) Persistent Na+ current (I_NaP) with instantaneous Boltzmann activation m_inf_NaP (no ODE state variable). This matches I_M_plus_I_NaP with voltage-dependent tau for I_M."
66c86a17-3859-48af-8896-a4971672fdd7,8676b219-4d75-42a8-9949-196395b35f82,3,8,59,-297.1304626464844,I_M,I_M_fixed_tau,"Snippet 2 has only one additional channel: M-type K+ current with gate p. The time constant tau_M is derived from -params[:,9] and clamped to min=1.0 ms — a fixed scalar per batch element, voltage-independent. The comment explicitly states 'tau_M is voltage-independent: constant per batch element'. This matches I_M_fixed_tau."
c915ea91-f739-49c2-b2f3-3da1e2252c88,8676b219-4d75-42a8-9949-196395b35f82,3,8,60,-297.8525085449219,I_M,I_M_fixed_tau,"Snippet 3 has only one additional channel: M-type K+ current with gate p. The time constant tau_M = clamp(-params[:,9], min=1.0) is a fixed scalar per batch element with no voltage dependence. The update uses p_ss + (p - p_ss) * Exp(-tstep / tau_M) with constant tau_M. This matches I_M_fixed_tau."
f213eed0-9ff5-4fb6-b5e3-20b153aad87b,8676b219-4d75-42a8-9949-196395b35f82,3,8,61,-316.5783386230469,I_M,I_M_fixed_tau,"Snippet 4 has only one additional channel: M-type K+ current with gate p. The time constant tau_M = clamp(-params[:,9], min=1.0) is a fixed scalar per batch element, voltage-independent. The M-gate update uses p_ss + (p - p_ss) * Exp(-tstep / tau_M) with constant tau_M. This matches I_M_fixed_tau."
9c311880-998b-4c7b-97df-bb79a5af665b,8676b219-4d75-42a8-9949-196395b35f82,3,8,62,-264.7734375,I_M,I_M_fixed_tau,"Snippet 5 has only one additional channel: M-type K+ current with gate p. The time constant tau_M = params[:,9].clamp(min=1.0) is a fixed scalar per batch element (positive prior, no negation, no voltage dependence). A precomputed decay_p = Exp(-tstep / tau_M) is used outside the loop, confirming it is voltage-independent. This matches I_M_fixed_tau."
607877a8-a49c-4a63-b232-4e931f489907,8676b219-4d75-42a8-9949-196395b35f82,3,8,63,-285.8533935546875,I_M,I_M_fixed_tau,"Single M-gate 'p' with Boltzmann steady-state p_inf_M. Time constant tau_M is taken directly from params[:,9] and clamped to min=1.0 ms — a fixed scalar, voltage-independent. No bell-shaped or alpha/beta voltage-dependent tau. No second channel. -> I_M_fixed_tau."
c6dfc3ae-7e82-48bf-ab36-55c5cfee4b22,a24d9636-1628-4191-bd7b-1c0fda5ba198,7,5,32,-271.8907470703125,I_M,I_M_fixed_tau,"Single M-gate 'w' with Boltzmann steady-state w_inf_fn. Time constant tau_w_val is computed as torch.clamp(torch.abs(tau_w_raw), min=5.0, max=3000.0) — a fixed scalar derived from a parameter, voltage-independent. No voltage-dependent (bell-shaped) tau. No second channel. -> I_M_fixed_tau."
970b9dba-59e5-4366-a03b-a9cf74932a02,a24d9636-1628-4191-bd7b-1c0fda5ba198,7,5,33,-304.65606689453125,I_M,I_M_fixed_tau,"Single M-gate 'w' with Boltzmann steady-state w_inf. Time constant tau_M is taken from -params[:,9] and clamped to min=1.0 ms — a fixed scalar, voltage-independent. No bell-shaped or alpha/beta voltage-dependent tau. No second channel. -> I_M_fixed_tau."
02d53d91-9c3d-450f-b6f4-95cc91c54e3d,a24d9636-1628-4191-bd7b-1c0fda5ba198,7,5,34,-276.9224853515625,I_M,I_M_fixed_tau,"Single M-gate 'w' with Boltzmann steady-state w_inf. The tau_w function returns torch.clamp(tau_w_M, min=5.0) where tau_w_M = torch.abs(params[:,9]) — a fixed scalar per batch element, voltage-independent (the voltage argument x is unused in tau_w). No second channel. -> I_M_fixed_tau."
0afddae4-a169-4829-aaa8-9102617bec12,a24d9636-1628-4191-bd7b-1c0fda5ba198,7,5,35,-272.5542907714844,I_M,I_M_fixed_tau,"Single M-gate 'w' with Boltzmann steady-state w_inf. Time constant tau_w is taken directly from params[:,9] and clamped to min=10.0 ms — a fixed scalar, voltage-independent. No bell-shaped or alpha/beta voltage-dependent tau. No second channel. -> I_M_fixed_tau."
45a8084c-a932-4db8-9df9-d330394486a7,a24d9636-1628-4191-bd7b-1c0fda5ba198,7,5,36,-290.5551147460937,I_M,I_M_fixed_tau,"Single M-current gating variable w with Boltzmann steady-state w_inf. The tau_w() function returns torch.clamp(-param_j, min=10.0) — a fixed scalar derived directly from a learned parameter with no voltage dependence. This matches tau_type=fixed_scalar -> I_M_fixed_tau."
44a6a234-8e87-40af-8296-0b4bde0a7c23,a24d9636-1628-4191-bd7b-1c0fda5ba198,7,5,37,-271.8000183105469,I_M,I_M_fixed_tau,"Single M-current gating variable w with Boltzmann steady-state w_inf_fn. The time constant tau_w_val is precomputed before the loop as torch.clamp(torch.abs(tau_w_M), min=1.0, max=3000.0) — a fixed scalar from a learned parameter, voltage-independent. This matches tau_type=fixed_scalar -> I_M_fixed_tau."
3fc65310-003f-4259-be2d-31ba991c352c,a24d9636-1628-4191-bd7b-1c0fda5ba198,7,5,38,-288.3765869140625,I_M,I_M_fixed_tau,"Single M-current gating variable w with Boltzmann steady-state w_inf. The tau_w(x) function ignores x and returns torch.clamp(-params[:,9].float(), min=1.0) — a fixed scalar from a learned parameter with no voltage dependence. This matches tau_type=fixed_scalar -> I_M_fixed_tau."
6283f76b-e9ca-4805-a441-46dbde64db40,1d576d13-a6e5-4375-9d90-0385f5689b86,2,14,142,-375.3366088867188,I_M_plus_I_NaP,I_M_plus_I_NaP_voltage_dep_tau,"Two additional channels: (1) M-current with gating variable p, Boltzmann p_inf, and voltage-dependent bell-shaped tau_p using Wang 1998 formula: tau_max/(3.3*(exp((V+35)/20)+exp(-(V+35)/20))). (2) Persistent Na+ current (INaP) with instantaneous Boltzmann activation s_inf (no ODE state variable). This is the I_M_plus_I_NaP combination with voltage-dependent tau -> I_M_plus_I_NaP_voltage_dep_tau."
e48ade86-c831-4f61-91ca-fedcbc0e07fb,1d576d13-a6e5-4375-9d90-0385f5689b86,2,14,143,-409.3564758300781,I_M_plus_I_NaP,I_M_plus_I_NaP_voltage_dep_tau,"Two additional channels: (1) M-current with gating variable p, Boltzmann p_inf, and voltage-dependent bell-shaped tau_p_wang using Wang 1998 formula: 100/(3.3*(exp((V+35)/20)+exp(-(V+35)/20))), clamped [1,500] ms. (2) Persistent Na+ current (INaP) with instantaneous Boltzmann activation m_NaP_inf (no ODE state variable). This is the I_M_plus_I_NaP combination with voltage-dependent tau -> I_M_plus_I_NaP_voltage_dep_tau."
fca057c0-b1bf-416d-9be7-bec7ff3e6aa5,1d576d13-a6e5-4375-9d90-0385f5689b86,2,14,144,-408.7982177734375,I_M_plus_I_NaP,I_M_plus_I_NaP_voltage_dep_tau,"Two additional channels: (1) M-type K+ current with single gate p, tau_p computed via Wang 1998 bell-shaped voltage-dependent function (100/denom where denom involves exp((V+35)/20) + exp(-(V+35)/20)), clamped to [1,500] ms -> voltage_dependent tau; (2) Persistent Na+ current (INaP) with instantaneous Boltzmann activation s_inf (no state variable ODE). This matches I_M_plus_I_NaP_voltage_dep_tau."
4d65fb5d-97e5-4a3e-befe-c560a78c5b16,1d576d13-a6e5-4375-9d90-0385f5689b86,2,14,145,-345.7858581542969,I_M_plus_I_NaP,I_M_plus_I_NaP_fixed_tau,"Two additional channels: (1) M-type K+ current with single gate p, tau_M = 100.0 ms fixed scalar constant (not voltage-dependent; decay_p = Exp(zeros - tstep/tau_M) with scalar tau_M=100.0) -> fixed_scalar tau; (2) Persistent Na+ current (INaP) with instantaneous Boltzmann activation m_nap_inf (no state variable). This matches I_M_plus_I_NaP_fixed_tau."
9192a065-bf62-4cbf-91bb-95ba69f032e7,1d576d13-a6e5-4375-9d90-0385f5689b86,2,14,146,-262.8720092773437,I_M,I_M_voltage_dep_tau,"Single additional channel: M-type K+ current with single gate p, tau computed via Wang 1998 bell-shaped voltage-dependent function tau_p_wang(x) = tau_M_base / (3.3*(exp((x+35)/20) + exp(-(x+35)/20))), clamped to [5,500] ms. No second channel (params[:,7] and params[:,9] explicitly unused). Tau is voltage_dependent -> I_M_voltage_dep_tau."
5fff1662-6e1e-4c59-806a-d1968d87b124,1d576d13-a6e5-4375-9d90-0385f5689b86,2,14,148,-405.8194885253906,I_M_plus_I_NaP,I_M_plus_I_NaP_voltage_dep_tau,"Two additional channels: (1) M-type K+ current with single gate p, tau_p computed via Wang 1998 bell-shaped voltage-dependent function (100/denom with exp terms), clamped to [1,500] ms -> voltage_dependent tau; (2) Persistent Na+ current (INaP) with instantaneous Boltzmann activation s_inf (slope 4 mV, no state variable). This matches I_M_plus_I_NaP_voltage_dep_tau."
36ed864b-5159-4065-a92a-9dfca7d3313f,1d576d13-a6e5-4375-9d90-0385f5689b86,2,14,149,-265.21942138671875,I_M,I_M_voltage_dep_tau,"Single additional channel: M-type K+ current with single gate p. tau_p is computed via Wang 1998 bell-shaped voltage-dependent function: tau_M_base / (3.3*exp((x+35)/20) + 3.3*exp(-(x+35)/20)), where tau_M_base is inferred from params[:,9]. The tau is structurally voltage-dependent (bell-shaped), not a fixed scalar. params[:,7] is explicitly unused. No second channel present. -> I_M_voltage_dep_tau."
65716c9f-3a12-4dd1-9ee4-253df4c8e23d,1d576d13-a6e5-4375-9d90-0385f5689b86,2,14,150,-346.0937194824219,I_M_plus_I_NaP,I_M_plus_I_NaP_voltage_dep_tau,"Two additional channels: X1 is M-type K+ current with single gate p, Boltzmann p_inf centered at -35 mV, and a bell-shaped voltage-dependent tau_p (Wang 1998 form: 100/(3.3*(exp((x+35)/20)+exp(-(x+35)/20))), clamped [1,500] ms). X2 is persistent Na+ current (INaP) with instantaneous Boltzmann activation m_NaP_inf (no state variable ODE). This matches I_M_plus_I_NaP with voltage-dependent tau for I_M."
676194b6-45d1-485e-b9f6-6bedd04a3374,1d576d13-a6e5-4375-9d90-0385f5689b86,2,14,151,-391.35394287109375,I_M_plus_I_NaP,I_M_plus_I_NaP_voltage_dep_tau,"Two additional channels: X1 is M-type K+ current with single gate p, Boltzmann p_inf at -35 mV, and bell-shaped voltage-dependent tau_p (Wang 1998: tau_M_base/(3.3*exp((x+35)/20)+exp(-(x+35)/20)), clamped [1,500] ms). X2 is persistent Na+ current (INaP) with instantaneous Boltzmann activation m_nap_inf (no ODE state variable). Matches I_M_plus_I_NaP_voltage_dep_tau."
d136983a-b296-40f4-860e-78700de6e563,1d576d13-a6e5-4375-9d90-0385f5689b86,2,14,152,-302.3731689453125,I_M_plus_I_NaP,I_M_plus_I_NaP_fixed_tau,"Two additional channels: X1 is M-type K+ current with single gate p, Boltzmann p_inf with inferred half-activation Vh_M, and a FIXED scalar time constant tau_M = 50.0 ms (not voltage-dependent). X2 is persistent Na+ current (INaP) with instantaneous Boltzmann activation m_nap_inf (no ODE state variable). The tau for I_M is a fixed scalar constant, matching I_M_plus_I_NaP_fixed_tau."
0554b749-6eae-4d37-941b-149747ebdb3e,a70abf70-001b-4b4f-9c79-56789d37f2a7,5,4,38,-279.7309875488281,I_M,I_M_voltage_dep_tau,"Single additional channel: M-type K+ current with single gate p, Boltzmann p_inf_M centered at inferred V_half_M, and a voltage-dependent bell-shaped tau_p_M (tau_scale_M / (3.3*(exp((x-V_half_M)/40)+exp(-(x-V_half_M)/20)))). No second channel added (params[:,7] explicitly unused). The tau is voltage-dependent (bell-shaped), matching I_M_voltage_dep_tau."
fb6f2a28-713b-4a55-9ae0-6dee719c1215,a70abf70-001b-4b4f-9c79-56789d37f2a7,5,4,39,-282.2011108398437,I_M,I_M_fixed_tau,"Single additional channel: M-type K+ current with single gate p, Boltzmann p_inf centered at inferred V_half_p, and a fixed scalar time constant tau_p_const drawn directly from params[:,9] (clamped min=1.0 ms). The tau_p function ignores voltage (x is unused) and returns tau_p_const directly — a fixed scalar. No second channel added (params[:,7] reserved/unused). Matches I_M_fixed_tau."
8b730bc9-47bc-4d32-a88a-95b3f0832e9e,a70abf70-001b-4b4f-9c79-56789d37f2a7,5,4,40,-262.1016540527344,I_M,I_M_fixed_tau,"Single M-current activation gate p with Boltzmann steady-state p_inf. The time constant tau_M is taken directly from params[:,9] (a fixed scalar parameter, not voltage-dependent). alpha_p = p_inf/tau_M and beta_p = (1-p_inf)/tau_M, so tau_p = 1/(alpha_p+beta_p) = tau_M, a constant. This is a fixed scalar tau -> I_M_fixed_tau."
b8fd9e16-f02c-427a-b6ad-992c6a3f4556,a70abf70-001b-4b4f-9c79-56789d37f2a7,5,4,41,-275.6217346191406,I_M,I_M_voltage_dep_tau,"Single M-current activation gate p. The alpha_p and beta_p are defined as Exp(v1/20)/(tau_M_scale*2) and Exp(-v1/20)/(tau_M_scale*2) respectively, where v1 = x - V_half_M. This gives tau_p = tau_M_scale / (2*cosh((V-V_half_M)/20)), a bell-shaped voltage-dependent time constant. -> I_M_voltage_dep_tau."
e70ecad9-da76-41ca-9952-15bd88c6b04b,a70abf70-001b-4b4f-9c79-56789d37f2a7,5,4,42,-271.9808654785156,I_M,I_M_fixed_tau,"Single M-current gate p_M with Boltzmann steady-state p_inf_M. The update uses: p_M[:,i] = pM_ss + (pM_prev - pM_ss)*Exp(-tstep/tau_M), where tau_M = params[:,9].float() is a fixed scalar parameter (not voltage-dependent). This is a fixed scalar tau -> I_M_fixed_tau."
d285a4a9-1675-4142-afaf-50bd4793fca7,a70abf70-001b-4b4f-9c79-56789d37f2a7,5,4,43,-280.029541015625,I_M,I_M_fixed_tau,"Single M-current gate p with Boltzmann steady-state p_inf. The time constant tau_p = torch.clamp(tau_p_scale, min=0.1) where tau_p_scale = params[:,9], a fixed scalar parameter precomputed before the loop. The update p[:,i] = p_inf_now + (p_prev - p_inf_now)*Exp(-tstep/tau_p) uses this constant tau. -> I_M_fixed_tau."
d3d87974-6cdd-4984-8d73-54410a36cb8d,a70abf70-001b-4b4f-9c79-56789d37f2a7,5,4,44,-272.9986877441406,I_M,I_M_fixed_tau,"Single M-current gate q with Boltzmann steady-state q_inf. The time constant tau_q = torch.clamp(tau_q_scale, min=0.5) where tau_q_scale = params[:,9], a fixed scalar parameter precomputed before the loop. The update q[:,i] = q_ss + (q[:,i-1] - q_ss)*Exp(-tstep/tau_q) uses this constant tau. -> I_M_fixed_tau."
b3ce550b-ca58-436c-a4f0-230306e0e7bc,a70abf70-001b-4b4f-9c79-56789d37f2a7,5,4,45,-275.1088256835937,I_M,I_M_fixed_tau,"Single M-current gate p with Boltzmann p_inf. The time constant tau_M is taken directly from params[:,9] (not negated, kept positive) and clamped to [1.0, 3000] ms before the loop — it is a fixed scalar, voltage-independent. No secondary channel. -> I_M_fixed_tau."
c83d4565-c90d-457c-a4a8-36151a6f7d5c,a70abf70-001b-4b4f-9c79-56789d37f2a7,5,4,46,-274.5335388183594,I_M,I_M_fixed_tau,"Single M-current gate p with Boltzmann p_inf_M. tau_p is computed once before the loop via tau_p_M() = torch.clamp(tau_M, min=1.0), where tau_M = params[:,9] — a fixed scalar, voltage-independent. No secondary channel. -> I_M_fixed_tau."
2d347e5d-53c1-4140-813f-6b8d0461a9a1,a70abf70-001b-4b4f-9c79-56789d37f2a7,5,4,47,-284.54180908203125,I_M,I_M_fixed_tau,"Single M-current gate p with Boltzmann p_inf_M. tau_M = torch.clamp(tau_M_scale, min=1.0) is precomputed from params[:,9] before the loop — a fixed scalar, voltage-independent. No secondary channel. -> I_M_fixed_tau."
2dde22fd-9002-4c5d-9e31-373ee12ddeda,a70abf70-001b-4b4f-9c79-56789d37f2a7,5,4,48,-275.5282592773437,I_M,I_M_fixed_tau,"Single M-current gate p_M with Boltzmann p_inf_M. alpha_p_M and beta_p_M are defined as p_inf_M(x)/tau_M and (1-p_inf_M(x))/tau_M where tau_M = params[:,9] is a fixed scalar from the parameter vector (not voltage-dependent). The resulting tau_x(a_pM, b_pM) = 1/(alpha_p_M+beta_p_M) = tau_M, a constant. No secondary channel. -> I_M_fixed_tau."
50735da1-9c6b-4db7-8bad-d0d3a493b017,a70abf70-001b-4b4f-9c79-56789d37f2a7,5,4,49,-265.48321533203125,I_M,I_M_fixed_tau,"Single M-current gate p with Boltzmann p_inf_M. The time constant tau_p_M = params[:,9] is a fixed scalar (not negated, voltage-independent), used directly in the exponential Euler update: p[:,i] = p_ss + (p_prev - p_ss)*Exp(-tstep/tau_p_M). No secondary channel. -> I_M_fixed_tau."
14a585ec-5120-4e6d-8380-e4e650ff1781,e364bbb6-4cbb-4973-a0e9-ca180dc93386,6,5,42,-259.6732482910156,I_M,I_M_fixed_tau,"Single M-current gate p with Boltzmann steady-state p_inf. Time constant is param_j (ms), a fixed scalar from params[:,9] with no voltage dependence. Update: p[:,i] = p_inf_now + (p_prev - p_inf_now) * Exp(-tstep / param_j). This is a fixed scalar tau -> I_M_fixed_tau."
73e7fa74-52e1-413f-b386-306f707756bd,e364bbb6-4cbb-4973-a0e9-ca180dc93386,6,5,43,-248.3267517089844,I_M,I_M_fixed_tau,"Single M-current gate p with sigmoid steady-state. Time constant is param_j from params[:,9], a voltage-independent constant scalar. Update: p[:,i] = p_inf_now + (p_prev - p_inf_now) * Exp(-tstep / param_j). Fixed scalar tau -> I_M_fixed_tau."
13d89de6-63ea-4c15-84a4-4e3da3ea0488,e364bbb6-4cbb-4973-a0e9-ca180dc93386,6,5,44,-264.490478515625,I_M,I_M_fixed_tau,"Single M-current gate p with sigmoid steady-state. Time constant is TAU_P = 150.0 ms, a hardcoded fixed scalar constant precomputed before the loop as exp_decay_p. Voltage-independent fixed tau -> I_M_fixed_tau."
d1a473ad-b565-47f9-8822-0e39437674ba,e364bbb6-4cbb-4973-a0e9-ca180dc93386,6,5,45,-260.9781494140625,I_M,I_M_fixed_tau,"Single M-current gate p with Boltzmann steady-state. Time constant is param_j from params[:,9], a voltage-independent scalar. Update: p[:,i] = p_inf_now + (p_prev - p_inf_now) * Exp(-tstep / param_j). Fixed scalar tau -> I_M_fixed_tau."
50fd7b50-a764-4712-aecd-4fa158d9dfa2,e364bbb6-4cbb-4973-a0e9-ca180dc93386,6,5,46,-258.63507080078125,I_M,I_M_fixed_tau,"Single M-current gate p with sigmoid steady-state. Time constant is tau_M = 150.0 ms, a hardcoded fixed scalar, precomputed as exp_p before the loop. Voltage-independent fixed tau -> I_M_fixed_tau."
91d6c5c5-672c-4c21-b4b1-823ac6b8df89,e364bbb6-4cbb-4973-a0e9-ca180dc93386,6,5,47,-286.85076904296875,I_M_plus_I_h,I_M_plus_I_h_fixed_tau,"Two additional channels: (1) M-type K+ current with single gate p, Boltzmann p_inf, and fixed scalar tau_p_fixed=100 ms (voltage-independent); (2) Hyperpolarization-activated cation current (I_h/HCN) with single gate q, inverted Boltzmann q_inf, and fixed scalar tau_q_fixed=80 ms. Both tau values are hardcoded constants, not voltage-dependent. E_h=-30 mV for mixed cation reversal. This matches I_M_plus_I_h_fixed_tau: fixed scalar tau for I_M paired with I_h."
db920192-361f-4a78-a49c-2d18de15ec69,a24d9636-1628-4191-bd7b-1c0fda5ba198,7,6,39,-289.20953369140625,I_M,I_M_fixed_tau,"Single additional channel: M-type K+ current with single gate w, Boltzmann w_inf, and voltage-independent time constant tau_w_clamped = clamp(-params[:,9], min=10, max=2000) — a fixed scalar drawn directly from a parameter, precomputed before the loop. No secondary channel is used (gbar_X2 is extracted but unused). This matches I_M_fixed_tau: fixed scalar tau."
eef6db2f-adc4-4e06-bb7f-60729a370dcc,a24d9636-1628-4191-bd7b-1c0fda5ba198,7,6,40,-273.82275390625,I_M,I_M_fixed_tau,"Single additional channel: M-type K+ current with single gate w, Boltzmann w_inf, and voltage-independent time constant tau_w_fixed = clamp(abs(tau_w_M), min=10, max=3000) computed from params[:,9] before the loop and held constant across time steps. No secondary channel. This matches I_M_fixed_tau: fixed scalar tau."
6965aec5-08cf-498f-99dd-d54d3d61f68b,a24d9636-1628-4191-bd7b-1c0fda5ba198,7,6,41,-282.7569885253906,I_M,I_M_fixed_tau,"Single additional channel: M-type K+ current with single gate w, Boltzmann w_inf, and voltage-independent time constant tau_w_M = clamp(abs(-params[:,9]), min=10) — a fixed scalar from a parameter. No secondary channel (X2 slot explicitly commented as unused). This matches I_M_fixed_tau: fixed scalar tau."
2e2188ba-626c-4697-8182-089b35bfa940,a24d9636-1628-4191-bd7b-1c0fda5ba198,7,6,42,-290.16748046875,I_M,I_M_fixed_tau,"Single additional channel: M-type K+ current with single gate w, Boltzmann w_inf, and voltage-independent time constant tau_w(x) = clamp(tau_w_val, min=1.0) where tau_w_val = -params[:,9] is a fixed scalar from a parameter (no voltage dependence in the function body). No secondary channel (X2 slot commented as unused). This matches I_M_fixed_tau: fixed scalar tau."
6f649003-e9e8-499f-8a77-fe206e0c9739,a24d9636-1628-4191-bd7b-1c0fda5ba198,7,6,43,-279.7904052734375,I_M,I_M_fixed_tau,"Single M-current gate w with Boltzmann w_inf. The tau_w() function returns torch.clamp(-tau_M_raw, min=10.0, max=2000.0), which is a fixed scalar clamped from params[:,9] — voltage-independent. Precomputed once before the loop as tau_w_val. No secondary channel. -> I_M_fixed_tau."
9cb43c92-d87f-4897-9363-a4a9507c3a4d,a24d9636-1628-4191-bd7b-1c0fda5ba198,7,6,44,-295.43377685546875,I_M,I_M_fixed_tau,"Single M-current gate w with Boltzmann w_inf_fn. tau_w_M = torch.clamp(-params[:,9].float(), min=10.0, max=400.0) is a fixed scalar per batch element, voltage-independent, computed before the loop. No secondary channel. -> I_M_fixed_tau."
2708c758-1be4-4864-bb8b-8a2c0f93a804,a24d9636-1628-4191-bd7b-1c0fda5ba198,7,6,45,-278.2099609375,I_M,I_M_fixed_tau,"Single M-current gate w with Boltzmann w_inf. tau_w_clamped = torch.clamp(-params[:,9].float(), min=10.0, max=3000.0) is a fixed scalar, voltage-independent, precomputed before the loop. No secondary channel. -> I_M_fixed_tau."
dff2fcb0-ec3a-4cc8-b236-2befb6b64cef,a24d9636-1628-4191-bd7b-1c0fda5ba198,7,6,46,-297.60076904296875,I_M,I_M_fixed_tau,"Single M-current gate w with Boltzmann w_inf. tau_M = torch.clamp(-params[:,9].float(), min=10.0) is a fixed scalar per batch element, voltage-independent. No secondary channel. -> I_M_fixed_tau."
ed1b81d9-7520-40b3-80bd-8512dc8feb59,a24d9636-1628-4191-bd7b-1c0fda5ba198,7,6,47,-301.3535461425781,I_M,I_M_fixed_tau,"Single M-current gate w with Boltzmann w_inf. tau_w = torch.clamp(-params[:,9].float(), min=10.0) is a fixed scalar per batch element, voltage-independent, explicitly described as 'voltage-independent time constant'. No secondary channel. -> I_M_fixed_tau."
39d804a4-457b-4c33-8721-20cc5a00343e,b8102286-d8c7-43d5-93eb-b576b2869877,8,3,25,-292.2489013671875,I_M_plus_I_NaP,I_M_plus_I_NaP_voltage_dep_tau,"Snippet 1 has two additional channels: (1) I_M with a single gate p, Boltzmann p_inf, and a bell-shaped voltage-dependent tau_p = tau_M_max / (exp(dv) + exp(-dv)) — voltage_dependent tau; (2) I_NaP with instantaneous Boltzmann activation m_NaP_inf (no ODE state variable). This matches I_M_plus_I_NaP with voltage-dependent tau for I_M."
dbae1898-f450-4f1d-a8bc-461500a5b84b,b8102286-d8c7-43d5-93eb-b576b2869877,8,3,26,-306.9937744140625,I_M_plus_I_NaP,I_M_plus_I_NaP_voltage_dep_tau,"Snippet 2 has two additional channels: (1) I_M with gate p, Boltzmann p_inf_M, and bell-shaped tau_p_M = tau_max_M / (2*cosh(dv) + 1e-7) — voltage_dependent tau; (2) I_NaP with instantaneous Boltzmann m_inf_NaP (no ODE). This matches I_M_plus_I_NaP with voltage-dependent tau for I_M."
a88d48c5-27f9-4af3-a12a-39f84680220e,b8102286-d8c7-43d5-93eb-b576b2869877,8,3,27,-281.0089111328125,I_M,I_M_voltage_dep_tau,"Snippet 3 has only one additional channel: I_M with gate p, Boltzmann p_inf_M, and bell-shaped voltage-dependent tau_p_M = tau_max / (exp(dv) + exp(-dv)). params[:,7] and params[:,8] are explicitly reserved/unused. No second channel is present. Tau is voltage-dependent (bell-shaped cosh form), so this is I_M_voltage_dep_tau."
88b6367d-18c2-438d-a722-db0b2d8b4b97,b8102286-d8c7-43d5-93eb-b576b2869877,8,3,28,-269.1018371582031,I_M,I_M_voltage_dep_tau,"Snippet 4 has only one additional channel: I_M with gate p, Boltzmann p_inf, and bell-shaped voltage-dependent tau_p = tau_max_M / (exp(dv) + exp(-dv)). params[:,7] is explicitly unused. The tau is voltage-dependent (bell-shaped), so this is I_M_voltage_dep_tau."
ac07c724-7702-4ede-835e-c1bba4e6f6db,b8102286-d8c7-43d5-93eb-b576b2869877,8,3,29,-277.9425964355469,I_M,I_M_voltage_dep_tau,"Snippet 5 has only one additional channel: I_M with gate p, Boltzmann p_inf_M, and bell-shaped voltage-dependent tau_p_M = tau_max / (exp(dv) + exp(-dv)). params[:,7] and params[:,8] are explicitly unused. The tau is voltage-dependent (bell-shaped cosh form), so this is I_M_voltage_dep_tau."
78fce3de-b78e-444c-8352-253cc4e21c4c,b8102286-d8c7-43d5-93eb-b576b2869877,8,3,30,-303.4958801269531,I_M,I_M_voltage_dep_tau,"Single M-current gate p with Boltzmann p_inf_M and a bell-shaped voltage-dependent time constant: tau_max_M / (2 * cosh((V - V_HALF_M) / 20.0)). The tau varies with V (cosh form), making this voltage_dependent tau. No second channel present."
e615d546-972e-439f-8b16-8b486a8b50c7,b8102286-d8c7-43d5-93eb-b576b2869877,8,3,31,-294.4080810546875,I_M,I_M_voltage_dep_tau,Single M-current gate p with Boltzmann p_inf_M and a bell-shaped voltage-dependent time constant: tau_max_M / (exp(dv) + exp(-dv)) where dv = (V - V_half_M) / (2 * slope_M). This is a cosh/bell-shaped form that varies with V -> voltage_dependent tau. No second channel present.
9a6a1267-d738-4492-8110-587c4e70aa08,b8102286-d8c7-43d5-93eb-b576b2869877,8,3,32,-303.8578491210937,I_M,I_M_voltage_dep_tau,Single M-current gate p with Boltzmann p_inf and bell-shaped tau_p: tau_max / (exp(dv) + exp(-dv)) where dv = (V - V_HALF_M) / SPREAD_M. This is a voltage-dependent (cosh-like) time constant. No second channel present.
a9b18098-da81-4456-9d66-12365bb2ebb3,b8102286-d8c7-43d5-93eb-b576b2869877,8,3,33,-326.2959289550781,I_M_plus_I_NaP,I_M_plus_I_NaP_voltage_dep_tau,"Two additional channels: (1) M-type K+ current with gate p, bell-shaped voltage-dependent tau (tau_M_scale / cosh form), and (2) persistent Na+ current (I_NaP) with gate q having a fixed scalar TAU_NAP=1 ms (essentially instantaneous). The I_M has voltage-dependent tau -> I_M_plus_I_NaP_voltage_dep_tau."
a9acd102-d18a-4ece-9b7e-125e374c985a,b8102286-d8c7-43d5-93eb-b576b2869877,8,3,34,-301.0495300292969,I_M,I_M_fixed_tau,"Single M-current gate p with Boltzmann p_inf_M and a FIXED scalar time constant tau_M_fixed = 200.0 ms (precomputed as a constant before the loop, with a precomputed exp_p_decay scalar). The tau does not vary with voltage -> fixed_scalar tau -> I_M_fixed_tau."
e3952aff-28e1-4142-a247-a997ad026c30,b8102286-d8c7-43d5-93eb-b576b2869877,8,3,35,-284.75634765625,I_M,I_M_voltage_dep_tau,"Single M-type K+ channel with gate p. tau_p is computed as tau_max / (exp(dv) + exp(-dv)), a bell-shaped cosh function of voltage centered at V_half_M. This is a voltage-dependent time constant (bell-shaped form). No inactivation gate, no second channel. -> I_M_voltage_dep_tau."
bda48481-a3a4-499f-a6fb-7e429b304320,b8102286-d8c7-43d5-93eb-b576b2869877,8,3,36,-299.77587890625,I_M,I_M_voltage_dep_tau,"Single M-type K+ channel with gate p. tau_p_M is computed via cosh: tau_max / cosh((V - V_half) / (2 * k_M)), a bell-shaped voltage-dependent time constant. No inactivation gate, no second channel. -> I_M_voltage_dep_tau."
bc707b8b-2e73-4840-8115-d47fc8d5649b,a70abf70-001b-4b4f-9c79-56789d37f2a7,5,5,50,-273.6105041503906,I_M,I_M_fixed_tau,"Single M-type K+ channel with gate p. The time constant tau_M is taken directly from params[:,9] (a fixed scalar, clamped to min=1e-3) with no voltage dependence. p_inf uses a Boltzmann sigmoid. No inactivation gate, no second channel. -> I_M_fixed_tau."
461b0626-aa6e-4a0c-95ae-8a87ca959fe1,a70abf70-001b-4b4f-9c79-56789d37f2a7,5,5,51,-279.4970703125,I_M,I_M_fixed_tau,"Single M-type K+ channel with gate p. The time constant tau_M is taken directly from params[:,9] and clamped to min=1.0 ms — a fixed scalar with no voltage dependence. p_inf uses a Boltzmann sigmoid. No inactivation gate, no second channel. -> I_M_fixed_tau."
4289e4cd-1aad-43ad-a162-dd9f89321f34,a70abf70-001b-4b4f-9c79-56789d37f2a7,5,5,52,-287.9794006347656,I_M,I_M_fixed_tau,"Single M-type K+ channel with gate p. The time constant tau_p_clamped is derived directly from params[:,9] clamped to [5, 3000] ms — a fixed scalar per batch element with no voltage dependence. p_inf uses a Boltzmann sigmoid. No inactivation gate, no second channel. -> I_M_fixed_tau."
4fb72af5-e591-416f-a5db-a2e1b21ab7bb,a70abf70-001b-4b4f-9c79-56789d37f2a7,5,5,53,-278.07745361328125,I_M,I_M_fixed_tau,"Single M-current gate p with Boltzmann p_inf. Time constant tau_p_safe is drawn directly from params[:,9] (tau_p_M), clamped to [0.1, 3000] ms, and is voltage-independent (fixed scalar). No second channel. -> I_M_fixed_tau."
6eb4db25-fc69-4712-b048-00db92f3e62c,a70abf70-001b-4b4f-9c79-56789d37f2a7,5,5,54,-281.546875,I_M,I_M_fixed_tau,"Single M-current gate p with Boltzmann p_inf. Time constant tau_p is taken directly from params[:,9] (tau_M_scale), clamped with min=1e-3, and is voltage-independent (fixed scalar). No second channel. -> I_M_fixed_tau."
06b1de61-f081-47fd-b3c9-4ce72b8c4ff7,a70abf70-001b-4b4f-9c79-56789d37f2a7,5,5,55,-283.3988342285156,I_M,I_M_fixed_tau,"Single M-current gate p with Boltzmann p_inf_M. Time constant tau_M_scale is drawn directly from params[:,9], used as a constant scalar (no voltage dependence). No second channel. -> I_M_fixed_tau."
9290bc0c-d4ea-4db7-a7cf-0e35eb3ad63d,a70abf70-001b-4b4f-9c79-56789d37f2a7,5,5,56,-279.9427185058594,I_M,I_M_fixed_tau,"Single M-current gate p with Boltzmann p_inf. Time constant tau_M is drawn directly from params[:,9], clamped with min=1e-3, and is voltage-independent (fixed scalar). No second channel. -> I_M_fixed_tau."
ef68dca9-246e-4e4d-943f-76d23079f0bf,a70abf70-001b-4b4f-9c79-56789d37f2a7,5,5,57,-277.61431884765625,I_M,I_M_fixed_tau,"Single M-current gate p with Boltzmann p_inf_fn. Time constant tau_M is drawn directly from params[:,9] (not negated, always positive), used as a constant scalar with no voltage dependence. No second channel. -> I_M_fixed_tau."
16f07697-d20d-4329-90ae-3348201b80d0,a70abf70-001b-4b4f-9c79-56789d37f2a7,5,5,58,-316.60321044921875,I_M,I_M_voltage_dep_tau,"Single M-current gate p with Boltzmann p_inf and a bell-shaped voltage-dependent tau_p: `tau_p_scale / (3.3*Exp((x+35)/20) + Exp(-(x+35)/20))`. This is the classic Wang 1998 cosh-like denominator form, making tau voltage-dependent. No second channel present."
950ef718-1413-41a1-a0bb-d61c92e55cb0,a70abf70-001b-4b4f-9c79-56789d37f2a7,5,5,59,-287.1632995605469,I_M,I_M_fixed_tau,"Single M-current gate q with Boltzmann q_inf and a fixed scalar time constant tau_M taken directly from params[:,7], clamped with `torch.clamp(tau_M, min=1.0)`. The tau is voltage-independent (fixed scalar). No second channel present."
564e96fc-2750-4bd0-ba19-21b9ffab0598,a70abf70-001b-4b4f-9c79-56789d37f2a7,5,5,60,-299.51715087890625,I_M,I_M_fixed_tau,"Single M-current gate p_M with Boltzmann p_inf and a fixed scalar time constant tau_M_val = 100.0 ms (hardcoded constant, not voltage-dependent). The alpha_p_M/beta_p_M are just p_inf/tau_M_val and (1-p_inf)/tau_M_val, so tau is fixed. No second channel present."
2a09c86f-9135-415c-8040-6f4119315b44,e364bbb6-4cbb-4973-a0e9-ca180dc93386,6,6,48,-253.9841766357422,I_M,I_M_fixed_tau,"Single M-current gate p with Boltzmann p_inf centered at Vt+param_i, and time constant directly from param_j (params[:,9]) used as a fixed scalar: `Exp(-tstep / param_j)`. The tau is voltage-independent (fixed scalar from a learned parameter). No second channel present."
d9da3d01-73db-41d6-86a7-8e67022da827,e364bbb6-4cbb-4973-a0e9-ca180dc93386,6,6,49,-254.4183807373047,I_M,I_M_fixed_tau,"Single M-current gate p with Boltzmann p_inf centered at Vt+param_i, and time constant directly from param_j (params[:,9]) used as a fixed scalar: `Exp(-tstep / param_j)`. The tau is voltage-independent (fixed scalar from a learned parameter). No second channel present."
28ca5f01-0a9a-43c8-b073-3f4c84961bbf,e364bbb6-4cbb-4973-a0e9-ca180dc93386,6,6,50,-254.0595092773437,I_M,I_M_fixed_tau,"Single M-current gate p with Boltzmann steady-state p_inf. Time constant tau_p = param_j (params[:,9]), a fixed scalar drawn directly from the parameter vector with no voltage dependence. The update is: p[:,i] = p_ss + (p_prev - p_ss) * Exp(-tstep / param_j). This is a fixed scalar tau -> I_M_fixed_tau."
fb157b05-997c-4cb1-bf50-a6206b69c884,e364bbb6-4cbb-4973-a0e9-ca180dc93386,6,6,51,-259.42803955078125,I_M,I_M_fixed_tau,"Single M-current gate p with Boltzmann steady-state p_inf. Time constant tau_p = param_j (params[:,9]), a constant scalar from the parameter vector, voltage-independent. Update: p[:,i] = p_inf_now + (p_prev - p_inf_now) * Exp(-tstep / param_j). Fixed scalar tau -> I_M_fixed_tau."
61731d96-1839-4b90-bcb8-67f73c59a756,e364bbb6-4cbb-4973-a0e9-ca180dc93386,6,6,52,-262.8681335449219,I_M,I_M_fixed_tau,"Single M-current gate p with Boltzmann steady-state p_inf. Time constant is TAU_M_CONST = 100.0 ms, a hardcoded fixed scalar (precomputed decay factor p_decay = exp(-tstep/TAU_M_CONST)). Voltage-independent fixed scalar tau -> I_M_fixed_tau."
3a66e3ef-562f-4682-8d06-e92b3a5bd211,e364bbb6-4cbb-4973-a0e9-ca180dc93386,6,6,53,-256.3417358398437,I_M,I_M_fixed_tau,"Single M-current gate p with Boltzmann steady-state p_inf. Time constant tau_p = param_j (params[:,9]), a fixed scalar from the parameter vector, no voltage dependence. Update: p[:,i] = p_inf_now + (p_prev - p_inf_now) * Exp(-tstep / param_j). Fixed scalar tau -> I_M_fixed_tau."
3f52130c-7a45-4b81-91b1-a33c2a328ce8,e364bbb6-4cbb-4973-a0e9-ca180dc93386,6,6,54,-249.8963317871093,I_M,I_M_fixed_tau,"Single M-current gate p with Boltzmann steady-state p_inf. Time constant tau_p = param_j (params[:,9]), a fixed scalar from the parameter vector, voltage-independent. Update: p[:,i] = p_inf_now + (p_prev - p_inf_now) * Exp(-tstep / param_j). Fixed scalar tau -> I_M_fixed_tau."
895f3bea-a7e9-4a6e-b193-509ef3f6910b,e364bbb6-4cbb-4973-a0e9-ca180dc93386,6,6,55,-254.80618286132807,I_M,I_M_fixed_tau,"Single M-type K+ current with gating variable p. Steady-state p_inf is a Boltzmann sigmoid. Time constant is param_j (directly from params[:,9]), which is a fixed scalar voltage-independent constant. No second additional channel. -> I_M_fixed_tau."
cb2a25e8-77dd-4762-a2f9-f6303eb9f65b,e364bbb6-4cbb-4973-a0e9-ca180dc93386,6,6,56,-248.9538116455078,I_M,I_M_fixed_tau,"Single M-type K+ current with gating variable p. Steady-state p_inf is a Boltzmann sigmoid centered at Vt+param_i. Time constant is param_j clamped to >=1.0 ms — a fixed scalar drawn directly from a parameter, voltage-independent. No second additional channel. -> I_M_fixed_tau."
6a1f90bc-fc64-4fec-b7c7-9cef1143e0f0,e364bbb6-4cbb-4973-a0e9-ca180dc93386,6,6,58,-273.8896179199219,I_M,I_M_fixed_tau,"Single M-type K+ current with gating variable p. Steady-state p_inf is a Boltzmann sigmoid. Time constant tau_M = -param_j clamped to [0.1, 3000] ms — a fixed scalar derived from a parameter, voltage-independent. No second additional channel. -> I_M_fixed_tau."
bc5c7def-e3b7-49fa-8071-e0bc9c119ebb,1d576d13-a6e5-4375-9d90-0385f5689b86,2,15,153,-403.22698974609375,I_M_plus_I_NaP,I_M_plus_I_NaP_voltage_dep_tau,Two additional channels: X1 is M-type K+ current with gating variable p and Wang (1998) bell-shaped voltage-dependent tau_p (100/(3.3*(exp((V+35)/20)+exp(-(V+35)/20)))). X2 is persistent Na+ current (INaP) with instantaneous Boltzmann activation m_p_inf (no state variable ODE). This matches I_M_plus_I_NaP with voltage-dependent tau for I_M. -> I_M_plus_I_NaP_voltage_dep_tau.
cf90655b-ce77-44f8-ab37-fb41e1f2a795,1d576d13-a6e5-4375-9d90-0385f5689b86,2,15,154,-406.60833740234375,I_M_plus_I_NaP,I_M_plus_I_NaP_voltage_dep_tau,Two additional channels: X1 is M-type K+ current with gating variable p and Wang (1998) bell-shaped voltage-dependent tau_p (100/(3.3*(exp((V+35)/20)+exp(-(V+35)/20)))). X2 is persistent Na+ current (INaP) with instantaneous Boltzmann activation s_inf (no state variable ODE). This matches I_M_plus_I_NaP with voltage-dependent tau for I_M. -> I_M_plus_I_NaP_voltage_dep_tau.
94bce836-8f35-4dd7-b387-57559451e672,1d576d13-a6e5-4375-9d90-0385f5689b86,2,15,155,-399.8406982421875,I_M_plus_I_NaP,I_M_plus_I_NaP_voltage_dep_tau,"Two additional channels: X1 is M-type K+ current with single gate p, Boltzmann steady-state p_inf, and Wang 1998 bell-shaped voltage-dependent tau_p (tau_base=100ms fixed, clamped [1,500]ms). X2 is persistent Na+ current (INaP) with instantaneous Boltzmann activation (no state variable ODE). tau_type=voltage_dependent AND secondary=I_NaP -> I_M_plus_I_NaP_voltage_dep_tau."
c9f1f83d-0d35-4bd3-b161-e1dc8ab911f8,1d576d13-a6e5-4375-9d90-0385f5689b86,2,15,156,-389.0802001953125,I_M_plus_I_NaP,I_M_plus_I_NaP_voltage_dep_tau,"Two additional channels: X1 is M-type K+ current with single gate p, Boltzmann p_inf, and Wang 1998 voltage-dependent bell-shaped tau_p (tau_M_base=100ms fixed, clamped [1,500]ms). X2 is persistent Na+ current (INaP) with instantaneous Boltzmann activation (no state variable). tau_type=voltage_dependent AND secondary=I_NaP -> I_M_plus_I_NaP_voltage_dep_tau."
96b6e2a9-caa8-43d9-9ca3-660a3c8ccf30,1d576d13-a6e5-4375-9d90-0385f5689b86,2,15,157,-354.0029602050781,I_M_plus_I_NaP,I_M_plus_I_NaP_voltage_dep_tau,"Two additional channels: X1 is M-type K+ current with single gate p, Boltzmann p_inf, and Wang 1998 voltage-dependent bell-shaped tau_p (tau_base=100ms fixed, clamped [1,500]ms). X2 is persistent Na+ current (INaP) with instantaneous Boltzmann activation m_nap_inf (no state variable ODE). tau_type=voltage_dependent AND secondary=I_NaP -> I_M_plus_I_NaP_voltage_dep_tau."
0e0e7213-757d-4615-8b78-c703bfcd7996,1d576d13-a6e5-4375-9d90-0385f5689b86,2,15,158,-250.62286376953125,I_M,I_M_voltage_dep_tau,"Only ONE additional channel: M-type K+ current with single gate p, Boltzmann p_inf, and Wang 1998 voltage-dependent bell-shaped tau_p. tau_M_base is inferred from params[:,9] (positive scalar), but the tau function itself is voltage-dependent (bell-shaped denominator with exp terms). params[:,7] is explicitly unused. No second channel present. tau_type=voltage_dependent, single channel -> I_M_voltage_dep_tau."
4a3c7904-b0e0-4012-b342-2119b0c3a4e8,1d576d13-a6e5-4375-9d90-0385f5689b86,2,15,159,-420.6537170410156,I_M_plus_I_NaP,I_M_plus_I_NaP_voltage_dep_tau,"Two additional channels: X1 is M-type K+ current with single gate p, Boltzmann p_inf, and Wang 1998 voltage-dependent bell-shaped tau_p (tau_M_base=100ms fixed constant, clamped [1,500]ms). X2 is persistent Na+ current (INaP) with instantaneous Boltzmann activation m_nap_inf (no state variable ODE). tau_type=voltage_dependent AND secondary=I_NaP -> I_M_plus_I_NaP_voltage_dep_tau."
9f46c475-d982-4d91-b528-484d1db1b913,1d576d13-a6e5-4375-9d90-0385f5689b86,2,15,160,-363.6614990234375,I_M_plus_I_NaP,I_M_plus_I_NaP_fixed_tau,"Snippet 1 has two additional channels: (1) M-current with a FIXED scalar tau_M = 100.0 ms (precomputed exp_M outside the loop, not voltage-dependent), and (2) INaP with instantaneous Boltzmann activation (no ODE). This matches I_M_plus_I_NaP_fixed_tau: tau_type=fixed_scalar AND secondary=I_NaP."
898ee996-a2f7-427d-8d73-acf1a934e4e1,1d576d13-a6e5-4375-9d90-0385f5689b86,2,15,161,-388.0968322753906,I_M_plus_I_NaP,I_M_plus_I_NaP_voltage_dep_tau,"Snippet 2 has two additional channels: (1) M-current with Wang 1998 voltage-dependent bell-shaped tau_p(V) = 1000/(3.3*(exp((V+35)/20)+exp(-(V+35)/20))), and (2) INaP with instantaneous Boltzmann activation (no ODE). This matches I_M_plus_I_NaP_voltage_dep_tau: tau_type=voltage_dependent AND secondary=I_NaP."
360bf6f1-0c5e-4565-a11c-5cc771e67299,1d576d13-a6e5-4375-9d90-0385f5689b86,2,15,162,-300.5293884277344,I_M_plus_I_NaP,I_M_plus_I_NaP_voltage_dep_tau,"Snippet 3 has two additional channels: (1) M-current with a voltage-dependent tau_p(V) = clamp(tau_scale / (3.3*(exp+exp)+eps), min=0.5), where tau_scale is an inferred parameter scaling the Wang 1998 bell function — still voltage-dependent in form, and (2) INaP (q_inf) with instantaneous Boltzmann activation (no ODE). This matches I_M_plus_I_NaP_voltage_dep_tau: tau_type=voltage_dependent AND secondary=I_NaP."
82c3358b-1486-4973-9193-144f7be87fc4,1d576d13-a6e5-4375-9d90-0385f5689b86,2,15,163,-279.5895690917969,I_M,I_M_voltage_dep_tau,"Snippet 4 has only ONE additional channel: M-current with a voltage-dependent bell-shaped tau_p(V) = clamp(50/(3.3*exp((V+35)/20)+exp(-(V+35)/20)+1e-6), 1, 150). No second channel (params[:,7] and params[:,9] are explicitly unused). This matches I_M_voltage_dep_tau: single M-current gate p with voltage-dependent tau."
38b126ec-f5db-471d-a920-e6b9aa19a0ba,1d576d13-a6e5-4375-9d90-0385f5689b86,2,15,164,-399.5782775878906,I_M_plus_I_NaP,I_M_plus_I_NaP_voltage_dep_tau,"Snippet 5 has two additional channels: (1) M-current with Wang 1998 voltage-dependent tau_p(V) = clamp(100/(3.3*(exp+exp)+1e-6), 1, 500), and (2) INaP (m_NaP_inf) with instantaneous Boltzmann activation (no ODE). This matches I_M_plus_I_NaP_voltage_dep_tau: tau_type=voltage_dependent AND secondary=I_NaP."
199ec041-0a64-4c52-bb50-f2cf15416575,a24d9636-1628-4191-bd7b-1c0fda5ba198,7,7,48,-283.56964111328125,I_M,I_M_fixed_tau,"Single M-type K+ current with one gating variable w. Steady-state w_inf is a Boltzmann sigmoid. The time constant tau_M_ms is drawn directly from params[:,9] with a clamp (min=10, max=2000) — it is a fixed scalar per batch element, not computed as a function of voltage. No voltage-dependent bell-shaped tau formula is present. This matches I_M_fixed_tau (tau_type=fixed_scalar)."
2eb6dd1d-06fd-45b8-9f5a-c8225baf3597,a24d9636-1628-4191-bd7b-1c0fda5ba198,7,7,49,-295.5574645996094,I_M,I_M_fixed_tau,"Single M-type K+ current with gating variable w. w_inf is a Boltzmann sigmoid. tau_w_val = torch.clamp(tau_M_raw, min=1.0, max=3000.0) is a fixed scalar per sample drawn from params[:,9], with no voltage dependence. No bell-shaped or alpha/beta-derived tau. Matches I_M_fixed_tau (tau_type=fixed_scalar)."
47d17c2e-72ba-40dd-9736-7c50e6fa24fe,a24d9636-1628-4191-bd7b-1c0fda5ba198,7,7,50,-277.29913330078125,I_M,I_M_fixed_tau,"Single M-type K+ current with gating variable w. w_inf is a Boltzmann sigmoid. tau_w = torch.clamp(tau_w_raw, min=10.0) is a fixed scalar per sample from params[:,9], voltage-independent. No voltage-dependent tau computation. Matches I_M_fixed_tau (tau_type=fixed_scalar)."
1026897b-d100-4824-b205-33f6eb12f6bb,a24d9636-1628-4191-bd7b-1c0fda5ba198,7,7,51,-250.0928955078125,I_M,I_M_fixed_tau,"Single M-type K+ current with gating variable w. w_inf is a Boltzmann sigmoid. tau_w_M = torch.clamp(params[:,9].float(), min=10.0, max=400.0) is a fixed scalar per sample, not a function of voltage. E_K is set to -77 mV here but the structural criterion is tau_type=fixed_scalar, which is satisfied. Matches I_M_fixed_tau."
eda9a139-e784-4e47-a25c-dd00305eb8dc,a24d9636-1628-4191-bd7b-1c0fda5ba198,7,7,52,-289.12811279296875,I_M,I_M_fixed_tau,"Single M-type K+ current with gating variable w. w_inf is a Boltzmann sigmoid. tau_w = torch.clamp(params[:,9].float(), min=10.0) is a fixed scalar per sample drawn directly from the parameter prior, with no voltage dependence. Matches I_M_fixed_tau (tau_type=fixed_scalar)."
34c96032-f9fc-4956-9683-1c2afa6ed860,7e916310-bb41-4c31-9c69-b85f231b69be,4,8,69,-297.7085266113281,I_M_plus_I_NaP,I_M_plus_I_NaP_voltage_dep_tau,"Two additional channels: (1) M-type K+ current (IKm) with single gate p, Boltzmann p_inf, and bell-shaped voltage-dependent tau_p using formula tau_max / (3.3*exp(dv/40) + exp(-dv/20)); (2) Persistent Na+ current (INaP) with instantaneous Boltzmann gate d_inf (no state variable ODE). The tau for I_M is voltage-dependent (bell-shaped), and the secondary channel is I_NaP -> I_M_plus_I_NaP_voltage_dep_tau."
f035eb09-82c4-4c4c-936b-898d8997c45c,7e916310-bb41-4c31-9c69-b85f231b69be,4,8,70,-262.9435729980469,I_M,I_M_voltage_dep_tau,"Single additional channel: M-type K+ current (IKm) with single gate p, Boltzmann p_inf, and bell-shaped voltage-dependent tau_p using cosh form: tau_max / cosh((V-v_half)/20). No second channel (params[:,7] unused). Tau is voltage-dependent -> I_M_voltage_dep_tau."
fd677006-3500-40cd-8161-134e3a513047,7e916310-bb41-4c31-9c69-b85f231b69be,4,8,71,-334.7666015625,I_M_plus_I_NaP,I_M_plus_I_NaP_voltage_dep_tau,"Two additional channels: (1) M-type K+ current (IKm) with single gate p, Boltzmann p_inf, and bell-shaped voltage-dependent tau_p using formula tau_max_Km / (3.3*(exp(dv/40) + exp(-dv/20))); (2) Persistent Na+ current (INaP) with instantaneous Boltzmann gate m_NaP_inf (no state variable). Tau for I_M is voltage-dependent, secondary is I_NaP -> I_M_plus_I_NaP_voltage_dep_tau."
c914961f-540b-4e8f-9ef1-530695e7d7b5,7e916310-bb41-4c31-9c69-b85f231b69be,4,8,72,-302.9263000488281,I_M_plus_I_NaP,I_M_plus_I_NaP_voltage_dep_tau,"Two additional channels: (1) M-type K+ current (IKm) with single gate p, Boltzmann p_inf (v_half = Vt+25), and bell-shaped voltage-dependent tau_p using formula tau_Km_max / (3.3*exp(dv/40) + exp(-dv/20)); (2) Persistent Na+ current (INaP) with instantaneous Boltzmann gate m_NaP_inf (no state variable ODE). Tau for I_M is voltage-dependent, secondary is I_NaP -> I_M_plus_I_NaP_voltage_dep_tau."
787a1160-9a94-4e15-83a0-1e43fcf3fddf,7e916310-bb41-4c31-9c69-b85f231b69be,4,8,73,-253.0419311523437,I_M,I_M_voltage_dep_tau,"Single additional channel: M-type K+ current (IKm) with single gate p, Boltzmann p_inf, and bell-shaped voltage-dependent tau_p using cosh form: tau_max / cosh((V-v_half)/20). params[:,9] is explicitly unused, no second channel present. Tau is voltage-dependent -> I_M_voltage_dep_tau."
6f990453-426e-4e13-a954-c9bacf119fc7,7e916310-bb41-4c31-9c69-b85f231b69be,4,8,74,-249.57920837402344,I_M,I_M_voltage_dep_tau,"Single M-type K+ current (IKm) with one activation gate p, Boltzmann steady-state p_inf, and a bell-shaped voltage-dependent time constant tau_p(V) = tau_max_Km / (3.3*exp(dv/40) + exp(-dv/20)). No second channel. tau_type=voltage_dependent -> I_M_voltage_dep_tau."
47e015ab-c406-4e6d-8698-f2b5c30f283b,7e916310-bb41-4c31-9c69-b85f231b69be,4,8,75,-340.7447509765625,I_M_plus_I_NaP,I_M_plus_I_NaP_voltage_dep_tau,Two additional channels: (1) M-type K+ current (IKm) with single gate p and bell-shaped voltage-dependent tau_p (denom = Exp(dv/40)+Exp(-dv/20)); (2) Persistent Na+ current (INaP) with instantaneous Boltzmann gate q_inf (no ODE). tau_type=voltage_dependent AND secondary=I_NaP -> I_M_plus_I_NaP_voltage_dep_tau.
98295046-07e2-4ef1-a726-3f78e0a6c6fd,7e916310-bb41-4c31-9c69-b85f231b69be,4,8,76,-256.331298828125,I_M,I_M_voltage_dep_tau,"Single M-type K+ current (IKm) with one activation gate p, Boltzmann steady-state p_inf, and bell-shaped voltage-dependent tau_p(V) = (-tau_max)/(3.3*exp(dv/40)+exp(-dv/20)). No second channel. tau_type=voltage_dependent -> I_M_voltage_dep_tau."
a4cf20a3-81b4-45bb-9254-21e11b284a35,7e916310-bb41-4c31-9c69-b85f231b69be,4,8,77,-258.2796325683594,I_M,I_M_voltage_dep_tau,"Single M-type K+ current (IKm) with one activation gate p, Boltzmann steady-state p_inf, and bell-shaped voltage-dependent tau_p(V) = tau_max/(3.3*exp(dv/20)+exp(-dv/20)). No second channel. tau_type=voltage_dependent -> I_M_voltage_dep_tau."
3376e9c8-1d14-4b5a-ad51-008c185eb76b,7e916310-bb41-4c31-9c69-b85f231b69be,4,8,78,-331.988037109375,I_M_plus_I_NaP,I_M_plus_I_NaP_fixed_tau,"Two additional channels: (1) M-type K+ current (IKm) with single gate p, Boltzmann steady-state p_inf, and a FIXED scalar time constant tau_Km = params[:,9] (constant, not voltage-dependent: p[:,i] = p_ss + (p[:,i-1]-p_ss)*Exp(-tstep/tau_Km)); (2) Persistent Na+ current (INaP) with instantaneous Boltzmann gate m_NaP_inf (no ODE). tau_type=fixed_scalar AND secondary=I_NaP -> I_M_plus_I_NaP_fixed_tau."
e215e178-0af6-426c-86b9-235bdfbfc7cd,7e916310-bb41-4c31-9c69-b85f231b69be,4,8,79,-258.6729431152344,I_M,I_M_voltage_dep_tau,"Single M-type K+ current (IKm) with one activation gate p, Boltzmann steady-state p_inf, and a bell-shaped voltage-dependent time constant tau_p(V) = tau_max / (3.3*exp(dv/40) + exp(-dv/20)). No second channel. This matches I_M with voltage_dependent tau."
c3d1bd8a-7a9a-429d-b6b9-fecf45d2f136,7e916310-bb41-4c31-9c69-b85f231b69be,4,8,80,-296.9986877441406,I_M_plus_I_NaP,I_M_plus_I_NaP_voltage_dep_tau,Two additional channels: (1) M-type K+ current (IKm) with single gate p and bell-shaped voltage-dependent tau_p(V) = tau_max / (3.3*exp(dv/40) + exp(-dv/20)); (2) Persistent Na+ current (INaP) with instantaneous Boltzmann activation (no state variable ODE). This matches I_M_plus_I_NaP with voltage_dependent tau for I_M.
4738b281-e255-4efa-a486-a6e6447f8bb6,7e916310-bb41-4c31-9c69-b85f231b69be,4,8,81,-281.0420837402344,I_M,I_M_fixed_tau,"Single M-type K+ current (IKm) with one activation gate p, Boltzmann steady-state p_inf, and a fixed scalar time constant tau_Km = -param_j (a constant precomputed before the loop, not voltage-dependent). The update is p[:, i] = p_ss + (p[:, i-1] - p_ss) * Exp(-tstep / tau_Km) with tau_Km constant. This matches I_M with fixed_scalar tau."
be8e2f48-7523-4883-b648-3b29c5cccfcc,7e916310-bb41-4c31-9c69-b85f231b69be,4,8,82,-278.263427734375,I_M,I_M_voltage_dep_tau,"Single M-type K+ current (IKm) with one activation gate p, Boltzmann steady-state p_inf, and a bell-shaped voltage-dependent time constant tau_p(V) = tau_max / (3.3*exp(dv/40) + exp(-dv/20)). No second channel (params[:,7] unused). This matches I_M with voltage_dependent tau."
0890c3c3-e7ae-4f23-a3bc-7a72e07798a8,7e916310-bb41-4c31-9c69-b85f231b69be,4,8,83,-325.30084228515625,I_M_plus_I_NaP,I_M_plus_I_NaP_voltage_dep_tau,"Two additional channels: (1) M-type K+ current (IKm) with single gate p and cosh-shaped voltage-dependent tau_p(V) = tau_max / cosh((V-v_half)/20), clamped to min 1 ms; (2) Persistent Na+ current (INaP) with instantaneous Boltzmann activation (no state variable). This matches I_M_plus_I_NaP with voltage_dependent tau for I_M."
a9c73ec6-6cb4-4317-a303-6e89b5677cf9,7e916310-bb41-4c31-9c69-b85f231b69be,4,8,84,-260.15240478515625,I_M,I_M_voltage_dep_tau,"Single M-current channel (IKm) with gate p. Steady-state p_inf is a Boltzmann function of V. Time constant tau_p uses a bell-shaped cosh form: tau_floor + tau_extra / (exp(dv) + exp(-dv)), which is voltage-dependent (bell-shaped). This matches the voltage_dependent tau criterion. No second channel is present."
77a1ff82-5d47-4920-b8d5-2f61c376d9c0,7e916310-bb41-4c31-9c69-b85f231b69be,4,8,85,-362.3522338867188,I_M_plus_I_h,I_M_plus_I_h_fixed_tau,"Two additional channels: X1 is M-current (IKm, gate p, fixed tau_Km_fixed=50ms constant scalar) and X2 is Ih/HCN (gate r, inverted Boltzmann r_inf, fixed scalar tau_h from params[:,9]). M-current uses a fixed scalar tau (not voltage-dependent). Ih uses inverted Boltzmann activation and fixed tau. Reversal E_h=-30 mV (mixed cation). This matches I_M_plus_I_h_fixed_tau."
bb8eec62-3e46-4573-94ef-aad3e8c861ba,8676b219-4d75-42a8-9949-196395b35f82,3,9,64,-455.66497802734375,I_M,I_M_voltage_dep_tau,"Single M-current channel (IKm) with gate p. Steady-state p_inf is Boltzmann. Time constant tau_p uses a bell-shaped voltage-dependent form: tau_M_sc / (3.3 * (exp(0.05*dv) + exp(-0.05*dv))), which is a cosh-like denominator making tau voltage-dependent. This matches I_M_voltage_dep_tau."
6501120e-012c-46f6-81a4-e605f65e9dc3,8676b219-4d75-42a8-9949-196395b35f82,3,9,65,-280.0002136230469,I_M,I_M_voltage_dep_tau,"Single M-current channel (IKm) with gate p. Steady-state p_inf is Boltzmann with slope 9 mV. Time constant tau_p uses tau_M_num / (exp(dv) + exp(-dv)), a 2*cosh bell-shaped voltage-dependent form. This matches I_M_voltage_dep_tau."
052ede58-cb67-4a1f-b29f-f483806679b3,8676b219-4d75-42a8-9949-196395b35f82,3,9,66,-378.5962524414063,I_M_plus_I_Ks,I_M_plus_I_Ks,"Two additional K+ channels: X1 is M-current (gate p, fixed tau TAU_M_FIXED=100ms, Boltzmann p_inf) and X2 is a slow AHP-type K+ current (gate q, Boltzmann q_inf around -40 mV, fixed scalar tau_sAHP from params[:,9]). The second channel is a slow AHP K+ current (IKs-like), both using E_K=-107 mV. This matches I_M_plus_I_Ks."
bafabfd3-a754-48fe-a4df-00324f62e1ca,8676b219-4d75-42a8-9949-196395b35f82,3,9,67,-291.71728515625,I_M,I_M_fixed_tau,"Single M-current gate p with Boltzmann p_inf. Time constant is TAU_M_FIXED = 200.0 ms, a scalar constant defined before the loop and used as `tau_p_val = TAU_M_FIXED`. No voltage dependence in tau. This is a fixed_scalar tau -> I_M_fixed_tau."
88843225-0fa5-44e0-9317-98a45f5bb008,8676b219-4d75-42a8-9949-196395b35f82,3,9,68,-283.9880676269531,I_M,I_M_fixed_tau,"Single M-current gate p with Boltzmann p_inf. Time constant is TAU_M = 150.0 ms, a fixed scalar constant. The M-gate update uses `Exp(torch.full_like(v_prev, -tstep / TAU_M))` — no voltage dependence in tau. This is a fixed_scalar tau -> I_M_fixed_tau."
ad466d05-402e-4b69-81ce-ddb3d02cd4b5,8676b219-4d75-42a8-9949-196395b35f82,3,9,69,-289.01025390625,I_M,I_M_voltage_dep_tau,Single M-current gate p with Boltzmann p_inf. The tau_p function uses a cosh-like bell-shaped form: TAU_M_NUM / (exp(dv) + exp(-dv)) where dv = 0.05*(V - V_half_M). This is voltage-dependent (bell-shaped) tau -> I_M_voltage_dep_tau.
68d2037a-9b60-4fe6-b088-bb66ed159205,8676b219-4d75-42a8-9949-196395b35f82,3,9,70,-423.5374145507813,I_M_plus_I_Ks,I_M_plus_I_Ks,"Two additional channels: X1 is M-current (gate p, bell-shaped voltage-dependent tau via cosh form) and X2 is a slow AHP K+ current (gate q, also bell-shaped voltage-dependent tau via cosh form, alpha/beta-like exponential rates). Both use E_K = -107 mV. The secondary channel (sAHP/IKs) has voltage-dependent tau via alpha/beta-style exponential rates. This matches I_M_plus_I_Ks."
3548d21d-9f7a-4a27-8bf5-07de239377ce,8676b219-4d75-42a8-9949-196395b35f82,3,9,71,-294.93212890625,I_M,I_M_fixed_tau,"Single M-current gate p with Boltzmann p_inf_M. The time constant tau_M is extracted from params[:,9] and clamped to >= 1.0 ms — it is a per-batch scalar parameter with no voltage dependence in the ODE loop. The comment explicitly states 'tau_M is a voltage-independent constant'. This is a fixed_scalar (learned parameter) tau -> I_M_fixed_tau."
44d45b34-e7de-47f3-a4bd-2120b7e90440,8676b219-4d75-42a8-9949-196395b35f82,3,9,72,-269.4864807128906,I_M,I_M_fixed_tau,"Single M-gate p with Boltzmann p_inf. tau_M is taken directly from params[:,9] (clamped to >=1 ms) — a fixed scalar per batch element, not voltage-dependent. No bell-shaped or cosh computation. No second channel. -> I_M_fixed_tau."
53f7c406-5468-4181-b257-785129f2d379,8676b219-4d75-42a8-9949-196395b35f82,3,9,73,-315.9228515625,I_M,I_M_fixed_tau,"Single M-gate p with Boltzmann p_inf centred at V_half_M. tau_M is derived from -params[:,9] clamped to >=1 ms — a fixed scalar, voltage-independent. No bell-shaped tau function. No second channel. -> I_M_fixed_tau."
a2b0b5a7-a6b7-4666-9ce8-84857461e891,8676b219-4d75-42a8-9949-196395b35f82,3,9,75,-299.5301208496094,I_M,I_M_fixed_tau,"Single M-gate p with Boltzmann p_inf. tau_M is taken directly from params[:,9] (clamped to >=1 ms) — a fixed scalar per batch element with no voltage dependence. slope_M is also inferred but only affects p_inf shape, not tau. No second channel. -> I_M_fixed_tau."
9483165a-7ec3-4934-b4df-162b0101018c,8676b219-4d75-42a8-9949-196395b35f82,3,9,76,-274.4093933105469,I_M_plus_I_NaP,I_M_plus_I_NaP_voltage_dep_tau,"Two additional channels: (1) M-gate p with Boltzmann p_inf and a bell-shaped voltage-dependent tau_p using cosh formulation (tau_M_num / (2*cosh(0.033*(V-V_half_M)) + 1e-6)); (2) Persistent Na+ current (INaP) with instantaneous Boltzmann activation m_inf_NaP, no state variable ODE. This matches I_M_plus_I_NaP with voltage-dependent tau for I_M. -> I_M_plus_I_NaP_voltage_dep_tau."
568342c9-421b-4090-9043-6d71f8186774,8676b219-4d75-42a8-9949-196395b35f82,3,9,77,-285.16143798828125,I_M,I_M_fixed_tau,"Single M-gate p with Boltzmann p_inf. tau_M is taken directly from params[:,8] (clamped to >=1e-3 ms) as a fixed scalar per batch element — no voltage dependence. Pre-computed decay_M = exp(-dt/tau_M) confirms constant tau. params[:,9] is unused. No second channel. -> I_M_fixed_tau."
98dfed8f-e952-4325-897d-c1b6c5b74754,8676b219-4d75-42a8-9949-196395b35f82,3,9,78,-285.5735778808594,I_M,I_M_fixed_tau,"Single M-current gate p with sigmoid p_inf. tau_M is drawn directly from params[:,9] (clamped to >= 1 ms) with no voltage dependence — it is a fixed scalar per batch element. No second channel. This matches I_M_fixed_tau (tau_type=fixed_scalar)."
be7f4a68-5d04-40fd-8dd2-fd44bc961fb1,8676b219-4d75-42a8-9949-196395b35f82,3,9,79,-272.5907897949219,I_M,I_M_fixed_tau,"Single M-current gate p with sigmoid p_inf. tau_M = params[:,9].clamp(min=1.0) is voltage-independent; decay_p is precomputed outside the loop as a constant per batch element. No second channel. Matches I_M_fixed_tau (tau_type=fixed_scalar)."
99c67da5-fb4a-412f-9562-a1c4781751e6,e364bbb6-4cbb-4973-a0e9-ca180dc93386,6,7,59,-251.04855346679688,I_M,I_M_fixed_tau,"Single M-current gate p with sigmoid p_inf centered at Vt+param_i. Time constant is param_j = params[:,9], used directly as a fixed scalar (no voltage dependence). p update: p_inf_now + (p_prev - p_inf_now)*Exp(-tstep/param_j). No second channel. Matches I_M_fixed_tau."
d04ca05e-2c10-4e42-9433-1207f4a259ba,e364bbb6-4cbb-4973-a0e9-ca180dc93386,6,7,60,-250.381088256836,I_M,I_M_fixed_tau,"Single M-current gate p with sigmoid p_inf centered at Vt+param_i. Time constant is param_j = params[:,9], a fixed scalar with no voltage dependence. p update uses Exp(-tstep/param_j). No second channel. Matches I_M_fixed_tau (tau_type=fixed_scalar)."
0b9f2bb1-e693-4b14-a1c3-8ac6f260bc8e,e364bbb6-4cbb-4973-a0e9-ca180dc93386,6,7,61,-256.7054443359375,I_M,I_M_fixed_tau,"Single M-current gate p with sigmoid p_inf centered at Vt+param_i. Time constant is hardcoded as tau_p_fixed=150.0 ms — a fixed scalar constant, not voltage-dependent. p update: p_inf_now + (p_prev - p_inf_now)*Exp(-tstep/tau_p_fixed). No second channel. Matches I_M_fixed_tau (tau_type=fixed_scalar)."
a9fc3e46-c677-4899-a959-076a96b672b3,e364bbb6-4cbb-4973-a0e9-ca180dc93386,6,7,62,-249.5248565673828,I_M,I_M_fixed_tau,"Single M-type K+ gate p with Boltzmann steady-state p_inf. Time constant is param_j extracted directly from params[:,9] as a fixed scalar (voltage-independent). The update is: p[:,i] = p_inf_now + (p_prev - p_inf_now) * Exp(-tstep / param_j), where param_j is a constant per batch element, not a function of V. This matches tau_type=fixed_scalar -> I_M_fixed_tau."
7ffed160-147a-4bb9-8065-ca9c64fd45f8,e364bbb6-4cbb-4973-a0e9-ca180dc93386,6,7,63,-253.6055603027344,I_M,I_M_fixed_tau,"Single M-type K+ gate p with Boltzmann steady-state. Time constant tau_M is hardcoded as 150.0 ms (a fixed scalar constant), precomputed as exp_tau_M outside the loop. No voltage dependence in tau. This is tau_type=fixed_scalar -> I_M_fixed_tau."
d03e7bdc-71d6-44ee-92fc-b648b4bbd8da,e364bbb6-4cbb-4973-a0e9-ca180dc93386,6,7,64,-245.23033142089844,I_M,I_M_fixed_tau,"Single M-type K+ gate p with Boltzmann steady-state. Time constant is param_j from params[:,9], a fixed scalar per batch element with no voltage dependence. Update: p[:,i] = p_inf_now + (p_prev - p_inf_now) * Exp(-tstep / param_j). tau_type=fixed_scalar -> I_M_fixed_tau."
6787f543-e974-4823-bb2f-70819f9be593,e364bbb6-4cbb-4973-a0e9-ca180dc93386,6,7,65,-253.1086578369141,I_M,I_M_fixed_tau,"Single M-type K+ gate p with Boltzmann steady-state. Time constant is param_j from params[:,9], a fixed scalar (voltage-independent). Update: p[:,i] = p_inf_now + (p_prev - p_inf_now) * Exp(-tstep / param_j). tau_type=fixed_scalar -> I_M_fixed_tau."
53e5d176-7687-4485-a4f0-dde4f80169f3,e364bbb6-4cbb-4973-a0e9-ca180dc93386,6,7,66,-257.9867248535156,I_M,I_M_fixed_tau,"Single M-type K+ gate p with Boltzmann steady-state. Time constant is tau_p_fixed = 100.0 ms, a hardcoded scalar constant with no voltage dependence. Update uses Exp(torch.full_like(p_prev, -tstep / tau_p_fixed)). tau_type=fixed_scalar -> I_M_fixed_tau."
3e4f9cfd-c99c-425f-9b65-7cc0c94906d7,e364bbb6-4cbb-4973-a0e9-ca180dc93386,6,7,67,-249.8629608154297,I_M,I_M_fixed_tau,"Single M-type K+ current with gate p. Steady-state p_inf uses a Boltzmann sigmoid. The time constant is param_j (params[:,9]), a fixed scalar extracted directly from the parameter vector with no voltage dependence — used as `Exp(-tstep / param_j)` in the update. This is a voltage-independent fixed scalar tau, matching I_M_fixed_tau."
d359c79a-fba1-4380-b2e7-98ab7e6ffa81,b8102286-d8c7-43d5-93eb-b576b2869877,8,4,37,-287.55108642578125,I_M,I_M_voltage_dep_tau,"Single M-type K+ current with gate p. Steady-state p_inf uses a Boltzmann sigmoid. The time constant tau_p(V) is computed as `tau_max / (exp(dv) + exp(-dv))` — a bell-shaped (cosh-like) function of voltage, peaking at V_half_M = -35 mV. This is a voltage-dependent tau, matching I_M_voltage_dep_tau."
f9bb35b6-846a-491c-9a99-16c7bdb645ef,b8102286-d8c7-43d5-93eb-b576b2869877,8,4,38,-311.3228759765625,I_M,I_M_voltage_dep_tau,Single M-type K+ current with gate p. Steady-state p_inf uses a Boltzmann sigmoid. The time constant tau_p_M(V) = `tau_max / (exp(dv) + exp(-dv))` with dv = (V - V_half_M)/20 — a bell-shaped voltage-dependent form. This matches I_M_voltage_dep_tau.
433ff67e-e27d-4925-9e1b-b8ee817b3c0b,b8102286-d8c7-43d5-93eb-b576b2869877,8,4,39,-284.75054931640625,I_M,I_M_voltage_dep_tau,Single M-type K+ current with gate p. Steady-state p_inf uses a Boltzmann sigmoid centred at V_HALF_M = -35 mV. The time constant tau_p_M(V) = `tau_max / (exp(dv) + exp(-dv))` with dv = (V - V_HALF_M)/20 — a bell-shaped voltage-dependent form. This matches I_M_voltage_dep_tau.
931affec-2892-4112-9afc-33d6d12769db,b8102286-d8c7-43d5-93eb-b576b2869877,8,4,40,-293.8439025878906,I_M,I_M_voltage_dep_tau,Single M-type K+ current with gate p. Steady-state p_inf uses a Boltzmann sigmoid. The time constant tau_p_M(V) = `tau_max / (2 * cosh(dv))` with dv = (V - V_HALF_M)/(2*SLOPE_M) — a bell-shaped voltage-dependent form (standard Wang & McKinnon 1995 formulation). This matches I_M_voltage_dep_tau.
6255b1ff-1bf7-448e-b982-a6f917c90e0d,b8102286-d8c7-43d5-93eb-b576b2869877,8,4,42,-283.34521484375,I_M,I_M_voltage_dep_tau,Single M-current gate p with Boltzmann p_inf and bell-shaped tau_p = tau_max_M / (exp(dv) + exp(-dv)) where dv = (V - V_half_M)/20. This is a cosh-like voltage-dependent time constant. No second channel present. -> I_M_voltage_dep_tau.
62215e75-3952-479c-9782-e4658f3ba3ca,b8102286-d8c7-43d5-93eb-b576b2869877,8,4,43,-286.9989318847656,I_M,I_M_voltage_dep_tau,"Single M-current gate p with Boltzmann p_inf and bell-shaped tau_p = tau_M_max / (exp(dv) + exp(-dv)), voltage-dependent cosh-form time constant. No second channel. -> I_M_voltage_dep_tau."
51341d6b-6c03-4efb-88a4-83e6bb625fda,b8102286-d8c7-43d5-93eb-b576b2869877,8,4,44,-291.9953918457031,I_M,I_M_voltage_dep_tau,"Single M-current gate p with Boltzmann p_inf_M and bell-shaped tau_p_M = tau_max_M / (2*cosh(...)), a voltage-dependent time constant. No second channel. -> I_M_voltage_dep_tau."
c25647d6-3c10-4308-853a-0d849f6522a1,b8102286-d8c7-43d5-93eb-b576b2869877,8,4,45,-294.54705810546875,I_M,I_M_voltage_dep_tau,"Single M-current gate p with Boltzmann p_inf_M and bell-shaped tau_p_M = tau_max_M / (exp(dv) + exp(-dv)), voltage-dependent cosh-form time constant. No second channel. -> I_M_voltage_dep_tau."
50b923e9-cb7f-4bab-9b97-ecea8dbc9f88,b8102286-d8c7-43d5-93eb-b576b2869877,8,4,46,-273.2742919921875,I_M,I_M_voltage_dep_tau,"Single M-current gate p with Boltzmann p_inf and bell-shaped tau_p = tau_max_M / (exp(dv) + exp(-dv)), voltage-dependent cosh-form time constant. No second channel. -> I_M_voltage_dep_tau."
428c7cab-e67d-4e58-b115-7a4160d71339,b8102286-d8c7-43d5-93eb-b576b2869877,8,4,47,-276.72613525390625,I_M,I_M_voltage_dep_tau,"Snippet 1 adds a single M-type K+ current. However, the M-gate is explicitly instantaneous (no state variable p; p_M = p_inf_M(V) computed directly each step). The taxonomy's I_M_voltage_dep_tau covers instantaneous activation as a limiting case of voltage-dependent tau (tau→0), and the steady-state is a Boltzmann sigmoid of V. There is no fixed scalar tau parameter. The closest match is I_M_voltage_dep_tau since the activation is voltage-dependent (Boltzmann of V) and there is no fixed scalar tau_p drawn from params. The instantaneous formulation is described in the docstring as equivalent to tau=tstep (effectively voltage-dependent, not a fixed scalar from params). Single channel addition, no inactivation gate, voltage-dependent (instantaneous) activation."
042768c3-fd86-426d-ab66-0b2483798053,7e916310-bb41-4c31-9c69-b85f231b69be,4,9,86,-327.227294921875,I_M_plus_I_NaP,I_M_plus_I_NaP_voltage_dep_tau,"Snippet 2 adds two channels: (1) M-type K+ current (IKm) with a bell-shaped voltage-dependent tau_p (tau_max_Km / (3.3*exp(dv/40)+exp(-dv/20))), and (2) Persistent Na+ current (INaP) with instantaneous Boltzmann activation (no state variable ODE). This matches the I_M_plus_I_NaP_voltage_dep_tau subtype: voltage-dependent tau for I_M paired with instantaneous INaP."
9c9ed4a6-7287-4740-a623-0551bc954bdc,7e916310-bb41-4c31-9c69-b85f231b69be,4,9,87,-259.36474609375,I_M,I_M_voltage_dep_tau,"Snippet 3 adds only a single M-type K+ current (IKm) with a bell-shaped voltage-dependent time constant tau_p(V) = tau_max / (exp(dv/40) + exp(-dv/20)). The tau_max is inferred from params[:,9] but the tau itself varies with voltage (bell-shaped). No second channel is present (params[:,7] is explicitly unused). This matches I_M_voltage_dep_tau."
e54dab91-dd93-420b-bcaa-3fb69a854ab7,7e916310-bb41-4c31-9c69-b85f231b69be,4,9,88,-309.67535400390625,I_M_plus_I_NaP,I_M_plus_I_NaP_voltage_dep_tau,"Snippet 4 adds two channels: (1) M-type K+ current (IKm) with bell-shaped voltage-dependent tau_p (tau_max_Km / (3.3*exp(dV/40)+exp(-dV/20))), and (2) Persistent Na+ current (INaP) with instantaneous Boltzmann activation (m_NaP_inf, no state variable). This is the I_M_plus_I_NaP_voltage_dep_tau combination."
ee7147e8-72e5-4780-8af1-f34568d31da8,7e916310-bb41-4c31-9c69-b85f231b69be,4,9,89,-250.4917755126953,I_M,I_M_voltage_dep_tau,"Snippet 5 adds only a single M-type K+ current (IKm) with a bell-shaped voltage-dependent time constant tau_p(V) = tau_Km_max / (3.3*exp(dv/40)+exp(-dv/20)). params[:,7] is explicitly unused (reserved slot). No second channel present. This matches I_M_voltage_dep_tau."
c144d08b-b3aa-479d-8bcd-e4256ab0e1bd,7e916310-bb41-4c31-9c69-b85f231b69be,4,9,90,-339.8738098144531,I_M_plus_I_NaP,I_M_plus_I_NaP_fixed_tau,"Two additional channels: (1) M-type K+ current (IKm) with single Boltzmann gate p and a constant (voltage-independent) time constant tau_Km drawn directly from params[:,9] — `p[:, i] = p_ss + (p[:, i-1] - p_ss) * Exp(-tstep / tau_Km)` — this is a fixed scalar tau. (2) Persistent Na+ current (INaP) with instantaneous Boltzmann activation m_NaP_inf (no state variable ODE). This matches I_M_plus_I_NaP_fixed_tau: tau_type=fixed_scalar AND secondary=I_NaP."
14e107fa-c53e-4407-b0a2-b9b2a3b7c7ab,7e916310-bb41-4c31-9c69-b85f231b69be,4,9,91,-262.6163024902344,I_M,I_M_voltage_dep_tau,"Single additional channel: M-type K+ current (IKm) with single Boltzmann gate p and a bell-shaped voltage-dependent time constant tau_p(V) = tau_max_Km / (3.3*exp(dv/40) + exp(-dv/20)), which is the Wang & McKinnon form. No second channel is present (params[:,7] is explicitly unused). This matches I_M_voltage_dep_tau: tau_type=voltage_dependent, single channel."
3e900d6a-34ee-4810-821e-abd475af561a,7e916310-bb41-4c31-9c69-b85f231b69be,4,9,92,-354.71514892578125,I_M_plus_I_NaP,I_M_plus_I_NaP_voltage_dep_tau,"Two additional channels: (1) M-type K+ current (IKm) with single Boltzmann gate p and a bell-shaped voltage-dependent time constant tau_p(V) using a normalized denominator D_raw/D_min — voltage-dependent tau. (2) Persistent Na+ current (INaP) with instantaneous Boltzmann activation m_NaP_inf (no state variable ODE, half-activation -58 mV, slope 8 mV). This matches I_M_plus_I_NaP_voltage_dep_tau: tau_type=voltage_dependent AND secondary=I_NaP."
8c58d9ec-a28b-45fc-8e94-1c02cd7e4241,7e916310-bb41-4c31-9c69-b85f231b69be,4,9,93,-291.0152893066406,I_M,I_M_voltage_dep_tau,"Single additional channel: M-type K+ current (IKm) with single Boltzmann gate p and a bell-shaped voltage-dependent time constant tau_p_Km(V) = tau_max_Km / (3.3*exp(dv/40) + exp(-dv/20)). No second channel (params[:,7] and params[:,8] explicitly unused). This matches I_M_voltage_dep_tau: tau_type=voltage_dependent, single channel."
ef24f13b-4f4e-4f7b-968a-e33b3b7b34e7,a70abf70-001b-4b4f-9c79-56789d37f2a7,5,6,61,-295.9109191894531,I_M,I_M_voltage_dep_tau,"Single additional channel: M-type K+ current (I_M) with single Boltzmann gate p and a bell-shaped voltage-dependent time constant tau_p(V) = tau_max_M / (exp(dv/40) + exp(-dv/40) + 1e-6) — symmetric cosh-like denominator, voltage-dependent. No second channel (params[:,7] explicitly unused). This matches I_M_voltage_dep_tau: tau_type=voltage_dependent, single channel."
63a84dc7-b486-45d6-903d-56cb497eb049,a70abf70-001b-4b4f-9c79-56789d37f2a7,5,6,62,-286.9457702636719,I_M,I_M_fixed_tau,"Single M-current gate p with Boltzmann p_inf. The time constant tau_M is taken directly from params[:,9] (a learned scalar parameter, clamped to min=1e-3) with no voltage dependence — it is a fixed scalar tau. No secondary channel present. This matches I_M_fixed_tau."
3c53cc05-061b-4e41-bdf7-453c7cff2bce,a70abf70-001b-4b4f-9c79-56789d37f2a7,5,6,63,-279.7623291015625,I_M,I_M_fixed_tau,"Single M-current gate p with Boltzmann p_inf (slope 9 mV). The time constant tau_M = params[:,9] + 1e-6 is a fixed scalar drawn directly from a parameter with no voltage dependence. alpha_p and beta_p are defined as p_inf/tau_M and (1-p_inf)/tau_M but tau_M itself is constant (not bell-shaped). No secondary channel. Matches I_M_fixed_tau."
3fa83c90-431b-4c1b-b10f-f96d8d5dd9d8,a70abf70-001b-4b4f-9c79-56789d37f2a7,5,6,64,-277.739501953125,I_M,I_M_fixed_tau,"Single M-current gate p with Boltzmann p_inf_M (slope 9 mV). The time constant tau_M = params[:,9] is a fixed scalar parameter (not negated, kept positive), with no voltage-dependent computation. The update uses Exp(-tstep / tau_M) with constant tau_M. No secondary channel. Matches I_M_fixed_tau."
e7a1e111-63a8-4a32-b1dc-1dc8fa41c1b1,a70abf70-001b-4b4f-9c79-56789d37f2a7,5,6,65,-282.800537109375,I_M,I_M_fixed_tau,"Single M-current gate p with Boltzmann p_inf (slope k_M=10 mV). The time constant tau_p_M = params[:,9] clamped to min=1.0 is a fixed scalar parameter with no voltage dependence. The update uses Exp(-tstep / tau_p_M) with constant tau. No secondary channel. Matches I_M_fixed_tau."
7f90c685-bbde-43ff-84c9-bc7c90ff28d6,a70abf70-001b-4b4f-9c79-56789d37f2a7,5,6,66,-276.86932373046875,I_M,I_M_fixed_tau,"Single M-current gate p with Boltzmann p_inf (slope 9 mV). The time constant tau_M = params[:,9] is a fixed scalar parameter (NOT negated, kept positive), with no voltage-dependent computation. The update uses Exp(-tstep / tau_M) with constant tau_M. No secondary channel. Matches I_M_fixed_tau."
6dfe5727-033b-4966-9b15-4f3db636fee9,a70abf70-001b-4b4f-9c79-56789d37f2a7,5,6,67,-280.6717224121094,I_M,I_M_fixed_tau,"Single M-current gate p with Boltzmann steady-state p_inf_M. The time constant tau_M is drawn directly from params[:,9] (clamped positive scalar), with no voltage dependence — it is a fixed scalar tau. No second additional channel. This matches I_M_fixed_tau (tau_type=fixed_scalar)."
c31ff73f-6baa-42a9-b7d0-0afcaf6ee5b3,a70abf70-001b-4b4f-9c79-56789d37f2a7,5,6,68,-326.7267761230469,I_M_plus_I_NaP,I_M_plus_I_NaP_fixed_tau,"Two additional channels: (1) M-current with single gate p, Boltzmann steady-state, and a fixed scalar tau (tau_M_const = params[:,9].clamp(1,300), voltage-independent); (2) Persistent Na+ current (I_NaP) with instantaneous Boltzmann activation (m_NaP_inf, no ODE state variable). This matches I_M_plus_I_NaP_fixed_tau (tau_type=fixed_scalar AND secondary=I_NaP)."
d280c31f-c95e-4ef1-b075-5f39c31195c7,a70abf70-001b-4b4f-9c79-56789d37f2a7,5,6,69,-267.98443603515625,I_M,I_M_fixed_tau,"Single M-current gate p with fixed half-activation V_half_p=-40 mV and slope k_slope_p=9 mV. The time constant tau_M is taken directly from params[:,8] (positive scalar, not voltage-dependent). The alpha_p/beta_p formulation is just p_inf/tau_M and (1-p_inf)/tau_M — tau_M itself is a fixed scalar parameter. No second additional channel. This matches I_M_fixed_tau."
d682597d-97d0-4512-af98-abbae4858a4e,a70abf70-001b-4b4f-9c79-56789d37f2a7,5,6,70,-335.79931640625,I_M_plus_I_NaP,I_M_plus_I_NaP_fixed_tau,"Two additional channels: (1) M-current (I_KM) with single gate p_M, Boltzmann steady-state p_M_inf, and fixed scalar tau_M = clamp(params[:,9], 10, 600) — voltage-independent; (2) Persistent Na+ current (I_NaP) with instantaneous Boltzmann activation p_NaP (no ODE state variable). This matches I_M_plus_I_NaP_fixed_tau (tau_type=fixed_scalar AND secondary=I_NaP)."
2808ef4e-84aa-40d0-8c4e-557c6b32135e,a70abf70-001b-4b4f-9c79-56789d37f2a7,5,6,71,-272.3198547363281,I_M,I_M_fixed_tau,"Single M-current gate p with Boltzmann steady-state p_inf_M (slope k_M inferred from params[:,7], half-activation V_half_M from params[:,8]). The time constant tau_M = clamp(params[:,9], min=1.0) is a fixed scalar parameter with no voltage dependence. No second additional channel. This matches I_M_fixed_tau (tau_type=fixed_scalar)."
7a2ba0b9-57e4-49d4-b818-49f33042bc84,a70abf70-001b-4b4f-9c79-56789d37f2a7,5,6,72,-346.8119201660156,I_M_plus_I_h,I_M_plus_I_h_fixed_tau,"Snippet 1 has two additional channels: (1) M-current (I_M) with single gate p, Boltzmann steady-state p_inf, and voltage-independent fixed scalar tau (tau_M_scale clamped, no voltage dependence); (2) Ih/HCN current with single gate q, inverted Boltzmann q_inf, and fixed scalar tau (Ih_tau = 80.0 ms, constant). Both taus are fixed scalars. This matches I_M_plus_I_h_fixed_tau."
1e12b428-971d-44f8-a4c4-977348f42d11,2faf0d72-ccdf-41c7-8435-937ca82436c7,9,0,0,-261.9109191894531,base_only,base_only,"Snippet 2 contains only the base HH channels (Na+, K+ delayed rectifier, leak). The editable sections are left as TODO placeholders with no additional channels implemented. No extra gating variables, no extra currents in tau_V_inv or V_inf beyond the base three."
26479fc4-62b5-4f55-baf3-9ef0866e834d,a24d9636-1628-4191-bd7b-1c0fda5ba198,7,8,53,-273.28448486328125,I_M,I_M_fixed_tau,"Snippet 3 adds only one additional channel: M-type slow K+ current with single gate w, Boltzmann steady-state w_inf, and a voltage-independent time constant tau_w derived directly from params[:,9] (clamped to [1, 3000] ms). No voltage-dependent bell-shaped tau. This is a fixed scalar tau -> I_M_fixed_tau."
a79583ce-42ae-4bd6-8c94-12631d758563,a24d9636-1628-4191-bd7b-1c0fda5ba198,7,8,54,-263.291015625,I_M,I_M_fixed_tau,"Snippet 4 adds only one additional channel: M-type slow K+ current with single gate w, Boltzmann steady-state w_inf, and a voltage-independent time constant tau_w taken directly from params[:,9] (clamped to [1, 3000] ms). The tau is a fixed scalar per batch element with no voltage dependence -> I_M_fixed_tau."
4e26f873-8a01-491e-8a3e-53b618c49af5,a24d9636-1628-4191-bd7b-1c0fda5ba198,7,8,55,-277.7296142578125,I_M,I_M_fixed_tau,"Snippet 5 adds only one additional channel: M-type slow K+ current with single gate w, Boltzmann steady-state w_inf, and a voltage-independent time constant tau_M clamped from params[:,9] (range [10, 3000] ms). No voltage-dependent bell-shaped tau computation. This is a fixed scalar tau -> I_M_fixed_tau."
152060aa-a42e-40f3-acad-249adf28470e,a24d9636-1628-4191-bd7b-1c0fda5ba198,7,8,56,-272.2162170410156,I_M,I_M_fixed_tau,"Single M-type K+ current with gating variable w. Steady-state w_inf is a Boltzmann function of V. The time constant tau_M is computed as torch.clamp(torch.abs(tau_M_raw), min=10.0) — a fixed scalar derived directly from a parameter (params[:,9]), with no voltage dependence. This matches tau_type=fixed_scalar -> I_M_fixed_tau."
bdf8a730-2ee2-4218-8dc5-32d5671a0baf,a24d9636-1628-4191-bd7b-1c0fda5ba198,7,8,57,-295.06121826171875,I_M,I_M_fixed_tau,"Single M-type K+ current with gating variable w. Steady-state w_inf is a Boltzmann sigmoid. The time constant tau_w is computed as torch.clamp(torch.abs(tau_w_raw), min=10.0, max=1000.0) — a fixed scalar clamped from params[:,9], with no voltage dependence whatsoever. This matches tau_type=fixed_scalar -> I_M_fixed_tau."
1403adf6-44b8-47bd-b014-97403112a3c5,a24d9636-1628-4191-bd7b-1c0fda5ba198,7,8,58,-259.9864501953125,I_M,I_M_fixed_tau,"Single M-type K+ current with gating variable w. V_half_M is fixed at -35.0 mV (constant). The time constant tau_w_M = torch.clamp(params[:,7].float(), min=10.0, max=120.0) is a fixed scalar drawn directly from a parameter with no voltage dependence. This matches tau_type=fixed_scalar -> I_M_fixed_tau."
d9807a2a-b4ae-41cf-8ae2-931e1bd77153,a24d9636-1628-4191-bd7b-1c0fda5ba198,7,8,59,-252.3277740478516,I_M,I_M_fixed_tau,"Single M-type K+ current with gating variable w. V_half_M is fixed at -35.0 mV. The time constant tau_w_M = torch.clamp(params[:,7].float(), min=10.0, max=120.0) is a fixed scalar from a learned parameter, with no voltage dependence. This matches tau_type=fixed_scalar -> I_M_fixed_tau."
0a2c7b1f-3bc5-492d-bf66-6c8053eff8aa,a24d9636-1628-4191-bd7b-1c0fda5ba198,7,8,60,-259.8252868652344,I_M,I_M_fixed_tau,"Single M-type K+ current with gating variable w. V_half_M is fixed at -35.0 mV. The time constant tau_w_M = torch.clamp(params[:,7].float(), min=10.0, max=120.0) is a fixed scalar from a learned parameter, with no voltage dependence. This matches tau_type=fixed_scalar -> I_M_fixed_tau."
70dc0b85-2355-4e3c-a59b-9e0c557005bc,a24d9636-1628-4191-bd7b-1c0fda5ba198,7,8,61,-262.88214111328125,I_M,I_M_fixed_tau,"Single M-type K+ gate (w) with Boltzmann w_inf. tau_w_M is drawn directly from params[:,7] and clamped to [10,120] ms — a fixed scalar per sample, not voltage-dependent. No second additional channel. This matches I_M_fixed_tau (tau_type=fixed_scalar)."
ab99d62f-e109-4972-859e-844531af57be,a24d9636-1628-4191-bd7b-1c0fda5ba198,7,8,62,-254.76394653320312,I_M,I_M_fixed_tau,"Single M-type K+ gate (w) with Boltzmann w_inf. tau_w_M is drawn from params[:,7] and clamped to [10,400] ms — a constant scalar per sample with no voltage dependence. No second additional channel. Matches I_M_fixed_tau (tau_type=fixed_scalar)."
ba9a3b79-c618-4893-ae2a-7cd4ed9c1209,a24d9636-1628-4191-bd7b-1c0fda5ba198,7,8,63,-259.03594970703125,I_M,I_M_fixed_tau,"Single M-type K+ gate (w) with Boltzmann w_inf centred at -35 mV. tau_w_M is taken directly from params[:,7] clamped to [10,120] ms — a fixed scalar, not voltage-dependent. No second additional channel. Matches I_M_fixed_tau (tau_type=fixed_scalar)."
f0d84b4f-974c-4278-b4d2-ace8fdfd858c,a24d9636-1628-4191-bd7b-1c0fda5ba198,7,8,64,-257.7783508300781,I_M,I_M_fixed_tau,"Single M-type K+ gate (w) with Boltzmann w_inf. tau_w_M is drawn from params[:,7] and clamped to [10,120] ms — a constant scalar per sample with no voltage dependence in the time constant. No second additional channel. Matches I_M_fixed_tau (tau_type=fixed_scalar)."
a73e76d3-8b37-4ce9-8de8-861abc914d30,a24d9636-1628-4191-bd7b-1c0fda5ba198,7,8,65,-253.6233673095703,I_M,I_M_fixed_tau,"Single M-type K+ gate (w) with Boltzmann w_inf centred at -35 mV. tau_w_M is drawn from params[:,7] and clamped to [10,120] ms — a fixed scalar per sample, explicitly described as 'voltage-independent time constant per batch element'. No second additional channel. Matches I_M_fixed_tau (tau_type=fixed_scalar)."
0466ac89-c34c-4591-83f9-7f3d7d8b5ebf,8676b219-4d75-42a8-9949-196395b35f82,3,10,80,-280.7946472167969,I_M,I_M_fixed_tau,"Single M-type K+ current with one activation gate p. Steady-state p_inf is a sigmoid. Time constant is fixed at 200 ms (tau_M_fixed = 200.0), a constant scalar not dependent on voltage. The M-gate update uses Exp(-tstep / tau_M_fixed) with a fixed scalar. This matches tau_type=fixed_scalar -> I_M_fixed_tau."
28535810-925b-4ec0-a426-3b3c16e4cd57,8676b219-4d75-42a8-9949-196395b35f82,3,10,81,-280.3341064453125,I_M,I_M_voltage_dep_tau,"Single M-type K+ current with one activation gate p. The tau_p function computes a bell-shaped (cosh-like) voltage-dependent time constant: TAU_M_NUM / (exp(dv) + exp(-dv) + 1e-6), where dv = 0.04*(x - V_half_M). This is a voltage-dependent tau (bell-shaped), matching tau_type=voltage_dependent -> I_M_voltage_dep_tau."
81cc4cd3-a490-4274-86ca-2c9f6c1ecb71,8676b219-4d75-42a8-9949-196395b35f82,3,10,82,-280.69049072265625,I_M,I_M_fixed_tau,"Single M-type K+ current with one activation gate p. Steady-state p_inf is a sigmoid. Time constant is fixed at tau_M_fixed = 200.0 ms, and a precomputed scalar decay factor (decay_p = exp(-tstep/tau_M_fixed)) is used in the update. This is a fixed scalar tau -> I_M_fixed_tau."
70806385-61f2-433f-9c1e-611c908b92ee,8676b219-4d75-42a8-9949-196395b35f82,3,10,83,-292.2830505371094,I_M,I_M_fixed_tau,"Single M-type K+ current with one activation gate p. Steady-state p_inf is a sigmoid. Time constant TAU_M = 200.0 ms is a fixed constant scalar, used as Exp(-tstep/TAU_M) in the gate update. No voltage dependence in tau. This matches tau_type=fixed_scalar -> I_M_fixed_tau."
da5dc34c-12a0-4fec-85b4-18d8a3f66c23,8676b219-4d75-42a8-9949-196395b35f82,3,10,84,-282.85552978515625,I_M,I_M_fixed_tau,"Single M-type K+ current with one activation gate p. Steady-state p_inf is a sigmoid. Time constant tau_M_fixed = 200.0 ms is a fixed scalar constant, used as Exp(-tstep/tau_M_fixed) in the gate update. No voltage dependence in tau. This matches tau_type=fixed_scalar -> I_M_fixed_tau."
ce4c2044-6a95-463f-a90d-15822e38eaa2,8676b219-4d75-42a8-9949-196395b35f82,3,10,85,-2239613952.0,I_M_plus_I_bgK,I_M_plus_I_bgK,"Snippet 1 has two additional channels beyond base HH: (1) M-type K+ current with a single gate p, Boltzmann p_inf, and a bell-shaped (cosh-based) voltage-dependent tau_p = tau_M_num / (exp(dv) + exp(-dv)); (2) a background ohmic K+ conductance gbar_bgK*(V - E_K) with no gating variable. This matches I_M_plus_I_bgK: M-type K+ with voltage-dependent tau paired with a background ohmic K+ leak."
68298a2e-0327-42a5-96e8-be20e3ae3d85,8676b219-4d75-42a8-9949-196395b35f82,3,10,86,-404.56683349609375,I_M_plus_I_A,I_M_plus_I_A,"Snippet 2 has two additional channels: (1) M-type K+ current with single gate p, Boltzmann p_inf, and a fixed scalar tau_M (clamped from params, voltage-independent); (2) A-type transient K+ current with activation gate qa (fixed tau_qa_val=1 ms) and inactivation gate ra (fixed tau_ra_val=20 ms), open probability qa*ra. The presence of an inactivation gate and the A-type transient K+ current matches I_M_plus_I_A."
c67a3a50-2c1e-4484-8afb-baa8293b94ad,8676b219-4d75-42a8-9949-196395b35f82,3,10,87,-299.7249450683594,I_M,I_M_fixed_tau,"Snippet 3 has only one additional channel: M-type K+ current with single gate p, Boltzmann p_inf centred at V_half_M, and a voltage-independent fixed scalar tau_M (clamped from -params[:,9], min=1.0). No second channel is present. This matches I_M_fixed_tau."
57e9bef6-51b6-470d-bf1c-31b43b1e1e32,8676b219-4d75-42a8-9949-196395b35f82,3,10,88,-281.9630126953125,I_M,I_M_fixed_tau,"Snippet 4 has only one additional channel: M-type K+ current with single gate p, Boltzmann p_inf centred at V_half_M, and a voltage-independent fixed scalar tau_M (clamped from params[:,9] directly, min=1.0). No second channel is present. This matches I_M_fixed_tau."
7965b27a-6b4d-4a42-83fe-7c3999b4abf6,8676b219-4d75-42a8-9949-196395b35f82,3,10,89,-275.36944580078125,I_M,I_M_fixed_tau,"Snippet 5 has only one additional channel: M-type K+ current with single gate p, Boltzmann p_inf centred at V_half_M with slope 9 mV, and a voltage-independent fixed scalar tau_M (clamped from params[:,9], min=1.0). The X2 slot is explicitly unused. This matches I_M_fixed_tau."
20193ef6-38b3-4e00-bec9-b98b99b25c37,8676b219-4d75-42a8-9949-196395b35f82,3,10,90,-278.54034423828125,I_M,I_M_fixed_tau,"Single M-current gate p with Boltzmann steady-state p_inf. The time constant tau_M is taken directly from params[:,9] with a clamp (min=1.0) — it is a fixed scalar parameter, not a function of voltage. No bell-shaped or voltage-dependent tau computation is present. This matches tau_type=fixed_scalar -> I_M_fixed_tau."
6e700940-a68e-4e8c-9778-c78eb1206e55,b8102286-d8c7-43d5-93eb-b576b2869877,8,5,48,-302.4725952148437,I_M,I_M_voltage_dep_tau,"Single M-current gate p with Boltzmann steady-state p_inf_M. The time constant tau_p_M is computed as tau_max_M / (2 * cosh((V - V_HALF_M) / 20)), which is a bell-shaped voltage-dependent function. This matches tau_type=voltage_dependent -> I_M_voltage_dep_tau."
09c61d71-8695-4dbc-a9d4-a5c43e0c2c77,b8102286-d8c7-43d5-93eb-b576b2869877,8,5,49,-285.2229919433594,I_M,I_M_voltage_dep_tau,"Single M-current gate p with Boltzmann steady-state p_inf_M. The time constant tau_p_M is computed as tau_max / (Exp(dv) + Exp(-dv)), which is a bell-shaped (cosh-like) voltage-dependent function centred at V_HALF_M. This matches tau_type=voltage_dependent -> I_M_voltage_dep_tau."
59eef1ef-3ee0-4ad5-8cee-6cadd453c7e5,b8102286-d8c7-43d5-93eb-b576b2869877,8,5,50,-284.13897705078125,I_M,I_M_voltage_dep_tau,"Single M-current gate p with Boltzmann steady-state p_inf_M. The time constant tau_p_M is computed as tau_max_M / (Exp(dv) + Exp(-dv)), a bell-shaped voltage-dependent function. This matches tau_type=voltage_dependent -> I_M_voltage_dep_tau."
822be3b1-32d1-4ef5-a2c4-b899339f5f26,b8102286-d8c7-43d5-93eb-b576b2869877,8,5,51,-289.4967346191406,I_M,I_M_voltage_dep_tau,"Single M-current gate p with Boltzmann steady-state p_inf. The time constant tau_p is computed as tau_max / (Exp(dv) + Exp(-dv)), a bell-shaped voltage-dependent function centred at V_half. This matches tau_type=voltage_dependent -> I_M_voltage_dep_tau."
f499fa00-12ea-47c1-835f-67a9fcb3f295,b8102286-d8c7-43d5-93eb-b576b2869877,8,5,52,-307.3352966308594,I_M_plus_I_NaP,I_M_plus_I_NaP_voltage_dep_tau,"Two additional channels: (1) M-type K+ current with single gate p, bell-shaped voltage-dependent tau via cosh form (tau_max_M / (Exp(dv) + Exp(-dv))), and (2) Persistent Na+ current (I_NaP) with instantaneous Boltzmann activation (m_nap_inf, no state variable ODE). This matches I_M_plus_I_NaP with voltage-dependent tau for I_M."
bd559d4a-f02f-4231-8908-028955296647,b8102286-d8c7-43d5-93eb-b576b2869877,8,5,53,-295.0990295410156,I_M,I_M_voltage_dep_tau,"Single additional channel: M-type K+ current with single gate p, Boltzmann steady-state p_inf_M, and bell-shaped voltage-dependent time constant tau_p_M = tau_max_M / (Exp(dv) + Exp(-dv)) — a cosh-like denominator. No second channel present. This is I_M with voltage-dependent tau."
46efb1e4-13a2-4423-8582-945615bb5489,b8102286-d8c7-43d5-93eb-b576b2869877,8,5,54,-330.6888732910156,I_M_plus_I_NaP,I_M_plus_I_NaP_voltage_dep_tau,"Two additional channels: (1) M-type K+ current with single gate p, bell-shaped voltage-dependent tau via cosh form (tau_max / (Exp(dv) + Exp(-dv))), and (2) Persistent Na+ current (I_NaP) with instantaneous Boltzmann activation (m_inf_NaP, no state variable ODE). Matches I_M_plus_I_NaP with voltage-dependent tau."
d8466d82-ad0d-4be6-8a7a-43cc796db1fe,b8102286-d8c7-43d5-93eb-b576b2869877,8,5,55,-278.6883850097656,I_M,I_M_voltage_dep_tau,"Single additional channel: M-type K+ current with single gate p, Boltzmann steady-state p_inf_M, and bell-shaped voltage-dependent time constant tau_p_M = tau_max_M / (Exp(dv) + Exp(-dv)). V_half_M and tau_max_M are both inferred parameters. No second channel present. This is I_M with voltage-dependent tau."
cda7ffe1-a53b-4929-8edd-731807a2c77b,a24d9636-1628-4191-bd7b-1c0fda5ba198,7,9,66,-257.0166320800781,I_M,I_M_fixed_tau,"Single additional channel: M-type K+ current with single gate w, Boltzmann steady-state w_inf_fn, and a FIXED scalar time constant tau_w_M drawn directly from params[:,7] and clamped to [10, 400] ms — no voltage dependence in the tau computation. This is a fixed scalar tau, matching I_M_fixed_tau. E_K is corrected to -77 mV but the defining criterion is the fixed scalar tau."
c13f58c7-9a9b-4981-bf9b-eb68ebd53f4e,a24d9636-1628-4191-bd7b-1c0fda5ba198,7,9,67,-263.1275634765625,I_M,I_M_fixed_tau,"Single M-gate (w) with Boltzmann steady-state w_inf. The time constant tau_w_M is drawn directly from params[:,7] and clamped to [10, 120] ms — a fixed scalar per batch element, not computed from voltage. No voltage-dependent bell-shape or cosh formula. This matches tau_type=fixed_scalar -> I_M_fixed_tau."
768f2fee-ad2f-4976-bf9c-8c1a1fa1ddf3,a24d9636-1628-4191-bd7b-1c0fda5ba198,7,9,68,-243.82489013671875,I_M,I_M_fixed_tau,"Single M-gate (w) with Boltzmann steady-state w_inf. tau_w_M is taken directly from params[:,7] clamped to [10, 120] ms — a constant scalar per sample, not a function of voltage. No bell-shaped or cosh-based tau formula. Matches tau_type=fixed_scalar -> I_M_fixed_tau."
2ab033ba-8af5-4450-8434-b8b411f56064,a24d9636-1628-4191-bd7b-1c0fda5ba198,7,9,69,-248.149169921875,I_M,I_M_fixed_tau,"Single M-gate (w) with Boltzmann steady-state w_inf. tau_w_M is drawn from params[:,7] clamped to [10, 120] ms — a fixed scalar per batch element with no voltage dependence. The comment explicitly states 'voltage-independent tau'. Matches tau_type=fixed_scalar -> I_M_fixed_tau."
45bdaaf6-418c-4464-9d7b-21c2b9047df0,a70abf70-001b-4b4f-9c79-56789d37f2a7,5,7,74,-277.0713806152344,I_M,I_M_fixed_tau,"Single M-gate (p) with Boltzmann steady-state p_inf_M. The time constant tau_M is drawn from params[:,9] directly (positive, clamped with min=1e-3) — a fixed scalar per batch element with no voltage dependence. No bell-shaped or cosh formula. Matches tau_type=fixed_scalar -> I_M_fixed_tau."
0a94e78d-1727-48c1-9c19-fc478863a8b2,a70abf70-001b-4b4f-9c79-56789d37f2a7,5,7,75,-274.0199584960937,I_M,I_M_voltage_dep_tau,"Single M-gate (p) with Boltzmann steady-state p_inf. The time constant tau_p is computed as tau_M_scale / (cosh((V - V_half_M) / 60) + 0.1), which is a bell-shaped function of voltage (peaks near V_half_M, decreases away). This is a voltage-dependent tau -> I_M_voltage_dep_tau."
0ca70985-5d52-454e-af5e-a29aa0f14033,a70abf70-001b-4b4f-9c79-56789d37f2a7,5,7,76,-278.7747802734375,I_M,I_M_fixed_tau,"Single M-current gate p with Boltzmann p_inf. The time constant tau_M is taken directly from params[:,9] (clamped to min=1.0) and used as a fixed scalar: `p[:, i] = p_ss + (p[:, i-1] - p_ss) * Exp(-tstep / tau_M)`. No voltage-dependent bell-shaped tau function is present. This matches tau_type=fixed_scalar -> I_M_fixed_tau."
0a87aa77-055d-4f79-88c1-749319abb6c1,a70abf70-001b-4b4f-9c79-56789d37f2a7,5,7,77,-276.3519897460937,I_M,I_M_fixed_tau,"Single M-current gate p with Boltzmann p_inf_M. The time constant tau_M is taken directly from params[:,9] (not negated, kept positive) and used as a constant scalar in the exponential Euler update: `p[:, i] = p_ss + (p_prev - p_ss) * Exp(-tstep / tau_M)`. No voltage-dependent tau function. This matches tau_type=fixed_scalar -> I_M_fixed_tau."
18495fa1-2a0b-44f6-afd1-48c9fb59b1a6,a70abf70-001b-4b4f-9c79-56789d37f2a7,5,7,78,-270.4538269042969,I_M,I_M_fixed_tau,"Single M-current gate p with Boltzmann p_inf_M (slope 10 mV). The time constant tau_M is taken directly from params[:,9] (positive, not negated) and used as a fixed scalar in the update: `p[:, i] = p_ss + (p_prev - p_ss) * Exp(-tstep / tau_M)`. No voltage-dependent tau computation. This matches tau_type=fixed_scalar -> I_M_fixed_tau."
ac5deffb-ecf3-43cf-b123-dde223827f2e,a70abf70-001b-4b4f-9c79-56789d37f2a7,5,7,79,-285.3043212890625,I_M,I_M_voltage_dep_tau,"Single M-current gate p with Boltzmann p_inf_M. The time constant is computed via `tau_p_M(x)` which uses a bell-shaped denominator `3.3 * Exp(dv/40.0) + Exp(-dv/20.0)` (voltage-dependent), scaled by tau_M_scale from params[:,9]. This is a voltage-dependent tau -> I_M_voltage_dep_tau."
b512b201-9591-40f4-a8f9-04caf68d80be,a70abf70-001b-4b4f-9c79-56789d37f2a7,5,7,80,-269.90887451171875,I_M,I_M_fixed_tau,"Single M-current gate p with Boltzmann p_inf_M (slope 10 mV). The time constant tau_M is taken directly from params[:,9] (not negated, positive) and used as a fixed scalar in the exponential Euler update: `p[:, i] = p_inf_val + (p_prev - p_inf_val) * Exp(-tstep / tau_M)`. No voltage-dependent tau function. This matches tau_type=fixed_scalar -> I_M_fixed_tau."
8d00ad2d-f8fa-49b1-b051-a3813cf69cd8,a70abf70-001b-4b4f-9c79-56789d37f2a7,5,7,81,-272.6051940917969,I_M,I_M_voltage_dep_tau,"Single M-current gate p with Boltzmann p_inf and a bell-shaped tau_p = tau_scale / (exp(dv) + exp(-dv) + 1e-7), which is a cosh-based voltage-dependent time constant. This matches the voltage_dependent tau criterion for I_M_voltage_dep_tau."
1d60daac-9603-43e8-b913-08dc76e21640,a70abf70-001b-4b4f-9c79-56789d37f2a7,5,7,82,-287.1504821777344,I_M,I_M_fixed_tau,"Single M-current gate p with Boltzmann p_inf_M and a fixed scalar time constant tau_M = params[:,9] clamped to min=1.0. No voltage dependence in tau — it is a constant per batch element drawn directly from params. This matches the fixed_scalar tau criterion for I_M_fixed_tau."
25a6ebff-c129-4288-8ce0-7284f8d82a75,a70abf70-001b-4b4f-9c79-56789d37f2a7,5,7,83,-290.8261413574219,I_M,I_M_voltage_dep_tau,"Single M-current gate p with Boltzmann p_inf and tau_p = tau_scale / (exp(dv) + exp(-dv)) where dv = (V - V_half_M)/(2*k_M). This is a cosh-based bell-shaped voltage-dependent time constant, matching the voltage_dependent tau criterion for I_M_voltage_dep_tau."
bcdd834c-3e61-42a9-aa3f-eb8a998a850c,a70abf70-001b-4b4f-9c79-56789d37f2a7,5,7,84,-271.8764953613281,I_M,I_M_fixed_tau,"Single M-current gate p with Boltzmann p_inf and a fixed scalar time constant tau_M = params[:,9] (positive, not negated, no voltage dependence). The update is p[:, i] = p_inf_v + (p_prev - p_inf_v) * Exp(-tstep / tau_M) with tau_M constant per batch element. This matches the fixed_scalar tau criterion for I_M_fixed_tau."
399f9e79-dd1a-4280-9936-308c232cffe2,a70abf70-001b-4b4f-9c79-56789d37f2a7,5,7,85,-283.734130859375,I_M,I_M_voltage_dep_tau,"Single M-current gate p with Boltzmann p_inf_M and a voltage-dependent tau_p_M = tau_max_M / (3.3*exp(dv/40) + exp(-dv/20) + 1e-6), which is an asymmetric bell-shaped function of V. This matches the voltage_dependent tau criterion for I_M_voltage_dep_tau."
c8d461ae-4ff6-4c43-a727-476252801990,a70abf70-001b-4b4f-9c79-56789d37f2a7,5,7,86,-282.65631103515625,I_M,I_M_fixed_tau,"Single M-current gate p with Boltzmann p_inf. The time constant tau_p_M is drawn directly from params[:,9] (a fixed scalar parameter, clamped to min=0.01), with no voltage dependence. This is a fixed scalar tau -> I_M_fixed_tau."
3470eebb-eb3f-45b6-bebc-e1a24e8876ac,8676b219-4d75-42a8-9949-196395b35f82,3,11,91,-290.4295349121094,I_M,I_M_voltage_dep_tau,"Single M-current gate p with Boltzmann p_inf. The time constant tau_p(V) = TAU_M_NUM / (exp(dv) + exp(-dv)) uses a cosh-like denominator that varies with voltage (bell-shaped, peaks at V_half_M). This is a voltage-dependent tau -> I_M_voltage_dep_tau."
cd0a3a2e-b86f-495e-b52c-0d3780100d74,8676b219-4d75-42a8-9949-196395b35f82,3,11,92,-307.23687744140625,I_M,I_M_voltage_dep_tau,Single M-current gate p with Boltzmann p_inf (slope k_M inferred). The time constant tau_p(V) = tau_M_num / (exp(c*dv) + exp(-c*dv)) is a cosh-denominator bell-shaped function of voltage. This is a voltage-dependent tau -> I_M_voltage_dep_tau.
35c52705-4255-434a-a1ed-4ebc5f8f8f55,8676b219-4d75-42a8-9949-196395b35f82,3,11,93,-310.35809326171875,I_M,I_M_fixed_tau,"Single M-current gate p with Boltzmann p_inf (slope 9 mV fixed). The time constant tau_M = torch.clamp(-params[:,9], min=1.0) is a fixed scalar per batch element with no voltage dependence. This is a fixed scalar tau -> I_M_fixed_tau."
59fe04fa-a430-4ced-b1b2-aafc3e37988e,8676b219-4d75-42a8-9949-196395b35f82,3,11,94,-273.0444030761719,I_M,I_M_fixed_tau,"Single M-current gate p with Boltzmann p_inf (slope k_M=9 mV fixed). The time constant tau_M = torch.clamp(params[:,9], min=1.0) is a fixed scalar drawn directly from a parameter with no voltage dependence. This is a fixed scalar tau -> I_M_fixed_tau."
ab579e96-918f-44d4-9a07-2c73e7f72501,8676b219-4d75-42a8-9949-196395b35f82,3,11,95,-313.0095520019531,I_M,I_M_fixed_tau,"Single M-current gate 'p' with Boltzmann sigmoid steady-state p_inf. Time constant tau_M is derived directly from params[:,9] via negation and clamping (torch.clamp(-params[:,9], min=1.0)) — a fixed scalar per batch element, completely voltage-independent. No second channel is present. This matches the fixed_scalar tau_type criterion for I_M_fixed_tau."
2af485b5-13d9-4da2-88e6-6a64ee2db2ed,8676b219-4d75-42a8-9949-196395b35f82,3,11,96,-337.6477966308594,I_M,I_M_fixed_tau,"Single M-current gate 'p' with Boltzmann sigmoid steady-state. tau_M is computed as torch.clamp(-params[:,9].float(), min=1.0) — a fixed scalar drawn from a parameter, voltage-independent. No second channel added. Matches I_M_fixed_tau (tau_type=fixed_scalar)."
1b310596-ed58-4f7e-acdf-079d59b45101,8676b219-4d75-42a8-9949-196395b35f82,3,11,97,-294.2914733886719,I_M,I_M_fixed_tau,"Single M-current gate 'p' with sigmoid steady-state p_inf_M. tau_M = torch.clamp(-params[:,9].float(), min=1.0) is a fixed scalar parameter, not a function of voltage. No second channel present. Matches I_M_fixed_tau (tau_type=fixed_scalar)."
803efacc-47a8-4b08-a959-9ca11c4422e0,8676b219-4d75-42a8-9949-196395b35f82,3,11,98,-303.0990600585937,I_M,I_M_fixed_tau,"Single M-current gate 'p' with Boltzmann sigmoid p_inf. tau_M is derived from params[:,9] via negation and clamping (torch.clamp(tau_M_raw, min=1.0)) — a fixed scalar, voltage-independent. No second channel. Matches I_M_fixed_tau (tau_type=fixed_scalar)."
91de6dd1-9631-4aee-80cd-d550383089af,8676b219-4d75-42a8-9949-196395b35f82,3,11,99,-308.5196838378906,I_M,I_M_fixed_tau,"Single M-current gate 'p' with Boltzmann sigmoid p_inf. tau_M = torch.clamp(-params[:,9].float(), min=1.0) is a fixed scalar parameter with no voltage dependence. No second channel added. Matches I_M_fixed_tau (tau_type=fixed_scalar)."
7f652aa2-2783-4739-9fd3-f30f34c37844,7e916310-bb41-4c31-9c69-b85f231b69be,4,10,95,-324.8774108886719,I_M_plus_I_NaP,I_M_plus_I_NaP_fixed_tau,"Snippet 1 has two additional channels: (1) M-type K+ current (IKm) with a single Boltzmann gate p and a fixed scalar time constant tau_Km drawn directly from params[:,9] (used without voltage dependence: `p[:, i] = p_ss + (p[:, i-1] - p_ss) * Exp(-tstep / tau_Km)`), and (2) Persistent Na+ current (INaP) with instantaneous Boltzmann activation (no state variable ODE). This matches I_M_plus_I_NaP_fixed_tau: tau_type=fixed_scalar AND secondary=I_NaP."
5621b327-6921-4343-88ec-7090c6de3505,7e916310-bb41-4c31-9c69-b85f231b69be,4,10,96,-326.8249816894531,I_M_plus_I_NaP,I_M_plus_I_NaP_voltage_dep_tau,"Snippet 2 has two additional channels: (1) M-type K+ current (IKm) with a single Boltzmann gate p and a bell-shaped voltage-dependent time constant tau_p(V) = tau_max / (3.3*exp(dv/40) + exp(-dv/20)), and (2) Persistent Na+ current (INaP) with instantaneous Boltzmann activation (no state variable ODE, fixed half-activation at -55 mV). This matches I_M_plus_I_NaP_voltage_dep_tau: tau_type=voltage_dependent AND secondary=I_NaP."
b25d66dc-b437-4e45-8426-bca0cbf125c7,7e916310-bb41-4c31-9c69-b85f231b69be,4,10,97,-353.9472961425781,I_M_plus_I_NaP,I_M_plus_I_NaP_fixed_tau,"Snippet 3 has two additional channels: (1) M-type K+ current (IKm) with a single Boltzmann gate p and a fixed scalar time constant tau_Km from params[:,9] (used directly as a constant: `p[:, i] = p_ss + (p[:, i-1] - p_ss) * Exp(-tstep / tau_Km)`), and (2) Persistent Na+ current (INaP) with instantaneous Boltzmann activation at fixed half-activation -55 mV (no state variable). This matches I_M_plus_I_NaP_fixed_tau: tau_type=fixed_scalar AND secondary=I_NaP."
9bbd131e-bd41-44cc-b40f-fe280bd4615b,7e916310-bb41-4c31-9c69-b85f231b69be,4,10,98,-251.5762176513672,I_M,I_M_voltage_dep_tau,"Snippet 4 has only ONE additional channel: M-type K+ current (IKm) with a single Boltzmann gate p and a bell-shaped voltage-dependent time constant tau_p(V) = tau_max / (3.3*exp(dv/40) + exp(-dv/20)). params[:,7] is explicitly marked UNUSED. No secondary channel is present. This matches I_M_voltage_dep_tau: single I_M channel with tau_type=voltage_dependent."
e39dc2ba-24eb-49f9-9913-8af4409367b6,7e916310-bb41-4c31-9c69-b85f231b69be,4,10,99,-347.41339111328125,I_M_plus_I_NaP,I_M_plus_I_NaP_voltage_dep_tau,"Snippet 5 has two additional channels: (1) M-type K+ current (IKm) with a single Boltzmann gate p and a bell-shaped voltage-dependent time constant tau_p(V) = tau_max / (3.3*exp(dv/40) + exp(-dv/20)), and (2) Persistent Na+ current (INaP) with instantaneous Boltzmann activation at Vt+5 mV (no state variable ODE). This matches I_M_plus_I_NaP_voltage_dep_tau: tau_type=voltage_dependent AND secondary=I_NaP."
2029f5fa-2268-4a23-8bcf-55b22fe4e35f,7e916310-bb41-4c31-9c69-b85f231b69be,4,10,100,-251.137924194336,I_M,I_M_voltage_dep_tau,"Single M-type K+ current with one activation gate p. The tau_p function is bell-shaped: tau_max / (3.3*exp(dv/40) + exp(-dv/20)), which is a voltage-dependent (bell-shaped) time constant. No second channel is added. This matches I_M_voltage_dep_tau."
69431dcb-baf7-409e-8dc1-3bc881b9209d,7e916310-bb41-4c31-9c69-b85f231b69be,4,10,101,-261.6014709472656,I_M,I_M_voltage_dep_tau,"Single M-type K+ current with one activation gate p. The tau_p function uses tau_max_Km / (3.3*exp(dv/40) + exp(-dv/20)), a bell-shaped voltage-dependent time constant. No second channel present. Matches I_M_voltage_dep_tau."
2bee3e21-0bb9-4732-b6c3-624795999911,7e916310-bb41-4c31-9c69-b85f231b69be,4,10,102,-315.00860595703125,I_M_plus_I_NaP,I_M_plus_I_NaP_voltage_dep_tau,"Two additional channels: (1) M-type K+ current with gate p and bell-shaped voltage-dependent tau (tau_max_Km / (3.3*exp(dv/40) + exp(-dv/20))), and (2) Persistent Na+ current (INaP) with instantaneous Boltzmann gate q_inf (no ODE). This is the I_M + I_NaP combination with voltage-dependent tau for I_M, matching I_M_plus_I_NaP_voltage_dep_tau."
9d559b51-b360-49cf-a162-42ee153fe922,7e916310-bb41-4c31-9c69-b85f231b69be,4,10,103,-255.9968719482422,I_M,I_M_voltage_dep_tau,"Single M-type K+ current with one activation gate p. The tau_p function is bell-shaped: tau_max / (3.3*exp(dv/40) + exp(-dv/20)), a voltage-dependent time constant. params[:,7] is unused. No second channel. Matches I_M_voltage_dep_tau."
e0a12fcd-f041-4602-ab63-82e3321d9dc3,7e916310-bb41-4c31-9c69-b85f231b69be,4,10,104,-288.2992553710937,I_M_plus_I_NaP,I_M_plus_I_NaP_voltage_dep_tau,"Two additional channels: (1) M-type K+ current with gate p and bell-shaped voltage-dependent tau (100.0 / (3.3*exp(dv/40) + exp(-dv/20))), and (2) Persistent Na+ current (INaP) with instantaneous Boltzmann gate m_NaP_inf (no ODE). This is the I_M + I_NaP combination with voltage-dependent tau for I_M, matching I_M_plus_I_NaP_voltage_dep_tau."
7a71ac37-29c8-4812-90b5-713593b2b952,7e916310-bb41-4c31-9c69-b85f231b69be,4,10,105,-333.5846862792969,I_M_plus_I_NaP,I_M_plus_I_NaP_fixed_tau,"Snippet 1 has two additional channels: (1) M-type K+ current (IKm) with single gate p, Boltzmann steady-state p_inf, and a fixed scalar time constant tau_Km = -param_j (a constant positive value drawn directly from params[:,9], no voltage dependence); (2) Persistent Na+ current (INaP) with instantaneous Boltzmann activation m_NaP_inf (no ODE state variable). The M-gate update is: p[:,i] = p_ss + (p[:,i-1] - p_ss) * Exp(-tstep / tau_Km), where tau_Km is a precomputed constant. This matches I_M_plus_I_NaP_fixed_tau: fixed scalar tau for I_M paired with instantaneous INaP."
adce3f65-ba0c-48d5-a7cb-3b4682f02c39,7e916310-bb41-4c31-9c69-b85f231b69be,4,10,106,-341.1904296875,I_M_plus_I_NaP,I_M_plus_I_NaP_voltage_dep_tau,"Snippet 2 has two additional channels: (1) M-type K+ current (IKm) with single gate p, Boltzmann steady-state p_inf, and a bell-shaped voltage-dependent time constant tau_p(x) = tau_max_Km / (3.3*Exp(dv/40) + Exp(-dv/20) + 1e-6), which varies with V; (2) Persistent Na+ current (INaP) with instantaneous Boltzmann activation m_NaP_inf (no ODE). The tau for I_M is voltage-dependent (bell-shaped), matching I_M_plus_I_NaP_voltage_dep_tau."
54bd22cd-5204-4267-af32-73304b30cd83,2faf0d72-ccdf-41c7-8435-937ca82436c7,9,1,1,-282.58203125,I_M,I_M_voltage_dep_tau,"Snippet 3 has only one additional channel: M-type K+ current (I_M) with single gate p, Boltzmann steady-state p_inf, and a bell-shaped voltage-dependent time constant tau_p(x) = tau_scale_M / (3.3*Exp(dv) + Exp(-dv)) where dv = (x - V_half_M)/20. No second channel is present (X2 slot unused). This matches I_M_voltage_dep_tau: single I_M channel with voltage-dependent tau."
8aec55ca-bf9a-4303-af0b-2d2f2735aa46,2faf0d72-ccdf-41c7-8435-937ca82436c7,9,1,2,-294.5240478515625,I_M,I_M_voltage_dep_tau,"Snippet 4 has only one additional channel: M-type K+ current with single gate p, Boltzmann steady-state p_inf_M, and a bell-shaped voltage-dependent time constant tau_p_M(x) = tau_scale_M / (3.3*Exp(dv/20) + Exp(-dv/20)), clamped at 0.5 ms. No second channel is used (X2 slot not activated). This matches I_M_voltage_dep_tau: single I_M with voltage-dependent tau."
ecc8d410-9a70-48ee-b69e-049308c00ae6,2faf0d72-ccdf-41c7-8435-937ca82436c7,9,1,3,-293.0713195800781,I_M,I_M_fixed_tau,"Snippet 5 has only one additional channel: M-type K+ current with single gate p, Boltzmann steady-state p_inf_M (slope 9 mV), and a fixed scalar time constant tau_M = clamp(-params[:,9], min=1.0), which is a constant precomputed before the loop with no voltage dependence. The M-gate update uses this constant tau: p[:,i] = p_ss + (p[:,i-1] - p_ss) * Exp(-tstep / tau_M_safe). No second channel is present. This matches I_M_fixed_tau: single I_M with fixed scalar tau."
5eb0da70-9eb6-433d-803f-ad7f4d7ef256,2faf0d72-ccdf-41c7-8435-937ca82436c7,9,1,4,-283.4246520996094,I_M,I_M_fixed_tau,"Single M-current gate p with Boltzmann p_inf. The time constant tau_M is extracted directly from params[:,9] with torch.clamp (min=10, max=3000) before the simulation loop — it is a fixed scalar with no voltage dependence. The update uses Exp(-tstep / tau_M) with tau_M constant across time steps. This matches tau_type=fixed_scalar -> I_M_fixed_tau."
9b31b3d5-fb73-4974-8398-cea4b3ba3a51,2faf0d72-ccdf-41c7-8435-937ca82436c7,9,1,5,-285.4696655273437,I_M,I_M_voltage_dep_tau,"Single M-current gate p with Boltzmann p_inf. The tau_p function computes a bell-shaped voltage-dependent time constant: denom = 3.3*Exp(dv/20) + Exp(-dv/20), tau = tau_scale_M / denom. This is the Wang 1998 cosh-like form, making tau voltage-dependent -> I_M_voltage_dep_tau."
d6e8cdc0-37e1-4624-9330-9c86397fdbca,2faf0d72-ccdf-41c7-8435-937ca82436c7,9,1,6,-274.130859375,I_M,I_M_fixed_tau,"Single M-current gate p with Boltzmann p_inf. The time constant tau_M is extracted from params[:,9] with torch.clamp(min=1.0) — a fixed scalar parameter with no voltage dependence. The update p[:,i] = p_ss + (p_prev - p_ss)*Exp(-tstep/tau_M) uses this constant tau. This matches tau_type=fixed_scalar -> I_M_fixed_tau."
d9039d57-97ca-4499-9f25-958bd6d34098,2faf0d72-ccdf-41c7-8435-937ca82436c7,9,1,7,-274.99774169921875,I_M,I_M_voltage_dep_tau,"Single M-current gate p with Boltzmann p_inf. The tau_p function is bell-shaped: denom = 3.3*Exp(dv/20) + Exp(-dv/20), tau = tau_M_scale / denom, clamped to min=0.1. This is the Wang 1998 voltage-dependent form -> I_M_voltage_dep_tau."
c21ad976-2079-43b0-a129-763c5dfda50d,2faf0d72-ccdf-41c7-8435-937ca82436c7,9,1,8,-293.5761108398437,I_M,I_M_voltage_dep_tau,"Single M-current gate p with Boltzmann p_inf. The tau_p function computes a bell-shaped voltage-dependent time constant: denom = 3.3*Exp((x-V_half_M)/20) + Exp(-(x-V_half_M)/20), tau_val = tau_M_amp / (denom + 1e-6), clamped to min=0.5. This is the Wang 1998 cosh-like bell-shaped form -> I_M_voltage_dep_tau."
bafc9593-2814-4947-b526-272952f7d70b,2faf0d72-ccdf-41c7-8435-937ca82436c7,9,1,9,-274.7384338378906,I_M,I_M_voltage_dep_tau,"Single M-current gate p with Boltzmann p_inf and a bell-shaped voltage-dependent tau_p using the form tau_scale_M / (3.3*exp(dv/20) + exp(-dv/20)), which is the classic Wang 1998 cosh-like denominator. tau varies with V -> voltage_dependent tau -> I_M_voltage_dep_tau."
8908ea24-0014-428f-8300-3804c4c9911f,2faf0d72-ccdf-41c7-8435-937ca82436c7,9,1,10,-279.1614685058594,I_M,I_M_voltage_dep_tau,"Single M-current gate p with Boltzmann p_inf and tau_p = tau_scale_M / (3.3*exp(dv/20) + exp(-dv/20)), a bell-shaped voltage-dependent time constant (Wang 1998 form). tau varies with V -> I_M_voltage_dep_tau."
61a13738-49fa-4c9f-9c34-6442fb2acbfb,2faf0d72-ccdf-41c7-8435-937ca82436c7,9,1,11,-284.6235656738281,I_M,I_M_voltage_dep_tau,"Single M-current gate p with Boltzmann p_inf centered at param_i and tau_p = tau_max / (3.3*exp(dv/20) + exp(-dv/20)), a bell-shaped voltage-dependent time constant. tau varies with V -> I_M_voltage_dep_tau."
85fa732d-68bf-4877-a153-b0339f6058eb,2faf0d72-ccdf-41c7-8435-937ca82436c7,9,1,12,-290.812255859375,I_M,I_M_voltage_dep_tau,"Single M-current gate p with Boltzmann p_inf and tau_p = tau_max_M / (exp(dv/20) + exp(-dv/20)) = tau_max_M / (2*cosh(dv/20)), a bell-shaped voltage-dependent time constant. tau varies with V -> I_M_voltage_dep_tau."
a28372c4-b8c7-4cfc-aae2-af0486300f12,2faf0d72-ccdf-41c7-8435-937ca82436c7,9,1,13,-269.94580078125,I_M,I_M_fixed_tau,"Single M-current gate p_M with Boltzmann p_inf_M, but the time constant tau_M is a fixed scalar (torch.clamp(torch.abs(params[:,9]), min=1.0)) with no voltage dependence. The decay factor decay_pM = Exp(-tstep/tau_M) is precomputed before the loop, confirming voltage-independent fixed scalar tau -> I_M_fixed_tau."
e9328e76-831c-477e-a5b3-7bfc5d527b3f,2faf0d72-ccdf-41c7-8435-937ca82436c7,9,1,14,-275.8580017089844,I_M,I_M_voltage_dep_tau,"Single M-current gate p with Boltzmann p_inf. The tau_p function computes z=(x-V_half_M)/20.0 then denom=Exp(z)+Exp(-z), giving a bell-shaped (cosh-like) voltage-dependent time constant. This matches tau_type=voltage_dependent -> I_M_voltage_dep_tau."
4cfb3651-a3d1-4c0f-93d6-c880f1089197,e364bbb6-4cbb-4973-a0e9-ca180dc93386,6,8,68,-246.5711669921875,I_M,I_M_fixed_tau,"Single M-current gate p with Boltzmann p_inf. The time constant is param_j extracted directly from params[:,9] as a fixed scalar — used as `Exp(-tstep / param_j)` with no voltage dependence. This matches tau_type=fixed_scalar -> I_M_fixed_tau."
8bca6d58-cbcd-4a27-bf26-7849ebd08a74,e364bbb6-4cbb-4973-a0e9-ca180dc93386,6,8,69,-255.0811767578125,I_M,I_M_fixed_tau,"Single M-current gate p with Boltzmann p_inf. The time constant is fixed at tau_M = 150.0 ms (a hardcoded scalar constant, not voltage-dependent). Used as `Exp(torch.full_like(V_prev, -tstep / tau_M))`. This matches tau_type=fixed_scalar -> I_M_fixed_tau."
9a12c64e-0d95-41a1-a89c-d670f8eb3447,e364bbb6-4cbb-4973-a0e9-ca180dc93386,6,8,70,-265.2442932128906,I_M,I_M_fixed_tau,"Single M-current gate p with Boltzmann p_inf. The time constant is tau_p_fixed = 150.0 ms (hardcoded scalar constant), used as `Exp(torch.full_like(p_prev, -tstep / tau_p_fixed))`. No voltage dependence in tau. This matches tau_type=fixed_scalar -> I_M_fixed_tau."
61c02dd9-b4c4-4497-8b03-21a1b8fc7e66,e364bbb6-4cbb-4973-a0e9-ca180dc93386,6,8,71,-246.7216796875,I_M,I_M_fixed_tau,"Single M-current gate p with Boltzmann p_inf. The time constant is param_j from params[:,9], a fixed scalar used directly as `Exp(-tstep / param_j)` with no voltage dependence. This matches tau_type=fixed_scalar -> I_M_fixed_tau."
3c09d792-7385-4672-970b-dac9c084f449,e364bbb6-4cbb-4973-a0e9-ca180dc93386,6,8,72,-252.586654663086,I_M,I_M_fixed_tau,"Single M-current gate p with Boltzmann steady-state p_inf. Time constant is a hardcoded scalar constant: tau_M = 150.0 ms (not voltage-dependent, not from params). The exponential Euler step uses Exp(torch.full_like(p_prev, -tstep / tau_M)), confirming a fixed scalar tau. This matches tau_type=fixed_scalar -> I_M_fixed_tau."
9627edca-44c7-44d3-afd9-d20d30639be2,e364bbb6-4cbb-4973-a0e9-ca180dc93386,6,8,73,-248.6791381835937,I_M,I_M_fixed_tau,"Single M-current gate p with Boltzmann steady-state p_inf. Time constant is param_j = params[:,9], a learned scalar parameter extracted directly without any voltage-dependent computation. The update uses Exp(-tstep / param_j), confirming a fixed scalar tau drawn from a parameter. This matches tau_type=fixed_scalar -> I_M_fixed_tau."
5ddbafa4-cf73-4d4c-bd34-5178f2ba2154,e364bbb6-4cbb-4973-a0e9-ca180dc93386,6,8,74,-249.3506774902344,I_M,I_M_fixed_tau,"Single M-current gate p with Boltzmann steady-state p_inf. Time constant is tau_p_fixed = 150.0 ms, a hardcoded scalar constant precomputed before the loop as exp_decay_p. The update uses p_inf_now + (p_prev - p_inf_now) * exp_decay_p, confirming a fixed scalar tau. This matches tau_type=fixed_scalar -> I_M_fixed_tau."
a56d3bd6-7aff-44b1-8bf0-4567e40c61b3,e364bbb6-4cbb-4973-a0e9-ca180dc93386,6,8,75,-250.760971069336,I_M,I_M_fixed_tau,"Single M-current gate p with Boltzmann steady-state p_inf. Time constant is param_j = params[:,9], a learned scalar parameter used directly as a voltage-independent constant. The update uses Exp(-tstep / param_j), confirming a fixed scalar tau drawn from a parameter. This matches tau_type=fixed_scalar -> I_M_fixed_tau."
01aacd6a-eb0f-4901-83ce-4ec201f8eda9,e364bbb6-4cbb-4973-a0e9-ca180dc93386,6,8,76,-252.58468627929688,I_M,I_M_fixed_tau,"Single M-current gate p with Boltzmann steady-state p_inf. Time constant is param_j = params[:,9], a learned scalar parameter used directly as a voltage-independent constant. The update uses Exp(-tstep / param_j), confirming a fixed scalar tau drawn from a parameter. This matches tau_type=fixed_scalar -> I_M_fixed_tau."
0711dc08-d583-4733-9bd1-95db9ce7f134,e364bbb6-4cbb-4973-a0e9-ca180dc93386,6,8,77,-254.4493103027344,I_M,I_M_fixed_tau,"Single M-type K+ gate p with Boltzmann steady-state p_inf. Time constant is fixed at tau_M_fixed = 150.0 ms (a hardcoded scalar constant, not voltage-dependent). This matches tau_type=fixed_scalar -> I_M_fixed_tau."
b8d37baf-697f-4fa9-aa01-59b5617115fc,e364bbb6-4cbb-4973-a0e9-ca180dc93386,6,8,78,-253.90066528320312,I_M,I_M_fixed_tau,"Single M-type K+ gate p with Boltzmann steady-state p_inf. Time constant is param_j extracted directly from params[:,9] as a fixed scalar (voltage-independent constant tau). Update: p[:,i] = p_inf_now + (p_prev - p_inf_now) * Exp(-tstep / param_j). This is tau_type=fixed_scalar -> I_M_fixed_tau."
bbed7e9b-0672-4f76-9e02-c3e6f81ec419,e364bbb6-4cbb-4973-a0e9-ca180dc93386,6,8,79,-246.8890838623047,I_M,I_M_fixed_tau,"Single M-type K+ gate p with Boltzmann steady-state p_inf. Time constant is param_j (a learned scalar parameter from params[:,9]), voltage-independent. Update: p[:,i] = p_inf_now + (p_prev - p_inf_now) * Exp(-tstep / param_j). tau_type=fixed_scalar -> I_M_fixed_tau."
e94b69a5-cb2e-4291-8c97-89fa1aa39f78,e364bbb6-4cbb-4973-a0e9-ca180dc93386,6,8,80,-262.5619506835937,I_M,I_M_fixed_tau,"Single M-type K+ gate p with Boltzmann steady-state p_inf. Time constant is param_j from params[:,9], a constant scalar (voltage-independent). Update: p[:,i] = p_inf_now + (p_prev - p_inf_now) * Exp(-tstep / param_j). tau_type=fixed_scalar -> I_M_fixed_tau."
d92af4f3-20d2-4c16-ba65-9ede14c85725,e364bbb6-4cbb-4973-a0e9-ca180dc93386,6,8,82,-358.1871643066406,I_M_plus_I_Ks,I_M_plus_I_Ks,"Two additional channels: (1) M-type K+ current (gate p) with voltage-dependent bell-shaped tau_p = param_j / (3.3*exp((V+35)/20) + exp(-(V+35)/20)), and (2) a slow AHP-type K+ current (gate q) with sigmoid q_inf and fixed tau_q=200ms. Both use E_K=-107mV. The second channel is a slow AHP K+ current (IKs-like) with its own gating variable q and alpha/beta-style kinetics. This matches I_M_plus_I_Ks (M-type K+ paired with slow AHP-type K+ current)."
aa5b431c-4e00-496b-bb39-cb106d356a99,e364bbb6-4cbb-4973-a0e9-ca180dc93386,6,8,83,-316.5015869140625,I_M_plus_I_h,I_M_plus_I_h_fixed_tau,"Snippet 1 has two additional channels: (1) M-type K+ current with gate p, Boltzmann p_inf, and a FIXED scalar tau_M = 150.0 ms (tau_M_fixed = 150.0, not voltage-dependent); (2) Ih/HCN hyperpolarization-activated cation current with gate q, inverted Boltzmann q_inf, and a fixed scalar tau_Ih drawn from params[:,9] (clamped). Both tau values are fixed scalars (not bell-shaped/voltage-dependent). This matches I_M_plus_I_h_fixed_tau: fixed scalar tau for I_M paired with Ih."
6bc33001-6486-4f0a-8d21-d5e8761f07ac,e364bbb6-4cbb-4973-a0e9-ca180dc93386,6,8,84,-250.5887756347656,I_M_plus_I_NaP,I_M_plus_I_NaP_fixed_tau,"Snippet 2 has two additional channels: (1) M-type K+ current with gate p, Boltzmann p_inf, and a FIXED scalar tau_p_fixed = 100.0 ms (voltage-independent); (2) Persistent Na+ current (I_NaP) with instantaneous Boltzmann activation m_NaP_inf — no ODE state variable. This matches I_M_plus_I_NaP_fixed_tau: fixed scalar tau for I_M paired with instantaneous I_NaP."
dc5df367-2eb1-4a9b-be44-56c1f9a84847,a24d9636-1628-4191-bd7b-1c0fda5ba198,7,10,70,-244.8647918701172,I_M,I_M_fixed_tau,"Snippet 3 has only one additional channel: M-type K+ current with gate w, Boltzmann w_inf_fn, and tau_w_M drawn directly from params[:,7] (clamped to [10, 120] ms) — a fixed scalar per batch element, not voltage-dependent. No second additional channel is present. This matches I_M_fixed_tau."
be1a631e-1528-4df4-a2bd-82ed597a8666,a24d9636-1628-4191-bd7b-1c0fda5ba198,7,10,71,-253.6024169921875,I_M,I_M_fixed_tau,"Snippet 4 has only one additional channel: M-type K+ current with gate w, Boltzmann w_inf_fn, and tau_w_M drawn from params[:,7] (clamped to [10, 400] ms) — a fixed scalar per batch element, not voltage-dependent. No second additional channel is present. This matches I_M_fixed_tau."
f0f1bdff-3f3e-4e2f-b436-6dfe3d89be1f,a24d9636-1628-4191-bd7b-1c0fda5ba198,7,10,72,-594.0059814453125,I_M_plus_I_h,I_M_plus_I_h_fixed_tau,"Snippet 5 has two additional channels: (1) M-type K+ current with gate w, Boltzmann w_inf_fn, and tau_w_M drawn from params[:,7] (clamped to [5, 120] ms) — a fixed scalar; (2) Ih/HCN hyperpolarization-activated cation current with gate r, inverted Boltzmann r_inf_fn, and a fixed scalar tau_r_h = 80.0 ms. Both tau values are fixed scalars. This matches I_M_plus_I_h_fixed_tau."
13484097-35a0-497e-8281-f11e2314f94a,a24d9636-1628-4191-bd7b-1c0fda5ba198,7,10,74,-352.1446533203125,I_M_plus_I_h,I_M_plus_I_h_fixed_tau,"Snippet 1 has two additional channels: X1 is M-type K+ current (gate w, Boltzmann w_inf, fixed scalar tau_w_M = clamp(params[:,7], 5, 120)) and X2 is I_h HCN current (gate r, inverted Boltzmann r_inf, fixed scalar tau_r = clamp(params[:,9], 20, 400)). Both time constants are fixed scalars drawn from parameters (not voltage-dependent). E_K = -77 mV, E_h = -25 mV. This matches I_M_plus_I_h_fixed_tau: fixed scalar tau for I_M paired with fixed scalar tau for I_h."
7fb251b6-b546-4ca9-bd6b-ed530a7bac21,a24d9636-1628-4191-bd7b-1c0fda5ba198,7,10,77,-325.20318603515625,I_M_plus_I_h,I_M_plus_I_h_fixed_tau,"Snippet 2 also has two additional channels: X1 is M-type K+ current (gate w, Boltzmann w_inf, fixed scalar tau_w_M = clamp(params[:,7], 5, 120)) and X2 is I_h HCN current (gate r, inverted Boltzmann r_inf via positive slope k_h, fixed scalar tau_r_h = clamp(params[:,9], 50, 500)). Both taus are fixed scalars from parameters. E_K = -77 mV, E_h = -30 mV. Matches I_M_plus_I_h_fixed_tau."
e5b189a3-822c-486c-8c9d-1e0626e19db1,a24d9636-1628-4191-bd7b-1c0fda5ba198,7,10,78,-332.6441345214844,I_M_plus_I_h,I_M_plus_I_h_fixed_tau,"Snippet 3 has two additional channels: X1 is M-type K+ current (gate w, Boltzmann w_inf, fixed scalar tau_w_M = clamp(params[:,7], 5, 120)) and X2 is I_h HCN current (gate r, inverted Boltzmann r_inf, tau_r = 80.0 ms FIXED scalar constant). Both taus are fixed scalars. E_K = -77 mV, E_h = -25 mV. Matches I_M_plus_I_h_fixed_tau."
c126bb83-0ee1-457d-846f-17ae9409e505,b8102286-d8c7-43d5-93eb-b576b2869877,8,6,56,-290.2484741210937,I_M,I_M_voltage_dep_tau,"Snippet 4 has only one additional channel: M-type K+ current (gate p, Boltzmann p_inf_M, voltage-dependent bell-shaped tau via cosh: tau_max_M / cosh((V - V_half_M) / (2*slope_M))). The tau is voltage-dependent (bell-shaped cosh form). No second channel is present. This matches I_M_voltage_dep_tau."
c230055a-c7a2-4246-bf4f-9d2d50161970,b8102286-d8c7-43d5-93eb-b576b2869877,8,6,57,-298.58544921875,I_M_plus_I_NaP,I_M_plus_I_NaP_voltage_dep_tau,"Snippet 5 has two additional channels: X1 is M-type K+ current (gate p, Boltzmann p_inf_M fixed at -35 mV, voltage-dependent bell-shaped tau via tau_max_M / (exp(dv) + exp(-dv))) and X2 is persistent Na+ current (I_NaP) with instantaneous Boltzmann activation m_inf_NaP (no state variable ODE). The I_M tau is voltage-dependent (bell-shaped). This matches I_M_plus_I_NaP_voltage_dep_tau."
b650723b-fa14-459c-84b8-b284d43b72bb,b8102286-d8c7-43d5-93eb-b576b2869877,8,6,58,-313.9791564941406,I_M,I_M_voltage_dep_tau,"Single M-type K+ current with one activation gate p. Steady-state p_inf uses Boltzmann with fixed V_half=-35 mV. Time constant tau_p_M uses bell-shaped cosh form: tau_max / (Exp(dv) + Exp(-dv)), which is voltage-dependent. This matches tau_type=voltage_dependent -> I_M_voltage_dep_tau."
d186b3f1-f688-4e19-b305-eeeb59824fa6,b8102286-d8c7-43d5-93eb-b576b2869877,8,6,59,-287.1020202636719,I_M,I_M_voltage_dep_tau,"Single M-type K+ current with one activation gate p. Steady-state p_inf uses Boltzmann with inferred V_half. Time constant tau_p_M uses bell-shaped cosh form: tau_max / (Exp(dv) + Exp(-dv)), which is voltage-dependent. This matches tau_type=voltage_dependent -> I_M_voltage_dep_tau."
653fa3ac-916a-4f61-a806-a2014bede3dd,b8102286-d8c7-43d5-93eb-b576b2869877,8,6,60,-290.6513061523437,I_M,I_M_voltage_dep_tau,"Single M-type K+ current with one activation gate p. Steady-state p_inf uses Boltzmann with fixed V_half_M=-35 mV. Time constant tau_p_M uses bell-shaped cosh form: tau_max / (Exp(dv) + Exp(-dv)), which is voltage-dependent. This matches tau_type=voltage_dependent -> I_M_voltage_dep_tau."
1854417c-7c89-4baa-a6be-74199d6df264,b8102286-d8c7-43d5-93eb-b576b2869877,8,6,61,-334.142333984375,I_M_plus_I_NaP,I_M_plus_I_NaP_voltage_dep_tau,"Two additional channels: (1) M-type K+ current with single gate p, bell-shaped voltage-dependent tau (tau_max / (Exp(dv) + Exp(-dv))), and (2) Persistent Na+ current (I_NaP) with instantaneous Boltzmann activation m_inf_NaP (no ODE state variable). This matches the I_M_plus_I_NaP family with tau_type=voltage_dependent -> I_M_plus_I_NaP_voltage_dep_tau."
77e58a08-2734-4e82-ae60-e834b9d7a24b,b8102286-d8c7-43d5-93eb-b576b2869877,8,6,62,-273.8254089355469,I_M,I_M_voltage_dep_tau,"Single M-type K+ current with one activation gate p. Steady-state p_inf uses Boltzmann with inferred V_half_M. Time constant tau_p uses bell-shaped cosh form: tau_max_M / (Exp(dv) + Exp(-dv)), which is voltage-dependent. This matches tau_type=voltage_dependent -> I_M_voltage_dep_tau."
cb5818e0-5ad1-4b93-981c-c5b35d9a6e97,b8102286-d8c7-43d5-93eb-b576b2869877,8,6,63,-278.8350830078125,I_M,I_M_voltage_dep_tau,"Single M-type K+ current with gate p. Steady-state is Boltzmann sigmoid. Time constant tau_p_M uses bell-shaped cosh form: tau_max / (Exp(dv) + Exp(-dv)), which is voltage-dependent. tau_max comes from params[:,7] but is used inside a voltage-dependent expression, making this voltage_dependent tau. No second channel present."
cec4d73c-5303-4f12-b73e-e7ce2bc0ede5,b8102286-d8c7-43d5-93eb-b576b2869877,8,6,64,-281.7790222167969,I_M,I_M_voltage_dep_tau,"Single M-type K+ current with gate p. Steady-state is Boltzmann sigmoid. Time constant tau_p_M uses bell-shaped cosh form: tau_max / (Exp(dv) + Exp(-dv)), which is voltage-dependent. tau_max from params[:,9] is used inside a voltage-dependent expression. No second channel present."
1023c2b4-0ef6-458d-ba34-8a8b19ca7606,b8102286-d8c7-43d5-93eb-b576b2869877,8,6,65,-294.12451171875,I_M,I_M_voltage_dep_tau,"Single M-type K+ current with gate p. Steady-state is Boltzmann sigmoid. Time constant tau_p_M uses bell-shaped cosh form: tau_max / cosh_val where cosh_val = 0.5*(Exp(dv)+Exp(-dv)), which is voltage-dependent. tau_max from params[:,7] is used inside a voltage-dependent expression. No second channel present."
71343110-9bca-4f5b-8fb3-e02e81f94a90,b8102286-d8c7-43d5-93eb-b576b2869877,8,6,66,-304.28302001953125,I_M,I_M_voltage_dep_tau,"Single M-type K+ current with gate p. Steady-state is Boltzmann sigmoid. Time constant tau_p_M uses bell-shaped cosh form: tau_max_M / cosh_dv where cosh_dv = 0.5*(Exp(dv)+Exp(-dv)), which is voltage-dependent. tau_max_M from params[:,7] is used inside a voltage-dependent expression. No second channel present."
06c558ae-9bcc-4a64-be13-5c3a98a09c48,7e916310-bb41-4c31-9c69-b85f231b69be,4,11,107,-287.9300231933594,I_M_plus_I_NaP,I_M_plus_I_NaP_voltage_dep_tau,"Two additional channels: (1) M-type K+ current (IKm) with gate p, voltage-dependent tau via bell-shaped form tau_Km_max / (3.3*Exp(dv/40) + Exp(-dv/20)); (2) Persistent Na+ current (INaP) with instantaneous Boltzmann activation m_nap_inf (no state variable ODE). This matches I_M_plus_I_NaP with voltage-dependent tau for I_M."
c6566558-a45e-4b57-91c9-6a66ac396b1c,7e916310-bb41-4c31-9c69-b85f231b69be,4,11,108,-314.6714172363281,I_M_plus_I_NaP,I_M_plus_I_NaP_voltage_dep_tau,"Snippet 1 has two additional channels: (1) M-type K+ current (IKm) with a single gate p, Boltzmann p_inf, and a bell-shaped voltage-dependent tau_p using tau_max_Km / (0.5*(Exp(dv)+Exp(-dv))) — a sech/cosh form that is voltage-dependent; (2) Persistent Na+ current (INaP) with instantaneous Boltzmann activation q_inf (no state variable ODE). This matches I_M_plus_I_NaP with voltage-dependent tau for I_M."
166c792f-b1b2-449a-a164-8d13be1d0beb,7e916310-bb41-4c31-9c69-b85f231b69be,4,11,109,-266.4594116210937,I_M,I_M_voltage_dep_tau,"Snippet 2 has only one additional channel: M-type K+ current (IKm) with single gate p, Boltzmann p_inf, and a voltage-dependent bell-shaped tau via tau_max / (3.3*Exp(dv/40) + Exp(-dv/20)). No second channel is present (params[:,7] unused). This is a single I_M with voltage-dependent tau."
a126230d-a355-4db7-b9e3-bd744427a1fa,7e916310-bb41-4c31-9c69-b85f231b69be,4,11,110,-323.1908874511719,I_M_plus_I_NaP,I_M_plus_I_NaP_voltage_dep_tau,"Snippet 3 has two additional channels: (1) M-type K+ current (IKm) with single gate p, Boltzmann p_inf, and voltage-dependent bell-shaped tau_p via tau_max / (Exp(dv/40) + Exp(-dv/20) + 1e-6); (2) Persistent Na+ current (INaP) with instantaneous Boltzmann activation m_NaP_inf (no ODE, fixed half-activation at -55 mV). This matches I_M_plus_I_NaP with voltage-dependent tau for I_M."
356fe975-75d5-4fea-91f1-ba7b15d7e487,7e916310-bb41-4c31-9c69-b85f231b69be,4,11,111,-250.3455810546875,I_M,I_M_voltage_dep_tau,"Snippet 4 has only one additional channel: M-type K+ current (IKm) with single gate p, Boltzmann p_inf, and voltage-dependent bell-shaped tau_p using the Mainen & Sejnowski form: tau_max / (3.3*Exp(dV/40) + Exp(-dV/20)). params[:,7] is unused (reserved). No second channel present. This is a single I_M with voltage-dependent tau."
51ce7a50-39da-41d4-9393-b29326ec2e96,7e916310-bb41-4c31-9c69-b85f231b69be,4,11,112,-300.0965576171875,I_M,I_M_voltage_dep_tau,"Snippet 5 has only one additional channel: M-type K+ current (IKm) with single gate p, Boltzmann p_inf, and voltage-dependent bell-shaped tau_p via tau_max / (3.3*Exp(dv/40) + Exp(-dv/20)). tau_max comes from params[:,7] (used as a positive time constant). params[:,8] and params[:,9] are unused. No second channel present. This is a single I_M with voltage-dependent tau."
60c38a24-c01e-4a79-b369-c2df6f6fe086,7e916310-bb41-4c31-9c69-b85f231b69be,4,11,113,-284.0945129394531,I_M,I_M_voltage_dep_tau,"Single M-type K+ current with activation gate p. Steady-state p_inf is a Boltzmann sigmoid. The time constant tau_p(V) is explicitly bell-shaped: tau_max / (3.3*exp(dV/40) + exp(-dV/20)), which is a voltage-dependent (bell-shaped) form. No second channel present. -> I_M_voltage_dep_tau."
ef7de800-bb2b-49fc-9a31-fda3e8a81fdd,8676b219-4d75-42a8-9949-196395b35f82,3,12,100,-277.26885986328125,I_M,I_M_voltage_dep_tau,"Single M-type K+ current with activation gate p. Steady-state p_inf is a Boltzmann sigmoid. The time constant tau_p(V) = TAU_M_NUM / (exp(dv) + exp(-dv)) = TAU_M_NUM / (2*cosh(dv)), which is a voltage-dependent bell-shaped (cosh) form. No second channel present. -> I_M_voltage_dep_tau."
2cba8db8-3c97-4211-84c1-a46f5ac00f38,8676b219-4d75-42a8-9949-196395b35f82,3,12,101,-302.4272155761719,I_M,I_M_fixed_tau,"Single M-type K+ current with activation gate p. Steady-state p_inf is a Boltzmann sigmoid. The time constant is a fixed scalar constant TAU_M_MS = 200.0 ms, not voltage-dependent. The M-gate update uses Exp(-tstep / TAU_M_MS) with a constant. No second channel present. -> I_M_fixed_tau."
50ec7d85-dacf-4efb-b943-afd793e92ea9,8676b219-4d75-42a8-9949-196395b35f82,3,12,102,-305.714111328125,I_M,I_M_fixed_tau,"Single M-type K+ current with activation gate p. Steady-state p_inf is a Boltzmann sigmoid. The time constant tau_M is drawn from params[:,9] (negated and clamped), making it a learned scalar parameter per batch element — a fixed scalar (voltage-independent) time constant. No second channel present. -> I_M_fixed_tau."
70417fa0-5096-4521-bdf1-25cc9f7be252,8676b219-4d75-42a8-9949-196395b35f82,3,12,103,-282.0697631835937,I_M,I_M_fixed_tau,"Single M-type K+ current with activation gate p. Steady-state p_inf is a Boltzmann sigmoid. The time constant tau_M is drawn directly from params[:,8] (clamped to min 0.1 ms) and is voltage-independent — a fixed scalar per batch element. The decay factor exp_tau_M is precomputed before the loop as Exp(-tstep/tau_M), confirming voltage-independence. No second channel present. -> I_M_fixed_tau."
523ce3d5-26c3-4302-bb58-8f59e5502b25,8676b219-4d75-42a8-9949-196395b35f82,3,12,104,-277.8134765625,I_M,I_M_fixed_tau,"Single M-type K+ current with one activation gate p. Steady-state p_inf is a Boltzmann sigmoid. The time constant tau_M_fixed = 75.0 ms is a hardcoded scalar constant, precomputed as a scalar decay factor before the loop (decay_p = exp(-dt/75.0)). No voltage dependence in tau. This matches tau_type=fixed_scalar -> I_M_fixed_tau."
68c8f65c-e4dc-4ca2-8c8a-7762a2da45da,8676b219-4d75-42a8-9949-196395b35f82,3,12,105,-266.61444091796875,I_M,I_M_fixed_tau,"Single M-type K+ current with one activation gate p. Steady-state p_inf is a Boltzmann sigmoid. The time constant tau_M comes from params[:,9] — a learned scalar parameter that is constant across time steps (no voltage dependence). It is clamped and used as a fixed per-batch scalar decay factor (exp_decay_p = Exp(-tstep/tau_M_safe)), precomputed before the loop. This is a fixed scalar tau (drawn from a parameter), not a voltage-dependent bell-shaped function. Matches tau_type=fixed_scalar -> I_M_fixed_tau."
bce56769-ef36-4274-8c0d-d4d59837d180,8676b219-4d75-42a8-9949-196395b35f82,3,12,106,-246.3936767578125,I_M,I_M_fixed_tau,"Single M-type K+ current with one activation gate p. Steady-state p_inf is a Boltzmann sigmoid with 10 mV slope. The time constant tau_M_fixed = 75.0 ms is a hardcoded scalar constant, precomputed as exp_decay_p = exp(-dt/75.0) before the loop. No voltage dependence in tau. Matches tau_type=fixed_scalar -> I_M_fixed_tau."
2cba1a72-0a5f-4f9a-8efd-d6dc798e13b8,8676b219-4d75-42a8-9949-196395b35f82,3,12,107,-292.4527282714844,I_M_plus_I_bgK,I_M_plus_I_bgK,"Two additional channels: (1) M-type K+ current with single gate p, bell-shaped voltage-dependent tau via cosh formulation (tau_p = tau_M_num / (exp(dv)+exp(-dv))), and (2) a background ohmic K+ leak (gbar_bgK, no gating variable, purely instantaneous: gbar_bgK*(V-E_K)). The background K+ leak has no ODE state variable. E_K = -77 mV. This matches the I_M_plus_I_bgK family: M-type K+ with voltage-dependent tau paired with ohmic background K+ leak."
d2c23f86-2f1a-4cef-9fe4-3ddbfa9a9ef8,8676b219-4d75-42a8-9949-196395b35f82,3,12,108,-299.351318359375,I_M,I_M_voltage_dep_tau,Single M-type K+ current with one activation gate p. Steady-state p_inf is a Boltzmann sigmoid with inferred slope k_M. The time constant tau_p is bell-shaped and voltage-dependent: tau_p(V) = tau_M_safe / (exp(c*(V-V_half_M)) + exp(-c*(V-V_half_M))) = tau_M_safe / (2*cosh(c*(V-V_half_M))). This is a cosh-like bell-shaped voltage-dependent tau. No second channel. Matches tau_type=voltage_dependent -> I_M_voltage_dep_tau.
ab6f2d8d-5294-40e0-a332-a733b368b830,2faf0d72-ccdf-41c7-8435-937ca82436c7,9,2,15,-272.91412353515625,I_M,I_M_voltage_dep_tau,"Single M-current gate p with Boltzmann p_inf and a bell-shaped voltage-dependent tau_p: denom = 3.3*Exp((x-V_half_M)/20) + Exp(-(x-V_half_M)/20), tau_p = tau_M_max/denom. This is the classic Wang 1998 cosh-like form -> voltage_dependent tau -> I_M_voltage_dep_tau."
4690c71c-1e4b-443f-9ef9-2cdddba24503,2faf0d72-ccdf-41c7-8435-937ca82436c7,9,2,16,-281.569091796875,I_M,I_M_voltage_dep_tau,"Single M-current gate p with Boltzmann p_inf and bell-shaped tau_p: denom = 3.3*Exp(dv/20) + Exp(-dv/20), tau_p = tau_max/denom. Classic voltage-dependent bell-shaped time constant (Wang 1998 form) -> I_M_voltage_dep_tau."
45e723ac-ab66-4887-94a9-3e0f59c69461,2faf0d72-ccdf-41c7-8435-937ca82436c7,9,2,17,-267.9400939941406,I_M,I_M_voltage_dep_tau,"Single M-current gate p with Boltzmann p_inf and voltage-dependent tau_p via cosh: cosh_val = (Exp(arg)+Exp(-arg))/2, tau_p = tau_M_sc/cosh_val. This is a sech/cosh bell-shaped voltage-dependent time constant -> I_M_voltage_dep_tau."
d219b461-a433-4cef-8ea8-0a8ec6a9d9a8,2faf0d72-ccdf-41c7-8435-937ca82436c7,9,2,18,-271.0248107910156,I_M,I_M_voltage_dep_tau,"Single M-current gate p with Boltzmann p_inf_M and bell-shaped tau_p_M: tau_raw = tau_max_M/(Exp(dv)+Exp(-dv)), which is tau_max/(2*cosh(dv)). Voltage-dependent bell-shaped time constant -> I_M_voltage_dep_tau."
d46ef394-eb2e-468b-a833-b3823afd465d,2faf0d72-ccdf-41c7-8435-937ca82436c7,9,2,19,-263.1205139160156,I_M,I_M_voltage_dep_tau,"Single M-current gate p with Boltzmann p_inf and bell-shaped tau_p: denominator = 3.3*Exp(dv)+Exp(-dv), tau_p = tau_scale_M/denominator. Classic Wang 1998 voltage-dependent bell-shaped time constant -> I_M_voltage_dep_tau."
c73e4294-ff71-4f2b-a7ba-1c93fbd8b332,2faf0d72-ccdf-41c7-8435-937ca82436c7,9,2,20,-290.0584411621094,I_M,I_M_voltage_dep_tau,Single M-gate p with Boltzmann p_inf and bell-shaped tau_p: `tau_scale_M / (3.3 * Exp(dv) + Exp(-dv))` where dv = (x - V_half_M) / 20.0. This is the classic Wang 1998 cosh-like voltage-dependent time constant. tau_scale_M is a learned parameter but the tau itself varies with V -> voltage_dependent tau -> I_M_voltage_dep_tau.
4dda805c-d598-47ee-a971-d9023a6e563a,2faf0d72-ccdf-41c7-8435-937ca82436c7,9,2,21,-279.83111572265625,I_M,I_M_fixed_tau,"Single M-gate p with Boltzmann p_inf. Time constant is explicitly fixed at TAU_M_FIXED = 100.0 ms (a scalar constant, not voltage-dependent). The exponential decay factor exp_p is precomputed outside the loop as a constant. This is a fixed scalar tau -> I_M_fixed_tau."
3cc85559-9f01-4e2c-9abb-ba18bc563f0a,2faf0d72-ccdf-41c7-8435-937ca82436c7,9,2,22,-290.8921203613281,I_M,I_M_voltage_dep_tau,"Single M-gate p with Boltzmann p_inf and bell-shaped tau_p: `tau_M_amp / (3.3 * Exp((x - V_half_M) / 20.0) + Exp(-(x - V_half_M) / 20.0))`. Although tau_M_amp is derived from a parameter via softplus, the tau function itself varies with V (bell-shaped denominator) -> voltage_dependent tau -> I_M_voltage_dep_tau."
6c835e79-fda6-4a90-82a3-161ad583d9ad,a70abf70-001b-4b4f-9c79-56789d37f2a7,5,8,87,-288.49029541015625,I_M,I_M_fixed_tau,"Single M-gate p with Boltzmann p_inf. Time constant tau_M is drawn directly from params[:,9] (a learned scalar parameter, not negated, range [1e-4, 3000] ms) and used as a fixed scalar per batch element: `p[:, i] = p_ss + (p_prev - p_ss) * Exp(-tstep / tau_M)`. No voltage dependence in tau -> fixed_scalar tau -> I_M_fixed_tau."
e6ee0a6f-e96d-44e4-a6dc-e868148c0a76,a70abf70-001b-4b4f-9c79-56789d37f2a7,5,8,88,-281.0530090332031,I_M,I_M_fixed_tau,"Single M-gate p with Boltzmann p_inf. Time constant tau_M is drawn directly from params[:,9] as a positive scalar (clamped to min=1e-3) and used without any voltage dependence: `p[:, i] = p_inf_now + (p_prev - p_inf_now) * Exp(-tstep / tau_M_safe)`. This is a fixed scalar tau per batch element -> I_M_fixed_tau."
524a5a3b-04be-4ace-bf85-46324f3ed5f1,a70abf70-001b-4b4f-9c79-56789d37f2a7,5,8,89,-279.42779541015625,I_M,I_M_fixed_tau,"Single M-current activation gate p with Boltzmann p_inf_M. Time constant tau_p_M is taken directly from params[:,9] (not negated, positive scalar) with no voltage dependence — it is a fixed scalar parameter. The update is: p[:,i] = p_ss + (p_prev - p_ss) * Exp(-tstep / tau_p_M). This matches tau_type=fixed_scalar -> I_M_fixed_tau."
7dc393f9-950a-48b8-8866-4b33459319e4,a70abf70-001b-4b4f-9c79-56789d37f2a7,5,8,90,-278.96221923828125,I_M,I_M_fixed_tau,"Single M-current activation gate p with Boltzmann p_inf_M. Time constant tau_M is taken directly from params[:,9] as a positive scalar with no voltage dependence. The update is: p[:,i] = p_inf_now + (p_prev - p_inf_now) * Exp(-tstep / tau_M). This matches tau_type=fixed_scalar -> I_M_fixed_tau."
6e33bf8d-4132-4e95-89f5-f5705506b9b2,a70abf70-001b-4b4f-9c79-56789d37f2a7,5,8,91,-274.736083984375,I_M,I_M_fixed_tau,"Single M-current activation gate p with Boltzmann p_inf. Time constant tau_p_M is taken directly from params[:,9] as a positive scalar (NOT negated, no voltage dependence). The update is: p[:,i] = p_ss + (p_prev - p_ss) * Exp(-tstep / tau_p_M). This matches tau_type=fixed_scalar -> I_M_fixed_tau."
165ec922-8ead-4211-8428-c532bb844ef7,a70abf70-001b-4b4f-9c79-56789d37f2a7,5,8,92,-275.3119201660156,I_M,I_M_fixed_tau,"Single M-current activation gate p with Boltzmann p_inf_M. Time constant tau_M is taken directly from params[:,9] as a positive scalar with no voltage dependence. The update is: p[:,i] = p_ss + (p[:,i-1] - p_ss) * Exp(-tstep / tau_M). This matches tau_type=fixed_scalar -> I_M_fixed_tau."
ca8d1f4b-5efc-4b41-ab9f-086c4bb14c68,a70abf70-001b-4b4f-9c79-56789d37f2a7,5,8,93,-281.854248046875,I_M,I_M_fixed_tau,"Single M-current activation gate p with Boltzmann p_inf. Time constant tau_M is taken directly from params[:,9] as a positive scalar with no voltage dependence. The update is: p[:,i] = p_inf_val + (p_prev - p_inf_val) * Exp(-tstep / tau_M). This matches tau_type=fixed_scalar -> I_M_fixed_tau."
56f37777-60e9-446b-9129-f2a96047b19b,a70abf70-001b-4b4f-9c79-56789d37f2a7,5,8,94,-283.07928466796875,I_M,I_M_fixed_tau,"Single M-current gate p with Boltzmann p_inf. tau_M is taken directly from params[:,9] (positive, not negated) and clamped to [0.1, 3000] ms — a fixed scalar time constant with no voltage dependence. No second additional channel present. -> I_M_fixed_tau."
10cefb7c-b545-445f-9260-07acfbbd8f05,a70abf70-001b-4b4f-9c79-56789d37f2a7,5,8,95,-270.8763732910156,I_M,I_M_fixed_tau,"Single M-current gate p with Boltzmann p_inf. tau_M is taken from params[:,9] and clamped to [1.0, 3000.0] ms before the loop — a precomputed fixed scalar, voltage-independent. No second additional channel. -> I_M_fixed_tau."
daeea6c7-d253-45c2-899c-21245dd1863c,a70abf70-001b-4b4f-9c79-56789d37f2a7,5,8,96,-285.1586303710937,I_M,I_M_fixed_tau,"Single M-current gate p with Boltzmann p_inf (slope 9 mV). tau_M is taken from params[:,9] and clamped to [1.0, 3000.0] ms — a fixed scalar constant with no voltage dependence. No second additional channel. -> I_M_fixed_tau."
4136ba3f-ba21-40a2-8264-5ae0d50fb21e,a70abf70-001b-4b4f-9c79-56789d37f2a7,5,8,97,-293.4859619140625,I_M,I_M_voltage_dep_tau,"Single M-current gate p with Boltzmann p_inf. The tau_p function is explicitly voltage-dependent: tau_max_M / (exp(dv) + exp(-dv)) = tau_max_M / (2*cosh(dv)), a bell-shaped function of V. This is a voltage-dependent tau. No second additional channel. -> I_M_voltage_dep_tau."
d778fb1f-62aa-4967-80b4-53ef5abd24be,a70abf70-001b-4b4f-9c79-56789d37f2a7,5,8,98,-290.98651123046875,I_M,I_M_fixed_tau,"Single M-current gate p with Boltzmann p_inf (V_half_M fixed at -35 mV). tau_M is taken from params[:,7] and clamped once before the loop (tau_M_safe = clamp(tau_M, min=1e-3)) — a fixed scalar, voltage-independent time constant. No second additional channel. -> I_M_fixed_tau."
be78c036-0752-4758-a8d1-63b75729274b,a70abf70-001b-4b4f-9c79-56789d37f2a7,5,8,99,-295.6493530273437,I_M,I_M_fixed_tau,"Single M-current activation gate p with Boltzmann steady-state p_inf. Time constant tau_M is extracted directly from params[:,7] as a constant scalar (not negated, always positive). No voltage-dependent tau computation — it's used directly as `Exp(-tstep / tau_M)`. This is a fixed scalar tau -> I_M_fixed_tau."
fe4d1bd8-d58f-4412-9624-6f9cc9f0f361,a70abf70-001b-4b4f-9c79-56789d37f2a7,5,8,100,-302.6187438964844,I_M,I_M_fixed_tau,"Single M-current activation gate p with Boltzmann steady-state p_inf. Time constant tau_M is extracted directly from params[:,7] as a constant scalar (positive, not negated). Used directly as `Exp(-tstep / tau_M)` with no voltage-dependent computation. This is a fixed scalar tau -> I_M_fixed_tau."
69bd8fce-88e3-47c7-a69e-cdd0e5b3b822,a70abf70-001b-4b4f-9c79-56789d37f2a7,5,8,101,-279.4351501464844,I_M,I_M_fixed_tau,"Single M-current activation gate p with Boltzmann steady-state p_inf_M. Time constant is a hardcoded constant `tau_M_const = 150.0` ms, pre-computed as `exp_p = torch.exp(torch.tensor(-tstep / tau_M_const))` before the loop. This is a fixed scalar tau (not voltage-dependent) -> I_M_fixed_tau."
dc7949d3-edb1-42ce-9910-0697bddeadd9,a70abf70-001b-4b4f-9c79-56789d37f2a7,5,8,102,-303.4393920898437,I_M,I_M_voltage_dep_tau,"Single M-current activation gate p with Boltzmann steady-state p_inf. Time constant tau_p is computed via a cosh-based bell-shaped function: `tau_scale / (Exp(dv) + Exp(-dv))` where dv = (V - V_half_M)/(2*k_M), which equals tau_scale/(2*cosh(dv)). This is a voltage-dependent bell-shaped tau -> I_M_voltage_dep_tau."
bb8ae7c1-40d4-4a65-8d16-ce9cd0ebf4c9,a70abf70-001b-4b4f-9c79-56789d37f2a7,5,8,103,-291.98199462890625,I_M,I_M_fixed_tau,"Single M-current activation gate p with Boltzmann steady-state p_inf. Time constant tau_p_M is extracted directly from params[:,7] as a constant scalar, clamped to min=0.1 ms before the loop (`tau_p_clamped = torch.clamp(tau_p_M, min=0.1)`). No voltage-dependent tau computation — used directly as `Exp(-tstep / tau_p_clamped)`. This is a fixed scalar tau -> I_M_fixed_tau."
e456e2cf-10a3-4111-a40e-642b699cbe2f,b8102286-d8c7-43d5-93eb-b576b2869877,8,7,67,-302.5357360839844,I_M,I_M_voltage_dep_tau,"Single M-type K+ current with one activation gate p. Steady-state p_inf uses Boltzmann sigmoid. Time constant tau_p_M uses bell-shaped cosh form: tau_max_M / (Exp(dv) + Exp(-dv)) where dv = (V - V_HALF_M)/20, which is voltage-dependent. No second channel present. -> I_M_voltage_dep_tau."
b9205ac1-29bf-462d-8f04-d8bad129de45,b8102286-d8c7-43d5-93eb-b576b2869877,8,7,68,-294.932373046875,I_M,I_M_voltage_dep_tau,"Single M-type K+ current with one activation gate p. Steady-state p_inf uses Boltzmann sigmoid. Time constant tau_p_M uses bell-shaped form: tau_M_max / (Exp(dv) + Exp(-dv)), which is voltage-dependent. No second channel present. -> I_M_voltage_dep_tau."
6908d9ed-8824-4faa-9050-c0ebc27b78bf,b8102286-d8c7-43d5-93eb-b576b2869877,8,7,69,-300.3654479980469,I_M_plus_I_NaP,I_M_plus_I_NaP_voltage_dep_tau,"Two additional channels: (1) M-type K+ current with single gate p and bell-shaped voltage-dependent tau (tau_max_M / (Exp(dv) + Exp(-dv))), and (2) Persistent Na+ current (I_NaP) with instantaneous Boltzmann activation m_inf_NaP (no ODE state variable). This matches I_M_plus_I_NaP with voltage-dependent tau for I_M. -> I_M_plus_I_NaP_voltage_dep_tau."
100246e4-3cf1-46d7-a4b2-f019db3c03b6,b8102286-d8c7-43d5-93eb-b576b2869877,8,7,70,-308.7214050292969,I_M,I_M_voltage_dep_tau,"Single M-type K+ current with one activation gate p. Steady-state p_inf uses Boltzmann sigmoid. Time constant tau_p_M uses bell-shaped form: tau_max_M / (Exp(dv) + Exp(-dv)) where dv = (V - V_half_M)/dv_scale, which is voltage-dependent. No second channel present. -> I_M_voltage_dep_tau."
a977fa64-86e8-48bf-8fbf-c869770d82f2,b8102286-d8c7-43d5-93eb-b576b2869877,8,7,71,-304.6380615234375,I_M,I_M_voltage_dep_tau,"Single M-type K+ current with one activation gate p. Steady-state p_inf uses Boltzmann sigmoid. Time constant tau_p_M uses bell-shaped form: tau_max / (Exp(dv) + Exp(-dv)) where dv = (V - V_HALF_M)/20, which is voltage-dependent. No second channel present. -> I_M_voltage_dep_tau."
ec6f3ada-af38-4e62-b06c-f0eeddff3863,b8102286-d8c7-43d5-93eb-b576b2869877,8,7,72,-360.5448303222656,I_M_plus_I_NaP,I_M_plus_I_NaP_voltage_dep_tau,"Snippet 1 has two additional channels: (1) I_M with a single gate p, bell-shaped voltage-dependent tau via cosh formulation (2*tau_max / (exp(dv) + exp(-dv))), and (2) I_NaP with instantaneous Boltzmann activation (q gate with fixed tau_NaP=1ms, effectively instantaneous). The I_M tau is voltage-dependent (bell-shaped), so this matches I_M_plus_I_NaP_voltage_dep_tau."
905262ce-d1de-4c3f-ba8c-ca37e50eb587,b8102286-d8c7-43d5-93eb-b576b2869877,8,7,73,-281.887451171875,I_M,I_M_voltage_dep_tau,"Snippet 2 has only one additional channel: I_M with a single gate p, Boltzmann steady-state p_inf, and a bell-shaped voltage-dependent time constant tau_p_M = tau_max / (exp(dv) + exp(-dv)) (cosh form). No second channel is present. This matches I_M_voltage_dep_tau."
8cac909f-5be3-497a-9cbb-7e634fa23b13,b8102286-d8c7-43d5-93eb-b576b2869877,8,7,74,-283.9902038574219,I_M,I_M_voltage_dep_tau,"Snippet 3 has only one additional channel: I_M with a single gate p, Boltzmann steady-state p_inf_M, and a bell-shaped voltage-dependent time constant tau_p_M = tau_max_M / cosh((V-V_half_M)/20) (cosh formulation). params[:,9] is explicitly unused. This matches I_M_voltage_dep_tau."
37a7b687-3b5a-4fcd-b624-97460ffa9e2b,a24d9636-1628-4191-bd7b-1c0fda5ba198,7,11,79,-345.2850341796875,I_M_plus_I_h,I_M_plus_I_h_fixed_tau,"Snippet 4 has two additional channels: (1) I_M with gate w, Boltzmann steady-state w_inf, and a FIXED scalar tau_w_M = clamp(params[:,7], min=5, max=120) — not voltage-dependent; (2) I_h with gate r, inverted Boltzmann r_inf (hyperpolarization-activated), and fixed scalar tau_r=80ms. Both taus are fixed scalars. E_K corrected to -77 mV. This matches I_M_plus_I_h_fixed_tau."
ad731cb0-33b6-4dd6-bc47-75995dc42f83,a24d9636-1628-4191-bd7b-1c0fda5ba198,7,11,80,-368.2718200683594,I_M_plus_I_h,I_M_plus_I_h_fixed_tau,"Snippet 5 has two additional channels: (1) I_M with gate w, Boltzmann steady-state w_inf, and a FIXED scalar tau_w_M = clamp(params[:,7], min=5, max=120) — constant per sample, not voltage-dependent; (2) I_h with gate r, inverted Boltzmann r_inf (hyperpolarization-activated), and fixed scalar tau_r = clamp(params[:,9], min=30, max=500). Both taus are fixed scalars (per-sample constants, not bell-shaped functions of V). E_K corrected to -77 mV. This matches I_M_plus_I_h_fixed_tau."
29420305-6efb-47d4-8ab1-d2de663e8cb2,a24d9636-1628-4191-bd7b-1c0fda5ba198,7,11,81,-363.1929931640625,I_M_plus_I_h,I_M_plus_I_h_fixed_tau,"Snippet 1 implements two additional channels: (1) M-type K+ current with single gate w, Boltzmann w_inf, and a fixed scalar tau_w_M = clamp(params[:,7], 5, 120) ms — voltage-independent constant per sample; (2) I_h HCN current with single gate r, inverted Boltzmann r_inf (activates on hyperpolarization, k_h=-10), and fixed scalar tau_r = clamp(params[:,9], 50, 500) ms. Both time constants are fixed scalars (not voltage-dependent bell-shaped functions). E_K corrected to -77 mV, E_h = -20 mV. This matches I_M_plus_I_h_fixed_tau: fixed scalar tau for I_M paired with I_h with fixed scalar tau."
ad421e4d-be54-4eec-8188-70e261dc4e8a,a24d9636-1628-4191-bd7b-1c0fda5ba198,7,11,82,-363.70709228515625,I_M_plus_I_h,I_M_plus_I_h_fixed_tau,"Snippet 2 implements two additional channels: (1) M-type K+ current with single gate w, Boltzmann w_inf, and fixed scalar tau_w_M = clamp(params[:,7], 5, 120) ms; (2) I_h HCN current with single gate r, inverted Boltzmann r_inf (positive k_h=10 in denominator, activates on hyperpolarization), and fixed scalar tau_r_h = clamp(params[:,9], 50, 500) ms. Both taus are voltage-independent fixed scalars. E_K = -77 mV, E_h = -30 mV. Matches I_M_plus_I_h_fixed_tau."
2fcecb16-c1ee-449d-97e1-98a26d12e30c,a24d9636-1628-4191-bd7b-1c0fda5ba198,7,11,83,-358.6366271972656,I_M_plus_I_h,I_M_plus_I_h_fixed_tau,"Snippet 3 implements two additional channels: (1) M-type K+ current with single gate w, Boltzmann w_inf, and fixed scalar tau_w_M = clamp(params[:,7], 5, 120) ms; (2) I_h HCN current with single gate r, inverted Boltzmann r_inf (positive k_h=10 in denominator), and fixed scalar tau_r_h = clamp(params[:,9], 20, 300) ms. Both time constants are voltage-independent fixed scalars drawn from parameters. E_K = -77 mV, E_h = -25 mV. Matches I_M_plus_I_h_fixed_tau."
fd08f8e3-838b-42b8-bc52-635deedda770,a24d9636-1628-4191-bd7b-1c0fda5ba198,7,11,84,-382.3757629394531,I_M_plus_I_h,I_M_plus_I_h_fixed_tau,"Snippet 4 implements two additional channels: (1) M-type K+ current with single gate w, Boltzmann w_inf, and fixed scalar tau_w_M = clamp(params[:,7], 5, 120) ms; (2) I_h HCN current with single gate r, inverted Boltzmann r_inf (positive k_h=10 in denominator, activates on hyperpolarization), and fixed scalar tau_r_h = clamp(params[:,9], 20, 500) ms. Both taus are voltage-independent fixed scalars. E_K = -77 mV, E_h = -20 mV. Matches I_M_plus_I_h_fixed_tau."
1b65fbc6-3bfc-4bc3-a8a2-ef6e5e49984b,a24d9636-1628-4191-bd7b-1c0fda5ba198,7,11,86,-384.1053161621094,I_M_plus_I_h,I_M_plus_I_h_fixed_tau,"Snippet 5 implements two additional channels: (1) M-type K+ current with single gate w, Boltzmann w_inf, and fixed scalar tau_w_M = clamp(params[:,7], 5, 120) ms; (2) I_h HCN current with single gate r, inverted Boltzmann r_inf (positive k_h=+10 in denominator, activates on hyperpolarization), and fixed scalar tau_r = clamp(params[:,9], 20, 300) ms. Both time constants are voltage-independent fixed scalars. E_K = -77 mV, E_h = -30 mV. Matches I_M_plus_I_h_fixed_tau."
a85ff51e-87c6-46fc-af9c-0ee67b11f08a,e364bbb6-4cbb-4973-a0e9-ca180dc93386,6,9,85,-267.1618347167969,I_M,I_M_fixed_tau,"Single M-current gate p with Boltzmann steady-state p_inf. Time constant is fixed at 150 ms (tau_p_fixed = 150.0), a scalar constant precomputed before the loop as exp_p_decay. No voltage-dependent tau computation. No second channel. -> I_M_fixed_tau."
bf44447d-a804-46e2-be53-16f1177ef7f2,e364bbb6-4cbb-4973-a0e9-ca180dc93386,6,9,86,-251.3045654296875,I_M,I_M_fixed_tau,"Single M-current gate p with Boltzmann steady-state p_inf. Time constant tau_p = param_j drawn directly from params[:,9] as a fixed scalar per batch element (voltage-independent). Used as Exp(-tstep / param_j) in the loop. No bell-shaped or cosh-based voltage-dependent tau. No second channel. -> I_M_fixed_tau."
d9e22d09-c223-43e6-b6a1-5e18595bc21d,e364bbb6-4cbb-4973-a0e9-ca180dc93386,6,9,87,-256.2113952636719,I_M,I_M_fixed_tau,"Single M-current gate p with Boltzmann steady-state p_inf. Time constant is fixed scalar tau_M_fixed = 150.0 ms, voltage-independent, used as Exp(torch.tensor(-tstep / tau_M_fixed)). No second channel. -> I_M_fixed_tau."
04e8473f-4928-441e-8da7-c11ee5db86cd,e364bbb6-4cbb-4973-a0e9-ca180dc93386,6,9,88,-257.0509338378906,I_M,I_M_fixed_tau,"Single M-current gate p with Boltzmann steady-state p_inf. Time constant tau_M = 150.0 ms is a fixed scalar constant, voltage-independent, used as Exp(torch.full_like(p_prev, -tstep / tau_M)). No second channel. -> I_M_fixed_tau."
8238b350-cd61-43c3-b136-b1d7c29857f6,e364bbb6-4cbb-4973-a0e9-ca180dc93386,6,9,89,-345.68463134765625,I_M_plus_I_NaP,I_M_plus_I_NaP_fixed_tau,"Two additional channels: (1) M-current gate p with Boltzmann p_inf and fixed scalar tau_p = params[:,7] (voltage-independent, drawn directly from parameter); (2) Persistent Na+ current I_NaP with instantaneous Boltzmann activation m_NaP_inf (no state variable ODE). tau_type=fixed_scalar for I_M, secondary=I_NaP. -> I_M_plus_I_NaP_fixed_tau."
9a3ddbd8-e22c-4386-a25f-ec8c19defee0,e364bbb6-4cbb-4973-a0e9-ca180dc93386,6,9,91,-304.1295471191406,I_M_plus_I_NaP,I_M_plus_I_NaP_fixed_tau,"Two additional channels: (1) M-type K+ current with single gate p, Boltzmann p_inf, and a FIXED scalar tau_p = 100.0 ms (voltage-independent constant, not a function of V); (2) Persistent Na+ current (I_NaP) with instantaneous Boltzmann activation m_NaP_inf (no ODE state variable). The M-current tau is fixed_scalar (tau_p_fixed = 100.0), and the secondary channel is I_NaP. This matches I_M_plus_I_NaP_fixed_tau."
40d5023a-2e1b-4ae2-9c55-16348c8607eb,2faf0d72-ccdf-41c7-8435-937ca82436c7,9,3,23,-264.3940124511719,I_M,I_M_fixed_tau,"Single additional channel: M-type K+ current with single gate p, Boltzmann p_inf centered at V_half_M, and a fixed scalar time constant tau_p_M = clamp(params[:,9], min=1.0) — voltage-independent, drawn directly from a parameter. No second channel present. This matches I_M_fixed_tau (tau_type=fixed_scalar)."
0a93d6d3-2b78-4b00-bca9-1ab27bc9989b,2faf0d72-ccdf-41c7-8435-937ca82436c7,9,3,24,-271.827880859375,I_M,I_M_voltage_dep_tau,"Single additional channel: M-type K+ current with single gate p, Boltzmann p_inf, and a bell-shaped voltage-dependent time constant tau_p(x) = tau_max_M / (exp(dv) + exp(-dv)) where dv = (x - V_half_M)/20. This is a cosh-form bell-shaped tau that varies with V. No second channel. Matches I_M_voltage_dep_tau (tau_type=voltage_dependent)."
606754e7-8eec-4176-b508-cebdf5d6a991,2faf0d72-ccdf-41c7-8435-937ca82436c7,9,3,25,-294.23779296875,I_M,I_M_voltage_dep_tau,"Single additional channel: M-type K+ current with single gate p, Boltzmann p_inf, and a bell-shaped voltage-dependent time constant tau_p(x) = tau_max_M / (3.3*exp(dv/20) + exp(-dv/20)) — the Wang 1998 asymmetric exponential form. tau varies with V. No second channel. Matches I_M_voltage_dep_tau (tau_type=voltage_dependent)."
9fd91062-2a92-4686-a00e-f631c506e584,2faf0d72-ccdf-41c7-8435-937ca82436c7,9,3,26,-287.44140625,I_M,I_M_voltage_dep_tau,"Single additional channel: M-type K+ current with single gate p, Boltzmann p_inf centered at V_half_M, and a bell-shaped voltage-dependent time constant tau_p(x) = tau_M_scale / (3.3*exp(dv/20) + exp(-dv/20)) — the Wang 1998 asymmetric form. tau varies with V. No second channel. Matches I_M_voltage_dep_tau (tau_type=voltage_dependent)."
9ee9db16-5dcf-4de9-bf97-76a0ebbd09f7,2faf0d72-ccdf-41c7-8435-937ca82436c7,9,3,27,-310.3520202636719,I_M_plus_I_NaP,I_M_plus_I_NaP_voltage_dep_tau,"Two additional channels: (1) I_M with single gate p, tau_p is bell-shaped voltage-dependent (tau_scale_M / (3.3*exp(dv/20) + exp(-dv/20))); (2) I_NaP with instantaneous Boltzmann activation m_NaP_inf (no ODE state variable). This matches I_M_plus_I_NaP with voltage-dependent tau for I_M."
c0b87956-3923-447c-b8c9-d003c8a3e5fa,2faf0d72-ccdf-41c7-8435-937ca82436c7,9,3,28,-299.5341796875,I_M,I_M_fixed_tau,"Single additional channel: I_M with single gate p, Boltzmann p_inf, and a fixed scalar time constant tau_M_fix = 100.0 ms (constant, not voltage-dependent). The update uses Exp(-tstep / tau_M_fix) with a precomputed constant. This matches I_M_fixed_tau."
1162ca48-8499-4e52-9299-789b9fb9944b,7e916310-bb41-4c31-9c69-b85f231b69be,4,12,114,-256.2381591796875,I_M,I_M_voltage_dep_tau,"Single additional channel: I_M with single gate p, Boltzmann p_inf, and a voltage-dependent bell-shaped tau_p(V) = tau_max / (3.3*exp(dv/40) + exp(-dv/20)). The tau varies with voltage (asymmetric bell shape). This matches I_M_voltage_dep_tau."
3dcda814-8064-4e9c-9ab5-ff9fcecff725,7e916310-bb41-4c31-9c69-b85f231b69be,4,12,115,-262.50518798828125,I_M,I_M_voltage_dep_tau,"Single additional channel: I_M with single gate p, Boltzmann p_inf, and a symmetric bell-shaped voltage-dependent tau_p(V) = tau_max / (exp(dV/20) + exp(-dV/20)). The time constant varies with voltage. This matches I_M_voltage_dep_tau."
2c7f4632-aea9-45b4-a5f7-f4535dd2611b,7e916310-bb41-4c31-9c69-b85f231b69be,4,12,116,-261.68927001953125,I_M,I_M_voltage_dep_tau,"Single additional channel: I_M with single gate p, Boltzmann p_inf, and a voltage-dependent bell-shaped tau_p(V) = tau_max / (0.3*exp(dV/9) + 0.3*exp(-dV/18)). The time constant is voltage-dependent (bell-shaped). This matches I_M_voltage_dep_tau."
6adbf132-ca11-4b32-982d-4f3b14aac63c,7e916310-bb41-4c31-9c69-b85f231b69be,4,12,117,-265.7116394042969,I_M,I_M_voltage_dep_tau,"Single M-type K+ current (IKm) with one activation gate p, Boltzmann steady-state p_inf, and a bell-shaped voltage-dependent time constant tau_p(V) = tau_max / (3.3*exp(dv/40) + exp(-dv/20)). No second channel. This is the Wang 1998 / Mainen & Sejnowski form with voltage-dependent tau -> I_M_voltage_dep_tau."
a5348376-7c19-4bef-8eb8-adb2c73c326e,7e916310-bb41-4c31-9c69-b85f231b69be,4,12,118,-314.10516357421875,I_M_plus_I_NaP,I_M_plus_I_NaP_voltage_dep_tau,"Two additional channels: (1) M-type K+ current (IKm) with single gate p, Boltzmann steady-state, and bell-shaped voltage-dependent tau_p (Wang 1998 form, rescaled by 4.3); (2) Persistent Na+ current (INaP) with instantaneous Boltzmann activation (no state variable ODE). The M-current tau is voltage-dependent -> I_M_plus_I_NaP_voltage_dep_tau."
4141964f-4f36-4911-8bac-274bb9e670c8,7e916310-bb41-4c31-9c69-b85f231b69be,4,12,119,-332.68414306640625,I_M_plus_I_NaP,I_M_plus_I_NaP_voltage_dep_tau,"Two additional channels: (1) M-type K+ current (IKm) with single gate p, Boltzmann steady-state, and a symmetric cosh-bell voltage-dependent time constant tau_p(V) = tau_Km_max / cosh((V-v_half)/30); (2) Persistent Na+ current (INaP) with instantaneous Boltzmann activation (no state variable). The M-current tau is voltage-dependent (cosh form) -> I_M_plus_I_NaP_voltage_dep_tau."
382af7c1-210f-48b8-9d4c-59a5e0bdb298,8676b219-4d75-42a8-9949-196395b35f82,3,13,109,-448.0172729492188,I_M_plus_I_NaP,I_M_plus_I_NaP_fixed_tau,"Two additional channels: (1) M-type K+ current with single gate p, Boltzmann steady-state, and a FIXED scalar time constant tau_M_fixed = 75.0 ms (precomputed scalar decay factor exp_decay_p, constant across all steps); (2) Persistent Na+ current (INaP) with instantaneous Boltzmann activation (no state variable). The M-current tau is a fixed scalar -> I_M_plus_I_NaP_fixed_tau."
5ab7e870-eada-4101-a542-e4219cd9ba07,8676b219-4d75-42a8-9949-196395b35f82,3,13,110,-381.5758361816406,I_M_plus_I_NaP,I_M_plus_I_NaP_fixed_tau,"Two additional channels: (1) M-type K+ current with single gate p, Boltzmann steady-state, and a FIXED scalar time constant tau_M_fixed = 75.0 ms (precomputed scalar exp_decay_p used for all steps); (2) Persistent Na+ current (INaP) with instantaneous Boltzmann activation (no state variable ODE). The M-current tau is a fixed scalar -> I_M_plus_I_NaP_fixed_tau."
848d6cb6-1e1e-4ecd-a06b-a1ef1b096726,8676b219-4d75-42a8-9949-196395b35f82,3,13,111,-392.2076110839844,I_M_plus_I_NaP,I_M_plus_I_NaP_fixed_tau,"Two additional channels: (1) M-current (gate p) with fixed scalar tau_M = 75.0 ms, precomputed as exp_decay_p before the loop — tau_type=fixed_scalar; (2) Persistent Na+ current (I_NaP) with instantaneous Boltzmann activation q_inf, no state variable ODE. This matches I_M_plus_I_NaP_fixed_tau: fixed scalar tau for I_M paired with instantaneous I_NaP."
f0b2dc76-28b9-4266-9e63-ea41d880f230,8676b219-4d75-42a8-9949-196395b35f82,3,13,112,-363.4178466796875,I_M_plus_I_NaP,I_M_plus_I_NaP_fixed_tau,"Two additional channels: (1) M-current (gate p) with fixed scalar tau_M = 75.0 ms, precomputed as exp_decay_p — tau_type=fixed_scalar; (2) I_NaP with instantaneous Boltzmann activation q_inf_NaP, no ODE state variable. Matches I_M_plus_I_NaP_fixed_tau."
c1bbfb03-9901-447d-bf96-a9e62b7caeaf,8676b219-4d75-42a8-9949-196395b35f82,3,13,113,-387.72271728515625,I_M_plus_I_NaP,I_M_plus_I_NaP_fixed_tau,"Two additional channels: (1) M-current (gate p) with fixed scalar tau_M = 75.0 ms, precomputed exp_decay_p — tau_type=fixed_scalar; (2) I_NaP with instantaneous Boltzmann activation q_inf, no ODE. Matches I_M_plus_I_NaP_fixed_tau."
05a96596-aa7a-42e4-9f17-2531f18fe3ff,8676b219-4d75-42a8-9949-196395b35f82,3,13,114,-385.9678955078125,I_M_plus_I_NaP,I_M_plus_I_NaP_fixed_tau,"Two additional channels: (1) M-current (gate p) with fixed scalar tau_M = 75.0 ms, precomputed exp_decay_p — tau_type=fixed_scalar; (2) I_NaP with instantaneous Boltzmann activation q_NaP_inf, no ODE state variable. Matches I_M_plus_I_NaP_fixed_tau."
df61860c-fbff-49f3-b15c-fc79858f1fd4,8676b219-4d75-42a8-9949-196395b35f82,3,13,115,-362.255126953125,I_M_plus_I_NaP,I_M_plus_I_NaP_fixed_tau,"Two additional channels: (1) M-current (gate p) with fixed scalar tau_M = 75.0 ms, precomputed exp_decay_p — tau_type=fixed_scalar; (2) I_NaP (gate q) with fixed scalar tau_NaP = 1.0 ms (effectively instantaneous), precomputed exp_decay_q. Both taus are fixed scalars drawn from constants, not voltage-dependent. The I_NaP is treated as quasi-instantaneous. Matches I_M_plus_I_NaP_fixed_tau."
43a6fc2e-2f17-4541-b5d4-906bd8bba662,8676b219-4d75-42a8-9949-196395b35f82,3,13,116,-376.42620849609375,I_M_plus_I_NaP,I_M_plus_I_NaP_fixed_tau,"Two additional channels: (1) M-current (I_M) with single gate p, Boltzmann p_inf, and fixed scalar tau_M = 75 ms (precomputed exp_decay_p before loop, no voltage dependence in tau); (2) Persistent Na+ (I_NaP) with instantaneous Boltzmann activation q_inf, no state variable ODE. This matches I_M_plus_I_NaP_fixed_tau: fixed scalar tau for I_M paired with instantaneous I_NaP."
cda458a6-be38-4357-b28a-4cccbda435d6,8676b219-4d75-42a8-9949-196395b35f82,3,13,117,-399.0661010742188,I_M_plus_I_NaP,I_M_plus_I_NaP_fixed_tau,"Two additional channels: (1) M-current with single gate p, Boltzmann p_inf, and fixed scalar tau_M_fixed = 75 ms (precomputed exp_decay_p, voltage-independent); (2) Persistent Na+ (I_NaP) with instantaneous Boltzmann q_inf, no ODE state variable. Matches I_M_plus_I_NaP_fixed_tau."
43bb5ed3-9784-444c-bd3f-491fca7a78ea,2faf0d72-ccdf-41c7-8435-937ca82436c7,9,4,29,-281.1116027832031,I_M,I_M_voltage_dep_tau,"Single additional channel: M-current with gate p, Boltzmann p_inf, and bell-shaped voltage-dependent tau_p using the form tau_max_M / (3.3*exp(dv/20) + exp(-dv/20)), which is the Wang 1998 cosh-like formulation. tau varies with V. No second channel present. Matches I_M_voltage_dep_tau."
a5b3a44a-ed92-4227-8954-2285917fb102,2faf0d72-ccdf-41c7-8435-937ca82436c7,9,4,30,-270.57293701171875,I_M,I_M_fixed_tau,"Single additional channel: M-current with gate p, Boltzmann p_inf, and fixed scalar time constant tau_M drawn directly from params[:,9] (clamped to min=1.0). The tau is a constant per batch element, not voltage-dependent. No second channel. Matches I_M_fixed_tau."
36f69888-7294-4a4b-9f1f-e92dc3c4dbcd,2faf0d72-ccdf-41c7-8435-937ca82436c7,9,4,31,-280.4262084960937,I_M,I_M_voltage_dep_tau,"Single additional channel: M-current with gate p, Boltzmann p_inf, and bell-shaped voltage-dependent tau_p using the form tau_M_sc / (3.3*exp((V-V_half_M)/20) + exp(-(V-V_half_M)/20)), a Wang 1998-style cosh denominator. tau varies with V. No second channel. Matches I_M_voltage_dep_tau."
58f5a198-b41c-4dcf-adbd-34cf27f6910a,b8102286-d8c7-43d5-93eb-b576b2869877,8,8,75,-292.7538452148437,I_M,I_M_voltage_dep_tau,"Single additional channel: M-type K+ current with one activation gate p. Steady-state p_inf uses Boltzmann sigmoid with fixed V_half=-35 mV. Time constant tau_p_M is bell-shaped: tau_max / (exp(dv) + exp(-dv)) where dv=(V-V_half)/20, which is a cosh-like voltage-dependent function. This is voltage_dependent tau -> I_M_voltage_dep_tau."
04ea8dbf-a094-4248-ac56-37565253356b,b8102286-d8c7-43d5-93eb-b576b2869877,8,8,76,-395.7516784667969,I_M_plus_I_NaP,I_M_plus_I_NaP_voltage_dep_tau,"Two additional channels: (1) M-type K+ current with single gate p, bell-shaped voltage-dependent tau (tau_max_M / (exp(dv)+exp(-dv))), and (2) Persistent Na+ current (I_NaP) with instantaneous Boltzmann activation m_NaP_inf (no state variable ODE). I_M has voltage-dependent tau -> I_M_plus_I_NaP_voltage_dep_tau."
db97c74b-747c-4100-babf-12488b9cc98c,b8102286-d8c7-43d5-93eb-b576b2869877,8,8,77,-268.757080078125,I_M,I_M_voltage_dep_tau,Single additional channel: M-type K+ current with one activation gate p. Steady-state p_inf uses Boltzmann with inferred V_half. Time constant tau_p_M is bell-shaped: tau_max / (exp(dv)+exp(-dv)) where dv=(V-V_half)/20 — a voltage-dependent cosh-like function. This is voltage_dependent tau -> I_M_voltage_dep_tau.
64f1b60e-4514-4c86-950b-20818ad01d35,b8102286-d8c7-43d5-93eb-b576b2869877,8,8,79,-281.7085266113281,I_M,I_M_voltage_dep_tau,Single additional channel: M-type K+ current with one activation gate p. Steady-state p_inf uses Boltzmann with inferred V_half_M. Time constant tau_p is bell-shaped: tau_max_M / (exp(dv)+exp(-dv)) where dv=(V-V_half_M)/20 — voltage-dependent cosh form. This is voltage_dependent tau -> I_M_voltage_dep_tau.
58d239e3-717a-4767-8124-c2c01c812915,b8102286-d8c7-43d5-93eb-b576b2869877,8,8,80,-358.8138427734375,I_M_plus_I_NaP,I_M_plus_I_NaP_voltage_dep_tau,"Two additional channels: (1) M-type K+ current with single gate p, bell-shaped voltage-dependent tau (2*tau_M_max / (exp(dv)+exp(-dv)) with dv=(V-V_half_M)/(2*slope_M)), and (2) Persistent Na+ current (I_NaP) with instantaneous Boltzmann activation m_inf_NaP (no state variable ODE). I_M has voltage-dependent tau -> I_M_plus_I_NaP_voltage_dep_tau."
0f4fa556-4e78-40c0-9d35-c6367e78b8d1,b8102286-d8c7-43d5-93eb-b576b2869877,8,8,81,-268.2333068847656,I_M,I_M_voltage_dep_tau,"Single M-current gate p with Boltzmann p_inf and a bell-shaped voltage-dependent tau_p using cosh formulation: tau_max / cosh((V - V_half) / 20). tau_max is inferred from params[:,9] (negated). No second channel. This is I_M with voltage-dependent tau."
521d3e3e-d558-4b8f-9e56-8a7de28da6a7,7e916310-bb41-4c31-9c69-b85f231b69be,4,13,120,-261.6104431152344,I_M,I_M_voltage_dep_tau,"Single M-current gate p with Boltzmann p_inf and voltage-dependent tau_p using the formula tau_max / (3.3*exp(delta/40) + exp(-delta/20)), which is a bell-shaped voltage-dependent time constant. tau_max inferred from params[:,9]. No second channel present."
fdbba969-5603-42c9-90f4-0d939a68e8dd,7e916310-bb41-4c31-9c69-b85f231b69be,4,13,121,-304.1475524902344,I_M_plus_I_NaP,I_M_plus_I_NaP_voltage_dep_tau,"Two additional channels: (1) M-current with single gate p, Boltzmann p_inf, and voltage-dependent bell-shaped tau_p = tau_max / (3.3*exp(dV/40) + exp(-dV/20)); (2) Persistent Na+ current (INaP) with instantaneous Boltzmann activation m_nap_inf (no ODE state variable). This matches I_M_plus_I_NaP with voltage-dependent tau for I_M."
a8848b92-1446-4053-8fe8-223d7e557324,7e916310-bb41-4c31-9c69-b85f231b69be,4,13,122,-255.6537170410156,I_M,I_M_fixed_tau,"Single M-current gate p with Boltzmann p_inf. The time constant is a fixed scalar tau_Km_fixed = 100.0 ms (hardcoded constant, not voltage-dependent). params[:,9] is explicitly unused. This is I_M with fixed scalar tau."
67928df0-bbae-4f62-832b-d4bde5caace7,7e916310-bb41-4c31-9c69-b85f231b69be,4,13,123,-294.6748046875,I_M_plus_I_NaP,I_M_plus_I_NaP_fixed_tau,"Two additional channels: (1) M-current with single gate p, Boltzmann p_inf, and a fixed (constant) tau_Km = -param_j = |param_j| drawn directly from params[:,9] — a scalar per batch element but voltage-independent (no bell-shape or cosh); (2) Persistent Na+ current (INaP) with instantaneous Boltzmann activation m_NaP_inf (no ODE). The M-current tau is a fixed scalar from a parameter, matching I_M_plus_I_NaP_fixed_tau."
ef8af6c3-26e5-4766-abc6-1f9be7ec93ab,7e916310-bb41-4c31-9c69-b85f231b69be,4,13,124,-265.0370788574219,unknown,unknown,"Snippet 1 adds only a hyperpolarization-activated Ih (HCN) current with a single gate q, inverted Boltzmann q_inf, and a fixed scalar tau_h (params[:,9] used directly as a constant time constant). There is no M-type K+ current present. The taxonomy does not have a standalone Ih-only subtype — the Ih-containing subtypes are all paired with I_M (I_M_plus_I_h). Since this snippet has only Ih without I_M, it does not fit any defined taxonomy entry."
15bf1674-79c8-47b5-a164-a8319ae66e80,7e916310-bb41-4c31-9c69-b85f231b69be,4,13,125,-336.0016174316406,I_M_plus_I_NaP,I_M_plus_I_NaP_voltage_dep_tau,"Snippet 2 adds two channels: (1) M-type K+ current (IKm) with gate p, Boltzmann p_inf, and a bell-shaped voltage-dependent tau_p (asymmetric exponential denominator: 0.5*(exp(dv/40)+exp(-dv/20)), peak = tau_max at v_half) — this is voltage_dependent tau; (2) Persistent Na+ current (INaP) with instantaneous Boltzmann activation m_NaP_inf (no ODE state variable). This matches I_M_plus_I_NaP with voltage-dependent tau for I_M."
29f42ef0-763f-4478-bd2f-ab1ba1e92355,a70abf70-001b-4b4f-9c79-56789d37f2a7,5,9,104,-283.03668212890625,I_M,I_M_fixed_tau,"Snippet 3 adds only a single M-type K+ current (IM) with gate p, Boltzmann p_inf, and a fixed scalar time constant tau_M drawn directly from params[:,9] (positive, not negated, no voltage dependence). The tau is a constant scalar — tau_type=fixed_scalar. This matches I_M_fixed_tau."
88aa2357-a197-4193-99f1-ab6645bc6055,a70abf70-001b-4b4f-9c79-56789d37f2a7,5,9,105,-292.4169616699219,I_M,I_M_voltage_dep_tau,"Snippet 4 adds only a single M-type K+ current (IKM) with gate p, Boltzmann p_inf_M, and a bell-shaped voltage-dependent time constant tau_p_M using a cosh-like denominator: 3.3*(exp(dv)+exp(-dv)) centered at V_half_M. This is a voltage-dependent (bell-shaped) tau — tau_type=voltage_dependent. Only one channel added, so this matches I_M_voltage_dep_tau."
caad3c32-8390-43ca-8d1c-41b51e4a1aa7,a70abf70-001b-4b4f-9c79-56789d37f2a7,5,9,106,-276.9537048339844,I_M,I_M_fixed_tau,"Snippet 5 adds only a single M-type K+ current with gate p, Boltzmann p_inf_M (slope k_M=9 mV), and a fixed scalar time constant tau_M drawn directly from params[:,9] (positive, voltage-independent). The tau is a constant scalar — tau_type=fixed_scalar. This matches I_M_fixed_tau."
376b446b-bb8f-4abb-a68c-91252452eb12,a70abf70-001b-4b4f-9c79-56789d37f2a7,5,9,107,-261.8863220214844,I_M,I_M_fixed_tau,"Single M-current activation gate p with Boltzmann p_inf. The time constant tau_M is taken directly from params[:,9] (a learned parameter scalar), with no voltage dependence. The update is: p[:,i] = p_ss + (p[:,i-1] - p_ss) * Exp(-tstep / tau_M). This is a fixed scalar tau -> I_M_fixed_tau."
66c1eabb-1d48-4319-8e3f-56b0286b1c16,a70abf70-001b-4b4f-9c79-56789d37f2a7,5,9,108,-280.802978515625,I_M,I_M_fixed_tau,"Single M-current activation gate p with Boltzmann p_inf_M. The time constant is computed as tau_p_M() = torch.clamp(tau_M_scale, min=1.0), where tau_M_scale = params[:,9] is a learned scalar parameter. No voltage dependence in tau. Pre-computed before the loop as tau_p_val. This is a fixed scalar tau -> I_M_fixed_tau."
1b75f560-1106-411a-88d6-b522323fe2c4,a70abf70-001b-4b4f-9c79-56789d37f2a7,5,9,109,-300.8189392089844,I_M,I_M_voltage_dep_tau,"Single M-current activation gate p with Boltzmann p_inf. The time constant tau_p(x) is voltage-dependent: it uses a cosh-like form tau_scale / (Exp(dv) + Exp(-dv) + 1e-7) where dv = (x - V_half_M)/20, which is a bell-shaped function of voltage. This is a voltage-dependent tau -> I_M_voltage_dep_tau."
a4190715-9995-4487-a516-3b24a077b177,a70abf70-001b-4b4f-9c79-56789d37f2a7,5,9,110,-293.9885559082031,I_M,I_M_voltage_dep_tau,"Single M-current activation gate p with Boltzmann p_inf. The time constant tau_p(x) is voltage-dependent: tau_max_M / (3.3 * Exp(dv/40) + Exp(-dv/20) + 1e-6), an asymmetric bell-shaped function of voltage (Wang 1998-like form). tau_max_M is fixed at 300 ms but the tau itself varies with V. This is a voltage-dependent tau -> I_M_voltage_dep_tau."
55245762-590b-47e3-937c-602d611340c5,a70abf70-001b-4b4f-9c79-56789d37f2a7,5,9,111,-313.06793212890625,I_M,I_M_fixed_tau,"Single M-current activation gate p with Boltzmann p_inf (fixed V_half_M = -35 mV). The time constant tau_M is taken directly from params[:,7] as a positive scalar with no voltage dependence. The update is: p[:,i] = p_inf_val + (p_prev - p_inf_val) * Exp(-tstep / tau_M). This is a fixed scalar tau -> I_M_fixed_tau."
90c48b29-75cd-4574-b0d7-1cf9c84705c3,a70abf70-001b-4b4f-9c79-56789d37f2a7,5,9,112,-271.72052001953125,I_M,I_M_fixed_tau,"Single M-current gate p with Boltzmann p_inf. Time constant tau_M is drawn directly from params[:,9] (clamped to [1, 3000] ms) — a fixed scalar per batch element, not computed as a function of voltage. No bell-shaped or cosh formula. No second additional channel. -> I_M_fixed_tau."
fdb91366-9fab-47e6-8d56-99de6f1855bc,a70abf70-001b-4b4f-9c79-56789d37f2a7,5,9,113,-317.9515686035156,I_M_plus_I_NaP,I_M_plus_I_NaP_fixed_tau,"Two additional channels: (1) M-type K+ current with single gate p, tau_M drawn directly from params[:,9] as a fixed scalar (not voltage-dependent); (2) Persistent Na+ current (I_NaP) with instantaneous Boltzmann activation r_inf — no state variable ODE. This matches I_M_plus_I_NaP with fixed scalar tau for I_M -> I_M_plus_I_NaP_fixed_tau."
86b0e600-19a8-4911-940b-4bd1cab9c2a7,a70abf70-001b-4b4f-9c79-56789d37f2a7,5,9,114,-290.53741455078125,I_M,I_M_fixed_tau,"Single M-current gate p with Boltzmann p_inf_M. Time constant tau_M is drawn from params[:,8] and clamped (min=1.0) — a fixed scalar per batch element with no voltage dependence. No second additional channel (index 9 deliberately unused). -> I_M_fixed_tau."
b64c451e-15b5-4cad-be44-847e8e206039,a70abf70-001b-4b4f-9c79-56789d37f2a7,5,9,115,-337.7728576660156,I_M_plus_I_h,I_M_plus_I_h_voltage_dep_tau,"Two additional channels: (1) M-type K+ current with gate p, tau_p computed via cosh bell-shape: tau_M_scale / (exp(dv) + exp(-dv)) — voltage-dependent; (2) HCN/Ih current with gate q, inverted Boltzmann q_inf (activates on hyperpolarization), tau_q also cosh bell-shaped (voltage-dependent), E_h = -30 mV mixed cation reversal. This is I_M with voltage-dependent tau paired with I_h -> I_M_plus_I_h_voltage_dep_tau."
11e37cc4-f5e2-4706-ae9c-d0449beb11c8,a70abf70-001b-4b4f-9c79-56789d37f2a7,5,9,116,-302.2481384277344,I_M_plus_I_NaP,I_M_plus_I_NaP_fixed_tau,"Two additional channels: (1) M-type K+ current with gate p, tau_p_M drawn from params[:,7] as a fixed scalar (clamped min=0.1, no voltage dependence); (2) Persistent Na+ current (INaP) with instantaneous Boltzmann activation m_inf_NaP — no state variable ODE. Fixed scalar tau for I_M paired with instantaneous I_NaP -> I_M_plus_I_NaP_fixed_tau."
c826c553-fdc2-4b1e-87d2-0bee69fbadd2,a24d9636-1628-4191-bd7b-1c0fda5ba198,7,12,87,-355.4371337890625,I_M_plus_I_h,I_M_plus_I_h_fixed_tau,"Snippet 1 has two additional channels: (1) M-type K+ current with single gate w, Boltzmann steady-state w_inf, and a fixed scalar tau_w_M clamped from params[:,7] (no voltage dependence in tau); (2) HCN/I_h current with single gate r, inverted Boltzmann r_inf (activates on hyperpolarization), and a fixed scalar tau_r clamped from params[:,9]. Both taus are fixed scalars per batch element, not voltage-dependent. E_K = -77 mV, E_h = -25 mV. This matches I_M_plus_I_h_fixed_tau."
ac45663f-8c2b-444f-a1e0-b8aae048c832,a24d9636-1628-4191-bd7b-1c0fda5ba198,7,12,88,-367.68109130859375,I_M_plus_I_h,I_M_plus_I_h_fixed_tau,"Snippet 2 is structurally identical to Snippet 1: M-type K+ current (gate w, Boltzmann w_inf, fixed scalar tau_w_M from params[:,7] clamped to [5,120] ms) paired with HCN/I_h current (gate r, inverted Boltzmann r_inf, fixed scalar tau_r_h from params[:,9] clamped to [50,500] ms). No voltage-dependent tau computation. E_K = -77 mV, E_h = -25 mV. Matches I_M_plus_I_h_fixed_tau."
fcf33527-70e2-4713-a8c7-592a0fc9b3bd,a24d9636-1628-4191-bd7b-1c0fda5ba198,7,12,89,-343.45635986328125,I_M_plus_I_h,I_M_plus_I_h_fixed_tau,"Snippet 3 has M-type K+ current (gate w, Boltzmann w_inf, fixed scalar tau_w_M from params[:,7] clamped to [5,120] ms) paired with HCN/I_h current (gate r, inverted Boltzmann r_inf, fixed scalar tau_r = 80.0 ms hardcoded). The I_h tau is a fixed scalar constant (not from params, not voltage-dependent). The M-current tau is also a fixed scalar per batch. Matches I_M_plus_I_h_fixed_tau."
15263790-09a7-4ce4-881c-a19c4e429f0f,a24d9636-1628-4191-bd7b-1c0fda5ba198,7,12,90,-350.3314208984375,I_M_plus_I_h,I_M_plus_I_h_fixed_tau,"Snippet 4 has M-type K+ current (gate w, Boltzmann w_inf, fixed scalar tau_w_M from params[:,7] clamped to [5,120] ms) paired with HCN/I_h current (gate r, inverted Boltzmann r_inf, fixed scalar tau_r_h from params[:,9] clamped to [50,500] ms). Both taus are fixed scalars per batch element with no voltage dependence. E_K = -77 mV, E_h = -25 mV. Matches I_M_plus_I_h_fixed_tau."
13532cfb-c530-4b27-ada1-8b2a3fc225ec,a24d9636-1628-4191-bd7b-1c0fda5ba198,7,12,91,-359.4931640625,I_M_plus_I_h,I_M_plus_I_h_fixed_tau,"Snippet 5 has M-type K+ current (gate w, Boltzmann w_inf, fixed scalar tau_w_M from params[:,7] clamped to [5,120] ms) paired with HCN/I_h current (gate r, inverted Boltzmann r_inf, fixed scalar tau_r_h from params[:,9] clamped to [50,500] ms). Both taus are fixed scalars per batch element with no voltage dependence. E_K = -77 mV, E_h = -25 mV. Matches I_M_plus_I_h_fixed_tau."
11cdd40b-c737-476d-b2e4-6f4ccf11e308,a24d9636-1628-4191-bd7b-1c0fda5ba198,7,12,93,-329.04254150390625,I_M_plus_I_h,I_M_plus_I_h_fixed_tau,"Snippet 1 has two additional channels: (1) M-current with single gate w, Boltzmann steady-state, and fixed scalar tau_w_M = clamp(params[:,7], 5, 120) ms — voltage-independent; (2) I_h/HCN with single gate r, inverted Boltzmann r_inf, and fixed scalar tau_r = 80.0 ms. Both tau values are fixed scalars (not voltage-dependent). This matches I_M_plus_I_h_fixed_tau."
1f08d8d6-f4f9-49b3-97be-3d2b5eeb3ca1,a24d9636-1628-4191-bd7b-1c0fda5ba198,7,12,94,-305.0221862792969,I_M_plus_I_A,I_M_plus_I_A,"Snippet 2 has two additional channels: (1) M-current with single gate w, Boltzmann steady-state, fixed scalar tau_w_M; (2) A-type transient K+ current with instantaneous activation a_inf (no ODE for activation) and slow inactivation gate b with fixed tau_b = clamp(params[:,9], 1, 30) ms. The A-current has an inactivation gate b and instantaneous activation a_inf^3 * b open probability. This matches I_M_plus_I_A."
5a8e4616-77c9-4bf1-8a15-ef246a7883aa,a24d9636-1628-4191-bd7b-1c0fda5ba198,7,12,96,-346.9916687011719,I_M_plus_I_h,I_M_plus_I_h_fixed_tau,"Snippet 3 has two additional channels: (1) M-current with single gate w, Boltzmann steady-state, and fixed scalar tau_w_M = clamp(params[:,7], 5, 120) ms; (2) I_h/HCN with single gate r, inverted Boltzmann r_inf, and fixed scalar tau_r_h = clamp(params[:,9], 20, 300) ms. Both tau values are fixed scalars per sample (not voltage-dependent bell-shaped functions). This matches I_M_plus_I_h_fixed_tau."
3abb75af-e768-4484-a377-521847b93438,a24d9636-1628-4191-bd7b-1c0fda5ba198,7,12,97,-289.5162353515625,I_M,I_M_fixed_tau,"Snippet 4 has only one additional channel: M-current with single gate w, Boltzmann steady-state w_inf, and a fixed scalar tau_w_M = clamp(params[:,8], 5, 120) ms (voltage-independent, drawn directly from a parameter). No second channel is present. This matches I_M_fixed_tau."
e651c49a-c611-4c28-b0b3-4265f8235cec,2faf0d72-ccdf-41c7-8435-937ca82436c7,9,5,32,-274.8330383300781,I_M,I_M_fixed_tau,"Snippet 5 has only one additional channel: M-current with single gate p, Boltzmann steady-state p_inf, and a voltage-independent fixed scalar tau_M = clamp(params[:,9], min=1.0) ms. The time constant does not vary with voltage (no cosh/bell-shape). This matches I_M_fixed_tau."
ab675f1d-a1ae-4686-a149-2decf48dd8e9,2faf0d72-ccdf-41c7-8435-937ca82436c7,9,5,33,-295.7279663085937,I_M,I_M_voltage_dep_tau,"Single M-current gate p with Boltzmann p_inf and a bell-shaped voltage-dependent tau_p: denom = 3.3*Exp(dv/20) + Exp(-dv/20), scaled by tau_scale (inferred parameter). This is the Wang 1998 cosh-like form -> voltage_dependent tau -> I_M_voltage_dep_tau."
022c5a87-e7a0-4ae3-89dd-f553910c94f5,2faf0d72-ccdf-41c7-8435-937ca82436c7,9,5,34,-280.1526794433594,I_M,I_M_voltage_dep_tau,"Single M-current gate p with Boltzmann p_inf and tau_p computed as tau_max_M / (Exp(dv) + Exp(-dv)), a bell-shaped voltage-dependent time constant (cosh form). tau_max_M is a parameter but the tau itself varies with V -> voltage_dependent tau -> I_M_voltage_dep_tau."
69f7ac67-faa2-4978-912f-84e5b4f72d13,2faf0d72-ccdf-41c7-8435-937ca82436c7,9,5,35,-294.9035339355469,I_M,I_M_voltage_dep_tau,"Single M-current gate p with Boltzmann p_inf and bell-shaped tau_p: denom = 3.3*Exp((x-V_half_M)/20) + Exp(-(x-V_half_M)/20), scaled by tau_max_M. This is the Wang 1998 asymmetric cosh form -> voltage_dependent tau -> I_M_voltage_dep_tau."
ee31b61e-6916-4b77-b8bc-bd49c5e208f5,2faf0d72-ccdf-41c7-8435-937ca82436c7,9,5,36,-280.1243896484375,I_M,I_M_voltage_dep_tau,"Single M-current gate p with Boltzmann p_inf and tau_p = tau_max / (Exp(dv) + Exp(-dv)), a symmetric bell-shaped voltage-dependent time constant (cosh form). tau varies with V -> voltage_dependent tau -> I_M_voltage_dep_tau."
05f29ecd-e2b6-4e23-89a9-96ed6f48017f,2faf0d72-ccdf-41c7-8435-937ca82436c7,9,5,37,-286.05816650390625,I_M,I_M_voltage_dep_tau,"Single M-current gate p with Boltzmann p_inf and bell-shaped tau_p: denom = 3.3*Exp(dv/20) + Exp(-dv/20), scaled by tau_max_M. Wang 1998 asymmetric cosh form -> tau varies with V -> voltage_dependent tau -> I_M_voltage_dep_tau."
b92c5a45-28f8-49c5-8cc5-e02dee731c3c,2faf0d72-ccdf-41c7-8435-937ca82436c7,9,5,38,-278.9714660644531,I_M,I_M_voltage_dep_tau,"Single M-current gate p with Boltzmann p_inf. The tau_p function computes a bell-shaped voltage-dependent time constant: tau_scale_M / (Exp((x - V_half_M)/40) + Exp(-(x - V_half_M)/40)), which is a cosh-like denominator giving voltage-dependent tau. This matches I_M_voltage_dep_tau (tau_type=voltage_dependent)."
6a92d54b-567e-4afa-b15a-7eb8db6a3928,2faf0d72-ccdf-41c7-8435-937ca82436c7,9,5,39,-271.9884948730469,I_M,I_M_voltage_dep_tau,"Single M-current gate p with Boltzmann p_inf. The tau_p function uses: tau_M_amp / (3.3 * Exp(dv/20) + Exp(-dv/20)) where dv = x - V_half_M, which is the classic Wang 1998 bell-shaped voltage-dependent time constant. This matches I_M_voltage_dep_tau (tau_type=voltage_dependent)."
6b7206be-0c02-4e9f-9451-d18d9c8c11ec,2faf0d72-ccdf-41c7-8435-937ca82436c7,9,5,40,-306.1136474609375,I_M,I_M_voltage_dep_tau,"Single M-current gate p with Boltzmann p_inf. The tau_p function computes: tau_M_num / (3.3 * Exp(dv) + Exp(-dv)) where dv = (x - V_half_M)/20, which is a bell-shaped voltage-dependent time constant (Wang 1998 form). This matches I_M_voltage_dep_tau (tau_type=voltage_dependent)."
4442c033-c669-49a9-9197-55490b11ee0c,2faf0d72-ccdf-41c7-8435-937ca82436c7,9,5,41,-279.8591613769531,I_M,I_M_fixed_tau,"Single M-current gate p with Boltzmann p_inf. The time constant tau_M is computed as torch.clamp(tau_M_raw, min=1.0, max=500.0) — a fixed scalar clamped from params[:,9] with no voltage dependence. The update is p_ss + (p_prev - p_ss) * Exp(-tstep / tau_M) with tau_M constant across voltages. This matches I_M_fixed_tau (tau_type=fixed_scalar)."
6e4c0c9d-f0e0-4fc9-8283-caaf20e467bd,b8102286-d8c7-43d5-93eb-b576b2869877,8,9,82,-290.125244140625,I_M,I_M_voltage_dep_tau,"Single M-current gate p with Boltzmann p_inf. The tau_p function computes: tau_M_max / cosh((x - V_half_M)/20) using 0.5*(Exp(dv)+Exp(-dv)) as the cosh, giving a bell-shaped voltage-dependent time constant. This matches I_M_voltage_dep_tau (tau_type=voltage_dependent)."
0702430b-9b2d-4065-ac6f-f69d7b284f5c,b8102286-d8c7-43d5-93eb-b576b2869877,8,9,83,-294.6393737792969,I_M,I_M_voltage_dep_tau,Single M-current gate p with Boltzmann p_inf and bell-shaped tau_p_M computed as tau_max / (exp(dv) + exp(-dv)) — a cosh-like voltage-dependent time constant. No second channel present. This matches I_M_voltage_dep_tau (tau_type=voltage_dependent).
48fee452-a66d-4fd7-8d2e-19bb7e60bc6c,b8102286-d8c7-43d5-93eb-b576b2869877,8,9,84,-295.7076110839844,I_M,I_M_voltage_dep_tau,"Single M-current gate p with Boltzmann p_inf and bell-shaped tau_p_M = tau_max / (exp(dv) + exp(-dv)), a voltage-dependent cosh-form time constant. No second channel. Matches I_M_voltage_dep_tau."
b93d6595-ba7a-4e4d-8baf-8221e205681a,b8102286-d8c7-43d5-93eb-b576b2869877,8,9,85,-280.5269775390625,I_M,I_M_voltage_dep_tau,Single M-current gate p with Boltzmann steady-state and bell-shaped tau_p_M = tau_max / (exp(dv) + exp(-dv)) — voltage-dependent tau. No additional channel. Matches I_M_voltage_dep_tau.
7e004f5e-e0a9-420f-8f36-60eceba76ee5,b8102286-d8c7-43d5-93eb-b576b2869877,8,9,86,-290.8092346191406,I_M,I_M_voltage_dep_tau,"Single M-current gate p with Boltzmann p_inf and bell-shaped tau_p_M = tau_max_M / (exp(dv) + exp(-dv)), a voltage-dependent cosh-form time constant. No second channel. Matches I_M_voltage_dep_tau."
e44e8911-3e12-432c-8e70-3d806d44b269,b8102286-d8c7-43d5-93eb-b576b2869877,8,9,87,-279.4809875488281,I_M,I_M_voltage_dep_tau,Single M-current gate p with Boltzmann p_inf (inferred V_half_M) and bell-shaped tau_p_M = tau_max_M / (exp(dv) + exp(-dv)) — voltage-dependent cosh-form time constant. No second channel. Matches I_M_voltage_dep_tau.
a483b2ad-c177-4b72-af49-5bde42debf17,b8102286-d8c7-43d5-93eb-b576b2869877,8,9,88,-269.17071533203125,I_M,I_M_voltage_dep_tau,Single M-current gate p with Boltzmann p_inf and a bell-shaped (cosh-based) voltage-dependent time constant: tau_p(V) = tau_max / cosh((V - V_half) / 18.0). This is the classic Wang 1998 voltage-dependent tau form. No second channel present.
08ac7fec-2abc-492c-b20a-7e1eab2ec69f,e364bbb6-4cbb-4973-a0e9-ca180dc93386,6,10,92,-374.3349609375,I_M,I_M_fixed_tau,"Single M-current gate p with Boltzmann p_inf. The time constant is param_j = params[:,9], a fixed scalar drawn directly from the parameter vector with no voltage dependence. The update is: p[:,i] = p_inf_now + (p_prev - p_inf_now) * Exp(-tstep / param_j), confirming fixed scalar tau. No second channel present."
3c0a0949-d576-47e9-b4b1-d4bfa5812a5c,e364bbb6-4cbb-4973-a0e9-ca180dc93386,6,10,93,-258.72607421875,I_M,I_M_fixed_tau,"Single M-current gate p with Boltzmann p_inf. The time constant is fixed at tau_M_fixed = 150.0 ms (a constant scalar precomputed before the loop as exp_p). This is a fixed scalar tau, not voltage-dependent. No second channel present."
4826fb1e-19dd-4802-b211-9d5dc472e65c,e364bbb6-4cbb-4973-a0e9-ca180dc93386,6,10,94,-250.1283264160156,I_M,I_M_fixed_tau,"Single M-current gate p with Boltzmann p_inf. The time constant is fixed at TAU_M_FIXED = 150.0 ms, precomputed as exp_p_decay = Exp(-tstep / TAU_M_FIXED) outside the loop. This is a fixed scalar tau. No second channel present."
5271de52-da65-41f0-b351-56b4bec53d6f,e364bbb6-4cbb-4973-a0e9-ca180dc93386,6,10,95,-251.44741821289065,I_M,I_M_fixed_tau,"Single M-current gate p with Boltzmann p_inf. The time constant is param_j = params[:,9], a fixed scalar from the parameter vector used directly as tau (no voltage dependence): p[:,i] = p_inf_now + (p_prev - p_inf_now) * Exp(-tstep / param_j). This is a fixed scalar tau. No second channel present."
e620f065-3c3b-4504-839f-56dd70a96ced,e364bbb6-4cbb-4973-a0e9-ca180dc93386,6,10,96,-250.40652465820312,I_M,I_M_fixed_tau,"Single M-current gate p with Boltzmann steady-state p_inf. Time constant is param_j (params[:,9]), a fixed scalar drawn directly from the parameter vector with no voltage dependence. Update: p[:,i] = p_inf_now + (p_prev - p_inf_now) * Exp(-tstep / param_j). No second channel present. -> I_M_fixed_tau."
173dea4c-cd5d-4f29-989c-14951d4f2dbd,e364bbb6-4cbb-4973-a0e9-ca180dc93386,6,10,97,-247.99957275390625,I_M,I_M_fixed_tau,"Single M-current gate p with sigmoid steady-state. Time constant is tau_p_safe = torch.clamp(param_j, min=1e-4), a fixed scalar from params[:,9] with no voltage dependence. No second channel. -> I_M_fixed_tau."
359f60cd-6cb5-4055-a8b3-f97b31e66510,e364bbb6-4cbb-4973-a0e9-ca180dc93386,6,10,98,-258.1069030761719,I_M,I_M_fixed_tau,"Single M-current gate p with Boltzmann steady-state. Time constant is param_j (params[:,9]), a fixed scalar with no voltage dependence. Update: p[:,i] = p_inf_now + (p_prev - p_inf_now) * Exp(-tstep / param_j). No second channel. -> I_M_fixed_tau."
2ef90fa6-69b9-4fef-ac49-56fb7431270b,e364bbb6-4cbb-4973-a0e9-ca180dc93386,6,10,99,-258.0867919921875,I_M,I_M_fixed_tau,"Single M-current gate p with sigmoid steady-state. Time constant is tau_M_fixed = 150.0 ms, a hardcoded scalar constant (precomputed decay factor p_decay = Exp(-tstep/tau_M_fixed)). Voltage-independent fixed scalar tau. No second channel. -> I_M_fixed_tau."
fa0a63ad-2850-4150-a4da-a76f898b3a00,e364bbb6-4cbb-4973-a0e9-ca180dc93386,6,10,100,-253.5704040527344,I_M,I_M_fixed_tau,"Single M-current gate p with Boltzmann steady-state. Time constant is param_j (params[:,9]), a fixed scalar from the parameter vector with no voltage dependence. Update: p[:,i] = p_inf_now + (p_prev - p_inf_now) * Exp(-tstep / param_j). No second channel. -> I_M_fixed_tau."
7113146a-f273-4297-98e7-cb228e4c50dc,e364bbb6-4cbb-4973-a0e9-ca180dc93386,6,10,101,-265.04351806640625,I_M,I_M_fixed_tau,"Single M-type K+ gate p with Boltzmann p_inf. Time constant is a fixed scalar constant TAU_P = 150.0 ms (not voltage-dependent, not inferred from params). This matches tau_type=fixed_scalar -> I_M_fixed_tau."
dbc2d952-aacb-4dd9-a08e-9410a9e8d100,e364bbb6-4cbb-4973-a0e9-ca180dc93386,6,10,102,-262.3541564941406,I_M,I_M_fixed_tau,Single M-type K+ gate p with Boltzmann p_inf. Time constant tau_p_fixed = 150.0 ms is a fixed scalar precomputed as exp_p before the loop. Voltage-independent fixed tau -> I_M_fixed_tau.
f4470e5d-a1a7-4083-9b49-1aace96aa10c,e364bbb6-4cbb-4973-a0e9-ca180dc93386,6,10,103,-253.99774169921875,I_M,I_M_fixed_tau,"Single M-type K+ gate p with Boltzmann p_inf. Time constant is param_j = params[:,9], a learned scalar parameter drawn directly from params (fixed scalar per batch element, not a voltage-dependent bell-shaped function). This is tau_type=fixed_scalar -> I_M_fixed_tau."
e71f68c8-3fc2-4209-80f1-1b6639314db6,e364bbb6-4cbb-4973-a0e9-ca180dc93386,6,10,104,-258.9464416503906,I_M,I_M_fixed_tau,"Single M-type K+ gate p with Boltzmann p_inf. Time constant tau_p_fixed = 150.0 ms is a fixed scalar constant, voltage-independent. Matches tau_type=fixed_scalar -> I_M_fixed_tau."
76ef6d55-5ff7-494b-b323-412c3f97ddac,e364bbb6-4cbb-4973-a0e9-ca180dc93386,6,10,106,-252.7098388671875,I_M,I_M_fixed_tau,"Single M-type K+ gate p with Boltzmann p_inf. Time constant tau_M_fixed = 150.0 ms is a fixed scalar constant, not voltage-dependent. Matches tau_type=fixed_scalar -> I_M_fixed_tau."
78f71fd5-f471-43d2-8db5-24469d4d7924,e364bbb6-4cbb-4973-a0e9-ca180dc93386,6,10,107,-261.5760192871094,I_M,I_M_fixed_tau,"Single M-current channel only (X2 slot unused). M-gate p has Boltzmann steady-state p_inf and a FIXED time constant tau_M = 150.0 ms (hardcoded scalar, precomputed decay factor exp(-dt/tau_M) before the loop). No second additional channel present. This matches I_M with fixed scalar tau."
065f59e9-38b7-4ffe-8720-f7d051a9b77c,8676b219-4d75-42a8-9949-196395b35f82,3,14,118,-374.5765686035156,I_M_plus_I_NaP,I_M_plus_I_NaP_fixed_tau,"Two additional channels: X1 = M-current (gate p, Boltzmann p_inf, fixed tau_M_fixed = 75.0 ms precomputed as scalar exp_decay_p) and X2 = Persistent Na+ (I_NaP, instantaneous activation q = q_inf(V), no state variable ODE). M-current tau is a fixed scalar, not voltage-dependent. Matches I_M_plus_I_NaP_fixed_tau."
c58e0566-0119-4fa8-88c5-b9630c65e15c,8676b219-4d75-42a8-9949-196395b35f82,3,14,119,-359.0150146484375,I_M_plus_I_NaP,I_M_plus_I_NaP_fixed_tau,"Two additional channels: X1 = M-current (gate p, Boltzmann p_inf, fixed tau_M_fixed = 75.0 ms, precomputed scalar exp_decay_p) and X2 = I_NaP (instantaneous q = q_inf(V), no ODE state variable). Fixed scalar tau for M-current. Matches I_M_plus_I_NaP_fixed_tau."
2f59687b-8a15-4674-b503-2ccb9358ace5,8676b219-4d75-42a8-9949-196395b35f82,3,14,120,-405.3287353515625,I_M_plus_I_NaP,I_M_plus_I_NaP_fixed_tau,"Two additional channels: X1 = M-current (gate p, Boltzmann p_inf, fixed tau_M = 75.0 ms, precomputed scalar exp_decay_M) and X2 = I_NaP (instantaneous q = q_inf(V), no state variable). Fixed scalar tau for M-current. Matches I_M_plus_I_NaP_fixed_tau."
bc0f5f53-9a82-4b07-82f6-5c74db92962e,8676b219-4d75-42a8-9949-196395b35f82,3,14,121,-389.1961364746094,I_M_plus_I_NaP,I_M_plus_I_NaP_fixed_tau,"Two additional channels: X1 = M-current (gate p, Boltzmann p_inf, fixed tau_M_fixed = 75.0 ms, precomputed scalar exp_decay_p) and X2 = I_NaP (instantaneous q = q_inf(V), no ODE state variable). Fixed scalar tau for M-current. Matches I_M_plus_I_NaP_fixed_tau."
0ddf43e8-8dad-4b23-9439-53a7f02f2f2e,8676b219-4d75-42a8-9949-196395b35f82,3,14,122,-417.0628356933594,I_M_plus_I_NaP,I_M_plus_I_NaP_fixed_tau,"Two additional channels: X1 is M-current (Kv7/KCNQ) with single gate p, Boltzmann p_inf, and fixed scalar tau_M = 75 ms (precomputed exp_decay_p constant, voltage-independent). X2 is persistent Na+ current (I_NaP) with instantaneous Boltzmann activation q_inf (no ODE state variable). This matches the I_M_plus_I_NaP_fixed_tau subtype: fixed scalar tau for I_M paired with instantaneous I_NaP."
61a247b0-0ef1-4085-b99e-d549252f9972,8676b219-4d75-42a8-9949-196395b35f82,3,14,123,-434.9709167480469,I_M_plus_I_NaP,I_M_plus_I_NaP_fixed_tau,"Two additional channels: X1 is M-current with single gate p, Boltzmann p_inf, and fixed scalar tau_M = 75 ms (precomputed exp_decay_p, constant across all steps). X2 is I_NaP with instantaneous Boltzmann activation q_inf (no ODE). tau_type=fixed_scalar AND secondary=I_NaP -> I_M_plus_I_NaP_fixed_tau."
50199c2a-e442-4e30-a409-07138c614300,8676b219-4d75-42a8-9949-196395b35f82,3,14,124,-344.5233764648437,I_M_plus_I_NaP,I_M_plus_I_NaP_fixed_tau,"Two additional channels: X1 is M-current with single gate p, Boltzmann p_inf, and fixed scalar tau_M = 75 ms (precomputed exp_decay_p constant). X2 is I_NaP with instantaneous Boltzmann activation q_NaP_inf (no ODE state variable). tau_type=fixed_scalar AND secondary=I_NaP -> I_M_plus_I_NaP_fixed_tau."
678674ba-edbc-42e9-a951-87054ca0865d,8676b219-4d75-42a8-9949-196395b35f82,3,14,125,-372.3154602050781,I_M_plus_I_NaP,I_M_plus_I_NaP_fixed_tau,"Two additional channels: X1 is M-current with single gate p, Boltzmann p_inf, and fixed scalar tau_M = 75 ms (precomputed exp_decay_p constant, voltage-independent). X2 is I_NaP with instantaneous Boltzmann activation q_NaP (no ODE). tau_type=fixed_scalar AND secondary=I_NaP -> I_M_plus_I_NaP_fixed_tau."
adb1ff52-0ee4-4f0d-a998-65c165d284eb,8676b219-4d75-42a8-9949-196395b35f82,3,14,126,-380.4633483886719,I_M_plus_I_NaP,I_M_plus_I_NaP_fixed_tau,"Two additional channels: X1 is M-current with single gate p, Boltzmann p_inf, and fixed scalar tau_M = 75 ms (precomputed exp_decay_p constant). X2 is I_NaP with instantaneous Boltzmann activation q_inf (no ODE state variable). tau_type=fixed_scalar AND secondary=I_NaP -> I_M_plus_I_NaP_fixed_tau."
b0f825c2-a1ad-4807-b00a-0ffcae32843b,8676b219-4d75-42a8-9949-196395b35f82,3,14,127,-382.0569458007813,I_M_plus_I_NaP,I_M_plus_I_NaP_fixed_tau,"Snippet 1 has two additional channels: (X1) M-current with a single activation gate p, Boltzmann p_inf, and a FIXED scalar tau (tau_M_fixed = 75.0 ms, precomputed as exp_decay_p before the loop); (X2) Persistent Na+ current (I_NaP) with instantaneous Boltzmann activation q_inf and no state variable ODE. This matches I_M_plus_I_NaP_fixed_tau: fixed scalar tau for I_M paired with instantaneous I_NaP."
88fce060-efcc-4a0d-9c5b-0e6900dfa561,8676b219-4d75-42a8-9949-196395b35f82,3,14,128,-357.5589599609375,I_M_plus_I_NaP,I_M_plus_I_NaP_fixed_tau,"Snippet 2 has two additional channels: (X1) M-current with single gate p, Boltzmann p_inf, and FIXED scalar tau (tau_M_fixed = 75.0 ms, precomputed exp_decay_p); (X2) Persistent Na+ current (I_NaP) with instantaneous Boltzmann activation q_inf (V_half_NaP fixed at -55 mV) and no ODE state variable. This matches I_M_plus_I_NaP_fixed_tau."
32abe0af-6c4f-414b-a280-d5a3db57c214,8676b219-4d75-42a8-9949-196395b35f82,3,14,129,-403.6755981445313,I_M_plus_I_NaP,I_M_plus_I_NaP_fixed_tau,"Snippet 3 has two additional channels: (X1) M-current with single gate p, Boltzmann p_inf, and FIXED scalar tau (tau_M_fixed = 75.0 ms, precomputed exp_decay_p); (X2) Persistent Na+ current (I_NaP) with instantaneous Boltzmann activation q_inf (V_half_NaP from params[9]) and no ODE state variable. This matches I_M_plus_I_NaP_fixed_tau."
17a6bc14-d731-4088-833c-fa8639760034,8676b219-4d75-42a8-9949-196395b35f82,3,14,130,-337.1495666503906,I_M_plus_I_h,I_M_plus_I_h_fixed_tau,"Snippet 4 has two additional channels: (X1) M-current with single gate p, Boltzmann p_inf, and FIXED scalar tau (tau_M_fixed = 75.0 ms, precomputed exp_decay_p); (X2) Ih/HCN hyperpolarization-activated cation current with inverted Boltzmann r_inf (activates at hyperpolarized V), FIXED scalar tau (tau_Ih_fixed = 80.0 ms, precomputed exp_decay_r), and fixed E_Ih = -30 mV. Both taus are fixed scalars. This matches I_M_plus_I_h_fixed_tau."
69362261-adbb-4619-84db-e01ef8586d1e,a70abf70-001b-4b4f-9c79-56789d37f2a7,5,10,117,-272.4510803222656,I_M,I_M_fixed_tau,"Snippet 5 has only one additional channel: M-current with single gate p, Boltzmann p_inf, and tau_M drawn directly from params[:, 9] (a learned parameter scalar, not voltage-dependent). The tau is a fixed scalar from a parameter (not a bell-shaped voltage-dependent function). No second channel is present. This matches I_M_fixed_tau."
c410c832-4843-4aaa-98da-2fdfb07bd793,a70abf70-001b-4b4f-9c79-56789d37f2a7,5,10,118,-276.4891357421875,I_M,I_M_fixed_tau,"Single M-current activation gate p with Boltzmann p_inf. The time constant tau_p_M is taken directly from params[:,9] (no voltage dependence), clamped to min=1e-3. This is a fixed scalar tau, not voltage-dependent. -> I_M_fixed_tau."
5e252a3b-2fc0-4e03-84ff-99a39e2fa700,a70abf70-001b-4b4f-9c79-56789d37f2a7,5,10,119,-278.5870361328125,I_M,I_M_fixed_tau,"Single M-current activation gate p with Boltzmann p_inf_M. The time constant tau_M is taken directly from params[:,9], clamped to min=0.5 ms, and used as a constant scalar in the exponential Euler update. No voltage dependence in tau. -> I_M_fixed_tau."
6415be44-3351-4c5b-bc03-76dd32d4d4a9,a70abf70-001b-4b4f-9c79-56789d37f2a7,5,10,120,-283.9436340332031,I_M,I_M_voltage_dep_tau,"Single M-current activation gate p with Boltzmann p_inf_M. The time constant tau_p_M(x) is computed as tau_max_M / (cosh((x - V_half_M)/20) + 1e-7), which is a bell-shaped voltage-dependent function (cosh form). -> I_M_voltage_dep_tau."
84e22674-83b2-468d-91f5-a3cf2e8918a6,a70abf70-001b-4b4f-9c79-56789d37f2a7,5,10,121,-266.4423828125,I_M,I_M_fixed_tau,"Single M-current activation gate p with Boltzmann p_inf. The time constant tau_M is taken directly from params[:,9] with no voltage dependence — it is a fixed scalar per batch element used in the exponential Euler update. -> I_M_fixed_tau."
7646251b-fd03-4a1a-a58d-d71772ff0af8,a70abf70-001b-4b4f-9c79-56789d37f2a7,5,10,122,-282.54638671875,I_M,I_M_fixed_tau,"Single M-current activation gate p with Boltzmann p_inf. The time constant tau_p is taken directly from params[:,9] (voltage-independent fixed scalar), used as-is in the exponential Euler update for p. -> I_M_fixed_tau."
4ba8e2e8-b9aa-4407-9397-fc394f27ce38,a70abf70-001b-4b4f-9c79-56789d37f2a7,5,10,123,-279.6043701171875,I_M,I_M_fixed_tau,"Single M-current gate p with Boltzmann p_inf. The time constant tau_M is taken directly from params[:,9] (a fixed scalar per batch element, not voltage-dependent). No bell-shaped or cosh-based voltage-dependent tau computation. No second channel. -> I_M_fixed_tau."
7d8f7826-eb2b-46f7-9c1d-ddbda56188c6,a70abf70-001b-4b4f-9c79-56789d37f2a7,5,10,124,-277.4068298339844,I_M,I_M_fixed_tau,"Single M-current gate p with Boltzmann p_inf (slope 9 mV). tau_M is taken directly from params[:,9] as a fixed scalar (clamped to min=1e-3 for safety), with no voltage-dependent computation. No second channel. -> I_M_fixed_tau."
636cde13-9f0a-4400-a59e-aaa410e1739f,a70abf70-001b-4b4f-9c79-56789d37f2a7,5,10,125,-260.1434020996094,I_M,I_M_fixed_tau,"Single M-current gate p with Boltzmann p_inf_M (slope 10 mV). tau_p_M is taken directly from params[:,9] as a fixed positive scalar with no voltage dependence. No second channel. -> I_M_fixed_tau."
471b38a6-6cf9-4b00-a424-4f7c06ae1fd9,a70abf70-001b-4b4f-9c79-56789d37f2a7,5,10,126,-282.09283447265625,I_M,I_M_fixed_tau,"Single M-current gate p with Boltzmann p_inf (slope 10 mV). tau_M_scale is taken directly from params[:,9] as a fixed scalar time constant with no voltage-dependent computation. No second channel. -> I_M_fixed_tau."
e924b316-f01b-4786-92c8-17a47b57d65b,a70abf70-001b-4b4f-9c79-56789d37f2a7,5,10,127,-276.3490905761719,I_M,I_M_fixed_tau,"Single M-current gate p with Boltzmann p_inf (slope 10 mV). tau_p_M is taken directly from params[:,9] as a fixed positive scalar with no voltage-dependent computation. No second channel. -> I_M_fixed_tau."
fce2cc66-8ffb-49f2-8d1f-8eb060d2906a,a70abf70-001b-4b4f-9c79-56789d37f2a7,5,10,128,-272.3804931640625,I_M,I_M_fixed_tau,"Single M-current gate p with Boltzmann steady-state p_inf. The time constant tau_M is extracted directly from params[:,9] (a learned scalar parameter), clamped to min=0.1, and used as a voltage-independent constant in the exponential Euler update: p[:,i] = p_ss + (p[:,i-1] - p_ss) * Exp(-tstep / tau_M_safe). No voltage-dependent tau computation (no cosh, no alpha/beta for the M-gate). This is a fixed scalar tau -> I_M_fixed_tau."
33cd48bb-f865-44c7-9465-f0360563ceb4,a70abf70-001b-4b4f-9c79-56789d37f2a7,5,10,129,-272.0779724121094,I_M,I_M_fixed_tau,"Single M-current gate p with Boltzmann steady-state p_inf. The time constant tau_p_base is extracted directly from params[:,9] (a learned scalar), clamped to min=1.0, and used as a voltage-independent constant: p[:,i] = p_inf_prev + (p[:,i-1] - p_inf_prev) * Exp(-tstep / tau_p_safe). No bell-shaped or voltage-dependent tau. This is a fixed scalar tau -> I_M_fixed_tau."
250cede5-3f01-4c3b-82f9-605064973292,e364bbb6-4cbb-4973-a0e9-ca180dc93386,6,11,108,-248.1514434814453,I_M,I_M_fixed_tau,"Single M-current gate p with sigmoid steady-state p_inf centered at (Vt + param_i). The time constant is param_j extracted directly from params[:,9] with no negation, used as a voltage-independent constant in the update: p[:,i] = p_inf_now + (p_prev - p_inf_now) * Exp(-tstep / param_j). No voltage-dependent tau computation. This is a fixed scalar tau -> I_M_fixed_tau."
9821ebb4-6c22-4df3-9409-2836273cec80,e364bbb6-4cbb-4973-a0e9-ca180dc93386,6,11,110,-249.91842651367188,I_M,I_M_fixed_tau,"Single M-current gate p with sigmoid steady-state p_inf centered at (Vt + param_i). The time constant is param_j extracted directly from params[:,9] (positive, no negation), used as a voltage-independent constant: p[:,i] = p_inf_now + (p_prev - p_inf_now) * Exp(-tstep / param_j). No bell-shaped or voltage-dependent tau. This is a fixed scalar tau -> I_M_fixed_tau."
1303bf75-901f-4e3b-95b0-70dc8be54275,e364bbb6-4cbb-4973-a0e9-ca180dc93386,6,11,111,-249.416244506836,I_M,I_M_fixed_tau,"Single M-current gate p with sigmoid steady-state p_inf centered at (Vt + param_i). The time constant is param_j extracted directly from params[:,9] (positive, no negation), used as a voltage-independent constant: p[:,i] = p_inf_now + (p_prev - p_inf_now) * Exp(-tstep / param_j). No voltage-dependent tau computation. This is a fixed scalar tau -> I_M_fixed_tau."
8cfbf836-1dde-4c15-9be2-543c8b8fc833,e364bbb6-4cbb-4973-a0e9-ca180dc93386,6,11,112,-268.2041320800781,I_M_plus_I_A,I_M_plus_I_A,"Snippet 1 implements two additional channels: (X1) M-type K+ current with a single gate p, Boltzmann p_inf, and a fixed scalar tau (tau_M_fixed = 50.0 ms, precomputed as exp_tau_M outside the loop); and (X2) A-type transient K+ current with instantaneous activation a_inf (fixed tau_a = 1.0 ms, nearly instantaneous) and slow inactivation gate b (fixed tau_b = 20.0 ms). The A-type current uses a^4 * b gating. This matches I_M_plus_I_A: M-type K+ paired with A-type transient K+ with inactivation gate b."
50966a2f-44ea-44ae-8bc1-0511cf86788a,7e916310-bb41-4c31-9c69-b85f231b69be,4,14,126,-256.069091796875,I_M,I_M_voltage_dep_tau,"Snippet 2 implements a single additional channel: M-type K+ current (IKm) with a single activation gate p, Boltzmann p_inf, and a bell-shaped voltage-dependent time constant tau_p(V) = tau_max / (3.3*exp(dv/40) + exp(-dv/20)). This is the standard Wang 1998 / Mainen & Sejnowski formulation. No second channel is present. This matches I_M_voltage_dep_tau."
27493b11-ea91-48ab-9ab1-3a761f90b92e,7e916310-bb41-4c31-9c69-b85f231b69be,4,14,127,-259.5474853515625,I_M,I_M_voltage_dep_tau,"Snippet 3 implements a single additional channel: M-type K+ current (IKm) with a single activation gate p, Boltzmann p_inf, and a bell-shaped voltage-dependent time constant tau_p(V) = tau_max / (3.3*exp(dv/40) + exp(-dv/20)) (Yamada et al. formulation). No second channel is present. This matches I_M_voltage_dep_tau."
5859d9eb-c7d6-4b77-8743-49dde373060b,7e916310-bb41-4c31-9c69-b85f231b69be,4,14,129,-266.1037902832031,I_M,I_M_voltage_dep_tau,"Snippet 4 implements a single additional channel: M-type K+ current (IKm) with a single activation gate p, Boltzmann p_inf, and a bell-shaped voltage-dependent time constant tau_p(V) = tau_max / (3.3*exp(dv/40) + exp(-dv/20)) (Mainen & Sejnowski 1996 formulation). No second channel is present. This matches I_M_voltage_dep_tau."
dd1e42a5-1880-45c2-bc75-4328b86d4fba,7e916310-bb41-4c31-9c69-b85f231b69be,4,14,130,-257.00213623046875,I_M,I_M_voltage_dep_tau,"Snippet 5 implements a single additional channel: M-type K+ current (IKm) with a single activation gate p, Boltzmann p_inf, and a bell-shaped voltage-dependent time constant tau_p(V) = tau_max / (3.3*exp(dv/40) + exp(-dv/20)). No second channel is present. This matches I_M_voltage_dep_tau."
d949e6e6-1039-49cd-976f-afda93821c78,7e916310-bb41-4c31-9c69-b85f231b69be,4,14,131,-242.5459899902344,I_M,I_M_voltage_dep_tau,Single M-type K+ gate p with Boltzmann steady-state p_inf and bell-shaped voltage-dependent time constant tau_p(V) = tau_max / (3.3*exp(dv/40) + exp(-dv/20)). No second channel. tau varies with V -> I_M_voltage_dep_tau.
1582a383-2ad8-4306-b9e8-6c3adff31a18,7e916310-bb41-4c31-9c69-b85f231b69be,4,14,132,-263.7838439941406,I_M,I_M_voltage_dep_tau,Single M-type K+ gate p with Boltzmann steady-state and bell-shaped voltage-dependent tau_p_func(V) = tau_max / (3.3*exp(dv/40) + exp(-dv/20)). No second channel. tau is voltage-dependent -> I_M_voltage_dep_tau.
1384b560-74b5-4ee1-bf42-c369c1bf17df,7e916310-bb41-4c31-9c69-b85f231b69be,4,14,133,-263.6986694335937,I_M,I_M_voltage_dep_tau,Single M-type K+ gate p with Boltzmann steady-state and bell-shaped voltage-dependent tau_p(V) = tau_max / (3.3*exp(dv/40) + exp(-dv/20)). No second channel. tau varies with V -> I_M_voltage_dep_tau.
b601b114-ef8d-4784-9df3-83acee60d37c,7e916310-bb41-4c31-9c69-b85f231b69be,4,14,134,-253.4825439453125,I_M,I_M_voltage_dep_tau,Single M-type K+ gate p with Boltzmann steady-state and bell-shaped voltage-dependent tau_p_fn(V) = tau_max / (3.3*exp(dv/40) + exp(-dv/20)). No second channel. tau is voltage-dependent -> I_M_voltage_dep_tau.
55ab133e-8d81-4824-b6db-b44e6c7443ba,7e916310-bb41-4c31-9c69-b85f231b69be,4,14,135,-287.470947265625,I_M,I_M_voltage_dep_tau,Single M-type K+ gate p with Boltzmann steady-state and bell-shaped voltage-dependent tau_p_fn(V) = tau_max / (3.3*exp(dv/40) + exp(-dv/20)). Parameters are internally rescaled but the tau structure remains voltage-dependent. No second channel -> I_M_voltage_dep_tau.
216d4f03-acc7-4575-ac1d-8dccbc4dce27,7e916310-bb41-4c31-9c69-b85f231b69be,4,14,136,-276.7124328613281,I_M,I_M_voltage_dep_tau,"Single M-type K+ current (IKm) with gate p, Boltzmann steady-state p_inf, and a bell-shaped voltage-dependent tau_p = tau_max / (3.3*exp(dv/40) + exp(-dv/20)). This is the Wang 1998 / Gutfreund form with voltage-dependent tau. No second channel is present (params[:,7] is explicitly unused). -> I_M_voltage_dep_tau."
0e18eb64-1ced-42f3-8549-0d0093bc5f9a,7e916310-bb41-4c31-9c69-b85f231b69be,4,14,137,-315.5015563964844,I_M_plus_I_NaP,I_M_plus_I_NaP_voltage_dep_tau,"Two additional channels: (1) M-type K+ current with gate p, Boltzmann p_inf, and a symmetric cosh-based bell-shaped voltage-dependent tau_p = tau_max / cosh(dV/30) — voltage-dependent tau; (2) Persistent Na+ current (INaP) with instantaneous Boltzmann activation m_NaP_inf (no ODE state variable). This matches I_M_plus_I_NaP with voltage-dependent tau for I_M -> I_M_plus_I_NaP_voltage_dep_tau."
c1e62121-a37e-4535-9480-3a4dbb7ec04d,a24d9636-1628-4191-bd7b-1c0fda5ba198,7,13,98,-246.7940368652344,I_M,I_M_fixed_tau,"Single M-type K+ current with gate w, Boltzmann w_inf, and a fixed scalar time constant tau_w_M = clamp(params[:,7], min=10, max=120) — a constant per batch element, not voltage-dependent. No second channel. -> I_M_fixed_tau."
989c99f6-127c-4aed-999a-735e55f283fb,a24d9636-1628-4191-bd7b-1c0fda5ba198,7,13,99,-366.21435546875,I_M_plus_I_h,I_M_plus_I_h_fixed_tau,"Two additional channels: (1) M-type K+ current with gate w, Boltzmann w_inf, fixed scalar tau_w_M = clamp(params[:,8], min=5, max=120); (2) I_h (HCN) current with gate r, inverted Boltzmann r_inf (positive slope k_h activates on hyperpolarization), fixed scalar tau_r = 80.0 ms. Both taus are fixed scalars. E_K corrected to -77 mV. -> I_M_plus_I_h_fixed_tau."
bb84ae00-1712-4468-8ef6-6b4384bf87e0,a24d9636-1628-4191-bd7b-1c0fda5ba198,7,13,101,-352.25830078125,I_M_plus_I_h,I_M_plus_I_h_fixed_tau,"Two additional channels: (1) M-type K+ current with gate w, Boltzmann w_inf, fixed scalar tau_w_M = clamp(params[:,7], min=5, max=120); (2) I_h (HCN) current with gate r, inverted Boltzmann r_inf (positive slope k_h), fixed scalar tau_r = clamp(params[:,9], min=50, max=500). Both taus are fixed scalars (per-batch constants, not voltage-dependent functions). E_K corrected to -77 mV, E_h = -25 mV. -> I_M_plus_I_h_fixed_tau."
82b8d56c-971c-433a-8ddd-71921ff297ea,a24d9636-1628-4191-bd7b-1c0fda5ba198,7,13,102,-351.2646179199219,I_M_plus_I_h,I_M_plus_I_h_fixed_tau,"Snippet 1 has two additional channels: (1) M-type K+ current with single gate w, Boltzmann w_inf, and fixed scalar tau_w_M = clamp(params[:,7], 5, 120) ms — a fixed scalar tau drawn directly from a parameter; (2) I_h / HCN current with single gate r, inverted Boltzmann r_inf, and fixed tau of 80 ms pre-computed as a device tensor (r_decay). Both taus are fixed scalars (not voltage-dependent bell-shaped functions). E_K corrected to -77 mV. This matches I_M_plus_I_h_fixed_tau: fixed scalar tau for I_M, paired with I_h using fixed tau."
c6cf9895-27ac-4758-82b8-49a4043ec2b6,a24d9636-1628-4191-bd7b-1c0fda5ba198,7,13,103,-323.32525634765625,I_M_plus_I_h,I_M_plus_I_h_fixed_tau,"Snippet 2 has two additional channels: (1) M-type K+ current with single gate w, Boltzmann w_inf, and fixed scalar tau_w_M = clamp(params[:,7], 5, 120) ms drawn directly from a parameter; (2) I_h / HCN current with single gate r, inverted Boltzmann r_inf, and fixed scalar tau_r_h = clamp(params[:,9], 50, 500) ms drawn directly from a parameter. Neither tau uses a voltage-dependent (bell-shaped/cosh) formula. E_K corrected to -77 mV. This matches I_M_plus_I_h_fixed_tau."
e9978c75-7e18-4ce1-a76b-bb3fc0fec1ec,a24d9636-1628-4191-bd7b-1c0fda5ba198,7,13,104,-353.422607421875,I_M_plus_I_h,I_M_plus_I_h_fixed_tau,"Snippet 3 has two additional channels: (1) M-type K+ current with single gate w, Boltzmann w_inf, and fixed scalar tau_w_M = clamp(params[:,7], 5, 120) ms from a parameter; (2) I_h / HCN current with single gate r, inverted Boltzmann r_inf, and fixed tau_r = 80.0 ms (a fixed constant, precomputed as exp_r_decay scalar). Both taus are fixed scalars, not voltage-dependent. E_K corrected to -77 mV. This matches I_M_plus_I_h_fixed_tau."
dcadba40-9c27-48e6-a8ba-5765c7a9a8bb,a24d9636-1628-4191-bd7b-1c0fda5ba198,7,13,105,-320.34600830078125,I_M_plus_I_h,I_M_plus_I_h_fixed_tau,"Snippet 4 has two additional channels: (1) M-type K+ current with single gate w, Boltzmann w_inf, and fixed scalar tau_w_M = clamp(params[:,7], 50, 120) ms drawn directly from a parameter; (2) I_h / HCN current with single gate r, inverted Boltzmann r_inf, and fixed scalar tau_r = clamp(params[:,9], 50, 500) ms drawn directly from a parameter. Neither tau uses a voltage-dependent formula. E_K corrected to -77 mV. This matches I_M_plus_I_h_fixed_tau."
a3b0e1fb-e265-4a96-a732-4df3de905438,a24d9636-1628-4191-bd7b-1c0fda5ba198,7,13,106,-349.7563781738281,I_M_plus_I_h,I_M_plus_I_h_fixed_tau,"Snippet 5 has two additional channels: (1) M-type K+ current with single gate w, Boltzmann w_inf, and fixed scalar tau_w_M = clamp(params[:,7], 5, 120) ms drawn directly from a parameter; (2) I_h / HCN current with single gate r, inverted Boltzmann r_inf, and fixed scalar tau_r_h = clamp(params[:,9], 50, 500) ms drawn directly from a parameter. Neither tau uses a voltage-dependent (bell-shaped/cosh) formula. E_K corrected to -77 mV. This matches I_M_plus_I_h_fixed_tau."
2d70f303-9439-4a8f-983f-4a5d87940712,b8102286-d8c7-43d5-93eb-b576b2869877,8,10,89,-294.0856628417969,I_M,I_M_voltage_dep_tau,"Single M-current gate p with Boltzmann p_inf and bell-shaped voltage-dependent tau: tau_p = tau_max / (exp(dv/20) + exp(-dv/20)), i.e., cosh-based denominator. tau_max is a learned parameter but the time constant itself varies with V. No second channel present. -> I_M_voltage_dep_tau."
f138fd4b-a4e5-42ea-8df1-96b3d1468622,b8102286-d8c7-43d5-93eb-b576b2869877,8,10,90,-338.0721740722656,I_M_plus_I_NaP,I_M_plus_I_NaP_voltage_dep_tau,"Two additional channels: (1) M-type K+ current with single gate p, bell-shaped voltage-dependent tau (tau_max_M / (exp(dv/20)+exp(-dv/20))), and (2) Persistent Na+ current (I_NaP) with instantaneous Boltzmann activation m_inf_NaP (no ODE state variable). This matches the I_M_plus_I_NaP family with voltage-dependent tau for I_M -> I_M_plus_I_NaP_voltage_dep_tau."
2cdded1c-009c-43b7-bc5c-59dd7775b784,b8102286-d8c7-43d5-93eb-b576b2869877,8,10,91,-296.7935791015625,I_M,I_M_voltage_dep_tau,"Single M-current gate p with Boltzmann p_inf and bell-shaped voltage-dependent tau: tau_p = tau_max_M / (exp(dv/20) + exp(-dv/20)), cosh-like denominator. tau_max_M is a learned parameter but tau varies with V. No second channel. -> I_M_voltage_dep_tau."
a6465139-e57b-41f1-b3cd-1522f1c3b767,b8102286-d8c7-43d5-93eb-b576b2869877,8,10,92,-280.3417053222656,I_M,I_M_voltage_dep_tau,"Single M-current gate p with Boltzmann p_inf and bell-shaped voltage-dependent tau: tau_p = tau_max_M / (exp(dv/20) + exp(-dv/20)). V_half_M is inferred from params[:,8] but tau is still voltage-dependent (bell-shaped). No second channel. -> I_M_voltage_dep_tau."
e358ee1c-c83b-4049-b937-5044f46b85e7,b8102286-d8c7-43d5-93eb-b576b2869877,8,10,93,-289.22674560546875,I_M,I_M_voltage_dep_tau,"Single M-current gate p with Boltzmann p_inf and bell-shaped voltage-dependent tau: tau_p = tau_max / (exp(dv) + exp(-dv)) where dv = (V - V_half_M)/(2*slope_M). tau_max is scaled from params[:,7] but the time constant varies with V. No second channel. -> I_M_voltage_dep_tau."
ce64bde3-7f9e-4108-a4e1-e5e4bd72023d,b8102286-d8c7-43d5-93eb-b576b2869877,8,10,94,-322.1878356933594,I_M,I_M_voltage_dep_tau,"Single M-current activation gate p with Boltzmann p_inf and a bell-shaped voltage-dependent tau_p using cosh formulation: tau_max_M / (exp(dv) + exp(-dv)). tau_max_M comes from params[:,7] but the time constant itself varies with V. No second channel present. -> I_M_voltage_dep_tau."
0010301c-f6e4-40e6-b404-3ed9a29cfc16,b8102286-d8c7-43d5-93eb-b576b2869877,8,10,95,-282.937255859375,I_M,I_M_voltage_dep_tau,"Single M-current gate p with Boltzmann steady-state and bell-shaped voltage-dependent tau via cosh: tau_max / (exp(dv) + exp(-dv)), where tau_max = params[:,9] and V_half = -params[:,8]. The time constant varies with V (voltage_dependent tau). No second channel. -> I_M_voltage_dep_tau."
912654d5-c07a-4dd8-a1cc-2efe6c0cdc87,b8102286-d8c7-43d5-93eb-b576b2869877,8,10,96,-271.52294921875,I_M,I_M_voltage_dep_tau,"Single M-current gate p with Boltzmann p_inf and bell-shaped tau_p = tau_max / (2*cosh((V-V_half)/20)), which is voltage-dependent. tau_max from params[:,9], V_half from -params[:,8]. No second channel. -> I_M_voltage_dep_tau."
52cf1c73-28ce-41d8-bba7-ad2dfd43eee1,b8102286-d8c7-43d5-93eb-b576b2869877,8,10,97,-295.3224182128906,I_M,I_M_voltage_dep_tau,"Single M-current gate p with Boltzmann steady-state (fixed V_half=-35 mV) and bell-shaped voltage-dependent tau: tau_max_M / (exp(dv)+exp(-dv)), where tau_max_M = params[:,7]. The time constant varies with V. No second channel. -> I_M_voltage_dep_tau."
709af7d8-fa62-4016-949f-76b480753741,b8102286-d8c7-43d5-93eb-b576b2869877,8,10,98,-282.751220703125,I_M,I_M_voltage_dep_tau,"Single M-current gate p with Boltzmann p_inf (slope 9 mV, V_half from -params[:,8]) and bell-shaped voltage-dependent tau: tau_max / cosh((V-V_half)/18), where tau_max = params[:,9]. The time constant varies with V. No second channel. -> I_M_voltage_dep_tau."
e59fdd97-0ab0-4514-bbbe-d4f293a613f6,2faf0d72-ccdf-41c7-8435-937ca82436c7,9,6,42,-291.5775756835937,I_M,I_M_voltage_dep_tau,Single M-current gate p with Boltzmann p_inf and bell-shaped tau_p computed as tau_M_scale / (3.3 * Exp(dv/20) + Exp(-dv/20)) — a classic Wang 1998 cosh-like voltage-dependent time constant. No second channel. -> I_M_voltage_dep_tau.
24cf7804-0d57-4279-b3ff-22d12d7bad51,2faf0d72-ccdf-41c7-8435-937ca82436c7,9,6,43,-269.20684814453125,I_M,I_M_fixed_tau,"Single M-current gate p with Boltzmann p_inf and a fixed scalar time constant tau_M = clamp(params[:,9], min=1.0), which is voltage-independent. The gate update uses Exp(-tstep / tau_M) with no voltage dependence in tau. No second channel. -> I_M_fixed_tau."
2efb4a20-0df1-41bb-85fe-4cf92a47dd68,2faf0d72-ccdf-41c7-8435-937ca82436c7,9,6,44,-282.6415100097656,I_M,I_M_voltage_dep_tau,"Single M-current gate p with Boltzmann p_inf and bell-shaped tau_p = clamp(tau_max / (Exp(dv) + Exp(-dv)), min=0.5) — voltage-dependent cosh-like denominator. No second channel. -> I_M_voltage_dep_tau."
c476d5b2-d45a-49aa-9bcc-44e5dbf57038,2faf0d72-ccdf-41c7-8435-937ca82436c7,9,6,45,-287.1369323730469,I_M,I_M_voltage_dep_tau,"Single M-current gate p with Boltzmann p_inf and bell-shaped tau_p = clamp(tau_max_M / (3.3*Exp(dv/20) + Exp(-dv/20)), min=0.5) — Wang 1998 style voltage-dependent time constant. No second channel. -> I_M_voltage_dep_tau."
3cfdeeda-f444-4f15-88d8-961016fc2345,2faf0d72-ccdf-41c7-8435-937ca82436c7,9,6,46,-287.6145324707031,I_M,I_M_voltage_dep_tau,"Single M-current gate p with Boltzmann p_inf and bell-shaped tau_p = clamp(tau_max_M / (3.3*Exp(dv) + Exp(-dv)), min=0.5) — voltage-dependent bell-shaped time constant. No second channel. -> I_M_voltage_dep_tau."
e8ba459a-f040-4994-bd9b-f18bef424331,2faf0d72-ccdf-41c7-8435-937ca82436c7,9,6,47,-280.5765991210937,I_M,I_M_voltage_dep_tau,"Single M-gate p with Boltzmann p_inf and a bell-shaped tau_p computed as tau_M_s / (3.3 * (exp(dv) + exp(-dv))), i.e. a cosh-denominator form that varies with voltage. This is the voltage-dependent tau pattern. No second channel present."
43b88aee-96c5-49ec-89a3-92809f514d06,2faf0d72-ccdf-41c7-8435-937ca82436c7,9,6,48,-291.2179870605469,I_M,I_M_voltage_dep_tau,"Single M-gate p with Boltzmann p_inf and tau_p = tau_max / (exp(dv/20) + exp(-dv/20)), a bell-shaped cosh-denominator voltage-dependent time constant. No second channel present."
3fc9b35b-d097-40c9-ac88-cd352a896afd,2faf0d72-ccdf-41c7-8435-937ca82436c7,9,6,49,-314.5821533203125,I_M,I_M_voltage_dep_tau,"Single M-gate p with Boltzmann p_inf (fixed V_half=-35 mV) and tau_p = tau_scale / (3.3*exp(dv/20) + exp(-dv/20)), a bell-shaped voltage-dependent time constant (Gutfreund/Wang form). No second channel present."
c50a2e25-8bcc-4551-8e4a-b5ab63c31720,2faf0d72-ccdf-41c7-8435-937ca82436c7,9,6,50,-257.322021484375,I_M,I_M_voltage_dep_tau,"Single M-gate p with Boltzmann p_inf and tau_p = tau_max_M / (3.3*exp((V-V_half)/20) + exp(-(V-V_half)/20)), a bell-shaped voltage-dependent time constant. No second channel present."
e0a8f0f5-a226-4bda-a925-5ee5279edc20,2faf0d72-ccdf-41c7-8435-937ca82436c7,9,6,51,-291.5761413574219,I_M,I_M_voltage_dep_tau,"Single M-gate p with Boltzmann p_inf and tau_p = tau_M_max / (1 + exp((V-V_half)/10)), a monotonically decreasing voltage-dependent time constant. Although not a symmetric bell shape, it is still voltage-dependent (not a fixed scalar). No second channel present."
8dedc710-d78b-4465-b718-631260e652f2,2faf0d72-ccdf-41c7-8435-937ca82436c7,9,6,52,-271.4836120605469,I_M,I_M_fixed_tau,"Single additional channel: M-type K+ current with a single activation gate p. The time constant tau_M is computed as torch.clamp(params[:,9].float(), min=50.0) — a fixed scalar drawn directly from a parameter with a minimum floor, explicitly voltage-independent. The docstring states 'Using a CONSTANT (voltage-independent) time constant' and 'tau_M is constant (batch_size,) — no voltage dependence'. No second additional channel present. This matches I_M_fixed_tau (tau_type=fixed_scalar)."
55750480-5ce8-4e6b-8665-563a89a75dde,8676b219-4d75-42a8-9949-196395b35f82,3,15,131,-374.7369384765625,I_M_plus_I_NaP,I_M_plus_I_NaP_fixed_tau,"Two additional channels: (1) M-type K+ current with single gate p and fixed scalar tau_M = 75.0 ms (precomputed as exp_decay_p = torch.exp(torch.tensor(-tstep / tau_M_fixed, device=device)), voltage-independent); (2) Persistent Na+ current (I_NaP) with instantaneous Boltzmann activation q_inf(V), no state variable ODE. This matches I_M_plus_I_NaP_fixed_tau (tau_type=fixed_scalar AND secondary=I_NaP)."
2fa1b2db-71d9-4db1-8c22-1bb6a53c1e01,8676b219-4d75-42a8-9949-196395b35f82,3,15,132,-376.4409484863281,I_M_plus_I_NaP,I_M_plus_I_NaP_fixed_tau,"Two additional channels: (1) M-type K+ current with single gate p and fixed scalar tau_M = 75.0 ms (precomputed exp_decay_p, voltage-independent constant); (2) Persistent Na+ current (I_NaP) with instantaneous Boltzmann activation q_inf(V) using fixed V_half_NaP = -57.0 mV, no state variable ODE. This matches I_M_plus_I_NaP_fixed_tau (tau_type=fixed_scalar AND secondary=I_NaP)."
32661889-4328-4a52-abe4-db7e81524b81,8676b219-4d75-42a8-9949-196395b35f82,3,15,133,-375.315673828125,I_M_plus_I_NaP,I_M_plus_I_NaP_fixed_tau,"Two additional channels: (1) M-type K+ current with single gate p and fixed scalar tau_M = 75.0 ms (precomputed exp_decay_p = torch.exp(torch.tensor(-tstep / tau_M_fixed, device=device)), voltage-independent); (2) Persistent Na+ current (I_NaP) with instantaneous Boltzmann activation q_inf(V), no state variable ODE. This matches I_M_plus_I_NaP_fixed_tau (tau_type=fixed_scalar AND secondary=I_NaP)."
56ff0121-e899-4961-a473-c9d1f1ccb8fb,8676b219-4d75-42a8-9949-196395b35f82,3,15,134,-405.4219970703125,I_M_plus_I_NaP,I_M_plus_I_NaP_fixed_tau,"Two additional channels: (1) M-type K+ current with single gate p and fixed scalar tau_M = 75.0 ms (precomputed exp_decay_M = torch.exp(torch.tensor(-tstep / tau_M_fixed, device=device)), voltage-independent constant); (2) Persistent Na+ current (I_NaP) with instantaneous Boltzmann activation q_inf(V) using slope k_NaP=5.0 mV, no state variable ODE. This matches I_M_plus_I_NaP_fixed_tau (tau_type=fixed_scalar AND secondary=I_NaP)."
b4486c72-2959-447e-bed8-3c285c7af645,8676b219-4d75-42a8-9949-196395b35f82,3,15,135,-423.8365173339844,I_M_plus_I_NaP,I_M_plus_I_NaP_fixed_tau,"Two additional channels: M-current (X1, single gate p, fixed tau_M=75ms precomputed as scalar exp_decay_p) and persistent Na+ I_NaP (X2, instantaneous activation q=q_inf(V), no state variable ODE). M-current tau is a fixed scalar constant (not voltage-dependent). This matches I_M_plus_I_NaP_fixed_tau: tau_type=fixed_scalar AND secondary=I_NaP."
bede7da6-2775-4161-98ed-3abb0df989df,8676b219-4d75-42a8-9949-196395b35f82,3,15,136,-381.319580078125,I_M_plus_I_NaP,I_M_plus_I_NaP_fixed_tau,"Two additional channels: M-current (X1, single gate p, fixed tau_M=75ms precomputed as scalar exp_decay_p) and persistent Na+ I_NaP (X2, instantaneous activation q=q_inf(V), no state variable ODE). M-current tau is a fixed scalar constant. Matches I_M_plus_I_NaP_fixed_tau: tau_type=fixed_scalar AND secondary=I_NaP."
0363df8b-db10-4d6b-9abd-76b4e69ebc76,8676b219-4d75-42a8-9949-196395b35f82,3,15,137,-373.9468078613281,I_M_plus_I_NaP,I_M_plus_I_NaP_fixed_tau,"Two additional channels: M-current (X1, single gate p, fixed tau_M=25ms precomputed as scalar exp_decay_p) and persistent Na+ I_NaP (X2, gate q with fixed tau_NaP=3ms precomputed as scalar exp_decay_q). Both time constants are fixed scalars, not voltage-dependent. The M-current uses fixed scalar tau. Matches I_M_plus_I_NaP_fixed_tau: tau_type=fixed_scalar AND secondary=I_NaP."
98fadc6f-7f02-4c46-a4f9-cde6c10459b0,8676b219-4d75-42a8-9949-196395b35f82,3,15,138,-354.627197265625,I_M_plus_I_NaP,I_M_plus_I_NaP_fixed_tau,"Two additional channels: M-current (X1, single gate p, fixed tau_M=75ms precomputed as scalar exp_decay_p) and persistent Na+ I_NaP (X2, instantaneous activation q=q_inf(V), no state variable ODE). M-current tau is a fixed scalar constant. Matches I_M_plus_I_NaP_fixed_tau: tau_type=fixed_scalar AND secondary=I_NaP."
eed2bff4-de76-4995-b51b-d2a13d1d3ca4,8676b219-4d75-42a8-9949-196395b35f82,3,15,139,-376.12396240234375,I_M_plus_I_NaP,I_M_plus_I_NaP_fixed_tau,"Two additional channels: M-current (X1, single gate p, fixed tau_M=75ms precomputed as scalar exp_decay_M) and persistent Na+ I_NaP (X2, instantaneous activation q=q_inf(V), no state variable ODE). M-current tau is a fixed scalar constant. Matches I_M_plus_I_NaP_fixed_tau: tau_type=fixed_scalar AND secondary=I_NaP."
f3fd4e38-ad27-48be-b36f-b100de619ff4,a70abf70-001b-4b4f-9c79-56789d37f2a7,5,11,130,-280.9974365234375,I_M,I_M_fixed_tau,"Single M-current activation gate p with Boltzmann steady-state p_inf. The time constant tau_p_M is taken directly from params[:,9] (positive scalar, not negated), with no voltage dependence — it is a fixed scalar parameter. This matches tau_type=fixed_scalar -> I_M_fixed_tau."
3160c915-9ae4-4d19-966d-d0ed6bca7748,a70abf70-001b-4b4f-9c79-56789d37f2a7,5,11,131,-273.9295959472656,I_M,I_M_fixed_tau,"Single M-current activation gate p with Boltzmann steady-state p_inf. The time constant tau_M is taken directly from params[:,9] (positive, not negated), with no voltage dependence — it is a fixed scalar parameter. This matches tau_type=fixed_scalar -> I_M_fixed_tau."
b84d495e-996a-4217-88e2-626ecafcd32f,a70abf70-001b-4b4f-9c79-56789d37f2a7,5,11,132,-275.85211181640625,I_M,I_M_fixed_tau,"Single M-current activation gate p with Boltzmann steady-state p_inf (slope k=10 mV). The time constant tau_M is taken directly from params[:,9] (positive, not negated), with no voltage dependence — it is a fixed scalar parameter. This matches tau_type=fixed_scalar -> I_M_fixed_tau."
cbb410a2-1263-4538-a38c-efe6acb3069d,a70abf70-001b-4b4f-9c79-56789d37f2a7,5,11,133,-262.4206237792969,I_M,I_M_fixed_tau,"Single M-current activation gate p with Boltzmann steady-state p_inf (slope 10 mV). The time constant tau_M is taken directly from params[:,9] (positive, not negated), with no voltage dependence — it is a fixed scalar parameter. This matches tau_type=fixed_scalar -> I_M_fixed_tau."
5d754e6b-4e4c-4a88-a191-91041c764d74,a70abf70-001b-4b4f-9c79-56789d37f2a7,5,11,134,-277.80712890625,I_M,I_M_fixed_tau,"Single M-current activation gate p with Boltzmann steady-state p_inf (slope 10 mV). The time constant tau_M is taken directly from params[:,9] (positive, not negated), with no voltage dependence — it is a fixed scalar parameter. This matches tau_type=fixed_scalar -> I_M_fixed_tau."
ce88ed3d-ebaa-4b64-a2b6-f0341c6df2f6,a70abf70-001b-4b4f-9c79-56789d37f2a7,5,11,135,-287.05303955078125,I_M,I_M_fixed_tau,"Single M-type K+ current with one activation gate p. The time constant tau_p_M is taken directly from params[:,7] as a positive scalar (no voltage dependence). The update is: p[:,i] = p_ss + (p_prev - p_ss) * Exp(-tstep / tau_p_M), where tau_p_M is a fixed scalar parameter. This matches tau_type=fixed_scalar -> I_M_fixed_tau."
568cf16a-7434-49e1-affb-c9c01e956a53,a70abf70-001b-4b4f-9c79-56789d37f2a7,5,11,136,-335.285888671875,I_M_plus_I_NaP,I_M_plus_I_NaP_voltage_dep_tau,"Two additional channels: (1) M-type K+ current with gate p and a bell-shaped voltage-dependent tau_p_fn using cosh-like denominator (3.3*(exp(dV/20)+exp(-dV/20))), and (2) Persistent Na+ current (I_NaP) with instantaneous Boltzmann activation m_NaP_inf_fn (no state variable ODE). This matches tau_type=voltage_dependent AND secondary=I_NaP -> I_M_plus_I_NaP_voltage_dep_tau."
29911b61-9dac-4927-bf6d-d542d5d3faf2,a24d9636-1628-4191-bd7b-1c0fda5ba198,7,14,108,-353.8934020996094,I_M_plus_I_h,I_M_plus_I_h_fixed_tau,"Two additional channels: (1) M-type K+ current with gate w and fixed scalar tau_w_M = clamp(params[:,7], 5, 120) — a constant per batch element, not voltage-dependent; (2) HCN/I_h current with gate r and fixed scalar tau_r = clamp(params[:,9], 50, 300), inverted Boltzmann r_inf_fn activating on hyperpolarization, E_h=-25 mV. Both taus are fixed scalars. This matches tau_type=fixed_scalar AND secondary=I_h -> I_M_plus_I_h_fixed_tau."
3c5007ac-caf0-4298-a194-bb6c559616ca,a24d9636-1628-4191-bd7b-1c0fda5ba198,7,14,109,-354.4412841796875,I_M_plus_I_h,I_M_plus_I_h_fixed_tau,"Two additional channels: (1) M-type K+ current with gate w and fixed scalar tau_w_M = clamp(params[:,7], 5, 120) ms; (2) HCN/I_h current with gate r and fixed scalar tau_r = clamp(params[:,9], 20, 500) ms, inverted Boltzmann r_inf_fn, E_h=-20 mV. Both taus are fixed scalars (clamped parameters, not voltage-dependent). This matches tau_type=fixed_scalar AND secondary=I_h -> I_M_plus_I_h_fixed_tau."
b20fe0d8-5d1e-4f1a-932a-368da39c8188,a24d9636-1628-4191-bd7b-1c0fda5ba198,7,14,110,-352.4146423339844,I_M_plus_I_h,I_M_plus_I_h_fixed_tau,"Two additional channels: (1) M-type K+ current with gate w and fixed scalar tau_w_M = clamp(params[:,7], 5, 120) ms; (2) HCN/I_h current with gate r and fixed scalar tau_r = clamp(params[:,9], 30, 400) ms, inverted Boltzmann r_inf_fn activating on hyperpolarization, E_h=-30 mV. Both taus are fixed scalars. This matches tau_type=fixed_scalar AND secondary=I_h -> I_M_plus_I_h_fixed_tau."
1224cb09-fbb7-4573-bbf2-b721d0f5a8f8,a24d9636-1628-4191-bd7b-1c0fda5ba198,7,14,111,-349.6556396484375,I_M_plus_I_h,I_M_plus_I_h_fixed_tau,"Snippet 1 implements two additional channels: (1) M-type K+ current with single gate w, Boltzmann w_inf, and a fixed scalar tau_w_M = clamp(params[:,7], 5, 120) ms — voltage-independent, precomputed before the loop; (2) I_h (HCN) current with single gate r, inverted Boltzmann r_inf (activates on hyperpolarization), and fixed scalar tau_r = clamp(params[:,9], 50, 500) ms. Both time constants are fixed scalars (not voltage-dependent). E_K = -77 mV, E_h = -20 mV (mixed cation). This matches I_M_plus_I_h_fixed_tau: tau_type=fixed_scalar AND secondary=I_h."
8b04f5b0-ce39-48bc-8fda-8d2aa4d95510,a24d9636-1628-4191-bd7b-1c0fda5ba198,7,14,112,-337.5658569335937,I_M_plus_I_h,I_M_plus_I_h_fixed_tau,"Snippet 2 implements two additional channels: (1) M-type K+ current with single gate w, Boltzmann w_inf, and fixed scalar tau_w_M = clamp(params[:,8], 5, 120) ms; (2) I_h (HCN) current with single gate r, inverted Boltzmann r_inf, and fixed scalar tau_r = clamp(params[:,9], 20, 200) ms. Both time constants are constant scalars per batch element, not voltage-dependent. E_K = -77 mV, E_h = -25 mV. This matches I_M_plus_I_h_fixed_tau: tau_type=fixed_scalar AND secondary=I_h."
91895457-4d61-43c0-92cb-3b10de88c728,a24d9636-1628-4191-bd7b-1c0fda5ba198,7,14,113,-362.7388610839844,I_M_plus_I_h,I_M_plus_I_h_fixed_tau,"Snippet 3 implements two additional channels: (1) M-type K+ current with single gate w, Boltzmann w_inf, and fixed scalar tau_w_M = clamp(params[:,7], 5, 120) ms; (2) I_h (HCN) current with single gate r, inverted Boltzmann r_inf, and fixed scalar tau_r_h = clamp(params[:,9], 20, 200) ms. Both time constants are fixed scalars, not voltage-dependent. E_K = -77 mV, E_h = -25 mV. This matches I_M_plus_I_h_fixed_tau: tau_type=fixed_scalar AND secondary=I_h."
5b78657b-d878-4512-af27-eb0826af978e,a24d9636-1628-4191-bd7b-1c0fda5ba198,7,14,114,-347.8900146484375,I_M_plus_I_h,I_M_plus_I_h_fixed_tau,"Snippet 4 implements two additional channels: (1) M-type K+ current with single gate w, Boltzmann w_inf, and fixed scalar tau_w_M = clamp(params[:,8], 5, 120) ms; (2) I_h (HCN) current with single gate r, inverted Boltzmann r_inf, and fixed scalar tau_r_h = clamp(params[:,9], 20, 200) ms. Both time constants are fixed scalars per batch element. E_K = -77 mV, E_h = -30 mV. This matches I_M_plus_I_h_fixed_tau: tau_type=fixed_scalar AND secondary=I_h."
11bd1691-5775-457a-addc-267ef8c66932,a24d9636-1628-4191-bd7b-1c0fda5ba198,7,14,116,-362.6905822753906,I_M_plus_I_h,I_M_plus_I_h_fixed_tau,"Snippet 5 implements two additional channels: (1) M-type K+ current with single gate w, Boltzmann w_inf, and fixed scalar tau_w_M = clamp(params[:,7], 5, 120) ms; (2) I_h (HCN) current with single gate r, inverted Boltzmann r_inf, and fixed scalar tau_r_h = clamp(params[:,9], 20, 400) ms. Both time constants are fixed scalars, not voltage-dependent. E_K = -77 mV, E_h = -30 mV. This matches I_M_plus_I_h_fixed_tau: tau_type=fixed_scalar AND secondary=I_h."
e0b05ce2-7bd1-4883-b88e-2ae9bad3ecc6,e364bbb6-4cbb-4973-a0e9-ca180dc93386,6,12,113,-252.81106567382807,I_M,I_M_fixed_tau,"Single M-type K+ current with gate p. Steady-state p_inf is a Boltzmann sigmoid. Time constant is param_j = params[:,9], a scalar drawn directly from the parameter vector with no voltage dependence — it is used as a fixed constant in the update: Exp(-tstep / param_j). This matches tau_type=fixed_scalar. No second channel present."
23da469b-5392-4685-ad74-9a981bc55e75,e364bbb6-4cbb-4973-a0e9-ca180dc93386,6,12,114,-249.21885681152344,I_M,I_M_fixed_tau,"Single M-type K+ current with gate p. tau_M is hardcoded to 200.0 ms (a fixed scalar constant, not voltage-dependent). The decay factor exp_p_decay is precomputed before the loop as exp(-dt/200). This is the clearest example of tau_type=fixed_scalar. No second channel present."
6b8ffa1c-65c9-47f9-a2b5-a3b5f49e53bb,e364bbb6-4cbb-4973-a0e9-ca180dc93386,6,12,115,-251.90728759765625,I_M,I_M_fixed_tau,"Single M-type K+ current with gate p. Time constant is param_j = params[:,9], a positive scalar from the parameter vector, used directly as a constant in Exp(-tstep / param_j). No voltage dependence in tau. This is tau_type=fixed_scalar. No second channel present."
9485db9c-8abe-46c2-bc64-c025b2ca2631,e364bbb6-4cbb-4973-a0e9-ca180dc93386,6,12,116,-258.85174560546875,I_M,I_M_fixed_tau,"Single M-type K+ current with gate p. Time constant is param_j = params[:,9], extracted without negation and used as a constant scalar in Exp(-tstep / param_j). No bell-shaped or voltage-dependent tau computation. This is tau_type=fixed_scalar. No second channel present."
c6b01554-5bff-4cfd-ba0f-fe3dc0da2f6a,e364bbb6-4cbb-4973-a0e9-ca180dc93386,6,12,117,-253.6119079589844,I_M,I_M_fixed_tau,"Single M-type K+ current with gate p. Time constant is param_j = params[:,9], a positive scalar used directly in Exp(-tstep / param_j) with no voltage dependence. This is tau_type=fixed_scalar. No second channel present."
f826632f-b0dd-411e-a476-d3eb4b3b5843,e364bbb6-4cbb-4973-a0e9-ca180dc93386,6,12,118,-252.642333984375,I_M,I_M_fixed_tau,"Single M-current gate p with Boltzmann p_inf. Time constant is fixed at 150 ms (tau_M_fixed = 150.0, a scalar constant precomputed outside the loop as exp_decay_p). No voltage-dependent tau computation. This is a fixed scalar tau -> I_M_fixed_tau."
3712e8da-ef15-49fb-9422-60d69c09df6d,e364bbb6-4cbb-4973-a0e9-ca180dc93386,6,12,119,-240.2095489501953,I_M,I_M_fixed_tau,"Single M-current gate p with Boltzmann p_inf. Time constant is param_j extracted directly from params[:,9] as a learned scalar parameter (voltage-independent). Used as Exp(-tstep / param_j) with no voltage dependence. This is a fixed scalar tau -> I_M_fixed_tau."
a6236797-7224-4590-a369-37fc63fba051,e364bbb6-4cbb-4973-a0e9-ca180dc93386,6,12,120,-248.42247009277344,I_M,I_M_fixed_tau,"Single M-current gate p with Boltzmann p_inf. Time constant is param_j from params[:,9], a constant scalar with no voltage dependence. Gate update: p_inf_now + (p_prev - p_inf_now) * Exp(-tstep / param_j). Fixed scalar tau -> I_M_fixed_tau."
03a91d5a-e4c1-4567-8178-486df79794f6,e364bbb6-4cbb-4973-a0e9-ca180dc93386,6,12,121,-276.131103515625,I_M,I_M_fixed_tau,"Single M-current gate p with Boltzmann p_inf (v_half = -param_i). Time constant is param_j from params[:,9], a constant scalar with no voltage dependence. Gate update: p_inf_now + (p_prev - p_inf_now) * Exp(-tstep / param_j). Fixed scalar tau -> I_M_fixed_tau."
91a23941-3c54-419b-9dae-1be5c87460e6,e364bbb6-4cbb-4973-a0e9-ca180dc93386,6,12,122,-263.4118347167969,I_M,I_M_fixed_tau,"Single M-current gate p with Boltzmann p_inf. Time constant is fixed at tau_M_fixed = 150.0 ms (a hardcoded scalar constant, not voltage-dependent). Gate update uses Exp(torch.full_like(p_prev, -tstep / tau_M_fixed)). Fixed scalar tau -> I_M_fixed_tau."
6ffa6204-3d19-40af-a5b8-3a43775b7eb7,e364bbb6-4cbb-4973-a0e9-ca180dc93386,6,12,124,-249.287353515625,I_M,I_M_fixed_tau,"Single M-current gate p with Boltzmann p_inf. Time constant tau_M = params[:,9] is a fixed scalar drawn directly from the parameter vector (tau_M_safe = torch.clamp(tau_M, min=1e-3)), with no voltage dependence. No second channel present. This matches tau_type=fixed_scalar -> I_M_fixed_tau."
4910ab32-c9fe-4c73-8aac-a62c076a1281,e364bbb6-4cbb-4973-a0e9-ca180dc93386,6,12,125,-296.9890441894531,unknown,unknown,"This snippet implements a hyperpolarization-activated cation current I_h (HCN) with a single gate q, inverted Boltzmann q_inf, and a fixed scalar tau_h = -param_j. There is no M-type K+ current present. The taxonomy only covers I_M-family and I_M-paired combinations; a standalone I_h without I_M does not fit any defined subtype. Classified as unknown."
a0c5d9f4-81fb-4751-9dc1-bbc9bf9175c2,7e916310-bb41-4c31-9c69-b85f231b69be,4,15,138,-327.9092102050781,I_M_plus_I_NaP,I_M_plus_I_NaP_fixed_tau,"Two additional channels: (1) M-type K+ current with single gate p, Boltzmann p_inf, and fixed scalar time constant tau_Km = params[:,9] (voltage-independent); (2) Persistent Na+ current INaP with instantaneous Boltzmann activation m_NaP_inf (no state variable ODE). This matches tau_type=fixed_scalar AND secondary=I_NaP -> I_M_plus_I_NaP_fixed_tau."
1c46a8b1-0e5d-4da0-90b3-db28750f518f,7e916310-bb41-4c31-9c69-b85f231b69be,4,15,139,-258.0625305175781,I_M,I_M_voltage_dep_tau,"Single M-current gate p with Boltzmann p_inf and a bell-shaped voltage-dependent time constant tau_p(V) = tau_max_Km / (3.3*exp(dv/40) + exp(-dv/20)), peaked near v_half. No second channel present. This matches tau_type=voltage_dependent -> I_M_voltage_dep_tau."
1f014852-3bfd-4596-a10a-62fc6e8d6f99,7e916310-bb41-4c31-9c69-b85f231b69be,4,15,140,-257.5252685546875,I_M,I_M_voltage_dep_tau,Single M-current gate p with Boltzmann p_inf and a bell-shaped voltage-dependent time constant tau_p(V) = tau_max / (3.3*exp(dv/40) + exp(-dv/20)) where tau_max = -param_j. No second channel present. This matches tau_type=voltage_dependent -> I_M_voltage_dep_tau.
16daa0fe-c682-40d9-8962-4dd8c3f616a3,7e916310-bb41-4c31-9c69-b85f231b69be,4,15,141,-266.394775390625,I_M,I_M_voltage_dep_tau,Single M-type K+ current with gate p. Steady-state is Boltzmann p_inf. Time constant tau_p(V) = tau_max / (3.3*exp(dv/40) + exp(-dv/20)) is a bell-shaped voltage-dependent function (Wang 1998 form). No secondary channel. -> I_M_voltage_dep_tau.
3e373f76-0ae1-41d8-a58d-c05c7b8094dd,7e916310-bb41-4c31-9c69-b85f231b69be,4,15,142,-260.9208068847656,I_M,I_M_voltage_dep_tau,Single M-type K+ current with gate p. Boltzmann p_inf steady-state. tau_p(V) = tau_max / (3.3*exp(dv/40) + exp(-dv/20)) is voltage-dependent bell-shaped. No secondary channel. -> I_M_voltage_dep_tau.
0ce5b4ed-5ffc-40eb-8b4c-1e58b10a9f63,7e916310-bb41-4c31-9c69-b85f231b69be,4,15,143,-252.9486694335937,I_M,I_M_voltage_dep_tau,Single M-type K+ current with gate p. Boltzmann p_inf. tau_p(V) = tau_max / (3.3*exp(dv/40) + exp(-dv/20)) is voltage-dependent bell-shaped. No secondary channel. -> I_M_voltage_dep_tau.
9055940b-5d74-4359-9721-dc31ac951882,7e916310-bb41-4c31-9c69-b85f231b69be,4,15,144,-326.85552978515625,I_M_plus_I_NaP,I_M_plus_I_NaP_fixed_tau,"Two additional channels: (1) M-type K+ current (gate p, Boltzmann p_inf, CONSTANT tau_Km from params[:,9] used directly as a fixed scalar — no voltage dependence in tau), and (2) Persistent Na+ current (INaP) with instantaneous Boltzmann gate m_p_inf (no state variable ODE). This matches I_M_plus_I_NaP with fixed scalar tau for I_M. -> I_M_plus_I_NaP_fixed_tau."
84074600-f932-436b-bf5b-9e7623eed6eb,7e916310-bb41-4c31-9c69-b85f231b69be,4,15,145,-256.4972839355469,I_M,I_M_voltage_dep_tau,Single M-type K+ current with gate p. Boltzmann p_inf. tau_p(V) = tau_max / (exp(dv/20) + exp(-dv/20)) = tau_max / (2*cosh(dv/20)) is a voltage-dependent bell-shaped (cosh form) time constant. No secondary channel. -> I_M_voltage_dep_tau.
3003bcbd-5533-4649-bf14-da72aeab66ce,7e916310-bb41-4c31-9c69-b85f231b69be,4,15,146,-245.27099609375,I_M,I_M_voltage_dep_tau,"Single M-type K+ current (IKm) with one activation gate p, Boltzmann steady-state p_inf, and a bell-shaped voltage-dependent time constant tau_p(V) = tau_max / (3.3*exp(dv/40) + exp(-dv/20)). No second channel. tau_type=voltage_dependent -> I_M_voltage_dep_tau."
64bae0a3-c621-4d65-836b-b61a140e44a8,7e916310-bb41-4c31-9c69-b85f231b69be,4,15,147,-267.04345703125,I_M,I_M_voltage_dep_tau,"Single M-type K+ current with one activation gate p, Boltzmann p_inf, and bell-shaped voltage-dependent tau_p(V) = tau_max / (3.3*exp(dv/40) + exp(-dv/20)). params[:,7] unused. No second channel. tau_type=voltage_dependent -> I_M_voltage_dep_tau."
799aec2b-5457-4ca4-8367-e3f3a966fc29,7e916310-bb41-4c31-9c69-b85f231b69be,4,15,148,-324.4289855957031,I_M_plus_I_NaP,I_M_plus_I_NaP_voltage_dep_tau,"Two additional channels: (1) M-type K+ current (IKm) with single gate p, Boltzmann p_inf, and bell-shaped voltage-dependent tau_p(V) = tau_max/(3.3*exp(dv/40)+exp(-dv/20)); (2) Persistent Na+ current (INaP) with instantaneous Boltzmann activation m_NaP_inf (no state variable ODE). tau_type=voltage_dependent AND secondary=I_NaP -> I_M_plus_I_NaP_voltage_dep_tau."
b0c0c73a-0509-4560-871c-69f4d9c9a89b,7e916310-bb41-4c31-9c69-b85f231b69be,4,15,149,-263.1605529785156,I_M,I_M_voltage_dep_tau,"Single M-type K+ current with one activation gate p, Boltzmann p_inf, and bell-shaped voltage-dependent tau_p(V) = tau_max/(3.3*exp(dv/40)+exp(-dv/20)). params[:,7] unused. No second channel. tau_type=voltage_dependent -> I_M_voltage_dep_tau."
098c9683-aab7-433e-a60d-ad043e997819,a70abf70-001b-4b4f-9c79-56789d37f2a7,5,12,137,-275.824951171875,I_M,I_M_fixed_tau,"Single M-type K+ current with one activation gate p, Boltzmann p_inf (p_inf_M), and a FIXED scalar time constant tau_M drawn directly from params[:,9] (not negated, constant across voltage). The M-gate update is: p[:, i] = p_inf_val + (p_prev - p_inf_val) * Exp(-tstep / tau_M), where tau_M is a constant parameter. No bell-shaped or voltage-dependent tau formula. tau_type=fixed_scalar -> I_M_fixed_tau."
5cc8243e-30a8-4bda-9637-0652d8bfdeb4,a70abf70-001b-4b4f-9c79-56789d37f2a7,5,12,138,-287.85028076171875,I_M,I_M_fixed_tau,"Single M-current gate p with Boltzmann steady-state p_inf. The time constant tau_M is taken directly from params[:,9] (a positive scalar), clamped to [2.0, 500.0] ms, and precomputed before the loop as tau_M_clamped. There is no voltage dependence in the tau computation — it is a fixed scalar per batch element. This matches the fixed_scalar tau_type criterion for I_M_fixed_tau."
66ed62c1-43c7-4976-ba8d-69eac9df9227,a70abf70-001b-4b4f-9c79-56789d37f2a7,5,12,139,-293.6600952148437,I_M,I_M_fixed_tau,"Single M-current gate p with Boltzmann steady-state p_inf. The time constant tau_p is taken directly from params[:,9] (tau_p_scale), clamped to [1.0, 3000.0] ms, and precomputed once before the simulation loop via tau_p_fn(). No voltage dependence in tau — it is a fixed scalar. This matches I_M_fixed_tau (tau_type=fixed_scalar)."
7336b637-e12c-4149-99c3-60cfbed2d197,a70abf70-001b-4b4f-9c79-56789d37f2a7,5,12,140,-287.8271179199219,I_M,I_M_fixed_tau,"Single M-current gate p with Boltzmann steady-state p_inf. The time constant tau_M is taken directly from params[:,9], clamped to min=1e-3 as tau_M_safe, with no voltage dependence. It is a fixed scalar per batch element used throughout the loop. This matches I_M_fixed_tau (tau_type=fixed_scalar)."
bf8261a7-5574-4002-bdd6-63c6267470f8,a70abf70-001b-4b4f-9c79-56789d37f2a7,5,12,141,-306.6674194335937,I_M_plus_I_NaP,I_M_plus_I_NaP_fixed_tau,"Two additional channels: (1) M-type K+ current with gate p, Boltzmann p_inf, and fixed scalar tau_p from params[:,7] (no voltage dependence); (2) Persistent Na+ current (I_NaP) with instantaneous Boltzmann activation m_NaP_inf (no state variable ODE). This matches I_M_plus_I_NaP_fixed_tau: tau_type=fixed_scalar AND secondary=I_NaP."
92ba8e55-6118-41f9-a986-3780cf3e4914,a70abf70-001b-4b4f-9c79-56789d37f2a7,5,12,142,-278.9528503417969,I_M_plus_I_h,I_M_plus_I_h_fixed_tau,"Wait — this snippet has only ONE additional channel: I_h (HCN), not I_M. There is no M-current gate p. The single added channel is a hyperpolarization-activated current with gate q, inverted Boltzmann q_inf (activates on hyperpolarization), and a fixed scalar tau_h from params[:,9]. However, the taxonomy does not have a standalone I_h family. Looking more carefully: the snippet adds only I_h with fixed tau. The closest match in the taxonomy for a standalone I_h with fixed tau would be... there is no standalone I_h subtype. But examining the taxonomy, I_M_plus_I_h_fixed_tau requires both I_M and I_h. This snippet only has I_h. Since no standalone I_h family exists in the taxonomy, this is 'unknown'. Actually, re-reading: the taxonomy has no single-channel I_h entry. The snippet is a single additional I_h channel with fixed scalar tau — this does not match any defined family. Classifying as unknown."
107628dd-0de6-48a4-a969-0a4a3b755779,a70abf70-001b-4b4f-9c79-56789d37f2a7,5,12,143,-287.7431030273437,I_M,I_M_fixed_tau,"Single M-current gate p with Boltzmann p_inf. The time constant tau_M_fixed = 100.0 ms is a Python scalar constant, not voltage-dependent and not a learned parameter. The update uses Exp(-tstep / tau_M_fixed) with a fixed scalar. This is a fixed scalar tau -> I_M_fixed_tau."
01452b88-783b-42b8-b1c9-a81d074de18a,a70abf70-001b-4b4f-9c79-56789d37f2a7,5,12,144,-308.7272644042969,I_M,I_M_voltage_dep_tau,"Single M-current gate p with Boltzmann p_inf. The time constant tau_p_fn uses a cosh-like denominator (Exp(dV/20) + Exp(-dV/20)) scaled by tau_p_base, producing a bell-shaped voltage-dependent tau. This is voltage_dependent tau -> I_M_voltage_dep_tau."
e656f8e1-23a3-47b4-93ac-59c710528cde,2faf0d72-ccdf-41c7-8435-937ca82436c7,9,7,53,-283.16033935546875,I_M,I_M_voltage_dep_tau,"Single M-current gate p with Boltzmann p_inf. The tau_p function computes a voltage-dependent denominator: 3.3*Exp((x-V_half_M)/40) + Exp(-(x-V_half_M)/20), which varies with V (asymmetric bell-shaped form). This is voltage_dependent tau -> I_M_voltage_dep_tau."
3d0b2424-1500-4d25-a202-bbcf1276ad97,2faf0d72-ccdf-41c7-8435-937ca82436c7,9,7,54,-280.7796630859375,I_M,I_M_voltage_dep_tau,"Single M-current gate p with Boltzmann p_inf. The tau_p function uses a cosh form: 0.5*(Exp(dv/20) + Exp(-dv/20)) in the denominator with tau_max as a learned parameter, producing a bell-shaped voltage-dependent time constant. This is voltage_dependent tau -> I_M_voltage_dep_tau."
a3f03c1d-1a5c-48bd-8ed9-b1599ea064fb,2faf0d72-ccdf-41c7-8435-937ca82436c7,9,7,55,-280.8414001464844,I_M,I_M_fixed_tau,"Single M-current gate p with Boltzmann p_inf. The time constant tau_p_M = torch.clamp(params[:,9].float(), min=0.5) is drawn directly from a parameter (fixed scalar per batch element, no voltage dependence). The update p[:,i] = p_ss + (p[:,i-1] - p_ss)*Exp(-tstep/tau_p_M) uses this constant tau. This is a fixed scalar tau -> I_M_fixed_tau."
26304574-8c3b-4f94-a17d-481545edc0e0,2faf0d72-ccdf-41c7-8435-937ca82436c7,9,7,56,-271.9626159667969,I_M,I_M_voltage_dep_tau,"Single M-gate p with Boltzmann p_inf and a bell-shaped voltage-dependent tau_p: tau_M_max / (exp(dv) + exp(-dv)), where dv = (V - V_half_M)/20. This is a cosh-like denominator making tau voltage-dependent. No second channel present. -> I_M_voltage_dep_tau."
f2ed83eb-d51b-4ffa-8af1-12d78862f692,2faf0d72-ccdf-41c7-8435-937ca82436c7,9,7,57,-298.6623840332031,I_M,I_M_voltage_dep_tau,Single M-gate p with Boltzmann p_inf and bell-shaped tau_p = tau_max_M / (3.3*exp((V-V_half_M)/20) + exp(-(V-V_half_M)/20)). This is the Wang 1998 / Brown & Adams voltage-dependent bell-shaped time constant. No second channel. -> I_M_voltage_dep_tau.
928d5ee1-4760-4ec8-8218-c9755fc6f0e5,2faf0d72-ccdf-41c7-8435-937ca82436c7,9,7,58,-297.2572021484375,I_M,I_M_voltage_dep_tau,Single M-gate p with Boltzmann p_inf and bell-shaped tau_p = tau_max_M / (3.3*exp((V-V_half_M)/20) + exp(-(V-V_half_M)/20)). Voltage-dependent bell-shaped time constant. No second channel. -> I_M_voltage_dep_tau.
a244fbfb-dc32-4916-9dd8-ad91c2299197,2faf0d72-ccdf-41c7-8435-937ca82436c7,9,7,59,-280.1850891113281,I_M,I_M_voltage_dep_tau,Single M-gate p with Boltzmann p_inf and bell-shaped tau_p = tau_max_M / (3.3*exp((V-V_half_M)/20) + exp(-(V-V_half_M)/20)). Voltage-dependent bell-shaped time constant (Brown & Adams form). No second channel. -> I_M_voltage_dep_tau.
ac731c82-2a59-4c28-9d82-f6f4f199c768,2faf0d72-ccdf-41c7-8435-937ca82436c7,9,7,60,-292.2375793457031,I_M,I_M_voltage_dep_tau,Single M-gate p with Boltzmann p_inf and bell-shaped tau_p = tau_max_M / (3.3*exp((V-V_half_M)/20) + exp(-(V-V_half_M)/20)). Voltage-dependent bell-shaped time constant. No second channel. -> I_M_voltage_dep_tau.
6a173fab-4318-4de9-8c90-96802ac145b1,2faf0d72-ccdf-41c7-8435-937ca82436c7,9,7,61,-294.09381103515625,I_M,I_M_voltage_dep_tau,"Single M-gate p with Boltzmann p_inf and bell-shaped tau_p = tau_max_M / (3.3*exp((V-V_half_M)/20) + exp(-(V-V_half_M)/20)). The time constant varies with voltage (bell-shaped denominator), making this voltage_dependent tau. No second channel present. -> I_M_voltage_dep_tau."
307aa042-a5f4-472a-900b-279e4045db46,2faf0d72-ccdf-41c7-8435-937ca82436c7,9,7,62,-294.132080078125,I_M,I_M_voltage_dep_tau,"Identical structure to snippet 1: single M-gate p, Boltzmann p_inf, bell-shaped voltage-dependent tau_p via 3.3*exp(...)+exp(...) denominator. No additional channel beyond I_M. -> I_M_voltage_dep_tau."
ac6ddd47-3120-475d-b1d9-8fed99179051,2faf0d72-ccdf-41c7-8435-937ca82436c7,9,7,63,-282.0362854003906,I_M,I_M_voltage_dep_tau,Single M-gate p with Boltzmann steady-state and bell-shaped voltage-dependent tau_p = tau_max_M / (3.3*exp((V-V_half_M)/20) + exp(-(V-V_half_M)/20)). Only one additional channel (I_M). -> I_M_voltage_dep_tau.
d1e95b3f-98cf-47de-8d20-acc476985756,2faf0d72-ccdf-41c7-8435-937ca82436c7,9,7,64,-287.98455810546875,I_M,I_M_voltage_dep_tau,"Single M-gate p, Boltzmann p_inf, bell-shaped tau_p with voltage-dependent denominator. tau_max_M = clamp(-param_j, min=1.0) = clamp(params[:,9], min=1.0) — positive scalar used in a voltage-dependent bell-shaped formula. Only I_M added. -> I_M_voltage_dep_tau."
9b2c1dee-2093-484b-83be-620bc2354ee7,b8102286-d8c7-43d5-93eb-b576b2869877,8,11,99,-392.2265625,I_M_plus_I_NaP,I_M_plus_I_NaP_voltage_dep_tau,"Two additional channels: (1) M-type K+ current with single gate p, bell-shaped voltage-dependent tau_p = tau_max/(exp(dv)+exp(-dv)); (2) Persistent Na+ current (I_NaP) with instantaneous Boltzmann activation m_inf_NaP (no ODE state variable). This matches the I_M_plus_I_NaP family with voltage-dependent tau for I_M. -> I_M_plus_I_NaP_voltage_dep_tau."
023f863c-bf2e-49ad-8709-f19e2588857b,b8102286-d8c7-43d5-93eb-b576b2869877,8,11,100,-332.30474853515625,I_M_plus_I_NaP,I_M_plus_I_NaP_voltage_dep_tau,"Snippet 1 has two additional channels: (1) I_M with a single gate p, bell-shaped voltage-dependent tau via cosh denominator (tau_max_M / (Exp(dv) + Exp(-dv))), and (2) I_NaP with instantaneous Boltzmann activation (m_inf_NaP, no ODE state variable). This matches the I_M_plus_I_NaP family with voltage-dependent tau for I_M."
3859bcd1-1096-474e-8050-a06659b5b682,b8102286-d8c7-43d5-93eb-b576b2869877,8,11,101,-277.2231140136719,I_M,I_M_voltage_dep_tau,"Snippet 2 has only one additional channel: I_M with a single gate p, Boltzmann steady-state p_inf, and a bell-shaped voltage-dependent time constant tau_p computed as tau_max_M / (Exp(dv) + Exp(-dv)). No secondary channel is present. This matches I_M_voltage_dep_tau."
34c71bd2-767c-41cd-a8bf-d8090ff4a1cb,b8102286-d8c7-43d5-93eb-b576b2869877,8,11,102,-299.7457580566406,I_M,I_M_voltage_dep_tau,"Snippet 3 has only one additional channel: I_M with a single gate p, Boltzmann steady-state p_inf_M with fixed V_half=-35 mV, and a bell-shaped voltage-dependent time constant tau_p_M = tau_max / (Exp(dv) + Exp(-dv)). No secondary channel. This matches I_M_voltage_dep_tau."
77de4304-5592-4add-a322-4257795794bd,b8102286-d8c7-43d5-93eb-b576b2869877,8,11,103,-298.3565979003906,I_M,I_M_voltage_dep_tau,"Snippet 4 has only one additional channel: I_M with a single gate p, Boltzmann steady-state p_inf_M with fixed V_half=-35 mV, and a bell-shaped voltage-dependent time constant tau_p_M = tau_max_M / (Exp(dv) + Exp(-dv)). No secondary channel. This matches I_M_voltage_dep_tau."
4540ef15-76c9-47b5-a079-d119c8113714,b8102286-d8c7-43d5-93eb-b576b2869877,8,11,104,-282.4808654785156,I_M,I_M_voltage_dep_tau,"Snippet 5 has only one additional channel: I_M with a single gate p, Boltzmann steady-state p_inf_M with inferred V_half, and a bell-shaped voltage-dependent time constant tau_p_M = tau_max / (Exp(dv) + Exp(-dv)). No secondary channel. This matches I_M_voltage_dep_tau."
394d9116-b189-400a-9ec6-de3a1256b698,b8102286-d8c7-43d5-93eb-b576b2869877,8,11,105,-279.031005859375,I_M,I_M_voltage_dep_tau,Single M-type K+ current with gate p. Steady-state is Boltzmann sigmoid. Time constant tau_p_M uses bell-shaped formula: tau_max_M / (Exp(dv) + Exp(-dv)) where dv = (x - V_half_M) / 20.0 — this is a voltage-dependent (cosh-like) tau. No second channel present. -> I_M_voltage_dep_tau.
ee35e677-422a-4f4f-abce-0b32c9d95c32,b8102286-d8c7-43d5-93eb-b576b2869877,8,11,106,-306.2088928222656,I_M,I_M_voltage_dep_tau,"Single M-type K+ current with gate p. Steady-state is Boltzmann sigmoid with fixed V_half = -35 mV. Time constant tau_p_M = tau_max_M / (Exp(dv) + Exp(-dv)) with dv = (x - V_half_M_fixed) / 20.0 — bell-shaped, voltage-dependent tau. No second channel. -> I_M_voltage_dep_tau."
33437313-3aea-41a2-b1fe-fdd4a09930f9,b8102286-d8c7-43d5-93eb-b576b2869877,8,11,107,-346.4244689941406,I_M_plus_I_NaP,I_M_plus_I_NaP_voltage_dep_tau,"Two additional channels: (1) M-type K+ current with gate p and bell-shaped voltage-dependent tau (tau_max_M / (Exp(dv) + Exp(-dv))), and (2) Persistent Na+ current (I_NaP) with instantaneous Boltzmann activation m_inf_NaP (no ODE state variable). This matches I_M_plus_I_NaP with voltage-dependent tau for I_M. -> I_M_plus_I_NaP_voltage_dep_tau."
34d66347-fa2e-4b24-baef-2bc9e27b4324,b8102286-d8c7-43d5-93eb-b576b2869877,8,11,108,-308.0227966308594,I_M,I_M_voltage_dep_tau,Single M-type K+ current with gate p. Steady-state Boltzmann with fixed V_half_M = -35 mV. Time constant tau_p_M uses cosh-like formula: tau_max / (Exp(dv) + Exp(-dv)) with dv = (x - V_half_M) / (2.0 * k_M) — voltage-dependent bell-shaped tau. No second channel. -> I_M_voltage_dep_tau.
2176af2f-d654-4b31-ab44-e19b4b59a37f,b8102286-d8c7-43d5-93eb-b576b2869877,8,11,109,-293.1894836425781,I_M_plus_I_NaP,I_M_plus_I_NaP_voltage_dep_tau,"Two additional channels: (1) M-type K+ current with gate p and bell-shaped voltage-dependent tau (tau_max_M / (Exp(dv) + Exp(-dv))), and (2) Persistent Na+ current (I_NaP) with instantaneous Boltzmann activation m_inf_NaP (no ODE state variable). This matches I_M_plus_I_NaP with voltage-dependent tau for I_M. -> I_M_plus_I_NaP_voltage_dep_tau."
6da9af49-b900-45cc-a3ce-a3a7895b8f27,b8102286-d8c7-43d5-93eb-b576b2869877,8,11,110,-279.42779541015625,I_M,I_M_voltage_dep_tau,"Single M-current gate p with Boltzmann p_inf_M and a bell-shaped voltage-dependent time constant tau_p_M = tau_max_M / (exp(dv) + exp(-dv)) where dv = (V - V_half_M)/20. This is the cosh/bell-shaped form, making tau voltage-dependent. No second channel present. -> I_M_voltage_dep_tau."
4f0180cb-2654-4b0b-849f-fd1894977c57,b8102286-d8c7-43d5-93eb-b576b2869877,8,11,111,-351.8533630371094,I_M_plus_I_NaP,I_M_plus_I_NaP_voltage_dep_tau,"Two additional channels: (1) M-type K+ current with single gate p and bell-shaped voltage-dependent tau_p_M = tau_max/(exp(dv)+exp(-dv)), and (2) Persistent Na+ current (NaP) with instantaneous Boltzmann activation p_inf_NaP (no ODE state variable). This matches I_M_plus_I_NaP with voltage-dependent tau for I_M -> I_M_plus_I_NaP_voltage_dep_tau."
4bdd7ead-9f3c-45ca-997a-38915bfb8d7f,b8102286-d8c7-43d5-93eb-b576b2869877,8,11,112,-302.0594177246094,I_M,I_M_fixed_tau,"Single M-current gate p with Boltzmann p_inf_M (inferred slope k_M and V_half). The time constant tau_p_M is a constant scalar drawn directly from params[:,9] (tau_M), clamped at tstep. No voltage dependence in tau — it is a fixed scalar. No second channel present. -> I_M_fixed_tau."
b0c8ade2-daa8-49b0-9cb6-4f0ccaa1f0c4,a24d9636-1628-4191-bd7b-1c0fda5ba198,7,15,118,-345.013427734375,I_M_plus_I_h,I_M_plus_I_h_fixed_tau,"Two additional channels: (1) M-type K+ current with single gate w, Boltzmann w_inf, and fixed scalar tau_w_M = clamp(params[:,7], 5, 120) ms (constant, not voltage-dependent); (2) HCN/Ih current with single gate r, inverted Boltzmann r_inf (activates on hyperpolarization), and fixed scalar tau_r = clamp(params[:,9], 20, 500) ms. E_K corrected to -77 mV. -> I_M_plus_I_h_fixed_tau."
1a9ce33b-17f4-400e-9088-cd24f8070677,a24d9636-1628-4191-bd7b-1c0fda5ba198,7,15,119,-332.2292785644531,I_M_plus_I_h,I_M_plus_I_h_fixed_tau,"Two additional channels: (1) M-type K+ current with single gate w, Boltzmann w_inf_fn, and fixed scalar tau_w_M = clamp(params[:,7], 5, 120) ms; (2) HCN/Ih current with single gate r, inverted Boltzmann r_inf_fn (activates on hyperpolarization), and fixed scalar tau_r_val = 80.0 ms. E_K corrected to -77 mV, E_h = -25 mV. Both taus are fixed scalars. -> I_M_plus_I_h_fixed_tau."
9b3bd0a6-70b9-4994-9e35-08bdb5a0a944,a24d9636-1628-4191-bd7b-1c0fda5ba198,7,15,120,-372.5836791992188,I_M_plus_I_h,I_M_plus_I_h_fixed_tau,"Snippet 1 has two additional channels: X1 is M-type K+ current (gate w, single non-inactivating gate, Boltzmann w_inf, fixed scalar tau_w_M clamped from params[:,7]) and X2 is I_h/HCN (gate r, single non-inactivating gate, inverted Boltzmann r_inf, fixed scalar tau_r clamped from params[:,9]). Both time constants are fixed scalars drawn directly from parameters (not voltage-dependent bell-shaped functions). E_K corrected to -77 mV, E_h = -25 mV. This matches I_M_plus_I_h_fixed_tau: fixed scalar tau for both I_M and I_h."
cff0115f-4cc6-428c-9910-4abe6e0a7454,a24d9636-1628-4191-bd7b-1c0fda5ba198,7,15,121,-356.6928100585937,I_M_plus_I_h,I_M_plus_I_h_fixed_tau,"Snippet 2 is structurally identical to snippet 1: M-type K+ current (gate w, Boltzmann w_inf, fixed scalar tau_w_M = clamp(params[:,7], 5, 120)) paired with I_h/HCN (gate r, inverted Boltzmann r_inf, fixed scalar tau_r = clamp(params[:,9], 10, 500)). Both tau values are constant scalars per batch element, not voltage-dependent. E_K = -77 mV, E_h = -30 mV. Matches I_M_plus_I_h_fixed_tau."
81e8ff20-c805-416a-8202-6082fbc56474,a24d9636-1628-4191-bd7b-1c0fda5ba198,7,15,122,-371.9151916503906,I_M_plus_I_h,I_M_plus_I_h_fixed_tau,"Snippet 3 has M-type K+ current (gate w, Boltzmann w_inf, fixed scalar tau_w_M = clamp(params[:,7], 5, 120)) and I_h/HCN (gate r, inverted Boltzmann r_inf, fixed scalar tau_r_h = clamp(params[:,9], 50, 500)). Both time constants are fixed scalars from parameters, not voltage-dependent. E_K = -77 mV, E_h = -20 mV. Matches I_M_plus_I_h_fixed_tau."
a3f3b6ca-b310-4148-a62a-86ccf2331c0b,a24d9636-1628-4191-bd7b-1c0fda5ba198,7,15,123,-350.5315246582031,I_M_plus_I_h,I_M_plus_I_h_fixed_tau,"Snippet 4 has M-type K+ current (gate w, Boltzmann w_inf, fixed scalar tau_w_M = clamp(params[:,7], 5, 120)) and I_h/HCN (gate r, inverted Boltzmann r_inf, fixed scalar tau_r = clamp(params[:,9], 50, 300)). Both time constants are fixed scalars from parameters. E_K = -77 mV, E_h = -45 mV, V_half_h = -85 mV. Matches I_M_plus_I_h_fixed_tau."
fd2d7194-e9fc-4a7a-8b33-3d150ae3cfcb,a70abf70-001b-4b4f-9c79-56789d37f2a7,5,13,145,-271.4471130371094,I_M,I_M_fixed_tau,"Snippet 5 has only one additional channel: M-type K+ current (gate p, single non-inactivating gate, Boltzmann p_inf with V_half_M from params[:,8] negated, fixed scalar tau_p_M = params[:,9] clamped to min 1e-2). The time constant is a fixed scalar drawn directly from a parameter with no voltage dependence. No second additional channel is present (params[:,7] is unused as X2). E_K = -107 mV (base value). Matches I_M_fixed_tau."
bb4d9615-2efd-44a5-b3b2-d91224c70b63,a70abf70-001b-4b4f-9c79-56789d37f2a7,5,13,146,-285.1052551269531,I_M,I_M_voltage_dep_tau,"Single M-gate p with Boltzmann p_inf. The tau_p function uses `tau_M_scale / (2 * cosh((V - V_half_M) / (2*k_M)))`, which is a bell-shaped (cosh-based) voltage-dependent time constant. This is the classic voltage-dependent tau form -> I_M_voltage_dep_tau."
36b3e351-1508-4165-a807-d8e8c7bba8a5,a70abf70-001b-4b4f-9c79-56789d37f2a7,5,13,147,-275.3367919921875,I_M,I_M_voltage_dep_tau,"Single M-gate p with Boltzmann p_inf_M. The tau_p_M function computes `tau_M_sc / (exp(dv/40) + exp(-dv/40))` = `tau_M_sc / (2*cosh(dv/40))`, a bell-shaped voltage-dependent time constant. This is voltage_dependent tau -> I_M_voltage_dep_tau."
51b58146-21ab-4c9b-a061-0eceb40e8f28,a70abf70-001b-4b4f-9c79-56789d37f2a7,5,13,148,-289.7731018066406,I_M,I_M_voltage_dep_tau,"Single M-gate p with Boltzmann p_inf_M. The tau_p_M function uses `tau_M_scale / (3.3*Exp(v1/40) + Exp(-v1/20))`, an asymmetric exponential sum that is voltage-dependent (bell-shaped-like). This is voltage_dependent tau -> I_M_voltage_dep_tau."
db79f8ff-be4c-4ade-abca-189d6c6130dd,a70abf70-001b-4b4f-9c79-56789d37f2a7,5,13,149,-270.0713806152344,I_M,I_M_fixed_tau,"Single M-gate p with Boltzmann p_inf_M. The time constant tau_M is taken directly from params[:,9] as a fixed scalar (no voltage dependence): `p[:,i] = p_ss + (p_prev - p_ss) * Exp(-tstep / tau_M)`. No bell-shaped or voltage-dependent tau function is defined. This is fixed_scalar tau -> I_M_fixed_tau."
70aeeeb1-8bf4-41dd-8364-cac962cf618f,a70abf70-001b-4b4f-9c79-56789d37f2a7,5,13,150,-276.71856689453125,I_M,I_M_fixed_tau,"Single M-gate p with Boltzmann p_inf_M (fixed V_HALF_M=-45 mV). The time constant tau_M is taken directly from params[:,7] as a fixed scalar with no voltage dependence: `p[:,i] = p_ss + (p_prev - p_ss) * Exp(-tstep / tau_M)`. This is fixed_scalar tau -> I_M_fixed_tau."
c7d72c49-754d-42f0-bb78-5e308d402c03,a70abf70-001b-4b4f-9c79-56789d37f2a7,5,13,151,-291.9876403808594,I_M,I_M_fixed_tau,"Single M-current gate p with Boltzmann p_inf. The time constant tau_M is extracted directly from params[:,7] with a clamp (min=1e-3) — no voltage dependence whatsoever. The update is p[:, i] = p_ss + (p[:, i-1] - p_ss) * Exp(-tstep / tau_M) where tau_M is a fixed scalar per batch element. This matches tau_type=fixed_scalar -> I_M_fixed_tau."
3e813400-1fed-4478-b86d-0be8c15bebf8,2faf0d72-ccdf-41c7-8435-937ca82436c7,9,8,65,-276.5771484375,I_M,I_M_fixed_tau,"Single M-current gate p with Boltzmann p_inf. The time constant tau_p is extracted from params[:,9] via torch.abs and clamped (min=1.0) — a fixed scalar with no voltage dependence. The update uses p[:, i] = p_ss + (p_prev - p_ss) * Exp(-tstep / tau_p) with constant tau_p. This matches tau_type=fixed_scalar -> I_M_fixed_tau."
c318e200-8ac7-4864-b232-7e366c4d7bc9,2faf0d72-ccdf-41c7-8435-937ca82436c7,9,8,66,-286.0017395019531,I_M,I_M_voltage_dep_tau,"Single M-current gate p with Boltzmann p_inf. The time constant tau_p(x) is a bell-shaped function of voltage: tau_M_scale / (3.3*(exp(dv/20) + exp(-dv/20))), which is a cosh-like denominator centered at V_half_M. This is voltage-dependent (bell-shaped) -> tau_type=voltage_dependent -> I_M_voltage_dep_tau."
615d3014-2c6e-4b3d-a9b7-a151caa9235d,2faf0d72-ccdf-41c7-8435-937ca82436c7,9,8,67,-282.6770935058594,I_M,I_M_voltage_dep_tau,"Single M-current gate p with Boltzmann p_inf. The time constant tau_p(x) is computed as tau_max_M / (3.3*exp((x-V_half_M)/20) + exp(-(x-V_half_M)/20)), a bell-shaped voltage-dependent function. This matches tau_type=voltage_dependent -> I_M_voltage_dep_tau."
828b4c04-dc9b-4ac5-b75d-8577b4e30d67,2faf0d72-ccdf-41c7-8435-937ca82436c7,9,8,68,-297.6669921875,I_M,I_M_voltage_dep_tau,"Single M-current gate p with Boltzmann p_inf. The time constant tau_p(x) is computed as tau_max_M / (3.3*exp((x-V_half_M)/20) + exp(-(x-V_half_M)/20)), a bell-shaped voltage-dependent (cosh-like) function. This matches tau_type=voltage_dependent -> I_M_voltage_dep_tau."
d81424ea-e85e-425b-a971-cc9b6c0aaa86,2faf0d72-ccdf-41c7-8435-937ca82436c7,9,8,69,-296.55474853515625,I_M,I_M_voltage_dep_tau,"Single M-gate p with Boltzmann p_inf and bell-shaped voltage-dependent tau_p: denom = 3.3*exp((V-V_half_M)/20) + exp(-(V-V_half_M)/20), tau_max_M/denom. This is the Wang 1998 cosh-like form. No second channel. -> I_M_voltage_dep_tau."
a256da19-0871-4fa3-8aa8-dc94f42305fd,2faf0d72-ccdf-41c7-8435-937ca82436c7,9,8,70,-279.4674377441406,I_M,I_M_voltage_dep_tau,"Single M-gate p with Boltzmann p_inf and bell-shaped voltage-dependent tau_p using the same 3.3*exp/exp denominator form (Wang 1998). tau_max_M read directly from params[:,9]. No second channel present. -> I_M_voltage_dep_tau."
d9e3afb2-4f76-4a1c-a0d7-315d5752d71b,2faf0d72-ccdf-41c7-8435-937ca82436c7,9,8,71,-270.9313049316406,I_M,I_M_voltage_dep_tau,Single M-gate p with Boltzmann p_inf and bell-shaped voltage-dependent tau_p: tau_max_M / (3.3*exp((V-V_half_M)/20) + exp(-(V-V_half_M)/20)). No second channel. -> I_M_voltage_dep_tau.
6675b750-c361-4371-b6d3-6c2e10dc8e23,2faf0d72-ccdf-41c7-8435-937ca82436c7,9,8,72,-282.84423828125,I_M,I_M_fixed_tau,"Single M-gate p with Boltzmann p_inf. Time constant is a fixed scalar: tau_M = 200.0 (hardcoded constant, not voltage-dependent). p[:, i] = p_ss + (p_prev - p_ss) * Exp(-tstep / tau_M). No second channel. -> I_M_fixed_tau."
7ad33475-14a3-49b7-a868-040635c4c03d,2faf0d72-ccdf-41c7-8435-937ca82436c7,9,8,73,-303.0447082519531,I_M,I_M_voltage_dep_tau,Single M-gate p with Boltzmann p_inf and normalised bell-shaped voltage-dependent tau_p: tau_max_M * TAU_P_NORM / (3.3*exp((V-V_half_M)/20) + exp(-(V-V_half_M)/20)). This is a voltage-dependent (Wang 1998-style) time constant with a normalisation factor. No second channel. -> I_M_voltage_dep_tau.
5af1a9df-9478-4c92-a9bb-e9a992ca544d,b8102286-d8c7-43d5-93eb-b576b2869877,8,12,113,-346.3680114746094,I_M_plus_I_NaP,I_M_plus_I_NaP_voltage_dep_tau,"Two additional channels: (1) M-type K+ current with single gate p, bell-shaped voltage-dependent tau via tau_max_M / (Exp(dv) + Exp(-dv)) — voltage_dependent tau; (2) Persistent Na+ current (I_NaP) with instantaneous Boltzmann activation m_inf_NaP (no ODE state variable). This matches I_M_plus_I_NaP with voltage-dependent tau for I_M."
d30d1978-c833-4ef7-8885-3a775fc33480,b8102286-d8c7-43d5-93eb-b576b2869877,8,12,114,-298.4394836425781,I_M,I_M_voltage_dep_tau,"Single additional channel: M-type K+ current with single gate p, Boltzmann steady-state p_inf_M, and bell-shaped voltage-dependent time constant tau_M_scale / (Exp(dv) + Exp(-dv)). No second channel present. tau_type=voltage_dependent -> I_M_voltage_dep_tau."
eaf09bf4-465e-46cc-94e0-969ab9c1a44e,b8102286-d8c7-43d5-93eb-b576b2869877,8,12,115,-279.82647705078125,I_M,I_M_voltage_dep_tau,"Single additional channel: M-type K+ current with single gate p, Boltzmann steady-state p_inf_M centred at inferred V_half, and bell-shaped voltage-dependent time constant tau_max / (Exp(dv) + Exp(-dv)). No second channel. tau_type=voltage_dependent -> I_M_voltage_dep_tau."
fe46e4cf-fe61-4fc2-b2d7-ad7d89c7297e,b8102286-d8c7-43d5-93eb-b576b2869877,8,12,116,-283.9253845214844,I_M,I_M_voltage_dep_tau,"Single additional channel: M-type K+ current with single gate p, Boltzmann steady-state p_inf centred at fixed V_half_M=-35 mV, and bell-shaped voltage-dependent time constant tau_M_scale / (Exp(dv) + Exp(-dv)). params[:,8] and params[:,9] intentionally unused. tau_type=voltage_dependent -> I_M_voltage_dep_tau."
55cdea8c-9fff-4d75-bfed-7699dd93baf9,b8102286-d8c7-43d5-93eb-b576b2869877,8,12,117,-288.904052734375,I_M,I_M_voltage_dep_tau,"Single additional channel: M-type K+ current with single gate p, Boltzmann steady-state p_inf_M centred at inferred V_half (negated from params[:,8]), and bell-shaped voltage-dependent time constant tau_max / (Exp(dv) + Exp(-dv)). params[:,7] reserved/unused. tau_type=voltage_dependent -> I_M_voltage_dep_tau."
2e5bdfc0-dd58-4fd5-be5c-2237c9bcc9d2,b8102286-d8c7-43d5-93eb-b576b2869877,8,12,118,-295.3048400878906,I_M,I_M_voltage_dep_tau,"Single M-type K+ current with gate p. Steady-state p_inf uses Boltzmann sigmoid. Time constant tau_p_M is bell-shaped via cosh: tau_max_M / (exp(dv) + exp(-dv)), which is voltage-dependent. This matches tau_type=voltage_dependent -> I_M_voltage_dep_tau."
2a10ea64-7078-4f53-aa59-22f95cc89bd9,b8102286-d8c7-43d5-93eb-b576b2869877,8,12,119,-279.8499755859375,I_M,I_M_voltage_dep_tau,"Single M-type K+ current with gate p. Steady-state p_inf uses Boltzmann sigmoid. Time constant tau_p_M is bell-shaped: tau_max / (exp(dv) + exp(-dv)), voltage-dependent. V_half_M is inferred from params[:,8]. This is tau_type=voltage_dependent -> I_M_voltage_dep_tau."
341dd716-92cc-47bd-b619-898637956dfd,b8102286-d8c7-43d5-93eb-b576b2869877,8,12,120,-299.32525634765625,I_M,I_M_voltage_dep_tau,"Single M-type K+ current with gate p. Steady-state p_inf uses Boltzmann sigmoid with fixed V_HALF_M=-35 mV. Time constant tau_p_M is bell-shaped: tau_max / (exp(dv) + exp(-dv)), which varies with voltage. This is tau_type=voltage_dependent -> I_M_voltage_dep_tau."
7df0c4e5-edbe-489d-bbba-caa70ecef4f7,b8102286-d8c7-43d5-93eb-b576b2869877,8,12,121,-307.6385803222656,I_M,I_M_voltage_dep_tau,"Single M-type K+ current with gate p. Steady-state p_inf uses Boltzmann sigmoid with fixed V_HALF_M=-35 mV. Time constant tau_p_M is bell-shaped via cosh: tau_M_scale / (exp(dv) + exp(-dv)), voltage-dependent. This is tau_type=voltage_dependent -> I_M_voltage_dep_tau."
d1da226b-265a-46f6-8edc-846577e0bce4,b8102286-d8c7-43d5-93eb-b576b2869877,8,12,122,-267.0231628417969,I_M,I_M_voltage_dep_tau,"Single M-type K+ current with gate p. Steady-state p_inf uses Boltzmann sigmoid with inferred V_half from params[:,8]. Time constant tau_p_M is bell-shaped: tau_max / (exp(dv) + exp(-dv)), voltage-dependent. This is tau_type=voltage_dependent -> I_M_voltage_dep_tau."
0b5e3127-f6af-42b9-9835-d8a5a1725781,e364bbb6-4cbb-4973-a0e9-ca180dc93386,6,13,126,-259.330810546875,I_M,I_M_fixed_tau,"Single M-type K+ gate p with Boltzmann p_inf. Time constant is param_j extracted directly from params[:,9] with no voltage dependence — used as a fixed scalar: `p[:, i] = p_inf_now + (p_prev - p_inf_now) * Exp(-tstep / param_j)`. No bell-shaped or cosh-based tau formula. No second channel. -> I_M_fixed_tau."
f0286e0c-c78d-4469-9f9f-12df76f3ba30,e364bbb6-4cbb-4973-a0e9-ca180dc93386,6,13,127,-257.55303955078125,I_M,I_M_fixed_tau,"Single M-type K+ gate p with Boltzmann p_inf. Time constant is fixed at tau_M = 150.0 ms (a hardcoded constant scalar), precomputed as exp_p = torch.exp(-tstep / tau_M) outside the loop. Voltage-independent fixed scalar tau. No second channel. -> I_M_fixed_tau."
df2861be-83ec-4883-a1d7-c372e824a5e2,e364bbb6-4cbb-4973-a0e9-ca180dc93386,6,13,128,-259.79400634765625,I_M,I_M_fixed_tau,"Single M-type K+ gate p with Boltzmann p_inf. Time constant is fixed at tau_M_fixed = 150.0 ms (hardcoded constant), precomputed as exp_decay_p outside the loop. Voltage-independent fixed scalar tau. No second channel. -> I_M_fixed_tau."
adb09ce9-6ccb-44b2-9c5f-e3e2204a3c30,e364bbb6-4cbb-4973-a0e9-ca180dc93386,6,13,129,-256.91326904296875,I_M,I_M_fixed_tau,"Single M-type K+ gate p with Boltzmann p_inf. Time constant is param_j from params[:,9], used as a fixed scalar (clamped to min 0.1 ms): `tau_p_safe = torch.clamp(param_j, min=0.1)` then `Exp(-tstep / tau_p_safe)`. No voltage-dependent bell-shaped formula. No second channel. -> I_M_fixed_tau."
e033103f-0478-4a8a-aa26-167f86d2bf38,e364bbb6-4cbb-4973-a0e9-ca180dc93386,6,13,130,-257.62255859375,I_M,I_M_fixed_tau,"Single M-type K+ gate p with Boltzmann p_inf. Time constant is param_j from params[:,9], used directly as a fixed scalar: `p[:, i] = p_inf_now + (p_prev - p_inf_now) * Exp(-tstep / param_j)`. No voltage-dependent tau formula. No second channel. -> I_M_fixed_tau."
65de136c-5424-4cf7-af4c-67a41c1be8cb,e364bbb6-4cbb-4973-a0e9-ca180dc93386,6,13,131,-252.8728942871093,I_M,I_M_fixed_tau,"Single M-type K+ current with one non-inactivating gate p. Steady-state p_inf is a Boltzmann sigmoid. Time constant is param_j (params[:,9]), a fixed scalar drawn directly from the parameter vector with no voltage dependence — used as `Exp(-tstep / param_j)`. This matches tau_type=fixed_scalar -> I_M_fixed_tau."
5de0d3a8-837b-4590-9e5a-54c2592873f0,e364bbb6-4cbb-4973-a0e9-ca180dc93386,6,13,132,-250.3636169433593,I_M,I_M_fixed_tau,"Single M-type K+ current with one non-inactivating gate p. Steady-state p_inf is a Boltzmann sigmoid. Time constant is hardcoded as tau_M = 150.0 ms (a fixed scalar constant, not voltage-dependent). Gate update uses `Exp(-tstep / tau_M)`. This matches tau_type=fixed_scalar -> I_M_fixed_tau."
ed1d9d75-b881-402f-ad55-3154606e5531,e364bbb6-4cbb-4973-a0e9-ca180dc93386,6,13,133,-255.31427001953125,I_M,I_M_fixed_tau,"Single M-type K+ current with one non-inactivating gate p. Steady-state p_inf_func is a Boltzmann sigmoid. Time constant is param_j (params[:,9]), a fixed scalar from the parameter vector with no voltage dependence — used as `Exp(-tstep / param_j)`. This matches tau_type=fixed_scalar -> I_M_fixed_tau."
b7222cd9-dc22-43de-88fa-4c819996ae03,e364bbb6-4cbb-4973-a0e9-ca180dc93386,6,13,134,-252.6474151611328,I_M,I_M_fixed_tau,"Single M-type K+ current with one non-inactivating gate p. Steady-state p_inf is a Boltzmann sigmoid. Time constant is param_j (params[:,9]), a fixed scalar from the parameter vector with no voltage dependence — used as `Exp(-tstep / param_j)`. This matches tau_type=fixed_scalar -> I_M_fixed_tau."
11254fda-1065-41fb-96c2-78ea4af9caca,e364bbb6-4cbb-4973-a0e9-ca180dc93386,6,13,135,-249.4706878662109,I_M,I_M_fixed_tau,"Single M-type K+ current with one non-inactivating gate p. Steady-state p_inf is a Boltzmann sigmoid. Time constant is param_j (params[:,9]) clamped to min=1e-3, a fixed scalar from the parameter vector with no voltage dependence — used as `Exp(-tstep / tau_p)`. This matches tau_type=fixed_scalar -> I_M_fixed_tau."
b548d6b1-384c-4952-940a-a88b5390cc99,e364bbb6-4cbb-4973-a0e9-ca180dc93386,6,13,136,-250.16416931152344,I_M,I_M_fixed_tau,"Single M-current gate p with Boltzmann steady-state p_inf. Time constant is param_j (a fixed scalar from params[:,9]), used directly as `Exp(-tstep / param_j)` — no voltage dependence in tau. This is a fixed scalar tau, matching I_M_fixed_tau."
06b0d8f7-af65-47de-8973-ca40dc401710,e364bbb6-4cbb-4973-a0e9-ca180dc93386,6,13,137,-255.21636962890625,I_M,I_M_fixed_tau,"Single M-current gate p with Boltzmann steady-state p_inf centered at (Vt + param_i). Time constant is param_j extracted directly from params[:,9] as a constant scalar, used as `Exp(-tstep / param_j)` — voltage-independent fixed tau. Matches I_M_fixed_tau."
4a0edf84-53d2-4360-9b89-837ddcf4adaa,e364bbb6-4cbb-4973-a0e9-ca180dc93386,6,13,138,-249.4514617919922,I_M,I_M_fixed_tau,"Single M-current gate p with sigmoid steady-state p_inf. Time constant is param_j from params[:,9], a constant scalar used directly in `Exp(-tstep / param_j)` — no voltage dependence. Matches I_M_fixed_tau."
b9058c94-fc8c-4d0f-bb46-2c05369ade45,a70abf70-001b-4b4f-9c79-56789d37f2a7,5,14,152,-275.6630859375,I_M,I_M_fixed_tau,"Single M-current gate p_M with Boltzmann steady-state p_M_inf. Time constant tau_M = params[:,9] is a fixed scalar (not negated, kept positive), used directly as `Exp(-tstep / tau_M)` — voltage-independent. Matches I_M_fixed_tau."
a41e4712-88f2-45ea-8c43-db32d0e72c76,a70abf70-001b-4b4f-9c79-56789d37f2a7,5,14,153,-280.7112731933594,I_M,I_M_fixed_tau,"Single M-current gate p with Boltzmann steady-state p_inf_M. Time constant tau_M = params[:,9] is a fixed scalar clamped to min=1e-3, used directly as `Exp(-tstep / tau_M_safe)` — no voltage dependence in tau. Matches I_M_fixed_tau."
4092e8e5-5f7c-4399-a754-49a32c94e502,a70abf70-001b-4b4f-9c79-56789d37f2a7,5,14,154,-284.3847351074219,I_M,I_M_voltage_dep_tau,"Single M-current gate p with Boltzmann p_inf and a bell-shaped tau_p computed as tau_max_M / (exp(dv) + exp(-dv)) where dv = (V - V_half_M)/20. This is a cosh-based voltage-dependent time constant (Wang 1998 form), making it I_M_voltage_dep_tau."
c92ac024-765a-489d-b6cd-09af91596a08,a70abf70-001b-4b4f-9c79-56789d37f2a7,5,14,155,-279.1822509765625,I_M,I_M_fixed_tau,"Single M-current gate p with Boltzmann p_inf and a voltage-independent time constant tau_p_M drawn directly from params[:,9], clamped to min=1e-3. No voltage dependence in tau_p — it is a fixed scalar per batch element, making this I_M_fixed_tau."
b968817c-a455-4e87-ba4a-bed43052d83b,a70abf70-001b-4b4f-9c79-56789d37f2a7,5,14,156,-285.74224853515625,I_M,I_M_fixed_tau,"Single M-current gate p with Boltzmann p_inf and a voltage-independent time constant tau_p_base drawn from params[:,9], clamped to [1, 3000] ms and precomputed before the loop as tau_p_safe. No voltage dependence in tau — fixed scalar, making this I_M_fixed_tau."
aa24c43c-b0ed-4315-a015-77e7bc292e92,a70abf70-001b-4b4f-9c79-56789d37f2a7,5,14,157,-281.8009338378906,I_M,I_M_fixed_tau,"Single M-current gate p with Boltzmann p_inf and a voltage-independent time constant tau_M drawn from params[:,9], clamped to min=1.0 as tau_M_safe before the loop. No voltage dependence in tau — fixed scalar per batch element, making this I_M_fixed_tau."
bcd2c889-9b16-44f3-a5a2-4617bf4e7830,a70abf70-001b-4b4f-9c79-56789d37f2a7,5,14,158,-287.6233215332031,I_M,I_M_fixed_tau,"Single M-current gate p with Boltzmann p_inf_M and a voltage-independent time constant tau_M drawn from params[:,9], clamped to min=5.0 as tau_p_M before the loop. No voltage dependence in tau — fixed scalar per batch element, making this I_M_fixed_tau."
8962f361-2685-4d7c-aa98-52de9902aadb,a70abf70-001b-4b4f-9c79-56789d37f2a7,5,14,159,-291.2328186035156,I_M,I_M_voltage_dep_tau,"Single M-current gate p with Boltzmann p_inf and a voltage-dependent tau_p using a cosh-like denominator (Exp(dV/40) + Exp(-dV/40)), which is a bell-shaped function of V. tau_p_scale is a learned parameter but the time constant itself varies with voltage. No second channel present."
24ec28e3-43e2-4261-a43d-b434131daba2,a70abf70-001b-4b4f-9c79-56789d37f2a7,5,14,160,-276.5030517578125,I_M,I_M_fixed_tau,"Single M-current gate p with Boltzmann p_inf. The time constant tau_p_fn() returns torch.clamp(tau_M, min=0.1), where tau_M is drawn directly from params[:,9] — a fixed scalar with no voltage dependence. This is a fixed_scalar tau. No second channel present."
ccb48b24-9bdd-40b4-9809-314c058ac726,a70abf70-001b-4b4f-9c79-56789d37f2a7,5,14,161,-287.97314453125,I_M,I_M_fixed_tau,"Single M-current gate p with Boltzmann p_inf. The time constant is tau_M_safe = torch.clamp(tau_M, min=0.1), where tau_M = params[:,9] is a constant scalar with no voltage dependence. This matches the fixed_scalar tau criterion. No second channel present."
72de593e-98f3-4a47-9963-125d81407462,a70abf70-001b-4b4f-9c79-56789d37f2a7,5,14,162,-278.2358093261719,I_M,I_M_voltage_dep_tau,"Single M-current gate p with Boltzmann p_inf (slope 9 mV). The tau_p function computes tau_M_scale / (3.3 * (Exp(dV/20) + Exp(-dV/20))), which is a bell-shaped voltage-dependent time constant (Wang 1998 form). No second channel present."
da0ce5e6-ca90-4144-a019-64db273de600,b8102286-d8c7-43d5-93eb-b576b2869877,8,13,123,-313.8805847167969,I_M,I_M_voltage_dep_tau,"Single M-current gate p with fixed V_HALF_M=-35 mV Boltzmann p_inf. The tau_p_M function computes tau_max / (Exp(dv) + Exp(-dv)) where dv=(V-V_HALF_M)/20, a bell-shaped voltage-dependent time constant. tau_max is a learned parameter but the tau itself varies with V. No second channel present."
15eec231-bb44-4dbd-bff3-426202ec2e30,b8102286-d8c7-43d5-93eb-b576b2869877,8,13,124,-297.65234375,I_M,I_M_voltage_dep_tau,"Single M-current gate p with Boltzmann p_inf_M and a bell-shaped voltage-dependent tau_p_M: tau = tau_max_M / (Exp(dv) + Exp(-dv)) where dv = (V - V_HALF_M)/20. This is the cosh/bell-shaped form, making tau voltage-dependent. No second channel present. -> I_M_voltage_dep_tau."
3d275640-ee61-4eec-b53f-4c31ddacceaf,b8102286-d8c7-43d5-93eb-b576b2869877,8,13,125,-307.2808837890625,I_M,I_M_voltage_dep_tau,Single M-current gate p with Boltzmann p_inf and bell-shaped tau_p: tau = tau_max / (Exp(dv) + Exp(-dv)) where dv = (V - V_HALF_M)/20. Voltage-dependent bell-shaped time constant. No second channel. -> I_M_voltage_dep_tau.
d590e520-597e-449f-9116-28f90d131347,b8102286-d8c7-43d5-93eb-b576b2869877,8,13,126,-294.284912109375,I_M,I_M_voltage_dep_tau,Single M-current gate p with Boltzmann p_inf_M and bell-shaped tau_p_M: tau = tau_max_M / (Exp(dv) + Exp(-dv)) where dv = (V - V_half_M)/20. Voltage-dependent time constant. No second channel. -> I_M_voltage_dep_tau.
a7e64443-e98a-4eca-b578-ee5b3fb053e0,b8102286-d8c7-43d5-93eb-b576b2869877,8,13,127,-283.2328186035156,I_M,I_M_voltage_dep_tau,"Single M-current gate p with Boltzmann p_inf and bell-shaped tau_p: tau = tau_max / (Exp(dv) + Exp(-dv)) where dv = (V - V_half)/20. V_half is inferred from params[:,8]. Voltage-dependent bell-shaped time constant. No second channel. -> I_M_voltage_dep_tau."
69773951-3e9e-4763-a5fa-566d2d5704bf,b8102286-d8c7-43d5-93eb-b576b2869877,8,13,128,-291.6476135253906,I_M,I_M_voltage_dep_tau,"Single M-current gate p with Boltzmann p_inf_M and bell-shaped tau_p_M: tau = tau_max_M / (Exp(dv) + Exp(-dv)) where dv = (V - V_half_M)/20. V_half_M inferred from params[:,8], tau_max_M from params[:,9]. Voltage-dependent bell-shaped time constant. No second channel. -> I_M_voltage_dep_tau."
d26a1bed-9bba-45a2-adb8-fded2ef46c1f,b8102286-d8c7-43d5-93eb-b576b2869877,8,13,129,-274.5505065917969,I_M,I_M_voltage_dep_tau,Single M-current gate p with Boltzmann p_inf and a bell-shaped voltage-dependent time constant: tau_p_M = tau_max / (Exp(dv) + Exp(-dv)) where dv = (V - V_half_M)/20. This is a cosh-like denominator giving a voltage-dependent tau. No second channel present. -> I_M_voltage_dep_tau.
27368282-eb2b-4c8f-b570-41b922fa6402,b8102286-d8c7-43d5-93eb-b576b2869877,8,13,130,-281.3310852050781,I_M,I_M_voltage_dep_tau,"Single M-current gate p with Boltzmann p_inf and bell-shaped tau: tau_p_M = tau_max_M / (Exp(dv) + Exp(-dv)), i.e. tau_max / (2*cosh(dv)). Voltage-dependent tau, no second channel. -> I_M_voltage_dep_tau."
85375d83-4055-434b-b0d7-3884fdc08807,b8102286-d8c7-43d5-93eb-b576b2869877,8,13,131,-282.76513671875,I_M,I_M_voltage_dep_tau,"Single M-current gate p with Boltzmann p_inf and voltage-dependent bell-shaped tau: tau_p_M = tau_max_M / (Exp(dv) + Exp(-dv)). No inactivation gate, no second channel. -> I_M_voltage_dep_tau."
746624c2-b383-4e83-aad5-84fc3cbb8590,b8102286-d8c7-43d5-93eb-b576b2869877,8,13,132,-283.04168701171875,I_M,I_M_voltage_dep_tau,Single M-current gate p with Boltzmann p_inf and bell-shaped voltage-dependent tau: tau_p_M = tau_max / (Exp(dv) + Exp(-dv)). No second channel. -> I_M_voltage_dep_tau.
f72321a2-5613-42ce-bfb0-adff9fc6c45c,2faf0d72-ccdf-41c7-8435-937ca82436c7,9,9,74,-291.9525756835937,I_M,I_M_voltage_dep_tau,Single M-current gate p with Boltzmann p_inf and voltage-dependent tau: tau_p = tau_max_M / (3.3*Exp((V-V_half_M)/20) + Exp(-(V-V_half_M)/20)). This is an asymmetric bell-shaped (voltage-dependent) time constant. No second channel. -> I_M_voltage_dep_tau.
e9f6a325-b8a3-47e7-939f-0690a5999a56,2faf0d72-ccdf-41c7-8435-937ca82436c7,9,9,75,-292.34405517578125,I_M,I_M_voltage_dep_tau,"Single M-gate (p) with Boltzmann steady-state p_inf and a bell-shaped voltage-dependent time constant: tau_p(V) = tau_max_M / (3.3*exp((V-V_half_M)/20) + exp(-(V-V_half_M)/20)). This is the Wang 1998 cosh-like form, making tau_type=voltage_dependent. No second channel present. -> I_M_voltage_dep_tau."
5b560a89-0b05-4755-bfb3-b5a301a71d58,2faf0d72-ccdf-41c7-8435-937ca82436c7,9,9,76,-293.9174194335937,I_M,I_M_voltage_dep_tau,"Identical structure to snippet 1: single M-gate (p), Boltzmann p_inf, bell-shaped tau_p with 3.3*exp(...)+exp(...) denominator (voltage-dependent). No additional channel beyond I_M. -> I_M_voltage_dep_tau."
2910dfaa-2bbf-46eb-a7e8-bcf360418216,2faf0d72-ccdf-41c7-8435-937ca82436c7,9,9,77,-279.4571533203125,I_M,I_M_voltage_dep_tau,Single M-gate (p) with sigmoid p_inf and bell-shaped voltage-dependent tau_p = tau_max_M / (3.3*exp((V-V_half_M)/20) + exp(-(V-V_half_M)/20)). tau_type=voltage_dependent. No second channel. -> I_M_voltage_dep_tau.
cebaf172-5f2f-4873-afa1-7cf67f0a215f,2faf0d72-ccdf-41c7-8435-937ca82436c7,9,9,78,-279.0335693359375,I_M,I_M_voltage_dep_tau,"Single M-gate (p), Boltzmann p_inf, bell-shaped tau_p via 3.3*exp+exp denominator (Wang 1998 form). tau_type=voltage_dependent. No second channel. -> I_M_voltage_dep_tau."
9d27b0e7-5d92-4d2b-a082-6a347f08f5a0,2faf0d72-ccdf-41c7-8435-937ca82436c7,9,9,79,-279.67901611328125,I_M,I_M_voltage_dep_tau,Single M-gate (p) with sigmoid p_inf and bell-shaped tau_p = tau_max_M / (3.3*exp((V-V_half_M)/20) + exp(-(V-V_half_M)/20)). tau_type=voltage_dependent. No second channel. -> I_M_voltage_dep_tau.
2b1e9185-c761-4621-9ecc-9e73e0c4f957,2faf0d72-ccdf-41c7-8435-937ca82436c7,9,9,80,-278.9363098144531,I_M,I_M_voltage_dep_tau,"Single M-type K+ gate p with Boltzmann p_inf and bell-shaped voltage-dependent tau_p = tau_max_M / (3.3*exp((V-V_half_M)/20) + exp(-(V-V_half_M)/20)). tau_max_M is drawn from params[:,9] (positive, clamped >= 1.0 ms). This is the Wang 1998 / Brown & Adams cosh-like formulation -> voltage_dependent tau -> I_M_voltage_dep_tau."
00f1ff71-3ac8-4838-99b9-af1545ad72c7,2faf0d72-ccdf-41c7-8435-937ca82436c7,9,9,81,-280.6329345703125,I_M,I_M_voltage_dep_tau,"Single M-type K+ gate p with sigmoid p_inf and bell-shaped tau_p = tau_max_M / (3.3*exp((V-V_half_M)/20) + exp(-(V-V_half_M)/20)). tau_max_M = clamp(params[:,9], min=1.0) is a positive scalar but the time constant itself varies with voltage (bell-shaped). No inactivation gate, no secondary channel. -> I_M_voltage_dep_tau."
9b3bd145-8e31-423b-915a-e6756bc0ee43,2faf0d72-ccdf-41c7-8435-937ca82436c7,9,9,82,-288.217041015625,I_M,I_M_voltage_dep_tau,"Single M-type K+ gate p, Boltzmann p_inf, bell-shaped voltage-dependent tau_p using the 3.3*exp + exp denominator (Brown & Adams / Wang 1998 form). tau_max_M from params[:,9] directly (positive). No inactivation, no secondary channel. -> I_M_voltage_dep_tau."
79654666-53f7-45c2-9126-e0d463e96c9e,2faf0d72-ccdf-41c7-8435-937ca82436c7,9,9,83,-290.4552307128906,I_M,I_M_voltage_dep_tau,"Single M-type K+ gate p with sigmoid steady-state and bell-shaped voltage-dependent time constant tau_p = tau_max_M / (3.3*exp((V-V_half_M)/20) + exp(-(V-V_half_M)/20)). tau_max_M = clamp(params[:,9], min=1.0). No inactivation gate, no secondary channel. -> I_M_voltage_dep_tau."
af6a8c22-4b12-4e75-8b6b-b1f89d986c1b,2faf0d72-ccdf-41c7-8435-937ca82436c7,9,9,84,-282.4934997558594,I_M,I_M_voltage_dep_tau,"Single M-type K+ gate p, Boltzmann p_inf centred at V_half_M, bell-shaped voltage-dependent tau_p = tau_max_M / (3.3*exp((V-V_half_M)/20) + exp(-(V-V_half_M)/20)). tau_max_M = clamp(params[:,9], min=1.0). No inactivation gate, no secondary channel. -> I_M_voltage_dep_tau."
f0cd60dd-aa4b-4146-903a-a73ffb7a4c89,2faf0d72-ccdf-41c7-8435-937ca82436c7,9,9,85,-276.8605041503906,I_M,I_M_voltage_dep_tau,"Single M-type K+ gate p with Boltzmann p_inf and a bell-shaped voltage-dependent tau_p = tau_max_M / (3.3*exp((V-V_half_M)/20) + exp(-(V-V_half_M)/20)). tau_max_M is drawn from params[:,9] (a learned parameter), but the time constant itself varies with V (bell-shaped). This matches tau_type=voltage_dependent -> I_M_voltage_dep_tau."
cad4735f-634e-4a14-b23f-6a830d03f01d,2faf0d72-ccdf-41c7-8435-937ca82436c7,9,9,86,-294.45050048828125,I_M,I_M_voltage_dep_tau,"Identical structure to snippet 1: single M-gate p, Boltzmann p_inf, and bell-shaped voltage-dependent tau_p = tau_max_M / (3.3*exp((V-V_half_M)/20) + exp(-(V-V_half_M)/20)). The time constant varies with V -> tau_type=voltage_dependent -> I_M_voltage_dep_tau."
ef902e4e-2bb0-4421-96fe-e63f0dfaedac,2faf0d72-ccdf-41c7-8435-937ca82436c7,9,9,87,-290.1964111328125,I_M,I_M_voltage_dep_tau,"Same formulation: single M-gate p, Boltzmann steady-state p_inf, and bell-shaped voltage-dependent tau_p = tau_max_M / (3.3*exp((V-V_half_M)/20) + exp(-(V-V_half_M)/20)). tau varies with V -> tau_type=voltage_dependent -> I_M_voltage_dep_tau."
92a31f7b-abc6-457a-a9b7-ecebeca4ece6,e364bbb6-4cbb-4973-a0e9-ca180dc93386,6,14,139,-255.71243286132807,I_M,I_M_fixed_tau,"Single M-gate p with Boltzmann p_inf (sigmoid centred at Vt + v_half_offset). The time constant is fixed at tau_p_fixed = 100.0 ms (a hardcoded constant, not voltage-dependent). Pre-computed as exp_p_decay = Exp(-tstep/tau_p_fixed) before the loop. This is a fixed scalar tau -> tau_type=fixed_scalar -> I_M_fixed_tau."
8b2acebb-d8a1-456f-b12a-0a9f04710007,e364bbb6-4cbb-4973-a0e9-ca180dc93386,6,14,140,-259.1706848144531,I_M,I_M_fixed_tau,"Single M-gate p with Boltzmann p_inf (sigmoid centred at Vt + v_half_shift). The time constant is fixed at tau_p_fixed = 150.0 ms (hardcoded constant, voltage-independent). Used as Exp(torch.full_like(p_prev, -tstep/tau_p_fixed)) in the loop. This is a fixed scalar tau -> tau_type=fixed_scalar -> I_M_fixed_tau."
8f2f0a13-1153-437f-8b31-8ee24f0ded88,e364bbb6-4cbb-4973-a0e9-ca180dc93386,6,14,141,-251.7410125732422,I_M,I_M_fixed_tau,"Single M-current gate p with Boltzmann steady-state p_inf. Time constant is directly param_j (params[:,9]), a fixed scalar from the parameter vector with no voltage dependence. The update is: p[:,i] = p_inf_now + (p_prev - p_inf_now) * Exp(-tstep / param_j). This is a fixed scalar tau -> I_M_fixed_tau."
c66cf16f-08b6-450f-b101-d83767ce5e50,e364bbb6-4cbb-4973-a0e9-ca180dc93386,6,14,142,-261.60906982421875,I_M,I_M_fixed_tau,"Single M-current gate p with Boltzmann steady-state p_inf. Time constant is fixed at tau_p_const = 150.0 ms (a hardcoded constant scalar, not voltage-dependent). The decay factor exp_p_decay is precomputed once before the loop. This is a fixed scalar tau -> I_M_fixed_tau."
a33c0c94-9229-4432-955a-26099220f892,e364bbb6-4cbb-4973-a0e9-ca180dc93386,6,14,143,-266.2070617675781,I_M,I_M_fixed_tau,"Single M-current gate p with Boltzmann steady-state p_inf. Time constant is fixed at tau_p_fixed = 150.0 ms (hardcoded constant), precomputed as exp_p before the loop. No voltage dependence in tau. This is a fixed scalar tau -> I_M_fixed_tau."
d48a0a14-d795-41e9-90ed-91dff6a503ef,e364bbb6-4cbb-4973-a0e9-ca180dc93386,6,14,144,-255.1510467529297,I_M,I_M_fixed_tau,"Single M-current gate p with Boltzmann steady-state p_inf. Time constant is param_j (params[:,9]), a learned scalar parameter clamped with torch.clamp(param_j, min=1e-4). No voltage-dependent computation of tau. This is a fixed scalar tau -> I_M_fixed_tau."
a8ca248a-13dd-4fc4-88e0-46720548c10d,e364bbb6-4cbb-4973-a0e9-ca180dc93386,6,14,145,-258.062744140625,I_M,I_M_fixed_tau,"Single M-current gate p with Boltzmann steady-state p_inf. Time constant is param_j (params[:,9]), a learned scalar clamped with torch.clamp(param_j, min=1e-3). No voltage-dependent computation of tau. This is a fixed scalar tau -> I_M_fixed_tau."
29ad93db-981c-4042-be25-f11a030c0002,e364bbb6-4cbb-4973-a0e9-ca180dc93386,6,14,146,-255.79898071289065,I_M,I_M_fixed_tau,"Single M-current gate p with Boltzmann steady-state p_inf. Time constant is fixed at TAU_P = 150.0 ms (a constant scalar, precomputed as exp_decay_p before the loop). No voltage dependence in tau. No second channel. -> I_M_fixed_tau."
60aa82d5-46ed-45f6-ada0-96329375d204,e364bbb6-4cbb-4973-a0e9-ca180dc93386,6,14,147,-304.6395874023437,unknown,unknown,This snippet implements only a persistent Na+ current (I_NaP) with instantaneous Boltzmann activation and no M-type K+ current. The taxonomy does not have a standalone I_NaP family; all I_NaP entries are paired with I_M. This does not fit base_only (it adds I_NaP) nor any defined family. -> unknown.
23eb4d8c-5ee8-42f8-ae74-59f1db4ebb36,e364bbb6-4cbb-4973-a0e9-ca180dc93386,6,14,148,-276.9042663574219,I_M,I_M_fixed_tau,"Single M-current gate p. The time constant is computed as tau_p = torch.clamp(-param_j, min=1e-3), which is a fixed scalar drawn from a learned parameter (params[:,9]) with no voltage dependence. alpha_p and beta_p are defined as p_ss/tau_p and (1-p_ss)/tau_p respectively, making tau = 1/(alpha_p+beta_p) = tau_p, a constant. No second channel. -> I_M_fixed_tau."
f4e12677-cbb4-4ca3-9d2c-e52d0cb8cb67,e364bbb6-4cbb-4973-a0e9-ca180dc93386,6,14,149,-348.6445617675781,I_M_plus_I_NaP,I_M_plus_I_NaP_voltage_dep_tau,"Two additional channels: (1) M-type K+ current with gate p and bell-shaped voltage-dependent tau_p (Lorentzian form: param_j / (3.3*exp(dv/20) + exp(-dv/20))), and (2) persistent Na+ current (I_NaP) with instantaneous Boltzmann activation (no state variable ODE). This matches I_M_plus_I_NaP with voltage-dependent tau for I_M. -> I_M_plus_I_NaP_voltage_dep_tau."
ece42a40-bffa-4e60-9430-aa5024483962,a70abf70-001b-4b4f-9c79-56789d37f2a7,5,15,163,-283.2354736328125,I_M,I_M_fixed_tau,"Single M-current gate p with Boltzmann steady-state p_inf_M. Time constant tau_p_M = params[:,9] is extracted as a fixed scalar (batch-specific but voltage-independent), clamped to min=1e-3. The gate update uses p_ss + (p_prev - p_ss)*Exp(-tstep/tau_p_safe) with no voltage dependence in tau. No second channel. -> I_M_fixed_tau."
a62111dd-afe3-4451-a15e-3d84f04fdae3,a70abf70-001b-4b4f-9c79-56789d37f2a7,5,15,164,-282.8227844238281,I_M,I_M_fixed_tau,"Single M-current gate p with Boltzmann steady-state p_inf. The time constant tau_M is taken directly from params[:,9] (a fixed scalar per batch element, not negated, kept positive). It is clamped with torch.clamp(tau_M, min=0.1) but has no voltage dependence — no cosh/bell-shape, no alpha/beta kinetics for the M gate. This is a fixed scalar tau -> I_M_fixed_tau."
b9f82d05-119f-4a3b-ba59-44b831697b0c,a70abf70-001b-4b4f-9c79-56789d37f2a7,5,15,165,-262.9681091308594,I_M,I_M_fixed_tau,"Single M-current gate p with Boltzmann steady-state p_inf (slope 9 mV). The time constant tau_M is drawn directly from params[:,9] as a positive scalar, clamped to min=0.1 ms, with no voltage dependence whatsoever. No bell-shaped or alpha/beta formulation for tau. This is a fixed scalar tau -> I_M_fixed_tau."
c261b9f8-75ca-40ff-bc31-e433340611a4,a70abf70-001b-4b4f-9c79-56789d37f2a7,5,15,166,-277.4865417480469,I_M,I_M_fixed_tau,"Single M-current gate p with Boltzmann steady-state p_inf (slope 10 mV, half-activation V_half_M). The time constant tau_p is taken directly from params[:,9] as a positive constant scalar per batch element, with no voltage dependence. Used as Exp(-tstep / tau_p) directly. This is a fixed scalar tau -> I_M_fixed_tau."
8b6f2187-7d26-4e86-8d16-7a0f5c514bc1,a70abf70-001b-4b4f-9c79-56789d37f2a7,5,15,167,-286.5260925292969,I_M,I_M_fixed_tau,"Single M-current gate p with Boltzmann steady-state p_inf_M (slope 10 mV). The time constant tau_M is taken directly from params[:,9] as a positive scalar, used as Exp(-tstep / (tau_M + 1e-6)) with no voltage dependence. No bell-shaped or alpha/beta formulation. This is a fixed scalar tau -> I_M_fixed_tau."
349caf5d-54b5-47e2-9ec9-dd1b13df8cfc,a70abf70-001b-4b4f-9c79-56789d37f2a7,5,15,168,-269.20965576171875,I_M,I_M_fixed_tau,"Single M-current gate p with Boltzmann steady-state p_inf (slope 10 mV, half-activation V_half_M). The time constant tau_p is taken directly from params[:,9] as a positive constant scalar per batch element, with no voltage dependence. Used as Exp(-tstep / tau_p) directly. This is a fixed scalar tau -> I_M_fixed_tau."
f5d61d49-57fd-4315-96d9-b59e0ed5f966,a70abf70-001b-4b4f-9c79-56789d37f2a7,5,15,169,-286.4838256835937,I_M,I_M_voltage_dep_tau,"Single M-current gate p with Boltzmann p_inf and a bell-shaped voltage-dependent tau_p_M: `tau_M_scale / (3.3 * (Exp(dv/40) + Exp(-dv/20)) + 1e-6)`. The time constant varies with V (asymmetric exponential denominator), making this voltage_dependent tau -> I_M_voltage_dep_tau."
73b1835d-1c39-4e75-bb72-a18cdc6f212f,a70abf70-001b-4b4f-9c79-56789d37f2a7,5,15,170,-373.29638671875,I_M_plus_I_A,I_M_plus_I_A,"Two additional channels: (1) M-type K+ current with single gate p, fixed scalar tau_M (params[:,7], constant across time, clamped), and (2) A-type transient K+ current with instantaneous activation a_inf (no ODE for a, though it has a state variable updated with fixed TAU_A_ACT=5ms) and inactivation gate b with fixed TAU_A_INH=15ms. The A-current has an inactivation gate b and uses fixed time constants. This matches I_M_plus_I_A: has_inactivation_gate=true for the pair due to IA inactivation gate b, secondary=I_A."
e2c5e2f7-7790-4a86-b11e-3ea8ddf0cdd6,a70abf70-001b-4b4f-9c79-56789d37f2a7,5,15,171,-286.2330322265625,I_M,I_M_fixed_tau,"Single M-current gate p with Boltzmann p_inf_M (fixed V_half_M=-35 mV) and a fixed scalar time constant tau_p_M drawn directly from params[:,7] (clamped to min=1e-3). The tau is voltage-independent (constant scalar from parameter), matching tau_type=fixed_scalar -> I_M_fixed_tau."
1e842017-316b-4972-9f2e-3bcf9c291ce4,a70abf70-001b-4b4f-9c79-56789d37f2a7,5,15,172,-298.7918701171875,I_M,I_M_fixed_tau,"Single M-current gate p with Boltzmann p_inf (fixed V_half_M=-35 mV, k_M=10 mV) and a fixed scalar time constant tau_p precomputed before the loop as `torch.clamp(tau_M, min=0.5)` from params[:,8]. The tau does not vary with V during integration, matching tau_type=fixed_scalar -> I_M_fixed_tau."
fb7d9ef7-4583-4617-9e53-3fbb88412467,2faf0d72-ccdf-41c7-8435-937ca82436c7,9,10,88,-295.9743347167969,I_M,I_M_voltage_dep_tau,"Single M-current gate p with Boltzmann p_inf and a bell-shaped voltage-dependent tau_p: `tau_max_M / (3.3*Exp((V-V_half_M)/20) + Exp(-(V-V_half_M)/20))`. The time constant is computed at each voltage step (varies with V), matching tau_type=voltage_dependent -> I_M_voltage_dep_tau."
eed36e89-2189-48f4-a2c7-43408cb1975a,2faf0d72-ccdf-41c7-8435-937ca82436c7,9,10,89,-289.92047119140625,I_M,I_M_voltage_dep_tau,"Single M-gate p with Boltzmann p_inf and bell-shaped tau_p(V) = tau_max_M / (3.3*exp(dv/20) + exp(-dv/20)), which is a voltage-dependent (bell-shaped) time constant. No second channel. -> I_M_voltage_dep_tau."
b7ffe3fb-304d-4868-a3ae-848abe845018,2faf0d72-ccdf-41c7-8435-937ca82436c7,9,10,90,-283.1678771972656,I_M,I_M_voltage_dep_tau,Single M-gate p with Boltzmann steady-state p_inf and bell-shaped voltage-dependent tau_p via the Brown & Adams 1980 form (3.3*exp + exp denominator). No second channel present. -> I_M_voltage_dep_tau.
b0f7c44a-a714-4ede-a04f-726cf2449450,2faf0d72-ccdf-41c7-8435-937ca82436c7,9,10,91,-291.3934936523437,I_M,I_M_voltage_dep_tau,"Single M-gate p with sigmoid p_inf and bell-shaped tau_p(V) = tau_max_M / (3.3*exp((V-V_half_M)/20) + exp(-(V-V_half_M)/20)). Voltage-dependent tau, no second channel. -> I_M_voltage_dep_tau."
3d496683-868e-4128-8987-90f570b98d32,2faf0d72-ccdf-41c7-8435-937ca82436c7,9,10,92,-284.0274658203125,I_M,I_M_voltage_dep_tau,"Single M-gate p with Boltzmann p_inf and bell-shaped voltage-dependent tau_p (Brown & Adams 1980 form). tau_max_M recovered via torch.abs(-params[:,9]). No second channel. -> I_M_voltage_dep_tau."
a2f9b30c-483f-456f-b282-78f7825fc5f7,2faf0d72-ccdf-41c7-8435-937ca82436c7,9,10,93,-287.5295715332031,I_M,I_M_voltage_dep_tau,"Single M-gate p with sigmoid p_inf and bell-shaped tau_p(V) = tau_max_M / (3.3*exp((V-V_half_M)/20) + exp(-(V-V_half_M)/20)). Voltage-dependent tau, no second channel. -> I_M_voltage_dep_tau."
d7720a5d-62d5-4f4a-b58c-90e7fe1cc668,2faf0d72-ccdf-41c7-8435-937ca82436c7,9,10,94,-291.0850524902344,I_M,I_M_voltage_dep_tau,Single M-current gate p with Boltzmann p_inf and a bell-shaped voltage-dependent tau_p using the form tau_max_M / (3.3*exp((V-V_half_M)/20) + exp(-(V-V_half_M)/20)). This is the classic Wang 1998 cosh-like denominator giving a voltage-dependent (bell-shaped) time constant. No second channel present.
6495187f-c2e2-4c7f-9575-3aaa34aca4ed,2faf0d72-ccdf-41c7-8435-937ca82436c7,9,10,95,-306.79071044921875,I_M_plus_I_h,I_M_plus_I_h_voltage_dep_tau,"Two additional channels: (1) I_M with single gate p and bell-shaped voltage-dependent tau_p (4.3*tau_max_M / (3.3*exp(...) + exp(...)) form), and (2) I_h with single gate r, inverted Boltzmann r_inf activating on hyperpolarization, and a fixed scalar tau_r = 200 ms. This matches I_M_plus_I_h with voltage-dependent tau for I_M."
f5e07dcf-efa1-45d8-90eb-d5afe1836935,2faf0d72-ccdf-41c7-8435-937ca82436c7,9,10,96,-338.1351013183594,unknown,unknown,"This snippet implements a persistent sodium current (I_NaP) as the sole additional channel — a single gate m_p with Boltzmann steady-state and a fixed scalar tau_m_p_NaP. There is no I_M gate. The taxonomy does not include a standalone I_NaP family (only I_NaP paired with I_M), so this does not fit any defined subtype."
a1593483-9c61-4def-8217-b72998447eeb,e364bbb6-4cbb-4973-a0e9-ca180dc93386,6,15,150,-253.55636596679688,I_M,I_M_fixed_tau,"Single M-current gate p with Boltzmann p_inf centered at (Vt + param_i). The time constant is param_j used directly as a constant scalar (voltage-independent): p[:, i] = p_inf_now + (p_prev - p_inf_now) * Exp(-tstep / param_j). No bell-shaped or voltage-dependent tau computation. This matches I_M_fixed_tau (tau_type=fixed_scalar)."
f74c0c02-2c93-49b8-a176-ae05a60adc22,e364bbb6-4cbb-4973-a0e9-ca180dc93386,6,15,151,-243.63650512695312,I_M,I_M_fixed_tau,"Single M-current gate p with Boltzmann p_inf centered at (Vt + param_i). The time constant is param_j used directly as a constant scalar (voltage-independent): p[:, i] = p_inf_now + (p_prev - p_inf_now) * Exp(-tstep / param_j). No voltage-dependent tau computation. This matches I_M_fixed_tau (tau_type=fixed_scalar)."
4c1a0ca2-c468-4688-a1f7-ef1624f30b70,e364bbb6-4cbb-4973-a0e9-ca180dc93386,6,15,152,-247.8245086669922,I_M,I_M_fixed_tau,"Single M-current gate p with Boltzmann steady-state p_inf. The time constant tau_M is hardcoded as a fixed constant (200.0 ms), not derived from voltage or any parameter. This is a fixed scalar tau -> I_M_fixed_tau."
ed29dae6-2dc6-47d2-86b7-f29e7dcf8486,e364bbb6-4cbb-4973-a0e9-ca180dc93386,6,15,154,-255.9888458251953,I_M,I_M_fixed_tau,"Single M-current gate p with Boltzmann steady-state p_inf. The time constant is param_j drawn directly from params[:,9] as a positive scalar (voltage-independent). The update is Exp(-tstep / param_j), a fixed scalar tau per batch element -> I_M_fixed_tau."
924ee0eb-5cea-4388-98f2-644d9a01cc82,e364bbb6-4cbb-4973-a0e9-ca180dc93386,6,15,155,-252.53543090820312,I_M,I_M_fixed_tau,"Single M-current gate p with Boltzmann steady-state. The time constant tau_p_safe = torch.clamp(-param_j, min=0.1) is a fixed scalar (voltage-independent) derived from params[:,9]. No voltage-dependent tau computation. -> I_M_fixed_tau."
c612b289-3396-43d5-a22d-d653cfd20c43,e364bbb6-4cbb-4973-a0e9-ca180dc93386,6,15,156,-323.9427490234375,I_M_plus_I_NaP,I_M_plus_I_NaP_fixed_tau,"Two additional channels: X1 is M-type K+ current with single gate p and fixed scalar tau (tau_M = clamp(param_j, min=1.0), voltage-independent). X2 is persistent Na+ current (I_NaP) with instantaneous Boltzmann activation m_NaP_inf (no state variable ODE). This matches I_M_plus_I_NaP_fixed_tau."
eabc1790-b2aa-4e9e-9355-0e5ece0c6727,b8102286-d8c7-43d5-93eb-b576b2869877,8,14,134,-340.2231140136719,I_M_plus_I_NaP,I_M_plus_I_NaP_voltage_dep_tau,"Two additional channels: X1 is M-type K+ current with single gate p and a bell-shaped voltage-dependent time constant tau_p_M(x) = tau_max_M / (Exp(dv) + Exp(-dv)), which is a cosh-like denominator giving a bell-shaped tau. X2 is persistent Na+ current (I_NaP) with instantaneous Boltzmann activation m_inf_NaP (no ODE). This matches I_M_plus_I_NaP_voltage_dep_tau."
023566e4-e985-4bc9-920a-3d1422caf028,b8102286-d8c7-43d5-93eb-b576b2869877,8,14,135,-296.20556640625,I_M,I_M_voltage_dep_tau,"Single M-type K+ current with one activation gate p. Steady-state is a Boltzmann sigmoid. Time constant tau_p_M uses a bell-shaped cosh form: tau_max / (exp(dv) + exp(-dv)), where dv = (V - V_HALF_M) / 20.0. This is a voltage-dependent (bell-shaped) tau, not a fixed scalar. tau_max is an inferred parameter (params[:,7]) but the tau itself varies with V. No second channel present."
d40b0a1c-bf74-4034-8380-cf90fa01750a,b8102286-d8c7-43d5-93eb-b576b2869877,8,14,136,-297.6602783203125,I_M,I_M_voltage_dep_tau,"Single M-type K+ current with one activation gate p. Steady-state is a Boltzmann sigmoid fixed at V_half=-35 mV. Time constant tau_p_M is bell-shaped: tau_max_M / (exp(dv) + exp(-dv)), voltage-dependent cosh form. tau_max_M is inferred from params[:,7] but the tau varies with V. No second channel present."
3bc323eb-a4a9-43a4-8e49-07424171798f,b8102286-d8c7-43d5-93eb-b576b2869877,8,14,137,-328.1576232910156,I_M_plus_I_NaP,I_M_plus_I_NaP_voltage_dep_tau,"Two additional channels: (1) M-type K+ current with gate p, bell-shaped voltage-dependent tau (tau_max_M / (exp(dv)+exp(-dv))), and (2) Persistent Na+ current (I_NaP) with instantaneous Boltzmann activation m_inf_NaP (no ODE state variable). I_NaP uses E_Na and fixed V_HALF_NAP=-55 mV. This matches I_M_plus_I_NaP with voltage-dependent tau for I_M."
23e3e938-29a3-404f-b245-b82d94d23d8e,b8102286-d8c7-43d5-93eb-b576b2869877,8,14,138,-279.7799072265625,I_M,I_M_voltage_dep_tau,"Single M-type K+ current with one activation gate p. Steady-state is Boltzmann with inferred V_half_M = -params[:,8]. Time constant tau_p_M uses bell-shaped cosh form: TAU_MAX_M / (exp(dv) + exp(-dv)), where TAU_MAX_M=200.0 is a fixed constant but the tau still varies with V (voltage-dependent). No second channel present."
c6f3d37d-a597-4dfa-9e32-63a8596e8216,b8102286-d8c7-43d5-93eb-b576b2869877,8,14,139,-312.4312438964844,I_M,I_M_voltage_dep_tau,"Single M-type K+ current with one activation gate p. Steady-state is Boltzmann with fixed V_HALF_M=-35 mV. Time constant tau_p_M is bell-shaped: tau_max / (exp(dv) + exp(-dv)), where dv = (V - V_HALF_M) / (2*SLOPE_M). tau_max is inferred from params[:,9] but the tau varies with V (voltage-dependent cosh form). No second channel present."
fa702a50-4a57-4a5a-a8f3-2dbf3ea7f335,b8102286-d8c7-43d5-93eb-b576b2869877,8,14,140,-300.9068908691406,I_M,I_M_voltage_dep_tau,"Single M-current gate p with Boltzmann p_inf and a bell-shaped voltage-dependent tau_p_M computed as tau_max_M / (exp(dv) + exp(-dv)), i.e., tau_max / (2*cosh(dv)). This is the classic Wang 1998 cosh-form voltage-dependent time constant. No second channel present. -> I_M_voltage_dep_tau."
4bd29c2b-5ca7-43c9-b1e9-0e50991e0252,b8102286-d8c7-43d5-93eb-b576b2869877,8,14,141,-285.6346740722656,I_M,I_M_voltage_dep_tau,"Single M-current gate p with Boltzmann p_inf centred at inferred V_half_M, and tau_p_M = tau_max_M / (exp(dv) + exp(-dv)) — a bell-shaped voltage-dependent time constant (cosh form). No second channel. -> I_M_voltage_dep_tau."
66a6b003-8f20-42de-a738-82d0ebd723b6,b8102286-d8c7-43d5-93eb-b576b2869877,8,14,142,-351.5364685058594,I_M_plus_I_NaP,I_M_plus_I_NaP_voltage_dep_tau,"Two additional channels: (1) I_M with single gate p, bell-shaped voltage-dependent tau_p_M = tau_max_M / (2*cosh(...)), and (2) I_NaP with instantaneous Boltzmann activation m_inf_NaP (no state variable ODE). This matches the I_M_plus_I_NaP family with voltage-dependent tau for I_M. -> I_M_plus_I_NaP_voltage_dep_tau."
066e3c02-884c-48c3-b82f-1d3c85c06b93,b8102286-d8c7-43d5-93eb-b576b2869877,8,14,143,-346.70782470703125,unknown,unknown,This snippet adds only a persistent Na+ current (I_NaP) with instantaneous Boltzmann activation and no M-type K+ current at all. There is no I_M gate. The taxonomy does not have a standalone I_NaP family; the closest families all require I_M as the primary channel. This channel combination (base HH + I_NaP only) does not fit any defined subtype. -> unknown.
6fe9e6a0-0638-4a12-ab8e-73bcd987d05d,b8102286-d8c7-43d5-93eb-b576b2869877,8,14,144,-281.50494384765625,unknown,unknown,"This snippet adds only an I_h (HCN) hyperpolarization-activated current with a single gate r, inverted Boltzmann r_inf, and a fixed scalar tau_r (params[:,7] used directly as a constant time constant, precomputed before the loop). There is no I_M channel. The taxonomy only defines I_h as a secondary channel paired with I_M (I_M_plus_I_h families), not as a standalone addition. A standalone I_h without I_M does not match any defined subtype. -> unknown."
af281809-bd16-4632-ad12-c00182fc2143,b8102286-d8c7-43d5-93eb-b576b2869877,8,14,145,-292.5665588378906,I_M_plus_I_NaP,I_M_plus_I_NaP_voltage_dep_tau,"Snippet 1 implements two additional channels: (1) M-type K+ current with gate p, bell-shaped voltage-dependent tau via cosh form (2*tau_max/(Exp(dv)+Exp(-dv))), and (2) Persistent Na+ current (I_NaP) with instantaneous Boltzmann activation m_inf_NaP (no ODE state variable). This matches I_M_plus_I_NaP with voltage-dependent tau for I_M."
c22b3b29-5bbe-4c8c-b13e-d8468ba6561c,2faf0d72-ccdf-41c7-8435-937ca82436c7,9,11,97,-281.994384765625,I_M,I_M_voltage_dep_tau,"Snippet 2 implements only one additional channel: M-type K+ current with single gate p, Boltzmann steady-state p_inf, and bell-shaped voltage-dependent tau via tau_max_M/(3.3*exp((V-V_half_M)/20)+exp(-(V-V_half_M)/20)). No second channel present. This is I_M with voltage-dependent tau."
181d689c-300b-4bfd-a0a6-142a9ab43f7b,2faf0d72-ccdf-41c7-8435-937ca82436c7,9,11,98,-283.2723083496094,I_M,I_M_voltage_dep_tau,"Snippet 3 implements only one additional channel: M-type K+ current with single gate p, Boltzmann steady-state p_inf, and bell-shaped voltage-dependent tau via tau_max_M/(3.3*exp((V-V_half_M)/20)+exp(-(V-V_half_M)/20)). No second channel present. This is I_M with voltage-dependent tau."
f562e21b-9ddc-41f8-aecd-5d1f57505863,2faf0d72-ccdf-41c7-8435-937ca82436c7,9,11,99,-290.4857482910156,I_M,I_M_voltage_dep_tau,"Snippet 4 implements only one additional channel: M-type K+ current with single gate p, Boltzmann steady-state p_inf, and bell-shaped voltage-dependent tau via tau_max_M/(3.3*exp((V-V_half_M)/20)+exp(-(V-V_half_M)/20)). No second channel present. This is I_M with voltage-dependent tau."
1c7cf0c1-3bc8-4e06-8497-bfc5fbda6309,2faf0d72-ccdf-41c7-8435-937ca82436c7,9,11,100,-292.86285400390625,I_M,I_M_voltage_dep_tau,"Snippet 5 implements only one additional channel: M-type K+ current with single gate p, Boltzmann steady-state p_inf, and bell-shaped voltage-dependent tau via tau_max_M/(3.3*exp((V-V_half_M)/20)+exp(-(V-V_half_M)/20)). No second channel present. This is I_M with voltage-dependent tau."
84c20501-f6a0-4ff1-83c2-19393ef789aa,2faf0d72-ccdf-41c7-8435-937ca82436c7,9,11,101,-277.4788818359375,I_M,I_M_voltage_dep_tau,Single M-gate p with Boltzmann p_inf and bell-shaped voltage-dependent tau_p: tau_max_M / (3.3*exp((V-V_half_M)/20) + exp(-(V-V_half_M)/20)). This is the Wang 1998 cosh-like form. No second channel. tau_type=voltage_dependent -> I_M_voltage_dep_tau.
d45fa003-d9ca-40d0-834d-459da6f3855f,2faf0d72-ccdf-41c7-8435-937ca82436c7,9,11,102,-279.785888671875,I_M,I_M_voltage_dep_tau,Single M-gate p with Boltzmann p_inf and bell-shaped voltage-dependent tau_p using the same 3.3*exp + exp denominator (Wang 1998 form). No secondary channel. tau_type=voltage_dependent -> I_M_voltage_dep_tau.
d8091d9b-297d-4bd2-9579-01fa76de6fb1,2faf0d72-ccdf-41c7-8435-937ca82436c7,9,11,103,-290.4271850585937,I_M,I_M_voltage_dep_tau,Single M-gate p with Boltzmann p_inf and bell-shaped voltage-dependent tau_p: tau_max_M / (3.3*exp((V-V_half_M)/20) + exp(-(V-V_half_M)/20)). No secondary channel. tau_type=voltage_dependent -> I_M_voltage_dep_tau.
80446c02-111f-422e-ac4e-562c8fb4a4e1,2faf0d72-ccdf-41c7-8435-937ca82436c7,9,11,104,-297.8927001953125,I_M,I_M_voltage_dep_tau,Single M-gate p with Boltzmann p_inf and bell-shaped voltage-dependent tau_p using the Wang 1998 cosh-like denominator. tau_max_M recovered via torch.abs(). No secondary channel. tau_type=voltage_dependent -> I_M_voltage_dep_tau.
61b164e4-2e96-46a4-9e04-8f3d148b2f59,2faf0d72-ccdf-41c7-8435-937ca82436c7,9,11,105,-278.94012451171875,I_M,I_M_voltage_dep_tau,Single M-gate p with Boltzmann p_inf and bell-shaped voltage-dependent tau_p: tau_max_M / (3.3*exp((V-V_half_M)/20) + exp(-(V-V_half_M)/20)). No secondary channel. tau_type=voltage_dependent -> I_M_voltage_dep_tau.
b6ce5d34-9763-4ae1-ace3-0aabfba6e25b,2faf0d72-ccdf-41c7-8435-937ca82436c7,9,11,106,-281.57110595703125,I_M,I_M_voltage_dep_tau,"Single M-type K+ current with gate p. Steady-state p_inf is a Boltzmann sigmoid. Time constant tau_p uses a bell-shaped denominator: 3.3*exp((V-V_half_M)/20) + exp(-(V-V_half_M)/20), which is a voltage-dependent (cosh-like) form. tau_max_M is drawn from params[:,9] and used as the peak of the bell. This matches the voltage_dependent tau criterion for I_M_voltage_dep_tau."
15ace983-74df-4ace-ad49-1d7db18f4d7f,2faf0d72-ccdf-41c7-8435-937ca82436c7,9,11,107,-281.3560485839844,I_M,I_M_voltage_dep_tau,"Single M-type K+ current with gate p. Steady-state p_inf is a Boltzmann sigmoid. Time constant tau_p uses a normalised bell-shaped denominator: 3.3*exp((V-V_half_M)/20) + exp(-(V-V_half_M)/20), multiplied by a normalisation constant _K_norm = 2*sqrt(3.3). This is still a voltage-dependent (bell-shaped) tau, matching I_M_voltage_dep_tau."
bb409f60-5fec-45cf-9da2-670d6d1be7d2,2faf0d72-ccdf-41c7-8435-937ca82436c7,9,11,109,-281.9405822753906,I_M,I_M_fixed_tau,"Single M-type K+ current with gate p. Steady-state p_inf is a Boltzmann sigmoid. The time constant is FIXED at tau_M_fixed = 100.0 ms (a scalar constant, not voltage-dependent). A pre-computed decay factor p_decay = exp(-dt/100) is used in the update. This is a fixed scalar tau, matching I_M_fixed_tau."
dfa8273b-8e08-46ae-91f9-88d1f7d2b79d,b8102286-d8c7-43d5-93eb-b576b2869877,8,15,146,-276.6114807128906,I_M,I_M_voltage_dep_tau,"Single M-type K+ current with gate p. Steady-state p_inf_M uses a Boltzmann sigmoid with slope 9 mV. Time constant tau_p_M uses a cosh-based bell shape: tau_max / (exp(dv) + exp(-dv)) where dv = (V - V_half)/18, which is voltage-dependent. tau_max is drawn from params[:,9] (negated). This matches the voltage_dependent tau criterion for I_M_voltage_dep_tau."
9aac44fe-8db6-47f8-ae12-362535b12072,b8102286-d8c7-43d5-93eb-b576b2869877,8,15,147,-290.5212707519531,I_M,I_M_voltage_dep_tau,"Single M-type K+ current with gate p. Steady-state p_inf_M is a Boltzmann sigmoid with slope 10 mV. Time constant tau_p_M uses a bell-shaped denominator: 3.3*(exp(dv) + exp(-dv)) where dv = (V - V_half)/20, which is voltage-dependent (cosh-like). tau_max is drawn directly from params[:,9]. This matches the voltage_dependent tau criterion for I_M_voltage_dep_tau."
df4465c5-285d-4183-bd36-861e8652b575,b8102286-d8c7-43d5-93eb-b576b2869877,8,15,149,-281.42626953125,I_M,I_M_voltage_dep_tau,"Single M-type K+ current with one activation gate p. Steady-state p_inf uses Boltzmann sigmoid. Time constant tau_p_M is bell-shaped: tau_max_M / (Exp(dv) + Exp(-dv)), i.e., tau_max / (2*cosh(dv)), which is voltage-dependent. No second channel present. -> I_M_voltage_dep_tau."
1bdc99a4-5d49-4e98-adb1-4644a9a3743b,b8102286-d8c7-43d5-93eb-b576b2869877,8,15,150,-284.3229675292969,I_M,I_M_voltage_dep_tau,"Single M-type K+ current with one activation gate p. Steady-state p_inf uses Boltzmann sigmoid centred at inferred V_half_M. Time constant tau_p is bell-shaped: tau_max_M / (Exp(dv) + Exp(-dv)), voltage-dependent cosh-like form. No second channel present. -> I_M_voltage_dep_tau."
d30bff7f-9cdd-4259-aad6-c61219b1770a,b8102286-d8c7-43d5-93eb-b576b2869877,8,15,151,-278.5805053710937,I_M,I_M_voltage_dep_tau,"Single M-type K+ current with one activation gate p. Steady-state p_inf uses Boltzmann sigmoid. Time constant tau_p is bell-shaped: tau_max_M / (Exp(dv) + Exp(-dv)) = tau_max / (2*cosh(dv)), voltage-dependent. No second channel present. -> I_M_voltage_dep_tau."
7a5067b0-39db-48ed-91ac-988f121b1d43,b8102286-d8c7-43d5-93eb-b576b2869877,8,15,152,-319.9291076660156,I_M_plus_I_NaP,I_M_plus_I_NaP_voltage_dep_tau,"Two additional channels: (1) M-type K+ current with single gate p, bell-shaped voltage-dependent tau_p_M (tau_max_M / (Exp(dv) + Exp(-dv))); (2) Persistent Na+ current (I_NaP) with instantaneous Boltzmann activation m_inf_NaP, no state variable ODE. This matches I_M_plus_I_NaP with voltage-dependent tau for I_M. -> I_M_plus_I_NaP_voltage_dep_tau."
713a0941-9b2c-4dae-8979-444ab1288e66,b8102286-d8c7-43d5-93eb-b576b2869877,8,15,153,-282.9962463378906,I_M,I_M_voltage_dep_tau,"Single M-type K+ current with one activation gate p. Steady-state p_inf_M uses Boltzmann sigmoid with fixed V_HALF_M=-35 mV. Time constant tau_p_M uses sech form: tau_max_M * 2/(Exp(dv)+Exp(-dv)), which is voltage-dependent bell-shaped. No second channel present. -> I_M_voltage_dep_tau."
33bc7dd2-d990-4564-85d0-aba2451e0484,b8102286-d8c7-43d5-93eb-b576b2869877,8,15,154,-294.13671875,I_M,I_M_voltage_dep_tau,"Single M-current gate p with Boltzmann p_inf and bell-shaped tau_p_M computed as tau_max / (exp(dv) + exp(-dv)), which is a voltage-dependent (cosh-like) time constant. No second channel. -> I_M_voltage_dep_tau."
2ec22aa9-5f3c-48db-a115-9c59dd0bd5cb,b8102286-d8c7-43d5-93eb-b576b2869877,8,15,155,-382.2113342285156,I_M_plus_I_NaP,I_M_plus_I_NaP_voltage_dep_tau,"Two additional channels: (1) I_M with single gate p and bell-shaped voltage-dependent tau_p_M (tau_max_M / (exp(dv)+exp(-dv))), and (2) I_NaP with instantaneous Boltzmann activation m_inf_NaP (no ODE state variable). This matches I_M_plus_I_NaP with voltage-dependent tau for I_M."
f5fe369c-0c3d-487d-b729-775d9be46add,2faf0d72-ccdf-41c7-8435-937ca82436c7,9,12,110,-292.9905090332031,I_M,I_M_voltage_dep_tau,"Single M-current gate p with Boltzmann p_inf and bell-shaped tau_p computed as tau_max_M / (3.3*exp((V-V_half_M)/20) + exp(-(V-V_half_M)/20)), which is a voltage-dependent asymmetric bell-shaped time constant (Wang 1998 form). No second channel. -> I_M_voltage_dep_tau."
9c9d2211-5542-4b22-a1d5-5ed9385987b7,2faf0d72-ccdf-41c7-8435-937ca82436c7,9,12,111,-281.8216857910156,I_M,I_M_voltage_dep_tau,"Single M-current gate p with Boltzmann p_inf and bell-shaped tau_p computed as tau_max_M / (3.3*exp((V-V_half_M)/20) + exp(-(V-V_half_M)/20)), voltage-dependent tau. No second channel. -> I_M_voltage_dep_tau."
25bd7fd9-1570-4fe4-8a7e-aad06753ee06,2faf0d72-ccdf-41c7-8435-937ca82436c7,9,12,112,-286.1432800292969,I_M,I_M_voltage_dep_tau,"Single M-current gate p with Boltzmann p_inf and bell-shaped tau_p computed as tau_max_M / (3.3*exp((V-V_half_M)/20) + exp(-(V-V_half_M)/20)), voltage-dependent tau. No second channel. -> I_M_voltage_dep_tau."
fa5b617c-70fc-4677-8009-0941bb97b7af,2faf0d72-ccdf-41c7-8435-937ca82436c7,9,12,113,-288.7840270996094,I_M,I_M_voltage_dep_tau,"Single M-gate p with sigmoid p_inf and bell-shaped tau_p(V) = tau_max_M / (3.3*exp(dv/20) + exp(-dv/20)). The time constant is voltage-dependent (bell-shaped form, Wang 1998). No second channel present. -> I_M_voltage_dep_tau."
bd2e784a-7e6c-4894-b720-c0b72ffc0ca5,2faf0d72-ccdf-41c7-8435-937ca82436c7,9,12,114,-304.366943359375,I_M,I_M_voltage_dep_tau,Single M-gate p with sigmoid p_inf and bell-shaped tau_p(V) = tau_max_M / (3.3*exp(dv/20) + exp(-dv/20)). Voltage-dependent time constant (Brown & Adams 1980 / Wang 1998 form). No second channel. -> I_M_voltage_dep_tau.
ea6acd12-9012-4e2a-b95b-3912867a6962,2faf0d72-ccdf-41c7-8435-937ca82436c7,9,12,115,-276.6722412109375,I_M,I_M_voltage_dep_tau,"Single M-gate p with sigmoid p_inf and bell-shaped tau_p(V) = tau_max_M / (3.3*exp(dv/20) + exp(-dv/20)), clamped >= 0.5 ms. Voltage-dependent tau. No second channel. -> I_M_voltage_dep_tau."
6ce2a396-6fd9-43b4-a8ba-d9a6f42495d2,2faf0d72-ccdf-41c7-8435-937ca82436c7,9,12,116,-289.1581115722656,I_M,I_M_voltage_dep_tau,"Single M-gate p with sigmoid p_inf and bell-shaped tau_p(V) = tau_max_M / (3.3*exp((V-V_half_M)/20) + exp(-(V-V_half_M)/20)), clamped >= 0.5 ms. Voltage-dependent tau. No second channel. -> I_M_voltage_dep_tau."
7b2996ad-515a-463f-9e41-3503b2b7b55c,2faf0d72-ccdf-41c7-8435-937ca82436c7,9,12,117,-293.3493347167969,I_M,I_M_voltage_dep_tau,"Single M-gate p with sigmoid p_inf and bell-shaped tau_p(V) = tau_max_M / (3.3*exp((V-V_half_M)/20) + exp(-(V-V_half_M)/20)), clamped >= 0.5 ms. Voltage-dependent tau. No second channel. -> I_M_voltage_dep_tau."
c7a51758-99b3-42b1-8f65-d7b410afb037,2faf0d72-ccdf-41c7-8435-937ca82436c7,9,12,118,-277.45587158203125,I_M,I_M_voltage_dep_tau,"Single M-gate p with Boltzmann p_inf and bell-shaped voltage-dependent tau_p: tau_max_M / (3.3*exp((V-V_half_M)/20) + exp(-(V-V_half_M)/20)). This is the classic Wang 1998 / Brown & Adams cosh-like form. tau_max_M is drawn from params[:,9] (a learned parameter), but the time constant itself varies with V -> voltage_dependent tau. No second channel present."
264bbbca-4e43-45ed-b0b2-af8d77b80a72,2faf0d72-ccdf-41c7-8435-937ca82436c7,9,12,119,-288.5735778808594,I_M,I_M_voltage_dep_tau,"Identical structure to snippet 1: single M-gate p, Boltzmann p_inf, bell-shaped tau_p = tau_max_M / (3.3*exp(dv/20) + exp(-dv/20)) which is voltage-dependent. No inactivation gate, no second channel. -> I_M_voltage_dep_tau."
1be818fe-6aa5-400d-8d3f-84933110600b,2faf0d72-ccdf-41c7-8435-937ca82436c7,9,13,120,-281.9364013671875,I_M,I_M_voltage_dep_tau,"Single M-gate p with sigmoid p_inf and bell-shaped voltage-dependent tau_p (same cosh-like denominator form). tau_max_M from params[:,9] but tau varies with V. No second channel. -> I_M_voltage_dep_tau."
a30b3f2a-52c1-4b38-bd29-1913f3fcf024,2faf0d72-ccdf-41c7-8435-937ca82436c7,9,13,121,-289.7725524902344,I_M,I_M_voltage_dep_tau,"Single M-gate p, Boltzmann p_inf, bell-shaped tau_p = tau_max_M / (3.3*exp(dv/20) + exp(-dv/20)). Voltage-dependent time constant. No second channel, no inactivation. -> I_M_voltage_dep_tau."
bf47ad04-dc81-4906-b79b-cd80db430790,2faf0d72-ccdf-41c7-8435-937ca82436c7,9,13,122,-280.9105224609375,I_M,I_M_voltage_dep_tau,Single M-gate p with sigmoid p_inf and bell-shaped tau_p using the standard cosh-like denominator (3.3*exp(dv/20) + exp(-dv/20)). Time constant is voltage-dependent. No second channel. -> I_M_voltage_dep_tau.
d57381d3-a81b-4310-a5a1-4ba8cd34ffe7,2faf0d72-ccdf-41c7-8435-937ca82436c7,9,13,123,-298.3090209960937,I_M,I_M_voltage_dep_tau,"Single M-type K+ channel with gate p. tau_p is bell-shaped: tau_max_M / (3.3*Exp(dv/20) + Exp(-dv/20)), which is voltage-dependent (cosh-like denominator). No second channel present. This matches I_M_voltage_dep_tau."
fdc726b7-cef4-4688-a9b0-768b874b8de1,2faf0d72-ccdf-41c7-8435-937ca82436c7,9,13,124,-409.2359313964844,I_M_plus_I_NaP,I_M_plus_I_NaP_voltage_dep_tau,"Two additional channels: I_M with gate p and bell-shaped voltage-dependent tau (TAU_MAX_M=150 ms fixed constant, but tau_p(x) = TAU_MAX_M / (3.3*Exp(...) + Exp(...)) is voltage-dependent), plus I_NaP with instantaneous Boltzmann activation (m_nap_inf, no ODE state variable). This matches I_M_plus_I_NaP_voltage_dep_tau."
499332d1-9aef-4480-a4e8-e0d7d0324724,2faf0d72-ccdf-41c7-8435-937ca82436c7,9,13,125,-384.1322021484375,I_M_plus_I_NaP,I_M_plus_I_NaP_voltage_dep_tau,"Two additional channels: I_M with gate p and bell-shaped voltage-dependent tau (tau_max_M from params[:,7] used in cosh-like denominator), plus I_NaP with instantaneous Boltzmann activation (m_NaP_inf, no ODE). This matches I_M_plus_I_NaP_voltage_dep_tau."
20e78eca-0384-41bf-a52e-e530f643ea2d,2faf0d72-ccdf-41c7-8435-937ca82436c7,9,13,126,-318.6907958984375,I_M,I_M_voltage_dep_tau,Single M-type K+ channel only. Gate p with bell-shaped voltage-dependent tau: tau_max_M / (3.3*Exp(dv/(2*k_M)) + Exp(-dv/(2*k_M))). The tau varies with V (cosh-like denominator). No second channel. Matches I_M_voltage_dep_tau.
5e6d21a1-f6ce-4699-87d7-6efb5fd836e8,2faf0d72-ccdf-41c7-8435-937ca82436c7,9,13,127,-450.7277526855469,I_M_plus_I_A,I_M_plus_I_A,"Two additional channels: I_M with gate p and bell-shaped voltage-dependent tau (tau_max_M=150 ms fixed, tau_p voltage-dependent), plus I_A (A-type transient K+) with activation gate a (a_inf, fast tau_a=1 ms) and inactivation gate b (b_inf, fixed tau_b=100 ms). The I_A has an inactivation gate b. Conductance is gbar_A * a^2 * b. This matches I_M_plus_I_A."
a1df5373-2277-4bd3-abec-26d22e2a388e,2faf0d72-ccdf-41c7-8435-937ca82436c7,9,14,128,-286.6346130371094,I_M,I_M_voltage_dep_tau,Single M-gate p with Boltzmann p_inf and bell-shaped voltage-dependent tau_p using the form tau_max_M / (3.3*exp((V-V_half_M)/20) + exp(-(V-V_half_M)/20)). This is the Wang 1998 cosh-like denominator giving a voltage-dependent time constant. No second channel present. -> I_M_voltage_dep_tau.
1c998055-bcc8-462b-96bc-3a7855b562b9,2faf0d72-ccdf-41c7-8435-937ca82436c7,9,14,129,-285.5363464355469,I_M,I_M_voltage_dep_tau,"Single M-gate p with sigmoid p_inf and bell-shaped tau_p = tau_max_M / (3.3*exp((V-V_half_M)/20) + exp(-(V-V_half_M)/20)). Voltage-dependent time constant, no inactivation gate, no second channel. -> I_M_voltage_dep_tau."
b3e80789-8a19-4996-ab49-f202768a9ad9,2faf0d72-ccdf-41c7-8435-937ca82436c7,9,14,130,-299.8056640625,I_M,I_M_voltage_dep_tau,"Single M-gate p with Boltzmann steady-state and bell-shaped voltage-dependent tau_p using the standard cosh-like denominator (3.3*exp + exp form). No second channel, no inactivation. -> I_M_voltage_dep_tau."
d7965102-0bc2-4214-a54b-bb787a092623,2faf0d72-ccdf-41c7-8435-937ca82436c7,9,14,131,-285.3020935058594,I_M,I_M_voltage_dep_tau,Single M-gate p with sigmoid p_inf and voltage-dependent bell-shaped tau_p = tau_max_M / (3.3*exp((V-V_half_M)/20) + exp(-(V-V_half_M)/20)). No second channel present. -> I_M_voltage_dep_tau.
477bb13a-203f-4e10-af47-907ff165cc35,2faf0d72-ccdf-41c7-8435-937ca82436c7,9,14,132,-274.7087097167969,I_M,I_M_voltage_dep_tau,"Single M-gate p with Boltzmann p_inf and bell-shaped voltage-dependent tau_p using the Wang 1998 cosh-like form. tau_max_M is clamped from params[:,9] but the functional form of tau_p is voltage-dependent (not a fixed scalar). No second channel. -> I_M_voltage_dep_tau."
4d538032-8995-43ea-82e9-b5f162e227d7,2faf0d72-ccdf-41c7-8435-937ca82436c7,9,14,133,-290.16943359375,I_M,I_M_voltage_dep_tau,"Single M-gate p with Boltzmann p_inf and bell-shaped tau_p = tau_max_M / (3.3*exp((V-V_half_M)/20) + exp(-(V-V_half_M)/20)). The time constant is voltage-dependent (bell-shaped), not a fixed scalar. No second channel. -> I_M_voltage_dep_tau."
d36a3982-fc34-4bfd-9676-c03b46f1d748,2faf0d72-ccdf-41c7-8435-937ca82436c7,9,14,134,-275.74200439453125,I_M,I_M_voltage_dep_tau,"Single M-gate p with Boltzmann p_inf and bell-shaped tau_p = tau_max_M / (3.3*exp((V-V_half_M)/20) + exp(-(V-V_half_M)/20)). Voltage-dependent tau, no second channel. -> I_M_voltage_dep_tau."
64f88ddc-95b7-4b7a-bc7b-90424eb6025b,2faf0d72-ccdf-41c7-8435-937ca82436c7,9,14,135,-284.12615966796875,I_M,I_M_voltage_dep_tau,"Single M-gate p with Boltzmann p_inf and bell-shaped tau_p = tau_max_M / (3.3*exp((V-V_half_M)/20) + exp(-(V-V_half_M)/20)), clamped >= 0.5 ms. Voltage-dependent tau, no second channel. -> I_M_voltage_dep_tau."
0dd58fbf-c77f-4ecf-8387-60f69ea02d25,2faf0d72-ccdf-41c7-8435-937ca82436c7,9,14,136,-351.2992248535156,I_M_plus_I_NaP,I_M_plus_I_NaP_voltage_dep_tau,"Two additional channels: (1) M-gate p with bell-shaped tau_p = tau_max_M / (2*cosh(dV/20)) — voltage-dependent tau; (2) persistent Na+ current I_NaP with instantaneous q_inf(V) Boltzmann activation, no state variable ODE. This matches I_M with voltage-dependent tau paired with instantaneous I_NaP. -> I_M_plus_I_NaP_voltage_dep_tau."
1a146df3-63e7-4489-8ef3-4d8be11a0a47,2faf0d72-ccdf-41c7-8435-937ca82436c7,9,14,137,-319.94482421875,I_M_plus_I_A,I_M_plus_I_A,"Two additional channels: (1) M-gate p with bell-shaped voltage-dependent tau_p; (2) A-type transient K+ current with fast activation a (a_inf, tau_a=2ms fixed) and slow inactivation gate b (b_inf, tau_b=50ms fixed). I_A has an inactivation gate b and uses a^4*b open probability. Both use E_K=-107 mV. -> I_M_plus_I_A."
991e561c-0ad1-48d2-8065-82d5dbd0c612,2faf0d72-ccdf-41c7-8435-937ca82436c7,9,14,138,-331.52862548828125,I_M_plus_I_NaP,I_M_plus_I_NaP_voltage_dep_tau,"Snippet 1 implements two additional channels: (1) I_M with a single gate p, bell-shaped voltage-dependent tau_p = tau_max_M / (3.3*exp((V-V_half_M)/20) + exp(-(V-V_half_M)/20)), and (2) I_NaP with instantaneous Boltzmann activation m_nap_inf (no ODE state variable). This matches the I_M_plus_I_NaP family with voltage-dependent tau for I_M."
09dcd890-e323-4437-bde9-cc1810695e97,2faf0d72-ccdf-41c7-8435-937ca82436c7,9,15,139,-275.8551025390625,I_M,I_M_voltage_dep_tau,"Snippet 2 implements only one additional channel: I_M with a single gate p, Boltzmann steady-state p_inf, and a bell-shaped voltage-dependent time constant tau_p = tau_max_M / (3.3*exp((V-V_half_M)/20) + exp(-(V-V_half_M)/20)). No second channel is present (X2 slot explicitly unused). This matches I_M_voltage_dep_tau."
66856b92-3364-4d82-bd52-2d6dd2f242fe,2faf0d72-ccdf-41c7-8435-937ca82436c7,9,15,140,-299.8611145019531,I_M,I_M_voltage_dep_tau,"Snippet 3 implements only one additional channel: I_M with a single gate p, Boltzmann steady-state p_inf, and a bell-shaped voltage-dependent time constant tau_p = tau_max_M / (3.3*exp((V-V_half_M)/20) + exp(-(V-V_half_M)/20)). X2 slot is explicitly unused. This matches I_M_voltage_dep_tau."
b2e8b5e7-cad3-49f7-95ca-ddc22329c538,2faf0d72-ccdf-41c7-8435-937ca82436c7,9,15,141,-272.7472839355469,I_M,I_M_voltage_dep_tau,"Snippet 4 implements only one additional channel: I_M with a single gate p, Boltzmann steady-state p_inf, and a bell-shaped voltage-dependent time constant tau_p = tau_max_M / (3.3*exp((V-V_half_M)/20) + exp(-(V-V_half_M)/20)). X2 slot is explicitly reserved but not implemented. This matches I_M_voltage_dep_tau."
9c79d907-be04-427c-9fe7-76ba875ff88d,2faf0d72-ccdf-41c7-8435-937ca82436c7,9,15,142,-274.5264892578125,I_M,I_M_voltage_dep_tau,"Snippet 5 implements only one additional channel: I_M with a single gate p, Boltzmann steady-state p_inf, and a bell-shaped voltage-dependent time constant tau_p = tau_max_M / (3.3*exp((V-V_half_M)/20) + exp(-(V-V_half_M)/20)). X2 slot is explicitly unused. This matches I_M_voltage_dep_tau."
8fb8430f-d2cf-4145-8d45-062f2f6afc28,2faf0d72-ccdf-41c7-8435-937ca82436c7,9,15,143,-276.6249389648437,I_M,I_M_voltage_dep_tau,Single M-gate (p) with Boltzmann p_inf and bell-shaped tau_p = tau_max_M / (3.3*exp(dV/20) + exp(-dV/20)). This is a voltage-dependent (bell-shaped) time constant — the Wang 1998 form. No second channel present. -> I_M_voltage_dep_tau.
11c198ac-ba42-4122-88e5-435cd891a7b4,2faf0d72-ccdf-41c7-8435-937ca82436c7,9,15,144,-400.1000671386719,I_M_plus_I_NaP,I_M_plus_I_NaP_fixed_tau,"Two channels: I_M with single gate p and tau_p computed as TAU_MAX_M * sigmoid((V_half_M - V)/10) + 1.0 — this is a sigmoid-based formula that is NOT a bell-shaped voltage-dependent tau but rather a monotonic function of V (fixed-scalar-like in that it uses a constant TAU_MAX_M=150 and produces a monotonically decreasing tau with V, not a bell). The tau does vary with V but the taxonomy split criterion for fixed_tau is 'tau drawn directly from a parameter, precomputed before the simulation loop' vs voltage_dependent being 'bell-shaped or Boltzmann-derived'. The sigmoid form here is closer to a fixed scalar approach (TAU_MAX_M is a constant 150 ms, not from params). However, it does vary with V. Looking more carefully: the I_M tau here uses a fixed constant TAU_MAX_M=150 (not from params), making it effectively a fixed-scalar variant. The second channel is I_NaP with instantaneous Boltzmann activation (m_nap_inf, no ODE). This matches I_M_plus_I_NaP_fixed_tau (fixed scalar tau for I_M + instantaneous I_NaP)."
087bfdc0-6d8b-4799-be97-69c13e06273c,2faf0d72-ccdf-41c7-8435-937ca82436c7,9,15,145,-306.6372375488281,I_M,I_M_voltage_dep_tau,"Single M-gate (p) with Boltzmann p_inf and tau_p = tau_max_M * 4 * p_inf * (1 - p_inf) + tau_min. This is a sigmoid-product bell shape — voltage-dependent tau that peaks at V_half_M. No second channel. tau_max_M comes from params[:,9]. -> I_M_voltage_dep_tau."
83f7fb40-b6e5-45fc-98d1-1c3622db7111,2faf0d72-ccdf-41c7-8435-937ca82436c7,9,15,146,-291.38104248046875,I_M_plus_I_NaP,I_M_plus_I_NaP_voltage_dep_tau,"Two channels: I_M with single gate p and bell-shaped tau_p = tau_max_M / (3.3*exp(dV/40) + exp(-dV/40)) — voltage-dependent bell-shaped tau (wider variant of Wang 1998 form). Second channel is I_NaP (q_inf, instantaneous, no ODE state variable). This matches I_M_plus_I_NaP_voltage_dep_tau."
937acae0-27c5-4549-8810-f216ba30f46f,2faf0d72-ccdf-41c7-8435-937ca82436c7,9,15,147,-312.8929138183594,I_M_plus_I_NaP,I_M_plus_I_NaP_voltage_dep_tau,"Two channels: I_M with single gate p and bell-shaped tau_p = tau_max_M / (3.3*exp(dV/20) + exp(-dV/20)) — voltage-dependent bell-shaped tau (Wang 1998 form). Second channel is I_NaP (m_nap_inf, instantaneous quasi-steady-state, no ODE). This matches I_M_plus_I_NaP_voltage_dep_tau."
