run_id,itr,pool_members_uuids
49200644-fc83-417c-b3ff-3d1ab176c700,0,"['f656320f-c94c-4989-947c-8aedc90a6b1a', 'f656320f-c94c-4989-947c-8aedc90a6b1a', 'f656320f-c94c-4989-947c-8aedc90a6b1a', 'f656320f-c94c-4989-947c-8aedc90a6b1a', 'f656320f-c94c-4989-947c-8aedc90a6b1a', 'f656320f-c94c-4989-947c-8aedc90a6b1a', 'f656320f-c94c-4989-947c-8aedc90a6b1a', 'f656320f-c94c-4989-947c-8aedc90a6b1a', 'f656320f-c94c-4989-947c-8aedc90a6b1a', 'f656320f-c94c-4989-947c-8aedc90a6b1a', 'f656320f-c94c-4989-947c-8aedc90a6b1a', 'f656320f-c94c-4989-947c-8aedc90a6b1a', 'f656320f-c94c-4989-947c-8aedc90a6b1a', 'f656320f-c94c-4989-947c-8aedc90a6b1a', 'f656320f-c94c-4989-947c-8aedc90a6b1a', 'f656320f-c94c-4989-947c-8aedc90a6b1a', 'f656320f-c94c-4989-947c-8aedc90a6b1a', 'f656320f-c94c-4989-947c-8aedc90a6b1a', 'f656320f-c94c-4989-947c-8aedc90a6b1a', 'f656320f-c94c-4989-947c-8aedc90a6b1a', 'f656320f-c94c-4989-947c-8aedc90a6b1a', 'f656320f-c94c-4989-947c-8aedc90a6b1a', 'f656320f-c94c-4989-947c-8aedc90a6b1a', 'f656320f-c94c-4989-947c-8aedc90a6b1a', 'f656320f-c94c-4989-947c-8aedc90a6b1a', 'f656320f-c94c-4989-947c-8aedc90a6b1a', 'f656320f-c94c-4989-947c-8aedc90a6b1a', 'f656320f-c94c-4989-947c-8aedc90a6b1a', 'f656320f-c94c-4989-947c-8aedc90a6b1a', 'f656320f-c94c-4989-947c-8aedc90a6b1a', 'f656320f-c94c-4989-947c-8aedc90a6b1a', 'f656320f-c94c-4989-947c-8aedc90a6b1a', 'f656320f-c94c-4989-947c-8aedc90a6b1a', 'f656320f-c94c-4989-947c-8aedc90a6b1a', 'f656320f-c94c-4989-947c-8aedc90a6b1a', 'f656320f-c94c-4989-947c-8aedc90a6b1a', 'f656320f-c94c-4989-947c-8aedc90a6b1a', 'f656320f-c94c-4989-947c-8aedc90a6b1a', 'f656320f-c94c-4989-947c-8aedc90a6b1a', 'f656320f-c94c-4989-947c-8aedc90a6b1a', 'f656320f-c94c-4989-947c-8aedc90a6b1a', 'f656320f-c94c-4989-947c-8aedc90a6b1a', 'f656320f-c94c-4989-947c-8aedc90a6b1a', 'f656320f-c94c-4989-947c-8aedc90a6b1a', 'f656320f-c94c-4989-947c-8aedc90a6b1a', 'f656320f-c94c-4989-947c-8aedc90a6b1a', 'f656320f-c94c-4989-947c-8aedc90a6b1a', 'f656320f-c94c-4989-947c-8aedc90a6b1a', 'f656320f-c94c-4989-947c-8aedc90a6b1a', 'f656320f-c94c-4989-947c-8aedc90a6b1a']"
49200644-fc83-417c-b3ff-3d1ab176c700,1,"['f656320f-c94c-4989-947c-8aedc90a6b1a', 'f656320f-c94c-4989-947c-8aedc90a6b1a', 'f656320f-c94c-4989-947c-8aedc90a6b1a', 'f656320f-c94c-4989-947c-8aedc90a6b1a', 'f656320f-c94c-4989-947c-8aedc90a6b1a', 'f656320f-c94c-4989-947c-8aedc90a6b1a', 'f656320f-c94c-4989-947c-8aedc90a6b1a', 'f656320f-c94c-4989-947c-8aedc90a6b1a', 'f656320f-c94c-4989-947c-8aedc90a6b1a', 'f656320f-c94c-4989-947c-8aedc90a6b1a', 'f656320f-c94c-4989-947c-8aedc90a6b1a', 'f656320f-c94c-4989-947c-8aedc90a6b1a', 'f656320f-c94c-4989-947c-8aedc90a6b1a', 'f656320f-c94c-4989-947c-8aedc90a6b1a', 'f656320f-c94c-4989-947c-8aedc90a6b1a', 'f656320f-c94c-4989-947c-8aedc90a6b1a', 'f656320f-c94c-4989-947c-8aedc90a6b1a', 'f656320f-c94c-4989-947c-8aedc90a6b1a', 'f656320f-c94c-4989-947c-8aedc90a6b1a', 'f656320f-c94c-4989-947c-8aedc90a6b1a', 'f656320f-c94c-4989-947c-8aedc90a6b1a', 'f656320f-c94c-4989-947c-8aedc90a6b1a', 'f656320f-c94c-4989-947c-8aedc90a6b1a', 'f656320f-c94c-4989-947c-8aedc90a6b1a', 'f656320f-c94c-4989-947c-8aedc90a6b1a', 'f656320f-c94c-4989-947c-8aedc90a6b1a', 'f656320f-c94c-4989-947c-8aedc90a6b1a', 'f656320f-c94c-4989-947c-8aedc90a6b1a', 'f656320f-c94c-4989-947c-8aedc90a6b1a', 'f656320f-c94c-4989-947c-8aedc90a6b1a', 'f656320f-c94c-4989-947c-8aedc90a6b1a', 'f656320f-c94c-4989-947c-8aedc90a6b1a', 'f656320f-c94c-4989-947c-8aedc90a6b1a', 'f656320f-c94c-4989-947c-8aedc90a6b1a', 'f656320f-c94c-4989-947c-8aedc90a6b1a', 'f656320f-c94c-4989-947c-8aedc90a6b1a', 'f656320f-c94c-4989-947c-8aedc90a6b1a', 'f656320f-c94c-4989-947c-8aedc90a6b1a', 'f656320f-c94c-4989-947c-8aedc90a6b1a', 'f656320f-c94c-4989-947c-8aedc90a6b1a', '684d0300-4b81-4a88-9ad9-fb4493b6b730', '6ff672ce-d9fa-45f6-8c10-aded46574e83', '21c03179-d2c6-43a9-bbb8-71d17b61274f', '9f598969-7d5d-4cf9-85a0-85da04016d8f', '5c29ec5e-2889-45d7-8d64-748980e16443', '16428252-c7d5-44da-b18c-dfdf0f08c462', 'c8e11521-0ae8-4075-a8c8-b11cb2f136b9', '745027eb-ed5b-47be-aa3e-75d3a69b70ab', '677e10c3-7c4c-402d-966c-6cbd2dabe429', '8f2c082a-0554-4274-8090-e77b8c9da24f']"
49200644-fc83-417c-b3ff-3d1ab176c700,2,"['f656320f-c94c-4989-947c-8aedc90a6b1a', 'f656320f-c94c-4989-947c-8aedc90a6b1a', 'f656320f-c94c-4989-947c-8aedc90a6b1a', 'f656320f-c94c-4989-947c-8aedc90a6b1a', 'f656320f-c94c-4989-947c-8aedc90a6b1a', 'f656320f-c94c-4989-947c-8aedc90a6b1a', '9f598969-7d5d-4cf9-85a0-85da04016d8f', '9f598969-7d5d-4cf9-85a0-85da04016d8f', '9f598969-7d5d-4cf9-85a0-85da04016d8f', '9f598969-7d5d-4cf9-85a0-85da04016d8f', '9f598969-7d5d-4cf9-85a0-85da04016d8f', '9f598969-7d5d-4cf9-85a0-85da04016d8f', '9f598969-7d5d-4cf9-85a0-85da04016d8f', '9f598969-7d5d-4cf9-85a0-85da04016d8f', '9f598969-7d5d-4cf9-85a0-85da04016d8f', '9f598969-7d5d-4cf9-85a0-85da04016d8f', '9f598969-7d5d-4cf9-85a0-85da04016d8f', '9f598969-7d5d-4cf9-85a0-85da04016d8f', '9f598969-7d5d-4cf9-85a0-85da04016d8f', '9f598969-7d5d-4cf9-85a0-85da04016d8f', '9f598969-7d5d-4cf9-85a0-85da04016d8f', '9f598969-7d5d-4cf9-85a0-85da04016d8f', '9f598969-7d5d-4cf9-85a0-85da04016d8f', '9f598969-7d5d-4cf9-85a0-85da04016d8f', '9f598969-7d5d-4cf9-85a0-85da04016d8f', '9f598969-7d5d-4cf9-85a0-85da04016d8f', '9f598969-7d5d-4cf9-85a0-85da04016d8f', '9f598969-7d5d-4cf9-85a0-85da04016d8f', '9f598969-7d5d-4cf9-85a0-85da04016d8f', '9f598969-7d5d-4cf9-85a0-85da04016d8f', '9f598969-7d5d-4cf9-85a0-85da04016d8f', '9f598969-7d5d-4cf9-85a0-85da04016d8f', '9f598969-7d5d-4cf9-85a0-85da04016d8f', '9f598969-7d5d-4cf9-85a0-85da04016d8f', '9f598969-7d5d-4cf9-85a0-85da04016d8f', '9f598969-7d5d-4cf9-85a0-85da04016d8f', '9f598969-7d5d-4cf9-85a0-85da04016d8f', '9f598969-7d5d-4cf9-85a0-85da04016d8f', '9f598969-7d5d-4cf9-85a0-85da04016d8f', '9f598969-7d5d-4cf9-85a0-85da04016d8f', '9f598969-7d5d-4cf9-85a0-85da04016d8f', '9f598969-7d5d-4cf9-85a0-85da04016d8f', '9f598969-7d5d-4cf9-85a0-85da04016d8f', '9f598969-7d5d-4cf9-85a0-85da04016d8f', '9f598969-7d5d-4cf9-85a0-85da04016d8f', '9f598969-7d5d-4cf9-85a0-85da04016d8f', '04405879-1cd8-4da8-b643-d9efdaaa9c92', '117351fb-ff48-4bbc-b0ac-2f9b26acc86a', 'f40c4ae5-dbfc-457c-8ec8-a08e35c309b3', 'c10daf70-2a89-429b-a9b7-f7ad3bf74b09']"
49200644-fc83-417c-b3ff-3d1ab176c700,3,"['f656320f-c94c-4989-947c-8aedc90a6b1a', 'f656320f-c94c-4989-947c-8aedc90a6b1a', 'f656320f-c94c-4989-947c-8aedc90a6b1a', '9f598969-7d5d-4cf9-85a0-85da04016d8f', '9f598969-7d5d-4cf9-85a0-85da04016d8f', '9f598969-7d5d-4cf9-85a0-85da04016d8f', '9f598969-7d5d-4cf9-85a0-85da04016d8f', '9f598969-7d5d-4cf9-85a0-85da04016d8f', '9f598969-7d5d-4cf9-85a0-85da04016d8f', '9f598969-7d5d-4cf9-85a0-85da04016d8f', '9f598969-7d5d-4cf9-85a0-85da04016d8f', '9f598969-7d5d-4cf9-85a0-85da04016d8f', '9f598969-7d5d-4cf9-85a0-85da04016d8f', '9f598969-7d5d-4cf9-85a0-85da04016d8f', '9f598969-7d5d-4cf9-85a0-85da04016d8f', '9f598969-7d5d-4cf9-85a0-85da04016d8f', '9f598969-7d5d-4cf9-85a0-85da04016d8f', '9f598969-7d5d-4cf9-85a0-85da04016d8f', '9f598969-7d5d-4cf9-85a0-85da04016d8f', '9f598969-7d5d-4cf9-85a0-85da04016d8f', '9f598969-7d5d-4cf9-85a0-85da04016d8f', '9f598969-7d5d-4cf9-85a0-85da04016d8f', '9f598969-7d5d-4cf9-85a0-85da04016d8f', '9f598969-7d5d-4cf9-85a0-85da04016d8f', '9f598969-7d5d-4cf9-85a0-85da04016d8f', '9f598969-7d5d-4cf9-85a0-85da04016d8f', '9f598969-7d5d-4cf9-85a0-85da04016d8f', '9f598969-7d5d-4cf9-85a0-85da04016d8f', '9f598969-7d5d-4cf9-85a0-85da04016d8f', '9f598969-7d5d-4cf9-85a0-85da04016d8f', '9f598969-7d5d-4cf9-85a0-85da04016d8f', '9f598969-7d5d-4cf9-85a0-85da04016d8f', '9f598969-7d5d-4cf9-85a0-85da04016d8f', '117351fb-ff48-4bbc-b0ac-2f9b26acc86a', 'f40c4ae5-dbfc-457c-8ec8-a08e35c309b3', 'c10daf70-2a89-429b-a9b7-f7ad3bf74b09', 'd32dcd3e-3a88-4606-840c-c102c93095c6', 'aa0e95d5-4fec-4267-9b48-cb8eafd51005', 'b292a887-5ea5-4697-9835-5f1c83b9551b', 'd1a6e2b6-24e8-4650-99a0-ab77fd3cf47b', '98d0bc92-8b69-4536-ac81-5f4ea1c31a40', 'cc0fe7e4-d8e9-4f80-b80c-23816db509bf', 'b2667283-89fa-476c-8c06-d8a3b3d0c1c7', '073f1ee2-fd55-4600-89d1-e23d7437a3b8', 'a2bb1c96-42c3-4eee-9f3c-4d5f5e238502', '1538ea93-3513-42d7-ae57-fd912d15c6ad', 'af08c381-306b-42d8-a6bf-076ebded5fc7', '7ff60887-9da9-4a80-b732-55d95408f4e0', '8440c34d-affe-495f-a418-95a053e42297', 'bbb89043-6450-4b0a-bd4a-9d12c9fb214f']"
49200644-fc83-417c-b3ff-3d1ab176c700,4,"['9f598969-7d5d-4cf9-85a0-85da04016d8f', '9f598969-7d5d-4cf9-85a0-85da04016d8f', '9f598969-7d5d-4cf9-85a0-85da04016d8f', '9f598969-7d5d-4cf9-85a0-85da04016d8f', '9f598969-7d5d-4cf9-85a0-85da04016d8f', '9f598969-7d5d-4cf9-85a0-85da04016d8f', '9f598969-7d5d-4cf9-85a0-85da04016d8f', '9f598969-7d5d-4cf9-85a0-85da04016d8f', '9f598969-7d5d-4cf9-85a0-85da04016d8f', '9f598969-7d5d-4cf9-85a0-85da04016d8f', '9f598969-7d5d-4cf9-85a0-85da04016d8f', '9f598969-7d5d-4cf9-85a0-85da04016d8f', '9f598969-7d5d-4cf9-85a0-85da04016d8f', '9f598969-7d5d-4cf9-85a0-85da04016d8f', '9f598969-7d5d-4cf9-85a0-85da04016d8f', '9f598969-7d5d-4cf9-85a0-85da04016d8f', 'b2667283-89fa-476c-8c06-d8a3b3d0c1c7', 'b2667283-89fa-476c-8c06-d8a3b3d0c1c7', 'b2667283-89fa-476c-8c06-d8a3b3d0c1c7', 'b2667283-89fa-476c-8c06-d8a3b3d0c1c7', 'b2667283-89fa-476c-8c06-d8a3b3d0c1c7', 'b2667283-89fa-476c-8c06-d8a3b3d0c1c7', 'b2667283-89fa-476c-8c06-d8a3b3d0c1c7', 'b2667283-89fa-476c-8c06-d8a3b3d0c1c7', 'b2667283-89fa-476c-8c06-d8a3b3d0c1c7', 'b2667283-89fa-476c-8c06-d8a3b3d0c1c7', 'b2667283-89fa-476c-8c06-d8a3b3d0c1c7', 'b2667283-89fa-476c-8c06-d8a3b3d0c1c7', 'b2667283-89fa-476c-8c06-d8a3b3d0c1c7', 'b2667283-89fa-476c-8c06-d8a3b3d0c1c7', 'b2667283-89fa-476c-8c06-d8a3b3d0c1c7', 'b2667283-89fa-476c-8c06-d8a3b3d0c1c7', 'b2667283-89fa-476c-8c06-d8a3b3d0c1c7', 'b2667283-89fa-476c-8c06-d8a3b3d0c1c7', 'b2667283-89fa-476c-8c06-d8a3b3d0c1c7', 'b2667283-89fa-476c-8c06-d8a3b3d0c1c7', 'b2667283-89fa-476c-8c06-d8a3b3d0c1c7', 'b2667283-89fa-476c-8c06-d8a3b3d0c1c7', 'b2667283-89fa-476c-8c06-d8a3b3d0c1c7', 'b2667283-89fa-476c-8c06-d8a3b3d0c1c7', 'b2667283-89fa-476c-8c06-d8a3b3d0c1c7', 'b2667283-89fa-476c-8c06-d8a3b3d0c1c7', 'b2667283-89fa-476c-8c06-d8a3b3d0c1c7', 'b2667283-89fa-476c-8c06-d8a3b3d0c1c7', '96c1c7fa-c8ac-4f6a-bc04-43ebb466068d', 'c2af61b8-fb0e-4ff2-a00b-865ce036cfd0', '6fe26cfe-b2de-40e2-82da-fd083087a5e9', 'b72887af-ccf7-4a59-a683-e60921c522bf', '4031e2fd-9a22-4fac-9b30-be8c81036e4e', '833c0cbd-65b7-4546-9a76-893c2517a362']"
49200644-fc83-417c-b3ff-3d1ab176c700,5,"['9f598969-7d5d-4cf9-85a0-85da04016d8f', '9f598969-7d5d-4cf9-85a0-85da04016d8f', '9f598969-7d5d-4cf9-85a0-85da04016d8f', '9f598969-7d5d-4cf9-85a0-85da04016d8f', '9f598969-7d5d-4cf9-85a0-85da04016d8f', '9f598969-7d5d-4cf9-85a0-85da04016d8f', '9f598969-7d5d-4cf9-85a0-85da04016d8f', '9f598969-7d5d-4cf9-85a0-85da04016d8f', '9f598969-7d5d-4cf9-85a0-85da04016d8f', '9f598969-7d5d-4cf9-85a0-85da04016d8f', '9f598969-7d5d-4cf9-85a0-85da04016d8f', 'b2667283-89fa-476c-8c06-d8a3b3d0c1c7', 'b2667283-89fa-476c-8c06-d8a3b3d0c1c7', 'b2667283-89fa-476c-8c06-d8a3b3d0c1c7', 'b2667283-89fa-476c-8c06-d8a3b3d0c1c7', 'b2667283-89fa-476c-8c06-d8a3b3d0c1c7', 'b2667283-89fa-476c-8c06-d8a3b3d0c1c7', 'b2667283-89fa-476c-8c06-d8a3b3d0c1c7', 'b2667283-89fa-476c-8c06-d8a3b3d0c1c7', 'b2667283-89fa-476c-8c06-d8a3b3d0c1c7', 'b2667283-89fa-476c-8c06-d8a3b3d0c1c7', 'b2667283-89fa-476c-8c06-d8a3b3d0c1c7', 'b2667283-89fa-476c-8c06-d8a3b3d0c1c7', 'b2667283-89fa-476c-8c06-d8a3b3d0c1c7', 'b2667283-89fa-476c-8c06-d8a3b3d0c1c7', 'b2667283-89fa-476c-8c06-d8a3b3d0c1c7', 'b2667283-89fa-476c-8c06-d8a3b3d0c1c7', 'b2667283-89fa-476c-8c06-d8a3b3d0c1c7', 'b2667283-89fa-476c-8c06-d8a3b3d0c1c7', 'b2667283-89fa-476c-8c06-d8a3b3d0c1c7', 'b2667283-89fa-476c-8c06-d8a3b3d0c1c7', 'b2667283-89fa-476c-8c06-d8a3b3d0c1c7', 'b2667283-89fa-476c-8c06-d8a3b3d0c1c7', '96c1c7fa-c8ac-4f6a-bc04-43ebb466068d', 'c2af61b8-fb0e-4ff2-a00b-865ce036cfd0', '6fe26cfe-b2de-40e2-82da-fd083087a5e9', 'b72887af-ccf7-4a59-a683-e60921c522bf', '4031e2fd-9a22-4fac-9b30-be8c81036e4e', 'e7250f7d-e0cf-42fd-8443-221a4ab22f23', 'f820527f-bd02-4529-9f94-990d3658aa1b', 'c182372d-53ec-49d9-932f-5d8ebf626024', 'b65dfc8f-9b07-498a-86bf-aeee5e103d14', 'e57b1c07-1353-425d-ab34-4d6f1ed3def1', 'a877266c-8a93-4a73-917d-98e4c9161ec2', '49a5c626-315b-4b86-83e4-4d1485fa381b', 'b3c002a0-0ba0-4150-aad7-8f1892671cd3', 'a7acfda4-44d0-4158-8543-d09af2fe27f1', 'd074dd79-5cf2-46eb-9341-ebb10e3948d0', 'e87747a8-87a4-4729-b72d-2e02b859f51f', '2572fab8-b96a-4554-b626-da047f286021']"
49200644-fc83-417c-b3ff-3d1ab176c700,6,"['b2667283-89fa-476c-8c06-d8a3b3d0c1c7', 'b2667283-89fa-476c-8c06-d8a3b3d0c1c7', 'b2667283-89fa-476c-8c06-d8a3b3d0c1c7', 'b2667283-89fa-476c-8c06-d8a3b3d0c1c7', 'b2667283-89fa-476c-8c06-d8a3b3d0c1c7', 'b2667283-89fa-476c-8c06-d8a3b3d0c1c7', 'b2667283-89fa-476c-8c06-d8a3b3d0c1c7', 'b2667283-89fa-476c-8c06-d8a3b3d0c1c7', 'b2667283-89fa-476c-8c06-d8a3b3d0c1c7', 'b2667283-89fa-476c-8c06-d8a3b3d0c1c7', 'b2667283-89fa-476c-8c06-d8a3b3d0c1c7', 'b2667283-89fa-476c-8c06-d8a3b3d0c1c7', 'b2667283-89fa-476c-8c06-d8a3b3d0c1c7', 'b2667283-89fa-476c-8c06-d8a3b3d0c1c7', 'b2667283-89fa-476c-8c06-d8a3b3d0c1c7', 'b2667283-89fa-476c-8c06-d8a3b3d0c1c7', 'b2667283-89fa-476c-8c06-d8a3b3d0c1c7', 'b2667283-89fa-476c-8c06-d8a3b3d0c1c7', 'b2667283-89fa-476c-8c06-d8a3b3d0c1c7', 'b2667283-89fa-476c-8c06-d8a3b3d0c1c7', 'b2667283-89fa-476c-8c06-d8a3b3d0c1c7', 'b2667283-89fa-476c-8c06-d8a3b3d0c1c7', 'b2667283-89fa-476c-8c06-d8a3b3d0c1c7', 'b2667283-89fa-476c-8c06-d8a3b3d0c1c7', 'b2667283-89fa-476c-8c06-d8a3b3d0c1c7', 'b2667283-89fa-476c-8c06-d8a3b3d0c1c7', 'b2667283-89fa-476c-8c06-d8a3b3d0c1c7', 'b2667283-89fa-476c-8c06-d8a3b3d0c1c7', 'b2667283-89fa-476c-8c06-d8a3b3d0c1c7', 'b2667283-89fa-476c-8c06-d8a3b3d0c1c7', 'b2667283-89fa-476c-8c06-d8a3b3d0c1c7', 'b2667283-89fa-476c-8c06-d8a3b3d0c1c7', 'b2667283-89fa-476c-8c06-d8a3b3d0c1c7', 'b2667283-89fa-476c-8c06-d8a3b3d0c1c7', 'b2667283-89fa-476c-8c06-d8a3b3d0c1c7', 'b2667283-89fa-476c-8c06-d8a3b3d0c1c7', 'b2667283-89fa-476c-8c06-d8a3b3d0c1c7', 'a877266c-8a93-4a73-917d-98e4c9161ec2', 'a877266c-8a93-4a73-917d-98e4c9161ec2', 'a4de796f-9a15-453e-876b-b23028526091', '3c78ff09-889d-4804-b816-577aaa6adf0a', 'b299f46a-1ba9-45bb-abee-d9153b358690', '8d524037-8de2-46f3-bb4a-059fa1dfb787', 'b96dc73b-1c69-452f-80c4-8c69d6a073f3', '5a658626-a854-46ae-9d84-20634318b603', 'e57db575-2a0e-4b38-afbf-dcfc5fa51a2d', 'd68392f4-6de6-4550-a3ef-5e4958a9a88e', '7c4d6fb5-b028-4af0-a98f-40da4077ee24', '9ca6680c-17e9-44f6-8db3-2a81e5531c79', '1a10420d-cb41-46bf-8999-71e88bad1b4f']"
49200644-fc83-417c-b3ff-3d1ab176c700,7,"['b2667283-89fa-476c-8c06-d8a3b3d0c1c7', 'b2667283-89fa-476c-8c06-d8a3b3d0c1c7', 'b2667283-89fa-476c-8c06-d8a3b3d0c1c7', 'b2667283-89fa-476c-8c06-d8a3b3d0c1c7', 'b2667283-89fa-476c-8c06-d8a3b3d0c1c7', 'b2667283-89fa-476c-8c06-d8a3b3d0c1c7', 'b2667283-89fa-476c-8c06-d8a3b3d0c1c7', 'b2667283-89fa-476c-8c06-d8a3b3d0c1c7', 'b2667283-89fa-476c-8c06-d8a3b3d0c1c7', 'b2667283-89fa-476c-8c06-d8a3b3d0c1c7', 'b2667283-89fa-476c-8c06-d8a3b3d0c1c7', 'b2667283-89fa-476c-8c06-d8a3b3d0c1c7', 'b2667283-89fa-476c-8c06-d8a3b3d0c1c7', 'b2667283-89fa-476c-8c06-d8a3b3d0c1c7', 'b2667283-89fa-476c-8c06-d8a3b3d0c1c7', 'b2667283-89fa-476c-8c06-d8a3b3d0c1c7', 'a877266c-8a93-4a73-917d-98e4c9161ec2', '8d524037-8de2-46f3-bb4a-059fa1dfb787', '9ca6680c-17e9-44f6-8db3-2a81e5531c79', '9ca6680c-17e9-44f6-8db3-2a81e5531c79', '9ca6680c-17e9-44f6-8db3-2a81e5531c79', '9ca6680c-17e9-44f6-8db3-2a81e5531c79', '9ca6680c-17e9-44f6-8db3-2a81e5531c79', '9ca6680c-17e9-44f6-8db3-2a81e5531c79', '9ca6680c-17e9-44f6-8db3-2a81e5531c79', '9ca6680c-17e9-44f6-8db3-2a81e5531c79', '9ca6680c-17e9-44f6-8db3-2a81e5531c79', '9ca6680c-17e9-44f6-8db3-2a81e5531c79', '9ca6680c-17e9-44f6-8db3-2a81e5531c79', '9ca6680c-17e9-44f6-8db3-2a81e5531c79', '9ca6680c-17e9-44f6-8db3-2a81e5531c79', '9ca6680c-17e9-44f6-8db3-2a81e5531c79', '9ca6680c-17e9-44f6-8db3-2a81e5531c79', '9ca6680c-17e9-44f6-8db3-2a81e5531c79', 'd3be2b0f-f3e0-438b-b648-b9f2a3071375', 'a74d9c50-136e-48cc-8adf-8f8b625593c7', 'b05bf197-8792-43d6-96a4-4e70b492253d', 'ba6fb3f0-01d7-46be-8252-b7567f98d450', '2b5e93cb-fb71-4a41-a920-c4e8c981ef1a', '00cc98aa-d8ca-4594-9cbc-6b6a6e2e8cc9', '1244dc3a-4e9b-4d34-9201-4b4693c0a722', '04bb35bd-33bd-4d4a-bf9c-05a6e37a9cea', '2f00b762-ece4-4746-8d85-29d5e0b9adbd', '131da02b-4579-4d44-84e0-6881dd12affc', 'ef01b0a7-baf5-47e9-8435-8f9b82fd4e42', '4bb6035c-8666-4332-80d4-d6e789003f71', '172c1f75-33ee-4e08-bf23-4190ef4f5560', 'a2a3c403-f9e4-4b06-ad70-b0786aa11ade', '3af4cd5a-12db-4049-8e48-c789e28a4d63', 'd00c2407-fb3f-4b95-8872-de51b802496c']"
49200644-fc83-417c-b3ff-3d1ab176c700,8,"['b2667283-89fa-476c-8c06-d8a3b3d0c1c7', '9ca6680c-17e9-44f6-8db3-2a81e5531c79', '9ca6680c-17e9-44f6-8db3-2a81e5531c79', '9ca6680c-17e9-44f6-8db3-2a81e5531c79', '9ca6680c-17e9-44f6-8db3-2a81e5531c79', '9ca6680c-17e9-44f6-8db3-2a81e5531c79', '9ca6680c-17e9-44f6-8db3-2a81e5531c79', '9ca6680c-17e9-44f6-8db3-2a81e5531c79', '9ca6680c-17e9-44f6-8db3-2a81e5531c79', '9ca6680c-17e9-44f6-8db3-2a81e5531c79', '9ca6680c-17e9-44f6-8db3-2a81e5531c79', '9ca6680c-17e9-44f6-8db3-2a81e5531c79', '9ca6680c-17e9-44f6-8db3-2a81e5531c79', '9ca6680c-17e9-44f6-8db3-2a81e5531c79', '9ca6680c-17e9-44f6-8db3-2a81e5531c79', '9ca6680c-17e9-44f6-8db3-2a81e5531c79', '9ca6680c-17e9-44f6-8db3-2a81e5531c79', '4bb6035c-8666-4332-80d4-d6e789003f71', '4bb6035c-8666-4332-80d4-d6e789003f71', '3af4cd5a-12db-4049-8e48-c789e28a4d63', '3af4cd5a-12db-4049-8e48-c789e28a4d63', '3af4cd5a-12db-4049-8e48-c789e28a4d63', '3af4cd5a-12db-4049-8e48-c789e28a4d63', '3af4cd5a-12db-4049-8e48-c789e28a4d63', '3af4cd5a-12db-4049-8e48-c789e28a4d63', '3af4cd5a-12db-4049-8e48-c789e28a4d63', '3af4cd5a-12db-4049-8e48-c789e28a4d63', '3af4cd5a-12db-4049-8e48-c789e28a4d63', '3af4cd5a-12db-4049-8e48-c789e28a4d63', '3af4cd5a-12db-4049-8e48-c789e28a4d63', '3af4cd5a-12db-4049-8e48-c789e28a4d63', '3af4cd5a-12db-4049-8e48-c789e28a4d63', '3af4cd5a-12db-4049-8e48-c789e28a4d63', '3af4cd5a-12db-4049-8e48-c789e28a4d63', '3af4cd5a-12db-4049-8e48-c789e28a4d63', '3af4cd5a-12db-4049-8e48-c789e28a4d63', '3af4cd5a-12db-4049-8e48-c789e28a4d63', '9c74bef1-f854-41fe-8397-29c918cf74e3', '6cde90be-592d-40de-b2b1-d2b97bf396bf', '76959f17-878f-4b08-8634-e4f9e3f60b72', '947bf342-7cd6-4335-ba2d-0a63e300012b', 'b9394b3c-7dbf-4cbb-b498-6e7227749c1d', 'd245f02a-4b16-4c15-9e9c-e2f47e7aa184', '4db28023-cc9b-47e8-82f2-043f4889a21c', '8bc898b1-692d-4a9f-bd29-5f582e4239a1', 'b0e96f83-9f0b-41ac-af64-dac9552e09fe', '0bdad3fa-8cbd-4b28-9b9b-b1aef43ac493', '3bedb22f-b68f-4bb6-aff9-c191b4049ccf', '4f3e58e5-f241-4bc2-b99a-b85841f48943', '910e71f8-92da-4018-a385-e5403711db3b']"
49200644-fc83-417c-b3ff-3d1ab176c700,9,"['9ca6680c-17e9-44f6-8db3-2a81e5531c79', '3af4cd5a-12db-4049-8e48-c789e28a4d63', '3af4cd5a-12db-4049-8e48-c789e28a4d63', '3af4cd5a-12db-4049-8e48-c789e28a4d63', '3af4cd5a-12db-4049-8e48-c789e28a4d63', '3af4cd5a-12db-4049-8e48-c789e28a4d63', '3af4cd5a-12db-4049-8e48-c789e28a4d63', '3af4cd5a-12db-4049-8e48-c789e28a4d63', '3af4cd5a-12db-4049-8e48-c789e28a4d63', '3af4cd5a-12db-4049-8e48-c789e28a4d63', '3af4cd5a-12db-4049-8e48-c789e28a4d63', '3af4cd5a-12db-4049-8e48-c789e28a4d63', '3af4cd5a-12db-4049-8e48-c789e28a4d63', '3af4cd5a-12db-4049-8e48-c789e28a4d63', '3af4cd5a-12db-4049-8e48-c789e28a4d63', '3af4cd5a-12db-4049-8e48-c789e28a4d63', '3af4cd5a-12db-4049-8e48-c789e28a4d63', '3af4cd5a-12db-4049-8e48-c789e28a4d63', '3af4cd5a-12db-4049-8e48-c789e28a4d63', '3af4cd5a-12db-4049-8e48-c789e28a4d63', '3af4cd5a-12db-4049-8e48-c789e28a4d63', '3af4cd5a-12db-4049-8e48-c789e28a4d63', '3af4cd5a-12db-4049-8e48-c789e28a4d63', '3af4cd5a-12db-4049-8e48-c789e28a4d63', '3af4cd5a-12db-4049-8e48-c789e28a4d63', '3af4cd5a-12db-4049-8e48-c789e28a4d63', '3af4cd5a-12db-4049-8e48-c789e28a4d63', '3af4cd5a-12db-4049-8e48-c789e28a4d63', '3af4cd5a-12db-4049-8e48-c789e28a4d63', '3af4cd5a-12db-4049-8e48-c789e28a4d63', '3af4cd5a-12db-4049-8e48-c789e28a4d63', '3af4cd5a-12db-4049-8e48-c789e28a4d63', '3af4cd5a-12db-4049-8e48-c789e28a4d63', '3af4cd5a-12db-4049-8e48-c789e28a4d63', '3af4cd5a-12db-4049-8e48-c789e28a4d63', '3af4cd5a-12db-4049-8e48-c789e28a4d63', '3af4cd5a-12db-4049-8e48-c789e28a4d63', '3af4cd5a-12db-4049-8e48-c789e28a4d63', '3af4cd5a-12db-4049-8e48-c789e28a4d63', '0cf6476c-8ee8-44e5-903e-958f1c712928', '68129cf5-4e7d-4274-904f-94b82c494dbf', '2ad1ceee-35ec-4992-8db6-4a2a40b08497', '71632772-50ab-4610-a57f-95b3525de5ab', 'f7143564-634c-476b-a657-befbc7a883a7', 'c07ea226-180b-452f-adae-727e73a59327', 'b930a32f-f4bb-4f18-b534-4fa6d882809e', 'afdc839f-61b3-451d-a1ad-e4a7fa46a5fc', '3cf32503-aecd-47f0-9d1c-dbb144c1adb0', '807fe019-2072-4c6a-b894-05a3e3479eb8', 'b517bd7b-e3e8-4449-8429-2582b2830437']"
49200644-fc83-417c-b3ff-3d1ab176c700,10,"['9ca6680c-17e9-44f6-8db3-2a81e5531c79', '3af4cd5a-12db-4049-8e48-c789e28a4d63', '3af4cd5a-12db-4049-8e48-c789e28a4d63', '3af4cd5a-12db-4049-8e48-c789e28a4d63', '3af4cd5a-12db-4049-8e48-c789e28a4d63', '3af4cd5a-12db-4049-8e48-c789e28a4d63', '3af4cd5a-12db-4049-8e48-c789e28a4d63', '3af4cd5a-12db-4049-8e48-c789e28a4d63', '3af4cd5a-12db-4049-8e48-c789e28a4d63', '3af4cd5a-12db-4049-8e48-c789e28a4d63', '3af4cd5a-12db-4049-8e48-c789e28a4d63', '3af4cd5a-12db-4049-8e48-c789e28a4d63', '3af4cd5a-12db-4049-8e48-c789e28a4d63', '3af4cd5a-12db-4049-8e48-c789e28a4d63', '3af4cd5a-12db-4049-8e48-c789e28a4d63', '3af4cd5a-12db-4049-8e48-c789e28a4d63', '3af4cd5a-12db-4049-8e48-c789e28a4d63', '3af4cd5a-12db-4049-8e48-c789e28a4d63', '3af4cd5a-12db-4049-8e48-c789e28a4d63', '3af4cd5a-12db-4049-8e48-c789e28a4d63', '3af4cd5a-12db-4049-8e48-c789e28a4d63', '3af4cd5a-12db-4049-8e48-c789e28a4d63', '3af4cd5a-12db-4049-8e48-c789e28a4d63', '3af4cd5a-12db-4049-8e48-c789e28a4d63', '3af4cd5a-12db-4049-8e48-c789e28a4d63', '3af4cd5a-12db-4049-8e48-c789e28a4d63', '3af4cd5a-12db-4049-8e48-c789e28a4d63', '3af4cd5a-12db-4049-8e48-c789e28a4d63', '3af4cd5a-12db-4049-8e48-c789e28a4d63', '3af4cd5a-12db-4049-8e48-c789e28a4d63', '3af4cd5a-12db-4049-8e48-c789e28a4d63', '3af4cd5a-12db-4049-8e48-c789e28a4d63', '3af4cd5a-12db-4049-8e48-c789e28a4d63', '0cf6476c-8ee8-44e5-903e-958f1c712928', '68129cf5-4e7d-4274-904f-94b82c494dbf', '2ad1ceee-35ec-4992-8db6-4a2a40b08497', 'c07ea226-180b-452f-adae-727e73a59327', 'b930a32f-f4bb-4f18-b534-4fa6d882809e', 'afdc839f-61b3-451d-a1ad-e4a7fa46a5fc', '3cf32503-aecd-47f0-9d1c-dbb144c1adb0', 'b517bd7b-e3e8-4449-8429-2582b2830437', 'eb09d126-87fe-43ce-a933-949911f6e9d6', 'd974fb5a-49a9-417d-a3ec-5bfcbfb1a702', 'd02f4eb0-13f3-4a93-8a6a-df04d538d77d', '871e456b-1395-468e-8938-025e04ab4de4', 'ca9e5635-011f-4871-bff1-be3dc3124a5f', '3afd4adf-bdf1-4421-b93d-e481b6feeba6', 'f0e2df35-0f0c-448f-b54e-4c603603fe1f', '9e2612dc-56a3-4d85-9fb1-fe037da5c591', 'c16c0538-2d0a-417e-867a-9c0e3eaec126']"
49200644-fc83-417c-b3ff-3d1ab176c700,11,"['3af4cd5a-12db-4049-8e48-c789e28a4d63', '3af4cd5a-12db-4049-8e48-c789e28a4d63', '3af4cd5a-12db-4049-8e48-c789e28a4d63', '3af4cd5a-12db-4049-8e48-c789e28a4d63', '3af4cd5a-12db-4049-8e48-c789e28a4d63', '3af4cd5a-12db-4049-8e48-c789e28a4d63', '3af4cd5a-12db-4049-8e48-c789e28a4d63', '3af4cd5a-12db-4049-8e48-c789e28a4d63', '3af4cd5a-12db-4049-8e48-c789e28a4d63', '3af4cd5a-12db-4049-8e48-c789e28a4d63', '3af4cd5a-12db-4049-8e48-c789e28a4d63', '3af4cd5a-12db-4049-8e48-c789e28a4d63', '3af4cd5a-12db-4049-8e48-c789e28a4d63', '3af4cd5a-12db-4049-8e48-c789e28a4d63', '3af4cd5a-12db-4049-8e48-c789e28a4d63', 'ca9e5635-011f-4871-bff1-be3dc3124a5f', '3afd4adf-bdf1-4421-b93d-e481b6feeba6', '3afd4adf-bdf1-4421-b93d-e481b6feeba6', '3afd4adf-bdf1-4421-b93d-e481b6feeba6', '3afd4adf-bdf1-4421-b93d-e481b6feeba6', '3afd4adf-bdf1-4421-b93d-e481b6feeba6', '3afd4adf-bdf1-4421-b93d-e481b6feeba6', 'c16c0538-2d0a-417e-867a-9c0e3eaec126', 'c16c0538-2d0a-417e-867a-9c0e3eaec126', 'c16c0538-2d0a-417e-867a-9c0e3eaec126', 'c16c0538-2d0a-417e-867a-9c0e3eaec126', 'c16c0538-2d0a-417e-867a-9c0e3eaec126', 'c16c0538-2d0a-417e-867a-9c0e3eaec126', 'c16c0538-2d0a-417e-867a-9c0e3eaec126', 'c16c0538-2d0a-417e-867a-9c0e3eaec126', 'c16c0538-2d0a-417e-867a-9c0e3eaec126', 'c16c0538-2d0a-417e-867a-9c0e3eaec126', 'c16c0538-2d0a-417e-867a-9c0e3eaec126', 'c16c0538-2d0a-417e-867a-9c0e3eaec126', 'c16c0538-2d0a-417e-867a-9c0e3eaec126', 'c16c0538-2d0a-417e-867a-9c0e3eaec126', 'c16c0538-2d0a-417e-867a-9c0e3eaec126', '98ccc1a5-29ef-48d1-be03-56ee021b4c57', '266accc3-be60-41c6-93a4-6154ae1a228c', 'fdcb7540-fba9-4975-8a8f-7563a40bcbdb', 'df148269-7ab3-4c53-8cd2-2d8b7de748f3', 'ac90c105-bfb9-42e9-8b78-78bf8b92dd52', '96b355f5-1a14-4604-8345-4e5977a1fa56', 'f058bc07-c483-41bb-a70b-a033d52fcbc3', 'a9e54289-b2f2-4b1e-b41f-c0912f47b93b', '9ed2a542-49de-4204-89b6-5e10581f8dc2', '7eeb24bb-0557-4b37-8678-4925f0f4a641', '0f51c2aa-33a7-4133-89b7-ec0178b10542', 'ce2ea89d-88f9-49ce-96fd-56ec64f41b05', 'ab66dda0-5d33-43a6-a9fc-01f8f6d99984']"
49200644-fc83-417c-b3ff-3d1ab176c700,12,"['3afd4adf-bdf1-4421-b93d-e481b6feeba6', '3afd4adf-bdf1-4421-b93d-e481b6feeba6', '3afd4adf-bdf1-4421-b93d-e481b6feeba6', '3afd4adf-bdf1-4421-b93d-e481b6feeba6', '3afd4adf-bdf1-4421-b93d-e481b6feeba6', 'c16c0538-2d0a-417e-867a-9c0e3eaec126', 'c16c0538-2d0a-417e-867a-9c0e3eaec126', 'c16c0538-2d0a-417e-867a-9c0e3eaec126', 'c16c0538-2d0a-417e-867a-9c0e3eaec126', 'c16c0538-2d0a-417e-867a-9c0e3eaec126', 'c16c0538-2d0a-417e-867a-9c0e3eaec126', 'c16c0538-2d0a-417e-867a-9c0e3eaec126', 'c16c0538-2d0a-417e-867a-9c0e3eaec126', 'c16c0538-2d0a-417e-867a-9c0e3eaec126', 'c16c0538-2d0a-417e-867a-9c0e3eaec126', 'c16c0538-2d0a-417e-867a-9c0e3eaec126', 'c16c0538-2d0a-417e-867a-9c0e3eaec126', 'c16c0538-2d0a-417e-867a-9c0e3eaec126', 'c16c0538-2d0a-417e-867a-9c0e3eaec126', 'c16c0538-2d0a-417e-867a-9c0e3eaec126', 'c16c0538-2d0a-417e-867a-9c0e3eaec126', 'c16c0538-2d0a-417e-867a-9c0e3eaec126', 'c16c0538-2d0a-417e-867a-9c0e3eaec126', 'c16c0538-2d0a-417e-867a-9c0e3eaec126', 'c16c0538-2d0a-417e-867a-9c0e3eaec126', 'c16c0538-2d0a-417e-867a-9c0e3eaec126', 'c16c0538-2d0a-417e-867a-9c0e3eaec126', 'c16c0538-2d0a-417e-867a-9c0e3eaec126', 'c16c0538-2d0a-417e-867a-9c0e3eaec126', 'c16c0538-2d0a-417e-867a-9c0e3eaec126', 'c16c0538-2d0a-417e-867a-9c0e3eaec126', 'c16c0538-2d0a-417e-867a-9c0e3eaec126', 'c16c0538-2d0a-417e-867a-9c0e3eaec126', 'c16c0538-2d0a-417e-867a-9c0e3eaec126', 'c16c0538-2d0a-417e-867a-9c0e3eaec126', 'c16c0538-2d0a-417e-867a-9c0e3eaec126', 'c16c0538-2d0a-417e-867a-9c0e3eaec126', 'c16c0538-2d0a-417e-867a-9c0e3eaec126', 'c16c0538-2d0a-417e-867a-9c0e3eaec126', 'edf1194d-c725-4311-8629-257d24221112', '489c65e8-d311-4351-b8b8-7d6e1a417772', 'c2ed1c2b-8646-4a1f-8f77-befac64e9f5d', '00da6e89-e6f1-402b-b094-f06804a46f78', 'bb21a4c7-e49d-4f5e-bb18-105a11354185', '5f6b9e60-a221-4343-84cf-7e8ac6c5abd8', '36fe727e-1395-4f6e-895d-84ec42374975', '01269c7c-543f-4c1d-ae34-028a80fd245c', '5397d6ec-9703-40d5-910e-298e913a0fe8', 'ef040474-0e4d-4961-88d7-f72d6ed15efb', '7e5bbe47-a830-48c7-b7bd-de74a7da1824']"
49200644-fc83-417c-b3ff-3d1ab176c700,13,"['3afd4adf-bdf1-4421-b93d-e481b6feeba6', '3afd4adf-bdf1-4421-b93d-e481b6feeba6', '3afd4adf-bdf1-4421-b93d-e481b6feeba6', '3afd4adf-bdf1-4421-b93d-e481b6feeba6', 'c16c0538-2d0a-417e-867a-9c0e3eaec126', 'c16c0538-2d0a-417e-867a-9c0e3eaec126', 'c16c0538-2d0a-417e-867a-9c0e3eaec126', 'c16c0538-2d0a-417e-867a-9c0e3eaec126', 'c16c0538-2d0a-417e-867a-9c0e3eaec126', 'c16c0538-2d0a-417e-867a-9c0e3eaec126', 'c16c0538-2d0a-417e-867a-9c0e3eaec126', 'c16c0538-2d0a-417e-867a-9c0e3eaec126', 'c16c0538-2d0a-417e-867a-9c0e3eaec126', 'c16c0538-2d0a-417e-867a-9c0e3eaec126', 'c16c0538-2d0a-417e-867a-9c0e3eaec126', 'c16c0538-2d0a-417e-867a-9c0e3eaec126', 'c16c0538-2d0a-417e-867a-9c0e3eaec126', 'c16c0538-2d0a-417e-867a-9c0e3eaec126', 'c16c0538-2d0a-417e-867a-9c0e3eaec126', 'c16c0538-2d0a-417e-867a-9c0e3eaec126', 'c16c0538-2d0a-417e-867a-9c0e3eaec126', 'c16c0538-2d0a-417e-867a-9c0e3eaec126', 'c16c0538-2d0a-417e-867a-9c0e3eaec126', 'c16c0538-2d0a-417e-867a-9c0e3eaec126', 'c16c0538-2d0a-417e-867a-9c0e3eaec126', 'c16c0538-2d0a-417e-867a-9c0e3eaec126', 'c16c0538-2d0a-417e-867a-9c0e3eaec126', 'c16c0538-2d0a-417e-867a-9c0e3eaec126', 'c16c0538-2d0a-417e-867a-9c0e3eaec126', 'c16c0538-2d0a-417e-867a-9c0e3eaec126', 'c16c0538-2d0a-417e-867a-9c0e3eaec126', 'c16c0538-2d0a-417e-867a-9c0e3eaec126', 'edf1194d-c725-4311-8629-257d24221112', '489c65e8-d311-4351-b8b8-7d6e1a417772', 'c2ed1c2b-8646-4a1f-8f77-befac64e9f5d', '00da6e89-e6f1-402b-b094-f06804a46f78', 'bb21a4c7-e49d-4f5e-bb18-105a11354185', '36fe727e-1395-4f6e-895d-84ec42374975', '01269c7c-543f-4c1d-ae34-028a80fd245c', '5397d6ec-9703-40d5-910e-298e913a0fe8', 'ef040474-0e4d-4961-88d7-f72d6ed15efb', '7e5bbe47-a830-48c7-b7bd-de74a7da1824', 'f294f3b8-773f-42a7-ab77-d9d2555f1977', '44c5554f-a2c5-42a2-ac72-f6260424fae9', 'cfe8219b-ab0c-4704-ab42-c940d73f3fc9', '88f87cae-b46d-4474-b4ce-de6df1d94739', '393db47a-26e7-40c1-92e2-a5021118414c', '234f7641-52cf-4ac4-bad5-ecfaf3fa8a76', '503f14b1-746e-40ed-ae80-c39b4b604cf6', '2977b9a2-5ab2-4122-ace8-0693ceb39070']"
49200644-fc83-417c-b3ff-3d1ab176c700,14,"['3afd4adf-bdf1-4421-b93d-e481b6feeba6', '3afd4adf-bdf1-4421-b93d-e481b6feeba6', '3afd4adf-bdf1-4421-b93d-e481b6feeba6', 'c16c0538-2d0a-417e-867a-9c0e3eaec126', 'c16c0538-2d0a-417e-867a-9c0e3eaec126', 'c16c0538-2d0a-417e-867a-9c0e3eaec126', 'c16c0538-2d0a-417e-867a-9c0e3eaec126', 'c16c0538-2d0a-417e-867a-9c0e3eaec126', 'c16c0538-2d0a-417e-867a-9c0e3eaec126', 'c16c0538-2d0a-417e-867a-9c0e3eaec126', 'c16c0538-2d0a-417e-867a-9c0e3eaec126', 'c16c0538-2d0a-417e-867a-9c0e3eaec126', 'c16c0538-2d0a-417e-867a-9c0e3eaec126', 'c16c0538-2d0a-417e-867a-9c0e3eaec126', 'c16c0538-2d0a-417e-867a-9c0e3eaec126', 'c16c0538-2d0a-417e-867a-9c0e3eaec126', 'c16c0538-2d0a-417e-867a-9c0e3eaec126', 'c16c0538-2d0a-417e-867a-9c0e3eaec126', 'c16c0538-2d0a-417e-867a-9c0e3eaec126', 'c16c0538-2d0a-417e-867a-9c0e3eaec126', 'c16c0538-2d0a-417e-867a-9c0e3eaec126', 'c16c0538-2d0a-417e-867a-9c0e3eaec126', 'c16c0538-2d0a-417e-867a-9c0e3eaec126', 'c16c0538-2d0a-417e-867a-9c0e3eaec126', 'c16c0538-2d0a-417e-867a-9c0e3eaec126', 'c16c0538-2d0a-417e-867a-9c0e3eaec126', 'c16c0538-2d0a-417e-867a-9c0e3eaec126', '489c65e8-d311-4351-b8b8-7d6e1a417772', 'c2ed1c2b-8646-4a1f-8f77-befac64e9f5d', '00da6e89-e6f1-402b-b094-f06804a46f78', 'bb21a4c7-e49d-4f5e-bb18-105a11354185', '36fe727e-1395-4f6e-895d-84ec42374975', '01269c7c-543f-4c1d-ae34-028a80fd245c', '5397d6ec-9703-40d5-910e-298e913a0fe8', 'ef040474-0e4d-4961-88d7-f72d6ed15efb', 'f294f3b8-773f-42a7-ab77-d9d2555f1977', 'cfe8219b-ab0c-4704-ab42-c940d73f3fc9', '393db47a-26e7-40c1-92e2-a5021118414c', '234f7641-52cf-4ac4-bad5-ecfaf3fa8a76', '503f14b1-746e-40ed-ae80-c39b4b604cf6', '2977b9a2-5ab2-4122-ace8-0693ceb39070', 'd755a353-5a2a-45dc-86e0-940b58d7fdcd', 'f53abd08-f0b7-4b17-a207-8109a7c3abc9', '69fb91a4-0084-45bc-ae29-376868346f0d', '4359a881-1a88-4d83-a5c1-008b73cd056f', '15cbd00c-dfc4-4999-8bff-556b91c8f826', 'd4ff4792-c287-47d4-a78d-de280b943ce1', '5df00482-7690-4361-a0b9-dd70743ca888', '506bff6e-a6ce-466e-92fd-97be104449cf', '31cca7b0-5e74-4c30-a813-64d72ff08b1f']"
49200644-fc83-417c-b3ff-3d1ab176c700,15,"['3afd4adf-bdf1-4421-b93d-e481b6feeba6', '3afd4adf-bdf1-4421-b93d-e481b6feeba6', 'c16c0538-2d0a-417e-867a-9c0e3eaec126', 'c16c0538-2d0a-417e-867a-9c0e3eaec126', 'c16c0538-2d0a-417e-867a-9c0e3eaec126', 'c16c0538-2d0a-417e-867a-9c0e3eaec126', 'c16c0538-2d0a-417e-867a-9c0e3eaec126', 'c16c0538-2d0a-417e-867a-9c0e3eaec126', 'c16c0538-2d0a-417e-867a-9c0e3eaec126', 'c16c0538-2d0a-417e-867a-9c0e3eaec126', 'c16c0538-2d0a-417e-867a-9c0e3eaec126', 'c16c0538-2d0a-417e-867a-9c0e3eaec126', 'c16c0538-2d0a-417e-867a-9c0e3eaec126', 'c16c0538-2d0a-417e-867a-9c0e3eaec126', 'c16c0538-2d0a-417e-867a-9c0e3eaec126', 'c16c0538-2d0a-417e-867a-9c0e3eaec126', 'c16c0538-2d0a-417e-867a-9c0e3eaec126', 'c16c0538-2d0a-417e-867a-9c0e3eaec126', '489c65e8-d311-4351-b8b8-7d6e1a417772', 'c2ed1c2b-8646-4a1f-8f77-befac64e9f5d', '00da6e89-e6f1-402b-b094-f06804a46f78', 'bb21a4c7-e49d-4f5e-bb18-105a11354185', '36fe727e-1395-4f6e-895d-84ec42374975', '01269c7c-543f-4c1d-ae34-028a80fd245c', '5397d6ec-9703-40d5-910e-298e913a0fe8', 'ef040474-0e4d-4961-88d7-f72d6ed15efb', 'f294f3b8-773f-42a7-ab77-d9d2555f1977', '393db47a-26e7-40c1-92e2-a5021118414c', '234f7641-52cf-4ac4-bad5-ecfaf3fa8a76', '503f14b1-746e-40ed-ae80-c39b4b604cf6', '2977b9a2-5ab2-4122-ace8-0693ceb39070', 'd755a353-5a2a-45dc-86e0-940b58d7fdcd', 'f53abd08-f0b7-4b17-a207-8109a7c3abc9', '69fb91a4-0084-45bc-ae29-376868346f0d', '15cbd00c-dfc4-4999-8bff-556b91c8f826', '506bff6e-a6ce-466e-92fd-97be104449cf', '31cca7b0-5e74-4c30-a813-64d72ff08b1f', '9efa7fa8-9ca1-4b8d-b03d-22f9c8af644c', '5b6d3a91-210d-4620-8c1b-70f046fce0d7', '0a709dc8-a23f-43ce-8149-365a6ff41dbe', '203730bb-78ad-486f-91a9-aa9ee962b66b', 'd65e22a5-2877-4758-8129-b2d7e09f38c0', '0b6f4328-e783-49c0-a98e-47b7dc89c811', 'f9a6684a-e696-4095-ac52-576152aec84b', '8f3397ce-cf35-452d-a503-01054f40e07d', '71c91417-8753-41c8-b1c5-801862632e00', '3b5e4141-950b-4cfd-8e89-43f41ee6c311', 'a64ace65-ff3a-45db-bd68-629ece947aef', 'cb006e42-1840-4278-95aa-a2837432a59d', '12bd19be-2e4e-4a48-8dfa-4cf4afd78ce6']"
c471ccec-8b55-4967-a376-c3eff8fe87e5,0,"['8652923d-a4aa-41a2-b2d9-d304ab45c69c', '8652923d-a4aa-41a2-b2d9-d304ab45c69c', '8652923d-a4aa-41a2-b2d9-d304ab45c69c', '8652923d-a4aa-41a2-b2d9-d304ab45c69c', '8652923d-a4aa-41a2-b2d9-d304ab45c69c', '8652923d-a4aa-41a2-b2d9-d304ab45c69c', '8652923d-a4aa-41a2-b2d9-d304ab45c69c', '8652923d-a4aa-41a2-b2d9-d304ab45c69c', '8652923d-a4aa-41a2-b2d9-d304ab45c69c', '8652923d-a4aa-41a2-b2d9-d304ab45c69c', '8652923d-a4aa-41a2-b2d9-d304ab45c69c', '8652923d-a4aa-41a2-b2d9-d304ab45c69c', '8652923d-a4aa-41a2-b2d9-d304ab45c69c', '8652923d-a4aa-41a2-b2d9-d304ab45c69c', '8652923d-a4aa-41a2-b2d9-d304ab45c69c', '8652923d-a4aa-41a2-b2d9-d304ab45c69c', '8652923d-a4aa-41a2-b2d9-d304ab45c69c', '8652923d-a4aa-41a2-b2d9-d304ab45c69c', '8652923d-a4aa-41a2-b2d9-d304ab45c69c', '8652923d-a4aa-41a2-b2d9-d304ab45c69c', '8652923d-a4aa-41a2-b2d9-d304ab45c69c', '8652923d-a4aa-41a2-b2d9-d304ab45c69c', '8652923d-a4aa-41a2-b2d9-d304ab45c69c', '8652923d-a4aa-41a2-b2d9-d304ab45c69c', '8652923d-a4aa-41a2-b2d9-d304ab45c69c', '8652923d-a4aa-41a2-b2d9-d304ab45c69c', '8652923d-a4aa-41a2-b2d9-d304ab45c69c', '8652923d-a4aa-41a2-b2d9-d304ab45c69c', '8652923d-a4aa-41a2-b2d9-d304ab45c69c', '8652923d-a4aa-41a2-b2d9-d304ab45c69c', '8652923d-a4aa-41a2-b2d9-d304ab45c69c', '8652923d-a4aa-41a2-b2d9-d304ab45c69c', '8652923d-a4aa-41a2-b2d9-d304ab45c69c', '8652923d-a4aa-41a2-b2d9-d304ab45c69c', '8652923d-a4aa-41a2-b2d9-d304ab45c69c', '8652923d-a4aa-41a2-b2d9-d304ab45c69c', '8652923d-a4aa-41a2-b2d9-d304ab45c69c', '8652923d-a4aa-41a2-b2d9-d304ab45c69c', '8652923d-a4aa-41a2-b2d9-d304ab45c69c', '8652923d-a4aa-41a2-b2d9-d304ab45c69c', '8652923d-a4aa-41a2-b2d9-d304ab45c69c', '8652923d-a4aa-41a2-b2d9-d304ab45c69c', '8652923d-a4aa-41a2-b2d9-d304ab45c69c', '8652923d-a4aa-41a2-b2d9-d304ab45c69c', '8652923d-a4aa-41a2-b2d9-d304ab45c69c', '8652923d-a4aa-41a2-b2d9-d304ab45c69c', '8652923d-a4aa-41a2-b2d9-d304ab45c69c', '8652923d-a4aa-41a2-b2d9-d304ab45c69c', '8652923d-a4aa-41a2-b2d9-d304ab45c69c', '8652923d-a4aa-41a2-b2d9-d304ab45c69c']"
c471ccec-8b55-4967-a376-c3eff8fe87e5,1,"['8652923d-a4aa-41a2-b2d9-d304ab45c69c', '8652923d-a4aa-41a2-b2d9-d304ab45c69c', '8652923d-a4aa-41a2-b2d9-d304ab45c69c', '8652923d-a4aa-41a2-b2d9-d304ab45c69c', '8652923d-a4aa-41a2-b2d9-d304ab45c69c', '8652923d-a4aa-41a2-b2d9-d304ab45c69c', '8652923d-a4aa-41a2-b2d9-d304ab45c69c', '8652923d-a4aa-41a2-b2d9-d304ab45c69c', '8652923d-a4aa-41a2-b2d9-d304ab45c69c', '8652923d-a4aa-41a2-b2d9-d304ab45c69c', '8652923d-a4aa-41a2-b2d9-d304ab45c69c', '8652923d-a4aa-41a2-b2d9-d304ab45c69c', '8652923d-a4aa-41a2-b2d9-d304ab45c69c', '8652923d-a4aa-41a2-b2d9-d304ab45c69c', '8652923d-a4aa-41a2-b2d9-d304ab45c69c', '8652923d-a4aa-41a2-b2d9-d304ab45c69c', '8652923d-a4aa-41a2-b2d9-d304ab45c69c', '8652923d-a4aa-41a2-b2d9-d304ab45c69c', '8652923d-a4aa-41a2-b2d9-d304ab45c69c', '8652923d-a4aa-41a2-b2d9-d304ab45c69c', '8652923d-a4aa-41a2-b2d9-d304ab45c69c', '8652923d-a4aa-41a2-b2d9-d304ab45c69c', '8652923d-a4aa-41a2-b2d9-d304ab45c69c', '8652923d-a4aa-41a2-b2d9-d304ab45c69c', '8652923d-a4aa-41a2-b2d9-d304ab45c69c', '8652923d-a4aa-41a2-b2d9-d304ab45c69c', '8652923d-a4aa-41a2-b2d9-d304ab45c69c', '8652923d-a4aa-41a2-b2d9-d304ab45c69c', '8652923d-a4aa-41a2-b2d9-d304ab45c69c', '8652923d-a4aa-41a2-b2d9-d304ab45c69c', '8652923d-a4aa-41a2-b2d9-d304ab45c69c', '8652923d-a4aa-41a2-b2d9-d304ab45c69c', '8652923d-a4aa-41a2-b2d9-d304ab45c69c', '8652923d-a4aa-41a2-b2d9-d304ab45c69c', '8652923d-a4aa-41a2-b2d9-d304ab45c69c', '8652923d-a4aa-41a2-b2d9-d304ab45c69c', '8652923d-a4aa-41a2-b2d9-d304ab45c69c', '8652923d-a4aa-41a2-b2d9-d304ab45c69c', '8652923d-a4aa-41a2-b2d9-d304ab45c69c', '8652923d-a4aa-41a2-b2d9-d304ab45c69c', '8652923d-a4aa-41a2-b2d9-d304ab45c69c', '5afb56a2-a9d3-49d6-91ee-3257f36e4c2d', '268d5757-459a-4278-9ec5-aaba527ce07d', 'bc935a1b-10ed-48d2-99a8-c8762aa67a77', '5c15e910-c22e-4eb4-aa0f-e7ada9d35af6', '6844d2fa-15ee-4b21-80b2-2252136ab73e', 'ff1c7bba-c07f-40cc-9e7a-4c93b92593eb', 'bde16068-f59d-425c-b9ae-a546926a62d4', '5ae3da2d-5b60-4203-a687-5c11cdbdf196', '138c7dd3-69c2-48aa-8943-45ef50916fb0']"
c471ccec-8b55-4967-a376-c3eff8fe87e5,2,"['8652923d-a4aa-41a2-b2d9-d304ab45c69c', '8652923d-a4aa-41a2-b2d9-d304ab45c69c', '8652923d-a4aa-41a2-b2d9-d304ab45c69c', '8652923d-a4aa-41a2-b2d9-d304ab45c69c', '8652923d-a4aa-41a2-b2d9-d304ab45c69c', '8652923d-a4aa-41a2-b2d9-d304ab45c69c', '8652923d-a4aa-41a2-b2d9-d304ab45c69c', '8652923d-a4aa-41a2-b2d9-d304ab45c69c', '8652923d-a4aa-41a2-b2d9-d304ab45c69c', '8652923d-a4aa-41a2-b2d9-d304ab45c69c', '8652923d-a4aa-41a2-b2d9-d304ab45c69c', '8652923d-a4aa-41a2-b2d9-d304ab45c69c', '8652923d-a4aa-41a2-b2d9-d304ab45c69c', '8652923d-a4aa-41a2-b2d9-d304ab45c69c', '8652923d-a4aa-41a2-b2d9-d304ab45c69c', '8652923d-a4aa-41a2-b2d9-d304ab45c69c', '8652923d-a4aa-41a2-b2d9-d304ab45c69c', '8652923d-a4aa-41a2-b2d9-d304ab45c69c', '8652923d-a4aa-41a2-b2d9-d304ab45c69c', '8652923d-a4aa-41a2-b2d9-d304ab45c69c', '8652923d-a4aa-41a2-b2d9-d304ab45c69c', '8652923d-a4aa-41a2-b2d9-d304ab45c69c', '8652923d-a4aa-41a2-b2d9-d304ab45c69c', '8652923d-a4aa-41a2-b2d9-d304ab45c69c', '8652923d-a4aa-41a2-b2d9-d304ab45c69c', '8652923d-a4aa-41a2-b2d9-d304ab45c69c', '8652923d-a4aa-41a2-b2d9-d304ab45c69c', '8652923d-a4aa-41a2-b2d9-d304ab45c69c', '268d5757-459a-4278-9ec5-aaba527ce07d', 'bc935a1b-10ed-48d2-99a8-c8762aa67a77', '5c15e910-c22e-4eb4-aa0f-e7ada9d35af6', '6844d2fa-15ee-4b21-80b2-2252136ab73e', 'ff1c7bba-c07f-40cc-9e7a-4c93b92593eb', 'bde16068-f59d-425c-b9ae-a546926a62d4', '5ae3da2d-5b60-4203-a687-5c11cdbdf196', '138c7dd3-69c2-48aa-8943-45ef50916fb0', '33ecc596-81ed-4ddf-8a55-ece33ff7871f', 'a2b3157d-72d2-4a91-b04a-562ed801972c', 'cb94916b-2d32-4bb7-aee0-a407409d6473', '77c822d1-4767-4af0-825d-5db9fb2ae7de', '51955b77-40a7-4d9b-8036-38f508006944', 'f8c1c12d-70e3-4e96-830a-5856dda34578', '88e10508-cf83-4f49-b65a-221012b69bb5', '9eb6252b-058f-499c-8a85-8541f633047a', '6f8b392f-6c28-43f8-ac6a-bec9cc5e2959', '36866be6-9bcd-4196-a7f9-9cb7fc17caf8', '7347663d-0e90-4c3b-aadb-23c2b8afec66', '86f45aff-487b-49d5-b3cb-03fa0ba2b01a', '85089677-7322-43e8-8c5f-1507a7c62353', '3db27c0e-e0e3-4f9b-bdc7-c4d62188e1f0']"
c471ccec-8b55-4967-a376-c3eff8fe87e5,3,"['8652923d-a4aa-41a2-b2d9-d304ab45c69c', '8652923d-a4aa-41a2-b2d9-d304ab45c69c', '8652923d-a4aa-41a2-b2d9-d304ab45c69c', '8652923d-a4aa-41a2-b2d9-d304ab45c69c', '8652923d-a4aa-41a2-b2d9-d304ab45c69c', '8652923d-a4aa-41a2-b2d9-d304ab45c69c', '8652923d-a4aa-41a2-b2d9-d304ab45c69c', '8652923d-a4aa-41a2-b2d9-d304ab45c69c', '8652923d-a4aa-41a2-b2d9-d304ab45c69c', '8652923d-a4aa-41a2-b2d9-d304ab45c69c', '8652923d-a4aa-41a2-b2d9-d304ab45c69c', '8652923d-a4aa-41a2-b2d9-d304ab45c69c', '8652923d-a4aa-41a2-b2d9-d304ab45c69c', '8652923d-a4aa-41a2-b2d9-d304ab45c69c', '8652923d-a4aa-41a2-b2d9-d304ab45c69c', '8652923d-a4aa-41a2-b2d9-d304ab45c69c', '8652923d-a4aa-41a2-b2d9-d304ab45c69c', '8652923d-a4aa-41a2-b2d9-d304ab45c69c', '8652923d-a4aa-41a2-b2d9-d304ab45c69c', '8652923d-a4aa-41a2-b2d9-d304ab45c69c', '8652923d-a4aa-41a2-b2d9-d304ab45c69c', '8652923d-a4aa-41a2-b2d9-d304ab45c69c', '8652923d-a4aa-41a2-b2d9-d304ab45c69c', '268d5757-459a-4278-9ec5-aaba527ce07d', 'bc935a1b-10ed-48d2-99a8-c8762aa67a77', '5c15e910-c22e-4eb4-aa0f-e7ada9d35af6', 'ff1c7bba-c07f-40cc-9e7a-4c93b92593eb', 'bde16068-f59d-425c-b9ae-a546926a62d4', '5ae3da2d-5b60-4203-a687-5c11cdbdf196', '138c7dd3-69c2-48aa-8943-45ef50916fb0', '33ecc596-81ed-4ddf-8a55-ece33ff7871f', 'a2b3157d-72d2-4a91-b04a-562ed801972c', 'cb94916b-2d32-4bb7-aee0-a407409d6473', '77c822d1-4767-4af0-825d-5db9fb2ae7de', '51955b77-40a7-4d9b-8036-38f508006944', '88e10508-cf83-4f49-b65a-221012b69bb5', '9eb6252b-058f-499c-8a85-8541f633047a', '36866be6-9bcd-4196-a7f9-9cb7fc17caf8', '7347663d-0e90-4c3b-aadb-23c2b8afec66', '86f45aff-487b-49d5-b3cb-03fa0ba2b01a', '85089677-7322-43e8-8c5f-1507a7c62353', '3db27c0e-e0e3-4f9b-bdc7-c4d62188e1f0', '16c6c74d-93bd-4bd1-849a-6c45864f5703', 'a2314100-ff11-428f-be88-221d438d9223', '4783e237-a77a-4ccb-b5e0-cf489737e03e', 'ac75dbc6-fe9b-425c-bffe-e4c34ce38dce', '32946e93-d00a-43e6-9152-f83bc61c9748', 'fcd3b280-22c0-4117-ab3b-298bcacb5e76', '968a6334-5068-44d4-8bd9-e5600d89ee87', 'a6272705-f20c-4713-88ca-68a01c07a9d3']"
c471ccec-8b55-4967-a376-c3eff8fe87e5,4,"['8652923d-a4aa-41a2-b2d9-d304ab45c69c', '8652923d-a4aa-41a2-b2d9-d304ab45c69c', '8652923d-a4aa-41a2-b2d9-d304ab45c69c', '8652923d-a4aa-41a2-b2d9-d304ab45c69c', '8652923d-a4aa-41a2-b2d9-d304ab45c69c', '8652923d-a4aa-41a2-b2d9-d304ab45c69c', '8652923d-a4aa-41a2-b2d9-d304ab45c69c', '8652923d-a4aa-41a2-b2d9-d304ab45c69c', '8652923d-a4aa-41a2-b2d9-d304ab45c69c', '8652923d-a4aa-41a2-b2d9-d304ab45c69c', '8652923d-a4aa-41a2-b2d9-d304ab45c69c', '8652923d-a4aa-41a2-b2d9-d304ab45c69c', '8652923d-a4aa-41a2-b2d9-d304ab45c69c', '8652923d-a4aa-41a2-b2d9-d304ab45c69c', '8652923d-a4aa-41a2-b2d9-d304ab45c69c', '8652923d-a4aa-41a2-b2d9-d304ab45c69c', '8652923d-a4aa-41a2-b2d9-d304ab45c69c', '8652923d-a4aa-41a2-b2d9-d304ab45c69c', '8652923d-a4aa-41a2-b2d9-d304ab45c69c', '8652923d-a4aa-41a2-b2d9-d304ab45c69c', '8652923d-a4aa-41a2-b2d9-d304ab45c69c', '8652923d-a4aa-41a2-b2d9-d304ab45c69c', 'ac75dbc6-fe9b-425c-bffe-e4c34ce38dce', 'ac75dbc6-fe9b-425c-bffe-e4c34ce38dce', 'ac75dbc6-fe9b-425c-bffe-e4c34ce38dce', 'ac75dbc6-fe9b-425c-bffe-e4c34ce38dce', 'ac75dbc6-fe9b-425c-bffe-e4c34ce38dce', 'ac75dbc6-fe9b-425c-bffe-e4c34ce38dce', 'ac75dbc6-fe9b-425c-bffe-e4c34ce38dce', 'ac75dbc6-fe9b-425c-bffe-e4c34ce38dce', 'ac75dbc6-fe9b-425c-bffe-e4c34ce38dce', 'ac75dbc6-fe9b-425c-bffe-e4c34ce38dce', 'ac75dbc6-fe9b-425c-bffe-e4c34ce38dce', 'ac75dbc6-fe9b-425c-bffe-e4c34ce38dce', 'ac75dbc6-fe9b-425c-bffe-e4c34ce38dce', 'ac75dbc6-fe9b-425c-bffe-e4c34ce38dce', 'ac75dbc6-fe9b-425c-bffe-e4c34ce38dce', 'ac75dbc6-fe9b-425c-bffe-e4c34ce38dce', 'ac75dbc6-fe9b-425c-bffe-e4c34ce38dce', 'ac75dbc6-fe9b-425c-bffe-e4c34ce38dce', 'ac75dbc6-fe9b-425c-bffe-e4c34ce38dce', 'ac75dbc6-fe9b-425c-bffe-e4c34ce38dce', '41b6dac5-3189-45a3-a74f-1a5e616b8bd3', 'a4703b49-ab79-4d0f-8d1e-b383fe7bcbb3', '42cf5c18-5ea5-44eb-a58d-f1b47979d9f8', 'eeec0563-9a5f-46a8-ac1d-9099838f9c22', '183e488d-e652-4432-aeac-211836e909e8', '888708d1-992a-4ea2-863a-25e1e33bd6ae', 'da24f92c-c545-4768-b8de-378ac70419e9', 'befbc39a-7394-4e5d-a9cc-5466429e1a60']"
c471ccec-8b55-4967-a376-c3eff8fe87e5,5,"['8652923d-a4aa-41a2-b2d9-d304ab45c69c', '8652923d-a4aa-41a2-b2d9-d304ab45c69c', 'ac75dbc6-fe9b-425c-bffe-e4c34ce38dce', 'ac75dbc6-fe9b-425c-bffe-e4c34ce38dce', 'ac75dbc6-fe9b-425c-bffe-e4c34ce38dce', 'ac75dbc6-fe9b-425c-bffe-e4c34ce38dce', 'ac75dbc6-fe9b-425c-bffe-e4c34ce38dce', 'ac75dbc6-fe9b-425c-bffe-e4c34ce38dce', 'ac75dbc6-fe9b-425c-bffe-e4c34ce38dce', 'ac75dbc6-fe9b-425c-bffe-e4c34ce38dce', 'ac75dbc6-fe9b-425c-bffe-e4c34ce38dce', 'ac75dbc6-fe9b-425c-bffe-e4c34ce38dce', 'ac75dbc6-fe9b-425c-bffe-e4c34ce38dce', 'ac75dbc6-fe9b-425c-bffe-e4c34ce38dce', 'ac75dbc6-fe9b-425c-bffe-e4c34ce38dce', 'ac75dbc6-fe9b-425c-bffe-e4c34ce38dce', 'ac75dbc6-fe9b-425c-bffe-e4c34ce38dce', 'ac75dbc6-fe9b-425c-bffe-e4c34ce38dce', 'ac75dbc6-fe9b-425c-bffe-e4c34ce38dce', 'ac75dbc6-fe9b-425c-bffe-e4c34ce38dce', 'ac75dbc6-fe9b-425c-bffe-e4c34ce38dce', 'ac75dbc6-fe9b-425c-bffe-e4c34ce38dce', 'ac75dbc6-fe9b-425c-bffe-e4c34ce38dce', 'ac75dbc6-fe9b-425c-bffe-e4c34ce38dce', 'ac75dbc6-fe9b-425c-bffe-e4c34ce38dce', 'ac75dbc6-fe9b-425c-bffe-e4c34ce38dce', 'ac75dbc6-fe9b-425c-bffe-e4c34ce38dce', 'ac75dbc6-fe9b-425c-bffe-e4c34ce38dce', 'ac75dbc6-fe9b-425c-bffe-e4c34ce38dce', 'ac75dbc6-fe9b-425c-bffe-e4c34ce38dce', 'ac75dbc6-fe9b-425c-bffe-e4c34ce38dce', 'ac75dbc6-fe9b-425c-bffe-e4c34ce38dce', 'ac75dbc6-fe9b-425c-bffe-e4c34ce38dce', 'ac75dbc6-fe9b-425c-bffe-e4c34ce38dce', 'ac75dbc6-fe9b-425c-bffe-e4c34ce38dce', 'ac75dbc6-fe9b-425c-bffe-e4c34ce38dce', 'ac75dbc6-fe9b-425c-bffe-e4c34ce38dce', 'ac75dbc6-fe9b-425c-bffe-e4c34ce38dce', 'ac75dbc6-fe9b-425c-bffe-e4c34ce38dce', 'ac75dbc6-fe9b-425c-bffe-e4c34ce38dce', 'a707a80f-9079-40b9-b262-db8a48027d50', 'd45d842a-df42-4959-8471-503eb46b9fa4', 'a6b01e3f-e2e0-4676-83ec-3fb13dfd32ae', 'e633a190-7137-45e4-8d7e-ac6527634f26', 'ee5fc026-a089-4ee7-9e67-e7ecb14a043e', 'c13a34eb-5ae5-4667-8cc2-09d2ad1bd874', 'dacbc9b8-4d7a-4c5a-b74b-523237fe3f6f', '1b39309d-4ccb-48cb-ac27-91e5f06f7b12', 'd0bd2a3c-6aac-493b-a911-a1940c493fa4', '02d2f2c3-69c4-44e1-8852-67d102e7f575']"
c471ccec-8b55-4967-a376-c3eff8fe87e5,6,"['8652923d-a4aa-41a2-b2d9-d304ab45c69c', '8652923d-a4aa-41a2-b2d9-d304ab45c69c', 'ac75dbc6-fe9b-425c-bffe-e4c34ce38dce', 'ac75dbc6-fe9b-425c-bffe-e4c34ce38dce', 'ac75dbc6-fe9b-425c-bffe-e4c34ce38dce', 'ac75dbc6-fe9b-425c-bffe-e4c34ce38dce', 'ac75dbc6-fe9b-425c-bffe-e4c34ce38dce', 'ac75dbc6-fe9b-425c-bffe-e4c34ce38dce', 'ac75dbc6-fe9b-425c-bffe-e4c34ce38dce', 'ac75dbc6-fe9b-425c-bffe-e4c34ce38dce', 'ac75dbc6-fe9b-425c-bffe-e4c34ce38dce', 'ac75dbc6-fe9b-425c-bffe-e4c34ce38dce', 'ac75dbc6-fe9b-425c-bffe-e4c34ce38dce', 'ac75dbc6-fe9b-425c-bffe-e4c34ce38dce', 'ac75dbc6-fe9b-425c-bffe-e4c34ce38dce', 'ac75dbc6-fe9b-425c-bffe-e4c34ce38dce', 'ac75dbc6-fe9b-425c-bffe-e4c34ce38dce', 'ac75dbc6-fe9b-425c-bffe-e4c34ce38dce', 'ac75dbc6-fe9b-425c-bffe-e4c34ce38dce', 'ac75dbc6-fe9b-425c-bffe-e4c34ce38dce', 'ac75dbc6-fe9b-425c-bffe-e4c34ce38dce', 'ac75dbc6-fe9b-425c-bffe-e4c34ce38dce', 'ac75dbc6-fe9b-425c-bffe-e4c34ce38dce', 'ac75dbc6-fe9b-425c-bffe-e4c34ce38dce', 'ac75dbc6-fe9b-425c-bffe-e4c34ce38dce', 'ac75dbc6-fe9b-425c-bffe-e4c34ce38dce', 'a707a80f-9079-40b9-b262-db8a48027d50', 'd45d842a-df42-4959-8471-503eb46b9fa4', 'e633a190-7137-45e4-8d7e-ac6527634f26', 'ee5fc026-a089-4ee7-9e67-e7ecb14a043e', 'c13a34eb-5ae5-4667-8cc2-09d2ad1bd874', 'dacbc9b8-4d7a-4c5a-b74b-523237fe3f6f', '1b39309d-4ccb-48cb-ac27-91e5f06f7b12', 'd0bd2a3c-6aac-493b-a911-a1940c493fa4', '02d2f2c3-69c4-44e1-8852-67d102e7f575', 'b631983a-a130-4662-adbf-32559f46eeb9', '7d1e4060-f97b-49ff-8412-8043e7fa88b0', 'cb606d05-be7f-44ec-a0e4-e965dcc94ebc', 'b7fdb082-a4ef-45a0-ab07-e9ab7dd7d2cd', '0d26f5d7-8c6b-4219-aaf0-078ba80a682b', 'e6c8af25-b8d0-4f17-9daa-6b0f89992d87', 'a30c3c08-9873-4da2-a4bf-fdfd199033d8', 'cf62bdb2-f287-44bb-b59f-96102bc6c8b5', '3da62355-f79a-47d6-9059-9eefe93a785d', 'b392367c-a8e9-410c-93ee-7ebecdff388b', '0c389a39-908b-41df-a53f-55e56d5899b7', '89dada76-b13e-4248-abf3-07a8c2b07503', '0b5b094e-0973-4107-8de6-0a8f2d38b75a', '8a9e413d-b374-4d8c-9ce4-686a01f22853', '48db56e9-954c-453b-bed9-f34123dbd212']"
c471ccec-8b55-4967-a376-c3eff8fe87e5,7,"['8652923d-a4aa-41a2-b2d9-d304ab45c69c', 'ac75dbc6-fe9b-425c-bffe-e4c34ce38dce', 'ac75dbc6-fe9b-425c-bffe-e4c34ce38dce', 'ac75dbc6-fe9b-425c-bffe-e4c34ce38dce', 'ac75dbc6-fe9b-425c-bffe-e4c34ce38dce', 'ac75dbc6-fe9b-425c-bffe-e4c34ce38dce', 'ac75dbc6-fe9b-425c-bffe-e4c34ce38dce', 'ac75dbc6-fe9b-425c-bffe-e4c34ce38dce', 'ac75dbc6-fe9b-425c-bffe-e4c34ce38dce', 'a30c3c08-9873-4da2-a4bf-fdfd199033d8', 'a30c3c08-9873-4da2-a4bf-fdfd199033d8', 'a30c3c08-9873-4da2-a4bf-fdfd199033d8', 'a30c3c08-9873-4da2-a4bf-fdfd199033d8', 'a30c3c08-9873-4da2-a4bf-fdfd199033d8', 'a30c3c08-9873-4da2-a4bf-fdfd199033d8', 'a30c3c08-9873-4da2-a4bf-fdfd199033d8', 'a30c3c08-9873-4da2-a4bf-fdfd199033d8', 'a30c3c08-9873-4da2-a4bf-fdfd199033d8', 'a30c3c08-9873-4da2-a4bf-fdfd199033d8', 'a30c3c08-9873-4da2-a4bf-fdfd199033d8', 'a30c3c08-9873-4da2-a4bf-fdfd199033d8', 'a30c3c08-9873-4da2-a4bf-fdfd199033d8', 'a30c3c08-9873-4da2-a4bf-fdfd199033d8', 'a30c3c08-9873-4da2-a4bf-fdfd199033d8', 'a30c3c08-9873-4da2-a4bf-fdfd199033d8', 'a30c3c08-9873-4da2-a4bf-fdfd199033d8', 'a30c3c08-9873-4da2-a4bf-fdfd199033d8', 'a30c3c08-9873-4da2-a4bf-fdfd199033d8', 'a30c3c08-9873-4da2-a4bf-fdfd199033d8', 'a30c3c08-9873-4da2-a4bf-fdfd199033d8', 'a30c3c08-9873-4da2-a4bf-fdfd199033d8', 'a30c3c08-9873-4da2-a4bf-fdfd199033d8', 'a30c3c08-9873-4da2-a4bf-fdfd199033d8', 'a30c3c08-9873-4da2-a4bf-fdfd199033d8', 'a30c3c08-9873-4da2-a4bf-fdfd199033d8', 'a30c3c08-9873-4da2-a4bf-fdfd199033d8', 'a30c3c08-9873-4da2-a4bf-fdfd199033d8', 'a30c3c08-9873-4da2-a4bf-fdfd199033d8', 'a30c3c08-9873-4da2-a4bf-fdfd199033d8', 'a30c3c08-9873-4da2-a4bf-fdfd199033d8', '6c8e0e57-9f74-4d57-b86c-27f32ca189d2', '536be7f6-55db-43f6-894a-9b8734a073f1', '6e5abddc-8859-45f8-95ea-a6edea2ac27d', '6a7abea2-9cd3-4951-bb88-9d70936d3726', '8e7829c7-795a-4b8d-a4e3-f8c476e94e1b', '3f87f7b9-72c0-412b-852a-1fefd651f4ea', '69fb1a55-de0f-490c-8b67-246f47f73d99', 'db4e22d8-4cf8-4370-85f9-1cb523cc05bc', '5102bea4-f726-4426-a40e-768b7a330abc', 'a351f956-37e7-4f5c-a032-6d97015c1064']"
c471ccec-8b55-4967-a376-c3eff8fe87e5,8,"['8652923d-a4aa-41a2-b2d9-d304ab45c69c', 'ac75dbc6-fe9b-425c-bffe-e4c34ce38dce', 'ac75dbc6-fe9b-425c-bffe-e4c34ce38dce', 'ac75dbc6-fe9b-425c-bffe-e4c34ce38dce', 'ac75dbc6-fe9b-425c-bffe-e4c34ce38dce', 'ac75dbc6-fe9b-425c-bffe-e4c34ce38dce', 'a30c3c08-9873-4da2-a4bf-fdfd199033d8', 'a30c3c08-9873-4da2-a4bf-fdfd199033d8', 'a30c3c08-9873-4da2-a4bf-fdfd199033d8', 'a30c3c08-9873-4da2-a4bf-fdfd199033d8', 'a30c3c08-9873-4da2-a4bf-fdfd199033d8', 'a30c3c08-9873-4da2-a4bf-fdfd199033d8', 'a30c3c08-9873-4da2-a4bf-fdfd199033d8', 'a30c3c08-9873-4da2-a4bf-fdfd199033d8', 'a30c3c08-9873-4da2-a4bf-fdfd199033d8', 'a30c3c08-9873-4da2-a4bf-fdfd199033d8', 'a30c3c08-9873-4da2-a4bf-fdfd199033d8', 'a30c3c08-9873-4da2-a4bf-fdfd199033d8', 'a30c3c08-9873-4da2-a4bf-fdfd199033d8', 'a30c3c08-9873-4da2-a4bf-fdfd199033d8', 'a30c3c08-9873-4da2-a4bf-fdfd199033d8', 'a30c3c08-9873-4da2-a4bf-fdfd199033d8', 'a30c3c08-9873-4da2-a4bf-fdfd199033d8', 'a30c3c08-9873-4da2-a4bf-fdfd199033d8', 'a30c3c08-9873-4da2-a4bf-fdfd199033d8', 'a30c3c08-9873-4da2-a4bf-fdfd199033d8', 'a30c3c08-9873-4da2-a4bf-fdfd199033d8', 'a30c3c08-9873-4da2-a4bf-fdfd199033d8', 'a30c3c08-9873-4da2-a4bf-fdfd199033d8', 'a30c3c08-9873-4da2-a4bf-fdfd199033d8', 'a30c3c08-9873-4da2-a4bf-fdfd199033d8', '6c8e0e57-9f74-4d57-b86c-27f32ca189d2', '6e5abddc-8859-45f8-95ea-a6edea2ac27d', '6a7abea2-9cd3-4951-bb88-9d70936d3726', '8e7829c7-795a-4b8d-a4e3-f8c476e94e1b', '69fb1a55-de0f-490c-8b67-246f47f73d99', '5102bea4-f726-4426-a40e-768b7a330abc', 'a351f956-37e7-4f5c-a032-6d97015c1064', 'b40d40ca-6db2-4e4e-9558-87309bd8386d', 'ebf340f2-8126-4fdb-836e-b0b6bf630c68', '59100a18-999a-4874-9448-e991bc0e4b2e', '77aacb8d-cb06-4a82-9924-62b34d96bb90', 'd70b0bf1-2155-49a4-b9b2-9172b2f3b92a', 'fc24facd-7aa0-4544-a04b-cc55bab6f362', 'b5feb9d9-d626-44d2-912f-98f3dbdf639e', 'c5cb5b62-051a-43e2-9919-6470873125c6', '26cf2a3d-2792-4b1e-8c9c-113f31690d87', '23965763-3d5f-43bb-be65-8479df0890b2', '8085b52d-63b5-45c3-b0ac-6e78affd5684', '84b632d0-c182-4987-b487-f96bb60357d9']"
c471ccec-8b55-4967-a376-c3eff8fe87e5,9,"['8652923d-a4aa-41a2-b2d9-d304ab45c69c', 'ac75dbc6-fe9b-425c-bffe-e4c34ce38dce', 'ac75dbc6-fe9b-425c-bffe-e4c34ce38dce', 'ac75dbc6-fe9b-425c-bffe-e4c34ce38dce', 'ac75dbc6-fe9b-425c-bffe-e4c34ce38dce', 'ac75dbc6-fe9b-425c-bffe-e4c34ce38dce', 'a30c3c08-9873-4da2-a4bf-fdfd199033d8', 'a30c3c08-9873-4da2-a4bf-fdfd199033d8', 'a30c3c08-9873-4da2-a4bf-fdfd199033d8', 'a30c3c08-9873-4da2-a4bf-fdfd199033d8', 'a30c3c08-9873-4da2-a4bf-fdfd199033d8', 'a30c3c08-9873-4da2-a4bf-fdfd199033d8', 'a30c3c08-9873-4da2-a4bf-fdfd199033d8', 'a30c3c08-9873-4da2-a4bf-fdfd199033d8', 'a30c3c08-9873-4da2-a4bf-fdfd199033d8', 'a30c3c08-9873-4da2-a4bf-fdfd199033d8', 'a30c3c08-9873-4da2-a4bf-fdfd199033d8', 'a30c3c08-9873-4da2-a4bf-fdfd199033d8', 'a30c3c08-9873-4da2-a4bf-fdfd199033d8', 'a30c3c08-9873-4da2-a4bf-fdfd199033d8', 'a30c3c08-9873-4da2-a4bf-fdfd199033d8', 'a30c3c08-9873-4da2-a4bf-fdfd199033d8', 'a30c3c08-9873-4da2-a4bf-fdfd199033d8', 'a30c3c08-9873-4da2-a4bf-fdfd199033d8', 'a30c3c08-9873-4da2-a4bf-fdfd199033d8', 'a30c3c08-9873-4da2-a4bf-fdfd199033d8', 'a30c3c08-9873-4da2-a4bf-fdfd199033d8', '6c8e0e57-9f74-4d57-b86c-27f32ca189d2', '6e5abddc-8859-45f8-95ea-a6edea2ac27d', '6a7abea2-9cd3-4951-bb88-9d70936d3726', '8e7829c7-795a-4b8d-a4e3-f8c476e94e1b', '69fb1a55-de0f-490c-8b67-246f47f73d99', '5102bea4-f726-4426-a40e-768b7a330abc', 'a351f956-37e7-4f5c-a032-6d97015c1064', 'b40d40ca-6db2-4e4e-9558-87309bd8386d', 'ebf340f2-8126-4fdb-836e-b0b6bf630c68', '59100a18-999a-4874-9448-e991bc0e4b2e', '77aacb8d-cb06-4a82-9924-62b34d96bb90', 'fc24facd-7aa0-4544-a04b-cc55bab6f362', 'b5feb9d9-d626-44d2-912f-98f3dbdf639e', 'c5cb5b62-051a-43e2-9919-6470873125c6', '26cf2a3d-2792-4b1e-8c9c-113f31690d87', '23965763-3d5f-43bb-be65-8479df0890b2', '8085b52d-63b5-45c3-b0ac-6e78affd5684', '84b632d0-c182-4987-b487-f96bb60357d9', '6ea10473-39fd-453d-9b4b-81fa70a70318', '94f2bea6-1c4e-4053-9529-b036f986a2f9', 'de7bf9cd-74c5-4194-bf30-9fbba3b9e8bf', '4ecaf131-9f04-45be-ba69-40faae977dec', '83f60fc8-8884-4ff6-93b8-7c369b9c2dbd']"
c471ccec-8b55-4967-a376-c3eff8fe87e5,10,"['a30c3c08-9873-4da2-a4bf-fdfd199033d8', 'a30c3c08-9873-4da2-a4bf-fdfd199033d8', 'a30c3c08-9873-4da2-a4bf-fdfd199033d8', 'a30c3c08-9873-4da2-a4bf-fdfd199033d8', 'a30c3c08-9873-4da2-a4bf-fdfd199033d8', 'a30c3c08-9873-4da2-a4bf-fdfd199033d8', 'a30c3c08-9873-4da2-a4bf-fdfd199033d8', 'a30c3c08-9873-4da2-a4bf-fdfd199033d8', 'a30c3c08-9873-4da2-a4bf-fdfd199033d8', 'a30c3c08-9873-4da2-a4bf-fdfd199033d8', 'a30c3c08-9873-4da2-a4bf-fdfd199033d8', 'a30c3c08-9873-4da2-a4bf-fdfd199033d8', 'a30c3c08-9873-4da2-a4bf-fdfd199033d8', 'a30c3c08-9873-4da2-a4bf-fdfd199033d8', 'a30c3c08-9873-4da2-a4bf-fdfd199033d8', 'a30c3c08-9873-4da2-a4bf-fdfd199033d8', 'a30c3c08-9873-4da2-a4bf-fdfd199033d8', 'a30c3c08-9873-4da2-a4bf-fdfd199033d8', 'a30c3c08-9873-4da2-a4bf-fdfd199033d8', 'a30c3c08-9873-4da2-a4bf-fdfd199033d8', 'a30c3c08-9873-4da2-a4bf-fdfd199033d8', 'a30c3c08-9873-4da2-a4bf-fdfd199033d8', 'a30c3c08-9873-4da2-a4bf-fdfd199033d8', 'a30c3c08-9873-4da2-a4bf-fdfd199033d8', 'a30c3c08-9873-4da2-a4bf-fdfd199033d8', 'a30c3c08-9873-4da2-a4bf-fdfd199033d8', 'a30c3c08-9873-4da2-a4bf-fdfd199033d8', 'a30c3c08-9873-4da2-a4bf-fdfd199033d8', 'a30c3c08-9873-4da2-a4bf-fdfd199033d8', 'a30c3c08-9873-4da2-a4bf-fdfd199033d8', 'a30c3c08-9873-4da2-a4bf-fdfd199033d8', 'a30c3c08-9873-4da2-a4bf-fdfd199033d8', 'a30c3c08-9873-4da2-a4bf-fdfd199033d8', 'a30c3c08-9873-4da2-a4bf-fdfd199033d8', 'a30c3c08-9873-4da2-a4bf-fdfd199033d8', 'a30c3c08-9873-4da2-a4bf-fdfd199033d8', 'a30c3c08-9873-4da2-a4bf-fdfd199033d8', 'a30c3c08-9873-4da2-a4bf-fdfd199033d8', 'a30c3c08-9873-4da2-a4bf-fdfd199033d8', 'a30c3c08-9873-4da2-a4bf-fdfd199033d8', 'a30c3c08-9873-4da2-a4bf-fdfd199033d8', '44e5e42c-6909-4bfb-bc38-05f8db587f65', 'b23cad5d-cb80-47b8-84cd-da1d30c9dd70', '293258f1-b647-4ff4-b95e-c88fff361242', 'f2c6d0de-463e-409e-86cb-d04e282bb9b0', '11309621-9ada-45fe-8b09-bda0f3dc0423', 'dd7c5638-e108-4329-ac26-8e3684b83947', 'deaf535e-e55a-457d-9b0a-a56ebbb1b549', '42029679-39cd-4767-97fe-fbf57ff8e695', '9da25ffe-4c1c-45cf-952c-b3c894ee904c']"
c471ccec-8b55-4967-a376-c3eff8fe87e5,11,"['a30c3c08-9873-4da2-a4bf-fdfd199033d8', 'a30c3c08-9873-4da2-a4bf-fdfd199033d8', 'a30c3c08-9873-4da2-a4bf-fdfd199033d8', 'a30c3c08-9873-4da2-a4bf-fdfd199033d8', 'a30c3c08-9873-4da2-a4bf-fdfd199033d8', 'a30c3c08-9873-4da2-a4bf-fdfd199033d8', 'a30c3c08-9873-4da2-a4bf-fdfd199033d8', 'a30c3c08-9873-4da2-a4bf-fdfd199033d8', 'a30c3c08-9873-4da2-a4bf-fdfd199033d8', 'a30c3c08-9873-4da2-a4bf-fdfd199033d8', 'a30c3c08-9873-4da2-a4bf-fdfd199033d8', 'a30c3c08-9873-4da2-a4bf-fdfd199033d8', 'a30c3c08-9873-4da2-a4bf-fdfd199033d8', 'a30c3c08-9873-4da2-a4bf-fdfd199033d8', 'a30c3c08-9873-4da2-a4bf-fdfd199033d8', 'a30c3c08-9873-4da2-a4bf-fdfd199033d8', 'a30c3c08-9873-4da2-a4bf-fdfd199033d8', 'a30c3c08-9873-4da2-a4bf-fdfd199033d8', 'a30c3c08-9873-4da2-a4bf-fdfd199033d8', 'a30c3c08-9873-4da2-a4bf-fdfd199033d8', 'a30c3c08-9873-4da2-a4bf-fdfd199033d8', 'a30c3c08-9873-4da2-a4bf-fdfd199033d8', 'a30c3c08-9873-4da2-a4bf-fdfd199033d8', 'a30c3c08-9873-4da2-a4bf-fdfd199033d8', 'a30c3c08-9873-4da2-a4bf-fdfd199033d8', 'a30c3c08-9873-4da2-a4bf-fdfd199033d8', 'a30c3c08-9873-4da2-a4bf-fdfd199033d8', 'a30c3c08-9873-4da2-a4bf-fdfd199033d8', 'a30c3c08-9873-4da2-a4bf-fdfd199033d8', 'a30c3c08-9873-4da2-a4bf-fdfd199033d8', 'a30c3c08-9873-4da2-a4bf-fdfd199033d8', '44e5e42c-6909-4bfb-bc38-05f8db587f65', 'b23cad5d-cb80-47b8-84cd-da1d30c9dd70', '293258f1-b647-4ff4-b95e-c88fff361242', 'f2c6d0de-463e-409e-86cb-d04e282bb9b0', '11309621-9ada-45fe-8b09-bda0f3dc0423', 'deaf535e-e55a-457d-9b0a-a56ebbb1b549', '42029679-39cd-4767-97fe-fbf57ff8e695', '9da25ffe-4c1c-45cf-952c-b3c894ee904c', 'c6bfa7cd-0dd1-4a03-9b27-c31a1be23839', '033a6e15-c405-4fe6-a143-52d74592f3a8', '35baec07-0787-49ff-ae34-79d0766b0f92', '30e32c46-4a2e-4c85-811c-3f4145c2ed00', '491c5a47-174f-4a5d-9041-7e832a4a4cc3', '9fda8880-1b81-4137-bfa7-3e42baf0bb7b', '8cc2004b-bb31-4c43-bcf7-bf3174283dd5', 'd8f518b3-6eca-4489-b063-5d5ec15ef1d8', 'e8580022-8dd9-4abe-86ce-39c6b49c5ef5', 'd206f3b0-cc66-4a42-a8d6-c127957653d9', 'aa1c13c0-947c-4135-9ede-b87d7459f386']"
c471ccec-8b55-4967-a376-c3eff8fe87e5,12,"['a30c3c08-9873-4da2-a4bf-fdfd199033d8', 'a30c3c08-9873-4da2-a4bf-fdfd199033d8', 'a30c3c08-9873-4da2-a4bf-fdfd199033d8', 'a30c3c08-9873-4da2-a4bf-fdfd199033d8', 'a30c3c08-9873-4da2-a4bf-fdfd199033d8', 'a30c3c08-9873-4da2-a4bf-fdfd199033d8', 'a30c3c08-9873-4da2-a4bf-fdfd199033d8', 'a30c3c08-9873-4da2-a4bf-fdfd199033d8', 'a30c3c08-9873-4da2-a4bf-fdfd199033d8', 'a30c3c08-9873-4da2-a4bf-fdfd199033d8', 'a30c3c08-9873-4da2-a4bf-fdfd199033d8', 'a30c3c08-9873-4da2-a4bf-fdfd199033d8', 'a30c3c08-9873-4da2-a4bf-fdfd199033d8', 'a30c3c08-9873-4da2-a4bf-fdfd199033d8', 'a30c3c08-9873-4da2-a4bf-fdfd199033d8', 'a30c3c08-9873-4da2-a4bf-fdfd199033d8', 'a30c3c08-9873-4da2-a4bf-fdfd199033d8', 'a30c3c08-9873-4da2-a4bf-fdfd199033d8', 'a30c3c08-9873-4da2-a4bf-fdfd199033d8', 'a30c3c08-9873-4da2-a4bf-fdfd199033d8', 'a30c3c08-9873-4da2-a4bf-fdfd199033d8', 'a30c3c08-9873-4da2-a4bf-fdfd199033d8', 'b23cad5d-cb80-47b8-84cd-da1d30c9dd70', '293258f1-b647-4ff4-b95e-c88fff361242', 'f2c6d0de-463e-409e-86cb-d04e282bb9b0', 'deaf535e-e55a-457d-9b0a-a56ebbb1b549', '42029679-39cd-4767-97fe-fbf57ff8e695', '9da25ffe-4c1c-45cf-952c-b3c894ee904c', 'c6bfa7cd-0dd1-4a03-9b27-c31a1be23839', '033a6e15-c405-4fe6-a143-52d74592f3a8', '35baec07-0787-49ff-ae34-79d0766b0f92', '30e32c46-4a2e-4c85-811c-3f4145c2ed00', '491c5a47-174f-4a5d-9041-7e832a4a4cc3', '8cc2004b-bb31-4c43-bcf7-bf3174283dd5', 'd8f518b3-6eca-4489-b063-5d5ec15ef1d8', 'e8580022-8dd9-4abe-86ce-39c6b49c5ef5', 'd206f3b0-cc66-4a42-a8d6-c127957653d9', '83b7541f-5bf9-4129-b0b7-b856d3ee8008', '4c166f63-022a-4676-83a7-90af4feccd23', '9db09a6f-a77c-44aa-a674-f0c3475c98c3', 'ffa9a9c2-d217-4f63-bc8c-d4590c9cbd14', '23f3cbb2-2f9e-40c3-a861-452bb6bb12e3', '4cbdcf1e-ed1f-49f3-8a46-5e5573787f7b', 'b008dd5d-bd5a-452d-85ad-073c7095a2b2', 'a5a71fdd-7d01-434a-b043-d0fdbc43ab56', '96b7e7e7-6bb8-4e8e-87c4-971e480493d2', '5e9c6c23-2dc9-4706-8095-6378748b734e', '49c17603-3cbd-4e7b-bd45-5ebf45ad358e', 'fa0fe67e-5de4-4dfd-b4d1-bc1989fff547', '7fbffa84-a0fb-4f2a-af7d-303fe321a5e3']"
c471ccec-8b55-4967-a376-c3eff8fe87e5,13,"['a30c3c08-9873-4da2-a4bf-fdfd199033d8', 'a30c3c08-9873-4da2-a4bf-fdfd199033d8', 'a30c3c08-9873-4da2-a4bf-fdfd199033d8', 'a30c3c08-9873-4da2-a4bf-fdfd199033d8', 'a30c3c08-9873-4da2-a4bf-fdfd199033d8', 'a30c3c08-9873-4da2-a4bf-fdfd199033d8', 'a30c3c08-9873-4da2-a4bf-fdfd199033d8', 'a30c3c08-9873-4da2-a4bf-fdfd199033d8', 'a30c3c08-9873-4da2-a4bf-fdfd199033d8', 'a30c3c08-9873-4da2-a4bf-fdfd199033d8', 'a30c3c08-9873-4da2-a4bf-fdfd199033d8', 'a30c3c08-9873-4da2-a4bf-fdfd199033d8', 'a30c3c08-9873-4da2-a4bf-fdfd199033d8', 'a30c3c08-9873-4da2-a4bf-fdfd199033d8', 'a30c3c08-9873-4da2-a4bf-fdfd199033d8', 'a30c3c08-9873-4da2-a4bf-fdfd199033d8', 'a30c3c08-9873-4da2-a4bf-fdfd199033d8', 'a30c3c08-9873-4da2-a4bf-fdfd199033d8', 'a30c3c08-9873-4da2-a4bf-fdfd199033d8', 'a30c3c08-9873-4da2-a4bf-fdfd199033d8', 'a30c3c08-9873-4da2-a4bf-fdfd199033d8', 'a30c3c08-9873-4da2-a4bf-fdfd199033d8', 'a30c3c08-9873-4da2-a4bf-fdfd199033d8', 'a30c3c08-9873-4da2-a4bf-fdfd199033d8', 'a30c3c08-9873-4da2-a4bf-fdfd199033d8', 'a30c3c08-9873-4da2-a4bf-fdfd199033d8', 'a30c3c08-9873-4da2-a4bf-fdfd199033d8', 'a30c3c08-9873-4da2-a4bf-fdfd199033d8', 'a30c3c08-9873-4da2-a4bf-fdfd199033d8', 'a30c3c08-9873-4da2-a4bf-fdfd199033d8', 'a30c3c08-9873-4da2-a4bf-fdfd199033d8', 'a30c3c08-9873-4da2-a4bf-fdfd199033d8', 'a30c3c08-9873-4da2-a4bf-fdfd199033d8', 'a30c3c08-9873-4da2-a4bf-fdfd199033d8', 'a30c3c08-9873-4da2-a4bf-fdfd199033d8', 'a30c3c08-9873-4da2-a4bf-fdfd199033d8', 'a30c3c08-9873-4da2-a4bf-fdfd199033d8', 'a30c3c08-9873-4da2-a4bf-fdfd199033d8', 'e5cff848-5985-4612-9ff4-4dff48d981a2', '112cd006-3755-42b8-af17-2838171efe05', 'bccb2485-818f-4af1-a189-b62933489fb1', '9aaccf34-d04b-4929-a9f7-98dcd9a6f49e', '78bb60e8-26ab-43d1-bebe-b91f1e69017a', '064f031c-927a-4ce2-b596-c532719fb797', 'cefb4936-7f4b-4579-881f-0d581f8b08b3', 'c9704a68-31e1-4a19-9134-4d2b3e3f9f4a', '3fe9457d-3fc4-4904-a81c-172a8f888903', '1d6046f0-b459-436d-9563-65aa62a7f68b', 'cfbd7e00-51d3-49e2-88d6-e97587d29a2e', 'df50b292-2688-4c5a-b62f-74fd37f8fd72']"
c471ccec-8b55-4967-a376-c3eff8fe87e5,14,"['a30c3c08-9873-4da2-a4bf-fdfd199033d8', 'a30c3c08-9873-4da2-a4bf-fdfd199033d8', 'a30c3c08-9873-4da2-a4bf-fdfd199033d8', 'a30c3c08-9873-4da2-a4bf-fdfd199033d8', 'a30c3c08-9873-4da2-a4bf-fdfd199033d8', 'a30c3c08-9873-4da2-a4bf-fdfd199033d8', 'a30c3c08-9873-4da2-a4bf-fdfd199033d8', 'a30c3c08-9873-4da2-a4bf-fdfd199033d8', 'a30c3c08-9873-4da2-a4bf-fdfd199033d8', 'a30c3c08-9873-4da2-a4bf-fdfd199033d8', 'a30c3c08-9873-4da2-a4bf-fdfd199033d8', 'a30c3c08-9873-4da2-a4bf-fdfd199033d8', 'a30c3c08-9873-4da2-a4bf-fdfd199033d8', 'a30c3c08-9873-4da2-a4bf-fdfd199033d8', 'a30c3c08-9873-4da2-a4bf-fdfd199033d8', 'a30c3c08-9873-4da2-a4bf-fdfd199033d8', 'a30c3c08-9873-4da2-a4bf-fdfd199033d8', 'a30c3c08-9873-4da2-a4bf-fdfd199033d8', 'a30c3c08-9873-4da2-a4bf-fdfd199033d8', 'a30c3c08-9873-4da2-a4bf-fdfd199033d8', 'a30c3c08-9873-4da2-a4bf-fdfd199033d8', 'a30c3c08-9873-4da2-a4bf-fdfd199033d8', 'a30c3c08-9873-4da2-a4bf-fdfd199033d8', 'a30c3c08-9873-4da2-a4bf-fdfd199033d8', 'a30c3c08-9873-4da2-a4bf-fdfd199033d8', 'a30c3c08-9873-4da2-a4bf-fdfd199033d8', 'a30c3c08-9873-4da2-a4bf-fdfd199033d8', 'a30c3c08-9873-4da2-a4bf-fdfd199033d8', 'e5cff848-5985-4612-9ff4-4dff48d981a2', '112cd006-3755-42b8-af17-2838171efe05', 'bccb2485-818f-4af1-a189-b62933489fb1', '9aaccf34-d04b-4929-a9f7-98dcd9a6f49e', '78bb60e8-26ab-43d1-bebe-b91f1e69017a', '064f031c-927a-4ce2-b596-c532719fb797', 'c9704a68-31e1-4a19-9134-4d2b3e3f9f4a', '3fe9457d-3fc4-4904-a81c-172a8f888903', '1d6046f0-b459-436d-9563-65aa62a7f68b', 'cfbd7e00-51d3-49e2-88d6-e97587d29a2e', 'fe18e8f2-f033-4cdb-a2f7-4c885479551c', 'ed7d2284-c86b-4bd1-9aa1-12e037e1fd6d', 'fbe0eef7-8aed-4493-b0fa-63900e8497a2', '79d01991-3281-4459-aad9-e659890217ed', '40524ba2-59a6-4c78-a684-7b379f94b80a', 'bc612695-5237-406f-bd16-3ab379e51c86', '57adfcb6-8792-4ae0-b507-849ac817fb9f', '41bddd38-dca5-4a0f-9629-977dd0da5e47', '11a7d410-3726-47e1-b41b-6b29d1d5daa7', '090966fe-ae9c-471d-902c-9c6de110db9b', '2305a962-34d2-4e4f-bbdc-9200cc5c5f9d', 'c030200c-aeb8-4335-b9bd-fef98131982f']"
c471ccec-8b55-4967-a376-c3eff8fe87e5,15,"['a30c3c08-9873-4da2-a4bf-fdfd199033d8', 'a30c3c08-9873-4da2-a4bf-fdfd199033d8', 'a30c3c08-9873-4da2-a4bf-fdfd199033d8', 'a30c3c08-9873-4da2-a4bf-fdfd199033d8', 'a30c3c08-9873-4da2-a4bf-fdfd199033d8', 'a30c3c08-9873-4da2-a4bf-fdfd199033d8', 'a30c3c08-9873-4da2-a4bf-fdfd199033d8', 'a30c3c08-9873-4da2-a4bf-fdfd199033d8', 'a30c3c08-9873-4da2-a4bf-fdfd199033d8', 'a30c3c08-9873-4da2-a4bf-fdfd199033d8', 'a30c3c08-9873-4da2-a4bf-fdfd199033d8', 'a30c3c08-9873-4da2-a4bf-fdfd199033d8', 'a30c3c08-9873-4da2-a4bf-fdfd199033d8', 'a30c3c08-9873-4da2-a4bf-fdfd199033d8', 'a30c3c08-9873-4da2-a4bf-fdfd199033d8', 'a30c3c08-9873-4da2-a4bf-fdfd199033d8', 'a30c3c08-9873-4da2-a4bf-fdfd199033d8', 'a30c3c08-9873-4da2-a4bf-fdfd199033d8', 'a30c3c08-9873-4da2-a4bf-fdfd199033d8', 'a30c3c08-9873-4da2-a4bf-fdfd199033d8', 'a30c3c08-9873-4da2-a4bf-fdfd199033d8', 'a30c3c08-9873-4da2-a4bf-fdfd199033d8', 'e5cff848-5985-4612-9ff4-4dff48d981a2', '112cd006-3755-42b8-af17-2838171efe05', 'bccb2485-818f-4af1-a189-b62933489fb1', '78bb60e8-26ab-43d1-bebe-b91f1e69017a', '1d6046f0-b459-436d-9563-65aa62a7f68b', 'cfbd7e00-51d3-49e2-88d6-e97587d29a2e', 'fe18e8f2-f033-4cdb-a2f7-4c885479551c', 'ed7d2284-c86b-4bd1-9aa1-12e037e1fd6d', 'fbe0eef7-8aed-4493-b0fa-63900e8497a2', '79d01991-3281-4459-aad9-e659890217ed', '40524ba2-59a6-4c78-a684-7b379f94b80a', 'bc612695-5237-406f-bd16-3ab379e51c86', '57adfcb6-8792-4ae0-b507-849ac817fb9f', '41bddd38-dca5-4a0f-9629-977dd0da5e47', '11a7d410-3726-47e1-b41b-6b29d1d5daa7', '090966fe-ae9c-471d-902c-9c6de110db9b', '2305a962-34d2-4e4f-bbdc-9200cc5c5f9d', '3d9d7e68-4cba-4593-bbe4-4edfd6e82b25', '1626f61b-ae17-4c4e-ad62-7086691922f0', '7b052bd4-8c05-4a0d-8446-3d58661b1a9e', '1e24bac4-789a-4f0b-96d1-dca7040c2829', '7dc72323-c866-4b1b-b968-3df46116f274', '337b657e-a701-44de-958d-5b1312933707', 'df573df1-ef07-4e06-a6ef-0dfb661cad3c', 'b4c622f4-8e3f-4e40-8103-f0cec00f3ca2', '222ad78d-b630-4392-bd39-c44ca41c57dc', 'b9f6c2f9-8fff-4f6c-9483-85c511988664', '70c53db2-c534-40b9-b6c6-60080c2d09aa']"
25f59db7-988e-4819-8389-d110d71df23c,0,"['50324a71-4701-434f-ba9a-ade76dc3f493', '50324a71-4701-434f-ba9a-ade76dc3f493', '50324a71-4701-434f-ba9a-ade76dc3f493', '50324a71-4701-434f-ba9a-ade76dc3f493', '50324a71-4701-434f-ba9a-ade76dc3f493', '50324a71-4701-434f-ba9a-ade76dc3f493', '50324a71-4701-434f-ba9a-ade76dc3f493', '50324a71-4701-434f-ba9a-ade76dc3f493', '50324a71-4701-434f-ba9a-ade76dc3f493', '50324a71-4701-434f-ba9a-ade76dc3f493', '50324a71-4701-434f-ba9a-ade76dc3f493', '50324a71-4701-434f-ba9a-ade76dc3f493', '50324a71-4701-434f-ba9a-ade76dc3f493', '50324a71-4701-434f-ba9a-ade76dc3f493', '50324a71-4701-434f-ba9a-ade76dc3f493', '50324a71-4701-434f-ba9a-ade76dc3f493', '50324a71-4701-434f-ba9a-ade76dc3f493', '50324a71-4701-434f-ba9a-ade76dc3f493', '50324a71-4701-434f-ba9a-ade76dc3f493', '50324a71-4701-434f-ba9a-ade76dc3f493', '50324a71-4701-434f-ba9a-ade76dc3f493', '50324a71-4701-434f-ba9a-ade76dc3f493', '50324a71-4701-434f-ba9a-ade76dc3f493', '50324a71-4701-434f-ba9a-ade76dc3f493', '50324a71-4701-434f-ba9a-ade76dc3f493', '50324a71-4701-434f-ba9a-ade76dc3f493', '50324a71-4701-434f-ba9a-ade76dc3f493', '50324a71-4701-434f-ba9a-ade76dc3f493', '50324a71-4701-434f-ba9a-ade76dc3f493', '50324a71-4701-434f-ba9a-ade76dc3f493', '50324a71-4701-434f-ba9a-ade76dc3f493', '50324a71-4701-434f-ba9a-ade76dc3f493', '50324a71-4701-434f-ba9a-ade76dc3f493', '50324a71-4701-434f-ba9a-ade76dc3f493', '50324a71-4701-434f-ba9a-ade76dc3f493', '50324a71-4701-434f-ba9a-ade76dc3f493', '50324a71-4701-434f-ba9a-ade76dc3f493', '50324a71-4701-434f-ba9a-ade76dc3f493', '50324a71-4701-434f-ba9a-ade76dc3f493', '50324a71-4701-434f-ba9a-ade76dc3f493', '50324a71-4701-434f-ba9a-ade76dc3f493', '50324a71-4701-434f-ba9a-ade76dc3f493', '50324a71-4701-434f-ba9a-ade76dc3f493', '50324a71-4701-434f-ba9a-ade76dc3f493', '50324a71-4701-434f-ba9a-ade76dc3f493', '50324a71-4701-434f-ba9a-ade76dc3f493', '50324a71-4701-434f-ba9a-ade76dc3f493', '50324a71-4701-434f-ba9a-ade76dc3f493', '50324a71-4701-434f-ba9a-ade76dc3f493', '50324a71-4701-434f-ba9a-ade76dc3f493']"
25f59db7-988e-4819-8389-d110d71df23c,1,"['50324a71-4701-434f-ba9a-ade76dc3f493', '50324a71-4701-434f-ba9a-ade76dc3f493', '50324a71-4701-434f-ba9a-ade76dc3f493', '50324a71-4701-434f-ba9a-ade76dc3f493', '50324a71-4701-434f-ba9a-ade76dc3f493', '50324a71-4701-434f-ba9a-ade76dc3f493', '50324a71-4701-434f-ba9a-ade76dc3f493', '50324a71-4701-434f-ba9a-ade76dc3f493', '50324a71-4701-434f-ba9a-ade76dc3f493', '50324a71-4701-434f-ba9a-ade76dc3f493', '50324a71-4701-434f-ba9a-ade76dc3f493', '50324a71-4701-434f-ba9a-ade76dc3f493', '50324a71-4701-434f-ba9a-ade76dc3f493', '50324a71-4701-434f-ba9a-ade76dc3f493', '50324a71-4701-434f-ba9a-ade76dc3f493', '50324a71-4701-434f-ba9a-ade76dc3f493', '50324a71-4701-434f-ba9a-ade76dc3f493', '50324a71-4701-434f-ba9a-ade76dc3f493', '50324a71-4701-434f-ba9a-ade76dc3f493', '50324a71-4701-434f-ba9a-ade76dc3f493', '50324a71-4701-434f-ba9a-ade76dc3f493', '50324a71-4701-434f-ba9a-ade76dc3f493', '50324a71-4701-434f-ba9a-ade76dc3f493', '50324a71-4701-434f-ba9a-ade76dc3f493', '50324a71-4701-434f-ba9a-ade76dc3f493', '50324a71-4701-434f-ba9a-ade76dc3f493', '50324a71-4701-434f-ba9a-ade76dc3f493', '50324a71-4701-434f-ba9a-ade76dc3f493', '50324a71-4701-434f-ba9a-ade76dc3f493', '50324a71-4701-434f-ba9a-ade76dc3f493', '50324a71-4701-434f-ba9a-ade76dc3f493', '50324a71-4701-434f-ba9a-ade76dc3f493', '50324a71-4701-434f-ba9a-ade76dc3f493', '50324a71-4701-434f-ba9a-ade76dc3f493', '50324a71-4701-434f-ba9a-ade76dc3f493', '50324a71-4701-434f-ba9a-ade76dc3f493', '50324a71-4701-434f-ba9a-ade76dc3f493', '50324a71-4701-434f-ba9a-ade76dc3f493', '50324a71-4701-434f-ba9a-ade76dc3f493', '50324a71-4701-434f-ba9a-ade76dc3f493', 'c0a049a1-d64c-475d-af8e-95371d4b4c56', '34023dec-8d21-4e8c-a2ae-751496fe04e9', '65180018-f614-4c56-a6df-11bc858d793e', '131a7c9f-e16c-4ff2-9c84-30d91fd6184f', '3775f41c-2cf1-4c9b-8884-2b18273ae730', '8f5491e7-13bb-40af-b654-4e3aba8b72ea', 'c84023c2-f262-4e86-ad4a-05c044358a8c', '2c90b9c6-7585-4596-b54c-2aac877e18bd', '0acba58b-28aa-4185-88b0-856d0a0c42e1', '6fc68424-9e5a-4333-8fd5-51810e684f54']"
25f59db7-988e-4819-8389-d110d71df23c,2,"['50324a71-4701-434f-ba9a-ade76dc3f493', '50324a71-4701-434f-ba9a-ade76dc3f493', '50324a71-4701-434f-ba9a-ade76dc3f493', '50324a71-4701-434f-ba9a-ade76dc3f493', '50324a71-4701-434f-ba9a-ade76dc3f493', '50324a71-4701-434f-ba9a-ade76dc3f493', '50324a71-4701-434f-ba9a-ade76dc3f493', '50324a71-4701-434f-ba9a-ade76dc3f493', '50324a71-4701-434f-ba9a-ade76dc3f493', '50324a71-4701-434f-ba9a-ade76dc3f493', '50324a71-4701-434f-ba9a-ade76dc3f493', '50324a71-4701-434f-ba9a-ade76dc3f493', '50324a71-4701-434f-ba9a-ade76dc3f493', '50324a71-4701-434f-ba9a-ade76dc3f493', '50324a71-4701-434f-ba9a-ade76dc3f493', '50324a71-4701-434f-ba9a-ade76dc3f493', '50324a71-4701-434f-ba9a-ade76dc3f493', '50324a71-4701-434f-ba9a-ade76dc3f493', '50324a71-4701-434f-ba9a-ade76dc3f493', '50324a71-4701-434f-ba9a-ade76dc3f493', '50324a71-4701-434f-ba9a-ade76dc3f493', '50324a71-4701-434f-ba9a-ade76dc3f493', '50324a71-4701-434f-ba9a-ade76dc3f493', '50324a71-4701-434f-ba9a-ade76dc3f493', '50324a71-4701-434f-ba9a-ade76dc3f493', '50324a71-4701-434f-ba9a-ade76dc3f493', '50324a71-4701-434f-ba9a-ade76dc3f493', '50324a71-4701-434f-ba9a-ade76dc3f493', '50324a71-4701-434f-ba9a-ade76dc3f493', '50324a71-4701-434f-ba9a-ade76dc3f493', '50324a71-4701-434f-ba9a-ade76dc3f493', '50324a71-4701-434f-ba9a-ade76dc3f493', '50324a71-4701-434f-ba9a-ade76dc3f493', 'c0a049a1-d64c-475d-af8e-95371d4b4c56', '34023dec-8d21-4e8c-a2ae-751496fe04e9', '65180018-f614-4c56-a6df-11bc858d793e', '131a7c9f-e16c-4ff2-9c84-30d91fd6184f', '3775f41c-2cf1-4c9b-8884-2b18273ae730', '8f5491e7-13bb-40af-b654-4e3aba8b72ea', 'c84023c2-f262-4e86-ad4a-05c044358a8c', '2c90b9c6-7585-4596-b54c-2aac877e18bd', '0acba58b-28aa-4185-88b0-856d0a0c42e1', '6fc68424-9e5a-4333-8fd5-51810e684f54', 'ea0fd505-6643-496c-83d3-0b4448abc37f', 'aa668456-2d9e-476c-b434-9e0a8aab7f36', '667138dd-5a6e-4124-9d02-d4c46aa69172', 'f20032b5-e965-4dc4-87f8-c2ea51d0b73a', 'da9d2d2f-fd4a-42a2-9c75-3a686ddf6a6f', '78a94de6-9991-424f-8016-5b9aca596552', '64e5ce23-8b2b-4e21-9152-bea90dc4eef8']"
25f59db7-988e-4819-8389-d110d71df23c,3,"['50324a71-4701-434f-ba9a-ade76dc3f493', '50324a71-4701-434f-ba9a-ade76dc3f493', '50324a71-4701-434f-ba9a-ade76dc3f493', '50324a71-4701-434f-ba9a-ade76dc3f493', '50324a71-4701-434f-ba9a-ade76dc3f493', '50324a71-4701-434f-ba9a-ade76dc3f493', '50324a71-4701-434f-ba9a-ade76dc3f493', '50324a71-4701-434f-ba9a-ade76dc3f493', '50324a71-4701-434f-ba9a-ade76dc3f493', '50324a71-4701-434f-ba9a-ade76dc3f493', '50324a71-4701-434f-ba9a-ade76dc3f493', '50324a71-4701-434f-ba9a-ade76dc3f493', '50324a71-4701-434f-ba9a-ade76dc3f493', '50324a71-4701-434f-ba9a-ade76dc3f493', '50324a71-4701-434f-ba9a-ade76dc3f493', '50324a71-4701-434f-ba9a-ade76dc3f493', '50324a71-4701-434f-ba9a-ade76dc3f493', '50324a71-4701-434f-ba9a-ade76dc3f493', '50324a71-4701-434f-ba9a-ade76dc3f493', '50324a71-4701-434f-ba9a-ade76dc3f493', '50324a71-4701-434f-ba9a-ade76dc3f493', '50324a71-4701-434f-ba9a-ade76dc3f493', '50324a71-4701-434f-ba9a-ade76dc3f493', '50324a71-4701-434f-ba9a-ade76dc3f493', '50324a71-4701-434f-ba9a-ade76dc3f493', '50324a71-4701-434f-ba9a-ade76dc3f493', '50324a71-4701-434f-ba9a-ade76dc3f493', 'c0a049a1-d64c-475d-af8e-95371d4b4c56', '34023dec-8d21-4e8c-a2ae-751496fe04e9', '65180018-f614-4c56-a6df-11bc858d793e', '131a7c9f-e16c-4ff2-9c84-30d91fd6184f', 'c84023c2-f262-4e86-ad4a-05c044358a8c', '2c90b9c6-7585-4596-b54c-2aac877e18bd', '0acba58b-28aa-4185-88b0-856d0a0c42e1', '6fc68424-9e5a-4333-8fd5-51810e684f54', 'ea0fd505-6643-496c-83d3-0b4448abc37f', '667138dd-5a6e-4124-9d02-d4c46aa69172', 'f20032b5-e965-4dc4-87f8-c2ea51d0b73a', 'da9d2d2f-fd4a-42a2-9c75-3a686ddf6a6f', '78a94de6-9991-424f-8016-5b9aca596552', '64e5ce23-8b2b-4e21-9152-bea90dc4eef8', '8b19fd17-80e9-42a9-ba16-4e00286304c8', '68e45e66-1bd0-4472-814f-40cc24771ea6', '04cf5f64-1d82-41b8-b689-03a26373fdc3', '6cf0e695-6405-462f-80ea-31793b65a43b', 'ab3bc01e-ca62-426f-9557-03f057394436', 'a97a918d-d6be-4342-8f81-e1e4672d3083', 'aab09d68-637e-44a8-935b-f4ebaf3cd366', 'f8a77b45-37a1-4a52-adc4-ccfc4ce160d0', '7846ea61-580c-4947-a52c-a291ccccef52']"
25f59db7-988e-4819-8389-d110d71df23c,4,"['50324a71-4701-434f-ba9a-ade76dc3f493', '50324a71-4701-434f-ba9a-ade76dc3f493', '50324a71-4701-434f-ba9a-ade76dc3f493', '50324a71-4701-434f-ba9a-ade76dc3f493', '50324a71-4701-434f-ba9a-ade76dc3f493', '50324a71-4701-434f-ba9a-ade76dc3f493', '50324a71-4701-434f-ba9a-ade76dc3f493', '50324a71-4701-434f-ba9a-ade76dc3f493', '50324a71-4701-434f-ba9a-ade76dc3f493', '50324a71-4701-434f-ba9a-ade76dc3f493', '50324a71-4701-434f-ba9a-ade76dc3f493', '50324a71-4701-434f-ba9a-ade76dc3f493', '50324a71-4701-434f-ba9a-ade76dc3f493', '50324a71-4701-434f-ba9a-ade76dc3f493', '50324a71-4701-434f-ba9a-ade76dc3f493', '50324a71-4701-434f-ba9a-ade76dc3f493', '50324a71-4701-434f-ba9a-ade76dc3f493', '50324a71-4701-434f-ba9a-ade76dc3f493', '50324a71-4701-434f-ba9a-ade76dc3f493', '50324a71-4701-434f-ba9a-ade76dc3f493', '50324a71-4701-434f-ba9a-ade76dc3f493', '50324a71-4701-434f-ba9a-ade76dc3f493', '50324a71-4701-434f-ba9a-ade76dc3f493', 'c0a049a1-d64c-475d-af8e-95371d4b4c56', '34023dec-8d21-4e8c-a2ae-751496fe04e9', '65180018-f614-4c56-a6df-11bc858d793e', '131a7c9f-e16c-4ff2-9c84-30d91fd6184f', 'c84023c2-f262-4e86-ad4a-05c044358a8c', '2c90b9c6-7585-4596-b54c-2aac877e18bd', '0acba58b-28aa-4185-88b0-856d0a0c42e1', '6fc68424-9e5a-4333-8fd5-51810e684f54', 'ea0fd505-6643-496c-83d3-0b4448abc37f', '667138dd-5a6e-4124-9d02-d4c46aa69172', 'da9d2d2f-fd4a-42a2-9c75-3a686ddf6a6f', '78a94de6-9991-424f-8016-5b9aca596552', '64e5ce23-8b2b-4e21-9152-bea90dc4eef8', '8b19fd17-80e9-42a9-ba16-4e00286304c8', '68e45e66-1bd0-4472-814f-40cc24771ea6', '6cf0e695-6405-462f-80ea-31793b65a43b', 'a97a918d-d6be-4342-8f81-e1e4672d3083', 'aab09d68-637e-44a8-935b-f4ebaf3cd366', '7846ea61-580c-4947-a52c-a291ccccef52', 'f42a7dc0-d6e8-4dc7-9767-1038750ec8b6', '969e9826-d7fa-4bb8-95c5-e2ec859b0f22', 'a4cbae74-02a5-49b7-9c1e-5ee07778fd9f', '3a46ec12-54e5-4994-945b-c3b1d764af74', '33a820d6-d261-415f-b43f-598bc2705d65', '0c7fcb32-b6d4-4415-88c2-faa8322d549b', 'd248a977-fb93-4c61-bc48-2cfa8f639ca7', '3b50c038-a337-4fbd-89bd-b34ac8f4226d']"
25f59db7-988e-4819-8389-d110d71df23c,5,"['50324a71-4701-434f-ba9a-ade76dc3f493', '50324a71-4701-434f-ba9a-ade76dc3f493', '50324a71-4701-434f-ba9a-ade76dc3f493', '50324a71-4701-434f-ba9a-ade76dc3f493', '50324a71-4701-434f-ba9a-ade76dc3f493', '50324a71-4701-434f-ba9a-ade76dc3f493', '50324a71-4701-434f-ba9a-ade76dc3f493', '50324a71-4701-434f-ba9a-ade76dc3f493', '50324a71-4701-434f-ba9a-ade76dc3f493', '50324a71-4701-434f-ba9a-ade76dc3f493', '50324a71-4701-434f-ba9a-ade76dc3f493', '50324a71-4701-434f-ba9a-ade76dc3f493', '50324a71-4701-434f-ba9a-ade76dc3f493', '50324a71-4701-434f-ba9a-ade76dc3f493', '50324a71-4701-434f-ba9a-ade76dc3f493', '50324a71-4701-434f-ba9a-ade76dc3f493', '50324a71-4701-434f-ba9a-ade76dc3f493', '50324a71-4701-434f-ba9a-ade76dc3f493', '50324a71-4701-434f-ba9a-ade76dc3f493', '50324a71-4701-434f-ba9a-ade76dc3f493', '50324a71-4701-434f-ba9a-ade76dc3f493', '50324a71-4701-434f-ba9a-ade76dc3f493', '50324a71-4701-434f-ba9a-ade76dc3f493', '50324a71-4701-434f-ba9a-ade76dc3f493', '50324a71-4701-434f-ba9a-ade76dc3f493', '50324a71-4701-434f-ba9a-ade76dc3f493', 'aab09d68-637e-44a8-935b-f4ebaf3cd366', '33a820d6-d261-415f-b43f-598bc2705d65', '33a820d6-d261-415f-b43f-598bc2705d65', '33a820d6-d261-415f-b43f-598bc2705d65', '33a820d6-d261-415f-b43f-598bc2705d65', '33a820d6-d261-415f-b43f-598bc2705d65', '33a820d6-d261-415f-b43f-598bc2705d65', '33a820d6-d261-415f-b43f-598bc2705d65', '33a820d6-d261-415f-b43f-598bc2705d65', '50dbf4be-ad38-454a-add6-55ce5bfd5a34', 'fa82d08f-5562-43fb-8dfe-3689c73c7864', '3e5bb5f6-5bbe-4565-9a42-c0eee7f32ced', '269aeaa6-212d-42d2-8451-27e8dd3791c8', 'c2918925-d0fa-4f66-b1b6-58ea876e85cc', 'c38a12cf-b91f-402e-8fbd-861578475c02', '16f12b1f-e5fc-4b8b-83f1-b44b737ff181', 'cbcc4db9-6183-4653-b147-3183d75d4627', 'f55259d3-9ee4-4edf-a606-f3473e3bd109', 'd85d7ce5-aec7-43d9-a3d9-2d0f7138ae0a', '9a397535-7d2b-4ea1-bebd-f6eab4574acc', 'edc541d5-4d62-4c00-8f8a-c576e9663380', '881acb7a-9799-4190-a988-e8fc093f32ea', '28086ae9-ee66-4f24-b0de-bf30c1906cb1', '2b1e8d63-f97d-4133-82c0-69bb6109f25f']"
25f59db7-988e-4819-8389-d110d71df23c,6,"['50324a71-4701-434f-ba9a-ade76dc3f493', '50324a71-4701-434f-ba9a-ade76dc3f493', '50324a71-4701-434f-ba9a-ade76dc3f493', '50324a71-4701-434f-ba9a-ade76dc3f493', '50324a71-4701-434f-ba9a-ade76dc3f493', '50324a71-4701-434f-ba9a-ade76dc3f493', '50324a71-4701-434f-ba9a-ade76dc3f493', '50324a71-4701-434f-ba9a-ade76dc3f493', '50324a71-4701-434f-ba9a-ade76dc3f493', '50324a71-4701-434f-ba9a-ade76dc3f493', '50324a71-4701-434f-ba9a-ade76dc3f493', '50324a71-4701-434f-ba9a-ade76dc3f493', '33a820d6-d261-415f-b43f-598bc2705d65', '33a820d6-d261-415f-b43f-598bc2705d65', '33a820d6-d261-415f-b43f-598bc2705d65', '33a820d6-d261-415f-b43f-598bc2705d65', '33a820d6-d261-415f-b43f-598bc2705d65', '33a820d6-d261-415f-b43f-598bc2705d65', '33a820d6-d261-415f-b43f-598bc2705d65', '33a820d6-d261-415f-b43f-598bc2705d65', '33a820d6-d261-415f-b43f-598bc2705d65', '33a820d6-d261-415f-b43f-598bc2705d65', '33a820d6-d261-415f-b43f-598bc2705d65', '33a820d6-d261-415f-b43f-598bc2705d65', '33a820d6-d261-415f-b43f-598bc2705d65', '33a820d6-d261-415f-b43f-598bc2705d65', '33a820d6-d261-415f-b43f-598bc2705d65', '33a820d6-d261-415f-b43f-598bc2705d65', '33a820d6-d261-415f-b43f-598bc2705d65', '33a820d6-d261-415f-b43f-598bc2705d65', '33a820d6-d261-415f-b43f-598bc2705d65', '33a820d6-d261-415f-b43f-598bc2705d65', '33a820d6-d261-415f-b43f-598bc2705d65', '33a820d6-d261-415f-b43f-598bc2705d65', 'e2888760-cf50-4f53-8f01-9981c11f61a6', 'd7c332cb-b178-4c94-b446-3cb7fa68dd49', 'bad1b5cf-8e46-431b-a564-4ceb09fcb861', '9444df64-2489-499d-b505-8c9fc3cdab58', '1ce85931-e4df-4b43-9438-da492bc87b23', '0de92db4-0ab7-46c8-b2ab-233cfe45b7a2', '16818c95-ab33-433b-b15f-6da1e4bb98ab', 'c4a594a0-b24d-475e-b144-b7b736264254', '83015834-4544-4f92-8839-92a18d4c961a', 'd57fa429-88dd-47de-840d-547d68ebc7e7', '27c74e96-a1bf-4b3c-b070-45489ad174d6', 'bbc894e9-2ee2-4c7f-b726-47073e337d25', '7ccc1d07-a10a-4b4b-ae5f-1ec46d15fac9', '9f723f0a-0403-4f06-9394-0598665dc42f', '79fe5a96-6a46-47ce-bf96-2bd4d85735ad', 'fb2d3c51-8e9b-4462-9b93-63384fe7c8cd']"
25f59db7-988e-4819-8389-d110d71df23c,7,"['50324a71-4701-434f-ba9a-ade76dc3f493', '50324a71-4701-434f-ba9a-ade76dc3f493', '50324a71-4701-434f-ba9a-ade76dc3f493', '50324a71-4701-434f-ba9a-ade76dc3f493', '50324a71-4701-434f-ba9a-ade76dc3f493', '50324a71-4701-434f-ba9a-ade76dc3f493', '50324a71-4701-434f-ba9a-ade76dc3f493', '50324a71-4701-434f-ba9a-ade76dc3f493', '50324a71-4701-434f-ba9a-ade76dc3f493', '50324a71-4701-434f-ba9a-ade76dc3f493', '33a820d6-d261-415f-b43f-598bc2705d65', '33a820d6-d261-415f-b43f-598bc2705d65', '33a820d6-d261-415f-b43f-598bc2705d65', '33a820d6-d261-415f-b43f-598bc2705d65', '33a820d6-d261-415f-b43f-598bc2705d65', '33a820d6-d261-415f-b43f-598bc2705d65', '33a820d6-d261-415f-b43f-598bc2705d65', '33a820d6-d261-415f-b43f-598bc2705d65', '33a820d6-d261-415f-b43f-598bc2705d65', '33a820d6-d261-415f-b43f-598bc2705d65', '33a820d6-d261-415f-b43f-598bc2705d65', '33a820d6-d261-415f-b43f-598bc2705d65', '33a820d6-d261-415f-b43f-598bc2705d65', '33a820d6-d261-415f-b43f-598bc2705d65', '33a820d6-d261-415f-b43f-598bc2705d65', '33a820d6-d261-415f-b43f-598bc2705d65', 'd7c332cb-b178-4c94-b446-3cb7fa68dd49', 'bad1b5cf-8e46-431b-a564-4ceb09fcb861', '9444df64-2489-499d-b505-8c9fc3cdab58', '1ce85931-e4df-4b43-9438-da492bc87b23', '16818c95-ab33-433b-b15f-6da1e4bb98ab', 'c4a594a0-b24d-475e-b144-b7b736264254', '83015834-4544-4f92-8839-92a18d4c961a', 'd57fa429-88dd-47de-840d-547d68ebc7e7', '27c74e96-a1bf-4b3c-b070-45489ad174d6', 'bbc894e9-2ee2-4c7f-b726-47073e337d25', '7ccc1d07-a10a-4b4b-ae5f-1ec46d15fac9', '9f723f0a-0403-4f06-9394-0598665dc42f', 'fb2d3c51-8e9b-4462-9b93-63384fe7c8cd', 'f202f308-913a-4343-9212-6a89c697e3b9', '67ffac57-8551-4035-85c2-3cadae259147', '00e2fcd9-8ea3-4a7c-a3d1-d662228b0507', '8142320c-2973-446d-b848-86128ca92c82', '3bd4db0b-54f0-4f8d-86cb-1b9d2fff230e', '8fc6b2d8-03c9-41b7-b2ef-ed1e6b13845a', '5cc141bb-8d49-4a1b-bc81-c04634d19da8', '9259af8e-1d61-4fc0-8a6b-65e1fadda880', 'd23e5ad4-e72e-45a1-aeeb-58f4dbc6c27b', '4f0d4908-149f-4432-b944-778d9662eedd', '98ee9865-f1e0-46b6-9126-49a8bfbf21ae']"
25f59db7-988e-4819-8389-d110d71df23c,8,"['d23e5ad4-e72e-45a1-aeeb-58f4dbc6c27b', 'd23e5ad4-e72e-45a1-aeeb-58f4dbc6c27b', 'd23e5ad4-e72e-45a1-aeeb-58f4dbc6c27b', 'd23e5ad4-e72e-45a1-aeeb-58f4dbc6c27b', 'd23e5ad4-e72e-45a1-aeeb-58f4dbc6c27b', 'd23e5ad4-e72e-45a1-aeeb-58f4dbc6c27b', 'd23e5ad4-e72e-45a1-aeeb-58f4dbc6c27b', 'd23e5ad4-e72e-45a1-aeeb-58f4dbc6c27b', 'd23e5ad4-e72e-45a1-aeeb-58f4dbc6c27b', 'd23e5ad4-e72e-45a1-aeeb-58f4dbc6c27b', 'd23e5ad4-e72e-45a1-aeeb-58f4dbc6c27b', 'd23e5ad4-e72e-45a1-aeeb-58f4dbc6c27b', 'd23e5ad4-e72e-45a1-aeeb-58f4dbc6c27b', 'd23e5ad4-e72e-45a1-aeeb-58f4dbc6c27b', 'd23e5ad4-e72e-45a1-aeeb-58f4dbc6c27b', 'd23e5ad4-e72e-45a1-aeeb-58f4dbc6c27b', 'd23e5ad4-e72e-45a1-aeeb-58f4dbc6c27b', 'd23e5ad4-e72e-45a1-aeeb-58f4dbc6c27b', 'd23e5ad4-e72e-45a1-aeeb-58f4dbc6c27b', 'd23e5ad4-e72e-45a1-aeeb-58f4dbc6c27b', 'd23e5ad4-e72e-45a1-aeeb-58f4dbc6c27b', 'd23e5ad4-e72e-45a1-aeeb-58f4dbc6c27b', 'd23e5ad4-e72e-45a1-aeeb-58f4dbc6c27b', 'd23e5ad4-e72e-45a1-aeeb-58f4dbc6c27b', 'd23e5ad4-e72e-45a1-aeeb-58f4dbc6c27b', 'd23e5ad4-e72e-45a1-aeeb-58f4dbc6c27b', 'd23e5ad4-e72e-45a1-aeeb-58f4dbc6c27b', 'd23e5ad4-e72e-45a1-aeeb-58f4dbc6c27b', 'd23e5ad4-e72e-45a1-aeeb-58f4dbc6c27b', 'd23e5ad4-e72e-45a1-aeeb-58f4dbc6c27b', 'd23e5ad4-e72e-45a1-aeeb-58f4dbc6c27b', 'd23e5ad4-e72e-45a1-aeeb-58f4dbc6c27b', 'd23e5ad4-e72e-45a1-aeeb-58f4dbc6c27b', 'd23e5ad4-e72e-45a1-aeeb-58f4dbc6c27b', 'd23e5ad4-e72e-45a1-aeeb-58f4dbc6c27b', 'd23e5ad4-e72e-45a1-aeeb-58f4dbc6c27b', 'd23e5ad4-e72e-45a1-aeeb-58f4dbc6c27b', 'd23e5ad4-e72e-45a1-aeeb-58f4dbc6c27b', 'd23e5ad4-e72e-45a1-aeeb-58f4dbc6c27b', 'd23e5ad4-e72e-45a1-aeeb-58f4dbc6c27b', 'd23e5ad4-e72e-45a1-aeeb-58f4dbc6c27b', 'd23e5ad4-e72e-45a1-aeeb-58f4dbc6c27b', 'd23e5ad4-e72e-45a1-aeeb-58f4dbc6c27b', 'd23e5ad4-e72e-45a1-aeeb-58f4dbc6c27b', 'd23e5ad4-e72e-45a1-aeeb-58f4dbc6c27b', 'd23e5ad4-e72e-45a1-aeeb-58f4dbc6c27b', 'f4ae57d4-096e-4ed4-9740-58babaebcf61', '80568e86-2979-4715-a59b-e071bf28f2ed', 'a6235253-62d6-44ff-a777-82d55de4305a', '740b8e27-cfe6-4ab2-92d6-6b28f38ffc0c']"
25f59db7-988e-4819-8389-d110d71df23c,9,"['d23e5ad4-e72e-45a1-aeeb-58f4dbc6c27b', 'd23e5ad4-e72e-45a1-aeeb-58f4dbc6c27b', 'd23e5ad4-e72e-45a1-aeeb-58f4dbc6c27b', 'd23e5ad4-e72e-45a1-aeeb-58f4dbc6c27b', 'd23e5ad4-e72e-45a1-aeeb-58f4dbc6c27b', 'd23e5ad4-e72e-45a1-aeeb-58f4dbc6c27b', 'd23e5ad4-e72e-45a1-aeeb-58f4dbc6c27b', 'd23e5ad4-e72e-45a1-aeeb-58f4dbc6c27b', 'd23e5ad4-e72e-45a1-aeeb-58f4dbc6c27b', 'd23e5ad4-e72e-45a1-aeeb-58f4dbc6c27b', 'd23e5ad4-e72e-45a1-aeeb-58f4dbc6c27b', 'd23e5ad4-e72e-45a1-aeeb-58f4dbc6c27b', 'd23e5ad4-e72e-45a1-aeeb-58f4dbc6c27b', 'd23e5ad4-e72e-45a1-aeeb-58f4dbc6c27b', 'd23e5ad4-e72e-45a1-aeeb-58f4dbc6c27b', 'd23e5ad4-e72e-45a1-aeeb-58f4dbc6c27b', 'd23e5ad4-e72e-45a1-aeeb-58f4dbc6c27b', 'd23e5ad4-e72e-45a1-aeeb-58f4dbc6c27b', 'd23e5ad4-e72e-45a1-aeeb-58f4dbc6c27b', 'd23e5ad4-e72e-45a1-aeeb-58f4dbc6c27b', 'd23e5ad4-e72e-45a1-aeeb-58f4dbc6c27b', 'd23e5ad4-e72e-45a1-aeeb-58f4dbc6c27b', 'd23e5ad4-e72e-45a1-aeeb-58f4dbc6c27b', 'd23e5ad4-e72e-45a1-aeeb-58f4dbc6c27b', 'd23e5ad4-e72e-45a1-aeeb-58f4dbc6c27b', 'd23e5ad4-e72e-45a1-aeeb-58f4dbc6c27b', 'd23e5ad4-e72e-45a1-aeeb-58f4dbc6c27b', 'd23e5ad4-e72e-45a1-aeeb-58f4dbc6c27b', 'd23e5ad4-e72e-45a1-aeeb-58f4dbc6c27b', 'd23e5ad4-e72e-45a1-aeeb-58f4dbc6c27b', 'd23e5ad4-e72e-45a1-aeeb-58f4dbc6c27b', 'd23e5ad4-e72e-45a1-aeeb-58f4dbc6c27b', 'd23e5ad4-e72e-45a1-aeeb-58f4dbc6c27b', 'd23e5ad4-e72e-45a1-aeeb-58f4dbc6c27b', 'd23e5ad4-e72e-45a1-aeeb-58f4dbc6c27b', 'd23e5ad4-e72e-45a1-aeeb-58f4dbc6c27b', 'd23e5ad4-e72e-45a1-aeeb-58f4dbc6c27b', 'd23e5ad4-e72e-45a1-aeeb-58f4dbc6c27b', 'd23e5ad4-e72e-45a1-aeeb-58f4dbc6c27b', 'd23e5ad4-e72e-45a1-aeeb-58f4dbc6c27b', 'f4ae57d4-096e-4ed4-9740-58babaebcf61', '80568e86-2979-4715-a59b-e071bf28f2ed', 'a6235253-62d6-44ff-a777-82d55de4305a', 'f84e1290-10b0-45e9-9a67-4783cd12241c', '2bca248a-4a7e-4995-bb85-7fb78a37d9cd', 'e6dfd2c6-52dc-489a-9063-fa452738e68d', '3f738114-3515-4633-8ea2-9b614cdcca13', '8f9c5537-0bdd-454c-9cef-36886121da74', 'de24e3a2-00d3-4b9a-906d-5bfdbd0307d8', 'a30bcec0-464c-476b-8649-fdbbb39bea6b']"
139258c1-ef71-4e69-a2c5-f7fde212eddf,0,"['fd48dbdd-3940-4c25-aab0-d2832eaf517e', 'fd48dbdd-3940-4c25-aab0-d2832eaf517e', 'fd48dbdd-3940-4c25-aab0-d2832eaf517e', 'fd48dbdd-3940-4c25-aab0-d2832eaf517e', 'fd48dbdd-3940-4c25-aab0-d2832eaf517e', 'fd48dbdd-3940-4c25-aab0-d2832eaf517e', 'fd48dbdd-3940-4c25-aab0-d2832eaf517e', 'fd48dbdd-3940-4c25-aab0-d2832eaf517e', 'fd48dbdd-3940-4c25-aab0-d2832eaf517e', 'fd48dbdd-3940-4c25-aab0-d2832eaf517e', 'fd48dbdd-3940-4c25-aab0-d2832eaf517e', 'fd48dbdd-3940-4c25-aab0-d2832eaf517e', 'fd48dbdd-3940-4c25-aab0-d2832eaf517e', 'fd48dbdd-3940-4c25-aab0-d2832eaf517e', 'fd48dbdd-3940-4c25-aab0-d2832eaf517e', 'fd48dbdd-3940-4c25-aab0-d2832eaf517e', 'fd48dbdd-3940-4c25-aab0-d2832eaf517e', 'fd48dbdd-3940-4c25-aab0-d2832eaf517e', 'fd48dbdd-3940-4c25-aab0-d2832eaf517e', 'fd48dbdd-3940-4c25-aab0-d2832eaf517e', 'fd48dbdd-3940-4c25-aab0-d2832eaf517e', 'fd48dbdd-3940-4c25-aab0-d2832eaf517e', 'fd48dbdd-3940-4c25-aab0-d2832eaf517e', 'fd48dbdd-3940-4c25-aab0-d2832eaf517e', 'fd48dbdd-3940-4c25-aab0-d2832eaf517e', 'fd48dbdd-3940-4c25-aab0-d2832eaf517e', 'fd48dbdd-3940-4c25-aab0-d2832eaf517e', 'fd48dbdd-3940-4c25-aab0-d2832eaf517e', 'fd48dbdd-3940-4c25-aab0-d2832eaf517e', 'fd48dbdd-3940-4c25-aab0-d2832eaf517e', 'fd48dbdd-3940-4c25-aab0-d2832eaf517e', 'fd48dbdd-3940-4c25-aab0-d2832eaf517e', 'fd48dbdd-3940-4c25-aab0-d2832eaf517e', 'fd48dbdd-3940-4c25-aab0-d2832eaf517e', 'fd48dbdd-3940-4c25-aab0-d2832eaf517e', 'fd48dbdd-3940-4c25-aab0-d2832eaf517e', 'fd48dbdd-3940-4c25-aab0-d2832eaf517e', 'fd48dbdd-3940-4c25-aab0-d2832eaf517e', 'fd48dbdd-3940-4c25-aab0-d2832eaf517e', 'fd48dbdd-3940-4c25-aab0-d2832eaf517e', 'fd48dbdd-3940-4c25-aab0-d2832eaf517e', 'fd48dbdd-3940-4c25-aab0-d2832eaf517e', 'fd48dbdd-3940-4c25-aab0-d2832eaf517e', 'fd48dbdd-3940-4c25-aab0-d2832eaf517e', 'fd48dbdd-3940-4c25-aab0-d2832eaf517e', 'fd48dbdd-3940-4c25-aab0-d2832eaf517e', 'fd48dbdd-3940-4c25-aab0-d2832eaf517e', 'fd48dbdd-3940-4c25-aab0-d2832eaf517e', 'fd48dbdd-3940-4c25-aab0-d2832eaf517e', 'fd48dbdd-3940-4c25-aab0-d2832eaf517e']"
25f59db7-988e-4819-8389-d110d71df23c,10,"['d23e5ad4-e72e-45a1-aeeb-58f4dbc6c27b', 'd23e5ad4-e72e-45a1-aeeb-58f4dbc6c27b', 'd23e5ad4-e72e-45a1-aeeb-58f4dbc6c27b', 'd23e5ad4-e72e-45a1-aeeb-58f4dbc6c27b', 'd23e5ad4-e72e-45a1-aeeb-58f4dbc6c27b', 'd23e5ad4-e72e-45a1-aeeb-58f4dbc6c27b', 'd23e5ad4-e72e-45a1-aeeb-58f4dbc6c27b', 'd23e5ad4-e72e-45a1-aeeb-58f4dbc6c27b', 'd23e5ad4-e72e-45a1-aeeb-58f4dbc6c27b', 'd23e5ad4-e72e-45a1-aeeb-58f4dbc6c27b', 'd23e5ad4-e72e-45a1-aeeb-58f4dbc6c27b', 'd23e5ad4-e72e-45a1-aeeb-58f4dbc6c27b', 'd23e5ad4-e72e-45a1-aeeb-58f4dbc6c27b', 'd23e5ad4-e72e-45a1-aeeb-58f4dbc6c27b', 'd23e5ad4-e72e-45a1-aeeb-58f4dbc6c27b', 'd23e5ad4-e72e-45a1-aeeb-58f4dbc6c27b', 'd23e5ad4-e72e-45a1-aeeb-58f4dbc6c27b', 'd23e5ad4-e72e-45a1-aeeb-58f4dbc6c27b', 'd23e5ad4-e72e-45a1-aeeb-58f4dbc6c27b', 'd23e5ad4-e72e-45a1-aeeb-58f4dbc6c27b', 'd23e5ad4-e72e-45a1-aeeb-58f4dbc6c27b', 'd23e5ad4-e72e-45a1-aeeb-58f4dbc6c27b', 'd23e5ad4-e72e-45a1-aeeb-58f4dbc6c27b', 'd23e5ad4-e72e-45a1-aeeb-58f4dbc6c27b', 'd23e5ad4-e72e-45a1-aeeb-58f4dbc6c27b', 'd23e5ad4-e72e-45a1-aeeb-58f4dbc6c27b', 'd23e5ad4-e72e-45a1-aeeb-58f4dbc6c27b', 'd23e5ad4-e72e-45a1-aeeb-58f4dbc6c27b', 'd23e5ad4-e72e-45a1-aeeb-58f4dbc6c27b', 'd23e5ad4-e72e-45a1-aeeb-58f4dbc6c27b', 'd23e5ad4-e72e-45a1-aeeb-58f4dbc6c27b', 'f4ae57d4-096e-4ed4-9740-58babaebcf61', '80568e86-2979-4715-a59b-e071bf28f2ed', 'a6235253-62d6-44ff-a777-82d55de4305a', '2bca248a-4a7e-4995-bb85-7fb78a37d9cd', 'e6dfd2c6-52dc-489a-9063-fa452738e68d', '3f738114-3515-4633-8ea2-9b614cdcca13', 'de24e3a2-00d3-4b9a-906d-5bfdbd0307d8', 'a30bcec0-464c-476b-8649-fdbbb39bea6b', '1fcecff7-ba33-40ce-a501-87f4d2324c98', 'c0314b35-e768-4006-a0cd-9f51ef3a17e1', '5873a923-17a3-4125-9d69-4cc934b96576', 'b9f17573-6d5d-4077-b943-bbfa43ccb504', 'b7ebb0b9-a083-4a1b-a9c0-11536a877053', 'b96a8baa-d25c-4c9f-a56b-e3210707abe6', '9436423e-8616-4e11-a049-e55878b000b7', '5fc83eeb-1d18-4b90-bd6e-90e806d4b232', '709b903b-88b3-4277-9cb6-0ec9b3f6a63b', '398d80c5-7235-4516-9913-5d5d1035a2e0', '1b3718e1-f454-402a-a32f-c981b5df2d25']"
139258c1-ef71-4e69-a2c5-f7fde212eddf,1,"['fd48dbdd-3940-4c25-aab0-d2832eaf517e', 'fd48dbdd-3940-4c25-aab0-d2832eaf517e', 'fd48dbdd-3940-4c25-aab0-d2832eaf517e', 'fd48dbdd-3940-4c25-aab0-d2832eaf517e', 'fd48dbdd-3940-4c25-aab0-d2832eaf517e', 'fd48dbdd-3940-4c25-aab0-d2832eaf517e', 'fd48dbdd-3940-4c25-aab0-d2832eaf517e', 'fd48dbdd-3940-4c25-aab0-d2832eaf517e', 'fd48dbdd-3940-4c25-aab0-d2832eaf517e', 'fd48dbdd-3940-4c25-aab0-d2832eaf517e', 'fd48dbdd-3940-4c25-aab0-d2832eaf517e', 'fd48dbdd-3940-4c25-aab0-d2832eaf517e', 'fd48dbdd-3940-4c25-aab0-d2832eaf517e', 'fd48dbdd-3940-4c25-aab0-d2832eaf517e', 'fd48dbdd-3940-4c25-aab0-d2832eaf517e', 'fd48dbdd-3940-4c25-aab0-d2832eaf517e', 'fd48dbdd-3940-4c25-aab0-d2832eaf517e', 'fd48dbdd-3940-4c25-aab0-d2832eaf517e', 'fd48dbdd-3940-4c25-aab0-d2832eaf517e', 'fd48dbdd-3940-4c25-aab0-d2832eaf517e', 'fd48dbdd-3940-4c25-aab0-d2832eaf517e', 'fd48dbdd-3940-4c25-aab0-d2832eaf517e', 'fd48dbdd-3940-4c25-aab0-d2832eaf517e', 'fd48dbdd-3940-4c25-aab0-d2832eaf517e', 'fd48dbdd-3940-4c25-aab0-d2832eaf517e', 'fd48dbdd-3940-4c25-aab0-d2832eaf517e', 'fd48dbdd-3940-4c25-aab0-d2832eaf517e', 'fd48dbdd-3940-4c25-aab0-d2832eaf517e', 'fd48dbdd-3940-4c25-aab0-d2832eaf517e', 'fd48dbdd-3940-4c25-aab0-d2832eaf517e', 'fd48dbdd-3940-4c25-aab0-d2832eaf517e', 'fd48dbdd-3940-4c25-aab0-d2832eaf517e', 'fd48dbdd-3940-4c25-aab0-d2832eaf517e', 'fd48dbdd-3940-4c25-aab0-d2832eaf517e', 'fd48dbdd-3940-4c25-aab0-d2832eaf517e', 'fd48dbdd-3940-4c25-aab0-d2832eaf517e', 'fd48dbdd-3940-4c25-aab0-d2832eaf517e', 'fd48dbdd-3940-4c25-aab0-d2832eaf517e', 'fd48dbdd-3940-4c25-aab0-d2832eaf517e', 'fd48dbdd-3940-4c25-aab0-d2832eaf517e', 'fd48dbdd-3940-4c25-aab0-d2832eaf517e', 'fd48dbdd-3940-4c25-aab0-d2832eaf517e', '8ad050ef-83c5-4992-8089-4ba38b1c2a8b', '8024fe4a-757a-4c6d-b25f-43c2f99b7461', '58d0914f-18ce-480d-bcde-8e16990d44c6', '9884473c-abca-4365-a52a-df32ea7e32bb', '6da105c7-eeec-4e88-9129-391999f6eb9d', 'cbb1e937-7e4d-4661-942a-9db448d09285', '5b279113-abb7-4d67-8b5f-2ca015c961dc', 'e01557a2-9e89-479d-bef5-1837ca7d627b']"
25f59db7-988e-4819-8389-d110d71df23c,11,"['d23e5ad4-e72e-45a1-aeeb-58f4dbc6c27b', 'd23e5ad4-e72e-45a1-aeeb-58f4dbc6c27b', 'd23e5ad4-e72e-45a1-aeeb-58f4dbc6c27b', 'd23e5ad4-e72e-45a1-aeeb-58f4dbc6c27b', 'd23e5ad4-e72e-45a1-aeeb-58f4dbc6c27b', 'd23e5ad4-e72e-45a1-aeeb-58f4dbc6c27b', 'd23e5ad4-e72e-45a1-aeeb-58f4dbc6c27b', 'd23e5ad4-e72e-45a1-aeeb-58f4dbc6c27b', 'd23e5ad4-e72e-45a1-aeeb-58f4dbc6c27b', 'd23e5ad4-e72e-45a1-aeeb-58f4dbc6c27b', 'd23e5ad4-e72e-45a1-aeeb-58f4dbc6c27b', 'd23e5ad4-e72e-45a1-aeeb-58f4dbc6c27b', 'd23e5ad4-e72e-45a1-aeeb-58f4dbc6c27b', 'd23e5ad4-e72e-45a1-aeeb-58f4dbc6c27b', 'd23e5ad4-e72e-45a1-aeeb-58f4dbc6c27b', 'd23e5ad4-e72e-45a1-aeeb-58f4dbc6c27b', 'd23e5ad4-e72e-45a1-aeeb-58f4dbc6c27b', '9436423e-8616-4e11-a049-e55878b000b7', '9436423e-8616-4e11-a049-e55878b000b7', '9436423e-8616-4e11-a049-e55878b000b7', '9436423e-8616-4e11-a049-e55878b000b7', '9436423e-8616-4e11-a049-e55878b000b7', '9436423e-8616-4e11-a049-e55878b000b7', '9436423e-8616-4e11-a049-e55878b000b7', '9436423e-8616-4e11-a049-e55878b000b7', '9436423e-8616-4e11-a049-e55878b000b7', '9436423e-8616-4e11-a049-e55878b000b7', '9436423e-8616-4e11-a049-e55878b000b7', '9436423e-8616-4e11-a049-e55878b000b7', '9436423e-8616-4e11-a049-e55878b000b7', '9436423e-8616-4e11-a049-e55878b000b7', '9436423e-8616-4e11-a049-e55878b000b7', '9436423e-8616-4e11-a049-e55878b000b7', '9436423e-8616-4e11-a049-e55878b000b7', '9436423e-8616-4e11-a049-e55878b000b7', '9436423e-8616-4e11-a049-e55878b000b7', '9436423e-8616-4e11-a049-e55878b000b7', '9436423e-8616-4e11-a049-e55878b000b7', '9436423e-8616-4e11-a049-e55878b000b7', '5fc83eeb-1d18-4b90-bd6e-90e806d4b232', 'cb096322-24b6-4703-97c5-ae3494e5523b', '8777b570-e3e4-471f-acc7-acd52f48b833', 'e65ad8cb-7acd-48f8-bae8-539ebd2fcb86', 'dec647b2-78fd-4f81-bf5a-775d406442a3', '89bc7042-1e03-4c19-95a7-7e39349d8b7e', '9ab4633c-1438-4c8d-a00d-e7b12f2d4c77', 'b1815df5-05e9-4437-82b6-273cf8b1abf1', '854748b8-5500-4343-9c01-1a47d170896c', '2bad1297-c0c2-46f5-8446-a7272603dc46', '5afd6031-f99e-46da-90d8-ba87a1d058a1']"
25f59db7-988e-4819-8389-d110d71df23c,12,"['d23e5ad4-e72e-45a1-aeeb-58f4dbc6c27b', '9436423e-8616-4e11-a049-e55878b000b7', '9436423e-8616-4e11-a049-e55878b000b7', '9436423e-8616-4e11-a049-e55878b000b7', '9436423e-8616-4e11-a049-e55878b000b7', '9436423e-8616-4e11-a049-e55878b000b7', '9436423e-8616-4e11-a049-e55878b000b7', '9436423e-8616-4e11-a049-e55878b000b7', '9436423e-8616-4e11-a049-e55878b000b7', '9436423e-8616-4e11-a049-e55878b000b7', '9436423e-8616-4e11-a049-e55878b000b7', '9436423e-8616-4e11-a049-e55878b000b7', '9436423e-8616-4e11-a049-e55878b000b7', '9436423e-8616-4e11-a049-e55878b000b7', '9436423e-8616-4e11-a049-e55878b000b7', '9436423e-8616-4e11-a049-e55878b000b7', '9436423e-8616-4e11-a049-e55878b000b7', '9436423e-8616-4e11-a049-e55878b000b7', '9436423e-8616-4e11-a049-e55878b000b7', '9436423e-8616-4e11-a049-e55878b000b7', '9436423e-8616-4e11-a049-e55878b000b7', '9436423e-8616-4e11-a049-e55878b000b7', '9436423e-8616-4e11-a049-e55878b000b7', '9436423e-8616-4e11-a049-e55878b000b7', '9436423e-8616-4e11-a049-e55878b000b7', '9436423e-8616-4e11-a049-e55878b000b7', '9436423e-8616-4e11-a049-e55878b000b7', '9436423e-8616-4e11-a049-e55878b000b7', '9436423e-8616-4e11-a049-e55878b000b7', '9436423e-8616-4e11-a049-e55878b000b7', '9436423e-8616-4e11-a049-e55878b000b7', '9436423e-8616-4e11-a049-e55878b000b7', '9436423e-8616-4e11-a049-e55878b000b7', '9436423e-8616-4e11-a049-e55878b000b7', '9436423e-8616-4e11-a049-e55878b000b7', '9436423e-8616-4e11-a049-e55878b000b7', '9436423e-8616-4e11-a049-e55878b000b7', '9436423e-8616-4e11-a049-e55878b000b7', '9436423e-8616-4e11-a049-e55878b000b7', '9436423e-8616-4e11-a049-e55878b000b7', '9436423e-8616-4e11-a049-e55878b000b7', '0053aa15-14e8-455b-a2d3-77056dbf15b7', '1dc7437c-07aa-4d42-83ee-a31e8ac94240', 'dfc9c911-8fc2-422a-bf0f-d766b4f21aba', 'bac7ca38-08cb-4959-8290-a2ef4d5177db', '72c53f65-e3e7-49a9-9c91-2a8d7e6bfc77', '64c98cdb-9495-4f8a-8344-b383e9821fc3', 'e7760994-2494-4931-a1b0-1a5325b2d767', 'cdb326a4-dcd2-4d8a-98d4-d05cdf3a9c8e', 'a41297a9-a00b-4fd4-9f6a-00f023b684c1']"
139258c1-ef71-4e69-a2c5-f7fde212eddf,2,"['fd48dbdd-3940-4c25-aab0-d2832eaf517e', 'fd48dbdd-3940-4c25-aab0-d2832eaf517e', 'fd48dbdd-3940-4c25-aab0-d2832eaf517e', 'fd48dbdd-3940-4c25-aab0-d2832eaf517e', 'fd48dbdd-3940-4c25-aab0-d2832eaf517e', 'fd48dbdd-3940-4c25-aab0-d2832eaf517e', 'fd48dbdd-3940-4c25-aab0-d2832eaf517e', 'fd48dbdd-3940-4c25-aab0-d2832eaf517e', 'fd48dbdd-3940-4c25-aab0-d2832eaf517e', 'fd48dbdd-3940-4c25-aab0-d2832eaf517e', 'fd48dbdd-3940-4c25-aab0-d2832eaf517e', 'fd48dbdd-3940-4c25-aab0-d2832eaf517e', 'fd48dbdd-3940-4c25-aab0-d2832eaf517e', 'fd48dbdd-3940-4c25-aab0-d2832eaf517e', 'fd48dbdd-3940-4c25-aab0-d2832eaf517e', 'fd48dbdd-3940-4c25-aab0-d2832eaf517e', 'fd48dbdd-3940-4c25-aab0-d2832eaf517e', 'fd48dbdd-3940-4c25-aab0-d2832eaf517e', 'fd48dbdd-3940-4c25-aab0-d2832eaf517e', 'fd48dbdd-3940-4c25-aab0-d2832eaf517e', 'fd48dbdd-3940-4c25-aab0-d2832eaf517e', 'fd48dbdd-3940-4c25-aab0-d2832eaf517e', 'fd48dbdd-3940-4c25-aab0-d2832eaf517e', 'fd48dbdd-3940-4c25-aab0-d2832eaf517e', 'fd48dbdd-3940-4c25-aab0-d2832eaf517e', 'fd48dbdd-3940-4c25-aab0-d2832eaf517e', 'fd48dbdd-3940-4c25-aab0-d2832eaf517e', 'fd48dbdd-3940-4c25-aab0-d2832eaf517e', 'fd48dbdd-3940-4c25-aab0-d2832eaf517e', 'fd48dbdd-3940-4c25-aab0-d2832eaf517e', 'fd48dbdd-3940-4c25-aab0-d2832eaf517e', 'fd48dbdd-3940-4c25-aab0-d2832eaf517e', 'fd48dbdd-3940-4c25-aab0-d2832eaf517e', '8024fe4a-757a-4c6d-b25f-43c2f99b7461', '58d0914f-18ce-480d-bcde-8e16990d44c6', '9884473c-abca-4365-a52a-df32ea7e32bb', '6da105c7-eeec-4e88-9129-391999f6eb9d', 'cbb1e937-7e4d-4661-942a-9db448d09285', '5b279113-abb7-4d67-8b5f-2ca015c961dc', '70ac8cef-f43f-4050-a495-49c26049e162', 'a769f151-62d8-43c0-8f46-1d34223ceff2', '993a420b-d729-4243-b79b-d1ceb55837b5', '1efc3a1f-67f7-4c76-9545-b5ca44384d59', '07a17940-ade8-4e91-a57b-574282576e22', '3ddf18dd-8458-471f-8f84-8254328fd6fc', '0038877d-0273-4a61-9c20-156b2cc30fd0', '915d9f95-d2e5-4f32-92f5-2587388f80c0', 'f80e4a99-bb47-4c10-8afb-8d494cb4dd11', '69cd1637-c13e-4073-abf7-711142666784', 'b8a07170-02a9-4cc8-b0b6-d2a5462d6f34']"
25f59db7-988e-4819-8389-d110d71df23c,13,"['d23e5ad4-e72e-45a1-aeeb-58f4dbc6c27b', '9436423e-8616-4e11-a049-e55878b000b7', '9436423e-8616-4e11-a049-e55878b000b7', '9436423e-8616-4e11-a049-e55878b000b7', '9436423e-8616-4e11-a049-e55878b000b7', '9436423e-8616-4e11-a049-e55878b000b7', '9436423e-8616-4e11-a049-e55878b000b7', '9436423e-8616-4e11-a049-e55878b000b7', '9436423e-8616-4e11-a049-e55878b000b7', '9436423e-8616-4e11-a049-e55878b000b7', '9436423e-8616-4e11-a049-e55878b000b7', '9436423e-8616-4e11-a049-e55878b000b7', '9436423e-8616-4e11-a049-e55878b000b7', '9436423e-8616-4e11-a049-e55878b000b7', '9436423e-8616-4e11-a049-e55878b000b7', '9436423e-8616-4e11-a049-e55878b000b7', '9436423e-8616-4e11-a049-e55878b000b7', '9436423e-8616-4e11-a049-e55878b000b7', '9436423e-8616-4e11-a049-e55878b000b7', '9436423e-8616-4e11-a049-e55878b000b7', '9436423e-8616-4e11-a049-e55878b000b7', '9436423e-8616-4e11-a049-e55878b000b7', '9436423e-8616-4e11-a049-e55878b000b7', '9436423e-8616-4e11-a049-e55878b000b7', '9436423e-8616-4e11-a049-e55878b000b7', '9436423e-8616-4e11-a049-e55878b000b7', '9436423e-8616-4e11-a049-e55878b000b7', '9436423e-8616-4e11-a049-e55878b000b7', '9436423e-8616-4e11-a049-e55878b000b7', '9436423e-8616-4e11-a049-e55878b000b7', '9436423e-8616-4e11-a049-e55878b000b7', '9436423e-8616-4e11-a049-e55878b000b7', '9436423e-8616-4e11-a049-e55878b000b7', '9436423e-8616-4e11-a049-e55878b000b7', '9436423e-8616-4e11-a049-e55878b000b7', '0053aa15-14e8-455b-a2d3-77056dbf15b7', '1dc7437c-07aa-4d42-83ee-a31e8ac94240', 'dfc9c911-8fc2-422a-bf0f-d766b4f21aba', 'bac7ca38-08cb-4959-8290-a2ef4d5177db', '72c53f65-e3e7-49a9-9c91-2a8d7e6bfc77', 'e7760994-2494-4931-a1b0-1a5325b2d767', 'cdb326a4-dcd2-4d8a-98d4-d05cdf3a9c8e', 'a41297a9-a00b-4fd4-9f6a-00f023b684c1', '3007add7-51c4-474f-8d89-c4ffe58a1b0a', '26766713-1117-4dab-96cf-9f23bef569ef', 'c2ae6b94-d4ed-4f61-a92b-1fdc3e1145c1', '0c8e4f51-2968-4986-ab0d-3ff6b8dc3943', 'a8e56d40-2086-47e4-a63d-a9ad6aec1e94', '616bbe07-558d-435b-ba9c-8480746c6b30', 'b4b04732-a0c6-44fd-af39-ead77f76c0fc']"
139258c1-ef71-4e69-a2c5-f7fde212eddf,3,"['fd48dbdd-3940-4c25-aab0-d2832eaf517e', 'fd48dbdd-3940-4c25-aab0-d2832eaf517e', 'fd48dbdd-3940-4c25-aab0-d2832eaf517e', 'fd48dbdd-3940-4c25-aab0-d2832eaf517e', 'fd48dbdd-3940-4c25-aab0-d2832eaf517e', 'fd48dbdd-3940-4c25-aab0-d2832eaf517e', 'fd48dbdd-3940-4c25-aab0-d2832eaf517e', 'fd48dbdd-3940-4c25-aab0-d2832eaf517e', 'fd48dbdd-3940-4c25-aab0-d2832eaf517e', 'fd48dbdd-3940-4c25-aab0-d2832eaf517e', 'fd48dbdd-3940-4c25-aab0-d2832eaf517e', 'fd48dbdd-3940-4c25-aab0-d2832eaf517e', 'fd48dbdd-3940-4c25-aab0-d2832eaf517e', 'fd48dbdd-3940-4c25-aab0-d2832eaf517e', 'fd48dbdd-3940-4c25-aab0-d2832eaf517e', 'fd48dbdd-3940-4c25-aab0-d2832eaf517e', 'fd48dbdd-3940-4c25-aab0-d2832eaf517e', 'fd48dbdd-3940-4c25-aab0-d2832eaf517e', 'fd48dbdd-3940-4c25-aab0-d2832eaf517e', 'fd48dbdd-3940-4c25-aab0-d2832eaf517e', 'fd48dbdd-3940-4c25-aab0-d2832eaf517e', 'fd48dbdd-3940-4c25-aab0-d2832eaf517e', 'fd48dbdd-3940-4c25-aab0-d2832eaf517e', 'fd48dbdd-3940-4c25-aab0-d2832eaf517e', 'fd48dbdd-3940-4c25-aab0-d2832eaf517e', 'fd48dbdd-3940-4c25-aab0-d2832eaf517e', 'fd48dbdd-3940-4c25-aab0-d2832eaf517e', 'fd48dbdd-3940-4c25-aab0-d2832eaf517e', 'fd48dbdd-3940-4c25-aab0-d2832eaf517e', 'fd48dbdd-3940-4c25-aab0-d2832eaf517e', 'fd48dbdd-3940-4c25-aab0-d2832eaf517e', 'fd48dbdd-3940-4c25-aab0-d2832eaf517e', 'fd48dbdd-3940-4c25-aab0-d2832eaf517e', 'fd48dbdd-3940-4c25-aab0-d2832eaf517e', 'fd48dbdd-3940-4c25-aab0-d2832eaf517e', 'fd48dbdd-3940-4c25-aab0-d2832eaf517e', 'fd48dbdd-3940-4c25-aab0-d2832eaf517e', 'fd48dbdd-3940-4c25-aab0-d2832eaf517e', '9884473c-abca-4365-a52a-df32ea7e32bb', '9884473c-abca-4365-a52a-df32ea7e32bb', '9884473c-abca-4365-a52a-df32ea7e32bb', '9884473c-abca-4365-a52a-df32ea7e32bb', '9884473c-abca-4365-a52a-df32ea7e32bb', '70bb5fd9-b523-4993-8bc3-959ee266a924', 'a37f614d-aeb2-48ae-a8bb-79c9b30fd587', '89d4aef7-c80a-4304-ac36-ddc425fe1274', 'c8234953-603b-46b3-988c-56af199f72e9', '35509c39-9aa6-4e42-bc62-448782f96437', '32066e65-ee1e-4f59-a36c-b7a86ee88cfc', 'b7ac5088-af75-475f-86e3-7964e8a92f77']"
139258c1-ef71-4e69-a2c5-f7fde212eddf,4,"['fd48dbdd-3940-4c25-aab0-d2832eaf517e', 'fd48dbdd-3940-4c25-aab0-d2832eaf517e', 'fd48dbdd-3940-4c25-aab0-d2832eaf517e', 'fd48dbdd-3940-4c25-aab0-d2832eaf517e', 'fd48dbdd-3940-4c25-aab0-d2832eaf517e', 'fd48dbdd-3940-4c25-aab0-d2832eaf517e', 'fd48dbdd-3940-4c25-aab0-d2832eaf517e', 'fd48dbdd-3940-4c25-aab0-d2832eaf517e', 'fd48dbdd-3940-4c25-aab0-d2832eaf517e', 'fd48dbdd-3940-4c25-aab0-d2832eaf517e', 'fd48dbdd-3940-4c25-aab0-d2832eaf517e', 'fd48dbdd-3940-4c25-aab0-d2832eaf517e', 'fd48dbdd-3940-4c25-aab0-d2832eaf517e', 'fd48dbdd-3940-4c25-aab0-d2832eaf517e', 'fd48dbdd-3940-4c25-aab0-d2832eaf517e', 'fd48dbdd-3940-4c25-aab0-d2832eaf517e', 'fd48dbdd-3940-4c25-aab0-d2832eaf517e', 'fd48dbdd-3940-4c25-aab0-d2832eaf517e', 'fd48dbdd-3940-4c25-aab0-d2832eaf517e', 'fd48dbdd-3940-4c25-aab0-d2832eaf517e', 'fd48dbdd-3940-4c25-aab0-d2832eaf517e', '9884473c-abca-4365-a52a-df32ea7e32bb', '9884473c-abca-4365-a52a-df32ea7e32bb', '9884473c-abca-4365-a52a-df32ea7e32bb', '9884473c-abca-4365-a52a-df32ea7e32bb', '9884473c-abca-4365-a52a-df32ea7e32bb', '9884473c-abca-4365-a52a-df32ea7e32bb', '9884473c-abca-4365-a52a-df32ea7e32bb', '9884473c-abca-4365-a52a-df32ea7e32bb', '9884473c-abca-4365-a52a-df32ea7e32bb', '9884473c-abca-4365-a52a-df32ea7e32bb', '9884473c-abca-4365-a52a-df32ea7e32bb', '9884473c-abca-4365-a52a-df32ea7e32bb', '9884473c-abca-4365-a52a-df32ea7e32bb', '9884473c-abca-4365-a52a-df32ea7e32bb', '9884473c-abca-4365-a52a-df32ea7e32bb', '9884473c-abca-4365-a52a-df32ea7e32bb', '9884473c-abca-4365-a52a-df32ea7e32bb', '9884473c-abca-4365-a52a-df32ea7e32bb', '9884473c-abca-4365-a52a-df32ea7e32bb', 'c8234953-603b-46b3-988c-56af199f72e9', '35509c39-9aa6-4e42-bc62-448782f96437', '72dfbce2-1460-45c2-8f6a-d3bdfc99ad82', 'e8c5e5af-dd3e-4509-9c9d-c8ae24c195b1', '98e9af31-f3e8-43eb-8e82-772134c52659', '2207a70d-b9ce-453f-8370-9ee98afa023c', 'd521c43a-f4cf-4823-8d98-c2efc4492eb8', '174bda2a-73ea-42d1-8b32-678ca98513ad', '218d87bf-0703-41db-8ed4-f0e04ecf2940', '81936633-7560-41d9-a45e-5fb7b3dd2ac3']"
25f59db7-988e-4819-8389-d110d71df23c,14,"['9436423e-8616-4e11-a049-e55878b000b7', '9436423e-8616-4e11-a049-e55878b000b7', '9436423e-8616-4e11-a049-e55878b000b7', '9436423e-8616-4e11-a049-e55878b000b7', '9436423e-8616-4e11-a049-e55878b000b7', '9436423e-8616-4e11-a049-e55878b000b7', '9436423e-8616-4e11-a049-e55878b000b7', '9436423e-8616-4e11-a049-e55878b000b7', '9436423e-8616-4e11-a049-e55878b000b7', '3007add7-51c4-474f-8d89-c4ffe58a1b0a', '3007add7-51c4-474f-8d89-c4ffe58a1b0a', '3007add7-51c4-474f-8d89-c4ffe58a1b0a', '3007add7-51c4-474f-8d89-c4ffe58a1b0a', '3007add7-51c4-474f-8d89-c4ffe58a1b0a', '3007add7-51c4-474f-8d89-c4ffe58a1b0a', '3007add7-51c4-474f-8d89-c4ffe58a1b0a', '3007add7-51c4-474f-8d89-c4ffe58a1b0a', '3007add7-51c4-474f-8d89-c4ffe58a1b0a', '3007add7-51c4-474f-8d89-c4ffe58a1b0a', '3007add7-51c4-474f-8d89-c4ffe58a1b0a', '3007add7-51c4-474f-8d89-c4ffe58a1b0a', '3007add7-51c4-474f-8d89-c4ffe58a1b0a', '3007add7-51c4-474f-8d89-c4ffe58a1b0a', '3007add7-51c4-474f-8d89-c4ffe58a1b0a', '3007add7-51c4-474f-8d89-c4ffe58a1b0a', '3007add7-51c4-474f-8d89-c4ffe58a1b0a', '3007add7-51c4-474f-8d89-c4ffe58a1b0a', '3007add7-51c4-474f-8d89-c4ffe58a1b0a', '3007add7-51c4-474f-8d89-c4ffe58a1b0a', '3007add7-51c4-474f-8d89-c4ffe58a1b0a', '3007add7-51c4-474f-8d89-c4ffe58a1b0a', '3007add7-51c4-474f-8d89-c4ffe58a1b0a', '3007add7-51c4-474f-8d89-c4ffe58a1b0a', '3007add7-51c4-474f-8d89-c4ffe58a1b0a', '3007add7-51c4-474f-8d89-c4ffe58a1b0a', '3007add7-51c4-474f-8d89-c4ffe58a1b0a', '5a89e7a2-1ad5-4783-a9a1-016402d80bab', 'b5f8922b-dbd8-4736-b920-cf06d9c1b3ea', '450690b7-afb1-4b47-96b7-ef4f313ca340', '0bd60a0f-7bb7-4a72-a433-61a197f35d06', 'e4c950f9-50b6-449b-b963-1b977215a970', '23aec670-6f73-4df0-8de4-9be3998f4e9a', 'ac27034d-894b-4888-9e65-19c229bfac62', '8602595d-61cf-4913-b0f5-d0255cbcda45', '5ff2186a-a738-4ea8-b581-2f1d339dec5e', 'a8e3c02e-4d0c-48fa-a096-23ee63ccda8e', 'db1c69c2-f4b5-42d8-ac60-3292265e2892', 'cf118ecd-8d86-4a8e-9f4e-90763f8ef358', '23cf3a41-b7f3-4d93-9007-4613207f31fb', '8579f0bc-ee23-4133-ab5a-045b2770581e']"
139258c1-ef71-4e69-a2c5-f7fde212eddf,5,"['fd48dbdd-3940-4c25-aab0-d2832eaf517e', 'fd48dbdd-3940-4c25-aab0-d2832eaf517e', 'fd48dbdd-3940-4c25-aab0-d2832eaf517e', 'fd48dbdd-3940-4c25-aab0-d2832eaf517e', 'fd48dbdd-3940-4c25-aab0-d2832eaf517e', 'fd48dbdd-3940-4c25-aab0-d2832eaf517e', 'fd48dbdd-3940-4c25-aab0-d2832eaf517e', 'fd48dbdd-3940-4c25-aab0-d2832eaf517e', 'fd48dbdd-3940-4c25-aab0-d2832eaf517e', 'fd48dbdd-3940-4c25-aab0-d2832eaf517e', 'fd48dbdd-3940-4c25-aab0-d2832eaf517e', 'fd48dbdd-3940-4c25-aab0-d2832eaf517e', 'fd48dbdd-3940-4c25-aab0-d2832eaf517e', 'fd48dbdd-3940-4c25-aab0-d2832eaf517e', 'fd48dbdd-3940-4c25-aab0-d2832eaf517e', 'fd48dbdd-3940-4c25-aab0-d2832eaf517e', 'fd48dbdd-3940-4c25-aab0-d2832eaf517e', 'fd48dbdd-3940-4c25-aab0-d2832eaf517e', 'fd48dbdd-3940-4c25-aab0-d2832eaf517e', '9884473c-abca-4365-a52a-df32ea7e32bb', '9884473c-abca-4365-a52a-df32ea7e32bb', '9884473c-abca-4365-a52a-df32ea7e32bb', '9884473c-abca-4365-a52a-df32ea7e32bb', '9884473c-abca-4365-a52a-df32ea7e32bb', '9884473c-abca-4365-a52a-df32ea7e32bb', '9884473c-abca-4365-a52a-df32ea7e32bb', '9884473c-abca-4365-a52a-df32ea7e32bb', '9884473c-abca-4365-a52a-df32ea7e32bb', '9884473c-abca-4365-a52a-df32ea7e32bb', '9884473c-abca-4365-a52a-df32ea7e32bb', '9884473c-abca-4365-a52a-df32ea7e32bb', '9884473c-abca-4365-a52a-df32ea7e32bb', '9884473c-abca-4365-a52a-df32ea7e32bb', '9884473c-abca-4365-a52a-df32ea7e32bb', '9884473c-abca-4365-a52a-df32ea7e32bb', 'c8234953-603b-46b3-988c-56af199f72e9', '35509c39-9aa6-4e42-bc62-448782f96437', 'e8c5e5af-dd3e-4509-9c9d-c8ae24c195b1', '98e9af31-f3e8-43eb-8e82-772134c52659', '2207a70d-b9ce-453f-8370-9ee98afa023c', 'd521c43a-f4cf-4823-8d98-c2efc4492eb8', '174bda2a-73ea-42d1-8b32-678ca98513ad', '218d87bf-0703-41db-8ed4-f0e04ecf2940', '81936633-7560-41d9-a45e-5fb7b3dd2ac3', 'f6b37d3f-cfc1-49b0-9d50-2dc8a66c9ebe', 'edd4b567-1410-46a3-832e-5d63f8c5b46b', 'e75a03f0-de88-4d91-bfe9-c6e8481359a5', '056535b8-33c0-4cbb-9be1-5e1c47e1d6ce', '7122eed3-fe18-4723-830d-220b598456c4', '8562e989-e091-4232-bafe-c3d1a0afb2ad']"
25f59db7-988e-4819-8389-d110d71df23c,15,"['9436423e-8616-4e11-a049-e55878b000b7', '9436423e-8616-4e11-a049-e55878b000b7', '9436423e-8616-4e11-a049-e55878b000b7', '9436423e-8616-4e11-a049-e55878b000b7', '9436423e-8616-4e11-a049-e55878b000b7', '9436423e-8616-4e11-a049-e55878b000b7', '9436423e-8616-4e11-a049-e55878b000b7', '9436423e-8616-4e11-a049-e55878b000b7', '3007add7-51c4-474f-8d89-c4ffe58a1b0a', '3007add7-51c4-474f-8d89-c4ffe58a1b0a', '3007add7-51c4-474f-8d89-c4ffe58a1b0a', '3007add7-51c4-474f-8d89-c4ffe58a1b0a', '3007add7-51c4-474f-8d89-c4ffe58a1b0a', '3007add7-51c4-474f-8d89-c4ffe58a1b0a', '3007add7-51c4-474f-8d89-c4ffe58a1b0a', '3007add7-51c4-474f-8d89-c4ffe58a1b0a', '3007add7-51c4-474f-8d89-c4ffe58a1b0a', '3007add7-51c4-474f-8d89-c4ffe58a1b0a', '3007add7-51c4-474f-8d89-c4ffe58a1b0a', '3007add7-51c4-474f-8d89-c4ffe58a1b0a', '3007add7-51c4-474f-8d89-c4ffe58a1b0a', '3007add7-51c4-474f-8d89-c4ffe58a1b0a', '3007add7-51c4-474f-8d89-c4ffe58a1b0a', '3007add7-51c4-474f-8d89-c4ffe58a1b0a', '3007add7-51c4-474f-8d89-c4ffe58a1b0a', '3007add7-51c4-474f-8d89-c4ffe58a1b0a', '3007add7-51c4-474f-8d89-c4ffe58a1b0a', '3007add7-51c4-474f-8d89-c4ffe58a1b0a', '5a89e7a2-1ad5-4783-a9a1-016402d80bab', 'b5f8922b-dbd8-4736-b920-cf06d9c1b3ea', '0bd60a0f-7bb7-4a72-a433-61a197f35d06', 'e4c950f9-50b6-449b-b963-1b977215a970', 'ac27034d-894b-4888-9e65-19c229bfac62', '8602595d-61cf-4913-b0f5-d0255cbcda45', '5ff2186a-a738-4ea8-b581-2f1d339dec5e', 'a8e3c02e-4d0c-48fa-a096-23ee63ccda8e', 'db1c69c2-f4b5-42d8-ac60-3292265e2892', 'cf118ecd-8d86-4a8e-9f4e-90763f8ef358', '23cf3a41-b7f3-4d93-9007-4613207f31fb', '8579f0bc-ee23-4133-ab5a-045b2770581e', '34668010-9f78-4e39-9798-bd77c3aa1685', '573252ae-d46f-4c99-a2b9-05f53f4ec593', '6f1d7438-31d0-472c-8ece-6440aaab4ac6', 'b379616f-5db6-434d-83ac-08cf97957ca1', '255fd6d6-67b8-46d2-ac97-e769be1d7311', '8de38ba0-aac3-4665-ac50-35f6ab008a35', 'cfc6afbe-8cf0-40fa-ac97-3afa72829a30', '6c84811f-1cc2-4d65-8af3-a1fde97a5d43', '465fddc4-b1af-414d-b65e-75d5371928cf', '2ad5afce-d7f3-4a1d-a794-7d0b16d2f15c']"
139258c1-ef71-4e69-a2c5-f7fde212eddf,6,"['fd48dbdd-3940-4c25-aab0-d2832eaf517e', 'fd48dbdd-3940-4c25-aab0-d2832eaf517e', 'fd48dbdd-3940-4c25-aab0-d2832eaf517e', 'fd48dbdd-3940-4c25-aab0-d2832eaf517e', 'fd48dbdd-3940-4c25-aab0-d2832eaf517e', 'fd48dbdd-3940-4c25-aab0-d2832eaf517e', 'fd48dbdd-3940-4c25-aab0-d2832eaf517e', 'fd48dbdd-3940-4c25-aab0-d2832eaf517e', 'fd48dbdd-3940-4c25-aab0-d2832eaf517e', '9884473c-abca-4365-a52a-df32ea7e32bb', '9884473c-abca-4365-a52a-df32ea7e32bb', '9884473c-abca-4365-a52a-df32ea7e32bb', '9884473c-abca-4365-a52a-df32ea7e32bb', '9884473c-abca-4365-a52a-df32ea7e32bb', '9884473c-abca-4365-a52a-df32ea7e32bb', '9884473c-abca-4365-a52a-df32ea7e32bb', '9884473c-abca-4365-a52a-df32ea7e32bb', '9884473c-abca-4365-a52a-df32ea7e32bb', '9884473c-abca-4365-a52a-df32ea7e32bb', '9884473c-abca-4365-a52a-df32ea7e32bb', '9884473c-abca-4365-a52a-df32ea7e32bb', '9884473c-abca-4365-a52a-df32ea7e32bb', '9884473c-abca-4365-a52a-df32ea7e32bb', '9884473c-abca-4365-a52a-df32ea7e32bb', '9884473c-abca-4365-a52a-df32ea7e32bb', '9884473c-abca-4365-a52a-df32ea7e32bb', '9884473c-abca-4365-a52a-df32ea7e32bb', '9884473c-abca-4365-a52a-df32ea7e32bb', '9884473c-abca-4365-a52a-df32ea7e32bb', '9884473c-abca-4365-a52a-df32ea7e32bb', '9884473c-abca-4365-a52a-df32ea7e32bb', '9884473c-abca-4365-a52a-df32ea7e32bb', '9884473c-abca-4365-a52a-df32ea7e32bb', '9884473c-abca-4365-a52a-df32ea7e32bb', '9884473c-abca-4365-a52a-df32ea7e32bb', '9884473c-abca-4365-a52a-df32ea7e32bb', '9884473c-abca-4365-a52a-df32ea7e32bb', 'f7e9fe1e-4965-4b18-97e0-eab65540c844', '1fd6fc48-37c6-447e-a83b-719e6f042859', 'd1e50b26-236f-45f7-af16-d9745e7aac9d', '5bbc6460-b7f9-4f60-9469-1c0db71d6541', '56f58b10-a55d-4090-909b-dd5600e8b1d1', '7805c722-36c7-4bdb-b324-5b137d331391', '87ba9f21-55bf-4169-9172-2a09dc5e46f0', 'c178c70e-abc2-40d5-9e3d-53a3ba75f97c', 'fb6c5c2f-aa8a-4ad7-9737-f5f5dbc71fda', '12ab53a4-7ac3-4d6d-8e46-2e1c3d29fc7d', '018d10f9-3c0a-4238-9444-ebe5ff6108f8', 'ef165120-ce02-4515-8996-c4c3b39dfe77', 'ae42ab94-2b3d-4e3b-a63d-4889c43595b5']"
139258c1-ef71-4e69-a2c5-f7fde212eddf,7,"['fd48dbdd-3940-4c25-aab0-d2832eaf517e', 'fd48dbdd-3940-4c25-aab0-d2832eaf517e', 'fd48dbdd-3940-4c25-aab0-d2832eaf517e', 'fd48dbdd-3940-4c25-aab0-d2832eaf517e', 'fd48dbdd-3940-4c25-aab0-d2832eaf517e', 'fd48dbdd-3940-4c25-aab0-d2832eaf517e', 'fd48dbdd-3940-4c25-aab0-d2832eaf517e', 'fd48dbdd-3940-4c25-aab0-d2832eaf517e', '9884473c-abca-4365-a52a-df32ea7e32bb', '9884473c-abca-4365-a52a-df32ea7e32bb', '9884473c-abca-4365-a52a-df32ea7e32bb', '9884473c-abca-4365-a52a-df32ea7e32bb', '9884473c-abca-4365-a52a-df32ea7e32bb', '9884473c-abca-4365-a52a-df32ea7e32bb', '9884473c-abca-4365-a52a-df32ea7e32bb', '9884473c-abca-4365-a52a-df32ea7e32bb', '9884473c-abca-4365-a52a-df32ea7e32bb', '9884473c-abca-4365-a52a-df32ea7e32bb', '9884473c-abca-4365-a52a-df32ea7e32bb', '9884473c-abca-4365-a52a-df32ea7e32bb', '9884473c-abca-4365-a52a-df32ea7e32bb', '9884473c-abca-4365-a52a-df32ea7e32bb', '9884473c-abca-4365-a52a-df32ea7e32bb', '9884473c-abca-4365-a52a-df32ea7e32bb', '9884473c-abca-4365-a52a-df32ea7e32bb', '9884473c-abca-4365-a52a-df32ea7e32bb', '9884473c-abca-4365-a52a-df32ea7e32bb', '9884473c-abca-4365-a52a-df32ea7e32bb', '9884473c-abca-4365-a52a-df32ea7e32bb', '9884473c-abca-4365-a52a-df32ea7e32bb', 'f7e9fe1e-4965-4b18-97e0-eab65540c844', '1fd6fc48-37c6-447e-a83b-719e6f042859', 'd1e50b26-236f-45f7-af16-d9745e7aac9d', '5bbc6460-b7f9-4f60-9469-1c0db71d6541', '56f58b10-a55d-4090-909b-dd5600e8b1d1', '7805c722-36c7-4bdb-b324-5b137d331391', '87ba9f21-55bf-4169-9172-2a09dc5e46f0', 'c178c70e-abc2-40d5-9e3d-53a3ba75f97c', 'fb6c5c2f-aa8a-4ad7-9737-f5f5dbc71fda', '12ab53a4-7ac3-4d6d-8e46-2e1c3d29fc7d', 'ef165120-ce02-4515-8996-c4c3b39dfe77', 'ae42ab94-2b3d-4e3b-a63d-4889c43595b5', '1f764aa8-ff25-446e-bf2f-036b229abe3b', '27b5f67a-56c9-4e30-90cb-6d84510949b8', '06e1372c-69b8-421c-a2f7-695c08294fcf', '97a900f7-faf3-4624-b668-27dd43fadb89', 'f48ef85e-7b07-4293-b7a7-c6c80e8b962b', '02e9bb24-211d-4b05-99ee-5d9d3d4aed92', '66a102a1-70dc-4759-9a60-be4daccb1ad7', '263424ac-57e3-434a-9651-345f76ade67c']"
139258c1-ef71-4e69-a2c5-f7fde212eddf,8,"['27b5f67a-56c9-4e30-90cb-6d84510949b8', '97a900f7-faf3-4624-b668-27dd43fadb89', '97a900f7-faf3-4624-b668-27dd43fadb89', '97a900f7-faf3-4624-b668-27dd43fadb89', '97a900f7-faf3-4624-b668-27dd43fadb89', '97a900f7-faf3-4624-b668-27dd43fadb89', '97a900f7-faf3-4624-b668-27dd43fadb89', '97a900f7-faf3-4624-b668-27dd43fadb89', '97a900f7-faf3-4624-b668-27dd43fadb89', '97a900f7-faf3-4624-b668-27dd43fadb89', '97a900f7-faf3-4624-b668-27dd43fadb89', '97a900f7-faf3-4624-b668-27dd43fadb89', '97a900f7-faf3-4624-b668-27dd43fadb89', '97a900f7-faf3-4624-b668-27dd43fadb89', '97a900f7-faf3-4624-b668-27dd43fadb89', '97a900f7-faf3-4624-b668-27dd43fadb89', '97a900f7-faf3-4624-b668-27dd43fadb89', '97a900f7-faf3-4624-b668-27dd43fadb89', '97a900f7-faf3-4624-b668-27dd43fadb89', '97a900f7-faf3-4624-b668-27dd43fadb89', '97a900f7-faf3-4624-b668-27dd43fadb89', '97a900f7-faf3-4624-b668-27dd43fadb89', '97a900f7-faf3-4624-b668-27dd43fadb89', '97a900f7-faf3-4624-b668-27dd43fadb89', '97a900f7-faf3-4624-b668-27dd43fadb89', '97a900f7-faf3-4624-b668-27dd43fadb89', '97a900f7-faf3-4624-b668-27dd43fadb89', '97a900f7-faf3-4624-b668-27dd43fadb89', '97a900f7-faf3-4624-b668-27dd43fadb89', '97a900f7-faf3-4624-b668-27dd43fadb89', '97a900f7-faf3-4624-b668-27dd43fadb89', '97a900f7-faf3-4624-b668-27dd43fadb89', '97a900f7-faf3-4624-b668-27dd43fadb89', '97a900f7-faf3-4624-b668-27dd43fadb89', '97a900f7-faf3-4624-b668-27dd43fadb89', '97a900f7-faf3-4624-b668-27dd43fadb89', '97a900f7-faf3-4624-b668-27dd43fadb89', '97a900f7-faf3-4624-b668-27dd43fadb89', '97a900f7-faf3-4624-b668-27dd43fadb89', '97a900f7-faf3-4624-b668-27dd43fadb89', '97a900f7-faf3-4624-b668-27dd43fadb89', '97a900f7-faf3-4624-b668-27dd43fadb89', '97a900f7-faf3-4624-b668-27dd43fadb89', '97a900f7-faf3-4624-b668-27dd43fadb89', '97a900f7-faf3-4624-b668-27dd43fadb89', 'aa395cda-14cb-4c5d-90f4-c97e7a97d16f', 'cd04855a-e0d7-498a-9431-4824b2eb7136', '845dd557-cdec-4beb-a26c-41389d20ab36', 'e3383749-0702-4443-898d-24c724b4945b', 'a65acc0d-e6f4-4dea-94a0-af60651e28bc']"
45ddfa05-6213-41ef-91f7-8d5fbc0b75d8,0,"['40149a38-3638-4c9a-abc4-3eebcd6fda82', '40149a38-3638-4c9a-abc4-3eebcd6fda82', '40149a38-3638-4c9a-abc4-3eebcd6fda82', '40149a38-3638-4c9a-abc4-3eebcd6fda82', '40149a38-3638-4c9a-abc4-3eebcd6fda82', '40149a38-3638-4c9a-abc4-3eebcd6fda82', '40149a38-3638-4c9a-abc4-3eebcd6fda82', '40149a38-3638-4c9a-abc4-3eebcd6fda82', '40149a38-3638-4c9a-abc4-3eebcd6fda82', '40149a38-3638-4c9a-abc4-3eebcd6fda82', '40149a38-3638-4c9a-abc4-3eebcd6fda82', '40149a38-3638-4c9a-abc4-3eebcd6fda82', '40149a38-3638-4c9a-abc4-3eebcd6fda82', '40149a38-3638-4c9a-abc4-3eebcd6fda82', '40149a38-3638-4c9a-abc4-3eebcd6fda82', '40149a38-3638-4c9a-abc4-3eebcd6fda82', '40149a38-3638-4c9a-abc4-3eebcd6fda82', '40149a38-3638-4c9a-abc4-3eebcd6fda82', '40149a38-3638-4c9a-abc4-3eebcd6fda82', '40149a38-3638-4c9a-abc4-3eebcd6fda82', '40149a38-3638-4c9a-abc4-3eebcd6fda82', '40149a38-3638-4c9a-abc4-3eebcd6fda82', '40149a38-3638-4c9a-abc4-3eebcd6fda82', '40149a38-3638-4c9a-abc4-3eebcd6fda82', '40149a38-3638-4c9a-abc4-3eebcd6fda82', '40149a38-3638-4c9a-abc4-3eebcd6fda82', '40149a38-3638-4c9a-abc4-3eebcd6fda82', '40149a38-3638-4c9a-abc4-3eebcd6fda82', '40149a38-3638-4c9a-abc4-3eebcd6fda82', '40149a38-3638-4c9a-abc4-3eebcd6fda82', '40149a38-3638-4c9a-abc4-3eebcd6fda82', '40149a38-3638-4c9a-abc4-3eebcd6fda82', '40149a38-3638-4c9a-abc4-3eebcd6fda82', '40149a38-3638-4c9a-abc4-3eebcd6fda82', '40149a38-3638-4c9a-abc4-3eebcd6fda82', '40149a38-3638-4c9a-abc4-3eebcd6fda82', '40149a38-3638-4c9a-abc4-3eebcd6fda82', '40149a38-3638-4c9a-abc4-3eebcd6fda82', '40149a38-3638-4c9a-abc4-3eebcd6fda82', '40149a38-3638-4c9a-abc4-3eebcd6fda82', '40149a38-3638-4c9a-abc4-3eebcd6fda82', '40149a38-3638-4c9a-abc4-3eebcd6fda82', '40149a38-3638-4c9a-abc4-3eebcd6fda82', '40149a38-3638-4c9a-abc4-3eebcd6fda82', '40149a38-3638-4c9a-abc4-3eebcd6fda82', '40149a38-3638-4c9a-abc4-3eebcd6fda82', '40149a38-3638-4c9a-abc4-3eebcd6fda82', '40149a38-3638-4c9a-abc4-3eebcd6fda82', '40149a38-3638-4c9a-abc4-3eebcd6fda82', '40149a38-3638-4c9a-abc4-3eebcd6fda82']"
139258c1-ef71-4e69-a2c5-f7fde212eddf,9,"['27b5f67a-56c9-4e30-90cb-6d84510949b8', '97a900f7-faf3-4624-b668-27dd43fadb89', '97a900f7-faf3-4624-b668-27dd43fadb89', '97a900f7-faf3-4624-b668-27dd43fadb89', '97a900f7-faf3-4624-b668-27dd43fadb89', '97a900f7-faf3-4624-b668-27dd43fadb89', '97a900f7-faf3-4624-b668-27dd43fadb89', '97a900f7-faf3-4624-b668-27dd43fadb89', '97a900f7-faf3-4624-b668-27dd43fadb89', '97a900f7-faf3-4624-b668-27dd43fadb89', '97a900f7-faf3-4624-b668-27dd43fadb89', '97a900f7-faf3-4624-b668-27dd43fadb89', '97a900f7-faf3-4624-b668-27dd43fadb89', '97a900f7-faf3-4624-b668-27dd43fadb89', '97a900f7-faf3-4624-b668-27dd43fadb89', '97a900f7-faf3-4624-b668-27dd43fadb89', '97a900f7-faf3-4624-b668-27dd43fadb89', '97a900f7-faf3-4624-b668-27dd43fadb89', '97a900f7-faf3-4624-b668-27dd43fadb89', '97a900f7-faf3-4624-b668-27dd43fadb89', '97a900f7-faf3-4624-b668-27dd43fadb89', '97a900f7-faf3-4624-b668-27dd43fadb89', '97a900f7-faf3-4624-b668-27dd43fadb89', '97a900f7-faf3-4624-b668-27dd43fadb89', '97a900f7-faf3-4624-b668-27dd43fadb89', '97a900f7-faf3-4624-b668-27dd43fadb89', '97a900f7-faf3-4624-b668-27dd43fadb89', '97a900f7-faf3-4624-b668-27dd43fadb89', '97a900f7-faf3-4624-b668-27dd43fadb89', '97a900f7-faf3-4624-b668-27dd43fadb89', '97a900f7-faf3-4624-b668-27dd43fadb89', '97a900f7-faf3-4624-b668-27dd43fadb89', '97a900f7-faf3-4624-b668-27dd43fadb89', '97a900f7-faf3-4624-b668-27dd43fadb89', '97a900f7-faf3-4624-b668-27dd43fadb89', '97a900f7-faf3-4624-b668-27dd43fadb89', '97a900f7-faf3-4624-b668-27dd43fadb89', '97a900f7-faf3-4624-b668-27dd43fadb89', '97a900f7-faf3-4624-b668-27dd43fadb89', 'aa395cda-14cb-4c5d-90f4-c97e7a97d16f', 'cd04855a-e0d7-498a-9431-4824b2eb7136', '845dd557-cdec-4beb-a26c-41389d20ab36', 'e3383749-0702-4443-898d-24c724b4945b', 'a65acc0d-e6f4-4dea-94a0-af60651e28bc', '9581556f-9c78-4903-b641-5a004bbce473', '3f608240-7dd1-4b51-99cb-49eb4c087925', 'cbd47d92-5694-437e-94fd-4b244a5f787e', 'adf7511e-8a13-4034-9786-a6be0b467f0b', '7399f6cb-f5a6-4a41-bbf9-5c6f38d55ce1', 'f6702a3f-2354-4462-9bf8-81a259df2f24']"
45ddfa05-6213-41ef-91f7-8d5fbc0b75d8,1,"['40149a38-3638-4c9a-abc4-3eebcd6fda82', '40149a38-3638-4c9a-abc4-3eebcd6fda82', '40149a38-3638-4c9a-abc4-3eebcd6fda82', '40149a38-3638-4c9a-abc4-3eebcd6fda82', '40149a38-3638-4c9a-abc4-3eebcd6fda82', '40149a38-3638-4c9a-abc4-3eebcd6fda82', '40149a38-3638-4c9a-abc4-3eebcd6fda82', '40149a38-3638-4c9a-abc4-3eebcd6fda82', '40149a38-3638-4c9a-abc4-3eebcd6fda82', '40149a38-3638-4c9a-abc4-3eebcd6fda82', '40149a38-3638-4c9a-abc4-3eebcd6fda82', '40149a38-3638-4c9a-abc4-3eebcd6fda82', '40149a38-3638-4c9a-abc4-3eebcd6fda82', '40149a38-3638-4c9a-abc4-3eebcd6fda82', '40149a38-3638-4c9a-abc4-3eebcd6fda82', '40149a38-3638-4c9a-abc4-3eebcd6fda82', '40149a38-3638-4c9a-abc4-3eebcd6fda82', '40149a38-3638-4c9a-abc4-3eebcd6fda82', '40149a38-3638-4c9a-abc4-3eebcd6fda82', '40149a38-3638-4c9a-abc4-3eebcd6fda82', '40149a38-3638-4c9a-abc4-3eebcd6fda82', '40149a38-3638-4c9a-abc4-3eebcd6fda82', '40149a38-3638-4c9a-abc4-3eebcd6fda82', '40149a38-3638-4c9a-abc4-3eebcd6fda82', '40149a38-3638-4c9a-abc4-3eebcd6fda82', '40149a38-3638-4c9a-abc4-3eebcd6fda82', '40149a38-3638-4c9a-abc4-3eebcd6fda82', '40149a38-3638-4c9a-abc4-3eebcd6fda82', '40149a38-3638-4c9a-abc4-3eebcd6fda82', '40149a38-3638-4c9a-abc4-3eebcd6fda82', '40149a38-3638-4c9a-abc4-3eebcd6fda82', '40149a38-3638-4c9a-abc4-3eebcd6fda82', '40149a38-3638-4c9a-abc4-3eebcd6fda82', '40149a38-3638-4c9a-abc4-3eebcd6fda82', '40149a38-3638-4c9a-abc4-3eebcd6fda82', '40149a38-3638-4c9a-abc4-3eebcd6fda82', '40149a38-3638-4c9a-abc4-3eebcd6fda82', '40149a38-3638-4c9a-abc4-3eebcd6fda82', '40149a38-3638-4c9a-abc4-3eebcd6fda82', '40149a38-3638-4c9a-abc4-3eebcd6fda82', 'acf92b19-6975-411c-875e-d4998fbb514a', 'ed1f9851-7212-4bf4-9d62-9e0daa3f4c31', '4b618be7-bbdb-4977-a1cc-56adb6a63816', 'c0d3da0e-e280-4cf2-9778-14cb11c57082', '78d2e6b1-7e4e-492b-81a1-583878a072f7', '04d49e04-ab56-4ff0-8501-f45e60a27781', 'f46f4f81-4981-4e4c-b9a1-5b8beec09d5a', '2492e1aa-d30f-4b12-8ca6-79407b29f463', '114104d6-beb0-494c-8eeb-221659e639ab', 'a18675e6-74ad-4a4e-a000-20ea9de33939']"
45ddfa05-6213-41ef-91f7-8d5fbc0b75d8,2,"['40149a38-3638-4c9a-abc4-3eebcd6fda82', '40149a38-3638-4c9a-abc4-3eebcd6fda82', '40149a38-3638-4c9a-abc4-3eebcd6fda82', '40149a38-3638-4c9a-abc4-3eebcd6fda82', '40149a38-3638-4c9a-abc4-3eebcd6fda82', '40149a38-3638-4c9a-abc4-3eebcd6fda82', '40149a38-3638-4c9a-abc4-3eebcd6fda82', '40149a38-3638-4c9a-abc4-3eebcd6fda82', '40149a38-3638-4c9a-abc4-3eebcd6fda82', '40149a38-3638-4c9a-abc4-3eebcd6fda82', '40149a38-3638-4c9a-abc4-3eebcd6fda82', '40149a38-3638-4c9a-abc4-3eebcd6fda82', '40149a38-3638-4c9a-abc4-3eebcd6fda82', '40149a38-3638-4c9a-abc4-3eebcd6fda82', '40149a38-3638-4c9a-abc4-3eebcd6fda82', '40149a38-3638-4c9a-abc4-3eebcd6fda82', '40149a38-3638-4c9a-abc4-3eebcd6fda82', '40149a38-3638-4c9a-abc4-3eebcd6fda82', '40149a38-3638-4c9a-abc4-3eebcd6fda82', '40149a38-3638-4c9a-abc4-3eebcd6fda82', '40149a38-3638-4c9a-abc4-3eebcd6fda82', '40149a38-3638-4c9a-abc4-3eebcd6fda82', '40149a38-3638-4c9a-abc4-3eebcd6fda82', '40149a38-3638-4c9a-abc4-3eebcd6fda82', '40149a38-3638-4c9a-abc4-3eebcd6fda82', '40149a38-3638-4c9a-abc4-3eebcd6fda82', '40149a38-3638-4c9a-abc4-3eebcd6fda82', '40149a38-3638-4c9a-abc4-3eebcd6fda82', '40149a38-3638-4c9a-abc4-3eebcd6fda82', '40149a38-3638-4c9a-abc4-3eebcd6fda82', '40149a38-3638-4c9a-abc4-3eebcd6fda82', '40149a38-3638-4c9a-abc4-3eebcd6fda82', '40149a38-3638-4c9a-abc4-3eebcd6fda82', '40149a38-3638-4c9a-abc4-3eebcd6fda82', 'acf92b19-6975-411c-875e-d4998fbb514a', 'ed1f9851-7212-4bf4-9d62-9e0daa3f4c31', 'c0d3da0e-e280-4cf2-9778-14cb11c57082', '78d2e6b1-7e4e-492b-81a1-583878a072f7', '04d49e04-ab56-4ff0-8501-f45e60a27781', 'f46f4f81-4981-4e4c-b9a1-5b8beec09d5a', '2492e1aa-d30f-4b12-8ca6-79407b29f463', '114104d6-beb0-494c-8eeb-221659e639ab', 'a8e23afd-4776-4bc5-9eba-62975261bfbb', '12fbbf2f-2945-44dd-b321-d2000905d3d3', '4bb924d3-d365-420a-afe6-a00ea5fd2dbd', '040b9b18-845c-4ad2-bf16-cc567b292d48', '561e22aa-519c-4dab-9ea7-9ef001ad7ba8', '93bc1800-7a74-40f1-9fc6-7d7f14650fd1', '0b302b62-25a8-45ca-986e-011ea803d6b9', '177503e5-9d01-40f4-8ca5-27a63f1714dd']"
139258c1-ef71-4e69-a2c5-f7fde212eddf,10,"['97a900f7-faf3-4624-b668-27dd43fadb89', '97a900f7-faf3-4624-b668-27dd43fadb89', '97a900f7-faf3-4624-b668-27dd43fadb89', '97a900f7-faf3-4624-b668-27dd43fadb89', '97a900f7-faf3-4624-b668-27dd43fadb89', 'adf7511e-8a13-4034-9786-a6be0b467f0b', 'adf7511e-8a13-4034-9786-a6be0b467f0b', 'adf7511e-8a13-4034-9786-a6be0b467f0b', 'adf7511e-8a13-4034-9786-a6be0b467f0b', 'adf7511e-8a13-4034-9786-a6be0b467f0b', 'adf7511e-8a13-4034-9786-a6be0b467f0b', 'adf7511e-8a13-4034-9786-a6be0b467f0b', 'adf7511e-8a13-4034-9786-a6be0b467f0b', 'adf7511e-8a13-4034-9786-a6be0b467f0b', 'adf7511e-8a13-4034-9786-a6be0b467f0b', 'adf7511e-8a13-4034-9786-a6be0b467f0b', 'adf7511e-8a13-4034-9786-a6be0b467f0b', 'adf7511e-8a13-4034-9786-a6be0b467f0b', 'adf7511e-8a13-4034-9786-a6be0b467f0b', 'adf7511e-8a13-4034-9786-a6be0b467f0b', 'adf7511e-8a13-4034-9786-a6be0b467f0b', 'adf7511e-8a13-4034-9786-a6be0b467f0b', 'adf7511e-8a13-4034-9786-a6be0b467f0b', 'adf7511e-8a13-4034-9786-a6be0b467f0b', 'adf7511e-8a13-4034-9786-a6be0b467f0b', 'adf7511e-8a13-4034-9786-a6be0b467f0b', 'adf7511e-8a13-4034-9786-a6be0b467f0b', 'adf7511e-8a13-4034-9786-a6be0b467f0b', 'adf7511e-8a13-4034-9786-a6be0b467f0b', 'adf7511e-8a13-4034-9786-a6be0b467f0b', 'adf7511e-8a13-4034-9786-a6be0b467f0b', 'adf7511e-8a13-4034-9786-a6be0b467f0b', 'adf7511e-8a13-4034-9786-a6be0b467f0b', 'adf7511e-8a13-4034-9786-a6be0b467f0b', 'adf7511e-8a13-4034-9786-a6be0b467f0b', 'adf7511e-8a13-4034-9786-a6be0b467f0b', '898d1924-8ee8-4e13-872e-a941e7f868ae', 'fd4f938e-f8c8-485f-96d0-69ca7867e13d', '3c5c98ac-c933-4a1e-9b7c-392dff536dc3', 'caa675b5-9f9f-40f3-963b-01d72d6fb44b', '0837f2a9-19d5-4adb-a1ad-f501430a60a4', 'ebfcebee-b1f5-4d7b-903d-163e66dc4a25', '0540eb1f-b04d-4d80-ad76-8e2c1faab4b6', 'd9b6ef6c-c8a4-4308-b8af-a14b6ff9e101', 'b8f0d3dd-f405-4a4f-993a-243b5ae9d8a8', '7e46ea1f-71e9-4a00-adbb-250e0e0b7ba3', '270e072f-0a3c-461d-8cfe-fa30cc4faddf', '0206f9b6-9deb-42e4-afcd-9f2a0d56e0b6', '0e7c2371-6d8e-459f-b6a5-e8c12bac5430', '939aee19-f185-4aaa-b46a-e6d00864ae7f']"
45ddfa05-6213-41ef-91f7-8d5fbc0b75d8,3,"['40149a38-3638-4c9a-abc4-3eebcd6fda82', '40149a38-3638-4c9a-abc4-3eebcd6fda82', '40149a38-3638-4c9a-abc4-3eebcd6fda82', '40149a38-3638-4c9a-abc4-3eebcd6fda82', '40149a38-3638-4c9a-abc4-3eebcd6fda82', '40149a38-3638-4c9a-abc4-3eebcd6fda82', '40149a38-3638-4c9a-abc4-3eebcd6fda82', '40149a38-3638-4c9a-abc4-3eebcd6fda82', '40149a38-3638-4c9a-abc4-3eebcd6fda82', '40149a38-3638-4c9a-abc4-3eebcd6fda82', '40149a38-3638-4c9a-abc4-3eebcd6fda82', '40149a38-3638-4c9a-abc4-3eebcd6fda82', '40149a38-3638-4c9a-abc4-3eebcd6fda82', '40149a38-3638-4c9a-abc4-3eebcd6fda82', '40149a38-3638-4c9a-abc4-3eebcd6fda82', '40149a38-3638-4c9a-abc4-3eebcd6fda82', '40149a38-3638-4c9a-abc4-3eebcd6fda82', '40149a38-3638-4c9a-abc4-3eebcd6fda82', '40149a38-3638-4c9a-abc4-3eebcd6fda82', '40149a38-3638-4c9a-abc4-3eebcd6fda82', '40149a38-3638-4c9a-abc4-3eebcd6fda82', '40149a38-3638-4c9a-abc4-3eebcd6fda82', '40149a38-3638-4c9a-abc4-3eebcd6fda82', '40149a38-3638-4c9a-abc4-3eebcd6fda82', '40149a38-3638-4c9a-abc4-3eebcd6fda82', '40149a38-3638-4c9a-abc4-3eebcd6fda82', 'acf92b19-6975-411c-875e-d4998fbb514a', 'ed1f9851-7212-4bf4-9d62-9e0daa3f4c31', 'c0d3da0e-e280-4cf2-9778-14cb11c57082', '78d2e6b1-7e4e-492b-81a1-583878a072f7', '04d49e04-ab56-4ff0-8501-f45e60a27781', '2492e1aa-d30f-4b12-8ca6-79407b29f463', '114104d6-beb0-494c-8eeb-221659e639ab', 'a8e23afd-4776-4bc5-9eba-62975261bfbb', '12fbbf2f-2945-44dd-b321-d2000905d3d3', '561e22aa-519c-4dab-9ea7-9ef001ad7ba8', '93bc1800-7a74-40f1-9fc6-7d7f14650fd1', '177503e5-9d01-40f4-8ca5-27a63f1714dd', '2e8e8844-f6d9-4a14-a70e-b349e0a4c35d', 'f631660c-ee55-481d-aac7-0b4c7acb0c70', '7a370d59-cee1-44f9-be80-f02c5e31aa2b', '993185f0-3b5a-436a-9931-26378d8c9f76', 'c6128bcc-400a-4c7d-80a7-0b12c8104e4f', '69f10785-e14f-450e-a4e3-29727d01497b', '7ea09314-27d9-4360-af1b-36c8a1908bb1', '3eeb1ec1-7119-432c-a13e-081ce38361d2', 'bdc8cc30-7969-4953-880a-b4016aba7c89', '5a864c8a-5dd3-45e3-ac86-8cc9d391db66', 'da3c81c3-45b4-4bdb-819e-d0b8cd3b0293', 'a5381c69-8529-423a-9443-03491557eaed']"
139258c1-ef71-4e69-a2c5-f7fde212eddf,11,"['97a900f7-faf3-4624-b668-27dd43fadb89', '97a900f7-faf3-4624-b668-27dd43fadb89', '97a900f7-faf3-4624-b668-27dd43fadb89', '97a900f7-faf3-4624-b668-27dd43fadb89', 'adf7511e-8a13-4034-9786-a6be0b467f0b', 'adf7511e-8a13-4034-9786-a6be0b467f0b', 'adf7511e-8a13-4034-9786-a6be0b467f0b', 'adf7511e-8a13-4034-9786-a6be0b467f0b', 'adf7511e-8a13-4034-9786-a6be0b467f0b', 'adf7511e-8a13-4034-9786-a6be0b467f0b', 'adf7511e-8a13-4034-9786-a6be0b467f0b', 'adf7511e-8a13-4034-9786-a6be0b467f0b', 'adf7511e-8a13-4034-9786-a6be0b467f0b', 'adf7511e-8a13-4034-9786-a6be0b467f0b', 'adf7511e-8a13-4034-9786-a6be0b467f0b', 'adf7511e-8a13-4034-9786-a6be0b467f0b', 'adf7511e-8a13-4034-9786-a6be0b467f0b', 'adf7511e-8a13-4034-9786-a6be0b467f0b', 'adf7511e-8a13-4034-9786-a6be0b467f0b', 'adf7511e-8a13-4034-9786-a6be0b467f0b', 'adf7511e-8a13-4034-9786-a6be0b467f0b', 'adf7511e-8a13-4034-9786-a6be0b467f0b', 'adf7511e-8a13-4034-9786-a6be0b467f0b', 'adf7511e-8a13-4034-9786-a6be0b467f0b', 'adf7511e-8a13-4034-9786-a6be0b467f0b', 'adf7511e-8a13-4034-9786-a6be0b467f0b', 'adf7511e-8a13-4034-9786-a6be0b467f0b', '898d1924-8ee8-4e13-872e-a941e7f868ae', 'fd4f938e-f8c8-485f-96d0-69ca7867e13d', '3c5c98ac-c933-4a1e-9b7c-392dff536dc3', 'caa675b5-9f9f-40f3-963b-01d72d6fb44b', 'ebfcebee-b1f5-4d7b-903d-163e66dc4a25', '0540eb1f-b04d-4d80-ad76-8e2c1faab4b6', 'd9b6ef6c-c8a4-4308-b8af-a14b6ff9e101', 'b8f0d3dd-f405-4a4f-993a-243b5ae9d8a8', '270e072f-0a3c-461d-8cfe-fa30cc4faddf', '0e7c2371-6d8e-459f-b6a5-e8c12bac5430', '939aee19-f185-4aaa-b46a-e6d00864ae7f', 'dca815ab-735f-455e-8be0-a4b75bf885fe', 'c418c4fd-0dd1-43af-8624-4b6e211494f5', '1ab1dfe4-e287-4f70-9bf2-edb770ddede6', '11080930-a92e-42ef-b82e-b82af4f659e8', 'e4a5a773-fed8-4245-8e46-b13f280a6e36', 'c5e27608-c7a6-496c-baa6-94f007875f29', '93ceaad0-0283-42c3-9ce1-a4e86eb4c8e2', '1447c523-c54b-4d60-8478-66a99d936d5b', '6cc4127b-2710-4eb9-b994-954399041ad6', 'e75db69d-9d41-4a3a-b480-4daeb479c283', '8b2fd100-f0ff-4570-924b-b9d3a1ef52da', 'c4ae8ed6-1713-4e9e-92c8-a149ae5c3208']"
45ddfa05-6213-41ef-91f7-8d5fbc0b75d8,4,"['2e8e8844-f6d9-4a14-a70e-b349e0a4c35d', '2e8e8844-f6d9-4a14-a70e-b349e0a4c35d', '2e8e8844-f6d9-4a14-a70e-b349e0a4c35d', '2e8e8844-f6d9-4a14-a70e-b349e0a4c35d', '2e8e8844-f6d9-4a14-a70e-b349e0a4c35d', '2e8e8844-f6d9-4a14-a70e-b349e0a4c35d', '2e8e8844-f6d9-4a14-a70e-b349e0a4c35d', '2e8e8844-f6d9-4a14-a70e-b349e0a4c35d', '2e8e8844-f6d9-4a14-a70e-b349e0a4c35d', '2e8e8844-f6d9-4a14-a70e-b349e0a4c35d', '2e8e8844-f6d9-4a14-a70e-b349e0a4c35d', '2e8e8844-f6d9-4a14-a70e-b349e0a4c35d', '2e8e8844-f6d9-4a14-a70e-b349e0a4c35d', '2e8e8844-f6d9-4a14-a70e-b349e0a4c35d', '2e8e8844-f6d9-4a14-a70e-b349e0a4c35d', '2e8e8844-f6d9-4a14-a70e-b349e0a4c35d', '2e8e8844-f6d9-4a14-a70e-b349e0a4c35d', '2e8e8844-f6d9-4a14-a70e-b349e0a4c35d', '2e8e8844-f6d9-4a14-a70e-b349e0a4c35d', '2e8e8844-f6d9-4a14-a70e-b349e0a4c35d', '2e8e8844-f6d9-4a14-a70e-b349e0a4c35d', '2e8e8844-f6d9-4a14-a70e-b349e0a4c35d', '2e8e8844-f6d9-4a14-a70e-b349e0a4c35d', '2e8e8844-f6d9-4a14-a70e-b349e0a4c35d', '2e8e8844-f6d9-4a14-a70e-b349e0a4c35d', '2e8e8844-f6d9-4a14-a70e-b349e0a4c35d', '2e8e8844-f6d9-4a14-a70e-b349e0a4c35d', '2e8e8844-f6d9-4a14-a70e-b349e0a4c35d', '2e8e8844-f6d9-4a14-a70e-b349e0a4c35d', '2e8e8844-f6d9-4a14-a70e-b349e0a4c35d', '2e8e8844-f6d9-4a14-a70e-b349e0a4c35d', '2e8e8844-f6d9-4a14-a70e-b349e0a4c35d', '2e8e8844-f6d9-4a14-a70e-b349e0a4c35d', '2e8e8844-f6d9-4a14-a70e-b349e0a4c35d', '2e8e8844-f6d9-4a14-a70e-b349e0a4c35d', '2e8e8844-f6d9-4a14-a70e-b349e0a4c35d', '2e8e8844-f6d9-4a14-a70e-b349e0a4c35d', '2e8e8844-f6d9-4a14-a70e-b349e0a4c35d', '2e8e8844-f6d9-4a14-a70e-b349e0a4c35d', '2e8e8844-f6d9-4a14-a70e-b349e0a4c35d', '2e8e8844-f6d9-4a14-a70e-b349e0a4c35d', '22a364cc-a205-462a-8519-8fbfaa896d03', '4537d6a2-a028-41a1-8924-b6d4c389b35b', '81e27890-4b6e-41fa-974e-b8ae0886f364', '6138cc0e-f105-45cf-8ee1-8577c5647cc3', 'a2148620-622f-413d-aab8-f848d0afff57', 'aaf21da6-cb7b-40f7-907a-310868898042', '5dde47ec-a290-4e05-8e7c-597a976e21f1', '0710d10e-3e58-4989-99c4-683bab53c4ae', 'd5ffedae-6eef-460b-89ed-11b7f70de0c4']"
45ddfa05-6213-41ef-91f7-8d5fbc0b75d8,5,"['2e8e8844-f6d9-4a14-a70e-b349e0a4c35d', '2e8e8844-f6d9-4a14-a70e-b349e0a4c35d', '2e8e8844-f6d9-4a14-a70e-b349e0a4c35d', '2e8e8844-f6d9-4a14-a70e-b349e0a4c35d', '2e8e8844-f6d9-4a14-a70e-b349e0a4c35d', '2e8e8844-f6d9-4a14-a70e-b349e0a4c35d', '2e8e8844-f6d9-4a14-a70e-b349e0a4c35d', '2e8e8844-f6d9-4a14-a70e-b349e0a4c35d', '2e8e8844-f6d9-4a14-a70e-b349e0a4c35d', '2e8e8844-f6d9-4a14-a70e-b349e0a4c35d', '2e8e8844-f6d9-4a14-a70e-b349e0a4c35d', '2e8e8844-f6d9-4a14-a70e-b349e0a4c35d', '2e8e8844-f6d9-4a14-a70e-b349e0a4c35d', '2e8e8844-f6d9-4a14-a70e-b349e0a4c35d', '2e8e8844-f6d9-4a14-a70e-b349e0a4c35d', '2e8e8844-f6d9-4a14-a70e-b349e0a4c35d', '2e8e8844-f6d9-4a14-a70e-b349e0a4c35d', '2e8e8844-f6d9-4a14-a70e-b349e0a4c35d', '2e8e8844-f6d9-4a14-a70e-b349e0a4c35d', '2e8e8844-f6d9-4a14-a70e-b349e0a4c35d', '2e8e8844-f6d9-4a14-a70e-b349e0a4c35d', '2e8e8844-f6d9-4a14-a70e-b349e0a4c35d', '2e8e8844-f6d9-4a14-a70e-b349e0a4c35d', '2e8e8844-f6d9-4a14-a70e-b349e0a4c35d', '2e8e8844-f6d9-4a14-a70e-b349e0a4c35d', '2e8e8844-f6d9-4a14-a70e-b349e0a4c35d', '2e8e8844-f6d9-4a14-a70e-b349e0a4c35d', '2e8e8844-f6d9-4a14-a70e-b349e0a4c35d', '2e8e8844-f6d9-4a14-a70e-b349e0a4c35d', '2e8e8844-f6d9-4a14-a70e-b349e0a4c35d', '2e8e8844-f6d9-4a14-a70e-b349e0a4c35d', '2e8e8844-f6d9-4a14-a70e-b349e0a4c35d', '22a364cc-a205-462a-8519-8fbfaa896d03', '4537d6a2-a028-41a1-8924-b6d4c389b35b', '81e27890-4b6e-41fa-974e-b8ae0886f364', '6138cc0e-f105-45cf-8ee1-8577c5647cc3', 'a2148620-622f-413d-aab8-f848d0afff57', '5dde47ec-a290-4e05-8e7c-597a976e21f1', '0710d10e-3e58-4989-99c4-683bab53c4ae', 'd5ffedae-6eef-460b-89ed-11b7f70de0c4', '18eeb5e1-9e83-4e7f-bb77-92d892f0f3c9', '68791292-b8bb-4c8b-9634-b60e61acec20', '6572f355-c07c-46be-ba21-d37c656d2051', '00a105c1-c5c1-4124-8e77-9b9fe838f092', 'b9d1ab24-b497-4770-8195-2c3a1122f3ee', '8352249e-6f98-40a6-9847-4a3f9d84769e', 'b3981361-8d47-470a-a953-4259318116e7', 'add387a7-cf89-4f06-8e3e-7b87c59e199a', 'a7ec1d0f-052f-468a-8206-052b8e4212ef', 'dd5571e0-5a7e-482c-8ab2-08ee6c013217']"
139258c1-ef71-4e69-a2c5-f7fde212eddf,12,"['adf7511e-8a13-4034-9786-a6be0b467f0b', 'adf7511e-8a13-4034-9786-a6be0b467f0b', 'adf7511e-8a13-4034-9786-a6be0b467f0b', 'adf7511e-8a13-4034-9786-a6be0b467f0b', 'adf7511e-8a13-4034-9786-a6be0b467f0b', 'adf7511e-8a13-4034-9786-a6be0b467f0b', 'adf7511e-8a13-4034-9786-a6be0b467f0b', 'adf7511e-8a13-4034-9786-a6be0b467f0b', 'adf7511e-8a13-4034-9786-a6be0b467f0b', 'adf7511e-8a13-4034-9786-a6be0b467f0b', 'adf7511e-8a13-4034-9786-a6be0b467f0b', 'adf7511e-8a13-4034-9786-a6be0b467f0b', 'adf7511e-8a13-4034-9786-a6be0b467f0b', 'adf7511e-8a13-4034-9786-a6be0b467f0b', 'adf7511e-8a13-4034-9786-a6be0b467f0b', 'adf7511e-8a13-4034-9786-a6be0b467f0b', 'adf7511e-8a13-4034-9786-a6be0b467f0b', 'adf7511e-8a13-4034-9786-a6be0b467f0b', 'adf7511e-8a13-4034-9786-a6be0b467f0b', 'adf7511e-8a13-4034-9786-a6be0b467f0b', 'adf7511e-8a13-4034-9786-a6be0b467f0b', 'adf7511e-8a13-4034-9786-a6be0b467f0b', 'adf7511e-8a13-4034-9786-a6be0b467f0b', 'adf7511e-8a13-4034-9786-a6be0b467f0b', 'adf7511e-8a13-4034-9786-a6be0b467f0b', 'adf7511e-8a13-4034-9786-a6be0b467f0b', 'adf7511e-8a13-4034-9786-a6be0b467f0b', 'adf7511e-8a13-4034-9786-a6be0b467f0b', 'adf7511e-8a13-4034-9786-a6be0b467f0b', 'adf7511e-8a13-4034-9786-a6be0b467f0b', 'adf7511e-8a13-4034-9786-a6be0b467f0b', 'adf7511e-8a13-4034-9786-a6be0b467f0b', 'adf7511e-8a13-4034-9786-a6be0b467f0b', 'adf7511e-8a13-4034-9786-a6be0b467f0b', 'adf7511e-8a13-4034-9786-a6be0b467f0b', 'adf7511e-8a13-4034-9786-a6be0b467f0b', 'adf7511e-8a13-4034-9786-a6be0b467f0b', 'adf7511e-8a13-4034-9786-a6be0b467f0b', 'b1c50674-5585-452d-9190-9ace07da50ea', 'c64d05d1-538f-497f-a9e4-ed0bed97a422', '063c65e4-201a-45de-a307-77fa36cd7233', 'c12b1d21-ad83-4cac-9edc-6c57b37bbe72', 'fe48d830-51bc-4476-b838-b068c7b0a84d', '7e1328e1-f9a7-4a2c-a65f-d6c26bcef111', '8bf43819-a19b-426e-b269-0ef33462e128', 'a34918a3-d6da-44a2-98a4-9ae131a49453', 'fde66a95-bbf0-47c7-83a0-96d0c12a260a', '294e8d51-efe2-4a25-82cb-d80f2bd95819', '106f9d92-2705-4613-8360-ee2f21395619', 'bbebaaf2-33f6-4f7a-bf52-9950e137a910']"
45ddfa05-6213-41ef-91f7-8d5fbc0b75d8,6,"['2e8e8844-f6d9-4a14-a70e-b349e0a4c35d', '2e8e8844-f6d9-4a14-a70e-b349e0a4c35d', '2e8e8844-f6d9-4a14-a70e-b349e0a4c35d', '2e8e8844-f6d9-4a14-a70e-b349e0a4c35d', '2e8e8844-f6d9-4a14-a70e-b349e0a4c35d', '2e8e8844-f6d9-4a14-a70e-b349e0a4c35d', '2e8e8844-f6d9-4a14-a70e-b349e0a4c35d', '2e8e8844-f6d9-4a14-a70e-b349e0a4c35d', '2e8e8844-f6d9-4a14-a70e-b349e0a4c35d', '2e8e8844-f6d9-4a14-a70e-b349e0a4c35d', '2e8e8844-f6d9-4a14-a70e-b349e0a4c35d', '2e8e8844-f6d9-4a14-a70e-b349e0a4c35d', '2e8e8844-f6d9-4a14-a70e-b349e0a4c35d', '2e8e8844-f6d9-4a14-a70e-b349e0a4c35d', '2e8e8844-f6d9-4a14-a70e-b349e0a4c35d', '2e8e8844-f6d9-4a14-a70e-b349e0a4c35d', '2e8e8844-f6d9-4a14-a70e-b349e0a4c35d', '2e8e8844-f6d9-4a14-a70e-b349e0a4c35d', '2e8e8844-f6d9-4a14-a70e-b349e0a4c35d', '2e8e8844-f6d9-4a14-a70e-b349e0a4c35d', '2e8e8844-f6d9-4a14-a70e-b349e0a4c35d', '2e8e8844-f6d9-4a14-a70e-b349e0a4c35d', '2e8e8844-f6d9-4a14-a70e-b349e0a4c35d', '2e8e8844-f6d9-4a14-a70e-b349e0a4c35d', '2e8e8844-f6d9-4a14-a70e-b349e0a4c35d', '2e8e8844-f6d9-4a14-a70e-b349e0a4c35d', '2e8e8844-f6d9-4a14-a70e-b349e0a4c35d', '2e8e8844-f6d9-4a14-a70e-b349e0a4c35d', '22a364cc-a205-462a-8519-8fbfaa896d03', '4537d6a2-a028-41a1-8924-b6d4c389b35b', '81e27890-4b6e-41fa-974e-b8ae0886f364', 'a2148620-622f-413d-aab8-f848d0afff57', '5dde47ec-a290-4e05-8e7c-597a976e21f1', '0710d10e-3e58-4989-99c4-683bab53c4ae', 'd5ffedae-6eef-460b-89ed-11b7f70de0c4', '18eeb5e1-9e83-4e7f-bb77-92d892f0f3c9', '68791292-b8bb-4c8b-9634-b60e61acec20', '6572f355-c07c-46be-ba21-d37c656d2051', '00a105c1-c5c1-4124-8e77-9b9fe838f092', 'b9d1ab24-b497-4770-8195-2c3a1122f3ee', 'add387a7-cf89-4f06-8e3e-7b87c59e199a', '5b29cf3f-68f1-4449-b217-1b7d16dc43e1', '7d2f2b96-75f3-490a-a5c5-5967fc06c757', 'eddbf339-75bb-41b5-b9c8-0dae35b6b130', '86705248-7bbf-4f53-90b7-4ee9d72ba595', '3af649c4-add0-4ac9-930b-3c2794e40e74', '5628eaee-42c7-4be9-bb3f-f2efbb671551', 'c17dd520-309b-410f-a377-e4b2bc7d0810', 'ba065a6f-1e05-439c-ae69-0772bda028af', '8ade6599-c03f-4869-92ec-0f5f27b0b342']"
139258c1-ef71-4e69-a2c5-f7fde212eddf,13,"['adf7511e-8a13-4034-9786-a6be0b467f0b', 'adf7511e-8a13-4034-9786-a6be0b467f0b', 'adf7511e-8a13-4034-9786-a6be0b467f0b', 'adf7511e-8a13-4034-9786-a6be0b467f0b', 'adf7511e-8a13-4034-9786-a6be0b467f0b', 'adf7511e-8a13-4034-9786-a6be0b467f0b', 'adf7511e-8a13-4034-9786-a6be0b467f0b', 'adf7511e-8a13-4034-9786-a6be0b467f0b', 'adf7511e-8a13-4034-9786-a6be0b467f0b', 'adf7511e-8a13-4034-9786-a6be0b467f0b', 'adf7511e-8a13-4034-9786-a6be0b467f0b', 'adf7511e-8a13-4034-9786-a6be0b467f0b', 'adf7511e-8a13-4034-9786-a6be0b467f0b', 'adf7511e-8a13-4034-9786-a6be0b467f0b', 'adf7511e-8a13-4034-9786-a6be0b467f0b', 'adf7511e-8a13-4034-9786-a6be0b467f0b', 'adf7511e-8a13-4034-9786-a6be0b467f0b', 'adf7511e-8a13-4034-9786-a6be0b467f0b', 'adf7511e-8a13-4034-9786-a6be0b467f0b', 'adf7511e-8a13-4034-9786-a6be0b467f0b', 'adf7511e-8a13-4034-9786-a6be0b467f0b', 'adf7511e-8a13-4034-9786-a6be0b467f0b', 'adf7511e-8a13-4034-9786-a6be0b467f0b', 'adf7511e-8a13-4034-9786-a6be0b467f0b', 'adf7511e-8a13-4034-9786-a6be0b467f0b', 'adf7511e-8a13-4034-9786-a6be0b467f0b', 'adf7511e-8a13-4034-9786-a6be0b467f0b', 'adf7511e-8a13-4034-9786-a6be0b467f0b', 'adf7511e-8a13-4034-9786-a6be0b467f0b', 'adf7511e-8a13-4034-9786-a6be0b467f0b', 'adf7511e-8a13-4034-9786-a6be0b467f0b', 'adf7511e-8a13-4034-9786-a6be0b467f0b', 'c64d05d1-538f-497f-a9e4-ed0bed97a422', 'c12b1d21-ad83-4cac-9edc-6c57b37bbe72', 'fe48d830-51bc-4476-b838-b068c7b0a84d', '294e8d51-efe2-4a25-82cb-d80f2bd95819', '106f9d92-2705-4613-8360-ee2f21395619', 'bbebaaf2-33f6-4f7a-bf52-9950e137a910', '0e535124-8307-46c8-b3a3-5236cc6b281e', '14dc5942-fde9-4057-acec-4673dc003af3', '20d2c4a1-7eb4-42f0-aaa8-2243164a257e', '36641e60-e105-41c5-acea-23a1f36913bd', '963f82b2-a999-4745-880f-02c3e6f5a92f', '1a371526-c4d2-4e09-8e0e-19cbab2a00e6', '40ab475d-1b26-4ecb-b6b7-2bcca1490b45', '430e29f3-5f5e-4ada-82af-2129018fbc16', '527f913d-852f-4aa6-949b-cf6f0cba42d3', '51535615-f882-4cda-a811-a458cc1707cc', '6d7718ad-0a7f-40ef-9aad-e4f567d88d25', '219c8388-bc97-44de-a31e-f6449153e0ae']"
45ddfa05-6213-41ef-91f7-8d5fbc0b75d8,7,"['2e8e8844-f6d9-4a14-a70e-b349e0a4c35d', '2e8e8844-f6d9-4a14-a70e-b349e0a4c35d', '2e8e8844-f6d9-4a14-a70e-b349e0a4c35d', '2e8e8844-f6d9-4a14-a70e-b349e0a4c35d', '2e8e8844-f6d9-4a14-a70e-b349e0a4c35d', '2e8e8844-f6d9-4a14-a70e-b349e0a4c35d', '2e8e8844-f6d9-4a14-a70e-b349e0a4c35d', '2e8e8844-f6d9-4a14-a70e-b349e0a4c35d', '2e8e8844-f6d9-4a14-a70e-b349e0a4c35d', '2e8e8844-f6d9-4a14-a70e-b349e0a4c35d', '2e8e8844-f6d9-4a14-a70e-b349e0a4c35d', '2e8e8844-f6d9-4a14-a70e-b349e0a4c35d', '2e8e8844-f6d9-4a14-a70e-b349e0a4c35d', '2e8e8844-f6d9-4a14-a70e-b349e0a4c35d', '2e8e8844-f6d9-4a14-a70e-b349e0a4c35d', '2e8e8844-f6d9-4a14-a70e-b349e0a4c35d', '2e8e8844-f6d9-4a14-a70e-b349e0a4c35d', '2e8e8844-f6d9-4a14-a70e-b349e0a4c35d', '2e8e8844-f6d9-4a14-a70e-b349e0a4c35d', '2e8e8844-f6d9-4a14-a70e-b349e0a4c35d', '2e8e8844-f6d9-4a14-a70e-b349e0a4c35d', '2e8e8844-f6d9-4a14-a70e-b349e0a4c35d', '2e8e8844-f6d9-4a14-a70e-b349e0a4c35d', '2e8e8844-f6d9-4a14-a70e-b349e0a4c35d', '22a364cc-a205-462a-8519-8fbfaa896d03', '81e27890-4b6e-41fa-974e-b8ae0886f364', 'a2148620-622f-413d-aab8-f848d0afff57', '0710d10e-3e58-4989-99c4-683bab53c4ae', 'd5ffedae-6eef-460b-89ed-11b7f70de0c4', '18eeb5e1-9e83-4e7f-bb77-92d892f0f3c9', '68791292-b8bb-4c8b-9634-b60e61acec20', '00a105c1-c5c1-4124-8e77-9b9fe838f092', 'b9d1ab24-b497-4770-8195-2c3a1122f3ee', 'add387a7-cf89-4f06-8e3e-7b87c59e199a', '5b29cf3f-68f1-4449-b217-1b7d16dc43e1', '7d2f2b96-75f3-490a-a5c5-5967fc06c757', 'eddbf339-75bb-41b5-b9c8-0dae35b6b130', '3af649c4-add0-4ac9-930b-3c2794e40e74', '5628eaee-42c7-4be9-bb3f-f2efbb671551', 'c17dd520-309b-410f-a377-e4b2bc7d0810', 'ba065a6f-1e05-439c-ae69-0772bda028af', '595a5380-634d-4c82-abdc-c3d15b32b436', '0f0b7e46-4236-4480-b985-23aba136c45a', '031afbcc-ceb5-4c2a-b628-bfdfc8403bed', '85f4459e-fcf1-4999-b17b-d6ab81176ba3', '37f1b32f-e3f6-40ca-bbd5-67ca05a8e083', 'df5d7d48-94ae-4771-87eb-1fbca4baae0d', '784cc2c7-a7b6-4343-860a-2612a68307c1', 'e7ebbc35-1f13-4230-987f-87112b993685', 'c5cb472c-08e5-4dbb-818b-349c53a0308e']"
45ddfa05-6213-41ef-91f7-8d5fbc0b75d8,8,"['2e8e8844-f6d9-4a14-a70e-b349e0a4c35d', '2e8e8844-f6d9-4a14-a70e-b349e0a4c35d', '2e8e8844-f6d9-4a14-a70e-b349e0a4c35d', '2e8e8844-f6d9-4a14-a70e-b349e0a4c35d', '2e8e8844-f6d9-4a14-a70e-b349e0a4c35d', '2e8e8844-f6d9-4a14-a70e-b349e0a4c35d', '2e8e8844-f6d9-4a14-a70e-b349e0a4c35d', '2e8e8844-f6d9-4a14-a70e-b349e0a4c35d', '2e8e8844-f6d9-4a14-a70e-b349e0a4c35d', '2e8e8844-f6d9-4a14-a70e-b349e0a4c35d', '2e8e8844-f6d9-4a14-a70e-b349e0a4c35d', '2e8e8844-f6d9-4a14-a70e-b349e0a4c35d', '2e8e8844-f6d9-4a14-a70e-b349e0a4c35d', '2e8e8844-f6d9-4a14-a70e-b349e0a4c35d', '2e8e8844-f6d9-4a14-a70e-b349e0a4c35d', '2e8e8844-f6d9-4a14-a70e-b349e0a4c35d', '2e8e8844-f6d9-4a14-a70e-b349e0a4c35d', '2e8e8844-f6d9-4a14-a70e-b349e0a4c35d', '2e8e8844-f6d9-4a14-a70e-b349e0a4c35d', '2e8e8844-f6d9-4a14-a70e-b349e0a4c35d', '2e8e8844-f6d9-4a14-a70e-b349e0a4c35d', '2e8e8844-f6d9-4a14-a70e-b349e0a4c35d', '2e8e8844-f6d9-4a14-a70e-b349e0a4c35d', '2e8e8844-f6d9-4a14-a70e-b349e0a4c35d', '2e8e8844-f6d9-4a14-a70e-b349e0a4c35d', '2e8e8844-f6d9-4a14-a70e-b349e0a4c35d', '2e8e8844-f6d9-4a14-a70e-b349e0a4c35d', '2e8e8844-f6d9-4a14-a70e-b349e0a4c35d', '2e8e8844-f6d9-4a14-a70e-b349e0a4c35d', '2e8e8844-f6d9-4a14-a70e-b349e0a4c35d', '2e8e8844-f6d9-4a14-a70e-b349e0a4c35d', '2e8e8844-f6d9-4a14-a70e-b349e0a4c35d', '2e8e8844-f6d9-4a14-a70e-b349e0a4c35d', '2e8e8844-f6d9-4a14-a70e-b349e0a4c35d', '2e8e8844-f6d9-4a14-a70e-b349e0a4c35d', '2e8e8844-f6d9-4a14-a70e-b349e0a4c35d', '2e8e8844-f6d9-4a14-a70e-b349e0a4c35d', '2e8e8844-f6d9-4a14-a70e-b349e0a4c35d', 'd7db902a-77d5-4378-8ae0-85ba0362eec7', '9370e28d-d32d-41ee-8885-7493cd66d26a', 'c12685b9-e4b7-4c7a-9207-2c2398484feb', 'c1eaddee-0893-4412-9ed7-16edb8a56c3c', 'ebabcf4c-26e9-468e-b583-192118abf29d', '39b1ffb3-c075-45a3-a8d6-245ed73101c7', '6efe4966-2367-4762-9b94-ffa45ecf9093', 'f6de3328-ffab-4a27-a771-40e2f06eb00a', '673ba84c-8d18-4533-9db7-4a161d0248ba', '4985c83f-6aa0-4af3-ad74-e034d8836576', '85a2a388-2255-4319-bc30-614c08c59ecb', 'baddbd50-002d-4d22-b8eb-5797b934313e']"
139258c1-ef71-4e69-a2c5-f7fde212eddf,14,"['adf7511e-8a13-4034-9786-a6be0b467f0b', 'adf7511e-8a13-4034-9786-a6be0b467f0b', 'adf7511e-8a13-4034-9786-a6be0b467f0b', 'adf7511e-8a13-4034-9786-a6be0b467f0b', 'adf7511e-8a13-4034-9786-a6be0b467f0b', 'adf7511e-8a13-4034-9786-a6be0b467f0b', 'adf7511e-8a13-4034-9786-a6be0b467f0b', 'adf7511e-8a13-4034-9786-a6be0b467f0b', 'adf7511e-8a13-4034-9786-a6be0b467f0b', 'adf7511e-8a13-4034-9786-a6be0b467f0b', 'adf7511e-8a13-4034-9786-a6be0b467f0b', 'adf7511e-8a13-4034-9786-a6be0b467f0b', 'adf7511e-8a13-4034-9786-a6be0b467f0b', 'adf7511e-8a13-4034-9786-a6be0b467f0b', 'adf7511e-8a13-4034-9786-a6be0b467f0b', 'adf7511e-8a13-4034-9786-a6be0b467f0b', 'adf7511e-8a13-4034-9786-a6be0b467f0b', 'adf7511e-8a13-4034-9786-a6be0b467f0b', 'adf7511e-8a13-4034-9786-a6be0b467f0b', 'adf7511e-8a13-4034-9786-a6be0b467f0b', 'adf7511e-8a13-4034-9786-a6be0b467f0b', 'adf7511e-8a13-4034-9786-a6be0b467f0b', 'adf7511e-8a13-4034-9786-a6be0b467f0b', 'adf7511e-8a13-4034-9786-a6be0b467f0b', 'c64d05d1-538f-497f-a9e4-ed0bed97a422', 'c12b1d21-ad83-4cac-9edc-6c57b37bbe72', 'fe48d830-51bc-4476-b838-b068c7b0a84d', '294e8d51-efe2-4a25-82cb-d80f2bd95819', '106f9d92-2705-4613-8360-ee2f21395619', 'bbebaaf2-33f6-4f7a-bf52-9950e137a910', '14dc5942-fde9-4057-acec-4673dc003af3', '20d2c4a1-7eb4-42f0-aaa8-2243164a257e', '36641e60-e105-41c5-acea-23a1f36913bd', '963f82b2-a999-4745-880f-02c3e6f5a92f', '527f913d-852f-4aa6-949b-cf6f0cba42d3', '51535615-f882-4cda-a811-a458cc1707cc', '6d7718ad-0a7f-40ef-9aad-e4f567d88d25', '219c8388-bc97-44de-a31e-f6449153e0ae', 'a97d8870-6915-4bdf-b401-2c4462ba440d', 'c12bca3b-71de-4937-8d4f-50cf9ee5fae0', 'a1b2f5f1-8cad-4243-953c-a9ce0b1f47b6', '6a6a13e6-0737-4c04-8908-c242ea701740', 'd6eb12b6-6077-42d1-82ba-f04b8c52197d', '2f6aa274-b0ed-42f5-877c-b97d90b200a9', 'e872fd50-b1aa-416d-8d2e-dad109f45fc5', '3cb19c4d-e8c8-49b9-9580-a2b0e57780c9', 'c31cba24-6f0f-456e-8798-9facd7233e70', 'eb2ba5d8-f61e-491a-99f7-89f36686b162', '02db4741-6ddc-455f-a8b6-c12cb205c5a8', '6cb943f2-c7d5-4fa4-a453-d22cc3a9df7a']"
45ddfa05-6213-41ef-91f7-8d5fbc0b75d8,9,"['2e8e8844-f6d9-4a14-a70e-b349e0a4c35d', '2e8e8844-f6d9-4a14-a70e-b349e0a4c35d', '2e8e8844-f6d9-4a14-a70e-b349e0a4c35d', '2e8e8844-f6d9-4a14-a70e-b349e0a4c35d', '2e8e8844-f6d9-4a14-a70e-b349e0a4c35d', '2e8e8844-f6d9-4a14-a70e-b349e0a4c35d', '2e8e8844-f6d9-4a14-a70e-b349e0a4c35d', '2e8e8844-f6d9-4a14-a70e-b349e0a4c35d', '2e8e8844-f6d9-4a14-a70e-b349e0a4c35d', '2e8e8844-f6d9-4a14-a70e-b349e0a4c35d', '2e8e8844-f6d9-4a14-a70e-b349e0a4c35d', '2e8e8844-f6d9-4a14-a70e-b349e0a4c35d', '2e8e8844-f6d9-4a14-a70e-b349e0a4c35d', '2e8e8844-f6d9-4a14-a70e-b349e0a4c35d', '2e8e8844-f6d9-4a14-a70e-b349e0a4c35d', '2e8e8844-f6d9-4a14-a70e-b349e0a4c35d', '2e8e8844-f6d9-4a14-a70e-b349e0a4c35d', '2e8e8844-f6d9-4a14-a70e-b349e0a4c35d', '2e8e8844-f6d9-4a14-a70e-b349e0a4c35d', '2e8e8844-f6d9-4a14-a70e-b349e0a4c35d', '2e8e8844-f6d9-4a14-a70e-b349e0a4c35d', '2e8e8844-f6d9-4a14-a70e-b349e0a4c35d', '2e8e8844-f6d9-4a14-a70e-b349e0a4c35d', '2e8e8844-f6d9-4a14-a70e-b349e0a4c35d', '2e8e8844-f6d9-4a14-a70e-b349e0a4c35d', '2e8e8844-f6d9-4a14-a70e-b349e0a4c35d', '2e8e8844-f6d9-4a14-a70e-b349e0a4c35d', '2e8e8844-f6d9-4a14-a70e-b349e0a4c35d', '2e8e8844-f6d9-4a14-a70e-b349e0a4c35d', 'd7db902a-77d5-4378-8ae0-85ba0362eec7', '9370e28d-d32d-41ee-8885-7493cd66d26a', 'c12685b9-e4b7-4c7a-9207-2c2398484feb', 'c1eaddee-0893-4412-9ed7-16edb8a56c3c', '39b1ffb3-c075-45a3-a8d6-245ed73101c7', '6efe4966-2367-4762-9b94-ffa45ecf9093', 'f6de3328-ffab-4a27-a771-40e2f06eb00a', '673ba84c-8d18-4533-9db7-4a161d0248ba', '4985c83f-6aa0-4af3-ad74-e034d8836576', 'baddbd50-002d-4d22-b8eb-5797b934313e', 'e4f8f264-e194-49d9-a60f-c0e7c6249923', 'fd7c80bf-3daf-4dd7-9c2a-ff434abd594b', 'bcb40999-bc00-45b3-bfb6-7757f54ca0c6', '100f35a1-f454-435a-9324-b8919d544a56', 'c8d79976-2b6e-48ee-9fad-b9c87f05b3a2', '06323c6b-20ea-4789-bb8d-06861848286c', '77955d61-dde4-4541-bda5-f2c6eec38228', 'ad461d6b-ebf2-49c0-91a3-c518adb10a91', 'a44cb0ec-abf1-4e1d-beb3-4063e777fbc2', 'f20a7731-c6b6-46ed-9b74-f82951bebb7d', '92e5bd74-c0f4-4afc-aa79-9d7fac9ae138']"
139258c1-ef71-4e69-a2c5-f7fde212eddf,15,"['adf7511e-8a13-4034-9786-a6be0b467f0b', 'adf7511e-8a13-4034-9786-a6be0b467f0b', 'adf7511e-8a13-4034-9786-a6be0b467f0b', 'adf7511e-8a13-4034-9786-a6be0b467f0b', 'adf7511e-8a13-4034-9786-a6be0b467f0b', 'adf7511e-8a13-4034-9786-a6be0b467f0b', 'adf7511e-8a13-4034-9786-a6be0b467f0b', 'adf7511e-8a13-4034-9786-a6be0b467f0b', 'adf7511e-8a13-4034-9786-a6be0b467f0b', 'adf7511e-8a13-4034-9786-a6be0b467f0b', 'adf7511e-8a13-4034-9786-a6be0b467f0b', 'adf7511e-8a13-4034-9786-a6be0b467f0b', 'adf7511e-8a13-4034-9786-a6be0b467f0b', 'adf7511e-8a13-4034-9786-a6be0b467f0b', 'adf7511e-8a13-4034-9786-a6be0b467f0b', 'adf7511e-8a13-4034-9786-a6be0b467f0b', 'adf7511e-8a13-4034-9786-a6be0b467f0b', 'adf7511e-8a13-4034-9786-a6be0b467f0b', 'adf7511e-8a13-4034-9786-a6be0b467f0b', 'adf7511e-8a13-4034-9786-a6be0b467f0b', 'adf7511e-8a13-4034-9786-a6be0b467f0b', 'adf7511e-8a13-4034-9786-a6be0b467f0b', 'adf7511e-8a13-4034-9786-a6be0b467f0b', 'adf7511e-8a13-4034-9786-a6be0b467f0b', 'adf7511e-8a13-4034-9786-a6be0b467f0b', 'adf7511e-8a13-4034-9786-a6be0b467f0b', 'adf7511e-8a13-4034-9786-a6be0b467f0b', 'adf7511e-8a13-4034-9786-a6be0b467f0b', 'adf7511e-8a13-4034-9786-a6be0b467f0b', 'adf7511e-8a13-4034-9786-a6be0b467f0b', 'adf7511e-8a13-4034-9786-a6be0b467f0b', 'adf7511e-8a13-4034-9786-a6be0b467f0b', 'adf7511e-8a13-4034-9786-a6be0b467f0b', 'adf7511e-8a13-4034-9786-a6be0b467f0b', 'adf7511e-8a13-4034-9786-a6be0b467f0b', 'adf7511e-8a13-4034-9786-a6be0b467f0b', 'adf7511e-8a13-4034-9786-a6be0b467f0b', 'adf7511e-8a13-4034-9786-a6be0b467f0b', 'adf7511e-8a13-4034-9786-a6be0b467f0b', 'adf7511e-8a13-4034-9786-a6be0b467f0b', 'adf7511e-8a13-4034-9786-a6be0b467f0b', 'adf7511e-8a13-4034-9786-a6be0b467f0b', '0bd905fe-0e8e-4a82-9d24-85d2e3df337c', '9748e78e-6347-4675-b12e-c4ff9c17277f', '1e332515-5080-4f18-8f21-66a4415d7f56', 'f7298b76-dda6-4257-aa34-97328c4c9a5d', '360d09cf-2301-4bba-a25e-ef5c4bb541b0', '57aeb770-427a-4a05-8d00-31d339ab963e', '948c92b6-c04d-46a7-be90-1f65968fb87e', 'de71ae55-3c82-4d8a-b540-764ef14012a9']"
45ddfa05-6213-41ef-91f7-8d5fbc0b75d8,10,"['2e8e8844-f6d9-4a14-a70e-b349e0a4c35d', '2e8e8844-f6d9-4a14-a70e-b349e0a4c35d', '2e8e8844-f6d9-4a14-a70e-b349e0a4c35d', '2e8e8844-f6d9-4a14-a70e-b349e0a4c35d', '2e8e8844-f6d9-4a14-a70e-b349e0a4c35d', '2e8e8844-f6d9-4a14-a70e-b349e0a4c35d', '2e8e8844-f6d9-4a14-a70e-b349e0a4c35d', '2e8e8844-f6d9-4a14-a70e-b349e0a4c35d', '2e8e8844-f6d9-4a14-a70e-b349e0a4c35d', '2e8e8844-f6d9-4a14-a70e-b349e0a4c35d', '2e8e8844-f6d9-4a14-a70e-b349e0a4c35d', '2e8e8844-f6d9-4a14-a70e-b349e0a4c35d', '2e8e8844-f6d9-4a14-a70e-b349e0a4c35d', '2e8e8844-f6d9-4a14-a70e-b349e0a4c35d', '2e8e8844-f6d9-4a14-a70e-b349e0a4c35d', '2e8e8844-f6d9-4a14-a70e-b349e0a4c35d', '2e8e8844-f6d9-4a14-a70e-b349e0a4c35d', '2e8e8844-f6d9-4a14-a70e-b349e0a4c35d', '2e8e8844-f6d9-4a14-a70e-b349e0a4c35d', '2e8e8844-f6d9-4a14-a70e-b349e0a4c35d', '2e8e8844-f6d9-4a14-a70e-b349e0a4c35d', '2e8e8844-f6d9-4a14-a70e-b349e0a4c35d', '2e8e8844-f6d9-4a14-a70e-b349e0a4c35d', '9370e28d-d32d-41ee-8885-7493cd66d26a', 'c12685b9-e4b7-4c7a-9207-2c2398484feb', 'c1eaddee-0893-4412-9ed7-16edb8a56c3c', '39b1ffb3-c075-45a3-a8d6-245ed73101c7', '6efe4966-2367-4762-9b94-ffa45ecf9093', '673ba84c-8d18-4533-9db7-4a161d0248ba', 'e4f8f264-e194-49d9-a60f-c0e7c6249923', 'fd7c80bf-3daf-4dd7-9c2a-ff434abd594b', '100f35a1-f454-435a-9324-b8919d544a56', '06323c6b-20ea-4789-bb8d-06861848286c', '77955d61-dde4-4541-bda5-f2c6eec38228', 'ad461d6b-ebf2-49c0-91a3-c518adb10a91', 'a44cb0ec-abf1-4e1d-beb3-4063e777fbc2', 'f20a7731-c6b6-46ed-9b74-f82951bebb7d', '92e5bd74-c0f4-4afc-aa79-9d7fac9ae138', '564d8e7b-e63e-42d7-94bf-d45deb64957e', '5493e300-99d6-434a-9e00-c0f2628b85c4', 'bfa97c04-a33f-49f6-8290-7fd0ed8211b7', 'ac94fcd4-7d08-4b73-aea5-334127dd28ba', 'd2a3e5c1-7ed0-49a0-9290-4aea5c6cd473', '75148f3d-d2f7-4c40-906f-049d3ef3fbda', '015dbca4-249f-4106-9cf2-3336fcfed498', '9fedf52b-2fb6-4265-a36d-e6e6166b13cc', '7e989b9f-b185-4102-ada6-23fc75004d69', '45af9138-4c92-4e0a-b464-f10dcd31f6c5', '577a9e0c-8ad0-40f1-b272-55efe0e72aef', '0a8a02a2-98bf-46d9-a227-1944d53b4a74']"
45ddfa05-6213-41ef-91f7-8d5fbc0b75d8,11,"['2e8e8844-f6d9-4a14-a70e-b349e0a4c35d', '2e8e8844-f6d9-4a14-a70e-b349e0a4c35d', '2e8e8844-f6d9-4a14-a70e-b349e0a4c35d', '2e8e8844-f6d9-4a14-a70e-b349e0a4c35d', '2e8e8844-f6d9-4a14-a70e-b349e0a4c35d', '2e8e8844-f6d9-4a14-a70e-b349e0a4c35d', '2e8e8844-f6d9-4a14-a70e-b349e0a4c35d', '2e8e8844-f6d9-4a14-a70e-b349e0a4c35d', '2e8e8844-f6d9-4a14-a70e-b349e0a4c35d', '2e8e8844-f6d9-4a14-a70e-b349e0a4c35d', '2e8e8844-f6d9-4a14-a70e-b349e0a4c35d', '2e8e8844-f6d9-4a14-a70e-b349e0a4c35d', '2e8e8844-f6d9-4a14-a70e-b349e0a4c35d', '2e8e8844-f6d9-4a14-a70e-b349e0a4c35d', '2e8e8844-f6d9-4a14-a70e-b349e0a4c35d', '2e8e8844-f6d9-4a14-a70e-b349e0a4c35d', '2e8e8844-f6d9-4a14-a70e-b349e0a4c35d', '2e8e8844-f6d9-4a14-a70e-b349e0a4c35d', '2e8e8844-f6d9-4a14-a70e-b349e0a4c35d', '2e8e8844-f6d9-4a14-a70e-b349e0a4c35d', '2e8e8844-f6d9-4a14-a70e-b349e0a4c35d', '2e8e8844-f6d9-4a14-a70e-b349e0a4c35d', '2e8e8844-f6d9-4a14-a70e-b349e0a4c35d', '2e8e8844-f6d9-4a14-a70e-b349e0a4c35d', '2e8e8844-f6d9-4a14-a70e-b349e0a4c35d', '2e8e8844-f6d9-4a14-a70e-b349e0a4c35d', '2e8e8844-f6d9-4a14-a70e-b349e0a4c35d', '2e8e8844-f6d9-4a14-a70e-b349e0a4c35d', '2e8e8844-f6d9-4a14-a70e-b349e0a4c35d', '2e8e8844-f6d9-4a14-a70e-b349e0a4c35d', '2e8e8844-f6d9-4a14-a70e-b349e0a4c35d', '2e8e8844-f6d9-4a14-a70e-b349e0a4c35d', '2e8e8844-f6d9-4a14-a70e-b349e0a4c35d', '2e8e8844-f6d9-4a14-a70e-b349e0a4c35d', '2e8e8844-f6d9-4a14-a70e-b349e0a4c35d', '2e8e8844-f6d9-4a14-a70e-b349e0a4c35d', '2e8e8844-f6d9-4a14-a70e-b349e0a4c35d', '2e8e8844-f6d9-4a14-a70e-b349e0a4c35d', '92e5bd74-c0f4-4afc-aa79-9d7fac9ae138', 'daa41bee-9c27-4919-a93d-2d21b3a86254', '0f5bf1db-4306-4696-8625-163882f8af07', '6042c302-df2c-4d4f-89f4-eb49cffd1022', '99e4b4e3-45f0-409b-8d8d-ea5b4f0e90f6', '9dc09f95-c75d-45a9-8f6f-c45f61351cf3', 'cbb5e1de-5a88-4a55-9a20-bf76e42da1cc', '5a6597f6-9b36-4e00-a9fb-ea028b9caeb5', '0c66ded9-ebfe-41b0-b6da-136d0c2a172c', '492f4bbd-d7a3-4bd7-bb9c-77a5e6df15b4', 'a9f9b6fc-2f70-47b0-ba2e-01753724b4fe', '50eb3be7-8362-490c-b967-5ba7111ffbdc']"
45ddfa05-6213-41ef-91f7-8d5fbc0b75d8,12,"['2e8e8844-f6d9-4a14-a70e-b349e0a4c35d', '2e8e8844-f6d9-4a14-a70e-b349e0a4c35d', '2e8e8844-f6d9-4a14-a70e-b349e0a4c35d', '2e8e8844-f6d9-4a14-a70e-b349e0a4c35d', '2e8e8844-f6d9-4a14-a70e-b349e0a4c35d', '2e8e8844-f6d9-4a14-a70e-b349e0a4c35d', '2e8e8844-f6d9-4a14-a70e-b349e0a4c35d', '2e8e8844-f6d9-4a14-a70e-b349e0a4c35d', '2e8e8844-f6d9-4a14-a70e-b349e0a4c35d', '2e8e8844-f6d9-4a14-a70e-b349e0a4c35d', '2e8e8844-f6d9-4a14-a70e-b349e0a4c35d', '2e8e8844-f6d9-4a14-a70e-b349e0a4c35d', '2e8e8844-f6d9-4a14-a70e-b349e0a4c35d', '2e8e8844-f6d9-4a14-a70e-b349e0a4c35d', '2e8e8844-f6d9-4a14-a70e-b349e0a4c35d', '2e8e8844-f6d9-4a14-a70e-b349e0a4c35d', '2e8e8844-f6d9-4a14-a70e-b349e0a4c35d', '2e8e8844-f6d9-4a14-a70e-b349e0a4c35d', '2e8e8844-f6d9-4a14-a70e-b349e0a4c35d', '2e8e8844-f6d9-4a14-a70e-b349e0a4c35d', '2e8e8844-f6d9-4a14-a70e-b349e0a4c35d', '2e8e8844-f6d9-4a14-a70e-b349e0a4c35d', '2e8e8844-f6d9-4a14-a70e-b349e0a4c35d', '2e8e8844-f6d9-4a14-a70e-b349e0a4c35d', '2e8e8844-f6d9-4a14-a70e-b349e0a4c35d', '2e8e8844-f6d9-4a14-a70e-b349e0a4c35d', '2e8e8844-f6d9-4a14-a70e-b349e0a4c35d', '2e8e8844-f6d9-4a14-a70e-b349e0a4c35d', '2e8e8844-f6d9-4a14-a70e-b349e0a4c35d', '2e8e8844-f6d9-4a14-a70e-b349e0a4c35d', '2e8e8844-f6d9-4a14-a70e-b349e0a4c35d', '2e8e8844-f6d9-4a14-a70e-b349e0a4c35d', '2e8e8844-f6d9-4a14-a70e-b349e0a4c35d', '2e8e8844-f6d9-4a14-a70e-b349e0a4c35d', '2e8e8844-f6d9-4a14-a70e-b349e0a4c35d', '92e5bd74-c0f4-4afc-aa79-9d7fac9ae138', 'daa41bee-9c27-4919-a93d-2d21b3a86254', '0f5bf1db-4306-4696-8625-163882f8af07', '99e4b4e3-45f0-409b-8d8d-ea5b4f0e90f6', '9dc09f95-c75d-45a9-8f6f-c45f61351cf3', 'cbb5e1de-5a88-4a55-9a20-bf76e42da1cc', '5a6597f6-9b36-4e00-a9fb-ea028b9caeb5', '0c66ded9-ebfe-41b0-b6da-136d0c2a172c', '492f4bbd-d7a3-4bd7-bb9c-77a5e6df15b4', 'a9f9b6fc-2f70-47b0-ba2e-01753724b4fe', '50eb3be7-8362-490c-b967-5ba7111ffbdc', '1bb9a977-37ab-48bf-aad3-24443aadafe4', '2c13d57b-3d12-4576-b509-a190a9278e9f', '2db06e0f-acb9-4ab8-814e-02758e63cd28', '3fe44bfb-1341-433b-ac76-dace87016a9a']"
45ddfa05-6213-41ef-91f7-8d5fbc0b75d8,13,"['2e8e8844-f6d9-4a14-a70e-b349e0a4c35d', '2e8e8844-f6d9-4a14-a70e-b349e0a4c35d', '2e8e8844-f6d9-4a14-a70e-b349e0a4c35d', '2e8e8844-f6d9-4a14-a70e-b349e0a4c35d', '2e8e8844-f6d9-4a14-a70e-b349e0a4c35d', '2e8e8844-f6d9-4a14-a70e-b349e0a4c35d', '2e8e8844-f6d9-4a14-a70e-b349e0a4c35d', '2e8e8844-f6d9-4a14-a70e-b349e0a4c35d', '2e8e8844-f6d9-4a14-a70e-b349e0a4c35d', '2e8e8844-f6d9-4a14-a70e-b349e0a4c35d', '2e8e8844-f6d9-4a14-a70e-b349e0a4c35d', '2e8e8844-f6d9-4a14-a70e-b349e0a4c35d', '2e8e8844-f6d9-4a14-a70e-b349e0a4c35d', '2e8e8844-f6d9-4a14-a70e-b349e0a4c35d', '2e8e8844-f6d9-4a14-a70e-b349e0a4c35d', '2e8e8844-f6d9-4a14-a70e-b349e0a4c35d', '2e8e8844-f6d9-4a14-a70e-b349e0a4c35d', '2e8e8844-f6d9-4a14-a70e-b349e0a4c35d', '2e8e8844-f6d9-4a14-a70e-b349e0a4c35d', '2e8e8844-f6d9-4a14-a70e-b349e0a4c35d', '2e8e8844-f6d9-4a14-a70e-b349e0a4c35d', '2e8e8844-f6d9-4a14-a70e-b349e0a4c35d', '2e8e8844-f6d9-4a14-a70e-b349e0a4c35d', '2e8e8844-f6d9-4a14-a70e-b349e0a4c35d', '2e8e8844-f6d9-4a14-a70e-b349e0a4c35d', '2e8e8844-f6d9-4a14-a70e-b349e0a4c35d', '2e8e8844-f6d9-4a14-a70e-b349e0a4c35d', '2e8e8844-f6d9-4a14-a70e-b349e0a4c35d', '92e5bd74-c0f4-4afc-aa79-9d7fac9ae138', 'daa41bee-9c27-4919-a93d-2d21b3a86254', '99e4b4e3-45f0-409b-8d8d-ea5b4f0e90f6', '9dc09f95-c75d-45a9-8f6f-c45f61351cf3', 'cbb5e1de-5a88-4a55-9a20-bf76e42da1cc', '5a6597f6-9b36-4e00-a9fb-ea028b9caeb5', '0c66ded9-ebfe-41b0-b6da-136d0c2a172c', '50eb3be7-8362-490c-b967-5ba7111ffbdc', '1bb9a977-37ab-48bf-aad3-24443aadafe4', '2c13d57b-3d12-4576-b509-a190a9278e9f', '2db06e0f-acb9-4ab8-814e-02758e63cd28', '3fe44bfb-1341-433b-ac76-dace87016a9a', 'eaf84048-cdad-415b-af13-8e8d3a9cfe64', '5408f99b-ec45-43d0-bf5d-1a288783039e', '3d5db97a-4ec9-4b50-82ff-86a3555fbf09', 'f4b89bc5-80cb-47f4-815e-9d877efb27c9', '976bff0c-c836-4896-b68e-9aa4e6506ef1', 'e91c6910-51e1-469c-9d97-778a7963c13c', '606c5532-1351-43c9-80e0-87d82955b7d9', 'f14668bc-740e-4f87-987c-63d2a9d5335a', '1b92a743-8199-4556-8a3f-477bf9dcac37', '6c9b1934-775a-43c0-9fcb-0e9fe96aa49a']"
45ddfa05-6213-41ef-91f7-8d5fbc0b75d8,14,"['2e8e8844-f6d9-4a14-a70e-b349e0a4c35d', '2e8e8844-f6d9-4a14-a70e-b349e0a4c35d', '2e8e8844-f6d9-4a14-a70e-b349e0a4c35d', '2e8e8844-f6d9-4a14-a70e-b349e0a4c35d', '2e8e8844-f6d9-4a14-a70e-b349e0a4c35d', '2e8e8844-f6d9-4a14-a70e-b349e0a4c35d', '2e8e8844-f6d9-4a14-a70e-b349e0a4c35d', '2e8e8844-f6d9-4a14-a70e-b349e0a4c35d', '2e8e8844-f6d9-4a14-a70e-b349e0a4c35d', '2e8e8844-f6d9-4a14-a70e-b349e0a4c35d', '2e8e8844-f6d9-4a14-a70e-b349e0a4c35d', '2e8e8844-f6d9-4a14-a70e-b349e0a4c35d', '2e8e8844-f6d9-4a14-a70e-b349e0a4c35d', '2e8e8844-f6d9-4a14-a70e-b349e0a4c35d', '2e8e8844-f6d9-4a14-a70e-b349e0a4c35d', '2e8e8844-f6d9-4a14-a70e-b349e0a4c35d', '2e8e8844-f6d9-4a14-a70e-b349e0a4c35d', '2e8e8844-f6d9-4a14-a70e-b349e0a4c35d', '2e8e8844-f6d9-4a14-a70e-b349e0a4c35d', '2e8e8844-f6d9-4a14-a70e-b349e0a4c35d', '92e5bd74-c0f4-4afc-aa79-9d7fac9ae138', 'daa41bee-9c27-4919-a93d-2d21b3a86254', '99e4b4e3-45f0-409b-8d8d-ea5b4f0e90f6', '9dc09f95-c75d-45a9-8f6f-c45f61351cf3', 'cbb5e1de-5a88-4a55-9a20-bf76e42da1cc', '5a6597f6-9b36-4e00-a9fb-ea028b9caeb5', '0c66ded9-ebfe-41b0-b6da-136d0c2a172c', '50eb3be7-8362-490c-b967-5ba7111ffbdc', '1bb9a977-37ab-48bf-aad3-24443aadafe4', '2c13d57b-3d12-4576-b509-a190a9278e9f', '2db06e0f-acb9-4ab8-814e-02758e63cd28', '3fe44bfb-1341-433b-ac76-dace87016a9a', 'eaf84048-cdad-415b-af13-8e8d3a9cfe64', '5408f99b-ec45-43d0-bf5d-1a288783039e', '3d5db97a-4ec9-4b50-82ff-86a3555fbf09', 'f4b89bc5-80cb-47f4-815e-9d877efb27c9', 'e91c6910-51e1-469c-9d97-778a7963c13c', '606c5532-1351-43c9-80e0-87d82955b7d9', 'f14668bc-740e-4f87-987c-63d2a9d5335a', '1b92a743-8199-4556-8a3f-477bf9dcac37', '6c9b1934-775a-43c0-9fcb-0e9fe96aa49a', '0569ab4e-62f2-45ba-926f-3fa5dd1d0133', '65d1bae2-bc77-4d51-81ed-326b0a88f32b', '41d8f9da-721c-4deb-b2bf-45d3a4757255', 'b84bac7f-a77b-43a9-8716-d397101b8ded', '7e4c6c98-748b-4ba3-b4e8-69ff514f6e47', 'ce678dad-79a8-469c-9a30-f514e05e723c', '14af9fb3-a402-461f-9de3-3eae743dbc88', '40184bc8-c98a-45c2-b433-e7182b74a6f8', 'bfb5cf8e-c71d-436c-a319-24636d8be768']"
45ddfa05-6213-41ef-91f7-8d5fbc0b75d8,15,"['2e8e8844-f6d9-4a14-a70e-b349e0a4c35d', '2e8e8844-f6d9-4a14-a70e-b349e0a4c35d', '2e8e8844-f6d9-4a14-a70e-b349e0a4c35d', '2e8e8844-f6d9-4a14-a70e-b349e0a4c35d', '2e8e8844-f6d9-4a14-a70e-b349e0a4c35d', '2e8e8844-f6d9-4a14-a70e-b349e0a4c35d', '2e8e8844-f6d9-4a14-a70e-b349e0a4c35d', '2e8e8844-f6d9-4a14-a70e-b349e0a4c35d', '2e8e8844-f6d9-4a14-a70e-b349e0a4c35d', '2e8e8844-f6d9-4a14-a70e-b349e0a4c35d', '2e8e8844-f6d9-4a14-a70e-b349e0a4c35d', '2e8e8844-f6d9-4a14-a70e-b349e0a4c35d', '2e8e8844-f6d9-4a14-a70e-b349e0a4c35d', '2e8e8844-f6d9-4a14-a70e-b349e0a4c35d', '2e8e8844-f6d9-4a14-a70e-b349e0a4c35d', '2e8e8844-f6d9-4a14-a70e-b349e0a4c35d', '2e8e8844-f6d9-4a14-a70e-b349e0a4c35d', '2e8e8844-f6d9-4a14-a70e-b349e0a4c35d', '2e8e8844-f6d9-4a14-a70e-b349e0a4c35d', '2e8e8844-f6d9-4a14-a70e-b349e0a4c35d', '2e8e8844-f6d9-4a14-a70e-b349e0a4c35d', '2e8e8844-f6d9-4a14-a70e-b349e0a4c35d', '2e8e8844-f6d9-4a14-a70e-b349e0a4c35d', '2e8e8844-f6d9-4a14-a70e-b349e0a4c35d', '2e8e8844-f6d9-4a14-a70e-b349e0a4c35d', '2e8e8844-f6d9-4a14-a70e-b349e0a4c35d', '2e8e8844-f6d9-4a14-a70e-b349e0a4c35d', '2e8e8844-f6d9-4a14-a70e-b349e0a4c35d', '2e8e8844-f6d9-4a14-a70e-b349e0a4c35d', '2e8e8844-f6d9-4a14-a70e-b349e0a4c35d', '2e8e8844-f6d9-4a14-a70e-b349e0a4c35d', '2e8e8844-f6d9-4a14-a70e-b349e0a4c35d', '2e8e8844-f6d9-4a14-a70e-b349e0a4c35d', '2e8e8844-f6d9-4a14-a70e-b349e0a4c35d', '2e8e8844-f6d9-4a14-a70e-b349e0a4c35d', '2e8e8844-f6d9-4a14-a70e-b349e0a4c35d', '5a7b1f8a-ae39-407f-9302-0dd7c9282729', '042b9b98-b73f-43c0-826b-2d2c332878f6', '162999bb-51cc-4ea6-b21c-51205cfe51c3', '6cd872eb-183c-4645-89c9-3fc584c8a40e', '9a3be94b-5f89-4596-9831-333589bf3f03', '5c4cf8f5-4e3b-49b2-8f01-b155f27432ac', '53db8837-4ce6-4933-9a5b-17acf8f701b2', '6c3c5623-3021-4474-952e-3236ff372bee', '36ff2099-5b7d-4d31-92e0-2007a1ffa467', '40279217-9072-4473-8f3a-255747a66855', '62e5fcea-da0b-4049-b363-04d682a2953b', '087aa10b-9885-4cdc-8bbd-a08d08cd0d6d', '12eecf72-885d-4706-82b3-90c5412c378e', 'a25c297b-23ff-4e9b-8daf-1fb4132d1b1f']"
