run_id,itr,pool_members_uuids
9f89cfff-a204-40df-be4c-01914f31852c,0,"['a5b71fb6-9c16-4142-a120-046e4e71d834', 'a5b71fb6-9c16-4142-a120-046e4e71d834', 'a5b71fb6-9c16-4142-a120-046e4e71d834', 'a5b71fb6-9c16-4142-a120-046e4e71d834', 'a5b71fb6-9c16-4142-a120-046e4e71d834', 'a5b71fb6-9c16-4142-a120-046e4e71d834', 'a5b71fb6-9c16-4142-a120-046e4e71d834', 'a5b71fb6-9c16-4142-a120-046e4e71d834', 'a5b71fb6-9c16-4142-a120-046e4e71d834', 'a5b71fb6-9c16-4142-a120-046e4e71d834', 'a5b71fb6-9c16-4142-a120-046e4e71d834', 'a5b71fb6-9c16-4142-a120-046e4e71d834', 'a5b71fb6-9c16-4142-a120-046e4e71d834', 'a5b71fb6-9c16-4142-a120-046e4e71d834', 'a5b71fb6-9c16-4142-a120-046e4e71d834', 'a5b71fb6-9c16-4142-a120-046e4e71d834', 'a5b71fb6-9c16-4142-a120-046e4e71d834', 'a5b71fb6-9c16-4142-a120-046e4e71d834', 'a5b71fb6-9c16-4142-a120-046e4e71d834', 'a5b71fb6-9c16-4142-a120-046e4e71d834', 'a5b71fb6-9c16-4142-a120-046e4e71d834', 'a5b71fb6-9c16-4142-a120-046e4e71d834', 'a5b71fb6-9c16-4142-a120-046e4e71d834', 'a5b71fb6-9c16-4142-a120-046e4e71d834', 'a5b71fb6-9c16-4142-a120-046e4e71d834', 'a5b71fb6-9c16-4142-a120-046e4e71d834', 'a5b71fb6-9c16-4142-a120-046e4e71d834', 'a5b71fb6-9c16-4142-a120-046e4e71d834', 'a5b71fb6-9c16-4142-a120-046e4e71d834', 'a5b71fb6-9c16-4142-a120-046e4e71d834', 'a5b71fb6-9c16-4142-a120-046e4e71d834', 'a5b71fb6-9c16-4142-a120-046e4e71d834', 'a5b71fb6-9c16-4142-a120-046e4e71d834', 'a5b71fb6-9c16-4142-a120-046e4e71d834', 'a5b71fb6-9c16-4142-a120-046e4e71d834', 'a5b71fb6-9c16-4142-a120-046e4e71d834', 'a5b71fb6-9c16-4142-a120-046e4e71d834', 'a5b71fb6-9c16-4142-a120-046e4e71d834', 'a5b71fb6-9c16-4142-a120-046e4e71d834', 'a5b71fb6-9c16-4142-a120-046e4e71d834', 'a5b71fb6-9c16-4142-a120-046e4e71d834', 'a5b71fb6-9c16-4142-a120-046e4e71d834', 'a5b71fb6-9c16-4142-a120-046e4e71d834', 'a5b71fb6-9c16-4142-a120-046e4e71d834', 'a5b71fb6-9c16-4142-a120-046e4e71d834', 'a5b71fb6-9c16-4142-a120-046e4e71d834', 'a5b71fb6-9c16-4142-a120-046e4e71d834', 'a5b71fb6-9c16-4142-a120-046e4e71d834', 'a5b71fb6-9c16-4142-a120-046e4e71d834', 'a5b71fb6-9c16-4142-a120-046e4e71d834']"
9f89cfff-a204-40df-be4c-01914f31852c,1,"['a5b71fb6-9c16-4142-a120-046e4e71d834', 'a5b71fb6-9c16-4142-a120-046e4e71d834', 'a5b71fb6-9c16-4142-a120-046e4e71d834', 'a5b71fb6-9c16-4142-a120-046e4e71d834', 'a5b71fb6-9c16-4142-a120-046e4e71d834', 'a5b71fb6-9c16-4142-a120-046e4e71d834', 'a5b71fb6-9c16-4142-a120-046e4e71d834', 'a5b71fb6-9c16-4142-a120-046e4e71d834', 'a5b71fb6-9c16-4142-a120-046e4e71d834', 'a5b71fb6-9c16-4142-a120-046e4e71d834', 'a5b71fb6-9c16-4142-a120-046e4e71d834', 'a5b71fb6-9c16-4142-a120-046e4e71d834', 'a5b71fb6-9c16-4142-a120-046e4e71d834', 'a5b71fb6-9c16-4142-a120-046e4e71d834', 'a5b71fb6-9c16-4142-a120-046e4e71d834', 'a5b71fb6-9c16-4142-a120-046e4e71d834', 'a5b71fb6-9c16-4142-a120-046e4e71d834', 'a5b71fb6-9c16-4142-a120-046e4e71d834', 'a5b71fb6-9c16-4142-a120-046e4e71d834', 'a5b71fb6-9c16-4142-a120-046e4e71d834', 'a5b71fb6-9c16-4142-a120-046e4e71d834', 'a5b71fb6-9c16-4142-a120-046e4e71d834', 'a5b71fb6-9c16-4142-a120-046e4e71d834', 'a5b71fb6-9c16-4142-a120-046e4e71d834', 'a5b71fb6-9c16-4142-a120-046e4e71d834', 'a5b71fb6-9c16-4142-a120-046e4e71d834', 'a5b71fb6-9c16-4142-a120-046e4e71d834', 'a5b71fb6-9c16-4142-a120-046e4e71d834', 'a5b71fb6-9c16-4142-a120-046e4e71d834', 'a5b71fb6-9c16-4142-a120-046e4e71d834', 'a5b71fb6-9c16-4142-a120-046e4e71d834', 'a5b71fb6-9c16-4142-a120-046e4e71d834', 'a5b71fb6-9c16-4142-a120-046e4e71d834', 'a5b71fb6-9c16-4142-a120-046e4e71d834', '0fdd5355-1ccb-4299-8a4f-d755006faee3', 'e8eff763-d904-4d2d-a1d4-7ff7191d8a5f', 'd511ee8c-727c-4bdc-828d-98388978e99b', '9d0f0b85-b51b-4e3d-a8c9-2f4a00b4aeb9', 'fe11052f-fa50-4e7b-91ba-b605f451b8b2', '0d650f0f-c148-4cdd-a8a9-8c1e0c8caa41', '9f9a8f64-b788-4357-a29d-afe4318d01bf', 'c58d7633-6a1d-4e57-9d7b-220559c8f5d8', 'f4aa6b31-0eec-4989-b7fe-87b6c797cac5', '511d3d6e-7039-4d73-8a2d-56381781811b', 'f2307edf-1ac7-4d4c-a530-6dd569529753', 'd0b5c225-036c-43af-ab63-d13befc81374', 'a1484b1b-6cff-4be5-b16b-eebea8938b44', '0a5246e4-8d29-48ec-ad7f-54517cb9e585', 'c1ddfea5-a110-4f01-929d-bfc38879342a', '106d7135-1391-442f-9cee-2761c46eb01b']"
9f89cfff-a204-40df-be4c-01914f31852c,2,"['a5b71fb6-9c16-4142-a120-046e4e71d834', 'a5b71fb6-9c16-4142-a120-046e4e71d834', 'a5b71fb6-9c16-4142-a120-046e4e71d834', 'a5b71fb6-9c16-4142-a120-046e4e71d834', 'a5b71fb6-9c16-4142-a120-046e4e71d834', 'a5b71fb6-9c16-4142-a120-046e4e71d834', 'a5b71fb6-9c16-4142-a120-046e4e71d834', 'a5b71fb6-9c16-4142-a120-046e4e71d834', 'a5b71fb6-9c16-4142-a120-046e4e71d834', 'a5b71fb6-9c16-4142-a120-046e4e71d834', 'a5b71fb6-9c16-4142-a120-046e4e71d834', 'a5b71fb6-9c16-4142-a120-046e4e71d834', 'a5b71fb6-9c16-4142-a120-046e4e71d834', 'a5b71fb6-9c16-4142-a120-046e4e71d834', 'a5b71fb6-9c16-4142-a120-046e4e71d834', 'a5b71fb6-9c16-4142-a120-046e4e71d834', 'a5b71fb6-9c16-4142-a120-046e4e71d834', 'a5b71fb6-9c16-4142-a120-046e4e71d834', 'a5b71fb6-9c16-4142-a120-046e4e71d834', 'a5b71fb6-9c16-4142-a120-046e4e71d834', 'a5b71fb6-9c16-4142-a120-046e4e71d834', 'a5b71fb6-9c16-4142-a120-046e4e71d834', 'a5b71fb6-9c16-4142-a120-046e4e71d834', 'a5b71fb6-9c16-4142-a120-046e4e71d834', 'a5b71fb6-9c16-4142-a120-046e4e71d834', 'a5b71fb6-9c16-4142-a120-046e4e71d834', '0fdd5355-1ccb-4299-8a4f-d755006faee3', 'e8eff763-d904-4d2d-a1d4-7ff7191d8a5f', 'd511ee8c-727c-4bdc-828d-98388978e99b', '9d0f0b85-b51b-4e3d-a8c9-2f4a00b4aeb9', 'fe11052f-fa50-4e7b-91ba-b605f451b8b2', '0d650f0f-c148-4cdd-a8a9-8c1e0c8caa41', '9f9a8f64-b788-4357-a29d-afe4318d01bf', 'c58d7633-6a1d-4e57-9d7b-220559c8f5d8', 'f4aa6b31-0eec-4989-b7fe-87b6c797cac5', '511d3d6e-7039-4d73-8a2d-56381781811b', 'd0b5c225-036c-43af-ab63-d13befc81374', 'a1484b1b-6cff-4be5-b16b-eebea8938b44', '0a5246e4-8d29-48ec-ad7f-54517cb9e585', '106d7135-1391-442f-9cee-2761c46eb01b', 'fbaff373-286d-4136-a1ac-aa947c4de6a6', '4a3359d0-71e4-4940-8303-16e8358f0bee', '1f6300ef-ee46-49e6-b154-3f29cb73ce8f', 'c88ac2d8-65de-4c99-ac46-3e3ffc31f5a1', 'fe81b68c-2366-497d-902d-37119dc167d1', '3cc02705-1b57-4e20-9fca-068e60b40329', 'f1c01087-dfcb-4b43-ba27-30e2943a11ea', 'c531035a-656d-4b55-8f78-9aad59dd8a02', '006ddcf9-3bc0-4945-be69-83eaf1968ae9', 'f957a8bd-b386-440e-9420-2ea410031f35']"
9f89cfff-a204-40df-be4c-01914f31852c,3,"['a5b71fb6-9c16-4142-a120-046e4e71d834', 'a5b71fb6-9c16-4142-a120-046e4e71d834', 'a5b71fb6-9c16-4142-a120-046e4e71d834', 'a5b71fb6-9c16-4142-a120-046e4e71d834', 'a5b71fb6-9c16-4142-a120-046e4e71d834', 'a5b71fb6-9c16-4142-a120-046e4e71d834', 'a5b71fb6-9c16-4142-a120-046e4e71d834', 'a5b71fb6-9c16-4142-a120-046e4e71d834', 'a5b71fb6-9c16-4142-a120-046e4e71d834', 'a5b71fb6-9c16-4142-a120-046e4e71d834', 'a5b71fb6-9c16-4142-a120-046e4e71d834', 'a5b71fb6-9c16-4142-a120-046e4e71d834', 'a5b71fb6-9c16-4142-a120-046e4e71d834', 'a5b71fb6-9c16-4142-a120-046e4e71d834', 'a5b71fb6-9c16-4142-a120-046e4e71d834', 'a5b71fb6-9c16-4142-a120-046e4e71d834', 'a5b71fb6-9c16-4142-a120-046e4e71d834', 'a5b71fb6-9c16-4142-a120-046e4e71d834', 'a5b71fb6-9c16-4142-a120-046e4e71d834', 'a5b71fb6-9c16-4142-a120-046e4e71d834', 'a5b71fb6-9c16-4142-a120-046e4e71d834', 'e8eff763-d904-4d2d-a1d4-7ff7191d8a5f', 'd511ee8c-727c-4bdc-828d-98388978e99b', '9d0f0b85-b51b-4e3d-a8c9-2f4a00b4aeb9', 'fe11052f-fa50-4e7b-91ba-b605f451b8b2', '0d650f0f-c148-4cdd-a8a9-8c1e0c8caa41', 'f4aa6b31-0eec-4989-b7fe-87b6c797cac5', 'd0b5c225-036c-43af-ab63-d13befc81374', 'a1484b1b-6cff-4be5-b16b-eebea8938b44', 'fbaff373-286d-4136-a1ac-aa947c4de6a6', '4a3359d0-71e4-4940-8303-16e8358f0bee', '1f6300ef-ee46-49e6-b154-3f29cb73ce8f', 'c88ac2d8-65de-4c99-ac46-3e3ffc31f5a1', '3cc02705-1b57-4e20-9fca-068e60b40329', 'f1c01087-dfcb-4b43-ba27-30e2943a11ea', 'c531035a-656d-4b55-8f78-9aad59dd8a02', '006ddcf9-3bc0-4945-be69-83eaf1968ae9', 'f957a8bd-b386-440e-9420-2ea410031f35', '576750d7-1e4e-45cd-a439-1c6ebdd65236', 'bdff5095-b066-4127-81fb-1d87d7b91e26', '1face4ff-495c-4188-8595-06669a003cb9', 'f22b2a19-3b9f-4fd5-a3eb-0cc6b3a119bf', 'd59190f0-1df3-4b35-bcd2-d88734efbe65', 'c2ee1d1f-c84d-4e37-83fd-0d68afc824c6', 'b9d1c12a-778f-46ac-bf9b-e24b515a1b17', 'a1e468a0-cf75-442d-ae34-47905fc194a5', '51bbe3c1-ca26-4a31-ac9a-94ae589c67b6', 'ed695986-0683-4e3f-81de-6580e630cbbc', '7b9f82c3-1732-47ef-bdb8-81cb6e504725', '297533b5-1b7b-46c4-a033-45d730edd6e4']"
9f89cfff-a204-40df-be4c-01914f31852c,4,"['a5b71fb6-9c16-4142-a120-046e4e71d834', 'a5b71fb6-9c16-4142-a120-046e4e71d834', 'a5b71fb6-9c16-4142-a120-046e4e71d834', 'a5b71fb6-9c16-4142-a120-046e4e71d834', 'a5b71fb6-9c16-4142-a120-046e4e71d834', 'a5b71fb6-9c16-4142-a120-046e4e71d834', 'a5b71fb6-9c16-4142-a120-046e4e71d834', 'a5b71fb6-9c16-4142-a120-046e4e71d834', 'a5b71fb6-9c16-4142-a120-046e4e71d834', 'a5b71fb6-9c16-4142-a120-046e4e71d834', 'a5b71fb6-9c16-4142-a120-046e4e71d834', 'a5b71fb6-9c16-4142-a120-046e4e71d834', 'a5b71fb6-9c16-4142-a120-046e4e71d834', 'a5b71fb6-9c16-4142-a120-046e4e71d834', 'a5b71fb6-9c16-4142-a120-046e4e71d834', 'a5b71fb6-9c16-4142-a120-046e4e71d834', 'a5b71fb6-9c16-4142-a120-046e4e71d834', 'a5b71fb6-9c16-4142-a120-046e4e71d834', 'a5b71fb6-9c16-4142-a120-046e4e71d834', 'a5b71fb6-9c16-4142-a120-046e4e71d834', 'a5b71fb6-9c16-4142-a120-046e4e71d834', 'a5b71fb6-9c16-4142-a120-046e4e71d834', 'a5b71fb6-9c16-4142-a120-046e4e71d834', 'a5b71fb6-9c16-4142-a120-046e4e71d834', 'a5b71fb6-9c16-4142-a120-046e4e71d834', 'a5b71fb6-9c16-4142-a120-046e4e71d834', 'a5b71fb6-9c16-4142-a120-046e4e71d834', 'a5b71fb6-9c16-4142-a120-046e4e71d834', 'a5b71fb6-9c16-4142-a120-046e4e71d834', 'a5b71fb6-9c16-4142-a120-046e4e71d834', 'a5b71fb6-9c16-4142-a120-046e4e71d834', 'a5b71fb6-9c16-4142-a120-046e4e71d834', 'a5b71fb6-9c16-4142-a120-046e4e71d834', 'a5b71fb6-9c16-4142-a120-046e4e71d834', 'a5b71fb6-9c16-4142-a120-046e4e71d834', 'a5b71fb6-9c16-4142-a120-046e4e71d834', 'a5b71fb6-9c16-4142-a120-046e4e71d834', 'a5b71fb6-9c16-4142-a120-046e4e71d834', 'a5b71fb6-9c16-4142-a120-046e4e71d834', 'a5b71fb6-9c16-4142-a120-046e4e71d834', 'a5b71fb6-9c16-4142-a120-046e4e71d834', 'a5b71fb6-9c16-4142-a120-046e4e71d834', 'a5b71fb6-9c16-4142-a120-046e4e71d834', 'e2974556-86ab-47dd-9d57-372e3e2a8d09', '9a718edb-f6f6-46e7-a275-00a7142f6888', 'd46dd762-3515-4f84-a297-d1bffcc9cffc', '2c70ce8e-2e29-4b4b-9e22-02293f8cd704', '1e2916a6-d07e-44ab-bd08-57b6acd91773', 'f5893b21-8f10-4646-9736-5af58fa0aaca', '7409df2f-03e6-4f18-824d-620672f954ca']"
9f89cfff-a204-40df-be4c-01914f31852c,5,"['a5b71fb6-9c16-4142-a120-046e4e71d834', 'a5b71fb6-9c16-4142-a120-046e4e71d834', 'a5b71fb6-9c16-4142-a120-046e4e71d834', 'a5b71fb6-9c16-4142-a120-046e4e71d834', 'a5b71fb6-9c16-4142-a120-046e4e71d834', 'a5b71fb6-9c16-4142-a120-046e4e71d834', 'a5b71fb6-9c16-4142-a120-046e4e71d834', 'a5b71fb6-9c16-4142-a120-046e4e71d834', 'a5b71fb6-9c16-4142-a120-046e4e71d834', 'a5b71fb6-9c16-4142-a120-046e4e71d834', 'a5b71fb6-9c16-4142-a120-046e4e71d834', 'a5b71fb6-9c16-4142-a120-046e4e71d834', 'a5b71fb6-9c16-4142-a120-046e4e71d834', 'a5b71fb6-9c16-4142-a120-046e4e71d834', 'a5b71fb6-9c16-4142-a120-046e4e71d834', 'a5b71fb6-9c16-4142-a120-046e4e71d834', 'a5b71fb6-9c16-4142-a120-046e4e71d834', 'a5b71fb6-9c16-4142-a120-046e4e71d834', 'a5b71fb6-9c16-4142-a120-046e4e71d834', 'a5b71fb6-9c16-4142-a120-046e4e71d834', 'a5b71fb6-9c16-4142-a120-046e4e71d834', 'a5b71fb6-9c16-4142-a120-046e4e71d834', 'a5b71fb6-9c16-4142-a120-046e4e71d834', 'a5b71fb6-9c16-4142-a120-046e4e71d834', 'a5b71fb6-9c16-4142-a120-046e4e71d834', 'a5b71fb6-9c16-4142-a120-046e4e71d834', 'a5b71fb6-9c16-4142-a120-046e4e71d834', 'a5b71fb6-9c16-4142-a120-046e4e71d834', 'a5b71fb6-9c16-4142-a120-046e4e71d834', 'a5b71fb6-9c16-4142-a120-046e4e71d834', 'a5b71fb6-9c16-4142-a120-046e4e71d834', 'a5b71fb6-9c16-4142-a120-046e4e71d834', 'a5b71fb6-9c16-4142-a120-046e4e71d834', 'a5b71fb6-9c16-4142-a120-046e4e71d834', 'a5b71fb6-9c16-4142-a120-046e4e71d834', 'a5b71fb6-9c16-4142-a120-046e4e71d834', '9a718edb-f6f6-46e7-a275-00a7142f6888', 'd46dd762-3515-4f84-a297-d1bffcc9cffc', '2c70ce8e-2e29-4b4b-9e22-02293f8cd704', '1e2916a6-d07e-44ab-bd08-57b6acd91773', '7c14a3b0-c2ce-4e46-bd63-5588e261395c', '4c428b8f-cfb8-426d-8444-b04340952176', '6e6c3ab3-6a06-4e0a-a7da-4cf100364715', '32ff126f-2410-4992-8c0d-c1c825fe51b2', '97740086-71a2-40fa-b0ee-3f058c3ce1c0', '9dfeee1e-2da3-4bcb-ba4b-370de8fe0e2f', '5946ea56-4012-40a8-876f-5e7232e8e18a', '88eb255b-cbe2-40d1-949c-60a8a6ec941b', '5662acb0-6881-466e-9fce-c926ef825c2a', 'c66a9ad2-32ac-42ff-b3d5-313622769cd6']"
9f89cfff-a204-40df-be4c-01914f31852c,6,"['a5b71fb6-9c16-4142-a120-046e4e71d834', 'a5b71fb6-9c16-4142-a120-046e4e71d834', 'a5b71fb6-9c16-4142-a120-046e4e71d834', 'a5b71fb6-9c16-4142-a120-046e4e71d834', 'a5b71fb6-9c16-4142-a120-046e4e71d834', 'a5b71fb6-9c16-4142-a120-046e4e71d834', 'a5b71fb6-9c16-4142-a120-046e4e71d834', 'a5b71fb6-9c16-4142-a120-046e4e71d834', 'a5b71fb6-9c16-4142-a120-046e4e71d834', 'a5b71fb6-9c16-4142-a120-046e4e71d834', 'a5b71fb6-9c16-4142-a120-046e4e71d834', 'a5b71fb6-9c16-4142-a120-046e4e71d834', 'a5b71fb6-9c16-4142-a120-046e4e71d834', 'a5b71fb6-9c16-4142-a120-046e4e71d834', 'a5b71fb6-9c16-4142-a120-046e4e71d834', 'a5b71fb6-9c16-4142-a120-046e4e71d834', 'a5b71fb6-9c16-4142-a120-046e4e71d834', 'a5b71fb6-9c16-4142-a120-046e4e71d834', 'a5b71fb6-9c16-4142-a120-046e4e71d834', 'a5b71fb6-9c16-4142-a120-046e4e71d834', 'a5b71fb6-9c16-4142-a120-046e4e71d834', 'a5b71fb6-9c16-4142-a120-046e4e71d834', 'a5b71fb6-9c16-4142-a120-046e4e71d834', 'a5b71fb6-9c16-4142-a120-046e4e71d834', 'a5b71fb6-9c16-4142-a120-046e4e71d834', 'a5b71fb6-9c16-4142-a120-046e4e71d834', 'a5b71fb6-9c16-4142-a120-046e4e71d834', 'a5b71fb6-9c16-4142-a120-046e4e71d834', 'a5b71fb6-9c16-4142-a120-046e4e71d834', 'a5b71fb6-9c16-4142-a120-046e4e71d834', 'a5b71fb6-9c16-4142-a120-046e4e71d834', '2c70ce8e-2e29-4b4b-9e22-02293f8cd704', '1e2916a6-d07e-44ab-bd08-57b6acd91773', '7c14a3b0-c2ce-4e46-bd63-5588e261395c', '6e6c3ab3-6a06-4e0a-a7da-4cf100364715', '5946ea56-4012-40a8-876f-5e7232e8e18a', '5662acb0-6881-466e-9fce-c926ef825c2a', 'c66a9ad2-32ac-42ff-b3d5-313622769cd6', '1816f693-3e12-4196-a3be-87bb9cb2c78e', 'ea6d6f2b-fa4a-440d-b2ac-7b56818ecb8b', 'e5827bf1-d8b0-45c3-b2d9-7609f28a7f7b', '03f9b549-731a-4268-902d-5042840c0a4b', 'cfa8d72b-420d-488c-9c84-33ed52e595d9', '64d84489-b5e6-4e64-acf5-352a2a9d2bf7', '2608dcf6-5859-4ac3-963e-fb6f592dc35d', '816e44c4-ffc3-4a41-8955-b887d81a9baf', '29a4bd96-3d05-414a-9ccc-4b83c24b15e0', '9737c3c3-27f5-41d1-8b86-a6c408e0e802', '2f63d302-af2e-4a65-a619-38870b6f81bd', '4c90285f-75ac-412c-a1af-6870462852ac']"
9f89cfff-a204-40df-be4c-01914f31852c,7,"['a5b71fb6-9c16-4142-a120-046e4e71d834', 'a5b71fb6-9c16-4142-a120-046e4e71d834', 'a5b71fb6-9c16-4142-a120-046e4e71d834', 'a5b71fb6-9c16-4142-a120-046e4e71d834', 'a5b71fb6-9c16-4142-a120-046e4e71d834', 'a5b71fb6-9c16-4142-a120-046e4e71d834', 'a5b71fb6-9c16-4142-a120-046e4e71d834', 'a5b71fb6-9c16-4142-a120-046e4e71d834', 'a5b71fb6-9c16-4142-a120-046e4e71d834', 'a5b71fb6-9c16-4142-a120-046e4e71d834', 'a5b71fb6-9c16-4142-a120-046e4e71d834', 'a5b71fb6-9c16-4142-a120-046e4e71d834', 'a5b71fb6-9c16-4142-a120-046e4e71d834', 'a5b71fb6-9c16-4142-a120-046e4e71d834', 'a5b71fb6-9c16-4142-a120-046e4e71d834', 'a5b71fb6-9c16-4142-a120-046e4e71d834', 'a5b71fb6-9c16-4142-a120-046e4e71d834', 'a5b71fb6-9c16-4142-a120-046e4e71d834', 'a5b71fb6-9c16-4142-a120-046e4e71d834', 'a5b71fb6-9c16-4142-a120-046e4e71d834', 'a5b71fb6-9c16-4142-a120-046e4e71d834', 'a5b71fb6-9c16-4142-a120-046e4e71d834', 'a5b71fb6-9c16-4142-a120-046e4e71d834', 'a5b71fb6-9c16-4142-a120-046e4e71d834', 'a5b71fb6-9c16-4142-a120-046e4e71d834', '2c70ce8e-2e29-4b4b-9e22-02293f8cd704', '1e2916a6-d07e-44ab-bd08-57b6acd91773', '7c14a3b0-c2ce-4e46-bd63-5588e261395c', '6e6c3ab3-6a06-4e0a-a7da-4cf100364715', '5946ea56-4012-40a8-876f-5e7232e8e18a', '5662acb0-6881-466e-9fce-c926ef825c2a', 'c66a9ad2-32ac-42ff-b3d5-313622769cd6', '1816f693-3e12-4196-a3be-87bb9cb2c78e', 'ea6d6f2b-fa4a-440d-b2ac-7b56818ecb8b', '03f9b549-731a-4268-902d-5042840c0a4b', 'cfa8d72b-420d-488c-9c84-33ed52e595d9', '64d84489-b5e6-4e64-acf5-352a2a9d2bf7', '2608dcf6-5859-4ac3-963e-fb6f592dc35d', '816e44c4-ffc3-4a41-8955-b887d81a9baf', '29a4bd96-3d05-414a-9ccc-4b83c24b15e0', '9737c3c3-27f5-41d1-8b86-a6c408e0e802', '2f63d302-af2e-4a65-a619-38870b6f81bd', '4c90285f-75ac-412c-a1af-6870462852ac', '292b8ce2-60ce-428a-ac87-809cdcf29b24', 'fbea3363-12f8-4ccb-9c63-abd7851ca2f0', 'c82f2e56-3209-45d7-ade9-3a37f382a50f', 'efa229a7-e0fc-4322-b016-c1e4a09dec4f', '3804dc5e-945b-4972-8250-847d6f328e44', '404cb674-9848-4f26-9eeb-6cfaa0fa9d53', '3a5c5580-aa2b-4b13-868c-80274ea23408']"
9f89cfff-a204-40df-be4c-01914f31852c,8,"['a5b71fb6-9c16-4142-a120-046e4e71d834', 'a5b71fb6-9c16-4142-a120-046e4e71d834', 'a5b71fb6-9c16-4142-a120-046e4e71d834', 'a5b71fb6-9c16-4142-a120-046e4e71d834', 'a5b71fb6-9c16-4142-a120-046e4e71d834', 'a5b71fb6-9c16-4142-a120-046e4e71d834', 'a5b71fb6-9c16-4142-a120-046e4e71d834', 'a5b71fb6-9c16-4142-a120-046e4e71d834', 'a5b71fb6-9c16-4142-a120-046e4e71d834', 'a5b71fb6-9c16-4142-a120-046e4e71d834', 'a5b71fb6-9c16-4142-a120-046e4e71d834', 'a5b71fb6-9c16-4142-a120-046e4e71d834', 'a5b71fb6-9c16-4142-a120-046e4e71d834', 'a5b71fb6-9c16-4142-a120-046e4e71d834', 'a5b71fb6-9c16-4142-a120-046e4e71d834', 'a5b71fb6-9c16-4142-a120-046e4e71d834', '2c70ce8e-2e29-4b4b-9e22-02293f8cd704', '1e2916a6-d07e-44ab-bd08-57b6acd91773', '7c14a3b0-c2ce-4e46-bd63-5588e261395c', '6e6c3ab3-6a06-4e0a-a7da-4cf100364715', '5946ea56-4012-40a8-876f-5e7232e8e18a', '5662acb0-6881-466e-9fce-c926ef825c2a', 'ea6d6f2b-fa4a-440d-b2ac-7b56818ecb8b', '03f9b549-731a-4268-902d-5042840c0a4b', 'cfa8d72b-420d-488c-9c84-33ed52e595d9', '64d84489-b5e6-4e64-acf5-352a2a9d2bf7', '2608dcf6-5859-4ac3-963e-fb6f592dc35d', '29a4bd96-3d05-414a-9ccc-4b83c24b15e0', '2f63d302-af2e-4a65-a619-38870b6f81bd', '4c90285f-75ac-412c-a1af-6870462852ac', '292b8ce2-60ce-428a-ac87-809cdcf29b24', 'c82f2e56-3209-45d7-ade9-3a37f382a50f', 'efa229a7-e0fc-4322-b016-c1e4a09dec4f', '3804dc5e-945b-4972-8250-847d6f328e44', '404cb674-9848-4f26-9eeb-6cfaa0fa9d53', '3a5c5580-aa2b-4b13-868c-80274ea23408', '32e0c5e0-8fb4-4b16-8ae3-84bf959157b9', '278de9bc-d9a4-46e8-8388-e2fd715cf0da', '90e22d9e-d799-4ef5-8ab2-d3e583cb7a7c', 'd8f58b0d-160c-4a40-8b7d-ceeaa6145e06', '537446a1-258a-4d31-b6be-7b75cb3edda2', 'd7080e8f-bd5c-472a-9d8a-aca00619eb58', 'e47d4f68-b16c-4d98-b117-1b580fcfba05', '00de5531-fe06-468d-8b9f-da8430fb5ceb', 'b28b7b5a-ee05-4f4c-81d8-b04baaddd5a9', 'd2f8c1eb-7367-42cc-a38e-5aeed789d464', '82fcb8e1-10f6-4415-90fa-d9d7b1b41bc4', '90610d63-dbaa-4c66-b902-a1b11b7d72e0', '14ef5abb-c61f-47bd-93e9-aea18bde1908', '030d8717-fdb0-4b7f-bcf9-1bbced745d6e']"
9f89cfff-a204-40df-be4c-01914f31852c,9,"['90610d63-dbaa-4c66-b902-a1b11b7d72e0', '90610d63-dbaa-4c66-b902-a1b11b7d72e0', '90610d63-dbaa-4c66-b902-a1b11b7d72e0', '90610d63-dbaa-4c66-b902-a1b11b7d72e0', '90610d63-dbaa-4c66-b902-a1b11b7d72e0', '90610d63-dbaa-4c66-b902-a1b11b7d72e0', '90610d63-dbaa-4c66-b902-a1b11b7d72e0', '90610d63-dbaa-4c66-b902-a1b11b7d72e0', '90610d63-dbaa-4c66-b902-a1b11b7d72e0', '90610d63-dbaa-4c66-b902-a1b11b7d72e0', '90610d63-dbaa-4c66-b902-a1b11b7d72e0', '90610d63-dbaa-4c66-b902-a1b11b7d72e0', '90610d63-dbaa-4c66-b902-a1b11b7d72e0', '90610d63-dbaa-4c66-b902-a1b11b7d72e0', '90610d63-dbaa-4c66-b902-a1b11b7d72e0', '90610d63-dbaa-4c66-b902-a1b11b7d72e0', '90610d63-dbaa-4c66-b902-a1b11b7d72e0', '90610d63-dbaa-4c66-b902-a1b11b7d72e0', '90610d63-dbaa-4c66-b902-a1b11b7d72e0', '90610d63-dbaa-4c66-b902-a1b11b7d72e0', '90610d63-dbaa-4c66-b902-a1b11b7d72e0', '90610d63-dbaa-4c66-b902-a1b11b7d72e0', '90610d63-dbaa-4c66-b902-a1b11b7d72e0', '90610d63-dbaa-4c66-b902-a1b11b7d72e0', '90610d63-dbaa-4c66-b902-a1b11b7d72e0', '90610d63-dbaa-4c66-b902-a1b11b7d72e0', '90610d63-dbaa-4c66-b902-a1b11b7d72e0', '90610d63-dbaa-4c66-b902-a1b11b7d72e0', '90610d63-dbaa-4c66-b902-a1b11b7d72e0', '90610d63-dbaa-4c66-b902-a1b11b7d72e0', '90610d63-dbaa-4c66-b902-a1b11b7d72e0', '90610d63-dbaa-4c66-b902-a1b11b7d72e0', '90610d63-dbaa-4c66-b902-a1b11b7d72e0', '90610d63-dbaa-4c66-b902-a1b11b7d72e0', '90610d63-dbaa-4c66-b902-a1b11b7d72e0', '90610d63-dbaa-4c66-b902-a1b11b7d72e0', '90610d63-dbaa-4c66-b902-a1b11b7d72e0', '90610d63-dbaa-4c66-b902-a1b11b7d72e0', '90610d63-dbaa-4c66-b902-a1b11b7d72e0', '11f55304-6ca4-4619-ad9f-30c0d6a06fe1', '5b574f77-0e91-49d4-8812-961932cb7f23', 'dc7d6ff1-a02c-4854-9fd1-8f042a45e017', '797de61e-f365-497d-a83b-647222647eec', '17c17b30-50ab-494c-a4a2-120b22d0b094', '7b732852-0e00-481a-af5d-9da63ff82714', 'c033aa47-a622-4bda-a7cd-e27e2bb07c3d', '410d1fbf-8c5b-46ad-897b-77dd84db8440', '6cfd840c-0e11-4ba4-8fb5-513a7d6ac3fd', '1844ab40-d746-4111-8ba5-f0009115bd06', '7986b072-8d16-47dd-ac46-7a0796fc2a40']"
9f89cfff-a204-40df-be4c-01914f31852c,10,"['90610d63-dbaa-4c66-b902-a1b11b7d72e0', '90610d63-dbaa-4c66-b902-a1b11b7d72e0', '90610d63-dbaa-4c66-b902-a1b11b7d72e0', '90610d63-dbaa-4c66-b902-a1b11b7d72e0', '90610d63-dbaa-4c66-b902-a1b11b7d72e0', '90610d63-dbaa-4c66-b902-a1b11b7d72e0', '90610d63-dbaa-4c66-b902-a1b11b7d72e0', '90610d63-dbaa-4c66-b902-a1b11b7d72e0', '90610d63-dbaa-4c66-b902-a1b11b7d72e0', '90610d63-dbaa-4c66-b902-a1b11b7d72e0', '90610d63-dbaa-4c66-b902-a1b11b7d72e0', '90610d63-dbaa-4c66-b902-a1b11b7d72e0', '90610d63-dbaa-4c66-b902-a1b11b7d72e0', '90610d63-dbaa-4c66-b902-a1b11b7d72e0', '90610d63-dbaa-4c66-b902-a1b11b7d72e0', '90610d63-dbaa-4c66-b902-a1b11b7d72e0', '90610d63-dbaa-4c66-b902-a1b11b7d72e0', '90610d63-dbaa-4c66-b902-a1b11b7d72e0', '90610d63-dbaa-4c66-b902-a1b11b7d72e0', '90610d63-dbaa-4c66-b902-a1b11b7d72e0', '90610d63-dbaa-4c66-b902-a1b11b7d72e0', '90610d63-dbaa-4c66-b902-a1b11b7d72e0', '90610d63-dbaa-4c66-b902-a1b11b7d72e0', '90610d63-dbaa-4c66-b902-a1b11b7d72e0', '90610d63-dbaa-4c66-b902-a1b11b7d72e0', '90610d63-dbaa-4c66-b902-a1b11b7d72e0', '90610d63-dbaa-4c66-b902-a1b11b7d72e0', '11f55304-6ca4-4619-ad9f-30c0d6a06fe1', '5b574f77-0e91-49d4-8812-961932cb7f23', 'dc7d6ff1-a02c-4854-9fd1-8f042a45e017', '797de61e-f365-497d-a83b-647222647eec', '17c17b30-50ab-494c-a4a2-120b22d0b094', 'c033aa47-a622-4bda-a7cd-e27e2bb07c3d', '410d1fbf-8c5b-46ad-897b-77dd84db8440', '6cfd840c-0e11-4ba4-8fb5-513a7d6ac3fd', '1844ab40-d746-4111-8ba5-f0009115bd06', '7986b072-8d16-47dd-ac46-7a0796fc2a40', 'b77c4667-1ac1-45e6-a7f3-8b38a7bd5efa', 'dee33453-7d8d-4e0a-ac88-470619db1e8e', '77bd0404-cf98-4854-8ee4-3117fac9533d', '1664033d-9fc6-4b90-b9ae-40ae4191c8a8', '9f99c581-32f1-434d-9e61-30029077bb5d', '32ea6c44-a4f4-4ee3-ab70-864ff238279e', '72ae404f-84b1-4b93-be4e-1bd633e40db4', '8e2985c9-0a5d-4829-9dfa-03e2c53a9e72', 'e5c37da0-2031-41fe-964b-888354b63501', 'a145f108-802a-491f-a794-4ea7ff10b868', '247ad320-30b7-4fe4-99aa-7d06b4563405', 'b0251f7a-5e98-4bb0-a1b3-6182581c2e8e', 'ae114289-c061-4cd1-84ae-98fafdc7cfc0']"
9f89cfff-a204-40df-be4c-01914f31852c,11,"['90610d63-dbaa-4c66-b902-a1b11b7d72e0', '90610d63-dbaa-4c66-b902-a1b11b7d72e0', '90610d63-dbaa-4c66-b902-a1b11b7d72e0', '90610d63-dbaa-4c66-b902-a1b11b7d72e0', '90610d63-dbaa-4c66-b902-a1b11b7d72e0', '90610d63-dbaa-4c66-b902-a1b11b7d72e0', '90610d63-dbaa-4c66-b902-a1b11b7d72e0', '90610d63-dbaa-4c66-b902-a1b11b7d72e0', '90610d63-dbaa-4c66-b902-a1b11b7d72e0', '90610d63-dbaa-4c66-b902-a1b11b7d72e0', '90610d63-dbaa-4c66-b902-a1b11b7d72e0', '90610d63-dbaa-4c66-b902-a1b11b7d72e0', '90610d63-dbaa-4c66-b902-a1b11b7d72e0', '90610d63-dbaa-4c66-b902-a1b11b7d72e0', '90610d63-dbaa-4c66-b902-a1b11b7d72e0', '90610d63-dbaa-4c66-b902-a1b11b7d72e0', '90610d63-dbaa-4c66-b902-a1b11b7d72e0', '90610d63-dbaa-4c66-b902-a1b11b7d72e0', '90610d63-dbaa-4c66-b902-a1b11b7d72e0', '90610d63-dbaa-4c66-b902-a1b11b7d72e0', '90610d63-dbaa-4c66-b902-a1b11b7d72e0', '11f55304-6ca4-4619-ad9f-30c0d6a06fe1', '5b574f77-0e91-49d4-8812-961932cb7f23', 'dc7d6ff1-a02c-4854-9fd1-8f042a45e017', '17c17b30-50ab-494c-a4a2-120b22d0b094', '6cfd840c-0e11-4ba4-8fb5-513a7d6ac3fd', '1844ab40-d746-4111-8ba5-f0009115bd06', '7986b072-8d16-47dd-ac46-7a0796fc2a40', 'b77c4667-1ac1-45e6-a7f3-8b38a7bd5efa', 'dee33453-7d8d-4e0a-ac88-470619db1e8e', '1664033d-9fc6-4b90-b9ae-40ae4191c8a8', '9f99c581-32f1-434d-9e61-30029077bb5d', '32ea6c44-a4f4-4ee3-ab70-864ff238279e', '72ae404f-84b1-4b93-be4e-1bd633e40db4', '8e2985c9-0a5d-4829-9dfa-03e2c53a9e72', 'e5c37da0-2031-41fe-964b-888354b63501', 'a145f108-802a-491f-a794-4ea7ff10b868', '247ad320-30b7-4fe4-99aa-7d06b4563405', 'b0251f7a-5e98-4bb0-a1b3-6182581c2e8e', 'ae114289-c061-4cd1-84ae-98fafdc7cfc0', '843b9957-c2d9-496b-a34b-8beee7c5f90a', 'd3a1d702-4c3f-4c81-b319-c33ea2d26684', 'cc805954-ac3d-4fc8-88cf-52421057116d', '7512b1ff-5ca7-4fb2-8d74-81f70f319b4b', '7d852669-5dbc-4471-bc01-2df468ea274f', 'c15dffac-17aa-4238-84c9-41c11053e26d', '21987ff4-892e-49fa-9eed-792e32bd01da', 'e881b61e-e33d-439c-85b0-3aea20288981', 'aede6d25-6098-456a-89d6-aa94f1140224', '4a0975d5-65d3-417c-bbf9-f9788998d307']"
9f89cfff-a204-40df-be4c-01914f31852c,12,"['90610d63-dbaa-4c66-b902-a1b11b7d72e0', '90610d63-dbaa-4c66-b902-a1b11b7d72e0', '90610d63-dbaa-4c66-b902-a1b11b7d72e0', '90610d63-dbaa-4c66-b902-a1b11b7d72e0', '90610d63-dbaa-4c66-b902-a1b11b7d72e0', '90610d63-dbaa-4c66-b902-a1b11b7d72e0', '90610d63-dbaa-4c66-b902-a1b11b7d72e0', '90610d63-dbaa-4c66-b902-a1b11b7d72e0', '90610d63-dbaa-4c66-b902-a1b11b7d72e0', '90610d63-dbaa-4c66-b902-a1b11b7d72e0', '90610d63-dbaa-4c66-b902-a1b11b7d72e0', '90610d63-dbaa-4c66-b902-a1b11b7d72e0', '90610d63-dbaa-4c66-b902-a1b11b7d72e0', '90610d63-dbaa-4c66-b902-a1b11b7d72e0', '90610d63-dbaa-4c66-b902-a1b11b7d72e0', '90610d63-dbaa-4c66-b902-a1b11b7d72e0', '90610d63-dbaa-4c66-b902-a1b11b7d72e0', '90610d63-dbaa-4c66-b902-a1b11b7d72e0', '90610d63-dbaa-4c66-b902-a1b11b7d72e0', '90610d63-dbaa-4c66-b902-a1b11b7d72e0', '90610d63-dbaa-4c66-b902-a1b11b7d72e0', '90610d63-dbaa-4c66-b902-a1b11b7d72e0', '90610d63-dbaa-4c66-b902-a1b11b7d72e0', '90610d63-dbaa-4c66-b902-a1b11b7d72e0', '90610d63-dbaa-4c66-b902-a1b11b7d72e0', '90610d63-dbaa-4c66-b902-a1b11b7d72e0', '90610d63-dbaa-4c66-b902-a1b11b7d72e0', '90610d63-dbaa-4c66-b902-a1b11b7d72e0', '90610d63-dbaa-4c66-b902-a1b11b7d72e0', '90610d63-dbaa-4c66-b902-a1b11b7d72e0', '90610d63-dbaa-4c66-b902-a1b11b7d72e0', '90610d63-dbaa-4c66-b902-a1b11b7d72e0', '90610d63-dbaa-4c66-b902-a1b11b7d72e0', '90610d63-dbaa-4c66-b902-a1b11b7d72e0', '90610d63-dbaa-4c66-b902-a1b11b7d72e0', '90610d63-dbaa-4c66-b902-a1b11b7d72e0', '210ec5cd-86ff-4615-be63-a186ff62ca09', 'caf674e9-2efe-4533-8dd6-d27fd1d3448c', '370294a5-b684-46e2-83ea-4ff7d43db882', '713f0d14-c327-49a1-ba70-216605587ca9', 'efe8f40e-b995-472d-9648-8cd6d778843d', '69d1587e-0dfd-4196-8fae-c6d9803e1155', '5f3b93dd-d04a-411a-8310-8aa55b0491c1', 'fc4780d2-7e25-4306-a90c-811862042a33', '469271a2-a6db-4494-817e-59f2f05cd528', '4cad8523-79a9-4360-9e9c-2b3193c1b478', 'd961c282-279d-4f12-af60-ad2c5cb9f46b', '0390172b-2db6-4b8e-b315-aebdd49064e0', '650bba6d-2d17-43c5-843f-52450f16dd8f', '3f3b6cd7-085a-495e-9261-249e6c40a1fe']"
9f89cfff-a204-40df-be4c-01914f31852c,13,"['90610d63-dbaa-4c66-b902-a1b11b7d72e0', '90610d63-dbaa-4c66-b902-a1b11b7d72e0', '90610d63-dbaa-4c66-b902-a1b11b7d72e0', '90610d63-dbaa-4c66-b902-a1b11b7d72e0', '90610d63-dbaa-4c66-b902-a1b11b7d72e0', '90610d63-dbaa-4c66-b902-a1b11b7d72e0', '90610d63-dbaa-4c66-b902-a1b11b7d72e0', '90610d63-dbaa-4c66-b902-a1b11b7d72e0', '90610d63-dbaa-4c66-b902-a1b11b7d72e0', '90610d63-dbaa-4c66-b902-a1b11b7d72e0', '90610d63-dbaa-4c66-b902-a1b11b7d72e0', '90610d63-dbaa-4c66-b902-a1b11b7d72e0', '90610d63-dbaa-4c66-b902-a1b11b7d72e0', '90610d63-dbaa-4c66-b902-a1b11b7d72e0', '90610d63-dbaa-4c66-b902-a1b11b7d72e0', '90610d63-dbaa-4c66-b902-a1b11b7d72e0', '90610d63-dbaa-4c66-b902-a1b11b7d72e0', '90610d63-dbaa-4c66-b902-a1b11b7d72e0', '90610d63-dbaa-4c66-b902-a1b11b7d72e0', '90610d63-dbaa-4c66-b902-a1b11b7d72e0', '90610d63-dbaa-4c66-b902-a1b11b7d72e0', '90610d63-dbaa-4c66-b902-a1b11b7d72e0', '90610d63-dbaa-4c66-b902-a1b11b7d72e0', '90610d63-dbaa-4c66-b902-a1b11b7d72e0', '90610d63-dbaa-4c66-b902-a1b11b7d72e0', '90610d63-dbaa-4c66-b902-a1b11b7d72e0', '90610d63-dbaa-4c66-b902-a1b11b7d72e0', '90610d63-dbaa-4c66-b902-a1b11b7d72e0', '90610d63-dbaa-4c66-b902-a1b11b7d72e0', '210ec5cd-86ff-4615-be63-a186ff62ca09', '370294a5-b684-46e2-83ea-4ff7d43db882', '713f0d14-c327-49a1-ba70-216605587ca9', 'efe8f40e-b995-472d-9648-8cd6d778843d', '69d1587e-0dfd-4196-8fae-c6d9803e1155', '5f3b93dd-d04a-411a-8310-8aa55b0491c1', 'fc4780d2-7e25-4306-a90c-811862042a33', '469271a2-a6db-4494-817e-59f2f05cd528', '4cad8523-79a9-4360-9e9c-2b3193c1b478', '0390172b-2db6-4b8e-b315-aebdd49064e0', '650bba6d-2d17-43c5-843f-52450f16dd8f', '3f3b6cd7-085a-495e-9261-249e6c40a1fe', 'aa5eb799-df27-47bd-9250-6bce2fa2d485', 'abfd372a-0831-4fba-ade4-d553bef7f48e', '2d7e4486-6106-495d-9ae4-3a48dd683292', '549130fa-4138-46dd-beaa-b739f8d40a7c', '7d98d5f2-839c-4477-a9fb-af68f10e7c5a', '87c46972-d723-4c67-a1cb-206ed60f6680', '916800b8-dbb1-4a02-9b14-7269e69488aa', '407a5a93-9ca7-4c08-801c-e86e53aec8bb', 'e9bc3569-5790-4285-8660-2d598b46bbd8']"
9f89cfff-a204-40df-be4c-01914f31852c,14,"['90610d63-dbaa-4c66-b902-a1b11b7d72e0', '90610d63-dbaa-4c66-b902-a1b11b7d72e0', '90610d63-dbaa-4c66-b902-a1b11b7d72e0', '90610d63-dbaa-4c66-b902-a1b11b7d72e0', '90610d63-dbaa-4c66-b902-a1b11b7d72e0', '90610d63-dbaa-4c66-b902-a1b11b7d72e0', '90610d63-dbaa-4c66-b902-a1b11b7d72e0', '90610d63-dbaa-4c66-b902-a1b11b7d72e0', '90610d63-dbaa-4c66-b902-a1b11b7d72e0', '90610d63-dbaa-4c66-b902-a1b11b7d72e0', '90610d63-dbaa-4c66-b902-a1b11b7d72e0', '90610d63-dbaa-4c66-b902-a1b11b7d72e0', '90610d63-dbaa-4c66-b902-a1b11b7d72e0', '90610d63-dbaa-4c66-b902-a1b11b7d72e0', '90610d63-dbaa-4c66-b902-a1b11b7d72e0', '90610d63-dbaa-4c66-b902-a1b11b7d72e0', '90610d63-dbaa-4c66-b902-a1b11b7d72e0', '90610d63-dbaa-4c66-b902-a1b11b7d72e0', '90610d63-dbaa-4c66-b902-a1b11b7d72e0', '90610d63-dbaa-4c66-b902-a1b11b7d72e0', '90610d63-dbaa-4c66-b902-a1b11b7d72e0', '210ec5cd-86ff-4615-be63-a186ff62ca09', 'efe8f40e-b995-472d-9648-8cd6d778843d', '69d1587e-0dfd-4196-8fae-c6d9803e1155', '5f3b93dd-d04a-411a-8310-8aa55b0491c1', 'fc4780d2-7e25-4306-a90c-811862042a33', '469271a2-a6db-4494-817e-59f2f05cd528', '4cad8523-79a9-4360-9e9c-2b3193c1b478', '0390172b-2db6-4b8e-b315-aebdd49064e0', '650bba6d-2d17-43c5-843f-52450f16dd8f', '3f3b6cd7-085a-495e-9261-249e6c40a1fe', 'aa5eb799-df27-47bd-9250-6bce2fa2d485', '2d7e4486-6106-495d-9ae4-3a48dd683292', '549130fa-4138-46dd-beaa-b739f8d40a7c', '87c46972-d723-4c67-a1cb-206ed60f6680', 'be4067e4-ba43-4acb-a84f-f02c8d2a7127', '473837dc-1454-43da-8efc-20abdbd2b2a5', 'd6bf659e-7dbe-44ad-9cb1-95acdc539a8f', 'e3d769a4-fddf-4b6a-bbcb-06e1bc7cb2a9', '7fd8e069-8e2d-4554-bd30-c28846d3def8', '5283a497-2886-49aa-a827-e18e30284074', 'ec3408d0-25b5-4e09-9f2f-2d9f027248cb', '6a5fcdaa-561b-4a40-9586-6e20f1002faf', '2834ee8b-db6f-4f2b-a151-08bfe8324cb8', 'e3359326-466d-403a-a70b-9cbbdf2d8597', 'aa5eb099-955c-4e0b-9a3d-e9820fdf07dc', '05d9ccea-1ba5-4d7e-aa64-f5e96fd48ca8', 'fca16b5b-316f-4bc5-9d67-cf734769861a', 'd48f29ce-eda0-4831-955d-0f2b226762d2', '93040081-65bd-459e-ba78-730c3676115c']"
9f89cfff-a204-40df-be4c-01914f31852c,15,"['90610d63-dbaa-4c66-b902-a1b11b7d72e0', '90610d63-dbaa-4c66-b902-a1b11b7d72e0', '90610d63-dbaa-4c66-b902-a1b11b7d72e0', '90610d63-dbaa-4c66-b902-a1b11b7d72e0', '90610d63-dbaa-4c66-b902-a1b11b7d72e0', '90610d63-dbaa-4c66-b902-a1b11b7d72e0', '90610d63-dbaa-4c66-b902-a1b11b7d72e0', '90610d63-dbaa-4c66-b902-a1b11b7d72e0', '90610d63-dbaa-4c66-b902-a1b11b7d72e0', '90610d63-dbaa-4c66-b902-a1b11b7d72e0', '90610d63-dbaa-4c66-b902-a1b11b7d72e0', '90610d63-dbaa-4c66-b902-a1b11b7d72e0', '90610d63-dbaa-4c66-b902-a1b11b7d72e0', '90610d63-dbaa-4c66-b902-a1b11b7d72e0', '90610d63-dbaa-4c66-b902-a1b11b7d72e0', '90610d63-dbaa-4c66-b902-a1b11b7d72e0', '90610d63-dbaa-4c66-b902-a1b11b7d72e0', '90610d63-dbaa-4c66-b902-a1b11b7d72e0', '90610d63-dbaa-4c66-b902-a1b11b7d72e0', '90610d63-dbaa-4c66-b902-a1b11b7d72e0', '90610d63-dbaa-4c66-b902-a1b11b7d72e0', '90610d63-dbaa-4c66-b902-a1b11b7d72e0', '90610d63-dbaa-4c66-b902-a1b11b7d72e0', '90610d63-dbaa-4c66-b902-a1b11b7d72e0', '90610d63-dbaa-4c66-b902-a1b11b7d72e0', '90610d63-dbaa-4c66-b902-a1b11b7d72e0', '90610d63-dbaa-4c66-b902-a1b11b7d72e0', '90610d63-dbaa-4c66-b902-a1b11b7d72e0', '90610d63-dbaa-4c66-b902-a1b11b7d72e0', '90610d63-dbaa-4c66-b902-a1b11b7d72e0', '90610d63-dbaa-4c66-b902-a1b11b7d72e0', '90610d63-dbaa-4c66-b902-a1b11b7d72e0', '90610d63-dbaa-4c66-b902-a1b11b7d72e0', '90610d63-dbaa-4c66-b902-a1b11b7d72e0', '90610d63-dbaa-4c66-b902-a1b11b7d72e0', '90610d63-dbaa-4c66-b902-a1b11b7d72e0', '90610d63-dbaa-4c66-b902-a1b11b7d72e0', '90610d63-dbaa-4c66-b902-a1b11b7d72e0', '90610d63-dbaa-4c66-b902-a1b11b7d72e0', '2a49d154-3ab0-43e2-be21-13a22f15b049', '909f7d4c-99ac-41b4-9095-71172ce784a9', '4c66c426-2fa6-4605-b516-95864a0632e1', 'efc1c200-4127-400a-bddb-a51c0da6b684', 'fcf47bfd-dd62-4726-aecb-15bada6666aa', '10f4f4d2-a065-46c8-b3a9-1b05e81700d3', '53e6e1ee-e989-4efc-8aff-a0e942197df9', 'aeaa7c78-786d-4ffd-b124-75a426ccfd1d', 'fe3d2d8b-54cd-4a78-b08d-d4f321f7dcd3', '065893f7-c9a3-49fd-9a13-f9c9e0f9adc9', '4480bd03-bacf-4778-81b6-9d1ad3e36f64']"
0455a6e7-492b-4fca-826e-c441e91d2c4a,0,"['4d7645b2-ca02-4ac9-a17d-87d100302af0', '4d7645b2-ca02-4ac9-a17d-87d100302af0', '4d7645b2-ca02-4ac9-a17d-87d100302af0', '4d7645b2-ca02-4ac9-a17d-87d100302af0', '4d7645b2-ca02-4ac9-a17d-87d100302af0', '4d7645b2-ca02-4ac9-a17d-87d100302af0', '4d7645b2-ca02-4ac9-a17d-87d100302af0', '4d7645b2-ca02-4ac9-a17d-87d100302af0', '4d7645b2-ca02-4ac9-a17d-87d100302af0', '4d7645b2-ca02-4ac9-a17d-87d100302af0', '4d7645b2-ca02-4ac9-a17d-87d100302af0', '4d7645b2-ca02-4ac9-a17d-87d100302af0', '4d7645b2-ca02-4ac9-a17d-87d100302af0', '4d7645b2-ca02-4ac9-a17d-87d100302af0', '4d7645b2-ca02-4ac9-a17d-87d100302af0', '4d7645b2-ca02-4ac9-a17d-87d100302af0', '4d7645b2-ca02-4ac9-a17d-87d100302af0', '4d7645b2-ca02-4ac9-a17d-87d100302af0', '4d7645b2-ca02-4ac9-a17d-87d100302af0', '4d7645b2-ca02-4ac9-a17d-87d100302af0', '4d7645b2-ca02-4ac9-a17d-87d100302af0', '4d7645b2-ca02-4ac9-a17d-87d100302af0', '4d7645b2-ca02-4ac9-a17d-87d100302af0', '4d7645b2-ca02-4ac9-a17d-87d100302af0', '4d7645b2-ca02-4ac9-a17d-87d100302af0', '4d7645b2-ca02-4ac9-a17d-87d100302af0', '4d7645b2-ca02-4ac9-a17d-87d100302af0', '4d7645b2-ca02-4ac9-a17d-87d100302af0', '4d7645b2-ca02-4ac9-a17d-87d100302af0', '4d7645b2-ca02-4ac9-a17d-87d100302af0', '4d7645b2-ca02-4ac9-a17d-87d100302af0', '4d7645b2-ca02-4ac9-a17d-87d100302af0', '4d7645b2-ca02-4ac9-a17d-87d100302af0', '4d7645b2-ca02-4ac9-a17d-87d100302af0', '4d7645b2-ca02-4ac9-a17d-87d100302af0', '4d7645b2-ca02-4ac9-a17d-87d100302af0', '4d7645b2-ca02-4ac9-a17d-87d100302af0', '4d7645b2-ca02-4ac9-a17d-87d100302af0', '4d7645b2-ca02-4ac9-a17d-87d100302af0', '4d7645b2-ca02-4ac9-a17d-87d100302af0', '4d7645b2-ca02-4ac9-a17d-87d100302af0', '4d7645b2-ca02-4ac9-a17d-87d100302af0', '4d7645b2-ca02-4ac9-a17d-87d100302af0', '4d7645b2-ca02-4ac9-a17d-87d100302af0', '4d7645b2-ca02-4ac9-a17d-87d100302af0', '4d7645b2-ca02-4ac9-a17d-87d100302af0', '4d7645b2-ca02-4ac9-a17d-87d100302af0', '4d7645b2-ca02-4ac9-a17d-87d100302af0', '4d7645b2-ca02-4ac9-a17d-87d100302af0', '4d7645b2-ca02-4ac9-a17d-87d100302af0']"
0455a6e7-492b-4fca-826e-c441e91d2c4a,1,"['4d7645b2-ca02-4ac9-a17d-87d100302af0', '4d7645b2-ca02-4ac9-a17d-87d100302af0', '4d7645b2-ca02-4ac9-a17d-87d100302af0', '4d7645b2-ca02-4ac9-a17d-87d100302af0', '4d7645b2-ca02-4ac9-a17d-87d100302af0', '4d7645b2-ca02-4ac9-a17d-87d100302af0', '4d7645b2-ca02-4ac9-a17d-87d100302af0', '4d7645b2-ca02-4ac9-a17d-87d100302af0', '4d7645b2-ca02-4ac9-a17d-87d100302af0', '4d7645b2-ca02-4ac9-a17d-87d100302af0', '4d7645b2-ca02-4ac9-a17d-87d100302af0', '4d7645b2-ca02-4ac9-a17d-87d100302af0', '4d7645b2-ca02-4ac9-a17d-87d100302af0', '4d7645b2-ca02-4ac9-a17d-87d100302af0', '4d7645b2-ca02-4ac9-a17d-87d100302af0', '4d7645b2-ca02-4ac9-a17d-87d100302af0', '4d7645b2-ca02-4ac9-a17d-87d100302af0', '4d7645b2-ca02-4ac9-a17d-87d100302af0', '4d7645b2-ca02-4ac9-a17d-87d100302af0', '4d7645b2-ca02-4ac9-a17d-87d100302af0', '4d7645b2-ca02-4ac9-a17d-87d100302af0', '4d7645b2-ca02-4ac9-a17d-87d100302af0', '4d7645b2-ca02-4ac9-a17d-87d100302af0', '4d7645b2-ca02-4ac9-a17d-87d100302af0', '4d7645b2-ca02-4ac9-a17d-87d100302af0', '4d7645b2-ca02-4ac9-a17d-87d100302af0', '4d7645b2-ca02-4ac9-a17d-87d100302af0', '4d7645b2-ca02-4ac9-a17d-87d100302af0', '4d7645b2-ca02-4ac9-a17d-87d100302af0', '4d7645b2-ca02-4ac9-a17d-87d100302af0', '4d7645b2-ca02-4ac9-a17d-87d100302af0', '4d7645b2-ca02-4ac9-a17d-87d100302af0', '4d7645b2-ca02-4ac9-a17d-87d100302af0', '4d7645b2-ca02-4ac9-a17d-87d100302af0', '4d7645b2-ca02-4ac9-a17d-87d100302af0', '4d7645b2-ca02-4ac9-a17d-87d100302af0', '4d7645b2-ca02-4ac9-a17d-87d100302af0', '4d7645b2-ca02-4ac9-a17d-87d100302af0', '4d7645b2-ca02-4ac9-a17d-87d100302af0', '4d7645b2-ca02-4ac9-a17d-87d100302af0', '4d7645b2-ca02-4ac9-a17d-87d100302af0', '07573b1b-006d-456c-988f-3d9c7e50c39d', '1fcb882a-41f3-4c53-a42a-ff8ad6596c80', 'ad469ab8-bbc6-47cf-aa80-a407c6066dd6', 'a1c523eb-8f71-48f2-9f5e-a185aca84e3d', '1ebcf681-4a2c-4a66-bc48-55000564c447', '050161bc-63d4-4c49-9447-2bb8d9c295d0', '0f6e7a87-e5aa-4d2a-9bab-3974e5019dcf', '0cc564c3-8a9f-4b8d-ae07-c552a1ea03e6', '2d8e08a6-b667-443b-8b98-ad0cf569507f']"
0455a6e7-492b-4fca-826e-c441e91d2c4a,2,"['4d7645b2-ca02-4ac9-a17d-87d100302af0', '4d7645b2-ca02-4ac9-a17d-87d100302af0', '4d7645b2-ca02-4ac9-a17d-87d100302af0', '4d7645b2-ca02-4ac9-a17d-87d100302af0', '4d7645b2-ca02-4ac9-a17d-87d100302af0', '4d7645b2-ca02-4ac9-a17d-87d100302af0', '4d7645b2-ca02-4ac9-a17d-87d100302af0', '4d7645b2-ca02-4ac9-a17d-87d100302af0', '4d7645b2-ca02-4ac9-a17d-87d100302af0', '4d7645b2-ca02-4ac9-a17d-87d100302af0', '4d7645b2-ca02-4ac9-a17d-87d100302af0', '4d7645b2-ca02-4ac9-a17d-87d100302af0', '4d7645b2-ca02-4ac9-a17d-87d100302af0', '4d7645b2-ca02-4ac9-a17d-87d100302af0', '4d7645b2-ca02-4ac9-a17d-87d100302af0', '4d7645b2-ca02-4ac9-a17d-87d100302af0', '4d7645b2-ca02-4ac9-a17d-87d100302af0', '4d7645b2-ca02-4ac9-a17d-87d100302af0', '4d7645b2-ca02-4ac9-a17d-87d100302af0', '4d7645b2-ca02-4ac9-a17d-87d100302af0', '4d7645b2-ca02-4ac9-a17d-87d100302af0', '4d7645b2-ca02-4ac9-a17d-87d100302af0', '4d7645b2-ca02-4ac9-a17d-87d100302af0', '1ebcf681-4a2c-4a66-bc48-55000564c447', '1ebcf681-4a2c-4a66-bc48-55000564c447', '1ebcf681-4a2c-4a66-bc48-55000564c447', '1ebcf681-4a2c-4a66-bc48-55000564c447', '1ebcf681-4a2c-4a66-bc48-55000564c447', '1ebcf681-4a2c-4a66-bc48-55000564c447', '1ebcf681-4a2c-4a66-bc48-55000564c447', '1ebcf681-4a2c-4a66-bc48-55000564c447', '1ebcf681-4a2c-4a66-bc48-55000564c447', '1ebcf681-4a2c-4a66-bc48-55000564c447', '1ebcf681-4a2c-4a66-bc48-55000564c447', '1ebcf681-4a2c-4a66-bc48-55000564c447', '1ebcf681-4a2c-4a66-bc48-55000564c447', '1ebcf681-4a2c-4a66-bc48-55000564c447', '7b2e76e6-b42a-4c12-86be-96ef9e2d3942', '132e2943-5a75-4f15-8f98-c9767c606e8e', 'dab9a99f-44a1-41a1-92fb-d09368dfbfd0', '5056a662-e4c4-49c8-b3a0-c7feaf1e7063', 'e7f1b3db-d343-41bf-924e-938756834d71', 'b1660418-361e-438f-84c7-ceb72231c547', '871611b7-9f00-4a88-a6bf-330e92d8e179', 'aca2f54a-ff2c-4454-a580-be5c1240b544', 'a7082e8c-544d-4535-b49b-32a9b4851248', 'b6550842-0e0a-4b92-8cda-51578e934727', '5052db5a-bff2-4bd3-ac0f-29942244af24', 'a82f7e5c-4605-4c0d-88c2-bcd176db3ca6', 'fe2d07f8-f2e5-4abb-ba98-a05101c6e8de']"
0455a6e7-492b-4fca-826e-c441e91d2c4a,3,"['4d7645b2-ca02-4ac9-a17d-87d100302af0', '1ebcf681-4a2c-4a66-bc48-55000564c447', '1ebcf681-4a2c-4a66-bc48-55000564c447', '1ebcf681-4a2c-4a66-bc48-55000564c447', '1ebcf681-4a2c-4a66-bc48-55000564c447', '1ebcf681-4a2c-4a66-bc48-55000564c447', '1ebcf681-4a2c-4a66-bc48-55000564c447', '1ebcf681-4a2c-4a66-bc48-55000564c447', '1ebcf681-4a2c-4a66-bc48-55000564c447', '1ebcf681-4a2c-4a66-bc48-55000564c447', '1ebcf681-4a2c-4a66-bc48-55000564c447', '1ebcf681-4a2c-4a66-bc48-55000564c447', '1ebcf681-4a2c-4a66-bc48-55000564c447', '1ebcf681-4a2c-4a66-bc48-55000564c447', '1ebcf681-4a2c-4a66-bc48-55000564c447', 'b6550842-0e0a-4b92-8cda-51578e934727', 'b6550842-0e0a-4b92-8cda-51578e934727', 'b6550842-0e0a-4b92-8cda-51578e934727', 'b6550842-0e0a-4b92-8cda-51578e934727', 'b6550842-0e0a-4b92-8cda-51578e934727', 'b6550842-0e0a-4b92-8cda-51578e934727', 'b6550842-0e0a-4b92-8cda-51578e934727', 'b6550842-0e0a-4b92-8cda-51578e934727', 'b6550842-0e0a-4b92-8cda-51578e934727', 'b6550842-0e0a-4b92-8cda-51578e934727', 'b6550842-0e0a-4b92-8cda-51578e934727', 'b6550842-0e0a-4b92-8cda-51578e934727', 'b6550842-0e0a-4b92-8cda-51578e934727', 'b6550842-0e0a-4b92-8cda-51578e934727', 'b6550842-0e0a-4b92-8cda-51578e934727', 'b6550842-0e0a-4b92-8cda-51578e934727', 'b6550842-0e0a-4b92-8cda-51578e934727', 'b6550842-0e0a-4b92-8cda-51578e934727', 'b6550842-0e0a-4b92-8cda-51578e934727', 'b6550842-0e0a-4b92-8cda-51578e934727', 'b6550842-0e0a-4b92-8cda-51578e934727', 'b6550842-0e0a-4b92-8cda-51578e934727', 'b6550842-0e0a-4b92-8cda-51578e934727', 'b6550842-0e0a-4b92-8cda-51578e934727', 'b6550842-0e0a-4b92-8cda-51578e934727', 'ef2ad32b-fb71-44bf-a1bc-933bee2ae85f', 'a49b0d68-a06b-4a2f-a1d5-c56c9a0acf69', 'bdfe89f5-d16d-4dae-91c2-5b5961757b63', '46b7fe5e-a8ea-4f8b-81cc-df6be033f848', '0338aafc-ff8b-4d71-8ecf-00fbcdb5157b', 'f09bdf91-347f-43bc-93e1-36437b7240fd', '847c279b-9fa7-40a2-b8ad-88720f40c25e', 'ede84892-8f5a-4c92-8ff7-b38c0611f85f', '9bafd25d-df4c-47f3-bc07-bd029fe16ea8', '60708c0d-c97e-4421-b1bf-f00f16fbe642']"
0455a6e7-492b-4fca-826e-c441e91d2c4a,4,"['4d7645b2-ca02-4ac9-a17d-87d100302af0', '1ebcf681-4a2c-4a66-bc48-55000564c447', '1ebcf681-4a2c-4a66-bc48-55000564c447', '1ebcf681-4a2c-4a66-bc48-55000564c447', '1ebcf681-4a2c-4a66-bc48-55000564c447', '1ebcf681-4a2c-4a66-bc48-55000564c447', '1ebcf681-4a2c-4a66-bc48-55000564c447', '1ebcf681-4a2c-4a66-bc48-55000564c447', '1ebcf681-4a2c-4a66-bc48-55000564c447', '1ebcf681-4a2c-4a66-bc48-55000564c447', '1ebcf681-4a2c-4a66-bc48-55000564c447', '1ebcf681-4a2c-4a66-bc48-55000564c447', '1ebcf681-4a2c-4a66-bc48-55000564c447', '1ebcf681-4a2c-4a66-bc48-55000564c447', 'b6550842-0e0a-4b92-8cda-51578e934727', 'b6550842-0e0a-4b92-8cda-51578e934727', 'b6550842-0e0a-4b92-8cda-51578e934727', 'b6550842-0e0a-4b92-8cda-51578e934727', 'b6550842-0e0a-4b92-8cda-51578e934727', 'b6550842-0e0a-4b92-8cda-51578e934727', 'b6550842-0e0a-4b92-8cda-51578e934727', 'b6550842-0e0a-4b92-8cda-51578e934727', 'b6550842-0e0a-4b92-8cda-51578e934727', 'b6550842-0e0a-4b92-8cda-51578e934727', 'b6550842-0e0a-4b92-8cda-51578e934727', 'b6550842-0e0a-4b92-8cda-51578e934727', 'b6550842-0e0a-4b92-8cda-51578e934727', 'b6550842-0e0a-4b92-8cda-51578e934727', 'b6550842-0e0a-4b92-8cda-51578e934727', 'b6550842-0e0a-4b92-8cda-51578e934727', 'b6550842-0e0a-4b92-8cda-51578e934727', 'b6550842-0e0a-4b92-8cda-51578e934727', 'b6550842-0e0a-4b92-8cda-51578e934727', 'b6550842-0e0a-4b92-8cda-51578e934727', 'b6550842-0e0a-4b92-8cda-51578e934727', 'ef2ad32b-fb71-44bf-a1bc-933bee2ae85f', 'bdfe89f5-d16d-4dae-91c2-5b5961757b63', '46b7fe5e-a8ea-4f8b-81cc-df6be033f848', '0338aafc-ff8b-4d71-8ecf-00fbcdb5157b', 'f09bdf91-347f-43bc-93e1-36437b7240fd', '847c279b-9fa7-40a2-b8ad-88720f40c25e', 'ede84892-8f5a-4c92-8ff7-b38c0611f85f', '9bafd25d-df4c-47f3-bc07-bd029fe16ea8', '60708c0d-c97e-4421-b1bf-f00f16fbe642', 'ce998c03-d195-4ce2-8cf4-b98af042584f', 'b2a06057-3948-406d-8eca-7b95bb5b9552', '34bc4816-dac5-49eb-9ee4-e5b498996d31', '7ed18bab-c529-46c7-8cfa-3f4a8aa5eb77', 'bcb8d28b-a894-4ce2-8fea-1820aa2c4394', 'fc5caa0d-4803-450f-9690-14d081171e30']"
0455a6e7-492b-4fca-826e-c441e91d2c4a,5,"['4d7645b2-ca02-4ac9-a17d-87d100302af0', 'b6550842-0e0a-4b92-8cda-51578e934727', 'b6550842-0e0a-4b92-8cda-51578e934727', 'b6550842-0e0a-4b92-8cda-51578e934727', 'b6550842-0e0a-4b92-8cda-51578e934727', 'b6550842-0e0a-4b92-8cda-51578e934727', 'b6550842-0e0a-4b92-8cda-51578e934727', 'b6550842-0e0a-4b92-8cda-51578e934727', 'b6550842-0e0a-4b92-8cda-51578e934727', 'b6550842-0e0a-4b92-8cda-51578e934727', 'b6550842-0e0a-4b92-8cda-51578e934727', 'bcb8d28b-a894-4ce2-8fea-1820aa2c4394', 'bcb8d28b-a894-4ce2-8fea-1820aa2c4394', 'bcb8d28b-a894-4ce2-8fea-1820aa2c4394', 'bcb8d28b-a894-4ce2-8fea-1820aa2c4394', 'bcb8d28b-a894-4ce2-8fea-1820aa2c4394', 'bcb8d28b-a894-4ce2-8fea-1820aa2c4394', 'bcb8d28b-a894-4ce2-8fea-1820aa2c4394', 'bcb8d28b-a894-4ce2-8fea-1820aa2c4394', 'bcb8d28b-a894-4ce2-8fea-1820aa2c4394', 'bcb8d28b-a894-4ce2-8fea-1820aa2c4394', 'bcb8d28b-a894-4ce2-8fea-1820aa2c4394', 'bcb8d28b-a894-4ce2-8fea-1820aa2c4394', 'bcb8d28b-a894-4ce2-8fea-1820aa2c4394', 'bcb8d28b-a894-4ce2-8fea-1820aa2c4394', 'bcb8d28b-a894-4ce2-8fea-1820aa2c4394', 'bcb8d28b-a894-4ce2-8fea-1820aa2c4394', 'bcb8d28b-a894-4ce2-8fea-1820aa2c4394', 'bcb8d28b-a894-4ce2-8fea-1820aa2c4394', 'bcb8d28b-a894-4ce2-8fea-1820aa2c4394', 'bcb8d28b-a894-4ce2-8fea-1820aa2c4394', 'bcb8d28b-a894-4ce2-8fea-1820aa2c4394', 'bcb8d28b-a894-4ce2-8fea-1820aa2c4394', 'bcb8d28b-a894-4ce2-8fea-1820aa2c4394', 'bcb8d28b-a894-4ce2-8fea-1820aa2c4394', 'bcb8d28b-a894-4ce2-8fea-1820aa2c4394', 'bcb8d28b-a894-4ce2-8fea-1820aa2c4394', 'bcb8d28b-a894-4ce2-8fea-1820aa2c4394', 'bcb8d28b-a894-4ce2-8fea-1820aa2c4394', 'bcb8d28b-a894-4ce2-8fea-1820aa2c4394', 'bcb8d28b-a894-4ce2-8fea-1820aa2c4394', 'bcb8d28b-a894-4ce2-8fea-1820aa2c4394', 'bcb8d28b-a894-4ce2-8fea-1820aa2c4394', 'bcb8d28b-a894-4ce2-8fea-1820aa2c4394', '07b3f219-9bdb-46a8-a107-1f83b180ee04', '0d8d93f7-9fea-4b08-a9dd-f93533a259a3', 'd20f73c9-55db-4e03-85af-8e7d89af5d45', 'e6887d09-8aaa-49a3-acc2-8ffd83ee813b', 'a14f2ce9-6801-48f3-974e-f40303d18c07', '2109e297-d076-4b76-8273-7504d5003cae']"
0455a6e7-492b-4fca-826e-c441e91d2c4a,6,"['4d7645b2-ca02-4ac9-a17d-87d100302af0', 'b6550842-0e0a-4b92-8cda-51578e934727', 'b6550842-0e0a-4b92-8cda-51578e934727', 'b6550842-0e0a-4b92-8cda-51578e934727', 'b6550842-0e0a-4b92-8cda-51578e934727', 'b6550842-0e0a-4b92-8cda-51578e934727', 'b6550842-0e0a-4b92-8cda-51578e934727', 'b6550842-0e0a-4b92-8cda-51578e934727', 'b6550842-0e0a-4b92-8cda-51578e934727', 'bcb8d28b-a894-4ce2-8fea-1820aa2c4394', 'bcb8d28b-a894-4ce2-8fea-1820aa2c4394', 'bcb8d28b-a894-4ce2-8fea-1820aa2c4394', 'bcb8d28b-a894-4ce2-8fea-1820aa2c4394', 'bcb8d28b-a894-4ce2-8fea-1820aa2c4394', 'bcb8d28b-a894-4ce2-8fea-1820aa2c4394', 'bcb8d28b-a894-4ce2-8fea-1820aa2c4394', 'bcb8d28b-a894-4ce2-8fea-1820aa2c4394', 'bcb8d28b-a894-4ce2-8fea-1820aa2c4394', 'bcb8d28b-a894-4ce2-8fea-1820aa2c4394', 'bcb8d28b-a894-4ce2-8fea-1820aa2c4394', 'bcb8d28b-a894-4ce2-8fea-1820aa2c4394', 'bcb8d28b-a894-4ce2-8fea-1820aa2c4394', 'bcb8d28b-a894-4ce2-8fea-1820aa2c4394', 'bcb8d28b-a894-4ce2-8fea-1820aa2c4394', 'bcb8d28b-a894-4ce2-8fea-1820aa2c4394', 'bcb8d28b-a894-4ce2-8fea-1820aa2c4394', 'bcb8d28b-a894-4ce2-8fea-1820aa2c4394', 'bcb8d28b-a894-4ce2-8fea-1820aa2c4394', 'bcb8d28b-a894-4ce2-8fea-1820aa2c4394', 'bcb8d28b-a894-4ce2-8fea-1820aa2c4394', 'bcb8d28b-a894-4ce2-8fea-1820aa2c4394', 'bcb8d28b-a894-4ce2-8fea-1820aa2c4394', 'bcb8d28b-a894-4ce2-8fea-1820aa2c4394', 'bcb8d28b-a894-4ce2-8fea-1820aa2c4394', 'bcb8d28b-a894-4ce2-8fea-1820aa2c4394', 'bcb8d28b-a894-4ce2-8fea-1820aa2c4394', '07b3f219-9bdb-46a8-a107-1f83b180ee04', 'd20f73c9-55db-4e03-85af-8e7d89af5d45', 'e6887d09-8aaa-49a3-acc2-8ffd83ee813b', '2109e297-d076-4b76-8273-7504d5003cae', '1697719d-f4c9-4ccf-b8b2-45827bd8b83e', '43c403a6-d9fa-416a-ad6d-1721d842095b', '7ee0d8a0-c0a7-46c0-9db5-ddd8390df030', 'c9fcab3a-b8c6-4db0-8e96-1fd64afecd85', '158bf157-b2f4-495f-ace5-2ba30e117b05', '660bb24d-04ca-4cbf-8126-2d80dd9019a1', '09f86e6f-ee13-4f30-9716-a3fe02058ced', 'b7a90b06-516f-41f8-86a2-a8b4fcd47d04', '537088ac-e59d-4a6d-9fe7-1ac005066586', '745b3525-508e-41ec-85bb-f7611b18cb94']"
0455a6e7-492b-4fca-826e-c441e91d2c4a,7,"['bcb8d28b-a894-4ce2-8fea-1820aa2c4394', 'bcb8d28b-a894-4ce2-8fea-1820aa2c4394', 'bcb8d28b-a894-4ce2-8fea-1820aa2c4394', 'bcb8d28b-a894-4ce2-8fea-1820aa2c4394', 'bcb8d28b-a894-4ce2-8fea-1820aa2c4394', 'bcb8d28b-a894-4ce2-8fea-1820aa2c4394', 'bcb8d28b-a894-4ce2-8fea-1820aa2c4394', 'bcb8d28b-a894-4ce2-8fea-1820aa2c4394', 'bcb8d28b-a894-4ce2-8fea-1820aa2c4394', 'bcb8d28b-a894-4ce2-8fea-1820aa2c4394', 'bcb8d28b-a894-4ce2-8fea-1820aa2c4394', 'bcb8d28b-a894-4ce2-8fea-1820aa2c4394', 'bcb8d28b-a894-4ce2-8fea-1820aa2c4394', 'bcb8d28b-a894-4ce2-8fea-1820aa2c4394', 'bcb8d28b-a894-4ce2-8fea-1820aa2c4394', 'bcb8d28b-a894-4ce2-8fea-1820aa2c4394', 'bcb8d28b-a894-4ce2-8fea-1820aa2c4394', 'bcb8d28b-a894-4ce2-8fea-1820aa2c4394', 'bcb8d28b-a894-4ce2-8fea-1820aa2c4394', 'bcb8d28b-a894-4ce2-8fea-1820aa2c4394', 'bcb8d28b-a894-4ce2-8fea-1820aa2c4394', 'bcb8d28b-a894-4ce2-8fea-1820aa2c4394', 'bcb8d28b-a894-4ce2-8fea-1820aa2c4394', 'bcb8d28b-a894-4ce2-8fea-1820aa2c4394', 'bcb8d28b-a894-4ce2-8fea-1820aa2c4394', 'b7a90b06-516f-41f8-86a2-a8b4fcd47d04', 'b7a90b06-516f-41f8-86a2-a8b4fcd47d04', 'b7a90b06-516f-41f8-86a2-a8b4fcd47d04', 'b7a90b06-516f-41f8-86a2-a8b4fcd47d04', 'b7a90b06-516f-41f8-86a2-a8b4fcd47d04', 'b7a90b06-516f-41f8-86a2-a8b4fcd47d04', 'b7a90b06-516f-41f8-86a2-a8b4fcd47d04', 'b7a90b06-516f-41f8-86a2-a8b4fcd47d04', 'b7a90b06-516f-41f8-86a2-a8b4fcd47d04', 'b7a90b06-516f-41f8-86a2-a8b4fcd47d04', 'b7a90b06-516f-41f8-86a2-a8b4fcd47d04', 'b7a90b06-516f-41f8-86a2-a8b4fcd47d04', '78c8474d-3c6b-4ec3-b3da-40d97b563de0', '7e620d79-4360-490c-b008-e5cff7486020', '86136e96-605c-4ace-ae51-9f3d6f2f2172', '419a06e8-a79e-4c7a-8d11-808d3869abd2', '0ba81366-34f0-4809-9a5c-4a45507b955c', '3daea096-64c3-45e6-8151-e3b259e723ba', 'a818e650-8141-45fd-881b-97df986cc9dd', '93e50966-76d7-48e7-ad2b-d1d80d6fcb5b', '3c0dfa70-4b27-4b97-a92d-8d734f19022b', 'a93a8ee9-7d60-4f6b-9de9-7fac63bdc4e8', 'd5d9733b-0a01-44ea-b0ef-e3c60d0645a8', '9f1b6ce4-dcd0-453b-b291-e5cbd8526774', '40544145-d794-44b8-8d3b-76fa147c81e4']"
0455a6e7-492b-4fca-826e-c441e91d2c4a,8,"['bcb8d28b-a894-4ce2-8fea-1820aa2c4394', 'bcb8d28b-a894-4ce2-8fea-1820aa2c4394', 'bcb8d28b-a894-4ce2-8fea-1820aa2c4394', 'bcb8d28b-a894-4ce2-8fea-1820aa2c4394', 'bcb8d28b-a894-4ce2-8fea-1820aa2c4394', 'b7a90b06-516f-41f8-86a2-a8b4fcd47d04', 'b7a90b06-516f-41f8-86a2-a8b4fcd47d04', 'b7a90b06-516f-41f8-86a2-a8b4fcd47d04', 'b7a90b06-516f-41f8-86a2-a8b4fcd47d04', 'b7a90b06-516f-41f8-86a2-a8b4fcd47d04', 'b7a90b06-516f-41f8-86a2-a8b4fcd47d04', 'b7a90b06-516f-41f8-86a2-a8b4fcd47d04', 'b7a90b06-516f-41f8-86a2-a8b4fcd47d04', 'b7a90b06-516f-41f8-86a2-a8b4fcd47d04', 'b7a90b06-516f-41f8-86a2-a8b4fcd47d04', 'b7a90b06-516f-41f8-86a2-a8b4fcd47d04', 'b7a90b06-516f-41f8-86a2-a8b4fcd47d04', 'b7a90b06-516f-41f8-86a2-a8b4fcd47d04', 'b7a90b06-516f-41f8-86a2-a8b4fcd47d04', 'b7a90b06-516f-41f8-86a2-a8b4fcd47d04', 'b7a90b06-516f-41f8-86a2-a8b4fcd47d04', 'b7a90b06-516f-41f8-86a2-a8b4fcd47d04', 'b7a90b06-516f-41f8-86a2-a8b4fcd47d04', 'b7a90b06-516f-41f8-86a2-a8b4fcd47d04', 'b7a90b06-516f-41f8-86a2-a8b4fcd47d04', 'b7a90b06-516f-41f8-86a2-a8b4fcd47d04', 'b7a90b06-516f-41f8-86a2-a8b4fcd47d04', 'b7a90b06-516f-41f8-86a2-a8b4fcd47d04', 'b7a90b06-516f-41f8-86a2-a8b4fcd47d04', 'b7a90b06-516f-41f8-86a2-a8b4fcd47d04', '7e620d79-4360-490c-b008-e5cff7486020', '7e620d79-4360-490c-b008-e5cff7486020', '7e620d79-4360-490c-b008-e5cff7486020', '7e620d79-4360-490c-b008-e5cff7486020', '7e620d79-4360-490c-b008-e5cff7486020', '7e620d79-4360-490c-b008-e5cff7486020', '7e620d79-4360-490c-b008-e5cff7486020', '20659d9a-678a-45cb-b0cd-8960223b49cc', 'fdf2859b-fe46-43aa-86e6-605a9419594d', 'd208e86f-e25a-4696-b935-1a6bafc5031e', '90e102e6-8f41-4d8a-ab9f-f44bfb9e3768', '26d66561-9456-4230-a816-c8941bde4954', '1af55fed-cc3e-49e6-b580-579bf6c5d823', 'bad62dda-9b02-454d-b08b-551b2f76e4db', '099eb868-2e96-4193-bce3-0b3f4dd659be', 'df057395-33ef-4473-9c37-4521c67367af', '02559508-1ace-4156-9dc0-bfbfcc3d5a07', 'add2601c-7c1a-42bc-b9a5-52d927541fa5', '663627a1-6745-45e2-878a-c4beb1f92d4e', '68f214b1-3307-437b-8e0f-b76149d1b2ec']"
0455a6e7-492b-4fca-826e-c441e91d2c4a,9,"['b7a90b06-516f-41f8-86a2-a8b4fcd47d04', 'b7a90b06-516f-41f8-86a2-a8b4fcd47d04', 'b7a90b06-516f-41f8-86a2-a8b4fcd47d04', 'b7a90b06-516f-41f8-86a2-a8b4fcd47d04', 'b7a90b06-516f-41f8-86a2-a8b4fcd47d04', 'b7a90b06-516f-41f8-86a2-a8b4fcd47d04', 'b7a90b06-516f-41f8-86a2-a8b4fcd47d04', 'b7a90b06-516f-41f8-86a2-a8b4fcd47d04', 'b7a90b06-516f-41f8-86a2-a8b4fcd47d04', 'b7a90b06-516f-41f8-86a2-a8b4fcd47d04', 'b7a90b06-516f-41f8-86a2-a8b4fcd47d04', 'b7a90b06-516f-41f8-86a2-a8b4fcd47d04', 'b7a90b06-516f-41f8-86a2-a8b4fcd47d04', 'b7a90b06-516f-41f8-86a2-a8b4fcd47d04', 'b7a90b06-516f-41f8-86a2-a8b4fcd47d04', '7e620d79-4360-490c-b008-e5cff7486020', '7e620d79-4360-490c-b008-e5cff7486020', '7e620d79-4360-490c-b008-e5cff7486020', '7e620d79-4360-490c-b008-e5cff7486020', '7e620d79-4360-490c-b008-e5cff7486020', '7e620d79-4360-490c-b008-e5cff7486020', '7e620d79-4360-490c-b008-e5cff7486020', '7e620d79-4360-490c-b008-e5cff7486020', '7e620d79-4360-490c-b008-e5cff7486020', '7e620d79-4360-490c-b008-e5cff7486020', '7e620d79-4360-490c-b008-e5cff7486020', '7e620d79-4360-490c-b008-e5cff7486020', '7e620d79-4360-490c-b008-e5cff7486020', '7e620d79-4360-490c-b008-e5cff7486020', '7e620d79-4360-490c-b008-e5cff7486020', '7e620d79-4360-490c-b008-e5cff7486020', '7e620d79-4360-490c-b008-e5cff7486020', '7e620d79-4360-490c-b008-e5cff7486020', '7e620d79-4360-490c-b008-e5cff7486020', '7e620d79-4360-490c-b008-e5cff7486020', '7e620d79-4360-490c-b008-e5cff7486020', '7e620d79-4360-490c-b008-e5cff7486020', '7e620d79-4360-490c-b008-e5cff7486020', '7e620d79-4360-490c-b008-e5cff7486020', '7e620d79-4360-490c-b008-e5cff7486020', '7e620d79-4360-490c-b008-e5cff7486020', '1a41f2af-14d0-4712-a603-d184f69ce9cf', '451b522b-e6db-4361-9e2a-e0637b4a9a63', '1903de2f-b6f8-4d18-8af4-be9aec8e8e2f', '5e650ed3-bc1e-418d-a085-e9b1bed1e09b', 'd1bc967a-f346-4d78-98bb-513054fa518b', 'cd5216fc-8ec3-4c7b-82b2-4eac8c767269', 'dcd89767-c001-4d7a-8af4-0c2459352d10', 'ef0cf145-ab5c-42c4-a657-ba2dccb5c477', 'c5bacc41-357a-4cd0-9012-169328661cc4']"
0455a6e7-492b-4fca-826e-c441e91d2c4a,10,"['b7a90b06-516f-41f8-86a2-a8b4fcd47d04', 'b7a90b06-516f-41f8-86a2-a8b4fcd47d04', 'b7a90b06-516f-41f8-86a2-a8b4fcd47d04', 'b7a90b06-516f-41f8-86a2-a8b4fcd47d04', 'b7a90b06-516f-41f8-86a2-a8b4fcd47d04', 'b7a90b06-516f-41f8-86a2-a8b4fcd47d04', 'b7a90b06-516f-41f8-86a2-a8b4fcd47d04', 'b7a90b06-516f-41f8-86a2-a8b4fcd47d04', 'b7a90b06-516f-41f8-86a2-a8b4fcd47d04', 'b7a90b06-516f-41f8-86a2-a8b4fcd47d04', 'b7a90b06-516f-41f8-86a2-a8b4fcd47d04', 'b7a90b06-516f-41f8-86a2-a8b4fcd47d04', '7e620d79-4360-490c-b008-e5cff7486020', '7e620d79-4360-490c-b008-e5cff7486020', '7e620d79-4360-490c-b008-e5cff7486020', '7e620d79-4360-490c-b008-e5cff7486020', '7e620d79-4360-490c-b008-e5cff7486020', '7e620d79-4360-490c-b008-e5cff7486020', '7e620d79-4360-490c-b008-e5cff7486020', '7e620d79-4360-490c-b008-e5cff7486020', '7e620d79-4360-490c-b008-e5cff7486020', '7e620d79-4360-490c-b008-e5cff7486020', '7e620d79-4360-490c-b008-e5cff7486020', '7e620d79-4360-490c-b008-e5cff7486020', '7e620d79-4360-490c-b008-e5cff7486020', '7e620d79-4360-490c-b008-e5cff7486020', '7e620d79-4360-490c-b008-e5cff7486020', '7e620d79-4360-490c-b008-e5cff7486020', '7e620d79-4360-490c-b008-e5cff7486020', '7e620d79-4360-490c-b008-e5cff7486020', '1a41f2af-14d0-4712-a603-d184f69ce9cf', '451b522b-e6db-4361-9e2a-e0637b4a9a63', '1903de2f-b6f8-4d18-8af4-be9aec8e8e2f', '5e650ed3-bc1e-418d-a085-e9b1bed1e09b', 'd1bc967a-f346-4d78-98bb-513054fa518b', 'dcd89767-c001-4d7a-8af4-0c2459352d10', 'ef0cf145-ab5c-42c4-a657-ba2dccb5c477', 'c5bacc41-357a-4cd0-9012-169328661cc4', '980e6de2-cba6-4771-8c22-28f96145fa67', 'd1571014-3748-424c-b246-83351e566039', 'd4305660-0ee8-4751-a6f6-f7cde4ac9e77', '78d71e3e-ad5a-4d68-a274-f5e16dc2d69b', 'cd2a6bb8-4c87-40bb-a568-2c40989b0657', 'dc2292c9-f38b-4b81-907b-57d5756bc805', 'dc7e5026-23ad-485e-a9b0-d53a540aa5f1', 'd2c9bc1f-9c48-48ab-a464-78e781a438d7', 'cfd46220-f3ae-43db-929b-3c97f1219479', 'b49641d2-47e6-4286-a2aa-1cddb4c0d248', '05187b60-49d2-4288-aa31-d5447ac52551', '2b5cfcd5-c2c8-4b09-8cb8-44be7d115c21']"
0455a6e7-492b-4fca-826e-c441e91d2c4a,11,"['b7a90b06-516f-41f8-86a2-a8b4fcd47d04', 'b7a90b06-516f-41f8-86a2-a8b4fcd47d04', 'b7a90b06-516f-41f8-86a2-a8b4fcd47d04', 'b7a90b06-516f-41f8-86a2-a8b4fcd47d04', 'b7a90b06-516f-41f8-86a2-a8b4fcd47d04', 'b7a90b06-516f-41f8-86a2-a8b4fcd47d04', '7e620d79-4360-490c-b008-e5cff7486020', '7e620d79-4360-490c-b008-e5cff7486020', '7e620d79-4360-490c-b008-e5cff7486020', '7e620d79-4360-490c-b008-e5cff7486020', '7e620d79-4360-490c-b008-e5cff7486020', '7e620d79-4360-490c-b008-e5cff7486020', '7e620d79-4360-490c-b008-e5cff7486020', '7e620d79-4360-490c-b008-e5cff7486020', '7e620d79-4360-490c-b008-e5cff7486020', '7e620d79-4360-490c-b008-e5cff7486020', '7e620d79-4360-490c-b008-e5cff7486020', '7e620d79-4360-490c-b008-e5cff7486020', '7e620d79-4360-490c-b008-e5cff7486020', '7e620d79-4360-490c-b008-e5cff7486020', '7e620d79-4360-490c-b008-e5cff7486020', '7e620d79-4360-490c-b008-e5cff7486020', '7e620d79-4360-490c-b008-e5cff7486020', '7e620d79-4360-490c-b008-e5cff7486020', '7e620d79-4360-490c-b008-e5cff7486020', '7e620d79-4360-490c-b008-e5cff7486020', '7e620d79-4360-490c-b008-e5cff7486020', '7e620d79-4360-490c-b008-e5cff7486020', '7e620d79-4360-490c-b008-e5cff7486020', '7e620d79-4360-490c-b008-e5cff7486020', '7e620d79-4360-490c-b008-e5cff7486020', '7e620d79-4360-490c-b008-e5cff7486020', '7e620d79-4360-490c-b008-e5cff7486020', '7e620d79-4360-490c-b008-e5cff7486020', '7e620d79-4360-490c-b008-e5cff7486020', '7e620d79-4360-490c-b008-e5cff7486020', '7e620d79-4360-490c-b008-e5cff7486020', '7e620d79-4360-490c-b008-e5cff7486020', '7e620d79-4360-490c-b008-e5cff7486020', '7e620d79-4360-490c-b008-e5cff7486020', 'cfd46220-f3ae-43db-929b-3c97f1219479', 'e72cac43-6595-43be-9d52-357ae427de79', '27be8c0e-88f9-458f-805d-a0b99c45ac70', '9f092aab-3e2b-409b-99cc-fe2c14ed10d0', '49d65237-da88-4cf2-b94e-0c576a9524b5', 'bb3c7d3d-a09a-470d-b39f-933088689203', '736539a9-a961-47f6-8c9c-0c1deec8eda2', 'e527bea2-ece7-412a-a9f4-9ee1801ad183', 'a35dffa6-c677-45cd-a01b-5d90b193a6dc', '36280779-9623-4fe6-b03f-e938cf5edb33']"
0455a6e7-492b-4fca-826e-c441e91d2c4a,12,"['b7a90b06-516f-41f8-86a2-a8b4fcd47d04', 'b7a90b06-516f-41f8-86a2-a8b4fcd47d04', 'b7a90b06-516f-41f8-86a2-a8b4fcd47d04', '7e620d79-4360-490c-b008-e5cff7486020', '7e620d79-4360-490c-b008-e5cff7486020', '7e620d79-4360-490c-b008-e5cff7486020', '7e620d79-4360-490c-b008-e5cff7486020', '7e620d79-4360-490c-b008-e5cff7486020', '7e620d79-4360-490c-b008-e5cff7486020', '7e620d79-4360-490c-b008-e5cff7486020', '7e620d79-4360-490c-b008-e5cff7486020', '7e620d79-4360-490c-b008-e5cff7486020', '7e620d79-4360-490c-b008-e5cff7486020', '7e620d79-4360-490c-b008-e5cff7486020', '7e620d79-4360-490c-b008-e5cff7486020', '7e620d79-4360-490c-b008-e5cff7486020', '7e620d79-4360-490c-b008-e5cff7486020', '7e620d79-4360-490c-b008-e5cff7486020', '7e620d79-4360-490c-b008-e5cff7486020', '7e620d79-4360-490c-b008-e5cff7486020', '7e620d79-4360-490c-b008-e5cff7486020', '7e620d79-4360-490c-b008-e5cff7486020', '7e620d79-4360-490c-b008-e5cff7486020', '7e620d79-4360-490c-b008-e5cff7486020', '7e620d79-4360-490c-b008-e5cff7486020', '7e620d79-4360-490c-b008-e5cff7486020', '7e620d79-4360-490c-b008-e5cff7486020', '7e620d79-4360-490c-b008-e5cff7486020', '7e620d79-4360-490c-b008-e5cff7486020', '7e620d79-4360-490c-b008-e5cff7486020', '7e620d79-4360-490c-b008-e5cff7486020', '7e620d79-4360-490c-b008-e5cff7486020', '7e620d79-4360-490c-b008-e5cff7486020', 'e72cac43-6595-43be-9d52-357ae427de79', '27be8c0e-88f9-458f-805d-a0b99c45ac70', '9f092aab-3e2b-409b-99cc-fe2c14ed10d0', '49d65237-da88-4cf2-b94e-0c576a9524b5', 'bb3c7d3d-a09a-470d-b39f-933088689203', '736539a9-a961-47f6-8c9c-0c1deec8eda2', 'e527bea2-ece7-412a-a9f4-9ee1801ad183', 'a35dffa6-c677-45cd-a01b-5d90b193a6dc', '36280779-9623-4fe6-b03f-e938cf5edb33', '9181e5ad-69bf-4596-9bd5-f78435c79436', '87b0b5fe-ba9b-4fb7-a41a-37699321a12f', 'c60dcafa-38f3-4768-8c67-4ceb3d58d62f', 'd8544aab-6f10-46c6-bdb7-1651a93f1fd5', '385f965a-6c36-49cb-aa53-374bf1dd714d', '16a8a834-1f8a-40f5-93aa-5459a1467d47', '0246ae0e-6e58-4dc4-a232-e4f4686adbbb', '464d68cf-1d83-4102-bd4b-547a10b36e2d']"
0455a6e7-492b-4fca-826e-c441e91d2c4a,13,"['b7a90b06-516f-41f8-86a2-a8b4fcd47d04', '7e620d79-4360-490c-b008-e5cff7486020', '7e620d79-4360-490c-b008-e5cff7486020', '7e620d79-4360-490c-b008-e5cff7486020', '7e620d79-4360-490c-b008-e5cff7486020', '7e620d79-4360-490c-b008-e5cff7486020', '7e620d79-4360-490c-b008-e5cff7486020', '7e620d79-4360-490c-b008-e5cff7486020', '7e620d79-4360-490c-b008-e5cff7486020', '7e620d79-4360-490c-b008-e5cff7486020', '7e620d79-4360-490c-b008-e5cff7486020', '7e620d79-4360-490c-b008-e5cff7486020', '7e620d79-4360-490c-b008-e5cff7486020', '7e620d79-4360-490c-b008-e5cff7486020', '7e620d79-4360-490c-b008-e5cff7486020', '7e620d79-4360-490c-b008-e5cff7486020', '7e620d79-4360-490c-b008-e5cff7486020', '7e620d79-4360-490c-b008-e5cff7486020', '7e620d79-4360-490c-b008-e5cff7486020', '7e620d79-4360-490c-b008-e5cff7486020', '7e620d79-4360-490c-b008-e5cff7486020', '7e620d79-4360-490c-b008-e5cff7486020', '7e620d79-4360-490c-b008-e5cff7486020', '7e620d79-4360-490c-b008-e5cff7486020', '7e620d79-4360-490c-b008-e5cff7486020', '7e620d79-4360-490c-b008-e5cff7486020', '27be8c0e-88f9-458f-805d-a0b99c45ac70', '9f092aab-3e2b-409b-99cc-fe2c14ed10d0', '49d65237-da88-4cf2-b94e-0c576a9524b5', 'bb3c7d3d-a09a-470d-b39f-933088689203', '36280779-9623-4fe6-b03f-e938cf5edb33', '9181e5ad-69bf-4596-9bd5-f78435c79436', '87b0b5fe-ba9b-4fb7-a41a-37699321a12f', 'c60dcafa-38f3-4768-8c67-4ceb3d58d62f', 'd8544aab-6f10-46c6-bdb7-1651a93f1fd5', '385f965a-6c36-49cb-aa53-374bf1dd714d', '16a8a834-1f8a-40f5-93aa-5459a1467d47', '0246ae0e-6e58-4dc4-a232-e4f4686adbbb', 'c6a56cfd-2009-45db-8ace-7593ee197cc4', '3807153f-5bb6-460d-be14-9b90a32c2214', '8ca8a0ae-1d92-411a-99ea-d69d25909453', '5221c094-0bc4-4fa7-93fc-15445e38c110', 'edd092b9-f892-42b1-a75f-920c591acd50', 'd5a50b00-341c-4b80-b6dd-6aee3191b301', 'dd7138d3-6537-40fd-a411-087a96581009', '76aa5803-b2a4-4fb1-b811-913c1b1a9563', '616eef66-aa4b-419c-9698-a7ff715d9da6', 'daf0427b-a3d6-4cd6-ba3b-be1d647433bc', '40a9a424-a33f-4bee-b331-4f74fbf32e62', 'a8462f61-e7f5-4693-a6e5-8bbc51b61c6b']"
0455a6e7-492b-4fca-826e-c441e91d2c4a,14,"['b7a90b06-516f-41f8-86a2-a8b4fcd47d04', '7e620d79-4360-490c-b008-e5cff7486020', '7e620d79-4360-490c-b008-e5cff7486020', '7e620d79-4360-490c-b008-e5cff7486020', '7e620d79-4360-490c-b008-e5cff7486020', '7e620d79-4360-490c-b008-e5cff7486020', '7e620d79-4360-490c-b008-e5cff7486020', '7e620d79-4360-490c-b008-e5cff7486020', '7e620d79-4360-490c-b008-e5cff7486020', '7e620d79-4360-490c-b008-e5cff7486020', '7e620d79-4360-490c-b008-e5cff7486020', '7e620d79-4360-490c-b008-e5cff7486020', '7e620d79-4360-490c-b008-e5cff7486020', '7e620d79-4360-490c-b008-e5cff7486020', '7e620d79-4360-490c-b008-e5cff7486020', '7e620d79-4360-490c-b008-e5cff7486020', '7e620d79-4360-490c-b008-e5cff7486020', '7e620d79-4360-490c-b008-e5cff7486020', '7e620d79-4360-490c-b008-e5cff7486020', '7e620d79-4360-490c-b008-e5cff7486020', '7e620d79-4360-490c-b008-e5cff7486020', '7e620d79-4360-490c-b008-e5cff7486020', '27be8c0e-88f9-458f-805d-a0b99c45ac70', '9f092aab-3e2b-409b-99cc-fe2c14ed10d0', 'bb3c7d3d-a09a-470d-b39f-933088689203', '36280779-9623-4fe6-b03f-e938cf5edb33', '9181e5ad-69bf-4596-9bd5-f78435c79436', '87b0b5fe-ba9b-4fb7-a41a-37699321a12f', 'c60dcafa-38f3-4768-8c67-4ceb3d58d62f', 'd8544aab-6f10-46c6-bdb7-1651a93f1fd5', '16a8a834-1f8a-40f5-93aa-5459a1467d47', 'c6a56cfd-2009-45db-8ace-7593ee197cc4', '3807153f-5bb6-460d-be14-9b90a32c2214', '8ca8a0ae-1d92-411a-99ea-d69d25909453', '5221c094-0bc4-4fa7-93fc-15445e38c110', 'd5a50b00-341c-4b80-b6dd-6aee3191b301', 'dd7138d3-6537-40fd-a411-087a96581009', '76aa5803-b2a4-4fb1-b811-913c1b1a9563', '616eef66-aa4b-419c-9698-a7ff715d9da6', 'daf0427b-a3d6-4cd6-ba3b-be1d647433bc', 'a8462f61-e7f5-4693-a6e5-8bbc51b61c6b', 'af879bae-8553-4518-889e-2eaa56a2b609', 'b711068d-1e30-4172-b8c7-08153c28e7a1', '9d0cfd9a-ebf4-460f-8dce-710634c50606', '85088835-e6cf-456c-9711-ef313fd35d7a', 'fa13811e-93d7-4280-9150-0eef83b11433', 'f085abba-a4f6-49bc-9f13-a25abce6040a', 'cbb06b03-b886-4ebb-9d36-904eba173681', 'b7349fe8-27d4-4da4-9731-b81eee72ec6a', '55fd8cb3-96c8-4ab5-985e-f429eac664e4']"
3e14bc5a-9e13-4262-baeb-d99bea761754,0,"['8bd63a1a-df59-4fed-926e-d3eb691849bf', '8bd63a1a-df59-4fed-926e-d3eb691849bf', '8bd63a1a-df59-4fed-926e-d3eb691849bf', '8bd63a1a-df59-4fed-926e-d3eb691849bf', '8bd63a1a-df59-4fed-926e-d3eb691849bf', '8bd63a1a-df59-4fed-926e-d3eb691849bf', '8bd63a1a-df59-4fed-926e-d3eb691849bf', '8bd63a1a-df59-4fed-926e-d3eb691849bf', '8bd63a1a-df59-4fed-926e-d3eb691849bf', '8bd63a1a-df59-4fed-926e-d3eb691849bf', '8bd63a1a-df59-4fed-926e-d3eb691849bf', '8bd63a1a-df59-4fed-926e-d3eb691849bf', '8bd63a1a-df59-4fed-926e-d3eb691849bf', '8bd63a1a-df59-4fed-926e-d3eb691849bf', '8bd63a1a-df59-4fed-926e-d3eb691849bf', '8bd63a1a-df59-4fed-926e-d3eb691849bf', '8bd63a1a-df59-4fed-926e-d3eb691849bf', '8bd63a1a-df59-4fed-926e-d3eb691849bf', '8bd63a1a-df59-4fed-926e-d3eb691849bf', '8bd63a1a-df59-4fed-926e-d3eb691849bf', '8bd63a1a-df59-4fed-926e-d3eb691849bf', '8bd63a1a-df59-4fed-926e-d3eb691849bf', '8bd63a1a-df59-4fed-926e-d3eb691849bf', '8bd63a1a-df59-4fed-926e-d3eb691849bf', '8bd63a1a-df59-4fed-926e-d3eb691849bf', '8bd63a1a-df59-4fed-926e-d3eb691849bf', '8bd63a1a-df59-4fed-926e-d3eb691849bf', '8bd63a1a-df59-4fed-926e-d3eb691849bf', '8bd63a1a-df59-4fed-926e-d3eb691849bf', '8bd63a1a-df59-4fed-926e-d3eb691849bf', '8bd63a1a-df59-4fed-926e-d3eb691849bf', '8bd63a1a-df59-4fed-926e-d3eb691849bf', '8bd63a1a-df59-4fed-926e-d3eb691849bf', '8bd63a1a-df59-4fed-926e-d3eb691849bf', '8bd63a1a-df59-4fed-926e-d3eb691849bf', '8bd63a1a-df59-4fed-926e-d3eb691849bf', '8bd63a1a-df59-4fed-926e-d3eb691849bf', '8bd63a1a-df59-4fed-926e-d3eb691849bf', '8bd63a1a-df59-4fed-926e-d3eb691849bf', '8bd63a1a-df59-4fed-926e-d3eb691849bf', '8bd63a1a-df59-4fed-926e-d3eb691849bf', '8bd63a1a-df59-4fed-926e-d3eb691849bf', '8bd63a1a-df59-4fed-926e-d3eb691849bf', '8bd63a1a-df59-4fed-926e-d3eb691849bf', '8bd63a1a-df59-4fed-926e-d3eb691849bf', '8bd63a1a-df59-4fed-926e-d3eb691849bf', '8bd63a1a-df59-4fed-926e-d3eb691849bf', '8bd63a1a-df59-4fed-926e-d3eb691849bf', '8bd63a1a-df59-4fed-926e-d3eb691849bf', '8bd63a1a-df59-4fed-926e-d3eb691849bf']"
0455a6e7-492b-4fca-826e-c441e91d2c4a,15,"['b7a90b06-516f-41f8-86a2-a8b4fcd47d04', '7e620d79-4360-490c-b008-e5cff7486020', '7e620d79-4360-490c-b008-e5cff7486020', '7e620d79-4360-490c-b008-e5cff7486020', '7e620d79-4360-490c-b008-e5cff7486020', '7e620d79-4360-490c-b008-e5cff7486020', '7e620d79-4360-490c-b008-e5cff7486020', '7e620d79-4360-490c-b008-e5cff7486020', '7e620d79-4360-490c-b008-e5cff7486020', '7e620d79-4360-490c-b008-e5cff7486020', '7e620d79-4360-490c-b008-e5cff7486020', '7e620d79-4360-490c-b008-e5cff7486020', '7e620d79-4360-490c-b008-e5cff7486020', '7e620d79-4360-490c-b008-e5cff7486020', '7e620d79-4360-490c-b008-e5cff7486020', '7e620d79-4360-490c-b008-e5cff7486020', '7e620d79-4360-490c-b008-e5cff7486020', '7e620d79-4360-490c-b008-e5cff7486020', '7e620d79-4360-490c-b008-e5cff7486020', '7e620d79-4360-490c-b008-e5cff7486020', '7e620d79-4360-490c-b008-e5cff7486020', '7e620d79-4360-490c-b008-e5cff7486020', '7e620d79-4360-490c-b008-e5cff7486020', '7e620d79-4360-490c-b008-e5cff7486020', '7e620d79-4360-490c-b008-e5cff7486020', '7e620d79-4360-490c-b008-e5cff7486020', '7e620d79-4360-490c-b008-e5cff7486020', '7e620d79-4360-490c-b008-e5cff7486020', '7e620d79-4360-490c-b008-e5cff7486020', '7e620d79-4360-490c-b008-e5cff7486020', '7e620d79-4360-490c-b008-e5cff7486020', '7e620d79-4360-490c-b008-e5cff7486020', '7e620d79-4360-490c-b008-e5cff7486020', '7e620d79-4360-490c-b008-e5cff7486020', '7e620d79-4360-490c-b008-e5cff7486020', '7e620d79-4360-490c-b008-e5cff7486020', '7e620d79-4360-490c-b008-e5cff7486020', '7e620d79-4360-490c-b008-e5cff7486020', 'dd7138d3-6537-40fd-a411-087a96581009', '61e6e165-a8e7-4e8e-bc64-be47ca53c575', 'e29f7c25-9c4e-4f8b-8b7f-50ad7deb11c4', '125e0ea0-777d-42d6-99ac-052c100ce030', '36d413fa-3891-4da5-90ef-d59126b35309', 'f827f4e5-b0c4-46fa-a0d8-2fa2ed69083f', '8f746cb5-2e13-4d13-869d-2bc159fc3b45', 'a005287b-8dcb-4327-8f71-79cbf949d8ad', '5c91312a-1c24-444a-877c-ad9274e9c02e', 'd87d0672-f641-41a4-bf17-b148de119bb6', '46071736-74ad-49b9-b286-5818594156ff', 'f0f5129c-b654-4574-8bf4-1af0968d1947']"
3e14bc5a-9e13-4262-baeb-d99bea761754,1,"['8bd63a1a-df59-4fed-926e-d3eb691849bf', '8bd63a1a-df59-4fed-926e-d3eb691849bf', '8bd63a1a-df59-4fed-926e-d3eb691849bf', '8bd63a1a-df59-4fed-926e-d3eb691849bf', '8bd63a1a-df59-4fed-926e-d3eb691849bf', '8bd63a1a-df59-4fed-926e-d3eb691849bf', '8bd63a1a-df59-4fed-926e-d3eb691849bf', '8bd63a1a-df59-4fed-926e-d3eb691849bf', '8bd63a1a-df59-4fed-926e-d3eb691849bf', '8bd63a1a-df59-4fed-926e-d3eb691849bf', '8bd63a1a-df59-4fed-926e-d3eb691849bf', '8bd63a1a-df59-4fed-926e-d3eb691849bf', '8bd63a1a-df59-4fed-926e-d3eb691849bf', '8bd63a1a-df59-4fed-926e-d3eb691849bf', '8bd63a1a-df59-4fed-926e-d3eb691849bf', '8bd63a1a-df59-4fed-926e-d3eb691849bf', '8bd63a1a-df59-4fed-926e-d3eb691849bf', '8bd63a1a-df59-4fed-926e-d3eb691849bf', '8bd63a1a-df59-4fed-926e-d3eb691849bf', '8bd63a1a-df59-4fed-926e-d3eb691849bf', '8bd63a1a-df59-4fed-926e-d3eb691849bf', '8bd63a1a-df59-4fed-926e-d3eb691849bf', '8bd63a1a-df59-4fed-926e-d3eb691849bf', '8bd63a1a-df59-4fed-926e-d3eb691849bf', '8bd63a1a-df59-4fed-926e-d3eb691849bf', '8bd63a1a-df59-4fed-926e-d3eb691849bf', '8bd63a1a-df59-4fed-926e-d3eb691849bf', '8bd63a1a-df59-4fed-926e-d3eb691849bf', '8bd63a1a-df59-4fed-926e-d3eb691849bf', '8bd63a1a-df59-4fed-926e-d3eb691849bf', '8bd63a1a-df59-4fed-926e-d3eb691849bf', '8bd63a1a-df59-4fed-926e-d3eb691849bf', '8bd63a1a-df59-4fed-926e-d3eb691849bf', '8bd63a1a-df59-4fed-926e-d3eb691849bf', '8bd63a1a-df59-4fed-926e-d3eb691849bf', '8bd63a1a-df59-4fed-926e-d3eb691849bf', '8bd63a1a-df59-4fed-926e-d3eb691849bf', '8bd63a1a-df59-4fed-926e-d3eb691849bf', '8bd63a1a-df59-4fed-926e-d3eb691849bf', '55c518bb-100b-42ba-be70-c7ac48ad35bc', '6368edf1-b713-40e6-9ff3-ce6f43d2c0aa', 'f2e5745f-465a-4cc4-828c-ae04bc5d82b4', 'c1bfcf77-e065-4138-80ce-bf91963b4fad', '9798cb2a-5782-43bc-b3f7-5ff2c7da72ad', '9c7ee141-dad7-48e3-8c08-39a3485160ab', '6697e585-5007-4c63-9ad5-fe228efa8687', 'fd5a3811-3391-407c-9e14-8ee112395284', 'b2540afd-c79e-4425-aeb6-b0a5f9b7be1c', 'f14f2bf7-3dc1-4b13-95b6-35bb95706108', 'da49a77a-95b0-4f9e-b5b1-421c2262c470']"
3e14bc5a-9e13-4262-baeb-d99bea761754,2,"['8bd63a1a-df59-4fed-926e-d3eb691849bf', '8bd63a1a-df59-4fed-926e-d3eb691849bf', '8bd63a1a-df59-4fed-926e-d3eb691849bf', '8bd63a1a-df59-4fed-926e-d3eb691849bf', '8bd63a1a-df59-4fed-926e-d3eb691849bf', '8bd63a1a-df59-4fed-926e-d3eb691849bf', '8bd63a1a-df59-4fed-926e-d3eb691849bf', '8bd63a1a-df59-4fed-926e-d3eb691849bf', '8bd63a1a-df59-4fed-926e-d3eb691849bf', '8bd63a1a-df59-4fed-926e-d3eb691849bf', '8bd63a1a-df59-4fed-926e-d3eb691849bf', '8bd63a1a-df59-4fed-926e-d3eb691849bf', '8bd63a1a-df59-4fed-926e-d3eb691849bf', '8bd63a1a-df59-4fed-926e-d3eb691849bf', '8bd63a1a-df59-4fed-926e-d3eb691849bf', '8bd63a1a-df59-4fed-926e-d3eb691849bf', '8bd63a1a-df59-4fed-926e-d3eb691849bf', '8bd63a1a-df59-4fed-926e-d3eb691849bf', '8bd63a1a-df59-4fed-926e-d3eb691849bf', '8bd63a1a-df59-4fed-926e-d3eb691849bf', '8bd63a1a-df59-4fed-926e-d3eb691849bf', '8bd63a1a-df59-4fed-926e-d3eb691849bf', '8bd63a1a-df59-4fed-926e-d3eb691849bf', '8bd63a1a-df59-4fed-926e-d3eb691849bf', '8bd63a1a-df59-4fed-926e-d3eb691849bf', '8bd63a1a-df59-4fed-926e-d3eb691849bf', '8bd63a1a-df59-4fed-926e-d3eb691849bf', '8bd63a1a-df59-4fed-926e-d3eb691849bf', '8bd63a1a-df59-4fed-926e-d3eb691849bf', '8bd63a1a-df59-4fed-926e-d3eb691849bf', '8bd63a1a-df59-4fed-926e-d3eb691849bf', '55c518bb-100b-42ba-be70-c7ac48ad35bc', '6368edf1-b713-40e6-9ff3-ce6f43d2c0aa', 'f2e5745f-465a-4cc4-828c-ae04bc5d82b4', '9798cb2a-5782-43bc-b3f7-5ff2c7da72ad', '6697e585-5007-4c63-9ad5-fe228efa8687', 'fd5a3811-3391-407c-9e14-8ee112395284', 'b2540afd-c79e-4425-aeb6-b0a5f9b7be1c', 'f14f2bf7-3dc1-4b13-95b6-35bb95706108', 'da49a77a-95b0-4f9e-b5b1-421c2262c470', 'b9c9387d-bb05-4598-995e-9f1ca7832568', 'fc0ba92e-2cd4-4ff0-8f5a-9b3d1a0cf8bb', '15ffcc48-598f-4cbc-95ed-41d7411d1bdb', 'f2fefafc-a641-482a-9ee8-2a9b816ee564', '21ff6024-7c52-49d0-881e-4d2d169aff4d', 'cff285a2-a5db-4d55-8f1d-6da0b6b44131', '102203c0-2af4-4124-bb40-acd128054f97', '2cdf3e17-cb2c-46db-9d0c-4ef4710ab1b2', '210b7928-4a17-4041-bbf0-326d26b1ddb3', 'ce98a564-5ae4-41ec-8080-e33de04d87f0']"
3e14bc5a-9e13-4262-baeb-d99bea761754,3,"['8bd63a1a-df59-4fed-926e-d3eb691849bf', '8bd63a1a-df59-4fed-926e-d3eb691849bf', '8bd63a1a-df59-4fed-926e-d3eb691849bf', '8bd63a1a-df59-4fed-926e-d3eb691849bf', '8bd63a1a-df59-4fed-926e-d3eb691849bf', '8bd63a1a-df59-4fed-926e-d3eb691849bf', '8bd63a1a-df59-4fed-926e-d3eb691849bf', '8bd63a1a-df59-4fed-926e-d3eb691849bf', '8bd63a1a-df59-4fed-926e-d3eb691849bf', '8bd63a1a-df59-4fed-926e-d3eb691849bf', '8bd63a1a-df59-4fed-926e-d3eb691849bf', '8bd63a1a-df59-4fed-926e-d3eb691849bf', '8bd63a1a-df59-4fed-926e-d3eb691849bf', '8bd63a1a-df59-4fed-926e-d3eb691849bf', '8bd63a1a-df59-4fed-926e-d3eb691849bf', '8bd63a1a-df59-4fed-926e-d3eb691849bf', '8bd63a1a-df59-4fed-926e-d3eb691849bf', '8bd63a1a-df59-4fed-926e-d3eb691849bf', '8bd63a1a-df59-4fed-926e-d3eb691849bf', '8bd63a1a-df59-4fed-926e-d3eb691849bf', '8bd63a1a-df59-4fed-926e-d3eb691849bf', '8bd63a1a-df59-4fed-926e-d3eb691849bf', '8bd63a1a-df59-4fed-926e-d3eb691849bf', '8bd63a1a-df59-4fed-926e-d3eb691849bf', '6368edf1-b713-40e6-9ff3-ce6f43d2c0aa', 'f2e5745f-465a-4cc4-828c-ae04bc5d82b4', '9798cb2a-5782-43bc-b3f7-5ff2c7da72ad', '6697e585-5007-4c63-9ad5-fe228efa8687', 'fd5a3811-3391-407c-9e14-8ee112395284', 'b2540afd-c79e-4425-aeb6-b0a5f9b7be1c', 'f14f2bf7-3dc1-4b13-95b6-35bb95706108', 'da49a77a-95b0-4f9e-b5b1-421c2262c470', 'b9c9387d-bb05-4598-995e-9f1ca7832568', 'fc0ba92e-2cd4-4ff0-8f5a-9b3d1a0cf8bb', 'f2fefafc-a641-482a-9ee8-2a9b816ee564', '21ff6024-7c52-49d0-881e-4d2d169aff4d', '102203c0-2af4-4124-bb40-acd128054f97', '2cdf3e17-cb2c-46db-9d0c-4ef4710ab1b2', '210b7928-4a17-4041-bbf0-326d26b1ddb3', 'ce98a564-5ae4-41ec-8080-e33de04d87f0', '36521c1c-b6d5-42ac-9450-4ca475143c58', '2c87dcb7-f1cf-4c90-b9e0-70d298c9d275', 'efd915e1-887e-4696-a07f-4564457a3fc4', 'ac2e32a4-a4af-4e2d-940b-9b5d2f234c33', 'b5167eb2-f7c5-4c35-abaf-280ba94c4c9a', 'e3ad4054-40bc-433e-9b29-474e16e617fe', '907289bc-6f3a-488a-9ada-a8f5cbdae8f5', '37c15cfd-92f8-42c1-a721-e6d3d2f4ed9c', 'e4ca97fd-f9b1-4d0e-badc-c3b5a47ea063', 'c779a1f6-6ebc-44fd-a4ae-e94f7b90c547']"
3e14bc5a-9e13-4262-baeb-d99bea761754,4,"['8bd63a1a-df59-4fed-926e-d3eb691849bf', '8bd63a1a-df59-4fed-926e-d3eb691849bf', '8bd63a1a-df59-4fed-926e-d3eb691849bf', '8bd63a1a-df59-4fed-926e-d3eb691849bf', '8bd63a1a-df59-4fed-926e-d3eb691849bf', '8bd63a1a-df59-4fed-926e-d3eb691849bf', '8bd63a1a-df59-4fed-926e-d3eb691849bf', '8bd63a1a-df59-4fed-926e-d3eb691849bf', '8bd63a1a-df59-4fed-926e-d3eb691849bf', '8bd63a1a-df59-4fed-926e-d3eb691849bf', '8bd63a1a-df59-4fed-926e-d3eb691849bf', '8bd63a1a-df59-4fed-926e-d3eb691849bf', '8bd63a1a-df59-4fed-926e-d3eb691849bf', '8bd63a1a-df59-4fed-926e-d3eb691849bf', '8bd63a1a-df59-4fed-926e-d3eb691849bf', '8bd63a1a-df59-4fed-926e-d3eb691849bf', '8bd63a1a-df59-4fed-926e-d3eb691849bf', '8bd63a1a-df59-4fed-926e-d3eb691849bf', '8bd63a1a-df59-4fed-926e-d3eb691849bf', '8bd63a1a-df59-4fed-926e-d3eb691849bf', '8bd63a1a-df59-4fed-926e-d3eb691849bf', '8bd63a1a-df59-4fed-926e-d3eb691849bf', '8bd63a1a-df59-4fed-926e-d3eb691849bf', '8bd63a1a-df59-4fed-926e-d3eb691849bf', '8bd63a1a-df59-4fed-926e-d3eb691849bf', '8bd63a1a-df59-4fed-926e-d3eb691849bf', '8bd63a1a-df59-4fed-926e-d3eb691849bf', '8bd63a1a-df59-4fed-926e-d3eb691849bf', '8bd63a1a-df59-4fed-926e-d3eb691849bf', '8bd63a1a-df59-4fed-926e-d3eb691849bf', '8bd63a1a-df59-4fed-926e-d3eb691849bf', '8bd63a1a-df59-4fed-926e-d3eb691849bf', '8bd63a1a-df59-4fed-926e-d3eb691849bf', '8bd63a1a-df59-4fed-926e-d3eb691849bf', '8bd63a1a-df59-4fed-926e-d3eb691849bf', '8bd63a1a-df59-4fed-926e-d3eb691849bf', '8bd63a1a-df59-4fed-926e-d3eb691849bf', '8bd63a1a-df59-4fed-926e-d3eb691849bf', '8bd63a1a-df59-4fed-926e-d3eb691849bf', '35a046b9-cb29-4709-9005-5055e683784d', '9c3dfd68-3e6e-4739-95f1-14e681c4b5e2', '636a6481-81b0-4bfd-8af8-f9811b6c627b', '87508016-44e7-41da-b5f6-a38306a17644', '0e25e2fd-5f33-40a9-a8a6-52c988c6487b', '38e85bf9-e5fa-4dfa-be62-04d2329ca341', 'a7b7c4b0-921f-4073-b8c3-6a2343151f17', 'e9feb353-858e-45dc-9238-27ef5513404c', '1068fa63-8536-4038-9519-ddf1dc1b7eb6', 'ddae92a8-ce61-475a-b818-4aeda9d12d0d', '15df50fc-c3e4-4a90-b123-8ecb491863f0']"
3e14bc5a-9e13-4262-baeb-d99bea761754,5,"['8bd63a1a-df59-4fed-926e-d3eb691849bf', '8bd63a1a-df59-4fed-926e-d3eb691849bf', '8bd63a1a-df59-4fed-926e-d3eb691849bf', '8bd63a1a-df59-4fed-926e-d3eb691849bf', '8bd63a1a-df59-4fed-926e-d3eb691849bf', '8bd63a1a-df59-4fed-926e-d3eb691849bf', '8bd63a1a-df59-4fed-926e-d3eb691849bf', '8bd63a1a-df59-4fed-926e-d3eb691849bf', '8bd63a1a-df59-4fed-926e-d3eb691849bf', '8bd63a1a-df59-4fed-926e-d3eb691849bf', '8bd63a1a-df59-4fed-926e-d3eb691849bf', '8bd63a1a-df59-4fed-926e-d3eb691849bf', '8bd63a1a-df59-4fed-926e-d3eb691849bf', '8bd63a1a-df59-4fed-926e-d3eb691849bf', '8bd63a1a-df59-4fed-926e-d3eb691849bf', '8bd63a1a-df59-4fed-926e-d3eb691849bf', '8bd63a1a-df59-4fed-926e-d3eb691849bf', '8bd63a1a-df59-4fed-926e-d3eb691849bf', '8bd63a1a-df59-4fed-926e-d3eb691849bf', '8bd63a1a-df59-4fed-926e-d3eb691849bf', '8bd63a1a-df59-4fed-926e-d3eb691849bf', '8bd63a1a-df59-4fed-926e-d3eb691849bf', '8bd63a1a-df59-4fed-926e-d3eb691849bf', '8bd63a1a-df59-4fed-926e-d3eb691849bf', '8bd63a1a-df59-4fed-926e-d3eb691849bf', '8bd63a1a-df59-4fed-926e-d3eb691849bf', '8bd63a1a-df59-4fed-926e-d3eb691849bf', '8bd63a1a-df59-4fed-926e-d3eb691849bf', '8bd63a1a-df59-4fed-926e-d3eb691849bf', '8bd63a1a-df59-4fed-926e-d3eb691849bf', '35a046b9-cb29-4709-9005-5055e683784d', '9c3dfd68-3e6e-4739-95f1-14e681c4b5e2', '636a6481-81b0-4bfd-8af8-f9811b6c627b', '87508016-44e7-41da-b5f6-a38306a17644', '0e25e2fd-5f33-40a9-a8a6-52c988c6487b', '38e85bf9-e5fa-4dfa-be62-04d2329ca341', 'a7b7c4b0-921f-4073-b8c3-6a2343151f17', 'e9feb353-858e-45dc-9238-27ef5513404c', 'ddae92a8-ce61-475a-b818-4aeda9d12d0d', '15df50fc-c3e4-4a90-b123-8ecb491863f0', '954be366-de3f-4de9-963c-6c45d48f6a40', '14c04273-603e-47d8-8210-5a46fbfaf9a2', '1b9f2d22-115f-4d41-8fff-e33e91daab7d', '90f55ae1-ee6f-40c0-a89f-fc0de899a9fb', 'c1e189e1-cd12-48d7-b131-735452c15f0a', '4a6d9360-ddd8-4080-8a26-ca9d2f42b4dd', 'afb29691-f943-4ed0-969d-246b8201e6a9', '723391da-3610-4a4f-8da3-92c71ddcd704', '4677a692-2ff7-4b87-a3f2-c207a4e17d4f', '5759e258-b701-492d-8f2d-6bdce016bdd6']"
3e14bc5a-9e13-4262-baeb-d99bea761754,6,"['8bd63a1a-df59-4fed-926e-d3eb691849bf', '8bd63a1a-df59-4fed-926e-d3eb691849bf', '8bd63a1a-df59-4fed-926e-d3eb691849bf', '8bd63a1a-df59-4fed-926e-d3eb691849bf', '8bd63a1a-df59-4fed-926e-d3eb691849bf', '8bd63a1a-df59-4fed-926e-d3eb691849bf', '8bd63a1a-df59-4fed-926e-d3eb691849bf', '8bd63a1a-df59-4fed-926e-d3eb691849bf', '8bd63a1a-df59-4fed-926e-d3eb691849bf', '8bd63a1a-df59-4fed-926e-d3eb691849bf', '8bd63a1a-df59-4fed-926e-d3eb691849bf', '8bd63a1a-df59-4fed-926e-d3eb691849bf', '8bd63a1a-df59-4fed-926e-d3eb691849bf', '8bd63a1a-df59-4fed-926e-d3eb691849bf', '8bd63a1a-df59-4fed-926e-d3eb691849bf', '8bd63a1a-df59-4fed-926e-d3eb691849bf', '8bd63a1a-df59-4fed-926e-d3eb691849bf', '8bd63a1a-df59-4fed-926e-d3eb691849bf', '8bd63a1a-df59-4fed-926e-d3eb691849bf', '8bd63a1a-df59-4fed-926e-d3eb691849bf', '8bd63a1a-df59-4fed-926e-d3eb691849bf', '8bd63a1a-df59-4fed-926e-d3eb691849bf', '8bd63a1a-df59-4fed-926e-d3eb691849bf', '8bd63a1a-df59-4fed-926e-d3eb691849bf', '8bd63a1a-df59-4fed-926e-d3eb691849bf', '8bd63a1a-df59-4fed-926e-d3eb691849bf', '9c3dfd68-3e6e-4739-95f1-14e681c4b5e2', '636a6481-81b0-4bfd-8af8-f9811b6c627b', '87508016-44e7-41da-b5f6-a38306a17644', '38e85bf9-e5fa-4dfa-be62-04d2329ca341', 'a7b7c4b0-921f-4073-b8c3-6a2343151f17', 'e9feb353-858e-45dc-9238-27ef5513404c', 'ddae92a8-ce61-475a-b818-4aeda9d12d0d', '15df50fc-c3e4-4a90-b123-8ecb491863f0', '954be366-de3f-4de9-963c-6c45d48f6a40', '14c04273-603e-47d8-8210-5a46fbfaf9a2', '1b9f2d22-115f-4d41-8fff-e33e91daab7d', '90f55ae1-ee6f-40c0-a89f-fc0de899a9fb', 'c1e189e1-cd12-48d7-b131-735452c15f0a', '4a6d9360-ddd8-4080-8a26-ca9d2f42b4dd', 'afb29691-f943-4ed0-969d-246b8201e6a9', '723391da-3610-4a4f-8da3-92c71ddcd704', '5759e258-b701-492d-8f2d-6bdce016bdd6', 'd91d2abf-e553-4f99-85a4-c4477a146bf1', 'e1204b6a-0add-4b5a-86cd-1e0a12cad212', '2e4b6592-a4f3-48db-9fc4-68d5303770a5', '3be58e6a-c0d5-4140-82ad-1df49702978f', 'b6163bea-969d-423f-8419-b0411bf27bc4', 'ceada487-d870-4e0a-b09b-570dcffe82ae', 'bd4b3f9e-474f-4521-b83c-c2d1e7a61a39']"
3e14bc5a-9e13-4262-baeb-d99bea761754,7,"['8bd63a1a-df59-4fed-926e-d3eb691849bf', '8bd63a1a-df59-4fed-926e-d3eb691849bf', '8bd63a1a-df59-4fed-926e-d3eb691849bf', '8bd63a1a-df59-4fed-926e-d3eb691849bf', '8bd63a1a-df59-4fed-926e-d3eb691849bf', '8bd63a1a-df59-4fed-926e-d3eb691849bf', '8bd63a1a-df59-4fed-926e-d3eb691849bf', '8bd63a1a-df59-4fed-926e-d3eb691849bf', '8bd63a1a-df59-4fed-926e-d3eb691849bf', '8bd63a1a-df59-4fed-926e-d3eb691849bf', '8bd63a1a-df59-4fed-926e-d3eb691849bf', '8bd63a1a-df59-4fed-926e-d3eb691849bf', '8bd63a1a-df59-4fed-926e-d3eb691849bf', '8bd63a1a-df59-4fed-926e-d3eb691849bf', '8bd63a1a-df59-4fed-926e-d3eb691849bf', '8bd63a1a-df59-4fed-926e-d3eb691849bf', '8bd63a1a-df59-4fed-926e-d3eb691849bf', '8bd63a1a-df59-4fed-926e-d3eb691849bf', '8bd63a1a-df59-4fed-926e-d3eb691849bf', '8bd63a1a-df59-4fed-926e-d3eb691849bf', '8bd63a1a-df59-4fed-926e-d3eb691849bf', '8bd63a1a-df59-4fed-926e-d3eb691849bf', '8bd63a1a-df59-4fed-926e-d3eb691849bf', '8bd63a1a-df59-4fed-926e-d3eb691849bf', '9c3dfd68-3e6e-4739-95f1-14e681c4b5e2', '636a6481-81b0-4bfd-8af8-f9811b6c627b', '87508016-44e7-41da-b5f6-a38306a17644', '38e85bf9-e5fa-4dfa-be62-04d2329ca341', 'a7b7c4b0-921f-4073-b8c3-6a2343151f17', 'e9feb353-858e-45dc-9238-27ef5513404c', 'ddae92a8-ce61-475a-b818-4aeda9d12d0d', '954be366-de3f-4de9-963c-6c45d48f6a40', '14c04273-603e-47d8-8210-5a46fbfaf9a2', '1b9f2d22-115f-4d41-8fff-e33e91daab7d', '90f55ae1-ee6f-40c0-a89f-fc0de899a9fb', 'c1e189e1-cd12-48d7-b131-735452c15f0a', '4a6d9360-ddd8-4080-8a26-ca9d2f42b4dd', '723391da-3610-4a4f-8da3-92c71ddcd704', '5759e258-b701-492d-8f2d-6bdce016bdd6', 'd91d2abf-e553-4f99-85a4-c4477a146bf1', '2e4b6592-a4f3-48db-9fc4-68d5303770a5', '3be58e6a-c0d5-4140-82ad-1df49702978f', 'b6163bea-969d-423f-8419-b0411bf27bc4', 'ceada487-d870-4e0a-b09b-570dcffe82ae', 'bd4b3f9e-474f-4521-b83c-c2d1e7a61a39', 'b2aa8539-31eb-44dc-8369-a83346f41d10', '92313326-733d-4bf5-b2bf-2e46120b0e66', '3d2b84ca-89e4-49fd-ae6f-6714f25d6618', '15fdba29-fa2a-43a7-bb25-6eb243fce62a', 'a6156bd0-6972-4ade-a4d4-af4158051289']"
3e14bc5a-9e13-4262-baeb-d99bea761754,8,"['8bd63a1a-df59-4fed-926e-d3eb691849bf', '8bd63a1a-df59-4fed-926e-d3eb691849bf', '8bd63a1a-df59-4fed-926e-d3eb691849bf', '8bd63a1a-df59-4fed-926e-d3eb691849bf', '8bd63a1a-df59-4fed-926e-d3eb691849bf', '8bd63a1a-df59-4fed-926e-d3eb691849bf', '8bd63a1a-df59-4fed-926e-d3eb691849bf', '8bd63a1a-df59-4fed-926e-d3eb691849bf', '8bd63a1a-df59-4fed-926e-d3eb691849bf', '8bd63a1a-df59-4fed-926e-d3eb691849bf', '8bd63a1a-df59-4fed-926e-d3eb691849bf', '8bd63a1a-df59-4fed-926e-d3eb691849bf', '8bd63a1a-df59-4fed-926e-d3eb691849bf', '8bd63a1a-df59-4fed-926e-d3eb691849bf', '8bd63a1a-df59-4fed-926e-d3eb691849bf', '8bd63a1a-df59-4fed-926e-d3eb691849bf', '8bd63a1a-df59-4fed-926e-d3eb691849bf', '8bd63a1a-df59-4fed-926e-d3eb691849bf', '8bd63a1a-df59-4fed-926e-d3eb691849bf', '8bd63a1a-df59-4fed-926e-d3eb691849bf', '8bd63a1a-df59-4fed-926e-d3eb691849bf', '8bd63a1a-df59-4fed-926e-d3eb691849bf', '8bd63a1a-df59-4fed-926e-d3eb691849bf', '8bd63a1a-df59-4fed-926e-d3eb691849bf', '8bd63a1a-df59-4fed-926e-d3eb691849bf', '8bd63a1a-df59-4fed-926e-d3eb691849bf', '8bd63a1a-df59-4fed-926e-d3eb691849bf', '8bd63a1a-df59-4fed-926e-d3eb691849bf', '8bd63a1a-df59-4fed-926e-d3eb691849bf', '8bd63a1a-df59-4fed-926e-d3eb691849bf', '8bd63a1a-df59-4fed-926e-d3eb691849bf', '8bd63a1a-df59-4fed-926e-d3eb691849bf', '8bd63a1a-df59-4fed-926e-d3eb691849bf', '8bd63a1a-df59-4fed-926e-d3eb691849bf', '8bd63a1a-df59-4fed-926e-d3eb691849bf', '8bd63a1a-df59-4fed-926e-d3eb691849bf', '8bd63a1a-df59-4fed-926e-d3eb691849bf', '8bd63a1a-df59-4fed-926e-d3eb691849bf', '8bd63a1a-df59-4fed-926e-d3eb691849bf', '710652a5-5553-4c0b-816e-dee880762d11', '38665178-445d-4ba2-85eb-7641b3c5e55d', '8b8cf13a-60bf-49c6-9bc4-e397456c9d2e', '2231601d-f4f2-4782-9e94-1dda9e5e3805', 'f89b3b37-673b-447a-98b6-f9bbaf3a69a1', 'd970b011-5175-4e96-a0f5-1b84906029da', '3a17a6dd-dd9c-4b10-8012-a40c72af94c4', '48472ece-dce7-46fa-a536-7b6dabbfaed5', 'df9d4a4d-f5b8-4b25-96c1-0d61b7199c90', 'b860e687-ff1f-4883-9b65-f656341f1e7b', 'f3214910-d3b6-4d7b-909a-c30a50c7b429']"
f3d4c7a7-9abe-45ab-9aca-94fc6a211685,0,"['d31f87e3-6d12-425b-94ae-a44e5a521c24', 'd31f87e3-6d12-425b-94ae-a44e5a521c24', 'd31f87e3-6d12-425b-94ae-a44e5a521c24', 'd31f87e3-6d12-425b-94ae-a44e5a521c24', 'd31f87e3-6d12-425b-94ae-a44e5a521c24', 'd31f87e3-6d12-425b-94ae-a44e5a521c24', 'd31f87e3-6d12-425b-94ae-a44e5a521c24', 'd31f87e3-6d12-425b-94ae-a44e5a521c24', 'd31f87e3-6d12-425b-94ae-a44e5a521c24', 'd31f87e3-6d12-425b-94ae-a44e5a521c24', 'd31f87e3-6d12-425b-94ae-a44e5a521c24', 'd31f87e3-6d12-425b-94ae-a44e5a521c24', 'd31f87e3-6d12-425b-94ae-a44e5a521c24', 'd31f87e3-6d12-425b-94ae-a44e5a521c24', 'd31f87e3-6d12-425b-94ae-a44e5a521c24', 'd31f87e3-6d12-425b-94ae-a44e5a521c24', 'd31f87e3-6d12-425b-94ae-a44e5a521c24', 'd31f87e3-6d12-425b-94ae-a44e5a521c24', 'd31f87e3-6d12-425b-94ae-a44e5a521c24', 'd31f87e3-6d12-425b-94ae-a44e5a521c24', 'd31f87e3-6d12-425b-94ae-a44e5a521c24', 'd31f87e3-6d12-425b-94ae-a44e5a521c24', 'd31f87e3-6d12-425b-94ae-a44e5a521c24', 'd31f87e3-6d12-425b-94ae-a44e5a521c24', 'd31f87e3-6d12-425b-94ae-a44e5a521c24', 'd31f87e3-6d12-425b-94ae-a44e5a521c24', 'd31f87e3-6d12-425b-94ae-a44e5a521c24', 'd31f87e3-6d12-425b-94ae-a44e5a521c24', 'd31f87e3-6d12-425b-94ae-a44e5a521c24', 'd31f87e3-6d12-425b-94ae-a44e5a521c24', 'd31f87e3-6d12-425b-94ae-a44e5a521c24', 'd31f87e3-6d12-425b-94ae-a44e5a521c24', 'd31f87e3-6d12-425b-94ae-a44e5a521c24', 'd31f87e3-6d12-425b-94ae-a44e5a521c24', 'd31f87e3-6d12-425b-94ae-a44e5a521c24', 'd31f87e3-6d12-425b-94ae-a44e5a521c24', 'd31f87e3-6d12-425b-94ae-a44e5a521c24', 'd31f87e3-6d12-425b-94ae-a44e5a521c24', 'd31f87e3-6d12-425b-94ae-a44e5a521c24', 'd31f87e3-6d12-425b-94ae-a44e5a521c24', 'd31f87e3-6d12-425b-94ae-a44e5a521c24', 'd31f87e3-6d12-425b-94ae-a44e5a521c24', 'd31f87e3-6d12-425b-94ae-a44e5a521c24', 'd31f87e3-6d12-425b-94ae-a44e5a521c24', 'd31f87e3-6d12-425b-94ae-a44e5a521c24', 'd31f87e3-6d12-425b-94ae-a44e5a521c24', 'd31f87e3-6d12-425b-94ae-a44e5a521c24', 'd31f87e3-6d12-425b-94ae-a44e5a521c24', 'd31f87e3-6d12-425b-94ae-a44e5a521c24', 'd31f87e3-6d12-425b-94ae-a44e5a521c24']"
3e14bc5a-9e13-4262-baeb-d99bea761754,9,"['8bd63a1a-df59-4fed-926e-d3eb691849bf', '8bd63a1a-df59-4fed-926e-d3eb691849bf', '8bd63a1a-df59-4fed-926e-d3eb691849bf', '8bd63a1a-df59-4fed-926e-d3eb691849bf', '8bd63a1a-df59-4fed-926e-d3eb691849bf', '8bd63a1a-df59-4fed-926e-d3eb691849bf', '8bd63a1a-df59-4fed-926e-d3eb691849bf', '8bd63a1a-df59-4fed-926e-d3eb691849bf', '8bd63a1a-df59-4fed-926e-d3eb691849bf', '8bd63a1a-df59-4fed-926e-d3eb691849bf', '8bd63a1a-df59-4fed-926e-d3eb691849bf', '8bd63a1a-df59-4fed-926e-d3eb691849bf', '8bd63a1a-df59-4fed-926e-d3eb691849bf', '8bd63a1a-df59-4fed-926e-d3eb691849bf', '8bd63a1a-df59-4fed-926e-d3eb691849bf', '8bd63a1a-df59-4fed-926e-d3eb691849bf', '8bd63a1a-df59-4fed-926e-d3eb691849bf', '8bd63a1a-df59-4fed-926e-d3eb691849bf', '8bd63a1a-df59-4fed-926e-d3eb691849bf', '8bd63a1a-df59-4fed-926e-d3eb691849bf', '8bd63a1a-df59-4fed-926e-d3eb691849bf', '8bd63a1a-df59-4fed-926e-d3eb691849bf', '8bd63a1a-df59-4fed-926e-d3eb691849bf', '8bd63a1a-df59-4fed-926e-d3eb691849bf', '8bd63a1a-df59-4fed-926e-d3eb691849bf', '8bd63a1a-df59-4fed-926e-d3eb691849bf', '8bd63a1a-df59-4fed-926e-d3eb691849bf', '8bd63a1a-df59-4fed-926e-d3eb691849bf', '8bd63a1a-df59-4fed-926e-d3eb691849bf', '8bd63a1a-df59-4fed-926e-d3eb691849bf', '8bd63a1a-df59-4fed-926e-d3eb691849bf', '8bd63a1a-df59-4fed-926e-d3eb691849bf', '710652a5-5553-4c0b-816e-dee880762d11', '8b8cf13a-60bf-49c6-9bc4-e397456c9d2e', '2231601d-f4f2-4782-9e94-1dda9e5e3805', 'f89b3b37-673b-447a-98b6-f9bbaf3a69a1', 'd970b011-5175-4e96-a0f5-1b84906029da', '3a17a6dd-dd9c-4b10-8012-a40c72af94c4', 'df9d4a4d-f5b8-4b25-96c1-0d61b7199c90', 'b860e687-ff1f-4883-9b65-f656341f1e7b', '68794b19-b073-420b-85fb-c1cde05485e4', '625f439b-8f94-481e-9da5-965950df2418', '5def276f-36ff-4fe3-809c-ccd2637ffeb1', '7099a7ff-8b67-40da-a981-cac15c6bdff1', 'b338f173-139a-4084-9733-4981fd314090', 'bb7e0ab3-7cfe-4dbc-b5e9-7ecc5b41bc67', '4440cbba-1310-46c5-9172-43bdfa56d967', '10a9d249-3da3-4ca0-988d-76087e55ca4e', '8d802af2-2b99-4ef9-909c-fb6bfb1a2857', '979f2926-2477-418e-acda-57c7b94b26db']"
f3d4c7a7-9abe-45ab-9aca-94fc6a211685,1,"['d31f87e3-6d12-425b-94ae-a44e5a521c24', 'd31f87e3-6d12-425b-94ae-a44e5a521c24', 'd31f87e3-6d12-425b-94ae-a44e5a521c24', 'd31f87e3-6d12-425b-94ae-a44e5a521c24', 'd31f87e3-6d12-425b-94ae-a44e5a521c24', 'd31f87e3-6d12-425b-94ae-a44e5a521c24', 'd31f87e3-6d12-425b-94ae-a44e5a521c24', 'd31f87e3-6d12-425b-94ae-a44e5a521c24', 'd31f87e3-6d12-425b-94ae-a44e5a521c24', 'd31f87e3-6d12-425b-94ae-a44e5a521c24', 'd31f87e3-6d12-425b-94ae-a44e5a521c24', 'd31f87e3-6d12-425b-94ae-a44e5a521c24', 'd31f87e3-6d12-425b-94ae-a44e5a521c24', 'd31f87e3-6d12-425b-94ae-a44e5a521c24', 'd31f87e3-6d12-425b-94ae-a44e5a521c24', 'd31f87e3-6d12-425b-94ae-a44e5a521c24', 'd31f87e3-6d12-425b-94ae-a44e5a521c24', 'd31f87e3-6d12-425b-94ae-a44e5a521c24', 'd31f87e3-6d12-425b-94ae-a44e5a521c24', 'd31f87e3-6d12-425b-94ae-a44e5a521c24', 'd31f87e3-6d12-425b-94ae-a44e5a521c24', 'd31f87e3-6d12-425b-94ae-a44e5a521c24', 'd31f87e3-6d12-425b-94ae-a44e5a521c24', 'd31f87e3-6d12-425b-94ae-a44e5a521c24', 'd31f87e3-6d12-425b-94ae-a44e5a521c24', 'd31f87e3-6d12-425b-94ae-a44e5a521c24', 'd31f87e3-6d12-425b-94ae-a44e5a521c24', 'd31f87e3-6d12-425b-94ae-a44e5a521c24', 'd31f87e3-6d12-425b-94ae-a44e5a521c24', 'd31f87e3-6d12-425b-94ae-a44e5a521c24', 'd31f87e3-6d12-425b-94ae-a44e5a521c24', 'd31f87e3-6d12-425b-94ae-a44e5a521c24', 'd31f87e3-6d12-425b-94ae-a44e5a521c24', 'd31f87e3-6d12-425b-94ae-a44e5a521c24', 'd31f87e3-6d12-425b-94ae-a44e5a521c24', 'd31f87e3-6d12-425b-94ae-a44e5a521c24', 'd31f87e3-6d12-425b-94ae-a44e5a521c24', 'd31f87e3-6d12-425b-94ae-a44e5a521c24', 'd31f87e3-6d12-425b-94ae-a44e5a521c24', 'd31f87e3-6d12-425b-94ae-a44e5a521c24', 'd31f87e3-6d12-425b-94ae-a44e5a521c24', 'd31f87e3-6d12-425b-94ae-a44e5a521c24', 'd1b971c3-4410-40db-aee1-0515effdab1d', '9b104e7c-1447-4f11-91b4-c085a56c8fb9', 'c4bf395b-b845-4b03-a225-b6c4c4eab1c6', '278364a9-91bc-4b5a-bb4b-bf2beb038659', 'f95d9a47-5c6f-432e-9e98-2709070e9f79', 'b647f1a5-4ca1-44e1-8028-701330968864', 'e8c61921-6c1f-47e4-ad27-19c8b872c89c', 'fa0f58b7-dda3-461b-8317-27eb3628c422']"
3e14bc5a-9e13-4262-baeb-d99bea761754,10,"['8bd63a1a-df59-4fed-926e-d3eb691849bf', '8bd63a1a-df59-4fed-926e-d3eb691849bf', '8bd63a1a-df59-4fed-926e-d3eb691849bf', '8bd63a1a-df59-4fed-926e-d3eb691849bf', '8bd63a1a-df59-4fed-926e-d3eb691849bf', '8bd63a1a-df59-4fed-926e-d3eb691849bf', '8bd63a1a-df59-4fed-926e-d3eb691849bf', '8bd63a1a-df59-4fed-926e-d3eb691849bf', '8bd63a1a-df59-4fed-926e-d3eb691849bf', '8bd63a1a-df59-4fed-926e-d3eb691849bf', '8bd63a1a-df59-4fed-926e-d3eb691849bf', '8bd63a1a-df59-4fed-926e-d3eb691849bf', '8bd63a1a-df59-4fed-926e-d3eb691849bf', '8bd63a1a-df59-4fed-926e-d3eb691849bf', '8bd63a1a-df59-4fed-926e-d3eb691849bf', '8bd63a1a-df59-4fed-926e-d3eb691849bf', '8bd63a1a-df59-4fed-926e-d3eb691849bf', '8bd63a1a-df59-4fed-926e-d3eb691849bf', '8bd63a1a-df59-4fed-926e-d3eb691849bf', '8bd63a1a-df59-4fed-926e-d3eb691849bf', '8bd63a1a-df59-4fed-926e-d3eb691849bf', '8bd63a1a-df59-4fed-926e-d3eb691849bf', '8bd63a1a-df59-4fed-926e-d3eb691849bf', '8bd63a1a-df59-4fed-926e-d3eb691849bf', '8bd63a1a-df59-4fed-926e-d3eb691849bf', '710652a5-5553-4c0b-816e-dee880762d11', '8b8cf13a-60bf-49c6-9bc4-e397456c9d2e', '2231601d-f4f2-4782-9e94-1dda9e5e3805', 'f89b3b37-673b-447a-98b6-f9bbaf3a69a1', '3a17a6dd-dd9c-4b10-8012-a40c72af94c4', 'df9d4a4d-f5b8-4b25-96c1-0d61b7199c90', 'b860e687-ff1f-4883-9b65-f656341f1e7b', '625f439b-8f94-481e-9da5-965950df2418', '5def276f-36ff-4fe3-809c-ccd2637ffeb1', 'bb7e0ab3-7cfe-4dbc-b5e9-7ecc5b41bc67', '4440cbba-1310-46c5-9172-43bdfa56d967', '10a9d249-3da3-4ca0-988d-76087e55ca4e', '8d802af2-2b99-4ef9-909c-fb6bfb1a2857', '979f2926-2477-418e-acda-57c7b94b26db', '56393c0f-4ec9-4ded-ad72-ac75e8e0b63e', 'b06490ec-c5e1-48b9-91b5-bffd1c2b95d2', '11ea447b-77e4-40da-8d78-1e57325fad2e', '920b7d8a-f05a-4fc8-9a57-8eb575bbf176', 'd851815c-f3f1-4951-91f9-779b27a50051', '1c543c57-6f9f-4d7d-a946-264ade7da3df', '8a787363-bd73-4d17-99b7-055ec5784d19', '69eedaea-b9b0-40e8-9f90-8b651dce7e79', '8d950158-c275-4b95-90a5-e2b3e1f4eb77', 'deca4e2d-7e59-46ca-be7d-90fda0e5dffb', '7003edc4-4cbf-44c7-8260-dfca7346c229']"
f3d4c7a7-9abe-45ab-9aca-94fc6a211685,2,"['d31f87e3-6d12-425b-94ae-a44e5a521c24', 'd31f87e3-6d12-425b-94ae-a44e5a521c24', 'd31f87e3-6d12-425b-94ae-a44e5a521c24', 'd31f87e3-6d12-425b-94ae-a44e5a521c24', 'd31f87e3-6d12-425b-94ae-a44e5a521c24', 'd31f87e3-6d12-425b-94ae-a44e5a521c24', 'd31f87e3-6d12-425b-94ae-a44e5a521c24', 'd31f87e3-6d12-425b-94ae-a44e5a521c24', 'd31f87e3-6d12-425b-94ae-a44e5a521c24', 'd31f87e3-6d12-425b-94ae-a44e5a521c24', 'd31f87e3-6d12-425b-94ae-a44e5a521c24', 'd31f87e3-6d12-425b-94ae-a44e5a521c24', 'd31f87e3-6d12-425b-94ae-a44e5a521c24', 'd31f87e3-6d12-425b-94ae-a44e5a521c24', 'd31f87e3-6d12-425b-94ae-a44e5a521c24', 'd31f87e3-6d12-425b-94ae-a44e5a521c24', 'd31f87e3-6d12-425b-94ae-a44e5a521c24', 'd31f87e3-6d12-425b-94ae-a44e5a521c24', 'd31f87e3-6d12-425b-94ae-a44e5a521c24', 'd31f87e3-6d12-425b-94ae-a44e5a521c24', 'd31f87e3-6d12-425b-94ae-a44e5a521c24', 'd31f87e3-6d12-425b-94ae-a44e5a521c24', 'd31f87e3-6d12-425b-94ae-a44e5a521c24', 'd31f87e3-6d12-425b-94ae-a44e5a521c24', 'd31f87e3-6d12-425b-94ae-a44e5a521c24', 'd31f87e3-6d12-425b-94ae-a44e5a521c24', 'd31f87e3-6d12-425b-94ae-a44e5a521c24', 'd31f87e3-6d12-425b-94ae-a44e5a521c24', 'd31f87e3-6d12-425b-94ae-a44e5a521c24', 'd31f87e3-6d12-425b-94ae-a44e5a521c24', 'd31f87e3-6d12-425b-94ae-a44e5a521c24', 'd31f87e3-6d12-425b-94ae-a44e5a521c24', 'd31f87e3-6d12-425b-94ae-a44e5a521c24', 'd31f87e3-6d12-425b-94ae-a44e5a521c24', 'd31f87e3-6d12-425b-94ae-a44e5a521c24', 'd31f87e3-6d12-425b-94ae-a44e5a521c24', 'd1b971c3-4410-40db-aee1-0515effdab1d', 'c4bf395b-b845-4b03-a225-b6c4c4eab1c6', 'f95d9a47-5c6f-432e-9e98-2709070e9f79', 'b647f1a5-4ca1-44e1-8028-701330968864', 'fa0f58b7-dda3-461b-8317-27eb3628c422', 'e78cc53e-d551-4707-bffa-b17df573a27c', '37b1bb94-0bba-46db-b862-75252a4737af', 'aacc1e17-c954-4991-b0cd-4058ffbcf5ba', 'af3abbf3-5c42-4bac-9def-5f9af7e8874f', '8125b0a4-ea66-4378-9b07-48c099510c87', '547e161f-5168-4bd7-b6cd-6328e1dee162', 'efe40a40-dc57-4f1f-9223-dc5dc227bbd0', '9e17d1dc-4392-4225-834b-3ec24647f909', '7d787e83-0558-460a-8f6d-ce6b5403ff5b']"
3e14bc5a-9e13-4262-baeb-d99bea761754,11,"['8bd63a1a-df59-4fed-926e-d3eb691849bf', '8bd63a1a-df59-4fed-926e-d3eb691849bf', '8bd63a1a-df59-4fed-926e-d3eb691849bf', '8bd63a1a-df59-4fed-926e-d3eb691849bf', '8bd63a1a-df59-4fed-926e-d3eb691849bf', '8bd63a1a-df59-4fed-926e-d3eb691849bf', '8bd63a1a-df59-4fed-926e-d3eb691849bf', '8bd63a1a-df59-4fed-926e-d3eb691849bf', '8bd63a1a-df59-4fed-926e-d3eb691849bf', '8bd63a1a-df59-4fed-926e-d3eb691849bf', '8bd63a1a-df59-4fed-926e-d3eb691849bf', '8bd63a1a-df59-4fed-926e-d3eb691849bf', '8bd63a1a-df59-4fed-926e-d3eb691849bf', '8bd63a1a-df59-4fed-926e-d3eb691849bf', '8bd63a1a-df59-4fed-926e-d3eb691849bf', '8bd63a1a-df59-4fed-926e-d3eb691849bf', '8bd63a1a-df59-4fed-926e-d3eb691849bf', '8bd63a1a-df59-4fed-926e-d3eb691849bf', '8bd63a1a-df59-4fed-926e-d3eb691849bf', '8bd63a1a-df59-4fed-926e-d3eb691849bf', '8bd63a1a-df59-4fed-926e-d3eb691849bf', '8b8cf13a-60bf-49c6-9bc4-e397456c9d2e', '2231601d-f4f2-4782-9e94-1dda9e5e3805', 'f89b3b37-673b-447a-98b6-f9bbaf3a69a1', '3a17a6dd-dd9c-4b10-8012-a40c72af94c4', 'df9d4a4d-f5b8-4b25-96c1-0d61b7199c90', 'b860e687-ff1f-4883-9b65-f656341f1e7b', '625f439b-8f94-481e-9da5-965950df2418', '5def276f-36ff-4fe3-809c-ccd2637ffeb1', '4440cbba-1310-46c5-9172-43bdfa56d967', '10a9d249-3da3-4ca0-988d-76087e55ca4e', '8d802af2-2b99-4ef9-909c-fb6bfb1a2857', '979f2926-2477-418e-acda-57c7b94b26db', '56393c0f-4ec9-4ded-ad72-ac75e8e0b63e', 'b06490ec-c5e1-48b9-91b5-bffd1c2b95d2', '11ea447b-77e4-40da-8d78-1e57325fad2e', '1c543c57-6f9f-4d7d-a946-264ade7da3df', '8a787363-bd73-4d17-99b7-055ec5784d19', '69eedaea-b9b0-40e8-9f90-8b651dce7e79', '8d950158-c275-4b95-90a5-e2b3e1f4eb77', 'deca4e2d-7e59-46ca-be7d-90fda0e5dffb', '7003edc4-4cbf-44c7-8260-dfca7346c229', '60c9bd30-4e73-4316-9a22-55a7c47375b1', '634248ed-7736-443f-ac00-f4525dab3a3f', '0bcfd848-b636-4bfb-946e-af9bf2dbcb60', '3af98c8d-153a-4e21-81f1-af7f3d073bd9', '90a5ad10-0d2f-4396-81f8-c9dfb5be4599', '699824ec-a9b5-44ed-b241-39710add1c51', '5fc0e564-f8e4-4604-856c-8ba4a016a6cc', '679eb1bf-7826-4ef5-8221-fca208327f9a']"
f3d4c7a7-9abe-45ab-9aca-94fc6a211685,3,"['d31f87e3-6d12-425b-94ae-a44e5a521c24', 'd31f87e3-6d12-425b-94ae-a44e5a521c24', 'd31f87e3-6d12-425b-94ae-a44e5a521c24', 'd31f87e3-6d12-425b-94ae-a44e5a521c24', 'd31f87e3-6d12-425b-94ae-a44e5a521c24', 'd31f87e3-6d12-425b-94ae-a44e5a521c24', 'd31f87e3-6d12-425b-94ae-a44e5a521c24', 'd31f87e3-6d12-425b-94ae-a44e5a521c24', 'd31f87e3-6d12-425b-94ae-a44e5a521c24', 'd31f87e3-6d12-425b-94ae-a44e5a521c24', 'd31f87e3-6d12-425b-94ae-a44e5a521c24', 'd31f87e3-6d12-425b-94ae-a44e5a521c24', 'd31f87e3-6d12-425b-94ae-a44e5a521c24', 'd31f87e3-6d12-425b-94ae-a44e5a521c24', 'd31f87e3-6d12-425b-94ae-a44e5a521c24', 'd31f87e3-6d12-425b-94ae-a44e5a521c24', 'd31f87e3-6d12-425b-94ae-a44e5a521c24', 'd31f87e3-6d12-425b-94ae-a44e5a521c24', 'd31f87e3-6d12-425b-94ae-a44e5a521c24', 'd31f87e3-6d12-425b-94ae-a44e5a521c24', 'd31f87e3-6d12-425b-94ae-a44e5a521c24', 'd31f87e3-6d12-425b-94ae-a44e5a521c24', 'd31f87e3-6d12-425b-94ae-a44e5a521c24', 'd31f87e3-6d12-425b-94ae-a44e5a521c24', 'd31f87e3-6d12-425b-94ae-a44e5a521c24', 'd31f87e3-6d12-425b-94ae-a44e5a521c24', 'd31f87e3-6d12-425b-94ae-a44e5a521c24', 'd31f87e3-6d12-425b-94ae-a44e5a521c24', 'd31f87e3-6d12-425b-94ae-a44e5a521c24', 'd31f87e3-6d12-425b-94ae-a44e5a521c24', 'd31f87e3-6d12-425b-94ae-a44e5a521c24', 'd1b971c3-4410-40db-aee1-0515effdab1d', 'c4bf395b-b845-4b03-a225-b6c4c4eab1c6', 'b647f1a5-4ca1-44e1-8028-701330968864', 'fa0f58b7-dda3-461b-8317-27eb3628c422', 'e78cc53e-d551-4707-bffa-b17df573a27c', '37b1bb94-0bba-46db-b862-75252a4737af', 'af3abbf3-5c42-4bac-9def-5f9af7e8874f', '547e161f-5168-4bd7-b6cd-6328e1dee162', '7d787e83-0558-460a-8f6d-ce6b5403ff5b', 'fe91ca50-94f3-4e8e-8eae-0a436c176638', '1134f8a6-7f00-478a-9cc8-ae9b74e386f9', '2d429ce0-83b7-4c9a-8a64-f9006e4fb393', '84113400-d7f2-4461-a8cc-8a43b8e700e5', '314abcc7-50fd-4fba-b176-b547a2817556', '2bd43641-f858-4be9-b0d2-12358c95fd45', 'e9b31d89-942b-476a-b00f-95980f30d3b9', '5487ccce-a7ba-4172-87d5-60765cc14831', 'cb1c8e89-b71a-4e46-9d6b-58b8452fdc38', 'aa1ae998-b5fb-4066-8aa4-da428ce840be']"
3e14bc5a-9e13-4262-baeb-d99bea761754,12,"['8bd63a1a-df59-4fed-926e-d3eb691849bf', '8bd63a1a-df59-4fed-926e-d3eb691849bf', '8bd63a1a-df59-4fed-926e-d3eb691849bf', '8bd63a1a-df59-4fed-926e-d3eb691849bf', '8bd63a1a-df59-4fed-926e-d3eb691849bf', '8bd63a1a-df59-4fed-926e-d3eb691849bf', '8bd63a1a-df59-4fed-926e-d3eb691849bf', '8bd63a1a-df59-4fed-926e-d3eb691849bf', '8bd63a1a-df59-4fed-926e-d3eb691849bf', '8bd63a1a-df59-4fed-926e-d3eb691849bf', '8bd63a1a-df59-4fed-926e-d3eb691849bf', '8bd63a1a-df59-4fed-926e-d3eb691849bf', '8bd63a1a-df59-4fed-926e-d3eb691849bf', '8bd63a1a-df59-4fed-926e-d3eb691849bf', '8bd63a1a-df59-4fed-926e-d3eb691849bf', '8bd63a1a-df59-4fed-926e-d3eb691849bf', '8bd63a1a-df59-4fed-926e-d3eb691849bf', '8bd63a1a-df59-4fed-926e-d3eb691849bf', '8bd63a1a-df59-4fed-926e-d3eb691849bf', '8bd63a1a-df59-4fed-926e-d3eb691849bf', '8bd63a1a-df59-4fed-926e-d3eb691849bf', '8bd63a1a-df59-4fed-926e-d3eb691849bf', '8bd63a1a-df59-4fed-926e-d3eb691849bf', '8bd63a1a-df59-4fed-926e-d3eb691849bf', '8bd63a1a-df59-4fed-926e-d3eb691849bf', '8bd63a1a-df59-4fed-926e-d3eb691849bf', '8bd63a1a-df59-4fed-926e-d3eb691849bf', '8bd63a1a-df59-4fed-926e-d3eb691849bf', '8bd63a1a-df59-4fed-926e-d3eb691849bf', '8bd63a1a-df59-4fed-926e-d3eb691849bf', '8bd63a1a-df59-4fed-926e-d3eb691849bf', '8bd63a1a-df59-4fed-926e-d3eb691849bf', '8bd63a1a-df59-4fed-926e-d3eb691849bf', '8bd63a1a-df59-4fed-926e-d3eb691849bf', '8bd63a1a-df59-4fed-926e-d3eb691849bf', '8bd63a1a-df59-4fed-926e-d3eb691849bf', '8bd63a1a-df59-4fed-926e-d3eb691849bf', '8bd63a1a-df59-4fed-926e-d3eb691849bf', '8bd63a1a-df59-4fed-926e-d3eb691849bf', '8bd63a1a-df59-4fed-926e-d3eb691849bf', '8bd63a1a-df59-4fed-926e-d3eb691849bf', '8bd63a1a-df59-4fed-926e-d3eb691849bf', '8bd63a1a-df59-4fed-926e-d3eb691849bf', '8bd63a1a-df59-4fed-926e-d3eb691849bf', 'b4ad6961-1922-4a7d-b498-9287bc318a5b', '2390032b-65c1-46ab-aca8-6657856777ed', '091f11ad-710e-4aae-a684-2f02880fdc2b', 'f10a1789-9344-458a-98e5-124832de73d3', 'f3460ddb-827a-46bf-8487-29b8ae89b595', '1d70b9eb-868f-4bf6-8c7f-4261e7c76988']"
f3d4c7a7-9abe-45ab-9aca-94fc6a211685,4,"['d31f87e3-6d12-425b-94ae-a44e5a521c24', 'd31f87e3-6d12-425b-94ae-a44e5a521c24', 'd31f87e3-6d12-425b-94ae-a44e5a521c24', 'd31f87e3-6d12-425b-94ae-a44e5a521c24', 'd31f87e3-6d12-425b-94ae-a44e5a521c24', 'd31f87e3-6d12-425b-94ae-a44e5a521c24', 'd31f87e3-6d12-425b-94ae-a44e5a521c24', 'd31f87e3-6d12-425b-94ae-a44e5a521c24', 'd31f87e3-6d12-425b-94ae-a44e5a521c24', 'd31f87e3-6d12-425b-94ae-a44e5a521c24', 'd31f87e3-6d12-425b-94ae-a44e5a521c24', 'd31f87e3-6d12-425b-94ae-a44e5a521c24', 'd31f87e3-6d12-425b-94ae-a44e5a521c24', 'd31f87e3-6d12-425b-94ae-a44e5a521c24', 'd31f87e3-6d12-425b-94ae-a44e5a521c24', 'd31f87e3-6d12-425b-94ae-a44e5a521c24', 'd31f87e3-6d12-425b-94ae-a44e5a521c24', 'd31f87e3-6d12-425b-94ae-a44e5a521c24', 'd31f87e3-6d12-425b-94ae-a44e5a521c24', 'd31f87e3-6d12-425b-94ae-a44e5a521c24', 'd31f87e3-6d12-425b-94ae-a44e5a521c24', 'd31f87e3-6d12-425b-94ae-a44e5a521c24', 'd31f87e3-6d12-425b-94ae-a44e5a521c24', 'd31f87e3-6d12-425b-94ae-a44e5a521c24', 'd31f87e3-6d12-425b-94ae-a44e5a521c24', 'd31f87e3-6d12-425b-94ae-a44e5a521c24', 'd31f87e3-6d12-425b-94ae-a44e5a521c24', 'd31f87e3-6d12-425b-94ae-a44e5a521c24', 'd1b971c3-4410-40db-aee1-0515effdab1d', 'c4bf395b-b845-4b03-a225-b6c4c4eab1c6', 'fa0f58b7-dda3-461b-8317-27eb3628c422', 'e78cc53e-d551-4707-bffa-b17df573a27c', '37b1bb94-0bba-46db-b862-75252a4737af', 'af3abbf3-5c42-4bac-9def-5f9af7e8874f', '7d787e83-0558-460a-8f6d-ce6b5403ff5b', '1134f8a6-7f00-478a-9cc8-ae9b74e386f9', '314abcc7-50fd-4fba-b176-b547a2817556', '5487ccce-a7ba-4172-87d5-60765cc14831', 'aa1ae998-b5fb-4066-8aa4-da428ce840be', 'f25a2731-ae39-4af7-91ff-a0a926938de8', 'e2858d23-59f2-48f2-9b69-6c2a7c56803c', '665cfffd-cacb-4eea-b742-e7b4cbef1036', '4f2d2cb2-3fef-4f73-be97-3c26338b5725', '425ee634-46f5-48b9-ab03-074d4c391c75', '26b3174f-fb3b-473a-bd34-322ed42f699c', '9e9f215c-554c-4d2e-b461-353e7716e2f2', '6afd3ce0-9472-4cc6-8c38-e42480e91f48', '958d22be-7f06-4191-85a9-69c4e25a73de', '30783ec6-9eac-41fb-92c9-f3000c2d0f2c', '3f77415c-a94e-4ffa-b4e9-2e686a3c1c44']"
3e14bc5a-9e13-4262-baeb-d99bea761754,13,"['8bd63a1a-df59-4fed-926e-d3eb691849bf', '8bd63a1a-df59-4fed-926e-d3eb691849bf', '8bd63a1a-df59-4fed-926e-d3eb691849bf', '8bd63a1a-df59-4fed-926e-d3eb691849bf', '8bd63a1a-df59-4fed-926e-d3eb691849bf', '8bd63a1a-df59-4fed-926e-d3eb691849bf', '8bd63a1a-df59-4fed-926e-d3eb691849bf', '8bd63a1a-df59-4fed-926e-d3eb691849bf', '8bd63a1a-df59-4fed-926e-d3eb691849bf', '8bd63a1a-df59-4fed-926e-d3eb691849bf', '8bd63a1a-df59-4fed-926e-d3eb691849bf', '8bd63a1a-df59-4fed-926e-d3eb691849bf', '8bd63a1a-df59-4fed-926e-d3eb691849bf', '8bd63a1a-df59-4fed-926e-d3eb691849bf', '8bd63a1a-df59-4fed-926e-d3eb691849bf', '8bd63a1a-df59-4fed-926e-d3eb691849bf', '8bd63a1a-df59-4fed-926e-d3eb691849bf', '8bd63a1a-df59-4fed-926e-d3eb691849bf', '8bd63a1a-df59-4fed-926e-d3eb691849bf', '8bd63a1a-df59-4fed-926e-d3eb691849bf', '8bd63a1a-df59-4fed-926e-d3eb691849bf', '8bd63a1a-df59-4fed-926e-d3eb691849bf', '8bd63a1a-df59-4fed-926e-d3eb691849bf', '8bd63a1a-df59-4fed-926e-d3eb691849bf', '8bd63a1a-df59-4fed-926e-d3eb691849bf', '8bd63a1a-df59-4fed-926e-d3eb691849bf', '8bd63a1a-df59-4fed-926e-d3eb691849bf', '8bd63a1a-df59-4fed-926e-d3eb691849bf', '8bd63a1a-df59-4fed-926e-d3eb691849bf', '8bd63a1a-df59-4fed-926e-d3eb691849bf', '8bd63a1a-df59-4fed-926e-d3eb691849bf', '8bd63a1a-df59-4fed-926e-d3eb691849bf', '8bd63a1a-df59-4fed-926e-d3eb691849bf', 'b4ad6961-1922-4a7d-b498-9287bc318a5b', '2390032b-65c1-46ab-aca8-6657856777ed', 'f10a1789-9344-458a-98e5-124832de73d3', 'f3460ddb-827a-46bf-8487-29b8ae89b595', '145adb75-bd66-4165-8ac5-7c42f5f204b6', '298c586e-63cc-4bfe-9688-45deab12d6ef', 'a025e46d-9dbc-40b7-917b-494e93087f55', '3789ca53-0cb7-406d-ba74-5406d83e32b2', '1e3f29d8-5972-448b-a258-e71121ec46c2', '449c966e-f404-444c-9f19-c6a73a0db498', 'ab0d4f69-df55-4373-89be-15788166c932', 'cf2c311f-081e-454e-be65-aee505b7cc62', '10cf6839-3ea5-4074-8f9b-38839656a19d', '6704cd56-a19a-46ef-ba07-2b5e521b8ba1', '8f8b879b-b724-4dd7-9ca5-ba3c4dfde897', 'dcb806b6-4072-4f6c-9b7e-e9582f11b869', '8512bb59-c3cd-4839-b947-9ebe64ab776c']"
f3d4c7a7-9abe-45ab-9aca-94fc6a211685,5,"['d31f87e3-6d12-425b-94ae-a44e5a521c24', 'd31f87e3-6d12-425b-94ae-a44e5a521c24', 'd31f87e3-6d12-425b-94ae-a44e5a521c24', 'd31f87e3-6d12-425b-94ae-a44e5a521c24', 'd31f87e3-6d12-425b-94ae-a44e5a521c24', 'd31f87e3-6d12-425b-94ae-a44e5a521c24', 'd31f87e3-6d12-425b-94ae-a44e5a521c24', 'd31f87e3-6d12-425b-94ae-a44e5a521c24', 'd31f87e3-6d12-425b-94ae-a44e5a521c24', 'd31f87e3-6d12-425b-94ae-a44e5a521c24', 'd31f87e3-6d12-425b-94ae-a44e5a521c24', 'd31f87e3-6d12-425b-94ae-a44e5a521c24', 'd31f87e3-6d12-425b-94ae-a44e5a521c24', 'd31f87e3-6d12-425b-94ae-a44e5a521c24', 'd31f87e3-6d12-425b-94ae-a44e5a521c24', 'd31f87e3-6d12-425b-94ae-a44e5a521c24', 'd31f87e3-6d12-425b-94ae-a44e5a521c24', 'd1b971c3-4410-40db-aee1-0515effdab1d', 'c4bf395b-b845-4b03-a225-b6c4c4eab1c6', 'e78cc53e-d551-4707-bffa-b17df573a27c', '37b1bb94-0bba-46db-b862-75252a4737af', 'af3abbf3-5c42-4bac-9def-5f9af7e8874f', '1134f8a6-7f00-478a-9cc8-ae9b74e386f9', '314abcc7-50fd-4fba-b176-b547a2817556', '5487ccce-a7ba-4172-87d5-60765cc14831', 'aa1ae998-b5fb-4066-8aa4-da428ce840be', 'f25a2731-ae39-4af7-91ff-a0a926938de8', 'e2858d23-59f2-48f2-9b69-6c2a7c56803c', '4f2d2cb2-3fef-4f73-be97-3c26338b5725', '425ee634-46f5-48b9-ab03-074d4c391c75', '26b3174f-fb3b-473a-bd34-322ed42f699c', '9e9f215c-554c-4d2e-b461-353e7716e2f2', '6afd3ce0-9472-4cc6-8c38-e42480e91f48', '30783ec6-9eac-41fb-92c9-f3000c2d0f2c', '3f77415c-a94e-4ffa-b4e9-2e686a3c1c44', '3e8855f8-4e54-4c6d-8735-63a68dc8433b', 'fbd41163-b8fa-4665-a2a8-878173be4953', '2b5cf5b3-cc54-4b35-bc81-3abff0c3092c', '3dbe4864-376b-4a80-acb1-495952715259', 'ebe519d6-5ce4-44aa-a419-126e18394b57', '9df5c4ab-d5e9-4ca8-aa94-f31ebc0a0798', 'b4aa12f5-b934-4026-b3ed-985ad8d26eee', '2839d004-bb85-49d9-80ee-237f6a7fbae7', '84b54623-115c-4403-8a37-9e2b1e3b44db', '0c4ddd8e-9f3c-42f1-ae5c-ee39a8b6b54d', '809070ef-6c0b-4d93-bb11-6ec6af86f03b', '2a2ed6d5-bedf-4853-b6c7-a7cfc99ea1aa', 'fd1cb410-307d-4727-abdf-248c31a30222', 'd4c18b7f-1bac-44d7-ad8f-e42eb5d5c5cc', '0f945533-167d-4f0d-8595-dcfc06cd34a1']"
3e14bc5a-9e13-4262-baeb-d99bea761754,14,"['8bd63a1a-df59-4fed-926e-d3eb691849bf', '8bd63a1a-df59-4fed-926e-d3eb691849bf', '8bd63a1a-df59-4fed-926e-d3eb691849bf', '8bd63a1a-df59-4fed-926e-d3eb691849bf', '8bd63a1a-df59-4fed-926e-d3eb691849bf', '8bd63a1a-df59-4fed-926e-d3eb691849bf', '8bd63a1a-df59-4fed-926e-d3eb691849bf', '8bd63a1a-df59-4fed-926e-d3eb691849bf', '8bd63a1a-df59-4fed-926e-d3eb691849bf', '8bd63a1a-df59-4fed-926e-d3eb691849bf', '8bd63a1a-df59-4fed-926e-d3eb691849bf', '8bd63a1a-df59-4fed-926e-d3eb691849bf', '8bd63a1a-df59-4fed-926e-d3eb691849bf', '8bd63a1a-df59-4fed-926e-d3eb691849bf', '8bd63a1a-df59-4fed-926e-d3eb691849bf', '8bd63a1a-df59-4fed-926e-d3eb691849bf', '8bd63a1a-df59-4fed-926e-d3eb691849bf', '8bd63a1a-df59-4fed-926e-d3eb691849bf', '8bd63a1a-df59-4fed-926e-d3eb691849bf', '8bd63a1a-df59-4fed-926e-d3eb691849bf', '8bd63a1a-df59-4fed-926e-d3eb691849bf', '8bd63a1a-df59-4fed-926e-d3eb691849bf', '8bd63a1a-df59-4fed-926e-d3eb691849bf', '8bd63a1a-df59-4fed-926e-d3eb691849bf', 'b4ad6961-1922-4a7d-b498-9287bc318a5b', '2390032b-65c1-46ab-aca8-6657856777ed', 'f10a1789-9344-458a-98e5-124832de73d3', 'f3460ddb-827a-46bf-8487-29b8ae89b595', '298c586e-63cc-4bfe-9688-45deab12d6ef', '3789ca53-0cb7-406d-ba74-5406d83e32b2', '449c966e-f404-444c-9f19-c6a73a0db498', 'cf2c311f-081e-454e-be65-aee505b7cc62', '6704cd56-a19a-46ef-ba07-2b5e521b8ba1', '8f8b879b-b724-4dd7-9ca5-ba3c4dfde897', 'dcb806b6-4072-4f6c-9b7e-e9582f11b869', '8512bb59-c3cd-4839-b947-9ebe64ab776c', '12f791a9-20fb-4727-b6cc-986456957890', '6bd4bccb-b891-48ce-9af6-6e4d9388ba8a', '5d25dbd6-1982-43db-8e3d-fbfaa1c2ad56', 'f56b7b1b-fe9f-400a-8886-9c75b3df143f', 'd00a892e-8259-47e2-a531-10673d6524df', '279845b1-c581-4d1f-8963-cc259e557c63', 'cae875e7-6ee3-4467-bcde-ea0b37075291', '5db1289e-c309-4ef7-9075-4ea4fac016bb', 'a17926f6-9717-4cd0-9b61-e373386051fb', '5ec821d1-6a3e-4768-b8a8-04bb7d2cb20a', 'f97e61b8-7e43-4eb7-95ee-0f3b27bf34a8', 'dab3f423-a174-49b1-b941-4c8c4bca79ee', 'ded926af-4e7e-413f-afd9-05697021ae04', '92155660-5998-4419-a0b3-4dd693b28b0a']"
f3d4c7a7-9abe-45ab-9aca-94fc6a211685,6,"['d31f87e3-6d12-425b-94ae-a44e5a521c24', 'd31f87e3-6d12-425b-94ae-a44e5a521c24', 'd31f87e3-6d12-425b-94ae-a44e5a521c24', 'd31f87e3-6d12-425b-94ae-a44e5a521c24', 'd31f87e3-6d12-425b-94ae-a44e5a521c24', 'd31f87e3-6d12-425b-94ae-a44e5a521c24', 'd31f87e3-6d12-425b-94ae-a44e5a521c24', 'd31f87e3-6d12-425b-94ae-a44e5a521c24', 'd31f87e3-6d12-425b-94ae-a44e5a521c24', 'd31f87e3-6d12-425b-94ae-a44e5a521c24', 'd31f87e3-6d12-425b-94ae-a44e5a521c24', 'd31f87e3-6d12-425b-94ae-a44e5a521c24', 'd31f87e3-6d12-425b-94ae-a44e5a521c24', 'd31f87e3-6d12-425b-94ae-a44e5a521c24', 'd31f87e3-6d12-425b-94ae-a44e5a521c24', 'd31f87e3-6d12-425b-94ae-a44e5a521c24', 'd31f87e3-6d12-425b-94ae-a44e5a521c24', 'd31f87e3-6d12-425b-94ae-a44e5a521c24', 'd31f87e3-6d12-425b-94ae-a44e5a521c24', 'd31f87e3-6d12-425b-94ae-a44e5a521c24', 'd31f87e3-6d12-425b-94ae-a44e5a521c24', 'd31f87e3-6d12-425b-94ae-a44e5a521c24', 'd31f87e3-6d12-425b-94ae-a44e5a521c24', 'd31f87e3-6d12-425b-94ae-a44e5a521c24', 'd31f87e3-6d12-425b-94ae-a44e5a521c24', 'd31f87e3-6d12-425b-94ae-a44e5a521c24', 'd31f87e3-6d12-425b-94ae-a44e5a521c24', 'd31f87e3-6d12-425b-94ae-a44e5a521c24', 'd31f87e3-6d12-425b-94ae-a44e5a521c24', 'd31f87e3-6d12-425b-94ae-a44e5a521c24', 'd31f87e3-6d12-425b-94ae-a44e5a521c24', 'd31f87e3-6d12-425b-94ae-a44e5a521c24', 'd31f87e3-6d12-425b-94ae-a44e5a521c24', 'd31f87e3-6d12-425b-94ae-a44e5a521c24', '26281323-42e8-4475-932e-fecd429a6867', '914ad2ec-4397-4e86-a6a6-11d95aa38c60', 'c2f6cedb-4aca-4874-9d4b-44e59862d2d2', '88de9f24-5c25-4258-8fad-b1184ef4d713', '86c5885c-87bd-461e-a725-36540481706f', 'd22e6721-0285-49e9-a29c-0e4c7c931dfb', '82f6e389-510d-45e2-9427-9d946459ae9a', '2613eeb5-b2e7-47b5-92b5-61d74e27df34', '7b21641d-d009-4400-b79e-f4eb21829689', 'e31fabb5-64de-4866-8f0e-f8dd95656851', 'a3fff3d7-eb66-4aac-bd4d-db664c74aace', '77c444ba-71e2-4128-bd82-d343bf1bc4db', '4cc344c1-8251-4877-ab19-f3856551b8e0', '20ca6240-3b11-4838-90b3-447cef19e750', 'c4d479e9-e9b9-496e-b13f-ca5ffd519860', '8598dc76-c21d-468a-94f1-2eee38db548d']"
3e14bc5a-9e13-4262-baeb-d99bea761754,15,"['8bd63a1a-df59-4fed-926e-d3eb691849bf', '8bd63a1a-df59-4fed-926e-d3eb691849bf', '8bd63a1a-df59-4fed-926e-d3eb691849bf', '8bd63a1a-df59-4fed-926e-d3eb691849bf', '8bd63a1a-df59-4fed-926e-d3eb691849bf', '8bd63a1a-df59-4fed-926e-d3eb691849bf', '8bd63a1a-df59-4fed-926e-d3eb691849bf', '8bd63a1a-df59-4fed-926e-d3eb691849bf', '8bd63a1a-df59-4fed-926e-d3eb691849bf', '8bd63a1a-df59-4fed-926e-d3eb691849bf', '8bd63a1a-df59-4fed-926e-d3eb691849bf', '8bd63a1a-df59-4fed-926e-d3eb691849bf', '8bd63a1a-df59-4fed-926e-d3eb691849bf', '8bd63a1a-df59-4fed-926e-d3eb691849bf', '8bd63a1a-df59-4fed-926e-d3eb691849bf', '8bd63a1a-df59-4fed-926e-d3eb691849bf', '8bd63a1a-df59-4fed-926e-d3eb691849bf', '8bd63a1a-df59-4fed-926e-d3eb691849bf', '8bd63a1a-df59-4fed-926e-d3eb691849bf', '8bd63a1a-df59-4fed-926e-d3eb691849bf', '8bd63a1a-df59-4fed-926e-d3eb691849bf', '8bd63a1a-df59-4fed-926e-d3eb691849bf', '8bd63a1a-df59-4fed-926e-d3eb691849bf', '8bd63a1a-df59-4fed-926e-d3eb691849bf', '8bd63a1a-df59-4fed-926e-d3eb691849bf', '8bd63a1a-df59-4fed-926e-d3eb691849bf', '8bd63a1a-df59-4fed-926e-d3eb691849bf', '8bd63a1a-df59-4fed-926e-d3eb691849bf', '8bd63a1a-df59-4fed-926e-d3eb691849bf', '8bd63a1a-df59-4fed-926e-d3eb691849bf', '8bd63a1a-df59-4fed-926e-d3eb691849bf', '8bd63a1a-df59-4fed-926e-d3eb691849bf', '8bd63a1a-df59-4fed-926e-d3eb691849bf', '8bd63a1a-df59-4fed-926e-d3eb691849bf', '8bd63a1a-df59-4fed-926e-d3eb691849bf', '8bd63a1a-df59-4fed-926e-d3eb691849bf', '8bd63a1a-df59-4fed-926e-d3eb691849bf', '8bd63a1a-df59-4fed-926e-d3eb691849bf', '8bd63a1a-df59-4fed-926e-d3eb691849bf', 'dcb806b6-4072-4f6c-9b7e-e9582f11b869', '4a5e4a17-8713-447c-9840-be4f42949f7e', '13dcb2ae-a070-4a63-b99b-e5b1008a3f7c', '48f90f14-dc26-400b-aca5-de7d2fb6a110', '86b030c8-325f-412e-a2ee-339ecaef89de', 'c18ade22-9d61-44fc-a3ef-1c4a60c19cae', 'f9b7cb2e-c6f9-4c7c-8268-3d06dc1d0329', '99a52370-1f81-4f19-9624-ed6a182c139a', '9ae15cf7-a80b-4625-97af-706ccd6b5071', '09e01e3f-71a8-4e1e-bdc5-edfe8707969e', '1f44047f-cd3b-4b57-abd1-5e19375b8217']"
f3d4c7a7-9abe-45ab-9aca-94fc6a211685,7,"['d31f87e3-6d12-425b-94ae-a44e5a521c24', 'd31f87e3-6d12-425b-94ae-a44e5a521c24', 'd31f87e3-6d12-425b-94ae-a44e5a521c24', 'd31f87e3-6d12-425b-94ae-a44e5a521c24', 'd31f87e3-6d12-425b-94ae-a44e5a521c24', 'd31f87e3-6d12-425b-94ae-a44e5a521c24', 'd31f87e3-6d12-425b-94ae-a44e5a521c24', 'd31f87e3-6d12-425b-94ae-a44e5a521c24', 'd31f87e3-6d12-425b-94ae-a44e5a521c24', 'd31f87e3-6d12-425b-94ae-a44e5a521c24', 'd31f87e3-6d12-425b-94ae-a44e5a521c24', 'd31f87e3-6d12-425b-94ae-a44e5a521c24', 'd31f87e3-6d12-425b-94ae-a44e5a521c24', 'd31f87e3-6d12-425b-94ae-a44e5a521c24', 'd31f87e3-6d12-425b-94ae-a44e5a521c24', 'd31f87e3-6d12-425b-94ae-a44e5a521c24', 'd31f87e3-6d12-425b-94ae-a44e5a521c24', 'd31f87e3-6d12-425b-94ae-a44e5a521c24', 'd31f87e3-6d12-425b-94ae-a44e5a521c24', 'd31f87e3-6d12-425b-94ae-a44e5a521c24', 'd31f87e3-6d12-425b-94ae-a44e5a521c24', 'd31f87e3-6d12-425b-94ae-a44e5a521c24', 'd31f87e3-6d12-425b-94ae-a44e5a521c24', 'd31f87e3-6d12-425b-94ae-a44e5a521c24', 'd31f87e3-6d12-425b-94ae-a44e5a521c24', 'd31f87e3-6d12-425b-94ae-a44e5a521c24', 'd31f87e3-6d12-425b-94ae-a44e5a521c24', 'd31f87e3-6d12-425b-94ae-a44e5a521c24', '26281323-42e8-4475-932e-fecd429a6867', '914ad2ec-4397-4e86-a6a6-11d95aa38c60', 'c2f6cedb-4aca-4874-9d4b-44e59862d2d2', '88de9f24-5c25-4258-8fad-b1184ef4d713', '86c5885c-87bd-461e-a725-36540481706f', 'd22e6721-0285-49e9-a29c-0e4c7c931dfb', '82f6e389-510d-45e2-9427-9d946459ae9a', '2613eeb5-b2e7-47b5-92b5-61d74e27df34', 'a3fff3d7-eb66-4aac-bd4d-db664c74aace', '77c444ba-71e2-4128-bd82-d343bf1bc4db', '4cc344c1-8251-4877-ab19-f3856551b8e0', '20ca6240-3b11-4838-90b3-447cef19e750', 'c4d479e9-e9b9-496e-b13f-ca5ffd519860', '8598dc76-c21d-468a-94f1-2eee38db548d', '59442b17-4d15-4637-a8d7-64a686d18c6a', 'a1573e1e-83d8-4913-bb19-d3d2a0099bdc', '2f928419-6c00-4a7b-9aba-bb00f06d7fa2', '545fe09a-8cb9-4d51-a342-a189dac41e30', 'ffa6651b-3daf-47ec-9697-d9b66e052cb2', 'd703346c-4ee2-471c-8550-c16ad5d6d7cf', 'b348af71-6422-481d-aba8-bedb2ae525a0', 'c2508eb5-f6fc-4648-bc4a-ef4ba6e1d882']"
f3d4c7a7-9abe-45ab-9aca-94fc6a211685,8,"['d31f87e3-6d12-425b-94ae-a44e5a521c24', 'd31f87e3-6d12-425b-94ae-a44e5a521c24', 'd31f87e3-6d12-425b-94ae-a44e5a521c24', 'd31f87e3-6d12-425b-94ae-a44e5a521c24', 'd31f87e3-6d12-425b-94ae-a44e5a521c24', 'd31f87e3-6d12-425b-94ae-a44e5a521c24', 'd31f87e3-6d12-425b-94ae-a44e5a521c24', 'd31f87e3-6d12-425b-94ae-a44e5a521c24', 'd31f87e3-6d12-425b-94ae-a44e5a521c24', 'd31f87e3-6d12-425b-94ae-a44e5a521c24', 'd31f87e3-6d12-425b-94ae-a44e5a521c24', 'd31f87e3-6d12-425b-94ae-a44e5a521c24', 'd31f87e3-6d12-425b-94ae-a44e5a521c24', 'd31f87e3-6d12-425b-94ae-a44e5a521c24', 'd31f87e3-6d12-425b-94ae-a44e5a521c24', 'd31f87e3-6d12-425b-94ae-a44e5a521c24', 'd31f87e3-6d12-425b-94ae-a44e5a521c24', 'd31f87e3-6d12-425b-94ae-a44e5a521c24', 'd31f87e3-6d12-425b-94ae-a44e5a521c24', 'd31f87e3-6d12-425b-94ae-a44e5a521c24', 'd31f87e3-6d12-425b-94ae-a44e5a521c24', 'd31f87e3-6d12-425b-94ae-a44e5a521c24', 'd31f87e3-6d12-425b-94ae-a44e5a521c24', 'd31f87e3-6d12-425b-94ae-a44e5a521c24', 'd31f87e3-6d12-425b-94ae-a44e5a521c24', '26281323-42e8-4475-932e-fecd429a6867', '914ad2ec-4397-4e86-a6a6-11d95aa38c60', 'c2f6cedb-4aca-4874-9d4b-44e59862d2d2', '86c5885c-87bd-461e-a725-36540481706f', 'd22e6721-0285-49e9-a29c-0e4c7c931dfb', '82f6e389-510d-45e2-9427-9d946459ae9a', '2613eeb5-b2e7-47b5-92b5-61d74e27df34', 'a3fff3d7-eb66-4aac-bd4d-db664c74aace', '77c444ba-71e2-4128-bd82-d343bf1bc4db', '20ca6240-3b11-4838-90b3-447cef19e750', '8598dc76-c21d-468a-94f1-2eee38db548d', '59442b17-4d15-4637-a8d7-64a686d18c6a', '2f928419-6c00-4a7b-9aba-bb00f06d7fa2', 'ffa6651b-3daf-47ec-9697-d9b66e052cb2', 'd703346c-4ee2-471c-8550-c16ad5d6d7cf', 'c2508eb5-f6fc-4648-bc4a-ef4ba6e1d882', '9b8b42b7-3640-4909-b239-844ae10a5a28', 'ae0494d1-08d7-4413-a52c-bc2a4d430678', '7f0f2e9d-7de7-4536-a7c9-f148ac4f3c62', '4d7df497-eb57-422b-9f51-5778dca030d1', 'd73064d5-a6d5-42c6-9216-e8e55cc85516', '7c31460e-aa98-4c05-9720-69b69148d2c1', '8fde24a0-e50c-4ad0-8982-a558403a63f0', 'afe1a846-0424-4f6a-9881-7faba6b42124', 'e07e9243-0d0f-44a5-a4cf-5324a64b2d56']"
4e8d7533-779f-4499-8b23-e53f4ded56b0,0,"['a3480b66-8045-4b51-86f5-2709e70b0fae', 'a3480b66-8045-4b51-86f5-2709e70b0fae', 'a3480b66-8045-4b51-86f5-2709e70b0fae', 'a3480b66-8045-4b51-86f5-2709e70b0fae', 'a3480b66-8045-4b51-86f5-2709e70b0fae', 'a3480b66-8045-4b51-86f5-2709e70b0fae', 'a3480b66-8045-4b51-86f5-2709e70b0fae', 'a3480b66-8045-4b51-86f5-2709e70b0fae', 'a3480b66-8045-4b51-86f5-2709e70b0fae', 'a3480b66-8045-4b51-86f5-2709e70b0fae', 'a3480b66-8045-4b51-86f5-2709e70b0fae', 'a3480b66-8045-4b51-86f5-2709e70b0fae', 'a3480b66-8045-4b51-86f5-2709e70b0fae', 'a3480b66-8045-4b51-86f5-2709e70b0fae', 'a3480b66-8045-4b51-86f5-2709e70b0fae', 'a3480b66-8045-4b51-86f5-2709e70b0fae', 'a3480b66-8045-4b51-86f5-2709e70b0fae', 'a3480b66-8045-4b51-86f5-2709e70b0fae', 'a3480b66-8045-4b51-86f5-2709e70b0fae', 'a3480b66-8045-4b51-86f5-2709e70b0fae', 'a3480b66-8045-4b51-86f5-2709e70b0fae', 'a3480b66-8045-4b51-86f5-2709e70b0fae', 'a3480b66-8045-4b51-86f5-2709e70b0fae', 'a3480b66-8045-4b51-86f5-2709e70b0fae', 'a3480b66-8045-4b51-86f5-2709e70b0fae', 'a3480b66-8045-4b51-86f5-2709e70b0fae', 'a3480b66-8045-4b51-86f5-2709e70b0fae', 'a3480b66-8045-4b51-86f5-2709e70b0fae', 'a3480b66-8045-4b51-86f5-2709e70b0fae', 'a3480b66-8045-4b51-86f5-2709e70b0fae', 'a3480b66-8045-4b51-86f5-2709e70b0fae', 'a3480b66-8045-4b51-86f5-2709e70b0fae', 'a3480b66-8045-4b51-86f5-2709e70b0fae', 'a3480b66-8045-4b51-86f5-2709e70b0fae', 'a3480b66-8045-4b51-86f5-2709e70b0fae', 'a3480b66-8045-4b51-86f5-2709e70b0fae', 'a3480b66-8045-4b51-86f5-2709e70b0fae', 'a3480b66-8045-4b51-86f5-2709e70b0fae', 'a3480b66-8045-4b51-86f5-2709e70b0fae', 'a3480b66-8045-4b51-86f5-2709e70b0fae', 'a3480b66-8045-4b51-86f5-2709e70b0fae', 'a3480b66-8045-4b51-86f5-2709e70b0fae', 'a3480b66-8045-4b51-86f5-2709e70b0fae', 'a3480b66-8045-4b51-86f5-2709e70b0fae', 'a3480b66-8045-4b51-86f5-2709e70b0fae', 'a3480b66-8045-4b51-86f5-2709e70b0fae', 'a3480b66-8045-4b51-86f5-2709e70b0fae', 'a3480b66-8045-4b51-86f5-2709e70b0fae', 'a3480b66-8045-4b51-86f5-2709e70b0fae', 'a3480b66-8045-4b51-86f5-2709e70b0fae']"
f3d4c7a7-9abe-45ab-9aca-94fc6a211685,9,"['d31f87e3-6d12-425b-94ae-a44e5a521c24', 'd31f87e3-6d12-425b-94ae-a44e5a521c24', 'd31f87e3-6d12-425b-94ae-a44e5a521c24', 'd31f87e3-6d12-425b-94ae-a44e5a521c24', 'd31f87e3-6d12-425b-94ae-a44e5a521c24', 'd31f87e3-6d12-425b-94ae-a44e5a521c24', 'd31f87e3-6d12-425b-94ae-a44e5a521c24', 'd31f87e3-6d12-425b-94ae-a44e5a521c24', 'd31f87e3-6d12-425b-94ae-a44e5a521c24', 'd31f87e3-6d12-425b-94ae-a44e5a521c24', 'd31f87e3-6d12-425b-94ae-a44e5a521c24', 'd31f87e3-6d12-425b-94ae-a44e5a521c24', 'd31f87e3-6d12-425b-94ae-a44e5a521c24', 'd31f87e3-6d12-425b-94ae-a44e5a521c24', 'd31f87e3-6d12-425b-94ae-a44e5a521c24', 'd31f87e3-6d12-425b-94ae-a44e5a521c24', 'd31f87e3-6d12-425b-94ae-a44e5a521c24', 'd31f87e3-6d12-425b-94ae-a44e5a521c24', 'd31f87e3-6d12-425b-94ae-a44e5a521c24', 'd31f87e3-6d12-425b-94ae-a44e5a521c24', 'd31f87e3-6d12-425b-94ae-a44e5a521c24', 'd31f87e3-6d12-425b-94ae-a44e5a521c24', '26281323-42e8-4475-932e-fecd429a6867', '914ad2ec-4397-4e86-a6a6-11d95aa38c60', 'c2f6cedb-4aca-4874-9d4b-44e59862d2d2', '86c5885c-87bd-461e-a725-36540481706f', 'd22e6721-0285-49e9-a29c-0e4c7c931dfb', '82f6e389-510d-45e2-9427-9d946459ae9a', '2613eeb5-b2e7-47b5-92b5-61d74e27df34', '77c444ba-71e2-4128-bd82-d343bf1bc4db', '20ca6240-3b11-4838-90b3-447cef19e750', '8598dc76-c21d-468a-94f1-2eee38db548d', '59442b17-4d15-4637-a8d7-64a686d18c6a', '2f928419-6c00-4a7b-9aba-bb00f06d7fa2', 'ffa6651b-3daf-47ec-9697-d9b66e052cb2', 'c2508eb5-f6fc-4648-bc4a-ef4ba6e1d882', '7f0f2e9d-7de7-4536-a7c9-f148ac4f3c62', 'd73064d5-a6d5-42c6-9216-e8e55cc85516', '7c31460e-aa98-4c05-9720-69b69148d2c1', '8fde24a0-e50c-4ad0-8982-a558403a63f0', 'afe1a846-0424-4f6a-9881-7faba6b42124', 'e07e9243-0d0f-44a5-a4cf-5324a64b2d56', 'd01339b9-2b85-4e07-a4e4-d70a15cd6c40', '589a81d9-1765-4240-82c9-6d988023a670', '6724035b-0598-4844-8bab-d38c968394cf', '8020266a-257a-46f3-9fc3-268d90d2f623', '47418cf2-717c-48c1-9bec-60cb521d7b14', 'e36f4063-76e2-4430-b56c-5bda037a3795', '44c247c0-75d6-4026-a580-5fd4db4adfc6', 'e63b1429-8cbf-4287-8763-006dc929a808']"
4e8d7533-779f-4499-8b23-e53f4ded56b0,1,"['a3480b66-8045-4b51-86f5-2709e70b0fae', 'a3480b66-8045-4b51-86f5-2709e70b0fae', 'a3480b66-8045-4b51-86f5-2709e70b0fae', 'a3480b66-8045-4b51-86f5-2709e70b0fae', 'a3480b66-8045-4b51-86f5-2709e70b0fae', 'a3480b66-8045-4b51-86f5-2709e70b0fae', 'a3480b66-8045-4b51-86f5-2709e70b0fae', 'a3480b66-8045-4b51-86f5-2709e70b0fae', 'a3480b66-8045-4b51-86f5-2709e70b0fae', 'a3480b66-8045-4b51-86f5-2709e70b0fae', 'a3480b66-8045-4b51-86f5-2709e70b0fae', 'a3480b66-8045-4b51-86f5-2709e70b0fae', 'a3480b66-8045-4b51-86f5-2709e70b0fae', 'a3480b66-8045-4b51-86f5-2709e70b0fae', 'a3480b66-8045-4b51-86f5-2709e70b0fae', 'a3480b66-8045-4b51-86f5-2709e70b0fae', 'a3480b66-8045-4b51-86f5-2709e70b0fae', 'a3480b66-8045-4b51-86f5-2709e70b0fae', 'a3480b66-8045-4b51-86f5-2709e70b0fae', 'a3480b66-8045-4b51-86f5-2709e70b0fae', 'a3480b66-8045-4b51-86f5-2709e70b0fae', 'a3480b66-8045-4b51-86f5-2709e70b0fae', 'a3480b66-8045-4b51-86f5-2709e70b0fae', 'a3480b66-8045-4b51-86f5-2709e70b0fae', 'a3480b66-8045-4b51-86f5-2709e70b0fae', 'a3480b66-8045-4b51-86f5-2709e70b0fae', 'a3480b66-8045-4b51-86f5-2709e70b0fae', 'a3480b66-8045-4b51-86f5-2709e70b0fae', 'a3480b66-8045-4b51-86f5-2709e70b0fae', 'a3480b66-8045-4b51-86f5-2709e70b0fae', 'a3480b66-8045-4b51-86f5-2709e70b0fae', 'a3480b66-8045-4b51-86f5-2709e70b0fae', 'a3480b66-8045-4b51-86f5-2709e70b0fae', 'a3480b66-8045-4b51-86f5-2709e70b0fae', 'a3480b66-8045-4b51-86f5-2709e70b0fae', 'a3480b66-8045-4b51-86f5-2709e70b0fae', 'a3480b66-8045-4b51-86f5-2709e70b0fae', '4d0ed7b1-74b0-4155-a7e6-7a87a3422c81', '67acefd5-66e3-4b2a-9cd2-98c9b6d07306', 'da4f2ede-ab8f-48ef-8654-94de70915a81', 'e4b1bd89-99a0-43fd-985c-03ffe6750ebc', '42ff993f-48eb-4cee-be0b-58207d8c790d', '28d95cfc-0a33-4b12-a71b-482ad921a543', '415dd228-b740-4ef8-8f98-38e82b6577d8', '11b6ebb4-c1d2-4886-a71f-4c36cff11cbe', '8767e2cc-44e7-4779-87c8-1df54b74f164', '72c8ed57-6678-4ca5-a950-a3b8cb03b867', 'c5278a49-c531-435f-a674-ba4858ab7c3a', '3a0020de-62a7-4a9c-916e-341824e9eb27', '94044176-55e5-405d-ab54-92b68feb50ee']"
4e8d7533-779f-4499-8b23-e53f4ded56b0,2,"['a3480b66-8045-4b51-86f5-2709e70b0fae', 'a3480b66-8045-4b51-86f5-2709e70b0fae', 'a3480b66-8045-4b51-86f5-2709e70b0fae', 'a3480b66-8045-4b51-86f5-2709e70b0fae', 'a3480b66-8045-4b51-86f5-2709e70b0fae', 'a3480b66-8045-4b51-86f5-2709e70b0fae', 'a3480b66-8045-4b51-86f5-2709e70b0fae', 'a3480b66-8045-4b51-86f5-2709e70b0fae', 'a3480b66-8045-4b51-86f5-2709e70b0fae', 'a3480b66-8045-4b51-86f5-2709e70b0fae', 'a3480b66-8045-4b51-86f5-2709e70b0fae', 'a3480b66-8045-4b51-86f5-2709e70b0fae', 'a3480b66-8045-4b51-86f5-2709e70b0fae', 'a3480b66-8045-4b51-86f5-2709e70b0fae', 'a3480b66-8045-4b51-86f5-2709e70b0fae', 'a3480b66-8045-4b51-86f5-2709e70b0fae', 'a3480b66-8045-4b51-86f5-2709e70b0fae', 'a3480b66-8045-4b51-86f5-2709e70b0fae', 'a3480b66-8045-4b51-86f5-2709e70b0fae', 'a3480b66-8045-4b51-86f5-2709e70b0fae', 'a3480b66-8045-4b51-86f5-2709e70b0fae', 'a3480b66-8045-4b51-86f5-2709e70b0fae', 'a3480b66-8045-4b51-86f5-2709e70b0fae', 'a3480b66-8045-4b51-86f5-2709e70b0fae', 'a3480b66-8045-4b51-86f5-2709e70b0fae', 'a3480b66-8045-4b51-86f5-2709e70b0fae', 'a3480b66-8045-4b51-86f5-2709e70b0fae', 'a3480b66-8045-4b51-86f5-2709e70b0fae', 'a3480b66-8045-4b51-86f5-2709e70b0fae', 'a3480b66-8045-4b51-86f5-2709e70b0fae', 'a3480b66-8045-4b51-86f5-2709e70b0fae', 'a3480b66-8045-4b51-86f5-2709e70b0fae', 'a3480b66-8045-4b51-86f5-2709e70b0fae', '4d0ed7b1-74b0-4155-a7e6-7a87a3422c81', '67acefd5-66e3-4b2a-9cd2-98c9b6d07306', 'da4f2ede-ab8f-48ef-8654-94de70915a81', 'e4b1bd89-99a0-43fd-985c-03ffe6750ebc', '42ff993f-48eb-4cee-be0b-58207d8c790d', '28d95cfc-0a33-4b12-a71b-482ad921a543', '415dd228-b740-4ef8-8f98-38e82b6577d8', '11b6ebb4-c1d2-4886-a71f-4c36cff11cbe', '8767e2cc-44e7-4779-87c8-1df54b74f164', '72c8ed57-6678-4ca5-a950-a3b8cb03b867', 'c5278a49-c531-435f-a674-ba4858ab7c3a', '94044176-55e5-405d-ab54-92b68feb50ee', '280d3ecb-1295-40f3-9f99-8db841816a78', 'c7cda7ba-0db6-4971-b289-c9747b05338c', '4668483c-9277-4bb0-ab6f-fba652aed143', '7564b85c-2e3c-46d7-a40e-147ad4170779', '7c79fc80-876e-4fc1-830c-9c992fb9977e']"
f3d4c7a7-9abe-45ab-9aca-94fc6a211685,10,"['d31f87e3-6d12-425b-94ae-a44e5a521c24', 'e63b1429-8cbf-4287-8763-006dc929a808', 'e63b1429-8cbf-4287-8763-006dc929a808', 'e63b1429-8cbf-4287-8763-006dc929a808', 'e63b1429-8cbf-4287-8763-006dc929a808', 'e63b1429-8cbf-4287-8763-006dc929a808', 'e63b1429-8cbf-4287-8763-006dc929a808', 'e63b1429-8cbf-4287-8763-006dc929a808', 'e63b1429-8cbf-4287-8763-006dc929a808', 'e63b1429-8cbf-4287-8763-006dc929a808', 'e63b1429-8cbf-4287-8763-006dc929a808', 'e63b1429-8cbf-4287-8763-006dc929a808', 'e63b1429-8cbf-4287-8763-006dc929a808', 'e63b1429-8cbf-4287-8763-006dc929a808', 'e63b1429-8cbf-4287-8763-006dc929a808', 'e63b1429-8cbf-4287-8763-006dc929a808', 'e63b1429-8cbf-4287-8763-006dc929a808', 'e63b1429-8cbf-4287-8763-006dc929a808', 'e63b1429-8cbf-4287-8763-006dc929a808', 'e63b1429-8cbf-4287-8763-006dc929a808', 'e63b1429-8cbf-4287-8763-006dc929a808', 'e63b1429-8cbf-4287-8763-006dc929a808', 'e63b1429-8cbf-4287-8763-006dc929a808', 'e63b1429-8cbf-4287-8763-006dc929a808', 'e63b1429-8cbf-4287-8763-006dc929a808', 'e63b1429-8cbf-4287-8763-006dc929a808', 'e63b1429-8cbf-4287-8763-006dc929a808', 'e63b1429-8cbf-4287-8763-006dc929a808', 'e63b1429-8cbf-4287-8763-006dc929a808', 'e63b1429-8cbf-4287-8763-006dc929a808', 'e63b1429-8cbf-4287-8763-006dc929a808', 'e63b1429-8cbf-4287-8763-006dc929a808', 'e63b1429-8cbf-4287-8763-006dc929a808', 'e63b1429-8cbf-4287-8763-006dc929a808', 'e63b1429-8cbf-4287-8763-006dc929a808', 'e63b1429-8cbf-4287-8763-006dc929a808', 'e63b1429-8cbf-4287-8763-006dc929a808', 'e63b1429-8cbf-4287-8763-006dc929a808', '80e45fee-4cc5-41e7-ad59-e80d823f0e00', 'a3914c04-b424-4f67-aee8-d36f6cfa1c65', 'ebe20f94-a1c8-4cb3-9423-96cdf8c2b05a', 'bd9ad214-c461-4b2f-98dd-a1be6368170b', '07d77d83-0c9d-410e-bd59-d9217d98979c', 'd5c34942-7627-48b9-aaac-26b6674d5716', '617f5438-b833-4834-b6a3-451759ca238f', '287fcb73-0a00-4460-9a72-4edc95518425', '94001142-0293-46fc-bd34-2ff9b11df20a', '6b59c93d-570e-4f2c-b7c3-3dece631f6a7', '9002df75-96df-4fd4-b850-3f5aed26ff97', '2951b5cc-f642-41b9-9b18-ecfc2bda0417']"
4e8d7533-779f-4499-8b23-e53f4ded56b0,3,"['a3480b66-8045-4b51-86f5-2709e70b0fae', 'a3480b66-8045-4b51-86f5-2709e70b0fae', 'a3480b66-8045-4b51-86f5-2709e70b0fae', 'a3480b66-8045-4b51-86f5-2709e70b0fae', 'a3480b66-8045-4b51-86f5-2709e70b0fae', 'a3480b66-8045-4b51-86f5-2709e70b0fae', 'a3480b66-8045-4b51-86f5-2709e70b0fae', 'a3480b66-8045-4b51-86f5-2709e70b0fae', 'a3480b66-8045-4b51-86f5-2709e70b0fae', 'a3480b66-8045-4b51-86f5-2709e70b0fae', 'a3480b66-8045-4b51-86f5-2709e70b0fae', 'a3480b66-8045-4b51-86f5-2709e70b0fae', 'a3480b66-8045-4b51-86f5-2709e70b0fae', 'a3480b66-8045-4b51-86f5-2709e70b0fae', 'a3480b66-8045-4b51-86f5-2709e70b0fae', 'a3480b66-8045-4b51-86f5-2709e70b0fae', 'a3480b66-8045-4b51-86f5-2709e70b0fae', 'a3480b66-8045-4b51-86f5-2709e70b0fae', 'a3480b66-8045-4b51-86f5-2709e70b0fae', 'a3480b66-8045-4b51-86f5-2709e70b0fae', 'a3480b66-8045-4b51-86f5-2709e70b0fae', 'a3480b66-8045-4b51-86f5-2709e70b0fae', 'da4f2ede-ab8f-48ef-8654-94de70915a81', 'e4b1bd89-99a0-43fd-985c-03ffe6750ebc', '42ff993f-48eb-4cee-be0b-58207d8c790d', '28d95cfc-0a33-4b12-a71b-482ad921a543', '415dd228-b740-4ef8-8f98-38e82b6577d8', '11b6ebb4-c1d2-4886-a71f-4c36cff11cbe', '8767e2cc-44e7-4779-87c8-1df54b74f164', '72c8ed57-6678-4ca5-a950-a3b8cb03b867', '94044176-55e5-405d-ab54-92b68feb50ee', '280d3ecb-1295-40f3-9f99-8db841816a78', 'c7cda7ba-0db6-4971-b289-c9747b05338c', '4668483c-9277-4bb0-ab6f-fba652aed143', '7564b85c-2e3c-46d7-a40e-147ad4170779', '7c79fc80-876e-4fc1-830c-9c992fb9977e', '2969d361-5432-4aed-b05e-699fe8d8e4c3', '521b13bc-0546-40c9-9941-8a5d8296f00d', 'd31cc849-44ac-40ad-9b3d-f60eec36f6c9', '7d9305a9-baeb-47f9-9cdb-8c065c983cfb', 'aaf5af81-34b8-4510-af3d-bfdda214e890', 'c529375b-bb05-4fb9-b0c1-c582be41c1f9', 'c6a7dcf2-da97-4077-90f0-2ca004b38820', '0ccfad27-7b6b-4990-9c75-54b3738b8b90', 'd0caf10f-2c47-42e5-98d7-d5e7a9325bb8', '359b232d-1803-4b91-9668-9e6c56491dea', '26211ef0-e899-4e68-8716-8d7348f637a9', '0671f8d6-51af-4501-9fdf-2222271956cc', 'c447a6d7-88d7-495c-ac9f-cd90d0da47ed', '015c137c-e91d-4a4a-80a7-12bdd05a05e9']"
f3d4c7a7-9abe-45ab-9aca-94fc6a211685,11,"['ebe20f94-a1c8-4cb3-9423-96cdf8c2b05a', 'ebe20f94-a1c8-4cb3-9423-96cdf8c2b05a', '6b59c93d-570e-4f2c-b7c3-3dece631f6a7', '9002df75-96df-4fd4-b850-3f5aed26ff97', '9002df75-96df-4fd4-b850-3f5aed26ff97', '9002df75-96df-4fd4-b850-3f5aed26ff97', '9002df75-96df-4fd4-b850-3f5aed26ff97', '9002df75-96df-4fd4-b850-3f5aed26ff97', '9002df75-96df-4fd4-b850-3f5aed26ff97', '9002df75-96df-4fd4-b850-3f5aed26ff97', '9002df75-96df-4fd4-b850-3f5aed26ff97', '9002df75-96df-4fd4-b850-3f5aed26ff97', '9002df75-96df-4fd4-b850-3f5aed26ff97', '9002df75-96df-4fd4-b850-3f5aed26ff97', '9002df75-96df-4fd4-b850-3f5aed26ff97', '9002df75-96df-4fd4-b850-3f5aed26ff97', '9002df75-96df-4fd4-b850-3f5aed26ff97', '9002df75-96df-4fd4-b850-3f5aed26ff97', '9002df75-96df-4fd4-b850-3f5aed26ff97', '9002df75-96df-4fd4-b850-3f5aed26ff97', '9002df75-96df-4fd4-b850-3f5aed26ff97', '9002df75-96df-4fd4-b850-3f5aed26ff97', '9002df75-96df-4fd4-b850-3f5aed26ff97', '9002df75-96df-4fd4-b850-3f5aed26ff97', '9002df75-96df-4fd4-b850-3f5aed26ff97', '9002df75-96df-4fd4-b850-3f5aed26ff97', '9002df75-96df-4fd4-b850-3f5aed26ff97', '9002df75-96df-4fd4-b850-3f5aed26ff97', '9002df75-96df-4fd4-b850-3f5aed26ff97', '9002df75-96df-4fd4-b850-3f5aed26ff97', '9002df75-96df-4fd4-b850-3f5aed26ff97', '9002df75-96df-4fd4-b850-3f5aed26ff97', '9002df75-96df-4fd4-b850-3f5aed26ff97', '9002df75-96df-4fd4-b850-3f5aed26ff97', '9002df75-96df-4fd4-b850-3f5aed26ff97', '9002df75-96df-4fd4-b850-3f5aed26ff97', '9002df75-96df-4fd4-b850-3f5aed26ff97', '9002df75-96df-4fd4-b850-3f5aed26ff97', '9002df75-96df-4fd4-b850-3f5aed26ff97', '9002df75-96df-4fd4-b850-3f5aed26ff97', '9002df75-96df-4fd4-b850-3f5aed26ff97', '9002df75-96df-4fd4-b850-3f5aed26ff97', '6840dcb2-2b73-410b-b4bc-31abe12ea329', '480fb820-4f4c-468c-8fe6-db1cc8cb147b', '1b7f4b80-a76f-432d-9f98-8c42d45cc288', '7ca84b72-f314-44ad-a6f5-eaff20f352a8', 'a88ea9f5-7519-44a3-b416-c8e534c1cd08', 'e8fe7b68-6c38-4643-b17c-3b7ec2c86d96', 'ba66910e-0f31-4cc4-b557-98a820884149', 'fc9469b8-454e-474f-9088-06d85b16ac1c']"
f3d4c7a7-9abe-45ab-9aca-94fc6a211685,12,"['ebe20f94-a1c8-4cb3-9423-96cdf8c2b05a', 'ebe20f94-a1c8-4cb3-9423-96cdf8c2b05a', '6b59c93d-570e-4f2c-b7c3-3dece631f6a7', '9002df75-96df-4fd4-b850-3f5aed26ff97', '9002df75-96df-4fd4-b850-3f5aed26ff97', '9002df75-96df-4fd4-b850-3f5aed26ff97', '9002df75-96df-4fd4-b850-3f5aed26ff97', '9002df75-96df-4fd4-b850-3f5aed26ff97', '9002df75-96df-4fd4-b850-3f5aed26ff97', '9002df75-96df-4fd4-b850-3f5aed26ff97', '9002df75-96df-4fd4-b850-3f5aed26ff97', '9002df75-96df-4fd4-b850-3f5aed26ff97', '9002df75-96df-4fd4-b850-3f5aed26ff97', '9002df75-96df-4fd4-b850-3f5aed26ff97', '9002df75-96df-4fd4-b850-3f5aed26ff97', '9002df75-96df-4fd4-b850-3f5aed26ff97', '9002df75-96df-4fd4-b850-3f5aed26ff97', '9002df75-96df-4fd4-b850-3f5aed26ff97', '9002df75-96df-4fd4-b850-3f5aed26ff97', '9002df75-96df-4fd4-b850-3f5aed26ff97', '9002df75-96df-4fd4-b850-3f5aed26ff97', '9002df75-96df-4fd4-b850-3f5aed26ff97', '9002df75-96df-4fd4-b850-3f5aed26ff97', '9002df75-96df-4fd4-b850-3f5aed26ff97', '9002df75-96df-4fd4-b850-3f5aed26ff97', '9002df75-96df-4fd4-b850-3f5aed26ff97', '9002df75-96df-4fd4-b850-3f5aed26ff97', '9002df75-96df-4fd4-b850-3f5aed26ff97', '9002df75-96df-4fd4-b850-3f5aed26ff97', '9002df75-96df-4fd4-b850-3f5aed26ff97', '9002df75-96df-4fd4-b850-3f5aed26ff97', '9002df75-96df-4fd4-b850-3f5aed26ff97', '9002df75-96df-4fd4-b850-3f5aed26ff97', '9002df75-96df-4fd4-b850-3f5aed26ff97', '9002df75-96df-4fd4-b850-3f5aed26ff97', '9002df75-96df-4fd4-b850-3f5aed26ff97', '9002df75-96df-4fd4-b850-3f5aed26ff97', '480fb820-4f4c-468c-8fe6-db1cc8cb147b', '1b7f4b80-a76f-432d-9f98-8c42d45cc288', 'fc9469b8-454e-474f-9088-06d85b16ac1c', 'b7117d7b-2283-4224-989e-907042f0acb0', '90663ddf-f7c3-4cb3-bb5c-0c2fb718d919', '98266938-fd28-4cc1-9345-f840be5809cc', '74d5fdcf-9e2c-40ab-b24d-659c27dd56ee', '81335dfc-bc79-4fc2-8399-9775bcab1f04', '90542d22-86a5-42d5-b58a-da0f410ce916', '9364d5a5-7b6d-450f-9bc1-b0e2d5532bc6', '177ad4c2-0cb9-4574-8f64-7b0616a5a74a', '370b68d8-b4e2-4342-9e8d-c0d6ba57783f', '54e7af10-90ac-4c49-a863-4afa62121f04']"
4e8d7533-779f-4499-8b23-e53f4ded56b0,4,"['a3480b66-8045-4b51-86f5-2709e70b0fae', 'a3480b66-8045-4b51-86f5-2709e70b0fae', 'a3480b66-8045-4b51-86f5-2709e70b0fae', 'a3480b66-8045-4b51-86f5-2709e70b0fae', 'a3480b66-8045-4b51-86f5-2709e70b0fae', 'a3480b66-8045-4b51-86f5-2709e70b0fae', 'a3480b66-8045-4b51-86f5-2709e70b0fae', 'a3480b66-8045-4b51-86f5-2709e70b0fae', 'a3480b66-8045-4b51-86f5-2709e70b0fae', 'a3480b66-8045-4b51-86f5-2709e70b0fae', 'a3480b66-8045-4b51-86f5-2709e70b0fae', 'a3480b66-8045-4b51-86f5-2709e70b0fae', 'a3480b66-8045-4b51-86f5-2709e70b0fae', 'a3480b66-8045-4b51-86f5-2709e70b0fae', 'a3480b66-8045-4b51-86f5-2709e70b0fae', 'a3480b66-8045-4b51-86f5-2709e70b0fae', 'a3480b66-8045-4b51-86f5-2709e70b0fae', 'a3480b66-8045-4b51-86f5-2709e70b0fae', 'a3480b66-8045-4b51-86f5-2709e70b0fae', 'a3480b66-8045-4b51-86f5-2709e70b0fae', 'a3480b66-8045-4b51-86f5-2709e70b0fae', 'a3480b66-8045-4b51-86f5-2709e70b0fae', 'a3480b66-8045-4b51-86f5-2709e70b0fae', 'a3480b66-8045-4b51-86f5-2709e70b0fae', 'a3480b66-8045-4b51-86f5-2709e70b0fae', 'a3480b66-8045-4b51-86f5-2709e70b0fae', 'a3480b66-8045-4b51-86f5-2709e70b0fae', 'a3480b66-8045-4b51-86f5-2709e70b0fae', 'a3480b66-8045-4b51-86f5-2709e70b0fae', 'a3480b66-8045-4b51-86f5-2709e70b0fae', 'a3480b66-8045-4b51-86f5-2709e70b0fae', 'a3480b66-8045-4b51-86f5-2709e70b0fae', 'a3480b66-8045-4b51-86f5-2709e70b0fae', 'a3480b66-8045-4b51-86f5-2709e70b0fae', 'a3480b66-8045-4b51-86f5-2709e70b0fae', 'a3480b66-8045-4b51-86f5-2709e70b0fae', 'a3480b66-8045-4b51-86f5-2709e70b0fae', 'a3480b66-8045-4b51-86f5-2709e70b0fae', 'd3541486-acb9-4270-95ab-f9aaa36fac7a', '888eab2b-e85c-46ba-bd1f-54fad2404c9f', 'd18aca44-6cf0-4ad5-a43f-916abf937dc3', '28b1777e-6069-4520-8e38-48ce0aef853b', '8780da11-5c5c-4e44-a323-9714efc3b8ae', '2db46f73-a67b-4af6-8711-ac0b8ada7651', 'aed55cd6-d9dc-41bd-b157-9cf1108c8c59', 'ffd4c328-6d96-42c5-be27-e5847e2a1677', 'a0cdbfe8-9c24-461b-b7d9-9e192804d8bc', '0c94e5a3-d721-4104-8aa2-778553457a90', 'cb688df8-f797-4dfc-9dab-99bd8177a576', '7f31ef69-461d-4714-83e7-fe1a941c5b79']"
4e8d7533-779f-4499-8b23-e53f4ded56b0,5,"['a3480b66-8045-4b51-86f5-2709e70b0fae', 'a3480b66-8045-4b51-86f5-2709e70b0fae', 'a3480b66-8045-4b51-86f5-2709e70b0fae', 'a3480b66-8045-4b51-86f5-2709e70b0fae', 'a3480b66-8045-4b51-86f5-2709e70b0fae', 'a3480b66-8045-4b51-86f5-2709e70b0fae', 'a3480b66-8045-4b51-86f5-2709e70b0fae', 'a3480b66-8045-4b51-86f5-2709e70b0fae', 'a3480b66-8045-4b51-86f5-2709e70b0fae', 'a3480b66-8045-4b51-86f5-2709e70b0fae', 'a3480b66-8045-4b51-86f5-2709e70b0fae', 'a3480b66-8045-4b51-86f5-2709e70b0fae', 'a3480b66-8045-4b51-86f5-2709e70b0fae', 'a3480b66-8045-4b51-86f5-2709e70b0fae', 'a3480b66-8045-4b51-86f5-2709e70b0fae', 'a3480b66-8045-4b51-86f5-2709e70b0fae', 'a3480b66-8045-4b51-86f5-2709e70b0fae', 'a3480b66-8045-4b51-86f5-2709e70b0fae', 'a3480b66-8045-4b51-86f5-2709e70b0fae', 'a3480b66-8045-4b51-86f5-2709e70b0fae', 'a3480b66-8045-4b51-86f5-2709e70b0fae', 'a3480b66-8045-4b51-86f5-2709e70b0fae', 'a3480b66-8045-4b51-86f5-2709e70b0fae', 'a3480b66-8045-4b51-86f5-2709e70b0fae', 'a3480b66-8045-4b51-86f5-2709e70b0fae', 'a3480b66-8045-4b51-86f5-2709e70b0fae', 'a3480b66-8045-4b51-86f5-2709e70b0fae', 'a3480b66-8045-4b51-86f5-2709e70b0fae', 'a3480b66-8045-4b51-86f5-2709e70b0fae', 'a3480b66-8045-4b51-86f5-2709e70b0fae', 'a3480b66-8045-4b51-86f5-2709e70b0fae', 'a3480b66-8045-4b51-86f5-2709e70b0fae', 'a3480b66-8045-4b51-86f5-2709e70b0fae', 'd3541486-acb9-4270-95ab-f9aaa36fac7a', '888eab2b-e85c-46ba-bd1f-54fad2404c9f', 'd18aca44-6cf0-4ad5-a43f-916abf937dc3', '28b1777e-6069-4520-8e38-48ce0aef853b', '8780da11-5c5c-4e44-a323-9714efc3b8ae', 'aed55cd6-d9dc-41bd-b157-9cf1108c8c59', 'ffd4c328-6d96-42c5-be27-e5847e2a1677', 'a0cdbfe8-9c24-461b-b7d9-9e192804d8bc', 'cb688df8-f797-4dfc-9dab-99bd8177a576', 'c97d7f4f-b0bf-4e33-b9fb-116ab03c849c', 'adc4c8f1-9207-4ace-8586-6012098bc43f', 'ce79bfd2-4d08-4d9f-bfc3-0d0dcfd6a0c0', 'd4a3843c-502d-4035-955e-3124c6b4f33b', '0fbb48ec-cece-49ee-8c64-19611b3ac434', '717ed560-ccbb-4c28-8e24-76bd92dd5cc2', '6b26aa20-9b5a-4fc9-ab56-5459fbcddaf9', '2edf6f77-9902-41fe-9239-7520486ee10e']"
f3d4c7a7-9abe-45ab-9aca-94fc6a211685,13,"['ebe20f94-a1c8-4cb3-9423-96cdf8c2b05a', '6b59c93d-570e-4f2c-b7c3-3dece631f6a7', '9002df75-96df-4fd4-b850-3f5aed26ff97', '9002df75-96df-4fd4-b850-3f5aed26ff97', '9002df75-96df-4fd4-b850-3f5aed26ff97', '9002df75-96df-4fd4-b850-3f5aed26ff97', '9002df75-96df-4fd4-b850-3f5aed26ff97', '9002df75-96df-4fd4-b850-3f5aed26ff97', '9002df75-96df-4fd4-b850-3f5aed26ff97', '9002df75-96df-4fd4-b850-3f5aed26ff97', '9002df75-96df-4fd4-b850-3f5aed26ff97', '9002df75-96df-4fd4-b850-3f5aed26ff97', '9002df75-96df-4fd4-b850-3f5aed26ff97', '9002df75-96df-4fd4-b850-3f5aed26ff97', '9002df75-96df-4fd4-b850-3f5aed26ff97', '9002df75-96df-4fd4-b850-3f5aed26ff97', '9002df75-96df-4fd4-b850-3f5aed26ff97', '9002df75-96df-4fd4-b850-3f5aed26ff97', '9002df75-96df-4fd4-b850-3f5aed26ff97', '9002df75-96df-4fd4-b850-3f5aed26ff97', '9002df75-96df-4fd4-b850-3f5aed26ff97', '9002df75-96df-4fd4-b850-3f5aed26ff97', '9002df75-96df-4fd4-b850-3f5aed26ff97', '9002df75-96df-4fd4-b850-3f5aed26ff97', '9002df75-96df-4fd4-b850-3f5aed26ff97', '9002df75-96df-4fd4-b850-3f5aed26ff97', '9002df75-96df-4fd4-b850-3f5aed26ff97', '9002df75-96df-4fd4-b850-3f5aed26ff97', '9002df75-96df-4fd4-b850-3f5aed26ff97', '9002df75-96df-4fd4-b850-3f5aed26ff97', '480fb820-4f4c-468c-8fe6-db1cc8cb147b', 'fc9469b8-454e-474f-9088-06d85b16ac1c', 'b7117d7b-2283-4224-989e-907042f0acb0', '98266938-fd28-4cc1-9345-f840be5809cc', '81335dfc-bc79-4fc2-8399-9775bcab1f04', '90542d22-86a5-42d5-b58a-da0f410ce916', '9364d5a5-7b6d-450f-9bc1-b0e2d5532bc6', '177ad4c2-0cb9-4574-8f64-7b0616a5a74a', '370b68d8-b4e2-4342-9e8d-c0d6ba57783f', '54e7af10-90ac-4c49-a863-4afa62121f04', 'a27d017d-0f75-4e49-9ca6-fc98fd661078', '7460a73e-53fe-4722-ad89-ddc245939147', 'a5bb733e-d3b4-4582-98aa-2ad69fc0a85c', 'a5c1db97-03c4-4425-9bce-fd4ca2665586', '6f8d33b8-27a6-407c-a40a-495bef669a41', '92445b27-fd21-4ad6-be9f-45a0fb791218', 'e632ef3a-ac20-40c7-826c-1ccb4f6af4fa', 'bd149556-cf2c-4059-9042-aff5b809a45b', '0089cc2d-a992-439d-aeae-9ee197265ae6', 'ecdaf3b3-65b5-41ec-8272-f4cf469b1c0c']"
f3d4c7a7-9abe-45ab-9aca-94fc6a211685,14,"['ebe20f94-a1c8-4cb3-9423-96cdf8c2b05a', '6b59c93d-570e-4f2c-b7c3-3dece631f6a7', '9002df75-96df-4fd4-b850-3f5aed26ff97', '9002df75-96df-4fd4-b850-3f5aed26ff97', '9002df75-96df-4fd4-b850-3f5aed26ff97', '9002df75-96df-4fd4-b850-3f5aed26ff97', '9002df75-96df-4fd4-b850-3f5aed26ff97', '9002df75-96df-4fd4-b850-3f5aed26ff97', '9002df75-96df-4fd4-b850-3f5aed26ff97', '9002df75-96df-4fd4-b850-3f5aed26ff97', '9002df75-96df-4fd4-b850-3f5aed26ff97', '9002df75-96df-4fd4-b850-3f5aed26ff97', '9002df75-96df-4fd4-b850-3f5aed26ff97', '9002df75-96df-4fd4-b850-3f5aed26ff97', '9002df75-96df-4fd4-b850-3f5aed26ff97', '9002df75-96df-4fd4-b850-3f5aed26ff97', '9002df75-96df-4fd4-b850-3f5aed26ff97', '9002df75-96df-4fd4-b850-3f5aed26ff97', '9002df75-96df-4fd4-b850-3f5aed26ff97', '9002df75-96df-4fd4-b850-3f5aed26ff97', '9002df75-96df-4fd4-b850-3f5aed26ff97', '9002df75-96df-4fd4-b850-3f5aed26ff97', '9002df75-96df-4fd4-b850-3f5aed26ff97', '9002df75-96df-4fd4-b850-3f5aed26ff97', '9002df75-96df-4fd4-b850-3f5aed26ff97', '9002df75-96df-4fd4-b850-3f5aed26ff97', '480fb820-4f4c-468c-8fe6-db1cc8cb147b', 'fc9469b8-454e-474f-9088-06d85b16ac1c', '98266938-fd28-4cc1-9345-f840be5809cc', '81335dfc-bc79-4fc2-8399-9775bcab1f04', '90542d22-86a5-42d5-b58a-da0f410ce916', '9364d5a5-7b6d-450f-9bc1-b0e2d5532bc6', '177ad4c2-0cb9-4574-8f64-7b0616a5a74a', '370b68d8-b4e2-4342-9e8d-c0d6ba57783f', 'a27d017d-0f75-4e49-9ca6-fc98fd661078', 'a5c1db97-03c4-4425-9bce-fd4ca2665586', '6f8d33b8-27a6-407c-a40a-495bef669a41', '92445b27-fd21-4ad6-be9f-45a0fb791218', 'e632ef3a-ac20-40c7-826c-1ccb4f6af4fa', 'bd149556-cf2c-4059-9042-aff5b809a45b', '0089cc2d-a992-439d-aeae-9ee197265ae6', '38194c01-cb27-432a-9016-9178da663432', '59e5c97c-20c1-4004-8dc5-88c0249a819f', '80b021b6-d865-482e-bf9d-98d1e9a5eaff', '41bfe21c-e18b-4329-bb96-d5f6042d6272', '962ee70d-a09b-4568-97b0-7de6a6d4f5ab', '78234f70-553c-4a13-99d9-3545b7a73879', '9133ac80-9eb5-4127-9875-45bdf6c3a412', '6221874b-45c1-420b-8354-332a10bb5a12', 'e8b196c5-7975-4850-9fd1-2fe0b2941863']"
4e8d7533-779f-4499-8b23-e53f4ded56b0,6,"['a3480b66-8045-4b51-86f5-2709e70b0fae', 'a3480b66-8045-4b51-86f5-2709e70b0fae', 'a3480b66-8045-4b51-86f5-2709e70b0fae', 'a3480b66-8045-4b51-86f5-2709e70b0fae', 'a3480b66-8045-4b51-86f5-2709e70b0fae', 'a3480b66-8045-4b51-86f5-2709e70b0fae', 'a3480b66-8045-4b51-86f5-2709e70b0fae', 'a3480b66-8045-4b51-86f5-2709e70b0fae', 'a3480b66-8045-4b51-86f5-2709e70b0fae', 'a3480b66-8045-4b51-86f5-2709e70b0fae', 'a3480b66-8045-4b51-86f5-2709e70b0fae', 'a3480b66-8045-4b51-86f5-2709e70b0fae', 'a3480b66-8045-4b51-86f5-2709e70b0fae', 'a3480b66-8045-4b51-86f5-2709e70b0fae', 'a3480b66-8045-4b51-86f5-2709e70b0fae', 'a3480b66-8045-4b51-86f5-2709e70b0fae', 'a3480b66-8045-4b51-86f5-2709e70b0fae', 'a3480b66-8045-4b51-86f5-2709e70b0fae', 'a3480b66-8045-4b51-86f5-2709e70b0fae', 'a3480b66-8045-4b51-86f5-2709e70b0fae', 'a3480b66-8045-4b51-86f5-2709e70b0fae', 'a3480b66-8045-4b51-86f5-2709e70b0fae', 'a3480b66-8045-4b51-86f5-2709e70b0fae', 'a3480b66-8045-4b51-86f5-2709e70b0fae', 'd3541486-acb9-4270-95ab-f9aaa36fac7a', '888eab2b-e85c-46ba-bd1f-54fad2404c9f', 'd18aca44-6cf0-4ad5-a43f-916abf937dc3', '28b1777e-6069-4520-8e38-48ce0aef853b', '8780da11-5c5c-4e44-a323-9714efc3b8ae', 'aed55cd6-d9dc-41bd-b157-9cf1108c8c59', 'a0cdbfe8-9c24-461b-b7d9-9e192804d8bc', 'cb688df8-f797-4dfc-9dab-99bd8177a576', 'adc4c8f1-9207-4ace-8586-6012098bc43f', 'ce79bfd2-4d08-4d9f-bfc3-0d0dcfd6a0c0', 'd4a3843c-502d-4035-955e-3124c6b4f33b', '717ed560-ccbb-4c28-8e24-76bd92dd5cc2', '6b26aa20-9b5a-4fc9-ab56-5459fbcddaf9', '163329c0-0510-43a1-b601-9b0bfcc1b809', '810399fc-e8bc-465d-88c4-61bb8d6f8e2e', 'f7ec8fd4-5fdd-4b0c-9d74-aa71e7cba32f', '24a3859b-e6de-47e1-b36b-df5fa2f0948c', '9245d380-9b74-44ff-98d5-e2c531566f0e', 'dc0ef8bb-a1fc-443c-aeee-658abd2bd030', '932d4f41-8054-45f8-b92b-79759a4da6e6', '7f904ff9-2aac-435c-b7bb-f63c563c9dac', '3fc2716b-f48a-428f-b126-22cb35c2c18e', '87f8f7fa-cf88-4c85-830d-4f851704372c', 'a430216e-260f-4628-b35c-80275b6e4e5c', 'ab31da1a-2725-4f1c-9efa-71551c811a5e', '659cd14d-75f8-4a88-8b57-d8b33419d240']"
4e8d7533-779f-4499-8b23-e53f4ded56b0,7,"['a3480b66-8045-4b51-86f5-2709e70b0fae', 'a3480b66-8045-4b51-86f5-2709e70b0fae', 'a3480b66-8045-4b51-86f5-2709e70b0fae', 'a3480b66-8045-4b51-86f5-2709e70b0fae', 'a3480b66-8045-4b51-86f5-2709e70b0fae', 'a3480b66-8045-4b51-86f5-2709e70b0fae', 'a3480b66-8045-4b51-86f5-2709e70b0fae', 'a3480b66-8045-4b51-86f5-2709e70b0fae', 'a3480b66-8045-4b51-86f5-2709e70b0fae', 'a3480b66-8045-4b51-86f5-2709e70b0fae', 'a3480b66-8045-4b51-86f5-2709e70b0fae', 'a3480b66-8045-4b51-86f5-2709e70b0fae', 'a3480b66-8045-4b51-86f5-2709e70b0fae', 'a3480b66-8045-4b51-86f5-2709e70b0fae', 'a3480b66-8045-4b51-86f5-2709e70b0fae', 'a3480b66-8045-4b51-86f5-2709e70b0fae', 'a3480b66-8045-4b51-86f5-2709e70b0fae', 'a3480b66-8045-4b51-86f5-2709e70b0fae', 'a3480b66-8045-4b51-86f5-2709e70b0fae', 'a3480b66-8045-4b51-86f5-2709e70b0fae', 'a3480b66-8045-4b51-86f5-2709e70b0fae', 'a3480b66-8045-4b51-86f5-2709e70b0fae', 'a3480b66-8045-4b51-86f5-2709e70b0fae', 'a3480b66-8045-4b51-86f5-2709e70b0fae', 'a3480b66-8045-4b51-86f5-2709e70b0fae', 'a3480b66-8045-4b51-86f5-2709e70b0fae', 'a3480b66-8045-4b51-86f5-2709e70b0fae', 'a3480b66-8045-4b51-86f5-2709e70b0fae', 'a3480b66-8045-4b51-86f5-2709e70b0fae', 'a3480b66-8045-4b51-86f5-2709e70b0fae', 'a3480b66-8045-4b51-86f5-2709e70b0fae', 'a3480b66-8045-4b51-86f5-2709e70b0fae', 'a3480b66-8045-4b51-86f5-2709e70b0fae', 'a3480b66-8045-4b51-86f5-2709e70b0fae', 'a3480b66-8045-4b51-86f5-2709e70b0fae', 'a3480b66-8045-4b51-86f5-2709e70b0fae', 'a3480b66-8045-4b51-86f5-2709e70b0fae', 'a3480b66-8045-4b51-86f5-2709e70b0fae', 'a3480b66-8045-4b51-86f5-2709e70b0fae', 'a3480b66-8045-4b51-86f5-2709e70b0fae', 'a3480b66-8045-4b51-86f5-2709e70b0fae', 'a3480b66-8045-4b51-86f5-2709e70b0fae', 'a3480b66-8045-4b51-86f5-2709e70b0fae', 'a430216e-260f-4628-b35c-80275b6e4e5c', '3d2ce1ce-ecfc-428e-bf9e-61f2aea6ab90', 'fe4bb518-de40-4172-a9b2-2eaa9641d9e9', 'ae40acf6-aaf9-416d-9940-b4b7e9bb95cd', 'bb919e57-9eb1-46b4-8a31-cf301797a1c3', '925aee9d-7c17-4def-b7ee-7fe899303f74', '03faf1ad-e5aa-489d-9997-a7896a7cf769']"
f3d4c7a7-9abe-45ab-9aca-94fc6a211685,15,"['9002df75-96df-4fd4-b850-3f5aed26ff97', '9002df75-96df-4fd4-b850-3f5aed26ff97', '9002df75-96df-4fd4-b850-3f5aed26ff97', '9002df75-96df-4fd4-b850-3f5aed26ff97', '9002df75-96df-4fd4-b850-3f5aed26ff97', '9002df75-96df-4fd4-b850-3f5aed26ff97', '9002df75-96df-4fd4-b850-3f5aed26ff97', '9002df75-96df-4fd4-b850-3f5aed26ff97', '9002df75-96df-4fd4-b850-3f5aed26ff97', '9002df75-96df-4fd4-b850-3f5aed26ff97', '9002df75-96df-4fd4-b850-3f5aed26ff97', '9002df75-96df-4fd4-b850-3f5aed26ff97', '9002df75-96df-4fd4-b850-3f5aed26ff97', '9002df75-96df-4fd4-b850-3f5aed26ff97', '9002df75-96df-4fd4-b850-3f5aed26ff97', '9002df75-96df-4fd4-b850-3f5aed26ff97', '9002df75-96df-4fd4-b850-3f5aed26ff97', '9002df75-96df-4fd4-b850-3f5aed26ff97', '9002df75-96df-4fd4-b850-3f5aed26ff97', '9002df75-96df-4fd4-b850-3f5aed26ff97', '9002df75-96df-4fd4-b850-3f5aed26ff97', '9002df75-96df-4fd4-b850-3f5aed26ff97', '9002df75-96df-4fd4-b850-3f5aed26ff97', '9002df75-96df-4fd4-b850-3f5aed26ff97', '9002df75-96df-4fd4-b850-3f5aed26ff97', '9002df75-96df-4fd4-b850-3f5aed26ff97', '9002df75-96df-4fd4-b850-3f5aed26ff97', '9002df75-96df-4fd4-b850-3f5aed26ff97', '9002df75-96df-4fd4-b850-3f5aed26ff97', '9002df75-96df-4fd4-b850-3f5aed26ff97', '9002df75-96df-4fd4-b850-3f5aed26ff97', '9002df75-96df-4fd4-b850-3f5aed26ff97', '9002df75-96df-4fd4-b850-3f5aed26ff97', '9002df75-96df-4fd4-b850-3f5aed26ff97', '9002df75-96df-4fd4-b850-3f5aed26ff97', '9002df75-96df-4fd4-b850-3f5aed26ff97', '9002df75-96df-4fd4-b850-3f5aed26ff97', '0596a501-2904-42f6-9813-e348c7fdbc45', 'd3466294-1017-4c2e-860e-cb33081a9a5c', '065db1c8-73c2-4bc0-9e0b-f598322884de', '2d3bf198-91bf-40b9-a2d8-a667e75c8c6e', '20a002e7-a6a2-431a-9b45-36ffbdf45400', 'af957a4f-2cf6-4b2c-8382-6c55d42ba69e', '013a3c42-520d-4633-9f72-9a0d5f5240b2', '3d58fa57-16cc-4ad1-8867-bd85a7e4363c', '06e3831b-11ad-48ed-97bc-5364cd6c8b34', '22751fd0-6245-4b6d-8cb0-6c9ff71f954a', '25959668-70c7-4a1a-9399-7a66f076fe01', '8321fadd-5376-4d58-8854-204dbf94ac3b', 'a4fbd343-f0f1-40b2-9f3c-43dd49b33753']"
4e8d7533-779f-4499-8b23-e53f4ded56b0,8,"['a3480b66-8045-4b51-86f5-2709e70b0fae', 'a3480b66-8045-4b51-86f5-2709e70b0fae', 'a3480b66-8045-4b51-86f5-2709e70b0fae', 'a3480b66-8045-4b51-86f5-2709e70b0fae', 'a3480b66-8045-4b51-86f5-2709e70b0fae', 'a3480b66-8045-4b51-86f5-2709e70b0fae', 'a3480b66-8045-4b51-86f5-2709e70b0fae', 'a3480b66-8045-4b51-86f5-2709e70b0fae', 'a3480b66-8045-4b51-86f5-2709e70b0fae', 'a3480b66-8045-4b51-86f5-2709e70b0fae', 'a3480b66-8045-4b51-86f5-2709e70b0fae', 'a3480b66-8045-4b51-86f5-2709e70b0fae', 'a3480b66-8045-4b51-86f5-2709e70b0fae', 'a3480b66-8045-4b51-86f5-2709e70b0fae', 'a3480b66-8045-4b51-86f5-2709e70b0fae', 'a3480b66-8045-4b51-86f5-2709e70b0fae', 'a3480b66-8045-4b51-86f5-2709e70b0fae', 'a3480b66-8045-4b51-86f5-2709e70b0fae', 'a3480b66-8045-4b51-86f5-2709e70b0fae', 'a3480b66-8045-4b51-86f5-2709e70b0fae', 'a3480b66-8045-4b51-86f5-2709e70b0fae', 'a3480b66-8045-4b51-86f5-2709e70b0fae', 'a3480b66-8045-4b51-86f5-2709e70b0fae', 'a3480b66-8045-4b51-86f5-2709e70b0fae', 'a3480b66-8045-4b51-86f5-2709e70b0fae', 'a3480b66-8045-4b51-86f5-2709e70b0fae', 'a3480b66-8045-4b51-86f5-2709e70b0fae', 'a3480b66-8045-4b51-86f5-2709e70b0fae', 'a3480b66-8045-4b51-86f5-2709e70b0fae', 'a3480b66-8045-4b51-86f5-2709e70b0fae', 'a3480b66-8045-4b51-86f5-2709e70b0fae', 'a3480b66-8045-4b51-86f5-2709e70b0fae', 'a3480b66-8045-4b51-86f5-2709e70b0fae', 'a3480b66-8045-4b51-86f5-2709e70b0fae', 'a430216e-260f-4628-b35c-80275b6e4e5c', '3d2ce1ce-ecfc-428e-bf9e-61f2aea6ab90', 'fe4bb518-de40-4172-a9b2-2eaa9641d9e9', 'ae40acf6-aaf9-416d-9940-b4b7e9bb95cd', 'bb919e57-9eb1-46b4-8a31-cf301797a1c3', '03faf1ad-e5aa-489d-9997-a7896a7cf769', 'fdb71723-4b2d-4190-b4b6-7c4fcc9b857f', '576224d9-ce3d-45c4-af74-44c4284d7665', '69ad182b-83d0-47d8-9825-1b0383457e8e', 'de4467a7-15e4-44da-bede-9de5f622d3ab', '6709f7b5-8be9-42a9-aa38-2e5a154e7cab', '99ab55d1-b841-4c76-a0de-74a1367990fd', 'bdf85e74-49c2-45a8-ad75-669c9b594f57', '6df7fe47-1897-4e5a-bc2c-49ff4bbf0bf3', '9753981a-4f9b-4083-a874-f408e5b44b97', '32008b0b-06df-4ed2-be97-b8256ba541d6']"
4e8d7533-779f-4499-8b23-e53f4ded56b0,9,"['a3480b66-8045-4b51-86f5-2709e70b0fae', 'a3480b66-8045-4b51-86f5-2709e70b0fae', 'a3480b66-8045-4b51-86f5-2709e70b0fae', 'a3480b66-8045-4b51-86f5-2709e70b0fae', 'a3480b66-8045-4b51-86f5-2709e70b0fae', 'a3480b66-8045-4b51-86f5-2709e70b0fae', 'a3480b66-8045-4b51-86f5-2709e70b0fae', 'a3480b66-8045-4b51-86f5-2709e70b0fae', 'a3480b66-8045-4b51-86f5-2709e70b0fae', 'a3480b66-8045-4b51-86f5-2709e70b0fae', 'a3480b66-8045-4b51-86f5-2709e70b0fae', 'a3480b66-8045-4b51-86f5-2709e70b0fae', 'a3480b66-8045-4b51-86f5-2709e70b0fae', 'a3480b66-8045-4b51-86f5-2709e70b0fae', 'a3480b66-8045-4b51-86f5-2709e70b0fae', 'a3480b66-8045-4b51-86f5-2709e70b0fae', 'a3480b66-8045-4b51-86f5-2709e70b0fae', 'a3480b66-8045-4b51-86f5-2709e70b0fae', 'a3480b66-8045-4b51-86f5-2709e70b0fae', 'a3480b66-8045-4b51-86f5-2709e70b0fae', 'a3480b66-8045-4b51-86f5-2709e70b0fae', 'a3480b66-8045-4b51-86f5-2709e70b0fae', 'a3480b66-8045-4b51-86f5-2709e70b0fae', 'a3480b66-8045-4b51-86f5-2709e70b0fae', 'a3480b66-8045-4b51-86f5-2709e70b0fae', 'a3480b66-8045-4b51-86f5-2709e70b0fae', 'a3480b66-8045-4b51-86f5-2709e70b0fae', 'a3480b66-8045-4b51-86f5-2709e70b0fae', 'a430216e-260f-4628-b35c-80275b6e4e5c', '3d2ce1ce-ecfc-428e-bf9e-61f2aea6ab90', 'bb919e57-9eb1-46b4-8a31-cf301797a1c3', '03faf1ad-e5aa-489d-9997-a7896a7cf769', '576224d9-ce3d-45c4-af74-44c4284d7665', '69ad182b-83d0-47d8-9825-1b0383457e8e', 'de4467a7-15e4-44da-bede-9de5f622d3ab', '99ab55d1-b841-4c76-a0de-74a1367990fd', 'bdf85e74-49c2-45a8-ad75-669c9b594f57', '6df7fe47-1897-4e5a-bc2c-49ff4bbf0bf3', '32008b0b-06df-4ed2-be97-b8256ba541d6', '6cb2a83a-e3e4-411a-bcc5-b5710645d26e', '11398fba-d2d4-4b5f-8964-a134e84d7905', 'dfd1c39e-4e7a-4673-8254-e47548027143', '33a3e810-8f97-49a1-bfc1-95b5889655da', '8ac45971-ab44-4e07-9ca4-79b792300e9b', '14e6a7eb-5cb1-4c04-a740-1c1ae92ed150', '1b71dafe-c8de-4eb7-9e69-da935f13db63', '82730a36-8277-4631-b07f-583701e8847f', 'f5ae0486-9b1b-42d3-af69-6d6144d74426', '53ca5fa9-293b-41f4-b96a-ef6306ac667e', 'b0293a75-7a10-40de-860c-763876e20cc9']"
4e8d7533-779f-4499-8b23-e53f4ded56b0,10,"['a3480b66-8045-4b51-86f5-2709e70b0fae', 'a3480b66-8045-4b51-86f5-2709e70b0fae', 'a3480b66-8045-4b51-86f5-2709e70b0fae', 'a3480b66-8045-4b51-86f5-2709e70b0fae', 'a3480b66-8045-4b51-86f5-2709e70b0fae', 'a3480b66-8045-4b51-86f5-2709e70b0fae', 'a3480b66-8045-4b51-86f5-2709e70b0fae', 'a3480b66-8045-4b51-86f5-2709e70b0fae', 'a3480b66-8045-4b51-86f5-2709e70b0fae', 'a3480b66-8045-4b51-86f5-2709e70b0fae', 'a3480b66-8045-4b51-86f5-2709e70b0fae', 'a3480b66-8045-4b51-86f5-2709e70b0fae', 'a3480b66-8045-4b51-86f5-2709e70b0fae', 'a3480b66-8045-4b51-86f5-2709e70b0fae', 'a3480b66-8045-4b51-86f5-2709e70b0fae', 'a3480b66-8045-4b51-86f5-2709e70b0fae', 'a3480b66-8045-4b51-86f5-2709e70b0fae', 'a3480b66-8045-4b51-86f5-2709e70b0fae', '3d2ce1ce-ecfc-428e-bf9e-61f2aea6ab90', 'bb919e57-9eb1-46b4-8a31-cf301797a1c3', '03faf1ad-e5aa-489d-9997-a7896a7cf769', '69ad182b-83d0-47d8-9825-1b0383457e8e', 'de4467a7-15e4-44da-bede-9de5f622d3ab', '99ab55d1-b841-4c76-a0de-74a1367990fd', 'bdf85e74-49c2-45a8-ad75-669c9b594f57', '6df7fe47-1897-4e5a-bc2c-49ff4bbf0bf3', '32008b0b-06df-4ed2-be97-b8256ba541d6', '6cb2a83a-e3e4-411a-bcc5-b5710645d26e', 'dfd1c39e-4e7a-4673-8254-e47548027143', '8ac45971-ab44-4e07-9ca4-79b792300e9b', '1b71dafe-c8de-4eb7-9e69-da935f13db63', 'f5ae0486-9b1b-42d3-af69-6d6144d74426', '53ca5fa9-293b-41f4-b96a-ef6306ac667e', 'b0293a75-7a10-40de-860c-763876e20cc9', 'b610682f-50c9-4740-8412-9022b58a49f4', 'c6867c12-13f1-4067-828e-05e039057794', '46e9b4fe-1f57-4ca1-a0be-e85caef35079', 'f7ac0522-d1fb-45c7-86a6-c35f069bef29', '600b6fa0-f5f1-4721-a480-df5e734fc6a3', '945ec5da-359d-41fe-bbcb-23ac17033147', '416c4a4e-d051-4006-8169-d06b35529946', '8ce0ebb4-5d78-4d72-8367-11f0df083e25', '8af5c6ff-9970-467a-ac31-d7b707fb1024', 'db6e1332-785f-4bb1-b90e-993d287dd7ab', '03d4915c-0579-4f69-984f-1b8b610d3685', '30b3e5ff-b6b7-4cb3-a07f-1deb48c77a47', 'b43af8fe-4e84-4a6a-9488-ca74590b17a1', '70ed38b1-0701-4b93-bd58-c34660a856ed', '8ae22bf6-9165-4b60-8ecf-655bbc92ec0e', '6c71218b-f6fe-4611-b431-3d1955c13318']"
4e8d7533-779f-4499-8b23-e53f4ded56b0,11,"['a3480b66-8045-4b51-86f5-2709e70b0fae', 'a3480b66-8045-4b51-86f5-2709e70b0fae', 'a3480b66-8045-4b51-86f5-2709e70b0fae', 'a3480b66-8045-4b51-86f5-2709e70b0fae', 'a3480b66-8045-4b51-86f5-2709e70b0fae', 'a3480b66-8045-4b51-86f5-2709e70b0fae', 'a3480b66-8045-4b51-86f5-2709e70b0fae', 'a3480b66-8045-4b51-86f5-2709e70b0fae', 'a3480b66-8045-4b51-86f5-2709e70b0fae', 'a3480b66-8045-4b51-86f5-2709e70b0fae', 'a3480b66-8045-4b51-86f5-2709e70b0fae', 'a3480b66-8045-4b51-86f5-2709e70b0fae', 'a3480b66-8045-4b51-86f5-2709e70b0fae', 'a3480b66-8045-4b51-86f5-2709e70b0fae', 'a3480b66-8045-4b51-86f5-2709e70b0fae', 'a3480b66-8045-4b51-86f5-2709e70b0fae', 'a3480b66-8045-4b51-86f5-2709e70b0fae', 'a3480b66-8045-4b51-86f5-2709e70b0fae', 'a3480b66-8045-4b51-86f5-2709e70b0fae', 'a3480b66-8045-4b51-86f5-2709e70b0fae', 'a3480b66-8045-4b51-86f5-2709e70b0fae', 'a3480b66-8045-4b51-86f5-2709e70b0fae', 'a3480b66-8045-4b51-86f5-2709e70b0fae', 'a3480b66-8045-4b51-86f5-2709e70b0fae', 'a3480b66-8045-4b51-86f5-2709e70b0fae', 'a3480b66-8045-4b51-86f5-2709e70b0fae', 'a3480b66-8045-4b51-86f5-2709e70b0fae', 'a3480b66-8045-4b51-86f5-2709e70b0fae', 'a3480b66-8045-4b51-86f5-2709e70b0fae', 'a3480b66-8045-4b51-86f5-2709e70b0fae', 'a3480b66-8045-4b51-86f5-2709e70b0fae', 'a3480b66-8045-4b51-86f5-2709e70b0fae', 'a3480b66-8045-4b51-86f5-2709e70b0fae', 'a3480b66-8045-4b51-86f5-2709e70b0fae', 'a3480b66-8045-4b51-86f5-2709e70b0fae', 'a3480b66-8045-4b51-86f5-2709e70b0fae', 'a3480b66-8045-4b51-86f5-2709e70b0fae', 'a3480b66-8045-4b51-86f5-2709e70b0fae', 'a3480b66-8045-4b51-86f5-2709e70b0fae', 'a3480b66-8045-4b51-86f5-2709e70b0fae', 'bb919e57-9eb1-46b4-8a31-cf301797a1c3', '4736d568-0a0c-4de8-933e-baece6d864c9', '66c5de8c-d70c-4188-bc59-da8d37fd0149', 'df429cd3-8c29-49fd-8d4e-51449f361e93', '209c69c8-e6f9-41da-a0e0-915df47174ef', 'c403e22b-5527-4095-9719-d689695810d0', 'd6dcf5ba-4e68-495c-9f86-24fcaf551395', 'bd5a3cbf-702e-4eeb-b679-d44716338f99', '055415fb-656b-4334-b2e9-6a125cdf948e', '709d792b-8804-45b2-a7a7-020c2beffb37']"
4e8d7533-779f-4499-8b23-e53f4ded56b0,12,"['a3480b66-8045-4b51-86f5-2709e70b0fae', 'a3480b66-8045-4b51-86f5-2709e70b0fae', 'a3480b66-8045-4b51-86f5-2709e70b0fae', 'a3480b66-8045-4b51-86f5-2709e70b0fae', 'a3480b66-8045-4b51-86f5-2709e70b0fae', 'a3480b66-8045-4b51-86f5-2709e70b0fae', 'a3480b66-8045-4b51-86f5-2709e70b0fae', 'a3480b66-8045-4b51-86f5-2709e70b0fae', 'a3480b66-8045-4b51-86f5-2709e70b0fae', 'a3480b66-8045-4b51-86f5-2709e70b0fae', 'a3480b66-8045-4b51-86f5-2709e70b0fae', 'a3480b66-8045-4b51-86f5-2709e70b0fae', 'a3480b66-8045-4b51-86f5-2709e70b0fae', 'a3480b66-8045-4b51-86f5-2709e70b0fae', 'a3480b66-8045-4b51-86f5-2709e70b0fae', 'a3480b66-8045-4b51-86f5-2709e70b0fae', 'a3480b66-8045-4b51-86f5-2709e70b0fae', 'a3480b66-8045-4b51-86f5-2709e70b0fae', 'a3480b66-8045-4b51-86f5-2709e70b0fae', 'a3480b66-8045-4b51-86f5-2709e70b0fae', 'a3480b66-8045-4b51-86f5-2709e70b0fae', 'a3480b66-8045-4b51-86f5-2709e70b0fae', 'a3480b66-8045-4b51-86f5-2709e70b0fae', 'a3480b66-8045-4b51-86f5-2709e70b0fae', 'a3480b66-8045-4b51-86f5-2709e70b0fae', 'a3480b66-8045-4b51-86f5-2709e70b0fae', 'a3480b66-8045-4b51-86f5-2709e70b0fae', 'a3480b66-8045-4b51-86f5-2709e70b0fae', 'a3480b66-8045-4b51-86f5-2709e70b0fae', 'a3480b66-8045-4b51-86f5-2709e70b0fae', 'a3480b66-8045-4b51-86f5-2709e70b0fae', 'bb919e57-9eb1-46b4-8a31-cf301797a1c3', '4736d568-0a0c-4de8-933e-baece6d864c9', '66c5de8c-d70c-4188-bc59-da8d37fd0149', 'df429cd3-8c29-49fd-8d4e-51449f361e93', 'c403e22b-5527-4095-9719-d689695810d0', 'd6dcf5ba-4e68-495c-9f86-24fcaf551395', 'bd5a3cbf-702e-4eeb-b679-d44716338f99', '055415fb-656b-4334-b2e9-6a125cdf948e', '709d792b-8804-45b2-a7a7-020c2beffb37', '053f0a50-8d8c-41b6-947d-17d83aa46d2a', 'a644d403-d7c9-474f-b262-ea479a7d1140', '2a84b895-bec9-4f78-8c6a-aa883ec8455a', 'f0ba4288-7002-4461-bd23-3191f992a953', '66d094be-437f-4c1e-bfdb-8de28c5c005e', '2fc8219d-d3ff-4b59-9779-9939ac491182', '7664c164-f2df-4228-ae7a-bc843d115a39', '49faa44f-d521-4bba-8726-a78e3833eff7', '387a01ff-80a9-4a6b-bb80-9b1f3194c83f', '4a2adc65-6f29-497a-99d4-2c7e29c70bfb']"
4e8d7533-779f-4499-8b23-e53f4ded56b0,13,"['a3480b66-8045-4b51-86f5-2709e70b0fae', 'a3480b66-8045-4b51-86f5-2709e70b0fae', 'a3480b66-8045-4b51-86f5-2709e70b0fae', 'a3480b66-8045-4b51-86f5-2709e70b0fae', 'a3480b66-8045-4b51-86f5-2709e70b0fae', 'a3480b66-8045-4b51-86f5-2709e70b0fae', 'a3480b66-8045-4b51-86f5-2709e70b0fae', 'a3480b66-8045-4b51-86f5-2709e70b0fae', 'a3480b66-8045-4b51-86f5-2709e70b0fae', 'a3480b66-8045-4b51-86f5-2709e70b0fae', 'a3480b66-8045-4b51-86f5-2709e70b0fae', 'a3480b66-8045-4b51-86f5-2709e70b0fae', 'a3480b66-8045-4b51-86f5-2709e70b0fae', 'a3480b66-8045-4b51-86f5-2709e70b0fae', 'a3480b66-8045-4b51-86f5-2709e70b0fae', 'a3480b66-8045-4b51-86f5-2709e70b0fae', 'a3480b66-8045-4b51-86f5-2709e70b0fae', 'a3480b66-8045-4b51-86f5-2709e70b0fae', 'a3480b66-8045-4b51-86f5-2709e70b0fae', 'a3480b66-8045-4b51-86f5-2709e70b0fae', 'a3480b66-8045-4b51-86f5-2709e70b0fae', 'a3480b66-8045-4b51-86f5-2709e70b0fae', 'a3480b66-8045-4b51-86f5-2709e70b0fae', 'bb919e57-9eb1-46b4-8a31-cf301797a1c3', '66c5de8c-d70c-4188-bc59-da8d37fd0149', 'df429cd3-8c29-49fd-8d4e-51449f361e93', 'c403e22b-5527-4095-9719-d689695810d0', 'd6dcf5ba-4e68-495c-9f86-24fcaf551395', '055415fb-656b-4334-b2e9-6a125cdf948e', '709d792b-8804-45b2-a7a7-020c2beffb37', '053f0a50-8d8c-41b6-947d-17d83aa46d2a', 'a644d403-d7c9-474f-b262-ea479a7d1140', '2a84b895-bec9-4f78-8c6a-aa883ec8455a', 'f0ba4288-7002-4461-bd23-3191f992a953', '66d094be-437f-4c1e-bfdb-8de28c5c005e', '2fc8219d-d3ff-4b59-9779-9939ac491182', '49faa44f-d521-4bba-8726-a78e3833eff7', '387a01ff-80a9-4a6b-bb80-9b1f3194c83f', '4a2adc65-6f29-497a-99d4-2c7e29c70bfb', '5848d536-156d-4d06-aa5d-00ec41478eb9', '0166b93d-d37c-46c6-a118-92a7bb4b0e22', '3e867fa8-1e6f-443c-91e5-97944a05e70f', '2cb4cb7d-60b9-480e-a00e-f6ce863fcc7e', 'e96f2369-187f-47d6-8634-29ebd8dc7731', 'fdf3ef95-b0ff-4d71-8781-349232da7d6c', '2d34eca4-b664-431e-9f99-99b76fee9792', '479e8846-c956-491d-aaee-965dc8505981', '9f274292-3d3e-48f1-a960-b07692844524', 'ebe2ff99-6dc3-40bd-95e7-50ea69b3c4b8', '67787f2e-dc3f-4128-84b9-1ef510dfb627']"
4e8d7533-779f-4499-8b23-e53f4ded56b0,14,"['a3480b66-8045-4b51-86f5-2709e70b0fae', 'a3480b66-8045-4b51-86f5-2709e70b0fae', 'a3480b66-8045-4b51-86f5-2709e70b0fae', 'a3480b66-8045-4b51-86f5-2709e70b0fae', 'a3480b66-8045-4b51-86f5-2709e70b0fae', 'a3480b66-8045-4b51-86f5-2709e70b0fae', 'a3480b66-8045-4b51-86f5-2709e70b0fae', 'a3480b66-8045-4b51-86f5-2709e70b0fae', 'a3480b66-8045-4b51-86f5-2709e70b0fae', 'a3480b66-8045-4b51-86f5-2709e70b0fae', 'a3480b66-8045-4b51-86f5-2709e70b0fae', 'a3480b66-8045-4b51-86f5-2709e70b0fae', 'a3480b66-8045-4b51-86f5-2709e70b0fae', 'a3480b66-8045-4b51-86f5-2709e70b0fae', 'a3480b66-8045-4b51-86f5-2709e70b0fae', 'a3480b66-8045-4b51-86f5-2709e70b0fae', 'a3480b66-8045-4b51-86f5-2709e70b0fae', 'a3480b66-8045-4b51-86f5-2709e70b0fae', 'a3480b66-8045-4b51-86f5-2709e70b0fae', 'a3480b66-8045-4b51-86f5-2709e70b0fae', 'a3480b66-8045-4b51-86f5-2709e70b0fae', 'a3480b66-8045-4b51-86f5-2709e70b0fae', 'a3480b66-8045-4b51-86f5-2709e70b0fae', 'a3480b66-8045-4b51-86f5-2709e70b0fae', 'a3480b66-8045-4b51-86f5-2709e70b0fae', 'a3480b66-8045-4b51-86f5-2709e70b0fae', 'a3480b66-8045-4b51-86f5-2709e70b0fae', 'a3480b66-8045-4b51-86f5-2709e70b0fae', 'a3480b66-8045-4b51-86f5-2709e70b0fae', 'a3480b66-8045-4b51-86f5-2709e70b0fae', 'a3480b66-8045-4b51-86f5-2709e70b0fae', 'a3480b66-8045-4b51-86f5-2709e70b0fae', 'a3480b66-8045-4b51-86f5-2709e70b0fae', 'a3480b66-8045-4b51-86f5-2709e70b0fae', 'a3480b66-8045-4b51-86f5-2709e70b0fae', 'a3480b66-8045-4b51-86f5-2709e70b0fae', 'a3480b66-8045-4b51-86f5-2709e70b0fae', 'df429cd3-8c29-49fd-8d4e-51449f361e93', 'df429cd3-8c29-49fd-8d4e-51449f361e93', 'df429cd3-8c29-49fd-8d4e-51449f361e93', 'df429cd3-8c29-49fd-8d4e-51449f361e93', '65eb2224-6e4a-466a-9f97-e6d19b5f7b30', '1a3eda70-eab5-4042-9a11-e06053bf7137', 'c14ee1d2-3847-4c07-9d20-dc77e052a9b8', '120eca87-b6d1-4c9c-a030-46e30bcb835b', '408202c6-5392-4163-aa99-5db4e54dc7ca', '2b02126f-5c9b-4f47-9d34-1506651574af', '294cd1b7-5261-45f8-8191-f61bc3c41d6c', 'c2fc8177-50f1-40a6-9709-33ebd3e21ddf', 'e596bab8-3789-411f-8ad6-3679cf6f79b0']"
4e8d7533-779f-4499-8b23-e53f4ded56b0,15,"['a3480b66-8045-4b51-86f5-2709e70b0fae', 'a3480b66-8045-4b51-86f5-2709e70b0fae', 'a3480b66-8045-4b51-86f5-2709e70b0fae', 'a3480b66-8045-4b51-86f5-2709e70b0fae', 'a3480b66-8045-4b51-86f5-2709e70b0fae', 'a3480b66-8045-4b51-86f5-2709e70b0fae', 'a3480b66-8045-4b51-86f5-2709e70b0fae', 'a3480b66-8045-4b51-86f5-2709e70b0fae', 'a3480b66-8045-4b51-86f5-2709e70b0fae', 'a3480b66-8045-4b51-86f5-2709e70b0fae', 'a3480b66-8045-4b51-86f5-2709e70b0fae', 'a3480b66-8045-4b51-86f5-2709e70b0fae', 'a3480b66-8045-4b51-86f5-2709e70b0fae', 'a3480b66-8045-4b51-86f5-2709e70b0fae', 'a3480b66-8045-4b51-86f5-2709e70b0fae', 'a3480b66-8045-4b51-86f5-2709e70b0fae', 'a3480b66-8045-4b51-86f5-2709e70b0fae', 'a3480b66-8045-4b51-86f5-2709e70b0fae', 'a3480b66-8045-4b51-86f5-2709e70b0fae', 'a3480b66-8045-4b51-86f5-2709e70b0fae', 'a3480b66-8045-4b51-86f5-2709e70b0fae', 'a3480b66-8045-4b51-86f5-2709e70b0fae', 'a3480b66-8045-4b51-86f5-2709e70b0fae', 'a3480b66-8045-4b51-86f5-2709e70b0fae', 'a3480b66-8045-4b51-86f5-2709e70b0fae', 'a3480b66-8045-4b51-86f5-2709e70b0fae', 'a3480b66-8045-4b51-86f5-2709e70b0fae', 'df429cd3-8c29-49fd-8d4e-51449f361e93', 'df429cd3-8c29-49fd-8d4e-51449f361e93', 'df429cd3-8c29-49fd-8d4e-51449f361e93', '65eb2224-6e4a-466a-9f97-e6d19b5f7b30', 'c14ee1d2-3847-4c07-9d20-dc77e052a9b8', '120eca87-b6d1-4c9c-a030-46e30bcb835b', '408202c6-5392-4163-aa99-5db4e54dc7ca', '294cd1b7-5261-45f8-8191-f61bc3c41d6c', 'c2fc8177-50f1-40a6-9709-33ebd3e21ddf', 'e596bab8-3789-411f-8ad6-3679cf6f79b0', 'cf841333-7d1a-4228-845c-bb0ed162d938', 'fba6921b-de44-48e5-a592-97387e9abb9f', '79a0f9c8-54c4-409b-9cda-59c6493819db', 'b4ba98c1-8d97-4eaf-a39b-f8f9a47cd545', '3d22a1be-5a98-4f50-b031-1062533522f6', 'be6af638-07c4-4c19-a872-f54a266658db', 'be7810df-379d-4651-bd96-c189e6907361', '38f2f65f-cbb6-4d12-a04a-7f3c08b3c6f6', 'e1178677-6a5e-4dda-ac47-f085ef3f9d86', '120e0ee7-35fd-446c-aed2-38501e187047', 'a4c623aa-8173-4f7d-ac8a-9f5b937d2c24', '170cc20e-536b-4aba-b7e0-1576cace9205', 'da1eb2eb-d4b2-4142-9eaf-1c6929f3492c']"
