run_id,itr,pool_members_uuids
bf0349e9-e98d-4dfa-9512-3ee08fd8bcb9,0,"['0bd77dbb-55d8-4131-b096-abe8f48005d0', '0bd77dbb-55d8-4131-b096-abe8f48005d0', '0bd77dbb-55d8-4131-b096-abe8f48005d0', '0bd77dbb-55d8-4131-b096-abe8f48005d0', '0bd77dbb-55d8-4131-b096-abe8f48005d0', '0bd77dbb-55d8-4131-b096-abe8f48005d0', '0bd77dbb-55d8-4131-b096-abe8f48005d0', '0bd77dbb-55d8-4131-b096-abe8f48005d0', '0bd77dbb-55d8-4131-b096-abe8f48005d0', '0bd77dbb-55d8-4131-b096-abe8f48005d0']"
bf0349e9-e98d-4dfa-9512-3ee08fd8bcb9,1,"['0bd77dbb-55d8-4131-b096-abe8f48005d0', '0bd77dbb-55d8-4131-b096-abe8f48005d0', '0bd77dbb-55d8-4131-b096-abe8f48005d0', '0bd77dbb-55d8-4131-b096-abe8f48005d0', '0bd77dbb-55d8-4131-b096-abe8f48005d0', '0bd77dbb-55d8-4131-b096-abe8f48005d0', '0bd77dbb-55d8-4131-b096-abe8f48005d0', '14f59c4d-7eb6-4d7d-a1a3-7c2ab3cd28dc', 'c41dc3f4-cac6-4d21-80d0-35d1f66433d0', 'ab025a26-9339-4a6e-851c-23eb5d81bfae']"
64c5a991-8f09-4cd0-84ed-824d354f857f,0,"['4167fd21-9981-4956-bcbd-c0c8f6bad043', '4167fd21-9981-4956-bcbd-c0c8f6bad043', '4167fd21-9981-4956-bcbd-c0c8f6bad043', '4167fd21-9981-4956-bcbd-c0c8f6bad043', '4167fd21-9981-4956-bcbd-c0c8f6bad043', '4167fd21-9981-4956-bcbd-c0c8f6bad043', '4167fd21-9981-4956-bcbd-c0c8f6bad043', '4167fd21-9981-4956-bcbd-c0c8f6bad043', '4167fd21-9981-4956-bcbd-c0c8f6bad043', '4167fd21-9981-4956-bcbd-c0c8f6bad043']"
135a87a8-83e9-4f4f-9ada-5057c4e4100b,0,"['dabf1968-a4f3-478c-9d6a-f4e28be0cc7f', 'dabf1968-a4f3-478c-9d6a-f4e28be0cc7f', 'dabf1968-a4f3-478c-9d6a-f4e28be0cc7f', 'dabf1968-a4f3-478c-9d6a-f4e28be0cc7f', 'dabf1968-a4f3-478c-9d6a-f4e28be0cc7f', 'dabf1968-a4f3-478c-9d6a-f4e28be0cc7f', 'dabf1968-a4f3-478c-9d6a-f4e28be0cc7f', 'dabf1968-a4f3-478c-9d6a-f4e28be0cc7f', 'dabf1968-a4f3-478c-9d6a-f4e28be0cc7f', 'dabf1968-a4f3-478c-9d6a-f4e28be0cc7f']"
bf0349e9-e98d-4dfa-9512-3ee08fd8bcb9,2,"['0bd77dbb-55d8-4131-b096-abe8f48005d0', '0bd77dbb-55d8-4131-b096-abe8f48005d0', '0bd77dbb-55d8-4131-b096-abe8f48005d0', '0bd77dbb-55d8-4131-b096-abe8f48005d0', '0bd77dbb-55d8-4131-b096-abe8f48005d0', '0bd77dbb-55d8-4131-b096-abe8f48005d0', '0bd77dbb-55d8-4131-b096-abe8f48005d0', '14f59c4d-7eb6-4d7d-a1a3-7c2ab3cd28dc', 'ab025a26-9339-4a6e-851c-23eb5d81bfae', '90c5a047-38e6-44e7-90d5-a7a9d5833949']"
135a87a8-83e9-4f4f-9ada-5057c4e4100b,1,"['dabf1968-a4f3-478c-9d6a-f4e28be0cc7f', 'dabf1968-a4f3-478c-9d6a-f4e28be0cc7f', 'dabf1968-a4f3-478c-9d6a-f4e28be0cc7f', 'dabf1968-a4f3-478c-9d6a-f4e28be0cc7f', 'dabf1968-a4f3-478c-9d6a-f4e28be0cc7f', 'dabf1968-a4f3-478c-9d6a-f4e28be0cc7f', 'dabf1968-a4f3-478c-9d6a-f4e28be0cc7f', 'dabf1968-a4f3-478c-9d6a-f4e28be0cc7f', 'dabf1968-a4f3-478c-9d6a-f4e28be0cc7f', '0dd675c1-8347-4cf1-beaf-663534509658']"
7ca6eace-2cb1-4dcb-bb19-d5068a2d8bf6,0,"['c6b8f889-cfe4-45d4-aa9f-633eedbc93b7', 'c6b8f889-cfe4-45d4-aa9f-633eedbc93b7', 'c6b8f889-cfe4-45d4-aa9f-633eedbc93b7', 'c6b8f889-cfe4-45d4-aa9f-633eedbc93b7', 'c6b8f889-cfe4-45d4-aa9f-633eedbc93b7', 'c6b8f889-cfe4-45d4-aa9f-633eedbc93b7', 'c6b8f889-cfe4-45d4-aa9f-633eedbc93b7', 'c6b8f889-cfe4-45d4-aa9f-633eedbc93b7', 'c6b8f889-cfe4-45d4-aa9f-633eedbc93b7', 'c6b8f889-cfe4-45d4-aa9f-633eedbc93b7']"
135a87a8-83e9-4f4f-9ada-5057c4e4100b,2,"['dabf1968-a4f3-478c-9d6a-f4e28be0cc7f', 'dabf1968-a4f3-478c-9d6a-f4e28be0cc7f', 'dabf1968-a4f3-478c-9d6a-f4e28be0cc7f', 'dabf1968-a4f3-478c-9d6a-f4e28be0cc7f', 'dabf1968-a4f3-478c-9d6a-f4e28be0cc7f', 'dabf1968-a4f3-478c-9d6a-f4e28be0cc7f', 'dabf1968-a4f3-478c-9d6a-f4e28be0cc7f', 'dabf1968-a4f3-478c-9d6a-f4e28be0cc7f', 'dabf1968-a4f3-478c-9d6a-f4e28be0cc7f', '0dd675c1-8347-4cf1-beaf-663534509658']"
bf0349e9-e98d-4dfa-9512-3ee08fd8bcb9,3,"['0bd77dbb-55d8-4131-b096-abe8f48005d0', '0bd77dbb-55d8-4131-b096-abe8f48005d0', '0bd77dbb-55d8-4131-b096-abe8f48005d0', '0bd77dbb-55d8-4131-b096-abe8f48005d0', '0bd77dbb-55d8-4131-b096-abe8f48005d0', '0bd77dbb-55d8-4131-b096-abe8f48005d0', '14f59c4d-7eb6-4d7d-a1a3-7c2ab3cd28dc', 'ab025a26-9339-4a6e-851c-23eb5d81bfae', '90c5a047-38e6-44e7-90d5-a7a9d5833949', 'e83c844c-56ac-42ff-9152-ceeaa10d6dc9']"
64c5a991-8f09-4cd0-84ed-824d354f857f,1,"['4167fd21-9981-4956-bcbd-c0c8f6bad043', '4167fd21-9981-4956-bcbd-c0c8f6bad043', '4167fd21-9981-4956-bcbd-c0c8f6bad043', '4167fd21-9981-4956-bcbd-c0c8f6bad043', '4167fd21-9981-4956-bcbd-c0c8f6bad043', '4167fd21-9981-4956-bcbd-c0c8f6bad043', '66c94cd1-fdd7-45f3-be01-26bbae5cdb22', '397712ba-6050-41b9-87d0-8122f25f673c', 'a08d6901-0894-43ad-8768-a1d64392b3fb', '137ee409-a2be-4c20-916f-19fa24f5cd55']"
857c3ef0-ad6c-41f8-9fbd-c0213396fb51,0,"['5bb6df88-8d58-411a-9ef8-d163395eddd4', '5bb6df88-8d58-411a-9ef8-d163395eddd4', '5bb6df88-8d58-411a-9ef8-d163395eddd4', '5bb6df88-8d58-411a-9ef8-d163395eddd4', '5bb6df88-8d58-411a-9ef8-d163395eddd4', '5bb6df88-8d58-411a-9ef8-d163395eddd4', '5bb6df88-8d58-411a-9ef8-d163395eddd4', '5bb6df88-8d58-411a-9ef8-d163395eddd4', '5bb6df88-8d58-411a-9ef8-d163395eddd4', '5bb6df88-8d58-411a-9ef8-d163395eddd4']"
135a87a8-83e9-4f4f-9ada-5057c4e4100b,3,"['dabf1968-a4f3-478c-9d6a-f4e28be0cc7f', 'dabf1968-a4f3-478c-9d6a-f4e28be0cc7f', 'dabf1968-a4f3-478c-9d6a-f4e28be0cc7f', 'dabf1968-a4f3-478c-9d6a-f4e28be0cc7f', 'dabf1968-a4f3-478c-9d6a-f4e28be0cc7f', 'dabf1968-a4f3-478c-9d6a-f4e28be0cc7f', 'dabf1968-a4f3-478c-9d6a-f4e28be0cc7f', 'dabf1968-a4f3-478c-9d6a-f4e28be0cc7f', '0dd675c1-8347-4cf1-beaf-663534509658', 'c9c027ae-0fdd-445d-ae7f-01395fa1d94b']"
64c5a991-8f09-4cd0-84ed-824d354f857f,2,"['4167fd21-9981-4956-bcbd-c0c8f6bad043', '4167fd21-9981-4956-bcbd-c0c8f6bad043', '4167fd21-9981-4956-bcbd-c0c8f6bad043', '4167fd21-9981-4956-bcbd-c0c8f6bad043', '4167fd21-9981-4956-bcbd-c0c8f6bad043', '66c94cd1-fdd7-45f3-be01-26bbae5cdb22', '397712ba-6050-41b9-87d0-8122f25f673c', 'a08d6901-0894-43ad-8768-a1d64392b3fb', '137ee409-a2be-4c20-916f-19fa24f5cd55', '16212cce-1c11-4675-a284-ce517c775f83']"
7ca6eace-2cb1-4dcb-bb19-d5068a2d8bf6,1,"['c6b8f889-cfe4-45d4-aa9f-633eedbc93b7', 'c6b8f889-cfe4-45d4-aa9f-633eedbc93b7', 'c6b8f889-cfe4-45d4-aa9f-633eedbc93b7', 'c6b8f889-cfe4-45d4-aa9f-633eedbc93b7', 'c6b8f889-cfe4-45d4-aa9f-633eedbc93b7', 'c6b8f889-cfe4-45d4-aa9f-633eedbc93b7', 'c6b8f889-cfe4-45d4-aa9f-633eedbc93b7', 'c6b8f889-cfe4-45d4-aa9f-633eedbc93b7', '54b5fcfc-3a20-476d-bea3-0d5e8a57251b', '79c29edb-aae4-44c1-b4e6-f41ed61be318']"
857c3ef0-ad6c-41f8-9fbd-c0213396fb51,1,"['5bb6df88-8d58-411a-9ef8-d163395eddd4', '5bb6df88-8d58-411a-9ef8-d163395eddd4', '5bb6df88-8d58-411a-9ef8-d163395eddd4', '5bb6df88-8d58-411a-9ef8-d163395eddd4', '5bb6df88-8d58-411a-9ef8-d163395eddd4', '5bb6df88-8d58-411a-9ef8-d163395eddd4', '5bb6df88-8d58-411a-9ef8-d163395eddd4', '5bb6df88-8d58-411a-9ef8-d163395eddd4', '5bb6df88-8d58-411a-9ef8-d163395eddd4', 'b9b681c2-2682-4147-b15d-5aecc1c76a45']"
135a87a8-83e9-4f4f-9ada-5057c4e4100b,4,"['dabf1968-a4f3-478c-9d6a-f4e28be0cc7f', 'dabf1968-a4f3-478c-9d6a-f4e28be0cc7f', 'dabf1968-a4f3-478c-9d6a-f4e28be0cc7f', 'dabf1968-a4f3-478c-9d6a-f4e28be0cc7f', 'dabf1968-a4f3-478c-9d6a-f4e28be0cc7f', 'dabf1968-a4f3-478c-9d6a-f4e28be0cc7f', 'dabf1968-a4f3-478c-9d6a-f4e28be0cc7f', '0dd675c1-8347-4cf1-beaf-663534509658', 'c9c027ae-0fdd-445d-ae7f-01395fa1d94b', '234c3d24-7803-4501-80ca-abbfb71f0755']"
bf0349e9-e98d-4dfa-9512-3ee08fd8bcb9,4,"['0bd77dbb-55d8-4131-b096-abe8f48005d0', '0bd77dbb-55d8-4131-b096-abe8f48005d0', '0bd77dbb-55d8-4131-b096-abe8f48005d0', '14f59c4d-7eb6-4d7d-a1a3-7c2ab3cd28dc', '90c5a047-38e6-44e7-90d5-a7a9d5833949', 'e83c844c-56ac-42ff-9152-ceeaa10d6dc9', '9ef77f60-79b4-4515-a5c4-961cf45f1315', '7189f839-eaec-4cfc-b427-94b3cdae4363', '41bae71d-40ac-4443-864e-3423009d24c0', 'dba70423-b34c-4776-b63d-b1cc9dfd620a']"
857c3ef0-ad6c-41f8-9fbd-c0213396fb51,2,"['5bb6df88-8d58-411a-9ef8-d163395eddd4', '5bb6df88-8d58-411a-9ef8-d163395eddd4', '5bb6df88-8d58-411a-9ef8-d163395eddd4', '5bb6df88-8d58-411a-9ef8-d163395eddd4', '5bb6df88-8d58-411a-9ef8-d163395eddd4', '5bb6df88-8d58-411a-9ef8-d163395eddd4', '5bb6df88-8d58-411a-9ef8-d163395eddd4', '5bb6df88-8d58-411a-9ef8-d163395eddd4', 'b9b681c2-2682-4147-b15d-5aecc1c76a45', 'c6c33108-572a-4216-8753-2a6976a85353']"
135a87a8-83e9-4f4f-9ada-5057c4e4100b,5,"['dabf1968-a4f3-478c-9d6a-f4e28be0cc7f', 'dabf1968-a4f3-478c-9d6a-f4e28be0cc7f', 'dabf1968-a4f3-478c-9d6a-f4e28be0cc7f', 'dabf1968-a4f3-478c-9d6a-f4e28be0cc7f', 'dabf1968-a4f3-478c-9d6a-f4e28be0cc7f', 'dabf1968-a4f3-478c-9d6a-f4e28be0cc7f', 'c9c027ae-0fdd-445d-ae7f-01395fa1d94b', '234c3d24-7803-4501-80ca-abbfb71f0755', 'e225ecd9-bbb4-4413-89c1-fa778d48a925', 'db716fa5-cec2-474a-a0fd-51e7c57c7ee5']"
bf0349e9-e98d-4dfa-9512-3ee08fd8bcb9,5,"['0bd77dbb-55d8-4131-b096-abe8f48005d0', '0bd77dbb-55d8-4131-b096-abe8f48005d0', '0bd77dbb-55d8-4131-b096-abe8f48005d0', '0bd77dbb-55d8-4131-b096-abe8f48005d0', '0bd77dbb-55d8-4131-b096-abe8f48005d0', '0bd77dbb-55d8-4131-b096-abe8f48005d0', '0bd77dbb-55d8-4131-b096-abe8f48005d0', '0bd77dbb-55d8-4131-b096-abe8f48005d0', '78286d3a-ba7e-48db-84ac-0846e140c267', 'ffb900c9-1706-4021-940c-51849779b971']"
64c5a991-8f09-4cd0-84ed-824d354f857f,3,"['4167fd21-9981-4956-bcbd-c0c8f6bad043', '4167fd21-9981-4956-bcbd-c0c8f6bad043', '4167fd21-9981-4956-bcbd-c0c8f6bad043', '4167fd21-9981-4956-bcbd-c0c8f6bad043', '4167fd21-9981-4956-bcbd-c0c8f6bad043', '66c94cd1-fdd7-45f3-be01-26bbae5cdb22', '15b2bc18-b4c2-4e9b-8cc3-a7dff06612e3', 'e8ff6b19-be69-4acd-b06b-18b630e7574a', '17253485-7a9b-45c4-9aba-36319cbb806e', 'df665a5d-918d-49d8-acaa-842ba40746f9']"
135a87a8-83e9-4f4f-9ada-5057c4e4100b,6,"['dabf1968-a4f3-478c-9d6a-f4e28be0cc7f', 'dabf1968-a4f3-478c-9d6a-f4e28be0cc7f', 'dabf1968-a4f3-478c-9d6a-f4e28be0cc7f', 'dabf1968-a4f3-478c-9d6a-f4e28be0cc7f', 'dabf1968-a4f3-478c-9d6a-f4e28be0cc7f', 'dabf1968-a4f3-478c-9d6a-f4e28be0cc7f', 'c9c027ae-0fdd-445d-ae7f-01395fa1d94b', '234c3d24-7803-4501-80ca-abbfb71f0755', 'db716fa5-cec2-474a-a0fd-51e7c57c7ee5', '8d4241ed-201a-4e2a-b6f2-328253d1a315']"
bf0349e9-e98d-4dfa-9512-3ee08fd8bcb9,6,"['0bd77dbb-55d8-4131-b096-abe8f48005d0', '0bd77dbb-55d8-4131-b096-abe8f48005d0', '0bd77dbb-55d8-4131-b096-abe8f48005d0', '0bd77dbb-55d8-4131-b096-abe8f48005d0', '0bd77dbb-55d8-4131-b096-abe8f48005d0', '0bd77dbb-55d8-4131-b096-abe8f48005d0', '0bd77dbb-55d8-4131-b096-abe8f48005d0', '78286d3a-ba7e-48db-84ac-0846e140c267', 'ffb900c9-1706-4021-940c-51849779b971', 'e938954d-d115-45e5-8ba3-7aef18cd4bdd']"
64c5a991-8f09-4cd0-84ed-824d354f857f,4,"['4167fd21-9981-4956-bcbd-c0c8f6bad043', '4167fd21-9981-4956-bcbd-c0c8f6bad043', '4167fd21-9981-4956-bcbd-c0c8f6bad043', '4167fd21-9981-4956-bcbd-c0c8f6bad043', '4167fd21-9981-4956-bcbd-c0c8f6bad043', '15b2bc18-b4c2-4e9b-8cc3-a7dff06612e3', '17253485-7a9b-45c4-9aba-36319cbb806e', 'df665a5d-918d-49d8-acaa-842ba40746f9', '9efbf167-e5f1-49a1-a42d-ac8fa5706fbe', '88917620-575d-44c3-a084-2876ad877603']"
7ca6eace-2cb1-4dcb-bb19-d5068a2d8bf6,2,"['c6b8f889-cfe4-45d4-aa9f-633eedbc93b7', 'c6b8f889-cfe4-45d4-aa9f-633eedbc93b7', '54b5fcfc-3a20-476d-bea3-0d5e8a57251b', '54b5fcfc-3a20-476d-bea3-0d5e8a57251b', '54b5fcfc-3a20-476d-bea3-0d5e8a57251b', '4d91c2e4-9dc8-49fc-bbfe-918166dbad20', '02b77bf1-c75f-4bca-891c-7044efdc9809', 'd92e7e8a-e29c-4d7e-b897-e4e4fec539c3', '826767d0-39f7-4f7e-b018-d59032617870', '3e6af4a0-d2c8-4e6b-8005-592761d34e04']"
857c3ef0-ad6c-41f8-9fbd-c0213396fb51,3,"['c6c33108-572a-4216-8753-2a6976a85353', 'c6c33108-572a-4216-8753-2a6976a85353', 'c6c33108-572a-4216-8753-2a6976a85353', 'c6c33108-572a-4216-8753-2a6976a85353', 'c6c33108-572a-4216-8753-2a6976a85353', 'c6c33108-572a-4216-8753-2a6976a85353', 'a73a1175-d904-4b5c-80e6-f5ca8e51fda0', 'fb77b174-8ec0-40a9-b034-941751d4f80c', '6a86a55b-3494-4a7a-966f-ae35273c0f87', 'e4d9edf2-d5f2-4429-96d3-a00a8305b2e8']"
7ca6eace-2cb1-4dcb-bb19-d5068a2d8bf6,3,"['54b5fcfc-3a20-476d-bea3-0d5e8a57251b', '54b5fcfc-3a20-476d-bea3-0d5e8a57251b', '54b5fcfc-3a20-476d-bea3-0d5e8a57251b', '54b5fcfc-3a20-476d-bea3-0d5e8a57251b', '54b5fcfc-3a20-476d-bea3-0d5e8a57251b', '54b5fcfc-3a20-476d-bea3-0d5e8a57251b', '54b5fcfc-3a20-476d-bea3-0d5e8a57251b', '54b5fcfc-3a20-476d-bea3-0d5e8a57251b', '54b5fcfc-3a20-476d-bea3-0d5e8a57251b', '54b5fcfc-3a20-476d-bea3-0d5e8a57251b']"
64c5a991-8f09-4cd0-84ed-824d354f857f,5,"['4167fd21-9981-4956-bcbd-c0c8f6bad043', '4167fd21-9981-4956-bcbd-c0c8f6bad043', '4167fd21-9981-4956-bcbd-c0c8f6bad043', '4167fd21-9981-4956-bcbd-c0c8f6bad043', '4167fd21-9981-4956-bcbd-c0c8f6bad043', '4167fd21-9981-4956-bcbd-c0c8f6bad043', '4167fd21-9981-4956-bcbd-c0c8f6bad043', '4167fd21-9981-4956-bcbd-c0c8f6bad043', '4167fd21-9981-4956-bcbd-c0c8f6bad043', '95c55f06-92b0-473b-ba45-317adf384a1a']"
135a87a8-83e9-4f4f-9ada-5057c4e4100b,7,"['dabf1968-a4f3-478c-9d6a-f4e28be0cc7f', 'dabf1968-a4f3-478c-9d6a-f4e28be0cc7f', 'dabf1968-a4f3-478c-9d6a-f4e28be0cc7f', 'dabf1968-a4f3-478c-9d6a-f4e28be0cc7f', 'dabf1968-a4f3-478c-9d6a-f4e28be0cc7f', 'c9c027ae-0fdd-445d-ae7f-01395fa1d94b', '8d4241ed-201a-4e2a-b6f2-328253d1a315', '21329d8e-d261-47ef-b8c5-0f20b06d1782', 'e1a6bf39-fa78-4fc0-b71e-8b5205a5a471', 'a3a3e43b-c6a6-4dcb-b92c-7aad97434172']"
bf0349e9-e98d-4dfa-9512-3ee08fd8bcb9,7,"['0bd77dbb-55d8-4131-b096-abe8f48005d0', '0bd77dbb-55d8-4131-b096-abe8f48005d0', '0bd77dbb-55d8-4131-b096-abe8f48005d0', '0bd77dbb-55d8-4131-b096-abe8f48005d0', '0bd77dbb-55d8-4131-b096-abe8f48005d0', 'e938954d-d115-45e5-8ba3-7aef18cd4bdd', '2f7275f3-b978-4925-a5c1-4bc8724b7d02', 'e37fe009-1c49-4408-8747-3b889a41c0b9', 'a484e378-95e2-4c1a-be6a-45106c281508', 'd8243b07-12a3-4eae-9865-5c35cf697c4d']"
857c3ef0-ad6c-41f8-9fbd-c0213396fb51,4,"['c6c33108-572a-4216-8753-2a6976a85353', 'c6c33108-572a-4216-8753-2a6976a85353', 'c6c33108-572a-4216-8753-2a6976a85353', 'c6c33108-572a-4216-8753-2a6976a85353', 'c6c33108-572a-4216-8753-2a6976a85353', 'a73a1175-d904-4b5c-80e6-f5ca8e51fda0', 'fb77b174-8ec0-40a9-b034-941751d4f80c', '6a86a55b-3494-4a7a-966f-ae35273c0f87', '1ffc3619-29f1-49da-a0a6-481b92b64891', '3f48b796-09ff-4342-8313-3136ed551651']"
7ca6eace-2cb1-4dcb-bb19-d5068a2d8bf6,4,"['54b5fcfc-3a20-476d-bea3-0d5e8a57251b', '54b5fcfc-3a20-476d-bea3-0d5e8a57251b', '54b5fcfc-3a20-476d-bea3-0d5e8a57251b', '54b5fcfc-3a20-476d-bea3-0d5e8a57251b', '54b5fcfc-3a20-476d-bea3-0d5e8a57251b', '54b5fcfc-3a20-476d-bea3-0d5e8a57251b', '54b5fcfc-3a20-476d-bea3-0d5e8a57251b', '54b5fcfc-3a20-476d-bea3-0d5e8a57251b', '54b5fcfc-3a20-476d-bea3-0d5e8a57251b', '5237ff86-0ef5-4a04-b199-1f878fed2b8f']"
135a87a8-83e9-4f4f-9ada-5057c4e4100b,8,"['dabf1968-a4f3-478c-9d6a-f4e28be0cc7f', 'dabf1968-a4f3-478c-9d6a-f4e28be0cc7f', 'dabf1968-a4f3-478c-9d6a-f4e28be0cc7f', 'dabf1968-a4f3-478c-9d6a-f4e28be0cc7f', 'c9c027ae-0fdd-445d-ae7f-01395fa1d94b', '21329d8e-d261-47ef-b8c5-0f20b06d1782', 'a3a3e43b-c6a6-4dcb-b92c-7aad97434172', '287b7f44-779f-4b7e-8a67-4ce1c708a10f', 'f961276b-e445-4954-b2f5-bb20c4b6a626', 'e29e3910-8f35-4476-b14c-0fc350fe6be6']"
64c5a991-8f09-4cd0-84ed-824d354f857f,6,"['4167fd21-9981-4956-bcbd-c0c8f6bad043', '4167fd21-9981-4956-bcbd-c0c8f6bad043', '4167fd21-9981-4956-bcbd-c0c8f6bad043', '4167fd21-9981-4956-bcbd-c0c8f6bad043', '4167fd21-9981-4956-bcbd-c0c8f6bad043', '4167fd21-9981-4956-bcbd-c0c8f6bad043', '95c55f06-92b0-473b-ba45-317adf384a1a', 'c4532608-dfce-4cb2-92ba-652dd968c1cc', '8604408c-98b3-4b0b-95cc-61c1e47c3d6d', 'c60fd552-5768-4578-aea6-29f33080473d']"
bf0349e9-e98d-4dfa-9512-3ee08fd8bcb9,8,"['0bd77dbb-55d8-4131-b096-abe8f48005d0', '0bd77dbb-55d8-4131-b096-abe8f48005d0', '0bd77dbb-55d8-4131-b096-abe8f48005d0', 'e938954d-d115-45e5-8ba3-7aef18cd4bdd', '2f7275f3-b978-4925-a5c1-4bc8724b7d02', 'e37fe009-1c49-4408-8747-3b889a41c0b9', 'a484e378-95e2-4c1a-be6a-45106c281508', 'd8243b07-12a3-4eae-9865-5c35cf697c4d', 'f22bef60-9d69-4f8b-b8d1-4de14ab391ee', '227aafc9-74e4-4fa0-9840-29010deabc00']"
bf0349e9-e98d-4dfa-9512-3ee08fd8bcb9,9,"['0bd77dbb-55d8-4131-b096-abe8f48005d0', '0bd77dbb-55d8-4131-b096-abe8f48005d0', '0bd77dbb-55d8-4131-b096-abe8f48005d0', '0bd77dbb-55d8-4131-b096-abe8f48005d0', '0bd77dbb-55d8-4131-b096-abe8f48005d0', '0bd77dbb-55d8-4131-b096-abe8f48005d0', '0bd77dbb-55d8-4131-b096-abe8f48005d0', '0bd77dbb-55d8-4131-b096-abe8f48005d0', '0bd77dbb-55d8-4131-b096-abe8f48005d0', '0bd77dbb-55d8-4131-b096-abe8f48005d0']"
7ca6eace-2cb1-4dcb-bb19-d5068a2d8bf6,5,"['54b5fcfc-3a20-476d-bea3-0d5e8a57251b', '54b5fcfc-3a20-476d-bea3-0d5e8a57251b', '54b5fcfc-3a20-476d-bea3-0d5e8a57251b', '54b5fcfc-3a20-476d-bea3-0d5e8a57251b', '54b5fcfc-3a20-476d-bea3-0d5e8a57251b', '54b5fcfc-3a20-476d-bea3-0d5e8a57251b', '54b5fcfc-3a20-476d-bea3-0d5e8a57251b', '5237ff86-0ef5-4a04-b199-1f878fed2b8f', '953c915d-4bf1-4b71-89b7-0891da7ebc74', 'bde4bab5-7199-4efd-afd6-b86acbc7163b']"
7ca6eace-2cb1-4dcb-bb19-d5068a2d8bf6,6,"['54b5fcfc-3a20-476d-bea3-0d5e8a57251b', '54b5fcfc-3a20-476d-bea3-0d5e8a57251b', '54b5fcfc-3a20-476d-bea3-0d5e8a57251b', '54b5fcfc-3a20-476d-bea3-0d5e8a57251b', '54b5fcfc-3a20-476d-bea3-0d5e8a57251b', '54b5fcfc-3a20-476d-bea3-0d5e8a57251b', '54b5fcfc-3a20-476d-bea3-0d5e8a57251b', '5237ff86-0ef5-4a04-b199-1f878fed2b8f', '953c915d-4bf1-4b71-89b7-0891da7ebc74', 'bde4bab5-7199-4efd-afd6-b86acbc7163b']"
135a87a8-83e9-4f4f-9ada-5057c4e4100b,9,"['dabf1968-a4f3-478c-9d6a-f4e28be0cc7f', 'dabf1968-a4f3-478c-9d6a-f4e28be0cc7f', 'dabf1968-a4f3-478c-9d6a-f4e28be0cc7f', 'dabf1968-a4f3-478c-9d6a-f4e28be0cc7f', 'dabf1968-a4f3-478c-9d6a-f4e28be0cc7f', 'dabf1968-a4f3-478c-9d6a-f4e28be0cc7f', 'dabf1968-a4f3-478c-9d6a-f4e28be0cc7f', 'dabf1968-a4f3-478c-9d6a-f4e28be0cc7f', '20b905a9-dbe6-48b0-a908-83ce6973790b', '53f2d45f-dbc1-498d-a78b-526306948bb8']"
bf0349e9-e98d-4dfa-9512-3ee08fd8bcb9,10,"['0bd77dbb-55d8-4131-b096-abe8f48005d0', '0bd77dbb-55d8-4131-b096-abe8f48005d0', '0bd77dbb-55d8-4131-b096-abe8f48005d0', '0bd77dbb-55d8-4131-b096-abe8f48005d0', '0bd77dbb-55d8-4131-b096-abe8f48005d0', '0bd77dbb-55d8-4131-b096-abe8f48005d0', '0bd77dbb-55d8-4131-b096-abe8f48005d0', '0bd77dbb-55d8-4131-b096-abe8f48005d0', '0bd77dbb-55d8-4131-b096-abe8f48005d0', '6d0cbba7-c6e9-4301-acf3-c948e2d83701']"
857c3ef0-ad6c-41f8-9fbd-c0213396fb51,5,"['c6c33108-572a-4216-8753-2a6976a85353', 'c6c33108-572a-4216-8753-2a6976a85353', 'c6c33108-572a-4216-8753-2a6976a85353', 'c6c33108-572a-4216-8753-2a6976a85353', 'a73a1175-d904-4b5c-80e6-f5ca8e51fda0', '1ffc3619-29f1-49da-a0a6-481b92b64891', '3f48b796-09ff-4342-8313-3136ed551651', '32c828e0-7724-46c2-834a-522b12d60acb', '353262c3-b269-4356-a74e-3fbfa276e548', 'f56e2f5b-3170-4696-aa3d-a84867086db9']"
64c5a991-8f09-4cd0-84ed-824d354f857f,7,"['4167fd21-9981-4956-bcbd-c0c8f6bad043', '4167fd21-9981-4956-bcbd-c0c8f6bad043', '4167fd21-9981-4956-bcbd-c0c8f6bad043', '4167fd21-9981-4956-bcbd-c0c8f6bad043', '4167fd21-9981-4956-bcbd-c0c8f6bad043', '95c55f06-92b0-473b-ba45-317adf384a1a', 'c60fd552-5768-4578-aea6-29f33080473d', '65e64f55-daac-4822-80f1-1e138245aea3', '817a0b56-7e20-4afc-86ff-34c63db2dd80', 'd229242f-1a18-40e1-bf8e-91e1ba4f6dd4']"
135a87a8-83e9-4f4f-9ada-5057c4e4100b,10,"['dabf1968-a4f3-478c-9d6a-f4e28be0cc7f', 'dabf1968-a4f3-478c-9d6a-f4e28be0cc7f', 'dabf1968-a4f3-478c-9d6a-f4e28be0cc7f', 'dabf1968-a4f3-478c-9d6a-f4e28be0cc7f', 'dabf1968-a4f3-478c-9d6a-f4e28be0cc7f', 'dabf1968-a4f3-478c-9d6a-f4e28be0cc7f', '20b905a9-dbe6-48b0-a908-83ce6973790b', '53f2d45f-dbc1-498d-a78b-526306948bb8', 'fe2f7c49-817c-498d-adb5-0a6caf1ff9f1', '24860f02-3d7f-43ab-a473-b85c7b9bdfa8']"
7ca6eace-2cb1-4dcb-bb19-d5068a2d8bf6,7,"['54b5fcfc-3a20-476d-bea3-0d5e8a57251b', '54b5fcfc-3a20-476d-bea3-0d5e8a57251b', '54b5fcfc-3a20-476d-bea3-0d5e8a57251b', '54b5fcfc-3a20-476d-bea3-0d5e8a57251b', '54b5fcfc-3a20-476d-bea3-0d5e8a57251b', '54b5fcfc-3a20-476d-bea3-0d5e8a57251b', '5237ff86-0ef5-4a04-b199-1f878fed2b8f', '953c915d-4bf1-4b71-89b7-0891da7ebc74', 'bde4bab5-7199-4efd-afd6-b86acbc7163b', '42515ba3-f780-4e61-b098-6b76690be26b']"
7ca6eace-2cb1-4dcb-bb19-d5068a2d8bf6,8,"['54b5fcfc-3a20-476d-bea3-0d5e8a57251b', '54b5fcfc-3a20-476d-bea3-0d5e8a57251b', '54b5fcfc-3a20-476d-bea3-0d5e8a57251b', '54b5fcfc-3a20-476d-bea3-0d5e8a57251b', '54b5fcfc-3a20-476d-bea3-0d5e8a57251b', '54b5fcfc-3a20-476d-bea3-0d5e8a57251b', '5237ff86-0ef5-4a04-b199-1f878fed2b8f', '953c915d-4bf1-4b71-89b7-0891da7ebc74', 'bde4bab5-7199-4efd-afd6-b86acbc7163b', '42515ba3-f780-4e61-b098-6b76690be26b']"
135a87a8-83e9-4f4f-9ada-5057c4e4100b,11,"['dabf1968-a4f3-478c-9d6a-f4e28be0cc7f', 'dabf1968-a4f3-478c-9d6a-f4e28be0cc7f', 'dabf1968-a4f3-478c-9d6a-f4e28be0cc7f', 'dabf1968-a4f3-478c-9d6a-f4e28be0cc7f', 'dabf1968-a4f3-478c-9d6a-f4e28be0cc7f', '20b905a9-dbe6-48b0-a908-83ce6973790b', '53f2d45f-dbc1-498d-a78b-526306948bb8', 'fe2f7c49-817c-498d-adb5-0a6caf1ff9f1', '24860f02-3d7f-43ab-a473-b85c7b9bdfa8', 'c74321cf-715f-43d1-b3af-c75f2b0519a0']"
bf0349e9-e98d-4dfa-9512-3ee08fd8bcb9,11,"['0bd77dbb-55d8-4131-b096-abe8f48005d0', '0bd77dbb-55d8-4131-b096-abe8f48005d0', '0bd77dbb-55d8-4131-b096-abe8f48005d0', '0bd77dbb-55d8-4131-b096-abe8f48005d0', '0bd77dbb-55d8-4131-b096-abe8f48005d0', '0bd77dbb-55d8-4131-b096-abe8f48005d0', '6d0cbba7-c6e9-4301-acf3-c948e2d83701', '6aa5f135-e328-4b9b-bf0a-48770c6236f4', 'd7db6023-cc5f-474f-b250-da35cfebd711', 'f5076d9d-4c91-49e0-a111-0e0e348dbe86']"
857c3ef0-ad6c-41f8-9fbd-c0213396fb51,6,"['c6c33108-572a-4216-8753-2a6976a85353', 'c6c33108-572a-4216-8753-2a6976a85353', 'c6c33108-572a-4216-8753-2a6976a85353', 'c6c33108-572a-4216-8753-2a6976a85353', 'c6c33108-572a-4216-8753-2a6976a85353', 'c6c33108-572a-4216-8753-2a6976a85353', 'c6c33108-572a-4216-8753-2a6976a85353', 'fef90703-0cb2-4ef9-8326-d4078a1eddb0', '1ef0ddc1-c1c3-47c5-988f-9aedd36f0ea7', '1ca69fd9-faaf-4909-9f05-ec59e238bda2']"
7ca6eace-2cb1-4dcb-bb19-d5068a2d8bf6,9,"['54b5fcfc-3a20-476d-bea3-0d5e8a57251b', '54b5fcfc-3a20-476d-bea3-0d5e8a57251b', '54b5fcfc-3a20-476d-bea3-0d5e8a57251b', '54b5fcfc-3a20-476d-bea3-0d5e8a57251b', '54b5fcfc-3a20-476d-bea3-0d5e8a57251b', '54b5fcfc-3a20-476d-bea3-0d5e8a57251b', '5237ff86-0ef5-4a04-b199-1f878fed2b8f', '953c915d-4bf1-4b71-89b7-0891da7ebc74', '42515ba3-f780-4e61-b098-6b76690be26b', '8ae06fbe-b0f4-4ef2-892d-75bbeb651b77']"
64c5a991-8f09-4cd0-84ed-824d354f857f,8,"['4167fd21-9981-4956-bcbd-c0c8f6bad043', '4167fd21-9981-4956-bcbd-c0c8f6bad043', '4167fd21-9981-4956-bcbd-c0c8f6bad043', '4167fd21-9981-4956-bcbd-c0c8f6bad043', '4167fd21-9981-4956-bcbd-c0c8f6bad043', '4167fd21-9981-4956-bcbd-c0c8f6bad043', '15239bb1-f425-4ca6-a66f-3096fb9ed086', '825b54d5-ec86-4af4-a747-1b362a589c28', 'bb3ee268-7daf-4394-9899-a93e9e5ef296', '8b8c4cb9-4b46-43e4-8603-ca1330ebece8']"
bf0349e9-e98d-4dfa-9512-3ee08fd8bcb9,12,"['0bd77dbb-55d8-4131-b096-abe8f48005d0', '0bd77dbb-55d8-4131-b096-abe8f48005d0', '0bd77dbb-55d8-4131-b096-abe8f48005d0', '0bd77dbb-55d8-4131-b096-abe8f48005d0', '0bd77dbb-55d8-4131-b096-abe8f48005d0', '0bd77dbb-55d8-4131-b096-abe8f48005d0', '6d0cbba7-c6e9-4301-acf3-c948e2d83701', '6aa5f135-e328-4b9b-bf0a-48770c6236f4', 'd7db6023-cc5f-474f-b250-da35cfebd711', 'aee8c146-228b-477d-b944-8cc17df03400']"
135a87a8-83e9-4f4f-9ada-5057c4e4100b,12,"['dabf1968-a4f3-478c-9d6a-f4e28be0cc7f', 'dabf1968-a4f3-478c-9d6a-f4e28be0cc7f', 'dabf1968-a4f3-478c-9d6a-f4e28be0cc7f', '20b905a9-dbe6-48b0-a908-83ce6973790b', '53f2d45f-dbc1-498d-a78b-526306948bb8', '24860f02-3d7f-43ab-a473-b85c7b9bdfa8', 'c74321cf-715f-43d1-b3af-c75f2b0519a0', 'da09e7a8-0b10-428d-93bc-10c722b85633', 'fba3457b-fe7f-47f8-a77e-77ceb3401674', '4e7af68c-ff75-430d-a029-5c4d982abf96']"
bf0349e9-e98d-4dfa-9512-3ee08fd8bcb9,13,"['0bd77dbb-55d8-4131-b096-abe8f48005d0', '0bd77dbb-55d8-4131-b096-abe8f48005d0', '0bd77dbb-55d8-4131-b096-abe8f48005d0', '0bd77dbb-55d8-4131-b096-abe8f48005d0', '6d0cbba7-c6e9-4301-acf3-c948e2d83701', 'd7db6023-cc5f-474f-b250-da35cfebd711', 'aee8c146-228b-477d-b944-8cc17df03400', '0e0b8745-2f9a-40dc-a74c-36ce15c6a032', 'c35d28a4-6c88-4642-b919-ff76ac96e854', '372957e3-b854-4cb7-b0d5-512ccacd30fa']"
64c5a991-8f09-4cd0-84ed-824d354f857f,9,"['4167fd21-9981-4956-bcbd-c0c8f6bad043', '4167fd21-9981-4956-bcbd-c0c8f6bad043', '4167fd21-9981-4956-bcbd-c0c8f6bad043', '4167fd21-9981-4956-bcbd-c0c8f6bad043', '15239bb1-f425-4ca6-a66f-3096fb9ed086', '825b54d5-ec86-4af4-a747-1b362a589c28', 'bb3ee268-7daf-4394-9899-a93e9e5ef296', 'd3ca8e70-1367-4fbe-a2a7-49b0225e2258', 'da5da23c-6269-4ea9-bab1-17797c6cad59', '5569c5a7-2d25-40a1-bcfe-3a96d43d0707']"
135a87a8-83e9-4f4f-9ada-5057c4e4100b,13,"['dabf1968-a4f3-478c-9d6a-f4e28be0cc7f', 'dabf1968-a4f3-478c-9d6a-f4e28be0cc7f', 'dabf1968-a4f3-478c-9d6a-f4e28be0cc7f', 'dabf1968-a4f3-478c-9d6a-f4e28be0cc7f', 'dabf1968-a4f3-478c-9d6a-f4e28be0cc7f', 'dabf1968-a4f3-478c-9d6a-f4e28be0cc7f', 'dabf1968-a4f3-478c-9d6a-f4e28be0cc7f', 'dabf1968-a4f3-478c-9d6a-f4e28be0cc7f', '6e574b46-3200-481c-90d3-012e35613df3', 'b90ca8b2-c485-41e9-b12f-6cd76bf9f5d2']"
857c3ef0-ad6c-41f8-9fbd-c0213396fb51,7,"['c6c33108-572a-4216-8753-2a6976a85353', 'c6c33108-572a-4216-8753-2a6976a85353', 'c6c33108-572a-4216-8753-2a6976a85353', 'c6c33108-572a-4216-8753-2a6976a85353', 'c6c33108-572a-4216-8753-2a6976a85353', 'fef90703-0cb2-4ef9-8326-d4078a1eddb0', '1ca69fd9-faaf-4909-9f05-ec59e238bda2', '7a946051-51e0-46d0-a343-8cc458e14b80', '17d04f6d-665d-4527-b550-63c8b3e76430', 'b15eb22e-d01f-4462-a089-4e358aa685cf']"
bf0349e9-e98d-4dfa-9512-3ee08fd8bcb9,14,"['0bd77dbb-55d8-4131-b096-abe8f48005d0', '0bd77dbb-55d8-4131-b096-abe8f48005d0', '0bd77dbb-55d8-4131-b096-abe8f48005d0', '0bd77dbb-55d8-4131-b096-abe8f48005d0', '0bd77dbb-55d8-4131-b096-abe8f48005d0', '0bd77dbb-55d8-4131-b096-abe8f48005d0', '0bd77dbb-55d8-4131-b096-abe8f48005d0', '0bd77dbb-55d8-4131-b096-abe8f48005d0', 'e341a25a-fd35-4d28-ae47-307973ef837f', '13a77d27-6286-4eb6-a987-2de6cb87587b']"
7ca6eace-2cb1-4dcb-bb19-d5068a2d8bf6,10,"['54b5fcfc-3a20-476d-bea3-0d5e8a57251b', '54b5fcfc-3a20-476d-bea3-0d5e8a57251b', '54b5fcfc-3a20-476d-bea3-0d5e8a57251b', '54b5fcfc-3a20-476d-bea3-0d5e8a57251b', '953c915d-4bf1-4b71-89b7-0891da7ebc74', '8ae06fbe-b0f4-4ef2-892d-75bbeb651b77', '6ae35221-f2cc-46de-a548-eb999a3240c3', 'c6646d54-0b20-4c60-a8b9-0bb9bbd7f289', '3fdd1e51-872d-406f-9614-9b4e19229eb0', '93650319-1736-42b6-90e8-25e9b4ada37c']"
135a87a8-83e9-4f4f-9ada-5057c4e4100b,14,"['dabf1968-a4f3-478c-9d6a-f4e28be0cc7f', 'dabf1968-a4f3-478c-9d6a-f4e28be0cc7f', 'dabf1968-a4f3-478c-9d6a-f4e28be0cc7f', 'dabf1968-a4f3-478c-9d6a-f4e28be0cc7f', 'dabf1968-a4f3-478c-9d6a-f4e28be0cc7f', 'dabf1968-a4f3-478c-9d6a-f4e28be0cc7f', 'dabf1968-a4f3-478c-9d6a-f4e28be0cc7f', 'dabf1968-a4f3-478c-9d6a-f4e28be0cc7f', 'b90ca8b2-c485-41e9-b12f-6cd76bf9f5d2', '48e15fb1-7d6d-4f61-9608-3593a5f09a3f']"
64c5a991-8f09-4cd0-84ed-824d354f857f,10,"['4167fd21-9981-4956-bcbd-c0c8f6bad043', '4167fd21-9981-4956-bcbd-c0c8f6bad043', '4167fd21-9981-4956-bcbd-c0c8f6bad043', '4167fd21-9981-4956-bcbd-c0c8f6bad043', '4167fd21-9981-4956-bcbd-c0c8f6bad043', '4167fd21-9981-4956-bcbd-c0c8f6bad043', '4167fd21-9981-4956-bcbd-c0c8f6bad043', '39658c9b-534e-42ff-904d-8018784beab3', '7ec23a15-02ed-4fb1-a2f8-16445ed1259b', 'f5a929cd-6fe6-4034-bc36-315f11dad4fc']"
857c3ef0-ad6c-41f8-9fbd-c0213396fb51,8,"['c6c33108-572a-4216-8753-2a6976a85353', 'c6c33108-572a-4216-8753-2a6976a85353', 'c6c33108-572a-4216-8753-2a6976a85353', 'c6c33108-572a-4216-8753-2a6976a85353', 'fef90703-0cb2-4ef9-8326-d4078a1eddb0', '1ca69fd9-faaf-4909-9f05-ec59e238bda2', '7a946051-51e0-46d0-a343-8cc458e14b80', 'c5cce378-ce70-438a-9c50-95142db5e18f', '48658afa-9373-4bbc-8332-583d93447526', '880406c6-3e74-4074-a125-a4f16835ee43']"
7ca6eace-2cb1-4dcb-bb19-d5068a2d8bf6,11,"['54b5fcfc-3a20-476d-bea3-0d5e8a57251b', '54b5fcfc-3a20-476d-bea3-0d5e8a57251b', '54b5fcfc-3a20-476d-bea3-0d5e8a57251b', '54b5fcfc-3a20-476d-bea3-0d5e8a57251b', '54b5fcfc-3a20-476d-bea3-0d5e8a57251b', '54b5fcfc-3a20-476d-bea3-0d5e8a57251b', '54b5fcfc-3a20-476d-bea3-0d5e8a57251b', '54b5fcfc-3a20-476d-bea3-0d5e8a57251b', '092fb230-3979-41a4-8682-076a75d7d70a', '3b0c1c0d-9393-411f-90c5-7cfdf8dd8018']"
bf0349e9-e98d-4dfa-9512-3ee08fd8bcb9,15,"['0bd77dbb-55d8-4131-b096-abe8f48005d0', '0bd77dbb-55d8-4131-b096-abe8f48005d0', '0bd77dbb-55d8-4131-b096-abe8f48005d0', '0bd77dbb-55d8-4131-b096-abe8f48005d0', '0bd77dbb-55d8-4131-b096-abe8f48005d0', '0bd77dbb-55d8-4131-b096-abe8f48005d0', 'e341a25a-fd35-4d28-ae47-307973ef837f', '0f20f286-4ac0-4348-8a1a-f14882d5a6c8', '87e96ace-5690-47c6-a297-6a22811e2d2e', '5c4871b3-ed4c-4810-b8ec-0d1f09a7d577']"
64c5a991-8f09-4cd0-84ed-824d354f857f,11,"['4167fd21-9981-4956-bcbd-c0c8f6bad043', '4167fd21-9981-4956-bcbd-c0c8f6bad043', '4167fd21-9981-4956-bcbd-c0c8f6bad043', '4167fd21-9981-4956-bcbd-c0c8f6bad043', '4167fd21-9981-4956-bcbd-c0c8f6bad043', '4167fd21-9981-4956-bcbd-c0c8f6bad043', '39658c9b-534e-42ff-904d-8018784beab3', '7ec23a15-02ed-4fb1-a2f8-16445ed1259b', 'f5a929cd-6fe6-4034-bc36-315f11dad4fc', '41ed6834-ab75-49c2-aa5f-c273b1d4a955']"
135a87a8-83e9-4f4f-9ada-5057c4e4100b,15,"['dabf1968-a4f3-478c-9d6a-f4e28be0cc7f', 'dabf1968-a4f3-478c-9d6a-f4e28be0cc7f', 'dabf1968-a4f3-478c-9d6a-f4e28be0cc7f', 'dabf1968-a4f3-478c-9d6a-f4e28be0cc7f', 'dabf1968-a4f3-478c-9d6a-f4e28be0cc7f', 'dabf1968-a4f3-478c-9d6a-f4e28be0cc7f', '8c8407e7-7aa8-454b-9da8-e9432f8d7acd', '6544864c-bf8f-4b91-81be-4d4535dcd3ce', 'be6d14b9-7435-472f-b87c-4d57f6a2a311', '4cc3cdef-047f-4d5d-a129-6d13d0284c40']"
64c5a991-8f09-4cd0-84ed-824d354f857f,12,"['4167fd21-9981-4956-bcbd-c0c8f6bad043', '4167fd21-9981-4956-bcbd-c0c8f6bad043', '4167fd21-9981-4956-bcbd-c0c8f6bad043', '4167fd21-9981-4956-bcbd-c0c8f6bad043', '4167fd21-9981-4956-bcbd-c0c8f6bad043', '7ec23a15-02ed-4fb1-a2f8-16445ed1259b', 'f5a929cd-6fe6-4034-bc36-315f11dad4fc', '41ed6834-ab75-49c2-aa5f-c273b1d4a955', '3677908b-54af-457f-817e-c89c23e22342', 'b41cb140-5ea2-469b-aa84-10a3fb756ba8']"
64c5a991-8f09-4cd0-84ed-824d354f857f,13,"['4167fd21-9981-4956-bcbd-c0c8f6bad043', '4167fd21-9981-4956-bcbd-c0c8f6bad043', '4167fd21-9981-4956-bcbd-c0c8f6bad043', '4167fd21-9981-4956-bcbd-c0c8f6bad043', '4167fd21-9981-4956-bcbd-c0c8f6bad043', '7ec23a15-02ed-4fb1-a2f8-16445ed1259b', 'f5a929cd-6fe6-4034-bc36-315f11dad4fc', '41ed6834-ab75-49c2-aa5f-c273b1d4a955', '3677908b-54af-457f-817e-c89c23e22342', 'b41cb140-5ea2-469b-aa84-10a3fb756ba8']"
135a87a8-83e9-4f4f-9ada-5057c4e4100b,16,"['8c8407e7-7aa8-454b-9da8-e9432f8d7acd', '6544864c-bf8f-4b91-81be-4d4535dcd3ce', '6544864c-bf8f-4b91-81be-4d4535dcd3ce', '6544864c-bf8f-4b91-81be-4d4535dcd3ce', '6544864c-bf8f-4b91-81be-4d4535dcd3ce', '6544864c-bf8f-4b91-81be-4d4535dcd3ce', '6544864c-bf8f-4b91-81be-4d4535dcd3ce', '6544864c-bf8f-4b91-81be-4d4535dcd3ce', '29a74f0c-07c1-4888-ae39-d0ac9a710834', '28ef37ce-000f-4faa-ba4c-b6d6063929c0']"
bf0349e9-e98d-4dfa-9512-3ee08fd8bcb9,16,"['0bd77dbb-55d8-4131-b096-abe8f48005d0', '0bd77dbb-55d8-4131-b096-abe8f48005d0', '0bd77dbb-55d8-4131-b096-abe8f48005d0', 'e341a25a-fd35-4d28-ae47-307973ef837f', '87e96ace-5690-47c6-a297-6a22811e2d2e', '5c4871b3-ed4c-4810-b8ec-0d1f09a7d577', '4970771a-6b9b-4d0c-8296-97849a309935', 'd9282947-b04e-4f2d-ac15-08d226c50d52', '1e47135d-48d2-4df3-a27f-858562297428', '22ff0fd0-a650-4129-8134-502d1e6daf51']"
857c3ef0-ad6c-41f8-9fbd-c0213396fb51,9,"['48658afa-9373-4bbc-8332-583d93447526', '48658afa-9373-4bbc-8332-583d93447526', '48658afa-9373-4bbc-8332-583d93447526', '48658afa-9373-4bbc-8332-583d93447526', '48658afa-9373-4bbc-8332-583d93447526', '48658afa-9373-4bbc-8332-583d93447526', '48658afa-9373-4bbc-8332-583d93447526', '8565d85d-a2a1-4289-9a34-7c7312878ed6', 'a801cfad-63d0-4cb0-b933-00a5791bb235', '995308ea-1cc7-40e3-b440-ed828e194d39']"
64c5a991-8f09-4cd0-84ed-824d354f857f,14,"['4167fd21-9981-4956-bcbd-c0c8f6bad043', '4167fd21-9981-4956-bcbd-c0c8f6bad043', '4167fd21-9981-4956-bcbd-c0c8f6bad043', '4167fd21-9981-4956-bcbd-c0c8f6bad043', '4167fd21-9981-4956-bcbd-c0c8f6bad043', '7ec23a15-02ed-4fb1-a2f8-16445ed1259b', 'f5a929cd-6fe6-4034-bc36-315f11dad4fc', '3677908b-54af-457f-817e-c89c23e22342', 'b41cb140-5ea2-469b-aa84-10a3fb756ba8', '95ffdd91-91cd-4e48-96de-de3d0c9d4edb']"
7ca6eace-2cb1-4dcb-bb19-d5068a2d8bf6,12,"['54b5fcfc-3a20-476d-bea3-0d5e8a57251b', '54b5fcfc-3a20-476d-bea3-0d5e8a57251b', '54b5fcfc-3a20-476d-bea3-0d5e8a57251b', '54b5fcfc-3a20-476d-bea3-0d5e8a57251b', '092fb230-3979-41a4-8682-076a75d7d70a', '3b0c1c0d-9393-411f-90c5-7cfdf8dd8018', 'afec8511-f5ef-4f65-a3f4-ebbc5382ed52', 'e68b2a40-7fcb-4dd5-9bb1-2426922cb9fc', 'b89ae7ae-91e2-4d10-98c9-1aa5317b6779', 'd1dc2431-e59a-4243-acb6-d99977bcf694']"
bf0349e9-e98d-4dfa-9512-3ee08fd8bcb9,17,"['0bd77dbb-55d8-4131-b096-abe8f48005d0', '0bd77dbb-55d8-4131-b096-abe8f48005d0', '0bd77dbb-55d8-4131-b096-abe8f48005d0', '0bd77dbb-55d8-4131-b096-abe8f48005d0', '0bd77dbb-55d8-4131-b096-abe8f48005d0', '0bd77dbb-55d8-4131-b096-abe8f48005d0', '0bd77dbb-55d8-4131-b096-abe8f48005d0', '0bd77dbb-55d8-4131-b096-abe8f48005d0', '0bd77dbb-55d8-4131-b096-abe8f48005d0', '33ad2f22-b610-4b3e-b783-299e42700bca']"
7ca6eace-2cb1-4dcb-bb19-d5068a2d8bf6,13,"['54b5fcfc-3a20-476d-bea3-0d5e8a57251b', '54b5fcfc-3a20-476d-bea3-0d5e8a57251b', '54b5fcfc-3a20-476d-bea3-0d5e8a57251b', '54b5fcfc-3a20-476d-bea3-0d5e8a57251b', '54b5fcfc-3a20-476d-bea3-0d5e8a57251b', '54b5fcfc-3a20-476d-bea3-0d5e8a57251b', '54b5fcfc-3a20-476d-bea3-0d5e8a57251b', '54b5fcfc-3a20-476d-bea3-0d5e8a57251b', '54b5fcfc-3a20-476d-bea3-0d5e8a57251b', '54b5fcfc-3a20-476d-bea3-0d5e8a57251b']"
857c3ef0-ad6c-41f8-9fbd-c0213396fb51,10,"['48658afa-9373-4bbc-8332-583d93447526', '48658afa-9373-4bbc-8332-583d93447526', '48658afa-9373-4bbc-8332-583d93447526', '48658afa-9373-4bbc-8332-583d93447526', '48658afa-9373-4bbc-8332-583d93447526', '48658afa-9373-4bbc-8332-583d93447526', '8565d85d-a2a1-4289-9a34-7c7312878ed6', 'a801cfad-63d0-4cb0-b933-00a5791bb235', '995308ea-1cc7-40e3-b440-ed828e194d39', 'dbc09a94-213a-4216-9b11-173bd42b198c']"
135a87a8-83e9-4f4f-9ada-5057c4e4100b,17,"['8c8407e7-7aa8-454b-9da8-e9432f8d7acd', '6544864c-bf8f-4b91-81be-4d4535dcd3ce', '6544864c-bf8f-4b91-81be-4d4535dcd3ce', '6544864c-bf8f-4b91-81be-4d4535dcd3ce', '6544864c-bf8f-4b91-81be-4d4535dcd3ce', '6544864c-bf8f-4b91-81be-4d4535dcd3ce', '28ef37ce-000f-4faa-ba4c-b6d6063929c0', 'c244e623-d98c-4982-8256-d44ae0ff160a', 'e927e999-750b-4393-83be-a556bd3449e6', 'e914bc96-1879-4b45-8517-895fd046abbb']"
bf0349e9-e98d-4dfa-9512-3ee08fd8bcb9,18,"['0bd77dbb-55d8-4131-b096-abe8f48005d0', '0bd77dbb-55d8-4131-b096-abe8f48005d0', '0bd77dbb-55d8-4131-b096-abe8f48005d0', '0bd77dbb-55d8-4131-b096-abe8f48005d0', '0bd77dbb-55d8-4131-b096-abe8f48005d0', '0bd77dbb-55d8-4131-b096-abe8f48005d0', '0bd77dbb-55d8-4131-b096-abe8f48005d0', '33ad2f22-b610-4b3e-b783-299e42700bca', '05180aa9-e628-4a17-87c7-a7141ac61917', '3cd071b9-b69c-40e7-9184-321dc6c4a2dc']"
64c5a991-8f09-4cd0-84ed-824d354f857f,15,"['4167fd21-9981-4956-bcbd-c0c8f6bad043', '4167fd21-9981-4956-bcbd-c0c8f6bad043', '4167fd21-9981-4956-bcbd-c0c8f6bad043', '7ec23a15-02ed-4fb1-a2f8-16445ed1259b', '3677908b-54af-457f-817e-c89c23e22342', 'b41cb140-5ea2-469b-aa84-10a3fb756ba8', '95ffdd91-91cd-4e48-96de-de3d0c9d4edb', '8e770174-2207-414a-ac44-027abf0dce56', 'ea8cf0a3-2fd6-49fc-9b14-95b93e67f44d', 'a8afed98-45bf-42ec-86a7-247732be99ea']"
857c3ef0-ad6c-41f8-9fbd-c0213396fb51,11,"['48658afa-9373-4bbc-8332-583d93447526', '48658afa-9373-4bbc-8332-583d93447526', '48658afa-9373-4bbc-8332-583d93447526', '48658afa-9373-4bbc-8332-583d93447526', '48658afa-9373-4bbc-8332-583d93447526', '8565d85d-a2a1-4289-9a34-7c7312878ed6', 'a801cfad-63d0-4cb0-b933-00a5791bb235', '995308ea-1cc7-40e3-b440-ed828e194d39', 'dbc09a94-213a-4216-9b11-173bd42b198c', 'a7911ce0-71df-4621-9314-b9f5af15e595']"
135a87a8-83e9-4f4f-9ada-5057c4e4100b,18,"['8c8407e7-7aa8-454b-9da8-e9432f8d7acd', '6544864c-bf8f-4b91-81be-4d4535dcd3ce', '6544864c-bf8f-4b91-81be-4d4535dcd3ce', '6544864c-bf8f-4b91-81be-4d4535dcd3ce', '6544864c-bf8f-4b91-81be-4d4535dcd3ce', '28ef37ce-000f-4faa-ba4c-b6d6063929c0', 'c244e623-d98c-4982-8256-d44ae0ff160a', 'e927e999-750b-4393-83be-a556bd3449e6', 'e914bc96-1879-4b45-8517-895fd046abbb', '86f231a7-9621-4ade-a471-5b89a3cbaf1a']"
64c5a991-8f09-4cd0-84ed-824d354f857f,16,"['4167fd21-9981-4956-bcbd-c0c8f6bad043', '4167fd21-9981-4956-bcbd-c0c8f6bad043', '4167fd21-9981-4956-bcbd-c0c8f6bad043', '4167fd21-9981-4956-bcbd-c0c8f6bad043', '4167fd21-9981-4956-bcbd-c0c8f6bad043', '4167fd21-9981-4956-bcbd-c0c8f6bad043', '4167fd21-9981-4956-bcbd-c0c8f6bad043', '4167fd21-9981-4956-bcbd-c0c8f6bad043', '4167fd21-9981-4956-bcbd-c0c8f6bad043', '404bc255-31d4-47b3-bffc-43b71b5b9128']"
bf0349e9-e98d-4dfa-9512-3ee08fd8bcb9,19,"['0bd77dbb-55d8-4131-b096-abe8f48005d0', '0bd77dbb-55d8-4131-b096-abe8f48005d0', '0bd77dbb-55d8-4131-b096-abe8f48005d0', '0bd77dbb-55d8-4131-b096-abe8f48005d0', '0bd77dbb-55d8-4131-b096-abe8f48005d0', '0bd77dbb-55d8-4131-b096-abe8f48005d0', '05180aa9-e628-4a17-87c7-a7141ac61917', '3cd071b9-b69c-40e7-9184-321dc6c4a2dc', 'dfc67f29-e7fd-47b9-a518-3d53d2ae3a30', 'b00ef925-1aa7-47ec-9532-fd61e3b1b115']"
bf0349e9-e98d-4dfa-9512-3ee08fd8bcb9,20,"['0bd77dbb-55d8-4131-b096-abe8f48005d0', '0bd77dbb-55d8-4131-b096-abe8f48005d0', '0bd77dbb-55d8-4131-b096-abe8f48005d0', '0bd77dbb-55d8-4131-b096-abe8f48005d0', '0bd77dbb-55d8-4131-b096-abe8f48005d0', '0bd77dbb-55d8-4131-b096-abe8f48005d0', '05180aa9-e628-4a17-87c7-a7141ac61917', '3cd071b9-b69c-40e7-9184-321dc6c4a2dc', 'dfc67f29-e7fd-47b9-a518-3d53d2ae3a30', 'b00ef925-1aa7-47ec-9532-fd61e3b1b115']"
135a87a8-83e9-4f4f-9ada-5057c4e4100b,19,"['6544864c-bf8f-4b91-81be-4d4535dcd3ce', '6544864c-bf8f-4b91-81be-4d4535dcd3ce', '6544864c-bf8f-4b91-81be-4d4535dcd3ce', '6544864c-bf8f-4b91-81be-4d4535dcd3ce', '6544864c-bf8f-4b91-81be-4d4535dcd3ce', '6544864c-bf8f-4b91-81be-4d4535dcd3ce', '6544864c-bf8f-4b91-81be-4d4535dcd3ce', '6544864c-bf8f-4b91-81be-4d4535dcd3ce', '6544864c-bf8f-4b91-81be-4d4535dcd3ce', '5801cb90-671e-4c79-9de9-99077c22a8fb']"
7ca6eace-2cb1-4dcb-bb19-d5068a2d8bf6,14,"['54b5fcfc-3a20-476d-bea3-0d5e8a57251b', '54b5fcfc-3a20-476d-bea3-0d5e8a57251b', '54b5fcfc-3a20-476d-bea3-0d5e8a57251b', '54b5fcfc-3a20-476d-bea3-0d5e8a57251b', '54b5fcfc-3a20-476d-bea3-0d5e8a57251b', '54b5fcfc-3a20-476d-bea3-0d5e8a57251b', '54b5fcfc-3a20-476d-bea3-0d5e8a57251b', '3c69461d-fa35-4e2d-a260-1469556483e4', 'a1c2cbb3-7503-4234-afd1-5fac29980c28', 'bae23130-43f0-484e-8cd4-85873d9cc5f4']"
857c3ef0-ad6c-41f8-9fbd-c0213396fb51,12,"['48658afa-9373-4bbc-8332-583d93447526', '48658afa-9373-4bbc-8332-583d93447526', '48658afa-9373-4bbc-8332-583d93447526', '48658afa-9373-4bbc-8332-583d93447526', '48658afa-9373-4bbc-8332-583d93447526', '995308ea-1cc7-40e3-b440-ed828e194d39', 'dbc09a94-213a-4216-9b11-173bd42b198c', 'a7911ce0-71df-4621-9314-b9f5af15e595', '03171b87-9c84-4d32-832a-971497f02eb1', 'c6093586-ced1-4ef5-a19b-fb583a3dc1f7']"
64c5a991-8f09-4cd0-84ed-824d354f857f,17,"['4167fd21-9981-4956-bcbd-c0c8f6bad043', '4167fd21-9981-4956-bcbd-c0c8f6bad043', '4167fd21-9981-4956-bcbd-c0c8f6bad043', '4167fd21-9981-4956-bcbd-c0c8f6bad043', '4167fd21-9981-4956-bcbd-c0c8f6bad043', '4167fd21-9981-4956-bcbd-c0c8f6bad043', '4167fd21-9981-4956-bcbd-c0c8f6bad043', '404bc255-31d4-47b3-bffc-43b71b5b9128', '569fe406-39f5-4de9-98c0-9abd019d2dcc', '5fe2d7e6-92a2-45a9-b5c2-98a7705876c1']"
bf0349e9-e98d-4dfa-9512-3ee08fd8bcb9,21,"['0bd77dbb-55d8-4131-b096-abe8f48005d0', '0bd77dbb-55d8-4131-b096-abe8f48005d0', '0bd77dbb-55d8-4131-b096-abe8f48005d0', '0bd77dbb-55d8-4131-b096-abe8f48005d0', '0bd77dbb-55d8-4131-b096-abe8f48005d0', '05180aa9-e628-4a17-87c7-a7141ac61917', '3cd071b9-b69c-40e7-9184-321dc6c4a2dc', 'dfc67f29-e7fd-47b9-a518-3d53d2ae3a30', 'b00ef925-1aa7-47ec-9532-fd61e3b1b115', 'd88b93f2-abe0-43d8-a764-f01c98daa325']"
857c3ef0-ad6c-41f8-9fbd-c0213396fb51,13,"['48658afa-9373-4bbc-8332-583d93447526', '48658afa-9373-4bbc-8332-583d93447526', '48658afa-9373-4bbc-8332-583d93447526', '48658afa-9373-4bbc-8332-583d93447526', '995308ea-1cc7-40e3-b440-ed828e194d39', 'dbc09a94-213a-4216-9b11-173bd42b198c', 'a7911ce0-71df-4621-9314-b9f5af15e595', '03171b87-9c84-4d32-832a-971497f02eb1', 'c6093586-ced1-4ef5-a19b-fb583a3dc1f7', 'a16082fe-e670-4e5a-b859-728f954854cb']"
64c5a991-8f09-4cd0-84ed-824d354f857f,18,"['4167fd21-9981-4956-bcbd-c0c8f6bad043', '4167fd21-9981-4956-bcbd-c0c8f6bad043', '4167fd21-9981-4956-bcbd-c0c8f6bad043', '4167fd21-9981-4956-bcbd-c0c8f6bad043', '4167fd21-9981-4956-bcbd-c0c8f6bad043', '4167fd21-9981-4956-bcbd-c0c8f6bad043', '404bc255-31d4-47b3-bffc-43b71b5b9128', '569fe406-39f5-4de9-98c0-9abd019d2dcc', '5b4ab981-bffb-43af-9732-f165070d057b', 'd67a6303-0eea-4b4d-b8af-b88020590514']"
bf0349e9-e98d-4dfa-9512-3ee08fd8bcb9,22,"['0bd77dbb-55d8-4131-b096-abe8f48005d0', '0bd77dbb-55d8-4131-b096-abe8f48005d0', '0bd77dbb-55d8-4131-b096-abe8f48005d0', '0bd77dbb-55d8-4131-b096-abe8f48005d0', '05180aa9-e628-4a17-87c7-a7141ac61917', '3cd071b9-b69c-40e7-9184-321dc6c4a2dc', 'dfc67f29-e7fd-47b9-a518-3d53d2ae3a30', 'd88b93f2-abe0-43d8-a764-f01c98daa325', '68ebda94-100a-45e1-8ceb-fa46149fc2ba', '315f72d7-042e-4798-9e4e-578ec883234a']"
135a87a8-83e9-4f4f-9ada-5057c4e4100b,20,"['6544864c-bf8f-4b91-81be-4d4535dcd3ce', '6544864c-bf8f-4b91-81be-4d4535dcd3ce', '6544864c-bf8f-4b91-81be-4d4535dcd3ce', '6544864c-bf8f-4b91-81be-4d4535dcd3ce', '6544864c-bf8f-4b91-81be-4d4535dcd3ce', '6544864c-bf8f-4b91-81be-4d4535dcd3ce', '6544864c-bf8f-4b91-81be-4d4535dcd3ce', '475603c2-577f-4a64-9c8f-5d0b23c4680f', '1fea692c-665d-4f55-8318-f3b0dd4ac19d', 'd17850f4-f352-4c2b-bd76-83371ad551ee']"
bf0349e9-e98d-4dfa-9512-3ee08fd8bcb9,23,"['0bd77dbb-55d8-4131-b096-abe8f48005d0', '0bd77dbb-55d8-4131-b096-abe8f48005d0', '0bd77dbb-55d8-4131-b096-abe8f48005d0', '0bd77dbb-55d8-4131-b096-abe8f48005d0', '0bd77dbb-55d8-4131-b096-abe8f48005d0', '0bd77dbb-55d8-4131-b096-abe8f48005d0', '0bd77dbb-55d8-4131-b096-abe8f48005d0', '0bd77dbb-55d8-4131-b096-abe8f48005d0', '0bd77dbb-55d8-4131-b096-abe8f48005d0', '0bd77dbb-55d8-4131-b096-abe8f48005d0']"
857c3ef0-ad6c-41f8-9fbd-c0213396fb51,14,"['48658afa-9373-4bbc-8332-583d93447526', '48658afa-9373-4bbc-8332-583d93447526', '48658afa-9373-4bbc-8332-583d93447526', '48658afa-9373-4bbc-8332-583d93447526', '48658afa-9373-4bbc-8332-583d93447526', '48658afa-9373-4bbc-8332-583d93447526', '48658afa-9373-4bbc-8332-583d93447526', '48658afa-9373-4bbc-8332-583d93447526', '48658afa-9373-4bbc-8332-583d93447526', 'eb07c515-47b6-41c7-81de-6b7cd02bd7ab']"
857c3ef0-ad6c-41f8-9fbd-c0213396fb51,15,"['48658afa-9373-4bbc-8332-583d93447526', '48658afa-9373-4bbc-8332-583d93447526', '48658afa-9373-4bbc-8332-583d93447526', '48658afa-9373-4bbc-8332-583d93447526', '48658afa-9373-4bbc-8332-583d93447526', '48658afa-9373-4bbc-8332-583d93447526', '48658afa-9373-4bbc-8332-583d93447526', '48658afa-9373-4bbc-8332-583d93447526', '48658afa-9373-4bbc-8332-583d93447526', 'eb07c515-47b6-41c7-81de-6b7cd02bd7ab']"
64c5a991-8f09-4cd0-84ed-824d354f857f,19,"['4167fd21-9981-4956-bcbd-c0c8f6bad043', '4167fd21-9981-4956-bcbd-c0c8f6bad043', '4167fd21-9981-4956-bcbd-c0c8f6bad043', '4167fd21-9981-4956-bcbd-c0c8f6bad043', '4167fd21-9981-4956-bcbd-c0c8f6bad043', '4167fd21-9981-4956-bcbd-c0c8f6bad043', '404bc255-31d4-47b3-bffc-43b71b5b9128', '5b4ab981-bffb-43af-9732-f165070d057b', 'd67a6303-0eea-4b4d-b8af-b88020590514', '0c8c915b-7f46-4376-a81c-04e01574752f']"
7ca6eace-2cb1-4dcb-bb19-d5068a2d8bf6,15,"['54b5fcfc-3a20-476d-bea3-0d5e8a57251b', '54b5fcfc-3a20-476d-bea3-0d5e8a57251b', '54b5fcfc-3a20-476d-bea3-0d5e8a57251b', '54b5fcfc-3a20-476d-bea3-0d5e8a57251b', '54b5fcfc-3a20-476d-bea3-0d5e8a57251b', 'eb55c4f6-c188-42d9-b82c-ff62fffdd781', '7097a7fa-a946-4a8a-a039-31ad20787abe', 'b8389517-2680-4801-8834-f4d9d3238c98', '9daa5996-4d71-48d8-8473-27ccdf71100d', 'e446cf1c-e75c-43c8-a050-5519bd991e6d']"
bf0349e9-e98d-4dfa-9512-3ee08fd8bcb9,24,"['0bd77dbb-55d8-4131-b096-abe8f48005d0', '0bd77dbb-55d8-4131-b096-abe8f48005d0', '0bd77dbb-55d8-4131-b096-abe8f48005d0', '0bd77dbb-55d8-4131-b096-abe8f48005d0', '0bd77dbb-55d8-4131-b096-abe8f48005d0', '0bd77dbb-55d8-4131-b096-abe8f48005d0', '0bd77dbb-55d8-4131-b096-abe8f48005d0', '0bd77dbb-55d8-4131-b096-abe8f48005d0', '0bd77dbb-55d8-4131-b096-abe8f48005d0', '08edb647-86ee-4845-8a87-62329dabdf2f']"
7ca6eace-2cb1-4dcb-bb19-d5068a2d8bf6,16,"['54b5fcfc-3a20-476d-bea3-0d5e8a57251b', '54b5fcfc-3a20-476d-bea3-0d5e8a57251b', '54b5fcfc-3a20-476d-bea3-0d5e8a57251b', '54b5fcfc-3a20-476d-bea3-0d5e8a57251b', '54b5fcfc-3a20-476d-bea3-0d5e8a57251b', '54b5fcfc-3a20-476d-bea3-0d5e8a57251b', '54b5fcfc-3a20-476d-bea3-0d5e8a57251b', '54b5fcfc-3a20-476d-bea3-0d5e8a57251b', '54b5fcfc-3a20-476d-bea3-0d5e8a57251b', '54b5fcfc-3a20-476d-bea3-0d5e8a57251b']"
135a87a8-83e9-4f4f-9ada-5057c4e4100b,21,"['6544864c-bf8f-4b91-81be-4d4535dcd3ce', '6544864c-bf8f-4b91-81be-4d4535dcd3ce', '6544864c-bf8f-4b91-81be-4d4535dcd3ce', '6544864c-bf8f-4b91-81be-4d4535dcd3ce', '475603c2-577f-4a64-9c8f-5d0b23c4680f', '1fea692c-665d-4f55-8318-f3b0dd4ac19d', 'd17850f4-f352-4c2b-bd76-83371ad551ee', 'cf17ae65-6322-4162-b967-5b0a88a96dff', 'bdff6b52-cffa-4c75-bbe2-b11d8b0abf50', 'd264249d-916b-4bd2-9c7f-589ce2ca59fa']"
857c3ef0-ad6c-41f8-9fbd-c0213396fb51,16,"['48658afa-9373-4bbc-8332-583d93447526', '48658afa-9373-4bbc-8332-583d93447526', '48658afa-9373-4bbc-8332-583d93447526', '48658afa-9373-4bbc-8332-583d93447526', '48658afa-9373-4bbc-8332-583d93447526', '48658afa-9373-4bbc-8332-583d93447526', '48658afa-9373-4bbc-8332-583d93447526', '5de83710-6405-4f07-8caf-ac2829368c51', '1b387eae-4679-4579-aa38-a9c4ed1b4a9d', '067755c1-65df-469a-82f7-e12dd8ef2de6']"
64c5a991-8f09-4cd0-84ed-824d354f857f,20,"['4167fd21-9981-4956-bcbd-c0c8f6bad043', '4167fd21-9981-4956-bcbd-c0c8f6bad043', '404bc255-31d4-47b3-bffc-43b71b5b9128', '5b4ab981-bffb-43af-9732-f165070d057b', 'd67a6303-0eea-4b4d-b8af-b88020590514', 'b7cf367d-e7b0-4ced-80ce-da217b71448e', '1f4721cf-6e94-455c-9ed3-cb253372141b', 'cc6dec34-98b3-4492-9c55-b74a2f8769be', '76c92343-6b59-4b78-921a-0f51dbdb4e97', 'ff3a7859-db98-446c-bcd4-ed11efca409f']"
bf0349e9-e98d-4dfa-9512-3ee08fd8bcb9,25,"['0bd77dbb-55d8-4131-b096-abe8f48005d0', '0bd77dbb-55d8-4131-b096-abe8f48005d0', '0bd77dbb-55d8-4131-b096-abe8f48005d0', '0bd77dbb-55d8-4131-b096-abe8f48005d0', 'a01d290e-1aa5-4c4a-a431-979f4861b900', '72fc53e8-0f8b-437c-b031-c86c4c5bc209', '7da23fc7-4926-498b-8b59-3c6a5cfe9206', '33c8c144-d579-45e2-b33d-98c2f2a47013', 'bbbca0fb-c0d0-4d9d-afc8-cc70d62d870d', '0006dd50-c2fd-402b-860e-7a08bd24e7f5']"
bf0349e9-e98d-4dfa-9512-3ee08fd8bcb9,26,"['0bd77dbb-55d8-4131-b096-abe8f48005d0', '0bd77dbb-55d8-4131-b096-abe8f48005d0', '0bd77dbb-55d8-4131-b096-abe8f48005d0', '0bd77dbb-55d8-4131-b096-abe8f48005d0', '0bd77dbb-55d8-4131-b096-abe8f48005d0', '0bd77dbb-55d8-4131-b096-abe8f48005d0', '0bd77dbb-55d8-4131-b096-abe8f48005d0', '0bd77dbb-55d8-4131-b096-abe8f48005d0', '0bd77dbb-55d8-4131-b096-abe8f48005d0', '0bd77dbb-55d8-4131-b096-abe8f48005d0']"
7ca6eace-2cb1-4dcb-bb19-d5068a2d8bf6,17,"['54b5fcfc-3a20-476d-bea3-0d5e8a57251b', '54b5fcfc-3a20-476d-bea3-0d5e8a57251b', '54b5fcfc-3a20-476d-bea3-0d5e8a57251b', '54b5fcfc-3a20-476d-bea3-0d5e8a57251b', '54b5fcfc-3a20-476d-bea3-0d5e8a57251b', '54b5fcfc-3a20-476d-bea3-0d5e8a57251b', '0e4539cb-f57c-49c7-a12d-c402397ce5fc', '95577c37-72ed-49b8-b10f-a8ea6ee3b05b', '0d5cedce-6ebc-4407-8b0b-4320fbd665f8', '962e0ba0-0b4a-4417-9150-3e102e2964de']"
857c3ef0-ad6c-41f8-9fbd-c0213396fb51,17,"['48658afa-9373-4bbc-8332-583d93447526', '48658afa-9373-4bbc-8332-583d93447526', '48658afa-9373-4bbc-8332-583d93447526', '48658afa-9373-4bbc-8332-583d93447526', '48658afa-9373-4bbc-8332-583d93447526', '5de83710-6405-4f07-8caf-ac2829368c51', '067755c1-65df-469a-82f7-e12dd8ef2de6', 'ca38a29f-12de-41fa-a2a3-32db86276076', '62208969-74a0-4614-a642-0756a7080d1d', 'e95f9c21-d246-4b4e-a908-b92c2d9dc910']"
135a87a8-83e9-4f4f-9ada-5057c4e4100b,22,"['6544864c-bf8f-4b91-81be-4d4535dcd3ce', '6544864c-bf8f-4b91-81be-4d4535dcd3ce', '6544864c-bf8f-4b91-81be-4d4535dcd3ce', '6544864c-bf8f-4b91-81be-4d4535dcd3ce', '6c212d9b-e327-4196-a9a6-101968ec8beb', '8a3115cf-6041-4ab7-9b5f-5c0718bdf061', '6522c395-386c-40b9-adfd-3d9d640cdbb6', 'caa08d15-0c23-418f-873c-d22d412adb92', '737fbad8-27c5-47c9-9814-a630947998d9', 'f63ba764-32fe-4e81-b6db-e8fe58aa9e15']"
7ca6eace-2cb1-4dcb-bb19-d5068a2d8bf6,18,"['54b5fcfc-3a20-476d-bea3-0d5e8a57251b', '54b5fcfc-3a20-476d-bea3-0d5e8a57251b', '54b5fcfc-3a20-476d-bea3-0d5e8a57251b', '54b5fcfc-3a20-476d-bea3-0d5e8a57251b', '54b5fcfc-3a20-476d-bea3-0d5e8a57251b', '0e4539cb-f57c-49c7-a12d-c402397ce5fc', '95577c37-72ed-49b8-b10f-a8ea6ee3b05b', '962e0ba0-0b4a-4417-9150-3e102e2964de', 'a9bee4a0-c2ae-46a9-a342-a35dcb05abc3', 'f2f7eee9-99a7-4802-aa73-062049735e9d']"
64c5a991-8f09-4cd0-84ed-824d354f857f,21,"['4167fd21-9981-4956-bcbd-c0c8f6bad043', '4167fd21-9981-4956-bcbd-c0c8f6bad043', '4167fd21-9981-4956-bcbd-c0c8f6bad043', '4167fd21-9981-4956-bcbd-c0c8f6bad043', '4167fd21-9981-4956-bcbd-c0c8f6bad043', '4167fd21-9981-4956-bcbd-c0c8f6bad043', '4167fd21-9981-4956-bcbd-c0c8f6bad043', 'd8175226-92e1-428f-9657-3180055fb1de', '26dd371c-0b0b-45ca-9aa6-14bd17a0c8dd', '56842a31-7b0f-471c-9ced-47e9f8940c56']"
857c3ef0-ad6c-41f8-9fbd-c0213396fb51,18,"['48658afa-9373-4bbc-8332-583d93447526', '48658afa-9373-4bbc-8332-583d93447526', '48658afa-9373-4bbc-8332-583d93447526', '48658afa-9373-4bbc-8332-583d93447526', '5de83710-6405-4f07-8caf-ac2829368c51', '067755c1-65df-469a-82f7-e12dd8ef2de6', '62208969-74a0-4614-a642-0756a7080d1d', 'e95f9c21-d246-4b4e-a908-b92c2d9dc910', '4ff2b449-8bc9-41c9-8b96-5b3e79a9b04e', 'b39c7bc8-9d5d-4b8a-9572-58ce8c903e33']"
857c3ef0-ad6c-41f8-9fbd-c0213396fb51,19,"['48658afa-9373-4bbc-8332-583d93447526', '48658afa-9373-4bbc-8332-583d93447526', '48658afa-9373-4bbc-8332-583d93447526', '48658afa-9373-4bbc-8332-583d93447526', '48658afa-9373-4bbc-8332-583d93447526', '48658afa-9373-4bbc-8332-583d93447526', '48658afa-9373-4bbc-8332-583d93447526', '48658afa-9373-4bbc-8332-583d93447526', '48658afa-9373-4bbc-8332-583d93447526', '48658afa-9373-4bbc-8332-583d93447526']"
135a87a8-83e9-4f4f-9ada-5057c4e4100b,23,"['6544864c-bf8f-4b91-81be-4d4535dcd3ce', '6544864c-bf8f-4b91-81be-4d4535dcd3ce', '6544864c-bf8f-4b91-81be-4d4535dcd3ce', '6544864c-bf8f-4b91-81be-4d4535dcd3ce', '6544864c-bf8f-4b91-81be-4d4535dcd3ce', '6544864c-bf8f-4b91-81be-4d4535dcd3ce', '6544864c-bf8f-4b91-81be-4d4535dcd3ce', '6544864c-bf8f-4b91-81be-4d4535dcd3ce', '718803b1-3f54-4094-a262-5d3a8e489de7', '1a577dd0-90f3-477e-8aa5-b0c0abe5df66']"
bf0349e9-e98d-4dfa-9512-3ee08fd8bcb9,27,"['0bd77dbb-55d8-4131-b096-abe8f48005d0', '0bd77dbb-55d8-4131-b096-abe8f48005d0', '0bd77dbb-55d8-4131-b096-abe8f48005d0', '0bd77dbb-55d8-4131-b096-abe8f48005d0', '0bd77dbb-55d8-4131-b096-abe8f48005d0', '0bd77dbb-55d8-4131-b096-abe8f48005d0', '6b0d2001-53e7-4e68-871f-c7d757b4b032', '5c372f2f-9b3b-4034-b0f3-b614c9557057', '67460fa0-b3fd-4992-a51b-d542a0e9eeb4', '1d7268a7-254d-482a-8ff3-3a58690e0194']"
135a87a8-83e9-4f4f-9ada-5057c4e4100b,24,"['6544864c-bf8f-4b91-81be-4d4535dcd3ce', '6544864c-bf8f-4b91-81be-4d4535dcd3ce', '6544864c-bf8f-4b91-81be-4d4535dcd3ce', '6544864c-bf8f-4b91-81be-4d4535dcd3ce', '6544864c-bf8f-4b91-81be-4d4535dcd3ce', '6544864c-bf8f-4b91-81be-4d4535dcd3ce', '718803b1-3f54-4094-a262-5d3a8e489de7', '1a577dd0-90f3-477e-8aa5-b0c0abe5df66', '3d159d89-44e5-4a09-8fbc-0c91be649bcb', '9211fcf4-27ed-4e36-82cc-4dfca06a632d']"
7ca6eace-2cb1-4dcb-bb19-d5068a2d8bf6,19,"['54b5fcfc-3a20-476d-bea3-0d5e8a57251b', '54b5fcfc-3a20-476d-bea3-0d5e8a57251b', '54b5fcfc-3a20-476d-bea3-0d5e8a57251b', '54b5fcfc-3a20-476d-bea3-0d5e8a57251b', '54b5fcfc-3a20-476d-bea3-0d5e8a57251b', '54b5fcfc-3a20-476d-bea3-0d5e8a57251b', '54b5fcfc-3a20-476d-bea3-0d5e8a57251b', '54b5fcfc-3a20-476d-bea3-0d5e8a57251b', '63d962ab-3076-4b19-ab47-09cac594c164', '700f88ba-48f4-4ad0-be3b-145843fc5f3b']"
857c3ef0-ad6c-41f8-9fbd-c0213396fb51,20,"['48658afa-9373-4bbc-8332-583d93447526', '48658afa-9373-4bbc-8332-583d93447526', '48658afa-9373-4bbc-8332-583d93447526', '48658afa-9373-4bbc-8332-583d93447526', '48658afa-9373-4bbc-8332-583d93447526', '48658afa-9373-4bbc-8332-583d93447526', '48658afa-9373-4bbc-8332-583d93447526', '48658afa-9373-4bbc-8332-583d93447526', '2c147ff5-1553-4194-9389-3ad2257c3be1', '18f8d1ae-7231-4025-ba48-4cee878cc1fc']"
bf0349e9-e98d-4dfa-9512-3ee08fd8bcb9,28,"['0bd77dbb-55d8-4131-b096-abe8f48005d0', '0bd77dbb-55d8-4131-b096-abe8f48005d0', '0bd77dbb-55d8-4131-b096-abe8f48005d0', '0bd77dbb-55d8-4131-b096-abe8f48005d0', '0bd77dbb-55d8-4131-b096-abe8f48005d0', '6b0d2001-53e7-4e68-871f-c7d757b4b032', '67460fa0-b3fd-4992-a51b-d542a0e9eeb4', '1d7268a7-254d-482a-8ff3-3a58690e0194', '5dfe6f7d-82d0-4e58-8e95-a4eddb78317a', '2ff6c232-2f08-4e59-9b31-223fe2b8d4d4']"
7ca6eace-2cb1-4dcb-bb19-d5068a2d8bf6,20,"['54b5fcfc-3a20-476d-bea3-0d5e8a57251b', '54b5fcfc-3a20-476d-bea3-0d5e8a57251b', '54b5fcfc-3a20-476d-bea3-0d5e8a57251b', '54b5fcfc-3a20-476d-bea3-0d5e8a57251b', '54b5fcfc-3a20-476d-bea3-0d5e8a57251b', '54b5fcfc-3a20-476d-bea3-0d5e8a57251b', '54b5fcfc-3a20-476d-bea3-0d5e8a57251b', '54b5fcfc-3a20-476d-bea3-0d5e8a57251b', '63d962ab-3076-4b19-ab47-09cac594c164', '700f88ba-48f4-4ad0-be3b-145843fc5f3b']"
7ca6eace-2cb1-4dcb-bb19-d5068a2d8bf6,21,"['54b5fcfc-3a20-476d-bea3-0d5e8a57251b', '54b5fcfc-3a20-476d-bea3-0d5e8a57251b', '54b5fcfc-3a20-476d-bea3-0d5e8a57251b', '54b5fcfc-3a20-476d-bea3-0d5e8a57251b', '54b5fcfc-3a20-476d-bea3-0d5e8a57251b', '54b5fcfc-3a20-476d-bea3-0d5e8a57251b', '54b5fcfc-3a20-476d-bea3-0d5e8a57251b', '54b5fcfc-3a20-476d-bea3-0d5e8a57251b', '63d962ab-3076-4b19-ab47-09cac594c164', '700f88ba-48f4-4ad0-be3b-145843fc5f3b']"
857c3ef0-ad6c-41f8-9fbd-c0213396fb51,21,"['48658afa-9373-4bbc-8332-583d93447526', '48658afa-9373-4bbc-8332-583d93447526', '48658afa-9373-4bbc-8332-583d93447526', '48658afa-9373-4bbc-8332-583d93447526', '48658afa-9373-4bbc-8332-583d93447526', '48658afa-9373-4bbc-8332-583d93447526', '48658afa-9373-4bbc-8332-583d93447526', '48658afa-9373-4bbc-8332-583d93447526', '18f8d1ae-7231-4025-ba48-4cee878cc1fc', '8c19cd51-4c52-4fca-9fd1-e5bcdca41a05']"
135a87a8-83e9-4f4f-9ada-5057c4e4100b,25,"['6544864c-bf8f-4b91-81be-4d4535dcd3ce', '6544864c-bf8f-4b91-81be-4d4535dcd3ce', '6544864c-bf8f-4b91-81be-4d4535dcd3ce', '6544864c-bf8f-4b91-81be-4d4535dcd3ce', '718803b1-3f54-4094-a262-5d3a8e489de7', '1a577dd0-90f3-477e-8aa5-b0c0abe5df66', '3d159d89-44e5-4a09-8fbc-0c91be649bcb', '9211fcf4-27ed-4e36-82cc-4dfca06a632d', 'cbb6a5fa-58c3-4f22-80aa-05dfaf67e65a', '926611a3-8585-4f11-8475-141a22eb10dd']"
bf0349e9-e98d-4dfa-9512-3ee08fd8bcb9,29,"['0bd77dbb-55d8-4131-b096-abe8f48005d0', '0bd77dbb-55d8-4131-b096-abe8f48005d0', '0bd77dbb-55d8-4131-b096-abe8f48005d0', '0bd77dbb-55d8-4131-b096-abe8f48005d0', '0bd77dbb-55d8-4131-b096-abe8f48005d0', '6b0d2001-53e7-4e68-871f-c7d757b4b032', '1d7268a7-254d-482a-8ff3-3a58690e0194', '5dfe6f7d-82d0-4e58-8e95-a4eddb78317a', '2ff6c232-2f08-4e59-9b31-223fe2b8d4d4', '5cf5ba15-ad43-429d-a48e-851efb0da617']"
bf0349e9-e98d-4dfa-9512-3ee08fd8bcb9,30,"['0bd77dbb-55d8-4131-b096-abe8f48005d0', '0bd77dbb-55d8-4131-b096-abe8f48005d0', '0bd77dbb-55d8-4131-b096-abe8f48005d0', '0bd77dbb-55d8-4131-b096-abe8f48005d0', '0bd77dbb-55d8-4131-b096-abe8f48005d0', '6b0d2001-53e7-4e68-871f-c7d757b4b032', '1d7268a7-254d-482a-8ff3-3a58690e0194', '5dfe6f7d-82d0-4e58-8e95-a4eddb78317a', '2ff6c232-2f08-4e59-9b31-223fe2b8d4d4', '5cf5ba15-ad43-429d-a48e-851efb0da617']"
64c5a991-8f09-4cd0-84ed-824d354f857f,22,"['4167fd21-9981-4956-bcbd-c0c8f6bad043', '4167fd21-9981-4956-bcbd-c0c8f6bad043', '4167fd21-9981-4956-bcbd-c0c8f6bad043', '4167fd21-9981-4956-bcbd-c0c8f6bad043', '26dd371c-0b0b-45ca-9aa6-14bd17a0c8dd', '7ae9a8d0-c61e-4f70-97bc-0f36de2ee975', '446458b9-3301-4a34-a0f5-63083adafcd7', 'b8175e66-9649-40ed-b498-df72cc5c8023', 'e349500a-3a75-4ce8-af66-c0cdca9ffc34', 'ee93f140-4196-4bee-b2e3-4db0e0c7c397']"
bf0349e9-e98d-4dfa-9512-3ee08fd8bcb9,31,"['0bd77dbb-55d8-4131-b096-abe8f48005d0', '0bd77dbb-55d8-4131-b096-abe8f48005d0', '0bd77dbb-55d8-4131-b096-abe8f48005d0', '0bd77dbb-55d8-4131-b096-abe8f48005d0', '1d7268a7-254d-482a-8ff3-3a58690e0194', '5dfe6f7d-82d0-4e58-8e95-a4eddb78317a', '2ff6c232-2f08-4e59-9b31-223fe2b8d4d4', '5cf5ba15-ad43-429d-a48e-851efb0da617', 'ecdf0296-e82c-428b-b427-a2a712e781a8', 'd1eb8420-cda0-44ad-acd8-1da6cf5f5ad3']"
64c5a991-8f09-4cd0-84ed-824d354f857f,23,"['4167fd21-9981-4956-bcbd-c0c8f6bad043', '4167fd21-9981-4956-bcbd-c0c8f6bad043', '4167fd21-9981-4956-bcbd-c0c8f6bad043', '4167fd21-9981-4956-bcbd-c0c8f6bad043', '4167fd21-9981-4956-bcbd-c0c8f6bad043', '4167fd21-9981-4956-bcbd-c0c8f6bad043', '4167fd21-9981-4956-bcbd-c0c8f6bad043', '4167fd21-9981-4956-bcbd-c0c8f6bad043', '5073c65f-73e3-4b03-9286-d6daf12a9263', '0e9f2e3d-ee77-4ae4-9dd5-571368033e7f']"
857c3ef0-ad6c-41f8-9fbd-c0213396fb51,22,"['48658afa-9373-4bbc-8332-583d93447526', '48658afa-9373-4bbc-8332-583d93447526', '48658afa-9373-4bbc-8332-583d93447526', '48658afa-9373-4bbc-8332-583d93447526', '18f8d1ae-7231-4025-ba48-4cee878cc1fc', '8c19cd51-4c52-4fca-9fd1-e5bcdca41a05', '6fa9d17d-524e-44d7-9c29-850242dead6c', 'c3c5a2e8-37a6-476b-a3bc-8528546f36f4', '2d220f17-839e-4421-a46f-845e4c2b462a', '4d1c4bcd-7597-466b-b941-9d38717a75ca']"
bf0349e9-e98d-4dfa-9512-3ee08fd8bcb9,32,"['0bd77dbb-55d8-4131-b096-abe8f48005d0', '0bd77dbb-55d8-4131-b096-abe8f48005d0', '0bd77dbb-55d8-4131-b096-abe8f48005d0', '0bd77dbb-55d8-4131-b096-abe8f48005d0', '0bd77dbb-55d8-4131-b096-abe8f48005d0', '0bd77dbb-55d8-4131-b096-abe8f48005d0', '0bd77dbb-55d8-4131-b096-abe8f48005d0', '0bd77dbb-55d8-4131-b096-abe8f48005d0', '0bd77dbb-55d8-4131-b096-abe8f48005d0', '790c611b-f18b-4651-9fc9-35c30bb5a07b']"
7ca6eace-2cb1-4dcb-bb19-d5068a2d8bf6,22,"['54b5fcfc-3a20-476d-bea3-0d5e8a57251b', '54b5fcfc-3a20-476d-bea3-0d5e8a57251b', '54b5fcfc-3a20-476d-bea3-0d5e8a57251b', '54b5fcfc-3a20-476d-bea3-0d5e8a57251b', '63d962ab-3076-4b19-ab47-09cac594c164', '700f88ba-48f4-4ad0-be3b-145843fc5f3b', '6d54e63c-95ee-430f-98fe-0d54ce2d3eb7', 'bcae27a1-6f18-432d-b582-6b4cb476ac50', 'a21d29ad-5fe3-4a7a-b289-1da076a6886e', 'f8655c5c-b938-44a2-8e7c-2cff7751992e']"
64c5a991-8f09-4cd0-84ed-824d354f857f,24,"['4167fd21-9981-4956-bcbd-c0c8f6bad043', '4167fd21-9981-4956-bcbd-c0c8f6bad043', '4167fd21-9981-4956-bcbd-c0c8f6bad043', '4167fd21-9981-4956-bcbd-c0c8f6bad043', '4167fd21-9981-4956-bcbd-c0c8f6bad043', '4167fd21-9981-4956-bcbd-c0c8f6bad043', '4167fd21-9981-4956-bcbd-c0c8f6bad043', '4167fd21-9981-4956-bcbd-c0c8f6bad043', '87d721de-410d-41b3-805e-d1597f1af33a', 'b77b5d91-c096-4a98-b587-42a99099bcd9']"
64c5a991-8f09-4cd0-84ed-824d354f857f,25,"['4167fd21-9981-4956-bcbd-c0c8f6bad043', '4167fd21-9981-4956-bcbd-c0c8f6bad043', '4167fd21-9981-4956-bcbd-c0c8f6bad043', '4167fd21-9981-4956-bcbd-c0c8f6bad043', '4167fd21-9981-4956-bcbd-c0c8f6bad043', '4167fd21-9981-4956-bcbd-c0c8f6bad043', '87d721de-410d-41b3-805e-d1597f1af33a', 'b77b5d91-c096-4a98-b587-42a99099bcd9', '8689020c-10d3-4c67-b2d4-6466e800f367', '30980613-e1a3-4ee1-9013-bb3a6b0d3f0b']"
135a87a8-83e9-4f4f-9ada-5057c4e4100b,26,"['6544864c-bf8f-4b91-81be-4d4535dcd3ce', '6544864c-bf8f-4b91-81be-4d4535dcd3ce', '6544864c-bf8f-4b91-81be-4d4535dcd3ce', 'bf82c6e6-f71f-48a7-b4a8-82001bab06d4', '6c46ec66-c058-4eec-8d26-e094e0782727', 'a3e53627-8285-456f-9834-b2de68dd4af6', '14c884a3-0068-49af-8f94-f56ac745d2f8', '372418ae-2cdd-431a-a422-41cff969188b', '5a7bbf22-42ce-42a3-8be3-a59e1c40da52', '1356b3c5-6ea6-48c6-aaad-b8cecb0f0661']"
bf0349e9-e98d-4dfa-9512-3ee08fd8bcb9,33,"['0bd77dbb-55d8-4131-b096-abe8f48005d0', '0bd77dbb-55d8-4131-b096-abe8f48005d0', '0bd77dbb-55d8-4131-b096-abe8f48005d0', '0bd77dbb-55d8-4131-b096-abe8f48005d0', '0bd77dbb-55d8-4131-b096-abe8f48005d0', '790c611b-f18b-4651-9fc9-35c30bb5a07b', 'b6cf07bc-830a-4487-824c-8f0585e2751a', '1c3101a2-b7d6-4625-919c-9999b62aa08d', '05884d89-4d97-470b-9da2-7e78ac657799', '19fb9fa5-b8c2-4f1f-92a3-ea610c2f1ee8']"
857c3ef0-ad6c-41f8-9fbd-c0213396fb51,23,"['48658afa-9373-4bbc-8332-583d93447526', '48658afa-9373-4bbc-8332-583d93447526', '48658afa-9373-4bbc-8332-583d93447526', '48658afa-9373-4bbc-8332-583d93447526', '48658afa-9373-4bbc-8332-583d93447526', '48658afa-9373-4bbc-8332-583d93447526', '48658afa-9373-4bbc-8332-583d93447526', 'a1c5130c-03a3-4c34-9bfe-52d735929987', '29003696-ee76-4a89-8562-4f7a0ca85dc4', '9a48ed6d-60b7-4736-a98e-46e2964493d3']"
135a87a8-83e9-4f4f-9ada-5057c4e4100b,27,"['6544864c-bf8f-4b91-81be-4d4535dcd3ce', '6544864c-bf8f-4b91-81be-4d4535dcd3ce', '6544864c-bf8f-4b91-81be-4d4535dcd3ce', '6544864c-bf8f-4b91-81be-4d4535dcd3ce', '6544864c-bf8f-4b91-81be-4d4535dcd3ce', '6544864c-bf8f-4b91-81be-4d4535dcd3ce', '6544864c-bf8f-4b91-81be-4d4535dcd3ce', '6544864c-bf8f-4b91-81be-4d4535dcd3ce', '73a539a7-a431-4f7e-a088-8af67e3f6f07', 'b1b5b65a-fc93-4735-ac85-6a28884756e1']"
bf0349e9-e98d-4dfa-9512-3ee08fd8bcb9,34,"['0bd77dbb-55d8-4131-b096-abe8f48005d0', '0bd77dbb-55d8-4131-b096-abe8f48005d0', '0bd77dbb-55d8-4131-b096-abe8f48005d0', '790c611b-f18b-4651-9fc9-35c30bb5a07b', 'b6cf07bc-830a-4487-824c-8f0585e2751a', '1c3101a2-b7d6-4625-919c-9999b62aa08d', '05884d89-4d97-470b-9da2-7e78ac657799', '19fb9fa5-b8c2-4f1f-92a3-ea610c2f1ee8', '71f8c582-dd91-432f-87db-61b966f07a77', '5433e772-fa10-42c7-a459-752a567a1929']"
7ca6eace-2cb1-4dcb-bb19-d5068a2d8bf6,23,"['54b5fcfc-3a20-476d-bea3-0d5e8a57251b', '54b5fcfc-3a20-476d-bea3-0d5e8a57251b', '54b5fcfc-3a20-476d-bea3-0d5e8a57251b', '54b5fcfc-3a20-476d-bea3-0d5e8a57251b', '54b5fcfc-3a20-476d-bea3-0d5e8a57251b', '54b5fcfc-3a20-476d-bea3-0d5e8a57251b', 'd82bdaac-a6d6-4c3c-8f79-1d077776f88b', '8c1b4e87-13ae-4f47-8d97-4901ca9c8038', 'c2f6b4f0-8424-4f69-840c-fc613c0e4adf', '74542b7b-8a93-4da0-b2ae-b1efa4fb54df']"
64c5a991-8f09-4cd0-84ed-824d354f857f,26,"['4167fd21-9981-4956-bcbd-c0c8f6bad043', '4167fd21-9981-4956-bcbd-c0c8f6bad043', '4167fd21-9981-4956-bcbd-c0c8f6bad043', '4167fd21-9981-4956-bcbd-c0c8f6bad043', '87d721de-410d-41b3-805e-d1597f1af33a', 'b77b5d91-c096-4a98-b587-42a99099bcd9', '30980613-e1a3-4ee1-9013-bb3a6b0d3f0b', '78871976-adc7-48dc-801a-b5f118f01f38', 'a3372f8e-2c2e-440d-9bbe-190e42efd1ca', 'dbcc1501-01a8-4e70-a58a-4bb8e12e05b4']"
857c3ef0-ad6c-41f8-9fbd-c0213396fb51,24,"['48658afa-9373-4bbc-8332-583d93447526', '48658afa-9373-4bbc-8332-583d93447526', '48658afa-9373-4bbc-8332-583d93447526', '48658afa-9373-4bbc-8332-583d93447526', '48658afa-9373-4bbc-8332-583d93447526', 'a1c5130c-03a3-4c34-9bfe-52d735929987', '29003696-ee76-4a89-8562-4f7a0ca85dc4', '9a48ed6d-60b7-4736-a98e-46e2964493d3', '071c6807-14cd-4651-a1cd-4ed07b60f2d9', 'e96bb92c-dcf3-4159-9a34-917979939f39']"
135a87a8-83e9-4f4f-9ada-5057c4e4100b,28,"['6544864c-bf8f-4b91-81be-4d4535dcd3ce', '6544864c-bf8f-4b91-81be-4d4535dcd3ce', '6544864c-bf8f-4b91-81be-4d4535dcd3ce', '6544864c-bf8f-4b91-81be-4d4535dcd3ce', '6544864c-bf8f-4b91-81be-4d4535dcd3ce', '6544864c-bf8f-4b91-81be-4d4535dcd3ce', '73a539a7-a431-4f7e-a088-8af67e3f6f07', 'b1b5b65a-fc93-4735-ac85-6a28884756e1', '4a1200fd-aa1c-477f-bd05-39d3861ff470', 'b74bd07f-9b80-441f-b91a-942d7adb0d2c']"
bf0349e9-e98d-4dfa-9512-3ee08fd8bcb9,35,"['0bd77dbb-55d8-4131-b096-abe8f48005d0', '0bd77dbb-55d8-4131-b096-abe8f48005d0', '0bd77dbb-55d8-4131-b096-abe8f48005d0', '0bd77dbb-55d8-4131-b096-abe8f48005d0', '0bd77dbb-55d8-4131-b096-abe8f48005d0', '0bd77dbb-55d8-4131-b096-abe8f48005d0', '0bd77dbb-55d8-4131-b096-abe8f48005d0', '0bd77dbb-55d8-4131-b096-abe8f48005d0', 'fb27d54a-12ae-4de5-9e24-9a343d9187ac', 'fe2c7c75-e267-4976-bc27-129f9035b167']"
64c5a991-8f09-4cd0-84ed-824d354f857f,27,"['4167fd21-9981-4956-bcbd-c0c8f6bad043', '4167fd21-9981-4956-bcbd-c0c8f6bad043', '4167fd21-9981-4956-bcbd-c0c8f6bad043', '4167fd21-9981-4956-bcbd-c0c8f6bad043', '4167fd21-9981-4956-bcbd-c0c8f6bad043', '4167fd21-9981-4956-bcbd-c0c8f6bad043', '4167fd21-9981-4956-bcbd-c0c8f6bad043', '4167fd21-9981-4956-bcbd-c0c8f6bad043', '5f5a38f3-fea9-4512-9788-2d116b0d0474', '42d95725-7f8a-4895-907f-cd55b8f0e6b3']"
857c3ef0-ad6c-41f8-9fbd-c0213396fb51,25,"['48658afa-9373-4bbc-8332-583d93447526', '48658afa-9373-4bbc-8332-583d93447526', '48658afa-9373-4bbc-8332-583d93447526', '48658afa-9373-4bbc-8332-583d93447526', '48658afa-9373-4bbc-8332-583d93447526', '48658afa-9373-4bbc-8332-583d93447526', '48658afa-9373-4bbc-8332-583d93447526', '48658afa-9373-4bbc-8332-583d93447526', 'e09fee26-7fd1-4492-96d3-bdb9b6388db7', '538c14e3-4d9b-44d0-ac3e-91f061050e16']"
135a87a8-83e9-4f4f-9ada-5057c4e4100b,29,"['6544864c-bf8f-4b91-81be-4d4535dcd3ce', '6544864c-bf8f-4b91-81be-4d4535dcd3ce', '6544864c-bf8f-4b91-81be-4d4535dcd3ce', '6544864c-bf8f-4b91-81be-4d4535dcd3ce', '6544864c-bf8f-4b91-81be-4d4535dcd3ce', '73a539a7-a431-4f7e-a088-8af67e3f6f07', 'b1b5b65a-fc93-4735-ac85-6a28884756e1', 'b74bd07f-9b80-441f-b91a-942d7adb0d2c', '8aa76b08-68ad-4712-acdc-bcb3434e7dbd', 'e0ee934d-3b67-459e-9f81-ad1d4e924fc3']"
7ca6eace-2cb1-4dcb-bb19-d5068a2d8bf6,24,"['54b5fcfc-3a20-476d-bea3-0d5e8a57251b', '54b5fcfc-3a20-476d-bea3-0d5e8a57251b', '54b5fcfc-3a20-476d-bea3-0d5e8a57251b', '54b5fcfc-3a20-476d-bea3-0d5e8a57251b', 'd82bdaac-a6d6-4c3c-8f79-1d077776f88b', '8c1b4e87-13ae-4f47-8d97-4901ca9c8038', 'c2f6b4f0-8424-4f69-840c-fc613c0e4adf', '74542b7b-8a93-4da0-b2ae-b1efa4fb54df', '14528f53-9300-4300-b695-14a05447327a', 'a5f67aa4-a8fc-4b74-88ea-a2cf7d368436']"
bf0349e9-e98d-4dfa-9512-3ee08fd8bcb9,36,"['0bd77dbb-55d8-4131-b096-abe8f48005d0', '0bd77dbb-55d8-4131-b096-abe8f48005d0', '0bd77dbb-55d8-4131-b096-abe8f48005d0', '0bd77dbb-55d8-4131-b096-abe8f48005d0', '0bd77dbb-55d8-4131-b096-abe8f48005d0', '0bd77dbb-55d8-4131-b096-abe8f48005d0', 'fb27d54a-12ae-4de5-9e24-9a343d9187ac', 'fe2c7c75-e267-4976-bc27-129f9035b167', '79e3bf19-6dee-4bac-b1f4-e77511a4ee9b', '2bd2accb-9641-4200-9685-2dd46285d893']"
64c5a991-8f09-4cd0-84ed-824d354f857f,28,"['4167fd21-9981-4956-bcbd-c0c8f6bad043', '4167fd21-9981-4956-bcbd-c0c8f6bad043', '4167fd21-9981-4956-bcbd-c0c8f6bad043', '4167fd21-9981-4956-bcbd-c0c8f6bad043', '4167fd21-9981-4956-bcbd-c0c8f6bad043', '4167fd21-9981-4956-bcbd-c0c8f6bad043', '4167fd21-9981-4956-bcbd-c0c8f6bad043', '5f5a38f3-fea9-4512-9788-2d116b0d0474', '42d95725-7f8a-4895-907f-cd55b8f0e6b3', 'd3769a89-4f77-4045-ad68-0eeac9db6211']"
135a87a8-83e9-4f4f-9ada-5057c4e4100b,30,"['6544864c-bf8f-4b91-81be-4d4535dcd3ce', '6544864c-bf8f-4b91-81be-4d4535dcd3ce', '6544864c-bf8f-4b91-81be-4d4535dcd3ce', '6544864c-bf8f-4b91-81be-4d4535dcd3ce', '6544864c-bf8f-4b91-81be-4d4535dcd3ce', '6544864c-bf8f-4b91-81be-4d4535dcd3ce', '6544864c-bf8f-4b91-81be-4d4535dcd3ce', '6544864c-bf8f-4b91-81be-4d4535dcd3ce', '6544864c-bf8f-4b91-81be-4d4535dcd3ce', 'abe71b8d-4467-4fbd-9294-45a761dc3fbf']"
857c3ef0-ad6c-41f8-9fbd-c0213396fb51,26,"['48658afa-9373-4bbc-8332-583d93447526', '48658afa-9373-4bbc-8332-583d93447526', '48658afa-9373-4bbc-8332-583d93447526', '48658afa-9373-4bbc-8332-583d93447526', '48658afa-9373-4bbc-8332-583d93447526', '48658afa-9373-4bbc-8332-583d93447526', '48658afa-9373-4bbc-8332-583d93447526', '48658afa-9373-4bbc-8332-583d93447526', '538c14e3-4d9b-44d0-ac3e-91f061050e16', '93cb2d41-1f05-41e8-bff6-5b16ee1d9340']"
7ca6eace-2cb1-4dcb-bb19-d5068a2d8bf6,25,"['54b5fcfc-3a20-476d-bea3-0d5e8a57251b', '54b5fcfc-3a20-476d-bea3-0d5e8a57251b', '54b5fcfc-3a20-476d-bea3-0d5e8a57251b', '54b5fcfc-3a20-476d-bea3-0d5e8a57251b', '54b5fcfc-3a20-476d-bea3-0d5e8a57251b', '54b5fcfc-3a20-476d-bea3-0d5e8a57251b', '54b5fcfc-3a20-476d-bea3-0d5e8a57251b', '54b5fcfc-3a20-476d-bea3-0d5e8a57251b', '912dfb38-532a-462d-9e3c-d9eb17bc31a7', 'd8a80f12-3e9e-469c-ab25-98762f6e24e2']"
64c5a991-8f09-4cd0-84ed-824d354f857f,29,"['4167fd21-9981-4956-bcbd-c0c8f6bad043', '4167fd21-9981-4956-bcbd-c0c8f6bad043', '4167fd21-9981-4956-bcbd-c0c8f6bad043', '4167fd21-9981-4956-bcbd-c0c8f6bad043', '4167fd21-9981-4956-bcbd-c0c8f6bad043', '5f5a38f3-fea9-4512-9788-2d116b0d0474', '42d95725-7f8a-4895-907f-cd55b8f0e6b3', 'd3769a89-4f77-4045-ad68-0eeac9db6211', 'c21ad885-5fd2-4cff-b336-c8d552902565', '424e754f-a791-4125-a1c8-669b04fa6556']"
7ca6eace-2cb1-4dcb-bb19-d5068a2d8bf6,26,"['54b5fcfc-3a20-476d-bea3-0d5e8a57251b', '54b5fcfc-3a20-476d-bea3-0d5e8a57251b', '54b5fcfc-3a20-476d-bea3-0d5e8a57251b', '54b5fcfc-3a20-476d-bea3-0d5e8a57251b', '54b5fcfc-3a20-476d-bea3-0d5e8a57251b', '54b5fcfc-3a20-476d-bea3-0d5e8a57251b', '54b5fcfc-3a20-476d-bea3-0d5e8a57251b', '54b5fcfc-3a20-476d-bea3-0d5e8a57251b', '912dfb38-532a-462d-9e3c-d9eb17bc31a7', 'd8a80f12-3e9e-469c-ab25-98762f6e24e2']"
135a87a8-83e9-4f4f-9ada-5057c4e4100b,31,"['6544864c-bf8f-4b91-81be-4d4535dcd3ce', '6544864c-bf8f-4b91-81be-4d4535dcd3ce', '6544864c-bf8f-4b91-81be-4d4535dcd3ce', '6544864c-bf8f-4b91-81be-4d4535dcd3ce', '6544864c-bf8f-4b91-81be-4d4535dcd3ce', '6544864c-bf8f-4b91-81be-4d4535dcd3ce', '6544864c-bf8f-4b91-81be-4d4535dcd3ce', 'abe71b8d-4467-4fbd-9294-45a761dc3fbf', '4738c385-b755-4099-abdc-c5b41becce2e', '2618c6b6-169f-4381-9000-61cc9b1ed372']"
bf0349e9-e98d-4dfa-9512-3ee08fd8bcb9,37,"['0bd77dbb-55d8-4131-b096-abe8f48005d0', '0bd77dbb-55d8-4131-b096-abe8f48005d0', '0bd77dbb-55d8-4131-b096-abe8f48005d0', '0bd77dbb-55d8-4131-b096-abe8f48005d0', '0bd77dbb-55d8-4131-b096-abe8f48005d0', '79e3bf19-6dee-4bac-b1f4-e77511a4ee9b', '2bd2accb-9641-4200-9685-2dd46285d893', 'a75d95e8-5b41-458f-a862-687b5ce87da9', 'c2a2fc61-6a40-41a6-96bd-c2f242c27ec9', '36a86773-ea36-4ea2-968b-e8cb9d318596']"
64c5a991-8f09-4cd0-84ed-824d354f857f,30,"['4167fd21-9981-4956-bcbd-c0c8f6bad043', '4167fd21-9981-4956-bcbd-c0c8f6bad043', '4167fd21-9981-4956-bcbd-c0c8f6bad043', '4167fd21-9981-4956-bcbd-c0c8f6bad043', '4167fd21-9981-4956-bcbd-c0c8f6bad043', '5f5a38f3-fea9-4512-9788-2d116b0d0474', 'c21ad885-5fd2-4cff-b336-c8d552902565', '424e754f-a791-4125-a1c8-669b04fa6556', '7ff4112b-71e1-4648-877d-87c97758b9ec', '93e1a6e5-4251-47be-9356-270648e5637f']"
135a87a8-83e9-4f4f-9ada-5057c4e4100b,32,"['6544864c-bf8f-4b91-81be-4d4535dcd3ce', '6544864c-bf8f-4b91-81be-4d4535dcd3ce', '6544864c-bf8f-4b91-81be-4d4535dcd3ce', '6544864c-bf8f-4b91-81be-4d4535dcd3ce', '6544864c-bf8f-4b91-81be-4d4535dcd3ce', '6544864c-bf8f-4b91-81be-4d4535dcd3ce', 'abe71b8d-4467-4fbd-9294-45a761dc3fbf', '2618c6b6-169f-4381-9000-61cc9b1ed372', 'a4861834-ca5a-4e29-ae83-6309b7a0a28a', '3e93b1c2-7c7b-499b-a62b-5067e0cbd8af']"
135a87a8-83e9-4f4f-9ada-5057c4e4100b,33,"['6544864c-bf8f-4b91-81be-4d4535dcd3ce', '6544864c-bf8f-4b91-81be-4d4535dcd3ce', '6544864c-bf8f-4b91-81be-4d4535dcd3ce', '6544864c-bf8f-4b91-81be-4d4535dcd3ce', '6544864c-bf8f-4b91-81be-4d4535dcd3ce', '6544864c-bf8f-4b91-81be-4d4535dcd3ce', 'abe71b8d-4467-4fbd-9294-45a761dc3fbf', '2618c6b6-169f-4381-9000-61cc9b1ed372', 'a4861834-ca5a-4e29-ae83-6309b7a0a28a', '3e93b1c2-7c7b-499b-a62b-5067e0cbd8af']"
857c3ef0-ad6c-41f8-9fbd-c0213396fb51,27,"['48658afa-9373-4bbc-8332-583d93447526', '48658afa-9373-4bbc-8332-583d93447526', '48658afa-9373-4bbc-8332-583d93447526', '48658afa-9373-4bbc-8332-583d93447526', '48658afa-9373-4bbc-8332-583d93447526', '48658afa-9373-4bbc-8332-583d93447526', '48658afa-9373-4bbc-8332-583d93447526', 'c4f89060-4235-4a45-88dd-28a3ee5973da', 'd4d96826-949c-4351-b18e-807770f2e97f', '7ae255d2-abfb-4a4e-a551-b5cea628afeb']"
857c3ef0-ad6c-41f8-9fbd-c0213396fb51,28,"['48658afa-9373-4bbc-8332-583d93447526', '48658afa-9373-4bbc-8332-583d93447526', '48658afa-9373-4bbc-8332-583d93447526', '48658afa-9373-4bbc-8332-583d93447526', '48658afa-9373-4bbc-8332-583d93447526', '48658afa-9373-4bbc-8332-583d93447526', '48658afa-9373-4bbc-8332-583d93447526', 'c4f89060-4235-4a45-88dd-28a3ee5973da', 'd4d96826-949c-4351-b18e-807770f2e97f', '7ae255d2-abfb-4a4e-a551-b5cea628afeb']"
bf0349e9-e98d-4dfa-9512-3ee08fd8bcb9,38,"['0bd77dbb-55d8-4131-b096-abe8f48005d0', '0bd77dbb-55d8-4131-b096-abe8f48005d0', '0bd77dbb-55d8-4131-b096-abe8f48005d0', 'a75d95e8-5b41-458f-a862-687b5ce87da9', 'c2a2fc61-6a40-41a6-96bd-c2f242c27ec9', '36a86773-ea36-4ea2-968b-e8cb9d318596', 'd8baf217-58ba-4374-a0c3-68055990f7ea', 'd22b079c-6b19-41b0-8581-3df5074bed66', '7ac3a266-bec3-49a3-aaf1-15e01ab1aba0', '6a18aa76-4d54-4a6a-89ac-01bcc084b081']"
857c3ef0-ad6c-41f8-9fbd-c0213396fb51,29,"['48658afa-9373-4bbc-8332-583d93447526', '48658afa-9373-4bbc-8332-583d93447526', '48658afa-9373-4bbc-8332-583d93447526', '48658afa-9373-4bbc-8332-583d93447526', '48658afa-9373-4bbc-8332-583d93447526', '48658afa-9373-4bbc-8332-583d93447526', 'c4f89060-4235-4a45-88dd-28a3ee5973da', 'd4d96826-949c-4351-b18e-807770f2e97f', '7ae255d2-abfb-4a4e-a551-b5cea628afeb', 'ba9ee095-f2b0-4fa2-b364-892495e1938e']"
64c5a991-8f09-4cd0-84ed-824d354f857f,31,"['4167fd21-9981-4956-bcbd-c0c8f6bad043', '4167fd21-9981-4956-bcbd-c0c8f6bad043', '4167fd21-9981-4956-bcbd-c0c8f6bad043', '4167fd21-9981-4956-bcbd-c0c8f6bad043', '4167fd21-9981-4956-bcbd-c0c8f6bad043', '4167fd21-9981-4956-bcbd-c0c8f6bad043', '4167fd21-9981-4956-bcbd-c0c8f6bad043', '9577660b-6e3c-42a3-be0e-2e20f4d7e028', '0d3132b9-4026-49ca-bb26-135029a4f093', '68c4df8a-9d40-46b1-b766-56bbf544f312']"
7ca6eace-2cb1-4dcb-bb19-d5068a2d8bf6,27,"['54b5fcfc-3a20-476d-bea3-0d5e8a57251b', '54b5fcfc-3a20-476d-bea3-0d5e8a57251b', '54b5fcfc-3a20-476d-bea3-0d5e8a57251b', '54b5fcfc-3a20-476d-bea3-0d5e8a57251b', '54b5fcfc-3a20-476d-bea3-0d5e8a57251b', '54b5fcfc-3a20-476d-bea3-0d5e8a57251b', '0099af4b-1a70-440d-a8be-a91180264253', 'b81da1ee-deaf-495b-ad43-3cc0400fed97', '16c47ac4-585c-44f3-b956-e59708b76058', 'eba29b9d-e5b2-471b-9a80-304030d5e557']"
135a87a8-83e9-4f4f-9ada-5057c4e4100b,34,"['6544864c-bf8f-4b91-81be-4d4535dcd3ce', '6544864c-bf8f-4b91-81be-4d4535dcd3ce', '6544864c-bf8f-4b91-81be-4d4535dcd3ce', '6544864c-bf8f-4b91-81be-4d4535dcd3ce', '6544864c-bf8f-4b91-81be-4d4535dcd3ce', '2618c6b6-169f-4381-9000-61cc9b1ed372', '3e93b1c2-7c7b-499b-a62b-5067e0cbd8af', '12cb4fb3-5597-41ff-b8dc-1a70cdf8071a', '50cac745-031a-4812-bed5-4521029ef729', 'e578fd59-385b-4bad-95bb-666967b62854']"
bf0349e9-e98d-4dfa-9512-3ee08fd8bcb9,39,"['0bd77dbb-55d8-4131-b096-abe8f48005d0', '0bd77dbb-55d8-4131-b096-abe8f48005d0', '0bd77dbb-55d8-4131-b096-abe8f48005d0', '0bd77dbb-55d8-4131-b096-abe8f48005d0', 'a75d95e8-5b41-458f-a862-687b5ce87da9', 'a75d95e8-5b41-458f-a862-687b5ce87da9', 'a75d95e8-5b41-458f-a862-687b5ce87da9', 'a75d95e8-5b41-458f-a862-687b5ce87da9', 'a75d95e8-5b41-458f-a862-687b5ce87da9', 'ec26f390-da03-463f-9138-91f7205be415']"
64c5a991-8f09-4cd0-84ed-824d354f857f,32,"['4167fd21-9981-4956-bcbd-c0c8f6bad043', '4167fd21-9981-4956-bcbd-c0c8f6bad043', '4167fd21-9981-4956-bcbd-c0c8f6bad043', '4167fd21-9981-4956-bcbd-c0c8f6bad043', '4167fd21-9981-4956-bcbd-c0c8f6bad043', '9577660b-6e3c-42a3-be0e-2e20f4d7e028', '0d3132b9-4026-49ca-bb26-135029a4f093', '68c4df8a-9d40-46b1-b766-56bbf544f312', 'c08c7f1a-f98f-423f-a6f9-6051227f8f9e', '4319b44c-1edc-4e42-8236-4d18350e1384']"
857c3ef0-ad6c-41f8-9fbd-c0213396fb51,30,"['48658afa-9373-4bbc-8332-583d93447526', '48658afa-9373-4bbc-8332-583d93447526', '48658afa-9373-4bbc-8332-583d93447526', '48658afa-9373-4bbc-8332-583d93447526', 'c4f89060-4235-4a45-88dd-28a3ee5973da', 'd4d96826-949c-4351-b18e-807770f2e97f', '7ae255d2-abfb-4a4e-a551-b5cea628afeb', 'ba9ee095-f2b0-4fa2-b364-892495e1938e', '2ea54192-92ed-476c-b12f-818f8d1a5025', 'aa731fc6-79e6-4e23-8f03-059203b32f17']"
857c3ef0-ad6c-41f8-9fbd-c0213396fb51,31,"['48658afa-9373-4bbc-8332-583d93447526', '48658afa-9373-4bbc-8332-583d93447526', '48658afa-9373-4bbc-8332-583d93447526', '48658afa-9373-4bbc-8332-583d93447526', '48658afa-9373-4bbc-8332-583d93447526', '48658afa-9373-4bbc-8332-583d93447526', '48658afa-9373-4bbc-8332-583d93447526', '48658afa-9373-4bbc-8332-583d93447526', '48658afa-9373-4bbc-8332-583d93447526', '1ed3a703-132a-4db4-abe8-a96aca2493d0']"
bf0349e9-e98d-4dfa-9512-3ee08fd8bcb9,40,"['0bd77dbb-55d8-4131-b096-abe8f48005d0', '0bd77dbb-55d8-4131-b096-abe8f48005d0', 'a75d95e8-5b41-458f-a862-687b5ce87da9', 'a75d95e8-5b41-458f-a862-687b5ce87da9', 'a75d95e8-5b41-458f-a862-687b5ce87da9', 'a75d95e8-5b41-458f-a862-687b5ce87da9', 'ec26f390-da03-463f-9138-91f7205be415', 'c3931a75-d65b-42cc-acd1-2cd0e7e85188', '796f998b-5aec-4612-b2ed-9e28fd44df6a', '6c1761a5-fa3e-4c22-b99b-5140af2eb2f8']"
7ca6eace-2cb1-4dcb-bb19-d5068a2d8bf6,28,"['54b5fcfc-3a20-476d-bea3-0d5e8a57251b', '54b5fcfc-3a20-476d-bea3-0d5e8a57251b', '54b5fcfc-3a20-476d-bea3-0d5e8a57251b', '54b5fcfc-3a20-476d-bea3-0d5e8a57251b', '0099af4b-1a70-440d-a8be-a91180264253', '16c47ac4-585c-44f3-b956-e59708b76058', 'eba29b9d-e5b2-471b-9a80-304030d5e557', 'a3b7e7aa-d297-4753-87eb-16910edfe255', 'a9109424-36f5-46f8-900c-047c1306ca35', '7bf853ce-8663-48a5-9593-870d7fa8e25b']"
64c5a991-8f09-4cd0-84ed-824d354f857f,33,"['4167fd21-9981-4956-bcbd-c0c8f6bad043', '4167fd21-9981-4956-bcbd-c0c8f6bad043', '4167fd21-9981-4956-bcbd-c0c8f6bad043', '4167fd21-9981-4956-bcbd-c0c8f6bad043', '9577660b-6e3c-42a3-be0e-2e20f4d7e028', '0d3132b9-4026-49ca-bb26-135029a4f093', 'c08c7f1a-f98f-423f-a6f9-6051227f8f9e', '4f86f38b-bc96-418b-be52-2e3169a6933d', '12cdb18e-27cc-40d9-b161-d47666617ce7', 'fc586906-8dbd-4fdb-8317-e677eb0a226f']"
64c5a991-8f09-4cd0-84ed-824d354f857f,34,"['4167fd21-9981-4956-bcbd-c0c8f6bad043', '4167fd21-9981-4956-bcbd-c0c8f6bad043', '4167fd21-9981-4956-bcbd-c0c8f6bad043', '4167fd21-9981-4956-bcbd-c0c8f6bad043', '4167fd21-9981-4956-bcbd-c0c8f6bad043', '4167fd21-9981-4956-bcbd-c0c8f6bad043', '4167fd21-9981-4956-bcbd-c0c8f6bad043', '4167fd21-9981-4956-bcbd-c0c8f6bad043', '4167fd21-9981-4956-bcbd-c0c8f6bad043', '4167fd21-9981-4956-bcbd-c0c8f6bad043']"
857c3ef0-ad6c-41f8-9fbd-c0213396fb51,32,"['48658afa-9373-4bbc-8332-583d93447526', '48658afa-9373-4bbc-8332-583d93447526', '48658afa-9373-4bbc-8332-583d93447526', '48658afa-9373-4bbc-8332-583d93447526', '48658afa-9373-4bbc-8332-583d93447526', '48658afa-9373-4bbc-8332-583d93447526', '48658afa-9373-4bbc-8332-583d93447526', '1ed3a703-132a-4db4-abe8-a96aca2493d0', '36d26178-8806-4a6d-8efa-98f667b6e8b2', '7f061d10-cfae-4d13-8da4-bc5ac04df695']"
bf0349e9-e98d-4dfa-9512-3ee08fd8bcb9,41,"['0bd77dbb-55d8-4131-b096-abe8f48005d0', '0bd77dbb-55d8-4131-b096-abe8f48005d0', 'a75d95e8-5b41-458f-a862-687b5ce87da9', 'a75d95e8-5b41-458f-a862-687b5ce87da9', 'a75d95e8-5b41-458f-a862-687b5ce87da9', 'ec26f390-da03-463f-9138-91f7205be415', 'c3931a75-d65b-42cc-acd1-2cd0e7e85188', '6c1761a5-fa3e-4c22-b99b-5140af2eb2f8', '5c861e95-6efc-45ce-bb48-a79f6ebce66f', 'c93fcd36-b422-41e5-b56c-a0574ca52de9']"
135a87a8-83e9-4f4f-9ada-5057c4e4100b,35,"['6544864c-bf8f-4b91-81be-4d4535dcd3ce', '6544864c-bf8f-4b91-81be-4d4535dcd3ce', '2618c6b6-169f-4381-9000-61cc9b1ed372', '3e93b1c2-7c7b-499b-a62b-5067e0cbd8af', '12cb4fb3-5597-41ff-b8dc-1a70cdf8071a', '852ef36d-1eeb-4389-a736-87503ff10633', '70817720-2bbc-4ff0-8db4-2a8cf3162c39', '7145734e-8658-4de1-b655-3f2403954420', '51ecd553-50d4-4ebc-880f-aa173457e057', 'ecfd3584-1302-434d-b93b-02a168155d86']"
64c5a991-8f09-4cd0-84ed-824d354f857f,35,"['4167fd21-9981-4956-bcbd-c0c8f6bad043', '4167fd21-9981-4956-bcbd-c0c8f6bad043', '4167fd21-9981-4956-bcbd-c0c8f6bad043', '4167fd21-9981-4956-bcbd-c0c8f6bad043', '4167fd21-9981-4956-bcbd-c0c8f6bad043', '4167fd21-9981-4956-bcbd-c0c8f6bad043', '4167fd21-9981-4956-bcbd-c0c8f6bad043', '4167fd21-9981-4956-bcbd-c0c8f6bad043', '38f5bf97-976b-4c29-aa1b-8f6f480ee10e', '10688cf9-de46-4e92-98be-5877662dec18']"
857c3ef0-ad6c-41f8-9fbd-c0213396fb51,33,"['48658afa-9373-4bbc-8332-583d93447526', '48658afa-9373-4bbc-8332-583d93447526', '48658afa-9373-4bbc-8332-583d93447526', '48658afa-9373-4bbc-8332-583d93447526', '48658afa-9373-4bbc-8332-583d93447526', '48658afa-9373-4bbc-8332-583d93447526', '1ed3a703-132a-4db4-abe8-a96aca2493d0', '36d26178-8806-4a6d-8efa-98f667b6e8b2', '82c41aaa-8c52-43f1-8a11-1de730c0926b', '90f9e478-9eeb-440e-9c82-dba705d22f70']"
135a87a8-83e9-4f4f-9ada-5057c4e4100b,36,"['6544864c-bf8f-4b91-81be-4d4535dcd3ce', '6544864c-bf8f-4b91-81be-4d4535dcd3ce', '6544864c-bf8f-4b91-81be-4d4535dcd3ce', '6544864c-bf8f-4b91-81be-4d4535dcd3ce', '6544864c-bf8f-4b91-81be-4d4535dcd3ce', '6544864c-bf8f-4b91-81be-4d4535dcd3ce', '6544864c-bf8f-4b91-81be-4d4535dcd3ce', '6544864c-bf8f-4b91-81be-4d4535dcd3ce', '6544864c-bf8f-4b91-81be-4d4535dcd3ce', 'c32679d2-cb87-4766-baf8-2c910e8e4f79']"
64c5a991-8f09-4cd0-84ed-824d354f857f,36,"['4167fd21-9981-4956-bcbd-c0c8f6bad043', '4167fd21-9981-4956-bcbd-c0c8f6bad043', '4167fd21-9981-4956-bcbd-c0c8f6bad043', '4167fd21-9981-4956-bcbd-c0c8f6bad043', '4167fd21-9981-4956-bcbd-c0c8f6bad043', '4167fd21-9981-4956-bcbd-c0c8f6bad043', '4167fd21-9981-4956-bcbd-c0c8f6bad043', '38f5bf97-976b-4c29-aa1b-8f6f480ee10e', 'fa30be6c-d007-4117-88ee-aba8a586017e', '500517b2-43ce-4b01-acc1-9522de42051e']"
7ca6eace-2cb1-4dcb-bb19-d5068a2d8bf6,29,"['54b5fcfc-3a20-476d-bea3-0d5e8a57251b', '54b5fcfc-3a20-476d-bea3-0d5e8a57251b', '54b5fcfc-3a20-476d-bea3-0d5e8a57251b', '54b5fcfc-3a20-476d-bea3-0d5e8a57251b', '54b5fcfc-3a20-476d-bea3-0d5e8a57251b', '54b5fcfc-3a20-476d-bea3-0d5e8a57251b', '54b5fcfc-3a20-476d-bea3-0d5e8a57251b', '30085f28-9b23-4c7e-a5b4-35f8cfb9cbe2', '9243d892-1656-4ecc-87c8-fb4687770794', '160a1066-a251-450f-90a7-b2f2cd8c474c']"
bf0349e9-e98d-4dfa-9512-3ee08fd8bcb9,42,"['0bd77dbb-55d8-4131-b096-abe8f48005d0', '0bd77dbb-55d8-4131-b096-abe8f48005d0', 'a75d95e8-5b41-458f-a862-687b5ce87da9', 'a75d95e8-5b41-458f-a862-687b5ce87da9', 'a75d95e8-5b41-458f-a862-687b5ce87da9', 'a75d95e8-5b41-458f-a862-687b5ce87da9', 'a75d95e8-5b41-458f-a862-687b5ce87da9', 'e810b07c-fefe-4e6b-80c3-b6093839e687', '67cac43f-e406-4946-9d93-43558b0cafc6', 'b23e3144-cf4a-4ccc-a0d0-13807276f0d2']"
135a87a8-83e9-4f4f-9ada-5057c4e4100b,37,"['6544864c-bf8f-4b91-81be-4d4535dcd3ce', '6544864c-bf8f-4b91-81be-4d4535dcd3ce', '6544864c-bf8f-4b91-81be-4d4535dcd3ce', '6544864c-bf8f-4b91-81be-4d4535dcd3ce', '6544864c-bf8f-4b91-81be-4d4535dcd3ce', '6544864c-bf8f-4b91-81be-4d4535dcd3ce', '6544864c-bf8f-4b91-81be-4d4535dcd3ce', 'c32679d2-cb87-4766-baf8-2c910e8e4f79', '4a7856de-28c9-41b1-9595-75793cdda23f', 'a92208ed-1f6e-4ac5-ab88-62b222f965f5']"
857c3ef0-ad6c-41f8-9fbd-c0213396fb51,34,"['48658afa-9373-4bbc-8332-583d93447526', '48658afa-9373-4bbc-8332-583d93447526', '48658afa-9373-4bbc-8332-583d93447526', '48658afa-9373-4bbc-8332-583d93447526', '48658afa-9373-4bbc-8332-583d93447526', '1ed3a703-132a-4db4-abe8-a96aca2493d0', '36d26178-8806-4a6d-8efa-98f667b6e8b2', '82c41aaa-8c52-43f1-8a11-1de730c0926b', '90f9e478-9eeb-440e-9c82-dba705d22f70', '8fe5bd8b-9016-40b1-b46d-c9ba4bf43ade']"
64c5a991-8f09-4cd0-84ed-824d354f857f,37,"['4167fd21-9981-4956-bcbd-c0c8f6bad043', '4167fd21-9981-4956-bcbd-c0c8f6bad043', '4167fd21-9981-4956-bcbd-c0c8f6bad043', '4167fd21-9981-4956-bcbd-c0c8f6bad043', '4167fd21-9981-4956-bcbd-c0c8f6bad043', '4167fd21-9981-4956-bcbd-c0c8f6bad043', '38f5bf97-976b-4c29-aa1b-8f6f480ee10e', 'fa30be6c-d007-4117-88ee-aba8a586017e', '500517b2-43ce-4b01-acc1-9522de42051e', '2cba761e-54d6-40a8-aa2a-0acbe8dd1de7']"
bf0349e9-e98d-4dfa-9512-3ee08fd8bcb9,43,"['0bd77dbb-55d8-4131-b096-abe8f48005d0', 'a75d95e8-5b41-458f-a862-687b5ce87da9', 'a75d95e8-5b41-458f-a862-687b5ce87da9', 'a75d95e8-5b41-458f-a862-687b5ce87da9', 'a75d95e8-5b41-458f-a862-687b5ce87da9', 'e810b07c-fefe-4e6b-80c3-b6093839e687', '67cac43f-e406-4946-9d93-43558b0cafc6', 'b23e3144-cf4a-4ccc-a0d0-13807276f0d2', '0665b094-a893-484c-9bbd-dd0f96c1ee8d', '6db7f779-8431-447e-9874-f3d0c68b42af']"
135a87a8-83e9-4f4f-9ada-5057c4e4100b,38,"['6544864c-bf8f-4b91-81be-4d4535dcd3ce', '6544864c-bf8f-4b91-81be-4d4535dcd3ce', '6544864c-bf8f-4b91-81be-4d4535dcd3ce', '6544864c-bf8f-4b91-81be-4d4535dcd3ce', '6544864c-bf8f-4b91-81be-4d4535dcd3ce', 'c32679d2-cb87-4766-baf8-2c910e8e4f79', '4a7856de-28c9-41b1-9595-75793cdda23f', 'a92208ed-1f6e-4ac5-ab88-62b222f965f5', '3084d931-97dc-4b2a-95b2-8f2ce5640139', 'b9b82c0d-a477-4e05-8967-93f89317f53c']"
64c5a991-8f09-4cd0-84ed-824d354f857f,38,"['4167fd21-9981-4956-bcbd-c0c8f6bad043', '4167fd21-9981-4956-bcbd-c0c8f6bad043', '4167fd21-9981-4956-bcbd-c0c8f6bad043', '4167fd21-9981-4956-bcbd-c0c8f6bad043', '4167fd21-9981-4956-bcbd-c0c8f6bad043', '38f5bf97-976b-4c29-aa1b-8f6f480ee10e', 'fa30be6c-d007-4117-88ee-aba8a586017e', '500517b2-43ce-4b01-acc1-9522de42051e', '2cba761e-54d6-40a8-aa2a-0acbe8dd1de7', 'e90f7f5c-f87b-401c-8953-368f0ed9b12c']"
857c3ef0-ad6c-41f8-9fbd-c0213396fb51,35,"['48658afa-9373-4bbc-8332-583d93447526', '48658afa-9373-4bbc-8332-583d93447526', '48658afa-9373-4bbc-8332-583d93447526', '1ed3a703-132a-4db4-abe8-a96aca2493d0', '82c41aaa-8c52-43f1-8a11-1de730c0926b', '90f9e478-9eeb-440e-9c82-dba705d22f70', '8fe5bd8b-9016-40b1-b46d-c9ba4bf43ade', '992a16e0-2fd9-48c2-b97d-967bbac9e945', 'f85d4ec8-8f02-4aa4-a109-87c833033aa4', 'c38a1ad8-3870-41a1-bb2b-83d0940ee4bc']"
bf0349e9-e98d-4dfa-9512-3ee08fd8bcb9,44,"['0bd77dbb-55d8-4131-b096-abe8f48005d0', 'a75d95e8-5b41-458f-a862-687b5ce87da9', 'a75d95e8-5b41-458f-a862-687b5ce87da9', 'a75d95e8-5b41-458f-a862-687b5ce87da9', 'a75d95e8-5b41-458f-a862-687b5ce87da9', 'a75d95e8-5b41-458f-a862-687b5ce87da9', 'a75d95e8-5b41-458f-a862-687b5ce87da9', 'a75d95e8-5b41-458f-a862-687b5ce87da9', 'a75d95e8-5b41-458f-a862-687b5ce87da9', '252a86af-d681-435d-88d2-6d390b7db070']"
135a87a8-83e9-4f4f-9ada-5057c4e4100b,39,"['6544864c-bf8f-4b91-81be-4d4535dcd3ce', '6544864c-bf8f-4b91-81be-4d4535dcd3ce', '6544864c-bf8f-4b91-81be-4d4535dcd3ce', '6544864c-bf8f-4b91-81be-4d4535dcd3ce', '6544864c-bf8f-4b91-81be-4d4535dcd3ce', '4a7856de-28c9-41b1-9595-75793cdda23f', 'a92208ed-1f6e-4ac5-ab88-62b222f965f5', '3084d931-97dc-4b2a-95b2-8f2ce5640139', 'b9b82c0d-a477-4e05-8967-93f89317f53c', '895c0593-7537-42a9-8655-a6d4fcb5ccce']"
7ca6eace-2cb1-4dcb-bb19-d5068a2d8bf6,30,"['54b5fcfc-3a20-476d-bea3-0d5e8a57251b', '54b5fcfc-3a20-476d-bea3-0d5e8a57251b', '54b5fcfc-3a20-476d-bea3-0d5e8a57251b', '54b5fcfc-3a20-476d-bea3-0d5e8a57251b', '30085f28-9b23-4c7e-a5b4-35f8cfb9cbe2', '9243d892-1656-4ecc-87c8-fb4687770794', '160a1066-a251-450f-90a7-b2f2cd8c474c', '10e6a6b9-e06d-423c-8882-0c354b0a4d2b', '1bfc9a48-f428-4ec7-b233-54e06fe2d62f', 'c566b490-d8d3-4b9d-a318-b8bda6eff068']"
bf0349e9-e98d-4dfa-9512-3ee08fd8bcb9,45,"['a75d95e8-5b41-458f-a862-687b5ce87da9', 'a75d95e8-5b41-458f-a862-687b5ce87da9', 'a75d95e8-5b41-458f-a862-687b5ce87da9', 'a75d95e8-5b41-458f-a862-687b5ce87da9', 'a75d95e8-5b41-458f-a862-687b5ce87da9', 'a75d95e8-5b41-458f-a862-687b5ce87da9', 'a75d95e8-5b41-458f-a862-687b5ce87da9', 'a75d95e8-5b41-458f-a862-687b5ce87da9', '252a86af-d681-435d-88d2-6d390b7db070', '24d3a5cc-16a3-4e12-a3b1-980a34f40789']"
bf0349e9-e98d-4dfa-9512-3ee08fd8bcb9,46,"['a75d95e8-5b41-458f-a862-687b5ce87da9', 'a75d95e8-5b41-458f-a862-687b5ce87da9', 'a75d95e8-5b41-458f-a862-687b5ce87da9', 'a75d95e8-5b41-458f-a862-687b5ce87da9', 'a75d95e8-5b41-458f-a862-687b5ce87da9', 'a75d95e8-5b41-458f-a862-687b5ce87da9', 'a75d95e8-5b41-458f-a862-687b5ce87da9', 'a75d95e8-5b41-458f-a862-687b5ce87da9', '252a86af-d681-435d-88d2-6d390b7db070', '24d3a5cc-16a3-4e12-a3b1-980a34f40789']"
bf0349e9-e98d-4dfa-9512-3ee08fd8bcb9,47,"['a75d95e8-5b41-458f-a862-687b5ce87da9', 'a75d95e8-5b41-458f-a862-687b5ce87da9', 'a75d95e8-5b41-458f-a862-687b5ce87da9', 'a75d95e8-5b41-458f-a862-687b5ce87da9', 'a75d95e8-5b41-458f-a862-687b5ce87da9', 'a75d95e8-5b41-458f-a862-687b5ce87da9', 'a75d95e8-5b41-458f-a862-687b5ce87da9', 'a75d95e8-5b41-458f-a862-687b5ce87da9', '252a86af-d681-435d-88d2-6d390b7db070', '24d3a5cc-16a3-4e12-a3b1-980a34f40789']"
135a87a8-83e9-4f4f-9ada-5057c4e4100b,40,"['6544864c-bf8f-4b91-81be-4d4535dcd3ce', '6544864c-bf8f-4b91-81be-4d4535dcd3ce', '6544864c-bf8f-4b91-81be-4d4535dcd3ce', '6544864c-bf8f-4b91-81be-4d4535dcd3ce', '6544864c-bf8f-4b91-81be-4d4535dcd3ce', '6544864c-bf8f-4b91-81be-4d4535dcd3ce', '6544864c-bf8f-4b91-81be-4d4535dcd3ce', '6544864c-bf8f-4b91-81be-4d4535dcd3ce', '6544864c-bf8f-4b91-81be-4d4535dcd3ce', 'e3017ab2-0cfc-462b-ac3d-26899bc66d2d']"
64c5a991-8f09-4cd0-84ed-824d354f857f,39,"['4167fd21-9981-4956-bcbd-c0c8f6bad043', '4167fd21-9981-4956-bcbd-c0c8f6bad043', '4167fd21-9981-4956-bcbd-c0c8f6bad043', '38f5bf97-976b-4c29-aa1b-8f6f480ee10e', 'fa30be6c-d007-4117-88ee-aba8a586017e', '500517b2-43ce-4b01-acc1-9522de42051e', 'e90f7f5c-f87b-401c-8953-368f0ed9b12c', '0f4ec55e-742b-4eec-bf86-3fe052e7ecd4', '0b2aa784-e83b-4c7b-85a4-85e0e73e7cf8', '86ef3b40-448a-4be6-b3bd-f2857f76f7a7']"
857c3ef0-ad6c-41f8-9fbd-c0213396fb51,36,"['48658afa-9373-4bbc-8332-583d93447526', '48658afa-9373-4bbc-8332-583d93447526', '48658afa-9373-4bbc-8332-583d93447526', '48658afa-9373-4bbc-8332-583d93447526', '48658afa-9373-4bbc-8332-583d93447526', '48658afa-9373-4bbc-8332-583d93447526', '48658afa-9373-4bbc-8332-583d93447526', '048c44b9-315a-42d5-b81a-580b2f261839', '053da481-4989-4901-a595-08cd142c4ecc', 'b1212ab3-066d-4514-868f-93ddfb93c965']"
7ca6eace-2cb1-4dcb-bb19-d5068a2d8bf6,31,"['54b5fcfc-3a20-476d-bea3-0d5e8a57251b', '54b5fcfc-3a20-476d-bea3-0d5e8a57251b', '54b5fcfc-3a20-476d-bea3-0d5e8a57251b', '54b5fcfc-3a20-476d-bea3-0d5e8a57251b', '54b5fcfc-3a20-476d-bea3-0d5e8a57251b', '54b5fcfc-3a20-476d-bea3-0d5e8a57251b', '54b5fcfc-3a20-476d-bea3-0d5e8a57251b', '598ced03-66a4-4f50-991f-1cc79264def6', '9bcfc1e7-db51-49c7-9cc9-f8a4ea404b74', '530dd5d2-dbe1-4868-821f-a858318d03ca']"
bf0349e9-e98d-4dfa-9512-3ee08fd8bcb9,48,"['a75d95e8-5b41-458f-a862-687b5ce87da9', 'a75d95e8-5b41-458f-a862-687b5ce87da9', 'a75d95e8-5b41-458f-a862-687b5ce87da9', 'a75d95e8-5b41-458f-a862-687b5ce87da9', 'a75d95e8-5b41-458f-a862-687b5ce87da9', '252a86af-d681-435d-88d2-6d390b7db070', '24d3a5cc-16a3-4e12-a3b1-980a34f40789', '12780309-14ed-4874-b355-c242a3fb5042', 'bce85f17-c2f9-4397-938d-bcde7475ee5a', 'fcf9ddb7-6bb2-4a23-875f-42bdaac28a74']"
857c3ef0-ad6c-41f8-9fbd-c0213396fb51,37,"['48658afa-9373-4bbc-8332-583d93447526', '48658afa-9373-4bbc-8332-583d93447526', '48658afa-9373-4bbc-8332-583d93447526', '48658afa-9373-4bbc-8332-583d93447526', '48658afa-9373-4bbc-8332-583d93447526', '048c44b9-315a-42d5-b81a-580b2f261839', '053da481-4989-4901-a595-08cd142c4ecc', 'b1212ab3-066d-4514-868f-93ddfb93c965', 'dad8ce21-e8fe-416b-8096-4f3133fc05ab', '6ec0734e-2d91-4acc-9cad-48893fe7833d']"
135a87a8-83e9-4f4f-9ada-5057c4e4100b,41,"['6544864c-bf8f-4b91-81be-4d4535dcd3ce', '6544864c-bf8f-4b91-81be-4d4535dcd3ce', '6544864c-bf8f-4b91-81be-4d4535dcd3ce', '6544864c-bf8f-4b91-81be-4d4535dcd3ce', '6544864c-bf8f-4b91-81be-4d4535dcd3ce', '6544864c-bf8f-4b91-81be-4d4535dcd3ce', '6544864c-bf8f-4b91-81be-4d4535dcd3ce', '6be7d3ba-23e4-4898-ac68-001ecd81a91c', '047d516b-b87b-47c4-9b56-5066fb398bb0', '3b4ed4ca-e5a6-4b81-b628-f690e6b24c04']"
bf0349e9-e98d-4dfa-9512-3ee08fd8bcb9,49,"['a75d95e8-5b41-458f-a862-687b5ce87da9', 'a75d95e8-5b41-458f-a862-687b5ce87da9', 'a75d95e8-5b41-458f-a862-687b5ce87da9', 'a75d95e8-5b41-458f-a862-687b5ce87da9', '252a86af-d681-435d-88d2-6d390b7db070', '24d3a5cc-16a3-4e12-a3b1-980a34f40789', '12780309-14ed-4874-b355-c242a3fb5042', 'fcf9ddb7-6bb2-4a23-875f-42bdaac28a74', '11fac9de-fc83-49ad-8c34-e47cf3c2d5b9', 'f1b6c6ff-8f06-43a5-b8bf-03b91f15f954']"
857c3ef0-ad6c-41f8-9fbd-c0213396fb51,38,"['48658afa-9373-4bbc-8332-583d93447526', '48658afa-9373-4bbc-8332-583d93447526', '48658afa-9373-4bbc-8332-583d93447526', '48658afa-9373-4bbc-8332-583d93447526', '48658afa-9373-4bbc-8332-583d93447526', '48658afa-9373-4bbc-8332-583d93447526', '48658afa-9373-4bbc-8332-583d93447526', '48658afa-9373-4bbc-8332-583d93447526', '48658afa-9373-4bbc-8332-583d93447526', '15bebb30-be4a-44b2-9e79-a22a0ec32f96']"
7ca6eace-2cb1-4dcb-bb19-d5068a2d8bf6,32,"['54b5fcfc-3a20-476d-bea3-0d5e8a57251b', '54b5fcfc-3a20-476d-bea3-0d5e8a57251b', '54b5fcfc-3a20-476d-bea3-0d5e8a57251b', '54b5fcfc-3a20-476d-bea3-0d5e8a57251b', '54b5fcfc-3a20-476d-bea3-0d5e8a57251b', '598ced03-66a4-4f50-991f-1cc79264def6', '9bcfc1e7-db51-49c7-9cc9-f8a4ea404b74', '530dd5d2-dbe1-4868-821f-a858318d03ca', '7a7ee471-6404-4f70-b3ae-eb2432223e3a', '686a8ab0-ffc0-485e-b3f2-6bc58ab71618']"
135a87a8-83e9-4f4f-9ada-5057c4e4100b,42,"['6544864c-bf8f-4b91-81be-4d4535dcd3ce', '6544864c-bf8f-4b91-81be-4d4535dcd3ce', '6544864c-bf8f-4b91-81be-4d4535dcd3ce', '6544864c-bf8f-4b91-81be-4d4535dcd3ce', '6544864c-bf8f-4b91-81be-4d4535dcd3ce', '6544864c-bf8f-4b91-81be-4d4535dcd3ce', '6544864c-bf8f-4b91-81be-4d4535dcd3ce', '6be7d3ba-23e4-4898-ac68-001ecd81a91c', '2e280772-9a76-4c16-af31-648560e9c765', 'b38dbd5f-2f24-49a2-b20a-283d7a7de1d8']"
64c5a991-8f09-4cd0-84ed-824d354f857f,40,"['4167fd21-9981-4956-bcbd-c0c8f6bad043', '4167fd21-9981-4956-bcbd-c0c8f6bad043', '4167fd21-9981-4956-bcbd-c0c8f6bad043', '4167fd21-9981-4956-bcbd-c0c8f6bad043', '4167fd21-9981-4956-bcbd-c0c8f6bad043', 'b2245721-6ea6-425d-9403-a8ac3bf5766b', 'a7c9a7b0-19ad-42a5-91a5-4635bfc4ad40', '22302069-e206-470c-b176-e64af8858c29', 'f58b24ef-83ee-429c-aee7-e4ff09d9acf5', '1ef2ce80-7d53-4566-8046-31b297e2b35c']"
64c5a991-8f09-4cd0-84ed-824d354f857f,41,"['4167fd21-9981-4956-bcbd-c0c8f6bad043', '4167fd21-9981-4956-bcbd-c0c8f6bad043', '4167fd21-9981-4956-bcbd-c0c8f6bad043', '4167fd21-9981-4956-bcbd-c0c8f6bad043', 'b2245721-6ea6-425d-9403-a8ac3bf5766b', 'a7c9a7b0-19ad-42a5-91a5-4635bfc4ad40', '22302069-e206-470c-b176-e64af8858c29', '1ef2ce80-7d53-4566-8046-31b297e2b35c', 'f25d5052-4adb-4ece-9bbc-257bcf16f21f', 'f8564c41-1726-488a-bf1c-6dc5b6fb8e67']"
135a87a8-83e9-4f4f-9ada-5057c4e4100b,43,"['6544864c-bf8f-4b91-81be-4d4535dcd3ce', '6544864c-bf8f-4b91-81be-4d4535dcd3ce', '6544864c-bf8f-4b91-81be-4d4535dcd3ce', '6544864c-bf8f-4b91-81be-4d4535dcd3ce', '6544864c-bf8f-4b91-81be-4d4535dcd3ce', '6544864c-bf8f-4b91-81be-4d4535dcd3ce', '6be7d3ba-23e4-4898-ac68-001ecd81a91c', 'b38dbd5f-2f24-49a2-b20a-283d7a7de1d8', '8e5ff10f-ea3b-408d-b189-c099511f87b4', 'fd6cbff6-4abb-445a-9d6c-d4a0d53b8722']"
7ca6eace-2cb1-4dcb-bb19-d5068a2d8bf6,33,"['54b5fcfc-3a20-476d-bea3-0d5e8a57251b', '54b5fcfc-3a20-476d-bea3-0d5e8a57251b', '54b5fcfc-3a20-476d-bea3-0d5e8a57251b', '54b5fcfc-3a20-476d-bea3-0d5e8a57251b', '54b5fcfc-3a20-476d-bea3-0d5e8a57251b', '54b5fcfc-3a20-476d-bea3-0d5e8a57251b', '54b5fcfc-3a20-476d-bea3-0d5e8a57251b', '54b5fcfc-3a20-476d-bea3-0d5e8a57251b', '54b5fcfc-3a20-476d-bea3-0d5e8a57251b', '528e03a0-ff1f-48c0-9e6b-d37318eaba7e']"
7ca6eace-2cb1-4dcb-bb19-d5068a2d8bf6,34,"['54b5fcfc-3a20-476d-bea3-0d5e8a57251b', '54b5fcfc-3a20-476d-bea3-0d5e8a57251b', '54b5fcfc-3a20-476d-bea3-0d5e8a57251b', '54b5fcfc-3a20-476d-bea3-0d5e8a57251b', '54b5fcfc-3a20-476d-bea3-0d5e8a57251b', '54b5fcfc-3a20-476d-bea3-0d5e8a57251b', '54b5fcfc-3a20-476d-bea3-0d5e8a57251b', '54b5fcfc-3a20-476d-bea3-0d5e8a57251b', '54b5fcfc-3a20-476d-bea3-0d5e8a57251b', '528e03a0-ff1f-48c0-9e6b-d37318eaba7e']"
64c5a991-8f09-4cd0-84ed-824d354f857f,42,"['4167fd21-9981-4956-bcbd-c0c8f6bad043', '4167fd21-9981-4956-bcbd-c0c8f6bad043', '4167fd21-9981-4956-bcbd-c0c8f6bad043', '4167fd21-9981-4956-bcbd-c0c8f6bad043', '4167fd21-9981-4956-bcbd-c0c8f6bad043', '4167fd21-9981-4956-bcbd-c0c8f6bad043', '4167fd21-9981-4956-bcbd-c0c8f6bad043', '4167fd21-9981-4956-bcbd-c0c8f6bad043', '4167fd21-9981-4956-bcbd-c0c8f6bad043', '4fcd8a23-d754-4903-8ad7-a3e8c7363729']"
857c3ef0-ad6c-41f8-9fbd-c0213396fb51,39,"['48658afa-9373-4bbc-8332-583d93447526', '48658afa-9373-4bbc-8332-583d93447526', '48658afa-9373-4bbc-8332-583d93447526', '48658afa-9373-4bbc-8332-583d93447526', '48658afa-9373-4bbc-8332-583d93447526', '48658afa-9373-4bbc-8332-583d93447526', '15bebb30-be4a-44b2-9e79-a22a0ec32f96', 'ed00b77b-f616-44a8-bbce-1b5647f9fd8e', '4072622e-24d6-495a-8047-eab53f2e7450', '5719162c-d840-4fa5-a95e-78d4dcbe3d5f']"
7ca6eace-2cb1-4dcb-bb19-d5068a2d8bf6,35,"['54b5fcfc-3a20-476d-bea3-0d5e8a57251b', '54b5fcfc-3a20-476d-bea3-0d5e8a57251b', '54b5fcfc-3a20-476d-bea3-0d5e8a57251b', '54b5fcfc-3a20-476d-bea3-0d5e8a57251b', '54b5fcfc-3a20-476d-bea3-0d5e8a57251b', '54b5fcfc-3a20-476d-bea3-0d5e8a57251b', '54b5fcfc-3a20-476d-bea3-0d5e8a57251b', '54b5fcfc-3a20-476d-bea3-0d5e8a57251b', '528e03a0-ff1f-48c0-9e6b-d37318eaba7e', 'd14a6249-3bb9-4a06-b925-ba01ff829342']"
bf0349e9-e98d-4dfa-9512-3ee08fd8bcb9,50,"['a75d95e8-5b41-458f-a862-687b5ce87da9', 'a75d95e8-5b41-458f-a862-687b5ce87da9', 'a75d95e8-5b41-458f-a862-687b5ce87da9', 'a75d95e8-5b41-458f-a862-687b5ce87da9', 'a75d95e8-5b41-458f-a862-687b5ce87da9', '806a2e14-7ce7-4308-a518-3d37a178e509', '1b288766-f255-4f1d-b630-11707ecc87dc', '8b731d58-c090-45e1-b181-1001367d247d', '367f4df8-1e7a-4dcd-82f1-631576122fb8', '9ca342c0-c05f-4f32-9285-e6dc034608bf']"
135a87a8-83e9-4f4f-9ada-5057c4e4100b,44,"['6544864c-bf8f-4b91-81be-4d4535dcd3ce', '6544864c-bf8f-4b91-81be-4d4535dcd3ce', '6544864c-bf8f-4b91-81be-4d4535dcd3ce', '6544864c-bf8f-4b91-81be-4d4535dcd3ce', '6544864c-bf8f-4b91-81be-4d4535dcd3ce', '6be7d3ba-23e4-4898-ac68-001ecd81a91c', '8e5ff10f-ea3b-408d-b189-c099511f87b4', '63264f83-49cf-4702-93ae-416cfd5458ab', '799281ef-fe26-4c34-9ba6-df2da4690b69', '634786b4-d375-4253-ac6a-9018c93dfbf1']"
64c5a991-8f09-4cd0-84ed-824d354f857f,43,"['4167fd21-9981-4956-bcbd-c0c8f6bad043', '4167fd21-9981-4956-bcbd-c0c8f6bad043', '4167fd21-9981-4956-bcbd-c0c8f6bad043', '4167fd21-9981-4956-bcbd-c0c8f6bad043', '4167fd21-9981-4956-bcbd-c0c8f6bad043', '4167fd21-9981-4956-bcbd-c0c8f6bad043', '4fcd8a23-d754-4903-8ad7-a3e8c7363729', '0f98bfe4-8a4c-4f0a-89d9-0bbee7a4cd65', '2d05f38f-75d1-4af5-8350-734867479cf8', '96598807-462a-4d9c-a2d1-ad9e0a115cf1']"
135a87a8-83e9-4f4f-9ada-5057c4e4100b,45,"['6544864c-bf8f-4b91-81be-4d4535dcd3ce', '6544864c-bf8f-4b91-81be-4d4535dcd3ce', '6544864c-bf8f-4b91-81be-4d4535dcd3ce', '6544864c-bf8f-4b91-81be-4d4535dcd3ce', '6544864c-bf8f-4b91-81be-4d4535dcd3ce', '6544864c-bf8f-4b91-81be-4d4535dcd3ce', '6544864c-bf8f-4b91-81be-4d4535dcd3ce', '6544864c-bf8f-4b91-81be-4d4535dcd3ce', 'cc78ccf6-83e8-497c-b6ab-c7b5f670a11f', '2d5a703b-8cb9-4ee9-bfe9-5e294bdd8b3f']"
857c3ef0-ad6c-41f8-9fbd-c0213396fb51,40,"['48658afa-9373-4bbc-8332-583d93447526', '48658afa-9373-4bbc-8332-583d93447526', '48658afa-9373-4bbc-8332-583d93447526', '48658afa-9373-4bbc-8332-583d93447526', '48658afa-9373-4bbc-8332-583d93447526', '4072622e-24d6-495a-8047-eab53f2e7450', '5719162c-d840-4fa5-a95e-78d4dcbe3d5f', '4b4156f7-7ec8-4187-bb23-811d70964744', '70ae2b69-ebe7-4a04-a7e1-09fa4dfc3867', 'eef55acc-989d-4c11-9de8-72237a9c0e88']"
bf0349e9-e98d-4dfa-9512-3ee08fd8bcb9,51,"['a75d95e8-5b41-458f-a862-687b5ce87da9', 'a75d95e8-5b41-458f-a862-687b5ce87da9', 'a75d95e8-5b41-458f-a862-687b5ce87da9', '806a2e14-7ce7-4308-a518-3d37a178e509', '1b288766-f255-4f1d-b630-11707ecc87dc', '8b731d58-c090-45e1-b181-1001367d247d', '1441c0c0-a0d5-44bd-abfe-21ad4d734a87', '89610c1f-46a7-400e-980e-4367ac4759dd', 'ba389745-e074-40fc-a54f-7dbd08a6758e', 'e538315a-4c44-4366-9383-9a368a2f3d83']"
64c5a991-8f09-4cd0-84ed-824d354f857f,44,"['4167fd21-9981-4956-bcbd-c0c8f6bad043', '4167fd21-9981-4956-bcbd-c0c8f6bad043', '4167fd21-9981-4956-bcbd-c0c8f6bad043', '4167fd21-9981-4956-bcbd-c0c8f6bad043', '4167fd21-9981-4956-bcbd-c0c8f6bad043', '0f98bfe4-8a4c-4f0a-89d9-0bbee7a4cd65', '2d05f38f-75d1-4af5-8350-734867479cf8', '96598807-462a-4d9c-a2d1-ad9e0a115cf1', '951ccf06-537c-4461-9756-7f364969caf6', '9c4a1fa5-74c8-40d8-8032-3aad0aa8db1d']"
135a87a8-83e9-4f4f-9ada-5057c4e4100b,46,"['6544864c-bf8f-4b91-81be-4d4535dcd3ce', '6544864c-bf8f-4b91-81be-4d4535dcd3ce', '6544864c-bf8f-4b91-81be-4d4535dcd3ce', '6544864c-bf8f-4b91-81be-4d4535dcd3ce', '6544864c-bf8f-4b91-81be-4d4535dcd3ce', '6544864c-bf8f-4b91-81be-4d4535dcd3ce', 'cc78ccf6-83e8-497c-b6ab-c7b5f670a11f', '2d5a703b-8cb9-4ee9-bfe9-5e294bdd8b3f', 'b62e15ac-c4c0-498d-9c5c-3dfbb82e3775', 'a1c393b1-acce-40d1-b985-406039f1fe62']"
857c3ef0-ad6c-41f8-9fbd-c0213396fb51,41,"['48658afa-9373-4bbc-8332-583d93447526', '48658afa-9373-4bbc-8332-583d93447526', '48658afa-9373-4bbc-8332-583d93447526', '48658afa-9373-4bbc-8332-583d93447526', '48658afa-9373-4bbc-8332-583d93447526', '4072622e-24d6-495a-8047-eab53f2e7450', '4b4156f7-7ec8-4187-bb23-811d70964744', '70ae2b69-ebe7-4a04-a7e1-09fa4dfc3867', 'cd42ca85-76d2-4c6c-9626-04c3dbdabffa', 'd6cd3e20-a80b-48a6-8a5d-22e527caa37f']"
7ca6eace-2cb1-4dcb-bb19-d5068a2d8bf6,36,"['54b5fcfc-3a20-476d-bea3-0d5e8a57251b', '54b5fcfc-3a20-476d-bea3-0d5e8a57251b', '54b5fcfc-3a20-476d-bea3-0d5e8a57251b', '54b5fcfc-3a20-476d-bea3-0d5e8a57251b', '54b5fcfc-3a20-476d-bea3-0d5e8a57251b', '528e03a0-ff1f-48c0-9e6b-d37318eaba7e', 'a60f38c7-e3fb-4757-8f38-749eed8afd9e', '3c7f6c5e-88d2-4e0f-8598-f0b2123d11ef', 'f72fc6e9-2cc8-4276-b2b7-d03fedf3146d', 'f266e752-f121-437d-bfb8-1301b4893cbd']"
bf0349e9-e98d-4dfa-9512-3ee08fd8bcb9,52,"['a75d95e8-5b41-458f-a862-687b5ce87da9', 'a75d95e8-5b41-458f-a862-687b5ce87da9', 'a75d95e8-5b41-458f-a862-687b5ce87da9', 'a75d95e8-5b41-458f-a862-687b5ce87da9', 'a75d95e8-5b41-458f-a862-687b5ce87da9', 'a75d95e8-5b41-458f-a862-687b5ce87da9', 'a75d95e8-5b41-458f-a862-687b5ce87da9', 'a75d95e8-5b41-458f-a862-687b5ce87da9', 'aa9fff1e-3874-4142-844d-28cc338716f8', '9f69b958-84e9-486a-9213-35b2e56b0a46']"
7ca6eace-2cb1-4dcb-bb19-d5068a2d8bf6,37,"['54b5fcfc-3a20-476d-bea3-0d5e8a57251b', '54b5fcfc-3a20-476d-bea3-0d5e8a57251b', '54b5fcfc-3a20-476d-bea3-0d5e8a57251b', '54b5fcfc-3a20-476d-bea3-0d5e8a57251b', '54b5fcfc-3a20-476d-bea3-0d5e8a57251b', '54b5fcfc-3a20-476d-bea3-0d5e8a57251b', '54b5fcfc-3a20-476d-bea3-0d5e8a57251b', '54b5fcfc-3a20-476d-bea3-0d5e8a57251b', '54b5fcfc-3a20-476d-bea3-0d5e8a57251b', '54b5fcfc-3a20-476d-bea3-0d5e8a57251b']"
64c5a991-8f09-4cd0-84ed-824d354f857f,45,"['4167fd21-9981-4956-bcbd-c0c8f6bad043', '4167fd21-9981-4956-bcbd-c0c8f6bad043', '4167fd21-9981-4956-bcbd-c0c8f6bad043', '0f98bfe4-8a4c-4f0a-89d9-0bbee7a4cd65', '2d05f38f-75d1-4af5-8350-734867479cf8', '96598807-462a-4d9c-a2d1-ad9e0a115cf1', '951ccf06-537c-4461-9756-7f364969caf6', '9c4a1fa5-74c8-40d8-8032-3aad0aa8db1d', '4f7728e3-6393-4a49-8be0-4440d12917c4', '145611c8-8df4-412f-b335-d53b5db76fe1']"
135a87a8-83e9-4f4f-9ada-5057c4e4100b,47,"['6544864c-bf8f-4b91-81be-4d4535dcd3ce', '6544864c-bf8f-4b91-81be-4d4535dcd3ce', '6544864c-bf8f-4b91-81be-4d4535dcd3ce', '6544864c-bf8f-4b91-81be-4d4535dcd3ce', '6544864c-bf8f-4b91-81be-4d4535dcd3ce', 'cc78ccf6-83e8-497c-b6ab-c7b5f670a11f', 'b62e15ac-c4c0-498d-9c5c-3dfbb82e3775', 'a1c393b1-acce-40d1-b985-406039f1fe62', 'a774e0df-250f-42af-b5a1-31bedb3cf58c', 'cde0a0eb-3d99-4979-8d0a-000a06babd4a']"
bf0349e9-e98d-4dfa-9512-3ee08fd8bcb9,53,"['a75d95e8-5b41-458f-a862-687b5ce87da9', 'a75d95e8-5b41-458f-a862-687b5ce87da9', 'a75d95e8-5b41-458f-a862-687b5ce87da9', 'a75d95e8-5b41-458f-a862-687b5ce87da9', 'a75d95e8-5b41-458f-a862-687b5ce87da9', 'a75d95e8-5b41-458f-a862-687b5ce87da9', 'a75d95e8-5b41-458f-a862-687b5ce87da9', 'aa9fff1e-3874-4142-844d-28cc338716f8', '9f69b958-84e9-486a-9213-35b2e56b0a46', 'd330de52-b3b0-468f-bd93-a644f61a47a3']"
857c3ef0-ad6c-41f8-9fbd-c0213396fb51,42,"['48658afa-9373-4bbc-8332-583d93447526', '48658afa-9373-4bbc-8332-583d93447526', '48658afa-9373-4bbc-8332-583d93447526', '48658afa-9373-4bbc-8332-583d93447526', '4072622e-24d6-495a-8047-eab53f2e7450', '4b4156f7-7ec8-4187-bb23-811d70964744', 'cd42ca85-76d2-4c6c-9626-04c3dbdabffa', 'd6cd3e20-a80b-48a6-8a5d-22e527caa37f', '4810c14f-c9a1-4483-9dec-b895524a1cf4', '541d0381-6b4c-4084-9394-ab6cbe5dff36']"
64c5a991-8f09-4cd0-84ed-824d354f857f,46,"['4167fd21-9981-4956-bcbd-c0c8f6bad043', '4167fd21-9981-4956-bcbd-c0c8f6bad043', '4167fd21-9981-4956-bcbd-c0c8f6bad043', '4167fd21-9981-4956-bcbd-c0c8f6bad043', '4167fd21-9981-4956-bcbd-c0c8f6bad043', '4167fd21-9981-4956-bcbd-c0c8f6bad043', '4167fd21-9981-4956-bcbd-c0c8f6bad043', '4167fd21-9981-4956-bcbd-c0c8f6bad043', '5acae82c-d492-4648-a267-e3f6954fcde1', '76bb783c-bbe7-4795-bf42-ef1c5ce2f57f']"
7ca6eace-2cb1-4dcb-bb19-d5068a2d8bf6,38,"['54b5fcfc-3a20-476d-bea3-0d5e8a57251b', '54b5fcfc-3a20-476d-bea3-0d5e8a57251b', '54b5fcfc-3a20-476d-bea3-0d5e8a57251b', '54b5fcfc-3a20-476d-bea3-0d5e8a57251b', '54b5fcfc-3a20-476d-bea3-0d5e8a57251b', '54b5fcfc-3a20-476d-bea3-0d5e8a57251b', '54b5fcfc-3a20-476d-bea3-0d5e8a57251b', '54b5fcfc-3a20-476d-bea3-0d5e8a57251b', '54b5fcfc-3a20-476d-bea3-0d5e8a57251b', '48e38b06-b656-442a-b816-50ae4676b559']"
64c5a991-8f09-4cd0-84ed-824d354f857f,47,"['4167fd21-9981-4956-bcbd-c0c8f6bad043', '4167fd21-9981-4956-bcbd-c0c8f6bad043', '4167fd21-9981-4956-bcbd-c0c8f6bad043', '4167fd21-9981-4956-bcbd-c0c8f6bad043', '4167fd21-9981-4956-bcbd-c0c8f6bad043', '4167fd21-9981-4956-bcbd-c0c8f6bad043', '5acae82c-d492-4648-a267-e3f6954fcde1', '76bb783c-bbe7-4795-bf42-ef1c5ce2f57f', '776509c7-ee0e-46eb-81cd-8a9740eef388', '964a8f5d-3450-491f-8241-2e1e76c47bf8']"
135a87a8-83e9-4f4f-9ada-5057c4e4100b,48,"['6544864c-bf8f-4b91-81be-4d4535dcd3ce', '6544864c-bf8f-4b91-81be-4d4535dcd3ce', '6544864c-bf8f-4b91-81be-4d4535dcd3ce', '6544864c-bf8f-4b91-81be-4d4535dcd3ce', '6544864c-bf8f-4b91-81be-4d4535dcd3ce', '6544864c-bf8f-4b91-81be-4d4535dcd3ce', '6544864c-bf8f-4b91-81be-4d4535dcd3ce', '4fae3293-546c-4a39-b338-a0df7bc422f0', '35cddf02-9e22-4bdc-92b6-367b8a302372', '69f38d3a-7a9e-4abe-8c78-4d09fb615c23']"
7ca6eace-2cb1-4dcb-bb19-d5068a2d8bf6,39,"['54b5fcfc-3a20-476d-bea3-0d5e8a57251b', '54b5fcfc-3a20-476d-bea3-0d5e8a57251b', '54b5fcfc-3a20-476d-bea3-0d5e8a57251b', '54b5fcfc-3a20-476d-bea3-0d5e8a57251b', '54b5fcfc-3a20-476d-bea3-0d5e8a57251b', '54b5fcfc-3a20-476d-bea3-0d5e8a57251b', '54b5fcfc-3a20-476d-bea3-0d5e8a57251b', '54b5fcfc-3a20-476d-bea3-0d5e8a57251b', '48e38b06-b656-442a-b816-50ae4676b559', '8d931169-28dc-4bd6-904b-43988e4f431f']"
bf0349e9-e98d-4dfa-9512-3ee08fd8bcb9,54,"['a75d95e8-5b41-458f-a862-687b5ce87da9', 'a75d95e8-5b41-458f-a862-687b5ce87da9', 'a75d95e8-5b41-458f-a862-687b5ce87da9', 'a75d95e8-5b41-458f-a862-687b5ce87da9', 'a75d95e8-5b41-458f-a862-687b5ce87da9', '9f69b958-84e9-486a-9213-35b2e56b0a46', 'd330de52-b3b0-468f-bd93-a644f61a47a3', 'f79c5b7c-1311-49fd-9c5d-458e613844c5', 'dfc118ff-d1c8-4979-907d-de8e72cd47c8', '466cb2ce-72e6-4935-98ac-6d2221028b74']"
64c5a991-8f09-4cd0-84ed-824d354f857f,48,"['4167fd21-9981-4956-bcbd-c0c8f6bad043', '4167fd21-9981-4956-bcbd-c0c8f6bad043', '4167fd21-9981-4956-bcbd-c0c8f6bad043', '4167fd21-9981-4956-bcbd-c0c8f6bad043', '4167fd21-9981-4956-bcbd-c0c8f6bad043', '76bb783c-bbe7-4795-bf42-ef1c5ce2f57f', '776509c7-ee0e-46eb-81cd-8a9740eef388', '964a8f5d-3450-491f-8241-2e1e76c47bf8', '01cd3c4b-83f2-410a-ad95-5a9fd40dd97b', '02056c44-ef57-4bd9-b3a1-58a324c46fc9']"
135a87a8-83e9-4f4f-9ada-5057c4e4100b,49,"['6544864c-bf8f-4b91-81be-4d4535dcd3ce', '6544864c-bf8f-4b91-81be-4d4535dcd3ce', '6544864c-bf8f-4b91-81be-4d4535dcd3ce', '6544864c-bf8f-4b91-81be-4d4535dcd3ce', '6544864c-bf8f-4b91-81be-4d4535dcd3ce', '6544864c-bf8f-4b91-81be-4d4535dcd3ce', '35cddf02-9e22-4bdc-92b6-367b8a302372', '69f38d3a-7a9e-4abe-8c78-4d09fb615c23', 'e457c5fd-e229-4327-aa4e-cefd10b950cf', 'd1b048ee-c7a5-4101-b149-dedf02891dd7']"
857c3ef0-ad6c-41f8-9fbd-c0213396fb51,43,"['48658afa-9373-4bbc-8332-583d93447526', '48658afa-9373-4bbc-8332-583d93447526', '48658afa-9373-4bbc-8332-583d93447526', '48658afa-9373-4bbc-8332-583d93447526', '48658afa-9373-4bbc-8332-583d93447526', '48658afa-9373-4bbc-8332-583d93447526', 'a9fc58e8-8b3b-4be9-8ff5-a418a07493c6', '37406a81-c3ab-44a4-a041-f32b31191134', '22f58620-ca17-4369-9b04-434dd0749f01', 'b1ff6f9d-a581-4b2c-a05d-4862e3300577']"
7ca6eace-2cb1-4dcb-bb19-d5068a2d8bf6,40,"['54b5fcfc-3a20-476d-bea3-0d5e8a57251b', '54b5fcfc-3a20-476d-bea3-0d5e8a57251b', '54b5fcfc-3a20-476d-bea3-0d5e8a57251b', '54b5fcfc-3a20-476d-bea3-0d5e8a57251b', '54b5fcfc-3a20-476d-bea3-0d5e8a57251b', '54b5fcfc-3a20-476d-bea3-0d5e8a57251b', '54b5fcfc-3a20-476d-bea3-0d5e8a57251b', '8d931169-28dc-4bd6-904b-43988e4f431f', 'b0441322-f2af-4fd6-a498-07445f233b4c', '1e5997d7-16ba-4ac2-8eba-bd0561605646']"
64c5a991-8f09-4cd0-84ed-824d354f857f,49,"['4167fd21-9981-4956-bcbd-c0c8f6bad043', '4167fd21-9981-4956-bcbd-c0c8f6bad043', '4167fd21-9981-4956-bcbd-c0c8f6bad043', '4167fd21-9981-4956-bcbd-c0c8f6bad043', '76bb783c-bbe7-4795-bf42-ef1c5ce2f57f', '776509c7-ee0e-46eb-81cd-8a9740eef388', '964a8f5d-3450-491f-8241-2e1e76c47bf8', '01cd3c4b-83f2-410a-ad95-5a9fd40dd97b', 'c0f41ee4-bc2d-421a-8b28-c3eed54722f3', '99a2fd16-5044-44d3-b4c3-000be3577b51']"
135a87a8-83e9-4f4f-9ada-5057c4e4100b,50,"['6544864c-bf8f-4b91-81be-4d4535dcd3ce', '6544864c-bf8f-4b91-81be-4d4535dcd3ce', '6544864c-bf8f-4b91-81be-4d4535dcd3ce', '6544864c-bf8f-4b91-81be-4d4535dcd3ce', '6544864c-bf8f-4b91-81be-4d4535dcd3ce', '6544864c-bf8f-4b91-81be-4d4535dcd3ce', '35cddf02-9e22-4bdc-92b6-367b8a302372', 'e457c5fd-e229-4327-aa4e-cefd10b950cf', 'd1b048ee-c7a5-4101-b149-dedf02891dd7', '5d2f8760-524e-4d71-958b-db1026bd07f7']"
857c3ef0-ad6c-41f8-9fbd-c0213396fb51,44,"['48658afa-9373-4bbc-8332-583d93447526', '48658afa-9373-4bbc-8332-583d93447526', '48658afa-9373-4bbc-8332-583d93447526', '48658afa-9373-4bbc-8332-583d93447526', '48658afa-9373-4bbc-8332-583d93447526', '48658afa-9373-4bbc-8332-583d93447526', 'a9fc58e8-8b3b-4be9-8ff5-a418a07493c6', '22f58620-ca17-4369-9b04-434dd0749f01', 'b1ff6f9d-a581-4b2c-a05d-4862e3300577', '354c3c11-df76-4e71-bbd9-9e55e31b71fc']"
bf0349e9-e98d-4dfa-9512-3ee08fd8bcb9,55,"['a75d95e8-5b41-458f-a862-687b5ce87da9', 'a75d95e8-5b41-458f-a862-687b5ce87da9', 'a75d95e8-5b41-458f-a862-687b5ce87da9', 'a75d95e8-5b41-458f-a862-687b5ce87da9', 'a75d95e8-5b41-458f-a862-687b5ce87da9', 'a75d95e8-5b41-458f-a862-687b5ce87da9', 'a75d95e8-5b41-458f-a862-687b5ce87da9', '97d28ba5-03b7-476e-a033-18623a639e63', 'bef33d71-3bac-4423-88cb-fe118db1494d', '7ff5c910-a13f-470d-9387-a6b51ad6717e']"
135a87a8-83e9-4f4f-9ada-5057c4e4100b,51,"['6544864c-bf8f-4b91-81be-4d4535dcd3ce', '6544864c-bf8f-4b91-81be-4d4535dcd3ce', '6544864c-bf8f-4b91-81be-4d4535dcd3ce', '6544864c-bf8f-4b91-81be-4d4535dcd3ce', '6544864c-bf8f-4b91-81be-4d4535dcd3ce', '35cddf02-9e22-4bdc-92b6-367b8a302372', 'e457c5fd-e229-4327-aa4e-cefd10b950cf', 'd1b048ee-c7a5-4101-b149-dedf02891dd7', '5d2f8760-524e-4d71-958b-db1026bd07f7', '38967071-0a5e-41ed-a409-938b34287ca4']"
135a87a8-83e9-4f4f-9ada-5057c4e4100b,52,"['6544864c-bf8f-4b91-81be-4d4535dcd3ce', '6544864c-bf8f-4b91-81be-4d4535dcd3ce', '6544864c-bf8f-4b91-81be-4d4535dcd3ce', '6544864c-bf8f-4b91-81be-4d4535dcd3ce', '6544864c-bf8f-4b91-81be-4d4535dcd3ce', '6544864c-bf8f-4b91-81be-4d4535dcd3ce', '6544864c-bf8f-4b91-81be-4d4535dcd3ce', '6544864c-bf8f-4b91-81be-4d4535dcd3ce', '6544864c-bf8f-4b91-81be-4d4535dcd3ce', '6544864c-bf8f-4b91-81be-4d4535dcd3ce']"
135a87a8-83e9-4f4f-9ada-5057c4e4100b,53,"['6544864c-bf8f-4b91-81be-4d4535dcd3ce', '6544864c-bf8f-4b91-81be-4d4535dcd3ce', '6544864c-bf8f-4b91-81be-4d4535dcd3ce', '6544864c-bf8f-4b91-81be-4d4535dcd3ce', '6544864c-bf8f-4b91-81be-4d4535dcd3ce', '6544864c-bf8f-4b91-81be-4d4535dcd3ce', '6544864c-bf8f-4b91-81be-4d4535dcd3ce', '6544864c-bf8f-4b91-81be-4d4535dcd3ce', '6544864c-bf8f-4b91-81be-4d4535dcd3ce', '6544864c-bf8f-4b91-81be-4d4535dcd3ce']"
64c5a991-8f09-4cd0-84ed-824d354f857f,50,"['4167fd21-9981-4956-bcbd-c0c8f6bad043', '4167fd21-9981-4956-bcbd-c0c8f6bad043', '4167fd21-9981-4956-bcbd-c0c8f6bad043', '4167fd21-9981-4956-bcbd-c0c8f6bad043', '4167fd21-9981-4956-bcbd-c0c8f6bad043', '4167fd21-9981-4956-bcbd-c0c8f6bad043', '4167fd21-9981-4956-bcbd-c0c8f6bad043', '359cd514-ff78-477e-a8fc-49dac757f1c5', '3e71948f-a49f-4972-bec8-453b325d73e2', 'af6f8f39-5a66-42f9-8b05-2e249ea78149']"
135a87a8-83e9-4f4f-9ada-5057c4e4100b,54,"['6544864c-bf8f-4b91-81be-4d4535dcd3ce', '6544864c-bf8f-4b91-81be-4d4535dcd3ce', '6544864c-bf8f-4b91-81be-4d4535dcd3ce', '6544864c-bf8f-4b91-81be-4d4535dcd3ce', '6544864c-bf8f-4b91-81be-4d4535dcd3ce', '6544864c-bf8f-4b91-81be-4d4535dcd3ce', '6544864c-bf8f-4b91-81be-4d4535dcd3ce', '6544864c-bf8f-4b91-81be-4d4535dcd3ce', '34215fdb-c526-468c-901a-7ff6ab6b30b2', 'bbe4d7b0-4ac0-4156-8b96-02dff3c81024']"
135a87a8-83e9-4f4f-9ada-5057c4e4100b,55,"['6544864c-bf8f-4b91-81be-4d4535dcd3ce', '6544864c-bf8f-4b91-81be-4d4535dcd3ce', '6544864c-bf8f-4b91-81be-4d4535dcd3ce', '6544864c-bf8f-4b91-81be-4d4535dcd3ce', '6544864c-bf8f-4b91-81be-4d4535dcd3ce', '6544864c-bf8f-4b91-81be-4d4535dcd3ce', '6544864c-bf8f-4b91-81be-4d4535dcd3ce', '6544864c-bf8f-4b91-81be-4d4535dcd3ce', '34215fdb-c526-468c-901a-7ff6ab6b30b2', 'bbe4d7b0-4ac0-4156-8b96-02dff3c81024']"
7ca6eace-2cb1-4dcb-bb19-d5068a2d8bf6,41,"['54b5fcfc-3a20-476d-bea3-0d5e8a57251b', '54b5fcfc-3a20-476d-bea3-0d5e8a57251b', '54b5fcfc-3a20-476d-bea3-0d5e8a57251b', '54b5fcfc-3a20-476d-bea3-0d5e8a57251b', '54b5fcfc-3a20-476d-bea3-0d5e8a57251b', 'b0441322-f2af-4fd6-a498-07445f233b4c', '1e5997d7-16ba-4ac2-8eba-bd0561605646', '01a53629-a519-4f34-a035-417ab680d9cf', '504083be-ba9c-4f35-9459-9d0e0c614cfc', '6cee8487-24ad-41dd-b3c2-16aaa7df1b54']"
bf0349e9-e98d-4dfa-9512-3ee08fd8bcb9,56,"['a75d95e8-5b41-458f-a862-687b5ce87da9', 'a75d95e8-5b41-458f-a862-687b5ce87da9', 'a75d95e8-5b41-458f-a862-687b5ce87da9', 'a75d95e8-5b41-458f-a862-687b5ce87da9', 'a75d95e8-5b41-458f-a862-687b5ce87da9', '97d28ba5-03b7-476e-a033-18623a639e63', 'bef33d71-3bac-4423-88cb-fe118db1494d', 'a3037107-fc86-43b5-8044-1db5a16cbf05', '41b84ddb-15a9-470d-850b-b4a22a79226d', '1ddc4b26-bfef-4fcd-a988-2c70d36e3594']"
64c5a991-8f09-4cd0-84ed-824d354f857f,51,"['4167fd21-9981-4956-bcbd-c0c8f6bad043', '4167fd21-9981-4956-bcbd-c0c8f6bad043', '4167fd21-9981-4956-bcbd-c0c8f6bad043', '4167fd21-9981-4956-bcbd-c0c8f6bad043', '4167fd21-9981-4956-bcbd-c0c8f6bad043', '4167fd21-9981-4956-bcbd-c0c8f6bad043', '359cd514-ff78-477e-a8fc-49dac757f1c5', '3e71948f-a49f-4972-bec8-453b325d73e2', 'af6f8f39-5a66-42f9-8b05-2e249ea78149', 'e990b724-d831-4c61-a19b-9f2a49f0e080']"
857c3ef0-ad6c-41f8-9fbd-c0213396fb51,45,"['48658afa-9373-4bbc-8332-583d93447526', '48658afa-9373-4bbc-8332-583d93447526', '48658afa-9373-4bbc-8332-583d93447526', 'a9fc58e8-8b3b-4be9-8ff5-a418a07493c6', '22f58620-ca17-4369-9b04-434dd0749f01', 'b1ff6f9d-a581-4b2c-a05d-4862e3300577', '2523cead-90ea-49ab-9144-d229db03dedc', 'db7da7c6-bcdd-489d-adce-8ca831d69e7a', '544b79b0-7c10-4a0c-b7ad-cd143cd0e4a3', 'ddd6d01a-2c37-48a8-9857-154d727610c8']"
bf0349e9-e98d-4dfa-9512-3ee08fd8bcb9,57,"['a75d95e8-5b41-458f-a862-687b5ce87da9', 'a75d95e8-5b41-458f-a862-687b5ce87da9', 'a75d95e8-5b41-458f-a862-687b5ce87da9', 'a75d95e8-5b41-458f-a862-687b5ce87da9', 'a75d95e8-5b41-458f-a862-687b5ce87da9', 'a75d95e8-5b41-458f-a862-687b5ce87da9', 'a75d95e8-5b41-458f-a862-687b5ce87da9', 'a75d95e8-5b41-458f-a862-687b5ce87da9', 'a3021dc3-8cfe-4216-b84a-04dafacb6fc4', 'de2b8cf3-bdee-4fd5-97f9-ef45cc4d5c97']"
7ca6eace-2cb1-4dcb-bb19-d5068a2d8bf6,42,"['54b5fcfc-3a20-476d-bea3-0d5e8a57251b', '54b5fcfc-3a20-476d-bea3-0d5e8a57251b', '54b5fcfc-3a20-476d-bea3-0d5e8a57251b', '54b5fcfc-3a20-476d-bea3-0d5e8a57251b', '54b5fcfc-3a20-476d-bea3-0d5e8a57251b', 'b0441322-f2af-4fd6-a498-07445f233b4c', '01a53629-a519-4f34-a035-417ab680d9cf', '504083be-ba9c-4f35-9459-9d0e0c614cfc', '6cee8487-24ad-41dd-b3c2-16aaa7df1b54', '5f98f713-7f06-4b98-aad6-85cde2ce1070']"
64c5a991-8f09-4cd0-84ed-824d354f857f,52,"['4167fd21-9981-4956-bcbd-c0c8f6bad043', '4167fd21-9981-4956-bcbd-c0c8f6bad043', '4167fd21-9981-4956-bcbd-c0c8f6bad043', '4167fd21-9981-4956-bcbd-c0c8f6bad043', '4167fd21-9981-4956-bcbd-c0c8f6bad043', '359cd514-ff78-477e-a8fc-49dac757f1c5', '3e71948f-a49f-4972-bec8-453b325d73e2', 'af6f8f39-5a66-42f9-8b05-2e249ea78149', '3281237c-83e8-4b5d-b431-ef70babfeeca', '02ab0c97-3fab-408b-9963-af3ed68ba611']"
857c3ef0-ad6c-41f8-9fbd-c0213396fb51,46,"['48658afa-9373-4bbc-8332-583d93447526', '48658afa-9373-4bbc-8332-583d93447526', '48658afa-9373-4bbc-8332-583d93447526', '48658afa-9373-4bbc-8332-583d93447526', '48658afa-9373-4bbc-8332-583d93447526', '48658afa-9373-4bbc-8332-583d93447526', '48658afa-9373-4bbc-8332-583d93447526', '48658afa-9373-4bbc-8332-583d93447526', '44b4dc9b-c884-4a95-8ed6-0132cc21a5e3', '7087c0d8-d759-4165-834a-edbd4ed1d315']"
135a87a8-83e9-4f4f-9ada-5057c4e4100b,56,"['6544864c-bf8f-4b91-81be-4d4535dcd3ce', '6544864c-bf8f-4b91-81be-4d4535dcd3ce', '6544864c-bf8f-4b91-81be-4d4535dcd3ce', '6544864c-bf8f-4b91-81be-4d4535dcd3ce', '6544864c-bf8f-4b91-81be-4d4535dcd3ce', '34215fdb-c526-468c-901a-7ff6ab6b30b2', 'bbe4d7b0-4ac0-4156-8b96-02dff3c81024', 'be46e1ea-a4fa-4d26-b2b0-a6499afdd1d9', '30f97b61-7b1c-4d57-a34a-baf47fa5d681', '444ef0e3-d83a-43a3-8ee1-1dfc6f8dc29c']"
bf0349e9-e98d-4dfa-9512-3ee08fd8bcb9,58,"['a75d95e8-5b41-458f-a862-687b5ce87da9', 'a75d95e8-5b41-458f-a862-687b5ce87da9', 'a75d95e8-5b41-458f-a862-687b5ce87da9', 'a75d95e8-5b41-458f-a862-687b5ce87da9', 'a75d95e8-5b41-458f-a862-687b5ce87da9', 'a75d95e8-5b41-458f-a862-687b5ce87da9', 'a75d95e8-5b41-458f-a862-687b5ce87da9', 'a3021dc3-8cfe-4216-b84a-04dafacb6fc4', '704fee31-229c-4319-a324-f4d2224cb2a5', '0f59ed10-8509-4c30-bf59-ec1e2ab37171']"
64c5a991-8f09-4cd0-84ed-824d354f857f,53,"['4167fd21-9981-4956-bcbd-c0c8f6bad043', '4167fd21-9981-4956-bcbd-c0c8f6bad043', '4167fd21-9981-4956-bcbd-c0c8f6bad043', '4167fd21-9981-4956-bcbd-c0c8f6bad043', '4167fd21-9981-4956-bcbd-c0c8f6bad043', '359cd514-ff78-477e-a8fc-49dac757f1c5', '3e71948f-a49f-4972-bec8-453b325d73e2', 'af6f8f39-5a66-42f9-8b05-2e249ea78149', '3281237c-83e8-4b5d-b431-ef70babfeeca', '2389838b-c3d7-42e5-8965-1d40e80b2da9']"
857c3ef0-ad6c-41f8-9fbd-c0213396fb51,47,"['48658afa-9373-4bbc-8332-583d93447526', '48658afa-9373-4bbc-8332-583d93447526', '48658afa-9373-4bbc-8332-583d93447526', '48658afa-9373-4bbc-8332-583d93447526', '48658afa-9373-4bbc-8332-583d93447526', '48658afa-9373-4bbc-8332-583d93447526', '44b4dc9b-c884-4a95-8ed6-0132cc21a5e3', '7087c0d8-d759-4165-834a-edbd4ed1d315', '233eb9e1-2e49-426b-ac61-e40749423fb5', '031f523b-6fbb-41c8-99f2-d6c9409fa3be']"
135a87a8-83e9-4f4f-9ada-5057c4e4100b,57,"['6544864c-bf8f-4b91-81be-4d4535dcd3ce', '6544864c-bf8f-4b91-81be-4d4535dcd3ce', '6544864c-bf8f-4b91-81be-4d4535dcd3ce', '6544864c-bf8f-4b91-81be-4d4535dcd3ce', '6544864c-bf8f-4b91-81be-4d4535dcd3ce', '6544864c-bf8f-4b91-81be-4d4535dcd3ce', '6544864c-bf8f-4b91-81be-4d4535dcd3ce', '6544864c-bf8f-4b91-81be-4d4535dcd3ce', '01784a1f-47f7-46ec-9f73-ca74753bee85', '6dd59ac2-7973-41c6-8bd5-78317478b4ec']"
bf0349e9-e98d-4dfa-9512-3ee08fd8bcb9,59,"['a75d95e8-5b41-458f-a862-687b5ce87da9', 'a75d95e8-5b41-458f-a862-687b5ce87da9', 'a75d95e8-5b41-458f-a862-687b5ce87da9', 'a75d95e8-5b41-458f-a862-687b5ce87da9', 'a75d95e8-5b41-458f-a862-687b5ce87da9', 'a75d95e8-5b41-458f-a862-687b5ce87da9', '704fee31-229c-4319-a324-f4d2224cb2a5', '0f59ed10-8509-4c30-bf59-ec1e2ab37171', 'd57c1bba-19a6-419f-8e3d-ee081949627c', 'de758b44-bdf1-42e6-bedf-a75c92a5668b']"
64c5a991-8f09-4cd0-84ed-824d354f857f,54,"['4167fd21-9981-4956-bcbd-c0c8f6bad043', '4167fd21-9981-4956-bcbd-c0c8f6bad043', '4167fd21-9981-4956-bcbd-c0c8f6bad043', '4167fd21-9981-4956-bcbd-c0c8f6bad043', '4167fd21-9981-4956-bcbd-c0c8f6bad043', '3e71948f-a49f-4972-bec8-453b325d73e2', 'af6f8f39-5a66-42f9-8b05-2e249ea78149', '3281237c-83e8-4b5d-b431-ef70babfeeca', '2389838b-c3d7-42e5-8965-1d40e80b2da9', 'd2f26ae1-dc0c-445f-be0b-bfb5833e611c']"
135a87a8-83e9-4f4f-9ada-5057c4e4100b,58,"['6544864c-bf8f-4b91-81be-4d4535dcd3ce', '6544864c-bf8f-4b91-81be-4d4535dcd3ce', '6544864c-bf8f-4b91-81be-4d4535dcd3ce', '6544864c-bf8f-4b91-81be-4d4535dcd3ce', '6544864c-bf8f-4b91-81be-4d4535dcd3ce', '6544864c-bf8f-4b91-81be-4d4535dcd3ce', '01784a1f-47f7-46ec-9f73-ca74753bee85', '6dd59ac2-7973-41c6-8bd5-78317478b4ec', '34e1bfd7-f8c7-4db7-a97e-ea04f4291553', 'b6a4a302-6002-40a6-9369-4c0372707aa6']"
7ca6eace-2cb1-4dcb-bb19-d5068a2d8bf6,43,"['54b5fcfc-3a20-476d-bea3-0d5e8a57251b', '54b5fcfc-3a20-476d-bea3-0d5e8a57251b', '54b5fcfc-3a20-476d-bea3-0d5e8a57251b', '504083be-ba9c-4f35-9459-9d0e0c614cfc', '6cee8487-24ad-41dd-b3c2-16aaa7df1b54', '5f98f713-7f06-4b98-aad6-85cde2ce1070', 'f6291bc1-58d2-443c-a9ef-53ac0f36a4cd', '470cb96e-17fb-4ca0-a33e-28901982ff4e', '10394cb9-5565-4310-8a66-ebda28033f7c', 'f25b2b32-38cd-462f-8742-6b54ed7a985d']"
bf0349e9-e98d-4dfa-9512-3ee08fd8bcb9,60,"['a75d95e8-5b41-458f-a862-687b5ce87da9', 'a75d95e8-5b41-458f-a862-687b5ce87da9', 'a75d95e8-5b41-458f-a862-687b5ce87da9', 'a75d95e8-5b41-458f-a862-687b5ce87da9', 'a75d95e8-5b41-458f-a862-687b5ce87da9', '704fee31-229c-4319-a324-f4d2224cb2a5', 'd57c1bba-19a6-419f-8e3d-ee081949627c', 'de758b44-bdf1-42e6-bedf-a75c92a5668b', '52c5d34a-9ff5-4d7a-92f2-86921f804dc9', '6a940c27-367f-4d33-a142-64ca4dcabe99']"
135a87a8-83e9-4f4f-9ada-5057c4e4100b,59,"['6544864c-bf8f-4b91-81be-4d4535dcd3ce', '6544864c-bf8f-4b91-81be-4d4535dcd3ce', '6544864c-bf8f-4b91-81be-4d4535dcd3ce', '6544864c-bf8f-4b91-81be-4d4535dcd3ce', '6544864c-bf8f-4b91-81be-4d4535dcd3ce', '01784a1f-47f7-46ec-9f73-ca74753bee85', '6dd59ac2-7973-41c6-8bd5-78317478b4ec', '34e1bfd7-f8c7-4db7-a97e-ea04f4291553', 'b6a4a302-6002-40a6-9369-4c0372707aa6', '3a2565b3-d8bc-409b-9352-461efff00340']"
64c5a991-8f09-4cd0-84ed-824d354f857f,55,"['4167fd21-9981-4956-bcbd-c0c8f6bad043', '4167fd21-9981-4956-bcbd-c0c8f6bad043', '4167fd21-9981-4956-bcbd-c0c8f6bad043', '4167fd21-9981-4956-bcbd-c0c8f6bad043', '3e71948f-a49f-4972-bec8-453b325d73e2', 'af6f8f39-5a66-42f9-8b05-2e249ea78149', 'd2f26ae1-dc0c-445f-be0b-bfb5833e611c', '77d4f6f6-9a22-4abf-ad61-8f5074096013', 'ebfcdad9-e9b3-4460-9ba3-ceeaae4aa471', '550ed208-a788-49c9-8390-c263ea9908ba']"
857c3ef0-ad6c-41f8-9fbd-c0213396fb51,48,"['48658afa-9373-4bbc-8332-583d93447526', '48658afa-9373-4bbc-8332-583d93447526', '48658afa-9373-4bbc-8332-583d93447526', '48658afa-9373-4bbc-8332-583d93447526', '48658afa-9373-4bbc-8332-583d93447526', '5da81cf9-e30f-427a-9db2-24f66608b2b1', '2a9a0cb5-2bcc-4133-bea4-5a054b073da1', '36126da6-1dd7-4533-bf63-ed2790b37691', 'a7c4b7f9-1d2e-4526-9f1b-061abe33c653', '1a3bc028-cd2a-47a7-b98f-ad207eeb1e14']"
64c5a991-8f09-4cd0-84ed-824d354f857f,56,"['ebfcdad9-e9b3-4460-9ba3-ceeaae4aa471', 'ebfcdad9-e9b3-4460-9ba3-ceeaae4aa471', 'ebfcdad9-e9b3-4460-9ba3-ceeaae4aa471', 'ebfcdad9-e9b3-4460-9ba3-ceeaae4aa471', 'ebfcdad9-e9b3-4460-9ba3-ceeaae4aa471', 'ebfcdad9-e9b3-4460-9ba3-ceeaae4aa471', 'ebfcdad9-e9b3-4460-9ba3-ceeaae4aa471', 'ebfcdad9-e9b3-4460-9ba3-ceeaae4aa471', 'ebfcdad9-e9b3-4460-9ba3-ceeaae4aa471', 'eab12971-f759-4d77-804b-da8ba587ede0']"
135a87a8-83e9-4f4f-9ada-5057c4e4100b,60,"['6544864c-bf8f-4b91-81be-4d4535dcd3ce', '6544864c-bf8f-4b91-81be-4d4535dcd3ce', '6544864c-bf8f-4b91-81be-4d4535dcd3ce', '6544864c-bf8f-4b91-81be-4d4535dcd3ce', '6544864c-bf8f-4b91-81be-4d4535dcd3ce', '6544864c-bf8f-4b91-81be-4d4535dcd3ce', '6544864c-bf8f-4b91-81be-4d4535dcd3ce', '6544864c-bf8f-4b91-81be-4d4535dcd3ce', 'c3744553-610b-4d7f-8abc-937c3cfd0d90', '77757931-6656-4486-b522-fd013010f109']"
bf0349e9-e98d-4dfa-9512-3ee08fd8bcb9,61,"['a75d95e8-5b41-458f-a862-687b5ce87da9', 'a75d95e8-5b41-458f-a862-687b5ce87da9', 'a75d95e8-5b41-458f-a862-687b5ce87da9', 'a75d95e8-5b41-458f-a862-687b5ce87da9', 'de758b44-bdf1-42e6-bedf-a75c92a5668b', '6a940c27-367f-4d33-a142-64ca4dcabe99', 'c9a66bc0-a556-4934-aee9-97b10b48c88b', '2aed07c8-a4a5-4a52-a816-541563dbc4fd', '073d4c4d-b4da-4960-9371-4cef073bc3a5', '73a2e7fb-6c11-4410-aa9e-cbc1a5e7a5f1']"
135a87a8-83e9-4f4f-9ada-5057c4e4100b,61,"['6544864c-bf8f-4b91-81be-4d4535dcd3ce', '6544864c-bf8f-4b91-81be-4d4535dcd3ce', '6544864c-bf8f-4b91-81be-4d4535dcd3ce', '6544864c-bf8f-4b91-81be-4d4535dcd3ce', '6544864c-bf8f-4b91-81be-4d4535dcd3ce', '6544864c-bf8f-4b91-81be-4d4535dcd3ce', '6544864c-bf8f-4b91-81be-4d4535dcd3ce', 'c3744553-610b-4d7f-8abc-937c3cfd0d90', '77757931-6656-4486-b522-fd013010f109', '1f057357-6cdc-4bce-8f38-88c3d3ee404f']"
64c5a991-8f09-4cd0-84ed-824d354f857f,57,"['ebfcdad9-e9b3-4460-9ba3-ceeaae4aa471', 'ebfcdad9-e9b3-4460-9ba3-ceeaae4aa471', 'ebfcdad9-e9b3-4460-9ba3-ceeaae4aa471', 'ebfcdad9-e9b3-4460-9ba3-ceeaae4aa471', 'ebfcdad9-e9b3-4460-9ba3-ceeaae4aa471', 'ebfcdad9-e9b3-4460-9ba3-ceeaae4aa471', 'ebfcdad9-e9b3-4460-9ba3-ceeaae4aa471', 'eab12971-f759-4d77-804b-da8ba587ede0', 'cdbde518-7002-4396-86ea-c92b3de70c9b', '9035752f-5aba-4a3f-a38d-4402fe5f5919']"
bf0349e9-e98d-4dfa-9512-3ee08fd8bcb9,62,"['a75d95e8-5b41-458f-a862-687b5ce87da9', 'a75d95e8-5b41-458f-a862-687b5ce87da9', 'a75d95e8-5b41-458f-a862-687b5ce87da9', 'a75d95e8-5b41-458f-a862-687b5ce87da9', 'a75d95e8-5b41-458f-a862-687b5ce87da9', 'a75d95e8-5b41-458f-a862-687b5ce87da9', 'a75d95e8-5b41-458f-a862-687b5ce87da9', 'a75d95e8-5b41-458f-a862-687b5ce87da9', 'a75d95e8-5b41-458f-a862-687b5ce87da9', '92d6004c-b2d8-4953-9a4a-d09dcc3b9c5a']"
857c3ef0-ad6c-41f8-9fbd-c0213396fb51,49,"['48658afa-9373-4bbc-8332-583d93447526', '48658afa-9373-4bbc-8332-583d93447526', '48658afa-9373-4bbc-8332-583d93447526', '48658afa-9373-4bbc-8332-583d93447526', '2a9a0cb5-2bcc-4133-bea4-5a054b073da1', 'a7c4b7f9-1d2e-4526-9f1b-061abe33c653', '1a3bc028-cd2a-47a7-b98f-ad207eeb1e14', '93030fea-c670-48f8-ac32-721c2224a974', 'b556713a-297d-40a6-a49e-5d35080fef84', '141bd478-f5e1-435a-aab0-1dc49d62befa']"
7ca6eace-2cb1-4dcb-bb19-d5068a2d8bf6,44,"['54b5fcfc-3a20-476d-bea3-0d5e8a57251b', '54b5fcfc-3a20-476d-bea3-0d5e8a57251b', '54b5fcfc-3a20-476d-bea3-0d5e8a57251b', '6cee8487-24ad-41dd-b3c2-16aaa7df1b54', '7d368f7a-84a8-40d0-95e1-4b5e5d7d3041', '7a04ecc5-6a00-4139-845f-20c888853d28', '49521653-27ab-4dde-b16f-3140b2345e31', '1c229842-37d7-476b-8849-df5021564f65', '6e469204-0e8e-4dcd-8b74-a8ed901ba898', '68a76a17-107c-4f10-af80-a7e55e933c92']"
135a87a8-83e9-4f4f-9ada-5057c4e4100b,62,"['6544864c-bf8f-4b91-81be-4d4535dcd3ce', '6544864c-bf8f-4b91-81be-4d4535dcd3ce', '6544864c-bf8f-4b91-81be-4d4535dcd3ce', '6544864c-bf8f-4b91-81be-4d4535dcd3ce', '6544864c-bf8f-4b91-81be-4d4535dcd3ce', '6544864c-bf8f-4b91-81be-4d4535dcd3ce', 'c3744553-610b-4d7f-8abc-937c3cfd0d90', '77757931-6656-4486-b522-fd013010f109', '1f057357-6cdc-4bce-8f38-88c3d3ee404f', 'b7be348c-b8c1-4f0c-a083-d1e9896ef93f']"
bf0349e9-e98d-4dfa-9512-3ee08fd8bcb9,63,"['a75d95e8-5b41-458f-a862-687b5ce87da9', 'a75d95e8-5b41-458f-a862-687b5ce87da9', 'a75d95e8-5b41-458f-a862-687b5ce87da9', 'a75d95e8-5b41-458f-a862-687b5ce87da9', 'a75d95e8-5b41-458f-a862-687b5ce87da9', 'a75d95e8-5b41-458f-a862-687b5ce87da9', 'a75d95e8-5b41-458f-a862-687b5ce87da9', '92d6004c-b2d8-4953-9a4a-d09dcc3b9c5a', 'c3654e9d-0b4f-4ac3-bab8-85049e387265', 'ac03771d-2d2f-4466-9ff4-3f8ce81ccc1f']"
bf0349e9-e98d-4dfa-9512-3ee08fd8bcb9,64,"['a75d95e8-5b41-458f-a862-687b5ce87da9', 'a75d95e8-5b41-458f-a862-687b5ce87da9', 'a75d95e8-5b41-458f-a862-687b5ce87da9', 'a75d95e8-5b41-458f-a862-687b5ce87da9', 'a75d95e8-5b41-458f-a862-687b5ce87da9', 'a75d95e8-5b41-458f-a862-687b5ce87da9', 'a75d95e8-5b41-458f-a862-687b5ce87da9', '92d6004c-b2d8-4953-9a4a-d09dcc3b9c5a', 'c3654e9d-0b4f-4ac3-bab8-85049e387265', 'ac03771d-2d2f-4466-9ff4-3f8ce81ccc1f']"
135a87a8-83e9-4f4f-9ada-5057c4e4100b,63,"['6544864c-bf8f-4b91-81be-4d4535dcd3ce', '6544864c-bf8f-4b91-81be-4d4535dcd3ce', '6544864c-bf8f-4b91-81be-4d4535dcd3ce', '6544864c-bf8f-4b91-81be-4d4535dcd3ce', '6544864c-bf8f-4b91-81be-4d4535dcd3ce', 'c3744553-610b-4d7f-8abc-937c3cfd0d90', '77757931-6656-4486-b522-fd013010f109', '1f057357-6cdc-4bce-8f38-88c3d3ee404f', 'b7be348c-b8c1-4f0c-a083-d1e9896ef93f', '941a421a-71f6-4a7b-9f4f-6b9a485517dd']"
64c5a991-8f09-4cd0-84ed-824d354f857f,58,"['ebfcdad9-e9b3-4460-9ba3-ceeaae4aa471', 'ebfcdad9-e9b3-4460-9ba3-ceeaae4aa471', 'ebfcdad9-e9b3-4460-9ba3-ceeaae4aa471', 'ebfcdad9-e9b3-4460-9ba3-ceeaae4aa471', 'eab12971-f759-4d77-804b-da8ba587ede0', 'cdbde518-7002-4396-86ea-c92b3de70c9b', '9035752f-5aba-4a3f-a38d-4402fe5f5919', '67748241-4139-4f07-9bfe-0e0e1c5c87d2', 'c0774776-6160-4419-be23-bac6106067d4', '9cf05f77-c050-4bf2-92d1-388ddc0e6819']"
135a87a8-83e9-4f4f-9ada-5057c4e4100b,64,"['6544864c-bf8f-4b91-81be-4d4535dcd3ce', '6544864c-bf8f-4b91-81be-4d4535dcd3ce', '6544864c-bf8f-4b91-81be-4d4535dcd3ce', '6544864c-bf8f-4b91-81be-4d4535dcd3ce', '6544864c-bf8f-4b91-81be-4d4535dcd3ce', '6544864c-bf8f-4b91-81be-4d4535dcd3ce', '6544864c-bf8f-4b91-81be-4d4535dcd3ce', '6544864c-bf8f-4b91-81be-4d4535dcd3ce', '6544864c-bf8f-4b91-81be-4d4535dcd3ce', 'e53cd3c8-6c7c-422b-a7eb-dee4a6e7073e']"
857c3ef0-ad6c-41f8-9fbd-c0213396fb51,50,"['48658afa-9373-4bbc-8332-583d93447526', '48658afa-9373-4bbc-8332-583d93447526', '48658afa-9373-4bbc-8332-583d93447526', '48658afa-9373-4bbc-8332-583d93447526', '48658afa-9373-4bbc-8332-583d93447526', '48658afa-9373-4bbc-8332-583d93447526', '48658afa-9373-4bbc-8332-583d93447526', '319036af-8d67-433f-9929-a65a21d8c5ad', 'c8fe66af-97c4-46f8-a512-a82f8ddf2ef6', '5c303809-a2c9-443a-b27d-072dc2a46802']"
64c5a991-8f09-4cd0-84ed-824d354f857f,59,"['9cf05f77-c050-4bf2-92d1-388ddc0e6819', '9cf05f77-c050-4bf2-92d1-388ddc0e6819', '9cf05f77-c050-4bf2-92d1-388ddc0e6819', '9cf05f77-c050-4bf2-92d1-388ddc0e6819', '9cf05f77-c050-4bf2-92d1-388ddc0e6819', '9cf05f77-c050-4bf2-92d1-388ddc0e6819', '9cf05f77-c050-4bf2-92d1-388ddc0e6819', '9cf05f77-c050-4bf2-92d1-388ddc0e6819', '8033280e-2bb5-4bec-a143-c4a9f62707d3', 'e485931b-6437-43a1-b754-0b960fbe9f41']"
7ca6eace-2cb1-4dcb-bb19-d5068a2d8bf6,45,"['54b5fcfc-3a20-476d-bea3-0d5e8a57251b', '54b5fcfc-3a20-476d-bea3-0d5e8a57251b', '54b5fcfc-3a20-476d-bea3-0d5e8a57251b', '54b5fcfc-3a20-476d-bea3-0d5e8a57251b', '54b5fcfc-3a20-476d-bea3-0d5e8a57251b', '6cee8487-24ad-41dd-b3c2-16aaa7df1b54', '6cee8487-24ad-41dd-b3c2-16aaa7df1b54', 'd795c7f4-fbf5-4706-b168-eb0a482ddbbd', '8a7510c9-e702-4cb3-8dbf-89251a0f2bd1', '5109e215-6e91-4e40-a97e-b6314292b024']"
bf0349e9-e98d-4dfa-9512-3ee08fd8bcb9,65,"['a75d95e8-5b41-458f-a862-687b5ce87da9', 'a75d95e8-5b41-458f-a862-687b5ce87da9', 'a75d95e8-5b41-458f-a862-687b5ce87da9', 'a75d95e8-5b41-458f-a862-687b5ce87da9', '92d6004c-b2d8-4953-9a4a-d09dcc3b9c5a', 'c3654e9d-0b4f-4ac3-bab8-85049e387265', 'ac03771d-2d2f-4466-9ff4-3f8ce81ccc1f', '0aa357ea-53d6-4fa4-8a47-7b1e12c76afc', '9575ac30-a30f-4019-b96c-9f9cab5c1795', '86140e34-77ef-4b52-b222-f2b78b8338d5']"
135a87a8-83e9-4f4f-9ada-5057c4e4100b,65,"['6544864c-bf8f-4b91-81be-4d4535dcd3ce', '6544864c-bf8f-4b91-81be-4d4535dcd3ce', '6544864c-bf8f-4b91-81be-4d4535dcd3ce', '6544864c-bf8f-4b91-81be-4d4535dcd3ce', '6544864c-bf8f-4b91-81be-4d4535dcd3ce', '6544864c-bf8f-4b91-81be-4d4535dcd3ce', '6544864c-bf8f-4b91-81be-4d4535dcd3ce', '6544864c-bf8f-4b91-81be-4d4535dcd3ce', 'e53cd3c8-6c7c-422b-a7eb-dee4a6e7073e', '3209894c-b87d-4497-982c-7f743bcc4864']"
7ca6eace-2cb1-4dcb-bb19-d5068a2d8bf6,46,"['54b5fcfc-3a20-476d-bea3-0d5e8a57251b', '54b5fcfc-3a20-476d-bea3-0d5e8a57251b', '54b5fcfc-3a20-476d-bea3-0d5e8a57251b', '54b5fcfc-3a20-476d-bea3-0d5e8a57251b', '6cee8487-24ad-41dd-b3c2-16aaa7df1b54', '6cee8487-24ad-41dd-b3c2-16aaa7df1b54', 'd795c7f4-fbf5-4706-b168-eb0a482ddbbd', '8a7510c9-e702-4cb3-8dbf-89251a0f2bd1', 'ae8c15c1-0d71-4990-94c7-aebc7ed0a83e', 'acda12e7-a15b-41e8-aa6d-8d69aab26abf']"
135a87a8-83e9-4f4f-9ada-5057c4e4100b,66,"['6544864c-bf8f-4b91-81be-4d4535dcd3ce', '6544864c-bf8f-4b91-81be-4d4535dcd3ce', '6544864c-bf8f-4b91-81be-4d4535dcd3ce', '6544864c-bf8f-4b91-81be-4d4535dcd3ce', '6544864c-bf8f-4b91-81be-4d4535dcd3ce', '6544864c-bf8f-4b91-81be-4d4535dcd3ce', '6544864c-bf8f-4b91-81be-4d4535dcd3ce', '6544864c-bf8f-4b91-81be-4d4535dcd3ce', 'e53cd3c8-6c7c-422b-a7eb-dee4a6e7073e', 'e1468aa0-7ec4-411d-b5cb-a9169be76eaa']"
857c3ef0-ad6c-41f8-9fbd-c0213396fb51,51,"['48658afa-9373-4bbc-8332-583d93447526', '48658afa-9373-4bbc-8332-583d93447526', '48658afa-9373-4bbc-8332-583d93447526', '48658afa-9373-4bbc-8332-583d93447526', '48658afa-9373-4bbc-8332-583d93447526', '5c303809-a2c9-443a-b27d-072dc2a46802', '46e8cec3-8421-4eba-aa73-558c548e3d7e', '19757a4d-fb7d-4cac-9723-170769af5328', '212facb3-3e93-4880-a0af-c5186f31eb44', '29f5deea-4628-4896-a02f-87b87f00ca82']"
bf0349e9-e98d-4dfa-9512-3ee08fd8bcb9,66,"['a75d95e8-5b41-458f-a862-687b5ce87da9', 'a75d95e8-5b41-458f-a862-687b5ce87da9', 'a75d95e8-5b41-458f-a862-687b5ce87da9', 'a75d95e8-5b41-458f-a862-687b5ce87da9', 'a75d95e8-5b41-458f-a862-687b5ce87da9', 'a75d95e8-5b41-458f-a862-687b5ce87da9', '36268dae-4a57-4e6b-94f2-1d8d7f683307', 'aaab2823-1b30-4dbd-805b-d93f4f25b954', 'e0d23d7c-184b-420c-ac6d-2d208073d440', 'bc14e4de-a772-4a66-b580-53cc72b0520f']"
7ca6eace-2cb1-4dcb-bb19-d5068a2d8bf6,47,"['54b5fcfc-3a20-476d-bea3-0d5e8a57251b', '54b5fcfc-3a20-476d-bea3-0d5e8a57251b', '54b5fcfc-3a20-476d-bea3-0d5e8a57251b', '6cee8487-24ad-41dd-b3c2-16aaa7df1b54', '6cee8487-24ad-41dd-b3c2-16aaa7df1b54', 'd795c7f4-fbf5-4706-b168-eb0a482ddbbd', '8a7510c9-e702-4cb3-8dbf-89251a0f2bd1', 'ae8c15c1-0d71-4990-94c7-aebc7ed0a83e', 'acda12e7-a15b-41e8-aa6d-8d69aab26abf', 'f623bdbd-d55e-46e1-9fc8-bec8aa15cfc7']"
64c5a991-8f09-4cd0-84ed-824d354f857f,60,"['9cf05f77-c050-4bf2-92d1-388ddc0e6819', '9cf05f77-c050-4bf2-92d1-388ddc0e6819', '9cf05f77-c050-4bf2-92d1-388ddc0e6819', '9cf05f77-c050-4bf2-92d1-388ddc0e6819', 'e485931b-6437-43a1-b754-0b960fbe9f41', '280b35a2-b704-479c-9a18-e913b8d0e77c', '22a67bd4-392e-4729-82d5-99189254b9a5', 'f05393a5-519d-4606-946c-b7be94161205', '20e94d75-c587-45b4-8290-90801a872291', '7805327e-46a0-4226-b491-d1f3f48798fa']"
135a87a8-83e9-4f4f-9ada-5057c4e4100b,67,"['6544864c-bf8f-4b91-81be-4d4535dcd3ce', '6544864c-bf8f-4b91-81be-4d4535dcd3ce', '6544864c-bf8f-4b91-81be-4d4535dcd3ce', '6544864c-bf8f-4b91-81be-4d4535dcd3ce', '6544864c-bf8f-4b91-81be-4d4535dcd3ce', 'e53cd3c8-6c7c-422b-a7eb-dee4a6e7073e', 'e1468aa0-7ec4-411d-b5cb-a9169be76eaa', 'bcdb5bb0-a351-4155-a0de-5031b3fa2ffd', '96c3e2c1-3815-43fc-aeca-3c65a48087f5', '18acaf0a-7757-41ba-abaf-2394487a1c9d']"
7ca6eace-2cb1-4dcb-bb19-d5068a2d8bf6,48,"['54b5fcfc-3a20-476d-bea3-0d5e8a57251b', '54b5fcfc-3a20-476d-bea3-0d5e8a57251b', '54b5fcfc-3a20-476d-bea3-0d5e8a57251b', '54b5fcfc-3a20-476d-bea3-0d5e8a57251b', '54b5fcfc-3a20-476d-bea3-0d5e8a57251b', '6cee8487-24ad-41dd-b3c2-16aaa7df1b54', '6cee8487-24ad-41dd-b3c2-16aaa7df1b54', '6cee8487-24ad-41dd-b3c2-16aaa7df1b54', 'b5183b3b-e595-4dbe-8e68-a0c418f596ae', 'c3534b92-e915-4692-b927-2a9ffee56faf']"
64c5a991-8f09-4cd0-84ed-824d354f857f,61,"['9cf05f77-c050-4bf2-92d1-388ddc0e6819', '9cf05f77-c050-4bf2-92d1-388ddc0e6819', '9cf05f77-c050-4bf2-92d1-388ddc0e6819', '9cf05f77-c050-4bf2-92d1-388ddc0e6819', '9cf05f77-c050-4bf2-92d1-388ddc0e6819', '9cf05f77-c050-4bf2-92d1-388ddc0e6819', '9cf05f77-c050-4bf2-92d1-388ddc0e6819', '9cf05f77-c050-4bf2-92d1-388ddc0e6819', 'ae7e833a-c542-4ad9-ba60-7b853f310f9c', '78eac326-d4c2-46bf-acde-164b630f6369']"
bf0349e9-e98d-4dfa-9512-3ee08fd8bcb9,67,"['a75d95e8-5b41-458f-a862-687b5ce87da9', 'a75d95e8-5b41-458f-a862-687b5ce87da9', 'a75d95e8-5b41-458f-a862-687b5ce87da9', '36268dae-4a57-4e6b-94f2-1d8d7f683307', 'aaab2823-1b30-4dbd-805b-d93f4f25b954', 'e0d23d7c-184b-420c-ac6d-2d208073d440', 'd3f27476-067f-4a48-a16d-5aafaf7b8021', '8454c5d1-867c-432c-bf2e-b1f5e68c2cd7', 'd48ae747-c072-4465-9b9a-2ce69fd850ae', 'cec84776-c00f-4296-8684-c11e3d3339f1']"
857c3ef0-ad6c-41f8-9fbd-c0213396fb51,52,"['48658afa-9373-4bbc-8332-583d93447526', '48658afa-9373-4bbc-8332-583d93447526', '48658afa-9373-4bbc-8332-583d93447526', '48658afa-9373-4bbc-8332-583d93447526', '212facb3-3e93-4880-a0af-c5186f31eb44', '29f5deea-4628-4896-a02f-87b87f00ca82', '46854bb2-b1fb-4790-a741-5b9f0e9dbf64', '2d980c64-3a12-4969-b617-029e4c0334e3', '9721af99-5741-48c3-9fd9-fc7945e30f79', 'fbebcaf7-54ae-4992-9bec-ec59150a6b19']"
64c5a991-8f09-4cd0-84ed-824d354f857f,62,"['9cf05f77-c050-4bf2-92d1-388ddc0e6819', '9cf05f77-c050-4bf2-92d1-388ddc0e6819', '9cf05f77-c050-4bf2-92d1-388ddc0e6819', '9cf05f77-c050-4bf2-92d1-388ddc0e6819', '9cf05f77-c050-4bf2-92d1-388ddc0e6819', '9cf05f77-c050-4bf2-92d1-388ddc0e6819', 'ae7e833a-c542-4ad9-ba60-7b853f310f9c', '78eac326-d4c2-46bf-acde-164b630f6369', 'c285c263-76b4-426d-b6fa-ce1b41be5cb5', '0a093717-6acd-493b-a047-cf20463b1dfa']"
7ca6eace-2cb1-4dcb-bb19-d5068a2d8bf6,49,"['54b5fcfc-3a20-476d-bea3-0d5e8a57251b', '54b5fcfc-3a20-476d-bea3-0d5e8a57251b', '54b5fcfc-3a20-476d-bea3-0d5e8a57251b', '6cee8487-24ad-41dd-b3c2-16aaa7df1b54', '6cee8487-24ad-41dd-b3c2-16aaa7df1b54', '6cee8487-24ad-41dd-b3c2-16aaa7df1b54', 'b5183b3b-e595-4dbe-8e68-a0c418f596ae', 'c3534b92-e915-4692-b927-2a9ffee56faf', 'a6636512-c77f-4ba3-9cdf-004bcf9b46ba', 'c4bc91d6-be10-4e43-8fdc-a52cba86c692']"
135a87a8-83e9-4f4f-9ada-5057c4e4100b,68,"['6544864c-bf8f-4b91-81be-4d4535dcd3ce', '6544864c-bf8f-4b91-81be-4d4535dcd3ce', '6544864c-bf8f-4b91-81be-4d4535dcd3ce', '6544864c-bf8f-4b91-81be-4d4535dcd3ce', '6544864c-bf8f-4b91-81be-4d4535dcd3ce', '6544864c-bf8f-4b91-81be-4d4535dcd3ce', 'b6cf703c-32bc-4e2f-8c3d-0358f8b8b039', '23412e53-f109-489d-ac08-de7cf09d451b', 'f2f69e27-dcdb-475a-9caf-6d45af4996b9', '002a1983-04f3-47e3-8701-52bda09c60d1']"
64c5a991-8f09-4cd0-84ed-824d354f857f,63,"['9cf05f77-c050-4bf2-92d1-388ddc0e6819', '9cf05f77-c050-4bf2-92d1-388ddc0e6819', '9cf05f77-c050-4bf2-92d1-388ddc0e6819', '9cf05f77-c050-4bf2-92d1-388ddc0e6819', 'ae7e833a-c542-4ad9-ba60-7b853f310f9c', '78eac326-d4c2-46bf-acde-164b630f6369', 'c285c263-76b4-426d-b6fa-ce1b41be5cb5', '0a093717-6acd-493b-a047-cf20463b1dfa', 'af263df6-434c-4fc3-b9d7-ed7dac9028f1', 'f7e3636a-67bd-484d-b96c-0e9dfcafbeef']"
7ca6eace-2cb1-4dcb-bb19-d5068a2d8bf6,50,"['54b5fcfc-3a20-476d-bea3-0d5e8a57251b', '54b5fcfc-3a20-476d-bea3-0d5e8a57251b', '54b5fcfc-3a20-476d-bea3-0d5e8a57251b', '6cee8487-24ad-41dd-b3c2-16aaa7df1b54', '6cee8487-24ad-41dd-b3c2-16aaa7df1b54', 'b5183b3b-e595-4dbe-8e68-a0c418f596ae', 'c3534b92-e915-4692-b927-2a9ffee56faf', 'c4bc91d6-be10-4e43-8fdc-a52cba86c692', '4da70311-3165-4f24-8189-4670a94d91b9', '9d179b36-a0f5-437c-9627-bf0c30552570']"
bf0349e9-e98d-4dfa-9512-3ee08fd8bcb9,68,"['a75d95e8-5b41-458f-a862-687b5ce87da9', 'a75d95e8-5b41-458f-a862-687b5ce87da9', 'a75d95e8-5b41-458f-a862-687b5ce87da9', 'a75d95e8-5b41-458f-a862-687b5ce87da9', 'a75d95e8-5b41-458f-a862-687b5ce87da9', 'a75d95e8-5b41-458f-a862-687b5ce87da9', 'a75d95e8-5b41-458f-a862-687b5ce87da9', '6083a769-fc64-4569-b3ca-e6c3a1256cd2', '854ce1e4-46a8-43df-9ee2-fea2b2c52144', '803d7a39-64b8-409d-85d2-fcbccda995cb']"
7ca6eace-2cb1-4dcb-bb19-d5068a2d8bf6,51,"['54b5fcfc-3a20-476d-bea3-0d5e8a57251b', '54b5fcfc-3a20-476d-bea3-0d5e8a57251b', '54b5fcfc-3a20-476d-bea3-0d5e8a57251b', '54b5fcfc-3a20-476d-bea3-0d5e8a57251b', '54b5fcfc-3a20-476d-bea3-0d5e8a57251b', '54b5fcfc-3a20-476d-bea3-0d5e8a57251b', '6cee8487-24ad-41dd-b3c2-16aaa7df1b54', '6cee8487-24ad-41dd-b3c2-16aaa7df1b54', '6cee8487-24ad-41dd-b3c2-16aaa7df1b54', '6cee8487-24ad-41dd-b3c2-16aaa7df1b54']"
857c3ef0-ad6c-41f8-9fbd-c0213396fb51,53,"['48658afa-9373-4bbc-8332-583d93447526', '48658afa-9373-4bbc-8332-583d93447526', '48658afa-9373-4bbc-8332-583d93447526', '48658afa-9373-4bbc-8332-583d93447526', '48658afa-9373-4bbc-8332-583d93447526', '48658afa-9373-4bbc-8332-583d93447526', '48658afa-9373-4bbc-8332-583d93447526', '1a4e643e-7ff5-43ed-830e-de911722deaf', '978d10ce-6965-443a-a2c3-6430f01e9660', 'c2c70172-caa1-4aae-8b9e-ad6710db8dda']"
bf0349e9-e98d-4dfa-9512-3ee08fd8bcb9,69,"['a75d95e8-5b41-458f-a862-687b5ce87da9', 'a75d95e8-5b41-458f-a862-687b5ce87da9', 'a75d95e8-5b41-458f-a862-687b5ce87da9', 'a75d95e8-5b41-458f-a862-687b5ce87da9', 'a75d95e8-5b41-458f-a862-687b5ce87da9', 'a75d95e8-5b41-458f-a862-687b5ce87da9', '6083a769-fc64-4569-b3ca-e6c3a1256cd2', '854ce1e4-46a8-43df-9ee2-fea2b2c52144', '803d7a39-64b8-409d-85d2-fcbccda995cb', 'c857bae2-2f3a-4e5b-8c29-2363f6bf0420']"
135a87a8-83e9-4f4f-9ada-5057c4e4100b,69,"['6544864c-bf8f-4b91-81be-4d4535dcd3ce', '6544864c-bf8f-4b91-81be-4d4535dcd3ce', '6544864c-bf8f-4b91-81be-4d4535dcd3ce', 'b6cf703c-32bc-4e2f-8c3d-0358f8b8b039', 'f2f69e27-dcdb-475a-9caf-6d45af4996b9', '002a1983-04f3-47e3-8701-52bda09c60d1', 'a3e2c613-fe2c-4414-aa89-5d6c48e23c8c', '4467b0c0-ea82-41f1-b500-4b3ba8384489', 'fdaa6ddc-812e-43fb-bb1a-25e1a23e3880', 'cc44b6e6-088b-4492-b8bf-a14dbcf2054e']"
64c5a991-8f09-4cd0-84ed-824d354f857f,64,"['9cf05f77-c050-4bf2-92d1-388ddc0e6819', '9cf05f77-c050-4bf2-92d1-388ddc0e6819', '9cf05f77-c050-4bf2-92d1-388ddc0e6819', '9cf05f77-c050-4bf2-92d1-388ddc0e6819', '9cf05f77-c050-4bf2-92d1-388ddc0e6819', '9cf05f77-c050-4bf2-92d1-388ddc0e6819', '38dffb24-9eb2-4cae-8054-626e85bc5d1e', '762d148f-573c-4789-8d58-e2fdafbbebb3', '5d0a52c3-7b90-4731-8fae-14fbfbff55be', '7aa914b6-a960-4d8f-a51a-c5d6e29e3fe6']"
bf0349e9-e98d-4dfa-9512-3ee08fd8bcb9,70,"['a75d95e8-5b41-458f-a862-687b5ce87da9', 'a75d95e8-5b41-458f-a862-687b5ce87da9', 'a75d95e8-5b41-458f-a862-687b5ce87da9', 'a75d95e8-5b41-458f-a862-687b5ce87da9', 'a75d95e8-5b41-458f-a862-687b5ce87da9', '6083a769-fc64-4569-b3ca-e6c3a1256cd2', '854ce1e4-46a8-43df-9ee2-fea2b2c52144', '803d7a39-64b8-409d-85d2-fcbccda995cb', 'd2f9186a-883e-444f-9fb2-eed862da9a2d', '9ce858e7-e06c-4806-b6b3-72c00f9cab7b']"
7ca6eace-2cb1-4dcb-bb19-d5068a2d8bf6,52,"['54b5fcfc-3a20-476d-bea3-0d5e8a57251b', '54b5fcfc-3a20-476d-bea3-0d5e8a57251b', '54b5fcfc-3a20-476d-bea3-0d5e8a57251b', '54b5fcfc-3a20-476d-bea3-0d5e8a57251b', '6cee8487-24ad-41dd-b3c2-16aaa7df1b54', '6cee8487-24ad-41dd-b3c2-16aaa7df1b54', '6cee8487-24ad-41dd-b3c2-16aaa7df1b54', '2c90f788-ef80-48d2-b174-8719d67f7046', '242c5140-b8ee-46e3-81ff-8ee38d73242d', '0df54ad4-8012-4049-886f-121912ecaa92']"
857c3ef0-ad6c-41f8-9fbd-c0213396fb51,54,"['48658afa-9373-4bbc-8332-583d93447526', '48658afa-9373-4bbc-8332-583d93447526', '48658afa-9373-4bbc-8332-583d93447526', '48658afa-9373-4bbc-8332-583d93447526', '1a4e643e-7ff5-43ed-830e-de911722deaf', '978d10ce-6965-443a-a2c3-6430f01e9660', 'c2c70172-caa1-4aae-8b9e-ad6710db8dda', '63292af8-560c-4e0b-98ab-b99db48acc64', '68a492f2-aa36-48e8-9b59-e2d83a6f773f', 'b0ac53e6-0ba9-4930-8ae4-b7d93d205b7d']"
7ca6eace-2cb1-4dcb-bb19-d5068a2d8bf6,53,"['54b5fcfc-3a20-476d-bea3-0d5e8a57251b', '54b5fcfc-3a20-476d-bea3-0d5e8a57251b', '54b5fcfc-3a20-476d-bea3-0d5e8a57251b', '6cee8487-24ad-41dd-b3c2-16aaa7df1b54', '6cee8487-24ad-41dd-b3c2-16aaa7df1b54', '6cee8487-24ad-41dd-b3c2-16aaa7df1b54', '2c90f788-ef80-48d2-b174-8719d67f7046', '242c5140-b8ee-46e3-81ff-8ee38d73242d', '0df54ad4-8012-4049-886f-121912ecaa92', 'fc1a4700-71f0-44ea-8620-3bf48ace005d']"
64c5a991-8f09-4cd0-84ed-824d354f857f,65,"['9cf05f77-c050-4bf2-92d1-388ddc0e6819', '9cf05f77-c050-4bf2-92d1-388ddc0e6819', '9cf05f77-c050-4bf2-92d1-388ddc0e6819', '9cf05f77-c050-4bf2-92d1-388ddc0e6819', '9cf05f77-c050-4bf2-92d1-388ddc0e6819', '5d0a52c3-7b90-4731-8fae-14fbfbff55be', '7aa914b6-a960-4d8f-a51a-c5d6e29e3fe6', '1c2f0680-fbe3-46d7-9fe0-f7d25cf99e94', 'f98bb1d6-2c3c-4d3f-967e-c6e6623b0f93', '9b6796dd-1155-462c-b48b-f5f5e0a259ed']"
135a87a8-83e9-4f4f-9ada-5057c4e4100b,70,"['6544864c-bf8f-4b91-81be-4d4535dcd3ce', '6544864c-bf8f-4b91-81be-4d4535dcd3ce', '6544864c-bf8f-4b91-81be-4d4535dcd3ce', '6544864c-bf8f-4b91-81be-4d4535dcd3ce', '6544864c-bf8f-4b91-81be-4d4535dcd3ce', '12f44626-4fc1-4e36-bf2b-a6eba9cb42ce', '09656f94-b2e7-4ff8-a2a2-f0ac5fcc1ca1', '6c393108-a9e4-416c-8f3e-dd1d4e3cb376', '35abf342-8ac0-4eb3-8956-ee6aad8d73fa', '606b8d2f-6813-4727-a0f3-c1b842f50ade']"
857c3ef0-ad6c-41f8-9fbd-c0213396fb51,55,"['48658afa-9373-4bbc-8332-583d93447526', '48658afa-9373-4bbc-8332-583d93447526', '48658afa-9373-4bbc-8332-583d93447526', '48658afa-9373-4bbc-8332-583d93447526', '48658afa-9373-4bbc-8332-583d93447526', '48658afa-9373-4bbc-8332-583d93447526', '48658afa-9373-4bbc-8332-583d93447526', '48658afa-9373-4bbc-8332-583d93447526', '9a4dc2f1-d87b-41ef-a0b6-4e38c64c23c0', '444104c2-573d-4a62-900c-bf76546a919c']"
857c3ef0-ad6c-41f8-9fbd-c0213396fb51,56,"['48658afa-9373-4bbc-8332-583d93447526', '48658afa-9373-4bbc-8332-583d93447526', '48658afa-9373-4bbc-8332-583d93447526', '48658afa-9373-4bbc-8332-583d93447526', '48658afa-9373-4bbc-8332-583d93447526', '48658afa-9373-4bbc-8332-583d93447526', '48658afa-9373-4bbc-8332-583d93447526', '48658afa-9373-4bbc-8332-583d93447526', '9a4dc2f1-d87b-41ef-a0b6-4e38c64c23c0', '444104c2-573d-4a62-900c-bf76546a919c']"
bf0349e9-e98d-4dfa-9512-3ee08fd8bcb9,71,"['a75d95e8-5b41-458f-a862-687b5ce87da9', 'a75d95e8-5b41-458f-a862-687b5ce87da9', 'a75d95e8-5b41-458f-a862-687b5ce87da9', 'a75d95e8-5b41-458f-a862-687b5ce87da9', 'a75d95e8-5b41-458f-a862-687b5ce87da9', 'a75d95e8-5b41-458f-a862-687b5ce87da9', 'a75d95e8-5b41-458f-a862-687b5ce87da9', '3978f834-dce0-465b-a94c-68775bff39d0', '0177878b-5f48-47be-90bd-b6eb3b738b6b', '4f5f60db-38cc-4f42-8eae-83a43d1b6e67']"
64c5a991-8f09-4cd0-84ed-824d354f857f,66,"['9cf05f77-c050-4bf2-92d1-388ddc0e6819', '9cf05f77-c050-4bf2-92d1-388ddc0e6819', '9cf05f77-c050-4bf2-92d1-388ddc0e6819', '9cf05f77-c050-4bf2-92d1-388ddc0e6819', '9cf05f77-c050-4bf2-92d1-388ddc0e6819', '9cf05f77-c050-4bf2-92d1-388ddc0e6819', '9cf05f77-c050-4bf2-92d1-388ddc0e6819', '9cf05f77-c050-4bf2-92d1-388ddc0e6819', '9cf05f77-c050-4bf2-92d1-388ddc0e6819', '1686a87d-5629-47b6-88a3-0caf6ea3a373']"
64c5a991-8f09-4cd0-84ed-824d354f857f,67,"['9cf05f77-c050-4bf2-92d1-388ddc0e6819', '9cf05f77-c050-4bf2-92d1-388ddc0e6819', '9cf05f77-c050-4bf2-92d1-388ddc0e6819', '9cf05f77-c050-4bf2-92d1-388ddc0e6819', '9cf05f77-c050-4bf2-92d1-388ddc0e6819', '9cf05f77-c050-4bf2-92d1-388ddc0e6819', '9cf05f77-c050-4bf2-92d1-388ddc0e6819', '9cf05f77-c050-4bf2-92d1-388ddc0e6819', '9cf05f77-c050-4bf2-92d1-388ddc0e6819', '1686a87d-5629-47b6-88a3-0caf6ea3a373']"
135a87a8-83e9-4f4f-9ada-5057c4e4100b,71,"['6544864c-bf8f-4b91-81be-4d4535dcd3ce', '6544864c-bf8f-4b91-81be-4d4535dcd3ce', '6544864c-bf8f-4b91-81be-4d4535dcd3ce', '6544864c-bf8f-4b91-81be-4d4535dcd3ce', '6544864c-bf8f-4b91-81be-4d4535dcd3ce', '6544864c-bf8f-4b91-81be-4d4535dcd3ce', '6544864c-bf8f-4b91-81be-4d4535dcd3ce', '6544864c-bf8f-4b91-81be-4d4535dcd3ce', 'aff13312-3a44-4a0e-b34b-5016dc8e4409', '55de0829-a030-422b-8c27-fa48b99c5961']"
7ca6eace-2cb1-4dcb-bb19-d5068a2d8bf6,54,"['54b5fcfc-3a20-476d-bea3-0d5e8a57251b', '54b5fcfc-3a20-476d-bea3-0d5e8a57251b', '6cee8487-24ad-41dd-b3c2-16aaa7df1b54', '6cee8487-24ad-41dd-b3c2-16aaa7df1b54', '2c90f788-ef80-48d2-b174-8719d67f7046', '242c5140-b8ee-46e3-81ff-8ee38d73242d', '0df54ad4-8012-4049-886f-121912ecaa92', 'fc1a4700-71f0-44ea-8620-3bf48ace005d', '1fca7e6b-4cbd-4e1b-8383-bff2ec56c48b', '2f7509d4-9fe5-4075-a744-39d7ac4fd6b1']"
857c3ef0-ad6c-41f8-9fbd-c0213396fb51,57,"['48658afa-9373-4bbc-8332-583d93447526', '48658afa-9373-4bbc-8332-583d93447526', '48658afa-9373-4bbc-8332-583d93447526', '48658afa-9373-4bbc-8332-583d93447526', '48658afa-9373-4bbc-8332-583d93447526', '48658afa-9373-4bbc-8332-583d93447526', '48658afa-9373-4bbc-8332-583d93447526', '48658afa-9373-4bbc-8332-583d93447526', '9a4dc2f1-d87b-41ef-a0b6-4e38c64c23c0', 'cb5969ab-030e-4425-98bf-e04a4f16d607']"
857c3ef0-ad6c-41f8-9fbd-c0213396fb51,58,"['48658afa-9373-4bbc-8332-583d93447526', '48658afa-9373-4bbc-8332-583d93447526', '48658afa-9373-4bbc-8332-583d93447526', '48658afa-9373-4bbc-8332-583d93447526', '48658afa-9373-4bbc-8332-583d93447526', '48658afa-9373-4bbc-8332-583d93447526', '48658afa-9373-4bbc-8332-583d93447526', '48658afa-9373-4bbc-8332-583d93447526', '9a4dc2f1-d87b-41ef-a0b6-4e38c64c23c0', 'cb5969ab-030e-4425-98bf-e04a4f16d607']"
bf0349e9-e98d-4dfa-9512-3ee08fd8bcb9,72,"['a75d95e8-5b41-458f-a862-687b5ce87da9', 'a75d95e8-5b41-458f-a862-687b5ce87da9', 'a75d95e8-5b41-458f-a862-687b5ce87da9', 'a75d95e8-5b41-458f-a862-687b5ce87da9', 'a75d95e8-5b41-458f-a862-687b5ce87da9', 'a75d95e8-5b41-458f-a862-687b5ce87da9', '3978f834-dce0-465b-a94c-68775bff39d0', '0177878b-5f48-47be-90bd-b6eb3b738b6b', '4f5f60db-38cc-4f42-8eae-83a43d1b6e67', '63523ab3-2ce5-4bc1-a868-c1f72c326d22']"
135a87a8-83e9-4f4f-9ada-5057c4e4100b,72,"['6544864c-bf8f-4b91-81be-4d4535dcd3ce', '6544864c-bf8f-4b91-81be-4d4535dcd3ce', '6544864c-bf8f-4b91-81be-4d4535dcd3ce', '6544864c-bf8f-4b91-81be-4d4535dcd3ce', '6544864c-bf8f-4b91-81be-4d4535dcd3ce', '6544864c-bf8f-4b91-81be-4d4535dcd3ce', '6544864c-bf8f-4b91-81be-4d4535dcd3ce', 'aff13312-3a44-4a0e-b34b-5016dc8e4409', '55de0829-a030-422b-8c27-fa48b99c5961', 'a891f695-9f25-44c2-a071-1ba33a9e474a']"
bf0349e9-e98d-4dfa-9512-3ee08fd8bcb9,73,"['a75d95e8-5b41-458f-a862-687b5ce87da9', 'a75d95e8-5b41-458f-a862-687b5ce87da9', 'a75d95e8-5b41-458f-a862-687b5ce87da9', 'a75d95e8-5b41-458f-a862-687b5ce87da9', 'a75d95e8-5b41-458f-a862-687b5ce87da9', '3978f834-dce0-465b-a94c-68775bff39d0', '0177878b-5f48-47be-90bd-b6eb3b738b6b', '4f5f60db-38cc-4f42-8eae-83a43d1b6e67', '63523ab3-2ce5-4bc1-a868-c1f72c326d22', '0e4df50e-11c3-4776-8627-e5c2f2d62521']"
857c3ef0-ad6c-41f8-9fbd-c0213396fb51,59,"['48658afa-9373-4bbc-8332-583d93447526', '48658afa-9373-4bbc-8332-583d93447526', '48658afa-9373-4bbc-8332-583d93447526', '48658afa-9373-4bbc-8332-583d93447526', '48658afa-9373-4bbc-8332-583d93447526', '48658afa-9373-4bbc-8332-583d93447526', '48658afa-9373-4bbc-8332-583d93447526', '9a4dc2f1-d87b-41ef-a0b6-4e38c64c23c0', 'cb5969ab-030e-4425-98bf-e04a4f16d607', '972fb6b4-cef1-4a15-9f1a-b7f8896f5783']"
7ca6eace-2cb1-4dcb-bb19-d5068a2d8bf6,55,"['54b5fcfc-3a20-476d-bea3-0d5e8a57251b', '54b5fcfc-3a20-476d-bea3-0d5e8a57251b', '54b5fcfc-3a20-476d-bea3-0d5e8a57251b', '54b5fcfc-3a20-476d-bea3-0d5e8a57251b', '6cee8487-24ad-41dd-b3c2-16aaa7df1b54', '6cee8487-24ad-41dd-b3c2-16aaa7df1b54', '6cee8487-24ad-41dd-b3c2-16aaa7df1b54', '6cee8487-24ad-41dd-b3c2-16aaa7df1b54', 'cae3d911-1d45-4457-811c-141e978e3586', 'adddbfc7-ab73-4cd8-b3fd-c7cf93d0b0bc']"
64c5a991-8f09-4cd0-84ed-824d354f857f,68,"['9cf05f77-c050-4bf2-92d1-388ddc0e6819', '9cf05f77-c050-4bf2-92d1-388ddc0e6819', '9cf05f77-c050-4bf2-92d1-388ddc0e6819', '9cf05f77-c050-4bf2-92d1-388ddc0e6819', '9cf05f77-c050-4bf2-92d1-388ddc0e6819', '9cf05f77-c050-4bf2-92d1-388ddc0e6819', '1686a87d-5629-47b6-88a3-0caf6ea3a373', '76797a80-76fc-4790-a60a-0707daa06c85', 'cd7ef0e4-b1b4-4d21-8cb6-84aa9d9da8c8', '659c20a8-02d8-4137-b578-c5f902d7b89c']"
bf0349e9-e98d-4dfa-9512-3ee08fd8bcb9,74,"['a75d95e8-5b41-458f-a862-687b5ce87da9', 'a75d95e8-5b41-458f-a862-687b5ce87da9', 'a75d95e8-5b41-458f-a862-687b5ce87da9', 'a75d95e8-5b41-458f-a862-687b5ce87da9', 'a75d95e8-5b41-458f-a862-687b5ce87da9', 'a75d95e8-5b41-458f-a862-687b5ce87da9', 'a75d95e8-5b41-458f-a862-687b5ce87da9', 'a75d95e8-5b41-458f-a862-687b5ce87da9', '933da322-ad8d-4d1d-8550-b77484013dad', '20c0cd44-4ad8-44fa-a70d-cab71eb66977']"
135a87a8-83e9-4f4f-9ada-5057c4e4100b,73,"['6544864c-bf8f-4b91-81be-4d4535dcd3ce', '6544864c-bf8f-4b91-81be-4d4535dcd3ce', '6544864c-bf8f-4b91-81be-4d4535dcd3ce', '6544864c-bf8f-4b91-81be-4d4535dcd3ce', '6544864c-bf8f-4b91-81be-4d4535dcd3ce', '6544864c-bf8f-4b91-81be-4d4535dcd3ce', 'a891f695-9f25-44c2-a071-1ba33a9e474a', '3cc446f5-b050-4dc9-bdfc-077fb890ec0c', '92fa71ec-e8a6-4026-acd7-645b3830bba5', '4cd2fea6-3a10-49a2-8420-3eeb664048ee']"
64c5a991-8f09-4cd0-84ed-824d354f857f,69,"['9cf05f77-c050-4bf2-92d1-388ddc0e6819', '9cf05f77-c050-4bf2-92d1-388ddc0e6819', '9cf05f77-c050-4bf2-92d1-388ddc0e6819', '9cf05f77-c050-4bf2-92d1-388ddc0e6819', '9cf05f77-c050-4bf2-92d1-388ddc0e6819', '1686a87d-5629-47b6-88a3-0caf6ea3a373', '76797a80-76fc-4790-a60a-0707daa06c85', 'cd7ef0e4-b1b4-4d21-8cb6-84aa9d9da8c8', '63ac0124-d73d-47f3-b454-9ce8c8974219', '196c3e57-5fd8-4f7f-8009-2eeaa2b41921']"
857c3ef0-ad6c-41f8-9fbd-c0213396fb51,60,"['48658afa-9373-4bbc-8332-583d93447526', '48658afa-9373-4bbc-8332-583d93447526', '48658afa-9373-4bbc-8332-583d93447526', '48658afa-9373-4bbc-8332-583d93447526', '9a4dc2f1-d87b-41ef-a0b6-4e38c64c23c0', 'cb5969ab-030e-4425-98bf-e04a4f16d607', '972fb6b4-cef1-4a15-9f1a-b7f8896f5783', '39f525ca-2d87-4e63-bcc6-f1f23d28c889', '2f46b189-d554-4476-8e8a-3f5f8baa56d7', '4b754eeb-6858-4782-b2f9-b7476326d694']"
bf0349e9-e98d-4dfa-9512-3ee08fd8bcb9,75,"['a75d95e8-5b41-458f-a862-687b5ce87da9', 'a75d95e8-5b41-458f-a862-687b5ce87da9', 'a75d95e8-5b41-458f-a862-687b5ce87da9', 'a75d95e8-5b41-458f-a862-687b5ce87da9', 'a75d95e8-5b41-458f-a862-687b5ce87da9', 'a75d95e8-5b41-458f-a862-687b5ce87da9', 'a75d95e8-5b41-458f-a862-687b5ce87da9', '933da322-ad8d-4d1d-8550-b77484013dad', '6cbfb053-efda-4618-a650-03027e233103', 'ca8f2feb-4269-406c-a7c4-6319086b549b']"
135a87a8-83e9-4f4f-9ada-5057c4e4100b,74,"['6544864c-bf8f-4b91-81be-4d4535dcd3ce', '6544864c-bf8f-4b91-81be-4d4535dcd3ce', '6544864c-bf8f-4b91-81be-4d4535dcd3ce', '6544864c-bf8f-4b91-81be-4d4535dcd3ce', 'a891f695-9f25-44c2-a071-1ba33a9e474a', '3cc446f5-b050-4dc9-bdfc-077fb890ec0c', '92fa71ec-e8a6-4026-acd7-645b3830bba5', '4cd2fea6-3a10-49a2-8420-3eeb664048ee', '9a9b89fd-8352-4848-a8bc-465803e5be50', 'a59e8825-8366-423f-9d85-7c4bc12a30a4']"
64c5a991-8f09-4cd0-84ed-824d354f857f,70,"['9cf05f77-c050-4bf2-92d1-388ddc0e6819', '9cf05f77-c050-4bf2-92d1-388ddc0e6819', '9cf05f77-c050-4bf2-92d1-388ddc0e6819', '9cf05f77-c050-4bf2-92d1-388ddc0e6819', '9cf05f77-c050-4bf2-92d1-388ddc0e6819', '9cf05f77-c050-4bf2-92d1-388ddc0e6819', '9cf05f77-c050-4bf2-92d1-388ddc0e6819', '9cf05f77-c050-4bf2-92d1-388ddc0e6819', '9cf05f77-c050-4bf2-92d1-388ddc0e6819', 'f9209d9c-be63-442d-892c-7ffcf2d46375']"
857c3ef0-ad6c-41f8-9fbd-c0213396fb51,61,"['48658afa-9373-4bbc-8332-583d93447526', '48658afa-9373-4bbc-8332-583d93447526', '48658afa-9373-4bbc-8332-583d93447526', '48658afa-9373-4bbc-8332-583d93447526', '48658afa-9373-4bbc-8332-583d93447526', '48658afa-9373-4bbc-8332-583d93447526', '48658afa-9373-4bbc-8332-583d93447526', '48658afa-9373-4bbc-8332-583d93447526', '48658afa-9373-4bbc-8332-583d93447526', 'f01bacba-637b-44ac-8a78-b8ffec823598']"
7ca6eace-2cb1-4dcb-bb19-d5068a2d8bf6,56,"['54b5fcfc-3a20-476d-bea3-0d5e8a57251b', '54b5fcfc-3a20-476d-bea3-0d5e8a57251b', '54b5fcfc-3a20-476d-bea3-0d5e8a57251b', '6cee8487-24ad-41dd-b3c2-16aaa7df1b54', 'adddbfc7-ab73-4cd8-b3fd-c7cf93d0b0bc', '45c68a82-0484-41cb-bfe3-ba29b5ad9ab3', '5467673f-7509-4aed-80a8-7ad4ac441e9e', 'ad05af30-75ee-448b-ac99-613eafaab2ef', '7ee14df8-2926-4520-b3e2-99898266b49d', 'b3a71522-943e-4e17-94ba-b4385eaa4886']"
135a87a8-83e9-4f4f-9ada-5057c4e4100b,75,"['6544864c-bf8f-4b91-81be-4d4535dcd3ce', '6544864c-bf8f-4b91-81be-4d4535dcd3ce', '6544864c-bf8f-4b91-81be-4d4535dcd3ce', '6544864c-bf8f-4b91-81be-4d4535dcd3ce', '6544864c-bf8f-4b91-81be-4d4535dcd3ce', '6544864c-bf8f-4b91-81be-4d4535dcd3ce', '6544864c-bf8f-4b91-81be-4d4535dcd3ce', '6544864c-bf8f-4b91-81be-4d4535dcd3ce', '6544864c-bf8f-4b91-81be-4d4535dcd3ce', 'a382f4e9-dea6-43b2-9027-dc5efcada93a']"
64c5a991-8f09-4cd0-84ed-824d354f857f,71,"['9cf05f77-c050-4bf2-92d1-388ddc0e6819', '9cf05f77-c050-4bf2-92d1-388ddc0e6819', '9cf05f77-c050-4bf2-92d1-388ddc0e6819', '9cf05f77-c050-4bf2-92d1-388ddc0e6819', '9cf05f77-c050-4bf2-92d1-388ddc0e6819', '9cf05f77-c050-4bf2-92d1-388ddc0e6819', '9cf05f77-c050-4bf2-92d1-388ddc0e6819', '9cf05f77-c050-4bf2-92d1-388ddc0e6819', 'f9209d9c-be63-442d-892c-7ffcf2d46375', 'e1fc3454-79ae-451d-93b6-407c1ebd4942']"
64c5a991-8f09-4cd0-84ed-824d354f857f,72,"['9cf05f77-c050-4bf2-92d1-388ddc0e6819', '9cf05f77-c050-4bf2-92d1-388ddc0e6819', '9cf05f77-c050-4bf2-92d1-388ddc0e6819', '9cf05f77-c050-4bf2-92d1-388ddc0e6819', '9cf05f77-c050-4bf2-92d1-388ddc0e6819', '9cf05f77-c050-4bf2-92d1-388ddc0e6819', 'f9209d9c-be63-442d-892c-7ffcf2d46375', 'e1fc3454-79ae-451d-93b6-407c1ebd4942', '883390df-506c-4e15-a88f-7a2d0f8116e3', '98527a3a-5ab7-4d53-9986-809f2a8a148f']"
857c3ef0-ad6c-41f8-9fbd-c0213396fb51,62,"['48658afa-9373-4bbc-8332-583d93447526', '48658afa-9373-4bbc-8332-583d93447526', '48658afa-9373-4bbc-8332-583d93447526', '48658afa-9373-4bbc-8332-583d93447526', '48658afa-9373-4bbc-8332-583d93447526', 'f01bacba-637b-44ac-8a78-b8ffec823598', 'c40a8b2f-fa2a-4043-b7ca-a4277eb17f02', 'b228c80e-cf67-4a22-86b3-b1fd2ef755f7', 'a5e15553-e27e-433b-85df-045986294f42', '0103b048-2614-44c0-806c-0793ba6a07b0']"
857c3ef0-ad6c-41f8-9fbd-c0213396fb51,63,"['48658afa-9373-4bbc-8332-583d93447526', '48658afa-9373-4bbc-8332-583d93447526', '48658afa-9373-4bbc-8332-583d93447526', '48658afa-9373-4bbc-8332-583d93447526', '48658afa-9373-4bbc-8332-583d93447526', '48658afa-9373-4bbc-8332-583d93447526', '48658afa-9373-4bbc-8332-583d93447526', '48658afa-9373-4bbc-8332-583d93447526', '48658afa-9373-4bbc-8332-583d93447526', '48658afa-9373-4bbc-8332-583d93447526']"
7ca6eace-2cb1-4dcb-bb19-d5068a2d8bf6,57,"['54b5fcfc-3a20-476d-bea3-0d5e8a57251b', '54b5fcfc-3a20-476d-bea3-0d5e8a57251b', '54b5fcfc-3a20-476d-bea3-0d5e8a57251b', '54b5fcfc-3a20-476d-bea3-0d5e8a57251b', '54b5fcfc-3a20-476d-bea3-0d5e8a57251b', '6cee8487-24ad-41dd-b3c2-16aaa7df1b54', '6cee8487-24ad-41dd-b3c2-16aaa7df1b54', '172d316e-975c-4879-8b82-98049629812e', '662a35ec-e6e7-40ef-8fda-c601cde00f79', '73f6a555-b16d-44b3-98f0-59cfc439de3d']"
7ca6eace-2cb1-4dcb-bb19-d5068a2d8bf6,58,"['54b5fcfc-3a20-476d-bea3-0d5e8a57251b', '54b5fcfc-3a20-476d-bea3-0d5e8a57251b', '54b5fcfc-3a20-476d-bea3-0d5e8a57251b', '6cee8487-24ad-41dd-b3c2-16aaa7df1b54', '6cee8487-24ad-41dd-b3c2-16aaa7df1b54', '172d316e-975c-4879-8b82-98049629812e', '662a35ec-e6e7-40ef-8fda-c601cde00f79', '73f6a555-b16d-44b3-98f0-59cfc439de3d', 'e86c480f-3b34-48d9-83ea-6baa50647a87', '1bc19c0c-e627-4cfe-a0fd-d41ddc1892a9']"
64c5a991-8f09-4cd0-84ed-824d354f857f,73,"['9cf05f77-c050-4bf2-92d1-388ddc0e6819', '9cf05f77-c050-4bf2-92d1-388ddc0e6819', '9cf05f77-c050-4bf2-92d1-388ddc0e6819', '9cf05f77-c050-4bf2-92d1-388ddc0e6819', '98527a3a-5ab7-4d53-9986-809f2a8a148f', 'ad5732e7-6a4d-41d3-8f14-92e36f6ba6d6', '33885a09-fe21-4cfc-b4f6-9fb1d755112f', '4e542b45-43c3-46e3-9884-376da044b0eb', '00bc9028-475f-487d-b874-53dba03b75ab', 'c65970f4-6611-4a4a-8515-9e649c4f44a4']"
7ca6eace-2cb1-4dcb-bb19-d5068a2d8bf6,59,"['54b5fcfc-3a20-476d-bea3-0d5e8a57251b', '54b5fcfc-3a20-476d-bea3-0d5e8a57251b', '54b5fcfc-3a20-476d-bea3-0d5e8a57251b', '54b5fcfc-3a20-476d-bea3-0d5e8a57251b', '54b5fcfc-3a20-476d-bea3-0d5e8a57251b', '54b5fcfc-3a20-476d-bea3-0d5e8a57251b', '6cee8487-24ad-41dd-b3c2-16aaa7df1b54', '6cee8487-24ad-41dd-b3c2-16aaa7df1b54', '6cee8487-24ad-41dd-b3c2-16aaa7df1b54', '09010277-3501-473d-81d7-eacf1e0b1d6e']"
857c3ef0-ad6c-41f8-9fbd-c0213396fb51,64,"['48658afa-9373-4bbc-8332-583d93447526', '48658afa-9373-4bbc-8332-583d93447526', '48658afa-9373-4bbc-8332-583d93447526', '48658afa-9373-4bbc-8332-583d93447526', '48658afa-9373-4bbc-8332-583d93447526', 'e3289ca7-b4ad-43aa-870b-48c200345253', 'e42d52b2-0d3d-4375-8fd9-4908853f668d', '64f45567-c9db-441d-9e4f-b422e0681ba7', 'be475553-09cd-46d0-982e-892e2c0888ed', '9dfbff9c-e458-4bba-a425-177567eec98f']"
7ca6eace-2cb1-4dcb-bb19-d5068a2d8bf6,60,"['54b5fcfc-3a20-476d-bea3-0d5e8a57251b', '54b5fcfc-3a20-476d-bea3-0d5e8a57251b', '54b5fcfc-3a20-476d-bea3-0d5e8a57251b', '54b5fcfc-3a20-476d-bea3-0d5e8a57251b', '54b5fcfc-3a20-476d-bea3-0d5e8a57251b', '54b5fcfc-3a20-476d-bea3-0d5e8a57251b', '6cee8487-24ad-41dd-b3c2-16aaa7df1b54', '6cee8487-24ad-41dd-b3c2-16aaa7df1b54', '09010277-3501-473d-81d7-eacf1e0b1d6e', '620c5c66-f9eb-4928-b103-89b065142dfe']"
64c5a991-8f09-4cd0-84ed-824d354f857f,74,"['9cf05f77-c050-4bf2-92d1-388ddc0e6819', '9cf05f77-c050-4bf2-92d1-388ddc0e6819', '9cf05f77-c050-4bf2-92d1-388ddc0e6819', '9cf05f77-c050-4bf2-92d1-388ddc0e6819', '9cf05f77-c050-4bf2-92d1-388ddc0e6819', '9cf05f77-c050-4bf2-92d1-388ddc0e6819', '9cf05f77-c050-4bf2-92d1-388ddc0e6819', 'f37ba8e1-a3ea-471c-a384-23549221326d', 'abef330a-49d5-40e8-a5a7-733115265bb7', '256e6943-ade3-4804-80dc-0f062c60f2a2']"
857c3ef0-ad6c-41f8-9fbd-c0213396fb51,65,"['48658afa-9373-4bbc-8332-583d93447526', '48658afa-9373-4bbc-8332-583d93447526', '48658afa-9373-4bbc-8332-583d93447526', '48658afa-9373-4bbc-8332-583d93447526', '48658afa-9373-4bbc-8332-583d93447526', '48658afa-9373-4bbc-8332-583d93447526', '48658afa-9373-4bbc-8332-583d93447526', 'd7d48539-fc12-4329-b09f-de5cbbe71516', '630c93fb-e574-4064-a9da-10ea4ce5f021', '70d236fe-329b-421d-a71c-bd70f177a064']"
7ca6eace-2cb1-4dcb-bb19-d5068a2d8bf6,61,"['54b5fcfc-3a20-476d-bea3-0d5e8a57251b', '54b5fcfc-3a20-476d-bea3-0d5e8a57251b', '54b5fcfc-3a20-476d-bea3-0d5e8a57251b', '54b5fcfc-3a20-476d-bea3-0d5e8a57251b', '54b5fcfc-3a20-476d-bea3-0d5e8a57251b', '6cee8487-24ad-41dd-b3c2-16aaa7df1b54', '6cee8487-24ad-41dd-b3c2-16aaa7df1b54', '09010277-3501-473d-81d7-eacf1e0b1d6e', '26e5fc36-af99-42d2-8a57-5aa3d2bb6033', 'ac318413-b499-4712-bfb8-930cc97c92a7']"
64c5a991-8f09-4cd0-84ed-824d354f857f,75,"['9cf05f77-c050-4bf2-92d1-388ddc0e6819', '9cf05f77-c050-4bf2-92d1-388ddc0e6819', '9cf05f77-c050-4bf2-92d1-388ddc0e6819', '9cf05f77-c050-4bf2-92d1-388ddc0e6819', '9cf05f77-c050-4bf2-92d1-388ddc0e6819', '9cf05f77-c050-4bf2-92d1-388ddc0e6819', 'f37ba8e1-a3ea-471c-a384-23549221326d', 'abef330a-49d5-40e8-a5a7-733115265bb7', '4001ce99-8481-4c75-add2-6a58a412d345', 'dc3efd03-8aaf-41de-bfe7-2df28206f3e5']"
857c3ef0-ad6c-41f8-9fbd-c0213396fb51,66,"['48658afa-9373-4bbc-8332-583d93447526', '48658afa-9373-4bbc-8332-583d93447526', '48658afa-9373-4bbc-8332-583d93447526', '48658afa-9373-4bbc-8332-583d93447526', '48658afa-9373-4bbc-8332-583d93447526', 'd7d48539-fc12-4329-b09f-de5cbbe71516', '70d236fe-329b-421d-a71c-bd70f177a064', 'fb510f22-4eac-4fed-b087-14c2bc39d5f3', '1b0f6616-c646-48d0-b012-26cfc3b8d972', 'b64dd53c-be95-4d8e-ac4e-4a1d8c08d154']"
7ca6eace-2cb1-4dcb-bb19-d5068a2d8bf6,62,"['54b5fcfc-3a20-476d-bea3-0d5e8a57251b', '54b5fcfc-3a20-476d-bea3-0d5e8a57251b', '6cee8487-24ad-41dd-b3c2-16aaa7df1b54', '6cee8487-24ad-41dd-b3c2-16aaa7df1b54', '09010277-3501-473d-81d7-eacf1e0b1d6e', '26e5fc36-af99-42d2-8a57-5aa3d2bb6033', 'ac318413-b499-4712-bfb8-930cc97c92a7', '67715efa-d63f-4d7e-96f6-c0177bd202e2', '2096fc6e-7a83-43c4-ab7c-716f322731b3', 'd4266cfb-0cf0-401d-9990-dfc7ba0a5595']"
7ca6eace-2cb1-4dcb-bb19-d5068a2d8bf6,63,"['54b5fcfc-3a20-476d-bea3-0d5e8a57251b', '54b5fcfc-3a20-476d-bea3-0d5e8a57251b', '54b5fcfc-3a20-476d-bea3-0d5e8a57251b', '54b5fcfc-3a20-476d-bea3-0d5e8a57251b', '54b5fcfc-3a20-476d-bea3-0d5e8a57251b', '6cee8487-24ad-41dd-b3c2-16aaa7df1b54', '6cee8487-24ad-41dd-b3c2-16aaa7df1b54', '6cee8487-24ad-41dd-b3c2-16aaa7df1b54', '6cee8487-24ad-41dd-b3c2-16aaa7df1b54', '85554b4d-111c-4e22-b281-6e89d4b59e31']"
857c3ef0-ad6c-41f8-9fbd-c0213396fb51,67,"['48658afa-9373-4bbc-8332-583d93447526', '48658afa-9373-4bbc-8332-583d93447526', '48658afa-9373-4bbc-8332-583d93447526', 'd7d48539-fc12-4329-b09f-de5cbbe71516', '70d236fe-329b-421d-a71c-bd70f177a064', 'fb510f22-4eac-4fed-b087-14c2bc39d5f3', '1b0f6616-c646-48d0-b012-26cfc3b8d972', '89d08296-6761-429c-b298-524e152ad828', 'e6dd63ae-8228-4d9d-83b6-eebca058b48a', 'b7cd7e46-e76a-42e4-adeb-a2eccd78bee1']"
7ca6eace-2cb1-4dcb-bb19-d5068a2d8bf6,64,"['54b5fcfc-3a20-476d-bea3-0d5e8a57251b', '54b5fcfc-3a20-476d-bea3-0d5e8a57251b', '54b5fcfc-3a20-476d-bea3-0d5e8a57251b', '54b5fcfc-3a20-476d-bea3-0d5e8a57251b', '6cee8487-24ad-41dd-b3c2-16aaa7df1b54', '6cee8487-24ad-41dd-b3c2-16aaa7df1b54', '6cee8487-24ad-41dd-b3c2-16aaa7df1b54', '6cee8487-24ad-41dd-b3c2-16aaa7df1b54', '85554b4d-111c-4e22-b281-6e89d4b59e31', '718191da-9bb8-417c-91b8-e26ea53ca762']"
7ca6eace-2cb1-4dcb-bb19-d5068a2d8bf6,65,"['54b5fcfc-3a20-476d-bea3-0d5e8a57251b', '54b5fcfc-3a20-476d-bea3-0d5e8a57251b', '54b5fcfc-3a20-476d-bea3-0d5e8a57251b', '6cee8487-24ad-41dd-b3c2-16aaa7df1b54', '6cee8487-24ad-41dd-b3c2-16aaa7df1b54', '6cee8487-24ad-41dd-b3c2-16aaa7df1b54', '6cee8487-24ad-41dd-b3c2-16aaa7df1b54', '85554b4d-111c-4e22-b281-6e89d4b59e31', '718191da-9bb8-417c-91b8-e26ea53ca762', 'b5dcc312-aa9e-48ce-8717-a3211de664f6']"
857c3ef0-ad6c-41f8-9fbd-c0213396fb51,68,"['48658afa-9373-4bbc-8332-583d93447526', '48658afa-9373-4bbc-8332-583d93447526', '48658afa-9373-4bbc-8332-583d93447526', '48658afa-9373-4bbc-8332-583d93447526', '48658afa-9373-4bbc-8332-583d93447526', '48658afa-9373-4bbc-8332-583d93447526', '48658afa-9373-4bbc-8332-583d93447526', '48658afa-9373-4bbc-8332-583d93447526', '48658afa-9373-4bbc-8332-583d93447526', 'c04adbc8-fe19-4bfc-b6e0-7f261b31667e']"
857c3ef0-ad6c-41f8-9fbd-c0213396fb51,69,"['48658afa-9373-4bbc-8332-583d93447526', '48658afa-9373-4bbc-8332-583d93447526', '48658afa-9373-4bbc-8332-583d93447526', '48658afa-9373-4bbc-8332-583d93447526', '48658afa-9373-4bbc-8332-583d93447526', '48658afa-9373-4bbc-8332-583d93447526', '48658afa-9373-4bbc-8332-583d93447526', '48658afa-9373-4bbc-8332-583d93447526', 'c04adbc8-fe19-4bfc-b6e0-7f261b31667e', '3d40175e-b15b-4d11-9afd-a3d5f8af6c93']"
857c3ef0-ad6c-41f8-9fbd-c0213396fb51,70,"['48658afa-9373-4bbc-8332-583d93447526', '48658afa-9373-4bbc-8332-583d93447526', '48658afa-9373-4bbc-8332-583d93447526', '48658afa-9373-4bbc-8332-583d93447526', '48658afa-9373-4bbc-8332-583d93447526', '48658afa-9373-4bbc-8332-583d93447526', '48658afa-9373-4bbc-8332-583d93447526', 'c04adbc8-fe19-4bfc-b6e0-7f261b31667e', '3d40175e-b15b-4d11-9afd-a3d5f8af6c93', '87ecf22a-9861-421f-80a2-f17d89ac6c08']"
7ca6eace-2cb1-4dcb-bb19-d5068a2d8bf6,66,"['54b5fcfc-3a20-476d-bea3-0d5e8a57251b', '54b5fcfc-3a20-476d-bea3-0d5e8a57251b', '54b5fcfc-3a20-476d-bea3-0d5e8a57251b', '6cee8487-24ad-41dd-b3c2-16aaa7df1b54', '6cee8487-24ad-41dd-b3c2-16aaa7df1b54', '85554b4d-111c-4e22-b281-6e89d4b59e31', '86528b81-6b80-48b4-9270-0a3bd8b5ce80', 'a5a67858-043e-4220-80b9-a41b43fff64a', 'de1ad9d0-6f1a-4f6d-a82a-9f178002bc2f', '5ce30a5b-6f74-46a1-9301-d261ff0dbbda']"
7ca6eace-2cb1-4dcb-bb19-d5068a2d8bf6,67,"['54b5fcfc-3a20-476d-bea3-0d5e8a57251b', '54b5fcfc-3a20-476d-bea3-0d5e8a57251b', '6cee8487-24ad-41dd-b3c2-16aaa7df1b54', '6cee8487-24ad-41dd-b3c2-16aaa7df1b54', '85554b4d-111c-4e22-b281-6e89d4b59e31', '86528b81-6b80-48b4-9270-0a3bd8b5ce80', 'a5a67858-043e-4220-80b9-a41b43fff64a', 'de1ad9d0-6f1a-4f6d-a82a-9f178002bc2f', '5ce30a5b-6f74-46a1-9301-d261ff0dbbda', '1633ee88-ced8-48b9-8127-4db06e08d21e']"
7ca6eace-2cb1-4dcb-bb19-d5068a2d8bf6,68,"['54b5fcfc-3a20-476d-bea3-0d5e8a57251b', '54b5fcfc-3a20-476d-bea3-0d5e8a57251b', '54b5fcfc-3a20-476d-bea3-0d5e8a57251b', '54b5fcfc-3a20-476d-bea3-0d5e8a57251b', '6cee8487-24ad-41dd-b3c2-16aaa7df1b54', '6cee8487-24ad-41dd-b3c2-16aaa7df1b54', '6cee8487-24ad-41dd-b3c2-16aaa7df1b54', '6cee8487-24ad-41dd-b3c2-16aaa7df1b54', 'a5a67858-043e-4220-80b9-a41b43fff64a', 'a5a67858-043e-4220-80b9-a41b43fff64a']"
857c3ef0-ad6c-41f8-9fbd-c0213396fb51,71,"['48658afa-9373-4bbc-8332-583d93447526', '48658afa-9373-4bbc-8332-583d93447526', '48658afa-9373-4bbc-8332-583d93447526', '48658afa-9373-4bbc-8332-583d93447526', '48658afa-9373-4bbc-8332-583d93447526', '48658afa-9373-4bbc-8332-583d93447526', 'c04adbc8-fe19-4bfc-b6e0-7f261b31667e', '3d40175e-b15b-4d11-9afd-a3d5f8af6c93', '49da467b-d095-4a0c-bcaa-4a4c86e7517e', '42ff625f-106e-4721-b8be-7924f1a64c0f']"
7ca6eace-2cb1-4dcb-bb19-d5068a2d8bf6,69,"['54b5fcfc-3a20-476d-bea3-0d5e8a57251b', '54b5fcfc-3a20-476d-bea3-0d5e8a57251b', '54b5fcfc-3a20-476d-bea3-0d5e8a57251b', '54b5fcfc-3a20-476d-bea3-0d5e8a57251b', '6cee8487-24ad-41dd-b3c2-16aaa7df1b54', '6cee8487-24ad-41dd-b3c2-16aaa7df1b54', 'a5a67858-043e-4220-80b9-a41b43fff64a', 'a5a67858-043e-4220-80b9-a41b43fff64a', 'b0b9d491-273b-4456-b986-e042590f5b98', 'bc06261f-b314-4aad-a0a4-6272e6c1c718']"
857c3ef0-ad6c-41f8-9fbd-c0213396fb51,72,"['48658afa-9373-4bbc-8332-583d93447526', '48658afa-9373-4bbc-8332-583d93447526', '48658afa-9373-4bbc-8332-583d93447526', '48658afa-9373-4bbc-8332-583d93447526', '48658afa-9373-4bbc-8332-583d93447526', 'c04adbc8-fe19-4bfc-b6e0-7f261b31667e', '3d40175e-b15b-4d11-9afd-a3d5f8af6c93', '49da467b-d095-4a0c-bcaa-4a4c86e7517e', '42ff625f-106e-4721-b8be-7924f1a64c0f', 'ef900a0a-5d60-4974-92ff-c0f5a9166a9d']"
857c3ef0-ad6c-41f8-9fbd-c0213396fb51,73,"['48658afa-9373-4bbc-8332-583d93447526', '48658afa-9373-4bbc-8332-583d93447526', '48658afa-9373-4bbc-8332-583d93447526', '48658afa-9373-4bbc-8332-583d93447526', 'c04adbc8-fe19-4bfc-b6e0-7f261b31667e', '3d40175e-b15b-4d11-9afd-a3d5f8af6c93', '49da467b-d095-4a0c-bcaa-4a4c86e7517e', '42ff625f-106e-4721-b8be-7924f1a64c0f', 'e124dc33-ce06-4bc6-9bb6-dc4e66f5e57b', '830590b6-3a2c-4a36-a417-aa267572cef8']"
857c3ef0-ad6c-41f8-9fbd-c0213396fb51,74,"['48658afa-9373-4bbc-8332-583d93447526', '48658afa-9373-4bbc-8332-583d93447526', '48658afa-9373-4bbc-8332-583d93447526', '48658afa-9373-4bbc-8332-583d93447526', '48658afa-9373-4bbc-8332-583d93447526', '48658afa-9373-4bbc-8332-583d93447526', '48658afa-9373-4bbc-8332-583d93447526', '48658afa-9373-4bbc-8332-583d93447526', '48658afa-9373-4bbc-8332-583d93447526', '48658afa-9373-4bbc-8332-583d93447526']"
7ca6eace-2cb1-4dcb-bb19-d5068a2d8bf6,70,"['54b5fcfc-3a20-476d-bea3-0d5e8a57251b', '54b5fcfc-3a20-476d-bea3-0d5e8a57251b', '54b5fcfc-3a20-476d-bea3-0d5e8a57251b', 'a5a67858-043e-4220-80b9-a41b43fff64a', 'a5a67858-043e-4220-80b9-a41b43fff64a', 'bc06261f-b314-4aad-a0a4-6272e6c1c718', 'ba12c99d-36da-445c-a0f1-fd3d4a6c06af', '0961b4c6-e68b-4b88-b9da-20c40fc4d6ab', 'd009c290-ba05-4900-b3d5-cd0b38935584', 'b2b1da62-cb81-4cec-8979-05777b8924dc']"
857c3ef0-ad6c-41f8-9fbd-c0213396fb51,75,"['48658afa-9373-4bbc-8332-583d93447526', '48658afa-9373-4bbc-8332-583d93447526', '48658afa-9373-4bbc-8332-583d93447526', '48658afa-9373-4bbc-8332-583d93447526', '48658afa-9373-4bbc-8332-583d93447526', '48658afa-9373-4bbc-8332-583d93447526', '48658afa-9373-4bbc-8332-583d93447526', '48658afa-9373-4bbc-8332-583d93447526', '48658afa-9373-4bbc-8332-583d93447526', '50b2bad3-ef0c-4727-bda6-237b58f4d538']"
7ca6eace-2cb1-4dcb-bb19-d5068a2d8bf6,71,"['54b5fcfc-3a20-476d-bea3-0d5e8a57251b', '54b5fcfc-3a20-476d-bea3-0d5e8a57251b', '54b5fcfc-3a20-476d-bea3-0d5e8a57251b', '54b5fcfc-3a20-476d-bea3-0d5e8a57251b', 'a5a67858-043e-4220-80b9-a41b43fff64a', 'a5a67858-043e-4220-80b9-a41b43fff64a', 'a5a67858-043e-4220-80b9-a41b43fff64a', '016c4afd-63ef-4c83-a98c-3013c15102ab', '4f2ca1e3-228c-4069-959c-a69708f48934', '577e45e3-1609-42e4-ae0d-06e8a7202f7e']"
7ca6eace-2cb1-4dcb-bb19-d5068a2d8bf6,72,"['54b5fcfc-3a20-476d-bea3-0d5e8a57251b', '54b5fcfc-3a20-476d-bea3-0d5e8a57251b', '54b5fcfc-3a20-476d-bea3-0d5e8a57251b', 'a5a67858-043e-4220-80b9-a41b43fff64a', 'a5a67858-043e-4220-80b9-a41b43fff64a', 'a5a67858-043e-4220-80b9-a41b43fff64a', '016c4afd-63ef-4c83-a98c-3013c15102ab', '4f2ca1e3-228c-4069-959c-a69708f48934', '355eb715-64b3-4a6c-85b6-ffade7ea2f09', 'f7793d0e-67b5-44e0-a948-635733f126b3']"
7ca6eace-2cb1-4dcb-bb19-d5068a2d8bf6,73,"['54b5fcfc-3a20-476d-bea3-0d5e8a57251b', '54b5fcfc-3a20-476d-bea3-0d5e8a57251b', '54b5fcfc-3a20-476d-bea3-0d5e8a57251b', 'a5a67858-043e-4220-80b9-a41b43fff64a', 'a5a67858-043e-4220-80b9-a41b43fff64a', '4f2ca1e3-228c-4069-959c-a69708f48934', '355eb715-64b3-4a6c-85b6-ffade7ea2f09', 'f7793d0e-67b5-44e0-a948-635733f126b3', 'aee310b7-0633-442a-9754-036f44934b07', '6a5cdf49-3706-4e6d-901b-f0147a32a5c7']"
7ca6eace-2cb1-4dcb-bb19-d5068a2d8bf6,74,"['54b5fcfc-3a20-476d-bea3-0d5e8a57251b', '54b5fcfc-3a20-476d-bea3-0d5e8a57251b', '54b5fcfc-3a20-476d-bea3-0d5e8a57251b', '54b5fcfc-3a20-476d-bea3-0d5e8a57251b', 'a5a67858-043e-4220-80b9-a41b43fff64a', 'a5a67858-043e-4220-80b9-a41b43fff64a', 'a5a67858-043e-4220-80b9-a41b43fff64a', 'a5a67858-043e-4220-80b9-a41b43fff64a', 'a5a67858-043e-4220-80b9-a41b43fff64a', '31c57cd3-6cd3-43aa-838f-7e27bbfd4cbb']"
7ca6eace-2cb1-4dcb-bb19-d5068a2d8bf6,75,"['54b5fcfc-3a20-476d-bea3-0d5e8a57251b', '54b5fcfc-3a20-476d-bea3-0d5e8a57251b', '54b5fcfc-3a20-476d-bea3-0d5e8a57251b', 'a5a67858-043e-4220-80b9-a41b43fff64a', 'a5a67858-043e-4220-80b9-a41b43fff64a', '31c57cd3-6cd3-43aa-838f-7e27bbfd4cbb', 'bbdea2ca-fb1d-462e-99c2-2b764c743202', '5d367b34-398f-47d9-b375-a5dda13f3542', '8c3a91a7-d01b-4bf8-8e1b-e5479523c865', 'fe1fd001-9160-4de2-8531-e695171c6310']"
