run_id,itr,pool_members_uuids
38481db6-78b8-4432-b3d1-28dff0ac4d52,0,"['c52d6360-353b-4ad7-9b5b-b58e4a4bb0f8', 'c52d6360-353b-4ad7-9b5b-b58e4a4bb0f8', 'c52d6360-353b-4ad7-9b5b-b58e4a4bb0f8', 'c52d6360-353b-4ad7-9b5b-b58e4a4bb0f8', 'c52d6360-353b-4ad7-9b5b-b58e4a4bb0f8', 'c52d6360-353b-4ad7-9b5b-b58e4a4bb0f8', 'c52d6360-353b-4ad7-9b5b-b58e4a4bb0f8', 'c52d6360-353b-4ad7-9b5b-b58e4a4bb0f8', 'c52d6360-353b-4ad7-9b5b-b58e4a4bb0f8', 'c52d6360-353b-4ad7-9b5b-b58e4a4bb0f8', 'c52d6360-353b-4ad7-9b5b-b58e4a4bb0f8', 'c52d6360-353b-4ad7-9b5b-b58e4a4bb0f8', 'c52d6360-353b-4ad7-9b5b-b58e4a4bb0f8', 'c52d6360-353b-4ad7-9b5b-b58e4a4bb0f8', 'c52d6360-353b-4ad7-9b5b-b58e4a4bb0f8', 'c52d6360-353b-4ad7-9b5b-b58e4a4bb0f8', 'c52d6360-353b-4ad7-9b5b-b58e4a4bb0f8', 'c52d6360-353b-4ad7-9b5b-b58e4a4bb0f8', 'c52d6360-353b-4ad7-9b5b-b58e4a4bb0f8', 'c52d6360-353b-4ad7-9b5b-b58e4a4bb0f8', 'c52d6360-353b-4ad7-9b5b-b58e4a4bb0f8', 'c52d6360-353b-4ad7-9b5b-b58e4a4bb0f8', 'c52d6360-353b-4ad7-9b5b-b58e4a4bb0f8', 'c52d6360-353b-4ad7-9b5b-b58e4a4bb0f8', 'c52d6360-353b-4ad7-9b5b-b58e4a4bb0f8', 'c52d6360-353b-4ad7-9b5b-b58e4a4bb0f8', 'c52d6360-353b-4ad7-9b5b-b58e4a4bb0f8', 'c52d6360-353b-4ad7-9b5b-b58e4a4bb0f8', 'c52d6360-353b-4ad7-9b5b-b58e4a4bb0f8', 'c52d6360-353b-4ad7-9b5b-b58e4a4bb0f8', 'c52d6360-353b-4ad7-9b5b-b58e4a4bb0f8', 'c52d6360-353b-4ad7-9b5b-b58e4a4bb0f8', 'c52d6360-353b-4ad7-9b5b-b58e4a4bb0f8', 'c52d6360-353b-4ad7-9b5b-b58e4a4bb0f8', 'c52d6360-353b-4ad7-9b5b-b58e4a4bb0f8', 'c52d6360-353b-4ad7-9b5b-b58e4a4bb0f8', 'c52d6360-353b-4ad7-9b5b-b58e4a4bb0f8', 'c52d6360-353b-4ad7-9b5b-b58e4a4bb0f8', 'c52d6360-353b-4ad7-9b5b-b58e4a4bb0f8', 'c52d6360-353b-4ad7-9b5b-b58e4a4bb0f8', 'c52d6360-353b-4ad7-9b5b-b58e4a4bb0f8', 'c52d6360-353b-4ad7-9b5b-b58e4a4bb0f8', 'c52d6360-353b-4ad7-9b5b-b58e4a4bb0f8', 'c52d6360-353b-4ad7-9b5b-b58e4a4bb0f8', 'c52d6360-353b-4ad7-9b5b-b58e4a4bb0f8', 'c52d6360-353b-4ad7-9b5b-b58e4a4bb0f8', 'c52d6360-353b-4ad7-9b5b-b58e4a4bb0f8', 'c52d6360-353b-4ad7-9b5b-b58e4a4bb0f8', 'c52d6360-353b-4ad7-9b5b-b58e4a4bb0f8', 'c52d6360-353b-4ad7-9b5b-b58e4a4bb0f8']"
38481db6-78b8-4432-b3d1-28dff0ac4d52,1,"['c52d6360-353b-4ad7-9b5b-b58e4a4bb0f8', 'c52d6360-353b-4ad7-9b5b-b58e4a4bb0f8', 'c52d6360-353b-4ad7-9b5b-b58e4a4bb0f8', 'c52d6360-353b-4ad7-9b5b-b58e4a4bb0f8', 'c52d6360-353b-4ad7-9b5b-b58e4a4bb0f8', 'c52d6360-353b-4ad7-9b5b-b58e4a4bb0f8', 'c52d6360-353b-4ad7-9b5b-b58e4a4bb0f8', 'c52d6360-353b-4ad7-9b5b-b58e4a4bb0f8', 'c52d6360-353b-4ad7-9b5b-b58e4a4bb0f8', 'c52d6360-353b-4ad7-9b5b-b58e4a4bb0f8', 'c52d6360-353b-4ad7-9b5b-b58e4a4bb0f8', 'c52d6360-353b-4ad7-9b5b-b58e4a4bb0f8', 'c52d6360-353b-4ad7-9b5b-b58e4a4bb0f8', 'c52d6360-353b-4ad7-9b5b-b58e4a4bb0f8', 'c52d6360-353b-4ad7-9b5b-b58e4a4bb0f8', 'c52d6360-353b-4ad7-9b5b-b58e4a4bb0f8', 'c52d6360-353b-4ad7-9b5b-b58e4a4bb0f8', 'c52d6360-353b-4ad7-9b5b-b58e4a4bb0f8', 'c52d6360-353b-4ad7-9b5b-b58e4a4bb0f8', 'c52d6360-353b-4ad7-9b5b-b58e4a4bb0f8', 'c52d6360-353b-4ad7-9b5b-b58e4a4bb0f8', 'c52d6360-353b-4ad7-9b5b-b58e4a4bb0f8', 'c52d6360-353b-4ad7-9b5b-b58e4a4bb0f8', 'c52d6360-353b-4ad7-9b5b-b58e4a4bb0f8', 'c52d6360-353b-4ad7-9b5b-b58e4a4bb0f8', 'c52d6360-353b-4ad7-9b5b-b58e4a4bb0f8', 'c52d6360-353b-4ad7-9b5b-b58e4a4bb0f8', 'c52d6360-353b-4ad7-9b5b-b58e4a4bb0f8', 'c52d6360-353b-4ad7-9b5b-b58e4a4bb0f8', 'c52d6360-353b-4ad7-9b5b-b58e4a4bb0f8', 'c52d6360-353b-4ad7-9b5b-b58e4a4bb0f8', 'c52d6360-353b-4ad7-9b5b-b58e4a4bb0f8', 'c52d6360-353b-4ad7-9b5b-b58e4a4bb0f8', 'c52d6360-353b-4ad7-9b5b-b58e4a4bb0f8', 'c52d6360-353b-4ad7-9b5b-b58e4a4bb0f8', 'c52d6360-353b-4ad7-9b5b-b58e4a4bb0f8', 'b7f3df4d-bf8e-4a60-8470-36dae7983db4', 'deeb79b2-7854-406b-a26f-3a0bccdd214c', '28a71631-684e-4146-ab41-80a7b79c9b18', '72694f16-4d15-4ccd-862f-130e907f1313', 'b4836f58-b73c-4d3a-bb3f-f9df7246761f', 'bd13ec9e-a945-443b-8e01-d5755d9851b7', 'f03575df-e214-4b6a-9577-e412b0cd76ea', '50e1480b-6080-42f9-be9a-e492bfd7adcb', 'e4d91060-cf3d-4f7e-94de-ed9823566db3', 'a9d6b9c0-54fe-49c3-a7a7-d9bfb0353105', '8381ba8b-4d9d-49aa-9ebc-728fd5928016', 'b20572c3-544d-4e2d-ac19-cf65034f6ba6', 'b4ef8cc5-a943-4549-977c-8565d159bd28', '084028d7-6250-4c24-8786-6f1d025ad0ae']"
ebb01f4e-c875-492a-b5c8-4958c74bddc5,0,"['02684a31-7449-4152-a6d0-48c064fb012a', '02684a31-7449-4152-a6d0-48c064fb012a', '02684a31-7449-4152-a6d0-48c064fb012a', '02684a31-7449-4152-a6d0-48c064fb012a', '02684a31-7449-4152-a6d0-48c064fb012a', '02684a31-7449-4152-a6d0-48c064fb012a', '02684a31-7449-4152-a6d0-48c064fb012a', '02684a31-7449-4152-a6d0-48c064fb012a', '02684a31-7449-4152-a6d0-48c064fb012a', '02684a31-7449-4152-a6d0-48c064fb012a', '02684a31-7449-4152-a6d0-48c064fb012a', '02684a31-7449-4152-a6d0-48c064fb012a', '02684a31-7449-4152-a6d0-48c064fb012a', '02684a31-7449-4152-a6d0-48c064fb012a', '02684a31-7449-4152-a6d0-48c064fb012a', '02684a31-7449-4152-a6d0-48c064fb012a', '02684a31-7449-4152-a6d0-48c064fb012a', '02684a31-7449-4152-a6d0-48c064fb012a', '02684a31-7449-4152-a6d0-48c064fb012a', '02684a31-7449-4152-a6d0-48c064fb012a', '02684a31-7449-4152-a6d0-48c064fb012a', '02684a31-7449-4152-a6d0-48c064fb012a', '02684a31-7449-4152-a6d0-48c064fb012a', '02684a31-7449-4152-a6d0-48c064fb012a', '02684a31-7449-4152-a6d0-48c064fb012a', '02684a31-7449-4152-a6d0-48c064fb012a', '02684a31-7449-4152-a6d0-48c064fb012a', '02684a31-7449-4152-a6d0-48c064fb012a', '02684a31-7449-4152-a6d0-48c064fb012a', '02684a31-7449-4152-a6d0-48c064fb012a', '02684a31-7449-4152-a6d0-48c064fb012a', '02684a31-7449-4152-a6d0-48c064fb012a', '02684a31-7449-4152-a6d0-48c064fb012a', '02684a31-7449-4152-a6d0-48c064fb012a', '02684a31-7449-4152-a6d0-48c064fb012a', '02684a31-7449-4152-a6d0-48c064fb012a', '02684a31-7449-4152-a6d0-48c064fb012a', '02684a31-7449-4152-a6d0-48c064fb012a', '02684a31-7449-4152-a6d0-48c064fb012a', '02684a31-7449-4152-a6d0-48c064fb012a', '02684a31-7449-4152-a6d0-48c064fb012a', '02684a31-7449-4152-a6d0-48c064fb012a', '02684a31-7449-4152-a6d0-48c064fb012a', '02684a31-7449-4152-a6d0-48c064fb012a', '02684a31-7449-4152-a6d0-48c064fb012a', '02684a31-7449-4152-a6d0-48c064fb012a', '02684a31-7449-4152-a6d0-48c064fb012a', '02684a31-7449-4152-a6d0-48c064fb012a', '02684a31-7449-4152-a6d0-48c064fb012a', '02684a31-7449-4152-a6d0-48c064fb012a']"
38481db6-78b8-4432-b3d1-28dff0ac4d52,2,"['c52d6360-353b-4ad7-9b5b-b58e4a4bb0f8', 'c52d6360-353b-4ad7-9b5b-b58e4a4bb0f8', 'c52d6360-353b-4ad7-9b5b-b58e4a4bb0f8', 'c52d6360-353b-4ad7-9b5b-b58e4a4bb0f8', 'c52d6360-353b-4ad7-9b5b-b58e4a4bb0f8', 'c52d6360-353b-4ad7-9b5b-b58e4a4bb0f8', 'c52d6360-353b-4ad7-9b5b-b58e4a4bb0f8', 'c52d6360-353b-4ad7-9b5b-b58e4a4bb0f8', 'c52d6360-353b-4ad7-9b5b-b58e4a4bb0f8', 'c52d6360-353b-4ad7-9b5b-b58e4a4bb0f8', 'c52d6360-353b-4ad7-9b5b-b58e4a4bb0f8', 'c52d6360-353b-4ad7-9b5b-b58e4a4bb0f8', 'c52d6360-353b-4ad7-9b5b-b58e4a4bb0f8', 'c52d6360-353b-4ad7-9b5b-b58e4a4bb0f8', 'c52d6360-353b-4ad7-9b5b-b58e4a4bb0f8', 'c52d6360-353b-4ad7-9b5b-b58e4a4bb0f8', 'c52d6360-353b-4ad7-9b5b-b58e4a4bb0f8', 'c52d6360-353b-4ad7-9b5b-b58e4a4bb0f8', 'c52d6360-353b-4ad7-9b5b-b58e4a4bb0f8', 'c52d6360-353b-4ad7-9b5b-b58e4a4bb0f8', 'c52d6360-353b-4ad7-9b5b-b58e4a4bb0f8', 'c52d6360-353b-4ad7-9b5b-b58e4a4bb0f8', 'c52d6360-353b-4ad7-9b5b-b58e4a4bb0f8', 'c52d6360-353b-4ad7-9b5b-b58e4a4bb0f8', 'c52d6360-353b-4ad7-9b5b-b58e4a4bb0f8', 'c52d6360-353b-4ad7-9b5b-b58e4a4bb0f8', 'c52d6360-353b-4ad7-9b5b-b58e4a4bb0f8', 'c52d6360-353b-4ad7-9b5b-b58e4a4bb0f8', 'c52d6360-353b-4ad7-9b5b-b58e4a4bb0f8', 'c52d6360-353b-4ad7-9b5b-b58e4a4bb0f8', 'b7f3df4d-bf8e-4a60-8470-36dae7983db4', 'deeb79b2-7854-406b-a26f-3a0bccdd214c', '72694f16-4d15-4ccd-862f-130e907f1313', 'b4836f58-b73c-4d3a-bb3f-f9df7246761f', 'f03575df-e214-4b6a-9577-e412b0cd76ea', '50e1480b-6080-42f9-be9a-e492bfd7adcb', 'a9d6b9c0-54fe-49c3-a7a7-d9bfb0353105', '8381ba8b-4d9d-49aa-9ebc-728fd5928016', 'b4ef8cc5-a943-4549-977c-8565d159bd28', '084028d7-6250-4c24-8786-6f1d025ad0ae', 'f9f3fd84-e174-4d4a-8035-4e3a341776ad', '3a40e53a-2eb2-40db-ad25-ff58d5e22955', '2096eef9-43ba-4653-8050-f239b3af39a0', '2804c0fb-8699-4b0b-964f-999ca52c1de0', 'fbcf19e8-7134-4bd8-8e60-b6530b5f24e4', 'acb61e91-4836-4b4f-ab5d-57c7087a44b0', '4a9ea735-b5b3-4ce0-b3e9-98d9f2de9d8e', 'bee29ca3-afb5-484a-895a-f91ed44adc5d', 'e7477671-0424-4570-9d12-d0f3f35394aa', 'f00f7b26-42b1-4d74-a8ea-bb6a191ed542']"
38481db6-78b8-4432-b3d1-28dff0ac4d52,3,"['c52d6360-353b-4ad7-9b5b-b58e4a4bb0f8', 'c52d6360-353b-4ad7-9b5b-b58e4a4bb0f8', 'c52d6360-353b-4ad7-9b5b-b58e4a4bb0f8', 'c52d6360-353b-4ad7-9b5b-b58e4a4bb0f8', 'c52d6360-353b-4ad7-9b5b-b58e4a4bb0f8', 'c52d6360-353b-4ad7-9b5b-b58e4a4bb0f8', 'c52d6360-353b-4ad7-9b5b-b58e4a4bb0f8', 'c52d6360-353b-4ad7-9b5b-b58e4a4bb0f8', 'c52d6360-353b-4ad7-9b5b-b58e4a4bb0f8', 'c52d6360-353b-4ad7-9b5b-b58e4a4bb0f8', 'c52d6360-353b-4ad7-9b5b-b58e4a4bb0f8', 'c52d6360-353b-4ad7-9b5b-b58e4a4bb0f8', 'c52d6360-353b-4ad7-9b5b-b58e4a4bb0f8', 'c52d6360-353b-4ad7-9b5b-b58e4a4bb0f8', 'c52d6360-353b-4ad7-9b5b-b58e4a4bb0f8', 'c52d6360-353b-4ad7-9b5b-b58e4a4bb0f8', 'c52d6360-353b-4ad7-9b5b-b58e4a4bb0f8', 'c52d6360-353b-4ad7-9b5b-b58e4a4bb0f8', 'c52d6360-353b-4ad7-9b5b-b58e4a4bb0f8', 'c52d6360-353b-4ad7-9b5b-b58e4a4bb0f8', 'c52d6360-353b-4ad7-9b5b-b58e4a4bb0f8', 'c52d6360-353b-4ad7-9b5b-b58e4a4bb0f8', 'c52d6360-353b-4ad7-9b5b-b58e4a4bb0f8', 'c52d6360-353b-4ad7-9b5b-b58e4a4bb0f8', 'c52d6360-353b-4ad7-9b5b-b58e4a4bb0f8', 'b7f3df4d-bf8e-4a60-8470-36dae7983db4', 'deeb79b2-7854-406b-a26f-3a0bccdd214c', '72694f16-4d15-4ccd-862f-130e907f1313', 'b4836f58-b73c-4d3a-bb3f-f9df7246761f', 'f03575df-e214-4b6a-9577-e412b0cd76ea', '50e1480b-6080-42f9-be9a-e492bfd7adcb', 'a9d6b9c0-54fe-49c3-a7a7-d9bfb0353105', '084028d7-6250-4c24-8786-6f1d025ad0ae', 'f9f3fd84-e174-4d4a-8035-4e3a341776ad', '3a40e53a-2eb2-40db-ad25-ff58d5e22955', '2096eef9-43ba-4653-8050-f239b3af39a0', '2804c0fb-8699-4b0b-964f-999ca52c1de0', 'fbcf19e8-7134-4bd8-8e60-b6530b5f24e4', '4a9ea735-b5b3-4ce0-b3e9-98d9f2de9d8e', 'bee29ca3-afb5-484a-895a-f91ed44adc5d', 'e7477671-0424-4570-9d12-d0f3f35394aa', 'f00f7b26-42b1-4d74-a8ea-bb6a191ed542', '367469e3-5c5c-4e72-a073-da26d6182d71', '9926dc3d-384f-4d6b-ba37-4e4720b98503', 'af51a3b7-8b83-4fe3-aaad-42067d85d21c', '3a6ccbaf-86d3-4971-a7d7-085df0e91e03', '49dc02cb-9c24-4af3-a3f0-16732cc69f71', '20990339-9e38-451b-9158-c92cba5f3172', '3e6bb0a9-18ac-4266-896a-b39a4555f1a8', 'c5e88aeb-c450-4280-88d2-d1c0894f56e0']"
ebb01f4e-c875-492a-b5c8-4958c74bddc5,1,"['02684a31-7449-4152-a6d0-48c064fb012a', '02684a31-7449-4152-a6d0-48c064fb012a', '02684a31-7449-4152-a6d0-48c064fb012a', '02684a31-7449-4152-a6d0-48c064fb012a', '02684a31-7449-4152-a6d0-48c064fb012a', '02684a31-7449-4152-a6d0-48c064fb012a', '02684a31-7449-4152-a6d0-48c064fb012a', '02684a31-7449-4152-a6d0-48c064fb012a', '02684a31-7449-4152-a6d0-48c064fb012a', '02684a31-7449-4152-a6d0-48c064fb012a', '02684a31-7449-4152-a6d0-48c064fb012a', '02684a31-7449-4152-a6d0-48c064fb012a', '02684a31-7449-4152-a6d0-48c064fb012a', '02684a31-7449-4152-a6d0-48c064fb012a', '02684a31-7449-4152-a6d0-48c064fb012a', '02684a31-7449-4152-a6d0-48c064fb012a', '02684a31-7449-4152-a6d0-48c064fb012a', '02684a31-7449-4152-a6d0-48c064fb012a', '02684a31-7449-4152-a6d0-48c064fb012a', '02684a31-7449-4152-a6d0-48c064fb012a', '02684a31-7449-4152-a6d0-48c064fb012a', '02684a31-7449-4152-a6d0-48c064fb012a', '02684a31-7449-4152-a6d0-48c064fb012a', '02684a31-7449-4152-a6d0-48c064fb012a', '02684a31-7449-4152-a6d0-48c064fb012a', '02684a31-7449-4152-a6d0-48c064fb012a', '02684a31-7449-4152-a6d0-48c064fb012a', '02684a31-7449-4152-a6d0-48c064fb012a', '02684a31-7449-4152-a6d0-48c064fb012a', '02684a31-7449-4152-a6d0-48c064fb012a', '02684a31-7449-4152-a6d0-48c064fb012a', '02684a31-7449-4152-a6d0-48c064fb012a', '02684a31-7449-4152-a6d0-48c064fb012a', '02684a31-7449-4152-a6d0-48c064fb012a', '02684a31-7449-4152-a6d0-48c064fb012a', '2cfedee6-ba92-4827-be5a-532c43e5fe0e', '32ad7a6a-b841-4521-9b9a-044507f44fb1', '39a80027-5e78-413f-af9e-e741aa78c955', 'e83530bf-3c5d-400b-be43-4c4ae868d420', 'e1ee9150-8a95-4df1-87f0-e6b5e1d45d89', '444daed6-804c-4a69-ba4f-04d50fb0f835', '58c1432c-7fcf-4a29-8eb8-bc17fbe2c68d', 'd473ba20-37e7-4454-931f-7e19abae430e', 'a97ce585-0a03-4ab6-a140-1e2605a615a7', 'cc22c7dd-1be7-4700-ac8e-e4714844b26a', 'ca922c08-d1d1-4722-be61-57df9e619edd', '7e46eaca-3184-498c-a98a-d8fd91f38c90', '96ea5a7e-b9cc-4d92-a362-205ca5038cd7', '4ea2c20d-ef7b-4e8b-82c9-e4d0f4e1c66a', '87db0890-dd28-46e1-8212-1731d6d853fc']"
38481db6-78b8-4432-b3d1-28dff0ac4d52,4,"['c52d6360-353b-4ad7-9b5b-b58e4a4bb0f8', 'c52d6360-353b-4ad7-9b5b-b58e4a4bb0f8', 'c52d6360-353b-4ad7-9b5b-b58e4a4bb0f8', 'c52d6360-353b-4ad7-9b5b-b58e4a4bb0f8', 'c52d6360-353b-4ad7-9b5b-b58e4a4bb0f8', 'c52d6360-353b-4ad7-9b5b-b58e4a4bb0f8', 'c52d6360-353b-4ad7-9b5b-b58e4a4bb0f8', 'c52d6360-353b-4ad7-9b5b-b58e4a4bb0f8', 'c52d6360-353b-4ad7-9b5b-b58e4a4bb0f8', 'c52d6360-353b-4ad7-9b5b-b58e4a4bb0f8', 'c52d6360-353b-4ad7-9b5b-b58e4a4bb0f8', 'c52d6360-353b-4ad7-9b5b-b58e4a4bb0f8', 'c52d6360-353b-4ad7-9b5b-b58e4a4bb0f8', 'c52d6360-353b-4ad7-9b5b-b58e4a4bb0f8', 'c52d6360-353b-4ad7-9b5b-b58e4a4bb0f8', 'c52d6360-353b-4ad7-9b5b-b58e4a4bb0f8', 'c52d6360-353b-4ad7-9b5b-b58e4a4bb0f8', 'c52d6360-353b-4ad7-9b5b-b58e4a4bb0f8', 'c52d6360-353b-4ad7-9b5b-b58e4a4bb0f8', 'c52d6360-353b-4ad7-9b5b-b58e4a4bb0f8', 'c52d6360-353b-4ad7-9b5b-b58e4a4bb0f8', 'c52d6360-353b-4ad7-9b5b-b58e4a4bb0f8', 'c52d6360-353b-4ad7-9b5b-b58e4a4bb0f8', 'c52d6360-353b-4ad7-9b5b-b58e4a4bb0f8', 'c52d6360-353b-4ad7-9b5b-b58e4a4bb0f8', 'c52d6360-353b-4ad7-9b5b-b58e4a4bb0f8', 'c52d6360-353b-4ad7-9b5b-b58e4a4bb0f8', 'c52d6360-353b-4ad7-9b5b-b58e4a4bb0f8', 'f03575df-e214-4b6a-9577-e412b0cd76ea', '367469e3-5c5c-4e72-a073-da26d6182d71', '3e6bb0a9-18ac-4266-896a-b39a4555f1a8', '3e6bb0a9-18ac-4266-896a-b39a4555f1a8', '3e6bb0a9-18ac-4266-896a-b39a4555f1a8', '3e6bb0a9-18ac-4266-896a-b39a4555f1a8', '3e6bb0a9-18ac-4266-896a-b39a4555f1a8', '3e6bb0a9-18ac-4266-896a-b39a4555f1a8', '3e6bb0a9-18ac-4266-896a-b39a4555f1a8', '3e6bb0a9-18ac-4266-896a-b39a4555f1a8', '3e6bb0a9-18ac-4266-896a-b39a4555f1a8', '3e6bb0a9-18ac-4266-896a-b39a4555f1a8', '20b3e347-476d-43e6-8efb-86d0f77bfd45', '45dbe440-b367-4345-95ce-05f10bc4ed1f', 'ed0dc9ff-78b3-4825-82c0-1f31e1df803c', 'c0213f4c-4359-41d2-985c-8cf6b31a0a0a', 'c2a5eb29-ff36-46a6-8546-436d90c8242b', 'e64fecd3-344a-47ee-8227-b484af461058', '342e49b2-e633-460c-be47-84a0bebed765', '7428d240-8205-456c-b2c2-258afec842c2', 'f481f485-2507-4f4f-a9cc-43e224c9936f', '1c58ced0-c312-4f96-afb2-989f56a93e15']"
ebb01f4e-c875-492a-b5c8-4958c74bddc5,2,"['58c1432c-7fcf-4a29-8eb8-bc17fbe2c68d', '58c1432c-7fcf-4a29-8eb8-bc17fbe2c68d', '58c1432c-7fcf-4a29-8eb8-bc17fbe2c68d', '58c1432c-7fcf-4a29-8eb8-bc17fbe2c68d', '58c1432c-7fcf-4a29-8eb8-bc17fbe2c68d', '58c1432c-7fcf-4a29-8eb8-bc17fbe2c68d', '58c1432c-7fcf-4a29-8eb8-bc17fbe2c68d', '58c1432c-7fcf-4a29-8eb8-bc17fbe2c68d', '58c1432c-7fcf-4a29-8eb8-bc17fbe2c68d', '58c1432c-7fcf-4a29-8eb8-bc17fbe2c68d', '58c1432c-7fcf-4a29-8eb8-bc17fbe2c68d', '58c1432c-7fcf-4a29-8eb8-bc17fbe2c68d', '58c1432c-7fcf-4a29-8eb8-bc17fbe2c68d', '58c1432c-7fcf-4a29-8eb8-bc17fbe2c68d', '58c1432c-7fcf-4a29-8eb8-bc17fbe2c68d', '58c1432c-7fcf-4a29-8eb8-bc17fbe2c68d', '58c1432c-7fcf-4a29-8eb8-bc17fbe2c68d', '58c1432c-7fcf-4a29-8eb8-bc17fbe2c68d', '58c1432c-7fcf-4a29-8eb8-bc17fbe2c68d', '58c1432c-7fcf-4a29-8eb8-bc17fbe2c68d', '58c1432c-7fcf-4a29-8eb8-bc17fbe2c68d', '58c1432c-7fcf-4a29-8eb8-bc17fbe2c68d', '58c1432c-7fcf-4a29-8eb8-bc17fbe2c68d', '58c1432c-7fcf-4a29-8eb8-bc17fbe2c68d', '58c1432c-7fcf-4a29-8eb8-bc17fbe2c68d', '58c1432c-7fcf-4a29-8eb8-bc17fbe2c68d', '58c1432c-7fcf-4a29-8eb8-bc17fbe2c68d', '58c1432c-7fcf-4a29-8eb8-bc17fbe2c68d', '58c1432c-7fcf-4a29-8eb8-bc17fbe2c68d', '58c1432c-7fcf-4a29-8eb8-bc17fbe2c68d', '58c1432c-7fcf-4a29-8eb8-bc17fbe2c68d', '58c1432c-7fcf-4a29-8eb8-bc17fbe2c68d', '58c1432c-7fcf-4a29-8eb8-bc17fbe2c68d', '58c1432c-7fcf-4a29-8eb8-bc17fbe2c68d', '58c1432c-7fcf-4a29-8eb8-bc17fbe2c68d', '58c1432c-7fcf-4a29-8eb8-bc17fbe2c68d', '58c1432c-7fcf-4a29-8eb8-bc17fbe2c68d', '58c1432c-7fcf-4a29-8eb8-bc17fbe2c68d', '58c1432c-7fcf-4a29-8eb8-bc17fbe2c68d', '58c1432c-7fcf-4a29-8eb8-bc17fbe2c68d', '58c1432c-7fcf-4a29-8eb8-bc17fbe2c68d', '5ca91adf-e93f-427c-9ce4-b06f28090696', '4e4b9321-104f-4a75-a21b-e26bb82714ea', 'e217dc0b-429e-4820-b396-3c36738d927b', '768ff082-cddc-4b38-89ee-a6b5dc91f019', 'e0b82bbd-3b31-4520-b4df-96cd79604beb', 'b9d60f0b-84f4-4897-a364-15efdf4df513', '53d532fa-8557-4f44-a9ca-e460fe045c02', '1c636621-9873-4868-887f-5eebd3045421', 'e51953b0-d95b-43f9-8cd9-4666fe137160']"
38481db6-78b8-4432-b3d1-28dff0ac4d52,5,"['c52d6360-353b-4ad7-9b5b-b58e4a4bb0f8', 'c52d6360-353b-4ad7-9b5b-b58e4a4bb0f8', 'c52d6360-353b-4ad7-9b5b-b58e4a4bb0f8', 'c52d6360-353b-4ad7-9b5b-b58e4a4bb0f8', 'c52d6360-353b-4ad7-9b5b-b58e4a4bb0f8', 'c52d6360-353b-4ad7-9b5b-b58e4a4bb0f8', 'c52d6360-353b-4ad7-9b5b-b58e4a4bb0f8', 'c52d6360-353b-4ad7-9b5b-b58e4a4bb0f8', 'c52d6360-353b-4ad7-9b5b-b58e4a4bb0f8', '3e6bb0a9-18ac-4266-896a-b39a4555f1a8', '3e6bb0a9-18ac-4266-896a-b39a4555f1a8', '3e6bb0a9-18ac-4266-896a-b39a4555f1a8', '3e6bb0a9-18ac-4266-896a-b39a4555f1a8', '3e6bb0a9-18ac-4266-896a-b39a4555f1a8', '3e6bb0a9-18ac-4266-896a-b39a4555f1a8', '3e6bb0a9-18ac-4266-896a-b39a4555f1a8', '3e6bb0a9-18ac-4266-896a-b39a4555f1a8', '3e6bb0a9-18ac-4266-896a-b39a4555f1a8', '3e6bb0a9-18ac-4266-896a-b39a4555f1a8', '3e6bb0a9-18ac-4266-896a-b39a4555f1a8', '3e6bb0a9-18ac-4266-896a-b39a4555f1a8', '3e6bb0a9-18ac-4266-896a-b39a4555f1a8', '3e6bb0a9-18ac-4266-896a-b39a4555f1a8', '3e6bb0a9-18ac-4266-896a-b39a4555f1a8', '3e6bb0a9-18ac-4266-896a-b39a4555f1a8', '3e6bb0a9-18ac-4266-896a-b39a4555f1a8', '3e6bb0a9-18ac-4266-896a-b39a4555f1a8', '3e6bb0a9-18ac-4266-896a-b39a4555f1a8', '3e6bb0a9-18ac-4266-896a-b39a4555f1a8', '3e6bb0a9-18ac-4266-896a-b39a4555f1a8', '3e6bb0a9-18ac-4266-896a-b39a4555f1a8', '3e6bb0a9-18ac-4266-896a-b39a4555f1a8', '3e6bb0a9-18ac-4266-896a-b39a4555f1a8', 'c2a5eb29-ff36-46a6-8546-436d90c8242b', '342e49b2-e633-460c-be47-84a0bebed765', '342e49b2-e633-460c-be47-84a0bebed765', '72968cb5-9c02-4ac3-9773-e6a5a4439e2f', 'e3bdd25a-e57a-4fad-acb7-fb1637e482c2', 'ddd7e4ce-9008-4145-ab2d-185be43d40bb', '7d3e8a73-0b5f-4dcf-b786-0e8d7fd80d80', '486b654d-cbe6-412c-a79c-05cb0a1a5c7b', '256078b3-564d-4773-816a-4f862f4d49e2', '6568c17b-fdb8-432f-8d1c-8a01a243d4e6', 'bac0fbc0-4458-4f43-bcde-c1cd56d9e974', '813e512d-9999-4568-9e02-cb4c27800661', 'd96e5d67-9c6e-4922-add5-8e28c4943209', 'd02c4999-0156-482c-8763-8e366a5415df', '22f9ef95-a415-4f34-99eb-9c0a18b11321', '8a50e5d7-c9ba-4a2c-9b06-ff3598d308ce', 'd89a0912-c354-43a1-af5a-5bc5afc9be11']"
ebb01f4e-c875-492a-b5c8-4958c74bddc5,3,"['58c1432c-7fcf-4a29-8eb8-bc17fbe2c68d', '58c1432c-7fcf-4a29-8eb8-bc17fbe2c68d', '58c1432c-7fcf-4a29-8eb8-bc17fbe2c68d', '58c1432c-7fcf-4a29-8eb8-bc17fbe2c68d', '58c1432c-7fcf-4a29-8eb8-bc17fbe2c68d', '58c1432c-7fcf-4a29-8eb8-bc17fbe2c68d', '58c1432c-7fcf-4a29-8eb8-bc17fbe2c68d', '58c1432c-7fcf-4a29-8eb8-bc17fbe2c68d', '58c1432c-7fcf-4a29-8eb8-bc17fbe2c68d', '58c1432c-7fcf-4a29-8eb8-bc17fbe2c68d', '58c1432c-7fcf-4a29-8eb8-bc17fbe2c68d', '58c1432c-7fcf-4a29-8eb8-bc17fbe2c68d', '58c1432c-7fcf-4a29-8eb8-bc17fbe2c68d', '58c1432c-7fcf-4a29-8eb8-bc17fbe2c68d', '58c1432c-7fcf-4a29-8eb8-bc17fbe2c68d', '58c1432c-7fcf-4a29-8eb8-bc17fbe2c68d', '58c1432c-7fcf-4a29-8eb8-bc17fbe2c68d', '58c1432c-7fcf-4a29-8eb8-bc17fbe2c68d', '58c1432c-7fcf-4a29-8eb8-bc17fbe2c68d', '58c1432c-7fcf-4a29-8eb8-bc17fbe2c68d', '58c1432c-7fcf-4a29-8eb8-bc17fbe2c68d', '58c1432c-7fcf-4a29-8eb8-bc17fbe2c68d', '58c1432c-7fcf-4a29-8eb8-bc17fbe2c68d', '58c1432c-7fcf-4a29-8eb8-bc17fbe2c68d', '58c1432c-7fcf-4a29-8eb8-bc17fbe2c68d', '58c1432c-7fcf-4a29-8eb8-bc17fbe2c68d', '58c1432c-7fcf-4a29-8eb8-bc17fbe2c68d', '58c1432c-7fcf-4a29-8eb8-bc17fbe2c68d', '58c1432c-7fcf-4a29-8eb8-bc17fbe2c68d', '58c1432c-7fcf-4a29-8eb8-bc17fbe2c68d', '58c1432c-7fcf-4a29-8eb8-bc17fbe2c68d', '58c1432c-7fcf-4a29-8eb8-bc17fbe2c68d', '58c1432c-7fcf-4a29-8eb8-bc17fbe2c68d', '58c1432c-7fcf-4a29-8eb8-bc17fbe2c68d', 'e217dc0b-429e-4820-b396-3c36738d927b', 'e0b82bbd-3b31-4520-b4df-96cd79604beb', 'b9d60f0b-84f4-4897-a364-15efdf4df513', '53d532fa-8557-4f44-a9ca-e460fe045c02', '55bab08d-2177-428c-90c5-59754405bfc4', 'd528eb30-8d86-4b63-b1c3-7eb279e071cc', '42165518-ac84-4c28-abd7-8fb6675d8143', 'fd51b5de-68cd-4493-86f9-cb5ac631839c', 'ae57db1e-3cc9-4381-a37e-7ad5f6ebdad3', '3629a186-88c5-4f23-96f1-224278286368', '1564b346-525a-4115-a8b4-518250d56d60', '821dab9c-25c2-44b8-97d7-bad1ada4d895', '0a029f0a-8a3d-4299-99e2-123b74734531', '08aa7308-56b6-4055-9a77-7effaf545364', '2e653745-d92d-48b1-87a6-f9bcc1ca0520', 'fd2f0ce7-dd67-4713-b9b9-2a73492338b1']"
38481db6-78b8-4432-b3d1-28dff0ac4d52,6,"['c52d6360-353b-4ad7-9b5b-b58e4a4bb0f8', 'c52d6360-353b-4ad7-9b5b-b58e4a4bb0f8', 'c52d6360-353b-4ad7-9b5b-b58e4a4bb0f8', 'c52d6360-353b-4ad7-9b5b-b58e4a4bb0f8', 'c52d6360-353b-4ad7-9b5b-b58e4a4bb0f8', 'c52d6360-353b-4ad7-9b5b-b58e4a4bb0f8', 'c52d6360-353b-4ad7-9b5b-b58e4a4bb0f8', 'c52d6360-353b-4ad7-9b5b-b58e4a4bb0f8', 'c52d6360-353b-4ad7-9b5b-b58e4a4bb0f8', '3e6bb0a9-18ac-4266-896a-b39a4555f1a8', '3e6bb0a9-18ac-4266-896a-b39a4555f1a8', '3e6bb0a9-18ac-4266-896a-b39a4555f1a8', '3e6bb0a9-18ac-4266-896a-b39a4555f1a8', '3e6bb0a9-18ac-4266-896a-b39a4555f1a8', '3e6bb0a9-18ac-4266-896a-b39a4555f1a8', '3e6bb0a9-18ac-4266-896a-b39a4555f1a8', '3e6bb0a9-18ac-4266-896a-b39a4555f1a8', '3e6bb0a9-18ac-4266-896a-b39a4555f1a8', '3e6bb0a9-18ac-4266-896a-b39a4555f1a8', '3e6bb0a9-18ac-4266-896a-b39a4555f1a8', '3e6bb0a9-18ac-4266-896a-b39a4555f1a8', '3e6bb0a9-18ac-4266-896a-b39a4555f1a8', '3e6bb0a9-18ac-4266-896a-b39a4555f1a8', '3e6bb0a9-18ac-4266-896a-b39a4555f1a8', '3e6bb0a9-18ac-4266-896a-b39a4555f1a8', '3e6bb0a9-18ac-4266-896a-b39a4555f1a8', '3e6bb0a9-18ac-4266-896a-b39a4555f1a8', '3e6bb0a9-18ac-4266-896a-b39a4555f1a8', 'c2a5eb29-ff36-46a6-8546-436d90c8242b', '342e49b2-e633-460c-be47-84a0bebed765', '72968cb5-9c02-4ac3-9773-e6a5a4439e2f', 'ddd7e4ce-9008-4145-ab2d-185be43d40bb', '7d3e8a73-0b5f-4dcf-b786-0e8d7fd80d80', '256078b3-564d-4773-816a-4f862f4d49e2', '6568c17b-fdb8-432f-8d1c-8a01a243d4e6', 'bac0fbc0-4458-4f43-bcde-c1cd56d9e974', '813e512d-9999-4568-9e02-cb4c27800661', 'd96e5d67-9c6e-4922-add5-8e28c4943209', 'd02c4999-0156-482c-8763-8e366a5415df', '8a50e5d7-c9ba-4a2c-9b06-ff3598d308ce', 'd89a0912-c354-43a1-af5a-5bc5afc9be11', '246f4bb4-ead3-4555-a47e-455fd3598fb0', 'bdff2f88-3c55-485f-86c4-43d0e6ff6f68', '514c2ffe-18bd-4b97-b817-1b37810c5619', '820978d7-9de4-472a-9b39-dccb8c5dac1b', '41b283ce-fd24-4346-a190-dff5e4ba04a2', 'b05a1432-bd2d-4400-92e0-fcd60d6b2944', 'f2773d5b-4596-4478-85df-650d8a0efa7f', 'b3d25099-e582-4763-a50b-ac758f87a88c', '159540ce-46e6-41ad-a483-fb92151dd8f6']"
e8670b60-a31e-4ae7-9c14-537980c5db6f,0,"['22db7653-7f9a-4b5d-b016-143449ff9431', '22db7653-7f9a-4b5d-b016-143449ff9431', '22db7653-7f9a-4b5d-b016-143449ff9431', '22db7653-7f9a-4b5d-b016-143449ff9431', '22db7653-7f9a-4b5d-b016-143449ff9431', '22db7653-7f9a-4b5d-b016-143449ff9431', '22db7653-7f9a-4b5d-b016-143449ff9431', '22db7653-7f9a-4b5d-b016-143449ff9431', '22db7653-7f9a-4b5d-b016-143449ff9431', '22db7653-7f9a-4b5d-b016-143449ff9431', '22db7653-7f9a-4b5d-b016-143449ff9431', '22db7653-7f9a-4b5d-b016-143449ff9431', '22db7653-7f9a-4b5d-b016-143449ff9431', '22db7653-7f9a-4b5d-b016-143449ff9431', '22db7653-7f9a-4b5d-b016-143449ff9431', '22db7653-7f9a-4b5d-b016-143449ff9431', '22db7653-7f9a-4b5d-b016-143449ff9431', '22db7653-7f9a-4b5d-b016-143449ff9431', '22db7653-7f9a-4b5d-b016-143449ff9431', '22db7653-7f9a-4b5d-b016-143449ff9431', '22db7653-7f9a-4b5d-b016-143449ff9431', '22db7653-7f9a-4b5d-b016-143449ff9431', '22db7653-7f9a-4b5d-b016-143449ff9431', '22db7653-7f9a-4b5d-b016-143449ff9431', '22db7653-7f9a-4b5d-b016-143449ff9431', '22db7653-7f9a-4b5d-b016-143449ff9431', '22db7653-7f9a-4b5d-b016-143449ff9431', '22db7653-7f9a-4b5d-b016-143449ff9431', '22db7653-7f9a-4b5d-b016-143449ff9431', '22db7653-7f9a-4b5d-b016-143449ff9431', '22db7653-7f9a-4b5d-b016-143449ff9431', '22db7653-7f9a-4b5d-b016-143449ff9431', '22db7653-7f9a-4b5d-b016-143449ff9431', '22db7653-7f9a-4b5d-b016-143449ff9431', '22db7653-7f9a-4b5d-b016-143449ff9431', '22db7653-7f9a-4b5d-b016-143449ff9431', '22db7653-7f9a-4b5d-b016-143449ff9431', '22db7653-7f9a-4b5d-b016-143449ff9431', '22db7653-7f9a-4b5d-b016-143449ff9431', '22db7653-7f9a-4b5d-b016-143449ff9431', '22db7653-7f9a-4b5d-b016-143449ff9431', '22db7653-7f9a-4b5d-b016-143449ff9431', '22db7653-7f9a-4b5d-b016-143449ff9431', '22db7653-7f9a-4b5d-b016-143449ff9431', '22db7653-7f9a-4b5d-b016-143449ff9431', '22db7653-7f9a-4b5d-b016-143449ff9431', '22db7653-7f9a-4b5d-b016-143449ff9431', '22db7653-7f9a-4b5d-b016-143449ff9431', '22db7653-7f9a-4b5d-b016-143449ff9431', '22db7653-7f9a-4b5d-b016-143449ff9431']"
ebb01f4e-c875-492a-b5c8-4958c74bddc5,4,"['58c1432c-7fcf-4a29-8eb8-bc17fbe2c68d', '58c1432c-7fcf-4a29-8eb8-bc17fbe2c68d', '58c1432c-7fcf-4a29-8eb8-bc17fbe2c68d', '58c1432c-7fcf-4a29-8eb8-bc17fbe2c68d', '58c1432c-7fcf-4a29-8eb8-bc17fbe2c68d', '58c1432c-7fcf-4a29-8eb8-bc17fbe2c68d', '58c1432c-7fcf-4a29-8eb8-bc17fbe2c68d', '58c1432c-7fcf-4a29-8eb8-bc17fbe2c68d', '58c1432c-7fcf-4a29-8eb8-bc17fbe2c68d', '58c1432c-7fcf-4a29-8eb8-bc17fbe2c68d', '58c1432c-7fcf-4a29-8eb8-bc17fbe2c68d', '58c1432c-7fcf-4a29-8eb8-bc17fbe2c68d', '58c1432c-7fcf-4a29-8eb8-bc17fbe2c68d', '58c1432c-7fcf-4a29-8eb8-bc17fbe2c68d', '58c1432c-7fcf-4a29-8eb8-bc17fbe2c68d', '58c1432c-7fcf-4a29-8eb8-bc17fbe2c68d', '58c1432c-7fcf-4a29-8eb8-bc17fbe2c68d', '58c1432c-7fcf-4a29-8eb8-bc17fbe2c68d', '58c1432c-7fcf-4a29-8eb8-bc17fbe2c68d', '58c1432c-7fcf-4a29-8eb8-bc17fbe2c68d', '58c1432c-7fcf-4a29-8eb8-bc17fbe2c68d', '58c1432c-7fcf-4a29-8eb8-bc17fbe2c68d', '58c1432c-7fcf-4a29-8eb8-bc17fbe2c68d', '58c1432c-7fcf-4a29-8eb8-bc17fbe2c68d', '58c1432c-7fcf-4a29-8eb8-bc17fbe2c68d', '58c1432c-7fcf-4a29-8eb8-bc17fbe2c68d', '58c1432c-7fcf-4a29-8eb8-bc17fbe2c68d', 'e217dc0b-429e-4820-b396-3c36738d927b', 'e0b82bbd-3b31-4520-b4df-96cd79604beb', 'b9d60f0b-84f4-4897-a364-15efdf4df513', '53d532fa-8557-4f44-a9ca-e460fe045c02', '55bab08d-2177-428c-90c5-59754405bfc4', 'd528eb30-8d86-4b63-b1c3-7eb279e071cc', '42165518-ac84-4c28-abd7-8fb6675d8143', 'fd51b5de-68cd-4493-86f9-cb5ac631839c', 'ae57db1e-3cc9-4381-a37e-7ad5f6ebdad3', '3629a186-88c5-4f23-96f1-224278286368', '1564b346-525a-4115-a8b4-518250d56d60', '821dab9c-25c2-44b8-97d7-bad1ada4d895', '0a029f0a-8a3d-4299-99e2-123b74734531', '08aa7308-56b6-4055-9a77-7effaf545364', '2e653745-d92d-48b1-87a6-f9bcc1ca0520', 'fd2f0ce7-dd67-4713-b9b9-2a73492338b1', '3be778ec-1cba-493a-8999-37cacdb3ff84', 'c1194325-237f-4303-98f6-fb82bf0a5a70', 'fde09c14-9cb6-4703-9473-b25e9d907e31', '45e07143-76ac-43c4-b625-d1635a32f4c4', 'b32fa65c-bd17-4f2f-a60c-8f3d7ca176bf', 'b34aa972-f921-4433-8b6c-90d8477e855f', '4336bf6f-2136-4f5d-8dd3-635fafd633b5']"
e8670b60-a31e-4ae7-9c14-537980c5db6f,1,"['22db7653-7f9a-4b5d-b016-143449ff9431', '22db7653-7f9a-4b5d-b016-143449ff9431', '22db7653-7f9a-4b5d-b016-143449ff9431', '22db7653-7f9a-4b5d-b016-143449ff9431', '22db7653-7f9a-4b5d-b016-143449ff9431', '22db7653-7f9a-4b5d-b016-143449ff9431', '22db7653-7f9a-4b5d-b016-143449ff9431', '22db7653-7f9a-4b5d-b016-143449ff9431', '22db7653-7f9a-4b5d-b016-143449ff9431', '22db7653-7f9a-4b5d-b016-143449ff9431', '22db7653-7f9a-4b5d-b016-143449ff9431', '22db7653-7f9a-4b5d-b016-143449ff9431', '22db7653-7f9a-4b5d-b016-143449ff9431', '22db7653-7f9a-4b5d-b016-143449ff9431', '22db7653-7f9a-4b5d-b016-143449ff9431', '22db7653-7f9a-4b5d-b016-143449ff9431', '22db7653-7f9a-4b5d-b016-143449ff9431', '22db7653-7f9a-4b5d-b016-143449ff9431', '22db7653-7f9a-4b5d-b016-143449ff9431', '22db7653-7f9a-4b5d-b016-143449ff9431', '22db7653-7f9a-4b5d-b016-143449ff9431', '22db7653-7f9a-4b5d-b016-143449ff9431', '22db7653-7f9a-4b5d-b016-143449ff9431', '22db7653-7f9a-4b5d-b016-143449ff9431', '22db7653-7f9a-4b5d-b016-143449ff9431', '22db7653-7f9a-4b5d-b016-143449ff9431', '22db7653-7f9a-4b5d-b016-143449ff9431', '22db7653-7f9a-4b5d-b016-143449ff9431', '22db7653-7f9a-4b5d-b016-143449ff9431', '22db7653-7f9a-4b5d-b016-143449ff9431', '22db7653-7f9a-4b5d-b016-143449ff9431', '22db7653-7f9a-4b5d-b016-143449ff9431', '22db7653-7f9a-4b5d-b016-143449ff9431', '22db7653-7f9a-4b5d-b016-143449ff9431', '22db7653-7f9a-4b5d-b016-143449ff9431', '22db7653-7f9a-4b5d-b016-143449ff9431', '22db7653-7f9a-4b5d-b016-143449ff9431', '22db7653-7f9a-4b5d-b016-143449ff9431', '22db7653-7f9a-4b5d-b016-143449ff9431', '22db7653-7f9a-4b5d-b016-143449ff9431', '22db7653-7f9a-4b5d-b016-143449ff9431', '22db7653-7f9a-4b5d-b016-143449ff9431', '22db7653-7f9a-4b5d-b016-143449ff9431', '22db7653-7f9a-4b5d-b016-143449ff9431', '22db7653-7f9a-4b5d-b016-143449ff9431', '0ce6ca94-4ca6-40c7-bed1-afd6559a64d3', 'fa60ad37-bc93-4d64-9c33-1c362c1e45d4', '1e3d04ee-2488-43a6-8ae2-0cf6968aa3dc', '795c7fe2-3d7a-42e4-9338-b1ccd078a99a', '5b2d18b0-14d0-41cd-80c0-fa8144b7c2b7']"
38481db6-78b8-4432-b3d1-28dff0ac4d52,7,"['c52d6360-353b-4ad7-9b5b-b58e4a4bb0f8', 'c52d6360-353b-4ad7-9b5b-b58e4a4bb0f8', '3e6bb0a9-18ac-4266-896a-b39a4555f1a8', '3e6bb0a9-18ac-4266-896a-b39a4555f1a8', '3e6bb0a9-18ac-4266-896a-b39a4555f1a8', '3e6bb0a9-18ac-4266-896a-b39a4555f1a8', '3e6bb0a9-18ac-4266-896a-b39a4555f1a8', '3e6bb0a9-18ac-4266-896a-b39a4555f1a8', '3e6bb0a9-18ac-4266-896a-b39a4555f1a8', '3e6bb0a9-18ac-4266-896a-b39a4555f1a8', '3e6bb0a9-18ac-4266-896a-b39a4555f1a8', '3e6bb0a9-18ac-4266-896a-b39a4555f1a8', '3e6bb0a9-18ac-4266-896a-b39a4555f1a8', '3e6bb0a9-18ac-4266-896a-b39a4555f1a8', '3e6bb0a9-18ac-4266-896a-b39a4555f1a8', '3e6bb0a9-18ac-4266-896a-b39a4555f1a8', '3e6bb0a9-18ac-4266-896a-b39a4555f1a8', '3e6bb0a9-18ac-4266-896a-b39a4555f1a8', '3e6bb0a9-18ac-4266-896a-b39a4555f1a8', '3e6bb0a9-18ac-4266-896a-b39a4555f1a8', '3e6bb0a9-18ac-4266-896a-b39a4555f1a8', '3e6bb0a9-18ac-4266-896a-b39a4555f1a8', '3e6bb0a9-18ac-4266-896a-b39a4555f1a8', '3e6bb0a9-18ac-4266-896a-b39a4555f1a8', '3e6bb0a9-18ac-4266-896a-b39a4555f1a8', '3e6bb0a9-18ac-4266-896a-b39a4555f1a8', '3e6bb0a9-18ac-4266-896a-b39a4555f1a8', '3e6bb0a9-18ac-4266-896a-b39a4555f1a8', '3e6bb0a9-18ac-4266-896a-b39a4555f1a8', '3e6bb0a9-18ac-4266-896a-b39a4555f1a8', '3e6bb0a9-18ac-4266-896a-b39a4555f1a8', '3e6bb0a9-18ac-4266-896a-b39a4555f1a8', '3e6bb0a9-18ac-4266-896a-b39a4555f1a8', '3e6bb0a9-18ac-4266-896a-b39a4555f1a8', '3e6bb0a9-18ac-4266-896a-b39a4555f1a8', '3e6bb0a9-18ac-4266-896a-b39a4555f1a8', '3e6bb0a9-18ac-4266-896a-b39a4555f1a8', '3e6bb0a9-18ac-4266-896a-b39a4555f1a8', '3e6bb0a9-18ac-4266-896a-b39a4555f1a8', 'c2a5eb29-ff36-46a6-8546-436d90c8242b', '342e49b2-e633-460c-be47-84a0bebed765', '342e49b2-e633-460c-be47-84a0bebed765', '3d36d15e-d4ba-4ea3-80ca-2a39de287417', 'e1be0196-9c35-401e-aa04-9536c7fbdbbe', 'e3afc085-f1e2-4a05-a9af-eb32a3a8b5c1', '8804017c-4564-4460-8301-8f88cd6d51f9', 'e85f88c1-381b-4250-b62c-5cf0a717a2e1', '49750c09-c102-4caa-b847-f5e5bd259244', '99616094-0f26-4f76-ae72-bf48fc5a82bd', 'b86d42f0-a35e-4691-954b-c3a47c229cc5']"
e8670b60-a31e-4ae7-9c14-537980c5db6f,2,"['22db7653-7f9a-4b5d-b016-143449ff9431', '22db7653-7f9a-4b5d-b016-143449ff9431', '22db7653-7f9a-4b5d-b016-143449ff9431', '22db7653-7f9a-4b5d-b016-143449ff9431', '22db7653-7f9a-4b5d-b016-143449ff9431', '22db7653-7f9a-4b5d-b016-143449ff9431', '22db7653-7f9a-4b5d-b016-143449ff9431', '22db7653-7f9a-4b5d-b016-143449ff9431', '22db7653-7f9a-4b5d-b016-143449ff9431', '22db7653-7f9a-4b5d-b016-143449ff9431', '22db7653-7f9a-4b5d-b016-143449ff9431', '22db7653-7f9a-4b5d-b016-143449ff9431', '22db7653-7f9a-4b5d-b016-143449ff9431', '22db7653-7f9a-4b5d-b016-143449ff9431', '22db7653-7f9a-4b5d-b016-143449ff9431', '22db7653-7f9a-4b5d-b016-143449ff9431', '22db7653-7f9a-4b5d-b016-143449ff9431', '22db7653-7f9a-4b5d-b016-143449ff9431', '22db7653-7f9a-4b5d-b016-143449ff9431', '22db7653-7f9a-4b5d-b016-143449ff9431', '22db7653-7f9a-4b5d-b016-143449ff9431', '22db7653-7f9a-4b5d-b016-143449ff9431', '22db7653-7f9a-4b5d-b016-143449ff9431', '22db7653-7f9a-4b5d-b016-143449ff9431', '22db7653-7f9a-4b5d-b016-143449ff9431', '22db7653-7f9a-4b5d-b016-143449ff9431', '22db7653-7f9a-4b5d-b016-143449ff9431', '22db7653-7f9a-4b5d-b016-143449ff9431', '22db7653-7f9a-4b5d-b016-143449ff9431', '22db7653-7f9a-4b5d-b016-143449ff9431', '22db7653-7f9a-4b5d-b016-143449ff9431', '22db7653-7f9a-4b5d-b016-143449ff9431', '22db7653-7f9a-4b5d-b016-143449ff9431', '22db7653-7f9a-4b5d-b016-143449ff9431', '22db7653-7f9a-4b5d-b016-143449ff9431', 'fa60ad37-bc93-4d64-9c33-1c362c1e45d4', '1e3d04ee-2488-43a6-8ae2-0cf6968aa3dc', '795c7fe2-3d7a-42e4-9338-b1ccd078a99a', '5b2d18b0-14d0-41cd-80c0-fa8144b7c2b7', '59f58cbe-d4fe-4aa7-bf8a-3e0353c3c8c3', '623de1b0-d5ab-4232-86a9-bf7afed775c8', '053e5593-9ace-407a-b849-5363671a7bfa', '1e0ca998-528f-44b4-a6fa-a4bd99c84bf3', 'b956fbfc-1a9d-4359-a460-bcf6fd79e18c', 'ee167a11-50c4-43bf-b685-3f342eba7810', 'e8691f6d-4d3d-4b22-8679-dcc2a4895dea', '8d1db490-533e-4293-9576-a957596fa42d', '4b86566b-ffb2-4151-ad62-1e92e1a39cdb', '7073ba26-a1b0-4d95-af74-5879a54e9426', 'a79fb72c-aa18-4cbc-a81f-ebfad7d5fb4c']"
caac2471-86d5-4fae-8b25-8005b0871b2a,0,"['784edd7c-8cf6-47c0-8802-887493c6e67f', '784edd7c-8cf6-47c0-8802-887493c6e67f', '784edd7c-8cf6-47c0-8802-887493c6e67f', '784edd7c-8cf6-47c0-8802-887493c6e67f', '784edd7c-8cf6-47c0-8802-887493c6e67f', '784edd7c-8cf6-47c0-8802-887493c6e67f', '784edd7c-8cf6-47c0-8802-887493c6e67f', '784edd7c-8cf6-47c0-8802-887493c6e67f', '784edd7c-8cf6-47c0-8802-887493c6e67f', '784edd7c-8cf6-47c0-8802-887493c6e67f', '784edd7c-8cf6-47c0-8802-887493c6e67f', '784edd7c-8cf6-47c0-8802-887493c6e67f', '784edd7c-8cf6-47c0-8802-887493c6e67f', '784edd7c-8cf6-47c0-8802-887493c6e67f', '784edd7c-8cf6-47c0-8802-887493c6e67f', '784edd7c-8cf6-47c0-8802-887493c6e67f', '784edd7c-8cf6-47c0-8802-887493c6e67f', '784edd7c-8cf6-47c0-8802-887493c6e67f', '784edd7c-8cf6-47c0-8802-887493c6e67f', '784edd7c-8cf6-47c0-8802-887493c6e67f', '784edd7c-8cf6-47c0-8802-887493c6e67f', '784edd7c-8cf6-47c0-8802-887493c6e67f', '784edd7c-8cf6-47c0-8802-887493c6e67f', '784edd7c-8cf6-47c0-8802-887493c6e67f', '784edd7c-8cf6-47c0-8802-887493c6e67f', '784edd7c-8cf6-47c0-8802-887493c6e67f', '784edd7c-8cf6-47c0-8802-887493c6e67f', '784edd7c-8cf6-47c0-8802-887493c6e67f', '784edd7c-8cf6-47c0-8802-887493c6e67f', '784edd7c-8cf6-47c0-8802-887493c6e67f', '784edd7c-8cf6-47c0-8802-887493c6e67f', '784edd7c-8cf6-47c0-8802-887493c6e67f', '784edd7c-8cf6-47c0-8802-887493c6e67f', '784edd7c-8cf6-47c0-8802-887493c6e67f', '784edd7c-8cf6-47c0-8802-887493c6e67f', '784edd7c-8cf6-47c0-8802-887493c6e67f', '784edd7c-8cf6-47c0-8802-887493c6e67f', '784edd7c-8cf6-47c0-8802-887493c6e67f', '784edd7c-8cf6-47c0-8802-887493c6e67f', '784edd7c-8cf6-47c0-8802-887493c6e67f', '784edd7c-8cf6-47c0-8802-887493c6e67f', '784edd7c-8cf6-47c0-8802-887493c6e67f', '784edd7c-8cf6-47c0-8802-887493c6e67f', '784edd7c-8cf6-47c0-8802-887493c6e67f', '784edd7c-8cf6-47c0-8802-887493c6e67f', '784edd7c-8cf6-47c0-8802-887493c6e67f', '784edd7c-8cf6-47c0-8802-887493c6e67f', '784edd7c-8cf6-47c0-8802-887493c6e67f', '784edd7c-8cf6-47c0-8802-887493c6e67f', '784edd7c-8cf6-47c0-8802-887493c6e67f']"
ebb01f4e-c875-492a-b5c8-4958c74bddc5,5,"['58c1432c-7fcf-4a29-8eb8-bc17fbe2c68d', '58c1432c-7fcf-4a29-8eb8-bc17fbe2c68d', '58c1432c-7fcf-4a29-8eb8-bc17fbe2c68d', '58c1432c-7fcf-4a29-8eb8-bc17fbe2c68d', '58c1432c-7fcf-4a29-8eb8-bc17fbe2c68d', '58c1432c-7fcf-4a29-8eb8-bc17fbe2c68d', '58c1432c-7fcf-4a29-8eb8-bc17fbe2c68d', '58c1432c-7fcf-4a29-8eb8-bc17fbe2c68d', '58c1432c-7fcf-4a29-8eb8-bc17fbe2c68d', '58c1432c-7fcf-4a29-8eb8-bc17fbe2c68d', '58c1432c-7fcf-4a29-8eb8-bc17fbe2c68d', '58c1432c-7fcf-4a29-8eb8-bc17fbe2c68d', '58c1432c-7fcf-4a29-8eb8-bc17fbe2c68d', '58c1432c-7fcf-4a29-8eb8-bc17fbe2c68d', '58c1432c-7fcf-4a29-8eb8-bc17fbe2c68d', '58c1432c-7fcf-4a29-8eb8-bc17fbe2c68d', '58c1432c-7fcf-4a29-8eb8-bc17fbe2c68d', '58c1432c-7fcf-4a29-8eb8-bc17fbe2c68d', '58c1432c-7fcf-4a29-8eb8-bc17fbe2c68d', '58c1432c-7fcf-4a29-8eb8-bc17fbe2c68d', '58c1432c-7fcf-4a29-8eb8-bc17fbe2c68d', 'e217dc0b-429e-4820-b396-3c36738d927b', '53d532fa-8557-4f44-a9ca-e460fe045c02', '55bab08d-2177-428c-90c5-59754405bfc4', 'd528eb30-8d86-4b63-b1c3-7eb279e071cc', '42165518-ac84-4c28-abd7-8fb6675d8143', 'fd51b5de-68cd-4493-86f9-cb5ac631839c', 'ae57db1e-3cc9-4381-a37e-7ad5f6ebdad3', '1564b346-525a-4115-a8b4-518250d56d60', '821dab9c-25c2-44b8-97d7-bad1ada4d895', '0a029f0a-8a3d-4299-99e2-123b74734531', '08aa7308-56b6-4055-9a77-7effaf545364', '2e653745-d92d-48b1-87a6-f9bcc1ca0520', 'fd2f0ce7-dd67-4713-b9b9-2a73492338b1', '3be778ec-1cba-493a-8999-37cacdb3ff84', 'c1194325-237f-4303-98f6-fb82bf0a5a70', 'fde09c14-9cb6-4703-9473-b25e9d907e31', '45e07143-76ac-43c4-b625-d1635a32f4c4', 'b32fa65c-bd17-4f2f-a60c-8f3d7ca176bf', 'b34aa972-f921-4433-8b6c-90d8477e855f', 'c59417bd-046c-4bf9-a257-088f060f7a93', '94bd6c29-1945-4e1f-a3ac-82ad262c589a', '37def301-2453-43b4-a8c6-01961e8d6169', '061dfa25-06bf-4417-8d0e-c7c3c1d4ae03', '49348623-f82c-4d52-9e9a-fde78687b651', '2dd0a9d8-b0a4-4789-95ae-aacf4b53cc52', '4b768322-1402-46ae-95e0-a44280d048da', 'dfa7f132-e001-4e27-bc9e-25f11b90c6ce', '08ac1bbc-7f7b-4892-89dd-468dc4497b05', 'c4d0846b-b573-47eb-bbc1-e7d52ccb4f2c']"
38481db6-78b8-4432-b3d1-28dff0ac4d52,8,"['c52d6360-353b-4ad7-9b5b-b58e4a4bb0f8', 'c52d6360-353b-4ad7-9b5b-b58e4a4bb0f8', '3e6bb0a9-18ac-4266-896a-b39a4555f1a8', '3e6bb0a9-18ac-4266-896a-b39a4555f1a8', '3e6bb0a9-18ac-4266-896a-b39a4555f1a8', '3e6bb0a9-18ac-4266-896a-b39a4555f1a8', '3e6bb0a9-18ac-4266-896a-b39a4555f1a8', '3e6bb0a9-18ac-4266-896a-b39a4555f1a8', '3e6bb0a9-18ac-4266-896a-b39a4555f1a8', '3e6bb0a9-18ac-4266-896a-b39a4555f1a8', '3e6bb0a9-18ac-4266-896a-b39a4555f1a8', '3e6bb0a9-18ac-4266-896a-b39a4555f1a8', '3e6bb0a9-18ac-4266-896a-b39a4555f1a8', '3e6bb0a9-18ac-4266-896a-b39a4555f1a8', '3e6bb0a9-18ac-4266-896a-b39a4555f1a8', '3e6bb0a9-18ac-4266-896a-b39a4555f1a8', '3e6bb0a9-18ac-4266-896a-b39a4555f1a8', '3e6bb0a9-18ac-4266-896a-b39a4555f1a8', '3e6bb0a9-18ac-4266-896a-b39a4555f1a8', '3e6bb0a9-18ac-4266-896a-b39a4555f1a8', '3e6bb0a9-18ac-4266-896a-b39a4555f1a8', '3e6bb0a9-18ac-4266-896a-b39a4555f1a8', '3e6bb0a9-18ac-4266-896a-b39a4555f1a8', '3e6bb0a9-18ac-4266-896a-b39a4555f1a8', '3e6bb0a9-18ac-4266-896a-b39a4555f1a8', '3e6bb0a9-18ac-4266-896a-b39a4555f1a8', '3e6bb0a9-18ac-4266-896a-b39a4555f1a8', '3e6bb0a9-18ac-4266-896a-b39a4555f1a8', '3e6bb0a9-18ac-4266-896a-b39a4555f1a8', '3e6bb0a9-18ac-4266-896a-b39a4555f1a8', '3e6bb0a9-18ac-4266-896a-b39a4555f1a8', '342e49b2-e633-460c-be47-84a0bebed765', '342e49b2-e633-460c-be47-84a0bebed765', '3d36d15e-d4ba-4ea3-80ca-2a39de287417', 'e1be0196-9c35-401e-aa04-9536c7fbdbbe', 'e3afc085-f1e2-4a05-a9af-eb32a3a8b5c1', '8804017c-4564-4460-8301-8f88cd6d51f9', '49750c09-c102-4caa-b847-f5e5bd259244', '99616094-0f26-4f76-ae72-bf48fc5a82bd', '6de34990-675a-4eb6-b292-f5340d5e93e3', 'd7d46b6d-d998-43c1-8fb4-8c6542c92e93', '9acc446a-1924-49ec-8172-cc44a443bb86', '8c2dff56-42a8-4b63-9925-31751c0baf81', 'b0b10cef-9171-4850-a3fc-f4470ad745ef', '4b9d5a0c-5023-4f80-90a0-bf1d1fb8d799', 'edf8a6c2-f0a9-42fb-a68f-b5afcc4382b7', '2c503b08-93a4-48af-b109-cdde64a7af5e', '1a7f0fc3-a705-48bc-9e34-12f8c3d7e88c', 'fd3c260c-7046-4b97-a35c-25557fb068da', '2c7ec08c-bf54-4809-a3f4-54965e3dcd00']"
ebb01f4e-c875-492a-b5c8-4958c74bddc5,6,"['58c1432c-7fcf-4a29-8eb8-bc17fbe2c68d', '58c1432c-7fcf-4a29-8eb8-bc17fbe2c68d', '58c1432c-7fcf-4a29-8eb8-bc17fbe2c68d', '58c1432c-7fcf-4a29-8eb8-bc17fbe2c68d', '58c1432c-7fcf-4a29-8eb8-bc17fbe2c68d', '58c1432c-7fcf-4a29-8eb8-bc17fbe2c68d', '58c1432c-7fcf-4a29-8eb8-bc17fbe2c68d', '58c1432c-7fcf-4a29-8eb8-bc17fbe2c68d', '58c1432c-7fcf-4a29-8eb8-bc17fbe2c68d', '58c1432c-7fcf-4a29-8eb8-bc17fbe2c68d', '58c1432c-7fcf-4a29-8eb8-bc17fbe2c68d', '58c1432c-7fcf-4a29-8eb8-bc17fbe2c68d', '58c1432c-7fcf-4a29-8eb8-bc17fbe2c68d', '58c1432c-7fcf-4a29-8eb8-bc17fbe2c68d', '58c1432c-7fcf-4a29-8eb8-bc17fbe2c68d', '58c1432c-7fcf-4a29-8eb8-bc17fbe2c68d', '58c1432c-7fcf-4a29-8eb8-bc17fbe2c68d', '58c1432c-7fcf-4a29-8eb8-bc17fbe2c68d', '58c1432c-7fcf-4a29-8eb8-bc17fbe2c68d', '58c1432c-7fcf-4a29-8eb8-bc17fbe2c68d', '58c1432c-7fcf-4a29-8eb8-bc17fbe2c68d', '58c1432c-7fcf-4a29-8eb8-bc17fbe2c68d', '58c1432c-7fcf-4a29-8eb8-bc17fbe2c68d', '58c1432c-7fcf-4a29-8eb8-bc17fbe2c68d', '58c1432c-7fcf-4a29-8eb8-bc17fbe2c68d', '58c1432c-7fcf-4a29-8eb8-bc17fbe2c68d', '58c1432c-7fcf-4a29-8eb8-bc17fbe2c68d', '58c1432c-7fcf-4a29-8eb8-bc17fbe2c68d', '58c1432c-7fcf-4a29-8eb8-bc17fbe2c68d', '58c1432c-7fcf-4a29-8eb8-bc17fbe2c68d', '58c1432c-7fcf-4a29-8eb8-bc17fbe2c68d', '58c1432c-7fcf-4a29-8eb8-bc17fbe2c68d', '58c1432c-7fcf-4a29-8eb8-bc17fbe2c68d', '58c1432c-7fcf-4a29-8eb8-bc17fbe2c68d', '58c1432c-7fcf-4a29-8eb8-bc17fbe2c68d', '58c1432c-7fcf-4a29-8eb8-bc17fbe2c68d', '58c1432c-7fcf-4a29-8eb8-bc17fbe2c68d', '58c1432c-7fcf-4a29-8eb8-bc17fbe2c68d', '58c1432c-7fcf-4a29-8eb8-bc17fbe2c68d', '58c1432c-7fcf-4a29-8eb8-bc17fbe2c68d', '58c1432c-7fcf-4a29-8eb8-bc17fbe2c68d', '58c1432c-7fcf-4a29-8eb8-bc17fbe2c68d', '58c1432c-7fcf-4a29-8eb8-bc17fbe2c68d', '58c1432c-7fcf-4a29-8eb8-bc17fbe2c68d', 'c2ad1d7d-1bbf-4dcc-8b63-a9c34ad98be4', 'df6f4450-1c59-4899-8752-d311d2113239', '6da8c7a3-2c86-408d-8e72-bcef972a6970', '081f4c71-956b-48fd-a57b-c9f82e07f416', '78fbafef-a78b-413c-9e0e-7f3d893b9915', '8e1bd94b-f343-45ba-a9a1-c8e58805d07f']"
e8670b60-a31e-4ae7-9c14-537980c5db6f,3,"['22db7653-7f9a-4b5d-b016-143449ff9431', '22db7653-7f9a-4b5d-b016-143449ff9431', '22db7653-7f9a-4b5d-b016-143449ff9431', '22db7653-7f9a-4b5d-b016-143449ff9431', '22db7653-7f9a-4b5d-b016-143449ff9431', '22db7653-7f9a-4b5d-b016-143449ff9431', '22db7653-7f9a-4b5d-b016-143449ff9431', '22db7653-7f9a-4b5d-b016-143449ff9431', '22db7653-7f9a-4b5d-b016-143449ff9431', '22db7653-7f9a-4b5d-b016-143449ff9431', '22db7653-7f9a-4b5d-b016-143449ff9431', '22db7653-7f9a-4b5d-b016-143449ff9431', '22db7653-7f9a-4b5d-b016-143449ff9431', '22db7653-7f9a-4b5d-b016-143449ff9431', '22db7653-7f9a-4b5d-b016-143449ff9431', '22db7653-7f9a-4b5d-b016-143449ff9431', '22db7653-7f9a-4b5d-b016-143449ff9431', '22db7653-7f9a-4b5d-b016-143449ff9431', '22db7653-7f9a-4b5d-b016-143449ff9431', '22db7653-7f9a-4b5d-b016-143449ff9431', '22db7653-7f9a-4b5d-b016-143449ff9431', '22db7653-7f9a-4b5d-b016-143449ff9431', '22db7653-7f9a-4b5d-b016-143449ff9431', '22db7653-7f9a-4b5d-b016-143449ff9431', '22db7653-7f9a-4b5d-b016-143449ff9431', '22db7653-7f9a-4b5d-b016-143449ff9431', '22db7653-7f9a-4b5d-b016-143449ff9431', 'fa60ad37-bc93-4d64-9c33-1c362c1e45d4', '1e3d04ee-2488-43a6-8ae2-0cf6968aa3dc', '795c7fe2-3d7a-42e4-9338-b1ccd078a99a', '5b2d18b0-14d0-41cd-80c0-fa8144b7c2b7', '59f58cbe-d4fe-4aa7-bf8a-3e0353c3c8c3', '623de1b0-d5ab-4232-86a9-bf7afed775c8', '1e0ca998-528f-44b4-a6fa-a4bd99c84bf3', 'ee167a11-50c4-43bf-b685-3f342eba7810', 'e8691f6d-4d3d-4b22-8679-dcc2a4895dea', '8d1db490-533e-4293-9576-a957596fa42d', '4b86566b-ffb2-4151-ad62-1e92e1a39cdb', '7073ba26-a1b0-4d95-af74-5879a54e9426', 'a79fb72c-aa18-4cbc-a81f-ebfad7d5fb4c', '7d6cc9f2-c9c2-492f-a6f4-de5c012293b7', '0ef344d5-fcfa-44b1-b999-a04e19dc276f', '27dada83-36ee-4f8d-911e-28d7d14be1e4', '42f40882-5418-4af7-bb3c-1e8611bcf2ca', '0fa48205-39a3-4605-9874-8dfede95ec7a', '84f1a456-8768-4ad1-971a-1912b745e80f', '8595125a-ab84-4a78-ae97-e344b9cb9044', 'ec0c49a5-4c31-4e82-851c-a07b4e22bd6b', '0fb6dbf0-27b2-4478-81b8-38b0690ed8b2', '48b456d3-59d7-45e2-a289-426972c72d3d']"
caac2471-86d5-4fae-8b25-8005b0871b2a,1,"['784edd7c-8cf6-47c0-8802-887493c6e67f', '784edd7c-8cf6-47c0-8802-887493c6e67f', '784edd7c-8cf6-47c0-8802-887493c6e67f', '784edd7c-8cf6-47c0-8802-887493c6e67f', '784edd7c-8cf6-47c0-8802-887493c6e67f', '784edd7c-8cf6-47c0-8802-887493c6e67f', '784edd7c-8cf6-47c0-8802-887493c6e67f', '784edd7c-8cf6-47c0-8802-887493c6e67f', '784edd7c-8cf6-47c0-8802-887493c6e67f', '784edd7c-8cf6-47c0-8802-887493c6e67f', '784edd7c-8cf6-47c0-8802-887493c6e67f', '784edd7c-8cf6-47c0-8802-887493c6e67f', '784edd7c-8cf6-47c0-8802-887493c6e67f', '784edd7c-8cf6-47c0-8802-887493c6e67f', '784edd7c-8cf6-47c0-8802-887493c6e67f', '784edd7c-8cf6-47c0-8802-887493c6e67f', '784edd7c-8cf6-47c0-8802-887493c6e67f', '784edd7c-8cf6-47c0-8802-887493c6e67f', '784edd7c-8cf6-47c0-8802-887493c6e67f', '784edd7c-8cf6-47c0-8802-887493c6e67f', '784edd7c-8cf6-47c0-8802-887493c6e67f', '784edd7c-8cf6-47c0-8802-887493c6e67f', '784edd7c-8cf6-47c0-8802-887493c6e67f', '784edd7c-8cf6-47c0-8802-887493c6e67f', '784edd7c-8cf6-47c0-8802-887493c6e67f', '784edd7c-8cf6-47c0-8802-887493c6e67f', '784edd7c-8cf6-47c0-8802-887493c6e67f', '784edd7c-8cf6-47c0-8802-887493c6e67f', '784edd7c-8cf6-47c0-8802-887493c6e67f', '784edd7c-8cf6-47c0-8802-887493c6e67f', '784edd7c-8cf6-47c0-8802-887493c6e67f', '784edd7c-8cf6-47c0-8802-887493c6e67f', '784edd7c-8cf6-47c0-8802-887493c6e67f', '784edd7c-8cf6-47c0-8802-887493c6e67f', '784edd7c-8cf6-47c0-8802-887493c6e67f', '784edd7c-8cf6-47c0-8802-887493c6e67f', '784edd7c-8cf6-47c0-8802-887493c6e67f', '784edd7c-8cf6-47c0-8802-887493c6e67f', '784edd7c-8cf6-47c0-8802-887493c6e67f', '784edd7c-8cf6-47c0-8802-887493c6e67f', '1e74e93b-dd8f-47cc-995e-5795810e3524', 'e7da83f7-737f-4f45-93ec-1c66ca29247a', 'c8c61a4b-df63-4a28-9331-3d078eff9cdc', '57f7a550-0a19-4171-a602-326076acdeb5', 'a5e36aaf-5737-45a9-9531-2836d9d0750b', '103ec437-b585-436a-80ed-0d74d30d28c4', '5537b846-fe50-4db3-aca3-bc5d0978a3ac', '3a0afe77-1366-4c83-8070-c55f39072095', '4bdbce27-a35e-4c3e-8248-95474e8aef75', 'd515c181-132c-43ef-988a-c75526eb175e']"
ebb01f4e-c875-492a-b5c8-4958c74bddc5,7,"['58c1432c-7fcf-4a29-8eb8-bc17fbe2c68d', '58c1432c-7fcf-4a29-8eb8-bc17fbe2c68d', '58c1432c-7fcf-4a29-8eb8-bc17fbe2c68d', '58c1432c-7fcf-4a29-8eb8-bc17fbe2c68d', '58c1432c-7fcf-4a29-8eb8-bc17fbe2c68d', '58c1432c-7fcf-4a29-8eb8-bc17fbe2c68d', '58c1432c-7fcf-4a29-8eb8-bc17fbe2c68d', '58c1432c-7fcf-4a29-8eb8-bc17fbe2c68d', '58c1432c-7fcf-4a29-8eb8-bc17fbe2c68d', '58c1432c-7fcf-4a29-8eb8-bc17fbe2c68d', '58c1432c-7fcf-4a29-8eb8-bc17fbe2c68d', '58c1432c-7fcf-4a29-8eb8-bc17fbe2c68d', '58c1432c-7fcf-4a29-8eb8-bc17fbe2c68d', '58c1432c-7fcf-4a29-8eb8-bc17fbe2c68d', '58c1432c-7fcf-4a29-8eb8-bc17fbe2c68d', '58c1432c-7fcf-4a29-8eb8-bc17fbe2c68d', '58c1432c-7fcf-4a29-8eb8-bc17fbe2c68d', '58c1432c-7fcf-4a29-8eb8-bc17fbe2c68d', '58c1432c-7fcf-4a29-8eb8-bc17fbe2c68d', '58c1432c-7fcf-4a29-8eb8-bc17fbe2c68d', '58c1432c-7fcf-4a29-8eb8-bc17fbe2c68d', '58c1432c-7fcf-4a29-8eb8-bc17fbe2c68d', '58c1432c-7fcf-4a29-8eb8-bc17fbe2c68d', '58c1432c-7fcf-4a29-8eb8-bc17fbe2c68d', '58c1432c-7fcf-4a29-8eb8-bc17fbe2c68d', '58c1432c-7fcf-4a29-8eb8-bc17fbe2c68d', '58c1432c-7fcf-4a29-8eb8-bc17fbe2c68d', '58c1432c-7fcf-4a29-8eb8-bc17fbe2c68d', '58c1432c-7fcf-4a29-8eb8-bc17fbe2c68d', '58c1432c-7fcf-4a29-8eb8-bc17fbe2c68d', '58c1432c-7fcf-4a29-8eb8-bc17fbe2c68d', '58c1432c-7fcf-4a29-8eb8-bc17fbe2c68d', '58c1432c-7fcf-4a29-8eb8-bc17fbe2c68d', '58c1432c-7fcf-4a29-8eb8-bc17fbe2c68d', '58c1432c-7fcf-4a29-8eb8-bc17fbe2c68d', '58c1432c-7fcf-4a29-8eb8-bc17fbe2c68d', '58c1432c-7fcf-4a29-8eb8-bc17fbe2c68d', '58c1432c-7fcf-4a29-8eb8-bc17fbe2c68d', 'df6f4450-1c59-4899-8752-d311d2113239', '6da8c7a3-2c86-408d-8e72-bcef972a6970', '081f4c71-956b-48fd-a57b-c9f82e07f416', '78fbafef-a78b-413c-9e0e-7f3d893b9915', '8e1bd94b-f343-45ba-a9a1-c8e58805d07f', 'd4598bb5-bbcd-4397-9326-80ca46ff665f', '6f343a58-3dc1-4442-8cee-35615d181938', '3351ebd4-33ac-471b-96bd-fe95eb6a21cf', '69fa862e-2d7a-4790-845d-36f9cfbe3fc4', '787cc90f-3eab-4160-968d-05310a5b5444', '95d83af2-8d9d-441f-974e-6af6b1c28cd0', '3043bd34-b9f8-482f-8a7f-8cda183c5e30']"
e8670b60-a31e-4ae7-9c14-537980c5db6f,4,"['22db7653-7f9a-4b5d-b016-143449ff9431', '22db7653-7f9a-4b5d-b016-143449ff9431', '22db7653-7f9a-4b5d-b016-143449ff9431', '22db7653-7f9a-4b5d-b016-143449ff9431', '22db7653-7f9a-4b5d-b016-143449ff9431', '22db7653-7f9a-4b5d-b016-143449ff9431', '22db7653-7f9a-4b5d-b016-143449ff9431', '22db7653-7f9a-4b5d-b016-143449ff9431', '22db7653-7f9a-4b5d-b016-143449ff9431', '22db7653-7f9a-4b5d-b016-143449ff9431', '22db7653-7f9a-4b5d-b016-143449ff9431', '22db7653-7f9a-4b5d-b016-143449ff9431', '22db7653-7f9a-4b5d-b016-143449ff9431', '22db7653-7f9a-4b5d-b016-143449ff9431', '22db7653-7f9a-4b5d-b016-143449ff9431', '22db7653-7f9a-4b5d-b016-143449ff9431', '22db7653-7f9a-4b5d-b016-143449ff9431', '22db7653-7f9a-4b5d-b016-143449ff9431', '22db7653-7f9a-4b5d-b016-143449ff9431', '22db7653-7f9a-4b5d-b016-143449ff9431', '22db7653-7f9a-4b5d-b016-143449ff9431', '22db7653-7f9a-4b5d-b016-143449ff9431', '22db7653-7f9a-4b5d-b016-143449ff9431', '22db7653-7f9a-4b5d-b016-143449ff9431', '22db7653-7f9a-4b5d-b016-143449ff9431', '22db7653-7f9a-4b5d-b016-143449ff9431', '22db7653-7f9a-4b5d-b016-143449ff9431', '22db7653-7f9a-4b5d-b016-143449ff9431', '22db7653-7f9a-4b5d-b016-143449ff9431', '22db7653-7f9a-4b5d-b016-143449ff9431', '22db7653-7f9a-4b5d-b016-143449ff9431', '22db7653-7f9a-4b5d-b016-143449ff9431', '22db7653-7f9a-4b5d-b016-143449ff9431', '22db7653-7f9a-4b5d-b016-143449ff9431', '22db7653-7f9a-4b5d-b016-143449ff9431', '22db7653-7f9a-4b5d-b016-143449ff9431', '22db7653-7f9a-4b5d-b016-143449ff9431', 'a79fb72c-aa18-4cbc-a81f-ebfad7d5fb4c', 'a79fb72c-aa18-4cbc-a81f-ebfad7d5fb4c', 'a79fb72c-aa18-4cbc-a81f-ebfad7d5fb4c', 'a79fb72c-aa18-4cbc-a81f-ebfad7d5fb4c', 'a79fb72c-aa18-4cbc-a81f-ebfad7d5fb4c', 'a79fb72c-aa18-4cbc-a81f-ebfad7d5fb4c', 'd7a4e82d-2bb7-410e-8b6c-ed008c2c748f', 'ef0a4ba5-9457-44d8-9254-4456039bef37', '27785080-8471-46ac-95e2-ea78d253b724', 'df68ae95-d4da-4758-a41b-3691dcbd416e', '1f10dd52-cd4e-448b-838c-4c201eeda4b4', '9e8a7798-4851-41c1-8c73-46d6e106a954', 'ed268610-5ffd-4623-96d8-263eb9d01a52']"
38481db6-78b8-4432-b3d1-28dff0ac4d52,9,"['c52d6360-353b-4ad7-9b5b-b58e4a4bb0f8', 'c52d6360-353b-4ad7-9b5b-b58e4a4bb0f8', '3e6bb0a9-18ac-4266-896a-b39a4555f1a8', '3e6bb0a9-18ac-4266-896a-b39a4555f1a8', '3e6bb0a9-18ac-4266-896a-b39a4555f1a8', '3e6bb0a9-18ac-4266-896a-b39a4555f1a8', '3e6bb0a9-18ac-4266-896a-b39a4555f1a8', '3e6bb0a9-18ac-4266-896a-b39a4555f1a8', '3e6bb0a9-18ac-4266-896a-b39a4555f1a8', '3e6bb0a9-18ac-4266-896a-b39a4555f1a8', '3e6bb0a9-18ac-4266-896a-b39a4555f1a8', '3e6bb0a9-18ac-4266-896a-b39a4555f1a8', '3e6bb0a9-18ac-4266-896a-b39a4555f1a8', '3e6bb0a9-18ac-4266-896a-b39a4555f1a8', '3e6bb0a9-18ac-4266-896a-b39a4555f1a8', '3e6bb0a9-18ac-4266-896a-b39a4555f1a8', '3e6bb0a9-18ac-4266-896a-b39a4555f1a8', '3e6bb0a9-18ac-4266-896a-b39a4555f1a8', '3e6bb0a9-18ac-4266-896a-b39a4555f1a8', '3e6bb0a9-18ac-4266-896a-b39a4555f1a8', '3e6bb0a9-18ac-4266-896a-b39a4555f1a8', '3e6bb0a9-18ac-4266-896a-b39a4555f1a8', '3e6bb0a9-18ac-4266-896a-b39a4555f1a8', '3e6bb0a9-18ac-4266-896a-b39a4555f1a8', '3e6bb0a9-18ac-4266-896a-b39a4555f1a8', '3e6bb0a9-18ac-4266-896a-b39a4555f1a8', '3e6bb0a9-18ac-4266-896a-b39a4555f1a8', '342e49b2-e633-460c-be47-84a0bebed765', '342e49b2-e633-460c-be47-84a0bebed765', '3d36d15e-d4ba-4ea3-80ca-2a39de287417', 'e1be0196-9c35-401e-aa04-9536c7fbdbbe', 'e3afc085-f1e2-4a05-a9af-eb32a3a8b5c1', '8804017c-4564-4460-8301-8f88cd6d51f9', '49750c09-c102-4caa-b847-f5e5bd259244', '99616094-0f26-4f76-ae72-bf48fc5a82bd', '6de34990-675a-4eb6-b292-f5340d5e93e3', 'd7d46b6d-d998-43c1-8fb4-8c6542c92e93', '9acc446a-1924-49ec-8172-cc44a443bb86', '8c2dff56-42a8-4b63-9925-31751c0baf81', 'b0b10cef-9171-4850-a3fc-f4470ad745ef', 'edf8a6c2-f0a9-42fb-a68f-b5afcc4382b7', '1a7f0fc3-a705-48bc-9e34-12f8c3d7e88c', 'fd3c260c-7046-4b97-a35c-25557fb068da', '2c7ec08c-bf54-4809-a3f4-54965e3dcd00', '6c96f916-d6ad-49fe-886f-283a48c48ba1', 'fd78cc51-916a-49df-9f16-411712b078a3', 'a7895dd4-31da-41b6-96d7-33c5945b6d31', '75a87dd9-7355-47cb-8b50-7b6488db3d8e', '714cfccc-8111-4a45-913b-32340607953f', '27839a8d-3317-4800-9080-db8cb2fd754a']"
caac2471-86d5-4fae-8b25-8005b0871b2a,2,"['784edd7c-8cf6-47c0-8802-887493c6e67f', '784edd7c-8cf6-47c0-8802-887493c6e67f', '784edd7c-8cf6-47c0-8802-887493c6e67f', '784edd7c-8cf6-47c0-8802-887493c6e67f', '784edd7c-8cf6-47c0-8802-887493c6e67f', '784edd7c-8cf6-47c0-8802-887493c6e67f', '784edd7c-8cf6-47c0-8802-887493c6e67f', '784edd7c-8cf6-47c0-8802-887493c6e67f', '784edd7c-8cf6-47c0-8802-887493c6e67f', '784edd7c-8cf6-47c0-8802-887493c6e67f', '784edd7c-8cf6-47c0-8802-887493c6e67f', '784edd7c-8cf6-47c0-8802-887493c6e67f', '784edd7c-8cf6-47c0-8802-887493c6e67f', '784edd7c-8cf6-47c0-8802-887493c6e67f', '784edd7c-8cf6-47c0-8802-887493c6e67f', '784edd7c-8cf6-47c0-8802-887493c6e67f', '784edd7c-8cf6-47c0-8802-887493c6e67f', '784edd7c-8cf6-47c0-8802-887493c6e67f', '784edd7c-8cf6-47c0-8802-887493c6e67f', '784edd7c-8cf6-47c0-8802-887493c6e67f', '784edd7c-8cf6-47c0-8802-887493c6e67f', '784edd7c-8cf6-47c0-8802-887493c6e67f', '784edd7c-8cf6-47c0-8802-887493c6e67f', '784edd7c-8cf6-47c0-8802-887493c6e67f', '784edd7c-8cf6-47c0-8802-887493c6e67f', '784edd7c-8cf6-47c0-8802-887493c6e67f', '784edd7c-8cf6-47c0-8802-887493c6e67f', '784edd7c-8cf6-47c0-8802-887493c6e67f', '784edd7c-8cf6-47c0-8802-887493c6e67f', '1e74e93b-dd8f-47cc-995e-5795810e3524', 'e7da83f7-737f-4f45-93ec-1c66ca29247a', '57f7a550-0a19-4171-a602-326076acdeb5', 'a5e36aaf-5737-45a9-9531-2836d9d0750b', '103ec437-b585-436a-80ed-0d74d30d28c4', '3a0afe77-1366-4c83-8070-c55f39072095', '4bdbce27-a35e-4c3e-8248-95474e8aef75', '171e5feb-9e7d-488b-81eb-5c95506b7725', '022eba29-2f66-464d-ab67-9a69c48d2d70', '78c6ac4b-387a-4a9b-ba50-e5b001fc24bc', 'f44a9b35-17d5-4225-98da-7373ae9ed4d4', '69c4af6d-3b36-4fbc-bdae-4647b20dc104', 'ef1f592b-ba37-4ac4-b933-4e030f9f7176', '96c97e19-5adf-4f1e-87a8-a73b3dcc4b6d', 'bcd4f412-a3ee-4790-bc8e-1010a3eeb263', '502ae054-e202-48da-beb6-2cf006befcf2', '951e67a9-8033-4869-9991-84c2eb1fd946', 'b55d0414-73ae-488e-a789-1d1224298470', '61cf380a-4f75-481c-bee4-05a206979b3b', '1d14f736-7291-44de-b57e-467835472e67', '42e49afd-1b57-4fb7-bfb8-5ba50d7dcda6']"
e8670b60-a31e-4ae7-9c14-537980c5db6f,5,"['22db7653-7f9a-4b5d-b016-143449ff9431', '22db7653-7f9a-4b5d-b016-143449ff9431', '22db7653-7f9a-4b5d-b016-143449ff9431', '22db7653-7f9a-4b5d-b016-143449ff9431', '22db7653-7f9a-4b5d-b016-143449ff9431', '22db7653-7f9a-4b5d-b016-143449ff9431', '22db7653-7f9a-4b5d-b016-143449ff9431', '22db7653-7f9a-4b5d-b016-143449ff9431', '22db7653-7f9a-4b5d-b016-143449ff9431', '22db7653-7f9a-4b5d-b016-143449ff9431', '22db7653-7f9a-4b5d-b016-143449ff9431', '22db7653-7f9a-4b5d-b016-143449ff9431', '22db7653-7f9a-4b5d-b016-143449ff9431', '22db7653-7f9a-4b5d-b016-143449ff9431', '22db7653-7f9a-4b5d-b016-143449ff9431', '22db7653-7f9a-4b5d-b016-143449ff9431', '22db7653-7f9a-4b5d-b016-143449ff9431', '22db7653-7f9a-4b5d-b016-143449ff9431', '22db7653-7f9a-4b5d-b016-143449ff9431', '22db7653-7f9a-4b5d-b016-143449ff9431', '22db7653-7f9a-4b5d-b016-143449ff9431', '22db7653-7f9a-4b5d-b016-143449ff9431', '22db7653-7f9a-4b5d-b016-143449ff9431', '22db7653-7f9a-4b5d-b016-143449ff9431', '22db7653-7f9a-4b5d-b016-143449ff9431', '22db7653-7f9a-4b5d-b016-143449ff9431', '22db7653-7f9a-4b5d-b016-143449ff9431', '22db7653-7f9a-4b5d-b016-143449ff9431', '22db7653-7f9a-4b5d-b016-143449ff9431', 'a79fb72c-aa18-4cbc-a81f-ebfad7d5fb4c', 'a79fb72c-aa18-4cbc-a81f-ebfad7d5fb4c', 'a79fb72c-aa18-4cbc-a81f-ebfad7d5fb4c', 'a79fb72c-aa18-4cbc-a81f-ebfad7d5fb4c', 'a79fb72c-aa18-4cbc-a81f-ebfad7d5fb4c', 'd7a4e82d-2bb7-410e-8b6c-ed008c2c748f', 'ef0a4ba5-9457-44d8-9254-4456039bef37', '27785080-8471-46ac-95e2-ea78d253b724', 'df68ae95-d4da-4758-a41b-3691dcbd416e', '9e8a7798-4851-41c1-8c73-46d6e106a954', '776cbd05-e50b-4733-881a-6bcaa6390f6f', 'b2e89aa4-34c9-4fd2-9313-b483fa98aa0d', '7e434fa4-420f-4e08-a310-e8132e782888', 'c29efce4-930b-4970-b6ae-d4dabb5ec61d', '2241bb30-c5c0-47f8-9488-f8c6a553e2c7', 'cbc060ea-0727-4d6a-a20f-cbb61afef0aa', 'ca805b90-46db-41e1-aabf-98844f3c3609', '92e033dd-d11a-4739-9ac1-b9ff3e27e307', '7c9f0e37-3fe7-44af-8902-c443befc421b', 'c44d41a3-52b0-42e1-8a2c-43c64dcc8f97', 'bfca1b0c-fe10-4d5a-8b3e-edf73cebd264']"
ebb01f4e-c875-492a-b5c8-4958c74bddc5,8,"['58c1432c-7fcf-4a29-8eb8-bc17fbe2c68d', '58c1432c-7fcf-4a29-8eb8-bc17fbe2c68d', '58c1432c-7fcf-4a29-8eb8-bc17fbe2c68d', '58c1432c-7fcf-4a29-8eb8-bc17fbe2c68d', '58c1432c-7fcf-4a29-8eb8-bc17fbe2c68d', '58c1432c-7fcf-4a29-8eb8-bc17fbe2c68d', '58c1432c-7fcf-4a29-8eb8-bc17fbe2c68d', '58c1432c-7fcf-4a29-8eb8-bc17fbe2c68d', '58c1432c-7fcf-4a29-8eb8-bc17fbe2c68d', '58c1432c-7fcf-4a29-8eb8-bc17fbe2c68d', '58c1432c-7fcf-4a29-8eb8-bc17fbe2c68d', '58c1432c-7fcf-4a29-8eb8-bc17fbe2c68d', '58c1432c-7fcf-4a29-8eb8-bc17fbe2c68d', '58c1432c-7fcf-4a29-8eb8-bc17fbe2c68d', '58c1432c-7fcf-4a29-8eb8-bc17fbe2c68d', '58c1432c-7fcf-4a29-8eb8-bc17fbe2c68d', '58c1432c-7fcf-4a29-8eb8-bc17fbe2c68d', '58c1432c-7fcf-4a29-8eb8-bc17fbe2c68d', '58c1432c-7fcf-4a29-8eb8-bc17fbe2c68d', '58c1432c-7fcf-4a29-8eb8-bc17fbe2c68d', '58c1432c-7fcf-4a29-8eb8-bc17fbe2c68d', '58c1432c-7fcf-4a29-8eb8-bc17fbe2c68d', '58c1432c-7fcf-4a29-8eb8-bc17fbe2c68d', '58c1432c-7fcf-4a29-8eb8-bc17fbe2c68d', '58c1432c-7fcf-4a29-8eb8-bc17fbe2c68d', '58c1432c-7fcf-4a29-8eb8-bc17fbe2c68d', 'df6f4450-1c59-4899-8752-d311d2113239', '78fbafef-a78b-413c-9e0e-7f3d893b9915', 'd4598bb5-bbcd-4397-9326-80ca46ff665f', '6f343a58-3dc1-4442-8cee-35615d181938', '69fa862e-2d7a-4790-845d-36f9cfbe3fc4', '787cc90f-3eab-4160-968d-05310a5b5444', '95d83af2-8d9d-441f-974e-6af6b1c28cd0', '3043bd34-b9f8-482f-8a7f-8cda183c5e30', 'cff64494-568d-4f4d-88dd-8af3167e75e9', 'b082c93b-4f1e-4bdb-ab24-fd06c344465e', '658542f3-6dd1-4120-9867-108cfa58fb5d', '7965395e-7131-43b9-b686-cf0d6db0d667', '0d1afc13-a7cf-43c1-a8f8-c809c9aa9300', 'f21a99c9-666d-40b3-91e3-afca12116d93', 'fdada307-2986-4a4b-aff2-68ad7b53b3b6', 'a1053822-11a1-45a7-934e-d5467463688e', '8ff79de0-f697-428d-a39f-8fec4bcd617a', 'a2d2498a-f3b7-4471-aad6-f01c6b3ad04a', 'a920d2e4-cede-46cd-8f8d-0beb500fc814', '6788ef87-8892-4e94-b273-0644d6d7b0b6', '51ac33ce-100d-4560-ab0d-499c7ae458f0', '2fd56cb8-a858-4f79-8d45-7a7a7ae143b6', '2bfff706-2788-4c6e-83d4-ea0b9b694bde', 'dd354097-816f-43e3-8ac2-97c63d729a31']"
38481db6-78b8-4432-b3d1-28dff0ac4d52,10,"['c52d6360-353b-4ad7-9b5b-b58e4a4bb0f8', 'c52d6360-353b-4ad7-9b5b-b58e4a4bb0f8', '3e6bb0a9-18ac-4266-896a-b39a4555f1a8', '3e6bb0a9-18ac-4266-896a-b39a4555f1a8', '3e6bb0a9-18ac-4266-896a-b39a4555f1a8', '3e6bb0a9-18ac-4266-896a-b39a4555f1a8', '3e6bb0a9-18ac-4266-896a-b39a4555f1a8', '3e6bb0a9-18ac-4266-896a-b39a4555f1a8', '3e6bb0a9-18ac-4266-896a-b39a4555f1a8', '3e6bb0a9-18ac-4266-896a-b39a4555f1a8', '3e6bb0a9-18ac-4266-896a-b39a4555f1a8', '3e6bb0a9-18ac-4266-896a-b39a4555f1a8', '3e6bb0a9-18ac-4266-896a-b39a4555f1a8', '3e6bb0a9-18ac-4266-896a-b39a4555f1a8', '3e6bb0a9-18ac-4266-896a-b39a4555f1a8', '3e6bb0a9-18ac-4266-896a-b39a4555f1a8', '3e6bb0a9-18ac-4266-896a-b39a4555f1a8', '3e6bb0a9-18ac-4266-896a-b39a4555f1a8', '3e6bb0a9-18ac-4266-896a-b39a4555f1a8', '342e49b2-e633-460c-be47-84a0bebed765', '342e49b2-e633-460c-be47-84a0bebed765', '3d36d15e-d4ba-4ea3-80ca-2a39de287417', 'e1be0196-9c35-401e-aa04-9536c7fbdbbe', 'e3afc085-f1e2-4a05-a9af-eb32a3a8b5c1', '8804017c-4564-4460-8301-8f88cd6d51f9', '49750c09-c102-4caa-b847-f5e5bd259244', '99616094-0f26-4f76-ae72-bf48fc5a82bd', '6de34990-675a-4eb6-b292-f5340d5e93e3', '9acc446a-1924-49ec-8172-cc44a443bb86', '8c2dff56-42a8-4b63-9925-31751c0baf81', '1a7f0fc3-a705-48bc-9e34-12f8c3d7e88c', 'fd3c260c-7046-4b97-a35c-25557fb068da', '2c7ec08c-bf54-4809-a3f4-54965e3dcd00', '6c96f916-d6ad-49fe-886f-283a48c48ba1', 'fd78cc51-916a-49df-9f16-411712b078a3', 'a7895dd4-31da-41b6-96d7-33c5945b6d31', '75a87dd9-7355-47cb-8b50-7b6488db3d8e', '714cfccc-8111-4a45-913b-32340607953f', '27839a8d-3317-4800-9080-db8cb2fd754a', 'e7c857fb-c42a-4d25-baa2-06c6fbd8502b', 'd5a7b383-7319-42e6-9bbc-46d74bcd726d', '013b8d08-5bac-4a34-b763-9be06a04cf84', '3fd06c93-d66b-46bf-a8df-7c68d134e7db', 'd708e770-4ff3-42cc-9aa3-a1d1d80ae9cd', 'c761065b-3066-4c1c-b2b0-38ac126217ba', 'e184785a-9700-437f-a5a8-4d29b589c80b', 'a60b1927-3b23-45f0-9178-13652b598c06', 'f9be1ceb-c80e-4cf0-937a-09e8017910e7', '23d03e84-b120-4df4-b520-435771139dde', 'e22e3acb-cca8-4e41-b18d-cdd64cb43efc']"
ebb01f4e-c875-492a-b5c8-4958c74bddc5,9,"['58c1432c-7fcf-4a29-8eb8-bc17fbe2c68d', '58c1432c-7fcf-4a29-8eb8-bc17fbe2c68d', '58c1432c-7fcf-4a29-8eb8-bc17fbe2c68d', '58c1432c-7fcf-4a29-8eb8-bc17fbe2c68d', '58c1432c-7fcf-4a29-8eb8-bc17fbe2c68d', '58c1432c-7fcf-4a29-8eb8-bc17fbe2c68d', '58c1432c-7fcf-4a29-8eb8-bc17fbe2c68d', '58c1432c-7fcf-4a29-8eb8-bc17fbe2c68d', '58c1432c-7fcf-4a29-8eb8-bc17fbe2c68d', '58c1432c-7fcf-4a29-8eb8-bc17fbe2c68d', '58c1432c-7fcf-4a29-8eb8-bc17fbe2c68d', '58c1432c-7fcf-4a29-8eb8-bc17fbe2c68d', '58c1432c-7fcf-4a29-8eb8-bc17fbe2c68d', '58c1432c-7fcf-4a29-8eb8-bc17fbe2c68d', '58c1432c-7fcf-4a29-8eb8-bc17fbe2c68d', '58c1432c-7fcf-4a29-8eb8-bc17fbe2c68d', '58c1432c-7fcf-4a29-8eb8-bc17fbe2c68d', '58c1432c-7fcf-4a29-8eb8-bc17fbe2c68d', '58c1432c-7fcf-4a29-8eb8-bc17fbe2c68d', '58c1432c-7fcf-4a29-8eb8-bc17fbe2c68d', '58c1432c-7fcf-4a29-8eb8-bc17fbe2c68d', '58c1432c-7fcf-4a29-8eb8-bc17fbe2c68d', '58c1432c-7fcf-4a29-8eb8-bc17fbe2c68d', '78fbafef-a78b-413c-9e0e-7f3d893b9915', 'd4598bb5-bbcd-4397-9326-80ca46ff665f', '6f343a58-3dc1-4442-8cee-35615d181938', '69fa862e-2d7a-4790-845d-36f9cfbe3fc4', '787cc90f-3eab-4160-968d-05310a5b5444', '95d83af2-8d9d-441f-974e-6af6b1c28cd0', '3043bd34-b9f8-482f-8a7f-8cda183c5e30', 'cff64494-568d-4f4d-88dd-8af3167e75e9', 'b082c93b-4f1e-4bdb-ab24-fd06c344465e', '7965395e-7131-43b9-b686-cf0d6db0d667', '0d1afc13-a7cf-43c1-a8f8-c809c9aa9300', 'f21a99c9-666d-40b3-91e3-afca12116d93', 'fdada307-2986-4a4b-aff2-68ad7b53b3b6', 'a1053822-11a1-45a7-934e-d5467463688e', '8ff79de0-f697-428d-a39f-8fec4bcd617a', 'a2d2498a-f3b7-4471-aad6-f01c6b3ad04a', 'a920d2e4-cede-46cd-8f8d-0beb500fc814', '6788ef87-8892-4e94-b273-0644d6d7b0b6', '51ac33ce-100d-4560-ab0d-499c7ae458f0', '2fd56cb8-a858-4f79-8d45-7a7a7ae143b6', 'dd354097-816f-43e3-8ac2-97c63d729a31', '38f40836-01d2-4a29-b116-7b361016847d', '865a74d7-1660-48db-aa0a-2273ca641454', '82b30d92-6c83-477c-8f16-a4555e100435', '88ab7fe2-8aab-4854-aaca-e9c07f67cebe', '87145869-64ec-481c-90e0-de756429772d', '4d0306a4-3d90-4f38-a1c4-88596cfebc46']"
e8670b60-a31e-4ae7-9c14-537980c5db6f,6,"['22db7653-7f9a-4b5d-b016-143449ff9431', '22db7653-7f9a-4b5d-b016-143449ff9431', '22db7653-7f9a-4b5d-b016-143449ff9431', '22db7653-7f9a-4b5d-b016-143449ff9431', '22db7653-7f9a-4b5d-b016-143449ff9431', '22db7653-7f9a-4b5d-b016-143449ff9431', '22db7653-7f9a-4b5d-b016-143449ff9431', '22db7653-7f9a-4b5d-b016-143449ff9431', '22db7653-7f9a-4b5d-b016-143449ff9431', '22db7653-7f9a-4b5d-b016-143449ff9431', '22db7653-7f9a-4b5d-b016-143449ff9431', '22db7653-7f9a-4b5d-b016-143449ff9431', '22db7653-7f9a-4b5d-b016-143449ff9431', '22db7653-7f9a-4b5d-b016-143449ff9431', '22db7653-7f9a-4b5d-b016-143449ff9431', '22db7653-7f9a-4b5d-b016-143449ff9431', '22db7653-7f9a-4b5d-b016-143449ff9431', '22db7653-7f9a-4b5d-b016-143449ff9431', '22db7653-7f9a-4b5d-b016-143449ff9431', '22db7653-7f9a-4b5d-b016-143449ff9431', '22db7653-7f9a-4b5d-b016-143449ff9431', '22db7653-7f9a-4b5d-b016-143449ff9431', 'a79fb72c-aa18-4cbc-a81f-ebfad7d5fb4c', 'a79fb72c-aa18-4cbc-a81f-ebfad7d5fb4c', 'a79fb72c-aa18-4cbc-a81f-ebfad7d5fb4c', 'a79fb72c-aa18-4cbc-a81f-ebfad7d5fb4c', 'a79fb72c-aa18-4cbc-a81f-ebfad7d5fb4c', 'a79fb72c-aa18-4cbc-a81f-ebfad7d5fb4c', 'a79fb72c-aa18-4cbc-a81f-ebfad7d5fb4c', 'a79fb72c-aa18-4cbc-a81f-ebfad7d5fb4c', 'a79fb72c-aa18-4cbc-a81f-ebfad7d5fb4c', 'a79fb72c-aa18-4cbc-a81f-ebfad7d5fb4c', 'a79fb72c-aa18-4cbc-a81f-ebfad7d5fb4c', 'a79fb72c-aa18-4cbc-a81f-ebfad7d5fb4c', 'a79fb72c-aa18-4cbc-a81f-ebfad7d5fb4c', 'a79fb72c-aa18-4cbc-a81f-ebfad7d5fb4c', 'a79fb72c-aa18-4cbc-a81f-ebfad7d5fb4c', 'a79fb72c-aa18-4cbc-a81f-ebfad7d5fb4c', 'a79fb72c-aa18-4cbc-a81f-ebfad7d5fb4c', 'a79fb72c-aa18-4cbc-a81f-ebfad7d5fb4c', '04249501-d229-4c4a-b997-4ab089c1c139', '04131a82-9b2e-4442-91d8-40b64f1037ce', '0a393283-1a35-4244-ac27-553be41cb524', '55ca31a3-cd28-4b07-a06b-c8233da4aec6', '45aab805-650a-4684-b7d0-8da3ade1d3fe', 'ad09f784-70b8-43b5-99c0-2f87016a3420', '31055913-5aea-4fa1-b1b4-c3a577fe8abd', 'a7eac969-e1b3-4f6f-a786-bdaf2ef164e1', 'f534b69f-1050-4486-8922-6bf9fb9ede2a', 'e7ae1e25-1f56-487e-9051-ba0dc89bc443']"
caac2471-86d5-4fae-8b25-8005b0871b2a,3,"['784edd7c-8cf6-47c0-8802-887493c6e67f', '784edd7c-8cf6-47c0-8802-887493c6e67f', '784edd7c-8cf6-47c0-8802-887493c6e67f', '784edd7c-8cf6-47c0-8802-887493c6e67f', '784edd7c-8cf6-47c0-8802-887493c6e67f', '784edd7c-8cf6-47c0-8802-887493c6e67f', '784edd7c-8cf6-47c0-8802-887493c6e67f', '784edd7c-8cf6-47c0-8802-887493c6e67f', '784edd7c-8cf6-47c0-8802-887493c6e67f', '784edd7c-8cf6-47c0-8802-887493c6e67f', '784edd7c-8cf6-47c0-8802-887493c6e67f', '784edd7c-8cf6-47c0-8802-887493c6e67f', '784edd7c-8cf6-47c0-8802-887493c6e67f', '784edd7c-8cf6-47c0-8802-887493c6e67f', '784edd7c-8cf6-47c0-8802-887493c6e67f', '784edd7c-8cf6-47c0-8802-887493c6e67f', '784edd7c-8cf6-47c0-8802-887493c6e67f', '784edd7c-8cf6-47c0-8802-887493c6e67f', '784edd7c-8cf6-47c0-8802-887493c6e67f', '784edd7c-8cf6-47c0-8802-887493c6e67f', '784edd7c-8cf6-47c0-8802-887493c6e67f', '784edd7c-8cf6-47c0-8802-887493c6e67f', '784edd7c-8cf6-47c0-8802-887493c6e67f', '784edd7c-8cf6-47c0-8802-887493c6e67f', '57f7a550-0a19-4171-a602-326076acdeb5', 'a5e36aaf-5737-45a9-9531-2836d9d0750b', '3a0afe77-1366-4c83-8070-c55f39072095', '4bdbce27-a35e-4c3e-8248-95474e8aef75', '171e5feb-9e7d-488b-81eb-5c95506b7725', '022eba29-2f66-464d-ab67-9a69c48d2d70', '78c6ac4b-387a-4a9b-ba50-e5b001fc24bc', '69c4af6d-3b36-4fbc-bdae-4647b20dc104', 'bcd4f412-a3ee-4790-bc8e-1010a3eeb263', '502ae054-e202-48da-beb6-2cf006befcf2', '951e67a9-8033-4869-9991-84c2eb1fd946', 'b55d0414-73ae-488e-a789-1d1224298470', '61cf380a-4f75-481c-bee4-05a206979b3b', '3f737ae5-d58b-4cdf-83b9-a4f56843bc4a', 'ea92ed97-7a3b-44ca-a84b-a6114082f7de', 'c414ba19-1edc-42a1-a9fe-2047f4c308f4', 'eae92d21-ba63-4d6d-bd69-1563429b8fc9', 'c799db34-b9db-4b08-bf5e-07ab60e112fb', '06eeda55-03ff-424a-8a7a-e73cce69ab34', '104a3848-5a19-4e6b-8602-6e2765c93be0', '9881f8fb-94b2-4a3a-85e7-24a57a824bb6', '632bbfe7-3d81-4b31-9990-534577f655ea', '3ac957a1-2520-453e-943c-2904d23e2dd5', '026f32b9-e725-47b9-94ea-c38b1ffc55ef', '3d13a4c1-fe56-45e9-aed7-d76e41ace602', '338a3880-f62c-4b10-a75f-84b3651e4ac3']"
38481db6-78b8-4432-b3d1-28dff0ac4d52,11,"['c52d6360-353b-4ad7-9b5b-b58e4a4bb0f8', '3e6bb0a9-18ac-4266-896a-b39a4555f1a8', '3e6bb0a9-18ac-4266-896a-b39a4555f1a8', '3e6bb0a9-18ac-4266-896a-b39a4555f1a8', '3e6bb0a9-18ac-4266-896a-b39a4555f1a8', '3e6bb0a9-18ac-4266-896a-b39a4555f1a8', '3e6bb0a9-18ac-4266-896a-b39a4555f1a8', '3e6bb0a9-18ac-4266-896a-b39a4555f1a8', '3e6bb0a9-18ac-4266-896a-b39a4555f1a8', '3e6bb0a9-18ac-4266-896a-b39a4555f1a8', '3e6bb0a9-18ac-4266-896a-b39a4555f1a8', '3e6bb0a9-18ac-4266-896a-b39a4555f1a8', '3e6bb0a9-18ac-4266-896a-b39a4555f1a8', '3e6bb0a9-18ac-4266-896a-b39a4555f1a8', '3e6bb0a9-18ac-4266-896a-b39a4555f1a8', '3e6bb0a9-18ac-4266-896a-b39a4555f1a8', '3e6bb0a9-18ac-4266-896a-b39a4555f1a8', '3e6bb0a9-18ac-4266-896a-b39a4555f1a8', '3e6bb0a9-18ac-4266-896a-b39a4555f1a8', '3e6bb0a9-18ac-4266-896a-b39a4555f1a8', '3e6bb0a9-18ac-4266-896a-b39a4555f1a8', '3e6bb0a9-18ac-4266-896a-b39a4555f1a8', '3e6bb0a9-18ac-4266-896a-b39a4555f1a8', '3e6bb0a9-18ac-4266-896a-b39a4555f1a8', '3e6bb0a9-18ac-4266-896a-b39a4555f1a8', '3e6bb0a9-18ac-4266-896a-b39a4555f1a8', '3e6bb0a9-18ac-4266-896a-b39a4555f1a8', '3e6bb0a9-18ac-4266-896a-b39a4555f1a8', '3e6bb0a9-18ac-4266-896a-b39a4555f1a8', '3e6bb0a9-18ac-4266-896a-b39a4555f1a8', '3e6bb0a9-18ac-4266-896a-b39a4555f1a8', '3e6bb0a9-18ac-4266-896a-b39a4555f1a8', '3e6bb0a9-18ac-4266-896a-b39a4555f1a8', '3e6bb0a9-18ac-4266-896a-b39a4555f1a8', '3e6bb0a9-18ac-4266-896a-b39a4555f1a8', '342e49b2-e633-460c-be47-84a0bebed765', '342e49b2-e633-460c-be47-84a0bebed765', '342e49b2-e633-460c-be47-84a0bebed765', '342e49b2-e633-460c-be47-84a0bebed765', '9685b062-a46e-45e8-a8cd-1be3b4a5edca', '9b07d2b8-8fa3-4652-9eeb-818bab2652be', '3319e014-3ba5-442c-81c2-8b06f2c86388', 'd926d654-7833-4a75-8900-3848ecdc46bc', '8948842d-7d68-4a47-95ea-cd2aabdc66da', 'e7ed0ae0-a322-477d-a35a-247bf4ba89fc', '2e48d033-f4fd-4d0c-a579-eef389d9ba75', '8c061237-d74c-46eb-b092-cd8aea089e05', 'f960bf9e-705c-4e2e-894a-42a69a6ba7af', '2f09cf1a-783a-43de-b859-14e502639d2d', '9cab820e-2d9d-45c2-9999-726f8a8ddc38']"
caac2471-86d5-4fae-8b25-8005b0871b2a,4,"['784edd7c-8cf6-47c0-8802-887493c6e67f', '784edd7c-8cf6-47c0-8802-887493c6e67f', '784edd7c-8cf6-47c0-8802-887493c6e67f', '784edd7c-8cf6-47c0-8802-887493c6e67f', '784edd7c-8cf6-47c0-8802-887493c6e67f', '784edd7c-8cf6-47c0-8802-887493c6e67f', '784edd7c-8cf6-47c0-8802-887493c6e67f', '784edd7c-8cf6-47c0-8802-887493c6e67f', '784edd7c-8cf6-47c0-8802-887493c6e67f', '784edd7c-8cf6-47c0-8802-887493c6e67f', '784edd7c-8cf6-47c0-8802-887493c6e67f', '784edd7c-8cf6-47c0-8802-887493c6e67f', '784edd7c-8cf6-47c0-8802-887493c6e67f', '784edd7c-8cf6-47c0-8802-887493c6e67f', '784edd7c-8cf6-47c0-8802-887493c6e67f', '784edd7c-8cf6-47c0-8802-887493c6e67f', '784edd7c-8cf6-47c0-8802-887493c6e67f', '784edd7c-8cf6-47c0-8802-887493c6e67f', '784edd7c-8cf6-47c0-8802-887493c6e67f', '784edd7c-8cf6-47c0-8802-887493c6e67f', '784edd7c-8cf6-47c0-8802-887493c6e67f', '784edd7c-8cf6-47c0-8802-887493c6e67f', '784edd7c-8cf6-47c0-8802-887493c6e67f', '784edd7c-8cf6-47c0-8802-887493c6e67f', '784edd7c-8cf6-47c0-8802-887493c6e67f', '784edd7c-8cf6-47c0-8802-887493c6e67f', '784edd7c-8cf6-47c0-8802-887493c6e67f', '784edd7c-8cf6-47c0-8802-887493c6e67f', '784edd7c-8cf6-47c0-8802-887493c6e67f', '784edd7c-8cf6-47c0-8802-887493c6e67f', '784edd7c-8cf6-47c0-8802-887493c6e67f', '784edd7c-8cf6-47c0-8802-887493c6e67f', '784edd7c-8cf6-47c0-8802-887493c6e67f', '784edd7c-8cf6-47c0-8802-887493c6e67f', '784edd7c-8cf6-47c0-8802-887493c6e67f', '784edd7c-8cf6-47c0-8802-887493c6e67f', '784edd7c-8cf6-47c0-8802-887493c6e67f', '784edd7c-8cf6-47c0-8802-887493c6e67f', '784edd7c-8cf6-47c0-8802-887493c6e67f', '784edd7c-8cf6-47c0-8802-887493c6e67f', '784edd7c-8cf6-47c0-8802-887493c6e67f', '784edd7c-8cf6-47c0-8802-887493c6e67f', '784edd7c-8cf6-47c0-8802-887493c6e67f', '493e7f9d-391c-484f-9ffd-fd5200ca32df', '5a96243d-3cdd-4634-b0f4-df5eb81315b0', 'a6d8918a-70ab-41d1-b168-6768e737b7ff', '763262cf-4e25-4533-8f7a-138fe61e8881', 'd2c00cb1-89ef-4469-8ecb-2f5a42959414', 'eded07d4-5180-4b76-8414-37e84ede5425', 'f827d544-2de3-4a19-946a-73eb3ab94b74']"
ebb01f4e-c875-492a-b5c8-4958c74bddc5,10,"['58c1432c-7fcf-4a29-8eb8-bc17fbe2c68d', '58c1432c-7fcf-4a29-8eb8-bc17fbe2c68d', '58c1432c-7fcf-4a29-8eb8-bc17fbe2c68d', '58c1432c-7fcf-4a29-8eb8-bc17fbe2c68d', '58c1432c-7fcf-4a29-8eb8-bc17fbe2c68d', '58c1432c-7fcf-4a29-8eb8-bc17fbe2c68d', '58c1432c-7fcf-4a29-8eb8-bc17fbe2c68d', '58c1432c-7fcf-4a29-8eb8-bc17fbe2c68d', '58c1432c-7fcf-4a29-8eb8-bc17fbe2c68d', '58c1432c-7fcf-4a29-8eb8-bc17fbe2c68d', '58c1432c-7fcf-4a29-8eb8-bc17fbe2c68d', '58c1432c-7fcf-4a29-8eb8-bc17fbe2c68d', '58c1432c-7fcf-4a29-8eb8-bc17fbe2c68d', '58c1432c-7fcf-4a29-8eb8-bc17fbe2c68d', '58c1432c-7fcf-4a29-8eb8-bc17fbe2c68d', '58c1432c-7fcf-4a29-8eb8-bc17fbe2c68d', '58c1432c-7fcf-4a29-8eb8-bc17fbe2c68d', '58c1432c-7fcf-4a29-8eb8-bc17fbe2c68d', '58c1432c-7fcf-4a29-8eb8-bc17fbe2c68d', '58c1432c-7fcf-4a29-8eb8-bc17fbe2c68d', '58c1432c-7fcf-4a29-8eb8-bc17fbe2c68d', '58c1432c-7fcf-4a29-8eb8-bc17fbe2c68d', '58c1432c-7fcf-4a29-8eb8-bc17fbe2c68d', '58c1432c-7fcf-4a29-8eb8-bc17fbe2c68d', '58c1432c-7fcf-4a29-8eb8-bc17fbe2c68d', '58c1432c-7fcf-4a29-8eb8-bc17fbe2c68d', '58c1432c-7fcf-4a29-8eb8-bc17fbe2c68d', '58c1432c-7fcf-4a29-8eb8-bc17fbe2c68d', '58c1432c-7fcf-4a29-8eb8-bc17fbe2c68d', '58c1432c-7fcf-4a29-8eb8-bc17fbe2c68d', '58c1432c-7fcf-4a29-8eb8-bc17fbe2c68d', '58c1432c-7fcf-4a29-8eb8-bc17fbe2c68d', '58c1432c-7fcf-4a29-8eb8-bc17fbe2c68d', '58c1432c-7fcf-4a29-8eb8-bc17fbe2c68d', '58c1432c-7fcf-4a29-8eb8-bc17fbe2c68d', '58c1432c-7fcf-4a29-8eb8-bc17fbe2c68d', '58c1432c-7fcf-4a29-8eb8-bc17fbe2c68d', '4e3543bc-08ea-4c2a-bbcd-4033c1c6acd9', '97946563-3600-4dd7-93f8-56a142b3a362', '9f12dffa-8ca6-429e-bf4d-c29cf2f2764f', '7c563dbb-2329-4e88-8878-f5b51c005011', '49b86856-9b09-4cdc-aadd-82e335fc355c', '2b067f89-42c6-4897-9a8a-037af099e056', '40108847-4bdb-4caa-bc20-bb06ec4298e3', '26898865-b34d-4852-9033-20b3f19d74e4', '88665f5e-f187-4c43-843e-d7c382e90ee2', '7f12c37c-49de-43f1-9eb2-48ce980105e4', '3875a91b-b06f-411b-90f9-647f72c17942', '2f32c3d5-acb1-4355-9ed0-0cc3804460ef', '1e65c30a-2dd9-4e4e-84dc-adf75eec4423']"
e8670b60-a31e-4ae7-9c14-537980c5db6f,7,"['22db7653-7f9a-4b5d-b016-143449ff9431', '22db7653-7f9a-4b5d-b016-143449ff9431', '22db7653-7f9a-4b5d-b016-143449ff9431', 'a79fb72c-aa18-4cbc-a81f-ebfad7d5fb4c', 'a79fb72c-aa18-4cbc-a81f-ebfad7d5fb4c', 'a79fb72c-aa18-4cbc-a81f-ebfad7d5fb4c', 'a79fb72c-aa18-4cbc-a81f-ebfad7d5fb4c', 'a79fb72c-aa18-4cbc-a81f-ebfad7d5fb4c', 'a79fb72c-aa18-4cbc-a81f-ebfad7d5fb4c', 'a79fb72c-aa18-4cbc-a81f-ebfad7d5fb4c', 'a79fb72c-aa18-4cbc-a81f-ebfad7d5fb4c', 'a79fb72c-aa18-4cbc-a81f-ebfad7d5fb4c', 'a79fb72c-aa18-4cbc-a81f-ebfad7d5fb4c', 'a79fb72c-aa18-4cbc-a81f-ebfad7d5fb4c', 'a79fb72c-aa18-4cbc-a81f-ebfad7d5fb4c', '45aab805-650a-4684-b7d0-8da3ade1d3fe', '45aab805-650a-4684-b7d0-8da3ade1d3fe', '45aab805-650a-4684-b7d0-8da3ade1d3fe', '45aab805-650a-4684-b7d0-8da3ade1d3fe', '45aab805-650a-4684-b7d0-8da3ade1d3fe', '45aab805-650a-4684-b7d0-8da3ade1d3fe', '45aab805-650a-4684-b7d0-8da3ade1d3fe', '45aab805-650a-4684-b7d0-8da3ade1d3fe', '45aab805-650a-4684-b7d0-8da3ade1d3fe', '45aab805-650a-4684-b7d0-8da3ade1d3fe', '45aab805-650a-4684-b7d0-8da3ade1d3fe', '45aab805-650a-4684-b7d0-8da3ade1d3fe', '45aab805-650a-4684-b7d0-8da3ade1d3fe', '45aab805-650a-4684-b7d0-8da3ade1d3fe', '45aab805-650a-4684-b7d0-8da3ade1d3fe', '45aab805-650a-4684-b7d0-8da3ade1d3fe', '45aab805-650a-4684-b7d0-8da3ade1d3fe', '45aab805-650a-4684-b7d0-8da3ade1d3fe', '45aab805-650a-4684-b7d0-8da3ade1d3fe', '45aab805-650a-4684-b7d0-8da3ade1d3fe', '45aab805-650a-4684-b7d0-8da3ade1d3fe', '45aab805-650a-4684-b7d0-8da3ade1d3fe', '45aab805-650a-4684-b7d0-8da3ade1d3fe', '5e35f881-7629-4b6f-bfe4-6cc081894969', 'b1b518d7-61ba-4932-89db-8ca2ca5f4f2a', '29bf9ef4-6a24-489b-a8cb-9a8bc0c61e3b', '7fe089c1-952c-4678-b24d-847a6bf4ab0f', '60ad3770-4ab2-4e98-b3b0-f644c49e8cff', 'f8b79577-5785-475a-9a80-b4f6b757a417', 'd838e306-1077-42d8-9f5a-45579c5242a0', 'caf0812d-9fe9-462f-a771-f2465a845ab8', 'c98e0cc4-0481-4b5e-ac74-2ca604468446', '88da7a30-e70b-45c7-84e5-d746fec66388', '80493c37-d89f-430c-845d-9af5443b1d84', '184d4458-f4b6-403b-9a10-194cf0bdac36']"
38481db6-78b8-4432-b3d1-28dff0ac4d52,12,"['c52d6360-353b-4ad7-9b5b-b58e4a4bb0f8', '3e6bb0a9-18ac-4266-896a-b39a4555f1a8', '3e6bb0a9-18ac-4266-896a-b39a4555f1a8', '3e6bb0a9-18ac-4266-896a-b39a4555f1a8', '3e6bb0a9-18ac-4266-896a-b39a4555f1a8', '3e6bb0a9-18ac-4266-896a-b39a4555f1a8', '3e6bb0a9-18ac-4266-896a-b39a4555f1a8', '3e6bb0a9-18ac-4266-896a-b39a4555f1a8', '3e6bb0a9-18ac-4266-896a-b39a4555f1a8', '3e6bb0a9-18ac-4266-896a-b39a4555f1a8', '3e6bb0a9-18ac-4266-896a-b39a4555f1a8', '3e6bb0a9-18ac-4266-896a-b39a4555f1a8', '3e6bb0a9-18ac-4266-896a-b39a4555f1a8', '3e6bb0a9-18ac-4266-896a-b39a4555f1a8', '3e6bb0a9-18ac-4266-896a-b39a4555f1a8', '3e6bb0a9-18ac-4266-896a-b39a4555f1a8', '3e6bb0a9-18ac-4266-896a-b39a4555f1a8', '3e6bb0a9-18ac-4266-896a-b39a4555f1a8', '3e6bb0a9-18ac-4266-896a-b39a4555f1a8', '3e6bb0a9-18ac-4266-896a-b39a4555f1a8', '3e6bb0a9-18ac-4266-896a-b39a4555f1a8', '3e6bb0a9-18ac-4266-896a-b39a4555f1a8', '3e6bb0a9-18ac-4266-896a-b39a4555f1a8', '3e6bb0a9-18ac-4266-896a-b39a4555f1a8', '3e6bb0a9-18ac-4266-896a-b39a4555f1a8', '3e6bb0a9-18ac-4266-896a-b39a4555f1a8', '3e6bb0a9-18ac-4266-896a-b39a4555f1a8', '342e49b2-e633-460c-be47-84a0bebed765', '342e49b2-e633-460c-be47-84a0bebed765', '342e49b2-e633-460c-be47-84a0bebed765', '9685b062-a46e-45e8-a8cd-1be3b4a5edca', '9b07d2b8-8fa3-4652-9eeb-818bab2652be', '3319e014-3ba5-442c-81c2-8b06f2c86388', 'd926d654-7833-4a75-8900-3848ecdc46bc', '8948842d-7d68-4a47-95ea-cd2aabdc66da', '2e48d033-f4fd-4d0c-a579-eef389d9ba75', 'f960bf9e-705c-4e2e-894a-42a69a6ba7af', '2f09cf1a-783a-43de-b859-14e502639d2d', '9cab820e-2d9d-45c2-9999-726f8a8ddc38', '3331bf2a-6544-4488-83e1-88a2bf6ffed0', 'a785513f-56a4-444e-87c0-6ae2784e8656', '30a8124e-8027-40bc-86f3-3294643af6d0', '3113df6c-86d2-4782-a3d7-8828dc252efb', '172bcc83-ae71-4c16-a484-316354f8bb2e', '47917c71-ca71-4280-ba1d-cf49fc7a2367', '2fe41afd-3540-49e1-8805-74ef7a318710', '99081622-da46-46e5-8557-79c090cad218', '7f255fe2-719f-4ddf-b5d3-8d0284209c73', '256942a2-d691-4557-9a22-3dfbc5f4a047', 'cea31a3e-20f6-4973-931a-71d3603cfc6c']"
caac2471-86d5-4fae-8b25-8005b0871b2a,5,"['784edd7c-8cf6-47c0-8802-887493c6e67f', '784edd7c-8cf6-47c0-8802-887493c6e67f', '784edd7c-8cf6-47c0-8802-887493c6e67f', '784edd7c-8cf6-47c0-8802-887493c6e67f', '784edd7c-8cf6-47c0-8802-887493c6e67f', '784edd7c-8cf6-47c0-8802-887493c6e67f', '784edd7c-8cf6-47c0-8802-887493c6e67f', '784edd7c-8cf6-47c0-8802-887493c6e67f', '784edd7c-8cf6-47c0-8802-887493c6e67f', '784edd7c-8cf6-47c0-8802-887493c6e67f', '784edd7c-8cf6-47c0-8802-887493c6e67f', '784edd7c-8cf6-47c0-8802-887493c6e67f', '784edd7c-8cf6-47c0-8802-887493c6e67f', '784edd7c-8cf6-47c0-8802-887493c6e67f', '784edd7c-8cf6-47c0-8802-887493c6e67f', '784edd7c-8cf6-47c0-8802-887493c6e67f', '784edd7c-8cf6-47c0-8802-887493c6e67f', '784edd7c-8cf6-47c0-8802-887493c6e67f', '784edd7c-8cf6-47c0-8802-887493c6e67f', '784edd7c-8cf6-47c0-8802-887493c6e67f', '784edd7c-8cf6-47c0-8802-887493c6e67f', '784edd7c-8cf6-47c0-8802-887493c6e67f', '784edd7c-8cf6-47c0-8802-887493c6e67f', '784edd7c-8cf6-47c0-8802-887493c6e67f', '784edd7c-8cf6-47c0-8802-887493c6e67f', '784edd7c-8cf6-47c0-8802-887493c6e67f', '784edd7c-8cf6-47c0-8802-887493c6e67f', '784edd7c-8cf6-47c0-8802-887493c6e67f', '784edd7c-8cf6-47c0-8802-887493c6e67f', '784edd7c-8cf6-47c0-8802-887493c6e67f', '784edd7c-8cf6-47c0-8802-887493c6e67f', '784edd7c-8cf6-47c0-8802-887493c6e67f', '784edd7c-8cf6-47c0-8802-887493c6e67f', '784edd7c-8cf6-47c0-8802-887493c6e67f', '784edd7c-8cf6-47c0-8802-887493c6e67f', '784edd7c-8cf6-47c0-8802-887493c6e67f', '5a96243d-3cdd-4634-b0f4-df5eb81315b0', '763262cf-4e25-4533-8f7a-138fe61e8881', 'd2c00cb1-89ef-4469-8ecb-2f5a42959414', 'eded07d4-5180-4b76-8414-37e84ede5425', '1826314f-cfbf-4631-8540-c7d63398659c', '5f115306-d236-4445-8bb6-e893c42ef2dc', 'c6f921c2-1987-4ec1-a389-3a9776abc7ab', '4380ddac-f3d7-47f9-b7f2-9c8aa1426331', 'cf45a5c5-b522-42eb-97f4-dadf4565b33d', '3ebea916-7021-4abe-a202-75df2ebddb99', '3eed38e5-8433-4052-ad99-470190e50822', '46633e80-2186-4920-9570-098ccea102bd', '8a20a320-cbbc-4def-956e-a8b2bbdd4bab', '5704e24c-9a85-47d3-84a4-c7e58f2c1fd4']"
ebb01f4e-c875-492a-b5c8-4958c74bddc5,11,"['58c1432c-7fcf-4a29-8eb8-bc17fbe2c68d', '58c1432c-7fcf-4a29-8eb8-bc17fbe2c68d', '58c1432c-7fcf-4a29-8eb8-bc17fbe2c68d', '58c1432c-7fcf-4a29-8eb8-bc17fbe2c68d', '58c1432c-7fcf-4a29-8eb8-bc17fbe2c68d', '58c1432c-7fcf-4a29-8eb8-bc17fbe2c68d', '58c1432c-7fcf-4a29-8eb8-bc17fbe2c68d', '58c1432c-7fcf-4a29-8eb8-bc17fbe2c68d', '58c1432c-7fcf-4a29-8eb8-bc17fbe2c68d', '58c1432c-7fcf-4a29-8eb8-bc17fbe2c68d', '58c1432c-7fcf-4a29-8eb8-bc17fbe2c68d', '58c1432c-7fcf-4a29-8eb8-bc17fbe2c68d', '58c1432c-7fcf-4a29-8eb8-bc17fbe2c68d', '58c1432c-7fcf-4a29-8eb8-bc17fbe2c68d', '58c1432c-7fcf-4a29-8eb8-bc17fbe2c68d', '58c1432c-7fcf-4a29-8eb8-bc17fbe2c68d', '58c1432c-7fcf-4a29-8eb8-bc17fbe2c68d', '58c1432c-7fcf-4a29-8eb8-bc17fbe2c68d', '58c1432c-7fcf-4a29-8eb8-bc17fbe2c68d', '58c1432c-7fcf-4a29-8eb8-bc17fbe2c68d', '58c1432c-7fcf-4a29-8eb8-bc17fbe2c68d', '58c1432c-7fcf-4a29-8eb8-bc17fbe2c68d', '58c1432c-7fcf-4a29-8eb8-bc17fbe2c68d', '58c1432c-7fcf-4a29-8eb8-bc17fbe2c68d', '58c1432c-7fcf-4a29-8eb8-bc17fbe2c68d', '58c1432c-7fcf-4a29-8eb8-bc17fbe2c68d', '58c1432c-7fcf-4a29-8eb8-bc17fbe2c68d', '58c1432c-7fcf-4a29-8eb8-bc17fbe2c68d', '58c1432c-7fcf-4a29-8eb8-bc17fbe2c68d', '58c1432c-7fcf-4a29-8eb8-bc17fbe2c68d', '58c1432c-7fcf-4a29-8eb8-bc17fbe2c68d', '58c1432c-7fcf-4a29-8eb8-bc17fbe2c68d', '4e3543bc-08ea-4c2a-bbcd-4033c1c6acd9', '9f12dffa-8ca6-429e-bf4d-c29cf2f2764f', '7c563dbb-2329-4e88-8878-f5b51c005011', '49b86856-9b09-4cdc-aadd-82e335fc355c', '2b067f89-42c6-4897-9a8a-037af099e056', '40108847-4bdb-4caa-bc20-bb06ec4298e3', '3875a91b-b06f-411b-90f9-647f72c17942', '2f32c3d5-acb1-4355-9ed0-0cc3804460ef', 'b8c3ae8b-f0f3-4193-b217-7a33a20c8d71', '002101e8-9d13-44ec-aef9-82d44e9d5515', '37ff405e-438c-4f09-83f9-d0563a370727', '9001c33c-db51-4a4d-b292-7c9b390250b2', 'f0ab97c0-bbb2-44da-b670-cea0ccd44e2d', '6ab22b88-4016-49d2-8f14-d3a50d4cb9d6', '4819211b-1dec-4c1d-a935-826bfd682010', 'd0105cb7-8419-4622-a96f-2252e15b57cc', '9bea398c-63fd-4bb7-beeb-edfd1e041195', 'c050bfec-399a-4a52-99b7-0017e3b5ebe3']"
38481db6-78b8-4432-b3d1-28dff0ac4d52,13,"['c52d6360-353b-4ad7-9b5b-b58e4a4bb0f8', '3e6bb0a9-18ac-4266-896a-b39a4555f1a8', '3e6bb0a9-18ac-4266-896a-b39a4555f1a8', '3e6bb0a9-18ac-4266-896a-b39a4555f1a8', '3e6bb0a9-18ac-4266-896a-b39a4555f1a8', '3e6bb0a9-18ac-4266-896a-b39a4555f1a8', '3e6bb0a9-18ac-4266-896a-b39a4555f1a8', '3e6bb0a9-18ac-4266-896a-b39a4555f1a8', '3e6bb0a9-18ac-4266-896a-b39a4555f1a8', '3e6bb0a9-18ac-4266-896a-b39a4555f1a8', '3e6bb0a9-18ac-4266-896a-b39a4555f1a8', '3e6bb0a9-18ac-4266-896a-b39a4555f1a8', '3e6bb0a9-18ac-4266-896a-b39a4555f1a8', '3e6bb0a9-18ac-4266-896a-b39a4555f1a8', '3e6bb0a9-18ac-4266-896a-b39a4555f1a8', '3e6bb0a9-18ac-4266-896a-b39a4555f1a8', '3e6bb0a9-18ac-4266-896a-b39a4555f1a8', '3e6bb0a9-18ac-4266-896a-b39a4555f1a8', '3e6bb0a9-18ac-4266-896a-b39a4555f1a8', '3e6bb0a9-18ac-4266-896a-b39a4555f1a8', '3e6bb0a9-18ac-4266-896a-b39a4555f1a8', '3e6bb0a9-18ac-4266-896a-b39a4555f1a8', '3e6bb0a9-18ac-4266-896a-b39a4555f1a8', '3e6bb0a9-18ac-4266-896a-b39a4555f1a8', '3e6bb0a9-18ac-4266-896a-b39a4555f1a8', '342e49b2-e633-460c-be47-84a0bebed765', '342e49b2-e633-460c-be47-84a0bebed765', '342e49b2-e633-460c-be47-84a0bebed765', '9685b062-a46e-45e8-a8cd-1be3b4a5edca', '9b07d2b8-8fa3-4652-9eeb-818bab2652be', '3319e014-3ba5-442c-81c2-8b06f2c86388', 'd926d654-7833-4a75-8900-3848ecdc46bc', '2e48d033-f4fd-4d0c-a579-eef389d9ba75', '2f09cf1a-783a-43de-b859-14e502639d2d', 'a785513f-56a4-444e-87c0-6ae2784e8656', '30a8124e-8027-40bc-86f3-3294643af6d0', '3113df6c-86d2-4782-a3d7-8828dc252efb', '172bcc83-ae71-4c16-a484-316354f8bb2e', '2fe41afd-3540-49e1-8805-74ef7a318710', '99081622-da46-46e5-8557-79c090cad218', '7f255fe2-719f-4ddf-b5d3-8d0284209c73', '256942a2-d691-4557-9a22-3dfbc5f4a047', 'cea31a3e-20f6-4973-931a-71d3603cfc6c', 'a1ccdfef-abfd-4cde-b19d-8b843e58c298', '6d4be56c-328e-4d7f-bbf7-c31eff15a5f1', '443ff925-bce1-47d7-b7d0-425a2fab7f4e', '9ce1b0ee-89ff-45fe-ad93-f388f958c649', 'bac92ce3-0efa-4995-9c85-530d7bb6886d', '3fd641f0-74b5-4bf6-8530-e54e703a2462', '21c576d1-4e1b-4fa9-9071-455c3a20e049']"
e8670b60-a31e-4ae7-9c14-537980c5db6f,8,"['a79fb72c-aa18-4cbc-a81f-ebfad7d5fb4c', '45aab805-650a-4684-b7d0-8da3ade1d3fe', '45aab805-650a-4684-b7d0-8da3ade1d3fe', '45aab805-650a-4684-b7d0-8da3ade1d3fe', '45aab805-650a-4684-b7d0-8da3ade1d3fe', '45aab805-650a-4684-b7d0-8da3ade1d3fe', '45aab805-650a-4684-b7d0-8da3ade1d3fe', '45aab805-650a-4684-b7d0-8da3ade1d3fe', '45aab805-650a-4684-b7d0-8da3ade1d3fe', '45aab805-650a-4684-b7d0-8da3ade1d3fe', '45aab805-650a-4684-b7d0-8da3ade1d3fe', '45aab805-650a-4684-b7d0-8da3ade1d3fe', '45aab805-650a-4684-b7d0-8da3ade1d3fe', '45aab805-650a-4684-b7d0-8da3ade1d3fe', '45aab805-650a-4684-b7d0-8da3ade1d3fe', '45aab805-650a-4684-b7d0-8da3ade1d3fe', '45aab805-650a-4684-b7d0-8da3ade1d3fe', '45aab805-650a-4684-b7d0-8da3ade1d3fe', '45aab805-650a-4684-b7d0-8da3ade1d3fe', '45aab805-650a-4684-b7d0-8da3ade1d3fe', '45aab805-650a-4684-b7d0-8da3ade1d3fe', '45aab805-650a-4684-b7d0-8da3ade1d3fe', '45aab805-650a-4684-b7d0-8da3ade1d3fe', '45aab805-650a-4684-b7d0-8da3ade1d3fe', '45aab805-650a-4684-b7d0-8da3ade1d3fe', '45aab805-650a-4684-b7d0-8da3ade1d3fe', '45aab805-650a-4684-b7d0-8da3ade1d3fe', '45aab805-650a-4684-b7d0-8da3ade1d3fe', '45aab805-650a-4684-b7d0-8da3ade1d3fe', '45aab805-650a-4684-b7d0-8da3ade1d3fe', '45aab805-650a-4684-b7d0-8da3ade1d3fe', '45aab805-650a-4684-b7d0-8da3ade1d3fe', '45aab805-650a-4684-b7d0-8da3ade1d3fe', '45aab805-650a-4684-b7d0-8da3ade1d3fe', '45aab805-650a-4684-b7d0-8da3ade1d3fe', '45aab805-650a-4684-b7d0-8da3ade1d3fe', '45aab805-650a-4684-b7d0-8da3ade1d3fe', '45aab805-650a-4684-b7d0-8da3ade1d3fe', '45aab805-650a-4684-b7d0-8da3ade1d3fe', '2bfb593c-aa08-4d92-91c3-b29052ba2960', 'fb12f21b-485d-4aba-abb4-c95f1d036589', '38ab5683-fd24-4a51-b7a1-99284bdc25d4', 'a1e93466-76ee-421e-a3d7-748cdfa86383', '451f1d25-2d64-4b90-b231-9bac4382e21f', '259a7cd1-7e5f-4c81-95f9-9ce42db9ff8e', '574e80d8-c441-45f1-9411-3d23097646fc', '0d284739-acdc-4ceb-a847-8e02e6c70c9d', '88a9af87-fcb1-4add-82ae-4d66792d0246', '2454f470-53f8-43aa-9f65-ba3570d13810', '27c9abc2-590b-4691-a9a6-2e83069c52d1']"
ebb01f4e-c875-492a-b5c8-4958c74bddc5,12,"['58c1432c-7fcf-4a29-8eb8-bc17fbe2c68d', '58c1432c-7fcf-4a29-8eb8-bc17fbe2c68d', '58c1432c-7fcf-4a29-8eb8-bc17fbe2c68d', '58c1432c-7fcf-4a29-8eb8-bc17fbe2c68d', '58c1432c-7fcf-4a29-8eb8-bc17fbe2c68d', '58c1432c-7fcf-4a29-8eb8-bc17fbe2c68d', '58c1432c-7fcf-4a29-8eb8-bc17fbe2c68d', '58c1432c-7fcf-4a29-8eb8-bc17fbe2c68d', '58c1432c-7fcf-4a29-8eb8-bc17fbe2c68d', '58c1432c-7fcf-4a29-8eb8-bc17fbe2c68d', '58c1432c-7fcf-4a29-8eb8-bc17fbe2c68d', '58c1432c-7fcf-4a29-8eb8-bc17fbe2c68d', '58c1432c-7fcf-4a29-8eb8-bc17fbe2c68d', '58c1432c-7fcf-4a29-8eb8-bc17fbe2c68d', '58c1432c-7fcf-4a29-8eb8-bc17fbe2c68d', '58c1432c-7fcf-4a29-8eb8-bc17fbe2c68d', '58c1432c-7fcf-4a29-8eb8-bc17fbe2c68d', '58c1432c-7fcf-4a29-8eb8-bc17fbe2c68d', '58c1432c-7fcf-4a29-8eb8-bc17fbe2c68d', '58c1432c-7fcf-4a29-8eb8-bc17fbe2c68d', '58c1432c-7fcf-4a29-8eb8-bc17fbe2c68d', '58c1432c-7fcf-4a29-8eb8-bc17fbe2c68d', '58c1432c-7fcf-4a29-8eb8-bc17fbe2c68d', '58c1432c-7fcf-4a29-8eb8-bc17fbe2c68d', '58c1432c-7fcf-4a29-8eb8-bc17fbe2c68d', '58c1432c-7fcf-4a29-8eb8-bc17fbe2c68d', '58c1432c-7fcf-4a29-8eb8-bc17fbe2c68d', '4e3543bc-08ea-4c2a-bbcd-4033c1c6acd9', '9f12dffa-8ca6-429e-bf4d-c29cf2f2764f', '7c563dbb-2329-4e88-8878-f5b51c005011', '49b86856-9b09-4cdc-aadd-82e335fc355c', '40108847-4bdb-4caa-bc20-bb06ec4298e3', '3875a91b-b06f-411b-90f9-647f72c17942', '2f32c3d5-acb1-4355-9ed0-0cc3804460ef', 'b8c3ae8b-f0f3-4193-b217-7a33a20c8d71', '37ff405e-438c-4f09-83f9-d0563a370727', '9001c33c-db51-4a4d-b292-7c9b390250b2', 'f0ab97c0-bbb2-44da-b670-cea0ccd44e2d', '4819211b-1dec-4c1d-a935-826bfd682010', 'd0105cb7-8419-4622-a96f-2252e15b57cc', '9bea398c-63fd-4bb7-beeb-edfd1e041195', 'c050bfec-399a-4a52-99b7-0017e3b5ebe3', '92c1c59f-c6b4-4bf8-b29d-7ec9db29eb1e', '0a6ab777-fde5-42fa-aad0-11d25f77bbd3', '2da350c9-a33c-40ed-a24d-4fb78016086c', '8e22d546-e48f-4367-bd12-b258909f2df6', 'ca3a7bf2-b6e0-42a0-9307-05310caba4c1', 'c3bd4282-0af9-4773-8e28-20561fe97afa', '0c4938db-e9ae-45f9-b3b6-6170d26559b7', '0f130bbd-242e-46a8-86dc-24d807f2601d']"
caac2471-86d5-4fae-8b25-8005b0871b2a,6,"['784edd7c-8cf6-47c0-8802-887493c6e67f', '784edd7c-8cf6-47c0-8802-887493c6e67f', '784edd7c-8cf6-47c0-8802-887493c6e67f', '784edd7c-8cf6-47c0-8802-887493c6e67f', '784edd7c-8cf6-47c0-8802-887493c6e67f', '784edd7c-8cf6-47c0-8802-887493c6e67f', '784edd7c-8cf6-47c0-8802-887493c6e67f', '784edd7c-8cf6-47c0-8802-887493c6e67f', '784edd7c-8cf6-47c0-8802-887493c6e67f', '784edd7c-8cf6-47c0-8802-887493c6e67f', '784edd7c-8cf6-47c0-8802-887493c6e67f', '784edd7c-8cf6-47c0-8802-887493c6e67f', '784edd7c-8cf6-47c0-8802-887493c6e67f', '784edd7c-8cf6-47c0-8802-887493c6e67f', '784edd7c-8cf6-47c0-8802-887493c6e67f', '784edd7c-8cf6-47c0-8802-887493c6e67f', '784edd7c-8cf6-47c0-8802-887493c6e67f', '784edd7c-8cf6-47c0-8802-887493c6e67f', '784edd7c-8cf6-47c0-8802-887493c6e67f', '784edd7c-8cf6-47c0-8802-887493c6e67f', '784edd7c-8cf6-47c0-8802-887493c6e67f', '784edd7c-8cf6-47c0-8802-887493c6e67f', '784edd7c-8cf6-47c0-8802-887493c6e67f', '784edd7c-8cf6-47c0-8802-887493c6e67f', '784edd7c-8cf6-47c0-8802-887493c6e67f', '784edd7c-8cf6-47c0-8802-887493c6e67f', '784edd7c-8cf6-47c0-8802-887493c6e67f', '784edd7c-8cf6-47c0-8802-887493c6e67f', '763262cf-4e25-4533-8f7a-138fe61e8881', '1826314f-cfbf-4631-8540-c7d63398659c', '5f115306-d236-4445-8bb6-e893c42ef2dc', 'c6f921c2-1987-4ec1-a389-3a9776abc7ab', '4380ddac-f3d7-47f9-b7f2-9c8aa1426331', '3ebea916-7021-4abe-a202-75df2ebddb99', '3eed38e5-8433-4052-ad99-470190e50822', '46633e80-2186-4920-9570-098ccea102bd', '8a20a320-cbbc-4def-956e-a8b2bbdd4bab', 'aa4eb2f6-d0f5-45ea-9d0b-1b42ef2cd862', 'f5ff1bfe-2015-42fe-952e-f10eddc677d4', 'a13cc01d-7055-4599-b5d6-c9ef7e2b490b', '3d109c12-943a-42ce-a1ee-b02588229f46', '3be1afd6-1722-4b27-841b-06ba89b2d679', 'b398a44c-b5ae-4f74-a8c6-101252dc83be', '12561a1b-abe9-47ee-889b-245dfffa74b4', '1ce0e3cf-6746-446e-997c-fb835965ed76', 'e1827659-6556-497a-b45a-ad090a812d7d', '7bf60435-d017-4475-8e6f-26db94059c84', 'bf81bf22-3110-4fe0-a33e-65974f4ee145', 'f4081217-3dc4-4ddb-9bdb-61a633db4c95', '8f9f8a93-57db-410e-9b05-e4ed5c2cfa22']"
38481db6-78b8-4432-b3d1-28dff0ac4d52,14,"['3e6bb0a9-18ac-4266-896a-b39a4555f1a8', '3e6bb0a9-18ac-4266-896a-b39a4555f1a8', '3e6bb0a9-18ac-4266-896a-b39a4555f1a8', '3e6bb0a9-18ac-4266-896a-b39a4555f1a8', '3e6bb0a9-18ac-4266-896a-b39a4555f1a8', '3e6bb0a9-18ac-4266-896a-b39a4555f1a8', '3e6bb0a9-18ac-4266-896a-b39a4555f1a8', '3e6bb0a9-18ac-4266-896a-b39a4555f1a8', '3e6bb0a9-18ac-4266-896a-b39a4555f1a8', '3e6bb0a9-18ac-4266-896a-b39a4555f1a8', '3e6bb0a9-18ac-4266-896a-b39a4555f1a8', '3e6bb0a9-18ac-4266-896a-b39a4555f1a8', '3e6bb0a9-18ac-4266-896a-b39a4555f1a8', '3e6bb0a9-18ac-4266-896a-b39a4555f1a8', '3e6bb0a9-18ac-4266-896a-b39a4555f1a8', '3e6bb0a9-18ac-4266-896a-b39a4555f1a8', '3e6bb0a9-18ac-4266-896a-b39a4555f1a8', '3e6bb0a9-18ac-4266-896a-b39a4555f1a8', '342e49b2-e633-460c-be47-84a0bebed765', '342e49b2-e633-460c-be47-84a0bebed765', '342e49b2-e633-460c-be47-84a0bebed765', '9685b062-a46e-45e8-a8cd-1be3b4a5edca', '3319e014-3ba5-442c-81c2-8b06f2c86388', 'd926d654-7833-4a75-8900-3848ecdc46bc', '2e48d033-f4fd-4d0c-a579-eef389d9ba75', 'a785513f-56a4-444e-87c0-6ae2784e8656', '30a8124e-8027-40bc-86f3-3294643af6d0', '172bcc83-ae71-4c16-a484-316354f8bb2e', '2fe41afd-3540-49e1-8805-74ef7a318710', '7f255fe2-719f-4ddf-b5d3-8d0284209c73', '256942a2-d691-4557-9a22-3dfbc5f4a047', 'a1ccdfef-abfd-4cde-b19d-8b843e58c298', '443ff925-bce1-47d7-b7d0-425a2fab7f4e', '9ce1b0ee-89ff-45fe-ad93-f388f958c649', '3fd641f0-74b5-4bf6-8530-e54e703a2462', '21c576d1-4e1b-4fa9-9071-455c3a20e049', 'a97b459e-d8c5-4bd2-aeed-7b0a1a7a478f', '66dac5e2-67ce-450a-b9e3-2ee1bc265833', '649ac69d-8634-46c5-960d-101caa473f97', '637d461e-646a-4ad6-bf04-0766944ffa8f', '4bb4dd6b-52e3-4ba3-99d6-4291046bad4b', 'eab4a9e0-0113-4574-98e7-51872b99381f', 'e1622240-fdd2-40a8-a936-9d178e8d6333', '80dae0e9-0ac9-4e30-b5c1-782b59137e0f', '5636c168-2639-468d-a85d-c7e05d53bc20', '34c458f6-05cf-45eb-ae89-6e706af9e395', 'ed9fa9c0-7c41-44f8-a3c0-db135f8284b8', '2a343e70-a3a5-46e0-afe0-30143fc5f5c6', '55e8ea43-f0f0-46e4-a16f-45f9539d66b3', 'c53fe0b0-ef6f-44fa-8839-f8a1639fbc27']"
ebb01f4e-c875-492a-b5c8-4958c74bddc5,13,"['58c1432c-7fcf-4a29-8eb8-bc17fbe2c68d', '58c1432c-7fcf-4a29-8eb8-bc17fbe2c68d', '58c1432c-7fcf-4a29-8eb8-bc17fbe2c68d', '58c1432c-7fcf-4a29-8eb8-bc17fbe2c68d', '58c1432c-7fcf-4a29-8eb8-bc17fbe2c68d', '58c1432c-7fcf-4a29-8eb8-bc17fbe2c68d', '58c1432c-7fcf-4a29-8eb8-bc17fbe2c68d', '58c1432c-7fcf-4a29-8eb8-bc17fbe2c68d', '58c1432c-7fcf-4a29-8eb8-bc17fbe2c68d', '58c1432c-7fcf-4a29-8eb8-bc17fbe2c68d', '58c1432c-7fcf-4a29-8eb8-bc17fbe2c68d', '58c1432c-7fcf-4a29-8eb8-bc17fbe2c68d', '58c1432c-7fcf-4a29-8eb8-bc17fbe2c68d', '58c1432c-7fcf-4a29-8eb8-bc17fbe2c68d', '58c1432c-7fcf-4a29-8eb8-bc17fbe2c68d', '58c1432c-7fcf-4a29-8eb8-bc17fbe2c68d', '58c1432c-7fcf-4a29-8eb8-bc17fbe2c68d', '58c1432c-7fcf-4a29-8eb8-bc17fbe2c68d', '58c1432c-7fcf-4a29-8eb8-bc17fbe2c68d', '58c1432c-7fcf-4a29-8eb8-bc17fbe2c68d', '4e3543bc-08ea-4c2a-bbcd-4033c1c6acd9', '9f12dffa-8ca6-429e-bf4d-c29cf2f2764f', '49b86856-9b09-4cdc-aadd-82e335fc355c', '40108847-4bdb-4caa-bc20-bb06ec4298e3', '3875a91b-b06f-411b-90f9-647f72c17942', '2f32c3d5-acb1-4355-9ed0-0cc3804460ef', 'b8c3ae8b-f0f3-4193-b217-7a33a20c8d71', '37ff405e-438c-4f09-83f9-d0563a370727', 'f0ab97c0-bbb2-44da-b670-cea0ccd44e2d', '4819211b-1dec-4c1d-a935-826bfd682010', 'd0105cb7-8419-4622-a96f-2252e15b57cc', '9bea398c-63fd-4bb7-beeb-edfd1e041195', 'c050bfec-399a-4a52-99b7-0017e3b5ebe3', '92c1c59f-c6b4-4bf8-b29d-7ec9db29eb1e', '0a6ab777-fde5-42fa-aad0-11d25f77bbd3', '2da350c9-a33c-40ed-a24d-4fb78016086c', '8e22d546-e48f-4367-bd12-b258909f2df6', 'c3bd4282-0af9-4773-8e28-20561fe97afa', '6615a31a-70ec-4656-88e5-c2085f55238e', '925d90bb-1a1a-4cb8-bbfc-9c1b9422ac7b', '8cffe466-6e8f-4acd-94d7-e62a4c33f98e', '8e677fef-5911-4ee8-bf5a-665f398d5fd4', '59e2a4d6-cb7c-42fd-b091-b40d27da1d31', 'd6579362-c3e4-4fdd-8a9c-ccd297bb0202', '679c3b05-bf43-4126-bf01-e65418786786', 'dd8d7af8-9d9c-430d-91df-be0116a640be', '764c2807-fa60-49d0-8c9a-a67fddca49f8', '33ad64be-6272-4958-b6e7-a0e415f9d467', '217c1d17-32cc-447f-86fb-49edf7957aa4', 'eab1ed58-b5dd-4b77-908f-d9fdea119550']"
e8670b60-a31e-4ae7-9c14-537980c5db6f,9,"['a79fb72c-aa18-4cbc-a81f-ebfad7d5fb4c', '45aab805-650a-4684-b7d0-8da3ade1d3fe', '45aab805-650a-4684-b7d0-8da3ade1d3fe', '45aab805-650a-4684-b7d0-8da3ade1d3fe', '45aab805-650a-4684-b7d0-8da3ade1d3fe', '45aab805-650a-4684-b7d0-8da3ade1d3fe', '45aab805-650a-4684-b7d0-8da3ade1d3fe', '45aab805-650a-4684-b7d0-8da3ade1d3fe', '45aab805-650a-4684-b7d0-8da3ade1d3fe', '45aab805-650a-4684-b7d0-8da3ade1d3fe', '45aab805-650a-4684-b7d0-8da3ade1d3fe', '45aab805-650a-4684-b7d0-8da3ade1d3fe', '45aab805-650a-4684-b7d0-8da3ade1d3fe', '45aab805-650a-4684-b7d0-8da3ade1d3fe', '45aab805-650a-4684-b7d0-8da3ade1d3fe', '45aab805-650a-4684-b7d0-8da3ade1d3fe', '45aab805-650a-4684-b7d0-8da3ade1d3fe', '45aab805-650a-4684-b7d0-8da3ade1d3fe', '45aab805-650a-4684-b7d0-8da3ade1d3fe', '45aab805-650a-4684-b7d0-8da3ade1d3fe', '45aab805-650a-4684-b7d0-8da3ade1d3fe', '45aab805-650a-4684-b7d0-8da3ade1d3fe', '45aab805-650a-4684-b7d0-8da3ade1d3fe', '45aab805-650a-4684-b7d0-8da3ade1d3fe', '45aab805-650a-4684-b7d0-8da3ade1d3fe', '45aab805-650a-4684-b7d0-8da3ade1d3fe', '45aab805-650a-4684-b7d0-8da3ade1d3fe', '45aab805-650a-4684-b7d0-8da3ade1d3fe', '45aab805-650a-4684-b7d0-8da3ade1d3fe', '45aab805-650a-4684-b7d0-8da3ade1d3fe', '45aab805-650a-4684-b7d0-8da3ade1d3fe', '2bfb593c-aa08-4d92-91c3-b29052ba2960', 'fb12f21b-485d-4aba-abb4-c95f1d036589', 'a1e93466-76ee-421e-a3d7-748cdfa86383', '451f1d25-2d64-4b90-b231-9bac4382e21f', '259a7cd1-7e5f-4c81-95f9-9ce42db9ff8e', '574e80d8-c441-45f1-9411-3d23097646fc', '0d284739-acdc-4ceb-a847-8e02e6c70c9d', '88a9af87-fcb1-4add-82ae-4d66792d0246', '27c9abc2-590b-4691-a9a6-2e83069c52d1', 'f6d27c92-c79b-4f04-9184-e4817b1f831f', 'a6e43a76-99c7-421e-b2b6-c5868754f05d', '30785da4-131f-4f75-ac68-1000cde2dc90', '1fd633c2-7694-47f4-ab90-dbea776ad69f', '0ecf9aad-049e-4142-8b87-28d13debf734', '45753c74-1b41-46a0-a214-5d6a530d7a4f', '5dd60d96-1e97-40b1-9307-773cbd06ec73', '713773d0-3ea4-4cde-a0a8-93d409463e1f', '15100adb-0272-431d-b472-95e49ccb09bc', '149bb16e-6eb0-4791-9542-0f04de8c26eb']"
caac2471-86d5-4fae-8b25-8005b0871b2a,7,"['784edd7c-8cf6-47c0-8802-887493c6e67f', '784edd7c-8cf6-47c0-8802-887493c6e67f', '784edd7c-8cf6-47c0-8802-887493c6e67f', '784edd7c-8cf6-47c0-8802-887493c6e67f', '784edd7c-8cf6-47c0-8802-887493c6e67f', '784edd7c-8cf6-47c0-8802-887493c6e67f', '784edd7c-8cf6-47c0-8802-887493c6e67f', '784edd7c-8cf6-47c0-8802-887493c6e67f', '784edd7c-8cf6-47c0-8802-887493c6e67f', '784edd7c-8cf6-47c0-8802-887493c6e67f', '784edd7c-8cf6-47c0-8802-887493c6e67f', '784edd7c-8cf6-47c0-8802-887493c6e67f', '784edd7c-8cf6-47c0-8802-887493c6e67f', '784edd7c-8cf6-47c0-8802-887493c6e67f', '784edd7c-8cf6-47c0-8802-887493c6e67f', '784edd7c-8cf6-47c0-8802-887493c6e67f', '784edd7c-8cf6-47c0-8802-887493c6e67f', '784edd7c-8cf6-47c0-8802-887493c6e67f', '784edd7c-8cf6-47c0-8802-887493c6e67f', '784edd7c-8cf6-47c0-8802-887493c6e67f', '784edd7c-8cf6-47c0-8802-887493c6e67f', '784edd7c-8cf6-47c0-8802-887493c6e67f', '763262cf-4e25-4533-8f7a-138fe61e8881', '1826314f-cfbf-4631-8540-c7d63398659c', '5f115306-d236-4445-8bb6-e893c42ef2dc', '4380ddac-f3d7-47f9-b7f2-9c8aa1426331', '3ebea916-7021-4abe-a202-75df2ebddb99', '3eed38e5-8433-4052-ad99-470190e50822', '46633e80-2186-4920-9570-098ccea102bd', '8a20a320-cbbc-4def-956e-a8b2bbdd4bab', 'aa4eb2f6-d0f5-45ea-9d0b-1b42ef2cd862', 'f5ff1bfe-2015-42fe-952e-f10eddc677d4', '3d109c12-943a-42ce-a1ee-b02588229f46', 'b398a44c-b5ae-4f74-a8c6-101252dc83be', '12561a1b-abe9-47ee-889b-245dfffa74b4', '1ce0e3cf-6746-446e-997c-fb835965ed76', 'e1827659-6556-497a-b45a-ad090a812d7d', '7bf60435-d017-4475-8e6f-26db94059c84', 'bf81bf22-3110-4fe0-a33e-65974f4ee145', 'f4081217-3dc4-4ddb-9bdb-61a633db4c95', '8f9f8a93-57db-410e-9b05-e4ed5c2cfa22', 'ff26fe94-703a-4327-a352-5b6d5a185e1f', '29c9ce46-b833-414c-b1d3-45a0819b964b', '377c91d4-bc3e-4f9b-8726-b9d4f6cc99ad', '49cc3d0d-59c3-4bb5-8616-4382e78b697b', '19dcb613-31d3-40b8-89fa-bf4302d0c597', '27c60e59-a015-474f-8ec0-909d23338245', '79a0917a-2d17-4232-8ff0-08623fb32356', '401f4d63-5e1a-463b-a988-dd0dbe45ea8c', 'bb7259fe-ecae-4166-a55b-6f96af188be9']"
aca4dce2-4c77-45fd-b87f-9509f6dac20f,0,"['a173ee60-c36f-4321-9f29-291abdf0d9a1', 'a173ee60-c36f-4321-9f29-291abdf0d9a1', 'a173ee60-c36f-4321-9f29-291abdf0d9a1', 'a173ee60-c36f-4321-9f29-291abdf0d9a1', 'a173ee60-c36f-4321-9f29-291abdf0d9a1', 'a173ee60-c36f-4321-9f29-291abdf0d9a1', 'a173ee60-c36f-4321-9f29-291abdf0d9a1', 'a173ee60-c36f-4321-9f29-291abdf0d9a1', 'a173ee60-c36f-4321-9f29-291abdf0d9a1', 'a173ee60-c36f-4321-9f29-291abdf0d9a1', 'a173ee60-c36f-4321-9f29-291abdf0d9a1', 'a173ee60-c36f-4321-9f29-291abdf0d9a1', 'a173ee60-c36f-4321-9f29-291abdf0d9a1', 'a173ee60-c36f-4321-9f29-291abdf0d9a1', 'a173ee60-c36f-4321-9f29-291abdf0d9a1', 'a173ee60-c36f-4321-9f29-291abdf0d9a1', 'a173ee60-c36f-4321-9f29-291abdf0d9a1', 'a173ee60-c36f-4321-9f29-291abdf0d9a1', 'a173ee60-c36f-4321-9f29-291abdf0d9a1', 'a173ee60-c36f-4321-9f29-291abdf0d9a1', 'a173ee60-c36f-4321-9f29-291abdf0d9a1', 'a173ee60-c36f-4321-9f29-291abdf0d9a1', 'a173ee60-c36f-4321-9f29-291abdf0d9a1', 'a173ee60-c36f-4321-9f29-291abdf0d9a1', 'a173ee60-c36f-4321-9f29-291abdf0d9a1', 'a173ee60-c36f-4321-9f29-291abdf0d9a1', 'a173ee60-c36f-4321-9f29-291abdf0d9a1', 'a173ee60-c36f-4321-9f29-291abdf0d9a1', 'a173ee60-c36f-4321-9f29-291abdf0d9a1', 'a173ee60-c36f-4321-9f29-291abdf0d9a1', 'a173ee60-c36f-4321-9f29-291abdf0d9a1', 'a173ee60-c36f-4321-9f29-291abdf0d9a1', 'a173ee60-c36f-4321-9f29-291abdf0d9a1', 'a173ee60-c36f-4321-9f29-291abdf0d9a1', 'a173ee60-c36f-4321-9f29-291abdf0d9a1', 'a173ee60-c36f-4321-9f29-291abdf0d9a1', 'a173ee60-c36f-4321-9f29-291abdf0d9a1', 'a173ee60-c36f-4321-9f29-291abdf0d9a1', 'a173ee60-c36f-4321-9f29-291abdf0d9a1', 'a173ee60-c36f-4321-9f29-291abdf0d9a1', 'a173ee60-c36f-4321-9f29-291abdf0d9a1', 'a173ee60-c36f-4321-9f29-291abdf0d9a1', 'a173ee60-c36f-4321-9f29-291abdf0d9a1', 'a173ee60-c36f-4321-9f29-291abdf0d9a1', 'a173ee60-c36f-4321-9f29-291abdf0d9a1', 'a173ee60-c36f-4321-9f29-291abdf0d9a1', 'a173ee60-c36f-4321-9f29-291abdf0d9a1', 'a173ee60-c36f-4321-9f29-291abdf0d9a1', 'a173ee60-c36f-4321-9f29-291abdf0d9a1', 'a173ee60-c36f-4321-9f29-291abdf0d9a1']"
38481db6-78b8-4432-b3d1-28dff0ac4d52,15,"['3e6bb0a9-18ac-4266-896a-b39a4555f1a8', '3e6bb0a9-18ac-4266-896a-b39a4555f1a8', '3e6bb0a9-18ac-4266-896a-b39a4555f1a8', '3e6bb0a9-18ac-4266-896a-b39a4555f1a8', '3e6bb0a9-18ac-4266-896a-b39a4555f1a8', '3e6bb0a9-18ac-4266-896a-b39a4555f1a8', '3e6bb0a9-18ac-4266-896a-b39a4555f1a8', '3e6bb0a9-18ac-4266-896a-b39a4555f1a8', '3e6bb0a9-18ac-4266-896a-b39a4555f1a8', '3e6bb0a9-18ac-4266-896a-b39a4555f1a8', '3e6bb0a9-18ac-4266-896a-b39a4555f1a8', '3e6bb0a9-18ac-4266-896a-b39a4555f1a8', '3e6bb0a9-18ac-4266-896a-b39a4555f1a8', '3e6bb0a9-18ac-4266-896a-b39a4555f1a8', '3e6bb0a9-18ac-4266-896a-b39a4555f1a8', '3e6bb0a9-18ac-4266-896a-b39a4555f1a8', '3e6bb0a9-18ac-4266-896a-b39a4555f1a8', '3e6bb0a9-18ac-4266-896a-b39a4555f1a8', '3e6bb0a9-18ac-4266-896a-b39a4555f1a8', '3e6bb0a9-18ac-4266-896a-b39a4555f1a8', '3e6bb0a9-18ac-4266-896a-b39a4555f1a8', '3e6bb0a9-18ac-4266-896a-b39a4555f1a8', '3e6bb0a9-18ac-4266-896a-b39a4555f1a8', '3e6bb0a9-18ac-4266-896a-b39a4555f1a8', '3e6bb0a9-18ac-4266-896a-b39a4555f1a8', '3e6bb0a9-18ac-4266-896a-b39a4555f1a8', '3e6bb0a9-18ac-4266-896a-b39a4555f1a8', '3e6bb0a9-18ac-4266-896a-b39a4555f1a8', '3e6bb0a9-18ac-4266-896a-b39a4555f1a8', '3e6bb0a9-18ac-4266-896a-b39a4555f1a8', '3e6bb0a9-18ac-4266-896a-b39a4555f1a8', '3e6bb0a9-18ac-4266-896a-b39a4555f1a8', '342e49b2-e633-460c-be47-84a0bebed765', '342e49b2-e633-460c-be47-84a0bebed765', '342e49b2-e633-460c-be47-84a0bebed765', '342e49b2-e633-460c-be47-84a0bebed765', '342e49b2-e633-460c-be47-84a0bebed765', '342e49b2-e633-460c-be47-84a0bebed765', '05f116c4-e052-4f09-bc6a-1b6e2fff3c48', '297ff5f2-791f-4884-9a95-cfb383c3e12b', '4deb2a97-7565-42a3-9408-13f61d34616c', 'e444e0df-d288-4dc7-bba3-18b8e9a16c30', 'd5aa486a-4a55-415e-9f19-31fff05f7e62', '59c3f017-e6a2-49a6-bcad-f3a6a9e3afce', '5a6b2867-df4d-4d57-aded-c61236f92ca8', '83550e85-5399-4105-a3cd-d14c84440d9c', '23a97298-af4c-444b-b11e-afe972b76218', '39e78a13-1f8d-422c-91bd-a7fa38890d2f', '0e746db6-fa32-4c72-822d-1238a5878532', '3b585501-24a7-47c4-abd7-935a832efa00']"
e8670b60-a31e-4ae7-9c14-537980c5db6f,10,"['45aab805-650a-4684-b7d0-8da3ade1d3fe', '45aab805-650a-4684-b7d0-8da3ade1d3fe', '45aab805-650a-4684-b7d0-8da3ade1d3fe', '45aab805-650a-4684-b7d0-8da3ade1d3fe', '45aab805-650a-4684-b7d0-8da3ade1d3fe', '45aab805-650a-4684-b7d0-8da3ade1d3fe', '45aab805-650a-4684-b7d0-8da3ade1d3fe', '45aab805-650a-4684-b7d0-8da3ade1d3fe', '45aab805-650a-4684-b7d0-8da3ade1d3fe', '45aab805-650a-4684-b7d0-8da3ade1d3fe', '45aab805-650a-4684-b7d0-8da3ade1d3fe', '45aab805-650a-4684-b7d0-8da3ade1d3fe', '45aab805-650a-4684-b7d0-8da3ade1d3fe', '45aab805-650a-4684-b7d0-8da3ade1d3fe', '45aab805-650a-4684-b7d0-8da3ade1d3fe', '45aab805-650a-4684-b7d0-8da3ade1d3fe', '45aab805-650a-4684-b7d0-8da3ade1d3fe', '45aab805-650a-4684-b7d0-8da3ade1d3fe', '45aab805-650a-4684-b7d0-8da3ade1d3fe', '45aab805-650a-4684-b7d0-8da3ade1d3fe', '45aab805-650a-4684-b7d0-8da3ade1d3fe', '45aab805-650a-4684-b7d0-8da3ade1d3fe', '45aab805-650a-4684-b7d0-8da3ade1d3fe', '45aab805-650a-4684-b7d0-8da3ade1d3fe', '2bfb593c-aa08-4d92-91c3-b29052ba2960', 'fb12f21b-485d-4aba-abb4-c95f1d036589', 'a1e93466-76ee-421e-a3d7-748cdfa86383', '451f1d25-2d64-4b90-b231-9bac4382e21f', '259a7cd1-7e5f-4c81-95f9-9ce42db9ff8e', '574e80d8-c441-45f1-9411-3d23097646fc', '0d284739-acdc-4ceb-a847-8e02e6c70c9d', '88a9af87-fcb1-4add-82ae-4d66792d0246', '27c9abc2-590b-4691-a9a6-2e83069c52d1', 'f6d27c92-c79b-4f04-9184-e4817b1f831f', 'a6e43a76-99c7-421e-b2b6-c5868754f05d', '30785da4-131f-4f75-ac68-1000cde2dc90', '0ecf9aad-049e-4142-8b87-28d13debf734', '45753c74-1b41-46a0-a214-5d6a530d7a4f', '5dd60d96-1e97-40b1-9307-773cbd06ec73', '713773d0-3ea4-4cde-a0a8-93d409463e1f', '149bb16e-6eb0-4791-9542-0f04de8c26eb', 'c05b9b4d-d544-4938-bf2f-bb29dcfd201c', 'b24e6424-1eec-498b-b55b-faeda373f28b', '06d44cb4-ca9e-4369-b6d3-178742bfec5e', 'c75c2b1f-4df6-4dd8-97ef-d1333276a097', 'ced28882-a349-44ca-95e1-8c3937211358', '9a627c77-f62d-43f4-9736-bc9624d76484', '7bbb97ad-33d8-495c-8e83-da5fdafa45eb', 'd3202675-eb5c-488e-b45f-d5948c5f17f7', 'c1a2f7c0-93da-4de5-9499-1c041f88524c']"
ebb01f4e-c875-492a-b5c8-4958c74bddc5,14,"['58c1432c-7fcf-4a29-8eb8-bc17fbe2c68d', '58c1432c-7fcf-4a29-8eb8-bc17fbe2c68d', '58c1432c-7fcf-4a29-8eb8-bc17fbe2c68d', '58c1432c-7fcf-4a29-8eb8-bc17fbe2c68d', '58c1432c-7fcf-4a29-8eb8-bc17fbe2c68d', '58c1432c-7fcf-4a29-8eb8-bc17fbe2c68d', '58c1432c-7fcf-4a29-8eb8-bc17fbe2c68d', '58c1432c-7fcf-4a29-8eb8-bc17fbe2c68d', '58c1432c-7fcf-4a29-8eb8-bc17fbe2c68d', '58c1432c-7fcf-4a29-8eb8-bc17fbe2c68d', '58c1432c-7fcf-4a29-8eb8-bc17fbe2c68d', '58c1432c-7fcf-4a29-8eb8-bc17fbe2c68d', '58c1432c-7fcf-4a29-8eb8-bc17fbe2c68d', '58c1432c-7fcf-4a29-8eb8-bc17fbe2c68d', '58c1432c-7fcf-4a29-8eb8-bc17fbe2c68d', '58c1432c-7fcf-4a29-8eb8-bc17fbe2c68d', '58c1432c-7fcf-4a29-8eb8-bc17fbe2c68d', '58c1432c-7fcf-4a29-8eb8-bc17fbe2c68d', '58c1432c-7fcf-4a29-8eb8-bc17fbe2c68d', '58c1432c-7fcf-4a29-8eb8-bc17fbe2c68d', '58c1432c-7fcf-4a29-8eb8-bc17fbe2c68d', '58c1432c-7fcf-4a29-8eb8-bc17fbe2c68d', '58c1432c-7fcf-4a29-8eb8-bc17fbe2c68d', '58c1432c-7fcf-4a29-8eb8-bc17fbe2c68d', '58c1432c-7fcf-4a29-8eb8-bc17fbe2c68d', '58c1432c-7fcf-4a29-8eb8-bc17fbe2c68d', '58c1432c-7fcf-4a29-8eb8-bc17fbe2c68d', '58c1432c-7fcf-4a29-8eb8-bc17fbe2c68d', '58c1432c-7fcf-4a29-8eb8-bc17fbe2c68d', '58c1432c-7fcf-4a29-8eb8-bc17fbe2c68d', '58c1432c-7fcf-4a29-8eb8-bc17fbe2c68d', '58c1432c-7fcf-4a29-8eb8-bc17fbe2c68d', '58c1432c-7fcf-4a29-8eb8-bc17fbe2c68d', '58c1432c-7fcf-4a29-8eb8-bc17fbe2c68d', '58c1432c-7fcf-4a29-8eb8-bc17fbe2c68d', '58c1432c-7fcf-4a29-8eb8-bc17fbe2c68d', '58c1432c-7fcf-4a29-8eb8-bc17fbe2c68d', '6dc2b73d-51d7-4e4b-8219-ca7d15ede902', '7fe14be0-7685-408b-9129-cc99dbd09352', '91939b47-8c4f-4721-9308-3cc6ba187d23', '7e84111a-e98b-4d75-a7fb-01d06383445c', '4dfb5dda-037b-4222-8de0-68469235b014', '1a23ed2d-6409-4921-9207-3953d546651a', 'fa6b809d-c221-4c89-87c9-ab74c863222b', 'b28ec8da-5ef3-4586-9105-db8acf30449c', '942f64b2-2366-4f0c-8b9c-53b0da396359', '83a8af20-c133-42c4-b726-0ff1935a61a1', 'e2158abf-dee1-4cc7-8b3d-139e0466de71', '22c0cbb7-2d73-43a7-ab60-0a735bed400a', '04803fbf-3d7a-42a5-82f6-831d4876da69']"
caac2471-86d5-4fae-8b25-8005b0871b2a,8,"['784edd7c-8cf6-47c0-8802-887493c6e67f', '784edd7c-8cf6-47c0-8802-887493c6e67f', '784edd7c-8cf6-47c0-8802-887493c6e67f', '784edd7c-8cf6-47c0-8802-887493c6e67f', '784edd7c-8cf6-47c0-8802-887493c6e67f', '784edd7c-8cf6-47c0-8802-887493c6e67f', '784edd7c-8cf6-47c0-8802-887493c6e67f', '784edd7c-8cf6-47c0-8802-887493c6e67f', '784edd7c-8cf6-47c0-8802-887493c6e67f', '784edd7c-8cf6-47c0-8802-887493c6e67f', '784edd7c-8cf6-47c0-8802-887493c6e67f', '784edd7c-8cf6-47c0-8802-887493c6e67f', '784edd7c-8cf6-47c0-8802-887493c6e67f', '784edd7c-8cf6-47c0-8802-887493c6e67f', '784edd7c-8cf6-47c0-8802-887493c6e67f', '784edd7c-8cf6-47c0-8802-887493c6e67f', '784edd7c-8cf6-47c0-8802-887493c6e67f', '784edd7c-8cf6-47c0-8802-887493c6e67f', '784edd7c-8cf6-47c0-8802-887493c6e67f', '784edd7c-8cf6-47c0-8802-887493c6e67f', '784edd7c-8cf6-47c0-8802-887493c6e67f', '784edd7c-8cf6-47c0-8802-887493c6e67f', '784edd7c-8cf6-47c0-8802-887493c6e67f', '784edd7c-8cf6-47c0-8802-887493c6e67f', '784edd7c-8cf6-47c0-8802-887493c6e67f', '784edd7c-8cf6-47c0-8802-887493c6e67f', '784edd7c-8cf6-47c0-8802-887493c6e67f', '784edd7c-8cf6-47c0-8802-887493c6e67f', '784edd7c-8cf6-47c0-8802-887493c6e67f', '784edd7c-8cf6-47c0-8802-887493c6e67f', '784edd7c-8cf6-47c0-8802-887493c6e67f', '784edd7c-8cf6-47c0-8802-887493c6e67f', '784edd7c-8cf6-47c0-8802-887493c6e67f', '784edd7c-8cf6-47c0-8802-887493c6e67f', '784edd7c-8cf6-47c0-8802-887493c6e67f', '784edd7c-8cf6-47c0-8802-887493c6e67f', '784edd7c-8cf6-47c0-8802-887493c6e67f', '784edd7c-8cf6-47c0-8802-887493c6e67f', '784edd7c-8cf6-47c0-8802-887493c6e67f', '784edd7c-8cf6-47c0-8802-887493c6e67f', '784edd7c-8cf6-47c0-8802-887493c6e67f', 'fb742d77-bc36-46cb-931f-8e7e3499a427', '6ebacefb-7fec-404e-b993-5277082e6d9a', 'a5a08788-5647-4461-9075-ffcae8a5579a', 'a58dcaf8-9037-4fb7-808c-350af9d8e83d', '71d2bd35-d3ee-4134-8502-2429d7744691', '9613ca12-b365-4b88-a606-ca4794a7c8c1', 'ab066039-8d24-4167-a8a1-3997ea421656', '43380992-ed4d-49d8-86f6-007e88b78ce7', '87361574-25ac-4d8f-bd57-a14f4af23586']"
aca4dce2-4c77-45fd-b87f-9509f6dac20f,1,"['a173ee60-c36f-4321-9f29-291abdf0d9a1', 'a173ee60-c36f-4321-9f29-291abdf0d9a1', 'a173ee60-c36f-4321-9f29-291abdf0d9a1', 'a173ee60-c36f-4321-9f29-291abdf0d9a1', 'a173ee60-c36f-4321-9f29-291abdf0d9a1', 'a173ee60-c36f-4321-9f29-291abdf0d9a1', 'a173ee60-c36f-4321-9f29-291abdf0d9a1', 'a173ee60-c36f-4321-9f29-291abdf0d9a1', 'a173ee60-c36f-4321-9f29-291abdf0d9a1', 'a173ee60-c36f-4321-9f29-291abdf0d9a1', 'a173ee60-c36f-4321-9f29-291abdf0d9a1', 'a173ee60-c36f-4321-9f29-291abdf0d9a1', 'a173ee60-c36f-4321-9f29-291abdf0d9a1', 'a173ee60-c36f-4321-9f29-291abdf0d9a1', 'a173ee60-c36f-4321-9f29-291abdf0d9a1', 'a173ee60-c36f-4321-9f29-291abdf0d9a1', 'a173ee60-c36f-4321-9f29-291abdf0d9a1', 'a173ee60-c36f-4321-9f29-291abdf0d9a1', 'a173ee60-c36f-4321-9f29-291abdf0d9a1', 'a173ee60-c36f-4321-9f29-291abdf0d9a1', 'a173ee60-c36f-4321-9f29-291abdf0d9a1', 'a173ee60-c36f-4321-9f29-291abdf0d9a1', 'a173ee60-c36f-4321-9f29-291abdf0d9a1', 'a173ee60-c36f-4321-9f29-291abdf0d9a1', 'a173ee60-c36f-4321-9f29-291abdf0d9a1', 'a173ee60-c36f-4321-9f29-291abdf0d9a1', 'a173ee60-c36f-4321-9f29-291abdf0d9a1', 'a173ee60-c36f-4321-9f29-291abdf0d9a1', 'a173ee60-c36f-4321-9f29-291abdf0d9a1', 'a173ee60-c36f-4321-9f29-291abdf0d9a1', 'a173ee60-c36f-4321-9f29-291abdf0d9a1', 'a173ee60-c36f-4321-9f29-291abdf0d9a1', 'a173ee60-c36f-4321-9f29-291abdf0d9a1', 'a173ee60-c36f-4321-9f29-291abdf0d9a1', 'a173ee60-c36f-4321-9f29-291abdf0d9a1', 'a173ee60-c36f-4321-9f29-291abdf0d9a1', '7d55a869-b13f-409d-9367-7d9a36df6d8d', 'b0c64214-ac56-4447-a18a-0e6a920b8de4', 'e07a66a1-9682-49f2-abac-bd816f5ec6a1', '9f71cd49-e663-477f-94ad-d3ed81251155', '6ffb07c4-9abf-46a7-b554-0673f9e5088b', 'b4165b55-b341-4b85-a9c5-97e38b67f6da', '1f49811e-e89f-43b2-92dc-558e9865faa9', '181fe89e-face-403a-9098-944ee0d57292', '5603afcb-44c1-4f12-9518-ded553192559', '1ae392cb-52a9-463d-b7f7-c397dad45e33', 'c2bb772d-17f2-491d-8b5b-0a3736494f4d', 'd8f83d03-1b85-4bb1-88ff-e0a0844a0718', 'a83d4018-5493-463a-b253-d3ea78dd16aa', '9fced6fc-0804-4ba4-b667-a7a0fe33b34e']"
ebb01f4e-c875-492a-b5c8-4958c74bddc5,15,"['58c1432c-7fcf-4a29-8eb8-bc17fbe2c68d', '58c1432c-7fcf-4a29-8eb8-bc17fbe2c68d', '58c1432c-7fcf-4a29-8eb8-bc17fbe2c68d', '58c1432c-7fcf-4a29-8eb8-bc17fbe2c68d', '58c1432c-7fcf-4a29-8eb8-bc17fbe2c68d', '58c1432c-7fcf-4a29-8eb8-bc17fbe2c68d', '58c1432c-7fcf-4a29-8eb8-bc17fbe2c68d', '58c1432c-7fcf-4a29-8eb8-bc17fbe2c68d', '58c1432c-7fcf-4a29-8eb8-bc17fbe2c68d', '58c1432c-7fcf-4a29-8eb8-bc17fbe2c68d', '58c1432c-7fcf-4a29-8eb8-bc17fbe2c68d', '58c1432c-7fcf-4a29-8eb8-bc17fbe2c68d', '58c1432c-7fcf-4a29-8eb8-bc17fbe2c68d', '58c1432c-7fcf-4a29-8eb8-bc17fbe2c68d', '58c1432c-7fcf-4a29-8eb8-bc17fbe2c68d', '58c1432c-7fcf-4a29-8eb8-bc17fbe2c68d', '58c1432c-7fcf-4a29-8eb8-bc17fbe2c68d', '58c1432c-7fcf-4a29-8eb8-bc17fbe2c68d', '58c1432c-7fcf-4a29-8eb8-bc17fbe2c68d', '58c1432c-7fcf-4a29-8eb8-bc17fbe2c68d', '58c1432c-7fcf-4a29-8eb8-bc17fbe2c68d', '58c1432c-7fcf-4a29-8eb8-bc17fbe2c68d', '58c1432c-7fcf-4a29-8eb8-bc17fbe2c68d', '58c1432c-7fcf-4a29-8eb8-bc17fbe2c68d', '58c1432c-7fcf-4a29-8eb8-bc17fbe2c68d', '58c1432c-7fcf-4a29-8eb8-bc17fbe2c68d', '58c1432c-7fcf-4a29-8eb8-bc17fbe2c68d', '58c1432c-7fcf-4a29-8eb8-bc17fbe2c68d', '58c1432c-7fcf-4a29-8eb8-bc17fbe2c68d', '58c1432c-7fcf-4a29-8eb8-bc17fbe2c68d', '58c1432c-7fcf-4a29-8eb8-bc17fbe2c68d', '58c1432c-7fcf-4a29-8eb8-bc17fbe2c68d', '58c1432c-7fcf-4a29-8eb8-bc17fbe2c68d', '6dc2b73d-51d7-4e4b-8219-ca7d15ede902', '7fe14be0-7685-408b-9129-cc99dbd09352', '91939b47-8c4f-4721-9308-3cc6ba187d23', '4dfb5dda-037b-4222-8de0-68469235b014', '1a23ed2d-6409-4921-9207-3953d546651a', 'fa6b809d-c221-4c89-87c9-ab74c863222b', '942f64b2-2366-4f0c-8b9c-53b0da396359', '83a8af20-c133-42c4-b726-0ff1935a61a1', 'e2158abf-dee1-4cc7-8b3d-139e0466de71', '22c0cbb7-2d73-43a7-ab60-0a735bed400a', '04803fbf-3d7a-42a5-82f6-831d4876da69', 'ba02088d-4900-4d43-bc1c-42d5ba1050f6', 'f0bf1c33-2fd3-4c09-b9f2-d505f3e9b096', 'eea9e2fe-49bf-4105-ae8f-f0b808ae88ec', 'f0a65c9c-dc58-404b-b94e-6bac67c36300', 'e334e913-91b5-4ec7-ae1f-078d5d22a88e', '5cf69625-04f0-458f-983a-35c49da79b97']"
e8670b60-a31e-4ae7-9c14-537980c5db6f,11,"['45aab805-650a-4684-b7d0-8da3ade1d3fe', '45aab805-650a-4684-b7d0-8da3ade1d3fe', '45aab805-650a-4684-b7d0-8da3ade1d3fe', '45aab805-650a-4684-b7d0-8da3ade1d3fe', '45aab805-650a-4684-b7d0-8da3ade1d3fe', '45aab805-650a-4684-b7d0-8da3ade1d3fe', '45aab805-650a-4684-b7d0-8da3ade1d3fe', '45aab805-650a-4684-b7d0-8da3ade1d3fe', '45aab805-650a-4684-b7d0-8da3ade1d3fe', '45aab805-650a-4684-b7d0-8da3ade1d3fe', '45aab805-650a-4684-b7d0-8da3ade1d3fe', '45aab805-650a-4684-b7d0-8da3ade1d3fe', '45aab805-650a-4684-b7d0-8da3ade1d3fe', '45aab805-650a-4684-b7d0-8da3ade1d3fe', '45aab805-650a-4684-b7d0-8da3ade1d3fe', '45aab805-650a-4684-b7d0-8da3ade1d3fe', '45aab805-650a-4684-b7d0-8da3ade1d3fe', '45aab805-650a-4684-b7d0-8da3ade1d3fe', '45aab805-650a-4684-b7d0-8da3ade1d3fe', '45aab805-650a-4684-b7d0-8da3ade1d3fe', '45aab805-650a-4684-b7d0-8da3ade1d3fe', '45aab805-650a-4684-b7d0-8da3ade1d3fe', '45aab805-650a-4684-b7d0-8da3ade1d3fe', '45aab805-650a-4684-b7d0-8da3ade1d3fe', '45aab805-650a-4684-b7d0-8da3ade1d3fe', '45aab805-650a-4684-b7d0-8da3ade1d3fe', '45aab805-650a-4684-b7d0-8da3ade1d3fe', '45aab805-650a-4684-b7d0-8da3ade1d3fe', '45aab805-650a-4684-b7d0-8da3ade1d3fe', '45aab805-650a-4684-b7d0-8da3ade1d3fe', '45aab805-650a-4684-b7d0-8da3ade1d3fe', '45aab805-650a-4684-b7d0-8da3ade1d3fe', '45aab805-650a-4684-b7d0-8da3ade1d3fe', '45aab805-650a-4684-b7d0-8da3ade1d3fe', '45aab805-650a-4684-b7d0-8da3ade1d3fe', '45aab805-650a-4684-b7d0-8da3ade1d3fe', '45aab805-650a-4684-b7d0-8da3ade1d3fe', '45aab805-650a-4684-b7d0-8da3ade1d3fe', '45aab805-650a-4684-b7d0-8da3ade1d3fe', '45aab805-650a-4684-b7d0-8da3ade1d3fe', '45aab805-650a-4684-b7d0-8da3ade1d3fe', '45aab805-650a-4684-b7d0-8da3ade1d3fe', '45aab805-650a-4684-b7d0-8da3ade1d3fe', '1b2aab9b-3f2b-4c08-9c16-8878c99545d5', 'c14e97d6-e173-4f1a-a703-3049dd41b9fa', 'd54de5db-f94e-46b7-81d2-944a2aaf6e4e', 'cdd7b848-0eb2-4827-9370-475b8a8ed6bc', '69135a4c-b2a2-47f7-aa77-e87e2799ac7e', '92709152-f10b-45fb-9d2f-7fa34778b119', '7f94e7ce-7d81-48c5-beec-97889caa4506']"
caac2471-86d5-4fae-8b25-8005b0871b2a,9,"['784edd7c-8cf6-47c0-8802-887493c6e67f', '784edd7c-8cf6-47c0-8802-887493c6e67f', '784edd7c-8cf6-47c0-8802-887493c6e67f', '784edd7c-8cf6-47c0-8802-887493c6e67f', '784edd7c-8cf6-47c0-8802-887493c6e67f', '784edd7c-8cf6-47c0-8802-887493c6e67f', '784edd7c-8cf6-47c0-8802-887493c6e67f', '784edd7c-8cf6-47c0-8802-887493c6e67f', '784edd7c-8cf6-47c0-8802-887493c6e67f', '784edd7c-8cf6-47c0-8802-887493c6e67f', '784edd7c-8cf6-47c0-8802-887493c6e67f', '784edd7c-8cf6-47c0-8802-887493c6e67f', '784edd7c-8cf6-47c0-8802-887493c6e67f', '784edd7c-8cf6-47c0-8802-887493c6e67f', '784edd7c-8cf6-47c0-8802-887493c6e67f', '784edd7c-8cf6-47c0-8802-887493c6e67f', '784edd7c-8cf6-47c0-8802-887493c6e67f', '784edd7c-8cf6-47c0-8802-887493c6e67f', '784edd7c-8cf6-47c0-8802-887493c6e67f', '784edd7c-8cf6-47c0-8802-887493c6e67f', '784edd7c-8cf6-47c0-8802-887493c6e67f', '784edd7c-8cf6-47c0-8802-887493c6e67f', '784edd7c-8cf6-47c0-8802-887493c6e67f', '784edd7c-8cf6-47c0-8802-887493c6e67f', '784edd7c-8cf6-47c0-8802-887493c6e67f', '784edd7c-8cf6-47c0-8802-887493c6e67f', '784edd7c-8cf6-47c0-8802-887493c6e67f', '784edd7c-8cf6-47c0-8802-887493c6e67f', '784edd7c-8cf6-47c0-8802-887493c6e67f', '784edd7c-8cf6-47c0-8802-887493c6e67f', '6ebacefb-7fec-404e-b993-5277082e6d9a', 'a5a08788-5647-4461-9075-ffcae8a5579a', 'a58dcaf8-9037-4fb7-808c-350af9d8e83d', '71d2bd35-d3ee-4134-8502-2429d7744691', 'ab066039-8d24-4167-a8a1-3997ea421656', '43380992-ed4d-49d8-86f6-007e88b78ce7', '87361574-25ac-4d8f-bd57-a14f4af23586', 'a6be9062-06e3-4540-a1c4-d5383a0a9d14', '3b446707-d8ff-4d2b-a932-445d59c5f8d9', 'eb3b5223-3b2a-4794-b0ce-a526f577bfe0', '7f633050-bc05-46f5-ae97-09eabfb42400', '7d8747aa-e44e-40b3-9660-0666a762a2cf', 'c13ba507-a32a-46da-8d3f-71f52cf0de39', '9089479e-132f-4311-80c6-75358628ca44', 'ee9c7046-31d5-4c23-aeaf-bb5d5ac0843d', '93286d79-6d4f-4e8a-9d91-14cbfde3b27e', '321b5aeb-c251-4296-a06e-fd2cb4800e5b', '69fa1e2e-b8c5-4933-9635-4ce09b98a0cf', 'f57a2e42-40a2-4037-82c0-b949dcadc862', '9aba3e56-9296-40e7-947f-fbf883ed67d3']"
e8670b60-a31e-4ae7-9c14-537980c5db6f,12,"['45aab805-650a-4684-b7d0-8da3ade1d3fe', '45aab805-650a-4684-b7d0-8da3ade1d3fe', '45aab805-650a-4684-b7d0-8da3ade1d3fe', '45aab805-650a-4684-b7d0-8da3ade1d3fe', '45aab805-650a-4684-b7d0-8da3ade1d3fe', '45aab805-650a-4684-b7d0-8da3ade1d3fe', '45aab805-650a-4684-b7d0-8da3ade1d3fe', '45aab805-650a-4684-b7d0-8da3ade1d3fe', '45aab805-650a-4684-b7d0-8da3ade1d3fe', '45aab805-650a-4684-b7d0-8da3ade1d3fe', '45aab805-650a-4684-b7d0-8da3ade1d3fe', '45aab805-650a-4684-b7d0-8da3ade1d3fe', '45aab805-650a-4684-b7d0-8da3ade1d3fe', '45aab805-650a-4684-b7d0-8da3ade1d3fe', '45aab805-650a-4684-b7d0-8da3ade1d3fe', '45aab805-650a-4684-b7d0-8da3ade1d3fe', '45aab805-650a-4684-b7d0-8da3ade1d3fe', '45aab805-650a-4684-b7d0-8da3ade1d3fe', '45aab805-650a-4684-b7d0-8da3ade1d3fe', '45aab805-650a-4684-b7d0-8da3ade1d3fe', '45aab805-650a-4684-b7d0-8da3ade1d3fe', '45aab805-650a-4684-b7d0-8da3ade1d3fe', '45aab805-650a-4684-b7d0-8da3ade1d3fe', '45aab805-650a-4684-b7d0-8da3ade1d3fe', '45aab805-650a-4684-b7d0-8da3ade1d3fe', '45aab805-650a-4684-b7d0-8da3ade1d3fe', '45aab805-650a-4684-b7d0-8da3ade1d3fe', '45aab805-650a-4684-b7d0-8da3ade1d3fe', '45aab805-650a-4684-b7d0-8da3ade1d3fe', '45aab805-650a-4684-b7d0-8da3ade1d3fe', '45aab805-650a-4684-b7d0-8da3ade1d3fe', '45aab805-650a-4684-b7d0-8da3ade1d3fe', '45aab805-650a-4684-b7d0-8da3ade1d3fe', '45aab805-650a-4684-b7d0-8da3ade1d3fe', '45aab805-650a-4684-b7d0-8da3ade1d3fe', '1b2aab9b-3f2b-4c08-9c16-8878c99545d5', 'd54de5db-f94e-46b7-81d2-944a2aaf6e4e', 'cdd7b848-0eb2-4827-9370-475b8a8ed6bc', '69135a4c-b2a2-47f7-aa77-e87e2799ac7e', '92709152-f10b-45fb-9d2f-7fa34778b119', '7f94e7ce-7d81-48c5-beec-97889caa4506', '622ad98f-54f7-4359-a7d4-d4bfb2dff477', 'b3307c22-1fd8-4089-b910-38ae1764c202', '6400ea26-881f-4c49-afa7-192761ef7f07', 'ba89c556-a935-44bc-9257-c23b8cb5ab46', 'ba6088dc-909b-4b4f-82aa-f15c7e92a048', 'b92c6324-6c2e-49ad-abeb-5254c82dc837', 'c411c82a-b229-4532-914f-f1b2f1f43656', '49bc0baa-588b-4332-b2a8-46aba82067dd', 'b2fcda95-c22e-4d06-b730-a6e9b534acfc']"
aca4dce2-4c77-45fd-b87f-9509f6dac20f,2,"['7d55a869-b13f-409d-9367-7d9a36df6d8d', '7d55a869-b13f-409d-9367-7d9a36df6d8d', '7d55a869-b13f-409d-9367-7d9a36df6d8d', '7d55a869-b13f-409d-9367-7d9a36df6d8d', '7d55a869-b13f-409d-9367-7d9a36df6d8d', '7d55a869-b13f-409d-9367-7d9a36df6d8d', '7d55a869-b13f-409d-9367-7d9a36df6d8d', '7d55a869-b13f-409d-9367-7d9a36df6d8d', '7d55a869-b13f-409d-9367-7d9a36df6d8d', '7d55a869-b13f-409d-9367-7d9a36df6d8d', '7d55a869-b13f-409d-9367-7d9a36df6d8d', '7d55a869-b13f-409d-9367-7d9a36df6d8d', '7d55a869-b13f-409d-9367-7d9a36df6d8d', '7d55a869-b13f-409d-9367-7d9a36df6d8d', '7d55a869-b13f-409d-9367-7d9a36df6d8d', '7d55a869-b13f-409d-9367-7d9a36df6d8d', '7d55a869-b13f-409d-9367-7d9a36df6d8d', '7d55a869-b13f-409d-9367-7d9a36df6d8d', '7d55a869-b13f-409d-9367-7d9a36df6d8d', '7d55a869-b13f-409d-9367-7d9a36df6d8d', '7d55a869-b13f-409d-9367-7d9a36df6d8d', '7d55a869-b13f-409d-9367-7d9a36df6d8d', '7d55a869-b13f-409d-9367-7d9a36df6d8d', '7d55a869-b13f-409d-9367-7d9a36df6d8d', '7d55a869-b13f-409d-9367-7d9a36df6d8d', '7d55a869-b13f-409d-9367-7d9a36df6d8d', '7d55a869-b13f-409d-9367-7d9a36df6d8d', '7d55a869-b13f-409d-9367-7d9a36df6d8d', '7d55a869-b13f-409d-9367-7d9a36df6d8d', '7d55a869-b13f-409d-9367-7d9a36df6d8d', '7d55a869-b13f-409d-9367-7d9a36df6d8d', '7d55a869-b13f-409d-9367-7d9a36df6d8d', '7d55a869-b13f-409d-9367-7d9a36df6d8d', '7d55a869-b13f-409d-9367-7d9a36df6d8d', '7d55a869-b13f-409d-9367-7d9a36df6d8d', 'b0c64214-ac56-4447-a18a-0e6a920b8de4', '9f71cd49-e663-477f-94ad-d3ed81251155', '1ae392cb-52a9-463d-b7f7-c397dad45e33', '30b12fd1-3fe6-44c8-b4de-d4c03a328b31', '47571367-3ca8-4d69-97d1-16319a03c387', '05483957-75fd-4683-a92d-dcb3c3a92917', 'f396a434-e773-4458-80d9-349563c32edb', 'ecc2cc9d-3be8-4635-8791-ca1d5da02b56', '419c87df-4e9f-4cb3-bbf2-af5201da2a26', 'fb5b1f26-909c-4b89-a925-10b71f0b9ab8', '0c37cea8-e816-40b5-9c6c-1cc8049d260b', 'a1214e9c-2ec9-461d-a20a-77ecd75116a4', '17cfd2c4-ace6-43f8-b803-d14357f0142f', 'a5cdec59-4fae-4aa4-a059-9d906cace06d', 'af8705d2-d621-4e96-97bf-79ca3f9bddbb']"
caac2471-86d5-4fae-8b25-8005b0871b2a,10,"['784edd7c-8cf6-47c0-8802-887493c6e67f', '784edd7c-8cf6-47c0-8802-887493c6e67f', '784edd7c-8cf6-47c0-8802-887493c6e67f', '784edd7c-8cf6-47c0-8802-887493c6e67f', '784edd7c-8cf6-47c0-8802-887493c6e67f', '784edd7c-8cf6-47c0-8802-887493c6e67f', '784edd7c-8cf6-47c0-8802-887493c6e67f', '784edd7c-8cf6-47c0-8802-887493c6e67f', '784edd7c-8cf6-47c0-8802-887493c6e67f', '784edd7c-8cf6-47c0-8802-887493c6e67f', '784edd7c-8cf6-47c0-8802-887493c6e67f', '784edd7c-8cf6-47c0-8802-887493c6e67f', '784edd7c-8cf6-47c0-8802-887493c6e67f', '784edd7c-8cf6-47c0-8802-887493c6e67f', '784edd7c-8cf6-47c0-8802-887493c6e67f', '784edd7c-8cf6-47c0-8802-887493c6e67f', '784edd7c-8cf6-47c0-8802-887493c6e67f', '784edd7c-8cf6-47c0-8802-887493c6e67f', '784edd7c-8cf6-47c0-8802-887493c6e67f', '784edd7c-8cf6-47c0-8802-887493c6e67f', '784edd7c-8cf6-47c0-8802-887493c6e67f', '784edd7c-8cf6-47c0-8802-887493c6e67f', '784edd7c-8cf6-47c0-8802-887493c6e67f', '784edd7c-8cf6-47c0-8802-887493c6e67f', '6ebacefb-7fec-404e-b993-5277082e6d9a', 'a5a08788-5647-4461-9075-ffcae8a5579a', 'a58dcaf8-9037-4fb7-808c-350af9d8e83d', '71d2bd35-d3ee-4134-8502-2429d7744691', 'ab066039-8d24-4167-a8a1-3997ea421656', '43380992-ed4d-49d8-86f6-007e88b78ce7', '87361574-25ac-4d8f-bd57-a14f4af23586', 'a6be9062-06e3-4540-a1c4-d5383a0a9d14', '3b446707-d8ff-4d2b-a932-445d59c5f8d9', 'eb3b5223-3b2a-4794-b0ce-a526f577bfe0', '7f633050-bc05-46f5-ae97-09eabfb42400', 'c13ba507-a32a-46da-8d3f-71f52cf0de39', '9089479e-132f-4311-80c6-75358628ca44', 'ee9c7046-31d5-4c23-aeaf-bb5d5ac0843d', '321b5aeb-c251-4296-a06e-fd2cb4800e5b', '9aba3e56-9296-40e7-947f-fbf883ed67d3', '662a6f13-65f1-4276-a00e-8810307a54b6', 'a96b7b51-bd31-4aa9-8fe2-831eff27b3a4', '7b45bf5e-a5f9-4fb4-afc7-fc0a126945a8', '619873ec-0258-45e8-8ce5-b336e0517e48', '67b194bb-5aa9-4e70-98f7-283cc97c79cc', '914802c9-eddf-4080-bb87-c53d5acaa274', 'a42ee766-6f02-4ba2-8d24-edab15a1a6fa', 'cd4fdea1-d975-4174-b9f3-7d6ca074611d', '6fe9f147-e882-47cd-8150-c1fd29478393', '7fdf7993-c16e-4571-b3de-a77ab755113e']"
aca4dce2-4c77-45fd-b87f-9509f6dac20f,3,"['7d55a869-b13f-409d-9367-7d9a36df6d8d', '7d55a869-b13f-409d-9367-7d9a36df6d8d', '7d55a869-b13f-409d-9367-7d9a36df6d8d', '7d55a869-b13f-409d-9367-7d9a36df6d8d', '7d55a869-b13f-409d-9367-7d9a36df6d8d', '7d55a869-b13f-409d-9367-7d9a36df6d8d', '7d55a869-b13f-409d-9367-7d9a36df6d8d', '7d55a869-b13f-409d-9367-7d9a36df6d8d', '7d55a869-b13f-409d-9367-7d9a36df6d8d', '7d55a869-b13f-409d-9367-7d9a36df6d8d', '7d55a869-b13f-409d-9367-7d9a36df6d8d', '7d55a869-b13f-409d-9367-7d9a36df6d8d', '7d55a869-b13f-409d-9367-7d9a36df6d8d', '7d55a869-b13f-409d-9367-7d9a36df6d8d', '7d55a869-b13f-409d-9367-7d9a36df6d8d', '7d55a869-b13f-409d-9367-7d9a36df6d8d', '7d55a869-b13f-409d-9367-7d9a36df6d8d', '7d55a869-b13f-409d-9367-7d9a36df6d8d', '7d55a869-b13f-409d-9367-7d9a36df6d8d', '7d55a869-b13f-409d-9367-7d9a36df6d8d', '7d55a869-b13f-409d-9367-7d9a36df6d8d', '7d55a869-b13f-409d-9367-7d9a36df6d8d', '7d55a869-b13f-409d-9367-7d9a36df6d8d', '7d55a869-b13f-409d-9367-7d9a36df6d8d', '7d55a869-b13f-409d-9367-7d9a36df6d8d', '7d55a869-b13f-409d-9367-7d9a36df6d8d', '7d55a869-b13f-409d-9367-7d9a36df6d8d', '7d55a869-b13f-409d-9367-7d9a36df6d8d', '7d55a869-b13f-409d-9367-7d9a36df6d8d', '7d55a869-b13f-409d-9367-7d9a36df6d8d', '9f71cd49-e663-477f-94ad-d3ed81251155', '1ae392cb-52a9-463d-b7f7-c397dad45e33', '30b12fd1-3fe6-44c8-b4de-d4c03a328b31', '47571367-3ca8-4d69-97d1-16319a03c387', '05483957-75fd-4683-a92d-dcb3c3a92917', 'f396a434-e773-4458-80d9-349563c32edb', '419c87df-4e9f-4cb3-bbf2-af5201da2a26', 'fb5b1f26-909c-4b89-a925-10b71f0b9ab8', '0c37cea8-e816-40b5-9c6c-1cc8049d260b', 'a1214e9c-2ec9-461d-a20a-77ecd75116a4', '17cfd2c4-ace6-43f8-b803-d14357f0142f', 'a5cdec59-4fae-4aa4-a059-9d906cace06d', 'af8705d2-d621-4e96-97bf-79ca3f9bddbb', '1a741a81-7521-44a1-9a93-08ac42c07357', 'ce460088-bc09-4281-89ab-cc57b94052de', '0bf07fc4-d58a-475a-9033-d776dfc22cf9', 'a2f60e12-3889-4135-8700-41cf5b0620ef', '7e8f46cb-da62-48eb-ac1f-f7b057380a6c', '4a5b0614-a91e-4725-9f28-2da7798defcf', '3d30de0d-450e-4823-98af-96cc46e870e4']"
e8670b60-a31e-4ae7-9c14-537980c5db6f,13,"['45aab805-650a-4684-b7d0-8da3ade1d3fe', '45aab805-650a-4684-b7d0-8da3ade1d3fe', '45aab805-650a-4684-b7d0-8da3ade1d3fe', '45aab805-650a-4684-b7d0-8da3ade1d3fe', '45aab805-650a-4684-b7d0-8da3ade1d3fe', '45aab805-650a-4684-b7d0-8da3ade1d3fe', '45aab805-650a-4684-b7d0-8da3ade1d3fe', '45aab805-650a-4684-b7d0-8da3ade1d3fe', '45aab805-650a-4684-b7d0-8da3ade1d3fe', '45aab805-650a-4684-b7d0-8da3ade1d3fe', '45aab805-650a-4684-b7d0-8da3ade1d3fe', '45aab805-650a-4684-b7d0-8da3ade1d3fe', '45aab805-650a-4684-b7d0-8da3ade1d3fe', '45aab805-650a-4684-b7d0-8da3ade1d3fe', '45aab805-650a-4684-b7d0-8da3ade1d3fe', '45aab805-650a-4684-b7d0-8da3ade1d3fe', '45aab805-650a-4684-b7d0-8da3ade1d3fe', '45aab805-650a-4684-b7d0-8da3ade1d3fe', '45aab805-650a-4684-b7d0-8da3ade1d3fe', '45aab805-650a-4684-b7d0-8da3ade1d3fe', '45aab805-650a-4684-b7d0-8da3ade1d3fe', '45aab805-650a-4684-b7d0-8da3ade1d3fe', '45aab805-650a-4684-b7d0-8da3ade1d3fe', '45aab805-650a-4684-b7d0-8da3ade1d3fe', '45aab805-650a-4684-b7d0-8da3ade1d3fe', '45aab805-650a-4684-b7d0-8da3ade1d3fe', '45aab805-650a-4684-b7d0-8da3ade1d3fe', '1b2aab9b-3f2b-4c08-9c16-8878c99545d5', 'cdd7b848-0eb2-4827-9370-475b8a8ed6bc', '69135a4c-b2a2-47f7-aa77-e87e2799ac7e', '92709152-f10b-45fb-9d2f-7fa34778b119', '7f94e7ce-7d81-48c5-beec-97889caa4506', '622ad98f-54f7-4359-a7d4-d4bfb2dff477', '6400ea26-881f-4c49-afa7-192761ef7f07', 'ba89c556-a935-44bc-9257-c23b8cb5ab46', 'ba6088dc-909b-4b4f-82aa-f15c7e92a048', 'c411c82a-b229-4532-914f-f1b2f1f43656', 'b2fcda95-c22e-4d06-b730-a6e9b534acfc', '5c7b2bc3-0f27-4160-bfe1-f4b799a3802d', '76d0ea7b-bd39-4386-83b5-b72dd522c9a1', 'a07fc5ad-3c8d-46f8-bd29-357804eabf55', '63c84720-9ec5-4d2a-9b78-220f2ecb0f1e', 'ce8b7114-19fb-4567-8780-e093423db455', '80082885-93a4-42d1-a635-6039386805de', '9f31aa77-74a4-4ef9-bc73-746048d46d34', '7fc838fe-e672-4c2f-b70e-4da050cfabca', '3dea55f1-d084-4c6c-967e-b1fb0c4580cf', 'f85db9fb-038e-4f14-b8b2-d4b9b5742296', '9c83e533-bcd5-4608-9445-c87aeeff5ac0', '3b14214f-b85b-4cf6-89c7-c04dbf291ea3']"
caac2471-86d5-4fae-8b25-8005b0871b2a,11,"['784edd7c-8cf6-47c0-8802-887493c6e67f', '784edd7c-8cf6-47c0-8802-887493c6e67f', '784edd7c-8cf6-47c0-8802-887493c6e67f', '784edd7c-8cf6-47c0-8802-887493c6e67f', '784edd7c-8cf6-47c0-8802-887493c6e67f', '784edd7c-8cf6-47c0-8802-887493c6e67f', '784edd7c-8cf6-47c0-8802-887493c6e67f', '784edd7c-8cf6-47c0-8802-887493c6e67f', '784edd7c-8cf6-47c0-8802-887493c6e67f', '784edd7c-8cf6-47c0-8802-887493c6e67f', '784edd7c-8cf6-47c0-8802-887493c6e67f', '784edd7c-8cf6-47c0-8802-887493c6e67f', '784edd7c-8cf6-47c0-8802-887493c6e67f', '784edd7c-8cf6-47c0-8802-887493c6e67f', '784edd7c-8cf6-47c0-8802-887493c6e67f', '784edd7c-8cf6-47c0-8802-887493c6e67f', '784edd7c-8cf6-47c0-8802-887493c6e67f', '784edd7c-8cf6-47c0-8802-887493c6e67f', '784edd7c-8cf6-47c0-8802-887493c6e67f', '784edd7c-8cf6-47c0-8802-887493c6e67f', '784edd7c-8cf6-47c0-8802-887493c6e67f', '784edd7c-8cf6-47c0-8802-887493c6e67f', '784edd7c-8cf6-47c0-8802-887493c6e67f', '784edd7c-8cf6-47c0-8802-887493c6e67f', '784edd7c-8cf6-47c0-8802-887493c6e67f', '784edd7c-8cf6-47c0-8802-887493c6e67f', '784edd7c-8cf6-47c0-8802-887493c6e67f', '784edd7c-8cf6-47c0-8802-887493c6e67f', '784edd7c-8cf6-47c0-8802-887493c6e67f', '784edd7c-8cf6-47c0-8802-887493c6e67f', '784edd7c-8cf6-47c0-8802-887493c6e67f', '784edd7c-8cf6-47c0-8802-887493c6e67f', '784edd7c-8cf6-47c0-8802-887493c6e67f', '784edd7c-8cf6-47c0-8802-887493c6e67f', '784edd7c-8cf6-47c0-8802-887493c6e67f', '784edd7c-8cf6-47c0-8802-887493c6e67f', 'c13ba507-a32a-46da-8d3f-71f52cf0de39', 'c13ba507-a32a-46da-8d3f-71f52cf0de39', 'c13ba507-a32a-46da-8d3f-71f52cf0de39', '495f6c7a-1af9-4cbd-a0ec-d44c704d5260', '2e35e2e2-58d5-4fa5-92ab-60e6a9341b1f', 'e10df02c-9801-4d4d-b2d7-a4b74b41681f', '65f1b75a-7901-49f1-aa7c-0200e106bcac', 'f2890085-d508-4abf-bba9-3775188ae2dc', '4064128c-4291-4c40-8fab-8867d9831697', '912bf078-b48f-4f9c-b6e8-ef5eb053ab24', '1e2d3f7d-ce3f-4124-ace8-04701e7f5010', 'f549faeb-b49d-4244-b409-1e3315edd8b0', '58357e09-a8d5-4ef5-8bf7-4974741e9282', 'ff3695f5-8279-42a2-a9d1-0bc11e9cd782']"
e8670b60-a31e-4ae7-9c14-537980c5db6f,14,"['45aab805-650a-4684-b7d0-8da3ade1d3fe', '45aab805-650a-4684-b7d0-8da3ade1d3fe', '45aab805-650a-4684-b7d0-8da3ade1d3fe', '45aab805-650a-4684-b7d0-8da3ade1d3fe', '45aab805-650a-4684-b7d0-8da3ade1d3fe', '45aab805-650a-4684-b7d0-8da3ade1d3fe', '45aab805-650a-4684-b7d0-8da3ade1d3fe', '45aab805-650a-4684-b7d0-8da3ade1d3fe', '45aab805-650a-4684-b7d0-8da3ade1d3fe', '45aab805-650a-4684-b7d0-8da3ade1d3fe', '45aab805-650a-4684-b7d0-8da3ade1d3fe', '45aab805-650a-4684-b7d0-8da3ade1d3fe', '45aab805-650a-4684-b7d0-8da3ade1d3fe', '45aab805-650a-4684-b7d0-8da3ade1d3fe', '45aab805-650a-4684-b7d0-8da3ade1d3fe', '45aab805-650a-4684-b7d0-8da3ade1d3fe', '45aab805-650a-4684-b7d0-8da3ade1d3fe', '45aab805-650a-4684-b7d0-8da3ade1d3fe', '45aab805-650a-4684-b7d0-8da3ade1d3fe', '45aab805-650a-4684-b7d0-8da3ade1d3fe', '45aab805-650a-4684-b7d0-8da3ade1d3fe', '45aab805-650a-4684-b7d0-8da3ade1d3fe', '45aab805-650a-4684-b7d0-8da3ade1d3fe', '45aab805-650a-4684-b7d0-8da3ade1d3fe', '1b2aab9b-3f2b-4c08-9c16-8878c99545d5', 'cdd7b848-0eb2-4827-9370-475b8a8ed6bc', '69135a4c-b2a2-47f7-aa77-e87e2799ac7e', '92709152-f10b-45fb-9d2f-7fa34778b119', '622ad98f-54f7-4359-a7d4-d4bfb2dff477', '6400ea26-881f-4c49-afa7-192761ef7f07', 'ba89c556-a935-44bc-9257-c23b8cb5ab46', 'ba6088dc-909b-4b4f-82aa-f15c7e92a048', 'c411c82a-b229-4532-914f-f1b2f1f43656', 'b2fcda95-c22e-4d06-b730-a6e9b534acfc', '76d0ea7b-bd39-4386-83b5-b72dd522c9a1', 'a07fc5ad-3c8d-46f8-bd29-357804eabf55', 'ce8b7114-19fb-4567-8780-e093423db455', '80082885-93a4-42d1-a635-6039386805de', '3dea55f1-d084-4c6c-967e-b1fb0c4580cf', 'f85db9fb-038e-4f14-b8b2-d4b9b5742296', '9c83e533-bcd5-4608-9445-c87aeeff5ac0', '3b14214f-b85b-4cf6-89c7-c04dbf291ea3', '03f562ee-bd83-4d94-bc7c-43f30badcc2e', '579968d8-9d97-4b5f-b03c-aa4ec20e3e96', '39fc1f0d-78bb-438c-bb50-385648bee35e', 'fc9fbe9c-8350-4ecb-a0a2-bdbe2e0cdb45', 'e1b1a4b4-64f5-4239-833e-3534e6386942', '07c519b6-c648-4cd7-bdcf-8f37908aa04b', '0d53bc6e-6f26-4243-9389-a63cfdef7c2e', '7ff84f1d-a3bf-4406-9638-cc8da4079a22']"
aca4dce2-4c77-45fd-b87f-9509f6dac20f,4,"['1a741a81-7521-44a1-9a93-08ac42c07357', '1a741a81-7521-44a1-9a93-08ac42c07357', '1a741a81-7521-44a1-9a93-08ac42c07357', '1a741a81-7521-44a1-9a93-08ac42c07357', '1a741a81-7521-44a1-9a93-08ac42c07357', '1a741a81-7521-44a1-9a93-08ac42c07357', '1a741a81-7521-44a1-9a93-08ac42c07357', '1a741a81-7521-44a1-9a93-08ac42c07357', '1a741a81-7521-44a1-9a93-08ac42c07357', '1a741a81-7521-44a1-9a93-08ac42c07357', '1a741a81-7521-44a1-9a93-08ac42c07357', '1a741a81-7521-44a1-9a93-08ac42c07357', '1a741a81-7521-44a1-9a93-08ac42c07357', '1a741a81-7521-44a1-9a93-08ac42c07357', '1a741a81-7521-44a1-9a93-08ac42c07357', '1a741a81-7521-44a1-9a93-08ac42c07357', '1a741a81-7521-44a1-9a93-08ac42c07357', '1a741a81-7521-44a1-9a93-08ac42c07357', '1a741a81-7521-44a1-9a93-08ac42c07357', '1a741a81-7521-44a1-9a93-08ac42c07357', '1a741a81-7521-44a1-9a93-08ac42c07357', '1a741a81-7521-44a1-9a93-08ac42c07357', '1a741a81-7521-44a1-9a93-08ac42c07357', '1a741a81-7521-44a1-9a93-08ac42c07357', '1a741a81-7521-44a1-9a93-08ac42c07357', '1a741a81-7521-44a1-9a93-08ac42c07357', '1a741a81-7521-44a1-9a93-08ac42c07357', '1a741a81-7521-44a1-9a93-08ac42c07357', '1a741a81-7521-44a1-9a93-08ac42c07357', '1a741a81-7521-44a1-9a93-08ac42c07357', '1a741a81-7521-44a1-9a93-08ac42c07357', '1a741a81-7521-44a1-9a93-08ac42c07357', '1a741a81-7521-44a1-9a93-08ac42c07357', '1a741a81-7521-44a1-9a93-08ac42c07357', '1a741a81-7521-44a1-9a93-08ac42c07357', '1a741a81-7521-44a1-9a93-08ac42c07357', '4a5b0614-a91e-4725-9f28-2da7798defcf', '77bbaf2e-d455-483e-ad16-9c42e5006fbc', '075cc79f-b0d5-4d99-ba81-fba5bff8206b', '96e75b6b-23e6-4d61-8f17-8ed95c553756', '90c7d5c8-e363-42f5-8f32-790a5e0041b0', '4d44b5c1-2963-4ed2-a2fd-b7fe4d35de5c', 'a1da4a38-595e-4e88-8b91-d72f31ca3c8f', 'e2e6883c-42e4-42a0-b454-725f01bdf199', '1fa32d82-a313-4735-bd00-f17fe4c21a2c', 'bc7125fd-1cbd-44b3-a79c-2d14f98e5b1a', 'd133c168-07dc-4773-b05a-2a11cbc7033d', '8d84ee8a-232c-4d89-89eb-d97c86ee6897', '755268da-91b8-4d7e-8dad-882d1abbd9e4', '0a7bdec0-fcce-4719-8e9a-239d3e0bbfe6']"
caac2471-86d5-4fae-8b25-8005b0871b2a,12,"['784edd7c-8cf6-47c0-8802-887493c6e67f', '784edd7c-8cf6-47c0-8802-887493c6e67f', '784edd7c-8cf6-47c0-8802-887493c6e67f', '784edd7c-8cf6-47c0-8802-887493c6e67f', '784edd7c-8cf6-47c0-8802-887493c6e67f', '784edd7c-8cf6-47c0-8802-887493c6e67f', '784edd7c-8cf6-47c0-8802-887493c6e67f', '784edd7c-8cf6-47c0-8802-887493c6e67f', '784edd7c-8cf6-47c0-8802-887493c6e67f', '784edd7c-8cf6-47c0-8802-887493c6e67f', '784edd7c-8cf6-47c0-8802-887493c6e67f', '784edd7c-8cf6-47c0-8802-887493c6e67f', '784edd7c-8cf6-47c0-8802-887493c6e67f', '784edd7c-8cf6-47c0-8802-887493c6e67f', '784edd7c-8cf6-47c0-8802-887493c6e67f', '784edd7c-8cf6-47c0-8802-887493c6e67f', '784edd7c-8cf6-47c0-8802-887493c6e67f', '784edd7c-8cf6-47c0-8802-887493c6e67f', '784edd7c-8cf6-47c0-8802-887493c6e67f', '784edd7c-8cf6-47c0-8802-887493c6e67f', '784edd7c-8cf6-47c0-8802-887493c6e67f', '784edd7c-8cf6-47c0-8802-887493c6e67f', '784edd7c-8cf6-47c0-8802-887493c6e67f', '784edd7c-8cf6-47c0-8802-887493c6e67f', '784edd7c-8cf6-47c0-8802-887493c6e67f', '784edd7c-8cf6-47c0-8802-887493c6e67f', '784edd7c-8cf6-47c0-8802-887493c6e67f', '784edd7c-8cf6-47c0-8802-887493c6e67f', '784edd7c-8cf6-47c0-8802-887493c6e67f', '784edd7c-8cf6-47c0-8802-887493c6e67f', '784edd7c-8cf6-47c0-8802-887493c6e67f', '784edd7c-8cf6-47c0-8802-887493c6e67f', 'c13ba507-a32a-46da-8d3f-71f52cf0de39', 'c13ba507-a32a-46da-8d3f-71f52cf0de39', '495f6c7a-1af9-4cbd-a0ec-d44c704d5260', '65f1b75a-7901-49f1-aa7c-0200e106bcac', 'f2890085-d508-4abf-bba9-3775188ae2dc', '4064128c-4291-4c40-8fab-8867d9831697', '912bf078-b48f-4f9c-b6e8-ef5eb053ab24', '1e2d3f7d-ce3f-4124-ace8-04701e7f5010', 'f549faeb-b49d-4244-b409-1e3315edd8b0', '58357e09-a8d5-4ef5-8bf7-4974741e9282', 'd4532bda-d457-415d-9b9a-f3c1562598e3', 'e75c9881-0f1c-4af8-b4c9-93751642a13f', '628884f0-afab-4d5b-9d25-81a294ce4286', '4de5a174-8d3f-44c7-8d77-698ad40984a6', '982e5eb1-754a-43e2-a11c-2c3a546737a2', '73ebb99f-76cb-408d-8a10-c3e43a31ec72', 'd590a5fd-fcb2-49f0-bb15-75cef103f1dd', '7bfe5fb5-ef81-43a2-bd67-50fd54673e8f']"
e8670b60-a31e-4ae7-9c14-537980c5db6f,15,"['45aab805-650a-4684-b7d0-8da3ade1d3fe', '45aab805-650a-4684-b7d0-8da3ade1d3fe', '45aab805-650a-4684-b7d0-8da3ade1d3fe', '45aab805-650a-4684-b7d0-8da3ade1d3fe', '45aab805-650a-4684-b7d0-8da3ade1d3fe', '45aab805-650a-4684-b7d0-8da3ade1d3fe', '45aab805-650a-4684-b7d0-8da3ade1d3fe', '45aab805-650a-4684-b7d0-8da3ade1d3fe', '45aab805-650a-4684-b7d0-8da3ade1d3fe', '45aab805-650a-4684-b7d0-8da3ade1d3fe', '45aab805-650a-4684-b7d0-8da3ade1d3fe', '45aab805-650a-4684-b7d0-8da3ade1d3fe', '45aab805-650a-4684-b7d0-8da3ade1d3fe', '45aab805-650a-4684-b7d0-8da3ade1d3fe', '45aab805-650a-4684-b7d0-8da3ade1d3fe', '45aab805-650a-4684-b7d0-8da3ade1d3fe', '45aab805-650a-4684-b7d0-8da3ade1d3fe', '45aab805-650a-4684-b7d0-8da3ade1d3fe', '45aab805-650a-4684-b7d0-8da3ade1d3fe', '45aab805-650a-4684-b7d0-8da3ade1d3fe', '45aab805-650a-4684-b7d0-8da3ade1d3fe', '45aab805-650a-4684-b7d0-8da3ade1d3fe', '45aab805-650a-4684-b7d0-8da3ade1d3fe', '45aab805-650a-4684-b7d0-8da3ade1d3fe', '45aab805-650a-4684-b7d0-8da3ade1d3fe', '45aab805-650a-4684-b7d0-8da3ade1d3fe', '45aab805-650a-4684-b7d0-8da3ade1d3fe', '45aab805-650a-4684-b7d0-8da3ade1d3fe', '45aab805-650a-4684-b7d0-8da3ade1d3fe', '45aab805-650a-4684-b7d0-8da3ade1d3fe', '45aab805-650a-4684-b7d0-8da3ade1d3fe', '45aab805-650a-4684-b7d0-8da3ade1d3fe', '45aab805-650a-4684-b7d0-8da3ade1d3fe', '45aab805-650a-4684-b7d0-8da3ade1d3fe', '45aab805-650a-4684-b7d0-8da3ade1d3fe', '45aab805-650a-4684-b7d0-8da3ade1d3fe', '45aab805-650a-4684-b7d0-8da3ade1d3fe', '45aab805-650a-4684-b7d0-8da3ade1d3fe', '45aab805-650a-4684-b7d0-8da3ade1d3fe', '45aab805-650a-4684-b7d0-8da3ade1d3fe', '45aab805-650a-4684-b7d0-8da3ade1d3fe', '45aab805-650a-4684-b7d0-8da3ade1d3fe', '45aab805-650a-4684-b7d0-8da3ade1d3fe', '2130a0ff-4c0d-4ba5-85ef-6e89ea9d1b2c', '6e4c934a-aecb-4e64-b92c-fd53ed532932', 'd290b454-ba25-4c44-92e8-f9f7f7bb4182', '4334bc34-5033-40dd-92a1-46dd3ac3707f', '1c1d5ae4-23e7-40e3-ade2-e087c4a4eae7', '6f817ab9-d619-45b0-81fa-979a1a331a35', 'd780dacd-c3ea-41ba-988e-246bab1930e7']"
aca4dce2-4c77-45fd-b87f-9509f6dac20f,5,"['1a741a81-7521-44a1-9a93-08ac42c07357', '90c7d5c8-e363-42f5-8f32-790a5e0041b0', '90c7d5c8-e363-42f5-8f32-790a5e0041b0', '90c7d5c8-e363-42f5-8f32-790a5e0041b0', '90c7d5c8-e363-42f5-8f32-790a5e0041b0', '90c7d5c8-e363-42f5-8f32-790a5e0041b0', '90c7d5c8-e363-42f5-8f32-790a5e0041b0', '90c7d5c8-e363-42f5-8f32-790a5e0041b0', '90c7d5c8-e363-42f5-8f32-790a5e0041b0', '90c7d5c8-e363-42f5-8f32-790a5e0041b0', '90c7d5c8-e363-42f5-8f32-790a5e0041b0', '90c7d5c8-e363-42f5-8f32-790a5e0041b0', '90c7d5c8-e363-42f5-8f32-790a5e0041b0', '90c7d5c8-e363-42f5-8f32-790a5e0041b0', '90c7d5c8-e363-42f5-8f32-790a5e0041b0', '90c7d5c8-e363-42f5-8f32-790a5e0041b0', '90c7d5c8-e363-42f5-8f32-790a5e0041b0', '90c7d5c8-e363-42f5-8f32-790a5e0041b0', '90c7d5c8-e363-42f5-8f32-790a5e0041b0', '90c7d5c8-e363-42f5-8f32-790a5e0041b0', '90c7d5c8-e363-42f5-8f32-790a5e0041b0', '90c7d5c8-e363-42f5-8f32-790a5e0041b0', '90c7d5c8-e363-42f5-8f32-790a5e0041b0', '90c7d5c8-e363-42f5-8f32-790a5e0041b0', '90c7d5c8-e363-42f5-8f32-790a5e0041b0', '90c7d5c8-e363-42f5-8f32-790a5e0041b0', '90c7d5c8-e363-42f5-8f32-790a5e0041b0', '90c7d5c8-e363-42f5-8f32-790a5e0041b0', '90c7d5c8-e363-42f5-8f32-790a5e0041b0', '90c7d5c8-e363-42f5-8f32-790a5e0041b0', '90c7d5c8-e363-42f5-8f32-790a5e0041b0', '90c7d5c8-e363-42f5-8f32-790a5e0041b0', '90c7d5c8-e363-42f5-8f32-790a5e0041b0', '90c7d5c8-e363-42f5-8f32-790a5e0041b0', '90c7d5c8-e363-42f5-8f32-790a5e0041b0', '90c7d5c8-e363-42f5-8f32-790a5e0041b0', '90c7d5c8-e363-42f5-8f32-790a5e0041b0', 'e2e6883c-42e4-42a0-b454-725f01bdf199', '755268da-91b8-4d7e-8dad-882d1abbd9e4', '755268da-91b8-4d7e-8dad-882d1abbd9e4', '31554da3-97fd-4cae-a859-416576272637', '50212358-8ed0-482a-9fa9-b0aa3d8af581', 'eb15de99-2611-4d40-8c50-d8e46d8bdf1b', '0159118b-243a-402a-b2c6-625f7e5600f4', 'd25b7933-0414-4d84-8e5c-bf6b98c55dcd', '428e68c9-3fb3-4265-8890-e84e9fe05a99', 'efd9325e-ae62-467f-9b19-ea01c8edced4', 'ef83db60-16d0-4529-96a7-20fa215f5f8a', '2bacda96-51e5-49da-af48-cab4f3206354', '79c6ca80-3209-45ef-8948-43a72c96f09f']"
caac2471-86d5-4fae-8b25-8005b0871b2a,13,"['784edd7c-8cf6-47c0-8802-887493c6e67f', '784edd7c-8cf6-47c0-8802-887493c6e67f', '784edd7c-8cf6-47c0-8802-887493c6e67f', '784edd7c-8cf6-47c0-8802-887493c6e67f', '784edd7c-8cf6-47c0-8802-887493c6e67f', '784edd7c-8cf6-47c0-8802-887493c6e67f', '784edd7c-8cf6-47c0-8802-887493c6e67f', '784edd7c-8cf6-47c0-8802-887493c6e67f', '784edd7c-8cf6-47c0-8802-887493c6e67f', '784edd7c-8cf6-47c0-8802-887493c6e67f', '784edd7c-8cf6-47c0-8802-887493c6e67f', '784edd7c-8cf6-47c0-8802-887493c6e67f', '784edd7c-8cf6-47c0-8802-887493c6e67f', '784edd7c-8cf6-47c0-8802-887493c6e67f', '784edd7c-8cf6-47c0-8802-887493c6e67f', '784edd7c-8cf6-47c0-8802-887493c6e67f', '784edd7c-8cf6-47c0-8802-887493c6e67f', '784edd7c-8cf6-47c0-8802-887493c6e67f', '784edd7c-8cf6-47c0-8802-887493c6e67f', '784edd7c-8cf6-47c0-8802-887493c6e67f', '784edd7c-8cf6-47c0-8802-887493c6e67f', '784edd7c-8cf6-47c0-8802-887493c6e67f', '784edd7c-8cf6-47c0-8802-887493c6e67f', '784edd7c-8cf6-47c0-8802-887493c6e67f', '784edd7c-8cf6-47c0-8802-887493c6e67f', '784edd7c-8cf6-47c0-8802-887493c6e67f', '784edd7c-8cf6-47c0-8802-887493c6e67f', '784edd7c-8cf6-47c0-8802-887493c6e67f', 'c13ba507-a32a-46da-8d3f-71f52cf0de39', '495f6c7a-1af9-4cbd-a0ec-d44c704d5260', '65f1b75a-7901-49f1-aa7c-0200e106bcac', 'f2890085-d508-4abf-bba9-3775188ae2dc', '912bf078-b48f-4f9c-b6e8-ef5eb053ab24', '1e2d3f7d-ce3f-4124-ace8-04701e7f5010', '58357e09-a8d5-4ef5-8bf7-4974741e9282', 'd4532bda-d457-415d-9b9a-f3c1562598e3', 'e75c9881-0f1c-4af8-b4c9-93751642a13f', '628884f0-afab-4d5b-9d25-81a294ce4286', '73ebb99f-76cb-408d-8a10-c3e43a31ec72', 'd590a5fd-fcb2-49f0-bb15-75cef103f1dd', '7bfe5fb5-ef81-43a2-bd67-50fd54673e8f', '00f4e105-74f5-4fc5-92ff-f39b3b8bcc1b', 'ae60d1c2-40f3-43c3-9ead-40a067f9cd72', '130a7922-37a4-48d7-93a4-8586a3abc229', '1a7419eb-be62-44f4-aff8-2dbe4979381d', '6da16556-fabc-4cc4-9aa3-409e60f4db88', '0a1b78bd-120f-4fb9-ab17-c04f6f37a346', '6aa4fda0-c547-4f4d-8d2a-c0651f971520', '1cb48359-3790-49bf-83cf-065c468ebf8e', 'ebd99ad3-60d6-4a96-84ca-b4b4014bd333']"
aca4dce2-4c77-45fd-b87f-9509f6dac20f,6,"['90c7d5c8-e363-42f5-8f32-790a5e0041b0', '90c7d5c8-e363-42f5-8f32-790a5e0041b0', '90c7d5c8-e363-42f5-8f32-790a5e0041b0', '90c7d5c8-e363-42f5-8f32-790a5e0041b0', '90c7d5c8-e363-42f5-8f32-790a5e0041b0', '90c7d5c8-e363-42f5-8f32-790a5e0041b0', '90c7d5c8-e363-42f5-8f32-790a5e0041b0', '90c7d5c8-e363-42f5-8f32-790a5e0041b0', '90c7d5c8-e363-42f5-8f32-790a5e0041b0', '90c7d5c8-e363-42f5-8f32-790a5e0041b0', '90c7d5c8-e363-42f5-8f32-790a5e0041b0', '90c7d5c8-e363-42f5-8f32-790a5e0041b0', '90c7d5c8-e363-42f5-8f32-790a5e0041b0', '90c7d5c8-e363-42f5-8f32-790a5e0041b0', '90c7d5c8-e363-42f5-8f32-790a5e0041b0', '90c7d5c8-e363-42f5-8f32-790a5e0041b0', '90c7d5c8-e363-42f5-8f32-790a5e0041b0', '90c7d5c8-e363-42f5-8f32-790a5e0041b0', '90c7d5c8-e363-42f5-8f32-790a5e0041b0', '90c7d5c8-e363-42f5-8f32-790a5e0041b0', '90c7d5c8-e363-42f5-8f32-790a5e0041b0', '90c7d5c8-e363-42f5-8f32-790a5e0041b0', '90c7d5c8-e363-42f5-8f32-790a5e0041b0', '90c7d5c8-e363-42f5-8f32-790a5e0041b0', '90c7d5c8-e363-42f5-8f32-790a5e0041b0', '90c7d5c8-e363-42f5-8f32-790a5e0041b0', '90c7d5c8-e363-42f5-8f32-790a5e0041b0', '90c7d5c8-e363-42f5-8f32-790a5e0041b0', 'e2e6883c-42e4-42a0-b454-725f01bdf199', '755268da-91b8-4d7e-8dad-882d1abbd9e4', '755268da-91b8-4d7e-8dad-882d1abbd9e4', '31554da3-97fd-4cae-a859-416576272637', '50212358-8ed0-482a-9fa9-b0aa3d8af581', 'eb15de99-2611-4d40-8c50-d8e46d8bdf1b', '0159118b-243a-402a-b2c6-625f7e5600f4', 'd25b7933-0414-4d84-8e5c-bf6b98c55dcd', '428e68c9-3fb3-4265-8890-e84e9fe05a99', 'efd9325e-ae62-467f-9b19-ea01c8edced4', 'ef83db60-16d0-4529-96a7-20fa215f5f8a', '2bacda96-51e5-49da-af48-cab4f3206354', '171212fe-3b9d-4817-b2c4-4b13d6c87887', '2472fa3f-b9ad-4814-959a-441a68c2d543', 'f8925c6a-a91d-4026-b677-bf2d837cc303', '1ae44721-2289-4ba3-8597-e308fb7ede1f', '5b1d5ccf-267f-45b2-ac54-b34888e3281f', 'febb6b85-57f1-4968-8c43-ef1670afe5bc', 'a5b10329-1166-4049-a509-cc83190517fa', 'd797e150-3c20-4e65-b655-514a7e75ef12', '47e62c3c-e44b-42d3-b665-bfa2ec6d49b0', '64160072-5b9a-46d6-a27f-b814e9778a23']"
caac2471-86d5-4fae-8b25-8005b0871b2a,14,"['784edd7c-8cf6-47c0-8802-887493c6e67f', '784edd7c-8cf6-47c0-8802-887493c6e67f', '784edd7c-8cf6-47c0-8802-887493c6e67f', '784edd7c-8cf6-47c0-8802-887493c6e67f', '784edd7c-8cf6-47c0-8802-887493c6e67f', '784edd7c-8cf6-47c0-8802-887493c6e67f', '784edd7c-8cf6-47c0-8802-887493c6e67f', '784edd7c-8cf6-47c0-8802-887493c6e67f', '784edd7c-8cf6-47c0-8802-887493c6e67f', '784edd7c-8cf6-47c0-8802-887493c6e67f', '784edd7c-8cf6-47c0-8802-887493c6e67f', '784edd7c-8cf6-47c0-8802-887493c6e67f', '784edd7c-8cf6-47c0-8802-887493c6e67f', '784edd7c-8cf6-47c0-8802-887493c6e67f', '784edd7c-8cf6-47c0-8802-887493c6e67f', '784edd7c-8cf6-47c0-8802-887493c6e67f', '784edd7c-8cf6-47c0-8802-887493c6e67f', '784edd7c-8cf6-47c0-8802-887493c6e67f', '784edd7c-8cf6-47c0-8802-887493c6e67f', '784edd7c-8cf6-47c0-8802-887493c6e67f', '784edd7c-8cf6-47c0-8802-887493c6e67f', 'c13ba507-a32a-46da-8d3f-71f52cf0de39', '495f6c7a-1af9-4cbd-a0ec-d44c704d5260', '65f1b75a-7901-49f1-aa7c-0200e106bcac', '912bf078-b48f-4f9c-b6e8-ef5eb053ab24', '1e2d3f7d-ce3f-4124-ace8-04701e7f5010', '58357e09-a8d5-4ef5-8bf7-4974741e9282', 'd4532bda-d457-415d-9b9a-f3c1562598e3', 'e75c9881-0f1c-4af8-b4c9-93751642a13f', '628884f0-afab-4d5b-9d25-81a294ce4286', '73ebb99f-76cb-408d-8a10-c3e43a31ec72', '7bfe5fb5-ef81-43a2-bd67-50fd54673e8f', '00f4e105-74f5-4fc5-92ff-f39b3b8bcc1b', 'ae60d1c2-40f3-43c3-9ead-40a067f9cd72', '130a7922-37a4-48d7-93a4-8586a3abc229', '1a7419eb-be62-44f4-aff8-2dbe4979381d', '6da16556-fabc-4cc4-9aa3-409e60f4db88', '6aa4fda0-c547-4f4d-8d2a-c0651f971520', '1cb48359-3790-49bf-83cf-065c468ebf8e', '490f42a2-9bb1-47a0-b4fd-77ba577a02e4', 'ab1e5e66-aef1-4372-98f6-fe79273e761f', 'b6615889-c9f5-4691-94c2-01595c9cd95e', 'd479da0f-176c-4f0e-ab27-ffab5f1b2c8c', 'ccc57b5f-0463-4b4e-ae10-5a2664000cde', '6f65afec-054f-45f2-89c1-f2abed8216ab', 'e690decf-50b1-4272-9636-9e2113bb0abd', 'a1cfc63c-f973-42c2-943f-55bab7db131b', 'c669d276-9540-48bb-9526-f77728edafe2', '7a04a773-96ac-4e6c-887d-a519e9ee0ccf', 'aff40a86-7224-4c92-962f-7e739ec19852']"
aca4dce2-4c77-45fd-b87f-9509f6dac20f,7,"['90c7d5c8-e363-42f5-8f32-790a5e0041b0', '90c7d5c8-e363-42f5-8f32-790a5e0041b0', '90c7d5c8-e363-42f5-8f32-790a5e0041b0', '90c7d5c8-e363-42f5-8f32-790a5e0041b0', '90c7d5c8-e363-42f5-8f32-790a5e0041b0', '90c7d5c8-e363-42f5-8f32-790a5e0041b0', '90c7d5c8-e363-42f5-8f32-790a5e0041b0', '90c7d5c8-e363-42f5-8f32-790a5e0041b0', '90c7d5c8-e363-42f5-8f32-790a5e0041b0', '90c7d5c8-e363-42f5-8f32-790a5e0041b0', '90c7d5c8-e363-42f5-8f32-790a5e0041b0', '90c7d5c8-e363-42f5-8f32-790a5e0041b0', '90c7d5c8-e363-42f5-8f32-790a5e0041b0', '90c7d5c8-e363-42f5-8f32-790a5e0041b0', '90c7d5c8-e363-42f5-8f32-790a5e0041b0', '90c7d5c8-e363-42f5-8f32-790a5e0041b0', '90c7d5c8-e363-42f5-8f32-790a5e0041b0', '90c7d5c8-e363-42f5-8f32-790a5e0041b0', '90c7d5c8-e363-42f5-8f32-790a5e0041b0', '90c7d5c8-e363-42f5-8f32-790a5e0041b0', '90c7d5c8-e363-42f5-8f32-790a5e0041b0', 'e2e6883c-42e4-42a0-b454-725f01bdf199', '755268da-91b8-4d7e-8dad-882d1abbd9e4', '755268da-91b8-4d7e-8dad-882d1abbd9e4', '31554da3-97fd-4cae-a859-416576272637', '50212358-8ed0-482a-9fa9-b0aa3d8af581', 'eb15de99-2611-4d40-8c50-d8e46d8bdf1b', '0159118b-243a-402a-b2c6-625f7e5600f4', 'd25b7933-0414-4d84-8e5c-bf6b98c55dcd', '428e68c9-3fb3-4265-8890-e84e9fe05a99', 'efd9325e-ae62-467f-9b19-ea01c8edced4', '2bacda96-51e5-49da-af48-cab4f3206354', '171212fe-3b9d-4817-b2c4-4b13d6c87887', '2472fa3f-b9ad-4814-959a-441a68c2d543', 'f8925c6a-a91d-4026-b677-bf2d837cc303', '1ae44721-2289-4ba3-8597-e308fb7ede1f', '5b1d5ccf-267f-45b2-ac54-b34888e3281f', 'febb6b85-57f1-4968-8c43-ef1670afe5bc', 'a5b10329-1166-4049-a509-cc83190517fa', '47e62c3c-e44b-42d3-b665-bfa2ec6d49b0', '64160072-5b9a-46d6-a27f-b814e9778a23', 'e8996a31-3a43-4a51-b0e2-96a4a64b0453', 'f5ccbc63-5533-46fa-b61c-8007722f5625', '13cfbabb-06d9-49fc-9349-554622d84b01', '26828765-2600-4237-96d3-35a75caf1e07', '8183db78-3c39-4787-a6f6-857fafd91866', '5f509296-bcc6-4c94-91f3-a04c438a6b03', 'ff5b29b3-cbdc-4b70-9f48-dfd09ac2e11b', '371d0ff2-6523-4736-834e-42bd753a7d6d', 'fbcd30aa-bbce-496a-ac4d-6065b8de621d']"
caac2471-86d5-4fae-8b25-8005b0871b2a,15,"['784edd7c-8cf6-47c0-8802-887493c6e67f', '784edd7c-8cf6-47c0-8802-887493c6e67f', '784edd7c-8cf6-47c0-8802-887493c6e67f', '784edd7c-8cf6-47c0-8802-887493c6e67f', '784edd7c-8cf6-47c0-8802-887493c6e67f', '784edd7c-8cf6-47c0-8802-887493c6e67f', '784edd7c-8cf6-47c0-8802-887493c6e67f', '784edd7c-8cf6-47c0-8802-887493c6e67f', '784edd7c-8cf6-47c0-8802-887493c6e67f', '784edd7c-8cf6-47c0-8802-887493c6e67f', '784edd7c-8cf6-47c0-8802-887493c6e67f', '784edd7c-8cf6-47c0-8802-887493c6e67f', '784edd7c-8cf6-47c0-8802-887493c6e67f', '784edd7c-8cf6-47c0-8802-887493c6e67f', '784edd7c-8cf6-47c0-8802-887493c6e67f', '784edd7c-8cf6-47c0-8802-887493c6e67f', '784edd7c-8cf6-47c0-8802-887493c6e67f', '784edd7c-8cf6-47c0-8802-887493c6e67f', '784edd7c-8cf6-47c0-8802-887493c6e67f', '784edd7c-8cf6-47c0-8802-887493c6e67f', '784edd7c-8cf6-47c0-8802-887493c6e67f', '784edd7c-8cf6-47c0-8802-887493c6e67f', '784edd7c-8cf6-47c0-8802-887493c6e67f', '784edd7c-8cf6-47c0-8802-887493c6e67f', '784edd7c-8cf6-47c0-8802-887493c6e67f', '784edd7c-8cf6-47c0-8802-887493c6e67f', '784edd7c-8cf6-47c0-8802-887493c6e67f', '784edd7c-8cf6-47c0-8802-887493c6e67f', '784edd7c-8cf6-47c0-8802-887493c6e67f', '784edd7c-8cf6-47c0-8802-887493c6e67f', '784edd7c-8cf6-47c0-8802-887493c6e67f', '784edd7c-8cf6-47c0-8802-887493c6e67f', '784edd7c-8cf6-47c0-8802-887493c6e67f', '784edd7c-8cf6-47c0-8802-887493c6e67f', '784edd7c-8cf6-47c0-8802-887493c6e67f', '784edd7c-8cf6-47c0-8802-887493c6e67f', '784edd7c-8cf6-47c0-8802-887493c6e67f', 'c13ba507-a32a-46da-8d3f-71f52cf0de39', 'c13ba507-a32a-46da-8d3f-71f52cf0de39', 'c13ba507-a32a-46da-8d3f-71f52cf0de39', '0e0018f2-9018-4d4f-9101-1b8e3d44ad0b', '4a31ffec-062f-4c6b-a733-bf8929e6fbb4', '10c87118-4c58-48ed-aacf-03d35c6088d0', '1084b6a8-e84d-4703-9710-eec24d0ccacc', 'fa6d6f89-b6aa-4767-a436-04d689b91707', 'b020ef4a-ea23-492c-a41a-5e966c2c6522', '274f707e-cc9f-4e40-b5e2-a31ff270d432', 'fc09a9cd-7364-4e98-b69d-4fbea4cc489c', 'b9de5fcc-aefb-400c-aff0-b7c3d6b6f5e7', '9e3eef1b-ac48-4fbb-9946-c2183c92f893']"
aca4dce2-4c77-45fd-b87f-9509f6dac20f,8,"['90c7d5c8-e363-42f5-8f32-790a5e0041b0', '90c7d5c8-e363-42f5-8f32-790a5e0041b0', '90c7d5c8-e363-42f5-8f32-790a5e0041b0', '90c7d5c8-e363-42f5-8f32-790a5e0041b0', '90c7d5c8-e363-42f5-8f32-790a5e0041b0', '90c7d5c8-e363-42f5-8f32-790a5e0041b0', '90c7d5c8-e363-42f5-8f32-790a5e0041b0', '90c7d5c8-e363-42f5-8f32-790a5e0041b0', '90c7d5c8-e363-42f5-8f32-790a5e0041b0', '90c7d5c8-e363-42f5-8f32-790a5e0041b0', '90c7d5c8-e363-42f5-8f32-790a5e0041b0', '90c7d5c8-e363-42f5-8f32-790a5e0041b0', '90c7d5c8-e363-42f5-8f32-790a5e0041b0', '90c7d5c8-e363-42f5-8f32-790a5e0041b0', '90c7d5c8-e363-42f5-8f32-790a5e0041b0', '90c7d5c8-e363-42f5-8f32-790a5e0041b0', '90c7d5c8-e363-42f5-8f32-790a5e0041b0', '90c7d5c8-e363-42f5-8f32-790a5e0041b0', '90c7d5c8-e363-42f5-8f32-790a5e0041b0', '90c7d5c8-e363-42f5-8f32-790a5e0041b0', '90c7d5c8-e363-42f5-8f32-790a5e0041b0', '90c7d5c8-e363-42f5-8f32-790a5e0041b0', '90c7d5c8-e363-42f5-8f32-790a5e0041b0', '90c7d5c8-e363-42f5-8f32-790a5e0041b0', '90c7d5c8-e363-42f5-8f32-790a5e0041b0', '90c7d5c8-e363-42f5-8f32-790a5e0041b0', '90c7d5c8-e363-42f5-8f32-790a5e0041b0', '90c7d5c8-e363-42f5-8f32-790a5e0041b0', '90c7d5c8-e363-42f5-8f32-790a5e0041b0', '90c7d5c8-e363-42f5-8f32-790a5e0041b0', '90c7d5c8-e363-42f5-8f32-790a5e0041b0', '90c7d5c8-e363-42f5-8f32-790a5e0041b0', '90c7d5c8-e363-42f5-8f32-790a5e0041b0', '90c7d5c8-e363-42f5-8f32-790a5e0041b0', '90c7d5c8-e363-42f5-8f32-790a5e0041b0', '90c7d5c8-e363-42f5-8f32-790a5e0041b0', '90c7d5c8-e363-42f5-8f32-790a5e0041b0', '90c7d5c8-e363-42f5-8f32-790a5e0041b0', 'efb8352b-e165-464d-8f49-7e360f83bcbd', '6850c1e2-c9e1-4fb5-ab6b-858fc0854f93', '7ec11a93-a00a-43ef-a6ba-5670adc05a82', 'cbad2b3e-ded3-4c9b-9f18-44939c9bd760', '28326539-d829-4714-8139-d7c59b0a697f', '6e86add2-8c31-45cd-95d0-b99ad5e58069', '71f44b43-f4f0-4760-8512-3da3c1badcf1', '68f8b1a4-4a89-41dd-a89c-beb53e9c736b', '9fc9d1a8-4b0c-4542-8481-67c28162017f', '75e87e71-fe67-41ad-ace4-6631d6395831', 'c00f3aa8-8e2c-45fd-9700-59da0dfca43b', 'b0df96d8-95c7-4d2f-b573-91c33d5d9752']"
aca4dce2-4c77-45fd-b87f-9509f6dac20f,9,"['90c7d5c8-e363-42f5-8f32-790a5e0041b0', '90c7d5c8-e363-42f5-8f32-790a5e0041b0', '90c7d5c8-e363-42f5-8f32-790a5e0041b0', '90c7d5c8-e363-42f5-8f32-790a5e0041b0', '90c7d5c8-e363-42f5-8f32-790a5e0041b0', '90c7d5c8-e363-42f5-8f32-790a5e0041b0', '90c7d5c8-e363-42f5-8f32-790a5e0041b0', '90c7d5c8-e363-42f5-8f32-790a5e0041b0', '90c7d5c8-e363-42f5-8f32-790a5e0041b0', '90c7d5c8-e363-42f5-8f32-790a5e0041b0', '90c7d5c8-e363-42f5-8f32-790a5e0041b0', '90c7d5c8-e363-42f5-8f32-790a5e0041b0', '90c7d5c8-e363-42f5-8f32-790a5e0041b0', '90c7d5c8-e363-42f5-8f32-790a5e0041b0', '90c7d5c8-e363-42f5-8f32-790a5e0041b0', '90c7d5c8-e363-42f5-8f32-790a5e0041b0', '90c7d5c8-e363-42f5-8f32-790a5e0041b0', '90c7d5c8-e363-42f5-8f32-790a5e0041b0', '90c7d5c8-e363-42f5-8f32-790a5e0041b0', '90c7d5c8-e363-42f5-8f32-790a5e0041b0', '90c7d5c8-e363-42f5-8f32-790a5e0041b0', '90c7d5c8-e363-42f5-8f32-790a5e0041b0', '90c7d5c8-e363-42f5-8f32-790a5e0041b0', '90c7d5c8-e363-42f5-8f32-790a5e0041b0', '90c7d5c8-e363-42f5-8f32-790a5e0041b0', '90c7d5c8-e363-42f5-8f32-790a5e0041b0', '90c7d5c8-e363-42f5-8f32-790a5e0041b0', '90c7d5c8-e363-42f5-8f32-790a5e0041b0', '90c7d5c8-e363-42f5-8f32-790a5e0041b0', '90c7d5c8-e363-42f5-8f32-790a5e0041b0', '90c7d5c8-e363-42f5-8f32-790a5e0041b0', 'efb8352b-e165-464d-8f49-7e360f83bcbd', '6850c1e2-c9e1-4fb5-ab6b-858fc0854f93', '7ec11a93-a00a-43ef-a6ba-5670adc05a82', 'cbad2b3e-ded3-4c9b-9f18-44939c9bd760', '28326539-d829-4714-8139-d7c59b0a697f', '6e86add2-8c31-45cd-95d0-b99ad5e58069', '71f44b43-f4f0-4760-8512-3da3c1badcf1', '68f8b1a4-4a89-41dd-a89c-beb53e9c736b', '9fc9d1a8-4b0c-4542-8481-67c28162017f', '75e87e71-fe67-41ad-ace4-6631d6395831', 'c00f3aa8-8e2c-45fd-9700-59da0dfca43b', 'b0df96d8-95c7-4d2f-b573-91c33d5d9752', '3ec1484b-784b-4ff4-8bdd-e1700a3b3f6f', '8770e7b6-fb8a-4bb4-8773-806425999b34', 'c5ae561e-1c89-40d0-9ea0-1fdce737d502', '4cbc8dcc-e3ef-4f25-b1f3-ddfb2af536bc', '0c710929-00dd-40fb-bea7-75dcb5afbc7a', 'cfb2d424-955d-4796-bfba-177cd705e1c3', 'ff2063fd-979e-41b3-be1d-21822cce020b']"
aca4dce2-4c77-45fd-b87f-9509f6dac20f,10,"['90c7d5c8-e363-42f5-8f32-790a5e0041b0', '90c7d5c8-e363-42f5-8f32-790a5e0041b0', '90c7d5c8-e363-42f5-8f32-790a5e0041b0', '90c7d5c8-e363-42f5-8f32-790a5e0041b0', '90c7d5c8-e363-42f5-8f32-790a5e0041b0', '90c7d5c8-e363-42f5-8f32-790a5e0041b0', '90c7d5c8-e363-42f5-8f32-790a5e0041b0', '90c7d5c8-e363-42f5-8f32-790a5e0041b0', '90c7d5c8-e363-42f5-8f32-790a5e0041b0', '90c7d5c8-e363-42f5-8f32-790a5e0041b0', '90c7d5c8-e363-42f5-8f32-790a5e0041b0', '90c7d5c8-e363-42f5-8f32-790a5e0041b0', '90c7d5c8-e363-42f5-8f32-790a5e0041b0', '90c7d5c8-e363-42f5-8f32-790a5e0041b0', '90c7d5c8-e363-42f5-8f32-790a5e0041b0', '90c7d5c8-e363-42f5-8f32-790a5e0041b0', '90c7d5c8-e363-42f5-8f32-790a5e0041b0', '90c7d5c8-e363-42f5-8f32-790a5e0041b0', '90c7d5c8-e363-42f5-8f32-790a5e0041b0', '90c7d5c8-e363-42f5-8f32-790a5e0041b0', '90c7d5c8-e363-42f5-8f32-790a5e0041b0', '90c7d5c8-e363-42f5-8f32-790a5e0041b0', '90c7d5c8-e363-42f5-8f32-790a5e0041b0', '90c7d5c8-e363-42f5-8f32-790a5e0041b0', '90c7d5c8-e363-42f5-8f32-790a5e0041b0', '90c7d5c8-e363-42f5-8f32-790a5e0041b0', 'efb8352b-e165-464d-8f49-7e360f83bcbd', '7ec11a93-a00a-43ef-a6ba-5670adc05a82', 'cbad2b3e-ded3-4c9b-9f18-44939c9bd760', '28326539-d829-4714-8139-d7c59b0a697f', '6e86add2-8c31-45cd-95d0-b99ad5e58069', '71f44b43-f4f0-4760-8512-3da3c1badcf1', '68f8b1a4-4a89-41dd-a89c-beb53e9c736b', '75e87e71-fe67-41ad-ace4-6631d6395831', 'c00f3aa8-8e2c-45fd-9700-59da0dfca43b', 'b0df96d8-95c7-4d2f-b573-91c33d5d9752', '8770e7b6-fb8a-4bb4-8773-806425999b34', 'c5ae561e-1c89-40d0-9ea0-1fdce737d502', '4cbc8dcc-e3ef-4f25-b1f3-ddfb2af536bc', '0c710929-00dd-40fb-bea7-75dcb5afbc7a', 'cfb2d424-955d-4796-bfba-177cd705e1c3', 'ff2063fd-979e-41b3-be1d-21822cce020b', 'f558f9d1-e03a-43cf-8188-d8b7ad4d0413', '80b74f13-fe46-4b30-a3fa-dd7174474ad6', 'fe5a17ab-1482-47cc-8f65-9c89f9cee542', '1a106eaf-2a2c-4fe7-b2f9-c37c8be75707', '8a5ee167-19e1-4ae3-bbcd-fd2434ee5832', '64adafe7-dc25-4605-b0f3-22a611b01d44', '1a0024f1-bd8d-4651-8164-b029102f6947', 'a70ad55d-4d2c-438f-ac39-a12f20ceae0a']"
aca4dce2-4c77-45fd-b87f-9509f6dac20f,11,"['90c7d5c8-e363-42f5-8f32-790a5e0041b0', '90c7d5c8-e363-42f5-8f32-790a5e0041b0', '90c7d5c8-e363-42f5-8f32-790a5e0041b0', '90c7d5c8-e363-42f5-8f32-790a5e0041b0', '90c7d5c8-e363-42f5-8f32-790a5e0041b0', '90c7d5c8-e363-42f5-8f32-790a5e0041b0', '90c7d5c8-e363-42f5-8f32-790a5e0041b0', '90c7d5c8-e363-42f5-8f32-790a5e0041b0', '90c7d5c8-e363-42f5-8f32-790a5e0041b0', '90c7d5c8-e363-42f5-8f32-790a5e0041b0', '90c7d5c8-e363-42f5-8f32-790a5e0041b0', '90c7d5c8-e363-42f5-8f32-790a5e0041b0', '90c7d5c8-e363-42f5-8f32-790a5e0041b0', '90c7d5c8-e363-42f5-8f32-790a5e0041b0', '90c7d5c8-e363-42f5-8f32-790a5e0041b0', 'efb8352b-e165-464d-8f49-7e360f83bcbd', '7ec11a93-a00a-43ef-a6ba-5670adc05a82', 'cbad2b3e-ded3-4c9b-9f18-44939c9bd760', '28326539-d829-4714-8139-d7c59b0a697f', '71f44b43-f4f0-4760-8512-3da3c1badcf1', '75e87e71-fe67-41ad-ace4-6631d6395831', 'c00f3aa8-8e2c-45fd-9700-59da0dfca43b', 'b0df96d8-95c7-4d2f-b573-91c33d5d9752', '8770e7b6-fb8a-4bb4-8773-806425999b34', 'c5ae561e-1c89-40d0-9ea0-1fdce737d502', '4cbc8dcc-e3ef-4f25-b1f3-ddfb2af536bc', '0c710929-00dd-40fb-bea7-75dcb5afbc7a', 'cfb2d424-955d-4796-bfba-177cd705e1c3', '80b74f13-fe46-4b30-a3fa-dd7174474ad6', 'fe5a17ab-1482-47cc-8f65-9c89f9cee542', '1a106eaf-2a2c-4fe7-b2f9-c37c8be75707', '8a5ee167-19e1-4ae3-bbcd-fd2434ee5832', '64adafe7-dc25-4605-b0f3-22a611b01d44', '1a0024f1-bd8d-4651-8164-b029102f6947', 'fabb5942-6b93-4c21-947f-6e93873d50b6', '1e21685f-94b9-4a7e-93b3-f23c3ed4a42a', '0e43f156-076e-496c-8fab-c589b2f4a7c3', 'ea7c5a06-3015-45d5-9c16-74e52ef97a3d', '144959cd-ac06-4df6-a7a5-0da03f848d5a', '24618925-006d-4525-9602-9a53c1c21f1b', 'a4360b75-ba58-4770-8a21-7b0b3d5f076f', '6008d07f-69c5-4de9-ab39-7a8f162ffd82', '0c7c44f6-9eae-4fb9-8a46-c195932dc697', 'e4dfa108-c7fd-4b9a-a8c1-4b9f0c75df45', 'dbcbdc41-40d3-457a-a613-a0277dee677f', '18382fed-0180-472d-b59b-01a12b990cb7', 'd06895a1-88e1-452c-bf17-127ed181ad9b', 'adbef7e8-b411-45dd-b1ff-6152684290b5', '2ffa8b3d-3c67-480a-ab9b-412d10bb1b96', '9be27b5f-7114-4e27-8d63-acc28d973c14']"
aca4dce2-4c77-45fd-b87f-9509f6dac20f,12,"['90c7d5c8-e363-42f5-8f32-790a5e0041b0', '90c7d5c8-e363-42f5-8f32-790a5e0041b0', '90c7d5c8-e363-42f5-8f32-790a5e0041b0', '90c7d5c8-e363-42f5-8f32-790a5e0041b0', '90c7d5c8-e363-42f5-8f32-790a5e0041b0', '90c7d5c8-e363-42f5-8f32-790a5e0041b0', '90c7d5c8-e363-42f5-8f32-790a5e0041b0', '90c7d5c8-e363-42f5-8f32-790a5e0041b0', '90c7d5c8-e363-42f5-8f32-790a5e0041b0', '90c7d5c8-e363-42f5-8f32-790a5e0041b0', '90c7d5c8-e363-42f5-8f32-790a5e0041b0', '90c7d5c8-e363-42f5-8f32-790a5e0041b0', '90c7d5c8-e363-42f5-8f32-790a5e0041b0', '90c7d5c8-e363-42f5-8f32-790a5e0041b0', '90c7d5c8-e363-42f5-8f32-790a5e0041b0', '90c7d5c8-e363-42f5-8f32-790a5e0041b0', '90c7d5c8-e363-42f5-8f32-790a5e0041b0', '90c7d5c8-e363-42f5-8f32-790a5e0041b0', '90c7d5c8-e363-42f5-8f32-790a5e0041b0', '90c7d5c8-e363-42f5-8f32-790a5e0041b0', '90c7d5c8-e363-42f5-8f32-790a5e0041b0', '90c7d5c8-e363-42f5-8f32-790a5e0041b0', '90c7d5c8-e363-42f5-8f32-790a5e0041b0', '90c7d5c8-e363-42f5-8f32-790a5e0041b0', '90c7d5c8-e363-42f5-8f32-790a5e0041b0', '90c7d5c8-e363-42f5-8f32-790a5e0041b0', '90c7d5c8-e363-42f5-8f32-790a5e0041b0', '90c7d5c8-e363-42f5-8f32-790a5e0041b0', '90c7d5c8-e363-42f5-8f32-790a5e0041b0', '90c7d5c8-e363-42f5-8f32-790a5e0041b0', '90c7d5c8-e363-42f5-8f32-790a5e0041b0', '90c7d5c8-e363-42f5-8f32-790a5e0041b0', '90c7d5c8-e363-42f5-8f32-790a5e0041b0', '90c7d5c8-e363-42f5-8f32-790a5e0041b0', '90c7d5c8-e363-42f5-8f32-790a5e0041b0', '90c7d5c8-e363-42f5-8f32-790a5e0041b0', '643e25ed-5ed8-4745-92eb-959b08ed8069', 'eb313d79-c75f-48dd-a643-80d304721824', '8f3dd441-1c94-4a20-bae5-c26e24d0c87e', 'e0f9ba3d-b439-4a10-929d-2cc622d9af5e', '087358a9-7fa3-4c21-9727-97cba0350ce1', '7beceee6-0a74-4e25-9d0a-b87bf7ada39f', '9a4ba943-003f-49ae-b868-f8cc7bcdf00e', '8373c131-7487-4c66-9b1f-73c11b591a82', 'a0ec399d-8e7e-446e-b39d-eab1ee744ac6', 'ce9d59b5-8cba-4abb-915b-5ba08fdd937f', 'bea4c3bf-550c-4e9e-9e29-5b39587a666a', 'a68dd895-b02a-4871-95de-0c27446ee915', 'c729dc31-7ebb-442d-a94d-7bc56e94e51d', '7f8fdb4b-f8ca-402d-9c93-a5b9fe10c78a']"
aca4dce2-4c77-45fd-b87f-9509f6dac20f,13,"['90c7d5c8-e363-42f5-8f32-790a5e0041b0', '90c7d5c8-e363-42f5-8f32-790a5e0041b0', '90c7d5c8-e363-42f5-8f32-790a5e0041b0', '90c7d5c8-e363-42f5-8f32-790a5e0041b0', '90c7d5c8-e363-42f5-8f32-790a5e0041b0', '90c7d5c8-e363-42f5-8f32-790a5e0041b0', '90c7d5c8-e363-42f5-8f32-790a5e0041b0', '90c7d5c8-e363-42f5-8f32-790a5e0041b0', '90c7d5c8-e363-42f5-8f32-790a5e0041b0', '90c7d5c8-e363-42f5-8f32-790a5e0041b0', '90c7d5c8-e363-42f5-8f32-790a5e0041b0', '90c7d5c8-e363-42f5-8f32-790a5e0041b0', '90c7d5c8-e363-42f5-8f32-790a5e0041b0', '90c7d5c8-e363-42f5-8f32-790a5e0041b0', '90c7d5c8-e363-42f5-8f32-790a5e0041b0', '90c7d5c8-e363-42f5-8f32-790a5e0041b0', '90c7d5c8-e363-42f5-8f32-790a5e0041b0', '90c7d5c8-e363-42f5-8f32-790a5e0041b0', '90c7d5c8-e363-42f5-8f32-790a5e0041b0', '90c7d5c8-e363-42f5-8f32-790a5e0041b0', '90c7d5c8-e363-42f5-8f32-790a5e0041b0', '90c7d5c8-e363-42f5-8f32-790a5e0041b0', '90c7d5c8-e363-42f5-8f32-790a5e0041b0', '90c7d5c8-e363-42f5-8f32-790a5e0041b0', '90c7d5c8-e363-42f5-8f32-790a5e0041b0', '90c7d5c8-e363-42f5-8f32-790a5e0041b0', '90c7d5c8-e363-42f5-8f32-790a5e0041b0', '90c7d5c8-e363-42f5-8f32-790a5e0041b0', '90c7d5c8-e363-42f5-8f32-790a5e0041b0', '90c7d5c8-e363-42f5-8f32-790a5e0041b0', '90c7d5c8-e363-42f5-8f32-790a5e0041b0', '643e25ed-5ed8-4745-92eb-959b08ed8069', 'eb313d79-c75f-48dd-a643-80d304721824', '8f3dd441-1c94-4a20-bae5-c26e24d0c87e', 'e0f9ba3d-b439-4a10-929d-2cc622d9af5e', '7beceee6-0a74-4e25-9d0a-b87bf7ada39f', 'a0ec399d-8e7e-446e-b39d-eab1ee744ac6', 'ce9d59b5-8cba-4abb-915b-5ba08fdd937f', 'bea4c3bf-550c-4e9e-9e29-5b39587a666a', 'a68dd895-b02a-4871-95de-0c27446ee915', 'c729dc31-7ebb-442d-a94d-7bc56e94e51d', '7f8fdb4b-f8ca-402d-9c93-a5b9fe10c78a', '42cf3815-4ed0-409d-a676-d971ffcc0960', 'dc16fd48-fcf7-45d0-b379-dd19e43fd897', '2b598f0d-7b54-4b3f-bece-816d19f3f8c4', 'fe8110d0-cdd0-4a6c-af04-d0a4c7c7cb24', 'eca113c8-5b76-47eb-97ce-456fd95d402d', '610bf93e-1701-4a02-b3d2-d4c5cb88134c', 'ada944d2-d21e-4c0d-9343-4c215d2a8d92', '4f5258e0-b23b-4d7a-a12f-475af66caf67']"
aca4dce2-4c77-45fd-b87f-9509f6dac20f,14,"['90c7d5c8-e363-42f5-8f32-790a5e0041b0', '90c7d5c8-e363-42f5-8f32-790a5e0041b0', '90c7d5c8-e363-42f5-8f32-790a5e0041b0', '90c7d5c8-e363-42f5-8f32-790a5e0041b0', '90c7d5c8-e363-42f5-8f32-790a5e0041b0', '90c7d5c8-e363-42f5-8f32-790a5e0041b0', '90c7d5c8-e363-42f5-8f32-790a5e0041b0', '90c7d5c8-e363-42f5-8f32-790a5e0041b0', '90c7d5c8-e363-42f5-8f32-790a5e0041b0', '90c7d5c8-e363-42f5-8f32-790a5e0041b0', '90c7d5c8-e363-42f5-8f32-790a5e0041b0', '90c7d5c8-e363-42f5-8f32-790a5e0041b0', '90c7d5c8-e363-42f5-8f32-790a5e0041b0', '90c7d5c8-e363-42f5-8f32-790a5e0041b0', '90c7d5c8-e363-42f5-8f32-790a5e0041b0', '90c7d5c8-e363-42f5-8f32-790a5e0041b0', '90c7d5c8-e363-42f5-8f32-790a5e0041b0', '90c7d5c8-e363-42f5-8f32-790a5e0041b0', '90c7d5c8-e363-42f5-8f32-790a5e0041b0', '90c7d5c8-e363-42f5-8f32-790a5e0041b0', '90c7d5c8-e363-42f5-8f32-790a5e0041b0', '90c7d5c8-e363-42f5-8f32-790a5e0041b0', '90c7d5c8-e363-42f5-8f32-790a5e0041b0', '90c7d5c8-e363-42f5-8f32-790a5e0041b0', 'e0f9ba3d-b439-4a10-929d-2cc622d9af5e', '7beceee6-0a74-4e25-9d0a-b87bf7ada39f', 'a0ec399d-8e7e-446e-b39d-eab1ee744ac6', 'bea4c3bf-550c-4e9e-9e29-5b39587a666a', 'a68dd895-b02a-4871-95de-0c27446ee915', 'c729dc31-7ebb-442d-a94d-7bc56e94e51d', '7f8fdb4b-f8ca-402d-9c93-a5b9fe10c78a', '42cf3815-4ed0-409d-a676-d971ffcc0960', 'dc16fd48-fcf7-45d0-b379-dd19e43fd897', '2b598f0d-7b54-4b3f-bece-816d19f3f8c4', 'fe8110d0-cdd0-4a6c-af04-d0a4c7c7cb24', 'eca113c8-5b76-47eb-97ce-456fd95d402d', '610bf93e-1701-4a02-b3d2-d4c5cb88134c', 'ada944d2-d21e-4c0d-9343-4c215d2a8d92', 'cdecb8ed-112b-4c04-8f48-f11fe93a28da', 'dd19ca8d-a724-4b16-a054-3d1b370f6eb3', '4195b49e-624f-499d-be73-149bd2bf175a', 'dd5317ab-7a37-4702-86b9-e1e769760928', 'd85f029f-008a-411e-b54e-2c5b8a9e6d38', 'c4ff1e3a-e214-415a-b712-bce79dc258e0', 'c928f2cd-83a2-49dc-885c-f251a0c92a3d', '82a558fd-ad26-40e1-b287-c2b37e633d90', 'c979422d-242c-4aee-93d0-2a5d17bd5910', '3b609260-1a0e-4128-9429-7c2f59175b2a', '7dca1aca-fbb7-473e-8ba8-160576e13e37', 'ae8d2036-4acc-4f28-a085-d8f89b8e2503']"
aca4dce2-4c77-45fd-b87f-9509f6dac20f,15,"['90c7d5c8-e363-42f5-8f32-790a5e0041b0', '90c7d5c8-e363-42f5-8f32-790a5e0041b0', '90c7d5c8-e363-42f5-8f32-790a5e0041b0', '90c7d5c8-e363-42f5-8f32-790a5e0041b0', '90c7d5c8-e363-42f5-8f32-790a5e0041b0', '90c7d5c8-e363-42f5-8f32-790a5e0041b0', '90c7d5c8-e363-42f5-8f32-790a5e0041b0', '90c7d5c8-e363-42f5-8f32-790a5e0041b0', '90c7d5c8-e363-42f5-8f32-790a5e0041b0', '90c7d5c8-e363-42f5-8f32-790a5e0041b0', '90c7d5c8-e363-42f5-8f32-790a5e0041b0', '90c7d5c8-e363-42f5-8f32-790a5e0041b0', '90c7d5c8-e363-42f5-8f32-790a5e0041b0', '90c7d5c8-e363-42f5-8f32-790a5e0041b0', '90c7d5c8-e363-42f5-8f32-790a5e0041b0', '90c7d5c8-e363-42f5-8f32-790a5e0041b0', '90c7d5c8-e363-42f5-8f32-790a5e0041b0', '90c7d5c8-e363-42f5-8f32-790a5e0041b0', '90c7d5c8-e363-42f5-8f32-790a5e0041b0', '90c7d5c8-e363-42f5-8f32-790a5e0041b0', '90c7d5c8-e363-42f5-8f32-790a5e0041b0', '90c7d5c8-e363-42f5-8f32-790a5e0041b0', '90c7d5c8-e363-42f5-8f32-790a5e0041b0', '90c7d5c8-e363-42f5-8f32-790a5e0041b0', '90c7d5c8-e363-42f5-8f32-790a5e0041b0', '90c7d5c8-e363-42f5-8f32-790a5e0041b0', '90c7d5c8-e363-42f5-8f32-790a5e0041b0', '90c7d5c8-e363-42f5-8f32-790a5e0041b0', '90c7d5c8-e363-42f5-8f32-790a5e0041b0', '90c7d5c8-e363-42f5-8f32-790a5e0041b0', '90c7d5c8-e363-42f5-8f32-790a5e0041b0', '90c7d5c8-e363-42f5-8f32-790a5e0041b0', '90c7d5c8-e363-42f5-8f32-790a5e0041b0', '90c7d5c8-e363-42f5-8f32-790a5e0041b0', '90c7d5c8-e363-42f5-8f32-790a5e0041b0', '90c7d5c8-e363-42f5-8f32-790a5e0041b0', '90c7d5c8-e363-42f5-8f32-790a5e0041b0', '90c7d5c8-e363-42f5-8f32-790a5e0041b0', '90c7d5c8-e363-42f5-8f32-790a5e0041b0', '90c7d5c8-e363-42f5-8f32-790a5e0041b0', '90c7d5c8-e363-42f5-8f32-790a5e0041b0', '90c7d5c8-e363-42f5-8f32-790a5e0041b0', '8d31871b-3203-4985-9d4a-94f86449a5af', 'a74c9db8-2e07-468e-96ef-5945f58d18e2', '4617b3d2-3023-47d8-b27f-0efe41f1ec84', '702c3e24-f229-4428-9034-6540c3dcac42', '39c7e9bd-c26d-429a-918f-a4e5229fdd05', '62e051e8-7b30-4952-b779-4d0919dd182b', '82e9409a-354b-496b-8c6e-e71b153dbd0a', '4e1c5ee0-22e9-4588-a788-eddcac98d019']"
