run_id,itr,pool_members_uuids
eb5e99b9-e9b4-48b9-8e27-31c2a0422a79,0,"['66c82bf8-3092-4df0-91fe-fa842fb6d6aa', '66c82bf8-3092-4df0-91fe-fa842fb6d6aa', '66c82bf8-3092-4df0-91fe-fa842fb6d6aa', '66c82bf8-3092-4df0-91fe-fa842fb6d6aa', '66c82bf8-3092-4df0-91fe-fa842fb6d6aa', '66c82bf8-3092-4df0-91fe-fa842fb6d6aa', '66c82bf8-3092-4df0-91fe-fa842fb6d6aa', '66c82bf8-3092-4df0-91fe-fa842fb6d6aa', '66c82bf8-3092-4df0-91fe-fa842fb6d6aa', '66c82bf8-3092-4df0-91fe-fa842fb6d6aa', '66c82bf8-3092-4df0-91fe-fa842fb6d6aa', '66c82bf8-3092-4df0-91fe-fa842fb6d6aa', '66c82bf8-3092-4df0-91fe-fa842fb6d6aa', '66c82bf8-3092-4df0-91fe-fa842fb6d6aa', '66c82bf8-3092-4df0-91fe-fa842fb6d6aa', '66c82bf8-3092-4df0-91fe-fa842fb6d6aa', '66c82bf8-3092-4df0-91fe-fa842fb6d6aa', '66c82bf8-3092-4df0-91fe-fa842fb6d6aa', '66c82bf8-3092-4df0-91fe-fa842fb6d6aa', '66c82bf8-3092-4df0-91fe-fa842fb6d6aa', '66c82bf8-3092-4df0-91fe-fa842fb6d6aa', '66c82bf8-3092-4df0-91fe-fa842fb6d6aa', '66c82bf8-3092-4df0-91fe-fa842fb6d6aa', '66c82bf8-3092-4df0-91fe-fa842fb6d6aa', '66c82bf8-3092-4df0-91fe-fa842fb6d6aa', '66c82bf8-3092-4df0-91fe-fa842fb6d6aa', '66c82bf8-3092-4df0-91fe-fa842fb6d6aa', '66c82bf8-3092-4df0-91fe-fa842fb6d6aa', '66c82bf8-3092-4df0-91fe-fa842fb6d6aa', '66c82bf8-3092-4df0-91fe-fa842fb6d6aa', '66c82bf8-3092-4df0-91fe-fa842fb6d6aa', '66c82bf8-3092-4df0-91fe-fa842fb6d6aa', '66c82bf8-3092-4df0-91fe-fa842fb6d6aa', '66c82bf8-3092-4df0-91fe-fa842fb6d6aa', '66c82bf8-3092-4df0-91fe-fa842fb6d6aa', '66c82bf8-3092-4df0-91fe-fa842fb6d6aa', '66c82bf8-3092-4df0-91fe-fa842fb6d6aa', '66c82bf8-3092-4df0-91fe-fa842fb6d6aa', '66c82bf8-3092-4df0-91fe-fa842fb6d6aa', '66c82bf8-3092-4df0-91fe-fa842fb6d6aa', '66c82bf8-3092-4df0-91fe-fa842fb6d6aa', '66c82bf8-3092-4df0-91fe-fa842fb6d6aa', '66c82bf8-3092-4df0-91fe-fa842fb6d6aa', '66c82bf8-3092-4df0-91fe-fa842fb6d6aa', '66c82bf8-3092-4df0-91fe-fa842fb6d6aa', '66c82bf8-3092-4df0-91fe-fa842fb6d6aa', '66c82bf8-3092-4df0-91fe-fa842fb6d6aa', '66c82bf8-3092-4df0-91fe-fa842fb6d6aa', '66c82bf8-3092-4df0-91fe-fa842fb6d6aa', '66c82bf8-3092-4df0-91fe-fa842fb6d6aa']"
eb5e99b9-e9b4-48b9-8e27-31c2a0422a79,1,"['66c82bf8-3092-4df0-91fe-fa842fb6d6aa', '66c82bf8-3092-4df0-91fe-fa842fb6d6aa', '66c82bf8-3092-4df0-91fe-fa842fb6d6aa', '66c82bf8-3092-4df0-91fe-fa842fb6d6aa', '66c82bf8-3092-4df0-91fe-fa842fb6d6aa', '66c82bf8-3092-4df0-91fe-fa842fb6d6aa', '66c82bf8-3092-4df0-91fe-fa842fb6d6aa', '66c82bf8-3092-4df0-91fe-fa842fb6d6aa', '66c82bf8-3092-4df0-91fe-fa842fb6d6aa', '66c82bf8-3092-4df0-91fe-fa842fb6d6aa', '66c82bf8-3092-4df0-91fe-fa842fb6d6aa', '66c82bf8-3092-4df0-91fe-fa842fb6d6aa', '66c82bf8-3092-4df0-91fe-fa842fb6d6aa', '66c82bf8-3092-4df0-91fe-fa842fb6d6aa', '66c82bf8-3092-4df0-91fe-fa842fb6d6aa', '66c82bf8-3092-4df0-91fe-fa842fb6d6aa', '66c82bf8-3092-4df0-91fe-fa842fb6d6aa', '66c82bf8-3092-4df0-91fe-fa842fb6d6aa', '66c82bf8-3092-4df0-91fe-fa842fb6d6aa', '66c82bf8-3092-4df0-91fe-fa842fb6d6aa', '66c82bf8-3092-4df0-91fe-fa842fb6d6aa', '66c82bf8-3092-4df0-91fe-fa842fb6d6aa', '66c82bf8-3092-4df0-91fe-fa842fb6d6aa', '66c82bf8-3092-4df0-91fe-fa842fb6d6aa', '66c82bf8-3092-4df0-91fe-fa842fb6d6aa', '66c82bf8-3092-4df0-91fe-fa842fb6d6aa', '66c82bf8-3092-4df0-91fe-fa842fb6d6aa', '66c82bf8-3092-4df0-91fe-fa842fb6d6aa', '66c82bf8-3092-4df0-91fe-fa842fb6d6aa', '66c82bf8-3092-4df0-91fe-fa842fb6d6aa', '66c82bf8-3092-4df0-91fe-fa842fb6d6aa', '66c82bf8-3092-4df0-91fe-fa842fb6d6aa', '66c82bf8-3092-4df0-91fe-fa842fb6d6aa', '66c82bf8-3092-4df0-91fe-fa842fb6d6aa', '66c82bf8-3092-4df0-91fe-fa842fb6d6aa', '66c82bf8-3092-4df0-91fe-fa842fb6d6aa', '66c82bf8-3092-4df0-91fe-fa842fb6d6aa', '66c82bf8-3092-4df0-91fe-fa842fb6d6aa', '66c82bf8-3092-4df0-91fe-fa842fb6d6aa', '66c82bf8-3092-4df0-91fe-fa842fb6d6aa', '66c82bf8-3092-4df0-91fe-fa842fb6d6aa', '66c82bf8-3092-4df0-91fe-fa842fb6d6aa', '6252715a-5537-48a4-8f41-2d73c28c00be', '2bedf39a-dd6e-4196-9704-2fe413279c7b', '46282f0f-d393-4cea-bbd5-56a882a80240', '7fc0b988-f024-4eca-84cf-0d794f920cd7', '290b019b-340a-4c93-ba54-c45331dfa5ec', '02bcfd94-d449-4c53-844a-de6f4b78b240', 'b741c904-6ee5-4215-96cc-892b499b4a38', 'db650f7d-557f-4ec2-b077-04673f389a5b']"
eb5e99b9-e9b4-48b9-8e27-31c2a0422a79,2,"['02bcfd94-d449-4c53-844a-de6f4b78b240', '02bcfd94-d449-4c53-844a-de6f4b78b240', '02bcfd94-d449-4c53-844a-de6f4b78b240', '02bcfd94-d449-4c53-844a-de6f4b78b240', '02bcfd94-d449-4c53-844a-de6f4b78b240', '02bcfd94-d449-4c53-844a-de6f4b78b240', '02bcfd94-d449-4c53-844a-de6f4b78b240', '02bcfd94-d449-4c53-844a-de6f4b78b240', '02bcfd94-d449-4c53-844a-de6f4b78b240', '02bcfd94-d449-4c53-844a-de6f4b78b240', '02bcfd94-d449-4c53-844a-de6f4b78b240', '02bcfd94-d449-4c53-844a-de6f4b78b240', '02bcfd94-d449-4c53-844a-de6f4b78b240', '02bcfd94-d449-4c53-844a-de6f4b78b240', '02bcfd94-d449-4c53-844a-de6f4b78b240', '02bcfd94-d449-4c53-844a-de6f4b78b240', '02bcfd94-d449-4c53-844a-de6f4b78b240', '02bcfd94-d449-4c53-844a-de6f4b78b240', '02bcfd94-d449-4c53-844a-de6f4b78b240', '02bcfd94-d449-4c53-844a-de6f4b78b240', '02bcfd94-d449-4c53-844a-de6f4b78b240', '02bcfd94-d449-4c53-844a-de6f4b78b240', '02bcfd94-d449-4c53-844a-de6f4b78b240', '02bcfd94-d449-4c53-844a-de6f4b78b240', '02bcfd94-d449-4c53-844a-de6f4b78b240', '02bcfd94-d449-4c53-844a-de6f4b78b240', '02bcfd94-d449-4c53-844a-de6f4b78b240', '02bcfd94-d449-4c53-844a-de6f4b78b240', '02bcfd94-d449-4c53-844a-de6f4b78b240', '02bcfd94-d449-4c53-844a-de6f4b78b240', '02bcfd94-d449-4c53-844a-de6f4b78b240', '02bcfd94-d449-4c53-844a-de6f4b78b240', '02bcfd94-d449-4c53-844a-de6f4b78b240', '02bcfd94-d449-4c53-844a-de6f4b78b240', '02bcfd94-d449-4c53-844a-de6f4b78b240', '02bcfd94-d449-4c53-844a-de6f4b78b240', '02bcfd94-d449-4c53-844a-de6f4b78b240', '02bcfd94-d449-4c53-844a-de6f4b78b240', '02bcfd94-d449-4c53-844a-de6f4b78b240', 'c2b76907-5425-42c5-8bd1-086182bda79f', '06adb527-d328-4bc4-b4a1-769639486cac', '935dcf06-535f-4a54-b5de-c97054200065', 'ecfaf996-f0fc-4007-85ce-4640d6d4b8c7', '3687b9c3-482c-4b5e-b228-9163bc483ad3', '3d3ad3f3-0cd9-49b0-ba48-c87a99462764', 'bac71c40-53bb-4845-88d3-ce39ff1eda1c', 'ce719a5c-73f6-4603-94d3-9b2f4f67cd79', 'a5fb7d54-38b1-4a51-aae7-24c51ba43047', '973dad72-6d17-4ed0-9be5-92b53d54e91c', '66db2a31-b252-4e83-b91a-5fa70713a292']"
eb5e99b9-e9b4-48b9-8e27-31c2a0422a79,3,"['02bcfd94-d449-4c53-844a-de6f4b78b240', '02bcfd94-d449-4c53-844a-de6f4b78b240', '02bcfd94-d449-4c53-844a-de6f4b78b240', '02bcfd94-d449-4c53-844a-de6f4b78b240', '02bcfd94-d449-4c53-844a-de6f4b78b240', '02bcfd94-d449-4c53-844a-de6f4b78b240', '02bcfd94-d449-4c53-844a-de6f4b78b240', '02bcfd94-d449-4c53-844a-de6f4b78b240', '02bcfd94-d449-4c53-844a-de6f4b78b240', '02bcfd94-d449-4c53-844a-de6f4b78b240', '02bcfd94-d449-4c53-844a-de6f4b78b240', '02bcfd94-d449-4c53-844a-de6f4b78b240', '02bcfd94-d449-4c53-844a-de6f4b78b240', '02bcfd94-d449-4c53-844a-de6f4b78b240', '02bcfd94-d449-4c53-844a-de6f4b78b240', '02bcfd94-d449-4c53-844a-de6f4b78b240', '02bcfd94-d449-4c53-844a-de6f4b78b240', '02bcfd94-d449-4c53-844a-de6f4b78b240', '02bcfd94-d449-4c53-844a-de6f4b78b240', '02bcfd94-d449-4c53-844a-de6f4b78b240', '02bcfd94-d449-4c53-844a-de6f4b78b240', '02bcfd94-d449-4c53-844a-de6f4b78b240', '02bcfd94-d449-4c53-844a-de6f4b78b240', '02bcfd94-d449-4c53-844a-de6f4b78b240', '02bcfd94-d449-4c53-844a-de6f4b78b240', '02bcfd94-d449-4c53-844a-de6f4b78b240', '02bcfd94-d449-4c53-844a-de6f4b78b240', '3687b9c3-482c-4b5e-b228-9163bc483ad3', '3687b9c3-482c-4b5e-b228-9163bc483ad3', '3687b9c3-482c-4b5e-b228-9163bc483ad3', '973dad72-6d17-4ed0-9be5-92b53d54e91c', '66db2a31-b252-4e83-b91a-5fa70713a292', '66db2a31-b252-4e83-b91a-5fa70713a292', '66db2a31-b252-4e83-b91a-5fa70713a292', 'bd57f2b5-4064-4f7f-8861-c5b00cab9948', '429cdd20-c83e-4b47-baf5-6428b1d43a8b', '196ad17c-6e03-4060-8e46-ea081fec6cc9', 'cc20271f-20d2-4310-b34b-c6e552997548', 'e815b631-6635-48c6-82a5-75326cb1b99d', 'cb86f07d-2efd-417d-9200-82fafa98fd3d', '06d92a2b-235e-4f5d-9e89-6dbc1b4805da', 'e0587894-289c-4c94-982f-5750198ebfb3', '451f88db-f048-49dc-a6bf-529fc90e2fec', '2023348d-b8d5-4acb-90e2-07d49825f1fe', '8685e867-5d0c-4a2d-84b6-41fe2c737105', '46cca9a5-0b8d-408e-9b29-064c6b871648', '0e4ba510-3dd7-4f46-a174-a41726494538', '1b555e65-3603-4cba-b416-a341c33a8f66', 'cbb48109-d0b3-48e9-9f41-34adaab1add8', '477bc21f-1311-45ce-9b12-3bef15a22b28']"
eb5e99b9-e9b4-48b9-8e27-31c2a0422a79,4,"['02bcfd94-d449-4c53-844a-de6f4b78b240', '02bcfd94-d449-4c53-844a-de6f4b78b240', '02bcfd94-d449-4c53-844a-de6f4b78b240', '02bcfd94-d449-4c53-844a-de6f4b78b240', '02bcfd94-d449-4c53-844a-de6f4b78b240', '02bcfd94-d449-4c53-844a-de6f4b78b240', '02bcfd94-d449-4c53-844a-de6f4b78b240', '02bcfd94-d449-4c53-844a-de6f4b78b240', '02bcfd94-d449-4c53-844a-de6f4b78b240', '3687b9c3-482c-4b5e-b228-9163bc483ad3', '3687b9c3-482c-4b5e-b228-9163bc483ad3', '3687b9c3-482c-4b5e-b228-9163bc483ad3', '3687b9c3-482c-4b5e-b228-9163bc483ad3', '3687b9c3-482c-4b5e-b228-9163bc483ad3', '3687b9c3-482c-4b5e-b228-9163bc483ad3', '3687b9c3-482c-4b5e-b228-9163bc483ad3', '3687b9c3-482c-4b5e-b228-9163bc483ad3', '3687b9c3-482c-4b5e-b228-9163bc483ad3', '3687b9c3-482c-4b5e-b228-9163bc483ad3', '66db2a31-b252-4e83-b91a-5fa70713a292', '66db2a31-b252-4e83-b91a-5fa70713a292', '66db2a31-b252-4e83-b91a-5fa70713a292', '66db2a31-b252-4e83-b91a-5fa70713a292', '66db2a31-b252-4e83-b91a-5fa70713a292', 'e0587894-289c-4c94-982f-5750198ebfb3', 'e0587894-289c-4c94-982f-5750198ebfb3', '1b555e65-3603-4cba-b416-a341c33a8f66', 'cbb48109-d0b3-48e9-9f41-34adaab1add8', 'cbb48109-d0b3-48e9-9f41-34adaab1add8', 'cbb48109-d0b3-48e9-9f41-34adaab1add8', 'cbb48109-d0b3-48e9-9f41-34adaab1add8', 'cbb48109-d0b3-48e9-9f41-34adaab1add8', 'cbb48109-d0b3-48e9-9f41-34adaab1add8', 'cbb48109-d0b3-48e9-9f41-34adaab1add8', 'cbb48109-d0b3-48e9-9f41-34adaab1add8', 'cbb48109-d0b3-48e9-9f41-34adaab1add8', 'cbb48109-d0b3-48e9-9f41-34adaab1add8', 'cbb48109-d0b3-48e9-9f41-34adaab1add8', 'cbb48109-d0b3-48e9-9f41-34adaab1add8', 'cbb48109-d0b3-48e9-9f41-34adaab1add8', 'cbb48109-d0b3-48e9-9f41-34adaab1add8', '4ded63e4-f704-40e4-a153-e9f0e8011117', '5270ff99-0b7e-49b4-a59a-6f6068e52c5a', '4be85218-f3e9-43a5-8815-6319d14ca2f6', '75c1ec6d-0f20-4dd0-a433-f2f6c4f62ece', '7e49d378-3cad-44bb-886f-f77bf453523d', '38dc649a-54ea-42b6-b633-2a4fd36b3a7a', 'adb68714-1dfa-4b8b-8ccc-d5bded21565f', '8167f510-6bdc-470e-8df1-6cf1280869fe', 'b6b80802-31fe-4256-8aaa-170e0426b55f']"
eb5e99b9-e9b4-48b9-8e27-31c2a0422a79,5,"['3687b9c3-482c-4b5e-b228-9163bc483ad3', '3687b9c3-482c-4b5e-b228-9163bc483ad3', '3687b9c3-482c-4b5e-b228-9163bc483ad3', 'cbb48109-d0b3-48e9-9f41-34adaab1add8', 'cbb48109-d0b3-48e9-9f41-34adaab1add8', 'cbb48109-d0b3-48e9-9f41-34adaab1add8', 'cbb48109-d0b3-48e9-9f41-34adaab1add8', 'cbb48109-d0b3-48e9-9f41-34adaab1add8', 'cbb48109-d0b3-48e9-9f41-34adaab1add8', 'cbb48109-d0b3-48e9-9f41-34adaab1add8', 'cbb48109-d0b3-48e9-9f41-34adaab1add8', 'cbb48109-d0b3-48e9-9f41-34adaab1add8', 'cbb48109-d0b3-48e9-9f41-34adaab1add8', 'cbb48109-d0b3-48e9-9f41-34adaab1add8', 'cbb48109-d0b3-48e9-9f41-34adaab1add8', 'cbb48109-d0b3-48e9-9f41-34adaab1add8', 'cbb48109-d0b3-48e9-9f41-34adaab1add8', 'cbb48109-d0b3-48e9-9f41-34adaab1add8', '5270ff99-0b7e-49b4-a59a-6f6068e52c5a', '5270ff99-0b7e-49b4-a59a-6f6068e52c5a', '5270ff99-0b7e-49b4-a59a-6f6068e52c5a', '5270ff99-0b7e-49b4-a59a-6f6068e52c5a', '5270ff99-0b7e-49b4-a59a-6f6068e52c5a', '5270ff99-0b7e-49b4-a59a-6f6068e52c5a', '5270ff99-0b7e-49b4-a59a-6f6068e52c5a', '5270ff99-0b7e-49b4-a59a-6f6068e52c5a', '5270ff99-0b7e-49b4-a59a-6f6068e52c5a', '5270ff99-0b7e-49b4-a59a-6f6068e52c5a', '5270ff99-0b7e-49b4-a59a-6f6068e52c5a', '5270ff99-0b7e-49b4-a59a-6f6068e52c5a', '5270ff99-0b7e-49b4-a59a-6f6068e52c5a', '5270ff99-0b7e-49b4-a59a-6f6068e52c5a', '5270ff99-0b7e-49b4-a59a-6f6068e52c5a', '5270ff99-0b7e-49b4-a59a-6f6068e52c5a', '5270ff99-0b7e-49b4-a59a-6f6068e52c5a', '5270ff99-0b7e-49b4-a59a-6f6068e52c5a', '5270ff99-0b7e-49b4-a59a-6f6068e52c5a', '92100ebe-37ac-405e-89dc-765a19058c11', 'e6e67cea-2d81-4642-94f6-65252309d61e', 'fa987b31-0328-4a47-9a70-dffa45e2f6c8', 'c945584b-c924-41fc-bfa0-38112b3058e7', '8d85f0d8-286b-429c-9fa2-b56e79a55126', 'eb31515e-50a8-46c1-95f5-b8a1a7b0681a', '353e2db7-5d04-4d53-81c1-49827689a60a', '61eb70a1-6567-4c32-8dd7-655cc75f18c1', 'd97835ca-def4-4ef4-be1f-0657deae8498', 'c9d77315-63fa-4357-95b3-8849ae997366', '4447d26c-f871-44df-8a84-bed8a5d98f3c', '6ec22e4d-75ee-4443-bf0c-1449389a5843', 'da397882-861a-4230-8a69-9122d26b9e42']"
eb5e99b9-e9b4-48b9-8e27-31c2a0422a79,6,"['cbb48109-d0b3-48e9-9f41-34adaab1add8', '5270ff99-0b7e-49b4-a59a-6f6068e52c5a', '5270ff99-0b7e-49b4-a59a-6f6068e52c5a', '5270ff99-0b7e-49b4-a59a-6f6068e52c5a', '5270ff99-0b7e-49b4-a59a-6f6068e52c5a', '5270ff99-0b7e-49b4-a59a-6f6068e52c5a', '5270ff99-0b7e-49b4-a59a-6f6068e52c5a', '5270ff99-0b7e-49b4-a59a-6f6068e52c5a', '5270ff99-0b7e-49b4-a59a-6f6068e52c5a', '5270ff99-0b7e-49b4-a59a-6f6068e52c5a', '5270ff99-0b7e-49b4-a59a-6f6068e52c5a', '5270ff99-0b7e-49b4-a59a-6f6068e52c5a', '5270ff99-0b7e-49b4-a59a-6f6068e52c5a', '5270ff99-0b7e-49b4-a59a-6f6068e52c5a', '5270ff99-0b7e-49b4-a59a-6f6068e52c5a', '5270ff99-0b7e-49b4-a59a-6f6068e52c5a', '5270ff99-0b7e-49b4-a59a-6f6068e52c5a', '5270ff99-0b7e-49b4-a59a-6f6068e52c5a', '5270ff99-0b7e-49b4-a59a-6f6068e52c5a', '5270ff99-0b7e-49b4-a59a-6f6068e52c5a', '5270ff99-0b7e-49b4-a59a-6f6068e52c5a', '5270ff99-0b7e-49b4-a59a-6f6068e52c5a', '5270ff99-0b7e-49b4-a59a-6f6068e52c5a', '5270ff99-0b7e-49b4-a59a-6f6068e52c5a', '5270ff99-0b7e-49b4-a59a-6f6068e52c5a', '5270ff99-0b7e-49b4-a59a-6f6068e52c5a', '5270ff99-0b7e-49b4-a59a-6f6068e52c5a', '5270ff99-0b7e-49b4-a59a-6f6068e52c5a', '5270ff99-0b7e-49b4-a59a-6f6068e52c5a', '5270ff99-0b7e-49b4-a59a-6f6068e52c5a', '5270ff99-0b7e-49b4-a59a-6f6068e52c5a', '5270ff99-0b7e-49b4-a59a-6f6068e52c5a', '5270ff99-0b7e-49b4-a59a-6f6068e52c5a', '5270ff99-0b7e-49b4-a59a-6f6068e52c5a', '5270ff99-0b7e-49b4-a59a-6f6068e52c5a', '5270ff99-0b7e-49b4-a59a-6f6068e52c5a', '5270ff99-0b7e-49b4-a59a-6f6068e52c5a', '5270ff99-0b7e-49b4-a59a-6f6068e52c5a', '5270ff99-0b7e-49b4-a59a-6f6068e52c5a', '99138106-8044-42a8-b03a-a2b163733fba', '8db8ff4f-5076-404f-900a-3a018c6fa7af', '534f11dd-dd01-4dfb-9733-5527b9cec1b3', 'a597c87c-25eb-48d2-b406-9fc97e916673', '3d781f68-61ef-4a89-adca-d96dc46d5c2e', '5bf52a55-3062-4d83-b1e9-5c15fbe7bdec', '3777c59b-f1c2-439c-bfe9-47f92775efc6', '6a76a054-685c-4bb8-a54b-0289efcc55d6', '9a589257-608b-4221-a8c3-39e8d691dd1a', '5121b538-dcb7-4c72-9571-ac4799c82da5', '2ebe8595-262c-4b7e-9927-86aef9db68d9']"
eb5e99b9-e9b4-48b9-8e27-31c2a0422a79,7,"['cbb48109-d0b3-48e9-9f41-34adaab1add8', '5270ff99-0b7e-49b4-a59a-6f6068e52c5a', '5270ff99-0b7e-49b4-a59a-6f6068e52c5a', '5270ff99-0b7e-49b4-a59a-6f6068e52c5a', '5270ff99-0b7e-49b4-a59a-6f6068e52c5a', '5270ff99-0b7e-49b4-a59a-6f6068e52c5a', '5270ff99-0b7e-49b4-a59a-6f6068e52c5a', '5270ff99-0b7e-49b4-a59a-6f6068e52c5a', '5270ff99-0b7e-49b4-a59a-6f6068e52c5a', '5270ff99-0b7e-49b4-a59a-6f6068e52c5a', '5270ff99-0b7e-49b4-a59a-6f6068e52c5a', '5270ff99-0b7e-49b4-a59a-6f6068e52c5a', '5270ff99-0b7e-49b4-a59a-6f6068e52c5a', '5270ff99-0b7e-49b4-a59a-6f6068e52c5a', '5270ff99-0b7e-49b4-a59a-6f6068e52c5a', '5270ff99-0b7e-49b4-a59a-6f6068e52c5a', '5270ff99-0b7e-49b4-a59a-6f6068e52c5a', '5270ff99-0b7e-49b4-a59a-6f6068e52c5a', '5270ff99-0b7e-49b4-a59a-6f6068e52c5a', '5270ff99-0b7e-49b4-a59a-6f6068e52c5a', '5270ff99-0b7e-49b4-a59a-6f6068e52c5a', '5270ff99-0b7e-49b4-a59a-6f6068e52c5a', '5270ff99-0b7e-49b4-a59a-6f6068e52c5a', '5270ff99-0b7e-49b4-a59a-6f6068e52c5a', '5270ff99-0b7e-49b4-a59a-6f6068e52c5a', '5270ff99-0b7e-49b4-a59a-6f6068e52c5a', '5270ff99-0b7e-49b4-a59a-6f6068e52c5a', '5270ff99-0b7e-49b4-a59a-6f6068e52c5a', '5270ff99-0b7e-49b4-a59a-6f6068e52c5a', '5270ff99-0b7e-49b4-a59a-6f6068e52c5a', '5270ff99-0b7e-49b4-a59a-6f6068e52c5a', '5270ff99-0b7e-49b4-a59a-6f6068e52c5a', '99138106-8044-42a8-b03a-a2b163733fba', '8db8ff4f-5076-404f-900a-3a018c6fa7af', '534f11dd-dd01-4dfb-9733-5527b9cec1b3', 'a597c87c-25eb-48d2-b406-9fc97e916673', '3d781f68-61ef-4a89-adca-d96dc46d5c2e', '5bf52a55-3062-4d83-b1e9-5c15fbe7bdec', '3777c59b-f1c2-439c-bfe9-47f92775efc6', '6a76a054-685c-4bb8-a54b-0289efcc55d6', '9a589257-608b-4221-a8c3-39e8d691dd1a', '5121b538-dcb7-4c72-9571-ac4799c82da5', '2ebe8595-262c-4b7e-9927-86aef9db68d9', '99d9af68-6e99-4d89-8706-6e2c2acb3121', 'c9e01eb0-6242-4d49-8ad4-217ae4707a66', '8450a8a0-54ee-499a-928a-63e7130a3b28', 'ed9171aa-35bf-4550-8232-bc3d41f4c44c', 'a93f6bf0-47ab-4c53-8aec-0179a0605e95', 'd45612e0-f735-4788-a639-b4c0d6696e70', 'b86b38d9-bdfa-458b-844b-82112f4dd9ce']"
eb5e99b9-e9b4-48b9-8e27-31c2a0422a79,8,"['cbb48109-d0b3-48e9-9f41-34adaab1add8', '5270ff99-0b7e-49b4-a59a-6f6068e52c5a', '5270ff99-0b7e-49b4-a59a-6f6068e52c5a', '5270ff99-0b7e-49b4-a59a-6f6068e52c5a', '5270ff99-0b7e-49b4-a59a-6f6068e52c5a', '5270ff99-0b7e-49b4-a59a-6f6068e52c5a', '5270ff99-0b7e-49b4-a59a-6f6068e52c5a', '5270ff99-0b7e-49b4-a59a-6f6068e52c5a', '5270ff99-0b7e-49b4-a59a-6f6068e52c5a', '5270ff99-0b7e-49b4-a59a-6f6068e52c5a', '5270ff99-0b7e-49b4-a59a-6f6068e52c5a', '5270ff99-0b7e-49b4-a59a-6f6068e52c5a', '5270ff99-0b7e-49b4-a59a-6f6068e52c5a', '5270ff99-0b7e-49b4-a59a-6f6068e52c5a', '5270ff99-0b7e-49b4-a59a-6f6068e52c5a', '5270ff99-0b7e-49b4-a59a-6f6068e52c5a', '5270ff99-0b7e-49b4-a59a-6f6068e52c5a', '5270ff99-0b7e-49b4-a59a-6f6068e52c5a', '5270ff99-0b7e-49b4-a59a-6f6068e52c5a', '5270ff99-0b7e-49b4-a59a-6f6068e52c5a', '5270ff99-0b7e-49b4-a59a-6f6068e52c5a', '99138106-8044-42a8-b03a-a2b163733fba', '8db8ff4f-5076-404f-900a-3a018c6fa7af', '534f11dd-dd01-4dfb-9733-5527b9cec1b3', 'a597c87c-25eb-48d2-b406-9fc97e916673', '3d781f68-61ef-4a89-adca-d96dc46d5c2e', '5bf52a55-3062-4d83-b1e9-5c15fbe7bdec', '3777c59b-f1c2-439c-bfe9-47f92775efc6', '6a76a054-685c-4bb8-a54b-0289efcc55d6', '9a589257-608b-4221-a8c3-39e8d691dd1a', '5121b538-dcb7-4c72-9571-ac4799c82da5', '2ebe8595-262c-4b7e-9927-86aef9db68d9', '99d9af68-6e99-4d89-8706-6e2c2acb3121', 'c9e01eb0-6242-4d49-8ad4-217ae4707a66', '8450a8a0-54ee-499a-928a-63e7130a3b28', 'ed9171aa-35bf-4550-8232-bc3d41f4c44c', 'a93f6bf0-47ab-4c53-8aec-0179a0605e95', 'd45612e0-f735-4788-a639-b4c0d6696e70', 'b86b38d9-bdfa-458b-844b-82112f4dd9ce', '3ec7b0fc-6752-42e4-9c34-921beb87c79b', '069e4632-3d52-4a81-846d-027550c6d4cf', '67bae107-8afc-47e0-af97-d85ece6b2fc2', 'dda5d159-50f6-40f0-ae9d-2f4a87e861f2', '059b1ec2-b555-456b-a016-c597a7bfdfbc', 'a11c5676-e581-46dd-ac0b-459d7714559d', 'fad916ba-7cd8-41c1-b5e9-fc3ae1eaadc7', 'd6704725-e558-4898-aa5c-adc1c350138e', 'eafe123d-c425-458e-b38e-cae930f8f55d', 'b67e65f0-766f-40f9-a679-3237d105ba54', '0f123f2b-c6cd-4a11-9832-2b6ba39f4637']"
eb5e99b9-e9b4-48b9-8e27-31c2a0422a79,9,"['5270ff99-0b7e-49b4-a59a-6f6068e52c5a', '5270ff99-0b7e-49b4-a59a-6f6068e52c5a', '5270ff99-0b7e-49b4-a59a-6f6068e52c5a', '5270ff99-0b7e-49b4-a59a-6f6068e52c5a', '5270ff99-0b7e-49b4-a59a-6f6068e52c5a', '5270ff99-0b7e-49b4-a59a-6f6068e52c5a', '5270ff99-0b7e-49b4-a59a-6f6068e52c5a', '5270ff99-0b7e-49b4-a59a-6f6068e52c5a', '5270ff99-0b7e-49b4-a59a-6f6068e52c5a', '5270ff99-0b7e-49b4-a59a-6f6068e52c5a', '5270ff99-0b7e-49b4-a59a-6f6068e52c5a', '5270ff99-0b7e-49b4-a59a-6f6068e52c5a', '5270ff99-0b7e-49b4-a59a-6f6068e52c5a', '5270ff99-0b7e-49b4-a59a-6f6068e52c5a', '5270ff99-0b7e-49b4-a59a-6f6068e52c5a', '5270ff99-0b7e-49b4-a59a-6f6068e52c5a', '5270ff99-0b7e-49b4-a59a-6f6068e52c5a', '5270ff99-0b7e-49b4-a59a-6f6068e52c5a', '5270ff99-0b7e-49b4-a59a-6f6068e52c5a', '5270ff99-0b7e-49b4-a59a-6f6068e52c5a', '5270ff99-0b7e-49b4-a59a-6f6068e52c5a', '5270ff99-0b7e-49b4-a59a-6f6068e52c5a', '5270ff99-0b7e-49b4-a59a-6f6068e52c5a', '5270ff99-0b7e-49b4-a59a-6f6068e52c5a', '5270ff99-0b7e-49b4-a59a-6f6068e52c5a', '5270ff99-0b7e-49b4-a59a-6f6068e52c5a', '5270ff99-0b7e-49b4-a59a-6f6068e52c5a', '5270ff99-0b7e-49b4-a59a-6f6068e52c5a', '5270ff99-0b7e-49b4-a59a-6f6068e52c5a', '5270ff99-0b7e-49b4-a59a-6f6068e52c5a', '5270ff99-0b7e-49b4-a59a-6f6068e52c5a', '5270ff99-0b7e-49b4-a59a-6f6068e52c5a', '5270ff99-0b7e-49b4-a59a-6f6068e52c5a', '5270ff99-0b7e-49b4-a59a-6f6068e52c5a', '5270ff99-0b7e-49b4-a59a-6f6068e52c5a', '5270ff99-0b7e-49b4-a59a-6f6068e52c5a', 'dda5d159-50f6-40f0-ae9d-2f4a87e861f2', 'dda5d159-50f6-40f0-ae9d-2f4a87e861f2', 'dda5d159-50f6-40f0-ae9d-2f4a87e861f2', 'dda5d159-50f6-40f0-ae9d-2f4a87e861f2', 'dda5d159-50f6-40f0-ae9d-2f4a87e861f2', 'dda5d159-50f6-40f0-ae9d-2f4a87e861f2', 'dda5d159-50f6-40f0-ae9d-2f4a87e861f2', '73205ff8-bf53-4b25-afbe-e07007d5c7de', 'ba80fa1b-29fb-4766-9935-bb4c61b71aff', '1c10f3a4-d1a3-4f12-a65f-3876d74bfe43', '6eb63578-5867-4f59-8941-b9e6444f84ee', 'dd805cee-fa41-4efb-a914-a4be327a3eb0', 'd0391f9b-ea18-4f84-be6c-97f316161258', '3625c96b-24dc-475a-96b1-04f206654ce4']"
eb5e99b9-e9b4-48b9-8e27-31c2a0422a79,10,"['5270ff99-0b7e-49b4-a59a-6f6068e52c5a', '5270ff99-0b7e-49b4-a59a-6f6068e52c5a', '5270ff99-0b7e-49b4-a59a-6f6068e52c5a', '5270ff99-0b7e-49b4-a59a-6f6068e52c5a', '5270ff99-0b7e-49b4-a59a-6f6068e52c5a', '5270ff99-0b7e-49b4-a59a-6f6068e52c5a', '5270ff99-0b7e-49b4-a59a-6f6068e52c5a', '5270ff99-0b7e-49b4-a59a-6f6068e52c5a', '5270ff99-0b7e-49b4-a59a-6f6068e52c5a', '5270ff99-0b7e-49b4-a59a-6f6068e52c5a', '5270ff99-0b7e-49b4-a59a-6f6068e52c5a', '5270ff99-0b7e-49b4-a59a-6f6068e52c5a', '5270ff99-0b7e-49b4-a59a-6f6068e52c5a', '5270ff99-0b7e-49b4-a59a-6f6068e52c5a', '5270ff99-0b7e-49b4-a59a-6f6068e52c5a', '5270ff99-0b7e-49b4-a59a-6f6068e52c5a', '5270ff99-0b7e-49b4-a59a-6f6068e52c5a', '5270ff99-0b7e-49b4-a59a-6f6068e52c5a', '5270ff99-0b7e-49b4-a59a-6f6068e52c5a', '5270ff99-0b7e-49b4-a59a-6f6068e52c5a', '5270ff99-0b7e-49b4-a59a-6f6068e52c5a', '5270ff99-0b7e-49b4-a59a-6f6068e52c5a', '5270ff99-0b7e-49b4-a59a-6f6068e52c5a', '5270ff99-0b7e-49b4-a59a-6f6068e52c5a', '5270ff99-0b7e-49b4-a59a-6f6068e52c5a', '5270ff99-0b7e-49b4-a59a-6f6068e52c5a', '5270ff99-0b7e-49b4-a59a-6f6068e52c5a', '5270ff99-0b7e-49b4-a59a-6f6068e52c5a', '5270ff99-0b7e-49b4-a59a-6f6068e52c5a', '5270ff99-0b7e-49b4-a59a-6f6068e52c5a', '5270ff99-0b7e-49b4-a59a-6f6068e52c5a', '5270ff99-0b7e-49b4-a59a-6f6068e52c5a', '5270ff99-0b7e-49b4-a59a-6f6068e52c5a', 'dda5d159-50f6-40f0-ae9d-2f4a87e861f2', 'dda5d159-50f6-40f0-ae9d-2f4a87e861f2', 'dda5d159-50f6-40f0-ae9d-2f4a87e861f2', 'dda5d159-50f6-40f0-ae9d-2f4a87e861f2', 'dda5d159-50f6-40f0-ae9d-2f4a87e861f2', '73205ff8-bf53-4b25-afbe-e07007d5c7de', '1c10f3a4-d1a3-4f12-a65f-3876d74bfe43', '6eb63578-5867-4f59-8941-b9e6444f84ee', 'dd805cee-fa41-4efb-a914-a4be327a3eb0', 'd0391f9b-ea18-4f84-be6c-97f316161258', '3625c96b-24dc-475a-96b1-04f206654ce4', 'ef1abe96-f75c-4a1d-9972-8d0ba8bcb4cd', 'c52397fb-a469-4489-bcd0-52c6af72728a', 'cad0d628-bbde-4a71-a834-9ae66ee994fa', 'ddaa8bef-e83f-4952-ab70-e6855d25a410', 'f732c41f-ffe4-474d-9cc5-3b935bafd46a', '461eebfa-f032-4558-9315-7c02e318b2b7']"
eb5e99b9-e9b4-48b9-8e27-31c2a0422a79,11,"['5270ff99-0b7e-49b4-a59a-6f6068e52c5a', '5270ff99-0b7e-49b4-a59a-6f6068e52c5a', '5270ff99-0b7e-49b4-a59a-6f6068e52c5a', '5270ff99-0b7e-49b4-a59a-6f6068e52c5a', '5270ff99-0b7e-49b4-a59a-6f6068e52c5a', '5270ff99-0b7e-49b4-a59a-6f6068e52c5a', '5270ff99-0b7e-49b4-a59a-6f6068e52c5a', '5270ff99-0b7e-49b4-a59a-6f6068e52c5a', '5270ff99-0b7e-49b4-a59a-6f6068e52c5a', '5270ff99-0b7e-49b4-a59a-6f6068e52c5a', '5270ff99-0b7e-49b4-a59a-6f6068e52c5a', '5270ff99-0b7e-49b4-a59a-6f6068e52c5a', '5270ff99-0b7e-49b4-a59a-6f6068e52c5a', '5270ff99-0b7e-49b4-a59a-6f6068e52c5a', '5270ff99-0b7e-49b4-a59a-6f6068e52c5a', '5270ff99-0b7e-49b4-a59a-6f6068e52c5a', '5270ff99-0b7e-49b4-a59a-6f6068e52c5a', '5270ff99-0b7e-49b4-a59a-6f6068e52c5a', '5270ff99-0b7e-49b4-a59a-6f6068e52c5a', '5270ff99-0b7e-49b4-a59a-6f6068e52c5a', '5270ff99-0b7e-49b4-a59a-6f6068e52c5a', '5270ff99-0b7e-49b4-a59a-6f6068e52c5a', '5270ff99-0b7e-49b4-a59a-6f6068e52c5a', '5270ff99-0b7e-49b4-a59a-6f6068e52c5a', 'dda5d159-50f6-40f0-ae9d-2f4a87e861f2', 'dda5d159-50f6-40f0-ae9d-2f4a87e861f2', 'dda5d159-50f6-40f0-ae9d-2f4a87e861f2', 'dda5d159-50f6-40f0-ae9d-2f4a87e861f2', '73205ff8-bf53-4b25-afbe-e07007d5c7de', '6eb63578-5867-4f59-8941-b9e6444f84ee', 'd0391f9b-ea18-4f84-be6c-97f316161258', '3625c96b-24dc-475a-96b1-04f206654ce4', 'c52397fb-a469-4489-bcd0-52c6af72728a', 'cad0d628-bbde-4a71-a834-9ae66ee994fa', 'ddaa8bef-e83f-4952-ab70-e6855d25a410', 'f732c41f-ffe4-474d-9cc5-3b935bafd46a', '461eebfa-f032-4558-9315-7c02e318b2b7', '4bca1d70-5301-48fe-af76-883c9a0cf0ae', '7ca2dc49-445d-4feb-ac3c-3e4e00085eeb', 'd13fd15b-49ac-42a0-b2f2-35f6689cc93f', '08bfa792-f27f-4dd4-9c15-171c1dcdfbd7', '1ddc9588-8f37-4ed8-9039-caa68dec6834', '87225063-8d71-414f-8d95-1d6ed4cad8a2', '7a5e57ca-8ed6-4884-9c73-e604fb06e478', 'd74be10b-f799-46b1-bbbf-063593bb8899', '25a66b2f-d43b-4284-a3ba-15df0440271d', 'c1528474-e6a1-4134-ac4d-4abdbf7d03d2', 'a4c28327-1931-4d46-928b-f3da429a62cc', '12effcca-ea44-4733-b72f-1c5ed2b297a0', '813be5d2-e7fb-4209-a000-b16517cf5bd9']"
eb5e99b9-e9b4-48b9-8e27-31c2a0422a79,12,"['5270ff99-0b7e-49b4-a59a-6f6068e52c5a', '5270ff99-0b7e-49b4-a59a-6f6068e52c5a', '5270ff99-0b7e-49b4-a59a-6f6068e52c5a', '5270ff99-0b7e-49b4-a59a-6f6068e52c5a', '5270ff99-0b7e-49b4-a59a-6f6068e52c5a', '5270ff99-0b7e-49b4-a59a-6f6068e52c5a', '5270ff99-0b7e-49b4-a59a-6f6068e52c5a', '5270ff99-0b7e-49b4-a59a-6f6068e52c5a', '5270ff99-0b7e-49b4-a59a-6f6068e52c5a', '5270ff99-0b7e-49b4-a59a-6f6068e52c5a', '5270ff99-0b7e-49b4-a59a-6f6068e52c5a', '5270ff99-0b7e-49b4-a59a-6f6068e52c5a', '5270ff99-0b7e-49b4-a59a-6f6068e52c5a', '5270ff99-0b7e-49b4-a59a-6f6068e52c5a', '5270ff99-0b7e-49b4-a59a-6f6068e52c5a', '5270ff99-0b7e-49b4-a59a-6f6068e52c5a', '5270ff99-0b7e-49b4-a59a-6f6068e52c5a', '5270ff99-0b7e-49b4-a59a-6f6068e52c5a', '5270ff99-0b7e-49b4-a59a-6f6068e52c5a', 'dda5d159-50f6-40f0-ae9d-2f4a87e861f2', 'dda5d159-50f6-40f0-ae9d-2f4a87e861f2', 'dda5d159-50f6-40f0-ae9d-2f4a87e861f2', 'dda5d159-50f6-40f0-ae9d-2f4a87e861f2', 'dda5d159-50f6-40f0-ae9d-2f4a87e861f2', 'dda5d159-50f6-40f0-ae9d-2f4a87e861f2', 'dda5d159-50f6-40f0-ae9d-2f4a87e861f2', 'dda5d159-50f6-40f0-ae9d-2f4a87e861f2', 'dda5d159-50f6-40f0-ae9d-2f4a87e861f2', 'd13fd15b-49ac-42a0-b2f2-35f6689cc93f', 'd13fd15b-49ac-42a0-b2f2-35f6689cc93f', 'd13fd15b-49ac-42a0-b2f2-35f6689cc93f', 'd13fd15b-49ac-42a0-b2f2-35f6689cc93f', 'd13fd15b-49ac-42a0-b2f2-35f6689cc93f', 'd13fd15b-49ac-42a0-b2f2-35f6689cc93f', 'd13fd15b-49ac-42a0-b2f2-35f6689cc93f', 'd13fd15b-49ac-42a0-b2f2-35f6689cc93f', 'd13fd15b-49ac-42a0-b2f2-35f6689cc93f', 'd13fd15b-49ac-42a0-b2f2-35f6689cc93f', '0aadeeb5-b9f7-4871-9f67-a8f6bc0ebcdb', 'e93c00be-1e1e-489f-89c5-06add97b6387', '2f0c11b1-10b2-4642-966c-7639bfb9366a', 'abc91059-68e9-40d0-b0c5-0d1d5097887b', '256c2754-7925-4bd7-b517-9208f3cf4a1b', '6151c374-7774-443a-93da-e9a923f3d4ec', '9a013a9c-479c-4316-9e9b-7a9b85d73c4b', 'd9468912-59cc-4e50-a774-6daf1b82d7c9', '692167c2-17b1-4c2d-8a7b-f2880352df5e', '96ae439d-2bff-4638-95ec-06f6b25047f8', '6c5fc2ed-4b98-48a6-89d1-66c2d5da5357', '9cda52f6-db76-4f32-8efa-0b764a63e594']"
240e0a54-2eb0-4f3f-9e9d-b9026b017e48,0,"['81c87393-3982-4c60-b29e-3b1d6494546c', '81c87393-3982-4c60-b29e-3b1d6494546c', '81c87393-3982-4c60-b29e-3b1d6494546c', '81c87393-3982-4c60-b29e-3b1d6494546c', '81c87393-3982-4c60-b29e-3b1d6494546c', '81c87393-3982-4c60-b29e-3b1d6494546c', '81c87393-3982-4c60-b29e-3b1d6494546c', '81c87393-3982-4c60-b29e-3b1d6494546c', '81c87393-3982-4c60-b29e-3b1d6494546c', '81c87393-3982-4c60-b29e-3b1d6494546c', '81c87393-3982-4c60-b29e-3b1d6494546c', '81c87393-3982-4c60-b29e-3b1d6494546c', '81c87393-3982-4c60-b29e-3b1d6494546c', '81c87393-3982-4c60-b29e-3b1d6494546c', '81c87393-3982-4c60-b29e-3b1d6494546c', '81c87393-3982-4c60-b29e-3b1d6494546c', '81c87393-3982-4c60-b29e-3b1d6494546c', '81c87393-3982-4c60-b29e-3b1d6494546c', '81c87393-3982-4c60-b29e-3b1d6494546c', '81c87393-3982-4c60-b29e-3b1d6494546c', '81c87393-3982-4c60-b29e-3b1d6494546c', '81c87393-3982-4c60-b29e-3b1d6494546c', '81c87393-3982-4c60-b29e-3b1d6494546c', '81c87393-3982-4c60-b29e-3b1d6494546c', '81c87393-3982-4c60-b29e-3b1d6494546c', '81c87393-3982-4c60-b29e-3b1d6494546c', '81c87393-3982-4c60-b29e-3b1d6494546c', '81c87393-3982-4c60-b29e-3b1d6494546c', '81c87393-3982-4c60-b29e-3b1d6494546c', '81c87393-3982-4c60-b29e-3b1d6494546c', '81c87393-3982-4c60-b29e-3b1d6494546c', '81c87393-3982-4c60-b29e-3b1d6494546c', '81c87393-3982-4c60-b29e-3b1d6494546c', '81c87393-3982-4c60-b29e-3b1d6494546c', '81c87393-3982-4c60-b29e-3b1d6494546c', '81c87393-3982-4c60-b29e-3b1d6494546c', '81c87393-3982-4c60-b29e-3b1d6494546c', '81c87393-3982-4c60-b29e-3b1d6494546c', '81c87393-3982-4c60-b29e-3b1d6494546c', '81c87393-3982-4c60-b29e-3b1d6494546c', '81c87393-3982-4c60-b29e-3b1d6494546c', '81c87393-3982-4c60-b29e-3b1d6494546c', '81c87393-3982-4c60-b29e-3b1d6494546c', '81c87393-3982-4c60-b29e-3b1d6494546c', '81c87393-3982-4c60-b29e-3b1d6494546c', '81c87393-3982-4c60-b29e-3b1d6494546c', '81c87393-3982-4c60-b29e-3b1d6494546c', '81c87393-3982-4c60-b29e-3b1d6494546c', '81c87393-3982-4c60-b29e-3b1d6494546c', '81c87393-3982-4c60-b29e-3b1d6494546c']"
eb5e99b9-e9b4-48b9-8e27-31c2a0422a79,13,"['5270ff99-0b7e-49b4-a59a-6f6068e52c5a', '5270ff99-0b7e-49b4-a59a-6f6068e52c5a', '5270ff99-0b7e-49b4-a59a-6f6068e52c5a', 'dda5d159-50f6-40f0-ae9d-2f4a87e861f2', 'dda5d159-50f6-40f0-ae9d-2f4a87e861f2', 'dda5d159-50f6-40f0-ae9d-2f4a87e861f2', 'dda5d159-50f6-40f0-ae9d-2f4a87e861f2', 'd13fd15b-49ac-42a0-b2f2-35f6689cc93f', 'd13fd15b-49ac-42a0-b2f2-35f6689cc93f', 'd13fd15b-49ac-42a0-b2f2-35f6689cc93f', 'd13fd15b-49ac-42a0-b2f2-35f6689cc93f', 'd13fd15b-49ac-42a0-b2f2-35f6689cc93f', 'd13fd15b-49ac-42a0-b2f2-35f6689cc93f', 'd13fd15b-49ac-42a0-b2f2-35f6689cc93f', 'd13fd15b-49ac-42a0-b2f2-35f6689cc93f', 'd13fd15b-49ac-42a0-b2f2-35f6689cc93f', 'd13fd15b-49ac-42a0-b2f2-35f6689cc93f', 'd13fd15b-49ac-42a0-b2f2-35f6689cc93f', 'd13fd15b-49ac-42a0-b2f2-35f6689cc93f', 'd13fd15b-49ac-42a0-b2f2-35f6689cc93f', 'd13fd15b-49ac-42a0-b2f2-35f6689cc93f', 'd13fd15b-49ac-42a0-b2f2-35f6689cc93f', 'd13fd15b-49ac-42a0-b2f2-35f6689cc93f', 'd13fd15b-49ac-42a0-b2f2-35f6689cc93f', 'd13fd15b-49ac-42a0-b2f2-35f6689cc93f', 'd13fd15b-49ac-42a0-b2f2-35f6689cc93f', 'd13fd15b-49ac-42a0-b2f2-35f6689cc93f', 'd13fd15b-49ac-42a0-b2f2-35f6689cc93f', 'd13fd15b-49ac-42a0-b2f2-35f6689cc93f', 'd13fd15b-49ac-42a0-b2f2-35f6689cc93f', 'd13fd15b-49ac-42a0-b2f2-35f6689cc93f', 'd13fd15b-49ac-42a0-b2f2-35f6689cc93f', 'd13fd15b-49ac-42a0-b2f2-35f6689cc93f', 'd13fd15b-49ac-42a0-b2f2-35f6689cc93f', 'd13fd15b-49ac-42a0-b2f2-35f6689cc93f', 'd13fd15b-49ac-42a0-b2f2-35f6689cc93f', '6c5fc2ed-4b98-48a6-89d1-66c2d5da5357', '6c5fc2ed-4b98-48a6-89d1-66c2d5da5357', '6c5fc2ed-4b98-48a6-89d1-66c2d5da5357', '9cda52f6-db76-4f32-8efa-0b764a63e594', '3e22ebdd-cbf5-438b-b556-4b91428158b7', '98279fd9-7593-4b8a-917b-60c601a40e3e', '24844b4a-0007-48d9-a459-4534ef8335df', 'e86cb130-aee9-4a43-bef7-c95561e1cae0', 'fe6e5ebb-2a29-4abc-b03c-48e837c60514', '89452ff0-7f54-4c04-a9b4-762246b1b6e3', 'f49ad6e8-21f0-4134-bfef-b6fe30c4230e', '54ec0884-9de9-4dac-8677-fa9e63ac1872', 'fb9512e6-0b04-4f57-abb4-630609f93842', '1674f3b8-bf3c-4c29-985c-d794f6b9cbdb']"
240e0a54-2eb0-4f3f-9e9d-b9026b017e48,1,"['81c87393-3982-4c60-b29e-3b1d6494546c', '81c87393-3982-4c60-b29e-3b1d6494546c', '81c87393-3982-4c60-b29e-3b1d6494546c', '81c87393-3982-4c60-b29e-3b1d6494546c', '81c87393-3982-4c60-b29e-3b1d6494546c', '81c87393-3982-4c60-b29e-3b1d6494546c', '81c87393-3982-4c60-b29e-3b1d6494546c', '81c87393-3982-4c60-b29e-3b1d6494546c', '81c87393-3982-4c60-b29e-3b1d6494546c', '81c87393-3982-4c60-b29e-3b1d6494546c', '81c87393-3982-4c60-b29e-3b1d6494546c', '81c87393-3982-4c60-b29e-3b1d6494546c', '81c87393-3982-4c60-b29e-3b1d6494546c', '81c87393-3982-4c60-b29e-3b1d6494546c', '81c87393-3982-4c60-b29e-3b1d6494546c', '81c87393-3982-4c60-b29e-3b1d6494546c', '81c87393-3982-4c60-b29e-3b1d6494546c', '81c87393-3982-4c60-b29e-3b1d6494546c', '81c87393-3982-4c60-b29e-3b1d6494546c', '81c87393-3982-4c60-b29e-3b1d6494546c', '81c87393-3982-4c60-b29e-3b1d6494546c', '81c87393-3982-4c60-b29e-3b1d6494546c', '81c87393-3982-4c60-b29e-3b1d6494546c', '81c87393-3982-4c60-b29e-3b1d6494546c', '81c87393-3982-4c60-b29e-3b1d6494546c', '81c87393-3982-4c60-b29e-3b1d6494546c', '81c87393-3982-4c60-b29e-3b1d6494546c', '81c87393-3982-4c60-b29e-3b1d6494546c', '81c87393-3982-4c60-b29e-3b1d6494546c', '81c87393-3982-4c60-b29e-3b1d6494546c', '81c87393-3982-4c60-b29e-3b1d6494546c', '81c87393-3982-4c60-b29e-3b1d6494546c', '81c87393-3982-4c60-b29e-3b1d6494546c', '81c87393-3982-4c60-b29e-3b1d6494546c', '81c87393-3982-4c60-b29e-3b1d6494546c', '81c87393-3982-4c60-b29e-3b1d6494546c', '81c87393-3982-4c60-b29e-3b1d6494546c', '81c87393-3982-4c60-b29e-3b1d6494546c', '81c87393-3982-4c60-b29e-3b1d6494546c', '81c87393-3982-4c60-b29e-3b1d6494546c', '81c87393-3982-4c60-b29e-3b1d6494546c', 'eb92fc20-c2ea-4fca-a41e-68f8f6e6618a', '21557a81-7e18-46f3-a165-0a886687e6c7', '86c82b46-ba65-4353-bc8e-438856662739', 'c98c0e55-fafa-43a9-b8d1-2e26e9aa6062', 'ecb6fe76-2b78-4c99-8539-39e55f740c70', 'e5a4093a-30f8-4349-9ac9-3d7aa95ad7e1', '1547fb72-f35c-4179-a323-598f689ad105', '52559d31-1125-491f-bec2-164acf728611', 'd68dd262-e745-4c6f-9756-334c0b86b968']"
5fe50b78-b64a-4f23-8a5b-2bbb5a81b7c6,0,"['b6339362-802d-49de-b576-babfa941fc88', 'b6339362-802d-49de-b576-babfa941fc88', 'b6339362-802d-49de-b576-babfa941fc88', 'b6339362-802d-49de-b576-babfa941fc88', 'b6339362-802d-49de-b576-babfa941fc88', 'b6339362-802d-49de-b576-babfa941fc88', 'b6339362-802d-49de-b576-babfa941fc88', 'b6339362-802d-49de-b576-babfa941fc88', 'b6339362-802d-49de-b576-babfa941fc88', 'b6339362-802d-49de-b576-babfa941fc88', 'b6339362-802d-49de-b576-babfa941fc88', 'b6339362-802d-49de-b576-babfa941fc88', 'b6339362-802d-49de-b576-babfa941fc88', 'b6339362-802d-49de-b576-babfa941fc88', 'b6339362-802d-49de-b576-babfa941fc88', 'b6339362-802d-49de-b576-babfa941fc88', 'b6339362-802d-49de-b576-babfa941fc88', 'b6339362-802d-49de-b576-babfa941fc88', 'b6339362-802d-49de-b576-babfa941fc88', 'b6339362-802d-49de-b576-babfa941fc88', 'b6339362-802d-49de-b576-babfa941fc88', 'b6339362-802d-49de-b576-babfa941fc88', 'b6339362-802d-49de-b576-babfa941fc88', 'b6339362-802d-49de-b576-babfa941fc88', 'b6339362-802d-49de-b576-babfa941fc88', 'b6339362-802d-49de-b576-babfa941fc88', 'b6339362-802d-49de-b576-babfa941fc88', 'b6339362-802d-49de-b576-babfa941fc88', 'b6339362-802d-49de-b576-babfa941fc88', 'b6339362-802d-49de-b576-babfa941fc88', 'b6339362-802d-49de-b576-babfa941fc88', 'b6339362-802d-49de-b576-babfa941fc88', 'b6339362-802d-49de-b576-babfa941fc88', 'b6339362-802d-49de-b576-babfa941fc88', 'b6339362-802d-49de-b576-babfa941fc88', 'b6339362-802d-49de-b576-babfa941fc88', 'b6339362-802d-49de-b576-babfa941fc88', 'b6339362-802d-49de-b576-babfa941fc88', 'b6339362-802d-49de-b576-babfa941fc88', 'b6339362-802d-49de-b576-babfa941fc88', 'b6339362-802d-49de-b576-babfa941fc88', 'b6339362-802d-49de-b576-babfa941fc88', 'b6339362-802d-49de-b576-babfa941fc88', 'b6339362-802d-49de-b576-babfa941fc88', 'b6339362-802d-49de-b576-babfa941fc88', 'b6339362-802d-49de-b576-babfa941fc88', 'b6339362-802d-49de-b576-babfa941fc88', 'b6339362-802d-49de-b576-babfa941fc88', 'b6339362-802d-49de-b576-babfa941fc88', 'b6339362-802d-49de-b576-babfa941fc88']"
eb5e99b9-e9b4-48b9-8e27-31c2a0422a79,14,"['5270ff99-0b7e-49b4-a59a-6f6068e52c5a', '5270ff99-0b7e-49b4-a59a-6f6068e52c5a', '5270ff99-0b7e-49b4-a59a-6f6068e52c5a', 'dda5d159-50f6-40f0-ae9d-2f4a87e861f2', 'dda5d159-50f6-40f0-ae9d-2f4a87e861f2', 'dda5d159-50f6-40f0-ae9d-2f4a87e861f2', 'd13fd15b-49ac-42a0-b2f2-35f6689cc93f', 'd13fd15b-49ac-42a0-b2f2-35f6689cc93f', 'd13fd15b-49ac-42a0-b2f2-35f6689cc93f', 'd13fd15b-49ac-42a0-b2f2-35f6689cc93f', 'd13fd15b-49ac-42a0-b2f2-35f6689cc93f', 'd13fd15b-49ac-42a0-b2f2-35f6689cc93f', 'd13fd15b-49ac-42a0-b2f2-35f6689cc93f', 'd13fd15b-49ac-42a0-b2f2-35f6689cc93f', 'd13fd15b-49ac-42a0-b2f2-35f6689cc93f', 'd13fd15b-49ac-42a0-b2f2-35f6689cc93f', 'd13fd15b-49ac-42a0-b2f2-35f6689cc93f', 'd13fd15b-49ac-42a0-b2f2-35f6689cc93f', 'd13fd15b-49ac-42a0-b2f2-35f6689cc93f', 'd13fd15b-49ac-42a0-b2f2-35f6689cc93f', 'd13fd15b-49ac-42a0-b2f2-35f6689cc93f', 'd13fd15b-49ac-42a0-b2f2-35f6689cc93f', 'd13fd15b-49ac-42a0-b2f2-35f6689cc93f', 'd13fd15b-49ac-42a0-b2f2-35f6689cc93f', 'd13fd15b-49ac-42a0-b2f2-35f6689cc93f', 'd13fd15b-49ac-42a0-b2f2-35f6689cc93f', 'd13fd15b-49ac-42a0-b2f2-35f6689cc93f', 'd13fd15b-49ac-42a0-b2f2-35f6689cc93f', 'd13fd15b-49ac-42a0-b2f2-35f6689cc93f', 'd13fd15b-49ac-42a0-b2f2-35f6689cc93f', '6c5fc2ed-4b98-48a6-89d1-66c2d5da5357', '6c5fc2ed-4b98-48a6-89d1-66c2d5da5357', '3e22ebdd-cbf5-438b-b556-4b91428158b7', '98279fd9-7593-4b8a-917b-60c601a40e3e', '24844b4a-0007-48d9-a459-4534ef8335df', 'e86cb130-aee9-4a43-bef7-c95561e1cae0', 'fe6e5ebb-2a29-4abc-b03c-48e837c60514', 'f49ad6e8-21f0-4134-bfef-b6fe30c4230e', '54ec0884-9de9-4dac-8677-fa9e63ac1872', '1674f3b8-bf3c-4c29-985c-d794f6b9cbdb', '52a4f9ab-6b59-40a1-96a6-62d99546f9d6', '3b3d848c-6296-4306-9d84-363c54f00c36', 'd8dd04d0-1221-4e30-8992-7d4125269cc0', '4735fd84-1492-4e61-93a6-cacef9490ecc', '08a813fb-eb9a-4425-bd9c-26859d3c79db', '7b08bbc5-93d6-4ee2-9920-0e503b240357', '002a9fe6-4b7e-445e-9610-a3d8e739c78a', '30b1dd89-c776-49d9-8014-a607b4cd8744', '50454738-8b0d-4234-b978-d9e3d7d4d6fc', 'e73e5fe1-ded7-423f-8492-5e830caa719d']"
240e0a54-2eb0-4f3f-9e9d-b9026b017e48,2,"['81c87393-3982-4c60-b29e-3b1d6494546c', '81c87393-3982-4c60-b29e-3b1d6494546c', '81c87393-3982-4c60-b29e-3b1d6494546c', '81c87393-3982-4c60-b29e-3b1d6494546c', '81c87393-3982-4c60-b29e-3b1d6494546c', '81c87393-3982-4c60-b29e-3b1d6494546c', '81c87393-3982-4c60-b29e-3b1d6494546c', '81c87393-3982-4c60-b29e-3b1d6494546c', '81c87393-3982-4c60-b29e-3b1d6494546c', '81c87393-3982-4c60-b29e-3b1d6494546c', '81c87393-3982-4c60-b29e-3b1d6494546c', '81c87393-3982-4c60-b29e-3b1d6494546c', '81c87393-3982-4c60-b29e-3b1d6494546c', '81c87393-3982-4c60-b29e-3b1d6494546c', '81c87393-3982-4c60-b29e-3b1d6494546c', '81c87393-3982-4c60-b29e-3b1d6494546c', '81c87393-3982-4c60-b29e-3b1d6494546c', '81c87393-3982-4c60-b29e-3b1d6494546c', '81c87393-3982-4c60-b29e-3b1d6494546c', '81c87393-3982-4c60-b29e-3b1d6494546c', '81c87393-3982-4c60-b29e-3b1d6494546c', '81c87393-3982-4c60-b29e-3b1d6494546c', '81c87393-3982-4c60-b29e-3b1d6494546c', '81c87393-3982-4c60-b29e-3b1d6494546c', '81c87393-3982-4c60-b29e-3b1d6494546c', '81c87393-3982-4c60-b29e-3b1d6494546c', '81c87393-3982-4c60-b29e-3b1d6494546c', '81c87393-3982-4c60-b29e-3b1d6494546c', '81c87393-3982-4c60-b29e-3b1d6494546c', '81c87393-3982-4c60-b29e-3b1d6494546c', '81c87393-3982-4c60-b29e-3b1d6494546c', '81c87393-3982-4c60-b29e-3b1d6494546c', '81c87393-3982-4c60-b29e-3b1d6494546c', 'eb92fc20-c2ea-4fca-a41e-68f8f6e6618a', '21557a81-7e18-46f3-a165-0a886687e6c7', 'c98c0e55-fafa-43a9-b8d1-2e26e9aa6062', 'ecb6fe76-2b78-4c99-8539-39e55f740c70', 'e5a4093a-30f8-4349-9ac9-3d7aa95ad7e1', 'd68dd262-e745-4c6f-9756-334c0b86b968', '9cc692bf-768b-407a-83e4-fadaec19329f', '481ddd59-2a63-4c2f-a712-c424a8e04e0b', '83933265-5c4e-4259-89fd-14ba8b74c79e', 'bb58d769-c586-469d-86f0-4713a351d93b', 'a345a6af-3da9-4b8a-a35d-954ac3b749fb', 'ed9d2d8c-4f1b-4537-9366-3bdf1eb8a955', '9e6c84c5-53be-421d-b965-969761d0149f', 'ea196edc-8591-4067-958c-ebaf95afbf54', '31f855bf-4e75-45c5-9ee9-0249c94270b7', '3aa0fc66-c9e5-402b-8e58-4c55ae4430c8', 'a2d94751-f5f1-4aa3-8387-a747d1b857be']"
5fe50b78-b64a-4f23-8a5b-2bbb5a81b7c6,1,"['b6339362-802d-49de-b576-babfa941fc88', 'b6339362-802d-49de-b576-babfa941fc88', 'b6339362-802d-49de-b576-babfa941fc88', 'b6339362-802d-49de-b576-babfa941fc88', 'b6339362-802d-49de-b576-babfa941fc88', 'b6339362-802d-49de-b576-babfa941fc88', 'b6339362-802d-49de-b576-babfa941fc88', 'b6339362-802d-49de-b576-babfa941fc88', 'b6339362-802d-49de-b576-babfa941fc88', 'b6339362-802d-49de-b576-babfa941fc88', 'b6339362-802d-49de-b576-babfa941fc88', 'b6339362-802d-49de-b576-babfa941fc88', 'b6339362-802d-49de-b576-babfa941fc88', 'b6339362-802d-49de-b576-babfa941fc88', 'b6339362-802d-49de-b576-babfa941fc88', 'b6339362-802d-49de-b576-babfa941fc88', 'b6339362-802d-49de-b576-babfa941fc88', 'b6339362-802d-49de-b576-babfa941fc88', 'b6339362-802d-49de-b576-babfa941fc88', 'b6339362-802d-49de-b576-babfa941fc88', 'b6339362-802d-49de-b576-babfa941fc88', 'b6339362-802d-49de-b576-babfa941fc88', 'b6339362-802d-49de-b576-babfa941fc88', 'b6339362-802d-49de-b576-babfa941fc88', 'b6339362-802d-49de-b576-babfa941fc88', 'b6339362-802d-49de-b576-babfa941fc88', 'b6339362-802d-49de-b576-babfa941fc88', 'b6339362-802d-49de-b576-babfa941fc88', 'b6339362-802d-49de-b576-babfa941fc88', 'b6339362-802d-49de-b576-babfa941fc88', 'b6339362-802d-49de-b576-babfa941fc88', 'b6339362-802d-49de-b576-babfa941fc88', 'b6339362-802d-49de-b576-babfa941fc88', 'b6339362-802d-49de-b576-babfa941fc88', 'b6339362-802d-49de-b576-babfa941fc88', 'b6339362-802d-49de-b576-babfa941fc88', 'b6339362-802d-49de-b576-babfa941fc88', 'b6339362-802d-49de-b576-babfa941fc88', 'b6339362-802d-49de-b576-babfa941fc88', 'b6339362-802d-49de-b576-babfa941fc88', 'b6339362-802d-49de-b576-babfa941fc88', 'b6339362-802d-49de-b576-babfa941fc88', 'b6339362-802d-49de-b576-babfa941fc88', 'eac3fa3b-83fb-4401-aec4-eaf368f963f8', 'a1db662b-afc4-47b4-a0fd-ccccf4271e84', '9e0401db-8899-429d-9514-28a9b497a251', 'ce54d9ea-3d2d-413e-b671-8fc51b26969f', '68f96d07-8470-498a-a9de-b66413a4bd9e', '0cf2e47a-64a7-40d4-b0ee-fc9b8fd4e8e7', '0ee51cde-274d-4409-86ec-572e9dc4bd28']"
eb5e99b9-e9b4-48b9-8e27-31c2a0422a79,15,"['5270ff99-0b7e-49b4-a59a-6f6068e52c5a', '5270ff99-0b7e-49b4-a59a-6f6068e52c5a', 'dda5d159-50f6-40f0-ae9d-2f4a87e861f2', 'dda5d159-50f6-40f0-ae9d-2f4a87e861f2', 'd13fd15b-49ac-42a0-b2f2-35f6689cc93f', 'd13fd15b-49ac-42a0-b2f2-35f6689cc93f', 'd13fd15b-49ac-42a0-b2f2-35f6689cc93f', 'd13fd15b-49ac-42a0-b2f2-35f6689cc93f', 'd13fd15b-49ac-42a0-b2f2-35f6689cc93f', 'd13fd15b-49ac-42a0-b2f2-35f6689cc93f', 'd13fd15b-49ac-42a0-b2f2-35f6689cc93f', 'd13fd15b-49ac-42a0-b2f2-35f6689cc93f', 'd13fd15b-49ac-42a0-b2f2-35f6689cc93f', 'd13fd15b-49ac-42a0-b2f2-35f6689cc93f', 'd13fd15b-49ac-42a0-b2f2-35f6689cc93f', 'd13fd15b-49ac-42a0-b2f2-35f6689cc93f', 'd13fd15b-49ac-42a0-b2f2-35f6689cc93f', 'd13fd15b-49ac-42a0-b2f2-35f6689cc93f', 'd13fd15b-49ac-42a0-b2f2-35f6689cc93f', 'd13fd15b-49ac-42a0-b2f2-35f6689cc93f', 'd13fd15b-49ac-42a0-b2f2-35f6689cc93f', 'd13fd15b-49ac-42a0-b2f2-35f6689cc93f', 'd13fd15b-49ac-42a0-b2f2-35f6689cc93f', 'd13fd15b-49ac-42a0-b2f2-35f6689cc93f', 'd13fd15b-49ac-42a0-b2f2-35f6689cc93f', '6c5fc2ed-4b98-48a6-89d1-66c2d5da5357', '6c5fc2ed-4b98-48a6-89d1-66c2d5da5357', '98279fd9-7593-4b8a-917b-60c601a40e3e', '24844b4a-0007-48d9-a459-4534ef8335df', 'e86cb130-aee9-4a43-bef7-c95561e1cae0', 'f49ad6e8-21f0-4134-bfef-b6fe30c4230e', '54ec0884-9de9-4dac-8677-fa9e63ac1872', '1674f3b8-bf3c-4c29-985c-d794f6b9cbdb', '52a4f9ab-6b59-40a1-96a6-62d99546f9d6', '3b3d848c-6296-4306-9d84-363c54f00c36', 'd8dd04d0-1221-4e30-8992-7d4125269cc0', '4735fd84-1492-4e61-93a6-cacef9490ecc', '08a813fb-eb9a-4425-bd9c-26859d3c79db', '7b08bbc5-93d6-4ee2-9920-0e503b240357', '002a9fe6-4b7e-445e-9610-a3d8e739c78a', '30b1dd89-c776-49d9-8014-a607b4cd8744', '50454738-8b0d-4234-b978-d9e3d7d4d6fc', 'e73e5fe1-ded7-423f-8492-5e830caa719d', '0bb1cb71-3e71-4f2e-94a7-ab911b72d2bd', '2ef78c49-b8db-4f37-9229-91b313f63fc5', '10ff0a7e-99b7-4857-9a9f-1318c22fc280', 'cde95c4f-9c41-48dd-97af-065a6d468a89', 'ac3dc91a-dcf5-43e3-ab6c-9eb0de92415f', '0e5733f6-466e-4e39-8ba5-65265e7f7ca4', 'feb40a07-06f4-410c-860b-426284d35b10']"
240e0a54-2eb0-4f3f-9e9d-b9026b017e48,3,"['81c87393-3982-4c60-b29e-3b1d6494546c', '81c87393-3982-4c60-b29e-3b1d6494546c', '81c87393-3982-4c60-b29e-3b1d6494546c', '81c87393-3982-4c60-b29e-3b1d6494546c', '81c87393-3982-4c60-b29e-3b1d6494546c', '81c87393-3982-4c60-b29e-3b1d6494546c', '81c87393-3982-4c60-b29e-3b1d6494546c', '81c87393-3982-4c60-b29e-3b1d6494546c', '81c87393-3982-4c60-b29e-3b1d6494546c', '81c87393-3982-4c60-b29e-3b1d6494546c', '81c87393-3982-4c60-b29e-3b1d6494546c', '81c87393-3982-4c60-b29e-3b1d6494546c', '81c87393-3982-4c60-b29e-3b1d6494546c', '81c87393-3982-4c60-b29e-3b1d6494546c', '81c87393-3982-4c60-b29e-3b1d6494546c', '81c87393-3982-4c60-b29e-3b1d6494546c', '81c87393-3982-4c60-b29e-3b1d6494546c', '81c87393-3982-4c60-b29e-3b1d6494546c', '81c87393-3982-4c60-b29e-3b1d6494546c', '81c87393-3982-4c60-b29e-3b1d6494546c', '81c87393-3982-4c60-b29e-3b1d6494546c', '81c87393-3982-4c60-b29e-3b1d6494546c', '81c87393-3982-4c60-b29e-3b1d6494546c', '81c87393-3982-4c60-b29e-3b1d6494546c', '81c87393-3982-4c60-b29e-3b1d6494546c', '81c87393-3982-4c60-b29e-3b1d6494546c', '81c87393-3982-4c60-b29e-3b1d6494546c', '81c87393-3982-4c60-b29e-3b1d6494546c', '81c87393-3982-4c60-b29e-3b1d6494546c', 'eb92fc20-c2ea-4fca-a41e-68f8f6e6618a', '21557a81-7e18-46f3-a165-0a886687e6c7', 'c98c0e55-fafa-43a9-b8d1-2e26e9aa6062', 'e5a4093a-30f8-4349-9ac9-3d7aa95ad7e1', 'd68dd262-e745-4c6f-9756-334c0b86b968', '9cc692bf-768b-407a-83e4-fadaec19329f', '83933265-5c4e-4259-89fd-14ba8b74c79e', 'bb58d769-c586-469d-86f0-4713a351d93b', 'ed9d2d8c-4f1b-4537-9366-3bdf1eb8a955', '9e6c84c5-53be-421d-b965-969761d0149f', 'ea196edc-8591-4067-958c-ebaf95afbf54', '31f855bf-4e75-45c5-9ee9-0249c94270b7', '3aa0fc66-c9e5-402b-8e58-4c55ae4430c8', 'a2d94751-f5f1-4aa3-8387-a747d1b857be', '92b9c3ed-c5a8-4e62-82ba-4802ccf023b2', '70376b00-e4c0-4359-a28d-3ac40ef75d2b', '351ebec6-7402-42e4-a480-879f48abff1c', 'cec347fe-fbf1-4963-a44a-74b331acb078', '87e5f680-98a3-4dc6-901c-b349d2c730b1', 'a89b2098-eead-4c2f-b2dc-6b8b50f744d0', 'dadc2848-bbe1-498d-a9ec-85facd0af76d']"
5fe50b78-b64a-4f23-8a5b-2bbb5a81b7c6,2,"['b6339362-802d-49de-b576-babfa941fc88', 'b6339362-802d-49de-b576-babfa941fc88', 'b6339362-802d-49de-b576-babfa941fc88', 'b6339362-802d-49de-b576-babfa941fc88', 'b6339362-802d-49de-b576-babfa941fc88', 'eac3fa3b-83fb-4401-aec4-eaf368f963f8', 'eac3fa3b-83fb-4401-aec4-eaf368f963f8', 'eac3fa3b-83fb-4401-aec4-eaf368f963f8', 'eac3fa3b-83fb-4401-aec4-eaf368f963f8', 'eac3fa3b-83fb-4401-aec4-eaf368f963f8', 'eac3fa3b-83fb-4401-aec4-eaf368f963f8', 'eac3fa3b-83fb-4401-aec4-eaf368f963f8', 'eac3fa3b-83fb-4401-aec4-eaf368f963f8', 'eac3fa3b-83fb-4401-aec4-eaf368f963f8', 'eac3fa3b-83fb-4401-aec4-eaf368f963f8', 'eac3fa3b-83fb-4401-aec4-eaf368f963f8', 'eac3fa3b-83fb-4401-aec4-eaf368f963f8', 'eac3fa3b-83fb-4401-aec4-eaf368f963f8', 'eac3fa3b-83fb-4401-aec4-eaf368f963f8', 'eac3fa3b-83fb-4401-aec4-eaf368f963f8', 'eac3fa3b-83fb-4401-aec4-eaf368f963f8', 'eac3fa3b-83fb-4401-aec4-eaf368f963f8', 'eac3fa3b-83fb-4401-aec4-eaf368f963f8', 'eac3fa3b-83fb-4401-aec4-eaf368f963f8', 'eac3fa3b-83fb-4401-aec4-eaf368f963f8', 'eac3fa3b-83fb-4401-aec4-eaf368f963f8', 'eac3fa3b-83fb-4401-aec4-eaf368f963f8', 'eac3fa3b-83fb-4401-aec4-eaf368f963f8', 'eac3fa3b-83fb-4401-aec4-eaf368f963f8', 'eac3fa3b-83fb-4401-aec4-eaf368f963f8', 'eac3fa3b-83fb-4401-aec4-eaf368f963f8', 'eac3fa3b-83fb-4401-aec4-eaf368f963f8', 'eac3fa3b-83fb-4401-aec4-eaf368f963f8', 'eac3fa3b-83fb-4401-aec4-eaf368f963f8', 'eac3fa3b-83fb-4401-aec4-eaf368f963f8', 'eac3fa3b-83fb-4401-aec4-eaf368f963f8', 'eac3fa3b-83fb-4401-aec4-eaf368f963f8', 'eac3fa3b-83fb-4401-aec4-eaf368f963f8', 'eac3fa3b-83fb-4401-aec4-eaf368f963f8', 'eac3fa3b-83fb-4401-aec4-eaf368f963f8', 'a94a107d-7414-4ea9-921e-9eb40dab6323', '08a65dfc-249a-40b0-833b-7f1e73dded35', 'fd84f64c-092f-4d85-90a1-6aba7406dc6e', '26718a5d-d84e-4ef8-93e2-9c69b55b8697', '1b9d7617-643e-4392-9208-110479eb8551', 'ee3831f9-8114-4b88-94c7-c7dc48c20bb2', 'de7463ba-d497-45d5-9bdf-8d2126aec78f', '72ddd677-75e3-4571-a46d-103a3fc1964d', '94141f41-2a0f-4159-b5c0-879f103347a2', '76a19d87-b17c-4cff-bdeb-d1eddfc72ed2']"
e013550a-57e0-44e7-903e-6dfa3e187f35,0,"['8658ed42-e577-479e-9b3b-5908612330fb', '8658ed42-e577-479e-9b3b-5908612330fb', '8658ed42-e577-479e-9b3b-5908612330fb', '8658ed42-e577-479e-9b3b-5908612330fb', '8658ed42-e577-479e-9b3b-5908612330fb', '8658ed42-e577-479e-9b3b-5908612330fb', '8658ed42-e577-479e-9b3b-5908612330fb', '8658ed42-e577-479e-9b3b-5908612330fb', '8658ed42-e577-479e-9b3b-5908612330fb', '8658ed42-e577-479e-9b3b-5908612330fb', '8658ed42-e577-479e-9b3b-5908612330fb', '8658ed42-e577-479e-9b3b-5908612330fb', '8658ed42-e577-479e-9b3b-5908612330fb', '8658ed42-e577-479e-9b3b-5908612330fb', '8658ed42-e577-479e-9b3b-5908612330fb', '8658ed42-e577-479e-9b3b-5908612330fb', '8658ed42-e577-479e-9b3b-5908612330fb', '8658ed42-e577-479e-9b3b-5908612330fb', '8658ed42-e577-479e-9b3b-5908612330fb', '8658ed42-e577-479e-9b3b-5908612330fb', '8658ed42-e577-479e-9b3b-5908612330fb', '8658ed42-e577-479e-9b3b-5908612330fb', '8658ed42-e577-479e-9b3b-5908612330fb', '8658ed42-e577-479e-9b3b-5908612330fb', '8658ed42-e577-479e-9b3b-5908612330fb', '8658ed42-e577-479e-9b3b-5908612330fb', '8658ed42-e577-479e-9b3b-5908612330fb', '8658ed42-e577-479e-9b3b-5908612330fb', '8658ed42-e577-479e-9b3b-5908612330fb', '8658ed42-e577-479e-9b3b-5908612330fb', '8658ed42-e577-479e-9b3b-5908612330fb', '8658ed42-e577-479e-9b3b-5908612330fb', '8658ed42-e577-479e-9b3b-5908612330fb', '8658ed42-e577-479e-9b3b-5908612330fb', '8658ed42-e577-479e-9b3b-5908612330fb', '8658ed42-e577-479e-9b3b-5908612330fb', '8658ed42-e577-479e-9b3b-5908612330fb', '8658ed42-e577-479e-9b3b-5908612330fb', '8658ed42-e577-479e-9b3b-5908612330fb', '8658ed42-e577-479e-9b3b-5908612330fb', '8658ed42-e577-479e-9b3b-5908612330fb', '8658ed42-e577-479e-9b3b-5908612330fb', '8658ed42-e577-479e-9b3b-5908612330fb', '8658ed42-e577-479e-9b3b-5908612330fb', '8658ed42-e577-479e-9b3b-5908612330fb', '8658ed42-e577-479e-9b3b-5908612330fb', '8658ed42-e577-479e-9b3b-5908612330fb', '8658ed42-e577-479e-9b3b-5908612330fb', '8658ed42-e577-479e-9b3b-5908612330fb', '8658ed42-e577-479e-9b3b-5908612330fb']"
240e0a54-2eb0-4f3f-9e9d-b9026b017e48,4,"['81c87393-3982-4c60-b29e-3b1d6494546c', '81c87393-3982-4c60-b29e-3b1d6494546c', '81c87393-3982-4c60-b29e-3b1d6494546c', '81c87393-3982-4c60-b29e-3b1d6494546c', '81c87393-3982-4c60-b29e-3b1d6494546c', '81c87393-3982-4c60-b29e-3b1d6494546c', '81c87393-3982-4c60-b29e-3b1d6494546c', '81c87393-3982-4c60-b29e-3b1d6494546c', '81c87393-3982-4c60-b29e-3b1d6494546c', '81c87393-3982-4c60-b29e-3b1d6494546c', '81c87393-3982-4c60-b29e-3b1d6494546c', '81c87393-3982-4c60-b29e-3b1d6494546c', '81c87393-3982-4c60-b29e-3b1d6494546c', '81c87393-3982-4c60-b29e-3b1d6494546c', '81c87393-3982-4c60-b29e-3b1d6494546c', '81c87393-3982-4c60-b29e-3b1d6494546c', '81c87393-3982-4c60-b29e-3b1d6494546c', '81c87393-3982-4c60-b29e-3b1d6494546c', '81c87393-3982-4c60-b29e-3b1d6494546c', '81c87393-3982-4c60-b29e-3b1d6494546c', '81c87393-3982-4c60-b29e-3b1d6494546c', '81c87393-3982-4c60-b29e-3b1d6494546c', '81c87393-3982-4c60-b29e-3b1d6494546c', 'e5a4093a-30f8-4349-9ac9-3d7aa95ad7e1', 'd68dd262-e745-4c6f-9756-334c0b86b968', '9cc692bf-768b-407a-83e4-fadaec19329f', '83933265-5c4e-4259-89fd-14ba8b74c79e', 'ed9d2d8c-4f1b-4537-9366-3bdf1eb8a955', '9e6c84c5-53be-421d-b965-969761d0149f', 'ea196edc-8591-4067-958c-ebaf95afbf54', '31f855bf-4e75-45c5-9ee9-0249c94270b7', '3aa0fc66-c9e5-402b-8e58-4c55ae4430c8', 'a2d94751-f5f1-4aa3-8387-a747d1b857be', '92b9c3ed-c5a8-4e62-82ba-4802ccf023b2', '70376b00-e4c0-4359-a28d-3ac40ef75d2b', '351ebec6-7402-42e4-a480-879f48abff1c', 'cec347fe-fbf1-4963-a44a-74b331acb078', '87e5f680-98a3-4dc6-901c-b349d2c730b1', 'dadc2848-bbe1-498d-a9ec-85facd0af76d', '7da86488-092b-4313-bd96-37237b530fab', '2004d47d-4bfa-4419-96d3-cd2926968cd0', '543f7751-f201-455f-b9fe-c8ad6dad4e5d', 'c27726a6-0b89-4341-8503-c851a3266578', '830abc6a-adc5-4145-afda-c4410af451ed', '99bd1c3f-ffc0-419a-be09-0b6d4c27228d', '0c1befdf-bd93-488d-9dc8-aa3ba9ba4883', '2de3a8ef-3f06-4b8b-a91f-5f67bde7f8a5', '703c29c2-c4be-4b1d-8f5c-fca425db02c3', '2f34b64c-2d2d-4a57-9f47-d3f87ed58258', 'f1db3ae7-4259-454b-8af3-5ba56ac82e00']"
e013550a-57e0-44e7-903e-6dfa3e187f35,1,"['8658ed42-e577-479e-9b3b-5908612330fb', '8658ed42-e577-479e-9b3b-5908612330fb', '8658ed42-e577-479e-9b3b-5908612330fb', '8658ed42-e577-479e-9b3b-5908612330fb', '8658ed42-e577-479e-9b3b-5908612330fb', '8658ed42-e577-479e-9b3b-5908612330fb', '8658ed42-e577-479e-9b3b-5908612330fb', '8658ed42-e577-479e-9b3b-5908612330fb', '8658ed42-e577-479e-9b3b-5908612330fb', '8658ed42-e577-479e-9b3b-5908612330fb', '8658ed42-e577-479e-9b3b-5908612330fb', '8658ed42-e577-479e-9b3b-5908612330fb', '8658ed42-e577-479e-9b3b-5908612330fb', '8658ed42-e577-479e-9b3b-5908612330fb', '8658ed42-e577-479e-9b3b-5908612330fb', '8658ed42-e577-479e-9b3b-5908612330fb', '8658ed42-e577-479e-9b3b-5908612330fb', '8658ed42-e577-479e-9b3b-5908612330fb', '8658ed42-e577-479e-9b3b-5908612330fb', '8658ed42-e577-479e-9b3b-5908612330fb', '8658ed42-e577-479e-9b3b-5908612330fb', '8658ed42-e577-479e-9b3b-5908612330fb', '8658ed42-e577-479e-9b3b-5908612330fb', '8658ed42-e577-479e-9b3b-5908612330fb', '8658ed42-e577-479e-9b3b-5908612330fb', '8658ed42-e577-479e-9b3b-5908612330fb', '8658ed42-e577-479e-9b3b-5908612330fb', '8658ed42-e577-479e-9b3b-5908612330fb', '8658ed42-e577-479e-9b3b-5908612330fb', '8658ed42-e577-479e-9b3b-5908612330fb', '8658ed42-e577-479e-9b3b-5908612330fb', '8658ed42-e577-479e-9b3b-5908612330fb', '8658ed42-e577-479e-9b3b-5908612330fb', '8658ed42-e577-479e-9b3b-5908612330fb', '8658ed42-e577-479e-9b3b-5908612330fb', '8658ed42-e577-479e-9b3b-5908612330fb', '8658ed42-e577-479e-9b3b-5908612330fb', '8658ed42-e577-479e-9b3b-5908612330fb', '8658ed42-e577-479e-9b3b-5908612330fb', '8658ed42-e577-479e-9b3b-5908612330fb', '8658ed42-e577-479e-9b3b-5908612330fb', '8658ed42-e577-479e-9b3b-5908612330fb', '8658ed42-e577-479e-9b3b-5908612330fb', '8658ed42-e577-479e-9b3b-5908612330fb', 'cf848e93-0f6d-40f1-9f87-3089c8c54876', 'cf7068bf-75ed-428f-b7a9-fd551873a855', '713a59ad-95a6-4db6-b322-a8586f0eb94a', 'a118eefd-2b4c-4db5-b743-7408b4ea8c57', '7903ef23-8ad2-43bd-91e6-7316426be4c1', '9a3477a7-3519-494a-8e38-0cddfb5decf6']"
5fe50b78-b64a-4f23-8a5b-2bbb5a81b7c6,3,"['b6339362-802d-49de-b576-babfa941fc88', 'b6339362-802d-49de-b576-babfa941fc88', 'b6339362-802d-49de-b576-babfa941fc88', 'b6339362-802d-49de-b576-babfa941fc88', 'eac3fa3b-83fb-4401-aec4-eaf368f963f8', 'eac3fa3b-83fb-4401-aec4-eaf368f963f8', 'eac3fa3b-83fb-4401-aec4-eaf368f963f8', 'eac3fa3b-83fb-4401-aec4-eaf368f963f8', 'eac3fa3b-83fb-4401-aec4-eaf368f963f8', 'eac3fa3b-83fb-4401-aec4-eaf368f963f8', 'eac3fa3b-83fb-4401-aec4-eaf368f963f8', 'eac3fa3b-83fb-4401-aec4-eaf368f963f8', 'eac3fa3b-83fb-4401-aec4-eaf368f963f8', 'eac3fa3b-83fb-4401-aec4-eaf368f963f8', 'eac3fa3b-83fb-4401-aec4-eaf368f963f8', 'eac3fa3b-83fb-4401-aec4-eaf368f963f8', 'eac3fa3b-83fb-4401-aec4-eaf368f963f8', 'eac3fa3b-83fb-4401-aec4-eaf368f963f8', 'eac3fa3b-83fb-4401-aec4-eaf368f963f8', 'eac3fa3b-83fb-4401-aec4-eaf368f963f8', 'eac3fa3b-83fb-4401-aec4-eaf368f963f8', 'eac3fa3b-83fb-4401-aec4-eaf368f963f8', 'eac3fa3b-83fb-4401-aec4-eaf368f963f8', 'eac3fa3b-83fb-4401-aec4-eaf368f963f8', 'eac3fa3b-83fb-4401-aec4-eaf368f963f8', 'eac3fa3b-83fb-4401-aec4-eaf368f963f8', 'eac3fa3b-83fb-4401-aec4-eaf368f963f8', 'eac3fa3b-83fb-4401-aec4-eaf368f963f8', 'eac3fa3b-83fb-4401-aec4-eaf368f963f8', 'eac3fa3b-83fb-4401-aec4-eaf368f963f8', 'eac3fa3b-83fb-4401-aec4-eaf368f963f8', 'eac3fa3b-83fb-4401-aec4-eaf368f963f8', 'a94a107d-7414-4ea9-921e-9eb40dab6323', '08a65dfc-249a-40b0-833b-7f1e73dded35', '1b9d7617-643e-4392-9208-110479eb8551', 'ee3831f9-8114-4b88-94c7-c7dc48c20bb2', 'de7463ba-d497-45d5-9bdf-8d2126aec78f', '72ddd677-75e3-4571-a46d-103a3fc1964d', '94141f41-2a0f-4159-b5c0-879f103347a2', '8778331d-8b62-4569-9e33-a3f36190ae07', '27bc3647-7d12-4c3b-8c03-36a61ede7a32', 'fd5da6dc-2773-45e9-a0b8-a9279fe8d5b3', '8414a53a-0125-4656-a2af-683c7176baeb', '47abc64d-aa51-44a8-8f13-ee4735176379', 'fc2ac234-0821-4828-8ee1-c4cad986d5fb', '622291da-d4cf-4ee4-a1a1-a619d2697041', '3d3be623-32c6-4577-9eaf-4f255b4e0b12', '172cc380-f70c-4763-9856-3bee7d7efd83', 'c505df76-a88b-44f2-aa83-89fdca7c82f6', '82506247-237a-4ef4-8b89-1412a8e78425']"
240e0a54-2eb0-4f3f-9e9d-b9026b017e48,5,"['81c87393-3982-4c60-b29e-3b1d6494546c', '81c87393-3982-4c60-b29e-3b1d6494546c', '81c87393-3982-4c60-b29e-3b1d6494546c', '81c87393-3982-4c60-b29e-3b1d6494546c', '81c87393-3982-4c60-b29e-3b1d6494546c', '81c87393-3982-4c60-b29e-3b1d6494546c', '81c87393-3982-4c60-b29e-3b1d6494546c', '81c87393-3982-4c60-b29e-3b1d6494546c', '81c87393-3982-4c60-b29e-3b1d6494546c', '81c87393-3982-4c60-b29e-3b1d6494546c', '81c87393-3982-4c60-b29e-3b1d6494546c', '81c87393-3982-4c60-b29e-3b1d6494546c', '81c87393-3982-4c60-b29e-3b1d6494546c', '81c87393-3982-4c60-b29e-3b1d6494546c', '81c87393-3982-4c60-b29e-3b1d6494546c', '81c87393-3982-4c60-b29e-3b1d6494546c', '81c87393-3982-4c60-b29e-3b1d6494546c', '81c87393-3982-4c60-b29e-3b1d6494546c', '81c87393-3982-4c60-b29e-3b1d6494546c', '81c87393-3982-4c60-b29e-3b1d6494546c', '81c87393-3982-4c60-b29e-3b1d6494546c', '81c87393-3982-4c60-b29e-3b1d6494546c', '81c87393-3982-4c60-b29e-3b1d6494546c', '81c87393-3982-4c60-b29e-3b1d6494546c', '81c87393-3982-4c60-b29e-3b1d6494546c', '81c87393-3982-4c60-b29e-3b1d6494546c', '81c87393-3982-4c60-b29e-3b1d6494546c', '81c87393-3982-4c60-b29e-3b1d6494546c', '81c87393-3982-4c60-b29e-3b1d6494546c', '81c87393-3982-4c60-b29e-3b1d6494546c', '81c87393-3982-4c60-b29e-3b1d6494546c', '81c87393-3982-4c60-b29e-3b1d6494546c', '81c87393-3982-4c60-b29e-3b1d6494546c', '81c87393-3982-4c60-b29e-3b1d6494546c', '81c87393-3982-4c60-b29e-3b1d6494546c', '81c87393-3982-4c60-b29e-3b1d6494546c', '81c87393-3982-4c60-b29e-3b1d6494546c', '81c87393-3982-4c60-b29e-3b1d6494546c', '81c87393-3982-4c60-b29e-3b1d6494546c', '81c87393-3982-4c60-b29e-3b1d6494546c', 'e2a0064b-1d9d-468c-82c7-dd98848e14f6', 'd46f7dc7-ec66-48d3-882b-fe59648de244', '8c9bb93c-b5e4-4a62-8808-7d6095638563', '3100753b-9440-4947-95f7-623702da4ea7', '01053466-13b3-4394-a2f4-f5ccefe36528', '59e4ef32-eff1-48dc-9230-c123168c8302', 'd5e0239d-b6d0-49d5-baf8-b3bf3f151f78', '1c36b6d5-b6f6-43bf-af3d-db45dc236ce6', 'd96aff1a-98fa-4539-a450-071e66612a64', '1d994db8-19a0-4418-8b08-cb180156984b']"
5fe50b78-b64a-4f23-8a5b-2bbb5a81b7c6,4,"['b6339362-802d-49de-b576-babfa941fc88', 'b6339362-802d-49de-b576-babfa941fc88', 'b6339362-802d-49de-b576-babfa941fc88', 'eac3fa3b-83fb-4401-aec4-eaf368f963f8', 'eac3fa3b-83fb-4401-aec4-eaf368f963f8', 'eac3fa3b-83fb-4401-aec4-eaf368f963f8', 'eac3fa3b-83fb-4401-aec4-eaf368f963f8', 'eac3fa3b-83fb-4401-aec4-eaf368f963f8', 'eac3fa3b-83fb-4401-aec4-eaf368f963f8', 'eac3fa3b-83fb-4401-aec4-eaf368f963f8', 'eac3fa3b-83fb-4401-aec4-eaf368f963f8', 'eac3fa3b-83fb-4401-aec4-eaf368f963f8', 'eac3fa3b-83fb-4401-aec4-eaf368f963f8', 'eac3fa3b-83fb-4401-aec4-eaf368f963f8', 'eac3fa3b-83fb-4401-aec4-eaf368f963f8', 'eac3fa3b-83fb-4401-aec4-eaf368f963f8', 'eac3fa3b-83fb-4401-aec4-eaf368f963f8', 'eac3fa3b-83fb-4401-aec4-eaf368f963f8', 'eac3fa3b-83fb-4401-aec4-eaf368f963f8', 'eac3fa3b-83fb-4401-aec4-eaf368f963f8', 'eac3fa3b-83fb-4401-aec4-eaf368f963f8', 'eac3fa3b-83fb-4401-aec4-eaf368f963f8', 'eac3fa3b-83fb-4401-aec4-eaf368f963f8', 'eac3fa3b-83fb-4401-aec4-eaf368f963f8', 'eac3fa3b-83fb-4401-aec4-eaf368f963f8', 'a94a107d-7414-4ea9-921e-9eb40dab6323', '1b9d7617-643e-4392-9208-110479eb8551', 'ee3831f9-8114-4b88-94c7-c7dc48c20bb2', 'de7463ba-d497-45d5-9bdf-8d2126aec78f', '94141f41-2a0f-4159-b5c0-879f103347a2', '27bc3647-7d12-4c3b-8c03-36a61ede7a32', 'fd5da6dc-2773-45e9-a0b8-a9279fe8d5b3', '8414a53a-0125-4656-a2af-683c7176baeb', '47abc64d-aa51-44a8-8f13-ee4735176379', '622291da-d4cf-4ee4-a1a1-a619d2697041', '3d3be623-32c6-4577-9eaf-4f255b4e0b12', '172cc380-f70c-4763-9856-3bee7d7efd83', 'c505df76-a88b-44f2-aa83-89fdca7c82f6', '82506247-237a-4ef4-8b89-1412a8e78425', '6a520d5b-7600-45d5-8d87-41445126204b', '69c50a42-da93-4730-933d-2b5db4d3a14c', 'eaaaf916-05a2-48cc-bdc8-3d9aea542ec8', 'df0fb5df-2700-4dc2-8fae-1b70cb819bf3', 'dacd64b1-e0bc-4533-a7b1-f8a02a49f961', '6b582a5e-3c10-441b-879b-476de5db9d8f', '4ccff6da-e92d-49da-9fcf-32a2cba9060c', '5eb3c5bd-6288-4906-82c1-88ffa09bbb92', 'c139ab18-1faa-44e0-bdd4-5f2518ded167', 'd96dfcb2-b61f-4421-b607-9cc33bb63d15', '67eb8ab6-2141-44c7-affe-8568f7ee6754']"
e013550a-57e0-44e7-903e-6dfa3e187f35,2,"['8658ed42-e577-479e-9b3b-5908612330fb', '8658ed42-e577-479e-9b3b-5908612330fb', '8658ed42-e577-479e-9b3b-5908612330fb', '8658ed42-e577-479e-9b3b-5908612330fb', '8658ed42-e577-479e-9b3b-5908612330fb', '8658ed42-e577-479e-9b3b-5908612330fb', '8658ed42-e577-479e-9b3b-5908612330fb', '8658ed42-e577-479e-9b3b-5908612330fb', '8658ed42-e577-479e-9b3b-5908612330fb', '8658ed42-e577-479e-9b3b-5908612330fb', '8658ed42-e577-479e-9b3b-5908612330fb', '8658ed42-e577-479e-9b3b-5908612330fb', '8658ed42-e577-479e-9b3b-5908612330fb', '8658ed42-e577-479e-9b3b-5908612330fb', '8658ed42-e577-479e-9b3b-5908612330fb', '8658ed42-e577-479e-9b3b-5908612330fb', '8658ed42-e577-479e-9b3b-5908612330fb', '8658ed42-e577-479e-9b3b-5908612330fb', '8658ed42-e577-479e-9b3b-5908612330fb', '8658ed42-e577-479e-9b3b-5908612330fb', '8658ed42-e577-479e-9b3b-5908612330fb', '8658ed42-e577-479e-9b3b-5908612330fb', '8658ed42-e577-479e-9b3b-5908612330fb', '8658ed42-e577-479e-9b3b-5908612330fb', '8658ed42-e577-479e-9b3b-5908612330fb', '8658ed42-e577-479e-9b3b-5908612330fb', '8658ed42-e577-479e-9b3b-5908612330fb', '8658ed42-e577-479e-9b3b-5908612330fb', '8658ed42-e577-479e-9b3b-5908612330fb', '8658ed42-e577-479e-9b3b-5908612330fb', '8658ed42-e577-479e-9b3b-5908612330fb', '8658ed42-e577-479e-9b3b-5908612330fb', '8658ed42-e577-479e-9b3b-5908612330fb', 'cf848e93-0f6d-40f1-9f87-3089c8c54876', 'cf848e93-0f6d-40f1-9f87-3089c8c54876', 'cf848e93-0f6d-40f1-9f87-3089c8c54876', 'cf848e93-0f6d-40f1-9f87-3089c8c54876', 'cf848e93-0f6d-40f1-9f87-3089c8c54876', 'cf848e93-0f6d-40f1-9f87-3089c8c54876', 'cf848e93-0f6d-40f1-9f87-3089c8c54876', 'bbea7598-3c32-439a-89c9-64cbdb8918a1', 'edcf3bb6-1462-405c-9e9e-a3d591c16589', '87bbc06c-b5d7-46d3-a081-272888b66256', '259828f2-462a-453f-b7b3-2a1cdd03886a', '151e71b9-e852-47d6-bbe9-0ef3952ef678', 'fd7a7455-5a27-45f8-98bf-90e194225880', '3876b7cb-255f-4282-ac90-8fab2ef64378', '1dfeb8c6-dc96-4109-9dd4-4370042fb950', '06fd106d-96f5-4ffd-ae52-219d55068d2e', '28a7c473-37f4-4920-a974-a9f26d2cfe32']"
240e0a54-2eb0-4f3f-9e9d-b9026b017e48,6,"['81c87393-3982-4c60-b29e-3b1d6494546c', '81c87393-3982-4c60-b29e-3b1d6494546c', '81c87393-3982-4c60-b29e-3b1d6494546c', '81c87393-3982-4c60-b29e-3b1d6494546c', '81c87393-3982-4c60-b29e-3b1d6494546c', '81c87393-3982-4c60-b29e-3b1d6494546c', '81c87393-3982-4c60-b29e-3b1d6494546c', '81c87393-3982-4c60-b29e-3b1d6494546c', '81c87393-3982-4c60-b29e-3b1d6494546c', '81c87393-3982-4c60-b29e-3b1d6494546c', '81c87393-3982-4c60-b29e-3b1d6494546c', '81c87393-3982-4c60-b29e-3b1d6494546c', '81c87393-3982-4c60-b29e-3b1d6494546c', '81c87393-3982-4c60-b29e-3b1d6494546c', '81c87393-3982-4c60-b29e-3b1d6494546c', '81c87393-3982-4c60-b29e-3b1d6494546c', '81c87393-3982-4c60-b29e-3b1d6494546c', '81c87393-3982-4c60-b29e-3b1d6494546c', '81c87393-3982-4c60-b29e-3b1d6494546c', '81c87393-3982-4c60-b29e-3b1d6494546c', '81c87393-3982-4c60-b29e-3b1d6494546c', '81c87393-3982-4c60-b29e-3b1d6494546c', '81c87393-3982-4c60-b29e-3b1d6494546c', '81c87393-3982-4c60-b29e-3b1d6494546c', '81c87393-3982-4c60-b29e-3b1d6494546c', '81c87393-3982-4c60-b29e-3b1d6494546c', '81c87393-3982-4c60-b29e-3b1d6494546c', '81c87393-3982-4c60-b29e-3b1d6494546c', '81c87393-3982-4c60-b29e-3b1d6494546c', '81c87393-3982-4c60-b29e-3b1d6494546c', '81c87393-3982-4c60-b29e-3b1d6494546c', '81c87393-3982-4c60-b29e-3b1d6494546c', '81c87393-3982-4c60-b29e-3b1d6494546c', '81c87393-3982-4c60-b29e-3b1d6494546c', '81c87393-3982-4c60-b29e-3b1d6494546c', 'e2a0064b-1d9d-468c-82c7-dd98848e14f6', 'd46f7dc7-ec66-48d3-882b-fe59648de244', '8c9bb93c-b5e4-4a62-8808-7d6095638563', '3100753b-9440-4947-95f7-623702da4ea7', '01053466-13b3-4394-a2f4-f5ccefe36528', '59e4ef32-eff1-48dc-9230-c123168c8302', 'd5e0239d-b6d0-49d5-baf8-b3bf3f151f78', '629009f4-d72a-4f20-b292-5b472826cfb2', '2c10dd7f-9beb-482e-966d-3483c2221cc6', '3826bd42-e496-44af-9ba7-e7ffbde78a9b', '17b7b5a0-10f5-4ee2-a8ad-86f398dd7751', '4ef1406d-8c90-4af9-b43d-f1654a8a5953', '4d23eb78-7bb8-47da-9479-0bdecb9a4796', '7f8e14af-9a23-4055-a686-7b874310e76d', '0b6eae1b-0cd3-476a-b2b2-52accd61556e']"
e013550a-57e0-44e7-903e-6dfa3e187f35,3,"['8658ed42-e577-479e-9b3b-5908612330fb', 'cf848e93-0f6d-40f1-9f87-3089c8c54876', 'cf848e93-0f6d-40f1-9f87-3089c8c54876', 'bbea7598-3c32-439a-89c9-64cbdb8918a1', 'bbea7598-3c32-439a-89c9-64cbdb8918a1', 'bbea7598-3c32-439a-89c9-64cbdb8918a1', 'bbea7598-3c32-439a-89c9-64cbdb8918a1', 'bbea7598-3c32-439a-89c9-64cbdb8918a1', 'bbea7598-3c32-439a-89c9-64cbdb8918a1', 'bbea7598-3c32-439a-89c9-64cbdb8918a1', 'bbea7598-3c32-439a-89c9-64cbdb8918a1', 'bbea7598-3c32-439a-89c9-64cbdb8918a1', 'bbea7598-3c32-439a-89c9-64cbdb8918a1', 'bbea7598-3c32-439a-89c9-64cbdb8918a1', 'bbea7598-3c32-439a-89c9-64cbdb8918a1', 'bbea7598-3c32-439a-89c9-64cbdb8918a1', 'bbea7598-3c32-439a-89c9-64cbdb8918a1', 'bbea7598-3c32-439a-89c9-64cbdb8918a1', 'bbea7598-3c32-439a-89c9-64cbdb8918a1', 'bbea7598-3c32-439a-89c9-64cbdb8918a1', 'bbea7598-3c32-439a-89c9-64cbdb8918a1', 'bbea7598-3c32-439a-89c9-64cbdb8918a1', 'bbea7598-3c32-439a-89c9-64cbdb8918a1', 'bbea7598-3c32-439a-89c9-64cbdb8918a1', 'bbea7598-3c32-439a-89c9-64cbdb8918a1', 'bbea7598-3c32-439a-89c9-64cbdb8918a1', 'bbea7598-3c32-439a-89c9-64cbdb8918a1', 'bbea7598-3c32-439a-89c9-64cbdb8918a1', 'bbea7598-3c32-439a-89c9-64cbdb8918a1', 'bbea7598-3c32-439a-89c9-64cbdb8918a1', 'bbea7598-3c32-439a-89c9-64cbdb8918a1', 'bbea7598-3c32-439a-89c9-64cbdb8918a1', 'bbea7598-3c32-439a-89c9-64cbdb8918a1', 'bbea7598-3c32-439a-89c9-64cbdb8918a1', 'bbea7598-3c32-439a-89c9-64cbdb8918a1', 'bbea7598-3c32-439a-89c9-64cbdb8918a1', 'bbea7598-3c32-439a-89c9-64cbdb8918a1', 'bbea7598-3c32-439a-89c9-64cbdb8918a1', 'bbea7598-3c32-439a-89c9-64cbdb8918a1', 'bbea7598-3c32-439a-89c9-64cbdb8918a1', 'bbea7598-3c32-439a-89c9-64cbdb8918a1', 'e270a4b8-2473-4388-b3b2-183f8a9be886', '4bf06bd4-cd2b-4918-ae76-2030507accb5', '8ab714a2-c73a-44d1-86c0-a0c256c92417', '5573a457-3168-418e-87d4-a4157ba52da4', 'ebb1fa96-95e9-42c5-a930-750618e32d37', '4d790bb3-5985-42ee-a01e-f5bd72154d5c', '51fc5f49-407d-41d8-a6ce-ca9a7238a830', 'bbc3bc0d-a47f-44b1-97b6-07cea5745771', '00f7ef5b-44c5-49ac-988d-3504f5078018']"
240e0a54-2eb0-4f3f-9e9d-b9026b017e48,7,"['81c87393-3982-4c60-b29e-3b1d6494546c', '81c87393-3982-4c60-b29e-3b1d6494546c', '81c87393-3982-4c60-b29e-3b1d6494546c', '81c87393-3982-4c60-b29e-3b1d6494546c', '81c87393-3982-4c60-b29e-3b1d6494546c', '81c87393-3982-4c60-b29e-3b1d6494546c', '81c87393-3982-4c60-b29e-3b1d6494546c', '81c87393-3982-4c60-b29e-3b1d6494546c', '81c87393-3982-4c60-b29e-3b1d6494546c', '81c87393-3982-4c60-b29e-3b1d6494546c', '81c87393-3982-4c60-b29e-3b1d6494546c', '81c87393-3982-4c60-b29e-3b1d6494546c', '81c87393-3982-4c60-b29e-3b1d6494546c', '81c87393-3982-4c60-b29e-3b1d6494546c', '81c87393-3982-4c60-b29e-3b1d6494546c', '81c87393-3982-4c60-b29e-3b1d6494546c', '81c87393-3982-4c60-b29e-3b1d6494546c', '81c87393-3982-4c60-b29e-3b1d6494546c', '81c87393-3982-4c60-b29e-3b1d6494546c', '81c87393-3982-4c60-b29e-3b1d6494546c', '81c87393-3982-4c60-b29e-3b1d6494546c', '81c87393-3982-4c60-b29e-3b1d6494546c', '81c87393-3982-4c60-b29e-3b1d6494546c', '81c87393-3982-4c60-b29e-3b1d6494546c', '81c87393-3982-4c60-b29e-3b1d6494546c', '81c87393-3982-4c60-b29e-3b1d6494546c', '81c87393-3982-4c60-b29e-3b1d6494546c', '81c87393-3982-4c60-b29e-3b1d6494546c', 'd46f7dc7-ec66-48d3-882b-fe59648de244', '8c9bb93c-b5e4-4a62-8808-7d6095638563', '3100753b-9440-4947-95f7-623702da4ea7', '59e4ef32-eff1-48dc-9230-c123168c8302', '629009f4-d72a-4f20-b292-5b472826cfb2', '2c10dd7f-9beb-482e-966d-3483c2221cc6', '3826bd42-e496-44af-9ba7-e7ffbde78a9b', '17b7b5a0-10f5-4ee2-a8ad-86f398dd7751', '4ef1406d-8c90-4af9-b43d-f1654a8a5953', '4d23eb78-7bb8-47da-9479-0bdecb9a4796', '7f8e14af-9a23-4055-a686-7b874310e76d', '0b6eae1b-0cd3-476a-b2b2-52accd61556e', '44080229-fef7-4263-952e-d8cf0d02648b', '9cb87fa6-0cca-4003-a8bc-05a919cd55bb', '0e834e7f-a361-49cf-a0ea-e4026444598e', '13c0fe6b-e103-474c-a656-ba0e7c6b20cc', '612465fa-f2b7-471d-b27b-699cd3123164', '1bfb5d68-847f-4320-940e-0c10df0cb702', 'ec37b41a-0985-4ca8-9d2d-9f3ea075c7b3', 'a9659b52-45c2-4fd8-b59b-e0e540cdfc54', '0d39bb26-b454-42aa-8754-ac9f14800860', 'fe4f404f-ca88-456a-ac32-66668b8f90ff']"
5fe50b78-b64a-4f23-8a5b-2bbb5a81b7c6,5,"['eac3fa3b-83fb-4401-aec4-eaf368f963f8', 'eac3fa3b-83fb-4401-aec4-eaf368f963f8', 'eac3fa3b-83fb-4401-aec4-eaf368f963f8', 'eac3fa3b-83fb-4401-aec4-eaf368f963f8', 'eac3fa3b-83fb-4401-aec4-eaf368f963f8', 'eac3fa3b-83fb-4401-aec4-eaf368f963f8', 'eac3fa3b-83fb-4401-aec4-eaf368f963f8', 'eac3fa3b-83fb-4401-aec4-eaf368f963f8', 'eac3fa3b-83fb-4401-aec4-eaf368f963f8', 'eac3fa3b-83fb-4401-aec4-eaf368f963f8', 'eac3fa3b-83fb-4401-aec4-eaf368f963f8', 'eac3fa3b-83fb-4401-aec4-eaf368f963f8', 'eac3fa3b-83fb-4401-aec4-eaf368f963f8', 'eac3fa3b-83fb-4401-aec4-eaf368f963f8', 'eac3fa3b-83fb-4401-aec4-eaf368f963f8', 'eac3fa3b-83fb-4401-aec4-eaf368f963f8', 'eac3fa3b-83fb-4401-aec4-eaf368f963f8', 'eac3fa3b-83fb-4401-aec4-eaf368f963f8', 'eac3fa3b-83fb-4401-aec4-eaf368f963f8', 'eac3fa3b-83fb-4401-aec4-eaf368f963f8', 'eac3fa3b-83fb-4401-aec4-eaf368f963f8', 'eac3fa3b-83fb-4401-aec4-eaf368f963f8', 'eac3fa3b-83fb-4401-aec4-eaf368f963f8', 'eac3fa3b-83fb-4401-aec4-eaf368f963f8', 'eac3fa3b-83fb-4401-aec4-eaf368f963f8', 'eac3fa3b-83fb-4401-aec4-eaf368f963f8', 'eac3fa3b-83fb-4401-aec4-eaf368f963f8', 'eac3fa3b-83fb-4401-aec4-eaf368f963f8', 'eac3fa3b-83fb-4401-aec4-eaf368f963f8', 'eac3fa3b-83fb-4401-aec4-eaf368f963f8', 'eac3fa3b-83fb-4401-aec4-eaf368f963f8', 'a83f026b-9d91-40cb-84b1-790192591d00', '95f83ce5-bbb6-47ea-8919-925616031a59', '14ec8e91-aeb6-4dfb-8b2d-22568a2574fd', '01ead79f-21c5-44d4-aead-49191d855a2a', '8f5e039d-894c-450c-b44d-a48fecc0e793', 'ce7cbad6-8ce3-4c8b-8ad9-136d9784fc54', 'c0fcb6ac-96b2-479d-971c-7f8e65761b54', '28f01fd1-a80c-4170-9084-a19cc7f405d3', 'dac5a5ab-baee-4d62-a8cf-17e6fb10b16e', '9a039fa2-85e0-4989-9b6b-23d585b7eefe', '10d11f4a-3876-4a77-945c-5637f1f30295', 'b033582b-2b50-45fa-b6b8-f12244bb3107', 'f96203d0-f514-4bd1-8f94-6bca6cde3084', 'eb1939fd-5a3f-4cc4-999a-0ccf62a077d5', '969823af-fa02-43dd-bd9e-e27ce3879e4c', '50d06aa0-4238-41ec-a0e4-cd159d852ce7', '64d2e5ca-bcd1-4b27-8fa7-739de18bcc02', '59e4c06e-45d6-4125-936c-d42ec7c5edaa', '69a5aab6-e502-46aa-be62-0ee248c0494a']"
e013550a-57e0-44e7-903e-6dfa3e187f35,4,"['cf848e93-0f6d-40f1-9f87-3089c8c54876', 'cf848e93-0f6d-40f1-9f87-3089c8c54876', 'bbea7598-3c32-439a-89c9-64cbdb8918a1', 'bbea7598-3c32-439a-89c9-64cbdb8918a1', 'bbea7598-3c32-439a-89c9-64cbdb8918a1', 'bbea7598-3c32-439a-89c9-64cbdb8918a1', 'bbea7598-3c32-439a-89c9-64cbdb8918a1', 'bbea7598-3c32-439a-89c9-64cbdb8918a1', 'bbea7598-3c32-439a-89c9-64cbdb8918a1', 'bbea7598-3c32-439a-89c9-64cbdb8918a1', 'bbea7598-3c32-439a-89c9-64cbdb8918a1', 'bbea7598-3c32-439a-89c9-64cbdb8918a1', 'bbea7598-3c32-439a-89c9-64cbdb8918a1', 'bbea7598-3c32-439a-89c9-64cbdb8918a1', 'bbea7598-3c32-439a-89c9-64cbdb8918a1', 'bbea7598-3c32-439a-89c9-64cbdb8918a1', 'bbea7598-3c32-439a-89c9-64cbdb8918a1', 'bbea7598-3c32-439a-89c9-64cbdb8918a1', 'bbea7598-3c32-439a-89c9-64cbdb8918a1', 'bbea7598-3c32-439a-89c9-64cbdb8918a1', 'bbea7598-3c32-439a-89c9-64cbdb8918a1', 'bbea7598-3c32-439a-89c9-64cbdb8918a1', 'bbea7598-3c32-439a-89c9-64cbdb8918a1', 'bbea7598-3c32-439a-89c9-64cbdb8918a1', 'bbea7598-3c32-439a-89c9-64cbdb8918a1', 'bbea7598-3c32-439a-89c9-64cbdb8918a1', 'bbea7598-3c32-439a-89c9-64cbdb8918a1', 'bbea7598-3c32-439a-89c9-64cbdb8918a1', 'bbea7598-3c32-439a-89c9-64cbdb8918a1', 'bbea7598-3c32-439a-89c9-64cbdb8918a1', 'bbea7598-3c32-439a-89c9-64cbdb8918a1', 'bbea7598-3c32-439a-89c9-64cbdb8918a1', 'bbea7598-3c32-439a-89c9-64cbdb8918a1', 'bbea7598-3c32-439a-89c9-64cbdb8918a1', 'bbea7598-3c32-439a-89c9-64cbdb8918a1', 'bbea7598-3c32-439a-89c9-64cbdb8918a1', '4bf06bd4-cd2b-4918-ae76-2030507accb5', '8ab714a2-c73a-44d1-86c0-a0c256c92417', '5573a457-3168-418e-87d4-a4157ba52da4', 'ebb1fa96-95e9-42c5-a930-750618e32d37', '51fc5f49-407d-41d8-a6ce-ca9a7238a830', 'bbc3bc0d-a47f-44b1-97b6-07cea5745771', '00f7ef5b-44c5-49ac-988d-3504f5078018', '49698013-46e7-4cb1-a640-b0b3284d42b3', '176da320-69f6-4948-9ae1-5012a2d88f71', 'f314b5e8-dc12-4db2-9112-4ff2bcb2719c', 'b39fa795-dc3a-4f33-9759-8c1517d29faa', '1ab1cdbf-7873-4331-8043-1bb8866d8b3f', '128ea331-1063-4db8-a59e-e7c4df7eca9c', 'f736acb2-c0c4-4818-8338-059360787805']"
240e0a54-2eb0-4f3f-9e9d-b9026b017e48,8,"['81c87393-3982-4c60-b29e-3b1d6494546c', '81c87393-3982-4c60-b29e-3b1d6494546c', '81c87393-3982-4c60-b29e-3b1d6494546c', '81c87393-3982-4c60-b29e-3b1d6494546c', '81c87393-3982-4c60-b29e-3b1d6494546c', '81c87393-3982-4c60-b29e-3b1d6494546c', '81c87393-3982-4c60-b29e-3b1d6494546c', '81c87393-3982-4c60-b29e-3b1d6494546c', '81c87393-3982-4c60-b29e-3b1d6494546c', '81c87393-3982-4c60-b29e-3b1d6494546c', '81c87393-3982-4c60-b29e-3b1d6494546c', '81c87393-3982-4c60-b29e-3b1d6494546c', '81c87393-3982-4c60-b29e-3b1d6494546c', '81c87393-3982-4c60-b29e-3b1d6494546c', '81c87393-3982-4c60-b29e-3b1d6494546c', '81c87393-3982-4c60-b29e-3b1d6494546c', '81c87393-3982-4c60-b29e-3b1d6494546c', '81c87393-3982-4c60-b29e-3b1d6494546c', '81c87393-3982-4c60-b29e-3b1d6494546c', '81c87393-3982-4c60-b29e-3b1d6494546c', '81c87393-3982-4c60-b29e-3b1d6494546c', '81c87393-3982-4c60-b29e-3b1d6494546c', '81c87393-3982-4c60-b29e-3b1d6494546c', '81c87393-3982-4c60-b29e-3b1d6494546c', 'a9659b52-45c2-4fd8-b59b-e0e540cdfc54', 'a9659b52-45c2-4fd8-b59b-e0e540cdfc54', 'a9659b52-45c2-4fd8-b59b-e0e540cdfc54', 'a9659b52-45c2-4fd8-b59b-e0e540cdfc54', 'a9659b52-45c2-4fd8-b59b-e0e540cdfc54', 'a9659b52-45c2-4fd8-b59b-e0e540cdfc54', 'a9659b52-45c2-4fd8-b59b-e0e540cdfc54', 'a9659b52-45c2-4fd8-b59b-e0e540cdfc54', 'a9659b52-45c2-4fd8-b59b-e0e540cdfc54', 'a9659b52-45c2-4fd8-b59b-e0e540cdfc54', '6151ce24-5ad8-4d83-82fd-00b0fc886af8', '9626e291-ded3-46b1-a476-648a21c3aefc', '482a09a0-a20e-47f6-8869-e77a6fe7b528', 'f627d6cc-5e1f-4482-bdbb-6d9a952e58d5', '00ac030c-3c02-42fb-b21d-e253da8d11a6', '57438790-25c7-4c78-9884-f0d64f1b8d12', '057cd210-61e2-4453-a20f-48308751049b', 'd0c4f6b5-a99a-4771-8d3d-812cbfe284f8', '9ea7769c-9eb7-4264-94e8-cf920db8df27', '88282261-17dc-4c8a-9289-c0b009a465a3', '61176a17-71f6-4520-95a2-869e714874b4', '46ab8b74-7b0a-4295-a3ff-625c4d1e3987', '390ea783-89e9-4f4e-be31-e6d5570758a6', 'e1c26c8e-0b4c-4e1a-bf64-d1d41587b189', 'e1bb184f-4066-4696-8955-8276046d43e0', 'f67cafd8-8ae3-4a0a-91d6-183f6c5633f4']"
5fe50b78-b64a-4f23-8a5b-2bbb5a81b7c6,6,"['eac3fa3b-83fb-4401-aec4-eaf368f963f8', 'eac3fa3b-83fb-4401-aec4-eaf368f963f8', 'eac3fa3b-83fb-4401-aec4-eaf368f963f8', 'eac3fa3b-83fb-4401-aec4-eaf368f963f8', 'eac3fa3b-83fb-4401-aec4-eaf368f963f8', 'eac3fa3b-83fb-4401-aec4-eaf368f963f8', 'eac3fa3b-83fb-4401-aec4-eaf368f963f8', 'eac3fa3b-83fb-4401-aec4-eaf368f963f8', 'eac3fa3b-83fb-4401-aec4-eaf368f963f8', 'eac3fa3b-83fb-4401-aec4-eaf368f963f8', 'eac3fa3b-83fb-4401-aec4-eaf368f963f8', 'eac3fa3b-83fb-4401-aec4-eaf368f963f8', 'eac3fa3b-83fb-4401-aec4-eaf368f963f8', 'eac3fa3b-83fb-4401-aec4-eaf368f963f8', 'eac3fa3b-83fb-4401-aec4-eaf368f963f8', 'eac3fa3b-83fb-4401-aec4-eaf368f963f8', 'eac3fa3b-83fb-4401-aec4-eaf368f963f8', 'eac3fa3b-83fb-4401-aec4-eaf368f963f8', 'eac3fa3b-83fb-4401-aec4-eaf368f963f8', 'eac3fa3b-83fb-4401-aec4-eaf368f963f8', 'eac3fa3b-83fb-4401-aec4-eaf368f963f8', 'eac3fa3b-83fb-4401-aec4-eaf368f963f8', 'eac3fa3b-83fb-4401-aec4-eaf368f963f8', 'eac3fa3b-83fb-4401-aec4-eaf368f963f8', 'a83f026b-9d91-40cb-84b1-790192591d00', '95f83ce5-bbb6-47ea-8919-925616031a59', '14ec8e91-aeb6-4dfb-8b2d-22568a2574fd', '01ead79f-21c5-44d4-aead-49191d855a2a', 'ce7cbad6-8ce3-4c8b-8ad9-136d9784fc54', 'c0fcb6ac-96b2-479d-971c-7f8e65761b54', 'dac5a5ab-baee-4d62-a8cf-17e6fb10b16e', '9a039fa2-85e0-4989-9b6b-23d585b7eefe', '10d11f4a-3876-4a77-945c-5637f1f30295', 'b033582b-2b50-45fa-b6b8-f12244bb3107', 'f96203d0-f514-4bd1-8f94-6bca6cde3084', 'eb1939fd-5a3f-4cc4-999a-0ccf62a077d5', '969823af-fa02-43dd-bd9e-e27ce3879e4c', '50d06aa0-4238-41ec-a0e4-cd159d852ce7', '64d2e5ca-bcd1-4b27-8fa7-739de18bcc02', '59e4c06e-45d6-4125-936c-d42ec7c5edaa', '69a5aab6-e502-46aa-be62-0ee248c0494a', '579ec4ba-8634-42ee-9edf-49ae0e97b92c', '93f04809-682c-468a-9305-6216e571da61', 'bb19b225-4dff-4a73-a516-28f7bb95537b', '22860bc8-e760-462a-9727-14fa1d971049', '1b9025a0-e3a1-4f89-9e95-fd05a6d8cebb', '18796b35-4302-45e9-9a6c-b73f1285b3bf', '8f804395-2cf9-40e0-b48d-1a030b259fb8', '6d8ab329-e892-4094-9245-c2f381dc33eb', 'febb21bf-6f24-41d0-a81a-b7a85af237e9']"
e013550a-57e0-44e7-903e-6dfa3e187f35,5,"['cf848e93-0f6d-40f1-9f87-3089c8c54876', 'bbea7598-3c32-439a-89c9-64cbdb8918a1', 'bbea7598-3c32-439a-89c9-64cbdb8918a1', 'bbea7598-3c32-439a-89c9-64cbdb8918a1', 'bbea7598-3c32-439a-89c9-64cbdb8918a1', 'bbea7598-3c32-439a-89c9-64cbdb8918a1', 'bbea7598-3c32-439a-89c9-64cbdb8918a1', 'bbea7598-3c32-439a-89c9-64cbdb8918a1', 'bbea7598-3c32-439a-89c9-64cbdb8918a1', 'bbea7598-3c32-439a-89c9-64cbdb8918a1', 'bbea7598-3c32-439a-89c9-64cbdb8918a1', 'bbea7598-3c32-439a-89c9-64cbdb8918a1', 'bbea7598-3c32-439a-89c9-64cbdb8918a1', 'bbea7598-3c32-439a-89c9-64cbdb8918a1', 'bbea7598-3c32-439a-89c9-64cbdb8918a1', 'bbea7598-3c32-439a-89c9-64cbdb8918a1', 'bbea7598-3c32-439a-89c9-64cbdb8918a1', 'bbea7598-3c32-439a-89c9-64cbdb8918a1', 'bbea7598-3c32-439a-89c9-64cbdb8918a1', 'bbea7598-3c32-439a-89c9-64cbdb8918a1', 'bbea7598-3c32-439a-89c9-64cbdb8918a1', 'bbea7598-3c32-439a-89c9-64cbdb8918a1', 'bbea7598-3c32-439a-89c9-64cbdb8918a1', 'bbea7598-3c32-439a-89c9-64cbdb8918a1', 'bbea7598-3c32-439a-89c9-64cbdb8918a1', 'bbea7598-3c32-439a-89c9-64cbdb8918a1', 'bbea7598-3c32-439a-89c9-64cbdb8918a1', 'bbea7598-3c32-439a-89c9-64cbdb8918a1', 'bbea7598-3c32-439a-89c9-64cbdb8918a1', '4bf06bd4-cd2b-4918-ae76-2030507accb5', '8ab714a2-c73a-44d1-86c0-a0c256c92417', '5573a457-3168-418e-87d4-a4157ba52da4', 'ebb1fa96-95e9-42c5-a930-750618e32d37', 'bbc3bc0d-a47f-44b1-97b6-07cea5745771', '00f7ef5b-44c5-49ac-988d-3504f5078018', '49698013-46e7-4cb1-a640-b0b3284d42b3', '176da320-69f6-4948-9ae1-5012a2d88f71', 'f314b5e8-dc12-4db2-9112-4ff2bcb2719c', 'b39fa795-dc3a-4f33-9759-8c1517d29faa', '1ab1cdbf-7873-4331-8043-1bb8866d8b3f', '128ea331-1063-4db8-a59e-e7c4df7eca9c', 'b65b64d8-008c-467b-8017-f1ec7362afd3', 'ff181298-516a-4795-9e8b-097c4f511ded', '0ef9c409-317d-4139-ade0-a567b70399a0', '3d55b596-833e-44b1-bc07-00c26bffddba', 'cd86982e-ff98-4067-8f85-9417d6deb237', '86e1fbb7-79ef-4387-9c8e-5d57897a7485', 'cfecb675-d717-4eae-8341-bb157caa185a', '9b1df332-7269-410c-8e7b-823bac1d2673', '62cb89e7-13c1-4a0e-8602-d016f3ff2f1b']"
240e0a54-2eb0-4f3f-9e9d-b9026b017e48,9,"['88282261-17dc-4c8a-9289-c0b009a465a3', '88282261-17dc-4c8a-9289-c0b009a465a3', '88282261-17dc-4c8a-9289-c0b009a465a3', '88282261-17dc-4c8a-9289-c0b009a465a3', '88282261-17dc-4c8a-9289-c0b009a465a3', '88282261-17dc-4c8a-9289-c0b009a465a3', '88282261-17dc-4c8a-9289-c0b009a465a3', '88282261-17dc-4c8a-9289-c0b009a465a3', '88282261-17dc-4c8a-9289-c0b009a465a3', '88282261-17dc-4c8a-9289-c0b009a465a3', '88282261-17dc-4c8a-9289-c0b009a465a3', '88282261-17dc-4c8a-9289-c0b009a465a3', '88282261-17dc-4c8a-9289-c0b009a465a3', '88282261-17dc-4c8a-9289-c0b009a465a3', '88282261-17dc-4c8a-9289-c0b009a465a3', '88282261-17dc-4c8a-9289-c0b009a465a3', '88282261-17dc-4c8a-9289-c0b009a465a3', '88282261-17dc-4c8a-9289-c0b009a465a3', '88282261-17dc-4c8a-9289-c0b009a465a3', '88282261-17dc-4c8a-9289-c0b009a465a3', '88282261-17dc-4c8a-9289-c0b009a465a3', '88282261-17dc-4c8a-9289-c0b009a465a3', '88282261-17dc-4c8a-9289-c0b009a465a3', '88282261-17dc-4c8a-9289-c0b009a465a3', '88282261-17dc-4c8a-9289-c0b009a465a3', 'f67cafd8-8ae3-4a0a-91d6-183f6c5633f4', 'f67cafd8-8ae3-4a0a-91d6-183f6c5633f4', 'f67cafd8-8ae3-4a0a-91d6-183f6c5633f4', 'f67cafd8-8ae3-4a0a-91d6-183f6c5633f4', 'f67cafd8-8ae3-4a0a-91d6-183f6c5633f4', 'f67cafd8-8ae3-4a0a-91d6-183f6c5633f4', 'f67cafd8-8ae3-4a0a-91d6-183f6c5633f4', 'f67cafd8-8ae3-4a0a-91d6-183f6c5633f4', 'f67cafd8-8ae3-4a0a-91d6-183f6c5633f4', 'f67cafd8-8ae3-4a0a-91d6-183f6c5633f4', 'f67cafd8-8ae3-4a0a-91d6-183f6c5633f4', '94cd3632-08b4-4843-8924-6e308bbe0e69', '69e81b5a-dd92-44f5-bd1f-412a85068380', '869c9acf-5d5e-4ac2-920f-d70e4e4bf60e', '16a2a2c4-af77-48cb-8883-ecde520f4304', '1ec1dc26-cb03-495a-854e-c71531d2451c', '710b4e2a-3481-4946-8ac1-699c459f7e8d', '959be477-9432-413e-8a96-7fa7bfe5de21', '7f4889fe-8674-4d27-98e5-32e80f97364f', 'c5b52fb2-4b50-4d0e-b9bd-52985c5c0e13', '34b5d56a-6bb4-43d9-a066-c257c3fdcd1e', '3c8b77e0-1d6d-4a97-b99e-19bd173e4ae6', 'd22d04c9-f078-4b08-aae6-ca904af2120a', '4f2ed055-0012-48f0-b51a-5cd7cd072c03', '0a84e616-f269-41d2-b657-d98f8f798ab7']"
391cdd1f-429b-4dee-8edf-2e68c17f541b,0,"['ab6e6dd3-0abf-4de0-9736-6303173ed89c', 'ab6e6dd3-0abf-4de0-9736-6303173ed89c', 'ab6e6dd3-0abf-4de0-9736-6303173ed89c', 'ab6e6dd3-0abf-4de0-9736-6303173ed89c', 'ab6e6dd3-0abf-4de0-9736-6303173ed89c', 'ab6e6dd3-0abf-4de0-9736-6303173ed89c', 'ab6e6dd3-0abf-4de0-9736-6303173ed89c', 'ab6e6dd3-0abf-4de0-9736-6303173ed89c', 'ab6e6dd3-0abf-4de0-9736-6303173ed89c', 'ab6e6dd3-0abf-4de0-9736-6303173ed89c', 'ab6e6dd3-0abf-4de0-9736-6303173ed89c', 'ab6e6dd3-0abf-4de0-9736-6303173ed89c', 'ab6e6dd3-0abf-4de0-9736-6303173ed89c', 'ab6e6dd3-0abf-4de0-9736-6303173ed89c', 'ab6e6dd3-0abf-4de0-9736-6303173ed89c', 'ab6e6dd3-0abf-4de0-9736-6303173ed89c', 'ab6e6dd3-0abf-4de0-9736-6303173ed89c', 'ab6e6dd3-0abf-4de0-9736-6303173ed89c', 'ab6e6dd3-0abf-4de0-9736-6303173ed89c', 'ab6e6dd3-0abf-4de0-9736-6303173ed89c', 'ab6e6dd3-0abf-4de0-9736-6303173ed89c', 'ab6e6dd3-0abf-4de0-9736-6303173ed89c', 'ab6e6dd3-0abf-4de0-9736-6303173ed89c', 'ab6e6dd3-0abf-4de0-9736-6303173ed89c', 'ab6e6dd3-0abf-4de0-9736-6303173ed89c', 'ab6e6dd3-0abf-4de0-9736-6303173ed89c', 'ab6e6dd3-0abf-4de0-9736-6303173ed89c', 'ab6e6dd3-0abf-4de0-9736-6303173ed89c', 'ab6e6dd3-0abf-4de0-9736-6303173ed89c', 'ab6e6dd3-0abf-4de0-9736-6303173ed89c', 'ab6e6dd3-0abf-4de0-9736-6303173ed89c', 'ab6e6dd3-0abf-4de0-9736-6303173ed89c', 'ab6e6dd3-0abf-4de0-9736-6303173ed89c', 'ab6e6dd3-0abf-4de0-9736-6303173ed89c', 'ab6e6dd3-0abf-4de0-9736-6303173ed89c', 'ab6e6dd3-0abf-4de0-9736-6303173ed89c', 'ab6e6dd3-0abf-4de0-9736-6303173ed89c', 'ab6e6dd3-0abf-4de0-9736-6303173ed89c', 'ab6e6dd3-0abf-4de0-9736-6303173ed89c', 'ab6e6dd3-0abf-4de0-9736-6303173ed89c', 'ab6e6dd3-0abf-4de0-9736-6303173ed89c', 'ab6e6dd3-0abf-4de0-9736-6303173ed89c', 'ab6e6dd3-0abf-4de0-9736-6303173ed89c', 'ab6e6dd3-0abf-4de0-9736-6303173ed89c', 'ab6e6dd3-0abf-4de0-9736-6303173ed89c', 'ab6e6dd3-0abf-4de0-9736-6303173ed89c', 'ab6e6dd3-0abf-4de0-9736-6303173ed89c', 'ab6e6dd3-0abf-4de0-9736-6303173ed89c', 'ab6e6dd3-0abf-4de0-9736-6303173ed89c', 'ab6e6dd3-0abf-4de0-9736-6303173ed89c']"
5fe50b78-b64a-4f23-8a5b-2bbb5a81b7c6,7,"['eac3fa3b-83fb-4401-aec4-eaf368f963f8', 'eac3fa3b-83fb-4401-aec4-eaf368f963f8', 'eac3fa3b-83fb-4401-aec4-eaf368f963f8', 'eac3fa3b-83fb-4401-aec4-eaf368f963f8', 'eac3fa3b-83fb-4401-aec4-eaf368f963f8', 'eac3fa3b-83fb-4401-aec4-eaf368f963f8', 'eac3fa3b-83fb-4401-aec4-eaf368f963f8', 'eac3fa3b-83fb-4401-aec4-eaf368f963f8', 'eac3fa3b-83fb-4401-aec4-eaf368f963f8', 'eac3fa3b-83fb-4401-aec4-eaf368f963f8', 'eac3fa3b-83fb-4401-aec4-eaf368f963f8', 'eac3fa3b-83fb-4401-aec4-eaf368f963f8', 'eac3fa3b-83fb-4401-aec4-eaf368f963f8', 'eac3fa3b-83fb-4401-aec4-eaf368f963f8', 'eac3fa3b-83fb-4401-aec4-eaf368f963f8', 'eac3fa3b-83fb-4401-aec4-eaf368f963f8', 'eac3fa3b-83fb-4401-aec4-eaf368f963f8', 'eac3fa3b-83fb-4401-aec4-eaf368f963f8', 'eac3fa3b-83fb-4401-aec4-eaf368f963f8', 'eac3fa3b-83fb-4401-aec4-eaf368f963f8', 'eac3fa3b-83fb-4401-aec4-eaf368f963f8', 'eac3fa3b-83fb-4401-aec4-eaf368f963f8', 'eac3fa3b-83fb-4401-aec4-eaf368f963f8', 'eac3fa3b-83fb-4401-aec4-eaf368f963f8', 'eac3fa3b-83fb-4401-aec4-eaf368f963f8', 'eac3fa3b-83fb-4401-aec4-eaf368f963f8', 'eac3fa3b-83fb-4401-aec4-eaf368f963f8', 'eac3fa3b-83fb-4401-aec4-eaf368f963f8', 'eac3fa3b-83fb-4401-aec4-eaf368f963f8', 'eac3fa3b-83fb-4401-aec4-eaf368f963f8', 'eac3fa3b-83fb-4401-aec4-eaf368f963f8', 'eac3fa3b-83fb-4401-aec4-eaf368f963f8', 'eac3fa3b-83fb-4401-aec4-eaf368f963f8', 'eac3fa3b-83fb-4401-aec4-eaf368f963f8', 'eac3fa3b-83fb-4401-aec4-eaf368f963f8', 'eac3fa3b-83fb-4401-aec4-eaf368f963f8', 'eac3fa3b-83fb-4401-aec4-eaf368f963f8', 'eac3fa3b-83fb-4401-aec4-eaf368f963f8', 'eac3fa3b-83fb-4401-aec4-eaf368f963f8', 'eac3fa3b-83fb-4401-aec4-eaf368f963f8', '1eca88dd-c141-4910-af46-d1a25928d39f', 'c9f6fe83-2dd9-4ec3-81e7-afafcbe67c70', '5f34ee05-7c89-44f5-ab13-d1ef323b68fd', '556e725b-2ee6-4d03-a3e0-fd23616b8def', '605e3a5b-3af1-4ee0-b604-c789c9b976fe', '1bd0158a-56d1-41b2-8fc5-08c6393c2d63', 'fd62d05c-d704-4483-bf70-30417518faaf', 'a6383122-82c2-4b17-9fe9-d15237448323', 'e78b8eb2-d3aa-4f7e-bcab-65dd89303f09', '7c8cf598-e706-41cb-89d0-5cc08dbe9fc6']"
e013550a-57e0-44e7-903e-6dfa3e187f35,6,"['bbea7598-3c32-439a-89c9-64cbdb8918a1', 'bbea7598-3c32-439a-89c9-64cbdb8918a1', 'bbea7598-3c32-439a-89c9-64cbdb8918a1', 'bbea7598-3c32-439a-89c9-64cbdb8918a1', 'bbea7598-3c32-439a-89c9-64cbdb8918a1', 'bbea7598-3c32-439a-89c9-64cbdb8918a1', 'bbea7598-3c32-439a-89c9-64cbdb8918a1', 'bbea7598-3c32-439a-89c9-64cbdb8918a1', 'bbea7598-3c32-439a-89c9-64cbdb8918a1', 'bbea7598-3c32-439a-89c9-64cbdb8918a1', 'bbea7598-3c32-439a-89c9-64cbdb8918a1', 'bbea7598-3c32-439a-89c9-64cbdb8918a1', 'bbea7598-3c32-439a-89c9-64cbdb8918a1', 'bbea7598-3c32-439a-89c9-64cbdb8918a1', 'bbea7598-3c32-439a-89c9-64cbdb8918a1', 'bbea7598-3c32-439a-89c9-64cbdb8918a1', 'bbea7598-3c32-439a-89c9-64cbdb8918a1', 'bbea7598-3c32-439a-89c9-64cbdb8918a1', 'bbea7598-3c32-439a-89c9-64cbdb8918a1', 'bbea7598-3c32-439a-89c9-64cbdb8918a1', 'bbea7598-3c32-439a-89c9-64cbdb8918a1', 'bbea7598-3c32-439a-89c9-64cbdb8918a1', 'bbea7598-3c32-439a-89c9-64cbdb8918a1', 'bbea7598-3c32-439a-89c9-64cbdb8918a1', 'bbea7598-3c32-439a-89c9-64cbdb8918a1', 'bbea7598-3c32-439a-89c9-64cbdb8918a1', 'bbea7598-3c32-439a-89c9-64cbdb8918a1', 'bbea7598-3c32-439a-89c9-64cbdb8918a1', 'bbea7598-3c32-439a-89c9-64cbdb8918a1', 'bbea7598-3c32-439a-89c9-64cbdb8918a1', 'bbea7598-3c32-439a-89c9-64cbdb8918a1', 'bbea7598-3c32-439a-89c9-64cbdb8918a1', 'bbea7598-3c32-439a-89c9-64cbdb8918a1', 'bbea7598-3c32-439a-89c9-64cbdb8918a1', 'bbea7598-3c32-439a-89c9-64cbdb8918a1', 'bbea7598-3c32-439a-89c9-64cbdb8918a1', 'bbc3bc0d-a47f-44b1-97b6-07cea5745771', 'bbc3bc0d-a47f-44b1-97b6-07cea5745771', 'bbc3bc0d-a47f-44b1-97b6-07cea5745771', 'bbc3bc0d-a47f-44b1-97b6-07cea5745771', 'bbc3bc0d-a47f-44b1-97b6-07cea5745771', 'bbc3bc0d-a47f-44b1-97b6-07cea5745771', '139362c2-1524-4307-91fa-eb49bb8d7a9a', '7d558384-ab01-4967-8d6f-946c96405468', 'f762bd97-45e2-425a-81a1-60b885e2469f', 'fade60c1-0218-4ece-a85b-0ff68c2880b8', '46e2ea01-9413-438b-a8ba-ab5086f37f02', '5b482d8a-6ef2-46fd-af6b-23da92a101a3', 'a41f83dc-015b-4a8c-91b1-21720a5311e0', 'effd5c27-306e-4eff-b1d0-7bda38a7a12e']"
240e0a54-2eb0-4f3f-9e9d-b9026b017e48,10,"['88282261-17dc-4c8a-9289-c0b009a465a3', '88282261-17dc-4c8a-9289-c0b009a465a3', '88282261-17dc-4c8a-9289-c0b009a465a3', '88282261-17dc-4c8a-9289-c0b009a465a3', '88282261-17dc-4c8a-9289-c0b009a465a3', '88282261-17dc-4c8a-9289-c0b009a465a3', '88282261-17dc-4c8a-9289-c0b009a465a3', '88282261-17dc-4c8a-9289-c0b009a465a3', '88282261-17dc-4c8a-9289-c0b009a465a3', '88282261-17dc-4c8a-9289-c0b009a465a3', '88282261-17dc-4c8a-9289-c0b009a465a3', '88282261-17dc-4c8a-9289-c0b009a465a3', '88282261-17dc-4c8a-9289-c0b009a465a3', '88282261-17dc-4c8a-9289-c0b009a465a3', '88282261-17dc-4c8a-9289-c0b009a465a3', '88282261-17dc-4c8a-9289-c0b009a465a3', '88282261-17dc-4c8a-9289-c0b009a465a3', '88282261-17dc-4c8a-9289-c0b009a465a3', '88282261-17dc-4c8a-9289-c0b009a465a3', '88282261-17dc-4c8a-9289-c0b009a465a3', '88282261-17dc-4c8a-9289-c0b009a465a3', 'f67cafd8-8ae3-4a0a-91d6-183f6c5633f4', 'f67cafd8-8ae3-4a0a-91d6-183f6c5633f4', 'f67cafd8-8ae3-4a0a-91d6-183f6c5633f4', '1ec1dc26-cb03-495a-854e-c71531d2451c', '1ec1dc26-cb03-495a-854e-c71531d2451c', '1ec1dc26-cb03-495a-854e-c71531d2451c', '1ec1dc26-cb03-495a-854e-c71531d2451c', '1ec1dc26-cb03-495a-854e-c71531d2451c', '1ec1dc26-cb03-495a-854e-c71531d2451c', '1ec1dc26-cb03-495a-854e-c71531d2451c', '1ec1dc26-cb03-495a-854e-c71531d2451c', '1ec1dc26-cb03-495a-854e-c71531d2451c', '1ec1dc26-cb03-495a-854e-c71531d2451c', '1ec1dc26-cb03-495a-854e-c71531d2451c', '1ec1dc26-cb03-495a-854e-c71531d2451c', '1ec1dc26-cb03-495a-854e-c71531d2451c', '1ec1dc26-cb03-495a-854e-c71531d2451c', '1ec1dc26-cb03-495a-854e-c71531d2451c', '1ec1dc26-cb03-495a-854e-c71531d2451c', '1ec1dc26-cb03-495a-854e-c71531d2451c', '1ec1dc26-cb03-495a-854e-c71531d2451c', '1ec1dc26-cb03-495a-854e-c71531d2451c', '66f93aee-af04-497d-8070-7abab5cc223b', 'c59cfea8-ec58-4011-a401-01bd613c826c', '5ca97d56-6a8b-4dd5-83db-b1b95b8126b1', '8fc49cf8-1cc2-4e6f-a96e-d8b1341ce33f', 'ebe0281b-9ee3-42a7-8a5a-144c3268a564', '1b80a9b0-569c-4950-b541-82be33134ac3', '54484d54-b295-4eb6-8b3d-95eeccb59a35']"
e013550a-57e0-44e7-903e-6dfa3e187f35,7,"['bbea7598-3c32-439a-89c9-64cbdb8918a1', 'bbea7598-3c32-439a-89c9-64cbdb8918a1', 'bbea7598-3c32-439a-89c9-64cbdb8918a1', 'bbea7598-3c32-439a-89c9-64cbdb8918a1', 'bbea7598-3c32-439a-89c9-64cbdb8918a1', 'bbea7598-3c32-439a-89c9-64cbdb8918a1', 'bbea7598-3c32-439a-89c9-64cbdb8918a1', 'bbea7598-3c32-439a-89c9-64cbdb8918a1', 'bbea7598-3c32-439a-89c9-64cbdb8918a1', 'bbea7598-3c32-439a-89c9-64cbdb8918a1', 'bbea7598-3c32-439a-89c9-64cbdb8918a1', 'bbea7598-3c32-439a-89c9-64cbdb8918a1', 'bbea7598-3c32-439a-89c9-64cbdb8918a1', 'bbea7598-3c32-439a-89c9-64cbdb8918a1', 'bbea7598-3c32-439a-89c9-64cbdb8918a1', 'bbea7598-3c32-439a-89c9-64cbdb8918a1', 'bbea7598-3c32-439a-89c9-64cbdb8918a1', 'bbea7598-3c32-439a-89c9-64cbdb8918a1', 'bbea7598-3c32-439a-89c9-64cbdb8918a1', 'bbea7598-3c32-439a-89c9-64cbdb8918a1', 'bbea7598-3c32-439a-89c9-64cbdb8918a1', 'bbea7598-3c32-439a-89c9-64cbdb8918a1', 'bbea7598-3c32-439a-89c9-64cbdb8918a1', 'bbc3bc0d-a47f-44b1-97b6-07cea5745771', 'bbc3bc0d-a47f-44b1-97b6-07cea5745771', 'bbc3bc0d-a47f-44b1-97b6-07cea5745771', 'bbc3bc0d-a47f-44b1-97b6-07cea5745771', 'bbc3bc0d-a47f-44b1-97b6-07cea5745771', 'bbc3bc0d-a47f-44b1-97b6-07cea5745771', 'bbc3bc0d-a47f-44b1-97b6-07cea5745771', 'bbc3bc0d-a47f-44b1-97b6-07cea5745771', 'bbc3bc0d-a47f-44b1-97b6-07cea5745771', 'bbc3bc0d-a47f-44b1-97b6-07cea5745771', 'bbc3bc0d-a47f-44b1-97b6-07cea5745771', 'bbc3bc0d-a47f-44b1-97b6-07cea5745771', 'bbc3bc0d-a47f-44b1-97b6-07cea5745771', 'bbc3bc0d-a47f-44b1-97b6-07cea5745771', 'bbc3bc0d-a47f-44b1-97b6-07cea5745771', 'bbc3bc0d-a47f-44b1-97b6-07cea5745771', 'bbc3bc0d-a47f-44b1-97b6-07cea5745771', 'bbc3bc0d-a47f-44b1-97b6-07cea5745771', 'bbc3bc0d-a47f-44b1-97b6-07cea5745771', 'f762bd97-45e2-425a-81a1-60b885e2469f', 'b62079db-2ce1-4e37-851a-23ebaa2107fd', 'cd5dc804-2348-49a5-9972-96fbda3282c4', '928396fd-bf6e-4863-b676-59dec97471bb', '19faac18-5592-438d-8008-2070f17e31b5', 'caa16b2d-7a40-491e-8f3c-abfcd5cf15de', '3ee13762-eb9c-401e-ac76-f6029cf0285a', '5889bdb5-7467-4199-a0db-36518c8b6c0c']"
391cdd1f-429b-4dee-8edf-2e68c17f541b,1,"['ab6e6dd3-0abf-4de0-9736-6303173ed89c', 'ab6e6dd3-0abf-4de0-9736-6303173ed89c', 'ab6e6dd3-0abf-4de0-9736-6303173ed89c', 'ab6e6dd3-0abf-4de0-9736-6303173ed89c', 'ab6e6dd3-0abf-4de0-9736-6303173ed89c', 'ab6e6dd3-0abf-4de0-9736-6303173ed89c', 'ab6e6dd3-0abf-4de0-9736-6303173ed89c', 'ab6e6dd3-0abf-4de0-9736-6303173ed89c', 'ab6e6dd3-0abf-4de0-9736-6303173ed89c', 'ab6e6dd3-0abf-4de0-9736-6303173ed89c', 'ab6e6dd3-0abf-4de0-9736-6303173ed89c', 'ab6e6dd3-0abf-4de0-9736-6303173ed89c', 'ab6e6dd3-0abf-4de0-9736-6303173ed89c', 'ab6e6dd3-0abf-4de0-9736-6303173ed89c', 'ab6e6dd3-0abf-4de0-9736-6303173ed89c', 'ab6e6dd3-0abf-4de0-9736-6303173ed89c', 'ab6e6dd3-0abf-4de0-9736-6303173ed89c', 'ab6e6dd3-0abf-4de0-9736-6303173ed89c', 'ab6e6dd3-0abf-4de0-9736-6303173ed89c', 'ab6e6dd3-0abf-4de0-9736-6303173ed89c', 'ab6e6dd3-0abf-4de0-9736-6303173ed89c', 'ab6e6dd3-0abf-4de0-9736-6303173ed89c', 'ab6e6dd3-0abf-4de0-9736-6303173ed89c', 'ab6e6dd3-0abf-4de0-9736-6303173ed89c', 'ab6e6dd3-0abf-4de0-9736-6303173ed89c', 'ab6e6dd3-0abf-4de0-9736-6303173ed89c', 'ab6e6dd3-0abf-4de0-9736-6303173ed89c', 'ab6e6dd3-0abf-4de0-9736-6303173ed89c', 'ab6e6dd3-0abf-4de0-9736-6303173ed89c', 'ab6e6dd3-0abf-4de0-9736-6303173ed89c', 'ab6e6dd3-0abf-4de0-9736-6303173ed89c', 'ab6e6dd3-0abf-4de0-9736-6303173ed89c', 'ab6e6dd3-0abf-4de0-9736-6303173ed89c', 'ab6e6dd3-0abf-4de0-9736-6303173ed89c', 'ab6e6dd3-0abf-4de0-9736-6303173ed89c', 'ab6e6dd3-0abf-4de0-9736-6303173ed89c', 'ab6e6dd3-0abf-4de0-9736-6303173ed89c', 'ab6e6dd3-0abf-4de0-9736-6303173ed89c', 'c0355c24-7f3f-49e5-aacc-1d5118e68ba7', 'da4d86e3-17d5-4e9c-8983-62291c8d9296', '2a45af0a-8c0d-47a2-b621-ab9dc1afa1f3', '547655ab-00ee-4ddb-85fa-5969496dc3d1', 'e6eb0591-4e37-48d4-9756-e7dc3d46ca34', '80b3bd48-40c4-4101-b19a-c458d9659581', 'a5156dec-bb32-4b4e-a01b-58cbfa04abff', 'f47435ba-fec4-44c7-ba57-99fa7dfcceb5', '31d7dd49-628c-4e7c-8b67-0c75b56ba488', '4f35ca19-9d20-4cd2-a431-a0eb3c08eafc', 'b5465c74-bac8-4bca-9e27-9a8aa552e549', '8b283de4-1df3-44d0-850c-fb46d485fdfc']"
240e0a54-2eb0-4f3f-9e9d-b9026b017e48,11,"['88282261-17dc-4c8a-9289-c0b009a465a3', '88282261-17dc-4c8a-9289-c0b009a465a3', '88282261-17dc-4c8a-9289-c0b009a465a3', '1ec1dc26-cb03-495a-854e-c71531d2451c', '1ec1dc26-cb03-495a-854e-c71531d2451c', '1ec1dc26-cb03-495a-854e-c71531d2451c', '1ec1dc26-cb03-495a-854e-c71531d2451c', '1ec1dc26-cb03-495a-854e-c71531d2451c', '1ec1dc26-cb03-495a-854e-c71531d2451c', '1ec1dc26-cb03-495a-854e-c71531d2451c', '1ec1dc26-cb03-495a-854e-c71531d2451c', '1ec1dc26-cb03-495a-854e-c71531d2451c', '1ec1dc26-cb03-495a-854e-c71531d2451c', '1ec1dc26-cb03-495a-854e-c71531d2451c', '1ec1dc26-cb03-495a-854e-c71531d2451c', '1ec1dc26-cb03-495a-854e-c71531d2451c', '1ec1dc26-cb03-495a-854e-c71531d2451c', '1ec1dc26-cb03-495a-854e-c71531d2451c', '1ec1dc26-cb03-495a-854e-c71531d2451c', '1ec1dc26-cb03-495a-854e-c71531d2451c', '1ec1dc26-cb03-495a-854e-c71531d2451c', '1ec1dc26-cb03-495a-854e-c71531d2451c', '1ec1dc26-cb03-495a-854e-c71531d2451c', '1ec1dc26-cb03-495a-854e-c71531d2451c', '1ec1dc26-cb03-495a-854e-c71531d2451c', '1ec1dc26-cb03-495a-854e-c71531d2451c', '1ec1dc26-cb03-495a-854e-c71531d2451c', '1ec1dc26-cb03-495a-854e-c71531d2451c', '1ec1dc26-cb03-495a-854e-c71531d2451c', '1ec1dc26-cb03-495a-854e-c71531d2451c', '1ec1dc26-cb03-495a-854e-c71531d2451c', '1ec1dc26-cb03-495a-854e-c71531d2451c', '1ec1dc26-cb03-495a-854e-c71531d2451c', '1ec1dc26-cb03-495a-854e-c71531d2451c', '1ec1dc26-cb03-495a-854e-c71531d2451c', '1ec1dc26-cb03-495a-854e-c71531d2451c', '1ec1dc26-cb03-495a-854e-c71531d2451c', '1ec1dc26-cb03-495a-854e-c71531d2451c', '1ec1dc26-cb03-495a-854e-c71531d2451c', '1ec1dc26-cb03-495a-854e-c71531d2451c', '1ec1dc26-cb03-495a-854e-c71531d2451c', '1ec1dc26-cb03-495a-854e-c71531d2451c', '1ec1dc26-cb03-495a-854e-c71531d2451c', '249c5dd7-6dbd-4ff9-a28e-9698ef61f468', 'bd7768f9-f958-45ca-be97-7b90eb73c95e', 'c8240a15-e959-47b3-ac43-bb45553c0af5', '6b3fa8c6-02ca-4c8a-8482-eddf4d723ffd', '94523cc4-c422-4521-8f6a-a1a3aec4e4c4', 'ff51562f-a7cb-4672-ab40-c3ad00971aa1', '23d72524-df42-43c4-93db-0a8118818ce3']"
5fe50b78-b64a-4f23-8a5b-2bbb5a81b7c6,8,"['eac3fa3b-83fb-4401-aec4-eaf368f963f8', 'eac3fa3b-83fb-4401-aec4-eaf368f963f8', 'eac3fa3b-83fb-4401-aec4-eaf368f963f8', 'eac3fa3b-83fb-4401-aec4-eaf368f963f8', 'eac3fa3b-83fb-4401-aec4-eaf368f963f8', 'eac3fa3b-83fb-4401-aec4-eaf368f963f8', 'eac3fa3b-83fb-4401-aec4-eaf368f963f8', 'eac3fa3b-83fb-4401-aec4-eaf368f963f8', 'eac3fa3b-83fb-4401-aec4-eaf368f963f8', 'eac3fa3b-83fb-4401-aec4-eaf368f963f8', 'eac3fa3b-83fb-4401-aec4-eaf368f963f8', 'eac3fa3b-83fb-4401-aec4-eaf368f963f8', 'eac3fa3b-83fb-4401-aec4-eaf368f963f8', 'eac3fa3b-83fb-4401-aec4-eaf368f963f8', 'eac3fa3b-83fb-4401-aec4-eaf368f963f8', 'eac3fa3b-83fb-4401-aec4-eaf368f963f8', 'eac3fa3b-83fb-4401-aec4-eaf368f963f8', 'eac3fa3b-83fb-4401-aec4-eaf368f963f8', 'eac3fa3b-83fb-4401-aec4-eaf368f963f8', 'eac3fa3b-83fb-4401-aec4-eaf368f963f8', 'eac3fa3b-83fb-4401-aec4-eaf368f963f8', 'eac3fa3b-83fb-4401-aec4-eaf368f963f8', 'eac3fa3b-83fb-4401-aec4-eaf368f963f8', 'eac3fa3b-83fb-4401-aec4-eaf368f963f8', 'eac3fa3b-83fb-4401-aec4-eaf368f963f8', 'eac3fa3b-83fb-4401-aec4-eaf368f963f8', 'eac3fa3b-83fb-4401-aec4-eaf368f963f8', 'eac3fa3b-83fb-4401-aec4-eaf368f963f8', 'eac3fa3b-83fb-4401-aec4-eaf368f963f8', 'eac3fa3b-83fb-4401-aec4-eaf368f963f8', 'eac3fa3b-83fb-4401-aec4-eaf368f963f8', 'eac3fa3b-83fb-4401-aec4-eaf368f963f8', '1eca88dd-c141-4910-af46-d1a25928d39f', '5f34ee05-7c89-44f5-ab13-d1ef323b68fd', '556e725b-2ee6-4d03-a3e0-fd23616b8def', '605e3a5b-3af1-4ee0-b604-c789c9b976fe', '7c8cf598-e706-41cb-89d0-5cc08dbe9fc6', '6c5ea298-75fe-466c-8f81-122ad93cf741', '77f1f0f1-00a8-42b8-85b0-c0644e8eda74', '4de7f86d-c6e2-48d6-bb69-c63060bb99ab', '0e206d5a-88c3-4546-9771-102167abb270', '43d25fcc-ecfc-493f-8034-2a0bbd2fe2bc', '7b71f7bf-d24e-49f8-83a6-6f4568adf0fb', '6fe0827a-e683-4cb7-91c4-a08fb2a719b1', 'ee077987-88ad-4740-b6dc-aed7e5847789', '3e02b4dd-ec3a-4e77-97d9-9178bce36bd9', '1480f173-3402-41f7-89f7-1e2f2608b6c0', '5c13e8a7-d9d9-42d2-8f78-0bbb76ef252a', '63d78982-ce9f-4047-9944-ac34b56d67a3', 'f06b5845-467d-4030-9a08-3878b486fbe6']"
e013550a-57e0-44e7-903e-6dfa3e187f35,8,"['bbea7598-3c32-439a-89c9-64cbdb8918a1', 'bbea7598-3c32-439a-89c9-64cbdb8918a1', 'bbea7598-3c32-439a-89c9-64cbdb8918a1', 'bbea7598-3c32-439a-89c9-64cbdb8918a1', 'bbea7598-3c32-439a-89c9-64cbdb8918a1', 'bbea7598-3c32-439a-89c9-64cbdb8918a1', 'bbea7598-3c32-439a-89c9-64cbdb8918a1', 'bbea7598-3c32-439a-89c9-64cbdb8918a1', 'bbea7598-3c32-439a-89c9-64cbdb8918a1', 'bbea7598-3c32-439a-89c9-64cbdb8918a1', 'bbea7598-3c32-439a-89c9-64cbdb8918a1', 'bbea7598-3c32-439a-89c9-64cbdb8918a1', 'bbea7598-3c32-439a-89c9-64cbdb8918a1', 'bbea7598-3c32-439a-89c9-64cbdb8918a1', 'bbea7598-3c32-439a-89c9-64cbdb8918a1', 'bbea7598-3c32-439a-89c9-64cbdb8918a1', 'bbea7598-3c32-439a-89c9-64cbdb8918a1', 'bbea7598-3c32-439a-89c9-64cbdb8918a1', 'bbc3bc0d-a47f-44b1-97b6-07cea5745771', 'bbc3bc0d-a47f-44b1-97b6-07cea5745771', 'bbc3bc0d-a47f-44b1-97b6-07cea5745771', 'bbc3bc0d-a47f-44b1-97b6-07cea5745771', 'bbc3bc0d-a47f-44b1-97b6-07cea5745771', 'bbc3bc0d-a47f-44b1-97b6-07cea5745771', 'bbc3bc0d-a47f-44b1-97b6-07cea5745771', 'bbc3bc0d-a47f-44b1-97b6-07cea5745771', 'bbc3bc0d-a47f-44b1-97b6-07cea5745771', 'bbc3bc0d-a47f-44b1-97b6-07cea5745771', 'bbc3bc0d-a47f-44b1-97b6-07cea5745771', 'bbc3bc0d-a47f-44b1-97b6-07cea5745771', 'bbc3bc0d-a47f-44b1-97b6-07cea5745771', 'bbc3bc0d-a47f-44b1-97b6-07cea5745771', 'bbc3bc0d-a47f-44b1-97b6-07cea5745771', 'bbc3bc0d-a47f-44b1-97b6-07cea5745771', 'bbc3bc0d-a47f-44b1-97b6-07cea5745771', 'f762bd97-45e2-425a-81a1-60b885e2469f', 'b62079db-2ce1-4e37-851a-23ebaa2107fd', 'cd5dc804-2348-49a5-9972-96fbda3282c4', '928396fd-bf6e-4863-b676-59dec97471bb', '19faac18-5592-438d-8008-2070f17e31b5', 'caa16b2d-7a40-491e-8f3c-abfcd5cf15de', '3ee13762-eb9c-401e-ac76-f6029cf0285a', '5889bdb5-7467-4199-a0db-36518c8b6c0c', 'e18568fa-fee0-410d-990b-a1f70220b576', '37dc2513-172e-4699-abd5-c141631bbb23', '1370435c-bae3-4d8e-9168-123e9a3c8cae', '1470bf95-7137-4572-ab23-85666272bf93', '6a3513d8-e37d-4e1f-ae77-912b14c8f8ae', 'd58d0646-0caa-435a-b661-59bfa5adfcb3', 'cd2d4275-6f89-4ab1-9c93-0d263514ff76']"
391cdd1f-429b-4dee-8edf-2e68c17f541b,2,"['ab6e6dd3-0abf-4de0-9736-6303173ed89c', 'ab6e6dd3-0abf-4de0-9736-6303173ed89c', 'ab6e6dd3-0abf-4de0-9736-6303173ed89c', 'ab6e6dd3-0abf-4de0-9736-6303173ed89c', 'ab6e6dd3-0abf-4de0-9736-6303173ed89c', 'ab6e6dd3-0abf-4de0-9736-6303173ed89c', 'ab6e6dd3-0abf-4de0-9736-6303173ed89c', 'ab6e6dd3-0abf-4de0-9736-6303173ed89c', 'ab6e6dd3-0abf-4de0-9736-6303173ed89c', 'ab6e6dd3-0abf-4de0-9736-6303173ed89c', 'ab6e6dd3-0abf-4de0-9736-6303173ed89c', 'ab6e6dd3-0abf-4de0-9736-6303173ed89c', 'ab6e6dd3-0abf-4de0-9736-6303173ed89c', 'ab6e6dd3-0abf-4de0-9736-6303173ed89c', 'ab6e6dd3-0abf-4de0-9736-6303173ed89c', 'ab6e6dd3-0abf-4de0-9736-6303173ed89c', 'ab6e6dd3-0abf-4de0-9736-6303173ed89c', 'ab6e6dd3-0abf-4de0-9736-6303173ed89c', 'ab6e6dd3-0abf-4de0-9736-6303173ed89c', 'ab6e6dd3-0abf-4de0-9736-6303173ed89c', 'ab6e6dd3-0abf-4de0-9736-6303173ed89c', 'ab6e6dd3-0abf-4de0-9736-6303173ed89c', 'ab6e6dd3-0abf-4de0-9736-6303173ed89c', 'ab6e6dd3-0abf-4de0-9736-6303173ed89c', 'ab6e6dd3-0abf-4de0-9736-6303173ed89c', 'ab6e6dd3-0abf-4de0-9736-6303173ed89c', 'ab6e6dd3-0abf-4de0-9736-6303173ed89c', 'ab6e6dd3-0abf-4de0-9736-6303173ed89c', 'c0355c24-7f3f-49e5-aacc-1d5118e68ba7', 'da4d86e3-17d5-4e9c-8983-62291c8d9296', '547655ab-00ee-4ddb-85fa-5969496dc3d1', '80b3bd48-40c4-4101-b19a-c458d9659581', 'a5156dec-bb32-4b4e-a01b-58cbfa04abff', 'f47435ba-fec4-44c7-ba57-99fa7dfcceb5', '31d7dd49-628c-4e7c-8b67-0c75b56ba488', '4f35ca19-9d20-4cd2-a431-a0eb3c08eafc', '8b283de4-1df3-44d0-850c-fb46d485fdfc', '7a3fd2e2-64a0-4387-80d3-3acb5692f411', 'd1b6fe1f-6fa6-40f8-8e90-9bb3e7683f2f', 'bf1c292b-38a3-4955-a7f2-7eedf7cc3b33', '8913cbf0-8119-45f7-9793-d84213cc9347', 'd4c29013-9cdf-4e84-96b9-b125860704c5', '088e4eb7-244b-4d1a-9531-3afb5f821833', '20bf5b1e-cbee-428a-96e1-af6f0da47327', '452e8271-aa3a-4575-9df5-f9727f60e941', '6cca5557-48d4-4c88-92df-30a7a323ed0e', '8c84ffb4-99cd-4c97-8547-ea751cc1a94e', '9a2894e5-7d3f-4bf9-ad90-7a27dd6b57b0', '32041e28-36e7-40d5-8560-62bf7281e405', 'fe790c04-fd1f-4e49-bd03-fa231257ca9f']"
240e0a54-2eb0-4f3f-9e9d-b9026b017e48,12,"['88282261-17dc-4c8a-9289-c0b009a465a3', '88282261-17dc-4c8a-9289-c0b009a465a3', '88282261-17dc-4c8a-9289-c0b009a465a3', '1ec1dc26-cb03-495a-854e-c71531d2451c', '1ec1dc26-cb03-495a-854e-c71531d2451c', '1ec1dc26-cb03-495a-854e-c71531d2451c', '1ec1dc26-cb03-495a-854e-c71531d2451c', '1ec1dc26-cb03-495a-854e-c71531d2451c', '1ec1dc26-cb03-495a-854e-c71531d2451c', '1ec1dc26-cb03-495a-854e-c71531d2451c', '1ec1dc26-cb03-495a-854e-c71531d2451c', '1ec1dc26-cb03-495a-854e-c71531d2451c', '1ec1dc26-cb03-495a-854e-c71531d2451c', '1ec1dc26-cb03-495a-854e-c71531d2451c', '1ec1dc26-cb03-495a-854e-c71531d2451c', '1ec1dc26-cb03-495a-854e-c71531d2451c', '1ec1dc26-cb03-495a-854e-c71531d2451c', '1ec1dc26-cb03-495a-854e-c71531d2451c', '1ec1dc26-cb03-495a-854e-c71531d2451c', '1ec1dc26-cb03-495a-854e-c71531d2451c', '1ec1dc26-cb03-495a-854e-c71531d2451c', '1ec1dc26-cb03-495a-854e-c71531d2451c', '1ec1dc26-cb03-495a-854e-c71531d2451c', '1ec1dc26-cb03-495a-854e-c71531d2451c', '1ec1dc26-cb03-495a-854e-c71531d2451c', '1ec1dc26-cb03-495a-854e-c71531d2451c', '1ec1dc26-cb03-495a-854e-c71531d2451c', '1ec1dc26-cb03-495a-854e-c71531d2451c', '1ec1dc26-cb03-495a-854e-c71531d2451c', '249c5dd7-6dbd-4ff9-a28e-9698ef61f468', 'bd7768f9-f958-45ca-be97-7b90eb73c95e', 'c8240a15-e959-47b3-ac43-bb45553c0af5', '6b3fa8c6-02ca-4c8a-8482-eddf4d723ffd', 'ff51562f-a7cb-4672-ab40-c3ad00971aa1', '23d72524-df42-43c4-93db-0a8118818ce3', '71a4efe6-7296-4eee-856b-7905e3827564', 'c1b5c27b-64ea-41bd-a233-9353f335bc02', 'c6212418-6e2e-4e0f-91c5-1ee8c290eba9', 'fc94f2e6-480a-491b-8654-7726c8ba7c50', '8da3126d-d593-472f-bed6-99491373061d', '34cb28ce-8221-43b4-938d-2a7e986e2012', '9abe1971-8490-4928-a73e-3a756a83066d', '3a55ab18-bb8d-4c53-bf20-dc919be4e88d', '6159ad1c-96b2-47b3-a2e0-329f1d6e0bda', '52a0f675-e642-421c-a614-d501648cae65', '53c271a6-c5f3-42fe-a0f8-6458d07bc6af', 'a99c9576-005b-41f5-8b77-6f64b907c97c', '186dbb76-2665-4331-83a9-4c41b136d3df', '7f4a5dff-b106-41eb-8fee-1b7a03cc0d6d', '4e392296-9033-4256-8d15-d19e3fa84f29']"
e013550a-57e0-44e7-903e-6dfa3e187f35,9,"['bbea7598-3c32-439a-89c9-64cbdb8918a1', 'bbea7598-3c32-439a-89c9-64cbdb8918a1', 'bbea7598-3c32-439a-89c9-64cbdb8918a1', 'bbea7598-3c32-439a-89c9-64cbdb8918a1', 'bbea7598-3c32-439a-89c9-64cbdb8918a1', 'bbea7598-3c32-439a-89c9-64cbdb8918a1', 'bbea7598-3c32-439a-89c9-64cbdb8918a1', 'bbea7598-3c32-439a-89c9-64cbdb8918a1', 'bbea7598-3c32-439a-89c9-64cbdb8918a1', 'bbea7598-3c32-439a-89c9-64cbdb8918a1', 'bbea7598-3c32-439a-89c9-64cbdb8918a1', 'bbea7598-3c32-439a-89c9-64cbdb8918a1', 'bbea7598-3c32-439a-89c9-64cbdb8918a1', 'bbea7598-3c32-439a-89c9-64cbdb8918a1', 'bbea7598-3c32-439a-89c9-64cbdb8918a1', 'bbc3bc0d-a47f-44b1-97b6-07cea5745771', 'bbc3bc0d-a47f-44b1-97b6-07cea5745771', 'bbc3bc0d-a47f-44b1-97b6-07cea5745771', 'bbc3bc0d-a47f-44b1-97b6-07cea5745771', 'bbc3bc0d-a47f-44b1-97b6-07cea5745771', 'bbc3bc0d-a47f-44b1-97b6-07cea5745771', 'bbc3bc0d-a47f-44b1-97b6-07cea5745771', 'bbc3bc0d-a47f-44b1-97b6-07cea5745771', 'bbc3bc0d-a47f-44b1-97b6-07cea5745771', 'bbc3bc0d-a47f-44b1-97b6-07cea5745771', 'bbc3bc0d-a47f-44b1-97b6-07cea5745771', 'bbc3bc0d-a47f-44b1-97b6-07cea5745771', 'bbc3bc0d-a47f-44b1-97b6-07cea5745771', 'bbc3bc0d-a47f-44b1-97b6-07cea5745771', 'f762bd97-45e2-425a-81a1-60b885e2469f', 'b62079db-2ce1-4e37-851a-23ebaa2107fd', 'cd5dc804-2348-49a5-9972-96fbda3282c4', '928396fd-bf6e-4863-b676-59dec97471bb', '19faac18-5592-438d-8008-2070f17e31b5', 'caa16b2d-7a40-491e-8f3c-abfcd5cf15de', '3ee13762-eb9c-401e-ac76-f6029cf0285a', '5889bdb5-7467-4199-a0db-36518c8b6c0c', 'e18568fa-fee0-410d-990b-a1f70220b576', '37dc2513-172e-4699-abd5-c141631bbb23', '6a3513d8-e37d-4e1f-ae77-912b14c8f8ae', 'd58d0646-0caa-435a-b661-59bfa5adfcb3', 'cd2d4275-6f89-4ab1-9c93-0d263514ff76', '69684c8b-99d6-48d9-865e-84b905c4b9f0', 'acb21676-e587-432f-8803-4b47c3207a24', 'f6bc8c4f-ca97-43c0-99d8-6fa58722e0e3', '9585c4ff-a54b-4300-848b-224a2a1a1378', '8f5a7d0e-cb33-40f2-8803-96a56e8ce8da', '5c6809b1-9d20-4b79-9d56-3902ab66c715', '96a2c25f-8de0-4d53-a6aa-abd0bb36d07c', 'e3363bac-3c65-4651-837c-fca70349fd88']"
5fe50b78-b64a-4f23-8a5b-2bbb5a81b7c6,9,"['eac3fa3b-83fb-4401-aec4-eaf368f963f8', 'ee077987-88ad-4740-b6dc-aed7e5847789', 'ee077987-88ad-4740-b6dc-aed7e5847789', 'ee077987-88ad-4740-b6dc-aed7e5847789', 'ee077987-88ad-4740-b6dc-aed7e5847789', 'ee077987-88ad-4740-b6dc-aed7e5847789', 'ee077987-88ad-4740-b6dc-aed7e5847789', 'ee077987-88ad-4740-b6dc-aed7e5847789', 'ee077987-88ad-4740-b6dc-aed7e5847789', 'ee077987-88ad-4740-b6dc-aed7e5847789', 'ee077987-88ad-4740-b6dc-aed7e5847789', 'ee077987-88ad-4740-b6dc-aed7e5847789', 'ee077987-88ad-4740-b6dc-aed7e5847789', 'ee077987-88ad-4740-b6dc-aed7e5847789', 'ee077987-88ad-4740-b6dc-aed7e5847789', 'ee077987-88ad-4740-b6dc-aed7e5847789', 'ee077987-88ad-4740-b6dc-aed7e5847789', 'ee077987-88ad-4740-b6dc-aed7e5847789', 'ee077987-88ad-4740-b6dc-aed7e5847789', 'ee077987-88ad-4740-b6dc-aed7e5847789', 'ee077987-88ad-4740-b6dc-aed7e5847789', 'ee077987-88ad-4740-b6dc-aed7e5847789', 'ee077987-88ad-4740-b6dc-aed7e5847789', 'ee077987-88ad-4740-b6dc-aed7e5847789', 'ee077987-88ad-4740-b6dc-aed7e5847789', 'ee077987-88ad-4740-b6dc-aed7e5847789', 'ee077987-88ad-4740-b6dc-aed7e5847789', 'ee077987-88ad-4740-b6dc-aed7e5847789', 'ee077987-88ad-4740-b6dc-aed7e5847789', 'ee077987-88ad-4740-b6dc-aed7e5847789', 'ee077987-88ad-4740-b6dc-aed7e5847789', 'ee077987-88ad-4740-b6dc-aed7e5847789', 'ee077987-88ad-4740-b6dc-aed7e5847789', 'ee077987-88ad-4740-b6dc-aed7e5847789', 'ee077987-88ad-4740-b6dc-aed7e5847789', 'ee077987-88ad-4740-b6dc-aed7e5847789', '55494734-ecb5-4968-bc45-a91f90c55db4', '7ef59427-dc8d-426c-8ffe-7ba0f84e07cd', '5b9fd651-6277-4759-8592-95ee94d57783', '517b757e-5f52-49e7-b7a2-8aac137dd65f', 'b8271550-2a85-49ac-b213-8e560004477b', '70fc60ff-e8a8-432b-84a4-28b265f7c7dd', 'fc92ed20-e2a0-4273-8227-f49fe1017500', '2ffb1893-cbf9-4c04-8ebb-64b2d502a926', '323bfdaf-1509-45ae-a2fb-7c4d4da855aa', '1b6b2e23-9c8b-46bc-9e34-3d8b80674ff7', '86bfbba3-54be-41de-8484-59626bf45987', 'fdb4b033-8540-4250-91a7-62ea1d75b45b', 'f15b4379-dca5-4b67-88b4-26d6c13e6115', '6952ee9b-6dda-43c6-a7ff-cf0ed39a123b']"
391cdd1f-429b-4dee-8edf-2e68c17f541b,3,"['ab6e6dd3-0abf-4de0-9736-6303173ed89c', 'ab6e6dd3-0abf-4de0-9736-6303173ed89c', 'ab6e6dd3-0abf-4de0-9736-6303173ed89c', 'ab6e6dd3-0abf-4de0-9736-6303173ed89c', 'ab6e6dd3-0abf-4de0-9736-6303173ed89c', 'ab6e6dd3-0abf-4de0-9736-6303173ed89c', 'ab6e6dd3-0abf-4de0-9736-6303173ed89c', 'ab6e6dd3-0abf-4de0-9736-6303173ed89c', 'ab6e6dd3-0abf-4de0-9736-6303173ed89c', 'ab6e6dd3-0abf-4de0-9736-6303173ed89c', 'ab6e6dd3-0abf-4de0-9736-6303173ed89c', 'ab6e6dd3-0abf-4de0-9736-6303173ed89c', 'ab6e6dd3-0abf-4de0-9736-6303173ed89c', 'ab6e6dd3-0abf-4de0-9736-6303173ed89c', 'ab6e6dd3-0abf-4de0-9736-6303173ed89c', 'ab6e6dd3-0abf-4de0-9736-6303173ed89c', 'ab6e6dd3-0abf-4de0-9736-6303173ed89c', 'ab6e6dd3-0abf-4de0-9736-6303173ed89c', 'ab6e6dd3-0abf-4de0-9736-6303173ed89c', 'ab6e6dd3-0abf-4de0-9736-6303173ed89c', 'ab6e6dd3-0abf-4de0-9736-6303173ed89c', 'c0355c24-7f3f-49e5-aacc-1d5118e68ba7', '547655ab-00ee-4ddb-85fa-5969496dc3d1', '80b3bd48-40c4-4101-b19a-c458d9659581', 'a5156dec-bb32-4b4e-a01b-58cbfa04abff', 'f47435ba-fec4-44c7-ba57-99fa7dfcceb5', '31d7dd49-628c-4e7c-8b67-0c75b56ba488', '4f35ca19-9d20-4cd2-a431-a0eb3c08eafc', '7a3fd2e2-64a0-4387-80d3-3acb5692f411', 'd1b6fe1f-6fa6-40f8-8e90-9bb3e7683f2f', 'bf1c292b-38a3-4955-a7f2-7eedf7cc3b33', 'd4c29013-9cdf-4e84-96b9-b125860704c5', '088e4eb7-244b-4d1a-9531-3afb5f821833', '20bf5b1e-cbee-428a-96e1-af6f0da47327', '452e8271-aa3a-4575-9df5-f9727f60e941', '6cca5557-48d4-4c88-92df-30a7a323ed0e', 'fe790c04-fd1f-4e49-bd03-fa231257ca9f', '01326e11-70a4-49dc-9f35-02cc85e0bf97', 'd33368e5-57d6-4a27-bf38-70f0bb802a8f', 'f3f9e6cb-2d0f-4e3a-a9f9-e0eff0fb75c6', 'c8b3235a-697d-4b00-923c-bf9fdc13fbc8', '2cd2d4d4-884e-436c-ab78-58d0797ccdc9', '95ec580c-3ae2-4dfe-90a0-42a36c835383', 'e8c2aad0-bf71-4b3d-8697-c68a915bd17c', 'd165df9c-8ee3-47c6-b96e-e1fa48090612', '26e19280-bc74-4303-9e69-bee7ced4fbdf', '01d03153-7f07-4398-8b40-c13d55d681d5', 'c2a32443-e661-47bb-8e4b-af149604a886', '1dcb54ab-f13f-4d47-8449-7e69ef28564f', '6b607cc5-949b-4bf0-9437-a30d5390f5e1']"
240e0a54-2eb0-4f3f-9e9d-b9026b017e48,13,"['88282261-17dc-4c8a-9289-c0b009a465a3', '88282261-17dc-4c8a-9289-c0b009a465a3', '88282261-17dc-4c8a-9289-c0b009a465a3', '1ec1dc26-cb03-495a-854e-c71531d2451c', '1ec1dc26-cb03-495a-854e-c71531d2451c', '1ec1dc26-cb03-495a-854e-c71531d2451c', '1ec1dc26-cb03-495a-854e-c71531d2451c', '1ec1dc26-cb03-495a-854e-c71531d2451c', '1ec1dc26-cb03-495a-854e-c71531d2451c', '1ec1dc26-cb03-495a-854e-c71531d2451c', '1ec1dc26-cb03-495a-854e-c71531d2451c', '1ec1dc26-cb03-495a-854e-c71531d2451c', '1ec1dc26-cb03-495a-854e-c71531d2451c', '1ec1dc26-cb03-495a-854e-c71531d2451c', '1ec1dc26-cb03-495a-854e-c71531d2451c', '1ec1dc26-cb03-495a-854e-c71531d2451c', '1ec1dc26-cb03-495a-854e-c71531d2451c', '1ec1dc26-cb03-495a-854e-c71531d2451c', '1ec1dc26-cb03-495a-854e-c71531d2451c', '1ec1dc26-cb03-495a-854e-c71531d2451c', '1ec1dc26-cb03-495a-854e-c71531d2451c', '1ec1dc26-cb03-495a-854e-c71531d2451c', '1ec1dc26-cb03-495a-854e-c71531d2451c', '249c5dd7-6dbd-4ff9-a28e-9698ef61f468', 'bd7768f9-f958-45ca-be97-7b90eb73c95e', 'c8240a15-e959-47b3-ac43-bb45553c0af5', '6b3fa8c6-02ca-4c8a-8482-eddf4d723ffd', 'ff51562f-a7cb-4672-ab40-c3ad00971aa1', '71a4efe6-7296-4eee-856b-7905e3827564', 'c6212418-6e2e-4e0f-91c5-1ee8c290eba9', 'fc94f2e6-480a-491b-8654-7726c8ba7c50', '34cb28ce-8221-43b4-938d-2a7e986e2012', '53c271a6-c5f3-42fe-a0f8-6458d07bc6af', 'a99c9576-005b-41f5-8b77-6f64b907c97c', '186dbb76-2665-4331-83a9-4c41b136d3df', '7f4a5dff-b106-41eb-8fee-1b7a03cc0d6d', '4e392296-9033-4256-8d15-d19e3fa84f29', 'b2aadd20-15ba-4514-b1f3-7fee7d799389', '00072830-a72e-456b-ba3d-7059e868736c', '304b00b9-6e21-4ed0-83cd-ee71c70bf44e', 'dc60123e-53a8-436e-b6c2-c6632e9f0f12', 'be2b6cfa-ad29-4aad-8ecc-22ffa4b87ad1', '89aed30c-4f17-4852-845e-2ce3f7d9c73e', 'ab4ed111-3e69-4df7-90ea-70196855b264', '998dfca6-14e6-4d98-95f2-9a00b893cd08', '91531e7b-b9dc-49f6-afd5-ae9a6f4aa0c8', '635425fb-ea6b-4ae5-9f76-39ce8371dc79', '4df07b9b-64b8-48a2-8fa1-46cb60b3b734', '7723ec0b-2d54-4363-8b0a-8ad2f89577ab', '7093822e-e0e8-4a98-b6d7-14e03abb01a0']"
e013550a-57e0-44e7-903e-6dfa3e187f35,10,"['bbea7598-3c32-439a-89c9-64cbdb8918a1', 'bbea7598-3c32-439a-89c9-64cbdb8918a1', 'bbea7598-3c32-439a-89c9-64cbdb8918a1', 'bbc3bc0d-a47f-44b1-97b6-07cea5745771', 'bbc3bc0d-a47f-44b1-97b6-07cea5745771', 'bbc3bc0d-a47f-44b1-97b6-07cea5745771', 'bbc3bc0d-a47f-44b1-97b6-07cea5745771', 'bbc3bc0d-a47f-44b1-97b6-07cea5745771', 'bbc3bc0d-a47f-44b1-97b6-07cea5745771', 'bbc3bc0d-a47f-44b1-97b6-07cea5745771', 'bbc3bc0d-a47f-44b1-97b6-07cea5745771', 'bbc3bc0d-a47f-44b1-97b6-07cea5745771', 'bbc3bc0d-a47f-44b1-97b6-07cea5745771', 'bbc3bc0d-a47f-44b1-97b6-07cea5745771', 'bbc3bc0d-a47f-44b1-97b6-07cea5745771', 'bbc3bc0d-a47f-44b1-97b6-07cea5745771', '37dc2513-172e-4699-abd5-c141631bbb23', '5c6809b1-9d20-4b79-9d56-3902ab66c715', '5c6809b1-9d20-4b79-9d56-3902ab66c715', '5c6809b1-9d20-4b79-9d56-3902ab66c715', '5c6809b1-9d20-4b79-9d56-3902ab66c715', '5c6809b1-9d20-4b79-9d56-3902ab66c715', '5c6809b1-9d20-4b79-9d56-3902ab66c715', '5c6809b1-9d20-4b79-9d56-3902ab66c715', '5c6809b1-9d20-4b79-9d56-3902ab66c715', '5c6809b1-9d20-4b79-9d56-3902ab66c715', '5c6809b1-9d20-4b79-9d56-3902ab66c715', '5c6809b1-9d20-4b79-9d56-3902ab66c715', '5c6809b1-9d20-4b79-9d56-3902ab66c715', '5c6809b1-9d20-4b79-9d56-3902ab66c715', '5c6809b1-9d20-4b79-9d56-3902ab66c715', '5c6809b1-9d20-4b79-9d56-3902ab66c715', '5c6809b1-9d20-4b79-9d56-3902ab66c715', '5c6809b1-9d20-4b79-9d56-3902ab66c715', '5c6809b1-9d20-4b79-9d56-3902ab66c715', '5c6809b1-9d20-4b79-9d56-3902ab66c715', '5c6809b1-9d20-4b79-9d56-3902ab66c715', '5c6809b1-9d20-4b79-9d56-3902ab66c715', '5c6809b1-9d20-4b79-9d56-3902ab66c715', '5c6809b1-9d20-4b79-9d56-3902ab66c715', '5c6809b1-9d20-4b79-9d56-3902ab66c715', '5ed3c075-c2d1-4a5c-a0b8-c3f9595093d5', '04596c06-6bf1-4550-a46e-56aaec2871a6', '2cadba68-d733-4544-8cba-8ccc0bd85805', 'a9ff736c-61e3-4ca0-8f65-6f2c9371fbfa', '728eff8b-85b3-4d69-8404-5e3f7052929a', 'bcf6def5-c493-4c66-914e-77f534586700', '40944e25-145a-45bb-8351-11cfe0a59ae4', '2a093ef6-ab36-4bae-a33a-fcb11f71267d', 'ed4671ce-9715-4f8b-a059-fc5ba31bc8c2']"
5fe50b78-b64a-4f23-8a5b-2bbb5a81b7c6,10,"['eac3fa3b-83fb-4401-aec4-eaf368f963f8', 'ee077987-88ad-4740-b6dc-aed7e5847789', 'ee077987-88ad-4740-b6dc-aed7e5847789', 'ee077987-88ad-4740-b6dc-aed7e5847789', 'ee077987-88ad-4740-b6dc-aed7e5847789', 'ee077987-88ad-4740-b6dc-aed7e5847789', 'ee077987-88ad-4740-b6dc-aed7e5847789', 'ee077987-88ad-4740-b6dc-aed7e5847789', 'ee077987-88ad-4740-b6dc-aed7e5847789', 'ee077987-88ad-4740-b6dc-aed7e5847789', 'ee077987-88ad-4740-b6dc-aed7e5847789', 'ee077987-88ad-4740-b6dc-aed7e5847789', 'ee077987-88ad-4740-b6dc-aed7e5847789', 'ee077987-88ad-4740-b6dc-aed7e5847789', 'ee077987-88ad-4740-b6dc-aed7e5847789', 'ee077987-88ad-4740-b6dc-aed7e5847789', 'ee077987-88ad-4740-b6dc-aed7e5847789', 'ee077987-88ad-4740-b6dc-aed7e5847789', 'ee077987-88ad-4740-b6dc-aed7e5847789', 'ee077987-88ad-4740-b6dc-aed7e5847789', 'ee077987-88ad-4740-b6dc-aed7e5847789', 'ee077987-88ad-4740-b6dc-aed7e5847789', 'ee077987-88ad-4740-b6dc-aed7e5847789', 'ee077987-88ad-4740-b6dc-aed7e5847789', 'ee077987-88ad-4740-b6dc-aed7e5847789', 'ee077987-88ad-4740-b6dc-aed7e5847789', 'ee077987-88ad-4740-b6dc-aed7e5847789', 'ee077987-88ad-4740-b6dc-aed7e5847789', 'ee077987-88ad-4740-b6dc-aed7e5847789', '55494734-ecb5-4968-bc45-a91f90c55db4', '7ef59427-dc8d-426c-8ffe-7ba0f84e07cd', '5b9fd651-6277-4759-8592-95ee94d57783', '517b757e-5f52-49e7-b7a2-8aac137dd65f', '70fc60ff-e8a8-432b-84a4-28b265f7c7dd', '2ffb1893-cbf9-4c04-8ebb-64b2d502a926', '323bfdaf-1509-45ae-a2fb-7c4d4da855aa', '1b6b2e23-9c8b-46bc-9e34-3d8b80674ff7', '86bfbba3-54be-41de-8484-59626bf45987', 'fdb4b033-8540-4250-91a7-62ea1d75b45b', 'f15b4379-dca5-4b67-88b4-26d6c13e6115', '6952ee9b-6dda-43c6-a7ff-cf0ed39a123b', 'feea9f6b-19b4-48c5-a7d7-c07b76460d46', 'e871e16a-c99b-40bc-b82e-5e64836059b0', 'dec572c5-c570-4b0a-8bc4-0a7861c8c9b1', '8135817c-4ead-4a2b-bda3-7affba07cbc0', 'eae28dbb-a45f-4497-87e7-888849694c98', '9f1db8bf-97c3-429a-bed9-972a8fc0f6cc', 'aa1a8fb5-2a35-4f00-9329-9c94610d9579', '1643a9b2-1af1-4ce4-b1e6-aabec4d2a82f', '678ca675-7841-4af8-8b5c-04ba2680d0a2']"
391cdd1f-429b-4dee-8edf-2e68c17f541b,4,"['ab6e6dd3-0abf-4de0-9736-6303173ed89c', 'ab6e6dd3-0abf-4de0-9736-6303173ed89c', 'ab6e6dd3-0abf-4de0-9736-6303173ed89c', 'ab6e6dd3-0abf-4de0-9736-6303173ed89c', 'ab6e6dd3-0abf-4de0-9736-6303173ed89c', 'ab6e6dd3-0abf-4de0-9736-6303173ed89c', 'ab6e6dd3-0abf-4de0-9736-6303173ed89c', 'ab6e6dd3-0abf-4de0-9736-6303173ed89c', 'ab6e6dd3-0abf-4de0-9736-6303173ed89c', 'ab6e6dd3-0abf-4de0-9736-6303173ed89c', 'ab6e6dd3-0abf-4de0-9736-6303173ed89c', 'ab6e6dd3-0abf-4de0-9736-6303173ed89c', 'ab6e6dd3-0abf-4de0-9736-6303173ed89c', 'ab6e6dd3-0abf-4de0-9736-6303173ed89c', 'ab6e6dd3-0abf-4de0-9736-6303173ed89c', 'ab6e6dd3-0abf-4de0-9736-6303173ed89c', 'ab6e6dd3-0abf-4de0-9736-6303173ed89c', 'ab6e6dd3-0abf-4de0-9736-6303173ed89c', 'ab6e6dd3-0abf-4de0-9736-6303173ed89c', 'ab6e6dd3-0abf-4de0-9736-6303173ed89c', 'ab6e6dd3-0abf-4de0-9736-6303173ed89c', 'ab6e6dd3-0abf-4de0-9736-6303173ed89c', 'ab6e6dd3-0abf-4de0-9736-6303173ed89c', 'ab6e6dd3-0abf-4de0-9736-6303173ed89c', 'ab6e6dd3-0abf-4de0-9736-6303173ed89c', 'ab6e6dd3-0abf-4de0-9736-6303173ed89c', 'ab6e6dd3-0abf-4de0-9736-6303173ed89c', 'ab6e6dd3-0abf-4de0-9736-6303173ed89c', 'ab6e6dd3-0abf-4de0-9736-6303173ed89c', 'ab6e6dd3-0abf-4de0-9736-6303173ed89c', 'ab6e6dd3-0abf-4de0-9736-6303173ed89c', 'ab6e6dd3-0abf-4de0-9736-6303173ed89c', 'ab6e6dd3-0abf-4de0-9736-6303173ed89c', 'ab6e6dd3-0abf-4de0-9736-6303173ed89c', 'ab6e6dd3-0abf-4de0-9736-6303173ed89c', 'ab6e6dd3-0abf-4de0-9736-6303173ed89c', 'ab6e6dd3-0abf-4de0-9736-6303173ed89c', 'ab6e6dd3-0abf-4de0-9736-6303173ed89c', 'ab6e6dd3-0abf-4de0-9736-6303173ed89c', '1dcb54ab-f13f-4d47-8449-7e69ef28564f', '830ad2f0-d6f9-4732-8cda-7c3633da9848', '3b74950f-811b-4adb-922d-3ab0e490c626', 'c5bf997f-a3ad-4da9-94df-c3d1a3f1d67f', 'de46c53b-efc7-4857-aae9-e89c000a5836', 'eb9aba34-678f-409f-9064-81f0d48b5b10', 'a65193b0-169b-4f4e-82a8-72c3fb47b94a', 'b8b8fe34-fecd-4c30-aaef-fbd6e453c539', 'ef7603f1-c451-43ce-b1aa-7151d2a4acfe', '19fc0672-f649-40d7-8743-6e0346858448', 'e5470db3-c55d-4dfa-9f43-ea582a929186']"
240e0a54-2eb0-4f3f-9e9d-b9026b017e48,14,"['88282261-17dc-4c8a-9289-c0b009a465a3', '1ec1dc26-cb03-495a-854e-c71531d2451c', '1ec1dc26-cb03-495a-854e-c71531d2451c', '1ec1dc26-cb03-495a-854e-c71531d2451c', '1ec1dc26-cb03-495a-854e-c71531d2451c', '1ec1dc26-cb03-495a-854e-c71531d2451c', '1ec1dc26-cb03-495a-854e-c71531d2451c', '1ec1dc26-cb03-495a-854e-c71531d2451c', '1ec1dc26-cb03-495a-854e-c71531d2451c', '1ec1dc26-cb03-495a-854e-c71531d2451c', '1ec1dc26-cb03-495a-854e-c71531d2451c', '1ec1dc26-cb03-495a-854e-c71531d2451c', '1ec1dc26-cb03-495a-854e-c71531d2451c', '1ec1dc26-cb03-495a-854e-c71531d2451c', '1ec1dc26-cb03-495a-854e-c71531d2451c', '1ec1dc26-cb03-495a-854e-c71531d2451c', '1ec1dc26-cb03-495a-854e-c71531d2451c', '1ec1dc26-cb03-495a-854e-c71531d2451c', '1ec1dc26-cb03-495a-854e-c71531d2451c', '1ec1dc26-cb03-495a-854e-c71531d2451c', '1ec1dc26-cb03-495a-854e-c71531d2451c', '1ec1dc26-cb03-495a-854e-c71531d2451c', '1ec1dc26-cb03-495a-854e-c71531d2451c', '1ec1dc26-cb03-495a-854e-c71531d2451c', '1ec1dc26-cb03-495a-854e-c71531d2451c', '1ec1dc26-cb03-495a-854e-c71531d2451c', '1ec1dc26-cb03-495a-854e-c71531d2451c', '1ec1dc26-cb03-495a-854e-c71531d2451c', '1ec1dc26-cb03-495a-854e-c71531d2451c', '1ec1dc26-cb03-495a-854e-c71531d2451c', '1ec1dc26-cb03-495a-854e-c71531d2451c', '1ec1dc26-cb03-495a-854e-c71531d2451c', '1ec1dc26-cb03-495a-854e-c71531d2451c', '1ec1dc26-cb03-495a-854e-c71531d2451c', '1ec1dc26-cb03-495a-854e-c71531d2451c', '1ec1dc26-cb03-495a-854e-c71531d2451c', '1ec1dc26-cb03-495a-854e-c71531d2451c', '1ec1dc26-cb03-495a-854e-c71531d2451c', '1ec1dc26-cb03-495a-854e-c71531d2451c', '1ec1dc26-cb03-495a-854e-c71531d2451c', '9cc50ece-4fe7-448d-9b0c-02f914e57b95', '8ba5b093-2b3b-40b9-9913-fa74c3a8be6f', '9c2ee190-43ad-418f-81b5-f22b8f96ad4c', 'b0c86cff-dc33-432d-859b-4225125cae8c', '57386467-74d2-4b4a-8aa9-a8020c89ba9e', 'd9b23b2f-dd17-429f-9ad6-dc6e9e397538', 'd668585f-6082-473a-8193-bee4890e06d4', '1e679606-d2d9-4f61-a670-f1cb378e178b', '07e33887-bb16-4ea9-bb33-96df22164e14', 'edeef90b-c594-4d37-9741-5881cf2c1319']"
e013550a-57e0-44e7-903e-6dfa3e187f35,11,"['bbc3bc0d-a47f-44b1-97b6-07cea5745771', '5c6809b1-9d20-4b79-9d56-3902ab66c715', '5c6809b1-9d20-4b79-9d56-3902ab66c715', '5c6809b1-9d20-4b79-9d56-3902ab66c715', '5c6809b1-9d20-4b79-9d56-3902ab66c715', '5c6809b1-9d20-4b79-9d56-3902ab66c715', '5c6809b1-9d20-4b79-9d56-3902ab66c715', '5c6809b1-9d20-4b79-9d56-3902ab66c715', '5c6809b1-9d20-4b79-9d56-3902ab66c715', '5c6809b1-9d20-4b79-9d56-3902ab66c715', '5c6809b1-9d20-4b79-9d56-3902ab66c715', '5c6809b1-9d20-4b79-9d56-3902ab66c715', '5c6809b1-9d20-4b79-9d56-3902ab66c715', '5c6809b1-9d20-4b79-9d56-3902ab66c715', '5c6809b1-9d20-4b79-9d56-3902ab66c715', '5c6809b1-9d20-4b79-9d56-3902ab66c715', '5c6809b1-9d20-4b79-9d56-3902ab66c715', '5c6809b1-9d20-4b79-9d56-3902ab66c715', '5c6809b1-9d20-4b79-9d56-3902ab66c715', '5c6809b1-9d20-4b79-9d56-3902ab66c715', '5c6809b1-9d20-4b79-9d56-3902ab66c715', '5c6809b1-9d20-4b79-9d56-3902ab66c715', '5c6809b1-9d20-4b79-9d56-3902ab66c715', '5c6809b1-9d20-4b79-9d56-3902ab66c715', '5c6809b1-9d20-4b79-9d56-3902ab66c715', '5c6809b1-9d20-4b79-9d56-3902ab66c715', '5c6809b1-9d20-4b79-9d56-3902ab66c715', '5c6809b1-9d20-4b79-9d56-3902ab66c715', '5c6809b1-9d20-4b79-9d56-3902ab66c715', '5c6809b1-9d20-4b79-9d56-3902ab66c715', '5c6809b1-9d20-4b79-9d56-3902ab66c715', '5c6809b1-9d20-4b79-9d56-3902ab66c715', '5c6809b1-9d20-4b79-9d56-3902ab66c715', '5c6809b1-9d20-4b79-9d56-3902ab66c715', '5c6809b1-9d20-4b79-9d56-3902ab66c715', '5c6809b1-9d20-4b79-9d56-3902ab66c715', '5c6809b1-9d20-4b79-9d56-3902ab66c715', '5c6809b1-9d20-4b79-9d56-3902ab66c715', '5c6809b1-9d20-4b79-9d56-3902ab66c715', '5c6809b1-9d20-4b79-9d56-3902ab66c715', '5c6809b1-9d20-4b79-9d56-3902ab66c715', '5c6809b1-9d20-4b79-9d56-3902ab66c715', '824f85e8-eab6-40c7-a9bf-b6736011e3fd', 'cadf03da-be37-44df-98f4-aead15594d86', '301e021a-10ab-481f-a895-7db9e41b92ea', 'c64d5986-534d-4cd1-989d-62e4c32904ad', '953d4932-8137-4d43-891f-e76d1be445c8', '86329278-cb30-4338-badc-2d528f4907e6', '86b3d948-ae61-47ba-a0e4-cc8af22ed014', '3e15a00a-82a7-4b1a-984d-b085a8f239a5']"
5fe50b78-b64a-4f23-8a5b-2bbb5a81b7c6,11,"['ee077987-88ad-4740-b6dc-aed7e5847789', 'ee077987-88ad-4740-b6dc-aed7e5847789', 'ee077987-88ad-4740-b6dc-aed7e5847789', 'ee077987-88ad-4740-b6dc-aed7e5847789', 'ee077987-88ad-4740-b6dc-aed7e5847789', 'ee077987-88ad-4740-b6dc-aed7e5847789', 'ee077987-88ad-4740-b6dc-aed7e5847789', 'ee077987-88ad-4740-b6dc-aed7e5847789', 'ee077987-88ad-4740-b6dc-aed7e5847789', 'ee077987-88ad-4740-b6dc-aed7e5847789', 'ee077987-88ad-4740-b6dc-aed7e5847789', 'ee077987-88ad-4740-b6dc-aed7e5847789', 'ee077987-88ad-4740-b6dc-aed7e5847789', 'ee077987-88ad-4740-b6dc-aed7e5847789', 'ee077987-88ad-4740-b6dc-aed7e5847789', 'ee077987-88ad-4740-b6dc-aed7e5847789', 'ee077987-88ad-4740-b6dc-aed7e5847789', 'ee077987-88ad-4740-b6dc-aed7e5847789', 'ee077987-88ad-4740-b6dc-aed7e5847789', 'ee077987-88ad-4740-b6dc-aed7e5847789', 'ee077987-88ad-4740-b6dc-aed7e5847789', '55494734-ecb5-4968-bc45-a91f90c55db4', '7ef59427-dc8d-426c-8ffe-7ba0f84e07cd', '5b9fd651-6277-4759-8592-95ee94d57783', '517b757e-5f52-49e7-b7a2-8aac137dd65f', '70fc60ff-e8a8-432b-84a4-28b265f7c7dd', '2ffb1893-cbf9-4c04-8ebb-64b2d502a926', '323bfdaf-1509-45ae-a2fb-7c4d4da855aa', '1b6b2e23-9c8b-46bc-9e34-3d8b80674ff7', '86bfbba3-54be-41de-8484-59626bf45987', 'fdb4b033-8540-4250-91a7-62ea1d75b45b', 'f15b4379-dca5-4b67-88b4-26d6c13e6115', '6952ee9b-6dda-43c6-a7ff-cf0ed39a123b', 'feea9f6b-19b4-48c5-a7d7-c07b76460d46', 'e871e16a-c99b-40bc-b82e-5e64836059b0', '8135817c-4ead-4a2b-bda3-7affba07cbc0', 'eae28dbb-a45f-4497-87e7-888849694c98', 'aa1a8fb5-2a35-4f00-9329-9c94610d9579', '678ca675-7841-4af8-8b5c-04ba2680d0a2', 'd1be0e17-ec34-46b2-91af-2bf431f7ca98', '6434dd1f-06e5-4a87-b986-5178f3967c64', '0ac80b20-81e0-4419-9fbd-95b2966b9a2d', 'fb8bedb5-66ab-4597-8029-4149a8111108', '09f964ac-4446-4ebd-ae65-ac34a9b36e7c', '8626fdf3-ce01-47c0-ae93-26dc82a69e49', 'c1e401f1-4c11-4bc2-a22a-8ed47b0396ab', '002b3500-e907-4a65-831a-94218de3f165', 'a3ce6965-8afc-48d2-af8e-2d2ea996b0c8', '82f5f118-24d2-4b79-a9f6-e11a40f73af2', '02aa427e-4f67-4a56-9d75-d572986c9809']"
391cdd1f-429b-4dee-8edf-2e68c17f541b,5,"['ab6e6dd3-0abf-4de0-9736-6303173ed89c', 'ab6e6dd3-0abf-4de0-9736-6303173ed89c', 'ab6e6dd3-0abf-4de0-9736-6303173ed89c', 'ab6e6dd3-0abf-4de0-9736-6303173ed89c', 'ab6e6dd3-0abf-4de0-9736-6303173ed89c', 'ab6e6dd3-0abf-4de0-9736-6303173ed89c', 'ab6e6dd3-0abf-4de0-9736-6303173ed89c', 'ab6e6dd3-0abf-4de0-9736-6303173ed89c', 'ab6e6dd3-0abf-4de0-9736-6303173ed89c', 'ab6e6dd3-0abf-4de0-9736-6303173ed89c', 'ab6e6dd3-0abf-4de0-9736-6303173ed89c', 'ab6e6dd3-0abf-4de0-9736-6303173ed89c', 'ab6e6dd3-0abf-4de0-9736-6303173ed89c', 'ab6e6dd3-0abf-4de0-9736-6303173ed89c', 'ab6e6dd3-0abf-4de0-9736-6303173ed89c', 'ab6e6dd3-0abf-4de0-9736-6303173ed89c', 'ab6e6dd3-0abf-4de0-9736-6303173ed89c', 'ab6e6dd3-0abf-4de0-9736-6303173ed89c', 'ab6e6dd3-0abf-4de0-9736-6303173ed89c', 'ab6e6dd3-0abf-4de0-9736-6303173ed89c', 'ab6e6dd3-0abf-4de0-9736-6303173ed89c', 'ab6e6dd3-0abf-4de0-9736-6303173ed89c', 'ab6e6dd3-0abf-4de0-9736-6303173ed89c', 'ab6e6dd3-0abf-4de0-9736-6303173ed89c', 'ab6e6dd3-0abf-4de0-9736-6303173ed89c', 'ab6e6dd3-0abf-4de0-9736-6303173ed89c', 'ab6e6dd3-0abf-4de0-9736-6303173ed89c', 'ab6e6dd3-0abf-4de0-9736-6303173ed89c', 'ab6e6dd3-0abf-4de0-9736-6303173ed89c', 'ab6e6dd3-0abf-4de0-9736-6303173ed89c', 'ab6e6dd3-0abf-4de0-9736-6303173ed89c', 'ab6e6dd3-0abf-4de0-9736-6303173ed89c', 'ab6e6dd3-0abf-4de0-9736-6303173ed89c', 'ab6e6dd3-0abf-4de0-9736-6303173ed89c', '1dcb54ab-f13f-4d47-8449-7e69ef28564f', '830ad2f0-d6f9-4732-8cda-7c3633da9848', '3b74950f-811b-4adb-922d-3ab0e490c626', 'c5bf997f-a3ad-4da9-94df-c3d1a3f1d67f', 'de46c53b-efc7-4857-aae9-e89c000a5836', 'a65193b0-169b-4f4e-82a8-72c3fb47b94a', 'b8b8fe34-fecd-4c30-aaef-fbd6e453c539', 'ef7603f1-c451-43ce-b1aa-7151d2a4acfe', 'e5470db3-c55d-4dfa-9f43-ea582a929186', '9733fad5-102b-4a53-b569-efa979950671', '621916d4-6d0c-4971-9d4b-9969e222d983', '36cdfe70-623f-4950-b59c-68588efd37c9', '9a3bf123-6c5d-4e3b-b0fc-cd1e7f56a5c2', 'c5e44a41-8116-4706-9f88-60ccc7beecd7', '75f8ed76-9849-452a-87de-5c199e0e86a1', '222658d4-670e-4b9c-ab07-fec079413c57']"
e013550a-57e0-44e7-903e-6dfa3e187f35,12,"['bbc3bc0d-a47f-44b1-97b6-07cea5745771', '5c6809b1-9d20-4b79-9d56-3902ab66c715', '5c6809b1-9d20-4b79-9d56-3902ab66c715', '5c6809b1-9d20-4b79-9d56-3902ab66c715', '5c6809b1-9d20-4b79-9d56-3902ab66c715', '5c6809b1-9d20-4b79-9d56-3902ab66c715', '5c6809b1-9d20-4b79-9d56-3902ab66c715', '5c6809b1-9d20-4b79-9d56-3902ab66c715', '5c6809b1-9d20-4b79-9d56-3902ab66c715', '5c6809b1-9d20-4b79-9d56-3902ab66c715', '5c6809b1-9d20-4b79-9d56-3902ab66c715', '5c6809b1-9d20-4b79-9d56-3902ab66c715', '5c6809b1-9d20-4b79-9d56-3902ab66c715', '5c6809b1-9d20-4b79-9d56-3902ab66c715', '5c6809b1-9d20-4b79-9d56-3902ab66c715', '5c6809b1-9d20-4b79-9d56-3902ab66c715', '5c6809b1-9d20-4b79-9d56-3902ab66c715', '5c6809b1-9d20-4b79-9d56-3902ab66c715', '5c6809b1-9d20-4b79-9d56-3902ab66c715', '5c6809b1-9d20-4b79-9d56-3902ab66c715', '5c6809b1-9d20-4b79-9d56-3902ab66c715', '5c6809b1-9d20-4b79-9d56-3902ab66c715', '5c6809b1-9d20-4b79-9d56-3902ab66c715', '5c6809b1-9d20-4b79-9d56-3902ab66c715', '5c6809b1-9d20-4b79-9d56-3902ab66c715', '5c6809b1-9d20-4b79-9d56-3902ab66c715', '5c6809b1-9d20-4b79-9d56-3902ab66c715', '5c6809b1-9d20-4b79-9d56-3902ab66c715', '5c6809b1-9d20-4b79-9d56-3902ab66c715', '5c6809b1-9d20-4b79-9d56-3902ab66c715', '5c6809b1-9d20-4b79-9d56-3902ab66c715', '5c6809b1-9d20-4b79-9d56-3902ab66c715', '5c6809b1-9d20-4b79-9d56-3902ab66c715', '5c6809b1-9d20-4b79-9d56-3902ab66c715', '5c6809b1-9d20-4b79-9d56-3902ab66c715', '824f85e8-eab6-40c7-a9bf-b6736011e3fd', 'cadf03da-be37-44df-98f4-aead15594d86', '301e021a-10ab-481f-a895-7db9e41b92ea', 'c64d5986-534d-4cd1-989d-62e4c32904ad', '953d4932-8137-4d43-891f-e76d1be445c8', '86329278-cb30-4338-badc-2d528f4907e6', '86b3d948-ae61-47ba-a0e4-cc8af22ed014', '4cb0fd5e-c4a5-472f-872c-af12e62bc8ac', '07c11433-4b4e-49cc-98bc-9da6db1f76a5', 'ade5d142-ea4d-4e28-aa7c-e08265966607', '0627e2c0-fec9-4b89-91f7-4be5c7672d2e', '81904f49-1b66-4726-86ae-fce618617203', '4f75dcc7-4d90-46fd-b791-0e42c6a22121', '927ad1c1-3916-4599-a213-e88c908954f3', '84611da9-3a6f-4276-8cdf-ba0394e37fc6']"
240e0a54-2eb0-4f3f-9e9d-b9026b017e48,15,"['88282261-17dc-4c8a-9289-c0b009a465a3', '1ec1dc26-cb03-495a-854e-c71531d2451c', '1ec1dc26-cb03-495a-854e-c71531d2451c', '1ec1dc26-cb03-495a-854e-c71531d2451c', '1ec1dc26-cb03-495a-854e-c71531d2451c', '1ec1dc26-cb03-495a-854e-c71531d2451c', '1ec1dc26-cb03-495a-854e-c71531d2451c', '1ec1dc26-cb03-495a-854e-c71531d2451c', '1ec1dc26-cb03-495a-854e-c71531d2451c', '1ec1dc26-cb03-495a-854e-c71531d2451c', '1ec1dc26-cb03-495a-854e-c71531d2451c', '1ec1dc26-cb03-495a-854e-c71531d2451c', '1ec1dc26-cb03-495a-854e-c71531d2451c', '1ec1dc26-cb03-495a-854e-c71531d2451c', '1ec1dc26-cb03-495a-854e-c71531d2451c', '1ec1dc26-cb03-495a-854e-c71531d2451c', '1ec1dc26-cb03-495a-854e-c71531d2451c', '1ec1dc26-cb03-495a-854e-c71531d2451c', '1ec1dc26-cb03-495a-854e-c71531d2451c', '1ec1dc26-cb03-495a-854e-c71531d2451c', '1ec1dc26-cb03-495a-854e-c71531d2451c', '1ec1dc26-cb03-495a-854e-c71531d2451c', '1ec1dc26-cb03-495a-854e-c71531d2451c', '1ec1dc26-cb03-495a-854e-c71531d2451c', '1ec1dc26-cb03-495a-854e-c71531d2451c', '1ec1dc26-cb03-495a-854e-c71531d2451c', '1ec1dc26-cb03-495a-854e-c71531d2451c', '1ec1dc26-cb03-495a-854e-c71531d2451c', '1ec1dc26-cb03-495a-854e-c71531d2451c', '1ec1dc26-cb03-495a-854e-c71531d2451c', '9cc50ece-4fe7-448d-9b0c-02f914e57b95', '8ba5b093-2b3b-40b9-9913-fa74c3a8be6f', 'b0c86cff-dc33-432d-859b-4225125cae8c', '57386467-74d2-4b4a-8aa9-a8020c89ba9e', 'd9b23b2f-dd17-429f-9ad6-dc6e9e397538', '1e679606-d2d9-4f61-a670-f1cb378e178b', '07e33887-bb16-4ea9-bb33-96df22164e14', 'edeef90b-c594-4d37-9741-5881cf2c1319', '56027fef-3af1-4c0d-93ff-7ea709a69b97', '86f51df5-3fd1-4cb5-88b4-675ce71a20be', '1a0d9469-34ef-48d5-b523-3d58b52d4d64', '068733d7-3751-4591-bd23-a33c474a9849', 'fc4d59c6-73e1-438f-9db4-429358b5dc8e', 'bc390200-ce1d-46aa-a237-2cf5ba4108c3', '12fff4c6-b6a8-40b1-b46b-59c942a50703', '30ce22d6-2200-4282-9655-073ca4bff352', 'b53e4bb7-5e0e-4d28-97bd-dec6a83c41a0', '70c36966-4a34-477f-ace1-eb755d29cd92', 'b8d8b8b8-80d4-49ee-bc28-6731fe1f6172', '9ef159cc-05e6-4d28-b3e4-6972c1a86447']"
391cdd1f-429b-4dee-8edf-2e68c17f541b,6,"['ab6e6dd3-0abf-4de0-9736-6303173ed89c', 'ab6e6dd3-0abf-4de0-9736-6303173ed89c', 'ab6e6dd3-0abf-4de0-9736-6303173ed89c', 'ab6e6dd3-0abf-4de0-9736-6303173ed89c', 'ab6e6dd3-0abf-4de0-9736-6303173ed89c', 'ab6e6dd3-0abf-4de0-9736-6303173ed89c', 'ab6e6dd3-0abf-4de0-9736-6303173ed89c', 'ab6e6dd3-0abf-4de0-9736-6303173ed89c', 'ab6e6dd3-0abf-4de0-9736-6303173ed89c', 'ab6e6dd3-0abf-4de0-9736-6303173ed89c', 'ab6e6dd3-0abf-4de0-9736-6303173ed89c', 'ab6e6dd3-0abf-4de0-9736-6303173ed89c', 'ab6e6dd3-0abf-4de0-9736-6303173ed89c', 'ab6e6dd3-0abf-4de0-9736-6303173ed89c', 'ab6e6dd3-0abf-4de0-9736-6303173ed89c', 'ab6e6dd3-0abf-4de0-9736-6303173ed89c', 'ab6e6dd3-0abf-4de0-9736-6303173ed89c', 'ab6e6dd3-0abf-4de0-9736-6303173ed89c', 'ab6e6dd3-0abf-4de0-9736-6303173ed89c', 'ab6e6dd3-0abf-4de0-9736-6303173ed89c', 'ab6e6dd3-0abf-4de0-9736-6303173ed89c', 'ab6e6dd3-0abf-4de0-9736-6303173ed89c', 'ab6e6dd3-0abf-4de0-9736-6303173ed89c', 'ab6e6dd3-0abf-4de0-9736-6303173ed89c', 'ab6e6dd3-0abf-4de0-9736-6303173ed89c', '621916d4-6d0c-4971-9d4b-9969e222d983', '621916d4-6d0c-4971-9d4b-9969e222d983', '621916d4-6d0c-4971-9d4b-9969e222d983', '621916d4-6d0c-4971-9d4b-9969e222d983', '621916d4-6d0c-4971-9d4b-9969e222d983', '621916d4-6d0c-4971-9d4b-9969e222d983', '621916d4-6d0c-4971-9d4b-9969e222d983', '621916d4-6d0c-4971-9d4b-9969e222d983', '621916d4-6d0c-4971-9d4b-9969e222d983', '621916d4-6d0c-4971-9d4b-9969e222d983', '621916d4-6d0c-4971-9d4b-9969e222d983', '621916d4-6d0c-4971-9d4b-9969e222d983', '621916d4-6d0c-4971-9d4b-9969e222d983', '621916d4-6d0c-4971-9d4b-9969e222d983', '621916d4-6d0c-4971-9d4b-9969e222d983', '621916d4-6d0c-4971-9d4b-9969e222d983', '621916d4-6d0c-4971-9d4b-9969e222d983', '621916d4-6d0c-4971-9d4b-9969e222d983', '621916d4-6d0c-4971-9d4b-9969e222d983', '621916d4-6d0c-4971-9d4b-9969e222d983', '4e47bf4d-98b9-46ea-afcb-9e562dd9aeaf', 'f9b315bb-4b1e-4dc9-8788-173cb05691d5', 'bcfd8ef2-0cff-4229-ae0f-0ac562982795', 'd640d5e3-b954-4017-a875-b2d5f1aeacf5', 'e0786cb8-2c47-4b2f-b0ca-aef53dfe27cf']"
e013550a-57e0-44e7-903e-6dfa3e187f35,13,"['bbc3bc0d-a47f-44b1-97b6-07cea5745771', '5c6809b1-9d20-4b79-9d56-3902ab66c715', '5c6809b1-9d20-4b79-9d56-3902ab66c715', '5c6809b1-9d20-4b79-9d56-3902ab66c715', '5c6809b1-9d20-4b79-9d56-3902ab66c715', '5c6809b1-9d20-4b79-9d56-3902ab66c715', '5c6809b1-9d20-4b79-9d56-3902ab66c715', '5c6809b1-9d20-4b79-9d56-3902ab66c715', '5c6809b1-9d20-4b79-9d56-3902ab66c715', '5c6809b1-9d20-4b79-9d56-3902ab66c715', '5c6809b1-9d20-4b79-9d56-3902ab66c715', '5c6809b1-9d20-4b79-9d56-3902ab66c715', '5c6809b1-9d20-4b79-9d56-3902ab66c715', '5c6809b1-9d20-4b79-9d56-3902ab66c715', '5c6809b1-9d20-4b79-9d56-3902ab66c715', '5c6809b1-9d20-4b79-9d56-3902ab66c715', '5c6809b1-9d20-4b79-9d56-3902ab66c715', '5c6809b1-9d20-4b79-9d56-3902ab66c715', '5c6809b1-9d20-4b79-9d56-3902ab66c715', '5c6809b1-9d20-4b79-9d56-3902ab66c715', '5c6809b1-9d20-4b79-9d56-3902ab66c715', '5c6809b1-9d20-4b79-9d56-3902ab66c715', '5c6809b1-9d20-4b79-9d56-3902ab66c715', '5c6809b1-9d20-4b79-9d56-3902ab66c715', '5c6809b1-9d20-4b79-9d56-3902ab66c715', '5c6809b1-9d20-4b79-9d56-3902ab66c715', '5c6809b1-9d20-4b79-9d56-3902ab66c715', '5c6809b1-9d20-4b79-9d56-3902ab66c715', '5c6809b1-9d20-4b79-9d56-3902ab66c715', '824f85e8-eab6-40c7-a9bf-b6736011e3fd', 'cadf03da-be37-44df-98f4-aead15594d86', '301e021a-10ab-481f-a895-7db9e41b92ea', 'c64d5986-534d-4cd1-989d-62e4c32904ad', '953d4932-8137-4d43-891f-e76d1be445c8', '86329278-cb30-4338-badc-2d528f4907e6', '86b3d948-ae61-47ba-a0e4-cc8af22ed014', '4cb0fd5e-c4a5-472f-872c-af12e62bc8ac', '07c11433-4b4e-49cc-98bc-9da6db1f76a5', 'ade5d142-ea4d-4e28-aa7c-e08265966607', '0627e2c0-fec9-4b89-91f7-4be5c7672d2e', '81904f49-1b66-4726-86ae-fce618617203', '4f75dcc7-4d90-46fd-b791-0e42c6a22121', '927ad1c1-3916-4599-a213-e88c908954f3', '84611da9-3a6f-4276-8cdf-ba0394e37fc6', '818c8728-5447-46ed-80bb-98c3b9fa1f41', 'fe11c703-20a4-46aa-b17b-338483118f06', '9ad1b74e-d63c-4423-bdc4-f8a225990075', 'd3d5a574-d894-4036-bbe1-2b7a38afaeaf', 'b5003e2b-c3ee-4e4c-aff9-56cb39d23d7f', '5a21fcbf-cef6-4abe-8236-95408601e366']"
5fe50b78-b64a-4f23-8a5b-2bbb5a81b7c6,12,"['ee077987-88ad-4740-b6dc-aed7e5847789', 'ee077987-88ad-4740-b6dc-aed7e5847789', 'ee077987-88ad-4740-b6dc-aed7e5847789', 'ee077987-88ad-4740-b6dc-aed7e5847789', 'ee077987-88ad-4740-b6dc-aed7e5847789', 'ee077987-88ad-4740-b6dc-aed7e5847789', 'ee077987-88ad-4740-b6dc-aed7e5847789', 'ee077987-88ad-4740-b6dc-aed7e5847789', 'ee077987-88ad-4740-b6dc-aed7e5847789', 'ee077987-88ad-4740-b6dc-aed7e5847789', 'ee077987-88ad-4740-b6dc-aed7e5847789', 'ee077987-88ad-4740-b6dc-aed7e5847789', 'ee077987-88ad-4740-b6dc-aed7e5847789', 'ee077987-88ad-4740-b6dc-aed7e5847789', 'ee077987-88ad-4740-b6dc-aed7e5847789', 'ee077987-88ad-4740-b6dc-aed7e5847789', 'ee077987-88ad-4740-b6dc-aed7e5847789', 'ee077987-88ad-4740-b6dc-aed7e5847789', 'ee077987-88ad-4740-b6dc-aed7e5847789', 'ee077987-88ad-4740-b6dc-aed7e5847789', 'ee077987-88ad-4740-b6dc-aed7e5847789', 'ee077987-88ad-4740-b6dc-aed7e5847789', 'ee077987-88ad-4740-b6dc-aed7e5847789', 'ee077987-88ad-4740-b6dc-aed7e5847789', 'ee077987-88ad-4740-b6dc-aed7e5847789', 'ee077987-88ad-4740-b6dc-aed7e5847789', 'ee077987-88ad-4740-b6dc-aed7e5847789', 'ee077987-88ad-4740-b6dc-aed7e5847789', 'ee077987-88ad-4740-b6dc-aed7e5847789', 'ee077987-88ad-4740-b6dc-aed7e5847789', 'ee077987-88ad-4740-b6dc-aed7e5847789', 'ee077987-88ad-4740-b6dc-aed7e5847789', 'ee077987-88ad-4740-b6dc-aed7e5847789', 'ee077987-88ad-4740-b6dc-aed7e5847789', 'ee077987-88ad-4740-b6dc-aed7e5847789', 'ee077987-88ad-4740-b6dc-aed7e5847789', 'ee077987-88ad-4740-b6dc-aed7e5847789', 'ee077987-88ad-4740-b6dc-aed7e5847789', 'ee077987-88ad-4740-b6dc-aed7e5847789', 'ee077987-88ad-4740-b6dc-aed7e5847789', '1a2222eb-979a-4e9c-8ef4-5742a0ce7a3f', 'a1c19d0b-df03-4ade-9c19-1dd9f233e5ce', '1a034044-31cf-4d08-8238-a91f650c0838', 'f46b335f-a65e-4fb6-8f3b-d8de4984657d', '4a6c621b-ba6a-4c39-a443-0d8c6b022cd8', 'fae6b083-0d99-4fa7-9709-62bd0ecaffb6', 'dec84792-3d7c-43a8-88fb-9fcfa7241863', '18967f96-7bc2-480b-8c9f-0a53dc4a7aad', 'e3500f72-a77c-4ed5-9b8e-4055bb9ed465', '4838cd58-b6cf-4947-ab7d-73e2635e5e08']"
391cdd1f-429b-4dee-8edf-2e68c17f541b,7,"['621916d4-6d0c-4971-9d4b-9969e222d983', '621916d4-6d0c-4971-9d4b-9969e222d983', '621916d4-6d0c-4971-9d4b-9969e222d983', '621916d4-6d0c-4971-9d4b-9969e222d983', '621916d4-6d0c-4971-9d4b-9969e222d983', '621916d4-6d0c-4971-9d4b-9969e222d983', '621916d4-6d0c-4971-9d4b-9969e222d983', 'd640d5e3-b954-4017-a875-b2d5f1aeacf5', 'd640d5e3-b954-4017-a875-b2d5f1aeacf5', 'd640d5e3-b954-4017-a875-b2d5f1aeacf5', 'd640d5e3-b954-4017-a875-b2d5f1aeacf5', 'd640d5e3-b954-4017-a875-b2d5f1aeacf5', 'd640d5e3-b954-4017-a875-b2d5f1aeacf5', 'd640d5e3-b954-4017-a875-b2d5f1aeacf5', 'd640d5e3-b954-4017-a875-b2d5f1aeacf5', 'd640d5e3-b954-4017-a875-b2d5f1aeacf5', 'e0786cb8-2c47-4b2f-b0ca-aef53dfe27cf', 'e0786cb8-2c47-4b2f-b0ca-aef53dfe27cf', 'e0786cb8-2c47-4b2f-b0ca-aef53dfe27cf', 'e0786cb8-2c47-4b2f-b0ca-aef53dfe27cf', 'e0786cb8-2c47-4b2f-b0ca-aef53dfe27cf', 'e0786cb8-2c47-4b2f-b0ca-aef53dfe27cf', 'e0786cb8-2c47-4b2f-b0ca-aef53dfe27cf', 'e0786cb8-2c47-4b2f-b0ca-aef53dfe27cf', 'e0786cb8-2c47-4b2f-b0ca-aef53dfe27cf', 'e0786cb8-2c47-4b2f-b0ca-aef53dfe27cf', 'e0786cb8-2c47-4b2f-b0ca-aef53dfe27cf', 'e0786cb8-2c47-4b2f-b0ca-aef53dfe27cf', 'e0786cb8-2c47-4b2f-b0ca-aef53dfe27cf', 'e0786cb8-2c47-4b2f-b0ca-aef53dfe27cf', 'e0786cb8-2c47-4b2f-b0ca-aef53dfe27cf', 'e0786cb8-2c47-4b2f-b0ca-aef53dfe27cf', 'e0786cb8-2c47-4b2f-b0ca-aef53dfe27cf', 'e0786cb8-2c47-4b2f-b0ca-aef53dfe27cf', 'e0786cb8-2c47-4b2f-b0ca-aef53dfe27cf', 'e0786cb8-2c47-4b2f-b0ca-aef53dfe27cf', 'e0786cb8-2c47-4b2f-b0ca-aef53dfe27cf', 'e0786cb8-2c47-4b2f-b0ca-aef53dfe27cf', 'e0786cb8-2c47-4b2f-b0ca-aef53dfe27cf', 'e0786cb8-2c47-4b2f-b0ca-aef53dfe27cf', 'e0786cb8-2c47-4b2f-b0ca-aef53dfe27cf', 'e0786cb8-2c47-4b2f-b0ca-aef53dfe27cf', '48f5e467-f345-4f9f-8910-fa0717720f8e', '91cd132c-651b-4f0a-9230-aaaf84b2a18e', '988969d9-c1d3-4eb1-95ff-66ceb8e625ab', 'c5c7bfdc-af0d-4674-b18e-70d9004d088c', '1e3be794-1077-420b-8ecd-b4a10ef4f9f0', '9bff09d9-2bc0-4f23-ae4c-2e7b0ba7a1e6', '75fd9134-03c1-4b1a-8051-c282906003e0', 'ede32df6-8817-43be-a91f-4b995c68f363']"
5fe50b78-b64a-4f23-8a5b-2bbb5a81b7c6,13,"['ee077987-88ad-4740-b6dc-aed7e5847789', 'ee077987-88ad-4740-b6dc-aed7e5847789', 'ee077987-88ad-4740-b6dc-aed7e5847789', 'ee077987-88ad-4740-b6dc-aed7e5847789', 'ee077987-88ad-4740-b6dc-aed7e5847789', 'ee077987-88ad-4740-b6dc-aed7e5847789', 'ee077987-88ad-4740-b6dc-aed7e5847789', 'ee077987-88ad-4740-b6dc-aed7e5847789', 'ee077987-88ad-4740-b6dc-aed7e5847789', 'ee077987-88ad-4740-b6dc-aed7e5847789', 'ee077987-88ad-4740-b6dc-aed7e5847789', 'ee077987-88ad-4740-b6dc-aed7e5847789', 'ee077987-88ad-4740-b6dc-aed7e5847789', 'ee077987-88ad-4740-b6dc-aed7e5847789', 'ee077987-88ad-4740-b6dc-aed7e5847789', 'ee077987-88ad-4740-b6dc-aed7e5847789', 'ee077987-88ad-4740-b6dc-aed7e5847789', 'ee077987-88ad-4740-b6dc-aed7e5847789', 'ee077987-88ad-4740-b6dc-aed7e5847789', 'ee077987-88ad-4740-b6dc-aed7e5847789', 'ee077987-88ad-4740-b6dc-aed7e5847789', 'ee077987-88ad-4740-b6dc-aed7e5847789', 'ee077987-88ad-4740-b6dc-aed7e5847789', 'ee077987-88ad-4740-b6dc-aed7e5847789', 'ee077987-88ad-4740-b6dc-aed7e5847789', 'ee077987-88ad-4740-b6dc-aed7e5847789', 'ee077987-88ad-4740-b6dc-aed7e5847789', 'ee077987-88ad-4740-b6dc-aed7e5847789', 'ee077987-88ad-4740-b6dc-aed7e5847789', 'ee077987-88ad-4740-b6dc-aed7e5847789', 'ee077987-88ad-4740-b6dc-aed7e5847789', 'ee077987-88ad-4740-b6dc-aed7e5847789', 'ee077987-88ad-4740-b6dc-aed7e5847789', 'ee077987-88ad-4740-b6dc-aed7e5847789', 'ee077987-88ad-4740-b6dc-aed7e5847789', 'ee077987-88ad-4740-b6dc-aed7e5847789', '1a2222eb-979a-4e9c-8ef4-5742a0ce7a3f', 'a1c19d0b-df03-4ade-9c19-1dd9f233e5ce', '1a034044-31cf-4d08-8238-a91f650c0838', '4a6c621b-ba6a-4c39-a443-0d8c6b022cd8', 'fae6b083-0d99-4fa7-9709-62bd0ecaffb6', 'dec84792-3d7c-43a8-88fb-9fcfa7241863', '18967f96-7bc2-480b-8c9f-0a53dc4a7aad', 'e3500f72-a77c-4ed5-9b8e-4055bb9ed465', '4838cd58-b6cf-4947-ab7d-73e2635e5e08', '51efec02-93f3-459f-97e6-5fed164889de', '3da7c2ab-584e-40cb-8d0d-f97ae39b9d8d', 'febdfbf4-e7cc-4ece-801d-b7e6aaba1da1', '20b35cab-a773-4f86-97cb-874098e86217', '89c6c70f-4a48-4cdd-a552-1a8fb3dd9ee6']"
e013550a-57e0-44e7-903e-6dfa3e187f35,14,"['bbc3bc0d-a47f-44b1-97b6-07cea5745771', '5c6809b1-9d20-4b79-9d56-3902ab66c715', '5c6809b1-9d20-4b79-9d56-3902ab66c715', '5c6809b1-9d20-4b79-9d56-3902ab66c715', '5c6809b1-9d20-4b79-9d56-3902ab66c715', '5c6809b1-9d20-4b79-9d56-3902ab66c715', '5c6809b1-9d20-4b79-9d56-3902ab66c715', '5c6809b1-9d20-4b79-9d56-3902ab66c715', '5c6809b1-9d20-4b79-9d56-3902ab66c715', '5c6809b1-9d20-4b79-9d56-3902ab66c715', '5c6809b1-9d20-4b79-9d56-3902ab66c715', '5c6809b1-9d20-4b79-9d56-3902ab66c715', '5c6809b1-9d20-4b79-9d56-3902ab66c715', '5c6809b1-9d20-4b79-9d56-3902ab66c715', '5c6809b1-9d20-4b79-9d56-3902ab66c715', '5c6809b1-9d20-4b79-9d56-3902ab66c715', '5c6809b1-9d20-4b79-9d56-3902ab66c715', '5c6809b1-9d20-4b79-9d56-3902ab66c715', '5c6809b1-9d20-4b79-9d56-3902ab66c715', '5c6809b1-9d20-4b79-9d56-3902ab66c715', '5c6809b1-9d20-4b79-9d56-3902ab66c715', '5c6809b1-9d20-4b79-9d56-3902ab66c715', '5c6809b1-9d20-4b79-9d56-3902ab66c715', '5c6809b1-9d20-4b79-9d56-3902ab66c715', '5c6809b1-9d20-4b79-9d56-3902ab66c715', '824f85e8-eab6-40c7-a9bf-b6736011e3fd', 'cadf03da-be37-44df-98f4-aead15594d86', '301e021a-10ab-481f-a895-7db9e41b92ea', 'c64d5986-534d-4cd1-989d-62e4c32904ad', '953d4932-8137-4d43-891f-e76d1be445c8', '86329278-cb30-4338-badc-2d528f4907e6', '86b3d948-ae61-47ba-a0e4-cc8af22ed014', '4cb0fd5e-c4a5-472f-872c-af12e62bc8ac', '07c11433-4b4e-49cc-98bc-9da6db1f76a5', 'ade5d142-ea4d-4e28-aa7c-e08265966607', '0627e2c0-fec9-4b89-91f7-4be5c7672d2e', '81904f49-1b66-4726-86ae-fce618617203', '927ad1c1-3916-4599-a213-e88c908954f3', '818c8728-5447-46ed-80bb-98c3b9fa1f41', 'fe11c703-20a4-46aa-b17b-338483118f06', '9ad1b74e-d63c-4423-bdc4-f8a225990075', 'd3d5a574-d894-4036-bbe1-2b7a38afaeaf', 'b5003e2b-c3ee-4e4c-aff9-56cb39d23d7f', 'f9836d6d-ba16-45e0-95af-9d0d5c4d692e', 'ea0249e8-5444-4bf3-b9a9-0c92f9e0b168', '22159204-153b-4407-a112-cb2edbcb9b75', '996c7092-ce79-48cf-b784-2619e0840839', '7bd1f1d5-3455-402e-a0dc-893425bbc6df', '1d561226-f35c-4347-b07b-080d67841abd', 'e709e723-ae1f-4479-b99f-adec0da33fbe']"
391cdd1f-429b-4dee-8edf-2e68c17f541b,8,"['e0786cb8-2c47-4b2f-b0ca-aef53dfe27cf', 'e0786cb8-2c47-4b2f-b0ca-aef53dfe27cf', '988969d9-c1d3-4eb1-95ff-66ceb8e625ab', '988969d9-c1d3-4eb1-95ff-66ceb8e625ab', '988969d9-c1d3-4eb1-95ff-66ceb8e625ab', '988969d9-c1d3-4eb1-95ff-66ceb8e625ab', '988969d9-c1d3-4eb1-95ff-66ceb8e625ab', '988969d9-c1d3-4eb1-95ff-66ceb8e625ab', '988969d9-c1d3-4eb1-95ff-66ceb8e625ab', '988969d9-c1d3-4eb1-95ff-66ceb8e625ab', '988969d9-c1d3-4eb1-95ff-66ceb8e625ab', '988969d9-c1d3-4eb1-95ff-66ceb8e625ab', '988969d9-c1d3-4eb1-95ff-66ceb8e625ab', '988969d9-c1d3-4eb1-95ff-66ceb8e625ab', '988969d9-c1d3-4eb1-95ff-66ceb8e625ab', '988969d9-c1d3-4eb1-95ff-66ceb8e625ab', '988969d9-c1d3-4eb1-95ff-66ceb8e625ab', '988969d9-c1d3-4eb1-95ff-66ceb8e625ab', '988969d9-c1d3-4eb1-95ff-66ceb8e625ab', '988969d9-c1d3-4eb1-95ff-66ceb8e625ab', '988969d9-c1d3-4eb1-95ff-66ceb8e625ab', '988969d9-c1d3-4eb1-95ff-66ceb8e625ab', '988969d9-c1d3-4eb1-95ff-66ceb8e625ab', '988969d9-c1d3-4eb1-95ff-66ceb8e625ab', '988969d9-c1d3-4eb1-95ff-66ceb8e625ab', '988969d9-c1d3-4eb1-95ff-66ceb8e625ab', '988969d9-c1d3-4eb1-95ff-66ceb8e625ab', '988969d9-c1d3-4eb1-95ff-66ceb8e625ab', '988969d9-c1d3-4eb1-95ff-66ceb8e625ab', '988969d9-c1d3-4eb1-95ff-66ceb8e625ab', '988969d9-c1d3-4eb1-95ff-66ceb8e625ab', '988969d9-c1d3-4eb1-95ff-66ceb8e625ab', '988969d9-c1d3-4eb1-95ff-66ceb8e625ab', '988969d9-c1d3-4eb1-95ff-66ceb8e625ab', '988969d9-c1d3-4eb1-95ff-66ceb8e625ab', '988969d9-c1d3-4eb1-95ff-66ceb8e625ab', '988969d9-c1d3-4eb1-95ff-66ceb8e625ab', '988969d9-c1d3-4eb1-95ff-66ceb8e625ab', '988969d9-c1d3-4eb1-95ff-66ceb8e625ab', '988969d9-c1d3-4eb1-95ff-66ceb8e625ab', '988969d9-c1d3-4eb1-95ff-66ceb8e625ab', '5bced15a-600a-45fa-8623-ab79da6bd693', 'ef62f126-f995-4d28-a4e0-d3d903b51616', 'e95a03d8-50d2-427d-ac9a-58bed4110c75', '112bcf5d-baf4-434f-97aa-dc57bbb68d82', '4c655b63-af87-4528-b2a0-21acddc394cd', '4fa79ba6-b92e-40fd-98ab-8c7d88efcd58', '292c774e-cbf3-41d4-acca-33cd1a32617d', '2636996a-d06a-4b91-bfe5-c46114450115', '2610ee64-d299-47f7-8b51-c787108c7687']"
5fe50b78-b64a-4f23-8a5b-2bbb5a81b7c6,14,"['ee077987-88ad-4740-b6dc-aed7e5847789', 'ee077987-88ad-4740-b6dc-aed7e5847789', 'ee077987-88ad-4740-b6dc-aed7e5847789', 'ee077987-88ad-4740-b6dc-aed7e5847789', 'ee077987-88ad-4740-b6dc-aed7e5847789', 'ee077987-88ad-4740-b6dc-aed7e5847789', 'ee077987-88ad-4740-b6dc-aed7e5847789', 'ee077987-88ad-4740-b6dc-aed7e5847789', 'ee077987-88ad-4740-b6dc-aed7e5847789', 'ee077987-88ad-4740-b6dc-aed7e5847789', 'ee077987-88ad-4740-b6dc-aed7e5847789', 'ee077987-88ad-4740-b6dc-aed7e5847789', 'ee077987-88ad-4740-b6dc-aed7e5847789', 'ee077987-88ad-4740-b6dc-aed7e5847789', 'ee077987-88ad-4740-b6dc-aed7e5847789', 'ee077987-88ad-4740-b6dc-aed7e5847789', 'ee077987-88ad-4740-b6dc-aed7e5847789', 'ee077987-88ad-4740-b6dc-aed7e5847789', 'ee077987-88ad-4740-b6dc-aed7e5847789', 'ee077987-88ad-4740-b6dc-aed7e5847789', 'ee077987-88ad-4740-b6dc-aed7e5847789', 'ee077987-88ad-4740-b6dc-aed7e5847789', 'ee077987-88ad-4740-b6dc-aed7e5847789', 'ee077987-88ad-4740-b6dc-aed7e5847789', 'ee077987-88ad-4740-b6dc-aed7e5847789', 'ee077987-88ad-4740-b6dc-aed7e5847789', 'ee077987-88ad-4740-b6dc-aed7e5847789', 'ee077987-88ad-4740-b6dc-aed7e5847789', 'ee077987-88ad-4740-b6dc-aed7e5847789', 'ee077987-88ad-4740-b6dc-aed7e5847789', 'a1c19d0b-df03-4ade-9c19-1dd9f233e5ce', '1a034044-31cf-4d08-8238-a91f650c0838', '4a6c621b-ba6a-4c39-a443-0d8c6b022cd8', 'fae6b083-0d99-4fa7-9709-62bd0ecaffb6', 'e3500f72-a77c-4ed5-9b8e-4055bb9ed465', '4838cd58-b6cf-4947-ab7d-73e2635e5e08', '51efec02-93f3-459f-97e6-5fed164889de', '3da7c2ab-584e-40cb-8d0d-f97ae39b9d8d', 'febdfbf4-e7cc-4ece-801d-b7e6aaba1da1', '20b35cab-a773-4f86-97cb-874098e86217', '89c6c70f-4a48-4cdd-a552-1a8fb3dd9ee6', 'ba279785-0713-457c-b271-41613722f8d8', '70e7644e-fb4b-43c8-b233-2b063cd05f08', 'c706f044-79d5-411e-84e9-c7882ede2c78', 'dbdf196f-ce12-4b61-86e5-89b0453d74c1', '8af9510a-5eaa-4f21-9e94-91c8e5c1a445', '420683da-f6ee-42df-ad8f-25c38141ff44', 'f6d61287-9242-4fe3-a879-5fb6c4f0dc94', '84395c32-5ce8-4f77-8f15-44868565b618', '164faf96-95c8-47ac-a653-a548964cd07c']"
e013550a-57e0-44e7-903e-6dfa3e187f35,15,"['5c6809b1-9d20-4b79-9d56-3902ab66c715', '5c6809b1-9d20-4b79-9d56-3902ab66c715', '5c6809b1-9d20-4b79-9d56-3902ab66c715', '5c6809b1-9d20-4b79-9d56-3902ab66c715', '5c6809b1-9d20-4b79-9d56-3902ab66c715', '5c6809b1-9d20-4b79-9d56-3902ab66c715', '5c6809b1-9d20-4b79-9d56-3902ab66c715', '5c6809b1-9d20-4b79-9d56-3902ab66c715', '5c6809b1-9d20-4b79-9d56-3902ab66c715', '5c6809b1-9d20-4b79-9d56-3902ab66c715', '5c6809b1-9d20-4b79-9d56-3902ab66c715', '5c6809b1-9d20-4b79-9d56-3902ab66c715', '5c6809b1-9d20-4b79-9d56-3902ab66c715', '5c6809b1-9d20-4b79-9d56-3902ab66c715', '5c6809b1-9d20-4b79-9d56-3902ab66c715', '5c6809b1-9d20-4b79-9d56-3902ab66c715', '5c6809b1-9d20-4b79-9d56-3902ab66c715', '5c6809b1-9d20-4b79-9d56-3902ab66c715', '5c6809b1-9d20-4b79-9d56-3902ab66c715', '5c6809b1-9d20-4b79-9d56-3902ab66c715', '5c6809b1-9d20-4b79-9d56-3902ab66c715', '5c6809b1-9d20-4b79-9d56-3902ab66c715', '5c6809b1-9d20-4b79-9d56-3902ab66c715', '5c6809b1-9d20-4b79-9d56-3902ab66c715', '5c6809b1-9d20-4b79-9d56-3902ab66c715', '5c6809b1-9d20-4b79-9d56-3902ab66c715', '5c6809b1-9d20-4b79-9d56-3902ab66c715', '5c6809b1-9d20-4b79-9d56-3902ab66c715', '5c6809b1-9d20-4b79-9d56-3902ab66c715', '5c6809b1-9d20-4b79-9d56-3902ab66c715', '5c6809b1-9d20-4b79-9d56-3902ab66c715', '5c6809b1-9d20-4b79-9d56-3902ab66c715', '5c6809b1-9d20-4b79-9d56-3902ab66c715', '5c6809b1-9d20-4b79-9d56-3902ab66c715', '5c6809b1-9d20-4b79-9d56-3902ab66c715', '5c6809b1-9d20-4b79-9d56-3902ab66c715', '5c6809b1-9d20-4b79-9d56-3902ab66c715', '5c6809b1-9d20-4b79-9d56-3902ab66c715', '5dd7814e-e836-4bfd-aa79-c5419fb4b8b0', '1f5984b7-29ca-4856-9913-b6519df83a36', 'd8629a11-a531-45df-9495-23f7eec6e915', '02ff0d44-0d30-4c58-825a-ae90cdd8fe12', '7dff42c9-44f7-4806-bdd2-10fc7db833b4', '00246bda-8e39-46fb-bb7e-ee59cd1b657b', 'db4fbe9a-a0a6-4367-8057-66b4b3a448a5', 'b0cb9616-4d4c-49da-9ace-d3e0a790024f', '393f3416-77ac-4b33-a693-42c757de920c', '3336e8e4-ed16-4ab1-9bc9-e5771f9fa806', 'add5e7ee-f947-428d-a744-f2abd79adcda', '3f39722d-c9a0-4d0a-8e79-93eb0ad60eaa']"
391cdd1f-429b-4dee-8edf-2e68c17f541b,9,"['e0786cb8-2c47-4b2f-b0ca-aef53dfe27cf', 'e0786cb8-2c47-4b2f-b0ca-aef53dfe27cf', '988969d9-c1d3-4eb1-95ff-66ceb8e625ab', '988969d9-c1d3-4eb1-95ff-66ceb8e625ab', '988969d9-c1d3-4eb1-95ff-66ceb8e625ab', '988969d9-c1d3-4eb1-95ff-66ceb8e625ab', '988969d9-c1d3-4eb1-95ff-66ceb8e625ab', '988969d9-c1d3-4eb1-95ff-66ceb8e625ab', '988969d9-c1d3-4eb1-95ff-66ceb8e625ab', '988969d9-c1d3-4eb1-95ff-66ceb8e625ab', '988969d9-c1d3-4eb1-95ff-66ceb8e625ab', '988969d9-c1d3-4eb1-95ff-66ceb8e625ab', '988969d9-c1d3-4eb1-95ff-66ceb8e625ab', '988969d9-c1d3-4eb1-95ff-66ceb8e625ab', '988969d9-c1d3-4eb1-95ff-66ceb8e625ab', '988969d9-c1d3-4eb1-95ff-66ceb8e625ab', '988969d9-c1d3-4eb1-95ff-66ceb8e625ab', '988969d9-c1d3-4eb1-95ff-66ceb8e625ab', '988969d9-c1d3-4eb1-95ff-66ceb8e625ab', '988969d9-c1d3-4eb1-95ff-66ceb8e625ab', '988969d9-c1d3-4eb1-95ff-66ceb8e625ab', '988969d9-c1d3-4eb1-95ff-66ceb8e625ab', '988969d9-c1d3-4eb1-95ff-66ceb8e625ab', '988969d9-c1d3-4eb1-95ff-66ceb8e625ab', '988969d9-c1d3-4eb1-95ff-66ceb8e625ab', '988969d9-c1d3-4eb1-95ff-66ceb8e625ab', '988969d9-c1d3-4eb1-95ff-66ceb8e625ab', '988969d9-c1d3-4eb1-95ff-66ceb8e625ab', '988969d9-c1d3-4eb1-95ff-66ceb8e625ab', '5bced15a-600a-45fa-8623-ab79da6bd693', 'e95a03d8-50d2-427d-ac9a-58bed4110c75', '112bcf5d-baf4-434f-97aa-dc57bbb68d82', '4c655b63-af87-4528-b2a0-21acddc394cd', '4fa79ba6-b92e-40fd-98ab-8c7d88efcd58', '292c774e-cbf3-41d4-acca-33cd1a32617d', '2636996a-d06a-4b91-bfe5-c46114450115', '2610ee64-d299-47f7-8b51-c787108c7687', 'fe9c6c10-d26b-43cb-bdac-132b47174726', '33f2a6e2-e570-4b83-9995-7ccbd196ebe0', '626c5440-d569-4301-ae00-517904d949f5', '48e62e63-4857-41f9-a789-d5fa8dd068a3', '808a6a59-a7c9-47d5-b3eb-77ebeb782e1a', '3bd05820-ab1c-49c4-a692-0295dca43505', 'd8a60135-c98c-4ff4-a2bd-dc7b727bc128', '8f58f1ba-b2ea-464e-ab34-499f18bf8747', 'b5dff65f-50c0-4658-ab18-18ce27b7b1f0', 'c06e0ccb-e1fc-4089-9512-d7fb9a2e09c6', 'f024246e-5d21-4caf-a26e-c5e02d250fb3', '30423072-f12a-41f6-bbef-bf1a9b254c7c', '2dc28351-32f0-4f2b-be39-b81fe4dc57dd']"
5fe50b78-b64a-4f23-8a5b-2bbb5a81b7c6,15,"['ee077987-88ad-4740-b6dc-aed7e5847789', 'ee077987-88ad-4740-b6dc-aed7e5847789', 'ee077987-88ad-4740-b6dc-aed7e5847789', 'ee077987-88ad-4740-b6dc-aed7e5847789', 'ee077987-88ad-4740-b6dc-aed7e5847789', 'ee077987-88ad-4740-b6dc-aed7e5847789', 'ee077987-88ad-4740-b6dc-aed7e5847789', 'ee077987-88ad-4740-b6dc-aed7e5847789', 'ee077987-88ad-4740-b6dc-aed7e5847789', 'ee077987-88ad-4740-b6dc-aed7e5847789', 'ee077987-88ad-4740-b6dc-aed7e5847789', 'ee077987-88ad-4740-b6dc-aed7e5847789', 'ee077987-88ad-4740-b6dc-aed7e5847789', 'ee077987-88ad-4740-b6dc-aed7e5847789', 'ee077987-88ad-4740-b6dc-aed7e5847789', 'ee077987-88ad-4740-b6dc-aed7e5847789', 'ee077987-88ad-4740-b6dc-aed7e5847789', 'ee077987-88ad-4740-b6dc-aed7e5847789', 'ee077987-88ad-4740-b6dc-aed7e5847789', 'ee077987-88ad-4740-b6dc-aed7e5847789', 'ee077987-88ad-4740-b6dc-aed7e5847789', 'ee077987-88ad-4740-b6dc-aed7e5847789', '1a034044-31cf-4d08-8238-a91f650c0838', '4a6c621b-ba6a-4c39-a443-0d8c6b022cd8', 'fae6b083-0d99-4fa7-9709-62bd0ecaffb6', 'e3500f72-a77c-4ed5-9b8e-4055bb9ed465', '4838cd58-b6cf-4947-ab7d-73e2635e5e08', '51efec02-93f3-459f-97e6-5fed164889de', '3da7c2ab-584e-40cb-8d0d-f97ae39b9d8d', 'febdfbf4-e7cc-4ece-801d-b7e6aaba1da1', '89c6c70f-4a48-4cdd-a552-1a8fb3dd9ee6', 'ba279785-0713-457c-b271-41613722f8d8', '70e7644e-fb4b-43c8-b233-2b063cd05f08', 'dbdf196f-ce12-4b61-86e5-89b0453d74c1', '8af9510a-5eaa-4f21-9e94-91c8e5c1a445', '420683da-f6ee-42df-ad8f-25c38141ff44', 'f6d61287-9242-4fe3-a879-5fb6c4f0dc94', '84395c32-5ce8-4f77-8f15-44868565b618', '164faf96-95c8-47ac-a653-a548964cd07c', '4600aa8d-286e-4a3b-bf6c-1a7f7477566f', '7dfa22de-b6cd-45df-9291-32e533d45b21', 'cb71dd19-fbad-40d7-a734-a5175b37fdb4', '8bdd63eb-a9d8-4439-83fe-210c80b0f002', '3e6132c2-f237-49fe-9bf3-9cb66fb00193', 'f9d1ac5e-63c4-4fc0-8cc3-9dc83ddb09dd', '179edd53-0956-4518-b32f-7d950aa1c616', '3ef6e73d-6ac2-41d5-ac35-df8cb559f4f4', '7c662502-3c59-4fea-9a5c-48cbc24299d6', 'dd015b32-fcaf-4ca2-ae84-40b25f507eb1', 'e020b7d0-e743-4098-a87b-41bbdd40824f']"
391cdd1f-429b-4dee-8edf-2e68c17f541b,10,"['e0786cb8-2c47-4b2f-b0ca-aef53dfe27cf', 'e0786cb8-2c47-4b2f-b0ca-aef53dfe27cf', '988969d9-c1d3-4eb1-95ff-66ceb8e625ab', '988969d9-c1d3-4eb1-95ff-66ceb8e625ab', '988969d9-c1d3-4eb1-95ff-66ceb8e625ab', '988969d9-c1d3-4eb1-95ff-66ceb8e625ab', '988969d9-c1d3-4eb1-95ff-66ceb8e625ab', '988969d9-c1d3-4eb1-95ff-66ceb8e625ab', '988969d9-c1d3-4eb1-95ff-66ceb8e625ab', '988969d9-c1d3-4eb1-95ff-66ceb8e625ab', '988969d9-c1d3-4eb1-95ff-66ceb8e625ab', '988969d9-c1d3-4eb1-95ff-66ceb8e625ab', '988969d9-c1d3-4eb1-95ff-66ceb8e625ab', '988969d9-c1d3-4eb1-95ff-66ceb8e625ab', '988969d9-c1d3-4eb1-95ff-66ceb8e625ab', '988969d9-c1d3-4eb1-95ff-66ceb8e625ab', '988969d9-c1d3-4eb1-95ff-66ceb8e625ab', '988969d9-c1d3-4eb1-95ff-66ceb8e625ab', '988969d9-c1d3-4eb1-95ff-66ceb8e625ab', '988969d9-c1d3-4eb1-95ff-66ceb8e625ab', '988969d9-c1d3-4eb1-95ff-66ceb8e625ab', '988969d9-c1d3-4eb1-95ff-66ceb8e625ab', '988969d9-c1d3-4eb1-95ff-66ceb8e625ab', '988969d9-c1d3-4eb1-95ff-66ceb8e625ab', '5bced15a-600a-45fa-8623-ab79da6bd693', '112bcf5d-baf4-434f-97aa-dc57bbb68d82', '4fa79ba6-b92e-40fd-98ab-8c7d88efcd58', '292c774e-cbf3-41d4-acca-33cd1a32617d', '2610ee64-d299-47f7-8b51-c787108c7687', '33f2a6e2-e570-4b83-9995-7ccbd196ebe0', '626c5440-d569-4301-ae00-517904d949f5', '48e62e63-4857-41f9-a789-d5fa8dd068a3', '3bd05820-ab1c-49c4-a692-0295dca43505', 'd8a60135-c98c-4ff4-a2bd-dc7b727bc128', '8f58f1ba-b2ea-464e-ab34-499f18bf8747', 'b5dff65f-50c0-4658-ab18-18ce27b7b1f0', 'c06e0ccb-e1fc-4089-9512-d7fb9a2e09c6', 'f024246e-5d21-4caf-a26e-c5e02d250fb3', '30423072-f12a-41f6-bbef-bf1a9b254c7c', '2dc28351-32f0-4f2b-be39-b81fe4dc57dd', '326cf91a-380c-4f57-812d-56413d87e9ad', '515dbce6-1f45-4fd9-b215-b4a5164ca9a7', 'e5156e49-05ab-4876-8a83-d2bfc5fc6792', 'd86ccfbc-7f91-4eb4-87e8-bff87e4f6649', '8d523c43-3e6e-4288-855b-0ece6e2987b0', '2f7c61a3-e4ff-4ae9-8234-b1e214a6d814', '3803b98d-0a44-40c0-9fe8-1b16eb05626d', '610f5239-b5d5-497f-8e84-d7a119a3d692', '01551a4f-ffff-4caa-b94e-a6cac1b757a3', 'e62116ee-420c-42ef-8c78-38adcb2fcd63']"
391cdd1f-429b-4dee-8edf-2e68c17f541b,11,"['988969d9-c1d3-4eb1-95ff-66ceb8e625ab', '988969d9-c1d3-4eb1-95ff-66ceb8e625ab', '988969d9-c1d3-4eb1-95ff-66ceb8e625ab', '988969d9-c1d3-4eb1-95ff-66ceb8e625ab', '988969d9-c1d3-4eb1-95ff-66ceb8e625ab', '988969d9-c1d3-4eb1-95ff-66ceb8e625ab', '988969d9-c1d3-4eb1-95ff-66ceb8e625ab', '988969d9-c1d3-4eb1-95ff-66ceb8e625ab', '988969d9-c1d3-4eb1-95ff-66ceb8e625ab', '988969d9-c1d3-4eb1-95ff-66ceb8e625ab', '988969d9-c1d3-4eb1-95ff-66ceb8e625ab', '988969d9-c1d3-4eb1-95ff-66ceb8e625ab', '988969d9-c1d3-4eb1-95ff-66ceb8e625ab', '988969d9-c1d3-4eb1-95ff-66ceb8e625ab', '988969d9-c1d3-4eb1-95ff-66ceb8e625ab', '988969d9-c1d3-4eb1-95ff-66ceb8e625ab', '988969d9-c1d3-4eb1-95ff-66ceb8e625ab', '988969d9-c1d3-4eb1-95ff-66ceb8e625ab', '988969d9-c1d3-4eb1-95ff-66ceb8e625ab', '988969d9-c1d3-4eb1-95ff-66ceb8e625ab', '988969d9-c1d3-4eb1-95ff-66ceb8e625ab', '988969d9-c1d3-4eb1-95ff-66ceb8e625ab', '988969d9-c1d3-4eb1-95ff-66ceb8e625ab', '988969d9-c1d3-4eb1-95ff-66ceb8e625ab', '988969d9-c1d3-4eb1-95ff-66ceb8e625ab', '988969d9-c1d3-4eb1-95ff-66ceb8e625ab', '988969d9-c1d3-4eb1-95ff-66ceb8e625ab', '988969d9-c1d3-4eb1-95ff-66ceb8e625ab', '988969d9-c1d3-4eb1-95ff-66ceb8e625ab', '988969d9-c1d3-4eb1-95ff-66ceb8e625ab', '988969d9-c1d3-4eb1-95ff-66ceb8e625ab', '988969d9-c1d3-4eb1-95ff-66ceb8e625ab', '988969d9-c1d3-4eb1-95ff-66ceb8e625ab', '988969d9-c1d3-4eb1-95ff-66ceb8e625ab', '988969d9-c1d3-4eb1-95ff-66ceb8e625ab', '988969d9-c1d3-4eb1-95ff-66ceb8e625ab', '988969d9-c1d3-4eb1-95ff-66ceb8e625ab', '988969d9-c1d3-4eb1-95ff-66ceb8e625ab', '988969d9-c1d3-4eb1-95ff-66ceb8e625ab', 'ee49d179-9b35-4a2e-881d-03688a1c296d', '2e6b886e-6c4d-4bc1-80aa-f724e26f0aee', 'a6b99334-49b9-4f75-a88a-74448e27b07f', '54d70dba-3500-4a7a-a6f7-c5145d4a4db3', '7bc10940-d477-4d8d-8c13-308b30aed336', '2fb29355-26fe-462a-8e4f-df873bfbd3ef', '64848817-cf4a-4ffc-a74a-9b7122eb1f4b', '17531648-2362-4668-b7a3-8665d4cdadf3', 'bcb39e3c-f0fa-452d-bb38-2608e8874249', '6f9523eb-64a7-47e6-a5c9-adb52e4aa6ef', '3aa15ede-9c7a-4cee-9429-f5cd8fa4798a']"
391cdd1f-429b-4dee-8edf-2e68c17f541b,12,"['988969d9-c1d3-4eb1-95ff-66ceb8e625ab', '988969d9-c1d3-4eb1-95ff-66ceb8e625ab', '988969d9-c1d3-4eb1-95ff-66ceb8e625ab', '988969d9-c1d3-4eb1-95ff-66ceb8e625ab', '988969d9-c1d3-4eb1-95ff-66ceb8e625ab', '988969d9-c1d3-4eb1-95ff-66ceb8e625ab', '988969d9-c1d3-4eb1-95ff-66ceb8e625ab', '988969d9-c1d3-4eb1-95ff-66ceb8e625ab', '988969d9-c1d3-4eb1-95ff-66ceb8e625ab', '988969d9-c1d3-4eb1-95ff-66ceb8e625ab', '988969d9-c1d3-4eb1-95ff-66ceb8e625ab', '988969d9-c1d3-4eb1-95ff-66ceb8e625ab', '988969d9-c1d3-4eb1-95ff-66ceb8e625ab', '988969d9-c1d3-4eb1-95ff-66ceb8e625ab', '988969d9-c1d3-4eb1-95ff-66ceb8e625ab', '988969d9-c1d3-4eb1-95ff-66ceb8e625ab', '988969d9-c1d3-4eb1-95ff-66ceb8e625ab', '988969d9-c1d3-4eb1-95ff-66ceb8e625ab', '988969d9-c1d3-4eb1-95ff-66ceb8e625ab', '988969d9-c1d3-4eb1-95ff-66ceb8e625ab', '988969d9-c1d3-4eb1-95ff-66ceb8e625ab', '988969d9-c1d3-4eb1-95ff-66ceb8e625ab', '988969d9-c1d3-4eb1-95ff-66ceb8e625ab', '988969d9-c1d3-4eb1-95ff-66ceb8e625ab', '988969d9-c1d3-4eb1-95ff-66ceb8e625ab', '988969d9-c1d3-4eb1-95ff-66ceb8e625ab', '988969d9-c1d3-4eb1-95ff-66ceb8e625ab', '988969d9-c1d3-4eb1-95ff-66ceb8e625ab', '988969d9-c1d3-4eb1-95ff-66ceb8e625ab', '988969d9-c1d3-4eb1-95ff-66ceb8e625ab', 'ee49d179-9b35-4a2e-881d-03688a1c296d', '2e6b886e-6c4d-4bc1-80aa-f724e26f0aee', 'a6b99334-49b9-4f75-a88a-74448e27b07f', '54d70dba-3500-4a7a-a6f7-c5145d4a4db3', '7bc10940-d477-4d8d-8c13-308b30aed336', '2fb29355-26fe-462a-8e4f-df873bfbd3ef', '17531648-2362-4668-b7a3-8665d4cdadf3', '6f9523eb-64a7-47e6-a5c9-adb52e4aa6ef', '3aa15ede-9c7a-4cee-9429-f5cd8fa4798a', 'bc92d567-fe15-4080-8b16-f7554b8b6d68', '88c09e9c-83dd-4f0e-a9a5-57495b757adf', 'c9199a6d-c45d-4748-b3a5-b2fd39f663ee', '3f869334-7fba-4b82-8127-f2a74d6fecb5', '94bdf1cb-b2be-45f7-8b88-004405c487dc', '5198628b-1173-4a42-9c41-d06d14d23a89', '8f61b246-a6c2-4e02-8a97-d1ab1035a413', 'e35981c0-4181-4a57-9a42-57114f8a8a1a', 'd9777521-e3d9-4ac7-b667-2a533c687f15', '29443e3d-ac03-4148-9026-f139886bc115', 'c8c572ba-e75d-4678-8be1-a3b06ee63473']"
391cdd1f-429b-4dee-8edf-2e68c17f541b,13,"['988969d9-c1d3-4eb1-95ff-66ceb8e625ab', '988969d9-c1d3-4eb1-95ff-66ceb8e625ab', '988969d9-c1d3-4eb1-95ff-66ceb8e625ab', '988969d9-c1d3-4eb1-95ff-66ceb8e625ab', '988969d9-c1d3-4eb1-95ff-66ceb8e625ab', '988969d9-c1d3-4eb1-95ff-66ceb8e625ab', '988969d9-c1d3-4eb1-95ff-66ceb8e625ab', '988969d9-c1d3-4eb1-95ff-66ceb8e625ab', '988969d9-c1d3-4eb1-95ff-66ceb8e625ab', '988969d9-c1d3-4eb1-95ff-66ceb8e625ab', '988969d9-c1d3-4eb1-95ff-66ceb8e625ab', '988969d9-c1d3-4eb1-95ff-66ceb8e625ab', '988969d9-c1d3-4eb1-95ff-66ceb8e625ab', '988969d9-c1d3-4eb1-95ff-66ceb8e625ab', '988969d9-c1d3-4eb1-95ff-66ceb8e625ab', '988969d9-c1d3-4eb1-95ff-66ceb8e625ab', '988969d9-c1d3-4eb1-95ff-66ceb8e625ab', '988969d9-c1d3-4eb1-95ff-66ceb8e625ab', '988969d9-c1d3-4eb1-95ff-66ceb8e625ab', '988969d9-c1d3-4eb1-95ff-66ceb8e625ab', '988969d9-c1d3-4eb1-95ff-66ceb8e625ab', '988969d9-c1d3-4eb1-95ff-66ceb8e625ab', '988969d9-c1d3-4eb1-95ff-66ceb8e625ab', '988969d9-c1d3-4eb1-95ff-66ceb8e625ab', '988969d9-c1d3-4eb1-95ff-66ceb8e625ab', '988969d9-c1d3-4eb1-95ff-66ceb8e625ab', '988969d9-c1d3-4eb1-95ff-66ceb8e625ab', '988969d9-c1d3-4eb1-95ff-66ceb8e625ab', 'ee49d179-9b35-4a2e-881d-03688a1c296d', '2e6b886e-6c4d-4bc1-80aa-f724e26f0aee', '54d70dba-3500-4a7a-a6f7-c5145d4a4db3', '7bc10940-d477-4d8d-8c13-308b30aed336', '2fb29355-26fe-462a-8e4f-df873bfbd3ef', '17531648-2362-4668-b7a3-8665d4cdadf3', '6f9523eb-64a7-47e6-a5c9-adb52e4aa6ef', 'bc92d567-fe15-4080-8b16-f7554b8b6d68', '88c09e9c-83dd-4f0e-a9a5-57495b757adf', 'c9199a6d-c45d-4748-b3a5-b2fd39f663ee', '3f869334-7fba-4b82-8127-f2a74d6fecb5', '8f61b246-a6c2-4e02-8a97-d1ab1035a413', 'e35981c0-4181-4a57-9a42-57114f8a8a1a', 'd9777521-e3d9-4ac7-b667-2a533c687f15', '29443e3d-ac03-4148-9026-f139886bc115', 'c8c572ba-e75d-4678-8be1-a3b06ee63473', '5b779315-bdc8-4f68-9733-8664877811d1', '582bbdad-1612-422e-939d-5dd07d5e86a1', '0ad1cbea-d338-4876-af49-45f097e84a4c', 'ceab3186-8209-4900-b050-dd9ae7af91bc', '3eb4b410-a2aa-4844-8939-a5b10eb9eb22', 'f15c38ca-cab8-45e3-b7b4-08ab9d6dcbd7']"
391cdd1f-429b-4dee-8edf-2e68c17f541b,14,"['988969d9-c1d3-4eb1-95ff-66ceb8e625ab', '988969d9-c1d3-4eb1-95ff-66ceb8e625ab', '988969d9-c1d3-4eb1-95ff-66ceb8e625ab', '988969d9-c1d3-4eb1-95ff-66ceb8e625ab', '988969d9-c1d3-4eb1-95ff-66ceb8e625ab', '988969d9-c1d3-4eb1-95ff-66ceb8e625ab', '988969d9-c1d3-4eb1-95ff-66ceb8e625ab', '988969d9-c1d3-4eb1-95ff-66ceb8e625ab', '988969d9-c1d3-4eb1-95ff-66ceb8e625ab', '988969d9-c1d3-4eb1-95ff-66ceb8e625ab', '988969d9-c1d3-4eb1-95ff-66ceb8e625ab', '988969d9-c1d3-4eb1-95ff-66ceb8e625ab', '988969d9-c1d3-4eb1-95ff-66ceb8e625ab', '988969d9-c1d3-4eb1-95ff-66ceb8e625ab', '988969d9-c1d3-4eb1-95ff-66ceb8e625ab', '988969d9-c1d3-4eb1-95ff-66ceb8e625ab', '988969d9-c1d3-4eb1-95ff-66ceb8e625ab', '988969d9-c1d3-4eb1-95ff-66ceb8e625ab', '988969d9-c1d3-4eb1-95ff-66ceb8e625ab', '988969d9-c1d3-4eb1-95ff-66ceb8e625ab', '988969d9-c1d3-4eb1-95ff-66ceb8e625ab', '988969d9-c1d3-4eb1-95ff-66ceb8e625ab', 'ee49d179-9b35-4a2e-881d-03688a1c296d', '2e6b886e-6c4d-4bc1-80aa-f724e26f0aee', '54d70dba-3500-4a7a-a6f7-c5145d4a4db3', '7bc10940-d477-4d8d-8c13-308b30aed336', '17531648-2362-4668-b7a3-8665d4cdadf3', '6f9523eb-64a7-47e6-a5c9-adb52e4aa6ef', 'bc92d567-fe15-4080-8b16-f7554b8b6d68', '88c09e9c-83dd-4f0e-a9a5-57495b757adf', '3f869334-7fba-4b82-8127-f2a74d6fecb5', 'e35981c0-4181-4a57-9a42-57114f8a8a1a', 'd9777521-e3d9-4ac7-b667-2a533c687f15', '29443e3d-ac03-4148-9026-f139886bc115', 'c8c572ba-e75d-4678-8be1-a3b06ee63473', '5b779315-bdc8-4f68-9733-8664877811d1', '582bbdad-1612-422e-939d-5dd07d5e86a1', 'ceab3186-8209-4900-b050-dd9ae7af91bc', 'f15c38ca-cab8-45e3-b7b4-08ab9d6dcbd7', '102668c4-7c12-493c-94e2-0173f286ee26', 'ebe8fff1-d355-488d-ba8e-f474fdb34f68', '25afb961-51b5-4cbe-b476-3acc57cd769e', '01970816-efd8-4b68-bec3-1f433b241f2f', '0a56cd5c-d0a8-4b56-9034-f7d9b65abf06', 'a8a59bc2-d0d0-4926-abc3-59fb2eb744c3', '124b5920-3c93-426b-8bb2-814339144cc6', '6ac1b509-5697-489b-a1e6-0ac91130e369', '79d757e7-5c15-48b6-83eb-083332bda35a', '878e1888-cbb8-4a9d-b0fb-478abab9a236', '907ae091-df3b-4654-bb49-064e9d37503d']"
391cdd1f-429b-4dee-8edf-2e68c17f541b,15,"['988969d9-c1d3-4eb1-95ff-66ceb8e625ab', '988969d9-c1d3-4eb1-95ff-66ceb8e625ab', '988969d9-c1d3-4eb1-95ff-66ceb8e625ab', '988969d9-c1d3-4eb1-95ff-66ceb8e625ab', '988969d9-c1d3-4eb1-95ff-66ceb8e625ab', '988969d9-c1d3-4eb1-95ff-66ceb8e625ab', '988969d9-c1d3-4eb1-95ff-66ceb8e625ab', '988969d9-c1d3-4eb1-95ff-66ceb8e625ab', '988969d9-c1d3-4eb1-95ff-66ceb8e625ab', '988969d9-c1d3-4eb1-95ff-66ceb8e625ab', '988969d9-c1d3-4eb1-95ff-66ceb8e625ab', '988969d9-c1d3-4eb1-95ff-66ceb8e625ab', '988969d9-c1d3-4eb1-95ff-66ceb8e625ab', '988969d9-c1d3-4eb1-95ff-66ceb8e625ab', '988969d9-c1d3-4eb1-95ff-66ceb8e625ab', '988969d9-c1d3-4eb1-95ff-66ceb8e625ab', '988969d9-c1d3-4eb1-95ff-66ceb8e625ab', '988969d9-c1d3-4eb1-95ff-66ceb8e625ab', '988969d9-c1d3-4eb1-95ff-66ceb8e625ab', '988969d9-c1d3-4eb1-95ff-66ceb8e625ab', '988969d9-c1d3-4eb1-95ff-66ceb8e625ab', '988969d9-c1d3-4eb1-95ff-66ceb8e625ab', '988969d9-c1d3-4eb1-95ff-66ceb8e625ab', '988969d9-c1d3-4eb1-95ff-66ceb8e625ab', '988969d9-c1d3-4eb1-95ff-66ceb8e625ab', '988969d9-c1d3-4eb1-95ff-66ceb8e625ab', '988969d9-c1d3-4eb1-95ff-66ceb8e625ab', '988969d9-c1d3-4eb1-95ff-66ceb8e625ab', '988969d9-c1d3-4eb1-95ff-66ceb8e625ab', '988969d9-c1d3-4eb1-95ff-66ceb8e625ab', '988969d9-c1d3-4eb1-95ff-66ceb8e625ab', '988969d9-c1d3-4eb1-95ff-66ceb8e625ab', '988969d9-c1d3-4eb1-95ff-66ceb8e625ab', '988969d9-c1d3-4eb1-95ff-66ceb8e625ab', '988969d9-c1d3-4eb1-95ff-66ceb8e625ab', 'd6c31e20-83da-40f6-8ac0-23f93c84ee49', '8cc1d8c0-161c-4b08-bc96-022b96766ba8', 'bb569497-3913-4378-8c0f-9635a04f2619', 'aba1fba7-6825-4025-9150-28f88bbbbde5', '0461249e-5f43-4a1f-81c6-bc3238a81a26', '78927517-4db2-48f4-96da-a6cd71bdeaa2', '9ad6187d-0c78-459a-bd6a-20df1e9a240a', 'f42d900e-7883-4e1d-bf2d-46330ae16a13', '462d0e5a-124d-4700-bc82-70db70045c94', '9b820543-7bfb-47d4-9885-43d7a98580cb', 'b4bc76be-9dd1-411a-a54a-8384666debd8', '952959dd-18e5-40c9-b71e-948a98816e6e', '952c6e41-44f5-46ef-a779-5c988a0ee675', '6195dd11-5814-4bc4-9483-533521a022c3', '7c020e4e-ccd3-4d42-a8a1-710a9bb0dfe0']"
