run_id,itr,pool_members_uuids
c4db06b7-e05d-4dd5-92c7-f81a3a144652,0,"['31cc9cc9-62ca-43aa-b1ae-fbaf4377e567', '31cc9cc9-62ca-43aa-b1ae-fbaf4377e567', '31cc9cc9-62ca-43aa-b1ae-fbaf4377e567', '31cc9cc9-62ca-43aa-b1ae-fbaf4377e567', '31cc9cc9-62ca-43aa-b1ae-fbaf4377e567', '31cc9cc9-62ca-43aa-b1ae-fbaf4377e567', '31cc9cc9-62ca-43aa-b1ae-fbaf4377e567', '31cc9cc9-62ca-43aa-b1ae-fbaf4377e567', '31cc9cc9-62ca-43aa-b1ae-fbaf4377e567', '31cc9cc9-62ca-43aa-b1ae-fbaf4377e567', '31cc9cc9-62ca-43aa-b1ae-fbaf4377e567', '31cc9cc9-62ca-43aa-b1ae-fbaf4377e567', '31cc9cc9-62ca-43aa-b1ae-fbaf4377e567', '31cc9cc9-62ca-43aa-b1ae-fbaf4377e567', '31cc9cc9-62ca-43aa-b1ae-fbaf4377e567', '31cc9cc9-62ca-43aa-b1ae-fbaf4377e567', '31cc9cc9-62ca-43aa-b1ae-fbaf4377e567', '31cc9cc9-62ca-43aa-b1ae-fbaf4377e567', '31cc9cc9-62ca-43aa-b1ae-fbaf4377e567', '31cc9cc9-62ca-43aa-b1ae-fbaf4377e567', '31cc9cc9-62ca-43aa-b1ae-fbaf4377e567', '31cc9cc9-62ca-43aa-b1ae-fbaf4377e567', '31cc9cc9-62ca-43aa-b1ae-fbaf4377e567', '31cc9cc9-62ca-43aa-b1ae-fbaf4377e567', '31cc9cc9-62ca-43aa-b1ae-fbaf4377e567', '31cc9cc9-62ca-43aa-b1ae-fbaf4377e567', '31cc9cc9-62ca-43aa-b1ae-fbaf4377e567', '31cc9cc9-62ca-43aa-b1ae-fbaf4377e567', '31cc9cc9-62ca-43aa-b1ae-fbaf4377e567', '31cc9cc9-62ca-43aa-b1ae-fbaf4377e567', '31cc9cc9-62ca-43aa-b1ae-fbaf4377e567', '31cc9cc9-62ca-43aa-b1ae-fbaf4377e567', '31cc9cc9-62ca-43aa-b1ae-fbaf4377e567', '31cc9cc9-62ca-43aa-b1ae-fbaf4377e567', '31cc9cc9-62ca-43aa-b1ae-fbaf4377e567', '31cc9cc9-62ca-43aa-b1ae-fbaf4377e567', '31cc9cc9-62ca-43aa-b1ae-fbaf4377e567', '31cc9cc9-62ca-43aa-b1ae-fbaf4377e567', '31cc9cc9-62ca-43aa-b1ae-fbaf4377e567', '31cc9cc9-62ca-43aa-b1ae-fbaf4377e567', '31cc9cc9-62ca-43aa-b1ae-fbaf4377e567', '31cc9cc9-62ca-43aa-b1ae-fbaf4377e567', '31cc9cc9-62ca-43aa-b1ae-fbaf4377e567', '31cc9cc9-62ca-43aa-b1ae-fbaf4377e567', '31cc9cc9-62ca-43aa-b1ae-fbaf4377e567', '31cc9cc9-62ca-43aa-b1ae-fbaf4377e567', '31cc9cc9-62ca-43aa-b1ae-fbaf4377e567', '31cc9cc9-62ca-43aa-b1ae-fbaf4377e567', '31cc9cc9-62ca-43aa-b1ae-fbaf4377e567', '31cc9cc9-62ca-43aa-b1ae-fbaf4377e567']"
36606a70-0cd2-4746-8ce7-2ffb9a03af35,0,"['f2bd9f28-7934-4b46-871b-5bf8faec3b2f', 'f2bd9f28-7934-4b46-871b-5bf8faec3b2f', 'f2bd9f28-7934-4b46-871b-5bf8faec3b2f', 'f2bd9f28-7934-4b46-871b-5bf8faec3b2f', 'f2bd9f28-7934-4b46-871b-5bf8faec3b2f', 'f2bd9f28-7934-4b46-871b-5bf8faec3b2f', 'f2bd9f28-7934-4b46-871b-5bf8faec3b2f', 'f2bd9f28-7934-4b46-871b-5bf8faec3b2f', 'f2bd9f28-7934-4b46-871b-5bf8faec3b2f', 'f2bd9f28-7934-4b46-871b-5bf8faec3b2f', 'f2bd9f28-7934-4b46-871b-5bf8faec3b2f', 'f2bd9f28-7934-4b46-871b-5bf8faec3b2f', 'f2bd9f28-7934-4b46-871b-5bf8faec3b2f', 'f2bd9f28-7934-4b46-871b-5bf8faec3b2f', 'f2bd9f28-7934-4b46-871b-5bf8faec3b2f', 'f2bd9f28-7934-4b46-871b-5bf8faec3b2f', 'f2bd9f28-7934-4b46-871b-5bf8faec3b2f', 'f2bd9f28-7934-4b46-871b-5bf8faec3b2f', 'f2bd9f28-7934-4b46-871b-5bf8faec3b2f', 'f2bd9f28-7934-4b46-871b-5bf8faec3b2f', 'f2bd9f28-7934-4b46-871b-5bf8faec3b2f', 'f2bd9f28-7934-4b46-871b-5bf8faec3b2f', 'f2bd9f28-7934-4b46-871b-5bf8faec3b2f', 'f2bd9f28-7934-4b46-871b-5bf8faec3b2f', 'f2bd9f28-7934-4b46-871b-5bf8faec3b2f', 'f2bd9f28-7934-4b46-871b-5bf8faec3b2f', 'f2bd9f28-7934-4b46-871b-5bf8faec3b2f', 'f2bd9f28-7934-4b46-871b-5bf8faec3b2f', 'f2bd9f28-7934-4b46-871b-5bf8faec3b2f', 'f2bd9f28-7934-4b46-871b-5bf8faec3b2f', 'f2bd9f28-7934-4b46-871b-5bf8faec3b2f', 'f2bd9f28-7934-4b46-871b-5bf8faec3b2f', 'f2bd9f28-7934-4b46-871b-5bf8faec3b2f', 'f2bd9f28-7934-4b46-871b-5bf8faec3b2f', 'f2bd9f28-7934-4b46-871b-5bf8faec3b2f', 'f2bd9f28-7934-4b46-871b-5bf8faec3b2f', 'f2bd9f28-7934-4b46-871b-5bf8faec3b2f', 'f2bd9f28-7934-4b46-871b-5bf8faec3b2f', 'f2bd9f28-7934-4b46-871b-5bf8faec3b2f', 'f2bd9f28-7934-4b46-871b-5bf8faec3b2f', 'f2bd9f28-7934-4b46-871b-5bf8faec3b2f', 'f2bd9f28-7934-4b46-871b-5bf8faec3b2f', 'f2bd9f28-7934-4b46-871b-5bf8faec3b2f', 'f2bd9f28-7934-4b46-871b-5bf8faec3b2f', 'f2bd9f28-7934-4b46-871b-5bf8faec3b2f', 'f2bd9f28-7934-4b46-871b-5bf8faec3b2f', 'f2bd9f28-7934-4b46-871b-5bf8faec3b2f', 'f2bd9f28-7934-4b46-871b-5bf8faec3b2f', 'f2bd9f28-7934-4b46-871b-5bf8faec3b2f', 'f2bd9f28-7934-4b46-871b-5bf8faec3b2f']"
c4db06b7-e05d-4dd5-92c7-f81a3a144652,1,"['31cc9cc9-62ca-43aa-b1ae-fbaf4377e567', '31cc9cc9-62ca-43aa-b1ae-fbaf4377e567', '31cc9cc9-62ca-43aa-b1ae-fbaf4377e567', '31cc9cc9-62ca-43aa-b1ae-fbaf4377e567', '31cc9cc9-62ca-43aa-b1ae-fbaf4377e567', '31cc9cc9-62ca-43aa-b1ae-fbaf4377e567', '31cc9cc9-62ca-43aa-b1ae-fbaf4377e567', '31cc9cc9-62ca-43aa-b1ae-fbaf4377e567', '31cc9cc9-62ca-43aa-b1ae-fbaf4377e567', '31cc9cc9-62ca-43aa-b1ae-fbaf4377e567', '31cc9cc9-62ca-43aa-b1ae-fbaf4377e567', '31cc9cc9-62ca-43aa-b1ae-fbaf4377e567', '31cc9cc9-62ca-43aa-b1ae-fbaf4377e567', '31cc9cc9-62ca-43aa-b1ae-fbaf4377e567', '31cc9cc9-62ca-43aa-b1ae-fbaf4377e567', '31cc9cc9-62ca-43aa-b1ae-fbaf4377e567', '31cc9cc9-62ca-43aa-b1ae-fbaf4377e567', '31cc9cc9-62ca-43aa-b1ae-fbaf4377e567', '31cc9cc9-62ca-43aa-b1ae-fbaf4377e567', '31cc9cc9-62ca-43aa-b1ae-fbaf4377e567', '31cc9cc9-62ca-43aa-b1ae-fbaf4377e567', '31cc9cc9-62ca-43aa-b1ae-fbaf4377e567', '31cc9cc9-62ca-43aa-b1ae-fbaf4377e567', '31cc9cc9-62ca-43aa-b1ae-fbaf4377e567', '31cc9cc9-62ca-43aa-b1ae-fbaf4377e567', '31cc9cc9-62ca-43aa-b1ae-fbaf4377e567', '31cc9cc9-62ca-43aa-b1ae-fbaf4377e567', '31cc9cc9-62ca-43aa-b1ae-fbaf4377e567', '31cc9cc9-62ca-43aa-b1ae-fbaf4377e567', '31cc9cc9-62ca-43aa-b1ae-fbaf4377e567', '31cc9cc9-62ca-43aa-b1ae-fbaf4377e567', '31cc9cc9-62ca-43aa-b1ae-fbaf4377e567', '31cc9cc9-62ca-43aa-b1ae-fbaf4377e567', '31cc9cc9-62ca-43aa-b1ae-fbaf4377e567', '31cc9cc9-62ca-43aa-b1ae-fbaf4377e567', '31cc9cc9-62ca-43aa-b1ae-fbaf4377e567', '31cc9cc9-62ca-43aa-b1ae-fbaf4377e567', '31cc9cc9-62ca-43aa-b1ae-fbaf4377e567', '31cc9cc9-62ca-43aa-b1ae-fbaf4377e567', '6b068188-1418-4512-9e97-36a5c4c0d264', '965a4e33-8fa5-469f-93a6-e251a398541d', '1b174246-7343-4bdd-8cda-75140e33b353', '2e6e6355-0052-4a41-b78d-529c2c95b4d3', 'bafb3792-32f7-4f65-9871-08ca90e832c9', '6df8ee66-3bb2-45a9-b423-29431d5ea9f5', '6fae1e5b-7015-4b94-a7d6-98f4ace2a0f9', '74e895fb-c987-421f-835a-5e01f6cf87dd', '39ef3080-5e45-4519-ab3c-69a5292871bf', 'cbd9edff-6f73-4294-9e8d-1157f4e57f2c', '3f6b0c0d-54f2-4d12-b659-9ae1e174593a']"
c4db06b7-e05d-4dd5-92c7-f81a3a144652,2,"['31cc9cc9-62ca-43aa-b1ae-fbaf4377e567', '31cc9cc9-62ca-43aa-b1ae-fbaf4377e567', '31cc9cc9-62ca-43aa-b1ae-fbaf4377e567', '31cc9cc9-62ca-43aa-b1ae-fbaf4377e567', '31cc9cc9-62ca-43aa-b1ae-fbaf4377e567', '31cc9cc9-62ca-43aa-b1ae-fbaf4377e567', '31cc9cc9-62ca-43aa-b1ae-fbaf4377e567', '31cc9cc9-62ca-43aa-b1ae-fbaf4377e567', '31cc9cc9-62ca-43aa-b1ae-fbaf4377e567', '31cc9cc9-62ca-43aa-b1ae-fbaf4377e567', '31cc9cc9-62ca-43aa-b1ae-fbaf4377e567', '31cc9cc9-62ca-43aa-b1ae-fbaf4377e567', '31cc9cc9-62ca-43aa-b1ae-fbaf4377e567', '31cc9cc9-62ca-43aa-b1ae-fbaf4377e567', '31cc9cc9-62ca-43aa-b1ae-fbaf4377e567', '31cc9cc9-62ca-43aa-b1ae-fbaf4377e567', '31cc9cc9-62ca-43aa-b1ae-fbaf4377e567', '31cc9cc9-62ca-43aa-b1ae-fbaf4377e567', '31cc9cc9-62ca-43aa-b1ae-fbaf4377e567', '31cc9cc9-62ca-43aa-b1ae-fbaf4377e567', '31cc9cc9-62ca-43aa-b1ae-fbaf4377e567', '31cc9cc9-62ca-43aa-b1ae-fbaf4377e567', '31cc9cc9-62ca-43aa-b1ae-fbaf4377e567', '31cc9cc9-62ca-43aa-b1ae-fbaf4377e567', '31cc9cc9-62ca-43aa-b1ae-fbaf4377e567', '1b174246-7343-4bdd-8cda-75140e33b353', '1b174246-7343-4bdd-8cda-75140e33b353', '1b174246-7343-4bdd-8cda-75140e33b353', '1b174246-7343-4bdd-8cda-75140e33b353', '1b174246-7343-4bdd-8cda-75140e33b353', '1b174246-7343-4bdd-8cda-75140e33b353', '1b174246-7343-4bdd-8cda-75140e33b353', '1b174246-7343-4bdd-8cda-75140e33b353', '1b174246-7343-4bdd-8cda-75140e33b353', '1b174246-7343-4bdd-8cda-75140e33b353', '1b174246-7343-4bdd-8cda-75140e33b353', '1b174246-7343-4bdd-8cda-75140e33b353', '1b174246-7343-4bdd-8cda-75140e33b353', '1b174246-7343-4bdd-8cda-75140e33b353', '1b174246-7343-4bdd-8cda-75140e33b353', '8b1dd4a1-421f-40f9-9b0f-bda2b761138b', '2c38bbf1-9ded-4f01-9b6d-f5f22b753686', '96b816cb-e233-4781-8ecb-2d626044223e', 'f7782ad5-2994-4ca0-9a0b-cd15949a03ca', '90d51b30-fde6-4d7c-b9f9-41e739cc3dc4', '4d8d5c9b-baab-4041-adda-4d72003d5b34', '39812411-70d0-4498-ae43-62f053b9aff3', '44269cbf-df7e-43e9-9101-a7971787ea50', '8eb64023-0141-4447-9f48-da9059d0dc9f', '70f048dc-0b5f-40cb-833d-695bfb16e7eb']"
36606a70-0cd2-4746-8ce7-2ffb9a03af35,1,"['f2bd9f28-7934-4b46-871b-5bf8faec3b2f', 'f2bd9f28-7934-4b46-871b-5bf8faec3b2f', 'f2bd9f28-7934-4b46-871b-5bf8faec3b2f', 'f2bd9f28-7934-4b46-871b-5bf8faec3b2f', 'f2bd9f28-7934-4b46-871b-5bf8faec3b2f', 'f2bd9f28-7934-4b46-871b-5bf8faec3b2f', 'f2bd9f28-7934-4b46-871b-5bf8faec3b2f', 'f2bd9f28-7934-4b46-871b-5bf8faec3b2f', 'f2bd9f28-7934-4b46-871b-5bf8faec3b2f', 'f2bd9f28-7934-4b46-871b-5bf8faec3b2f', 'f2bd9f28-7934-4b46-871b-5bf8faec3b2f', 'f2bd9f28-7934-4b46-871b-5bf8faec3b2f', 'f2bd9f28-7934-4b46-871b-5bf8faec3b2f', 'f2bd9f28-7934-4b46-871b-5bf8faec3b2f', 'f2bd9f28-7934-4b46-871b-5bf8faec3b2f', 'f2bd9f28-7934-4b46-871b-5bf8faec3b2f', 'f2bd9f28-7934-4b46-871b-5bf8faec3b2f', 'f2bd9f28-7934-4b46-871b-5bf8faec3b2f', 'f2bd9f28-7934-4b46-871b-5bf8faec3b2f', 'f2bd9f28-7934-4b46-871b-5bf8faec3b2f', 'f2bd9f28-7934-4b46-871b-5bf8faec3b2f', 'f2bd9f28-7934-4b46-871b-5bf8faec3b2f', 'f2bd9f28-7934-4b46-871b-5bf8faec3b2f', 'f2bd9f28-7934-4b46-871b-5bf8faec3b2f', 'f2bd9f28-7934-4b46-871b-5bf8faec3b2f', 'f2bd9f28-7934-4b46-871b-5bf8faec3b2f', 'f2bd9f28-7934-4b46-871b-5bf8faec3b2f', 'f2bd9f28-7934-4b46-871b-5bf8faec3b2f', 'f2bd9f28-7934-4b46-871b-5bf8faec3b2f', 'f2bd9f28-7934-4b46-871b-5bf8faec3b2f', 'f2bd9f28-7934-4b46-871b-5bf8faec3b2f', 'f2bd9f28-7934-4b46-871b-5bf8faec3b2f', 'f2bd9f28-7934-4b46-871b-5bf8faec3b2f', 'f2bd9f28-7934-4b46-871b-5bf8faec3b2f', '148e5d31-9baa-4363-bfc7-9cf9d83fd0b1', '6cd434f9-9686-4ee9-b37f-506092e3aa02', 'fed4c358-98fa-4769-b6cf-e24620f76043', '4fe67fb6-a39d-4b9d-8a18-bbea9f269ab1', '924733e4-d12a-4509-b557-ce5233c02daa', '71da6390-ca1e-49fb-b45b-e0d59c051486', '5d83a88f-626e-47ce-bb18-17c343e4166b', 'f336f5f3-20e1-49f4-aab5-f97421522a5f', 'f0cd3f13-8134-4b4a-8086-04de31248a2e', '1f1cdaad-7ca2-44ad-8625-05058e1a8363', '61c63e45-28e2-498f-8ad6-645d6696c8ef', '0eda8217-4685-4e20-8746-83d40f2972bd', 'a607b329-cb61-4175-a481-9c2a404a94dc', '5b74c3d3-1929-44fb-9de6-32d3619da63d', 'a384a967-25f1-420b-9be4-e07b8ca87f26', '033a25de-c93b-4c3b-9493-f13d40f54d0b']"
c4db06b7-e05d-4dd5-92c7-f81a3a144652,3,"['31cc9cc9-62ca-43aa-b1ae-fbaf4377e567', '1b174246-7343-4bdd-8cda-75140e33b353', '1b174246-7343-4bdd-8cda-75140e33b353', '1b174246-7343-4bdd-8cda-75140e33b353', '1b174246-7343-4bdd-8cda-75140e33b353', '1b174246-7343-4bdd-8cda-75140e33b353', '1b174246-7343-4bdd-8cda-75140e33b353', '1b174246-7343-4bdd-8cda-75140e33b353', '1b174246-7343-4bdd-8cda-75140e33b353', '1b174246-7343-4bdd-8cda-75140e33b353', '2c38bbf1-9ded-4f01-9b6d-f5f22b753686', '2c38bbf1-9ded-4f01-9b6d-f5f22b753686', '2c38bbf1-9ded-4f01-9b6d-f5f22b753686', '2c38bbf1-9ded-4f01-9b6d-f5f22b753686', '2c38bbf1-9ded-4f01-9b6d-f5f22b753686', '8eb64023-0141-4447-9f48-da9059d0dc9f', '8eb64023-0141-4447-9f48-da9059d0dc9f', '8eb64023-0141-4447-9f48-da9059d0dc9f', '8eb64023-0141-4447-9f48-da9059d0dc9f', '8eb64023-0141-4447-9f48-da9059d0dc9f', '8eb64023-0141-4447-9f48-da9059d0dc9f', '8eb64023-0141-4447-9f48-da9059d0dc9f', '8eb64023-0141-4447-9f48-da9059d0dc9f', '8eb64023-0141-4447-9f48-da9059d0dc9f', '8eb64023-0141-4447-9f48-da9059d0dc9f', '8eb64023-0141-4447-9f48-da9059d0dc9f', '8eb64023-0141-4447-9f48-da9059d0dc9f', '8eb64023-0141-4447-9f48-da9059d0dc9f', '8eb64023-0141-4447-9f48-da9059d0dc9f', '8eb64023-0141-4447-9f48-da9059d0dc9f', '8eb64023-0141-4447-9f48-da9059d0dc9f', '8eb64023-0141-4447-9f48-da9059d0dc9f', '8eb64023-0141-4447-9f48-da9059d0dc9f', '8eb64023-0141-4447-9f48-da9059d0dc9f', '8eb64023-0141-4447-9f48-da9059d0dc9f', '8eb64023-0141-4447-9f48-da9059d0dc9f', '8eb64023-0141-4447-9f48-da9059d0dc9f', '70f048dc-0b5f-40cb-833d-695bfb16e7eb', '70f048dc-0b5f-40cb-833d-695bfb16e7eb', '70f048dc-0b5f-40cb-833d-695bfb16e7eb', '70f048dc-0b5f-40cb-833d-695bfb16e7eb', 'a2251462-a713-4a96-9b19-654c6aa1c767', '9445f07b-6109-477f-99bd-e366d84f4064', '3b54f594-6647-44df-ab96-4a3accee17cd', '05e89739-96f3-4f92-b2c0-8840e26a8889', '79b4acd4-94d3-4bf0-bfaf-7fd158ddcd99', 'e59017de-703d-4fd9-bded-87d0814bd0f2', 'd0389230-2b75-4fa5-a4ce-f16b8add7caa', 'd580c7ae-0d05-4594-a671-63238db7440f', '49793a0b-ba31-4e6c-a8dd-485d2775d57c']"
36606a70-0cd2-4746-8ce7-2ffb9a03af35,2,"['f2bd9f28-7934-4b46-871b-5bf8faec3b2f', 'f2bd9f28-7934-4b46-871b-5bf8faec3b2f', 'fed4c358-98fa-4769-b6cf-e24620f76043', 'fed4c358-98fa-4769-b6cf-e24620f76043', 'fed4c358-98fa-4769-b6cf-e24620f76043', 'fed4c358-98fa-4769-b6cf-e24620f76043', 'fed4c358-98fa-4769-b6cf-e24620f76043', 'fed4c358-98fa-4769-b6cf-e24620f76043', 'fed4c358-98fa-4769-b6cf-e24620f76043', 'fed4c358-98fa-4769-b6cf-e24620f76043', 'fed4c358-98fa-4769-b6cf-e24620f76043', 'fed4c358-98fa-4769-b6cf-e24620f76043', 'fed4c358-98fa-4769-b6cf-e24620f76043', 'fed4c358-98fa-4769-b6cf-e24620f76043', 'fed4c358-98fa-4769-b6cf-e24620f76043', 'fed4c358-98fa-4769-b6cf-e24620f76043', 'fed4c358-98fa-4769-b6cf-e24620f76043', 'fed4c358-98fa-4769-b6cf-e24620f76043', 'fed4c358-98fa-4769-b6cf-e24620f76043', 'fed4c358-98fa-4769-b6cf-e24620f76043', 'fed4c358-98fa-4769-b6cf-e24620f76043', 'fed4c358-98fa-4769-b6cf-e24620f76043', 'fed4c358-98fa-4769-b6cf-e24620f76043', 'fed4c358-98fa-4769-b6cf-e24620f76043', 'fed4c358-98fa-4769-b6cf-e24620f76043', 'fed4c358-98fa-4769-b6cf-e24620f76043', 'fed4c358-98fa-4769-b6cf-e24620f76043', 'f0cd3f13-8134-4b4a-8086-04de31248a2e', 'f0cd3f13-8134-4b4a-8086-04de31248a2e', 'f0cd3f13-8134-4b4a-8086-04de31248a2e', 'f0cd3f13-8134-4b4a-8086-04de31248a2e', 'f0cd3f13-8134-4b4a-8086-04de31248a2e', 'f0cd3f13-8134-4b4a-8086-04de31248a2e', 'f0cd3f13-8134-4b4a-8086-04de31248a2e', 'f0cd3f13-8134-4b4a-8086-04de31248a2e', 'f0cd3f13-8134-4b4a-8086-04de31248a2e', 'f0cd3f13-8134-4b4a-8086-04de31248a2e', 'f0cd3f13-8134-4b4a-8086-04de31248a2e', 'f0cd3f13-8134-4b4a-8086-04de31248a2e', 'f0cd3f13-8134-4b4a-8086-04de31248a2e', 'f0cd3f13-8134-4b4a-8086-04de31248a2e', '1f1cdaad-7ca2-44ad-8625-05058e1a8363', '61c63e45-28e2-498f-8ad6-645d6696c8ef', '69404a2a-3817-42e8-a413-7ea099e7a744', '564c80c3-9883-4aea-836e-9eef7c72bd60', 'e99d2308-fdfe-4874-81cb-a2c263153116', '7a0decbd-a215-4b44-865e-42329ab89f3a', 'f12caef8-98b4-430b-a634-683f8041e201', 'ad3c03df-9761-4ce1-8ac5-4d2e335a6f94', 'd4e28b1f-0139-4c3d-9353-aa6f0105c68b']"
c4db06b7-e05d-4dd5-92c7-f81a3a144652,4,"['31cc9cc9-62ca-43aa-b1ae-fbaf4377e567', '1b174246-7343-4bdd-8cda-75140e33b353', '1b174246-7343-4bdd-8cda-75140e33b353', '1b174246-7343-4bdd-8cda-75140e33b353', '1b174246-7343-4bdd-8cda-75140e33b353', '1b174246-7343-4bdd-8cda-75140e33b353', '1b174246-7343-4bdd-8cda-75140e33b353', '1b174246-7343-4bdd-8cda-75140e33b353', '2c38bbf1-9ded-4f01-9b6d-f5f22b753686', '2c38bbf1-9ded-4f01-9b6d-f5f22b753686', '2c38bbf1-9ded-4f01-9b6d-f5f22b753686', '2c38bbf1-9ded-4f01-9b6d-f5f22b753686', '2c38bbf1-9ded-4f01-9b6d-f5f22b753686', '8eb64023-0141-4447-9f48-da9059d0dc9f', '8eb64023-0141-4447-9f48-da9059d0dc9f', '8eb64023-0141-4447-9f48-da9059d0dc9f', '8eb64023-0141-4447-9f48-da9059d0dc9f', '8eb64023-0141-4447-9f48-da9059d0dc9f', '8eb64023-0141-4447-9f48-da9059d0dc9f', '8eb64023-0141-4447-9f48-da9059d0dc9f', '8eb64023-0141-4447-9f48-da9059d0dc9f', '8eb64023-0141-4447-9f48-da9059d0dc9f', '8eb64023-0141-4447-9f48-da9059d0dc9f', '8eb64023-0141-4447-9f48-da9059d0dc9f', '8eb64023-0141-4447-9f48-da9059d0dc9f', '8eb64023-0141-4447-9f48-da9059d0dc9f', '8eb64023-0141-4447-9f48-da9059d0dc9f', '8eb64023-0141-4447-9f48-da9059d0dc9f', '8eb64023-0141-4447-9f48-da9059d0dc9f', '8eb64023-0141-4447-9f48-da9059d0dc9f', '8eb64023-0141-4447-9f48-da9059d0dc9f', '8eb64023-0141-4447-9f48-da9059d0dc9f', '70f048dc-0b5f-40cb-833d-695bfb16e7eb', '70f048dc-0b5f-40cb-833d-695bfb16e7eb', '70f048dc-0b5f-40cb-833d-695bfb16e7eb', 'a2251462-a713-4a96-9b19-654c6aa1c767', '3b54f594-6647-44df-ab96-4a3accee17cd', '05e89739-96f3-4f92-b2c0-8840e26a8889', '79b4acd4-94d3-4bf0-bfaf-7fd158ddcd99', 'e59017de-703d-4fd9-bded-87d0814bd0f2', 'd0389230-2b75-4fa5-a4ce-f16b8add7caa', '49793a0b-ba31-4e6c-a8dd-485d2775d57c', 'edf73fcd-7526-4448-b843-37ed4022c673', 'a1615d9a-2e3e-4c76-8684-1a2bc38f8b42', '9ebe5c43-7f36-43a6-8ae5-9c1767b75306', '8d9ebecb-3bfb-455a-b3ff-3bb41980a5f0', 'a35648fb-7648-4580-baa4-93e0690dfb37', 'b6af66d5-6363-43ca-865a-5ae76b19c4b0', '6e031f67-e527-4e95-b43e-62d0817e3ec5', '8cbe0111-b18e-4048-801f-2c537f3e368e']"
36606a70-0cd2-4746-8ce7-2ffb9a03af35,3,"['f2bd9f28-7934-4b46-871b-5bf8faec3b2f', 'f2bd9f28-7934-4b46-871b-5bf8faec3b2f', 'fed4c358-98fa-4769-b6cf-e24620f76043', 'fed4c358-98fa-4769-b6cf-e24620f76043', 'fed4c358-98fa-4769-b6cf-e24620f76043', 'fed4c358-98fa-4769-b6cf-e24620f76043', 'fed4c358-98fa-4769-b6cf-e24620f76043', 'fed4c358-98fa-4769-b6cf-e24620f76043', 'fed4c358-98fa-4769-b6cf-e24620f76043', 'fed4c358-98fa-4769-b6cf-e24620f76043', 'fed4c358-98fa-4769-b6cf-e24620f76043', 'fed4c358-98fa-4769-b6cf-e24620f76043', 'fed4c358-98fa-4769-b6cf-e24620f76043', 'fed4c358-98fa-4769-b6cf-e24620f76043', 'fed4c358-98fa-4769-b6cf-e24620f76043', 'fed4c358-98fa-4769-b6cf-e24620f76043', 'fed4c358-98fa-4769-b6cf-e24620f76043', 'fed4c358-98fa-4769-b6cf-e24620f76043', 'fed4c358-98fa-4769-b6cf-e24620f76043', 'fed4c358-98fa-4769-b6cf-e24620f76043', 'fed4c358-98fa-4769-b6cf-e24620f76043', 'fed4c358-98fa-4769-b6cf-e24620f76043', 'f0cd3f13-8134-4b4a-8086-04de31248a2e', 'f0cd3f13-8134-4b4a-8086-04de31248a2e', 'f0cd3f13-8134-4b4a-8086-04de31248a2e', 'f0cd3f13-8134-4b4a-8086-04de31248a2e', 'f0cd3f13-8134-4b4a-8086-04de31248a2e', 'f0cd3f13-8134-4b4a-8086-04de31248a2e', 'f0cd3f13-8134-4b4a-8086-04de31248a2e', 'f0cd3f13-8134-4b4a-8086-04de31248a2e', 'f0cd3f13-8134-4b4a-8086-04de31248a2e', 'f0cd3f13-8134-4b4a-8086-04de31248a2e', 'f0cd3f13-8134-4b4a-8086-04de31248a2e', 'f0cd3f13-8134-4b4a-8086-04de31248a2e', 'f0cd3f13-8134-4b4a-8086-04de31248a2e', 'f0cd3f13-8134-4b4a-8086-04de31248a2e', '1f1cdaad-7ca2-44ad-8625-05058e1a8363', '61c63e45-28e2-498f-8ad6-645d6696c8ef', '69404a2a-3817-42e8-a413-7ea099e7a744', '564c80c3-9883-4aea-836e-9eef7c72bd60', 'f12caef8-98b4-430b-a634-683f8041e201', 'ad3c03df-9761-4ce1-8ac5-4d2e335a6f94', 'd4e28b1f-0139-4c3d-9353-aa6f0105c68b', '48a22672-c3d1-4b56-b3e4-be246e80b36e', '6d560bf7-c15d-4f6f-897f-8629165f4fd2', 'd76bfe70-9fc2-4dc6-bfa9-341328511ed9', '74b58fba-5563-4efe-906b-ac44b9bde0de', 'a8915798-9b95-44a8-bdbe-ea088b23ce01', '7ee6da44-8a5c-4d1a-b900-6f46cd0d8fe2', 'b1f7c4d0-e59c-4572-b4b4-fc20ce6e7da7']"
36606a70-0cd2-4746-8ce7-2ffb9a03af35,4,"['f2bd9f28-7934-4b46-871b-5bf8faec3b2f', 'f2bd9f28-7934-4b46-871b-5bf8faec3b2f', 'fed4c358-98fa-4769-b6cf-e24620f76043', 'fed4c358-98fa-4769-b6cf-e24620f76043', 'fed4c358-98fa-4769-b6cf-e24620f76043', 'fed4c358-98fa-4769-b6cf-e24620f76043', 'fed4c358-98fa-4769-b6cf-e24620f76043', 'fed4c358-98fa-4769-b6cf-e24620f76043', 'fed4c358-98fa-4769-b6cf-e24620f76043', 'fed4c358-98fa-4769-b6cf-e24620f76043', 'fed4c358-98fa-4769-b6cf-e24620f76043', 'fed4c358-98fa-4769-b6cf-e24620f76043', 'fed4c358-98fa-4769-b6cf-e24620f76043', 'fed4c358-98fa-4769-b6cf-e24620f76043', 'fed4c358-98fa-4769-b6cf-e24620f76043', 'fed4c358-98fa-4769-b6cf-e24620f76043', 'f0cd3f13-8134-4b4a-8086-04de31248a2e', 'f0cd3f13-8134-4b4a-8086-04de31248a2e', 'f0cd3f13-8134-4b4a-8086-04de31248a2e', 'f0cd3f13-8134-4b4a-8086-04de31248a2e', 'f0cd3f13-8134-4b4a-8086-04de31248a2e', 'f0cd3f13-8134-4b4a-8086-04de31248a2e', 'f0cd3f13-8134-4b4a-8086-04de31248a2e', 'f0cd3f13-8134-4b4a-8086-04de31248a2e', 'f0cd3f13-8134-4b4a-8086-04de31248a2e', 'f0cd3f13-8134-4b4a-8086-04de31248a2e', 'f0cd3f13-8134-4b4a-8086-04de31248a2e', '1f1cdaad-7ca2-44ad-8625-05058e1a8363', '61c63e45-28e2-498f-8ad6-645d6696c8ef', '69404a2a-3817-42e8-a413-7ea099e7a744', '564c80c3-9883-4aea-836e-9eef7c72bd60', 'f12caef8-98b4-430b-a634-683f8041e201', 'ad3c03df-9761-4ce1-8ac5-4d2e335a6f94', 'd4e28b1f-0139-4c3d-9353-aa6f0105c68b', '48a22672-c3d1-4b56-b3e4-be246e80b36e', '6d560bf7-c15d-4f6f-897f-8629165f4fd2', 'd76bfe70-9fc2-4dc6-bfa9-341328511ed9', '74b58fba-5563-4efe-906b-ac44b9bde0de', 'a8915798-9b95-44a8-bdbe-ea088b23ce01', '7ee6da44-8a5c-4d1a-b900-6f46cd0d8fe2', 'b1f7c4d0-e59c-4572-b4b4-fc20ce6e7da7', 'f91b5ea4-5fe8-4977-97d2-fc52d12f704a', 'dc4b760a-7eaf-48fc-9191-6d0ca2f42ce5', '41198c31-901d-4f9d-8c37-74b464a0e1c5', '7706446f-6c02-4a2a-82da-ef656a7edd42', '3b718052-233a-4e96-a31f-29374a1cc64f', 'a6ab517c-ff00-4dc0-bb84-218fcecb453e', '274786be-9118-4134-9c6f-e185264ee49a', 'f7331f9e-afed-4142-8988-8bd44548d9cf', '3db8ad85-eee2-4662-af04-978335e19db7']"
c4db06b7-e05d-4dd5-92c7-f81a3a144652,5,"['2c38bbf1-9ded-4f01-9b6d-f5f22b753686', '2c38bbf1-9ded-4f01-9b6d-f5f22b753686', '8eb64023-0141-4447-9f48-da9059d0dc9f', '8eb64023-0141-4447-9f48-da9059d0dc9f', '8eb64023-0141-4447-9f48-da9059d0dc9f', '8eb64023-0141-4447-9f48-da9059d0dc9f', '8eb64023-0141-4447-9f48-da9059d0dc9f', '8eb64023-0141-4447-9f48-da9059d0dc9f', '8eb64023-0141-4447-9f48-da9059d0dc9f', '8eb64023-0141-4447-9f48-da9059d0dc9f', '8eb64023-0141-4447-9f48-da9059d0dc9f', '8eb64023-0141-4447-9f48-da9059d0dc9f', '8eb64023-0141-4447-9f48-da9059d0dc9f', '8eb64023-0141-4447-9f48-da9059d0dc9f', '8eb64023-0141-4447-9f48-da9059d0dc9f', '8eb64023-0141-4447-9f48-da9059d0dc9f', '8eb64023-0141-4447-9f48-da9059d0dc9f', '8eb64023-0141-4447-9f48-da9059d0dc9f', '8eb64023-0141-4447-9f48-da9059d0dc9f', '8eb64023-0141-4447-9f48-da9059d0dc9f', '8eb64023-0141-4447-9f48-da9059d0dc9f', '8eb64023-0141-4447-9f48-da9059d0dc9f', '8eb64023-0141-4447-9f48-da9059d0dc9f', '8eb64023-0141-4447-9f48-da9059d0dc9f', '8eb64023-0141-4447-9f48-da9059d0dc9f', '8eb64023-0141-4447-9f48-da9059d0dc9f', 'a35648fb-7648-4580-baa4-93e0690dfb37', 'a35648fb-7648-4580-baa4-93e0690dfb37', 'a35648fb-7648-4580-baa4-93e0690dfb37', 'a35648fb-7648-4580-baa4-93e0690dfb37', 'a35648fb-7648-4580-baa4-93e0690dfb37', 'a35648fb-7648-4580-baa4-93e0690dfb37', 'a35648fb-7648-4580-baa4-93e0690dfb37', 'a35648fb-7648-4580-baa4-93e0690dfb37', 'a35648fb-7648-4580-baa4-93e0690dfb37', 'a35648fb-7648-4580-baa4-93e0690dfb37', 'a35648fb-7648-4580-baa4-93e0690dfb37', 'a35648fb-7648-4580-baa4-93e0690dfb37', 'a35648fb-7648-4580-baa4-93e0690dfb37', 'a35648fb-7648-4580-baa4-93e0690dfb37', 'a35648fb-7648-4580-baa4-93e0690dfb37', 'a35648fb-7648-4580-baa4-93e0690dfb37', '8cbe0111-b18e-4048-801f-2c537f3e368e', '1f5d944e-765f-48eb-b253-b095abd31931', '1c37b8fc-fb7b-4696-bd0c-6d1147923d32', 'c34dd740-de03-41eb-ac13-915762e9cdb4', '811e2d00-648b-44a2-883d-78af0ecb5211', 'b110dc8c-8849-46d8-959c-4ad54f38c25a', '56abbf5a-c77a-42da-880f-be7b3cbe6221', '8228e738-7149-44de-ba46-31dbdd59b60f']"
36606a70-0cd2-4746-8ce7-2ffb9a03af35,5,"['f2bd9f28-7934-4b46-871b-5bf8faec3b2f', 'f2bd9f28-7934-4b46-871b-5bf8faec3b2f', 'fed4c358-98fa-4769-b6cf-e24620f76043', 'fed4c358-98fa-4769-b6cf-e24620f76043', 'fed4c358-98fa-4769-b6cf-e24620f76043', 'fed4c358-98fa-4769-b6cf-e24620f76043', 'fed4c358-98fa-4769-b6cf-e24620f76043', 'fed4c358-98fa-4769-b6cf-e24620f76043', 'fed4c358-98fa-4769-b6cf-e24620f76043', 'fed4c358-98fa-4769-b6cf-e24620f76043', 'fed4c358-98fa-4769-b6cf-e24620f76043', 'fed4c358-98fa-4769-b6cf-e24620f76043', 'fed4c358-98fa-4769-b6cf-e24620f76043', 'fed4c358-98fa-4769-b6cf-e24620f76043', 'f0cd3f13-8134-4b4a-8086-04de31248a2e', 'f0cd3f13-8134-4b4a-8086-04de31248a2e', 'f0cd3f13-8134-4b4a-8086-04de31248a2e', 'f0cd3f13-8134-4b4a-8086-04de31248a2e', 'f0cd3f13-8134-4b4a-8086-04de31248a2e', 'f0cd3f13-8134-4b4a-8086-04de31248a2e', 'f0cd3f13-8134-4b4a-8086-04de31248a2e', 'f0cd3f13-8134-4b4a-8086-04de31248a2e', 'f0cd3f13-8134-4b4a-8086-04de31248a2e', 'f0cd3f13-8134-4b4a-8086-04de31248a2e', '1f1cdaad-7ca2-44ad-8625-05058e1a8363', '61c63e45-28e2-498f-8ad6-645d6696c8ef', '69404a2a-3817-42e8-a413-7ea099e7a744', '564c80c3-9883-4aea-836e-9eef7c72bd60', 'f12caef8-98b4-430b-a634-683f8041e201', 'ad3c03df-9761-4ce1-8ac5-4d2e335a6f94', 'd4e28b1f-0139-4c3d-9353-aa6f0105c68b', 'd76bfe70-9fc2-4dc6-bfa9-341328511ed9', '74b58fba-5563-4efe-906b-ac44b9bde0de', 'a8915798-9b95-44a8-bdbe-ea088b23ce01', '7ee6da44-8a5c-4d1a-b900-6f46cd0d8fe2', 'b1f7c4d0-e59c-4572-b4b4-fc20ce6e7da7', 'f91b5ea4-5fe8-4977-97d2-fc52d12f704a', 'dc4b760a-7eaf-48fc-9191-6d0ca2f42ce5', '41198c31-901d-4f9d-8c37-74b464a0e1c5', '7706446f-6c02-4a2a-82da-ef656a7edd42', '3b718052-233a-4e96-a31f-29374a1cc64f', 'a6ab517c-ff00-4dc0-bb84-218fcecb453e', '274786be-9118-4134-9c6f-e185264ee49a', 'f7331f9e-afed-4142-8988-8bd44548d9cf', '3db8ad85-eee2-4662-af04-978335e19db7', 'e0146732-1743-47d0-ba6d-81f206bf4aaf', 'e9b56048-72b0-42f8-8d3e-6ed01191ffdc', '18d2f15b-391c-4583-9092-bb50a1d3ce31', '64971420-e159-496c-9355-9396a703756d', '8dc5136b-2cfd-4b34-9821-6f6e06adf69f']"
36606a70-0cd2-4746-8ce7-2ffb9a03af35,6,"['fed4c358-98fa-4769-b6cf-e24620f76043', 'fed4c358-98fa-4769-b6cf-e24620f76043', 'fed4c358-98fa-4769-b6cf-e24620f76043', 'fed4c358-98fa-4769-b6cf-e24620f76043', 'fed4c358-98fa-4769-b6cf-e24620f76043', 'fed4c358-98fa-4769-b6cf-e24620f76043', 'fed4c358-98fa-4769-b6cf-e24620f76043', 'fed4c358-98fa-4769-b6cf-e24620f76043', 'fed4c358-98fa-4769-b6cf-e24620f76043', 'fed4c358-98fa-4769-b6cf-e24620f76043', 'fed4c358-98fa-4769-b6cf-e24620f76043', 'fed4c358-98fa-4769-b6cf-e24620f76043', 'fed4c358-98fa-4769-b6cf-e24620f76043', 'fed4c358-98fa-4769-b6cf-e24620f76043', 'fed4c358-98fa-4769-b6cf-e24620f76043', 'fed4c358-98fa-4769-b6cf-e24620f76043', 'fed4c358-98fa-4769-b6cf-e24620f76043', 'fed4c358-98fa-4769-b6cf-e24620f76043', 'fed4c358-98fa-4769-b6cf-e24620f76043', 'fed4c358-98fa-4769-b6cf-e24620f76043', 'fed4c358-98fa-4769-b6cf-e24620f76043', 'fed4c358-98fa-4769-b6cf-e24620f76043', 'f0cd3f13-8134-4b4a-8086-04de31248a2e', 'f0cd3f13-8134-4b4a-8086-04de31248a2e', 'f0cd3f13-8134-4b4a-8086-04de31248a2e', 'f0cd3f13-8134-4b4a-8086-04de31248a2e', 'f0cd3f13-8134-4b4a-8086-04de31248a2e', 'f0cd3f13-8134-4b4a-8086-04de31248a2e', 'f0cd3f13-8134-4b4a-8086-04de31248a2e', 'f12caef8-98b4-430b-a634-683f8041e201', '74b58fba-5563-4efe-906b-ac44b9bde0de', '74b58fba-5563-4efe-906b-ac44b9bde0de', 'a8915798-9b95-44a8-bdbe-ea088b23ce01', 'a8915798-9b95-44a8-bdbe-ea088b23ce01', 'a8915798-9b95-44a8-bdbe-ea088b23ce01', 'a8915798-9b95-44a8-bdbe-ea088b23ce01', '7ee6da44-8a5c-4d1a-b900-6f46cd0d8fe2', 'e0146732-1743-47d0-ba6d-81f206bf4aaf', 'e9b56048-72b0-42f8-8d3e-6ed01191ffdc', 'fafb3d02-1dbb-4fa6-94fe-d7262653954e', 'fe0fd6cd-9a35-4099-9092-5f08f863d2dc', '976d2578-4cdf-4375-ac09-103a7c9a7241', '3e8ae41b-e21c-493e-b6e6-ff68102b470e', '9f75cc04-df31-48fb-a009-b04f0c57ddca', '09788fc2-0550-4953-8a8e-37de108bcfad', '501e33ad-6931-4cec-9b05-9a346523f719', '5aab6b4a-1c35-484d-999f-2ee564e12d2d', '5b9b489a-874c-42f3-802a-440ca08f9682', '904bdaee-4bf2-4e47-b4fc-e9ab2f9befe6', '4823a257-241f-48a6-bd93-8f2ad6cf99be']"
2cb16ae7-f56e-47f5-840a-add917f05be7,0,"['30d746c0-f79e-40cb-b498-2b571613a451', '30d746c0-f79e-40cb-b498-2b571613a451', '30d746c0-f79e-40cb-b498-2b571613a451', '30d746c0-f79e-40cb-b498-2b571613a451', '30d746c0-f79e-40cb-b498-2b571613a451', '30d746c0-f79e-40cb-b498-2b571613a451', '30d746c0-f79e-40cb-b498-2b571613a451', '30d746c0-f79e-40cb-b498-2b571613a451', '30d746c0-f79e-40cb-b498-2b571613a451', '30d746c0-f79e-40cb-b498-2b571613a451', '30d746c0-f79e-40cb-b498-2b571613a451', '30d746c0-f79e-40cb-b498-2b571613a451', '30d746c0-f79e-40cb-b498-2b571613a451', '30d746c0-f79e-40cb-b498-2b571613a451', '30d746c0-f79e-40cb-b498-2b571613a451', '30d746c0-f79e-40cb-b498-2b571613a451', '30d746c0-f79e-40cb-b498-2b571613a451', '30d746c0-f79e-40cb-b498-2b571613a451', '30d746c0-f79e-40cb-b498-2b571613a451', '30d746c0-f79e-40cb-b498-2b571613a451', '30d746c0-f79e-40cb-b498-2b571613a451', '30d746c0-f79e-40cb-b498-2b571613a451', '30d746c0-f79e-40cb-b498-2b571613a451', '30d746c0-f79e-40cb-b498-2b571613a451', '30d746c0-f79e-40cb-b498-2b571613a451', '30d746c0-f79e-40cb-b498-2b571613a451', '30d746c0-f79e-40cb-b498-2b571613a451', '30d746c0-f79e-40cb-b498-2b571613a451', '30d746c0-f79e-40cb-b498-2b571613a451', '30d746c0-f79e-40cb-b498-2b571613a451', '30d746c0-f79e-40cb-b498-2b571613a451', '30d746c0-f79e-40cb-b498-2b571613a451', '30d746c0-f79e-40cb-b498-2b571613a451', '30d746c0-f79e-40cb-b498-2b571613a451', '30d746c0-f79e-40cb-b498-2b571613a451', '30d746c0-f79e-40cb-b498-2b571613a451', '30d746c0-f79e-40cb-b498-2b571613a451', '30d746c0-f79e-40cb-b498-2b571613a451', '30d746c0-f79e-40cb-b498-2b571613a451', '30d746c0-f79e-40cb-b498-2b571613a451', '30d746c0-f79e-40cb-b498-2b571613a451', '30d746c0-f79e-40cb-b498-2b571613a451', '30d746c0-f79e-40cb-b498-2b571613a451', '30d746c0-f79e-40cb-b498-2b571613a451', '30d746c0-f79e-40cb-b498-2b571613a451', '30d746c0-f79e-40cb-b498-2b571613a451', '30d746c0-f79e-40cb-b498-2b571613a451', '30d746c0-f79e-40cb-b498-2b571613a451', '30d746c0-f79e-40cb-b498-2b571613a451', '30d746c0-f79e-40cb-b498-2b571613a451']"
c4db06b7-e05d-4dd5-92c7-f81a3a144652,6,"['8eb64023-0141-4447-9f48-da9059d0dc9f', '8eb64023-0141-4447-9f48-da9059d0dc9f', '8eb64023-0141-4447-9f48-da9059d0dc9f', '8eb64023-0141-4447-9f48-da9059d0dc9f', '8eb64023-0141-4447-9f48-da9059d0dc9f', 'a35648fb-7648-4580-baa4-93e0690dfb37', 'a35648fb-7648-4580-baa4-93e0690dfb37', 'a35648fb-7648-4580-baa4-93e0690dfb37', 'a35648fb-7648-4580-baa4-93e0690dfb37', 'a35648fb-7648-4580-baa4-93e0690dfb37', 'a35648fb-7648-4580-baa4-93e0690dfb37', 'a35648fb-7648-4580-baa4-93e0690dfb37', 'a35648fb-7648-4580-baa4-93e0690dfb37', 'a35648fb-7648-4580-baa4-93e0690dfb37', 'a35648fb-7648-4580-baa4-93e0690dfb37', 'a35648fb-7648-4580-baa4-93e0690dfb37', 'a35648fb-7648-4580-baa4-93e0690dfb37', 'a35648fb-7648-4580-baa4-93e0690dfb37', 'a35648fb-7648-4580-baa4-93e0690dfb37', 'a35648fb-7648-4580-baa4-93e0690dfb37', 'a35648fb-7648-4580-baa4-93e0690dfb37', 'a35648fb-7648-4580-baa4-93e0690dfb37', 'a35648fb-7648-4580-baa4-93e0690dfb37', 'a35648fb-7648-4580-baa4-93e0690dfb37', 'a35648fb-7648-4580-baa4-93e0690dfb37', 'a35648fb-7648-4580-baa4-93e0690dfb37', 'a35648fb-7648-4580-baa4-93e0690dfb37', 'a35648fb-7648-4580-baa4-93e0690dfb37', 'a35648fb-7648-4580-baa4-93e0690dfb37', 'a35648fb-7648-4580-baa4-93e0690dfb37', 'a35648fb-7648-4580-baa4-93e0690dfb37', 'a35648fb-7648-4580-baa4-93e0690dfb37', 'a35648fb-7648-4580-baa4-93e0690dfb37', 'a35648fb-7648-4580-baa4-93e0690dfb37', 'a35648fb-7648-4580-baa4-93e0690dfb37', 'a35648fb-7648-4580-baa4-93e0690dfb37', 'a35648fb-7648-4580-baa4-93e0690dfb37', 'a35648fb-7648-4580-baa4-93e0690dfb37', 'a35648fb-7648-4580-baa4-93e0690dfb37', 'a35648fb-7648-4580-baa4-93e0690dfb37', 'a35648fb-7648-4580-baa4-93e0690dfb37', 'cdb75fb1-473b-4fa1-b313-d8dd71ac7efd', 'c60feb62-e9f4-4b09-abc2-6ea1d51bda49', 'ac3e3ba9-1006-45ea-b73e-1f64aa78cce1', 'd914eb88-6354-4046-abf5-8e13afc19be2', '97106442-4dbd-4133-b2b1-0f2256411f1c', '93c4f40c-6b79-43b9-a747-4c4ee24725e6', 'f4b15d8d-e8c0-4e71-bb6a-41b2de3cde34', 'a0bc8f48-d570-430f-87cf-e0dd455fdc63', 'f0fa04f8-a0ae-4574-896e-a8564177fef4']"
36606a70-0cd2-4746-8ce7-2ffb9a03af35,7,"['fed4c358-98fa-4769-b6cf-e24620f76043', 'fed4c358-98fa-4769-b6cf-e24620f76043', 'fed4c358-98fa-4769-b6cf-e24620f76043', 'fed4c358-98fa-4769-b6cf-e24620f76043', 'fed4c358-98fa-4769-b6cf-e24620f76043', 'fed4c358-98fa-4769-b6cf-e24620f76043', 'fed4c358-98fa-4769-b6cf-e24620f76043', 'fed4c358-98fa-4769-b6cf-e24620f76043', 'fed4c358-98fa-4769-b6cf-e24620f76043', 'fed4c358-98fa-4769-b6cf-e24620f76043', 'fed4c358-98fa-4769-b6cf-e24620f76043', 'fed4c358-98fa-4769-b6cf-e24620f76043', 'fed4c358-98fa-4769-b6cf-e24620f76043', 'fed4c358-98fa-4769-b6cf-e24620f76043', 'fed4c358-98fa-4769-b6cf-e24620f76043', 'fed4c358-98fa-4769-b6cf-e24620f76043', 'fed4c358-98fa-4769-b6cf-e24620f76043', 'f0cd3f13-8134-4b4a-8086-04de31248a2e', 'f0cd3f13-8134-4b4a-8086-04de31248a2e', 'f0cd3f13-8134-4b4a-8086-04de31248a2e', 'f0cd3f13-8134-4b4a-8086-04de31248a2e', 'f0cd3f13-8134-4b4a-8086-04de31248a2e', 'f0cd3f13-8134-4b4a-8086-04de31248a2e', 'f0cd3f13-8134-4b4a-8086-04de31248a2e', 'f12caef8-98b4-430b-a634-683f8041e201', '74b58fba-5563-4efe-906b-ac44b9bde0de', 'a8915798-9b95-44a8-bdbe-ea088b23ce01', 'a8915798-9b95-44a8-bdbe-ea088b23ce01', 'a8915798-9b95-44a8-bdbe-ea088b23ce01', 'a8915798-9b95-44a8-bdbe-ea088b23ce01', 'e9b56048-72b0-42f8-8d3e-6ed01191ffdc', 'fe0fd6cd-9a35-4099-9092-5f08f863d2dc', '976d2578-4cdf-4375-ac09-103a7c9a7241', '3e8ae41b-e21c-493e-b6e6-ff68102b470e', '9f75cc04-df31-48fb-a009-b04f0c57ddca', '5aab6b4a-1c35-484d-999f-2ee564e12d2d', '5b9b489a-874c-42f3-802a-440ca08f9682', '904bdaee-4bf2-4e47-b4fc-e9ab2f9befe6', '4823a257-241f-48a6-bd93-8f2ad6cf99be', 'd58b5c96-3cd2-4ee5-9b62-3b0cf6100406', '5eca96ac-9585-4d0a-bc0f-db1b80adae0a', '87d3675c-8bcc-4dd3-a60d-9b2b5dceeb4b', 'd76b6eb0-ed87-4dae-8c2b-f2c88336ffad', '7ad5b29a-9f5b-47b4-b044-a0640717d482', '888c10b7-09f6-4480-8135-ce7abb553984', '38650247-b645-447d-85b9-4822a645a3df', 'e88af7e0-10e3-442f-b03b-8ef7d955ef2a', 'ce4490bb-a5e8-4a95-a777-ec5fb0cccefb', '7ac82dac-67c9-40ef-9236-cac31b792e1a', '5aa5855b-7573-44b7-9c8e-8ebff9ee1f7e']"
2cb16ae7-f56e-47f5-840a-add917f05be7,1,"['30d746c0-f79e-40cb-b498-2b571613a451', '30d746c0-f79e-40cb-b498-2b571613a451', '30d746c0-f79e-40cb-b498-2b571613a451', '30d746c0-f79e-40cb-b498-2b571613a451', '30d746c0-f79e-40cb-b498-2b571613a451', '30d746c0-f79e-40cb-b498-2b571613a451', '30d746c0-f79e-40cb-b498-2b571613a451', '30d746c0-f79e-40cb-b498-2b571613a451', '30d746c0-f79e-40cb-b498-2b571613a451', '30d746c0-f79e-40cb-b498-2b571613a451', '30d746c0-f79e-40cb-b498-2b571613a451', '30d746c0-f79e-40cb-b498-2b571613a451', '30d746c0-f79e-40cb-b498-2b571613a451', '30d746c0-f79e-40cb-b498-2b571613a451', '30d746c0-f79e-40cb-b498-2b571613a451', '30d746c0-f79e-40cb-b498-2b571613a451', '30d746c0-f79e-40cb-b498-2b571613a451', '30d746c0-f79e-40cb-b498-2b571613a451', '30d746c0-f79e-40cb-b498-2b571613a451', '30d746c0-f79e-40cb-b498-2b571613a451', '30d746c0-f79e-40cb-b498-2b571613a451', '30d746c0-f79e-40cb-b498-2b571613a451', '30d746c0-f79e-40cb-b498-2b571613a451', '30d746c0-f79e-40cb-b498-2b571613a451', '30d746c0-f79e-40cb-b498-2b571613a451', '30d746c0-f79e-40cb-b498-2b571613a451', '30d746c0-f79e-40cb-b498-2b571613a451', '30d746c0-f79e-40cb-b498-2b571613a451', '30d746c0-f79e-40cb-b498-2b571613a451', '30d746c0-f79e-40cb-b498-2b571613a451', '30d746c0-f79e-40cb-b498-2b571613a451', '30d746c0-f79e-40cb-b498-2b571613a451', '30d746c0-f79e-40cb-b498-2b571613a451', '30d746c0-f79e-40cb-b498-2b571613a451', '30d746c0-f79e-40cb-b498-2b571613a451', '30d746c0-f79e-40cb-b498-2b571613a451', '30d746c0-f79e-40cb-b498-2b571613a451', '30d746c0-f79e-40cb-b498-2b571613a451', '30d746c0-f79e-40cb-b498-2b571613a451', '30d746c0-f79e-40cb-b498-2b571613a451', '04642140-cc2d-435f-a61e-0e500d2b98b9', '90326c9e-2e0b-4ebb-a26a-df87a534d891', 'cdfe7aa4-996b-47ba-9c5e-0e7af6dadc0d', 'e0699320-45e6-4260-9e85-8ddd32cc76f5', 'd54e033f-a1e5-4d76-b8b0-8deef1a3b5cc', '3f6641a3-ddc6-47b0-9214-b2cd99c9d668', '7c8d0109-5729-495d-8c0a-244fcb9770ff', 'c322136d-9f0f-48e2-ab65-8f482db77ea4', '5996415c-5070-43a4-8ebe-b80358b2d27d', 'b76f3453-85e9-46c7-8948-3872173fbc37']"
36606a70-0cd2-4746-8ce7-2ffb9a03af35,8,"['fed4c358-98fa-4769-b6cf-e24620f76043', 'fed4c358-98fa-4769-b6cf-e24620f76043', 'fed4c358-98fa-4769-b6cf-e24620f76043', 'fed4c358-98fa-4769-b6cf-e24620f76043', 'fed4c358-98fa-4769-b6cf-e24620f76043', 'fed4c358-98fa-4769-b6cf-e24620f76043', 'fed4c358-98fa-4769-b6cf-e24620f76043', 'fed4c358-98fa-4769-b6cf-e24620f76043', 'fed4c358-98fa-4769-b6cf-e24620f76043', 'fed4c358-98fa-4769-b6cf-e24620f76043', 'fed4c358-98fa-4769-b6cf-e24620f76043', 'fed4c358-98fa-4769-b6cf-e24620f76043', 'fed4c358-98fa-4769-b6cf-e24620f76043', 'fed4c358-98fa-4769-b6cf-e24620f76043', 'fed4c358-98fa-4769-b6cf-e24620f76043', 'f0cd3f13-8134-4b4a-8086-04de31248a2e', 'f0cd3f13-8134-4b4a-8086-04de31248a2e', 'f0cd3f13-8134-4b4a-8086-04de31248a2e', 'f0cd3f13-8134-4b4a-8086-04de31248a2e', 'f0cd3f13-8134-4b4a-8086-04de31248a2e', 'f0cd3f13-8134-4b4a-8086-04de31248a2e', '74b58fba-5563-4efe-906b-ac44b9bde0de', 'a8915798-9b95-44a8-bdbe-ea088b23ce01', 'a8915798-9b95-44a8-bdbe-ea088b23ce01', 'a8915798-9b95-44a8-bdbe-ea088b23ce01', 'a8915798-9b95-44a8-bdbe-ea088b23ce01', 'e9b56048-72b0-42f8-8d3e-6ed01191ffdc', '976d2578-4cdf-4375-ac09-103a7c9a7241', '3e8ae41b-e21c-493e-b6e6-ff68102b470e', '9f75cc04-df31-48fb-a009-b04f0c57ddca', '5aab6b4a-1c35-484d-999f-2ee564e12d2d', '5b9b489a-874c-42f3-802a-440ca08f9682', '904bdaee-4bf2-4e47-b4fc-e9ab2f9befe6', '4823a257-241f-48a6-bd93-8f2ad6cf99be', '5eca96ac-9585-4d0a-bc0f-db1b80adae0a', '87d3675c-8bcc-4dd3-a60d-9b2b5dceeb4b', 'd76b6eb0-ed87-4dae-8c2b-f2c88336ffad', '7ad5b29a-9f5b-47b4-b044-a0640717d482', '888c10b7-09f6-4480-8135-ce7abb553984', '38650247-b645-447d-85b9-4822a645a3df', 'e88af7e0-10e3-442f-b03b-8ef7d955ef2a', '7ac82dac-67c9-40ef-9236-cac31b792e1a', '5aa5855b-7573-44b7-9c8e-8ebff9ee1f7e', 'aa5b56ed-ef54-4f0b-8011-c15d6393c499', '811fff5d-6090-4440-ae12-2e5b38f1a1b6', 'af29d746-38d8-4e05-a695-231a91f67de9', '122a5b7a-271d-420b-b29b-fe3fc15d3046', 'aac644b7-9149-4e51-b512-9f0addc49127', '4c28a7be-ec2d-4b96-8c8b-d0d36b7d37e8', '34b2b323-0c14-417a-822c-deda9f320abb']"
2cb16ae7-f56e-47f5-840a-add917f05be7,2,"['cdfe7aa4-996b-47ba-9c5e-0e7af6dadc0d', 'e0699320-45e6-4260-9e85-8ddd32cc76f5', 'e0699320-45e6-4260-9e85-8ddd32cc76f5', 'e0699320-45e6-4260-9e85-8ddd32cc76f5', 'e0699320-45e6-4260-9e85-8ddd32cc76f5', 'e0699320-45e6-4260-9e85-8ddd32cc76f5', 'e0699320-45e6-4260-9e85-8ddd32cc76f5', 'e0699320-45e6-4260-9e85-8ddd32cc76f5', 'e0699320-45e6-4260-9e85-8ddd32cc76f5', 'e0699320-45e6-4260-9e85-8ddd32cc76f5', 'e0699320-45e6-4260-9e85-8ddd32cc76f5', 'e0699320-45e6-4260-9e85-8ddd32cc76f5', 'e0699320-45e6-4260-9e85-8ddd32cc76f5', 'e0699320-45e6-4260-9e85-8ddd32cc76f5', 'e0699320-45e6-4260-9e85-8ddd32cc76f5', 'e0699320-45e6-4260-9e85-8ddd32cc76f5', 'e0699320-45e6-4260-9e85-8ddd32cc76f5', 'e0699320-45e6-4260-9e85-8ddd32cc76f5', 'e0699320-45e6-4260-9e85-8ddd32cc76f5', 'e0699320-45e6-4260-9e85-8ddd32cc76f5', 'e0699320-45e6-4260-9e85-8ddd32cc76f5', 'e0699320-45e6-4260-9e85-8ddd32cc76f5', 'e0699320-45e6-4260-9e85-8ddd32cc76f5', 'e0699320-45e6-4260-9e85-8ddd32cc76f5', 'e0699320-45e6-4260-9e85-8ddd32cc76f5', 'e0699320-45e6-4260-9e85-8ddd32cc76f5', 'e0699320-45e6-4260-9e85-8ddd32cc76f5', 'e0699320-45e6-4260-9e85-8ddd32cc76f5', 'e0699320-45e6-4260-9e85-8ddd32cc76f5', 'e0699320-45e6-4260-9e85-8ddd32cc76f5', 'e0699320-45e6-4260-9e85-8ddd32cc76f5', 'e0699320-45e6-4260-9e85-8ddd32cc76f5', 'e0699320-45e6-4260-9e85-8ddd32cc76f5', 'e0699320-45e6-4260-9e85-8ddd32cc76f5', 'e0699320-45e6-4260-9e85-8ddd32cc76f5', 'e0699320-45e6-4260-9e85-8ddd32cc76f5', 'e0699320-45e6-4260-9e85-8ddd32cc76f5', 'e0699320-45e6-4260-9e85-8ddd32cc76f5', 'e0699320-45e6-4260-9e85-8ddd32cc76f5', 'e0699320-45e6-4260-9e85-8ddd32cc76f5', 'e0699320-45e6-4260-9e85-8ddd32cc76f5', 'e0699320-45e6-4260-9e85-8ddd32cc76f5', '467fa767-6e5d-4168-b1e1-330808910dc3', '1437596e-1ff5-49bf-b8e7-e2803382efdb', '90f4c8af-cd1b-43c2-82d6-aab4cf97d54b', '999ec132-c9f6-40d9-896c-e22ddd412831', '408bc93e-82c9-4979-a5f7-9d16691ef020', 'a0675e61-2131-4e7c-8765-f5d5376f1b3a', '398e70b3-013e-440f-bf9c-23c8d65e20d8', '94458f21-0f6b-4a25-ba32-21d67e20947c']"
c4db06b7-e05d-4dd5-92c7-f81a3a144652,7,"['8eb64023-0141-4447-9f48-da9059d0dc9f', '8eb64023-0141-4447-9f48-da9059d0dc9f', '8eb64023-0141-4447-9f48-da9059d0dc9f', '8eb64023-0141-4447-9f48-da9059d0dc9f', 'a35648fb-7648-4580-baa4-93e0690dfb37', 'a35648fb-7648-4580-baa4-93e0690dfb37', 'a35648fb-7648-4580-baa4-93e0690dfb37', 'a35648fb-7648-4580-baa4-93e0690dfb37', 'a35648fb-7648-4580-baa4-93e0690dfb37', 'a35648fb-7648-4580-baa4-93e0690dfb37', 'a35648fb-7648-4580-baa4-93e0690dfb37', 'a35648fb-7648-4580-baa4-93e0690dfb37', 'a35648fb-7648-4580-baa4-93e0690dfb37', 'a35648fb-7648-4580-baa4-93e0690dfb37', 'a35648fb-7648-4580-baa4-93e0690dfb37', 'a35648fb-7648-4580-baa4-93e0690dfb37', 'a35648fb-7648-4580-baa4-93e0690dfb37', 'a35648fb-7648-4580-baa4-93e0690dfb37', 'a35648fb-7648-4580-baa4-93e0690dfb37', 'a35648fb-7648-4580-baa4-93e0690dfb37', 'a35648fb-7648-4580-baa4-93e0690dfb37', 'a35648fb-7648-4580-baa4-93e0690dfb37', 'a35648fb-7648-4580-baa4-93e0690dfb37', 'a35648fb-7648-4580-baa4-93e0690dfb37', 'a35648fb-7648-4580-baa4-93e0690dfb37', 'a35648fb-7648-4580-baa4-93e0690dfb37', 'a35648fb-7648-4580-baa4-93e0690dfb37', 'a35648fb-7648-4580-baa4-93e0690dfb37', 'a35648fb-7648-4580-baa4-93e0690dfb37', 'a35648fb-7648-4580-baa4-93e0690dfb37', 'a35648fb-7648-4580-baa4-93e0690dfb37', 'a35648fb-7648-4580-baa4-93e0690dfb37', 'a35648fb-7648-4580-baa4-93e0690dfb37', 'a35648fb-7648-4580-baa4-93e0690dfb37', 'a35648fb-7648-4580-baa4-93e0690dfb37', 'cdb75fb1-473b-4fa1-b313-d8dd71ac7efd', 'c60feb62-e9f4-4b09-abc2-6ea1d51bda49', 'ac3e3ba9-1006-45ea-b73e-1f64aa78cce1', 'd914eb88-6354-4046-abf5-8e13afc19be2', '97106442-4dbd-4133-b2b1-0f2256411f1c', '93c4f40c-6b79-43b9-a747-4c4ee24725e6', 'f0fa04f8-a0ae-4574-896e-a8564177fef4', '90322727-5c60-4ea6-89a5-992bfa9f1885', 'c04ecaa8-3968-415d-9729-427eade224df', 'f8e9ed67-b5b3-4a74-9013-67956a4bbe86', 'e908e93f-6f50-4386-beb9-631ca92469f6', 'cd8e70a2-1d09-4b74-b85d-64bc3cad2097', '37dae7b4-8cfd-4303-be14-e8dc1665eb53', '72eaac05-612f-4132-9c20-94b4eb26c40e', '92e9f31a-245e-4525-8610-bbcb7d471fea']"
36606a70-0cd2-4746-8ce7-2ffb9a03af35,9,"['fed4c358-98fa-4769-b6cf-e24620f76043', 'fed4c358-98fa-4769-b6cf-e24620f76043', 'fed4c358-98fa-4769-b6cf-e24620f76043', 'fed4c358-98fa-4769-b6cf-e24620f76043', 'fed4c358-98fa-4769-b6cf-e24620f76043', 'fed4c358-98fa-4769-b6cf-e24620f76043', 'fed4c358-98fa-4769-b6cf-e24620f76043', 'fed4c358-98fa-4769-b6cf-e24620f76043', 'fed4c358-98fa-4769-b6cf-e24620f76043', 'fed4c358-98fa-4769-b6cf-e24620f76043', 'fed4c358-98fa-4769-b6cf-e24620f76043', 'fed4c358-98fa-4769-b6cf-e24620f76043', 'fed4c358-98fa-4769-b6cf-e24620f76043', 'fed4c358-98fa-4769-b6cf-e24620f76043', 'fed4c358-98fa-4769-b6cf-e24620f76043', 'fed4c358-98fa-4769-b6cf-e24620f76043', 'fed4c358-98fa-4769-b6cf-e24620f76043', 'fed4c358-98fa-4769-b6cf-e24620f76043', 'f0cd3f13-8134-4b4a-8086-04de31248a2e', 'f0cd3f13-8134-4b4a-8086-04de31248a2e', 'f0cd3f13-8134-4b4a-8086-04de31248a2e', 'f0cd3f13-8134-4b4a-8086-04de31248a2e', '74b58fba-5563-4efe-906b-ac44b9bde0de', 'a8915798-9b95-44a8-bdbe-ea088b23ce01', 'a8915798-9b95-44a8-bdbe-ea088b23ce01', 'a8915798-9b95-44a8-bdbe-ea088b23ce01', 'a8915798-9b95-44a8-bdbe-ea088b23ce01', 'a8915798-9b95-44a8-bdbe-ea088b23ce01', 'a8915798-9b95-44a8-bdbe-ea088b23ce01', 'a8915798-9b95-44a8-bdbe-ea088b23ce01', 'a8915798-9b95-44a8-bdbe-ea088b23ce01', 'a8915798-9b95-44a8-bdbe-ea088b23ce01', 'a8915798-9b95-44a8-bdbe-ea088b23ce01', 'a8915798-9b95-44a8-bdbe-ea088b23ce01', 'a8915798-9b95-44a8-bdbe-ea088b23ce01', '5b9b489a-874c-42f3-802a-440ca08f9682', '5b9b489a-874c-42f3-802a-440ca08f9682', '5b9b489a-874c-42f3-802a-440ca08f9682', '5150207b-2b2d-4873-ba19-414b0a5f543b', '053e9a6c-7b07-4f32-9919-7e1579f63e96', '9d6b6cba-399f-4b29-819d-2b7a092c8dbb', 'de4aca3d-ad2b-451b-bcfe-c32ed8d13af1', '5747bdaa-87bb-46e3-a217-d96ce71565fc', '0f43a7f5-5e62-456a-940a-ebc80ab3e48c', '3665cacb-a138-4e6b-a670-394540b5c005', '96dc2a56-f7f7-4db2-b52c-8bc98a0cc161', '45d2fbf1-bb90-4b7a-bbdb-048d44220950', 'a91da97f-7aee-4cde-b6ae-916b426232df', '02b69c4a-fb78-4648-a3a8-6ef75b36d7ee', '284134cf-63ef-42aa-b511-b0177bac30dc']"
2cb16ae7-f56e-47f5-840a-add917f05be7,3,"['cdfe7aa4-996b-47ba-9c5e-0e7af6dadc0d', 'e0699320-45e6-4260-9e85-8ddd32cc76f5', 'e0699320-45e6-4260-9e85-8ddd32cc76f5', 'e0699320-45e6-4260-9e85-8ddd32cc76f5', 'e0699320-45e6-4260-9e85-8ddd32cc76f5', 'e0699320-45e6-4260-9e85-8ddd32cc76f5', 'e0699320-45e6-4260-9e85-8ddd32cc76f5', 'e0699320-45e6-4260-9e85-8ddd32cc76f5', 'e0699320-45e6-4260-9e85-8ddd32cc76f5', 'e0699320-45e6-4260-9e85-8ddd32cc76f5', 'e0699320-45e6-4260-9e85-8ddd32cc76f5', 'e0699320-45e6-4260-9e85-8ddd32cc76f5', 'e0699320-45e6-4260-9e85-8ddd32cc76f5', 'e0699320-45e6-4260-9e85-8ddd32cc76f5', 'e0699320-45e6-4260-9e85-8ddd32cc76f5', 'e0699320-45e6-4260-9e85-8ddd32cc76f5', 'e0699320-45e6-4260-9e85-8ddd32cc76f5', 'e0699320-45e6-4260-9e85-8ddd32cc76f5', 'e0699320-45e6-4260-9e85-8ddd32cc76f5', 'e0699320-45e6-4260-9e85-8ddd32cc76f5', 'e0699320-45e6-4260-9e85-8ddd32cc76f5', 'e0699320-45e6-4260-9e85-8ddd32cc76f5', 'e0699320-45e6-4260-9e85-8ddd32cc76f5', 'e0699320-45e6-4260-9e85-8ddd32cc76f5', 'e0699320-45e6-4260-9e85-8ddd32cc76f5', 'e0699320-45e6-4260-9e85-8ddd32cc76f5', 'e0699320-45e6-4260-9e85-8ddd32cc76f5', 'e0699320-45e6-4260-9e85-8ddd32cc76f5', 'e0699320-45e6-4260-9e85-8ddd32cc76f5', 'e0699320-45e6-4260-9e85-8ddd32cc76f5', 'e0699320-45e6-4260-9e85-8ddd32cc76f5', 'e0699320-45e6-4260-9e85-8ddd32cc76f5', 'e0699320-45e6-4260-9e85-8ddd32cc76f5', 'e0699320-45e6-4260-9e85-8ddd32cc76f5', 'e0699320-45e6-4260-9e85-8ddd32cc76f5', 'e0699320-45e6-4260-9e85-8ddd32cc76f5', 'e0699320-45e6-4260-9e85-8ddd32cc76f5', 'e0699320-45e6-4260-9e85-8ddd32cc76f5', '467fa767-6e5d-4168-b1e1-330808910dc3', '1437596e-1ff5-49bf-b8e7-e2803382efdb', '90f4c8af-cd1b-43c2-82d6-aab4cf97d54b', '999ec132-c9f6-40d9-896c-e22ddd412831', 'a0675e61-2131-4e7c-8765-f5d5376f1b3a', '398e70b3-013e-440f-bf9c-23c8d65e20d8', 'f5e086a3-4dac-455c-b8b4-dddb0a38bf3f', 'bf96e987-559b-4411-9912-107cf1740da3', '3193f012-d0a9-485c-8901-3b44db7f95cb', '794037b0-c78d-4d65-a02a-24cb47da1760', '5e83d8ac-b2d6-4b9d-b572-1c5cd1c43d2f', '53c297f1-ea65-45ed-9919-b24b42cd6c30']"
36606a70-0cd2-4746-8ce7-2ffb9a03af35,10,"['fed4c358-98fa-4769-b6cf-e24620f76043', 'fed4c358-98fa-4769-b6cf-e24620f76043', 'fed4c358-98fa-4769-b6cf-e24620f76043', 'fed4c358-98fa-4769-b6cf-e24620f76043', 'fed4c358-98fa-4769-b6cf-e24620f76043', 'fed4c358-98fa-4769-b6cf-e24620f76043', 'fed4c358-98fa-4769-b6cf-e24620f76043', 'fed4c358-98fa-4769-b6cf-e24620f76043', 'fed4c358-98fa-4769-b6cf-e24620f76043', 'fed4c358-98fa-4769-b6cf-e24620f76043', 'fed4c358-98fa-4769-b6cf-e24620f76043', 'fed4c358-98fa-4769-b6cf-e24620f76043', 'fed4c358-98fa-4769-b6cf-e24620f76043', 'fed4c358-98fa-4769-b6cf-e24620f76043', 'f0cd3f13-8134-4b4a-8086-04de31248a2e', 'f0cd3f13-8134-4b4a-8086-04de31248a2e', 'f0cd3f13-8134-4b4a-8086-04de31248a2e', 'a8915798-9b95-44a8-bdbe-ea088b23ce01', 'a8915798-9b95-44a8-bdbe-ea088b23ce01', 'a8915798-9b95-44a8-bdbe-ea088b23ce01', 'a8915798-9b95-44a8-bdbe-ea088b23ce01', 'a8915798-9b95-44a8-bdbe-ea088b23ce01', 'a8915798-9b95-44a8-bdbe-ea088b23ce01', 'a8915798-9b95-44a8-bdbe-ea088b23ce01', 'a8915798-9b95-44a8-bdbe-ea088b23ce01', 'a8915798-9b95-44a8-bdbe-ea088b23ce01', 'a8915798-9b95-44a8-bdbe-ea088b23ce01', 'a8915798-9b95-44a8-bdbe-ea088b23ce01', '5b9b489a-874c-42f3-802a-440ca08f9682', '5b9b489a-874c-42f3-802a-440ca08f9682', '5150207b-2b2d-4873-ba19-414b0a5f543b', '053e9a6c-7b07-4f32-9919-7e1579f63e96', '9d6b6cba-399f-4b29-819d-2b7a092c8dbb', '5747bdaa-87bb-46e3-a217-d96ce71565fc', '0f43a7f5-5e62-456a-940a-ebc80ab3e48c', '3665cacb-a138-4e6b-a670-394540b5c005', '96dc2a56-f7f7-4db2-b52c-8bc98a0cc161', '45d2fbf1-bb90-4b7a-bbdb-048d44220950', 'a91da97f-7aee-4cde-b6ae-916b426232df', '284134cf-63ef-42aa-b511-b0177bac30dc', '3de6a8d1-8a30-4712-8cb4-0d1a011146e0', 'f7813f40-3f2d-49d7-9647-816357d7fde0', '12533ef1-61f9-4e02-bff6-fcadf52433d6', 'dba7a047-09a6-4fb0-9cdf-8ec654b3c866', '9aae970d-e44f-4c18-be21-07cb432cf479', '805421be-2874-4d70-80df-7639c6d044f6', '8a1d2fc5-ba6b-488a-8092-61c7effc220b', '3697d33b-2237-4165-a953-444238b5ad03', '8267b7cd-1365-4de0-8deb-3b1cb5f1ae78', '7b5d813c-5d69-41b8-ae23-8526db068e36']"
c4db06b7-e05d-4dd5-92c7-f81a3a144652,8,"['8eb64023-0141-4447-9f48-da9059d0dc9f', '8eb64023-0141-4447-9f48-da9059d0dc9f', '8eb64023-0141-4447-9f48-da9059d0dc9f', 'a35648fb-7648-4580-baa4-93e0690dfb37', 'a35648fb-7648-4580-baa4-93e0690dfb37', 'a35648fb-7648-4580-baa4-93e0690dfb37', 'a35648fb-7648-4580-baa4-93e0690dfb37', 'a35648fb-7648-4580-baa4-93e0690dfb37', 'a35648fb-7648-4580-baa4-93e0690dfb37', 'a35648fb-7648-4580-baa4-93e0690dfb37', 'a35648fb-7648-4580-baa4-93e0690dfb37', 'a35648fb-7648-4580-baa4-93e0690dfb37', 'a35648fb-7648-4580-baa4-93e0690dfb37', 'a35648fb-7648-4580-baa4-93e0690dfb37', 'a35648fb-7648-4580-baa4-93e0690dfb37', 'a35648fb-7648-4580-baa4-93e0690dfb37', 'a35648fb-7648-4580-baa4-93e0690dfb37', 'a35648fb-7648-4580-baa4-93e0690dfb37', 'a35648fb-7648-4580-baa4-93e0690dfb37', 'a35648fb-7648-4580-baa4-93e0690dfb37', 'a35648fb-7648-4580-baa4-93e0690dfb37', 'a35648fb-7648-4580-baa4-93e0690dfb37', 'a35648fb-7648-4580-baa4-93e0690dfb37', 'a35648fb-7648-4580-baa4-93e0690dfb37', 'a35648fb-7648-4580-baa4-93e0690dfb37', 'a35648fb-7648-4580-baa4-93e0690dfb37', 'a35648fb-7648-4580-baa4-93e0690dfb37', 'a35648fb-7648-4580-baa4-93e0690dfb37', 'a35648fb-7648-4580-baa4-93e0690dfb37', 'c60feb62-e9f4-4b09-abc2-6ea1d51bda49', 'ac3e3ba9-1006-45ea-b73e-1f64aa78cce1', 'd914eb88-6354-4046-abf5-8e13afc19be2', '97106442-4dbd-4133-b2b1-0f2256411f1c', '93c4f40c-6b79-43b9-a747-4c4ee24725e6', 'f0fa04f8-a0ae-4574-896e-a8564177fef4', '90322727-5c60-4ea6-89a5-992bfa9f1885', 'c04ecaa8-3968-415d-9729-427eade224df', 'e908e93f-6f50-4386-beb9-631ca92469f6', '37dae7b4-8cfd-4303-be14-e8dc1665eb53', '72eaac05-612f-4132-9c20-94b4eb26c40e', '92e9f31a-245e-4525-8610-bbcb7d471fea', 'c53d5a11-13e4-4a82-93b5-7fc67141aa99', 'f846216a-466a-4b4a-86e5-b48d3a835d5b', '0462f104-776a-4952-9271-01699f4e1bea', '58b8e7f9-5580-47eb-95ad-58694b9a4110', 'd7449cbb-b32a-47c5-a15c-5cc4eb9cd3f8', '7d59e051-be54-4ab0-9a3e-5669263d67a5', 'a23b1cb9-4068-4f00-8e0c-c319139db49c', 'd5c8917e-5b7e-4cfb-a981-7310d9187a4f', '1a65d18f-7c91-4e23-b70a-0a7e61d312d0']"
36606a70-0cd2-4746-8ce7-2ffb9a03af35,11,"['fed4c358-98fa-4769-b6cf-e24620f76043', 'fed4c358-98fa-4769-b6cf-e24620f76043', 'fed4c358-98fa-4769-b6cf-e24620f76043', 'fed4c358-98fa-4769-b6cf-e24620f76043', 'fed4c358-98fa-4769-b6cf-e24620f76043', 'fed4c358-98fa-4769-b6cf-e24620f76043', 'fed4c358-98fa-4769-b6cf-e24620f76043', 'fed4c358-98fa-4769-b6cf-e24620f76043', 'fed4c358-98fa-4769-b6cf-e24620f76043', 'fed4c358-98fa-4769-b6cf-e24620f76043', 'fed4c358-98fa-4769-b6cf-e24620f76043', 'fed4c358-98fa-4769-b6cf-e24620f76043', 'f0cd3f13-8134-4b4a-8086-04de31248a2e', 'f0cd3f13-8134-4b4a-8086-04de31248a2e', 'f0cd3f13-8134-4b4a-8086-04de31248a2e', 'a8915798-9b95-44a8-bdbe-ea088b23ce01', 'a8915798-9b95-44a8-bdbe-ea088b23ce01', 'a8915798-9b95-44a8-bdbe-ea088b23ce01', 'a8915798-9b95-44a8-bdbe-ea088b23ce01', 'a8915798-9b95-44a8-bdbe-ea088b23ce01', 'a8915798-9b95-44a8-bdbe-ea088b23ce01', 'a8915798-9b95-44a8-bdbe-ea088b23ce01', 'a8915798-9b95-44a8-bdbe-ea088b23ce01', 'a8915798-9b95-44a8-bdbe-ea088b23ce01', '5b9b489a-874c-42f3-802a-440ca08f9682', '5b9b489a-874c-42f3-802a-440ca08f9682', '053e9a6c-7b07-4f32-9919-7e1579f63e96', '9d6b6cba-399f-4b29-819d-2b7a092c8dbb', '5747bdaa-87bb-46e3-a217-d96ce71565fc', '0f43a7f5-5e62-456a-940a-ebc80ab3e48c', '3665cacb-a138-4e6b-a670-394540b5c005', '96dc2a56-f7f7-4db2-b52c-8bc98a0cc161', '45d2fbf1-bb90-4b7a-bbdb-048d44220950', 'a91da97f-7aee-4cde-b6ae-916b426232df', '284134cf-63ef-42aa-b511-b0177bac30dc', '3de6a8d1-8a30-4712-8cb4-0d1a011146e0', 'f7813f40-3f2d-49d7-9647-816357d7fde0', '12533ef1-61f9-4e02-bff6-fcadf52433d6', 'dba7a047-09a6-4fb0-9cdf-8ec654b3c866', '9aae970d-e44f-4c18-be21-07cb432cf479', '8a1d2fc5-ba6b-488a-8092-61c7effc220b', '3697d33b-2237-4165-a953-444238b5ad03', '8267b7cd-1365-4de0-8deb-3b1cb5f1ae78', '7b5d813c-5d69-41b8-ae23-8526db068e36', 'f0979678-ba10-454f-b971-0ba9f1cd06c9', '243902b0-d3e7-4bba-9a74-7f09f28ba79d', '33d5962c-7339-401f-a82f-02caa4dfbf4d', 'f99d1084-f8f9-44fb-a9ae-11935c4a1cae', '165aaa24-a770-44f6-9397-90177f76c4f2', '061aa5f5-e611-4348-a80a-49deede5f949']"
2cb16ae7-f56e-47f5-840a-add917f05be7,4,"['cdfe7aa4-996b-47ba-9c5e-0e7af6dadc0d', 'e0699320-45e6-4260-9e85-8ddd32cc76f5', 'e0699320-45e6-4260-9e85-8ddd32cc76f5', 'e0699320-45e6-4260-9e85-8ddd32cc76f5', 'e0699320-45e6-4260-9e85-8ddd32cc76f5', 'e0699320-45e6-4260-9e85-8ddd32cc76f5', 'e0699320-45e6-4260-9e85-8ddd32cc76f5', 'e0699320-45e6-4260-9e85-8ddd32cc76f5', 'e0699320-45e6-4260-9e85-8ddd32cc76f5', 'e0699320-45e6-4260-9e85-8ddd32cc76f5', 'e0699320-45e6-4260-9e85-8ddd32cc76f5', 'e0699320-45e6-4260-9e85-8ddd32cc76f5', 'e0699320-45e6-4260-9e85-8ddd32cc76f5', 'e0699320-45e6-4260-9e85-8ddd32cc76f5', 'e0699320-45e6-4260-9e85-8ddd32cc76f5', 'e0699320-45e6-4260-9e85-8ddd32cc76f5', 'e0699320-45e6-4260-9e85-8ddd32cc76f5', 'e0699320-45e6-4260-9e85-8ddd32cc76f5', 'e0699320-45e6-4260-9e85-8ddd32cc76f5', 'e0699320-45e6-4260-9e85-8ddd32cc76f5', 'e0699320-45e6-4260-9e85-8ddd32cc76f5', 'e0699320-45e6-4260-9e85-8ddd32cc76f5', 'e0699320-45e6-4260-9e85-8ddd32cc76f5', 'e0699320-45e6-4260-9e85-8ddd32cc76f5', 'e0699320-45e6-4260-9e85-8ddd32cc76f5', 'e0699320-45e6-4260-9e85-8ddd32cc76f5', 'e0699320-45e6-4260-9e85-8ddd32cc76f5', '467fa767-6e5d-4168-b1e1-330808910dc3', '1437596e-1ff5-49bf-b8e7-e2803382efdb', '90f4c8af-cd1b-43c2-82d6-aab4cf97d54b', '999ec132-c9f6-40d9-896c-e22ddd412831', '398e70b3-013e-440f-bf9c-23c8d65e20d8', 'f5e086a3-4dac-455c-b8b4-dddb0a38bf3f', 'bf96e987-559b-4411-9912-107cf1740da3', '794037b0-c78d-4d65-a02a-24cb47da1760', '5e83d8ac-b2d6-4b9d-b572-1c5cd1c43d2f', '53c297f1-ea65-45ed-9919-b24b42cd6c30', '419ea4d2-17f6-4cbb-87d7-bc87282c671b', 'e591ab5b-89da-473c-baed-6e229c0e2b8e', 'f1cfd688-6be6-4d4d-9191-a9529102abbb', 'ce9dde40-bb8b-458d-9e24-1e73ae0a078a', '6f0cbf3d-918e-4c8c-bfb3-c5bbfdcec87a', 'ab7a8346-cc40-4091-a145-736d5f5f364d', '7ad79ed8-fa3d-43fe-bb87-8256e2a03c83', 'b067f47e-304d-4380-9b77-31c120b26d1c', '7f8d2a21-1747-4374-8838-68d36b0a83e0', '83c520db-1ac8-4c19-a2e3-6b499ddfd433', 'a4f7b3b8-bd16-4f27-be3d-508f4a1b774f', '75810b88-b12a-4e34-8cf9-dc6c82be4504', 'e180a1ed-eb90-4fc6-810c-8597cfe96695']"
2cb16ae7-f56e-47f5-840a-add917f05be7,5,"['cdfe7aa4-996b-47ba-9c5e-0e7af6dadc0d', 'e0699320-45e6-4260-9e85-8ddd32cc76f5', 'e0699320-45e6-4260-9e85-8ddd32cc76f5', 'e0699320-45e6-4260-9e85-8ddd32cc76f5', 'e0699320-45e6-4260-9e85-8ddd32cc76f5', 'e0699320-45e6-4260-9e85-8ddd32cc76f5', 'e0699320-45e6-4260-9e85-8ddd32cc76f5', 'e0699320-45e6-4260-9e85-8ddd32cc76f5', 'e0699320-45e6-4260-9e85-8ddd32cc76f5', 'e0699320-45e6-4260-9e85-8ddd32cc76f5', 'e0699320-45e6-4260-9e85-8ddd32cc76f5', 'e0699320-45e6-4260-9e85-8ddd32cc76f5', 'e0699320-45e6-4260-9e85-8ddd32cc76f5', 'e0699320-45e6-4260-9e85-8ddd32cc76f5', 'e0699320-45e6-4260-9e85-8ddd32cc76f5', 'e0699320-45e6-4260-9e85-8ddd32cc76f5', 'e0699320-45e6-4260-9e85-8ddd32cc76f5', 'e0699320-45e6-4260-9e85-8ddd32cc76f5', 'e0699320-45e6-4260-9e85-8ddd32cc76f5', 'e0699320-45e6-4260-9e85-8ddd32cc76f5', 'e0699320-45e6-4260-9e85-8ddd32cc76f5', 'e0699320-45e6-4260-9e85-8ddd32cc76f5', '467fa767-6e5d-4168-b1e1-330808910dc3', '1437596e-1ff5-49bf-b8e7-e2803382efdb', '90f4c8af-cd1b-43c2-82d6-aab4cf97d54b', '999ec132-c9f6-40d9-896c-e22ddd412831', '398e70b3-013e-440f-bf9c-23c8d65e20d8', 'f5e086a3-4dac-455c-b8b4-dddb0a38bf3f', 'bf96e987-559b-4411-9912-107cf1740da3', '794037b0-c78d-4d65-a02a-24cb47da1760', '5e83d8ac-b2d6-4b9d-b572-1c5cd1c43d2f', '53c297f1-ea65-45ed-9919-b24b42cd6c30', '419ea4d2-17f6-4cbb-87d7-bc87282c671b', 'e591ab5b-89da-473c-baed-6e229c0e2b8e', 'f1cfd688-6be6-4d4d-9191-a9529102abbb', 'ce9dde40-bb8b-458d-9e24-1e73ae0a078a', '6f0cbf3d-918e-4c8c-bfb3-c5bbfdcec87a', 'ab7a8346-cc40-4091-a145-736d5f5f364d', '7ad79ed8-fa3d-43fe-bb87-8256e2a03c83', 'b067f47e-304d-4380-9b77-31c120b26d1c', '7f8d2a21-1747-4374-8838-68d36b0a83e0', '83c520db-1ac8-4c19-a2e3-6b499ddfd433', 'a4f7b3b8-bd16-4f27-be3d-508f4a1b774f', '75810b88-b12a-4e34-8cf9-dc6c82be4504', 'e180a1ed-eb90-4fc6-810c-8597cfe96695', '287c738d-ed3d-42db-8575-5fbd6a7b0cac', 'c825bd13-22b2-4dfd-b4ab-0eb7e9a28ac9', '41d39b8b-4a6a-4fd7-8560-9feee4dfc103', '0b4abb12-f3bb-4c58-a2a7-f53d75830290', '184e4617-e9d8-4de1-bf5f-beb7f6e24f3e']"
2cb16ae7-f56e-47f5-840a-add917f05be7,6,"['cdfe7aa4-996b-47ba-9c5e-0e7af6dadc0d', 'e0699320-45e6-4260-9e85-8ddd32cc76f5', 'e0699320-45e6-4260-9e85-8ddd32cc76f5', 'e0699320-45e6-4260-9e85-8ddd32cc76f5', 'e0699320-45e6-4260-9e85-8ddd32cc76f5', 'e0699320-45e6-4260-9e85-8ddd32cc76f5', 'e0699320-45e6-4260-9e85-8ddd32cc76f5', 'e0699320-45e6-4260-9e85-8ddd32cc76f5', 'e0699320-45e6-4260-9e85-8ddd32cc76f5', 'e0699320-45e6-4260-9e85-8ddd32cc76f5', 'e0699320-45e6-4260-9e85-8ddd32cc76f5', 'e0699320-45e6-4260-9e85-8ddd32cc76f5', 'e0699320-45e6-4260-9e85-8ddd32cc76f5', 'e0699320-45e6-4260-9e85-8ddd32cc76f5', 'e0699320-45e6-4260-9e85-8ddd32cc76f5', 'e0699320-45e6-4260-9e85-8ddd32cc76f5', 'e0699320-45e6-4260-9e85-8ddd32cc76f5', 'e0699320-45e6-4260-9e85-8ddd32cc76f5', 'e0699320-45e6-4260-9e85-8ddd32cc76f5', 'e0699320-45e6-4260-9e85-8ddd32cc76f5', 'e0699320-45e6-4260-9e85-8ddd32cc76f5', 'e0699320-45e6-4260-9e85-8ddd32cc76f5', 'e0699320-45e6-4260-9e85-8ddd32cc76f5', 'e0699320-45e6-4260-9e85-8ddd32cc76f5', 'e0699320-45e6-4260-9e85-8ddd32cc76f5', 'e0699320-45e6-4260-9e85-8ddd32cc76f5', 'e0699320-45e6-4260-9e85-8ddd32cc76f5', 'e0699320-45e6-4260-9e85-8ddd32cc76f5', 'e0699320-45e6-4260-9e85-8ddd32cc76f5', 'e0699320-45e6-4260-9e85-8ddd32cc76f5', 'e0699320-45e6-4260-9e85-8ddd32cc76f5', 'e0699320-45e6-4260-9e85-8ddd32cc76f5', 'e0699320-45e6-4260-9e85-8ddd32cc76f5', 'e0699320-45e6-4260-9e85-8ddd32cc76f5', 'e0699320-45e6-4260-9e85-8ddd32cc76f5', 'e0699320-45e6-4260-9e85-8ddd32cc76f5', 'e0699320-45e6-4260-9e85-8ddd32cc76f5', 'e0699320-45e6-4260-9e85-8ddd32cc76f5', 'e0699320-45e6-4260-9e85-8ddd32cc76f5', 'e0699320-45e6-4260-9e85-8ddd32cc76f5', 'e0699320-45e6-4260-9e85-8ddd32cc76f5', 'e0699320-45e6-4260-9e85-8ddd32cc76f5', 'e0699320-45e6-4260-9e85-8ddd32cc76f5', 'e0699320-45e6-4260-9e85-8ddd32cc76f5', 'e0699320-45e6-4260-9e85-8ddd32cc76f5', 'e0699320-45e6-4260-9e85-8ddd32cc76f5', 'e0699320-45e6-4260-9e85-8ddd32cc76f5', 'd80b7527-2e42-42c2-9337-93f0afa6393e', 'cbc3e2fc-aab2-4f4d-a48d-016f2b547e09', '42e5db96-63a3-4694-bc93-4c7ab849afbc']"
36606a70-0cd2-4746-8ce7-2ffb9a03af35,12,"['fed4c358-98fa-4769-b6cf-e24620f76043', 'fed4c358-98fa-4769-b6cf-e24620f76043', 'fed4c358-98fa-4769-b6cf-e24620f76043', 'fed4c358-98fa-4769-b6cf-e24620f76043', 'fed4c358-98fa-4769-b6cf-e24620f76043', 'fed4c358-98fa-4769-b6cf-e24620f76043', 'fed4c358-98fa-4769-b6cf-e24620f76043', 'fed4c358-98fa-4769-b6cf-e24620f76043', 'fed4c358-98fa-4769-b6cf-e24620f76043', 'f0cd3f13-8134-4b4a-8086-04de31248a2e', 'a8915798-9b95-44a8-bdbe-ea088b23ce01', 'a8915798-9b95-44a8-bdbe-ea088b23ce01', 'a8915798-9b95-44a8-bdbe-ea088b23ce01', 'a8915798-9b95-44a8-bdbe-ea088b23ce01', 'a8915798-9b95-44a8-bdbe-ea088b23ce01', 'a8915798-9b95-44a8-bdbe-ea088b23ce01', 'a8915798-9b95-44a8-bdbe-ea088b23ce01', 'a8915798-9b95-44a8-bdbe-ea088b23ce01', 'a8915798-9b95-44a8-bdbe-ea088b23ce01', 'a8915798-9b95-44a8-bdbe-ea088b23ce01', 'a8915798-9b95-44a8-bdbe-ea088b23ce01', 'a8915798-9b95-44a8-bdbe-ea088b23ce01', 'a8915798-9b95-44a8-bdbe-ea088b23ce01', 'a8915798-9b95-44a8-bdbe-ea088b23ce01', 'a8915798-9b95-44a8-bdbe-ea088b23ce01', 'a8915798-9b95-44a8-bdbe-ea088b23ce01', 'a8915798-9b95-44a8-bdbe-ea088b23ce01', '5b9b489a-874c-42f3-802a-440ca08f9682', '5b9b489a-874c-42f3-802a-440ca08f9682', '5b9b489a-874c-42f3-802a-440ca08f9682', '8267b7cd-1365-4de0-8deb-3b1cb5f1ae78', '8267b7cd-1365-4de0-8deb-3b1cb5f1ae78', 'b72e4655-89e5-4de8-93c1-7ecfe58ab616', 'ec8a0bfe-7745-479b-87e4-cb3825ad4206', '32390e87-dd15-4b70-b43d-59547b9c8ddc', 'ea863670-6e69-47a7-9417-4516a2f4a334', '79696803-08f6-4978-bd1d-227daafdd90e', '6c36ff3a-e2a3-4304-bf9b-96a6f1208384', '08858475-bf14-4ebc-9bc0-e179aad7f811', '84079b8f-ebc6-479e-b515-ae01c7ef6029', '683e1cd2-712a-411d-979d-0de0016e4be8', 'e13fcecf-a08a-48dc-b634-a0c9b7259080', 'f99f0807-0070-46a5-93a7-39ff3d69e0a1', 'cfd7dcaf-2da4-46a9-a752-b0781f8ab9c1', '4b2b6af7-dc91-4ba7-84f5-6f8d7d24a235', '6431120d-79ca-4924-9bfc-e701208c5fb4', 'fa1fe376-2da7-46f2-a15c-dd448b19fc93', '9dc07707-2334-4711-91e8-ecae1f9690cb', 'd6aedae0-2850-4b25-a3c7-2653227186ee', 'f969f5b2-92db-4078-8cc4-fe1039268446']"
36606a70-0cd2-4746-8ce7-2ffb9a03af35,13,"['fed4c358-98fa-4769-b6cf-e24620f76043', 'fed4c358-98fa-4769-b6cf-e24620f76043', 'fed4c358-98fa-4769-b6cf-e24620f76043', 'fed4c358-98fa-4769-b6cf-e24620f76043', 'fed4c358-98fa-4769-b6cf-e24620f76043', 'fed4c358-98fa-4769-b6cf-e24620f76043', 'fed4c358-98fa-4769-b6cf-e24620f76043', 'fed4c358-98fa-4769-b6cf-e24620f76043', 'f0cd3f13-8134-4b4a-8086-04de31248a2e', 'a8915798-9b95-44a8-bdbe-ea088b23ce01', 'a8915798-9b95-44a8-bdbe-ea088b23ce01', 'a8915798-9b95-44a8-bdbe-ea088b23ce01', 'a8915798-9b95-44a8-bdbe-ea088b23ce01', 'a8915798-9b95-44a8-bdbe-ea088b23ce01', 'a8915798-9b95-44a8-bdbe-ea088b23ce01', 'a8915798-9b95-44a8-bdbe-ea088b23ce01', 'a8915798-9b95-44a8-bdbe-ea088b23ce01', 'a8915798-9b95-44a8-bdbe-ea088b23ce01', 'a8915798-9b95-44a8-bdbe-ea088b23ce01', 'a8915798-9b95-44a8-bdbe-ea088b23ce01', 'a8915798-9b95-44a8-bdbe-ea088b23ce01', 'a8915798-9b95-44a8-bdbe-ea088b23ce01', '8267b7cd-1365-4de0-8deb-3b1cb5f1ae78', '8267b7cd-1365-4de0-8deb-3b1cb5f1ae78', 'ec8a0bfe-7745-479b-87e4-cb3825ad4206', '32390e87-dd15-4b70-b43d-59547b9c8ddc', 'ea863670-6e69-47a7-9417-4516a2f4a334', '79696803-08f6-4978-bd1d-227daafdd90e', '6c36ff3a-e2a3-4304-bf9b-96a6f1208384', '08858475-bf14-4ebc-9bc0-e179aad7f811', '683e1cd2-712a-411d-979d-0de0016e4be8', 'e13fcecf-a08a-48dc-b634-a0c9b7259080', 'f99f0807-0070-46a5-93a7-39ff3d69e0a1', 'cfd7dcaf-2da4-46a9-a752-b0781f8ab9c1', '6431120d-79ca-4924-9bfc-e701208c5fb4', 'fa1fe376-2da7-46f2-a15c-dd448b19fc93', '9dc07707-2334-4711-91e8-ecae1f9690cb', 'd6aedae0-2850-4b25-a3c7-2653227186ee', 'f969f5b2-92db-4078-8cc4-fe1039268446', '1a1f994e-bd44-4ff3-9aba-55ff13cea1ad', 'e42e77ed-aecb-4f2c-8932-78a5b66d60f9', '93732fa6-55e6-45a3-9d2a-72a6d4f75f1d', '2dba3786-1a49-40d3-8278-5e4c9e8529a4', 'b24257c7-dfb3-49c6-8108-c17c44116bb3', '0f6e0fb2-fe45-49ff-8aa7-3b34f3b01549', '9e76f957-0b85-44f0-bfe1-e3833a420863', '05c70df2-f48a-4584-9514-bbc1a630edaf', '2a5dfaf1-f2c4-4b64-b5d0-172d28e2d972', '3191826c-a958-4d41-a555-44104524e7a9', '3fcf3161-0b59-4603-9085-8a28002d135d']"
2cb16ae7-f56e-47f5-840a-add917f05be7,7,"['cdfe7aa4-996b-47ba-9c5e-0e7af6dadc0d', 'e0699320-45e6-4260-9e85-8ddd32cc76f5', 'e0699320-45e6-4260-9e85-8ddd32cc76f5', 'e0699320-45e6-4260-9e85-8ddd32cc76f5', 'e0699320-45e6-4260-9e85-8ddd32cc76f5', 'e0699320-45e6-4260-9e85-8ddd32cc76f5', 'e0699320-45e6-4260-9e85-8ddd32cc76f5', 'e0699320-45e6-4260-9e85-8ddd32cc76f5', 'e0699320-45e6-4260-9e85-8ddd32cc76f5', 'e0699320-45e6-4260-9e85-8ddd32cc76f5', 'e0699320-45e6-4260-9e85-8ddd32cc76f5', 'e0699320-45e6-4260-9e85-8ddd32cc76f5', 'e0699320-45e6-4260-9e85-8ddd32cc76f5', 'e0699320-45e6-4260-9e85-8ddd32cc76f5', 'e0699320-45e6-4260-9e85-8ddd32cc76f5', 'e0699320-45e6-4260-9e85-8ddd32cc76f5', 'e0699320-45e6-4260-9e85-8ddd32cc76f5', 'e0699320-45e6-4260-9e85-8ddd32cc76f5', 'e0699320-45e6-4260-9e85-8ddd32cc76f5', 'e0699320-45e6-4260-9e85-8ddd32cc76f5', 'e0699320-45e6-4260-9e85-8ddd32cc76f5', 'e0699320-45e6-4260-9e85-8ddd32cc76f5', 'e0699320-45e6-4260-9e85-8ddd32cc76f5', 'e0699320-45e6-4260-9e85-8ddd32cc76f5', 'e0699320-45e6-4260-9e85-8ddd32cc76f5', 'e0699320-45e6-4260-9e85-8ddd32cc76f5', 'e0699320-45e6-4260-9e85-8ddd32cc76f5', 'e0699320-45e6-4260-9e85-8ddd32cc76f5', 'e0699320-45e6-4260-9e85-8ddd32cc76f5', 'e0699320-45e6-4260-9e85-8ddd32cc76f5', 'e0699320-45e6-4260-9e85-8ddd32cc76f5', 'e0699320-45e6-4260-9e85-8ddd32cc76f5', 'e0699320-45e6-4260-9e85-8ddd32cc76f5', 'e0699320-45e6-4260-9e85-8ddd32cc76f5', 'e0699320-45e6-4260-9e85-8ddd32cc76f5', 'e0699320-45e6-4260-9e85-8ddd32cc76f5', 'e0699320-45e6-4260-9e85-8ddd32cc76f5', 'e0699320-45e6-4260-9e85-8ddd32cc76f5', 'e0699320-45e6-4260-9e85-8ddd32cc76f5', 'e0699320-45e6-4260-9e85-8ddd32cc76f5', 'e0699320-45e6-4260-9e85-8ddd32cc76f5', 'd80b7527-2e42-42c2-9337-93f0afa6393e', 'cbc3e2fc-aab2-4f4d-a48d-016f2b547e09', '42e5db96-63a3-4694-bc93-4c7ab849afbc', 'e3c329af-a54a-4844-acee-9e601db0baab', '7e3d8930-3e55-4919-ad72-26240529d4fa', 'e99a2c4d-96fc-4376-beb2-6b2f98fc07ee', '9b98ea92-965a-4215-ba0f-f83f0633a27d', '600fca50-b622-4a3f-aa9c-d194e1aeb09e', '57f8ecfd-732b-4724-a278-289e44888552']"
c4db06b7-e05d-4dd5-92c7-f81a3a144652,9,"['8eb64023-0141-4447-9f48-da9059d0dc9f', '8eb64023-0141-4447-9f48-da9059d0dc9f', 'a35648fb-7648-4580-baa4-93e0690dfb37', 'a35648fb-7648-4580-baa4-93e0690dfb37', 'a35648fb-7648-4580-baa4-93e0690dfb37', 'a35648fb-7648-4580-baa4-93e0690dfb37', 'a35648fb-7648-4580-baa4-93e0690dfb37', 'a35648fb-7648-4580-baa4-93e0690dfb37', 'a35648fb-7648-4580-baa4-93e0690dfb37', 'a35648fb-7648-4580-baa4-93e0690dfb37', 'a35648fb-7648-4580-baa4-93e0690dfb37', 'a35648fb-7648-4580-baa4-93e0690dfb37', 'a35648fb-7648-4580-baa4-93e0690dfb37', 'a35648fb-7648-4580-baa4-93e0690dfb37', 'a35648fb-7648-4580-baa4-93e0690dfb37', 'a35648fb-7648-4580-baa4-93e0690dfb37', 'a35648fb-7648-4580-baa4-93e0690dfb37', 'a35648fb-7648-4580-baa4-93e0690dfb37', 'a35648fb-7648-4580-baa4-93e0690dfb37', 'a35648fb-7648-4580-baa4-93e0690dfb37', 'd914eb88-6354-4046-abf5-8e13afc19be2', '93c4f40c-6b79-43b9-a747-4c4ee24725e6', 'f0fa04f8-a0ae-4574-896e-a8564177fef4', '90322727-5c60-4ea6-89a5-992bfa9f1885', 'c04ecaa8-3968-415d-9729-427eade224df', 'e908e93f-6f50-4386-beb9-631ca92469f6', '37dae7b4-8cfd-4303-be14-e8dc1665eb53', '72eaac05-612f-4132-9c20-94b4eb26c40e', 'c53d5a11-13e4-4a82-93b5-7fc67141aa99', 'f846216a-466a-4b4a-86e5-b48d3a835d5b', '0462f104-776a-4952-9271-01699f4e1bea', '58b8e7f9-5580-47eb-95ad-58694b9a4110', '7d59e051-be54-4ab0-9a3e-5669263d67a5', 'a23b1cb9-4068-4f00-8e0c-c319139db49c', 'd5c8917e-5b7e-4cfb-a981-7310d9187a4f', '1a65d18f-7c91-4e23-b70a-0a7e61d312d0', 'a52089e7-45d5-43ad-82d7-c62219c65bc9', '5c6db605-41b6-42a3-9e4a-4d8bbb401d90', '2fd8293b-2a04-482a-814f-b40db7b76678', '087787f9-71b5-455e-a9d8-ab62df6626d3', '28ef8882-efee-4b86-822f-d40635bf7056', '8bb3e49e-4d8f-4ff8-8234-cf948b1c6686', 'cb3af468-e88b-499a-80db-a7783e9ab7a1', '6d762b0c-f551-42a2-bb1f-2061e784e2b6', '38502ba5-794c-4870-81f0-ad32f2ad1aeb', '1ecb18ea-33e6-48b6-80ff-577b9cff475b', '52d28101-daa2-48fb-941b-be8ca4e34088', '067642e4-06d6-4899-811a-c45dec153913', '45057e27-2305-42a8-81d1-087a0a38334e', 'ef4cd183-1aaf-4656-b54b-6ef5bc01b6ea']"
36606a70-0cd2-4746-8ce7-2ffb9a03af35,14,"['fed4c358-98fa-4769-b6cf-e24620f76043', 'fed4c358-98fa-4769-b6cf-e24620f76043', 'fed4c358-98fa-4769-b6cf-e24620f76043', 'fed4c358-98fa-4769-b6cf-e24620f76043', 'fed4c358-98fa-4769-b6cf-e24620f76043', 'fed4c358-98fa-4769-b6cf-e24620f76043', 'fed4c358-98fa-4769-b6cf-e24620f76043', 'fed4c358-98fa-4769-b6cf-e24620f76043', 'f0cd3f13-8134-4b4a-8086-04de31248a2e', 'a8915798-9b95-44a8-bdbe-ea088b23ce01', 'a8915798-9b95-44a8-bdbe-ea088b23ce01', 'a8915798-9b95-44a8-bdbe-ea088b23ce01', 'a8915798-9b95-44a8-bdbe-ea088b23ce01', 'a8915798-9b95-44a8-bdbe-ea088b23ce01', 'a8915798-9b95-44a8-bdbe-ea088b23ce01', 'a8915798-9b95-44a8-bdbe-ea088b23ce01', 'a8915798-9b95-44a8-bdbe-ea088b23ce01', 'a8915798-9b95-44a8-bdbe-ea088b23ce01', 'a8915798-9b95-44a8-bdbe-ea088b23ce01', 'a8915798-9b95-44a8-bdbe-ea088b23ce01', 'a8915798-9b95-44a8-bdbe-ea088b23ce01', 'a8915798-9b95-44a8-bdbe-ea088b23ce01', 'a8915798-9b95-44a8-bdbe-ea088b23ce01', 'a8915798-9b95-44a8-bdbe-ea088b23ce01', 'a8915798-9b95-44a8-bdbe-ea088b23ce01', 'a8915798-9b95-44a8-bdbe-ea088b23ce01', 'a8915798-9b95-44a8-bdbe-ea088b23ce01', 'a8915798-9b95-44a8-bdbe-ea088b23ce01', 'a8915798-9b95-44a8-bdbe-ea088b23ce01', 'a8915798-9b95-44a8-bdbe-ea088b23ce01', 'a8915798-9b95-44a8-bdbe-ea088b23ce01', 'a8915798-9b95-44a8-bdbe-ea088b23ce01', 'a8915798-9b95-44a8-bdbe-ea088b23ce01', 'a8915798-9b95-44a8-bdbe-ea088b23ce01', 'a8915798-9b95-44a8-bdbe-ea088b23ce01', 'a8915798-9b95-44a8-bdbe-ea088b23ce01', 'a8915798-9b95-44a8-bdbe-ea088b23ce01', 'a8915798-9b95-44a8-bdbe-ea088b23ce01', '8267b7cd-1365-4de0-8deb-3b1cb5f1ae78', '8267b7cd-1365-4de0-8deb-3b1cb5f1ae78', '8267b7cd-1365-4de0-8deb-3b1cb5f1ae78', '8267b7cd-1365-4de0-8deb-3b1cb5f1ae78', '8267b7cd-1365-4de0-8deb-3b1cb5f1ae78', 'ee83c0e2-2b2b-4c87-ac05-c42cdafded38', '7318da0d-1d97-4fec-860c-869d33cd1856', '708ecdbe-6823-48c6-9d72-87ba3e27d1a3', '6544dd4a-952a-4577-baae-bf67aeb1c100', 'e4bdfe8e-aac4-4276-bac4-e445764ab2ab', '89738d07-9f70-4846-9d23-e579f0af620c', 'd28992d1-a1e3-417c-ae07-a56a654cfaec']"
36606a70-0cd2-4746-8ce7-2ffb9a03af35,15,"['fed4c358-98fa-4769-b6cf-e24620f76043', 'fed4c358-98fa-4769-b6cf-e24620f76043', 'fed4c358-98fa-4769-b6cf-e24620f76043', 'fed4c358-98fa-4769-b6cf-e24620f76043', 'fed4c358-98fa-4769-b6cf-e24620f76043', 'fed4c358-98fa-4769-b6cf-e24620f76043', 'f0cd3f13-8134-4b4a-8086-04de31248a2e', 'a8915798-9b95-44a8-bdbe-ea088b23ce01', 'a8915798-9b95-44a8-bdbe-ea088b23ce01', 'a8915798-9b95-44a8-bdbe-ea088b23ce01', 'a8915798-9b95-44a8-bdbe-ea088b23ce01', 'a8915798-9b95-44a8-bdbe-ea088b23ce01', 'a8915798-9b95-44a8-bdbe-ea088b23ce01', 'a8915798-9b95-44a8-bdbe-ea088b23ce01', 'a8915798-9b95-44a8-bdbe-ea088b23ce01', 'a8915798-9b95-44a8-bdbe-ea088b23ce01', 'a8915798-9b95-44a8-bdbe-ea088b23ce01', 'a8915798-9b95-44a8-bdbe-ea088b23ce01', 'a8915798-9b95-44a8-bdbe-ea088b23ce01', 'a8915798-9b95-44a8-bdbe-ea088b23ce01', 'a8915798-9b95-44a8-bdbe-ea088b23ce01', 'a8915798-9b95-44a8-bdbe-ea088b23ce01', 'a8915798-9b95-44a8-bdbe-ea088b23ce01', 'a8915798-9b95-44a8-bdbe-ea088b23ce01', 'a8915798-9b95-44a8-bdbe-ea088b23ce01', 'a8915798-9b95-44a8-bdbe-ea088b23ce01', 'a8915798-9b95-44a8-bdbe-ea088b23ce01', 'a8915798-9b95-44a8-bdbe-ea088b23ce01', '8267b7cd-1365-4de0-8deb-3b1cb5f1ae78', '8267b7cd-1365-4de0-8deb-3b1cb5f1ae78', '8267b7cd-1365-4de0-8deb-3b1cb5f1ae78', '8267b7cd-1365-4de0-8deb-3b1cb5f1ae78', '8267b7cd-1365-4de0-8deb-3b1cb5f1ae78', 'ee83c0e2-2b2b-4c87-ac05-c42cdafded38', '7318da0d-1d97-4fec-860c-869d33cd1856', '708ecdbe-6823-48c6-9d72-87ba3e27d1a3', '6544dd4a-952a-4577-baae-bf67aeb1c100', 'e4bdfe8e-aac4-4276-bac4-e445764ab2ab', '89738d07-9f70-4846-9d23-e579f0af620c', 'd28992d1-a1e3-417c-ae07-a56a654cfaec', '5e197f42-a279-434e-93f8-fd157b488559', '11671f25-169c-4b1d-95f7-fa92d592dfc1', 'e88bf35a-7cff-4cb7-9b74-ffce5975ffd7', 'e757aa2a-e3e9-45dc-b499-98ca7813aa6f', '3e8e9b7a-47aa-499d-85b5-db8f72f0f463', '9852c84f-c419-42cc-9566-9f5e1af3076b', 'a4db1059-b3dd-41c5-b3c5-9dc1b75b201a', '734786b1-1147-473a-93ba-23697afa44e9', 'bdd03b8b-565e-4700-9379-2c9af1c6326c', '007cc45f-9f29-4d61-9b54-369d21d368ed']"
2cb16ae7-f56e-47f5-840a-add917f05be7,8,"['cdfe7aa4-996b-47ba-9c5e-0e7af6dadc0d', 'e0699320-45e6-4260-9e85-8ddd32cc76f5', 'e0699320-45e6-4260-9e85-8ddd32cc76f5', 'e0699320-45e6-4260-9e85-8ddd32cc76f5', 'e0699320-45e6-4260-9e85-8ddd32cc76f5', 'e0699320-45e6-4260-9e85-8ddd32cc76f5', 'e0699320-45e6-4260-9e85-8ddd32cc76f5', 'e0699320-45e6-4260-9e85-8ddd32cc76f5', 'e0699320-45e6-4260-9e85-8ddd32cc76f5', 'e0699320-45e6-4260-9e85-8ddd32cc76f5', 'e0699320-45e6-4260-9e85-8ddd32cc76f5', 'e0699320-45e6-4260-9e85-8ddd32cc76f5', 'e0699320-45e6-4260-9e85-8ddd32cc76f5', 'e0699320-45e6-4260-9e85-8ddd32cc76f5', 'e0699320-45e6-4260-9e85-8ddd32cc76f5', 'e0699320-45e6-4260-9e85-8ddd32cc76f5', 'e0699320-45e6-4260-9e85-8ddd32cc76f5', 'e0699320-45e6-4260-9e85-8ddd32cc76f5', 'e0699320-45e6-4260-9e85-8ddd32cc76f5', 'e0699320-45e6-4260-9e85-8ddd32cc76f5', 'e0699320-45e6-4260-9e85-8ddd32cc76f5', 'e0699320-45e6-4260-9e85-8ddd32cc76f5', 'e0699320-45e6-4260-9e85-8ddd32cc76f5', 'e0699320-45e6-4260-9e85-8ddd32cc76f5', 'e0699320-45e6-4260-9e85-8ddd32cc76f5', 'e0699320-45e6-4260-9e85-8ddd32cc76f5', 'e0699320-45e6-4260-9e85-8ddd32cc76f5', 'e0699320-45e6-4260-9e85-8ddd32cc76f5', 'e0699320-45e6-4260-9e85-8ddd32cc76f5', 'e0699320-45e6-4260-9e85-8ddd32cc76f5', 'e0699320-45e6-4260-9e85-8ddd32cc76f5', '42e5db96-63a3-4694-bc93-4c7ab849afbc', 'e3c329af-a54a-4844-acee-9e601db0baab', '7e3d8930-3e55-4919-ad72-26240529d4fa', '600fca50-b622-4a3f-aa9c-d194e1aeb09e', '57f8ecfd-732b-4724-a278-289e44888552', '4cca57cd-e56f-4dde-9acb-24aed218fe65', 'f2eff00a-b705-4c00-b83a-ec6d49db327e', '7af89782-f624-4543-b6af-f401c751947c', 'b7824dee-290b-4157-a5ae-ca429bd0e03b', '579d63dd-8bca-4fa2-b133-efd27ea0bed1', '140ea6d3-e46d-418f-9657-2121267629aa', '9f32da06-0f74-45d4-b1ea-a3adee44abb4', 'f43c1265-55e2-4bf5-be82-2095ed6057c7', '72cda3b7-8cd5-4c44-b99d-c3aa4d3e95b0', '09373f72-8c5b-445a-8749-c189d19512fc', 'b8bea107-2d00-4577-99d8-884c2c36b7fe', '1d14ced4-f144-4797-8738-0e2e510e4629', '32a379c5-c5d2-4925-88ad-f3d3dffd3c6a', 'e3b3be04-7d85-47c8-9361-f07343163230']"
c4db06b7-e05d-4dd5-92c7-f81a3a144652,10,"['a35648fb-7648-4580-baa4-93e0690dfb37', 'a35648fb-7648-4580-baa4-93e0690dfb37', 'a35648fb-7648-4580-baa4-93e0690dfb37', 'a35648fb-7648-4580-baa4-93e0690dfb37', 'a35648fb-7648-4580-baa4-93e0690dfb37', 'a35648fb-7648-4580-baa4-93e0690dfb37', 'a35648fb-7648-4580-baa4-93e0690dfb37', 'a35648fb-7648-4580-baa4-93e0690dfb37', 'a35648fb-7648-4580-baa4-93e0690dfb37', 'a35648fb-7648-4580-baa4-93e0690dfb37', 'a35648fb-7648-4580-baa4-93e0690dfb37', 'a35648fb-7648-4580-baa4-93e0690dfb37', 'a35648fb-7648-4580-baa4-93e0690dfb37', 'a35648fb-7648-4580-baa4-93e0690dfb37', 'a35648fb-7648-4580-baa4-93e0690dfb37', 'a35648fb-7648-4580-baa4-93e0690dfb37', 'a35648fb-7648-4580-baa4-93e0690dfb37', 'a35648fb-7648-4580-baa4-93e0690dfb37', 'a35648fb-7648-4580-baa4-93e0690dfb37', 'a35648fb-7648-4580-baa4-93e0690dfb37', 'a35648fb-7648-4580-baa4-93e0690dfb37', 'a35648fb-7648-4580-baa4-93e0690dfb37', 'a35648fb-7648-4580-baa4-93e0690dfb37', 'a35648fb-7648-4580-baa4-93e0690dfb37', 'a35648fb-7648-4580-baa4-93e0690dfb37', 'a35648fb-7648-4580-baa4-93e0690dfb37', 'a35648fb-7648-4580-baa4-93e0690dfb37', 'a35648fb-7648-4580-baa4-93e0690dfb37', 'a35648fb-7648-4580-baa4-93e0690dfb37', 'a35648fb-7648-4580-baa4-93e0690dfb37', 'a35648fb-7648-4580-baa4-93e0690dfb37', 'a35648fb-7648-4580-baa4-93e0690dfb37', 'a35648fb-7648-4580-baa4-93e0690dfb37', 'a35648fb-7648-4580-baa4-93e0690dfb37', 'a35648fb-7648-4580-baa4-93e0690dfb37', 'a35648fb-7648-4580-baa4-93e0690dfb37', 'a35648fb-7648-4580-baa4-93e0690dfb37', 'a35648fb-7648-4580-baa4-93e0690dfb37', 'a35648fb-7648-4580-baa4-93e0690dfb37', 'a35648fb-7648-4580-baa4-93e0690dfb37', 'a35648fb-7648-4580-baa4-93e0690dfb37', 'a35648fb-7648-4580-baa4-93e0690dfb37', 'a35648fb-7648-4580-baa4-93e0690dfb37', '74a34b98-d5c3-4e47-9e8c-b457f8358b5b', '86e08a5d-dbc2-4a05-af34-eabb2c6bb8b7', '5cbb9ab1-7a3e-4b00-bc87-feae3cfd706f', '6b11319f-86d9-4f75-b99d-868f6dbe71a6', '5063484e-73af-4746-b186-87ab3207df5d', '6ce0de2f-c2c7-47b9-93b2-7bbeef65bab1', 'd2ea8d74-3d45-40fb-bb1d-8f84d10f6402']"
2cb16ae7-f56e-47f5-840a-add917f05be7,9,"['cdfe7aa4-996b-47ba-9c5e-0e7af6dadc0d', 'e0699320-45e6-4260-9e85-8ddd32cc76f5', 'e0699320-45e6-4260-9e85-8ddd32cc76f5', 'e0699320-45e6-4260-9e85-8ddd32cc76f5', 'e0699320-45e6-4260-9e85-8ddd32cc76f5', 'e0699320-45e6-4260-9e85-8ddd32cc76f5', 'e0699320-45e6-4260-9e85-8ddd32cc76f5', 'e0699320-45e6-4260-9e85-8ddd32cc76f5', 'e0699320-45e6-4260-9e85-8ddd32cc76f5', 'e0699320-45e6-4260-9e85-8ddd32cc76f5', 'e0699320-45e6-4260-9e85-8ddd32cc76f5', 'e0699320-45e6-4260-9e85-8ddd32cc76f5', 'e0699320-45e6-4260-9e85-8ddd32cc76f5', 'e0699320-45e6-4260-9e85-8ddd32cc76f5', 'e0699320-45e6-4260-9e85-8ddd32cc76f5', 'e0699320-45e6-4260-9e85-8ddd32cc76f5', 'e0699320-45e6-4260-9e85-8ddd32cc76f5', 'e0699320-45e6-4260-9e85-8ddd32cc76f5', 'e0699320-45e6-4260-9e85-8ddd32cc76f5', 'e0699320-45e6-4260-9e85-8ddd32cc76f5', 'e0699320-45e6-4260-9e85-8ddd32cc76f5', 'e0699320-45e6-4260-9e85-8ddd32cc76f5', 'e0699320-45e6-4260-9e85-8ddd32cc76f5', 'e0699320-45e6-4260-9e85-8ddd32cc76f5', 'e0699320-45e6-4260-9e85-8ddd32cc76f5', '42e5db96-63a3-4694-bc93-4c7ab849afbc', 'e3c329af-a54a-4844-acee-9e601db0baab', '7e3d8930-3e55-4919-ad72-26240529d4fa', '600fca50-b622-4a3f-aa9c-d194e1aeb09e', '57f8ecfd-732b-4724-a278-289e44888552', '4cca57cd-e56f-4dde-9acb-24aed218fe65', 'f2eff00a-b705-4c00-b83a-ec6d49db327e', '7af89782-f624-4543-b6af-f401c751947c', 'b7824dee-290b-4157-a5ae-ca429bd0e03b', '579d63dd-8bca-4fa2-b133-efd27ea0bed1', '140ea6d3-e46d-418f-9657-2121267629aa', 'f43c1265-55e2-4bf5-be82-2095ed6057c7', '72cda3b7-8cd5-4c44-b99d-c3aa4d3e95b0', '09373f72-8c5b-445a-8749-c189d19512fc', 'b8bea107-2d00-4577-99d8-884c2c36b7fe', '1d14ced4-f144-4797-8738-0e2e510e4629', '32a379c5-c5d2-4925-88ad-f3d3dffd3c6a', 'e3b3be04-7d85-47c8-9361-f07343163230', '87863320-ecb4-4ebd-84da-16204de8538a', 'b6bdb8fb-b732-42e6-ab51-bd64547b385c', '47610b92-4b99-4b7c-8fd1-34dee745c812', '3046b70c-d660-431b-8bf1-05501a872e40', '010865da-8c97-477c-8473-aaf7936f4b2b', '153cb835-9d80-471f-a849-b9e7a9fc76bf', 'd4be046a-70a8-4f61-8542-8ae65737fcea']"
c4db06b7-e05d-4dd5-92c7-f81a3a144652,11,"['a35648fb-7648-4580-baa4-93e0690dfb37', 'a35648fb-7648-4580-baa4-93e0690dfb37', 'a35648fb-7648-4580-baa4-93e0690dfb37', 'a35648fb-7648-4580-baa4-93e0690dfb37', 'a35648fb-7648-4580-baa4-93e0690dfb37', 'a35648fb-7648-4580-baa4-93e0690dfb37', 'a35648fb-7648-4580-baa4-93e0690dfb37', 'a35648fb-7648-4580-baa4-93e0690dfb37', 'a35648fb-7648-4580-baa4-93e0690dfb37', 'a35648fb-7648-4580-baa4-93e0690dfb37', 'a35648fb-7648-4580-baa4-93e0690dfb37', 'a35648fb-7648-4580-baa4-93e0690dfb37', 'a35648fb-7648-4580-baa4-93e0690dfb37', 'a35648fb-7648-4580-baa4-93e0690dfb37', 'a35648fb-7648-4580-baa4-93e0690dfb37', 'a35648fb-7648-4580-baa4-93e0690dfb37', 'a35648fb-7648-4580-baa4-93e0690dfb37', 'a35648fb-7648-4580-baa4-93e0690dfb37', 'a35648fb-7648-4580-baa4-93e0690dfb37', 'a35648fb-7648-4580-baa4-93e0690dfb37', 'a35648fb-7648-4580-baa4-93e0690dfb37', 'a35648fb-7648-4580-baa4-93e0690dfb37', 'a35648fb-7648-4580-baa4-93e0690dfb37', 'a35648fb-7648-4580-baa4-93e0690dfb37', 'a35648fb-7648-4580-baa4-93e0690dfb37', 'a35648fb-7648-4580-baa4-93e0690dfb37', 'a35648fb-7648-4580-baa4-93e0690dfb37', 'a35648fb-7648-4580-baa4-93e0690dfb37', 'a35648fb-7648-4580-baa4-93e0690dfb37', 'a35648fb-7648-4580-baa4-93e0690dfb37', 'a35648fb-7648-4580-baa4-93e0690dfb37', 'a35648fb-7648-4580-baa4-93e0690dfb37', '6b11319f-86d9-4f75-b99d-868f6dbe71a6', '6ce0de2f-c2c7-47b9-93b2-7bbeef65bab1', 'd2ea8d74-3d45-40fb-bb1d-8f84d10f6402', 'fc5ab747-5635-45fe-b543-308006710744', '965d1b99-8099-40cc-ad36-8b603d096d7f', 'c31713dc-4731-405b-92b4-04bcdc83c78a', '1b8ff11b-9f97-4590-b675-54394bc04c5d', '6342f4dd-7578-4cef-8d41-6f1b8ebea4e0', '0963ba3e-7df9-4ed2-a6df-d651af867022', '69189350-1321-400c-afa6-20af3fe2214d', 'bc2fac5d-eb74-4c38-9e10-6dc70e961533', 'c9494d79-48fc-42a2-bfdf-c4545c0445c2', '993d1496-9fa3-404d-b0fe-42ce679bbd20', 'd8c49002-2dee-44dc-adc3-65c5ce93a13e', 'a82f7a44-005e-4afa-a252-f0e345e33078', '8f4984d6-3949-4c8c-aea1-00123e6cb014', '8ba8eaec-88ba-4716-93ce-b8899738d417', '829d0440-ff08-4374-a955-ff927aa884d0']"
2cb16ae7-f56e-47f5-840a-add917f05be7,10,"['e0699320-45e6-4260-9e85-8ddd32cc76f5', 'e0699320-45e6-4260-9e85-8ddd32cc76f5', 'e0699320-45e6-4260-9e85-8ddd32cc76f5', 'e0699320-45e6-4260-9e85-8ddd32cc76f5', 'e0699320-45e6-4260-9e85-8ddd32cc76f5', 'e0699320-45e6-4260-9e85-8ddd32cc76f5', 'e0699320-45e6-4260-9e85-8ddd32cc76f5', 'e0699320-45e6-4260-9e85-8ddd32cc76f5', 'e0699320-45e6-4260-9e85-8ddd32cc76f5', 'e0699320-45e6-4260-9e85-8ddd32cc76f5', 'e0699320-45e6-4260-9e85-8ddd32cc76f5', 'e0699320-45e6-4260-9e85-8ddd32cc76f5', 'e0699320-45e6-4260-9e85-8ddd32cc76f5', 'e0699320-45e6-4260-9e85-8ddd32cc76f5', 'e0699320-45e6-4260-9e85-8ddd32cc76f5', 'e0699320-45e6-4260-9e85-8ddd32cc76f5', 'e0699320-45e6-4260-9e85-8ddd32cc76f5', 'e0699320-45e6-4260-9e85-8ddd32cc76f5', 'e0699320-45e6-4260-9e85-8ddd32cc76f5', 'e0699320-45e6-4260-9e85-8ddd32cc76f5', 'e0699320-45e6-4260-9e85-8ddd32cc76f5', 'e0699320-45e6-4260-9e85-8ddd32cc76f5', 'e0699320-45e6-4260-9e85-8ddd32cc76f5', 'e0699320-45e6-4260-9e85-8ddd32cc76f5', 'e0699320-45e6-4260-9e85-8ddd32cc76f5', 'e0699320-45e6-4260-9e85-8ddd32cc76f5', 'e0699320-45e6-4260-9e85-8ddd32cc76f5', 'e0699320-45e6-4260-9e85-8ddd32cc76f5', 'e0699320-45e6-4260-9e85-8ddd32cc76f5', 'e0699320-45e6-4260-9e85-8ddd32cc76f5', 'e0699320-45e6-4260-9e85-8ddd32cc76f5', 'e0699320-45e6-4260-9e85-8ddd32cc76f5', 'e0699320-45e6-4260-9e85-8ddd32cc76f5', 'e0699320-45e6-4260-9e85-8ddd32cc76f5', 'e0699320-45e6-4260-9e85-8ddd32cc76f5', 'e0699320-45e6-4260-9e85-8ddd32cc76f5', 'eef5c446-3c2f-4f74-adbc-4a3732d2d6f9', '25d73453-4704-40c2-ba92-7a93ac28053b', '42b906f5-50a5-4fe1-83b3-67f16acd56cc', '55edb510-3be4-4b5f-874c-73f3a794348b', '0579839f-11c7-4378-96ce-002754b32642', '0b71a3b8-c2ef-45a8-8238-dcd6076fc828', '2bd9f489-e38c-41b5-8545-52b349f86060', '30d01916-5d99-47a5-981e-4c1b5cfce30f', 'b4205e45-15a3-41f3-a0bd-bc4ab330f35d', '2944d514-f108-4d1e-a0d3-51ac17972e20', '27f84bd2-5581-47da-ad51-200eaee5ffa6', '118f5759-e11c-411b-a3e8-419482ddaabb', '96f12a0f-d95d-4079-8e7d-47877db2acdd', '1e0d9e24-3a43-4f18-87ca-7f534fbc9be3']"
2cb16ae7-f56e-47f5-840a-add917f05be7,11,"['e0699320-45e6-4260-9e85-8ddd32cc76f5', 'e0699320-45e6-4260-9e85-8ddd32cc76f5', 'e0699320-45e6-4260-9e85-8ddd32cc76f5', 'e0699320-45e6-4260-9e85-8ddd32cc76f5', 'e0699320-45e6-4260-9e85-8ddd32cc76f5', 'e0699320-45e6-4260-9e85-8ddd32cc76f5', 'e0699320-45e6-4260-9e85-8ddd32cc76f5', 'e0699320-45e6-4260-9e85-8ddd32cc76f5', 'e0699320-45e6-4260-9e85-8ddd32cc76f5', 'e0699320-45e6-4260-9e85-8ddd32cc76f5', 'e0699320-45e6-4260-9e85-8ddd32cc76f5', 'e0699320-45e6-4260-9e85-8ddd32cc76f5', 'e0699320-45e6-4260-9e85-8ddd32cc76f5', 'e0699320-45e6-4260-9e85-8ddd32cc76f5', 'e0699320-45e6-4260-9e85-8ddd32cc76f5', 'e0699320-45e6-4260-9e85-8ddd32cc76f5', 'e0699320-45e6-4260-9e85-8ddd32cc76f5', 'e0699320-45e6-4260-9e85-8ddd32cc76f5', 'e0699320-45e6-4260-9e85-8ddd32cc76f5', 'e0699320-45e6-4260-9e85-8ddd32cc76f5', 'e0699320-45e6-4260-9e85-8ddd32cc76f5', 'e0699320-45e6-4260-9e85-8ddd32cc76f5', 'e0699320-45e6-4260-9e85-8ddd32cc76f5', 'e0699320-45e6-4260-9e85-8ddd32cc76f5', 'eef5c446-3c2f-4f74-adbc-4a3732d2d6f9', '42b906f5-50a5-4fe1-83b3-67f16acd56cc', '55edb510-3be4-4b5f-874c-73f3a794348b', '0579839f-11c7-4378-96ce-002754b32642', '0b71a3b8-c2ef-45a8-8238-dcd6076fc828', '2bd9f489-e38c-41b5-8545-52b349f86060', '30d01916-5d99-47a5-981e-4c1b5cfce30f', 'b4205e45-15a3-41f3-a0bd-bc4ab330f35d', '2944d514-f108-4d1e-a0d3-51ac17972e20', '27f84bd2-5581-47da-ad51-200eaee5ffa6', '96f12a0f-d95d-4079-8e7d-47877db2acdd', '1e0d9e24-3a43-4f18-87ca-7f534fbc9be3', '2d5b4c95-aa01-4de5-90f6-e9720490e165', 'c3137adb-251f-4c46-8f71-3a0fc2cf8b1f', '0e8b77a3-3ce1-4e19-acaa-c657118ad8b7', 'b2d702fd-e2e2-419c-a095-add01a4bb213', '22f34933-005a-4e0d-a4a3-4504e1f89bf6', '98a0d34f-1197-4102-a531-7b89454e4710', 'b18ea7a3-4f23-40c3-803c-42b7d5113e6b', '95ce72d4-b773-484a-8aee-5f4009eef401', '19182da1-2227-469a-921c-1e14ccb9240e', '7af097bd-88a1-410d-bb7f-66075ac1425e', 'f05d9779-fe7f-4d27-b9f5-1974ffcf7504', 'c054f503-4016-4a48-9958-7fb7e9d589d6', '3fe787b8-dbef-4fbc-bc1f-a5ff7146ec2f', '85a06832-cc11-410f-bdb7-f7f81215dbeb']"
c4db06b7-e05d-4dd5-92c7-f81a3a144652,12,"['a35648fb-7648-4580-baa4-93e0690dfb37', 'a35648fb-7648-4580-baa4-93e0690dfb37', 'a35648fb-7648-4580-baa4-93e0690dfb37', 'a35648fb-7648-4580-baa4-93e0690dfb37', 'a35648fb-7648-4580-baa4-93e0690dfb37', 'a35648fb-7648-4580-baa4-93e0690dfb37', 'a35648fb-7648-4580-baa4-93e0690dfb37', 'a35648fb-7648-4580-baa4-93e0690dfb37', 'a35648fb-7648-4580-baa4-93e0690dfb37', 'a35648fb-7648-4580-baa4-93e0690dfb37', 'a35648fb-7648-4580-baa4-93e0690dfb37', 'a35648fb-7648-4580-baa4-93e0690dfb37', 'a35648fb-7648-4580-baa4-93e0690dfb37', 'a35648fb-7648-4580-baa4-93e0690dfb37', 'a35648fb-7648-4580-baa4-93e0690dfb37', 'a35648fb-7648-4580-baa4-93e0690dfb37', 'a35648fb-7648-4580-baa4-93e0690dfb37', 'a35648fb-7648-4580-baa4-93e0690dfb37', 'a35648fb-7648-4580-baa4-93e0690dfb37', 'a35648fb-7648-4580-baa4-93e0690dfb37', 'a35648fb-7648-4580-baa4-93e0690dfb37', 'a35648fb-7648-4580-baa4-93e0690dfb37', '6b11319f-86d9-4f75-b99d-868f6dbe71a6', '6ce0de2f-c2c7-47b9-93b2-7bbeef65bab1', 'c31713dc-4731-405b-92b4-04bcdc83c78a', '1b8ff11b-9f97-4590-b675-54394bc04c5d', '6342f4dd-7578-4cef-8d41-6f1b8ebea4e0', '69189350-1321-400c-afa6-20af3fe2214d', 'bc2fac5d-eb74-4c38-9e10-6dc70e961533', 'c9494d79-48fc-42a2-bfdf-c4545c0445c2', '993d1496-9fa3-404d-b0fe-42ce679bbd20', 'd8c49002-2dee-44dc-adc3-65c5ce93a13e', 'a82f7a44-005e-4afa-a252-f0e345e33078', '8f4984d6-3949-4c8c-aea1-00123e6cb014', '8ba8eaec-88ba-4716-93ce-b8899738d417', '829d0440-ff08-4374-a955-ff927aa884d0', 'ffc892f7-88d1-4298-bda3-9a252299bc8b', 'fa111467-1b79-4ff7-b43c-00c27b066f6e', '55acdd4f-4a51-44e4-90fd-a43e9da58dc2', '6862d937-72ab-429a-8ecd-1f5aab3d0aa2', 'd54a0c36-890d-4d86-b9f1-7e9dd5d6984d', '6c17804d-d042-48de-b527-db52ab9fd85f', 'a01971f9-5938-4ec3-b63e-d6ae58bba025', '0da0293e-8687-4976-a9b4-e75ac1d80543', 'ce39816d-5826-406a-95d6-dc1f43eae647', '62db894d-7ee4-4ea5-bedf-068ddb7c8fd5', '25327c1a-0d9b-497c-b121-f2e91380d6fc', 'ea67598d-11ea-4b7c-aeca-7a550089af9e', '425eee45-532c-4902-8a2b-a3b86c6beaf1', 'b1b50c4a-0d3b-4af2-9a2d-8901448c9878']"
2cb16ae7-f56e-47f5-840a-add917f05be7,12,"['e0699320-45e6-4260-9e85-8ddd32cc76f5', 'e0699320-45e6-4260-9e85-8ddd32cc76f5', 'e0699320-45e6-4260-9e85-8ddd32cc76f5', 'e0699320-45e6-4260-9e85-8ddd32cc76f5', 'e0699320-45e6-4260-9e85-8ddd32cc76f5', 'e0699320-45e6-4260-9e85-8ddd32cc76f5', 'e0699320-45e6-4260-9e85-8ddd32cc76f5', 'e0699320-45e6-4260-9e85-8ddd32cc76f5', 'e0699320-45e6-4260-9e85-8ddd32cc76f5', 'e0699320-45e6-4260-9e85-8ddd32cc76f5', 'e0699320-45e6-4260-9e85-8ddd32cc76f5', 'e0699320-45e6-4260-9e85-8ddd32cc76f5', 'e0699320-45e6-4260-9e85-8ddd32cc76f5', 'e0699320-45e6-4260-9e85-8ddd32cc76f5', 'e0699320-45e6-4260-9e85-8ddd32cc76f5', 'e0699320-45e6-4260-9e85-8ddd32cc76f5', 'e0699320-45e6-4260-9e85-8ddd32cc76f5', 'e0699320-45e6-4260-9e85-8ddd32cc76f5', 'e0699320-45e6-4260-9e85-8ddd32cc76f5', 'e0699320-45e6-4260-9e85-8ddd32cc76f5', 'e0699320-45e6-4260-9e85-8ddd32cc76f5', 'e0699320-45e6-4260-9e85-8ddd32cc76f5', 'e0699320-45e6-4260-9e85-8ddd32cc76f5', 'e0699320-45e6-4260-9e85-8ddd32cc76f5', 'e0699320-45e6-4260-9e85-8ddd32cc76f5', 'e0699320-45e6-4260-9e85-8ddd32cc76f5', 'e0699320-45e6-4260-9e85-8ddd32cc76f5', 'e0699320-45e6-4260-9e85-8ddd32cc76f5', 'e0699320-45e6-4260-9e85-8ddd32cc76f5', 'e0699320-45e6-4260-9e85-8ddd32cc76f5', 'e0699320-45e6-4260-9e85-8ddd32cc76f5', 'e0699320-45e6-4260-9e85-8ddd32cc76f5', 'e0699320-45e6-4260-9e85-8ddd32cc76f5', 'e0699320-45e6-4260-9e85-8ddd32cc76f5', 'e0699320-45e6-4260-9e85-8ddd32cc76f5', 'e0699320-45e6-4260-9e85-8ddd32cc76f5', 'e0699320-45e6-4260-9e85-8ddd32cc76f5', 'e0699320-45e6-4260-9e85-8ddd32cc76f5', 'e0699320-45e6-4260-9e85-8ddd32cc76f5', 'e0699320-45e6-4260-9e85-8ddd32cc76f5', '85a06832-cc11-410f-bdb7-f7f81215dbeb', '4dff7ea5-6483-4464-944d-3c4f2a82ef1b', 'f23d0021-2f35-43cc-b00f-52162b34bb44', 'd7d358c5-2f2c-4a9c-8f1d-fa4bcd15ca73', 'c8e03406-0b9d-481d-be8d-99d84a82cc5f', 'df7e1fca-00c0-469c-9560-2ae431df474d', '0b81a7ba-56c0-4b20-af2a-dc73291c5582', '868096b7-f273-4851-9175-120bfd1d8d16', '2bd0ece2-eb73-478e-918f-57d361c8609e', 'be96dffb-c71b-4d2e-91d8-5ae87f5a3586']"
2cb16ae7-f56e-47f5-840a-add917f05be7,13,"['e0699320-45e6-4260-9e85-8ddd32cc76f5', 'e0699320-45e6-4260-9e85-8ddd32cc76f5', 'e0699320-45e6-4260-9e85-8ddd32cc76f5', 'e0699320-45e6-4260-9e85-8ddd32cc76f5', 'e0699320-45e6-4260-9e85-8ddd32cc76f5', 'e0699320-45e6-4260-9e85-8ddd32cc76f5', 'e0699320-45e6-4260-9e85-8ddd32cc76f5', 'e0699320-45e6-4260-9e85-8ddd32cc76f5', 'e0699320-45e6-4260-9e85-8ddd32cc76f5', 'e0699320-45e6-4260-9e85-8ddd32cc76f5', 'e0699320-45e6-4260-9e85-8ddd32cc76f5', 'e0699320-45e6-4260-9e85-8ddd32cc76f5', 'e0699320-45e6-4260-9e85-8ddd32cc76f5', 'e0699320-45e6-4260-9e85-8ddd32cc76f5', 'e0699320-45e6-4260-9e85-8ddd32cc76f5', 'e0699320-45e6-4260-9e85-8ddd32cc76f5', 'e0699320-45e6-4260-9e85-8ddd32cc76f5', 'e0699320-45e6-4260-9e85-8ddd32cc76f5', 'e0699320-45e6-4260-9e85-8ddd32cc76f5', 'e0699320-45e6-4260-9e85-8ddd32cc76f5', 'e0699320-45e6-4260-9e85-8ddd32cc76f5', 'e0699320-45e6-4260-9e85-8ddd32cc76f5', 'e0699320-45e6-4260-9e85-8ddd32cc76f5', 'e0699320-45e6-4260-9e85-8ddd32cc76f5', 'e0699320-45e6-4260-9e85-8ddd32cc76f5', 'e0699320-45e6-4260-9e85-8ddd32cc76f5', 'e0699320-45e6-4260-9e85-8ddd32cc76f5', 'e0699320-45e6-4260-9e85-8ddd32cc76f5', 'e0699320-45e6-4260-9e85-8ddd32cc76f5', 'e0699320-45e6-4260-9e85-8ddd32cc76f5', 'e0699320-45e6-4260-9e85-8ddd32cc76f5', 'e0699320-45e6-4260-9e85-8ddd32cc76f5', '85a06832-cc11-410f-bdb7-f7f81215dbeb', 'f23d0021-2f35-43cc-b00f-52162b34bb44', 'd7d358c5-2f2c-4a9c-8f1d-fa4bcd15ca73', 'c8e03406-0b9d-481d-be8d-99d84a82cc5f', 'df7e1fca-00c0-469c-9560-2ae431df474d', '868096b7-f273-4851-9175-120bfd1d8d16', '2bd0ece2-eb73-478e-918f-57d361c8609e', 'be96dffb-c71b-4d2e-91d8-5ae87f5a3586', 'a48e0fd6-e91e-4c6d-9319-3a941c456d7b', 'c033e2b3-57bc-4a60-b61e-4f0b7dc73b4f', '50ece253-6dd5-4b28-8a52-bd265c173c8a', '51f33a05-35cc-43a7-9c40-4350f09af779', '1bfef922-a681-450f-99f2-bb0a3de16fb3', 'ce820702-0e9f-4d4f-97e4-bd030251f20a', '259d7676-68e5-46f5-8cba-8a59a481a850', 'c6d17a12-e60d-46a9-bf33-036a6b0c4146', '1a24bf67-d296-44a1-a1f3-c4eeb8728407', '03edf114-61f1-4898-b5ca-7aa2d0841742']"
c4db06b7-e05d-4dd5-92c7-f81a3a144652,13,"['a35648fb-7648-4580-baa4-93e0690dfb37', 'a35648fb-7648-4580-baa4-93e0690dfb37', 'a35648fb-7648-4580-baa4-93e0690dfb37', 'a35648fb-7648-4580-baa4-93e0690dfb37', 'a35648fb-7648-4580-baa4-93e0690dfb37', 'a35648fb-7648-4580-baa4-93e0690dfb37', 'a35648fb-7648-4580-baa4-93e0690dfb37', 'a35648fb-7648-4580-baa4-93e0690dfb37', 'a35648fb-7648-4580-baa4-93e0690dfb37', 'a35648fb-7648-4580-baa4-93e0690dfb37', 'a35648fb-7648-4580-baa4-93e0690dfb37', 'a35648fb-7648-4580-baa4-93e0690dfb37', 'a35648fb-7648-4580-baa4-93e0690dfb37', 'a35648fb-7648-4580-baa4-93e0690dfb37', 'a35648fb-7648-4580-baa4-93e0690dfb37', 'a35648fb-7648-4580-baa4-93e0690dfb37', 'a35648fb-7648-4580-baa4-93e0690dfb37', 'a35648fb-7648-4580-baa4-93e0690dfb37', 'a35648fb-7648-4580-baa4-93e0690dfb37', 'a35648fb-7648-4580-baa4-93e0690dfb37', 'a35648fb-7648-4580-baa4-93e0690dfb37', 'a35648fb-7648-4580-baa4-93e0690dfb37', 'a35648fb-7648-4580-baa4-93e0690dfb37', 'a35648fb-7648-4580-baa4-93e0690dfb37', 'a35648fb-7648-4580-baa4-93e0690dfb37', 'a35648fb-7648-4580-baa4-93e0690dfb37', 'a35648fb-7648-4580-baa4-93e0690dfb37', 'a35648fb-7648-4580-baa4-93e0690dfb37', 'a35648fb-7648-4580-baa4-93e0690dfb37', 'a35648fb-7648-4580-baa4-93e0690dfb37', 'a35648fb-7648-4580-baa4-93e0690dfb37', 'a35648fb-7648-4580-baa4-93e0690dfb37', 'a35648fb-7648-4580-baa4-93e0690dfb37', 'a35648fb-7648-4580-baa4-93e0690dfb37', 'a35648fb-7648-4580-baa4-93e0690dfb37', 'a35648fb-7648-4580-baa4-93e0690dfb37', 'a35648fb-7648-4580-baa4-93e0690dfb37', 'a35648fb-7648-4580-baa4-93e0690dfb37', '25327c1a-0d9b-497c-b121-f2e91380d6fc', '0a32b4e4-42c6-4b70-a47b-434c8ce7ee83', '65b4d90b-8fa1-42ed-bdbe-8929f7f9cd78', '80b007a2-1a65-49b1-948b-59330dc12587', '2cf47761-ab0b-4006-a991-3ad78a310221', '1f56150f-c216-41c8-8e25-5481d76e95a8', '222647f4-4f9b-4bae-9983-4fcba8ef75fd', '4e9b22e2-d8b1-4ddb-96cb-65a606adab23', '5b63cd2f-11a3-45ae-bd8e-c77265b7d510', '64bff88e-bd4c-4e3f-9aa8-e9287bbd5371', '125308de-d38a-4f73-93b2-1ac1fc8d2ce1', '05aacf35-73f8-4cd1-ac0d-a374f20cacb8']"
2cb16ae7-f56e-47f5-840a-add917f05be7,14,"['e0699320-45e6-4260-9e85-8ddd32cc76f5', 'e0699320-45e6-4260-9e85-8ddd32cc76f5', 'e0699320-45e6-4260-9e85-8ddd32cc76f5', 'e0699320-45e6-4260-9e85-8ddd32cc76f5', 'e0699320-45e6-4260-9e85-8ddd32cc76f5', 'e0699320-45e6-4260-9e85-8ddd32cc76f5', 'e0699320-45e6-4260-9e85-8ddd32cc76f5', 'e0699320-45e6-4260-9e85-8ddd32cc76f5', 'e0699320-45e6-4260-9e85-8ddd32cc76f5', 'e0699320-45e6-4260-9e85-8ddd32cc76f5', 'e0699320-45e6-4260-9e85-8ddd32cc76f5', 'e0699320-45e6-4260-9e85-8ddd32cc76f5', 'e0699320-45e6-4260-9e85-8ddd32cc76f5', 'e0699320-45e6-4260-9e85-8ddd32cc76f5', 'e0699320-45e6-4260-9e85-8ddd32cc76f5', 'e0699320-45e6-4260-9e85-8ddd32cc76f5', 'e0699320-45e6-4260-9e85-8ddd32cc76f5', 'e0699320-45e6-4260-9e85-8ddd32cc76f5', 'e0699320-45e6-4260-9e85-8ddd32cc76f5', 'e0699320-45e6-4260-9e85-8ddd32cc76f5', 'e0699320-45e6-4260-9e85-8ddd32cc76f5', 'e0699320-45e6-4260-9e85-8ddd32cc76f5', 'e0699320-45e6-4260-9e85-8ddd32cc76f5', 'e0699320-45e6-4260-9e85-8ddd32cc76f5', 'e0699320-45e6-4260-9e85-8ddd32cc76f5', 'e0699320-45e6-4260-9e85-8ddd32cc76f5', '85a06832-cc11-410f-bdb7-f7f81215dbeb', 'd7d358c5-2f2c-4a9c-8f1d-fa4bcd15ca73', 'c8e03406-0b9d-481d-be8d-99d84a82cc5f', 'df7e1fca-00c0-469c-9560-2ae431df474d', '2bd0ece2-eb73-478e-918f-57d361c8609e', 'c033e2b3-57bc-4a60-b61e-4f0b7dc73b4f', '50ece253-6dd5-4b28-8a52-bd265c173c8a', '1bfef922-a681-450f-99f2-bb0a3de16fb3', '259d7676-68e5-46f5-8cba-8a59a481a850', 'c6d17a12-e60d-46a9-bf33-036a6b0c4146', '1a24bf67-d296-44a1-a1f3-c4eeb8728407', '03edf114-61f1-4898-b5ca-7aa2d0841742', '05ec49ac-c7b6-4d8e-974f-ed95b5c2ec4d', '6fc0a871-6dfd-42e8-82f5-422b4d3a22e2', '1ae42d64-348c-4668-85e5-608bd449a12d', 'ff47cbb6-21d7-4835-a600-a8517717f65c', 'd6bc4a9f-424c-48db-a52d-478d0aee3aa4', '00704e20-5d28-41fb-a9cd-13f3e3e02247', '0f10f074-3eb6-4a49-bc6f-6f55dfb89f2d', 'ff4cd284-1c0f-4fc4-870c-e81b44eed55c', 'e10f698d-9066-4125-a0aa-ef25b4f24cbc', 'e47cf14c-c154-4917-ae90-76e8b4fa1965', '3fa0cc5f-b87d-4a23-97db-5ba5dd2afaa4', 'e6bbeb14-bb13-4afc-a5a5-576361cc8b36']"
c4db06b7-e05d-4dd5-92c7-f81a3a144652,14,"['a35648fb-7648-4580-baa4-93e0690dfb37', 'a35648fb-7648-4580-baa4-93e0690dfb37', 'a35648fb-7648-4580-baa4-93e0690dfb37', 'a35648fb-7648-4580-baa4-93e0690dfb37', 'a35648fb-7648-4580-baa4-93e0690dfb37', 'a35648fb-7648-4580-baa4-93e0690dfb37', 'a35648fb-7648-4580-baa4-93e0690dfb37', 'a35648fb-7648-4580-baa4-93e0690dfb37', 'a35648fb-7648-4580-baa4-93e0690dfb37', 'a35648fb-7648-4580-baa4-93e0690dfb37', 'a35648fb-7648-4580-baa4-93e0690dfb37', 'a35648fb-7648-4580-baa4-93e0690dfb37', 'a35648fb-7648-4580-baa4-93e0690dfb37', 'a35648fb-7648-4580-baa4-93e0690dfb37', 'a35648fb-7648-4580-baa4-93e0690dfb37', 'a35648fb-7648-4580-baa4-93e0690dfb37', 'a35648fb-7648-4580-baa4-93e0690dfb37', 'a35648fb-7648-4580-baa4-93e0690dfb37', 'a35648fb-7648-4580-baa4-93e0690dfb37', 'a35648fb-7648-4580-baa4-93e0690dfb37', 'a35648fb-7648-4580-baa4-93e0690dfb37', 'a35648fb-7648-4580-baa4-93e0690dfb37', 'a35648fb-7648-4580-baa4-93e0690dfb37', 'a35648fb-7648-4580-baa4-93e0690dfb37', 'a35648fb-7648-4580-baa4-93e0690dfb37', 'a35648fb-7648-4580-baa4-93e0690dfb37', 'a35648fb-7648-4580-baa4-93e0690dfb37', 'a35648fb-7648-4580-baa4-93e0690dfb37', 'a35648fb-7648-4580-baa4-93e0690dfb37', 'a35648fb-7648-4580-baa4-93e0690dfb37', '25327c1a-0d9b-497c-b121-f2e91380d6fc', '0a32b4e4-42c6-4b70-a47b-434c8ce7ee83', '65b4d90b-8fa1-42ed-bdbe-8929f7f9cd78', '80b007a2-1a65-49b1-948b-59330dc12587', '2cf47761-ab0b-4006-a991-3ad78a310221', '222647f4-4f9b-4bae-9983-4fcba8ef75fd', '4e9b22e2-d8b1-4ddb-96cb-65a606adab23', '5b63cd2f-11a3-45ae-bd8e-c77265b7d510', '64bff88e-bd4c-4e3f-9aa8-e9287bbd5371', '125308de-d38a-4f73-93b2-1ac1fc8d2ce1', '05aacf35-73f8-4cd1-ac0d-a374f20cacb8', '86e141d7-2540-4a63-aa3e-8cf2e1238cd9', '8ab8f980-65e5-4551-b66b-8751cb6d8ddd', '04a4bdf7-4411-4c03-87dd-913252e78bf1', '92b603bb-3180-41eb-94d3-92564f868e7f', 'db38da32-3375-4b3a-8f5f-003591ea5103', 'b77375d2-bb10-4b01-918b-378c2b1f3b76', '9d8703b9-a9ef-4638-b1d6-2075cd0a6511', '9baa15d8-7427-4f31-a687-37614af1f53b', '85c00c8d-f63b-41e0-b3df-317de3438228']"
2cb16ae7-f56e-47f5-840a-add917f05be7,15,"['e0699320-45e6-4260-9e85-8ddd32cc76f5', 'e0699320-45e6-4260-9e85-8ddd32cc76f5', 'e0699320-45e6-4260-9e85-8ddd32cc76f5', 'e0699320-45e6-4260-9e85-8ddd32cc76f5', 'e0699320-45e6-4260-9e85-8ddd32cc76f5', 'e0699320-45e6-4260-9e85-8ddd32cc76f5', 'e0699320-45e6-4260-9e85-8ddd32cc76f5', 'e0699320-45e6-4260-9e85-8ddd32cc76f5', 'e0699320-45e6-4260-9e85-8ddd32cc76f5', 'e0699320-45e6-4260-9e85-8ddd32cc76f5', 'e0699320-45e6-4260-9e85-8ddd32cc76f5', 'e0699320-45e6-4260-9e85-8ddd32cc76f5', 'e0699320-45e6-4260-9e85-8ddd32cc76f5', 'e0699320-45e6-4260-9e85-8ddd32cc76f5', 'e0699320-45e6-4260-9e85-8ddd32cc76f5', 'e0699320-45e6-4260-9e85-8ddd32cc76f5', 'e0699320-45e6-4260-9e85-8ddd32cc76f5', 'e0699320-45e6-4260-9e85-8ddd32cc76f5', 'e0699320-45e6-4260-9e85-8ddd32cc76f5', 'e0699320-45e6-4260-9e85-8ddd32cc76f5', '85a06832-cc11-410f-bdb7-f7f81215dbeb', 'c8e03406-0b9d-481d-be8d-99d84a82cc5f', 'df7e1fca-00c0-469c-9560-2ae431df474d', '2bd0ece2-eb73-478e-918f-57d361c8609e', 'c033e2b3-57bc-4a60-b61e-4f0b7dc73b4f', '50ece253-6dd5-4b28-8a52-bd265c173c8a', '1bfef922-a681-450f-99f2-bb0a3de16fb3', 'c6d17a12-e60d-46a9-bf33-036a6b0c4146', '03edf114-61f1-4898-b5ca-7aa2d0841742', '05ec49ac-c7b6-4d8e-974f-ed95b5c2ec4d', '1ae42d64-348c-4668-85e5-608bd449a12d', 'ff47cbb6-21d7-4835-a600-a8517717f65c', 'd6bc4a9f-424c-48db-a52d-478d0aee3aa4', '00704e20-5d28-41fb-a9cd-13f3e3e02247', '0f10f074-3eb6-4a49-bc6f-6f55dfb89f2d', 'ff4cd284-1c0f-4fc4-870c-e81b44eed55c', 'e10f698d-9066-4125-a0aa-ef25b4f24cbc', '3fa0cc5f-b87d-4a23-97db-5ba5dd2afaa4', 'e6bbeb14-bb13-4afc-a5a5-576361cc8b36', '8fc52d49-39d7-465d-a492-2ac03f44bee7', '3515c1ab-48d6-4067-8399-151bb8cd529f', '9f0c82ae-6c42-439c-a312-a163de7510da', '7231a284-bd6b-4897-9b0c-e34e58f26c86', 'e95b02a8-4568-45a2-b21f-f0db68aa3746', '87e0d26d-2e8c-4c27-9553-c9091d02c7cb', '10d7424b-3fcc-460a-8633-192c9f41408d', 'db71cdc3-de99-4969-8911-2b0903fc8cca', '5c840e49-9e1c-4c15-a4ab-06c2e3a3a30d', 'b9641ef9-5feb-4eda-a866-4fca173922ec', 'c3b848f4-6e72-4609-aa39-2786db1da2ba']"
aadcfdd8-9a26-4f15-87fe-2e9990c22e07,0,"['82a95652-41a1-450d-bc0c-15ab37e0e24b', '82a95652-41a1-450d-bc0c-15ab37e0e24b', '82a95652-41a1-450d-bc0c-15ab37e0e24b', '82a95652-41a1-450d-bc0c-15ab37e0e24b', '82a95652-41a1-450d-bc0c-15ab37e0e24b', '82a95652-41a1-450d-bc0c-15ab37e0e24b', '82a95652-41a1-450d-bc0c-15ab37e0e24b', '82a95652-41a1-450d-bc0c-15ab37e0e24b', '82a95652-41a1-450d-bc0c-15ab37e0e24b', '82a95652-41a1-450d-bc0c-15ab37e0e24b', '82a95652-41a1-450d-bc0c-15ab37e0e24b', '82a95652-41a1-450d-bc0c-15ab37e0e24b', '82a95652-41a1-450d-bc0c-15ab37e0e24b', '82a95652-41a1-450d-bc0c-15ab37e0e24b', '82a95652-41a1-450d-bc0c-15ab37e0e24b', '82a95652-41a1-450d-bc0c-15ab37e0e24b', '82a95652-41a1-450d-bc0c-15ab37e0e24b', '82a95652-41a1-450d-bc0c-15ab37e0e24b', '82a95652-41a1-450d-bc0c-15ab37e0e24b', '82a95652-41a1-450d-bc0c-15ab37e0e24b', '82a95652-41a1-450d-bc0c-15ab37e0e24b', '82a95652-41a1-450d-bc0c-15ab37e0e24b', '82a95652-41a1-450d-bc0c-15ab37e0e24b', '82a95652-41a1-450d-bc0c-15ab37e0e24b', '82a95652-41a1-450d-bc0c-15ab37e0e24b', '82a95652-41a1-450d-bc0c-15ab37e0e24b', '82a95652-41a1-450d-bc0c-15ab37e0e24b', '82a95652-41a1-450d-bc0c-15ab37e0e24b', '82a95652-41a1-450d-bc0c-15ab37e0e24b', '82a95652-41a1-450d-bc0c-15ab37e0e24b', '82a95652-41a1-450d-bc0c-15ab37e0e24b', '82a95652-41a1-450d-bc0c-15ab37e0e24b', '82a95652-41a1-450d-bc0c-15ab37e0e24b', '82a95652-41a1-450d-bc0c-15ab37e0e24b', '82a95652-41a1-450d-bc0c-15ab37e0e24b', '82a95652-41a1-450d-bc0c-15ab37e0e24b', '82a95652-41a1-450d-bc0c-15ab37e0e24b', '82a95652-41a1-450d-bc0c-15ab37e0e24b', '82a95652-41a1-450d-bc0c-15ab37e0e24b', '82a95652-41a1-450d-bc0c-15ab37e0e24b', '82a95652-41a1-450d-bc0c-15ab37e0e24b', '82a95652-41a1-450d-bc0c-15ab37e0e24b', '82a95652-41a1-450d-bc0c-15ab37e0e24b', '82a95652-41a1-450d-bc0c-15ab37e0e24b', '82a95652-41a1-450d-bc0c-15ab37e0e24b', '82a95652-41a1-450d-bc0c-15ab37e0e24b', '82a95652-41a1-450d-bc0c-15ab37e0e24b', '82a95652-41a1-450d-bc0c-15ab37e0e24b', '82a95652-41a1-450d-bc0c-15ab37e0e24b', '82a95652-41a1-450d-bc0c-15ab37e0e24b']"
c4db06b7-e05d-4dd5-92c7-f81a3a144652,15,"['a35648fb-7648-4580-baa4-93e0690dfb37', 'a35648fb-7648-4580-baa4-93e0690dfb37', 'a35648fb-7648-4580-baa4-93e0690dfb37', 'a35648fb-7648-4580-baa4-93e0690dfb37', 'a35648fb-7648-4580-baa4-93e0690dfb37', 'a35648fb-7648-4580-baa4-93e0690dfb37', 'a35648fb-7648-4580-baa4-93e0690dfb37', 'a35648fb-7648-4580-baa4-93e0690dfb37', 'a35648fb-7648-4580-baa4-93e0690dfb37', 'a35648fb-7648-4580-baa4-93e0690dfb37', 'a35648fb-7648-4580-baa4-93e0690dfb37', 'a35648fb-7648-4580-baa4-93e0690dfb37', 'a35648fb-7648-4580-baa4-93e0690dfb37', 'a35648fb-7648-4580-baa4-93e0690dfb37', 'a35648fb-7648-4580-baa4-93e0690dfb37', 'a35648fb-7648-4580-baa4-93e0690dfb37', 'a35648fb-7648-4580-baa4-93e0690dfb37', 'a35648fb-7648-4580-baa4-93e0690dfb37', 'a35648fb-7648-4580-baa4-93e0690dfb37', 'a35648fb-7648-4580-baa4-93e0690dfb37', 'a35648fb-7648-4580-baa4-93e0690dfb37', 'a35648fb-7648-4580-baa4-93e0690dfb37', 'a35648fb-7648-4580-baa4-93e0690dfb37', 'a35648fb-7648-4580-baa4-93e0690dfb37', 'a35648fb-7648-4580-baa4-93e0690dfb37', 'a35648fb-7648-4580-baa4-93e0690dfb37', '25327c1a-0d9b-497c-b121-f2e91380d6fc', '0a32b4e4-42c6-4b70-a47b-434c8ce7ee83', '65b4d90b-8fa1-42ed-bdbe-8929f7f9cd78', '80b007a2-1a65-49b1-948b-59330dc12587', '222647f4-4f9b-4bae-9983-4fcba8ef75fd', '4e9b22e2-d8b1-4ddb-96cb-65a606adab23', '5b63cd2f-11a3-45ae-bd8e-c77265b7d510', '64bff88e-bd4c-4e3f-9aa8-e9287bbd5371', '125308de-d38a-4f73-93b2-1ac1fc8d2ce1', '86e141d7-2540-4a63-aa3e-8cf2e1238cd9', '8ab8f980-65e5-4551-b66b-8751cb6d8ddd', '04a4bdf7-4411-4c03-87dd-913252e78bf1', '92b603bb-3180-41eb-94d3-92564f868e7f', 'db38da32-3375-4b3a-8f5f-003591ea5103', 'b77375d2-bb10-4b01-918b-378c2b1f3b76', '9d8703b9-a9ef-4638-b1d6-2075cd0a6511', '9baa15d8-7427-4f31-a687-37614af1f53b', '093b0a12-98d5-4ef9-9749-afc1479d82ee', '3ca3f223-7223-4887-8793-28ec9d86d2a1', '047c2b08-47a8-4161-905c-a2177deef2d8', '4a481013-36a2-4003-8915-408c1161546c', 'd7d2e501-5202-41a0-958a-a70c16233ab9', '9cee2fe4-1b51-4f6b-8675-76190acb7430', 'ebf26a5d-fd02-420a-b70f-4df4dcf7ed38']"
aadcfdd8-9a26-4f15-87fe-2e9990c22e07,1,"['82a95652-41a1-450d-bc0c-15ab37e0e24b', '82a95652-41a1-450d-bc0c-15ab37e0e24b', '82a95652-41a1-450d-bc0c-15ab37e0e24b', '82a95652-41a1-450d-bc0c-15ab37e0e24b', '82a95652-41a1-450d-bc0c-15ab37e0e24b', '82a95652-41a1-450d-bc0c-15ab37e0e24b', '82a95652-41a1-450d-bc0c-15ab37e0e24b', '82a95652-41a1-450d-bc0c-15ab37e0e24b', '82a95652-41a1-450d-bc0c-15ab37e0e24b', '82a95652-41a1-450d-bc0c-15ab37e0e24b', '82a95652-41a1-450d-bc0c-15ab37e0e24b', '82a95652-41a1-450d-bc0c-15ab37e0e24b', '82a95652-41a1-450d-bc0c-15ab37e0e24b', '82a95652-41a1-450d-bc0c-15ab37e0e24b', '82a95652-41a1-450d-bc0c-15ab37e0e24b', '82a95652-41a1-450d-bc0c-15ab37e0e24b', '82a95652-41a1-450d-bc0c-15ab37e0e24b', '82a95652-41a1-450d-bc0c-15ab37e0e24b', '82a95652-41a1-450d-bc0c-15ab37e0e24b', '82a95652-41a1-450d-bc0c-15ab37e0e24b', '82a95652-41a1-450d-bc0c-15ab37e0e24b', '82a95652-41a1-450d-bc0c-15ab37e0e24b', '82a95652-41a1-450d-bc0c-15ab37e0e24b', '82a95652-41a1-450d-bc0c-15ab37e0e24b', '82a95652-41a1-450d-bc0c-15ab37e0e24b', '82a95652-41a1-450d-bc0c-15ab37e0e24b', '82a95652-41a1-450d-bc0c-15ab37e0e24b', '82a95652-41a1-450d-bc0c-15ab37e0e24b', '82a95652-41a1-450d-bc0c-15ab37e0e24b', '82a95652-41a1-450d-bc0c-15ab37e0e24b', '82a95652-41a1-450d-bc0c-15ab37e0e24b', '82a95652-41a1-450d-bc0c-15ab37e0e24b', '82a95652-41a1-450d-bc0c-15ab37e0e24b', '82a95652-41a1-450d-bc0c-15ab37e0e24b', '82a95652-41a1-450d-bc0c-15ab37e0e24b', '82a95652-41a1-450d-bc0c-15ab37e0e24b', '82a95652-41a1-450d-bc0c-15ab37e0e24b', '82a95652-41a1-450d-bc0c-15ab37e0e24b', '82a95652-41a1-450d-bc0c-15ab37e0e24b', '82a95652-41a1-450d-bc0c-15ab37e0e24b', 'ba7a32d7-7df5-4f21-b714-f1cc25cacbeb', 'cfa1b5ba-26f9-4bed-8ebb-ce3b0dad529f', 'cf70cdeb-89ac-4741-aa4c-1747f91314a7', '8bc7002f-159c-44ee-bb5c-0490d595068e', '4bda7bf2-ac7b-4240-8590-965aee8e69ac', 'd19d47ae-c79f-46fe-8541-49d30585f9c3', 'eb74f9e1-4159-4768-9b01-209adb45a717', '445d747a-6106-4edf-bcf4-99d59d3c4404', '2f1aa778-88f4-46fc-abbb-b62a66b77455', 'edf1aa3a-d485-4424-9478-819100c2eca2']"
aadcfdd8-9a26-4f15-87fe-2e9990c22e07,2,"['cf70cdeb-89ac-4741-aa4c-1747f91314a7', 'cf70cdeb-89ac-4741-aa4c-1747f91314a7', 'd19d47ae-c79f-46fe-8541-49d30585f9c3', 'd19d47ae-c79f-46fe-8541-49d30585f9c3', 'd19d47ae-c79f-46fe-8541-49d30585f9c3', 'd19d47ae-c79f-46fe-8541-49d30585f9c3', 'eb74f9e1-4159-4768-9b01-209adb45a717', 'eb74f9e1-4159-4768-9b01-209adb45a717', 'eb74f9e1-4159-4768-9b01-209adb45a717', 'eb74f9e1-4159-4768-9b01-209adb45a717', 'eb74f9e1-4159-4768-9b01-209adb45a717', 'eb74f9e1-4159-4768-9b01-209adb45a717', 'eb74f9e1-4159-4768-9b01-209adb45a717', 'eb74f9e1-4159-4768-9b01-209adb45a717', 'eb74f9e1-4159-4768-9b01-209adb45a717', 'eb74f9e1-4159-4768-9b01-209adb45a717', 'eb74f9e1-4159-4768-9b01-209adb45a717', 'eb74f9e1-4159-4768-9b01-209adb45a717', '2f1aa778-88f4-46fc-abbb-b62a66b77455', '2f1aa778-88f4-46fc-abbb-b62a66b77455', '2f1aa778-88f4-46fc-abbb-b62a66b77455', '2f1aa778-88f4-46fc-abbb-b62a66b77455', '2f1aa778-88f4-46fc-abbb-b62a66b77455', '2f1aa778-88f4-46fc-abbb-b62a66b77455', '2f1aa778-88f4-46fc-abbb-b62a66b77455', '2f1aa778-88f4-46fc-abbb-b62a66b77455', '2f1aa778-88f4-46fc-abbb-b62a66b77455', '2f1aa778-88f4-46fc-abbb-b62a66b77455', '2f1aa778-88f4-46fc-abbb-b62a66b77455', '2f1aa778-88f4-46fc-abbb-b62a66b77455', '2f1aa778-88f4-46fc-abbb-b62a66b77455', '2f1aa778-88f4-46fc-abbb-b62a66b77455', '2f1aa778-88f4-46fc-abbb-b62a66b77455', '2f1aa778-88f4-46fc-abbb-b62a66b77455', '2f1aa778-88f4-46fc-abbb-b62a66b77455', '2f1aa778-88f4-46fc-abbb-b62a66b77455', '2f1aa778-88f4-46fc-abbb-b62a66b77455', '2f1aa778-88f4-46fc-abbb-b62a66b77455', '4d9c49b0-b8b0-4d96-9670-3fb009746143', '9bdee19b-2d52-4c6f-9606-5a69cf1d6298', 'f0017869-b6de-49fc-831a-3a5f289037bd', 'a8646cac-8af7-4821-bdac-2f167691cdd3', '2cb67072-9847-4ce6-8843-e7850374b0bf', '2b056b9e-6f0c-4763-a8d3-b47deaa433c5', '5009b487-b850-4e70-9cf0-00198eadbb1f', 'a2e2af2b-9f94-4f99-b7f2-07f1cfd5880e', '60ee91c6-cd14-47d6-828c-871771128f4d', 'bddd57ba-217c-4b7e-8ace-ad0d95edbab0', '281f58f3-8260-4570-ae6b-269d782c34de', 'a12507fb-cf18-48c4-bdda-3428a1a7498a']"
aadcfdd8-9a26-4f15-87fe-2e9990c22e07,3,"['cf70cdeb-89ac-4741-aa4c-1747f91314a7', 'cf70cdeb-89ac-4741-aa4c-1747f91314a7', 'd19d47ae-c79f-46fe-8541-49d30585f9c3', 'd19d47ae-c79f-46fe-8541-49d30585f9c3', 'eb74f9e1-4159-4768-9b01-209adb45a717', 'eb74f9e1-4159-4768-9b01-209adb45a717', 'eb74f9e1-4159-4768-9b01-209adb45a717', 'eb74f9e1-4159-4768-9b01-209adb45a717', 'eb74f9e1-4159-4768-9b01-209adb45a717', 'eb74f9e1-4159-4768-9b01-209adb45a717', 'eb74f9e1-4159-4768-9b01-209adb45a717', 'eb74f9e1-4159-4768-9b01-209adb45a717', 'eb74f9e1-4159-4768-9b01-209adb45a717', '2f1aa778-88f4-46fc-abbb-b62a66b77455', '2f1aa778-88f4-46fc-abbb-b62a66b77455', '2f1aa778-88f4-46fc-abbb-b62a66b77455', '2f1aa778-88f4-46fc-abbb-b62a66b77455', '2f1aa778-88f4-46fc-abbb-b62a66b77455', '2f1aa778-88f4-46fc-abbb-b62a66b77455', '2f1aa778-88f4-46fc-abbb-b62a66b77455', '2f1aa778-88f4-46fc-abbb-b62a66b77455', '2f1aa778-88f4-46fc-abbb-b62a66b77455', '2f1aa778-88f4-46fc-abbb-b62a66b77455', '2f1aa778-88f4-46fc-abbb-b62a66b77455', '2f1aa778-88f4-46fc-abbb-b62a66b77455', '2f1aa778-88f4-46fc-abbb-b62a66b77455', '2f1aa778-88f4-46fc-abbb-b62a66b77455', '2f1aa778-88f4-46fc-abbb-b62a66b77455', '2f1aa778-88f4-46fc-abbb-b62a66b77455', '2f1aa778-88f4-46fc-abbb-b62a66b77455', '4d9c49b0-b8b0-4d96-9670-3fb009746143', '9bdee19b-2d52-4c6f-9606-5a69cf1d6298', 'f0017869-b6de-49fc-831a-3a5f289037bd', 'a8646cac-8af7-4821-bdac-2f167691cdd3', '2cb67072-9847-4ce6-8843-e7850374b0bf', '2b056b9e-6f0c-4763-a8d3-b47deaa433c5', '5009b487-b850-4e70-9cf0-00198eadbb1f', 'a2e2af2b-9f94-4f99-b7f2-07f1cfd5880e', '60ee91c6-cd14-47d6-828c-871771128f4d', 'a12507fb-cf18-48c4-bdda-3428a1a7498a', '3adfafd4-5ff3-450f-bac0-08f00b0d13c5', '1009354e-12d2-4683-b7a3-fbe76258f098', '06fa9420-95ed-4011-bdb3-88418f27bd0c', '30104c1e-53cc-4c8b-8bf2-8d7d98f34f18', '533db4b6-fb9c-4db3-8ae6-25e84e92c55f', '42def08c-6786-4712-9e51-60c46a1cd314', 'a35be949-1ed5-4902-afe3-0bb5522a8b2f', '5e2bc8b4-cffa-4466-aaa4-0acb2e3baf03', '470243f0-8e71-4cf7-9bcc-379c2e4a4565', 'bc567154-8a3f-49c7-bd2f-15b6a85edc93']"
aadcfdd8-9a26-4f15-87fe-2e9990c22e07,4,"['cf70cdeb-89ac-4741-aa4c-1747f91314a7', 'cf70cdeb-89ac-4741-aa4c-1747f91314a7', 'd19d47ae-c79f-46fe-8541-49d30585f9c3', 'd19d47ae-c79f-46fe-8541-49d30585f9c3', 'eb74f9e1-4159-4768-9b01-209adb45a717', 'eb74f9e1-4159-4768-9b01-209adb45a717', 'eb74f9e1-4159-4768-9b01-209adb45a717', 'eb74f9e1-4159-4768-9b01-209adb45a717', 'eb74f9e1-4159-4768-9b01-209adb45a717', 'eb74f9e1-4159-4768-9b01-209adb45a717', '2f1aa778-88f4-46fc-abbb-b62a66b77455', '2f1aa778-88f4-46fc-abbb-b62a66b77455', '2f1aa778-88f4-46fc-abbb-b62a66b77455', '2f1aa778-88f4-46fc-abbb-b62a66b77455', '2f1aa778-88f4-46fc-abbb-b62a66b77455', '2f1aa778-88f4-46fc-abbb-b62a66b77455', '2f1aa778-88f4-46fc-abbb-b62a66b77455', '2f1aa778-88f4-46fc-abbb-b62a66b77455', '2f1aa778-88f4-46fc-abbb-b62a66b77455', '2f1aa778-88f4-46fc-abbb-b62a66b77455', '2f1aa778-88f4-46fc-abbb-b62a66b77455', '2f1aa778-88f4-46fc-abbb-b62a66b77455', '2f1aa778-88f4-46fc-abbb-b62a66b77455', '4d9c49b0-b8b0-4d96-9670-3fb009746143', '9bdee19b-2d52-4c6f-9606-5a69cf1d6298', 'f0017869-b6de-49fc-831a-3a5f289037bd', '2b056b9e-6f0c-4763-a8d3-b47deaa433c5', '5009b487-b850-4e70-9cf0-00198eadbb1f', 'a2e2af2b-9f94-4f99-b7f2-07f1cfd5880e', '60ee91c6-cd14-47d6-828c-871771128f4d', 'a12507fb-cf18-48c4-bdda-3428a1a7498a', '3adfafd4-5ff3-450f-bac0-08f00b0d13c5', '1009354e-12d2-4683-b7a3-fbe76258f098', '06fa9420-95ed-4011-bdb3-88418f27bd0c', '30104c1e-53cc-4c8b-8bf2-8d7d98f34f18', '42def08c-6786-4712-9e51-60c46a1cd314', 'a35be949-1ed5-4902-afe3-0bb5522a8b2f', '5e2bc8b4-cffa-4466-aaa4-0acb2e3baf03', 'bc567154-8a3f-49c7-bd2f-15b6a85edc93', '30d8867a-b07d-4e4e-a847-c9cbdfebb289', 'b70abaeb-b918-4c9c-8d4a-5bc5c5f57dd3', 'd339da44-7f52-4137-8091-eceb41c9f0ac', '0c05a089-c89b-4efa-bb0b-99ccb51a057c', '61e49c0b-4b40-4fb8-a7c0-9fcd35a63f68', '79927438-cea9-4b33-99ee-9643cc1aa406', 'd5ebf176-afb7-4cda-8203-834af46fb3bb', '212060ea-a288-4ed0-9c37-129bb89bc008', 'cf3696ff-de65-4243-859f-6c29b122bb54', '21d9b127-bb65-4499-8ef6-099a908d322e', '505e477f-646c-45e6-b433-f9d8f85bd798']"
aadcfdd8-9a26-4f15-87fe-2e9990c22e07,5,"['eb74f9e1-4159-4768-9b01-209adb45a717', 'eb74f9e1-4159-4768-9b01-209adb45a717', 'eb74f9e1-4159-4768-9b01-209adb45a717', '2f1aa778-88f4-46fc-abbb-b62a66b77455', '2f1aa778-88f4-46fc-abbb-b62a66b77455', '2f1aa778-88f4-46fc-abbb-b62a66b77455', '2f1aa778-88f4-46fc-abbb-b62a66b77455', '2f1aa778-88f4-46fc-abbb-b62a66b77455', '2f1aa778-88f4-46fc-abbb-b62a66b77455', '2f1aa778-88f4-46fc-abbb-b62a66b77455', '2f1aa778-88f4-46fc-abbb-b62a66b77455', '79927438-cea9-4b33-99ee-9643cc1aa406', '79927438-cea9-4b33-99ee-9643cc1aa406', '79927438-cea9-4b33-99ee-9643cc1aa406', '79927438-cea9-4b33-99ee-9643cc1aa406', '79927438-cea9-4b33-99ee-9643cc1aa406', '79927438-cea9-4b33-99ee-9643cc1aa406', '79927438-cea9-4b33-99ee-9643cc1aa406', '79927438-cea9-4b33-99ee-9643cc1aa406', '79927438-cea9-4b33-99ee-9643cc1aa406', '79927438-cea9-4b33-99ee-9643cc1aa406', '79927438-cea9-4b33-99ee-9643cc1aa406', '79927438-cea9-4b33-99ee-9643cc1aa406', '79927438-cea9-4b33-99ee-9643cc1aa406', '79927438-cea9-4b33-99ee-9643cc1aa406', '79927438-cea9-4b33-99ee-9643cc1aa406', '79927438-cea9-4b33-99ee-9643cc1aa406', '79927438-cea9-4b33-99ee-9643cc1aa406', '79927438-cea9-4b33-99ee-9643cc1aa406', '79927438-cea9-4b33-99ee-9643cc1aa406', '79927438-cea9-4b33-99ee-9643cc1aa406', '79927438-cea9-4b33-99ee-9643cc1aa406', '79927438-cea9-4b33-99ee-9643cc1aa406', '22e01d7a-4fee-47cf-9ac9-7afff9a750b6', '5c3d0af9-5363-4c05-86e2-39efba1856b2', '6d52dfaa-ad92-41eb-abfe-6e8b7ad2a192', 'e51d9f2e-d599-40c2-bf7a-ed43f5eefc0a', '848e9d0b-aa15-437d-b1c7-a5e2f2ba51fa', '0db76194-a6fd-4384-97b0-8a85035e511b', '2b4fb018-37ad-414a-8032-d5e01965838a', 'b4aff7f5-d1bb-4416-bff4-bd376dcf8d0e', '443a05d3-3560-4938-861e-07af6590c37f', '76e70da8-6778-4783-bf3b-21f4544695b5', 'c0bf9a0d-fc00-43c2-a373-05a77e6335b9', '839ac8f8-de86-4df7-bb4f-3d9f6b998006', '14f5f476-4faa-47b2-a7ba-52eeb208e63f', 'd048b4bc-8462-4011-aa2e-cb20e9cae8a6', 'f1557cfb-2e7c-4268-bfd0-89397be864a7', 'cefe78cc-28a8-4189-94bf-122c4cd8a4d7', '3b978198-2d0d-4d37-84e8-2f56579a1cba']"
aadcfdd8-9a26-4f15-87fe-2e9990c22e07,6,"['79927438-cea9-4b33-99ee-9643cc1aa406', '79927438-cea9-4b33-99ee-9643cc1aa406', '79927438-cea9-4b33-99ee-9643cc1aa406', '79927438-cea9-4b33-99ee-9643cc1aa406', '79927438-cea9-4b33-99ee-9643cc1aa406', '79927438-cea9-4b33-99ee-9643cc1aa406', '79927438-cea9-4b33-99ee-9643cc1aa406', '79927438-cea9-4b33-99ee-9643cc1aa406', '79927438-cea9-4b33-99ee-9643cc1aa406', '79927438-cea9-4b33-99ee-9643cc1aa406', '79927438-cea9-4b33-99ee-9643cc1aa406', '79927438-cea9-4b33-99ee-9643cc1aa406', '79927438-cea9-4b33-99ee-9643cc1aa406', '79927438-cea9-4b33-99ee-9643cc1aa406', '79927438-cea9-4b33-99ee-9643cc1aa406', '79927438-cea9-4b33-99ee-9643cc1aa406', '79927438-cea9-4b33-99ee-9643cc1aa406', '79927438-cea9-4b33-99ee-9643cc1aa406', '79927438-cea9-4b33-99ee-9643cc1aa406', '79927438-cea9-4b33-99ee-9643cc1aa406', '79927438-cea9-4b33-99ee-9643cc1aa406', '79927438-cea9-4b33-99ee-9643cc1aa406', '79927438-cea9-4b33-99ee-9643cc1aa406', '79927438-cea9-4b33-99ee-9643cc1aa406', '79927438-cea9-4b33-99ee-9643cc1aa406', '79927438-cea9-4b33-99ee-9643cc1aa406', '79927438-cea9-4b33-99ee-9643cc1aa406', '79927438-cea9-4b33-99ee-9643cc1aa406', '79927438-cea9-4b33-99ee-9643cc1aa406', '79927438-cea9-4b33-99ee-9643cc1aa406', '79927438-cea9-4b33-99ee-9643cc1aa406', '79927438-cea9-4b33-99ee-9643cc1aa406', '79927438-cea9-4b33-99ee-9643cc1aa406', '79927438-cea9-4b33-99ee-9643cc1aa406', '79927438-cea9-4b33-99ee-9643cc1aa406', '79927438-cea9-4b33-99ee-9643cc1aa406', '79927438-cea9-4b33-99ee-9643cc1aa406', '79927438-cea9-4b33-99ee-9643cc1aa406', '79927438-cea9-4b33-99ee-9643cc1aa406', '79927438-cea9-4b33-99ee-9643cc1aa406', '7393809f-02db-4b83-b807-e2ce5878b86a', 'adf9ead3-5b81-4811-adc3-e9a00582de99', '31f0a402-878d-45bc-9438-15c619c0c724', 'd8fcde4f-b00b-45b2-9c49-0570d1ab5ef9', '979a9a3e-13b8-4c12-a8b8-516d8b5d3ce8', '78a60d3e-a1e2-4f3f-8897-0f1c2d0cdb89', '341a222b-f931-4e11-bea6-3c4ec5da4055', 'c89b2d36-3fa6-42b5-b9f8-4964c12947dd', 'ec40522a-0f38-434b-a263-f2adf22f4151', '4cfb653a-40ab-416e-9cca-bc393b4c9d5a']"
aadcfdd8-9a26-4f15-87fe-2e9990c22e07,7,"['79927438-cea9-4b33-99ee-9643cc1aa406', '79927438-cea9-4b33-99ee-9643cc1aa406', '79927438-cea9-4b33-99ee-9643cc1aa406', '79927438-cea9-4b33-99ee-9643cc1aa406', '79927438-cea9-4b33-99ee-9643cc1aa406', '79927438-cea9-4b33-99ee-9643cc1aa406', '79927438-cea9-4b33-99ee-9643cc1aa406', '79927438-cea9-4b33-99ee-9643cc1aa406', '79927438-cea9-4b33-99ee-9643cc1aa406', '79927438-cea9-4b33-99ee-9643cc1aa406', '79927438-cea9-4b33-99ee-9643cc1aa406', '79927438-cea9-4b33-99ee-9643cc1aa406', '79927438-cea9-4b33-99ee-9643cc1aa406', '79927438-cea9-4b33-99ee-9643cc1aa406', '79927438-cea9-4b33-99ee-9643cc1aa406', '79927438-cea9-4b33-99ee-9643cc1aa406', '79927438-cea9-4b33-99ee-9643cc1aa406', '79927438-cea9-4b33-99ee-9643cc1aa406', '79927438-cea9-4b33-99ee-9643cc1aa406', '79927438-cea9-4b33-99ee-9643cc1aa406', '79927438-cea9-4b33-99ee-9643cc1aa406', '79927438-cea9-4b33-99ee-9643cc1aa406', '79927438-cea9-4b33-99ee-9643cc1aa406', '79927438-cea9-4b33-99ee-9643cc1aa406', '79927438-cea9-4b33-99ee-9643cc1aa406', '79927438-cea9-4b33-99ee-9643cc1aa406', '79927438-cea9-4b33-99ee-9643cc1aa406', '79927438-cea9-4b33-99ee-9643cc1aa406', '79927438-cea9-4b33-99ee-9643cc1aa406', '79927438-cea9-4b33-99ee-9643cc1aa406', '79927438-cea9-4b33-99ee-9643cc1aa406', '79927438-cea9-4b33-99ee-9643cc1aa406', '79927438-cea9-4b33-99ee-9643cc1aa406', '7393809f-02db-4b83-b807-e2ce5878b86a', 'd8fcde4f-b00b-45b2-9c49-0570d1ab5ef9', '979a9a3e-13b8-4c12-a8b8-516d8b5d3ce8', '78a60d3e-a1e2-4f3f-8897-0f1c2d0cdb89', '341a222b-f931-4e11-bea6-3c4ec5da4055', 'c89b2d36-3fa6-42b5-b9f8-4964c12947dd', 'ec40522a-0f38-434b-a263-f2adf22f4151', '4cfb653a-40ab-416e-9cca-bc393b4c9d5a', 'ed88b596-78c4-4670-b324-c68af730dfc6', 'da0b9150-8f7c-4163-ac94-152ce3536ede', 'a0f3e87d-fa92-428c-a1e9-eed97849586f', 'd13b07a4-e16c-4dab-ac36-9750d55f4fd1', '3843dcee-73de-4332-8380-8c3ad01c9c42', '2d1dea85-82eb-4aae-ad3a-6f49b5076b78', '631ef314-9704-46b5-8037-84c67f7cc724', '82a035bd-99fb-4044-b79e-5feab62036fd', '60961e2f-add3-4755-9131-336480494edd']"
aadcfdd8-9a26-4f15-87fe-2e9990c22e07,8,"['79927438-cea9-4b33-99ee-9643cc1aa406', '79927438-cea9-4b33-99ee-9643cc1aa406', '79927438-cea9-4b33-99ee-9643cc1aa406', '79927438-cea9-4b33-99ee-9643cc1aa406', '79927438-cea9-4b33-99ee-9643cc1aa406', '79927438-cea9-4b33-99ee-9643cc1aa406', '79927438-cea9-4b33-99ee-9643cc1aa406', '79927438-cea9-4b33-99ee-9643cc1aa406', '79927438-cea9-4b33-99ee-9643cc1aa406', '79927438-cea9-4b33-99ee-9643cc1aa406', '79927438-cea9-4b33-99ee-9643cc1aa406', '79927438-cea9-4b33-99ee-9643cc1aa406', '79927438-cea9-4b33-99ee-9643cc1aa406', '79927438-cea9-4b33-99ee-9643cc1aa406', '79927438-cea9-4b33-99ee-9643cc1aa406', '79927438-cea9-4b33-99ee-9643cc1aa406', '79927438-cea9-4b33-99ee-9643cc1aa406', '79927438-cea9-4b33-99ee-9643cc1aa406', '79927438-cea9-4b33-99ee-9643cc1aa406', '79927438-cea9-4b33-99ee-9643cc1aa406', '79927438-cea9-4b33-99ee-9643cc1aa406', '79927438-cea9-4b33-99ee-9643cc1aa406', '79927438-cea9-4b33-99ee-9643cc1aa406', '79927438-cea9-4b33-99ee-9643cc1aa406', '79927438-cea9-4b33-99ee-9643cc1aa406', '79927438-cea9-4b33-99ee-9643cc1aa406', '79927438-cea9-4b33-99ee-9643cc1aa406', '7393809f-02db-4b83-b807-e2ce5878b86a', 'd8fcde4f-b00b-45b2-9c49-0570d1ab5ef9', '979a9a3e-13b8-4c12-a8b8-516d8b5d3ce8', '78a60d3e-a1e2-4f3f-8897-0f1c2d0cdb89', '341a222b-f931-4e11-bea6-3c4ec5da4055', 'c89b2d36-3fa6-42b5-b9f8-4964c12947dd', 'ec40522a-0f38-434b-a263-f2adf22f4151', '4cfb653a-40ab-416e-9cca-bc393b4c9d5a', 'ed88b596-78c4-4670-b324-c68af730dfc6', 'da0b9150-8f7c-4163-ac94-152ce3536ede', 'a0f3e87d-fa92-428c-a1e9-eed97849586f', '2d1dea85-82eb-4aae-ad3a-6f49b5076b78', '82a035bd-99fb-4044-b79e-5feab62036fd', '60961e2f-add3-4755-9131-336480494edd', '9a8b67c7-a1a1-4294-8516-9119afb81c47', 'bed98b07-a830-4fc5-a7f1-f1fe325c87aa', '73d28558-83fc-474b-8f9a-da8ee94d1549', '68ffb32b-9aea-42eb-8cf4-0b18a251d75b', '36715664-22bf-41b2-8cc5-93d4956b5583', 'ca963e68-9516-41d0-8599-37bd8dcdf288', '61a3bd5c-a4bd-4fe6-b635-d4119444c868', '36a4d9ac-818d-4010-9d6e-5b27d2d046d2', '7daf55c3-4e52-442d-bfe0-1ee465c1216b']"
aadcfdd8-9a26-4f15-87fe-2e9990c22e07,9,"['79927438-cea9-4b33-99ee-9643cc1aa406', '79927438-cea9-4b33-99ee-9643cc1aa406', '79927438-cea9-4b33-99ee-9643cc1aa406', '79927438-cea9-4b33-99ee-9643cc1aa406', '79927438-cea9-4b33-99ee-9643cc1aa406', '79927438-cea9-4b33-99ee-9643cc1aa406', '79927438-cea9-4b33-99ee-9643cc1aa406', '79927438-cea9-4b33-99ee-9643cc1aa406', '79927438-cea9-4b33-99ee-9643cc1aa406', '79927438-cea9-4b33-99ee-9643cc1aa406', '79927438-cea9-4b33-99ee-9643cc1aa406', '79927438-cea9-4b33-99ee-9643cc1aa406', '79927438-cea9-4b33-99ee-9643cc1aa406', '79927438-cea9-4b33-99ee-9643cc1aa406', '79927438-cea9-4b33-99ee-9643cc1aa406', '79927438-cea9-4b33-99ee-9643cc1aa406', '79927438-cea9-4b33-99ee-9643cc1aa406', '79927438-cea9-4b33-99ee-9643cc1aa406', '79927438-cea9-4b33-99ee-9643cc1aa406', '79927438-cea9-4b33-99ee-9643cc1aa406', '79927438-cea9-4b33-99ee-9643cc1aa406', '79927438-cea9-4b33-99ee-9643cc1aa406', '7393809f-02db-4b83-b807-e2ce5878b86a', 'd8fcde4f-b00b-45b2-9c49-0570d1ab5ef9', '979a9a3e-13b8-4c12-a8b8-516d8b5d3ce8', '78a60d3e-a1e2-4f3f-8897-0f1c2d0cdb89', 'c89b2d36-3fa6-42b5-b9f8-4964c12947dd', 'ec40522a-0f38-434b-a263-f2adf22f4151', 'ed88b596-78c4-4670-b324-c68af730dfc6', 'a0f3e87d-fa92-428c-a1e9-eed97849586f', '2d1dea85-82eb-4aae-ad3a-6f49b5076b78', '82a035bd-99fb-4044-b79e-5feab62036fd', '9a8b67c7-a1a1-4294-8516-9119afb81c47', '73d28558-83fc-474b-8f9a-da8ee94d1549', '68ffb32b-9aea-42eb-8cf4-0b18a251d75b', 'ca963e68-9516-41d0-8599-37bd8dcdf288', '36a4d9ac-818d-4010-9d6e-5b27d2d046d2', '7daf55c3-4e52-442d-bfe0-1ee465c1216b', 'fed83b2b-b154-4ada-afae-9238082fa7c4', '6d9f2000-f494-4e37-8739-3e9380a72390', 'ff12d60b-fb10-442d-8668-0b7ac5fd3bd5', 'd6055cf0-038c-45a5-aa37-fa8e371cd40c', '3c8b0239-6f21-40a4-bb87-d1ed5f035f62', 'ad43dc3c-cf02-4cff-acc3-1cbb121559cd', '29f3545b-a7c7-44a5-934c-4441944eaf55', '660ab317-40ea-4b59-a545-c2c0001b1483', '67ed8bb1-33b5-438c-bb0f-41ce568ab49e', '2485798b-d85f-4967-b5fb-96da3217ede3', '05e46a99-3bcd-428f-a269-c46386902259', 'c1be6c44-272f-413e-9def-1b096afa2b52']"
aadcfdd8-9a26-4f15-87fe-2e9990c22e07,10,"['79927438-cea9-4b33-99ee-9643cc1aa406', '79927438-cea9-4b33-99ee-9643cc1aa406', '79927438-cea9-4b33-99ee-9643cc1aa406', '79927438-cea9-4b33-99ee-9643cc1aa406', '79927438-cea9-4b33-99ee-9643cc1aa406', '79927438-cea9-4b33-99ee-9643cc1aa406', '79927438-cea9-4b33-99ee-9643cc1aa406', '79927438-cea9-4b33-99ee-9643cc1aa406', '79927438-cea9-4b33-99ee-9643cc1aa406', '79927438-cea9-4b33-99ee-9643cc1aa406', '79927438-cea9-4b33-99ee-9643cc1aa406', '79927438-cea9-4b33-99ee-9643cc1aa406', '79927438-cea9-4b33-99ee-9643cc1aa406', '79927438-cea9-4b33-99ee-9643cc1aa406', '79927438-cea9-4b33-99ee-9643cc1aa406', '79927438-cea9-4b33-99ee-9643cc1aa406', '79927438-cea9-4b33-99ee-9643cc1aa406', '79927438-cea9-4b33-99ee-9643cc1aa406', '79927438-cea9-4b33-99ee-9643cc1aa406', '79927438-cea9-4b33-99ee-9643cc1aa406', '79927438-cea9-4b33-99ee-9643cc1aa406', '79927438-cea9-4b33-99ee-9643cc1aa406', '79927438-cea9-4b33-99ee-9643cc1aa406', '79927438-cea9-4b33-99ee-9643cc1aa406', '79927438-cea9-4b33-99ee-9643cc1aa406', '79927438-cea9-4b33-99ee-9643cc1aa406', '79927438-cea9-4b33-99ee-9643cc1aa406', '79927438-cea9-4b33-99ee-9643cc1aa406', '79927438-cea9-4b33-99ee-9643cc1aa406', '79927438-cea9-4b33-99ee-9643cc1aa406', '79927438-cea9-4b33-99ee-9643cc1aa406', '79927438-cea9-4b33-99ee-9643cc1aa406', '79927438-cea9-4b33-99ee-9643cc1aa406', '79927438-cea9-4b33-99ee-9643cc1aa406', '79927438-cea9-4b33-99ee-9643cc1aa406', '79927438-cea9-4b33-99ee-9643cc1aa406', '79927438-cea9-4b33-99ee-9643cc1aa406', '79927438-cea9-4b33-99ee-9643cc1aa406', '79927438-cea9-4b33-99ee-9643cc1aa406', '79927438-cea9-4b33-99ee-9643cc1aa406', '79927438-cea9-4b33-99ee-9643cc1aa406', '79927438-cea9-4b33-99ee-9643cc1aa406', '79927438-cea9-4b33-99ee-9643cc1aa406', 'ed4bedbd-3717-484c-af2d-e0776573460e', 'fc467173-982e-40a3-83e0-13e65131eb2a', 'e9d85d5b-07c3-48a6-ba04-f385533db8dd', '3635bf79-0bc7-41db-a438-ecdeb90aa726', 'c84bea6e-3749-47f4-a366-2fa5b15868bf', '69cfe53a-1ff6-4ab8-aef3-c6a5a959a4c4', '04fd3338-3c37-4158-bfae-55464e2858b7']"
aadcfdd8-9a26-4f15-87fe-2e9990c22e07,11,"['79927438-cea9-4b33-99ee-9643cc1aa406', '79927438-cea9-4b33-99ee-9643cc1aa406', '79927438-cea9-4b33-99ee-9643cc1aa406', '79927438-cea9-4b33-99ee-9643cc1aa406', '79927438-cea9-4b33-99ee-9643cc1aa406', '79927438-cea9-4b33-99ee-9643cc1aa406', '79927438-cea9-4b33-99ee-9643cc1aa406', '79927438-cea9-4b33-99ee-9643cc1aa406', '79927438-cea9-4b33-99ee-9643cc1aa406', '79927438-cea9-4b33-99ee-9643cc1aa406', '79927438-cea9-4b33-99ee-9643cc1aa406', '79927438-cea9-4b33-99ee-9643cc1aa406', '79927438-cea9-4b33-99ee-9643cc1aa406', '79927438-cea9-4b33-99ee-9643cc1aa406', '79927438-cea9-4b33-99ee-9643cc1aa406', '79927438-cea9-4b33-99ee-9643cc1aa406', '79927438-cea9-4b33-99ee-9643cc1aa406', '79927438-cea9-4b33-99ee-9643cc1aa406', '79927438-cea9-4b33-99ee-9643cc1aa406', '79927438-cea9-4b33-99ee-9643cc1aa406', '79927438-cea9-4b33-99ee-9643cc1aa406', '79927438-cea9-4b33-99ee-9643cc1aa406', '79927438-cea9-4b33-99ee-9643cc1aa406', '79927438-cea9-4b33-99ee-9643cc1aa406', '79927438-cea9-4b33-99ee-9643cc1aa406', '79927438-cea9-4b33-99ee-9643cc1aa406', '79927438-cea9-4b33-99ee-9643cc1aa406', '79927438-cea9-4b33-99ee-9643cc1aa406', '79927438-cea9-4b33-99ee-9643cc1aa406', '79927438-cea9-4b33-99ee-9643cc1aa406', '79927438-cea9-4b33-99ee-9643cc1aa406', '79927438-cea9-4b33-99ee-9643cc1aa406', '79927438-cea9-4b33-99ee-9643cc1aa406', '79927438-cea9-4b33-99ee-9643cc1aa406', '79927438-cea9-4b33-99ee-9643cc1aa406', '79927438-cea9-4b33-99ee-9643cc1aa406', '79927438-cea9-4b33-99ee-9643cc1aa406', '79927438-cea9-4b33-99ee-9643cc1aa406', 'fc467173-982e-40a3-83e0-13e65131eb2a', 'e9d85d5b-07c3-48a6-ba04-f385533db8dd', 'c84bea6e-3749-47f4-a366-2fa5b15868bf', '69cfe53a-1ff6-4ab8-aef3-c6a5a959a4c4', '04fd3338-3c37-4158-bfae-55464e2858b7', 'd7de96ad-70fd-4828-bcee-e3f8958750e3', '4872ac97-00cb-4ec4-8582-d666d408fc08', 'bf1da084-dd88-4a0b-a62c-94682e4ca055', '07ff989d-4d23-4891-acd2-fcca17b96220', '1f341880-2745-4e0b-a163-82fb24cce96c', '66776c9e-53c6-46ef-b031-f23250f9e5f7', 'c8d5321c-0eb9-4c17-8323-9aa17357f6ae']"
aadcfdd8-9a26-4f15-87fe-2e9990c22e07,12,"['79927438-cea9-4b33-99ee-9643cc1aa406', '79927438-cea9-4b33-99ee-9643cc1aa406', '79927438-cea9-4b33-99ee-9643cc1aa406', '79927438-cea9-4b33-99ee-9643cc1aa406', '79927438-cea9-4b33-99ee-9643cc1aa406', '79927438-cea9-4b33-99ee-9643cc1aa406', '79927438-cea9-4b33-99ee-9643cc1aa406', '79927438-cea9-4b33-99ee-9643cc1aa406', '79927438-cea9-4b33-99ee-9643cc1aa406', '79927438-cea9-4b33-99ee-9643cc1aa406', '79927438-cea9-4b33-99ee-9643cc1aa406', '79927438-cea9-4b33-99ee-9643cc1aa406', '79927438-cea9-4b33-99ee-9643cc1aa406', '79927438-cea9-4b33-99ee-9643cc1aa406', '79927438-cea9-4b33-99ee-9643cc1aa406', '79927438-cea9-4b33-99ee-9643cc1aa406', '79927438-cea9-4b33-99ee-9643cc1aa406', '79927438-cea9-4b33-99ee-9643cc1aa406', '79927438-cea9-4b33-99ee-9643cc1aa406', '79927438-cea9-4b33-99ee-9643cc1aa406', '79927438-cea9-4b33-99ee-9643cc1aa406', '79927438-cea9-4b33-99ee-9643cc1aa406', '79927438-cea9-4b33-99ee-9643cc1aa406', '79927438-cea9-4b33-99ee-9643cc1aa406', '79927438-cea9-4b33-99ee-9643cc1aa406', '79927438-cea9-4b33-99ee-9643cc1aa406', '79927438-cea9-4b33-99ee-9643cc1aa406', 'fc467173-982e-40a3-83e0-13e65131eb2a', 'e9d85d5b-07c3-48a6-ba04-f385533db8dd', 'c84bea6e-3749-47f4-a366-2fa5b15868bf', '69cfe53a-1ff6-4ab8-aef3-c6a5a959a4c4', '04fd3338-3c37-4158-bfae-55464e2858b7', '4872ac97-00cb-4ec4-8582-d666d408fc08', 'bf1da084-dd88-4a0b-a62c-94682e4ca055', '07ff989d-4d23-4891-acd2-fcca17b96220', '66776c9e-53c6-46ef-b031-f23250f9e5f7', 'c8d5321c-0eb9-4c17-8323-9aa17357f6ae', 'ff59ac42-61bf-4bee-9ef9-bdbec2b0ab18', '2ed92ae2-bd7a-4db2-adba-c2d450aeb083', 'b90a371c-55b4-4aa0-9699-ad301aea8139', '805dd9b8-59a1-453f-a69d-43ae5f11d6e8', 'ee9ed0a8-f4c9-4f2c-9565-93667628c183', '2ebb6b38-b9e6-4206-8824-b5797a92829d', 'ac3cde04-38b1-443d-acb6-70238a6d4b86', 'e173cda3-7dce-4a87-aa48-10dd7dcbc260', 'f431e7bf-71f2-4c7a-8e97-ee5edf00debc', '67d9b896-59f4-4ae8-a07b-3189210f3e75', 'a541ee5b-a282-4e24-8dc1-28ffaac94539', 'e0c8a76d-1aae-4664-9641-6ebb56abe275', 'c1dbfff7-37d5-44e1-a391-60b41923f44a']"
aadcfdd8-9a26-4f15-87fe-2e9990c22e07,13,"['79927438-cea9-4b33-99ee-9643cc1aa406', '79927438-cea9-4b33-99ee-9643cc1aa406', '79927438-cea9-4b33-99ee-9643cc1aa406', '79927438-cea9-4b33-99ee-9643cc1aa406', '79927438-cea9-4b33-99ee-9643cc1aa406', '79927438-cea9-4b33-99ee-9643cc1aa406', '79927438-cea9-4b33-99ee-9643cc1aa406', '79927438-cea9-4b33-99ee-9643cc1aa406', '79927438-cea9-4b33-99ee-9643cc1aa406', '79927438-cea9-4b33-99ee-9643cc1aa406', '79927438-cea9-4b33-99ee-9643cc1aa406', '79927438-cea9-4b33-99ee-9643cc1aa406', '79927438-cea9-4b33-99ee-9643cc1aa406', '79927438-cea9-4b33-99ee-9643cc1aa406', '79927438-cea9-4b33-99ee-9643cc1aa406', '79927438-cea9-4b33-99ee-9643cc1aa406', '79927438-cea9-4b33-99ee-9643cc1aa406', '79927438-cea9-4b33-99ee-9643cc1aa406', '79927438-cea9-4b33-99ee-9643cc1aa406', '79927438-cea9-4b33-99ee-9643cc1aa406', 'fc467173-982e-40a3-83e0-13e65131eb2a', 'e9d85d5b-07c3-48a6-ba04-f385533db8dd', 'c84bea6e-3749-47f4-a366-2fa5b15868bf', '69cfe53a-1ff6-4ab8-aef3-c6a5a959a4c4', '04fd3338-3c37-4158-bfae-55464e2858b7', 'bf1da084-dd88-4a0b-a62c-94682e4ca055', '07ff989d-4d23-4891-acd2-fcca17b96220', '66776c9e-53c6-46ef-b031-f23250f9e5f7', 'c8d5321c-0eb9-4c17-8323-9aa17357f6ae', 'ff59ac42-61bf-4bee-9ef9-bdbec2b0ab18', '2ed92ae2-bd7a-4db2-adba-c2d450aeb083', 'b90a371c-55b4-4aa0-9699-ad301aea8139', '805dd9b8-59a1-453f-a69d-43ae5f11d6e8', 'ee9ed0a8-f4c9-4f2c-9565-93667628c183', '2ebb6b38-b9e6-4206-8824-b5797a92829d', 'f431e7bf-71f2-4c7a-8e97-ee5edf00debc', '67d9b896-59f4-4ae8-a07b-3189210f3e75', 'a541ee5b-a282-4e24-8dc1-28ffaac94539', 'e0c8a76d-1aae-4664-9641-6ebb56abe275', 'c1dbfff7-37d5-44e1-a391-60b41923f44a', '8327ef51-3556-4cc1-8681-bf32fa1e12b9', '193c76d1-064f-4686-a079-9a9ad1a74748', '08837f9d-9dce-4295-8295-3386d2ce5c97', 'c696d906-8d65-49a6-a3a5-2302ae91c956', 'd23b41da-7da2-4fcc-be07-2e45d43a1afb', '699f3031-e966-4d5e-9463-2f58d42f909c', 'dcc18224-0b37-4eb8-87d4-5097cbeaa2db', '30fb512b-d25e-4e54-bddf-2f03e9649461', '46f239b3-7127-4cf7-a6e1-9cefe5d62752', '32c27b77-1fc4-463a-95b8-8fea056d0afc']"
aadcfdd8-9a26-4f15-87fe-2e9990c22e07,14,"['79927438-cea9-4b33-99ee-9643cc1aa406', '79927438-cea9-4b33-99ee-9643cc1aa406', '79927438-cea9-4b33-99ee-9643cc1aa406', '79927438-cea9-4b33-99ee-9643cc1aa406', '79927438-cea9-4b33-99ee-9643cc1aa406', '79927438-cea9-4b33-99ee-9643cc1aa406', '79927438-cea9-4b33-99ee-9643cc1aa406', '79927438-cea9-4b33-99ee-9643cc1aa406', '79927438-cea9-4b33-99ee-9643cc1aa406', '79927438-cea9-4b33-99ee-9643cc1aa406', '79927438-cea9-4b33-99ee-9643cc1aa406', '79927438-cea9-4b33-99ee-9643cc1aa406', '79927438-cea9-4b33-99ee-9643cc1aa406', '79927438-cea9-4b33-99ee-9643cc1aa406', '79927438-cea9-4b33-99ee-9643cc1aa406', '79927438-cea9-4b33-99ee-9643cc1aa406', '79927438-cea9-4b33-99ee-9643cc1aa406', '79927438-cea9-4b33-99ee-9643cc1aa406', '79927438-cea9-4b33-99ee-9643cc1aa406', '79927438-cea9-4b33-99ee-9643cc1aa406', '79927438-cea9-4b33-99ee-9643cc1aa406', '79927438-cea9-4b33-99ee-9643cc1aa406', '79927438-cea9-4b33-99ee-9643cc1aa406', '79927438-cea9-4b33-99ee-9643cc1aa406', '79927438-cea9-4b33-99ee-9643cc1aa406', '79927438-cea9-4b33-99ee-9643cc1aa406', '79927438-cea9-4b33-99ee-9643cc1aa406', '79927438-cea9-4b33-99ee-9643cc1aa406', '79927438-cea9-4b33-99ee-9643cc1aa406', '79927438-cea9-4b33-99ee-9643cc1aa406', '79927438-cea9-4b33-99ee-9643cc1aa406', '79927438-cea9-4b33-99ee-9643cc1aa406', '79927438-cea9-4b33-99ee-9643cc1aa406', '79927438-cea9-4b33-99ee-9643cc1aa406', '79927438-cea9-4b33-99ee-9643cc1aa406', '79927438-cea9-4b33-99ee-9643cc1aa406', '79927438-cea9-4b33-99ee-9643cc1aa406', '79927438-cea9-4b33-99ee-9643cc1aa406', '30ba0abd-b649-4f30-8b27-dc48b515df80', '1d8d0ac6-b7b7-408d-9188-08638f79d3b7', '59b5bb64-0394-4487-a37b-af1812bc94a8', '67b95ad4-8424-41fe-89d6-3d9872c92f65', 'be843a8a-13f2-4871-860f-66810a8fa940', 'b9d5a11a-6ba0-4aeb-80fd-5f92aff39938', '831abc61-e0eb-415a-a0cf-6788a94cb15f', '9de3b297-739d-435d-b0f7-a880d2466f8b', '8198c6ca-15e8-4f66-895e-7bb9e6d4511e', '08be379e-4ac7-4853-99cb-126b1d78e496', 'd8acc864-72a4-4aa8-a2b7-91f9012eeaeb', '3015c40e-2ecb-431d-9f8b-2b046e0a5a0f']"
aadcfdd8-9a26-4f15-87fe-2e9990c22e07,15,"['79927438-cea9-4b33-99ee-9643cc1aa406', '79927438-cea9-4b33-99ee-9643cc1aa406', '79927438-cea9-4b33-99ee-9643cc1aa406', '79927438-cea9-4b33-99ee-9643cc1aa406', '79927438-cea9-4b33-99ee-9643cc1aa406', '79927438-cea9-4b33-99ee-9643cc1aa406', '79927438-cea9-4b33-99ee-9643cc1aa406', '79927438-cea9-4b33-99ee-9643cc1aa406', '79927438-cea9-4b33-99ee-9643cc1aa406', '79927438-cea9-4b33-99ee-9643cc1aa406', '79927438-cea9-4b33-99ee-9643cc1aa406', '79927438-cea9-4b33-99ee-9643cc1aa406', '79927438-cea9-4b33-99ee-9643cc1aa406', '79927438-cea9-4b33-99ee-9643cc1aa406', '79927438-cea9-4b33-99ee-9643cc1aa406', '79927438-cea9-4b33-99ee-9643cc1aa406', '79927438-cea9-4b33-99ee-9643cc1aa406', '79927438-cea9-4b33-99ee-9643cc1aa406', '79927438-cea9-4b33-99ee-9643cc1aa406', '79927438-cea9-4b33-99ee-9643cc1aa406', '79927438-cea9-4b33-99ee-9643cc1aa406', '79927438-cea9-4b33-99ee-9643cc1aa406', '79927438-cea9-4b33-99ee-9643cc1aa406', '79927438-cea9-4b33-99ee-9643cc1aa406', '79927438-cea9-4b33-99ee-9643cc1aa406', '79927438-cea9-4b33-99ee-9643cc1aa406', '79927438-cea9-4b33-99ee-9643cc1aa406', '79927438-cea9-4b33-99ee-9643cc1aa406', '79927438-cea9-4b33-99ee-9643cc1aa406', '79927438-cea9-4b33-99ee-9643cc1aa406', '79927438-cea9-4b33-99ee-9643cc1aa406', '79927438-cea9-4b33-99ee-9643cc1aa406', '30ba0abd-b649-4f30-8b27-dc48b515df80', '1d8d0ac6-b7b7-408d-9188-08638f79d3b7', '67b95ad4-8424-41fe-89d6-3d9872c92f65', 'b9d5a11a-6ba0-4aeb-80fd-5f92aff39938', '831abc61-e0eb-415a-a0cf-6788a94cb15f', '9de3b297-739d-435d-b0f7-a880d2466f8b', '8198c6ca-15e8-4f66-895e-7bb9e6d4511e', '08be379e-4ac7-4853-99cb-126b1d78e496', 'd8acc864-72a4-4aa8-a2b7-91f9012eeaeb', '3015c40e-2ecb-431d-9f8b-2b046e0a5a0f', 'd7222411-0f1c-46dc-95f7-530a573b1bce', 'a5d7a772-98eb-451b-a0c0-dcc32796afb3', 'b1dc781b-8b86-44a8-acdb-ee201be6bad0', '64dd99a8-76ab-4176-b0c5-26a99300281f', '45e404b1-68e8-44c5-885f-b9a540d28252', 'b20ff40d-1c18-4075-9865-584796ddfaa9', '052dc207-0d3d-40d6-970d-3706b2675590', '069ce1e4-e8d2-40a4-b453-99d58b5b5872']"
00d664a6-c297-491a-8537-40068a6d54d2,0,"['8b30542b-33b4-42ec-802a-fa171d3d91fb', '8b30542b-33b4-42ec-802a-fa171d3d91fb', '8b30542b-33b4-42ec-802a-fa171d3d91fb', '8b30542b-33b4-42ec-802a-fa171d3d91fb', '8b30542b-33b4-42ec-802a-fa171d3d91fb', '8b30542b-33b4-42ec-802a-fa171d3d91fb', '8b30542b-33b4-42ec-802a-fa171d3d91fb', '8b30542b-33b4-42ec-802a-fa171d3d91fb', '8b30542b-33b4-42ec-802a-fa171d3d91fb', '8b30542b-33b4-42ec-802a-fa171d3d91fb', '8b30542b-33b4-42ec-802a-fa171d3d91fb', '8b30542b-33b4-42ec-802a-fa171d3d91fb', '8b30542b-33b4-42ec-802a-fa171d3d91fb', '8b30542b-33b4-42ec-802a-fa171d3d91fb', '8b30542b-33b4-42ec-802a-fa171d3d91fb', '8b30542b-33b4-42ec-802a-fa171d3d91fb', '8b30542b-33b4-42ec-802a-fa171d3d91fb', '8b30542b-33b4-42ec-802a-fa171d3d91fb', '8b30542b-33b4-42ec-802a-fa171d3d91fb', '8b30542b-33b4-42ec-802a-fa171d3d91fb', '8b30542b-33b4-42ec-802a-fa171d3d91fb', '8b30542b-33b4-42ec-802a-fa171d3d91fb', '8b30542b-33b4-42ec-802a-fa171d3d91fb', '8b30542b-33b4-42ec-802a-fa171d3d91fb', '8b30542b-33b4-42ec-802a-fa171d3d91fb', '8b30542b-33b4-42ec-802a-fa171d3d91fb', '8b30542b-33b4-42ec-802a-fa171d3d91fb', '8b30542b-33b4-42ec-802a-fa171d3d91fb', '8b30542b-33b4-42ec-802a-fa171d3d91fb', '8b30542b-33b4-42ec-802a-fa171d3d91fb', '8b30542b-33b4-42ec-802a-fa171d3d91fb', '8b30542b-33b4-42ec-802a-fa171d3d91fb', '8b30542b-33b4-42ec-802a-fa171d3d91fb', '8b30542b-33b4-42ec-802a-fa171d3d91fb', '8b30542b-33b4-42ec-802a-fa171d3d91fb', '8b30542b-33b4-42ec-802a-fa171d3d91fb', '8b30542b-33b4-42ec-802a-fa171d3d91fb', '8b30542b-33b4-42ec-802a-fa171d3d91fb', '8b30542b-33b4-42ec-802a-fa171d3d91fb', '8b30542b-33b4-42ec-802a-fa171d3d91fb', '8b30542b-33b4-42ec-802a-fa171d3d91fb', '8b30542b-33b4-42ec-802a-fa171d3d91fb', '8b30542b-33b4-42ec-802a-fa171d3d91fb', '8b30542b-33b4-42ec-802a-fa171d3d91fb', '8b30542b-33b4-42ec-802a-fa171d3d91fb', '8b30542b-33b4-42ec-802a-fa171d3d91fb', '8b30542b-33b4-42ec-802a-fa171d3d91fb', '8b30542b-33b4-42ec-802a-fa171d3d91fb', '8b30542b-33b4-42ec-802a-fa171d3d91fb', '8b30542b-33b4-42ec-802a-fa171d3d91fb']"
00d664a6-c297-491a-8537-40068a6d54d2,1,"['8b30542b-33b4-42ec-802a-fa171d3d91fb', '8b30542b-33b4-42ec-802a-fa171d3d91fb', '8b30542b-33b4-42ec-802a-fa171d3d91fb', '8b30542b-33b4-42ec-802a-fa171d3d91fb', '8b30542b-33b4-42ec-802a-fa171d3d91fb', '8b30542b-33b4-42ec-802a-fa171d3d91fb', '8b30542b-33b4-42ec-802a-fa171d3d91fb', '8b30542b-33b4-42ec-802a-fa171d3d91fb', '8b30542b-33b4-42ec-802a-fa171d3d91fb', '8b30542b-33b4-42ec-802a-fa171d3d91fb', '8b30542b-33b4-42ec-802a-fa171d3d91fb', '8b30542b-33b4-42ec-802a-fa171d3d91fb', '8b30542b-33b4-42ec-802a-fa171d3d91fb', '8b30542b-33b4-42ec-802a-fa171d3d91fb', '8b30542b-33b4-42ec-802a-fa171d3d91fb', '8b30542b-33b4-42ec-802a-fa171d3d91fb', '8b30542b-33b4-42ec-802a-fa171d3d91fb', '8b30542b-33b4-42ec-802a-fa171d3d91fb', '8b30542b-33b4-42ec-802a-fa171d3d91fb', '8b30542b-33b4-42ec-802a-fa171d3d91fb', '8b30542b-33b4-42ec-802a-fa171d3d91fb', '8b30542b-33b4-42ec-802a-fa171d3d91fb', '8b30542b-33b4-42ec-802a-fa171d3d91fb', '8b30542b-33b4-42ec-802a-fa171d3d91fb', '8b30542b-33b4-42ec-802a-fa171d3d91fb', '8b30542b-33b4-42ec-802a-fa171d3d91fb', '8b30542b-33b4-42ec-802a-fa171d3d91fb', '8b30542b-33b4-42ec-802a-fa171d3d91fb', '8b30542b-33b4-42ec-802a-fa171d3d91fb', '8b30542b-33b4-42ec-802a-fa171d3d91fb', '8b30542b-33b4-42ec-802a-fa171d3d91fb', '8b30542b-33b4-42ec-802a-fa171d3d91fb', '8b30542b-33b4-42ec-802a-fa171d3d91fb', '8b30542b-33b4-42ec-802a-fa171d3d91fb', '8b30542b-33b4-42ec-802a-fa171d3d91fb', '8b30542b-33b4-42ec-802a-fa171d3d91fb', '8b30542b-33b4-42ec-802a-fa171d3d91fb', '8b30542b-33b4-42ec-802a-fa171d3d91fb', 'd5db4022-1a70-47c9-8d49-788714c6cfcf', 'fdb40ce7-4126-4e84-8ee1-88088ef04201', '3cacc205-d3b6-455c-8f53-a2aa7c1c8ca1', '42874e9d-0c42-4d70-8cb5-a8f7e5df06e2', '2d30c28f-7d8d-4d43-a5b1-60a91bf09f00', 'c1efbecd-d277-4478-9ba6-0297e7f44aff', 'abaea6e9-b062-48a0-ab85-671ef1c1996c', 'e4f6722e-26fd-4011-8596-da0af58d981f', 'f0bb8b24-2486-4969-ad6c-bbb91716d67c', '33b9b2ce-e4da-4594-bb87-fd0cfab09d77', 'fcaa9b3d-cc01-48b2-a8a2-ca2f0aa016de', 'fbcedda8-e456-41ad-9e2d-1bc56f90a25e']"
00d664a6-c297-491a-8537-40068a6d54d2,2,"['8b30542b-33b4-42ec-802a-fa171d3d91fb', '8b30542b-33b4-42ec-802a-fa171d3d91fb', '8b30542b-33b4-42ec-802a-fa171d3d91fb', '8b30542b-33b4-42ec-802a-fa171d3d91fb', '8b30542b-33b4-42ec-802a-fa171d3d91fb', '8b30542b-33b4-42ec-802a-fa171d3d91fb', '8b30542b-33b4-42ec-802a-fa171d3d91fb', '8b30542b-33b4-42ec-802a-fa171d3d91fb', '8b30542b-33b4-42ec-802a-fa171d3d91fb', '8b30542b-33b4-42ec-802a-fa171d3d91fb', '8b30542b-33b4-42ec-802a-fa171d3d91fb', '8b30542b-33b4-42ec-802a-fa171d3d91fb', '8b30542b-33b4-42ec-802a-fa171d3d91fb', '8b30542b-33b4-42ec-802a-fa171d3d91fb', '8b30542b-33b4-42ec-802a-fa171d3d91fb', '8b30542b-33b4-42ec-802a-fa171d3d91fb', '8b30542b-33b4-42ec-802a-fa171d3d91fb', '8b30542b-33b4-42ec-802a-fa171d3d91fb', '8b30542b-33b4-42ec-802a-fa171d3d91fb', '8b30542b-33b4-42ec-802a-fa171d3d91fb', '8b30542b-33b4-42ec-802a-fa171d3d91fb', '8b30542b-33b4-42ec-802a-fa171d3d91fb', '8b30542b-33b4-42ec-802a-fa171d3d91fb', '8b30542b-33b4-42ec-802a-fa171d3d91fb', '8b30542b-33b4-42ec-802a-fa171d3d91fb', '8b30542b-33b4-42ec-802a-fa171d3d91fb', '8b30542b-33b4-42ec-802a-fa171d3d91fb', '8b30542b-33b4-42ec-802a-fa171d3d91fb', '8b30542b-33b4-42ec-802a-fa171d3d91fb', '8b30542b-33b4-42ec-802a-fa171d3d91fb', 'd5db4022-1a70-47c9-8d49-788714c6cfcf', 'fdb40ce7-4126-4e84-8ee1-88088ef04201', '3cacc205-d3b6-455c-8f53-a2aa7c1c8ca1', '42874e9d-0c42-4d70-8cb5-a8f7e5df06e2', '2d30c28f-7d8d-4d43-a5b1-60a91bf09f00', 'c1efbecd-d277-4478-9ba6-0297e7f44aff', 'abaea6e9-b062-48a0-ab85-671ef1c1996c', 'e4f6722e-26fd-4011-8596-da0af58d981f', 'f0bb8b24-2486-4969-ad6c-bbb91716d67c', '33b9b2ce-e4da-4594-bb87-fd0cfab09d77', 'fcaa9b3d-cc01-48b2-a8a2-ca2f0aa016de', 'fbcedda8-e456-41ad-9e2d-1bc56f90a25e', 'b20c1f9e-e45d-4be4-8f3b-80230bac67d5', '33ee239d-691e-46df-be59-0d06f73dd230', '85e75a98-911d-406b-a939-fcaab6324cfb', '3887e1d4-e398-492a-b46f-9284448c5258', '42587a08-002c-40d1-81cc-c1d0442009f9', '5a67a826-34bf-4e72-b96c-f991d72801e0', 'eca235cc-2f59-4424-913b-aa40d5130be8', '9e2f1f36-ceea-4e24-81f7-f442f2a614d3']"
00d664a6-c297-491a-8537-40068a6d54d2,3,"['8b30542b-33b4-42ec-802a-fa171d3d91fb', '8b30542b-33b4-42ec-802a-fa171d3d91fb', '8b30542b-33b4-42ec-802a-fa171d3d91fb', '8b30542b-33b4-42ec-802a-fa171d3d91fb', '8b30542b-33b4-42ec-802a-fa171d3d91fb', '8b30542b-33b4-42ec-802a-fa171d3d91fb', '8b30542b-33b4-42ec-802a-fa171d3d91fb', '8b30542b-33b4-42ec-802a-fa171d3d91fb', '8b30542b-33b4-42ec-802a-fa171d3d91fb', '8b30542b-33b4-42ec-802a-fa171d3d91fb', '8b30542b-33b4-42ec-802a-fa171d3d91fb', '8b30542b-33b4-42ec-802a-fa171d3d91fb', '8b30542b-33b4-42ec-802a-fa171d3d91fb', '8b30542b-33b4-42ec-802a-fa171d3d91fb', '8b30542b-33b4-42ec-802a-fa171d3d91fb', '8b30542b-33b4-42ec-802a-fa171d3d91fb', '8b30542b-33b4-42ec-802a-fa171d3d91fb', '8b30542b-33b4-42ec-802a-fa171d3d91fb', '8b30542b-33b4-42ec-802a-fa171d3d91fb', '8b30542b-33b4-42ec-802a-fa171d3d91fb', '8b30542b-33b4-42ec-802a-fa171d3d91fb', '8b30542b-33b4-42ec-802a-fa171d3d91fb', '8b30542b-33b4-42ec-802a-fa171d3d91fb', '8b30542b-33b4-42ec-802a-fa171d3d91fb', '8b30542b-33b4-42ec-802a-fa171d3d91fb', '8b30542b-33b4-42ec-802a-fa171d3d91fb', '8b30542b-33b4-42ec-802a-fa171d3d91fb', 'fdb40ce7-4126-4e84-8ee1-88088ef04201', '3cacc205-d3b6-455c-8f53-a2aa7c1c8ca1', '42874e9d-0c42-4d70-8cb5-a8f7e5df06e2', 'c1efbecd-d277-4478-9ba6-0297e7f44aff', 'e4f6722e-26fd-4011-8596-da0af58d981f', 'f0bb8b24-2486-4969-ad6c-bbb91716d67c', '33b9b2ce-e4da-4594-bb87-fd0cfab09d77', 'fcaa9b3d-cc01-48b2-a8a2-ca2f0aa016de', 'fbcedda8-e456-41ad-9e2d-1bc56f90a25e', 'b20c1f9e-e45d-4be4-8f3b-80230bac67d5', '33ee239d-691e-46df-be59-0d06f73dd230', '85e75a98-911d-406b-a939-fcaab6324cfb', '3887e1d4-e398-492a-b46f-9284448c5258', '42587a08-002c-40d1-81cc-c1d0442009f9', '5a67a826-34bf-4e72-b96c-f991d72801e0', 'eca235cc-2f59-4424-913b-aa40d5130be8', '9e2f1f36-ceea-4e24-81f7-f442f2a614d3', 'f3c620cf-8f32-42e4-bac5-d8cac17a7904', '501b31a0-1780-45f5-ac70-a2d1d99eb65c', 'b02f40b0-6ea3-4075-a2f7-4e062ea9b802', 'f80c6d9e-6177-4b15-8832-36b77b15eca1', '62a5da8c-168d-45ff-99af-05c50dda9514', 'c485c675-1d31-43bb-85a4-53d02ea87d26']"
00d664a6-c297-491a-8537-40068a6d54d2,4,"['8b30542b-33b4-42ec-802a-fa171d3d91fb', '8b30542b-33b4-42ec-802a-fa171d3d91fb', '8b30542b-33b4-42ec-802a-fa171d3d91fb', '8b30542b-33b4-42ec-802a-fa171d3d91fb', '8b30542b-33b4-42ec-802a-fa171d3d91fb', '8b30542b-33b4-42ec-802a-fa171d3d91fb', '8b30542b-33b4-42ec-802a-fa171d3d91fb', '8b30542b-33b4-42ec-802a-fa171d3d91fb', '8b30542b-33b4-42ec-802a-fa171d3d91fb', '8b30542b-33b4-42ec-802a-fa171d3d91fb', '8b30542b-33b4-42ec-802a-fa171d3d91fb', '8b30542b-33b4-42ec-802a-fa171d3d91fb', '8b30542b-33b4-42ec-802a-fa171d3d91fb', '8b30542b-33b4-42ec-802a-fa171d3d91fb', '8b30542b-33b4-42ec-802a-fa171d3d91fb', '8b30542b-33b4-42ec-802a-fa171d3d91fb', '8b30542b-33b4-42ec-802a-fa171d3d91fb', '8b30542b-33b4-42ec-802a-fa171d3d91fb', '8b30542b-33b4-42ec-802a-fa171d3d91fb', '8b30542b-33b4-42ec-802a-fa171d3d91fb', '8b30542b-33b4-42ec-802a-fa171d3d91fb', '8b30542b-33b4-42ec-802a-fa171d3d91fb', '3cacc205-d3b6-455c-8f53-a2aa7c1c8ca1', '42874e9d-0c42-4d70-8cb5-a8f7e5df06e2', 'c1efbecd-d277-4478-9ba6-0297e7f44aff', 'e4f6722e-26fd-4011-8596-da0af58d981f', 'f0bb8b24-2486-4969-ad6c-bbb91716d67c', 'fbcedda8-e456-41ad-9e2d-1bc56f90a25e', 'b20c1f9e-e45d-4be4-8f3b-80230bac67d5', '85e75a98-911d-406b-a939-fcaab6324cfb', '3887e1d4-e398-492a-b46f-9284448c5258', '42587a08-002c-40d1-81cc-c1d0442009f9', '5a67a826-34bf-4e72-b96c-f991d72801e0', '9e2f1f36-ceea-4e24-81f7-f442f2a614d3', 'f3c620cf-8f32-42e4-bac5-d8cac17a7904', '501b31a0-1780-45f5-ac70-a2d1d99eb65c', 'b02f40b0-6ea3-4075-a2f7-4e062ea9b802', 'f80c6d9e-6177-4b15-8832-36b77b15eca1', 'c485c675-1d31-43bb-85a4-53d02ea87d26', '8ca2f134-3bb2-4ad6-936f-509f219259e4', '36562659-781f-42eb-8bf8-797eb91a49ed', 'a5ce93cb-3a65-4c1a-af67-10b913e2dbca', 'b20ad712-0c6e-4e65-8ccd-8fb4db4971ef', '766fd71c-1923-416a-98c0-e1e43bbd86b7', '77bf9bc6-835a-42d9-b4c0-a427d76e71d4', 'd7dc0fb4-4f06-42bd-a177-01638b57ea0c', '80842f84-1ca3-4b96-84c1-c38f4239c9e8', '28326517-b474-4580-b5eb-fb21542df824', '89d68275-2a5c-49cd-a383-ccd709245ddc', 'cf73bc41-50e5-4cfe-ab12-3fda3e5817a7']"
00d664a6-c297-491a-8537-40068a6d54d2,5,"['8b30542b-33b4-42ec-802a-fa171d3d91fb', '8b30542b-33b4-42ec-802a-fa171d3d91fb', '8b30542b-33b4-42ec-802a-fa171d3d91fb', '8b30542b-33b4-42ec-802a-fa171d3d91fb', '8b30542b-33b4-42ec-802a-fa171d3d91fb', '8b30542b-33b4-42ec-802a-fa171d3d91fb', '8b30542b-33b4-42ec-802a-fa171d3d91fb', '8b30542b-33b4-42ec-802a-fa171d3d91fb', '8b30542b-33b4-42ec-802a-fa171d3d91fb', '8b30542b-33b4-42ec-802a-fa171d3d91fb', '8b30542b-33b4-42ec-802a-fa171d3d91fb', '8b30542b-33b4-42ec-802a-fa171d3d91fb', '8b30542b-33b4-42ec-802a-fa171d3d91fb', '8b30542b-33b4-42ec-802a-fa171d3d91fb', '8b30542b-33b4-42ec-802a-fa171d3d91fb', '8b30542b-33b4-42ec-802a-fa171d3d91fb', '8b30542b-33b4-42ec-802a-fa171d3d91fb', '8b30542b-33b4-42ec-802a-fa171d3d91fb', '8b30542b-33b4-42ec-802a-fa171d3d91fb', '8b30542b-33b4-42ec-802a-fa171d3d91fb', '8b30542b-33b4-42ec-802a-fa171d3d91fb', '8b30542b-33b4-42ec-802a-fa171d3d91fb', '8b30542b-33b4-42ec-802a-fa171d3d91fb', '8b30542b-33b4-42ec-802a-fa171d3d91fb', '8b30542b-33b4-42ec-802a-fa171d3d91fb', '8b30542b-33b4-42ec-802a-fa171d3d91fb', '8b30542b-33b4-42ec-802a-fa171d3d91fb', '8b30542b-33b4-42ec-802a-fa171d3d91fb', '8b30542b-33b4-42ec-802a-fa171d3d91fb', '8b30542b-33b4-42ec-802a-fa171d3d91fb', '8b30542b-33b4-42ec-802a-fa171d3d91fb', '8b30542b-33b4-42ec-802a-fa171d3d91fb', '8b30542b-33b4-42ec-802a-fa171d3d91fb', '8b30542b-33b4-42ec-802a-fa171d3d91fb', '8b30542b-33b4-42ec-802a-fa171d3d91fb', '8b30542b-33b4-42ec-802a-fa171d3d91fb', '8b30542b-33b4-42ec-802a-fa171d3d91fb', '8b30542b-33b4-42ec-802a-fa171d3d91fb', '8b30542b-33b4-42ec-802a-fa171d3d91fb', '8b30542b-33b4-42ec-802a-fa171d3d91fb', '33ddcfd8-f3e4-47b1-bad3-e7728eb1cd0e', '4a7a1860-86c4-4822-bb86-8bd33690f769', '5195ac31-755c-4809-bc7c-f85337217b5c', '6311c3af-2e8a-4e62-bc23-84e23d2ff598', 'ac040703-7428-4ca0-afb7-eb7f85ea89a7', 'ad8f8f61-69cb-4f3a-87a6-14b97dfeb073', '1c8aaeff-4093-4ee3-88aa-18fe2d8e12a5', '1cc93cb8-6e45-42f3-85cd-3b98593aa88e', '1302aa66-0b80-4853-88e6-bcc62c46ddce', '265dcb26-3183-47a1-8ab4-14358ddc6e73']"
00d664a6-c297-491a-8537-40068a6d54d2,6,"['8b30542b-33b4-42ec-802a-fa171d3d91fb', '8b30542b-33b4-42ec-802a-fa171d3d91fb', '8b30542b-33b4-42ec-802a-fa171d3d91fb', '8b30542b-33b4-42ec-802a-fa171d3d91fb', '8b30542b-33b4-42ec-802a-fa171d3d91fb', '8b30542b-33b4-42ec-802a-fa171d3d91fb', '8b30542b-33b4-42ec-802a-fa171d3d91fb', '8b30542b-33b4-42ec-802a-fa171d3d91fb', '8b30542b-33b4-42ec-802a-fa171d3d91fb', '8b30542b-33b4-42ec-802a-fa171d3d91fb', '8b30542b-33b4-42ec-802a-fa171d3d91fb', '8b30542b-33b4-42ec-802a-fa171d3d91fb', '8b30542b-33b4-42ec-802a-fa171d3d91fb', '8b30542b-33b4-42ec-802a-fa171d3d91fb', '8b30542b-33b4-42ec-802a-fa171d3d91fb', '8b30542b-33b4-42ec-802a-fa171d3d91fb', '8b30542b-33b4-42ec-802a-fa171d3d91fb', '8b30542b-33b4-42ec-802a-fa171d3d91fb', '8b30542b-33b4-42ec-802a-fa171d3d91fb', '8b30542b-33b4-42ec-802a-fa171d3d91fb', '8b30542b-33b4-42ec-802a-fa171d3d91fb', '8b30542b-33b4-42ec-802a-fa171d3d91fb', '8b30542b-33b4-42ec-802a-fa171d3d91fb', '8b30542b-33b4-42ec-802a-fa171d3d91fb', '8b30542b-33b4-42ec-802a-fa171d3d91fb', '8b30542b-33b4-42ec-802a-fa171d3d91fb', '8b30542b-33b4-42ec-802a-fa171d3d91fb', '33ddcfd8-f3e4-47b1-bad3-e7728eb1cd0e', '4a7a1860-86c4-4822-bb86-8bd33690f769', '5195ac31-755c-4809-bc7c-f85337217b5c', 'ac040703-7428-4ca0-afb7-eb7f85ea89a7', 'ad8f8f61-69cb-4f3a-87a6-14b97dfeb073', '1c8aaeff-4093-4ee3-88aa-18fe2d8e12a5', '1302aa66-0b80-4853-88e6-bcc62c46ddce', '265dcb26-3183-47a1-8ab4-14358ddc6e73', '0aae1773-0514-491d-8745-d2775f4fbe35', 'e8eb110d-db65-4c2a-ac59-8ea314adedf8', '79a8a0c3-3450-4ece-8483-4e96c2447583', '5c5bda4d-c77f-4c08-b985-b75ae9d1c10d', '377aa376-6963-4fa9-bd45-93f44f3e9042', 'c8bc8da4-d76d-4ef4-8924-493cd6c9e7b6', 'fda6f88a-3891-4c00-a1be-c2e34c51e650', '85408924-39cb-4526-9934-df01077895ca', 'be31b281-88c0-47ee-a705-f039ab5a1160', 'e5d87877-d09e-4857-a96b-ae8e16aa4c5a', 'ac85089c-b2cb-42b8-b12a-5bb3d96e8ec1', '9c1b92e5-68bc-48eb-9059-f7ad6c480d3b', 'b57f2a6e-72ab-4589-b80d-6a2cc887cdbe', '53eb0806-2a1f-408b-b182-8e3842e29123', 'b08f9d08-5a0c-4bf2-b22f-1fe341ea17fb']"
00d664a6-c297-491a-8537-40068a6d54d2,7,"['8b30542b-33b4-42ec-802a-fa171d3d91fb', '8b30542b-33b4-42ec-802a-fa171d3d91fb', '8b30542b-33b4-42ec-802a-fa171d3d91fb', '8b30542b-33b4-42ec-802a-fa171d3d91fb', '8b30542b-33b4-42ec-802a-fa171d3d91fb', '8b30542b-33b4-42ec-802a-fa171d3d91fb', '8b30542b-33b4-42ec-802a-fa171d3d91fb', '8b30542b-33b4-42ec-802a-fa171d3d91fb', '8b30542b-33b4-42ec-802a-fa171d3d91fb', '8b30542b-33b4-42ec-802a-fa171d3d91fb', '8b30542b-33b4-42ec-802a-fa171d3d91fb', '8b30542b-33b4-42ec-802a-fa171d3d91fb', '8b30542b-33b4-42ec-802a-fa171d3d91fb', '8b30542b-33b4-42ec-802a-fa171d3d91fb', '8b30542b-33b4-42ec-802a-fa171d3d91fb', '8b30542b-33b4-42ec-802a-fa171d3d91fb', '8b30542b-33b4-42ec-802a-fa171d3d91fb', '8b30542b-33b4-42ec-802a-fa171d3d91fb', '8b30542b-33b4-42ec-802a-fa171d3d91fb', '8b30542b-33b4-42ec-802a-fa171d3d91fb', '8b30542b-33b4-42ec-802a-fa171d3d91fb', '8b30542b-33b4-42ec-802a-fa171d3d91fb', '33ddcfd8-f3e4-47b1-bad3-e7728eb1cd0e', '4a7a1860-86c4-4822-bb86-8bd33690f769', '5195ac31-755c-4809-bc7c-f85337217b5c', 'ac040703-7428-4ca0-afb7-eb7f85ea89a7', 'ad8f8f61-69cb-4f3a-87a6-14b97dfeb073', '1c8aaeff-4093-4ee3-88aa-18fe2d8e12a5', '1302aa66-0b80-4853-88e6-bcc62c46ddce', '265dcb26-3183-47a1-8ab4-14358ddc6e73', '0aae1773-0514-491d-8745-d2775f4fbe35', '79a8a0c3-3450-4ece-8483-4e96c2447583', '5c5bda4d-c77f-4c08-b985-b75ae9d1c10d', 'c8bc8da4-d76d-4ef4-8924-493cd6c9e7b6', 'fda6f88a-3891-4c00-a1be-c2e34c51e650', '85408924-39cb-4526-9934-df01077895ca', 'e5d87877-d09e-4857-a96b-ae8e16aa4c5a', 'ac85089c-b2cb-42b8-b12a-5bb3d96e8ec1', '9c1b92e5-68bc-48eb-9059-f7ad6c480d3b', 'b57f2a6e-72ab-4589-b80d-6a2cc887cdbe', '53eb0806-2a1f-408b-b182-8e3842e29123', 'b08f9d08-5a0c-4bf2-b22f-1fe341ea17fb', '1b5d9409-c516-468b-8f45-5a2fe4db4b79', 'ff54bef7-cea1-4f9e-a72f-69ed24524836', 'd2d68cd2-0f9c-4563-92ea-bdc083ccef6b', 'da9fc2f1-ce93-4735-89e8-7cfb41ce4765', '20c3c303-2b47-4812-a880-d195aab411cf', '7f2a8559-32e1-459f-92cd-c9294fefc808', '18bb6e7f-e66c-4464-84ca-7cafcee7e19e', 'e260fb7e-0f77-4b84-b033-5a183e7b0a4f']"
00d664a6-c297-491a-8537-40068a6d54d2,8,"['8b30542b-33b4-42ec-802a-fa171d3d91fb', '8b30542b-33b4-42ec-802a-fa171d3d91fb', '8b30542b-33b4-42ec-802a-fa171d3d91fb', '8b30542b-33b4-42ec-802a-fa171d3d91fb', '8b30542b-33b4-42ec-802a-fa171d3d91fb', '8b30542b-33b4-42ec-802a-fa171d3d91fb', '8b30542b-33b4-42ec-802a-fa171d3d91fb', '8b30542b-33b4-42ec-802a-fa171d3d91fb', '8b30542b-33b4-42ec-802a-fa171d3d91fb', '8b30542b-33b4-42ec-802a-fa171d3d91fb', '8b30542b-33b4-42ec-802a-fa171d3d91fb', '8b30542b-33b4-42ec-802a-fa171d3d91fb', '8b30542b-33b4-42ec-802a-fa171d3d91fb', '8b30542b-33b4-42ec-802a-fa171d3d91fb', '8b30542b-33b4-42ec-802a-fa171d3d91fb', '8b30542b-33b4-42ec-802a-fa171d3d91fb', '8b30542b-33b4-42ec-802a-fa171d3d91fb', '8b30542b-33b4-42ec-802a-fa171d3d91fb', '8b30542b-33b4-42ec-802a-fa171d3d91fb', '8b30542b-33b4-42ec-802a-fa171d3d91fb', '8b30542b-33b4-42ec-802a-fa171d3d91fb', '8b30542b-33b4-42ec-802a-fa171d3d91fb', '8b30542b-33b4-42ec-802a-fa171d3d91fb', '8b30542b-33b4-42ec-802a-fa171d3d91fb', '8b30542b-33b4-42ec-802a-fa171d3d91fb', '8b30542b-33b4-42ec-802a-fa171d3d91fb', '8b30542b-33b4-42ec-802a-fa171d3d91fb', '8b30542b-33b4-42ec-802a-fa171d3d91fb', '8b30542b-33b4-42ec-802a-fa171d3d91fb', '8b30542b-33b4-42ec-802a-fa171d3d91fb', '8b30542b-33b4-42ec-802a-fa171d3d91fb', '8b30542b-33b4-42ec-802a-fa171d3d91fb', '8b30542b-33b4-42ec-802a-fa171d3d91fb', '8b30542b-33b4-42ec-802a-fa171d3d91fb', '8b30542b-33b4-42ec-802a-fa171d3d91fb', '8b30542b-33b4-42ec-802a-fa171d3d91fb', '8b30542b-33b4-42ec-802a-fa171d3d91fb', '8b30542b-33b4-42ec-802a-fa171d3d91fb', '8b30542b-33b4-42ec-802a-fa171d3d91fb', '8b30542b-33b4-42ec-802a-fa171d3d91fb', '5006a18b-ddbd-4db2-aaae-234d34ac6570', 'bdc3b3f8-b940-4449-8d94-0fee0132600a', '4318e9ea-6380-4fc8-9b22-1ce6dacaf5de', '0cf5f104-986b-4204-b72b-8d3a949131f1', 'd797620a-507f-4353-9832-bb00faeb8234', '7bb71076-6388-40fb-9002-b5211d956dd6', '47be897b-6b6d-48ce-92ab-2fbaaec468ed', '5e2454cc-82ff-485d-9b8e-9e4ad3549934', '570add1b-5e3a-4f64-ac3d-c48acaed16ea', '7f5ebc00-9def-494e-bc99-d252a5edb151']"
00d664a6-c297-491a-8537-40068a6d54d2,9,"['8b30542b-33b4-42ec-802a-fa171d3d91fb', '8b30542b-33b4-42ec-802a-fa171d3d91fb', '8b30542b-33b4-42ec-802a-fa171d3d91fb', '8b30542b-33b4-42ec-802a-fa171d3d91fb', '8b30542b-33b4-42ec-802a-fa171d3d91fb', '8b30542b-33b4-42ec-802a-fa171d3d91fb', '8b30542b-33b4-42ec-802a-fa171d3d91fb', '8b30542b-33b4-42ec-802a-fa171d3d91fb', '8b30542b-33b4-42ec-802a-fa171d3d91fb', '8b30542b-33b4-42ec-802a-fa171d3d91fb', '8b30542b-33b4-42ec-802a-fa171d3d91fb', '8b30542b-33b4-42ec-802a-fa171d3d91fb', '8b30542b-33b4-42ec-802a-fa171d3d91fb', '8b30542b-33b4-42ec-802a-fa171d3d91fb', '8b30542b-33b4-42ec-802a-fa171d3d91fb', '8b30542b-33b4-42ec-802a-fa171d3d91fb', '8b30542b-33b4-42ec-802a-fa171d3d91fb', '8b30542b-33b4-42ec-802a-fa171d3d91fb', '8b30542b-33b4-42ec-802a-fa171d3d91fb', '8b30542b-33b4-42ec-802a-fa171d3d91fb', '8b30542b-33b4-42ec-802a-fa171d3d91fb', '8b30542b-33b4-42ec-802a-fa171d3d91fb', '8b30542b-33b4-42ec-802a-fa171d3d91fb', '8b30542b-33b4-42ec-802a-fa171d3d91fb', '8b30542b-33b4-42ec-802a-fa171d3d91fb', '8b30542b-33b4-42ec-802a-fa171d3d91fb', '8b30542b-33b4-42ec-802a-fa171d3d91fb', '8b30542b-33b4-42ec-802a-fa171d3d91fb', '8b30542b-33b4-42ec-802a-fa171d3d91fb', '8b30542b-33b4-42ec-802a-fa171d3d91fb', '8b30542b-33b4-42ec-802a-fa171d3d91fb', '8b30542b-33b4-42ec-802a-fa171d3d91fb', '8b30542b-33b4-42ec-802a-fa171d3d91fb', '5006a18b-ddbd-4db2-aaae-234d34ac6570', '4318e9ea-6380-4fc8-9b22-1ce6dacaf5de', '0cf5f104-986b-4204-b72b-8d3a949131f1', 'd797620a-507f-4353-9832-bb00faeb8234', '7bb71076-6388-40fb-9002-b5211d956dd6', '47be897b-6b6d-48ce-92ab-2fbaaec468ed', '5e2454cc-82ff-485d-9b8e-9e4ad3549934', '570add1b-5e3a-4f64-ac3d-c48acaed16ea', '7f5ebc00-9def-494e-bc99-d252a5edb151', '4c1b0a82-5a79-4cad-b627-6cb9c0bf13e0', 'ad5d39d7-fc36-467c-9ca5-453a074edd8a', 'ab0f08c8-9e69-43d1-9f3d-2dde0afc92e9', '85763b04-2403-4f5a-87b7-5e5fe0e99484', '72c3cde9-b002-45b0-9ec2-14116eb0da21', 'e419fe46-a725-4ade-a0d3-6df0155997bb', '2d1fb30c-6d1b-43e5-8e86-bf449039c13f', '5b1b0046-34c1-484c-8891-bc8779c68863']"
00d664a6-c297-491a-8537-40068a6d54d2,10,"['8b30542b-33b4-42ec-802a-fa171d3d91fb', '8b30542b-33b4-42ec-802a-fa171d3d91fb', '8b30542b-33b4-42ec-802a-fa171d3d91fb', '8b30542b-33b4-42ec-802a-fa171d3d91fb', '8b30542b-33b4-42ec-802a-fa171d3d91fb', '8b30542b-33b4-42ec-802a-fa171d3d91fb', '8b30542b-33b4-42ec-802a-fa171d3d91fb', '8b30542b-33b4-42ec-802a-fa171d3d91fb', '8b30542b-33b4-42ec-802a-fa171d3d91fb', '8b30542b-33b4-42ec-802a-fa171d3d91fb', '8b30542b-33b4-42ec-802a-fa171d3d91fb', '8b30542b-33b4-42ec-802a-fa171d3d91fb', '8b30542b-33b4-42ec-802a-fa171d3d91fb', '8b30542b-33b4-42ec-802a-fa171d3d91fb', '8b30542b-33b4-42ec-802a-fa171d3d91fb', '8b30542b-33b4-42ec-802a-fa171d3d91fb', '8b30542b-33b4-42ec-802a-fa171d3d91fb', '8b30542b-33b4-42ec-802a-fa171d3d91fb', '8b30542b-33b4-42ec-802a-fa171d3d91fb', '8b30542b-33b4-42ec-802a-fa171d3d91fb', '8b30542b-33b4-42ec-802a-fa171d3d91fb', '8b30542b-33b4-42ec-802a-fa171d3d91fb', '8b30542b-33b4-42ec-802a-fa171d3d91fb', '8b30542b-33b4-42ec-802a-fa171d3d91fb', '8b30542b-33b4-42ec-802a-fa171d3d91fb', '5006a18b-ddbd-4db2-aaae-234d34ac6570', '4318e9ea-6380-4fc8-9b22-1ce6dacaf5de', '0cf5f104-986b-4204-b72b-8d3a949131f1', '7bb71076-6388-40fb-9002-b5211d956dd6', '47be897b-6b6d-48ce-92ab-2fbaaec468ed', '5e2454cc-82ff-485d-9b8e-9e4ad3549934', '7f5ebc00-9def-494e-bc99-d252a5edb151', '4c1b0a82-5a79-4cad-b627-6cb9c0bf13e0', 'ab0f08c8-9e69-43d1-9f3d-2dde0afc92e9', '85763b04-2403-4f5a-87b7-5e5fe0e99484', '72c3cde9-b002-45b0-9ec2-14116eb0da21', 'e419fe46-a725-4ade-a0d3-6df0155997bb', '2d1fb30c-6d1b-43e5-8e86-bf449039c13f', '5b1b0046-34c1-484c-8891-bc8779c68863', '143b95d6-e12c-4598-98a3-9b06bb14c1d6', 'e4c80361-ded5-4209-be46-094f49a7b0fd', 'bcafdfb3-8fd2-4f76-a394-48e9399f3052', 'a306edb6-3d4b-4218-a6bd-9b9d47c4464c', '26fb876d-307c-425e-95da-2c7620dc0d44', '629c3d63-bdee-40b3-b87a-d723e95fcb4b', 'eddc431b-7748-4680-90c0-fba0ec85b455', '55880a5f-1a07-4c49-ab7b-0b263eb78599', 'b919c297-9aad-4c31-aa22-0665880f4da4', 'c31b0fc8-b5b5-427a-9e4b-15c4cb97feff', '75cf02fc-641d-4889-8b5f-8a09d31136f2']"
00d664a6-c297-491a-8537-40068a6d54d2,11,"['8b30542b-33b4-42ec-802a-fa171d3d91fb', '8b30542b-33b4-42ec-802a-fa171d3d91fb', '8b30542b-33b4-42ec-802a-fa171d3d91fb', '8b30542b-33b4-42ec-802a-fa171d3d91fb', '8b30542b-33b4-42ec-802a-fa171d3d91fb', '8b30542b-33b4-42ec-802a-fa171d3d91fb', '8b30542b-33b4-42ec-802a-fa171d3d91fb', '8b30542b-33b4-42ec-802a-fa171d3d91fb', '8b30542b-33b4-42ec-802a-fa171d3d91fb', '8b30542b-33b4-42ec-802a-fa171d3d91fb', '8b30542b-33b4-42ec-802a-fa171d3d91fb', '8b30542b-33b4-42ec-802a-fa171d3d91fb', '8b30542b-33b4-42ec-802a-fa171d3d91fb', '8b30542b-33b4-42ec-802a-fa171d3d91fb', '8b30542b-33b4-42ec-802a-fa171d3d91fb', '8b30542b-33b4-42ec-802a-fa171d3d91fb', '8b30542b-33b4-42ec-802a-fa171d3d91fb', '8b30542b-33b4-42ec-802a-fa171d3d91fb', '4318e9ea-6380-4fc8-9b22-1ce6dacaf5de', '0cf5f104-986b-4204-b72b-8d3a949131f1', '7bb71076-6388-40fb-9002-b5211d956dd6', '47be897b-6b6d-48ce-92ab-2fbaaec468ed', '5e2454cc-82ff-485d-9b8e-9e4ad3549934', '7f5ebc00-9def-494e-bc99-d252a5edb151', 'ab0f08c8-9e69-43d1-9f3d-2dde0afc92e9', '72c3cde9-b002-45b0-9ec2-14116eb0da21', 'e419fe46-a725-4ade-a0d3-6df0155997bb', '2d1fb30c-6d1b-43e5-8e86-bf449039c13f', '143b95d6-e12c-4598-98a3-9b06bb14c1d6', 'e4c80361-ded5-4209-be46-094f49a7b0fd', 'bcafdfb3-8fd2-4f76-a394-48e9399f3052', 'a306edb6-3d4b-4218-a6bd-9b9d47c4464c', '26fb876d-307c-425e-95da-2c7620dc0d44', '629c3d63-bdee-40b3-b87a-d723e95fcb4b', 'eddc431b-7748-4680-90c0-fba0ec85b455', '55880a5f-1a07-4c49-ab7b-0b263eb78599', 'b919c297-9aad-4c31-aa22-0665880f4da4', 'c31b0fc8-b5b5-427a-9e4b-15c4cb97feff', '75cf02fc-641d-4889-8b5f-8a09d31136f2', '92913fec-2db4-4569-b05e-a7e0c36d8d43', '2533a66c-a9b7-4150-bdfa-e295b49bde57', '7da70701-971e-4010-bdbe-81b28f58b651', '986ded5c-73a5-40d7-80ef-96589c9d120b', '4b06d43c-79db-40ea-a901-e24f167a22e8', '4bfdaba0-f08f-49dc-b261-8e2c82b4c10c', 'f22069de-8174-45b9-86d9-ee7b02e127ff', 'ee09b228-f790-45d9-84ca-d49b22f30d6b', 'aa12d8bc-4df4-4cae-ba5d-3848b76a594a', '5b163192-525d-4149-a2ac-7123fc24b5ed', 'ff62b20a-4347-43b5-948b-a2929a6aa7e2']"
00d664a6-c297-491a-8537-40068a6d54d2,12,"['8b30542b-33b4-42ec-802a-fa171d3d91fb', '8b30542b-33b4-42ec-802a-fa171d3d91fb', '8b30542b-33b4-42ec-802a-fa171d3d91fb', '8b30542b-33b4-42ec-802a-fa171d3d91fb', '8b30542b-33b4-42ec-802a-fa171d3d91fb', '8b30542b-33b4-42ec-802a-fa171d3d91fb', '8b30542b-33b4-42ec-802a-fa171d3d91fb', '8b30542b-33b4-42ec-802a-fa171d3d91fb', '8b30542b-33b4-42ec-802a-fa171d3d91fb', '8b30542b-33b4-42ec-802a-fa171d3d91fb', '8b30542b-33b4-42ec-802a-fa171d3d91fb', '8b30542b-33b4-42ec-802a-fa171d3d91fb', '8b30542b-33b4-42ec-802a-fa171d3d91fb', '8b30542b-33b4-42ec-802a-fa171d3d91fb', '8b30542b-33b4-42ec-802a-fa171d3d91fb', '8b30542b-33b4-42ec-802a-fa171d3d91fb', '8b30542b-33b4-42ec-802a-fa171d3d91fb', '8b30542b-33b4-42ec-802a-fa171d3d91fb', '8b30542b-33b4-42ec-802a-fa171d3d91fb', '8b30542b-33b4-42ec-802a-fa171d3d91fb', '8b30542b-33b4-42ec-802a-fa171d3d91fb', '8b30542b-33b4-42ec-802a-fa171d3d91fb', '8b30542b-33b4-42ec-802a-fa171d3d91fb', '8b30542b-33b4-42ec-802a-fa171d3d91fb', '8b30542b-33b4-42ec-802a-fa171d3d91fb', '8b30542b-33b4-42ec-802a-fa171d3d91fb', '8b30542b-33b4-42ec-802a-fa171d3d91fb', '8b30542b-33b4-42ec-802a-fa171d3d91fb', '8b30542b-33b4-42ec-802a-fa171d3d91fb', '8b30542b-33b4-42ec-802a-fa171d3d91fb', '8b30542b-33b4-42ec-802a-fa171d3d91fb', '8b30542b-33b4-42ec-802a-fa171d3d91fb', '8b30542b-33b4-42ec-802a-fa171d3d91fb', '8b30542b-33b4-42ec-802a-fa171d3d91fb', '8b30542b-33b4-42ec-802a-fa171d3d91fb', '8b30542b-33b4-42ec-802a-fa171d3d91fb', '8b30542b-33b4-42ec-802a-fa171d3d91fb', '8b30542b-33b4-42ec-802a-fa171d3d91fb', 'c31b0fc8-b5b5-427a-9e4b-15c4cb97feff', 'd4296d17-6dd1-4327-9379-cfcff1cebbca', '6f91fb27-c579-425e-a77d-7000ec9b2168', '70ada56f-0214-4259-91f5-d7adcedc8149', '060098f9-d410-4bb2-ba78-d48dfd5c944d', 'd7a30377-04e9-4384-b9fe-c84a7700038a', '0390b540-8f5c-4f40-9536-b4a0cb90c48f', '3c740e7d-8627-42f0-8e34-910322f8a948', '4b4a0a81-7dc2-4498-8fbc-d7fbde11cf92', '267658b2-d490-4e37-97e6-2c27827483a6', 'dd7956c9-4c38-4ae4-95bb-0547b6aa1c3a', 'e70836ef-06c7-4632-b680-cda798483db0']"
00d664a6-c297-491a-8537-40068a6d54d2,13,"['8b30542b-33b4-42ec-802a-fa171d3d91fb', '8b30542b-33b4-42ec-802a-fa171d3d91fb', '8b30542b-33b4-42ec-802a-fa171d3d91fb', '8b30542b-33b4-42ec-802a-fa171d3d91fb', '8b30542b-33b4-42ec-802a-fa171d3d91fb', '8b30542b-33b4-42ec-802a-fa171d3d91fb', '8b30542b-33b4-42ec-802a-fa171d3d91fb', '8b30542b-33b4-42ec-802a-fa171d3d91fb', '8b30542b-33b4-42ec-802a-fa171d3d91fb', '8b30542b-33b4-42ec-802a-fa171d3d91fb', '8b30542b-33b4-42ec-802a-fa171d3d91fb', '8b30542b-33b4-42ec-802a-fa171d3d91fb', '8b30542b-33b4-42ec-802a-fa171d3d91fb', '8b30542b-33b4-42ec-802a-fa171d3d91fb', '8b30542b-33b4-42ec-802a-fa171d3d91fb', '8b30542b-33b4-42ec-802a-fa171d3d91fb', '8b30542b-33b4-42ec-802a-fa171d3d91fb', '8b30542b-33b4-42ec-802a-fa171d3d91fb', '8b30542b-33b4-42ec-802a-fa171d3d91fb', '8b30542b-33b4-42ec-802a-fa171d3d91fb', '8b30542b-33b4-42ec-802a-fa171d3d91fb', '8b30542b-33b4-42ec-802a-fa171d3d91fb', '8b30542b-33b4-42ec-802a-fa171d3d91fb', '8b30542b-33b4-42ec-802a-fa171d3d91fb', '8b30542b-33b4-42ec-802a-fa171d3d91fb', '8b30542b-33b4-42ec-802a-fa171d3d91fb', '8b30542b-33b4-42ec-802a-fa171d3d91fb', '8b30542b-33b4-42ec-802a-fa171d3d91fb', '70ada56f-0214-4259-91f5-d7adcedc8149', '060098f9-d410-4bb2-ba78-d48dfd5c944d', 'd7a30377-04e9-4384-b9fe-c84a7700038a', '0390b540-8f5c-4f40-9536-b4a0cb90c48f', '3c740e7d-8627-42f0-8e34-910322f8a948', '4b4a0a81-7dc2-4498-8fbc-d7fbde11cf92', '267658b2-d490-4e37-97e6-2c27827483a6', 'dd7956c9-4c38-4ae4-95bb-0547b6aa1c3a', '0ac310ca-d111-45d9-b58f-fdfc91e0973b', 'd2d706d3-e8b2-43b1-9c80-0c7fd9a1ca64', '3fd2b35c-b0cf-4d40-ac52-3ca38559cf51', 'ac9ac291-fb6b-4ea5-a8b1-5560d2a390e6', '654ba025-f603-4a51-b972-2742cfeb3f3b', 'b79e61fc-cf2b-4cc4-8e06-91fe95b668df', 'e9dc6075-74ce-4a5a-8bc2-8145a97f8b20', '83954e5f-a60d-4ae0-9318-0245c9eb443e', 'bde98f19-19f2-40f1-87d7-857e744d942a', 'a9a94e7e-9634-40e2-990c-a79bb8f03f88', '9116b146-e1eb-471d-9dd0-a9c4ead9f6f7', '58c01b8e-1bc4-4558-88db-a8bd414b5359', 'fe4d2be7-6aa2-4d71-9bef-d90cb23e4dcc', 'de98fc5a-6505-4c35-b09d-33d54a886363']"
00d664a6-c297-491a-8537-40068a6d54d2,14,"['8b30542b-33b4-42ec-802a-fa171d3d91fb', '8b30542b-33b4-42ec-802a-fa171d3d91fb', '8b30542b-33b4-42ec-802a-fa171d3d91fb', '8b30542b-33b4-42ec-802a-fa171d3d91fb', '8b30542b-33b4-42ec-802a-fa171d3d91fb', '8b30542b-33b4-42ec-802a-fa171d3d91fb', '8b30542b-33b4-42ec-802a-fa171d3d91fb', '8b30542b-33b4-42ec-802a-fa171d3d91fb', '8b30542b-33b4-42ec-802a-fa171d3d91fb', '8b30542b-33b4-42ec-802a-fa171d3d91fb', '8b30542b-33b4-42ec-802a-fa171d3d91fb', '8b30542b-33b4-42ec-802a-fa171d3d91fb', '8b30542b-33b4-42ec-802a-fa171d3d91fb', '8b30542b-33b4-42ec-802a-fa171d3d91fb', '8b30542b-33b4-42ec-802a-fa171d3d91fb', '8b30542b-33b4-42ec-802a-fa171d3d91fb', '8b30542b-33b4-42ec-802a-fa171d3d91fb', '8b30542b-33b4-42ec-802a-fa171d3d91fb', '8b30542b-33b4-42ec-802a-fa171d3d91fb', '8b30542b-33b4-42ec-802a-fa171d3d91fb', '70ada56f-0214-4259-91f5-d7adcedc8149', '060098f9-d410-4bb2-ba78-d48dfd5c944d', 'd7a30377-04e9-4384-b9fe-c84a7700038a', '0390b540-8f5c-4f40-9536-b4a0cb90c48f', '3c740e7d-8627-42f0-8e34-910322f8a948', '4b4a0a81-7dc2-4498-8fbc-d7fbde11cf92', '267658b2-d490-4e37-97e6-2c27827483a6', 'dd7956c9-4c38-4ae4-95bb-0547b6aa1c3a', '0ac310ca-d111-45d9-b58f-fdfc91e0973b', 'd2d706d3-e8b2-43b1-9c80-0c7fd9a1ca64', '3fd2b35c-b0cf-4d40-ac52-3ca38559cf51', 'ac9ac291-fb6b-4ea5-a8b1-5560d2a390e6', '654ba025-f603-4a51-b972-2742cfeb3f3b', 'b79e61fc-cf2b-4cc4-8e06-91fe95b668df', '83954e5f-a60d-4ae0-9318-0245c9eb443e', 'bde98f19-19f2-40f1-87d7-857e744d942a', 'a9a94e7e-9634-40e2-990c-a79bb8f03f88', '9116b146-e1eb-471d-9dd0-a9c4ead9f6f7', '58c01b8e-1bc4-4558-88db-a8bd414b5359', 'fe4d2be7-6aa2-4d71-9bef-d90cb23e4dcc', 'de98fc5a-6505-4c35-b09d-33d54a886363', 'ab8b45ad-f1ac-47fa-8ea2-229d00699d1d', '08a28df3-dabf-4432-be00-e160a91e616b', 'cfa13611-71b5-40e1-b848-63e34a0e1ef2', 'acf9076f-cc38-4ac7-bbef-64b05c7fcf09', 'bc47641c-eaaf-4fcc-8493-4fd4b0291581', 'e8755ecc-68dd-4698-8068-a154aa35091b', 'd191a260-6c01-4a86-8fae-70d9dad79784', '3687c9be-6a10-4609-80bd-fc25e9460d79', 'bfd206a1-b9bb-4e63-bd73-2bb9e8fa6b18']"
00d664a6-c297-491a-8537-40068a6d54d2,15,"['8b30542b-33b4-42ec-802a-fa171d3d91fb', '8b30542b-33b4-42ec-802a-fa171d3d91fb', '8b30542b-33b4-42ec-802a-fa171d3d91fb', '8b30542b-33b4-42ec-802a-fa171d3d91fb', '8b30542b-33b4-42ec-802a-fa171d3d91fb', '8b30542b-33b4-42ec-802a-fa171d3d91fb', '8b30542b-33b4-42ec-802a-fa171d3d91fb', '8b30542b-33b4-42ec-802a-fa171d3d91fb', '8b30542b-33b4-42ec-802a-fa171d3d91fb', '8b30542b-33b4-42ec-802a-fa171d3d91fb', '8b30542b-33b4-42ec-802a-fa171d3d91fb', '8b30542b-33b4-42ec-802a-fa171d3d91fb', '8b30542b-33b4-42ec-802a-fa171d3d91fb', '8b30542b-33b4-42ec-802a-fa171d3d91fb', '8b30542b-33b4-42ec-802a-fa171d3d91fb', '8b30542b-33b4-42ec-802a-fa171d3d91fb', '8b30542b-33b4-42ec-802a-fa171d3d91fb', '8b30542b-33b4-42ec-802a-fa171d3d91fb', '8b30542b-33b4-42ec-802a-fa171d3d91fb', '8b30542b-33b4-42ec-802a-fa171d3d91fb', '8b30542b-33b4-42ec-802a-fa171d3d91fb', '8b30542b-33b4-42ec-802a-fa171d3d91fb', '8b30542b-33b4-42ec-802a-fa171d3d91fb', '8b30542b-33b4-42ec-802a-fa171d3d91fb', '8b30542b-33b4-42ec-802a-fa171d3d91fb', '8b30542b-33b4-42ec-802a-fa171d3d91fb', '8b30542b-33b4-42ec-802a-fa171d3d91fb', '8b30542b-33b4-42ec-802a-fa171d3d91fb', '8b30542b-33b4-42ec-802a-fa171d3d91fb', '8b30542b-33b4-42ec-802a-fa171d3d91fb', '8b30542b-33b4-42ec-802a-fa171d3d91fb', '8b30542b-33b4-42ec-802a-fa171d3d91fb', '8b30542b-33b4-42ec-802a-fa171d3d91fb', '8b30542b-33b4-42ec-802a-fa171d3d91fb', '8b30542b-33b4-42ec-802a-fa171d3d91fb', '8b30542b-33b4-42ec-802a-fa171d3d91fb', '8b30542b-33b4-42ec-802a-fa171d3d91fb', '8b30542b-33b4-42ec-802a-fa171d3d91fb', '546fe36b-b851-493b-813d-92caab736e6c', 'c79860c3-c329-4129-9b91-0e62b1cf88e5', '05612a3c-298d-465a-8043-f7fbf41c342b', '7c03d0d5-0631-4d45-9979-ff494900e41d', 'dd321b02-fe85-4739-9323-7f850d52698e', '7869801f-c5be-40ba-8a35-c44cefb4f5a4', '31fa248f-c1fd-440a-a500-d431f71a95ee', '1e733f85-25ee-4f23-939f-de9f0dff541a', '1d1d12af-379a-4cad-be9d-7adc7e4c5bd2', 'dce6e3ed-e779-4a86-887c-6db7c4e8c150', '4f5cc0ae-5054-452a-8d41-de9a229fc1a6', '734cd446-96a2-4bc3-bc4c-8cf38ebaf62b']"
