run_id,itr,pool_members_uuids
958bd1d5-d5ab-427b-b9d5-3f2b33bf729a,0,"['2d6e6c4a-5309-434e-bd6e-ba4fbff773c0', '2d6e6c4a-5309-434e-bd6e-ba4fbff773c0', '2d6e6c4a-5309-434e-bd6e-ba4fbff773c0', '2d6e6c4a-5309-434e-bd6e-ba4fbff773c0', '2d6e6c4a-5309-434e-bd6e-ba4fbff773c0', '2d6e6c4a-5309-434e-bd6e-ba4fbff773c0', '2d6e6c4a-5309-434e-bd6e-ba4fbff773c0', '2d6e6c4a-5309-434e-bd6e-ba4fbff773c0', '2d6e6c4a-5309-434e-bd6e-ba4fbff773c0', '2d6e6c4a-5309-434e-bd6e-ba4fbff773c0', '2d6e6c4a-5309-434e-bd6e-ba4fbff773c0', '2d6e6c4a-5309-434e-bd6e-ba4fbff773c0', '2d6e6c4a-5309-434e-bd6e-ba4fbff773c0', '2d6e6c4a-5309-434e-bd6e-ba4fbff773c0', '2d6e6c4a-5309-434e-bd6e-ba4fbff773c0', '2d6e6c4a-5309-434e-bd6e-ba4fbff773c0', '2d6e6c4a-5309-434e-bd6e-ba4fbff773c0', '2d6e6c4a-5309-434e-bd6e-ba4fbff773c0', '2d6e6c4a-5309-434e-bd6e-ba4fbff773c0', '2d6e6c4a-5309-434e-bd6e-ba4fbff773c0', '2d6e6c4a-5309-434e-bd6e-ba4fbff773c0', '2d6e6c4a-5309-434e-bd6e-ba4fbff773c0', '2d6e6c4a-5309-434e-bd6e-ba4fbff773c0', '2d6e6c4a-5309-434e-bd6e-ba4fbff773c0', '2d6e6c4a-5309-434e-bd6e-ba4fbff773c0', '2d6e6c4a-5309-434e-bd6e-ba4fbff773c0', '2d6e6c4a-5309-434e-bd6e-ba4fbff773c0', '2d6e6c4a-5309-434e-bd6e-ba4fbff773c0', '2d6e6c4a-5309-434e-bd6e-ba4fbff773c0', '2d6e6c4a-5309-434e-bd6e-ba4fbff773c0', '2d6e6c4a-5309-434e-bd6e-ba4fbff773c0', '2d6e6c4a-5309-434e-bd6e-ba4fbff773c0', '2d6e6c4a-5309-434e-bd6e-ba4fbff773c0', '2d6e6c4a-5309-434e-bd6e-ba4fbff773c0', '2d6e6c4a-5309-434e-bd6e-ba4fbff773c0', '2d6e6c4a-5309-434e-bd6e-ba4fbff773c0', '2d6e6c4a-5309-434e-bd6e-ba4fbff773c0', '2d6e6c4a-5309-434e-bd6e-ba4fbff773c0', '2d6e6c4a-5309-434e-bd6e-ba4fbff773c0', '2d6e6c4a-5309-434e-bd6e-ba4fbff773c0', '2d6e6c4a-5309-434e-bd6e-ba4fbff773c0', '2d6e6c4a-5309-434e-bd6e-ba4fbff773c0', '2d6e6c4a-5309-434e-bd6e-ba4fbff773c0', '2d6e6c4a-5309-434e-bd6e-ba4fbff773c0', '2d6e6c4a-5309-434e-bd6e-ba4fbff773c0', '2d6e6c4a-5309-434e-bd6e-ba4fbff773c0', '2d6e6c4a-5309-434e-bd6e-ba4fbff773c0', '2d6e6c4a-5309-434e-bd6e-ba4fbff773c0', '2d6e6c4a-5309-434e-bd6e-ba4fbff773c0', '2d6e6c4a-5309-434e-bd6e-ba4fbff773c0']"
958bd1d5-d5ab-427b-b9d5-3f2b33bf729a,1,"['2d6e6c4a-5309-434e-bd6e-ba4fbff773c0', '2d6e6c4a-5309-434e-bd6e-ba4fbff773c0', '2d6e6c4a-5309-434e-bd6e-ba4fbff773c0', '2d6e6c4a-5309-434e-bd6e-ba4fbff773c0', '2d6e6c4a-5309-434e-bd6e-ba4fbff773c0', '2d6e6c4a-5309-434e-bd6e-ba4fbff773c0', '2d6e6c4a-5309-434e-bd6e-ba4fbff773c0', '2d6e6c4a-5309-434e-bd6e-ba4fbff773c0', '2d6e6c4a-5309-434e-bd6e-ba4fbff773c0', '2d6e6c4a-5309-434e-bd6e-ba4fbff773c0', '2d6e6c4a-5309-434e-bd6e-ba4fbff773c0', '2d6e6c4a-5309-434e-bd6e-ba4fbff773c0', '2d6e6c4a-5309-434e-bd6e-ba4fbff773c0', '2d6e6c4a-5309-434e-bd6e-ba4fbff773c0', '2d6e6c4a-5309-434e-bd6e-ba4fbff773c0', '2d6e6c4a-5309-434e-bd6e-ba4fbff773c0', '2d6e6c4a-5309-434e-bd6e-ba4fbff773c0', '2d6e6c4a-5309-434e-bd6e-ba4fbff773c0', '2d6e6c4a-5309-434e-bd6e-ba4fbff773c0', '2d6e6c4a-5309-434e-bd6e-ba4fbff773c0', '2d6e6c4a-5309-434e-bd6e-ba4fbff773c0', '2d6e6c4a-5309-434e-bd6e-ba4fbff773c0', '2d6e6c4a-5309-434e-bd6e-ba4fbff773c0', '2d6e6c4a-5309-434e-bd6e-ba4fbff773c0', '2d6e6c4a-5309-434e-bd6e-ba4fbff773c0', '2d6e6c4a-5309-434e-bd6e-ba4fbff773c0', '2d6e6c4a-5309-434e-bd6e-ba4fbff773c0', '2d6e6c4a-5309-434e-bd6e-ba4fbff773c0', '2d6e6c4a-5309-434e-bd6e-ba4fbff773c0', '2d6e6c4a-5309-434e-bd6e-ba4fbff773c0', '2d6e6c4a-5309-434e-bd6e-ba4fbff773c0', '2d6e6c4a-5309-434e-bd6e-ba4fbff773c0', '2d6e6c4a-5309-434e-bd6e-ba4fbff773c0', '2d6e6c4a-5309-434e-bd6e-ba4fbff773c0', '2d6e6c4a-5309-434e-bd6e-ba4fbff773c0', '2d6e6c4a-5309-434e-bd6e-ba4fbff773c0', '2d6e6c4a-5309-434e-bd6e-ba4fbff773c0', '2d6e6c4a-5309-434e-bd6e-ba4fbff773c0', '2d6e6c4a-5309-434e-bd6e-ba4fbff773c0', '2d6e6c4a-5309-434e-bd6e-ba4fbff773c0', '2d6e6c4a-5309-434e-bd6e-ba4fbff773c0', '2d6e6c4a-5309-434e-bd6e-ba4fbff773c0', '2d6e6c4a-5309-434e-bd6e-ba4fbff773c0', '80c4b2eb-a2c3-4dba-aee4-3c3d40918224', '3c0fb74f-a535-4d34-9a94-237f81bd3b9d', '31718eda-c623-4669-90ff-93a7bb918d2f', 'c5dadbef-1513-46d1-9bcc-ffb98f778ba1', 'f66b1e17-9763-467f-8aee-3948219fbe34', 'fa61d5ce-2639-4e80-9603-399f5abbad7e', '929742cc-7704-466d-993b-5caf60497713']"
958bd1d5-d5ab-427b-b9d5-3f2b33bf729a,2,"['3c0fb74f-a535-4d34-9a94-237f81bd3b9d', '3c0fb74f-a535-4d34-9a94-237f81bd3b9d', '3c0fb74f-a535-4d34-9a94-237f81bd3b9d', '3c0fb74f-a535-4d34-9a94-237f81bd3b9d', '3c0fb74f-a535-4d34-9a94-237f81bd3b9d', '3c0fb74f-a535-4d34-9a94-237f81bd3b9d', '3c0fb74f-a535-4d34-9a94-237f81bd3b9d', '3c0fb74f-a535-4d34-9a94-237f81bd3b9d', '3c0fb74f-a535-4d34-9a94-237f81bd3b9d', '3c0fb74f-a535-4d34-9a94-237f81bd3b9d', '3c0fb74f-a535-4d34-9a94-237f81bd3b9d', '3c0fb74f-a535-4d34-9a94-237f81bd3b9d', '3c0fb74f-a535-4d34-9a94-237f81bd3b9d', '3c0fb74f-a535-4d34-9a94-237f81bd3b9d', '3c0fb74f-a535-4d34-9a94-237f81bd3b9d', '3c0fb74f-a535-4d34-9a94-237f81bd3b9d', '3c0fb74f-a535-4d34-9a94-237f81bd3b9d', '3c0fb74f-a535-4d34-9a94-237f81bd3b9d', '3c0fb74f-a535-4d34-9a94-237f81bd3b9d', '3c0fb74f-a535-4d34-9a94-237f81bd3b9d', '3c0fb74f-a535-4d34-9a94-237f81bd3b9d', '3c0fb74f-a535-4d34-9a94-237f81bd3b9d', '3c0fb74f-a535-4d34-9a94-237f81bd3b9d', '3c0fb74f-a535-4d34-9a94-237f81bd3b9d', '3c0fb74f-a535-4d34-9a94-237f81bd3b9d', '3c0fb74f-a535-4d34-9a94-237f81bd3b9d', '3c0fb74f-a535-4d34-9a94-237f81bd3b9d', '3c0fb74f-a535-4d34-9a94-237f81bd3b9d', '3c0fb74f-a535-4d34-9a94-237f81bd3b9d', '3c0fb74f-a535-4d34-9a94-237f81bd3b9d', '3c0fb74f-a535-4d34-9a94-237f81bd3b9d', '3c0fb74f-a535-4d34-9a94-237f81bd3b9d', '3c0fb74f-a535-4d34-9a94-237f81bd3b9d', '3c0fb74f-a535-4d34-9a94-237f81bd3b9d', '3c0fb74f-a535-4d34-9a94-237f81bd3b9d', '3c0fb74f-a535-4d34-9a94-237f81bd3b9d', '3c0fb74f-a535-4d34-9a94-237f81bd3b9d', '3c0fb74f-a535-4d34-9a94-237f81bd3b9d', '3c0fb74f-a535-4d34-9a94-237f81bd3b9d', '3c0fb74f-a535-4d34-9a94-237f81bd3b9d', '3c0fb74f-a535-4d34-9a94-237f81bd3b9d', '3c0fb74f-a535-4d34-9a94-237f81bd3b9d', '3c0fb74f-a535-4d34-9a94-237f81bd3b9d', '3c0fb74f-a535-4d34-9a94-237f81bd3b9d', '3c0fb74f-a535-4d34-9a94-237f81bd3b9d', 'f879fd59-0b0d-4186-9195-4505a771a4d1', '718d1ea5-25d2-4d69-96ed-3a15222b790a', 'd1377e3a-30fb-4e2f-8f7a-f586768b8ca9', 'bf71a1dc-77ff-40f7-a23f-87d445d394b6', '9a6b2ddb-0f1d-453b-8b54-ee54389df288']"
958bd1d5-d5ab-427b-b9d5-3f2b33bf729a,3,"['3c0fb74f-a535-4d34-9a94-237f81bd3b9d', '3c0fb74f-a535-4d34-9a94-237f81bd3b9d', '3c0fb74f-a535-4d34-9a94-237f81bd3b9d', '3c0fb74f-a535-4d34-9a94-237f81bd3b9d', '3c0fb74f-a535-4d34-9a94-237f81bd3b9d', '3c0fb74f-a535-4d34-9a94-237f81bd3b9d', '3c0fb74f-a535-4d34-9a94-237f81bd3b9d', '3c0fb74f-a535-4d34-9a94-237f81bd3b9d', '3c0fb74f-a535-4d34-9a94-237f81bd3b9d', '3c0fb74f-a535-4d34-9a94-237f81bd3b9d', '3c0fb74f-a535-4d34-9a94-237f81bd3b9d', '3c0fb74f-a535-4d34-9a94-237f81bd3b9d', '3c0fb74f-a535-4d34-9a94-237f81bd3b9d', '3c0fb74f-a535-4d34-9a94-237f81bd3b9d', '3c0fb74f-a535-4d34-9a94-237f81bd3b9d', '3c0fb74f-a535-4d34-9a94-237f81bd3b9d', '3c0fb74f-a535-4d34-9a94-237f81bd3b9d', '3c0fb74f-a535-4d34-9a94-237f81bd3b9d', '3c0fb74f-a535-4d34-9a94-237f81bd3b9d', '3c0fb74f-a535-4d34-9a94-237f81bd3b9d', '3c0fb74f-a535-4d34-9a94-237f81bd3b9d', '3c0fb74f-a535-4d34-9a94-237f81bd3b9d', '9a6b2ddb-0f1d-453b-8b54-ee54389df288', '9a6b2ddb-0f1d-453b-8b54-ee54389df288', '9a6b2ddb-0f1d-453b-8b54-ee54389df288', '9a6b2ddb-0f1d-453b-8b54-ee54389df288', '9a6b2ddb-0f1d-453b-8b54-ee54389df288', '9a6b2ddb-0f1d-453b-8b54-ee54389df288', '9a6b2ddb-0f1d-453b-8b54-ee54389df288', '9a6b2ddb-0f1d-453b-8b54-ee54389df288', '9a6b2ddb-0f1d-453b-8b54-ee54389df288', '9a6b2ddb-0f1d-453b-8b54-ee54389df288', '9a6b2ddb-0f1d-453b-8b54-ee54389df288', '9a6b2ddb-0f1d-453b-8b54-ee54389df288', '9a6b2ddb-0f1d-453b-8b54-ee54389df288', 'ce4f8055-ab53-4aa7-96f0-233bfeaf4121', '6a944558-194a-4592-ae45-af0fc8064662', '831f629d-af1e-456a-99ff-5d1bdea293bf', 'ccb9781b-18e5-4f6a-a938-b76fffd1a310', '07c2df17-bd65-448f-ab2c-01dc0b6a0adf', '4d26e1d3-bfde-4e1e-9654-7b5aa7e18902', 'ab0b40b3-cab2-41cc-bb94-cdb670570c8b', '412e256b-cd7f-47e7-8107-f28f908ed41c', '3a27d778-1107-4acd-bbb2-1caa0e7cb389', '6db995ae-06e5-44a0-a5ff-42f3c8c91922', '9bb46f0f-f7b1-4b3a-ab39-92618db392c9', 'ae32df69-0f7d-4605-a52f-e503dd3965d8', 'dd0d1a59-2fa0-4968-9f30-13cf42da3e37', '522b54f5-8c5c-429d-bc90-8e80588827db', '3a1ee413-c6dd-46ae-bdc6-c247ff5b9d79']"
958bd1d5-d5ab-427b-b9d5-3f2b33bf729a,4,"['412e256b-cd7f-47e7-8107-f28f908ed41c', '412e256b-cd7f-47e7-8107-f28f908ed41c', '412e256b-cd7f-47e7-8107-f28f908ed41c', '412e256b-cd7f-47e7-8107-f28f908ed41c', '412e256b-cd7f-47e7-8107-f28f908ed41c', '412e256b-cd7f-47e7-8107-f28f908ed41c', '412e256b-cd7f-47e7-8107-f28f908ed41c', '412e256b-cd7f-47e7-8107-f28f908ed41c', '412e256b-cd7f-47e7-8107-f28f908ed41c', '412e256b-cd7f-47e7-8107-f28f908ed41c', '412e256b-cd7f-47e7-8107-f28f908ed41c', '412e256b-cd7f-47e7-8107-f28f908ed41c', '412e256b-cd7f-47e7-8107-f28f908ed41c', '412e256b-cd7f-47e7-8107-f28f908ed41c', '412e256b-cd7f-47e7-8107-f28f908ed41c', '412e256b-cd7f-47e7-8107-f28f908ed41c', '412e256b-cd7f-47e7-8107-f28f908ed41c', '412e256b-cd7f-47e7-8107-f28f908ed41c', '412e256b-cd7f-47e7-8107-f28f908ed41c', '412e256b-cd7f-47e7-8107-f28f908ed41c', '412e256b-cd7f-47e7-8107-f28f908ed41c', '412e256b-cd7f-47e7-8107-f28f908ed41c', '412e256b-cd7f-47e7-8107-f28f908ed41c', '412e256b-cd7f-47e7-8107-f28f908ed41c', '412e256b-cd7f-47e7-8107-f28f908ed41c', '412e256b-cd7f-47e7-8107-f28f908ed41c', '412e256b-cd7f-47e7-8107-f28f908ed41c', '412e256b-cd7f-47e7-8107-f28f908ed41c', '412e256b-cd7f-47e7-8107-f28f908ed41c', '412e256b-cd7f-47e7-8107-f28f908ed41c', '412e256b-cd7f-47e7-8107-f28f908ed41c', '412e256b-cd7f-47e7-8107-f28f908ed41c', '412e256b-cd7f-47e7-8107-f28f908ed41c', '412e256b-cd7f-47e7-8107-f28f908ed41c', '412e256b-cd7f-47e7-8107-f28f908ed41c', '412e256b-cd7f-47e7-8107-f28f908ed41c', '412e256b-cd7f-47e7-8107-f28f908ed41c', '412e256b-cd7f-47e7-8107-f28f908ed41c', '412e256b-cd7f-47e7-8107-f28f908ed41c', '412e256b-cd7f-47e7-8107-f28f908ed41c', '412e256b-cd7f-47e7-8107-f28f908ed41c', '412e256b-cd7f-47e7-8107-f28f908ed41c', '412e256b-cd7f-47e7-8107-f28f908ed41c', '412e256b-cd7f-47e7-8107-f28f908ed41c', 'cd8004a9-41fb-4390-9ea9-e834d53917bf', '4136b74b-42ca-4755-882b-9d0d9b2a8c8f', '88ef7171-292a-4f7c-bc79-ae19af85e83b', '8521ad24-6f5a-4fff-b0b0-bf78b986bad1', '953f5a60-ddde-4a5a-9dc8-1891175046ed', 'b7e85fcb-ea25-4660-bf0e-b10973233c89']"
fba927b1-df62-4fdc-9764-f942bfc1880a,0,"['ea7a75c7-a79c-468c-a34e-b3ded7254889', 'ea7a75c7-a79c-468c-a34e-b3ded7254889', 'ea7a75c7-a79c-468c-a34e-b3ded7254889', 'ea7a75c7-a79c-468c-a34e-b3ded7254889', 'ea7a75c7-a79c-468c-a34e-b3ded7254889', 'ea7a75c7-a79c-468c-a34e-b3ded7254889', 'ea7a75c7-a79c-468c-a34e-b3ded7254889', 'ea7a75c7-a79c-468c-a34e-b3ded7254889', 'ea7a75c7-a79c-468c-a34e-b3ded7254889', 'ea7a75c7-a79c-468c-a34e-b3ded7254889', 'ea7a75c7-a79c-468c-a34e-b3ded7254889', 'ea7a75c7-a79c-468c-a34e-b3ded7254889', 'ea7a75c7-a79c-468c-a34e-b3ded7254889', 'ea7a75c7-a79c-468c-a34e-b3ded7254889', 'ea7a75c7-a79c-468c-a34e-b3ded7254889', 'ea7a75c7-a79c-468c-a34e-b3ded7254889', 'ea7a75c7-a79c-468c-a34e-b3ded7254889', 'ea7a75c7-a79c-468c-a34e-b3ded7254889', 'ea7a75c7-a79c-468c-a34e-b3ded7254889', 'ea7a75c7-a79c-468c-a34e-b3ded7254889', 'ea7a75c7-a79c-468c-a34e-b3ded7254889', 'ea7a75c7-a79c-468c-a34e-b3ded7254889', 'ea7a75c7-a79c-468c-a34e-b3ded7254889', 'ea7a75c7-a79c-468c-a34e-b3ded7254889', 'ea7a75c7-a79c-468c-a34e-b3ded7254889', 'ea7a75c7-a79c-468c-a34e-b3ded7254889', 'ea7a75c7-a79c-468c-a34e-b3ded7254889', 'ea7a75c7-a79c-468c-a34e-b3ded7254889', 'ea7a75c7-a79c-468c-a34e-b3ded7254889', 'ea7a75c7-a79c-468c-a34e-b3ded7254889', 'ea7a75c7-a79c-468c-a34e-b3ded7254889', 'ea7a75c7-a79c-468c-a34e-b3ded7254889', 'ea7a75c7-a79c-468c-a34e-b3ded7254889', 'ea7a75c7-a79c-468c-a34e-b3ded7254889', 'ea7a75c7-a79c-468c-a34e-b3ded7254889', 'ea7a75c7-a79c-468c-a34e-b3ded7254889', 'ea7a75c7-a79c-468c-a34e-b3ded7254889', 'ea7a75c7-a79c-468c-a34e-b3ded7254889', 'ea7a75c7-a79c-468c-a34e-b3ded7254889', 'ea7a75c7-a79c-468c-a34e-b3ded7254889', 'ea7a75c7-a79c-468c-a34e-b3ded7254889', 'ea7a75c7-a79c-468c-a34e-b3ded7254889', 'ea7a75c7-a79c-468c-a34e-b3ded7254889', 'ea7a75c7-a79c-468c-a34e-b3ded7254889', 'ea7a75c7-a79c-468c-a34e-b3ded7254889', 'ea7a75c7-a79c-468c-a34e-b3ded7254889', 'ea7a75c7-a79c-468c-a34e-b3ded7254889', 'ea7a75c7-a79c-468c-a34e-b3ded7254889', 'ea7a75c7-a79c-468c-a34e-b3ded7254889', 'ea7a75c7-a79c-468c-a34e-b3ded7254889']"
958bd1d5-d5ab-427b-b9d5-3f2b33bf729a,5,"['412e256b-cd7f-47e7-8107-f28f908ed41c', '412e256b-cd7f-47e7-8107-f28f908ed41c', '412e256b-cd7f-47e7-8107-f28f908ed41c', '412e256b-cd7f-47e7-8107-f28f908ed41c', '412e256b-cd7f-47e7-8107-f28f908ed41c', '412e256b-cd7f-47e7-8107-f28f908ed41c', '412e256b-cd7f-47e7-8107-f28f908ed41c', '412e256b-cd7f-47e7-8107-f28f908ed41c', '412e256b-cd7f-47e7-8107-f28f908ed41c', '412e256b-cd7f-47e7-8107-f28f908ed41c', '412e256b-cd7f-47e7-8107-f28f908ed41c', '412e256b-cd7f-47e7-8107-f28f908ed41c', '412e256b-cd7f-47e7-8107-f28f908ed41c', '412e256b-cd7f-47e7-8107-f28f908ed41c', '412e256b-cd7f-47e7-8107-f28f908ed41c', '412e256b-cd7f-47e7-8107-f28f908ed41c', '412e256b-cd7f-47e7-8107-f28f908ed41c', '412e256b-cd7f-47e7-8107-f28f908ed41c', '412e256b-cd7f-47e7-8107-f28f908ed41c', '412e256b-cd7f-47e7-8107-f28f908ed41c', '412e256b-cd7f-47e7-8107-f28f908ed41c', '412e256b-cd7f-47e7-8107-f28f908ed41c', '412e256b-cd7f-47e7-8107-f28f908ed41c', '412e256b-cd7f-47e7-8107-f28f908ed41c', '412e256b-cd7f-47e7-8107-f28f908ed41c', '412e256b-cd7f-47e7-8107-f28f908ed41c', '412e256b-cd7f-47e7-8107-f28f908ed41c', '412e256b-cd7f-47e7-8107-f28f908ed41c', '412e256b-cd7f-47e7-8107-f28f908ed41c', '412e256b-cd7f-47e7-8107-f28f908ed41c', '412e256b-cd7f-47e7-8107-f28f908ed41c', '412e256b-cd7f-47e7-8107-f28f908ed41c', '412e256b-cd7f-47e7-8107-f28f908ed41c', '412e256b-cd7f-47e7-8107-f28f908ed41c', '412e256b-cd7f-47e7-8107-f28f908ed41c', '412e256b-cd7f-47e7-8107-f28f908ed41c', '412e256b-cd7f-47e7-8107-f28f908ed41c', '412e256b-cd7f-47e7-8107-f28f908ed41c', 'cd8004a9-41fb-4390-9ea9-e834d53917bf', '8521ad24-6f5a-4fff-b0b0-bf78b986bad1', '953f5a60-ddde-4a5a-9dc8-1891175046ed', 'b7e85fcb-ea25-4660-bf0e-b10973233c89', 'a38a3548-2616-448c-a3f6-8b6d8ec33b41', '8aec040d-b769-44d6-98b8-1d41132e77b0', 'dd22955d-7ca3-401c-9495-612e9c69d4e3', '2daba462-4017-4b95-a22e-6bc1ff969424', '64717569-d8f5-49be-83be-6cec26ff1d64', '7d8015ff-403d-469b-8ff3-746b88047cd0', '981dced2-0d4e-44db-b905-511834e01b0c', 'defc69fe-1748-4017-ad0d-8ced179f28da']"
fba927b1-df62-4fdc-9764-f942bfc1880a,1,"['ea7a75c7-a79c-468c-a34e-b3ded7254889', 'ea7a75c7-a79c-468c-a34e-b3ded7254889', 'ea7a75c7-a79c-468c-a34e-b3ded7254889', 'ea7a75c7-a79c-468c-a34e-b3ded7254889', 'ea7a75c7-a79c-468c-a34e-b3ded7254889', 'ea7a75c7-a79c-468c-a34e-b3ded7254889', 'ea7a75c7-a79c-468c-a34e-b3ded7254889', 'ea7a75c7-a79c-468c-a34e-b3ded7254889', 'ea7a75c7-a79c-468c-a34e-b3ded7254889', 'ea7a75c7-a79c-468c-a34e-b3ded7254889', 'ea7a75c7-a79c-468c-a34e-b3ded7254889', 'ea7a75c7-a79c-468c-a34e-b3ded7254889', 'ea7a75c7-a79c-468c-a34e-b3ded7254889', 'ea7a75c7-a79c-468c-a34e-b3ded7254889', 'ea7a75c7-a79c-468c-a34e-b3ded7254889', 'ea7a75c7-a79c-468c-a34e-b3ded7254889', 'ea7a75c7-a79c-468c-a34e-b3ded7254889', 'ea7a75c7-a79c-468c-a34e-b3ded7254889', 'ea7a75c7-a79c-468c-a34e-b3ded7254889', 'ea7a75c7-a79c-468c-a34e-b3ded7254889', 'ea7a75c7-a79c-468c-a34e-b3ded7254889', 'ea7a75c7-a79c-468c-a34e-b3ded7254889', 'ea7a75c7-a79c-468c-a34e-b3ded7254889', 'ea7a75c7-a79c-468c-a34e-b3ded7254889', 'ea7a75c7-a79c-468c-a34e-b3ded7254889', 'ea7a75c7-a79c-468c-a34e-b3ded7254889', 'ea7a75c7-a79c-468c-a34e-b3ded7254889', 'ea7a75c7-a79c-468c-a34e-b3ded7254889', 'ea7a75c7-a79c-468c-a34e-b3ded7254889', 'ea7a75c7-a79c-468c-a34e-b3ded7254889', 'ea7a75c7-a79c-468c-a34e-b3ded7254889', 'ea7a75c7-a79c-468c-a34e-b3ded7254889', 'ea7a75c7-a79c-468c-a34e-b3ded7254889', 'ea7a75c7-a79c-468c-a34e-b3ded7254889', 'ea7a75c7-a79c-468c-a34e-b3ded7254889', 'ea7a75c7-a79c-468c-a34e-b3ded7254889', 'ea7a75c7-a79c-468c-a34e-b3ded7254889', 'ea7a75c7-a79c-468c-a34e-b3ded7254889', 'ea7a75c7-a79c-468c-a34e-b3ded7254889', 'ea7a75c7-a79c-468c-a34e-b3ded7254889', 'de23d9b7-3bdf-4ee7-8cb8-3c2700c2b94d', '5a80eb61-7ede-44d4-b93e-53f873693058', '5b7e29b4-313d-4c2c-a363-8c8da8ddc8f7', '7d036a26-b8e6-42e2-9fb0-627c55b9d9eb', 'c589c03a-08f5-42d6-87bb-a09e73d895cb', 'ffe03f7f-cf57-4bca-a4f5-d21b00558a58', 'f7dee90f-b275-45db-a7bd-875c8cdf936f', 'ca25b5a1-ef39-4475-8bd5-e1cad35e8bff', '1198ab0e-a2a0-4bae-8718-703e9fc56e5d', '8c803fe4-7278-46b3-81c2-9feed586866b']"
958bd1d5-d5ab-427b-b9d5-3f2b33bf729a,6,"['412e256b-cd7f-47e7-8107-f28f908ed41c', '412e256b-cd7f-47e7-8107-f28f908ed41c', '412e256b-cd7f-47e7-8107-f28f908ed41c', '412e256b-cd7f-47e7-8107-f28f908ed41c', '412e256b-cd7f-47e7-8107-f28f908ed41c', '412e256b-cd7f-47e7-8107-f28f908ed41c', '412e256b-cd7f-47e7-8107-f28f908ed41c', '412e256b-cd7f-47e7-8107-f28f908ed41c', '412e256b-cd7f-47e7-8107-f28f908ed41c', '412e256b-cd7f-47e7-8107-f28f908ed41c', '412e256b-cd7f-47e7-8107-f28f908ed41c', '412e256b-cd7f-47e7-8107-f28f908ed41c', '412e256b-cd7f-47e7-8107-f28f908ed41c', '412e256b-cd7f-47e7-8107-f28f908ed41c', '412e256b-cd7f-47e7-8107-f28f908ed41c', '412e256b-cd7f-47e7-8107-f28f908ed41c', '412e256b-cd7f-47e7-8107-f28f908ed41c', '412e256b-cd7f-47e7-8107-f28f908ed41c', '412e256b-cd7f-47e7-8107-f28f908ed41c', '412e256b-cd7f-47e7-8107-f28f908ed41c', '412e256b-cd7f-47e7-8107-f28f908ed41c', '412e256b-cd7f-47e7-8107-f28f908ed41c', '412e256b-cd7f-47e7-8107-f28f908ed41c', '412e256b-cd7f-47e7-8107-f28f908ed41c', '412e256b-cd7f-47e7-8107-f28f908ed41c', '412e256b-cd7f-47e7-8107-f28f908ed41c', '412e256b-cd7f-47e7-8107-f28f908ed41c', '412e256b-cd7f-47e7-8107-f28f908ed41c', '412e256b-cd7f-47e7-8107-f28f908ed41c', '412e256b-cd7f-47e7-8107-f28f908ed41c', '412e256b-cd7f-47e7-8107-f28f908ed41c', 'cd8004a9-41fb-4390-9ea9-e834d53917bf', '8521ad24-6f5a-4fff-b0b0-bf78b986bad1', '953f5a60-ddde-4a5a-9dc8-1891175046ed', 'b7e85fcb-ea25-4660-bf0e-b10973233c89', 'a38a3548-2616-448c-a3f6-8b6d8ec33b41', '8aec040d-b769-44d6-98b8-1d41132e77b0', '2daba462-4017-4b95-a22e-6bc1ff969424', '64717569-d8f5-49be-83be-6cec26ff1d64', '7d8015ff-403d-469b-8ff3-746b88047cd0', '981dced2-0d4e-44db-b905-511834e01b0c', '1b68410e-e59b-4e3c-8ed0-c09ff9165f1b', '6a95487d-c53a-4c97-9e7f-0d14a34a4e42', '7c354034-47f7-4c11-99ca-7764a43d2234', '969133e2-c937-4e86-9c35-bc865c3e0aab', 'c493a244-a1c9-4a18-b6ca-afffb7c4a60a', '29027135-9a7e-4061-886d-94e0d7803794', 'fa760a93-2095-4aa1-85d6-a689afda59cf', '6ee33d64-05b7-460a-9620-a7a042481f82', '494463ea-8a61-4c87-9d42-23d598097e9b']"
fba927b1-df62-4fdc-9764-f942bfc1880a,2,"['5b7e29b4-313d-4c2c-a363-8c8da8ddc8f7', '5b7e29b4-313d-4c2c-a363-8c8da8ddc8f7', '5b7e29b4-313d-4c2c-a363-8c8da8ddc8f7', '5b7e29b4-313d-4c2c-a363-8c8da8ddc8f7', '5b7e29b4-313d-4c2c-a363-8c8da8ddc8f7', '5b7e29b4-313d-4c2c-a363-8c8da8ddc8f7', '5b7e29b4-313d-4c2c-a363-8c8da8ddc8f7', '5b7e29b4-313d-4c2c-a363-8c8da8ddc8f7', '5b7e29b4-313d-4c2c-a363-8c8da8ddc8f7', '5b7e29b4-313d-4c2c-a363-8c8da8ddc8f7', '5b7e29b4-313d-4c2c-a363-8c8da8ddc8f7', '5b7e29b4-313d-4c2c-a363-8c8da8ddc8f7', '5b7e29b4-313d-4c2c-a363-8c8da8ddc8f7', '5b7e29b4-313d-4c2c-a363-8c8da8ddc8f7', '5b7e29b4-313d-4c2c-a363-8c8da8ddc8f7', '5b7e29b4-313d-4c2c-a363-8c8da8ddc8f7', '5b7e29b4-313d-4c2c-a363-8c8da8ddc8f7', '5b7e29b4-313d-4c2c-a363-8c8da8ddc8f7', '5b7e29b4-313d-4c2c-a363-8c8da8ddc8f7', '5b7e29b4-313d-4c2c-a363-8c8da8ddc8f7', '5b7e29b4-313d-4c2c-a363-8c8da8ddc8f7', '5b7e29b4-313d-4c2c-a363-8c8da8ddc8f7', '5b7e29b4-313d-4c2c-a363-8c8da8ddc8f7', '5b7e29b4-313d-4c2c-a363-8c8da8ddc8f7', '5b7e29b4-313d-4c2c-a363-8c8da8ddc8f7', '5b7e29b4-313d-4c2c-a363-8c8da8ddc8f7', '5b7e29b4-313d-4c2c-a363-8c8da8ddc8f7', '5b7e29b4-313d-4c2c-a363-8c8da8ddc8f7', '5b7e29b4-313d-4c2c-a363-8c8da8ddc8f7', '5b7e29b4-313d-4c2c-a363-8c8da8ddc8f7', '5b7e29b4-313d-4c2c-a363-8c8da8ddc8f7', '5b7e29b4-313d-4c2c-a363-8c8da8ddc8f7', '5b7e29b4-313d-4c2c-a363-8c8da8ddc8f7', '5b7e29b4-313d-4c2c-a363-8c8da8ddc8f7', '5b7e29b4-313d-4c2c-a363-8c8da8ddc8f7', '5b7e29b4-313d-4c2c-a363-8c8da8ddc8f7', '5b7e29b4-313d-4c2c-a363-8c8da8ddc8f7', '5b7e29b4-313d-4c2c-a363-8c8da8ddc8f7', '5b7e29b4-313d-4c2c-a363-8c8da8ddc8f7', '5b7e29b4-313d-4c2c-a363-8c8da8ddc8f7', '5b7e29b4-313d-4c2c-a363-8c8da8ddc8f7', '5b7e29b4-313d-4c2c-a363-8c8da8ddc8f7', 'b18528d7-e2d2-43b2-9bad-21eb0d69f5b0', 'b974778b-3d1a-4957-b7b0-5c26e3f5efa0', '849d41ab-f821-4d4b-ae95-5ea5edf2cef8', 'a007c471-7706-45c7-a842-f3c6b6c03dcb', '92010b83-4136-4e2a-b292-12de11ce7731', 'eca1dbe0-7fed-441e-869e-69f3c23af215', '25c6442d-5026-4697-a5cc-cb67ed490f7b', 'b454d201-7d69-49d2-87e5-1131b1536442']"
fba927b1-df62-4fdc-9764-f942bfc1880a,3,"['5b7e29b4-313d-4c2c-a363-8c8da8ddc8f7', '5b7e29b4-313d-4c2c-a363-8c8da8ddc8f7', '5b7e29b4-313d-4c2c-a363-8c8da8ddc8f7', '5b7e29b4-313d-4c2c-a363-8c8da8ddc8f7', '5b7e29b4-313d-4c2c-a363-8c8da8ddc8f7', '5b7e29b4-313d-4c2c-a363-8c8da8ddc8f7', '5b7e29b4-313d-4c2c-a363-8c8da8ddc8f7', '5b7e29b4-313d-4c2c-a363-8c8da8ddc8f7', '5b7e29b4-313d-4c2c-a363-8c8da8ddc8f7', '5b7e29b4-313d-4c2c-a363-8c8da8ddc8f7', '5b7e29b4-313d-4c2c-a363-8c8da8ddc8f7', '5b7e29b4-313d-4c2c-a363-8c8da8ddc8f7', '5b7e29b4-313d-4c2c-a363-8c8da8ddc8f7', '5b7e29b4-313d-4c2c-a363-8c8da8ddc8f7', '5b7e29b4-313d-4c2c-a363-8c8da8ddc8f7', '5b7e29b4-313d-4c2c-a363-8c8da8ddc8f7', '5b7e29b4-313d-4c2c-a363-8c8da8ddc8f7', '5b7e29b4-313d-4c2c-a363-8c8da8ddc8f7', '5b7e29b4-313d-4c2c-a363-8c8da8ddc8f7', '5b7e29b4-313d-4c2c-a363-8c8da8ddc8f7', '5b7e29b4-313d-4c2c-a363-8c8da8ddc8f7', '5b7e29b4-313d-4c2c-a363-8c8da8ddc8f7', '5b7e29b4-313d-4c2c-a363-8c8da8ddc8f7', '5b7e29b4-313d-4c2c-a363-8c8da8ddc8f7', '5b7e29b4-313d-4c2c-a363-8c8da8ddc8f7', '5b7e29b4-313d-4c2c-a363-8c8da8ddc8f7', '5b7e29b4-313d-4c2c-a363-8c8da8ddc8f7', '5b7e29b4-313d-4c2c-a363-8c8da8ddc8f7', '5b7e29b4-313d-4c2c-a363-8c8da8ddc8f7', '5b7e29b4-313d-4c2c-a363-8c8da8ddc8f7', '5b7e29b4-313d-4c2c-a363-8c8da8ddc8f7', 'b18528d7-e2d2-43b2-9bad-21eb0d69f5b0', '849d41ab-f821-4d4b-ae95-5ea5edf2cef8', 'a007c471-7706-45c7-a842-f3c6b6c03dcb', '92010b83-4136-4e2a-b292-12de11ce7731', 'eca1dbe0-7fed-441e-869e-69f3c23af215', '25c6442d-5026-4697-a5cc-cb67ed490f7b', 'b454d201-7d69-49d2-87e5-1131b1536442', 'a873b20b-4979-4c47-ba86-46cfe7a13b96', '8ccfee93-f009-4c76-bd60-9d74661cdefb', '5c10f315-900e-4e88-b0c6-b6cce088ddde', 'f306ef49-c06c-4cd8-b912-1f56c644f6b2', '9d82b136-4702-4ceb-8fc2-fa28c2819a83', '201531e5-11dc-4530-a54a-ffb6530867d8', '18e909cb-a26e-40bb-b8f2-d0511a8dd30b', '6db3e3a5-3567-4576-a864-3543ab72a6fb', '99059210-4255-47fe-a99b-8a781ee74e92', 'ebbbbcf8-560b-4394-8309-3660a7fb37cf', '9d4b361b-101c-4a78-87de-5c317a8ce4f3', '0ba6b07a-33c4-420f-b63f-3235c44aa487']"
958bd1d5-d5ab-427b-b9d5-3f2b33bf729a,7,"['412e256b-cd7f-47e7-8107-f28f908ed41c', '412e256b-cd7f-47e7-8107-f28f908ed41c', '412e256b-cd7f-47e7-8107-f28f908ed41c', '412e256b-cd7f-47e7-8107-f28f908ed41c', '412e256b-cd7f-47e7-8107-f28f908ed41c', '412e256b-cd7f-47e7-8107-f28f908ed41c', '412e256b-cd7f-47e7-8107-f28f908ed41c', '412e256b-cd7f-47e7-8107-f28f908ed41c', '412e256b-cd7f-47e7-8107-f28f908ed41c', '412e256b-cd7f-47e7-8107-f28f908ed41c', '412e256b-cd7f-47e7-8107-f28f908ed41c', '412e256b-cd7f-47e7-8107-f28f908ed41c', '412e256b-cd7f-47e7-8107-f28f908ed41c', '412e256b-cd7f-47e7-8107-f28f908ed41c', '412e256b-cd7f-47e7-8107-f28f908ed41c', '412e256b-cd7f-47e7-8107-f28f908ed41c', '412e256b-cd7f-47e7-8107-f28f908ed41c', '412e256b-cd7f-47e7-8107-f28f908ed41c', '412e256b-cd7f-47e7-8107-f28f908ed41c', '412e256b-cd7f-47e7-8107-f28f908ed41c', '412e256b-cd7f-47e7-8107-f28f908ed41c', '412e256b-cd7f-47e7-8107-f28f908ed41c', '412e256b-cd7f-47e7-8107-f28f908ed41c', 'cd8004a9-41fb-4390-9ea9-e834d53917bf', '8521ad24-6f5a-4fff-b0b0-bf78b986bad1', '953f5a60-ddde-4a5a-9dc8-1891175046ed', 'a38a3548-2616-448c-a3f6-8b6d8ec33b41', '8aec040d-b769-44d6-98b8-1d41132e77b0', '2daba462-4017-4b95-a22e-6bc1ff969424', '64717569-d8f5-49be-83be-6cec26ff1d64', '7d8015ff-403d-469b-8ff3-746b88047cd0', '981dced2-0d4e-44db-b905-511834e01b0c', '1b68410e-e59b-4e3c-8ed0-c09ff9165f1b', '6a95487d-c53a-4c97-9e7f-0d14a34a4e42', '7c354034-47f7-4c11-99ca-7764a43d2234', 'c493a244-a1c9-4a18-b6ca-afffb7c4a60a', '29027135-9a7e-4061-886d-94e0d7803794', 'fa760a93-2095-4aa1-85d6-a689afda59cf', '6ee33d64-05b7-460a-9620-a7a042481f82', '248fab06-a711-4309-bb9c-5cb4966e63a9', '7e0c8aea-2e8d-4142-8ede-855f6f000866', '73620f4f-bf58-4e23-97e6-0bb4e943b8ff', '2be196c2-d126-4e71-912f-3b1c48b9ea9f', '357f0b42-ff6e-4107-b4e8-6063d7927ea4', '26eac3d5-ac48-4aea-b42d-e1119e4c439c', '787ee50c-3b9b-4fb1-8706-d42fa2d09386', 'b1610f44-6eea-45e7-8cd6-64598e028bc3', '1bdd5ffd-0abe-4922-91bb-dc4c47ce93a8', 'da70b48e-0f3b-49d1-802c-b88adfb49452', '3fd683d5-3c13-4a11-9db1-064671e16c8f']"
fba927b1-df62-4fdc-9764-f942bfc1880a,4,"['5b7e29b4-313d-4c2c-a363-8c8da8ddc8f7', '5b7e29b4-313d-4c2c-a363-8c8da8ddc8f7', '5b7e29b4-313d-4c2c-a363-8c8da8ddc8f7', '5b7e29b4-313d-4c2c-a363-8c8da8ddc8f7', '5b7e29b4-313d-4c2c-a363-8c8da8ddc8f7', '5b7e29b4-313d-4c2c-a363-8c8da8ddc8f7', '5b7e29b4-313d-4c2c-a363-8c8da8ddc8f7', '5b7e29b4-313d-4c2c-a363-8c8da8ddc8f7', '5b7e29b4-313d-4c2c-a363-8c8da8ddc8f7', '5b7e29b4-313d-4c2c-a363-8c8da8ddc8f7', '5b7e29b4-313d-4c2c-a363-8c8da8ddc8f7', '5b7e29b4-313d-4c2c-a363-8c8da8ddc8f7', '5b7e29b4-313d-4c2c-a363-8c8da8ddc8f7', '5b7e29b4-313d-4c2c-a363-8c8da8ddc8f7', '5b7e29b4-313d-4c2c-a363-8c8da8ddc8f7', '5b7e29b4-313d-4c2c-a363-8c8da8ddc8f7', '5b7e29b4-313d-4c2c-a363-8c8da8ddc8f7', '5b7e29b4-313d-4c2c-a363-8c8da8ddc8f7', '5b7e29b4-313d-4c2c-a363-8c8da8ddc8f7', '5b7e29b4-313d-4c2c-a363-8c8da8ddc8f7', '5b7e29b4-313d-4c2c-a363-8c8da8ddc8f7', '5b7e29b4-313d-4c2c-a363-8c8da8ddc8f7', '5b7e29b4-313d-4c2c-a363-8c8da8ddc8f7', '5b7e29b4-313d-4c2c-a363-8c8da8ddc8f7', '5b7e29b4-313d-4c2c-a363-8c8da8ddc8f7', 'b18528d7-e2d2-43b2-9bad-21eb0d69f5b0', '849d41ab-f821-4d4b-ae95-5ea5edf2cef8', 'a007c471-7706-45c7-a842-f3c6b6c03dcb', '92010b83-4136-4e2a-b292-12de11ce7731', 'eca1dbe0-7fed-441e-869e-69f3c23af215', '25c6442d-5026-4697-a5cc-cb67ed490f7b', 'b454d201-7d69-49d2-87e5-1131b1536442', 'a873b20b-4979-4c47-ba86-46cfe7a13b96', '8ccfee93-f009-4c76-bd60-9d74661cdefb', '5c10f315-900e-4e88-b0c6-b6cce088ddde', 'f306ef49-c06c-4cd8-b912-1f56c644f6b2', '9d82b136-4702-4ceb-8fc2-fa28c2819a83', '201531e5-11dc-4530-a54a-ffb6530867d8', '18e909cb-a26e-40bb-b8f2-d0511a8dd30b', '6db3e3a5-3567-4576-a864-3543ab72a6fb', '99059210-4255-47fe-a99b-8a781ee74e92', 'ebbbbcf8-560b-4394-8309-3660a7fb37cf', '9d4b361b-101c-4a78-87de-5c317a8ce4f3', 'b79b81af-d00b-4c5b-a683-ac476e0dee97', 'e4edf72f-200f-4014-abe4-4100051c5dc7', '15e65b5e-916d-4189-add7-a663b1eda7c8', '8a3537c6-9614-4cdb-a196-aca23adba760', '60352a27-452b-407c-8c70-be4f1a302216', '0f161896-f973-4670-bd95-7da7b562aef2', '9ba77f7a-b77f-404f-80a9-b7b7b5a51f85']"
958bd1d5-d5ab-427b-b9d5-3f2b33bf729a,8,"['412e256b-cd7f-47e7-8107-f28f908ed41c', '412e256b-cd7f-47e7-8107-f28f908ed41c', '412e256b-cd7f-47e7-8107-f28f908ed41c', '412e256b-cd7f-47e7-8107-f28f908ed41c', '412e256b-cd7f-47e7-8107-f28f908ed41c', '412e256b-cd7f-47e7-8107-f28f908ed41c', '412e256b-cd7f-47e7-8107-f28f908ed41c', '412e256b-cd7f-47e7-8107-f28f908ed41c', '412e256b-cd7f-47e7-8107-f28f908ed41c', '412e256b-cd7f-47e7-8107-f28f908ed41c', '412e256b-cd7f-47e7-8107-f28f908ed41c', '412e256b-cd7f-47e7-8107-f28f908ed41c', '412e256b-cd7f-47e7-8107-f28f908ed41c', '412e256b-cd7f-47e7-8107-f28f908ed41c', '412e256b-cd7f-47e7-8107-f28f908ed41c', '412e256b-cd7f-47e7-8107-f28f908ed41c', '412e256b-cd7f-47e7-8107-f28f908ed41c', '412e256b-cd7f-47e7-8107-f28f908ed41c', '412e256b-cd7f-47e7-8107-f28f908ed41c', '412e256b-cd7f-47e7-8107-f28f908ed41c', '412e256b-cd7f-47e7-8107-f28f908ed41c', '412e256b-cd7f-47e7-8107-f28f908ed41c', '412e256b-cd7f-47e7-8107-f28f908ed41c', '412e256b-cd7f-47e7-8107-f28f908ed41c', '412e256b-cd7f-47e7-8107-f28f908ed41c', '412e256b-cd7f-47e7-8107-f28f908ed41c', '412e256b-cd7f-47e7-8107-f28f908ed41c', '412e256b-cd7f-47e7-8107-f28f908ed41c', '412e256b-cd7f-47e7-8107-f28f908ed41c', '412e256b-cd7f-47e7-8107-f28f908ed41c', '412e256b-cd7f-47e7-8107-f28f908ed41c', '412e256b-cd7f-47e7-8107-f28f908ed41c', '412e256b-cd7f-47e7-8107-f28f908ed41c', '412e256b-cd7f-47e7-8107-f28f908ed41c', '412e256b-cd7f-47e7-8107-f28f908ed41c', '412e256b-cd7f-47e7-8107-f28f908ed41c', '412e256b-cd7f-47e7-8107-f28f908ed41c', '412e256b-cd7f-47e7-8107-f28f908ed41c', '412e256b-cd7f-47e7-8107-f28f908ed41c', '412e256b-cd7f-47e7-8107-f28f908ed41c', '412e256b-cd7f-47e7-8107-f28f908ed41c', '412e256b-cd7f-47e7-8107-f28f908ed41c', '412e256b-cd7f-47e7-8107-f28f908ed41c', '412e256b-cd7f-47e7-8107-f28f908ed41c', 'b67b58ee-0f4a-41b6-95dc-a4f10168dd79', '38f665c3-db7a-4b89-a6ac-a01cac99f1d0', 'b740705e-bc60-46d9-b720-9b30b5498b93', '330a40f6-edc4-49a0-bc5b-55cf3036f418', 'c2354371-361c-4a0a-80fb-5c6ed16fcd35', '4f7397ab-95a2-46b5-920c-7ecfe22817e9']"
fba927b1-df62-4fdc-9764-f942bfc1880a,5,"['5b7e29b4-313d-4c2c-a363-8c8da8ddc8f7', '5b7e29b4-313d-4c2c-a363-8c8da8ddc8f7', '5b7e29b4-313d-4c2c-a363-8c8da8ddc8f7', '5b7e29b4-313d-4c2c-a363-8c8da8ddc8f7', '5b7e29b4-313d-4c2c-a363-8c8da8ddc8f7', '5b7e29b4-313d-4c2c-a363-8c8da8ddc8f7', '60352a27-452b-407c-8c70-be4f1a302216', '60352a27-452b-407c-8c70-be4f1a302216', '60352a27-452b-407c-8c70-be4f1a302216', '60352a27-452b-407c-8c70-be4f1a302216', '60352a27-452b-407c-8c70-be4f1a302216', '60352a27-452b-407c-8c70-be4f1a302216', '60352a27-452b-407c-8c70-be4f1a302216', '60352a27-452b-407c-8c70-be4f1a302216', '60352a27-452b-407c-8c70-be4f1a302216', '60352a27-452b-407c-8c70-be4f1a302216', '60352a27-452b-407c-8c70-be4f1a302216', '60352a27-452b-407c-8c70-be4f1a302216', '60352a27-452b-407c-8c70-be4f1a302216', '60352a27-452b-407c-8c70-be4f1a302216', '60352a27-452b-407c-8c70-be4f1a302216', '60352a27-452b-407c-8c70-be4f1a302216', '60352a27-452b-407c-8c70-be4f1a302216', '60352a27-452b-407c-8c70-be4f1a302216', '60352a27-452b-407c-8c70-be4f1a302216', '60352a27-452b-407c-8c70-be4f1a302216', '60352a27-452b-407c-8c70-be4f1a302216', '60352a27-452b-407c-8c70-be4f1a302216', '60352a27-452b-407c-8c70-be4f1a302216', '60352a27-452b-407c-8c70-be4f1a302216', '60352a27-452b-407c-8c70-be4f1a302216', '60352a27-452b-407c-8c70-be4f1a302216', '60352a27-452b-407c-8c70-be4f1a302216', '60352a27-452b-407c-8c70-be4f1a302216', '60352a27-452b-407c-8c70-be4f1a302216', '60352a27-452b-407c-8c70-be4f1a302216', '60352a27-452b-407c-8c70-be4f1a302216', '60352a27-452b-407c-8c70-be4f1a302216', '60352a27-452b-407c-8c70-be4f1a302216', '60352a27-452b-407c-8c70-be4f1a302216', '60352a27-452b-407c-8c70-be4f1a302216', '6602fbca-8350-4c98-b3c0-7320a0083d7c', '99638e09-833c-46ac-81fd-ea678a446320', '3ec73fbc-56fd-4d4b-8130-4636dd204457', '8c12087d-5060-4c6a-bc43-558e0859a77e', '4d87fe68-a29b-484f-a0c0-f2c33f7e0db7', '3557afe5-ef25-439b-96e1-818b3e9e1069', '2af20817-9a02-4716-b4e6-2f9d5ff33229', 'a77dfe52-ffe6-448f-93c3-9fbd109bb913', '1a663d1d-d561-401e-a3ce-ec6eef446d40']"
958bd1d5-d5ab-427b-b9d5-3f2b33bf729a,9,"['412e256b-cd7f-47e7-8107-f28f908ed41c', '412e256b-cd7f-47e7-8107-f28f908ed41c', '412e256b-cd7f-47e7-8107-f28f908ed41c', '412e256b-cd7f-47e7-8107-f28f908ed41c', '412e256b-cd7f-47e7-8107-f28f908ed41c', '412e256b-cd7f-47e7-8107-f28f908ed41c', '412e256b-cd7f-47e7-8107-f28f908ed41c', '412e256b-cd7f-47e7-8107-f28f908ed41c', '412e256b-cd7f-47e7-8107-f28f908ed41c', '412e256b-cd7f-47e7-8107-f28f908ed41c', '412e256b-cd7f-47e7-8107-f28f908ed41c', '412e256b-cd7f-47e7-8107-f28f908ed41c', '412e256b-cd7f-47e7-8107-f28f908ed41c', '412e256b-cd7f-47e7-8107-f28f908ed41c', '412e256b-cd7f-47e7-8107-f28f908ed41c', '412e256b-cd7f-47e7-8107-f28f908ed41c', '412e256b-cd7f-47e7-8107-f28f908ed41c', '412e256b-cd7f-47e7-8107-f28f908ed41c', '412e256b-cd7f-47e7-8107-f28f908ed41c', '412e256b-cd7f-47e7-8107-f28f908ed41c', '412e256b-cd7f-47e7-8107-f28f908ed41c', '412e256b-cd7f-47e7-8107-f28f908ed41c', '412e256b-cd7f-47e7-8107-f28f908ed41c', '412e256b-cd7f-47e7-8107-f28f908ed41c', '412e256b-cd7f-47e7-8107-f28f908ed41c', '412e256b-cd7f-47e7-8107-f28f908ed41c', '412e256b-cd7f-47e7-8107-f28f908ed41c', '412e256b-cd7f-47e7-8107-f28f908ed41c', 'b67b58ee-0f4a-41b6-95dc-a4f10168dd79', '38f665c3-db7a-4b89-a6ac-a01cac99f1d0', 'b740705e-bc60-46d9-b720-9b30b5498b93', '330a40f6-edc4-49a0-bc5b-55cf3036f418', 'c2354371-361c-4a0a-80fb-5c6ed16fcd35', '4f7397ab-95a2-46b5-920c-7ecfe22817e9', '3e16c370-ad81-43b1-a3b5-49cb7de1f2ed', '160a66b7-36e0-4ba4-9e6a-83b59794019e', 'ef374381-0b00-4c23-b3a3-8a7b8aa21207', '2a856582-e6ed-4ead-add7-9845ddc64e9e', '49ca7904-b4bc-428e-a6aa-3502f8edb66a', '2fd974b2-a9f0-44de-81e8-1eac702d56d5', '2efe9a5e-49a1-4d68-bf99-24dad94b266b', '8add807b-faf6-4263-963e-4c975b213326', 'c52ae67c-aea3-400a-bf01-670896e8b40b', '77b69889-920b-4571-8889-ec2b65c89344', 'a1d8fa73-921a-4df3-8a64-4c73ccbd33d5', 'e10960f3-de9f-4993-984e-04c37aef788b', '2d6d6d7f-a53b-4a4e-8276-07cff9a57446', 'a3ba43bb-40d6-4638-b4fa-a76e7ac276a3', 'eb6d637c-6e67-4bde-b1df-f16e87198e5c', '1b094ed9-869b-4ad1-ab11-335b4ce5cfbb']"
fba927b1-df62-4fdc-9764-f942bfc1880a,6,"['5b7e29b4-313d-4c2c-a363-8c8da8ddc8f7', '5b7e29b4-313d-4c2c-a363-8c8da8ddc8f7', '5b7e29b4-313d-4c2c-a363-8c8da8ddc8f7', '5b7e29b4-313d-4c2c-a363-8c8da8ddc8f7', '5b7e29b4-313d-4c2c-a363-8c8da8ddc8f7', '60352a27-452b-407c-8c70-be4f1a302216', '60352a27-452b-407c-8c70-be4f1a302216', '60352a27-452b-407c-8c70-be4f1a302216', '60352a27-452b-407c-8c70-be4f1a302216', '60352a27-452b-407c-8c70-be4f1a302216', '60352a27-452b-407c-8c70-be4f1a302216', '60352a27-452b-407c-8c70-be4f1a302216', '60352a27-452b-407c-8c70-be4f1a302216', '60352a27-452b-407c-8c70-be4f1a302216', '60352a27-452b-407c-8c70-be4f1a302216', '60352a27-452b-407c-8c70-be4f1a302216', '60352a27-452b-407c-8c70-be4f1a302216', '60352a27-452b-407c-8c70-be4f1a302216', '60352a27-452b-407c-8c70-be4f1a302216', '60352a27-452b-407c-8c70-be4f1a302216', '60352a27-452b-407c-8c70-be4f1a302216', '60352a27-452b-407c-8c70-be4f1a302216', '60352a27-452b-407c-8c70-be4f1a302216', '60352a27-452b-407c-8c70-be4f1a302216', '60352a27-452b-407c-8c70-be4f1a302216', '60352a27-452b-407c-8c70-be4f1a302216', '60352a27-452b-407c-8c70-be4f1a302216', '60352a27-452b-407c-8c70-be4f1a302216', '60352a27-452b-407c-8c70-be4f1a302216', '6602fbca-8350-4c98-b3c0-7320a0083d7c', '99638e09-833c-46ac-81fd-ea678a446320', '3ec73fbc-56fd-4d4b-8130-4636dd204457', '8c12087d-5060-4c6a-bc43-558e0859a77e', '2af20817-9a02-4716-b4e6-2f9d5ff33229', '1a663d1d-d561-401e-a3ce-ec6eef446d40', 'f3a8cd78-cecd-40cf-8ea2-013c8ebf3f56', '1c44657c-81d7-48c5-8c48-9a7300d346f6', 'e0903a87-798d-441f-8b97-03913e87c7ed', 'c65f4ba9-5980-4159-813e-2a03dd451058', '1948aabf-aa73-472d-a3a8-69bb29a06644', 'ed932d65-aac3-442c-b936-53d9ae069098', 'c494124a-932b-468b-a4bc-6d80079f98a7', 'f0bdf819-4706-49b8-9e68-feb8ace9fced', 'ff25d0e6-20d3-4db5-9c68-256c1bfd7154', 'a91aafba-3554-40e9-afc1-c53453c1ffca', 'd87516ea-b6df-4e85-91ce-e70090b3ab86', '8e127a51-1b07-44dc-a1cd-691acec5f5ca', '5cf0f58b-404a-4040-9605-0d2a8c44c2ca', 'fb9d7e23-43b7-41e2-b284-31ca0ff554d4', '6de031df-cd1d-4b9c-a7ed-f5c397d7441f']"
958bd1d5-d5ab-427b-b9d5-3f2b33bf729a,10,"['412e256b-cd7f-47e7-8107-f28f908ed41c', '412e256b-cd7f-47e7-8107-f28f908ed41c', '412e256b-cd7f-47e7-8107-f28f908ed41c', '412e256b-cd7f-47e7-8107-f28f908ed41c', '412e256b-cd7f-47e7-8107-f28f908ed41c', '412e256b-cd7f-47e7-8107-f28f908ed41c', '412e256b-cd7f-47e7-8107-f28f908ed41c', '412e256b-cd7f-47e7-8107-f28f908ed41c', '412e256b-cd7f-47e7-8107-f28f908ed41c', '412e256b-cd7f-47e7-8107-f28f908ed41c', '412e256b-cd7f-47e7-8107-f28f908ed41c', '412e256b-cd7f-47e7-8107-f28f908ed41c', '412e256b-cd7f-47e7-8107-f28f908ed41c', '412e256b-cd7f-47e7-8107-f28f908ed41c', '412e256b-cd7f-47e7-8107-f28f908ed41c', '412e256b-cd7f-47e7-8107-f28f908ed41c', '412e256b-cd7f-47e7-8107-f28f908ed41c', '412e256b-cd7f-47e7-8107-f28f908ed41c', '412e256b-cd7f-47e7-8107-f28f908ed41c', '412e256b-cd7f-47e7-8107-f28f908ed41c', '412e256b-cd7f-47e7-8107-f28f908ed41c', '412e256b-cd7f-47e7-8107-f28f908ed41c', 'b67b58ee-0f4a-41b6-95dc-a4f10168dd79', '38f665c3-db7a-4b89-a6ac-a01cac99f1d0', 'b740705e-bc60-46d9-b720-9b30b5498b93', '330a40f6-edc4-49a0-bc5b-55cf3036f418', 'c2354371-361c-4a0a-80fb-5c6ed16fcd35', '4f7397ab-95a2-46b5-920c-7ecfe22817e9', '160a66b7-36e0-4ba4-9e6a-83b59794019e', 'ef374381-0b00-4c23-b3a3-8a7b8aa21207', '2a856582-e6ed-4ead-add7-9845ddc64e9e', '49ca7904-b4bc-428e-a6aa-3502f8edb66a', '2fd974b2-a9f0-44de-81e8-1eac702d56d5', '2efe9a5e-49a1-4d68-bf99-24dad94b266b', '8add807b-faf6-4263-963e-4c975b213326', 'c52ae67c-aea3-400a-bf01-670896e8b40b', '77b69889-920b-4571-8889-ec2b65c89344', 'a1d8fa73-921a-4df3-8a64-4c73ccbd33d5', 'e10960f3-de9f-4993-984e-04c37aef788b', '2d6d6d7f-a53b-4a4e-8276-07cff9a57446', 'a3ba43bb-40d6-4638-b4fa-a76e7ac276a3', 'eb6d637c-6e67-4bde-b1df-f16e87198e5c', '535ed552-d77e-4eb2-a646-ea4853ddf918', '7d0a341a-0f7c-446c-8d61-328da713d91e', 'f12ad094-0078-4477-805c-53b4bb5afdbc', 'd45467fe-0d56-4f9d-b7d4-8a822e3e1c6a', '981144a3-fb8c-4720-9418-b75be96f2afa', '29b6b453-b871-439d-8f8a-4e0d07495ecc', '0348d926-b8b1-454b-8712-c566d9b839aa', 'e6cab1e3-2d61-407d-b547-265301ac3846']"
fba927b1-df62-4fdc-9764-f942bfc1880a,7,"['5b7e29b4-313d-4c2c-a363-8c8da8ddc8f7', '60352a27-452b-407c-8c70-be4f1a302216', '60352a27-452b-407c-8c70-be4f1a302216', '60352a27-452b-407c-8c70-be4f1a302216', '60352a27-452b-407c-8c70-be4f1a302216', '60352a27-452b-407c-8c70-be4f1a302216', '60352a27-452b-407c-8c70-be4f1a302216', '60352a27-452b-407c-8c70-be4f1a302216', '60352a27-452b-407c-8c70-be4f1a302216', '60352a27-452b-407c-8c70-be4f1a302216', '60352a27-452b-407c-8c70-be4f1a302216', '60352a27-452b-407c-8c70-be4f1a302216', '60352a27-452b-407c-8c70-be4f1a302216', '60352a27-452b-407c-8c70-be4f1a302216', '60352a27-452b-407c-8c70-be4f1a302216', '60352a27-452b-407c-8c70-be4f1a302216', '60352a27-452b-407c-8c70-be4f1a302216', '60352a27-452b-407c-8c70-be4f1a302216', '60352a27-452b-407c-8c70-be4f1a302216', '60352a27-452b-407c-8c70-be4f1a302216', '60352a27-452b-407c-8c70-be4f1a302216', '60352a27-452b-407c-8c70-be4f1a302216', '60352a27-452b-407c-8c70-be4f1a302216', '60352a27-452b-407c-8c70-be4f1a302216', '60352a27-452b-407c-8c70-be4f1a302216', '60352a27-452b-407c-8c70-be4f1a302216', '60352a27-452b-407c-8c70-be4f1a302216', '60352a27-452b-407c-8c70-be4f1a302216', '60352a27-452b-407c-8c70-be4f1a302216', '60352a27-452b-407c-8c70-be4f1a302216', '60352a27-452b-407c-8c70-be4f1a302216', '60352a27-452b-407c-8c70-be4f1a302216', '60352a27-452b-407c-8c70-be4f1a302216', '60352a27-452b-407c-8c70-be4f1a302216', '60352a27-452b-407c-8c70-be4f1a302216', '60352a27-452b-407c-8c70-be4f1a302216', '60352a27-452b-407c-8c70-be4f1a302216', '60352a27-452b-407c-8c70-be4f1a302216', '60352a27-452b-407c-8c70-be4f1a302216', '60352a27-452b-407c-8c70-be4f1a302216', '6b33ae96-2e25-4015-936d-49a8f7593b19', '6325c953-0557-437a-9306-39096540053f', '69b3b27c-70b1-4a2e-872e-a2d799322509', 'a9412aec-dfc3-46da-940c-d3d501210d5a', '51c2c4e0-7644-4a66-a758-03f8e3cdd709', '2b847adf-318c-4ff1-8499-1db3442c57b0', 'd5ba9cb4-7cf4-4635-9fc3-34fd3b2217f3', 'ff4af794-0b8c-4c5b-960a-b7240f85b2dc', '7e37322d-7428-4791-95ee-c01182f19f76', '371406bc-33da-414d-af1a-edb79ec2a64c']"
958bd1d5-d5ab-427b-b9d5-3f2b33bf729a,11,"['412e256b-cd7f-47e7-8107-f28f908ed41c', '412e256b-cd7f-47e7-8107-f28f908ed41c', '412e256b-cd7f-47e7-8107-f28f908ed41c', '412e256b-cd7f-47e7-8107-f28f908ed41c', '412e256b-cd7f-47e7-8107-f28f908ed41c', '412e256b-cd7f-47e7-8107-f28f908ed41c', '412e256b-cd7f-47e7-8107-f28f908ed41c', '412e256b-cd7f-47e7-8107-f28f908ed41c', '412e256b-cd7f-47e7-8107-f28f908ed41c', '412e256b-cd7f-47e7-8107-f28f908ed41c', '412e256b-cd7f-47e7-8107-f28f908ed41c', '412e256b-cd7f-47e7-8107-f28f908ed41c', '412e256b-cd7f-47e7-8107-f28f908ed41c', '412e256b-cd7f-47e7-8107-f28f908ed41c', '412e256b-cd7f-47e7-8107-f28f908ed41c', '412e256b-cd7f-47e7-8107-f28f908ed41c', '412e256b-cd7f-47e7-8107-f28f908ed41c', '412e256b-cd7f-47e7-8107-f28f908ed41c', '412e256b-cd7f-47e7-8107-f28f908ed41c', '412e256b-cd7f-47e7-8107-f28f908ed41c', '412e256b-cd7f-47e7-8107-f28f908ed41c', '412e256b-cd7f-47e7-8107-f28f908ed41c', '412e256b-cd7f-47e7-8107-f28f908ed41c', '412e256b-cd7f-47e7-8107-f28f908ed41c', '412e256b-cd7f-47e7-8107-f28f908ed41c', '412e256b-cd7f-47e7-8107-f28f908ed41c', '412e256b-cd7f-47e7-8107-f28f908ed41c', '412e256b-cd7f-47e7-8107-f28f908ed41c', '412e256b-cd7f-47e7-8107-f28f908ed41c', '412e256b-cd7f-47e7-8107-f28f908ed41c', '412e256b-cd7f-47e7-8107-f28f908ed41c', '412e256b-cd7f-47e7-8107-f28f908ed41c', '412e256b-cd7f-47e7-8107-f28f908ed41c', '412e256b-cd7f-47e7-8107-f28f908ed41c', '412e256b-cd7f-47e7-8107-f28f908ed41c', '412e256b-cd7f-47e7-8107-f28f908ed41c', '412e256b-cd7f-47e7-8107-f28f908ed41c', '412e256b-cd7f-47e7-8107-f28f908ed41c', '412e256b-cd7f-47e7-8107-f28f908ed41c', '412e256b-cd7f-47e7-8107-f28f908ed41c', '412e256b-cd7f-47e7-8107-f28f908ed41c', 'e00a5545-e5cc-4f4f-abe8-68e46ece4972', '81213d95-e462-44f0-841e-64d5b068026b', '0ba2c5b0-b90f-4a89-aa8a-09b9622d7048', '49de83cb-adfd-4a90-a8d2-ab7929f4ac39', '6bfb8df8-5d76-40ac-a84e-e56425a4fda6', 'a1c18afe-c7a2-4f1f-9c37-f4a8f9741c60', 'd006cdf8-e2b2-4222-86f0-6b72683fc7e1', '8fef6335-e028-4c9a-af0a-09c98594609d', '9757aff9-b571-4970-80aa-af3557c0d41e']"
958bd1d5-d5ab-427b-b9d5-3f2b33bf729a,12,"['412e256b-cd7f-47e7-8107-f28f908ed41c', '412e256b-cd7f-47e7-8107-f28f908ed41c', '412e256b-cd7f-47e7-8107-f28f908ed41c', '412e256b-cd7f-47e7-8107-f28f908ed41c', '412e256b-cd7f-47e7-8107-f28f908ed41c', '412e256b-cd7f-47e7-8107-f28f908ed41c', '412e256b-cd7f-47e7-8107-f28f908ed41c', '412e256b-cd7f-47e7-8107-f28f908ed41c', '412e256b-cd7f-47e7-8107-f28f908ed41c', '412e256b-cd7f-47e7-8107-f28f908ed41c', '412e256b-cd7f-47e7-8107-f28f908ed41c', '412e256b-cd7f-47e7-8107-f28f908ed41c', '412e256b-cd7f-47e7-8107-f28f908ed41c', '412e256b-cd7f-47e7-8107-f28f908ed41c', '412e256b-cd7f-47e7-8107-f28f908ed41c', '412e256b-cd7f-47e7-8107-f28f908ed41c', '412e256b-cd7f-47e7-8107-f28f908ed41c', '412e256b-cd7f-47e7-8107-f28f908ed41c', '412e256b-cd7f-47e7-8107-f28f908ed41c', '412e256b-cd7f-47e7-8107-f28f908ed41c', '412e256b-cd7f-47e7-8107-f28f908ed41c', '412e256b-cd7f-47e7-8107-f28f908ed41c', '412e256b-cd7f-47e7-8107-f28f908ed41c', '412e256b-cd7f-47e7-8107-f28f908ed41c', '412e256b-cd7f-47e7-8107-f28f908ed41c', '412e256b-cd7f-47e7-8107-f28f908ed41c', '412e256b-cd7f-47e7-8107-f28f908ed41c', '412e256b-cd7f-47e7-8107-f28f908ed41c', '412e256b-cd7f-47e7-8107-f28f908ed41c', '412e256b-cd7f-47e7-8107-f28f908ed41c', '412e256b-cd7f-47e7-8107-f28f908ed41c', '412e256b-cd7f-47e7-8107-f28f908ed41c', '412e256b-cd7f-47e7-8107-f28f908ed41c', 'e00a5545-e5cc-4f4f-abe8-68e46ece4972', '81213d95-e462-44f0-841e-64d5b068026b', '0ba2c5b0-b90f-4a89-aa8a-09b9622d7048', '6bfb8df8-5d76-40ac-a84e-e56425a4fda6', 'a1c18afe-c7a2-4f1f-9c37-f4a8f9741c60', 'd006cdf8-e2b2-4222-86f0-6b72683fc7e1', '8fef6335-e028-4c9a-af0a-09c98594609d', '9757aff9-b571-4970-80aa-af3557c0d41e', 'a50c1f83-e340-4259-b5fe-af613ee0ec7a', '328b2f53-a01a-4eb8-bfd4-0bcd90f9b834', '193f77b7-9280-43b1-9df0-f269d0dcec67', 'f29acbf8-b210-4859-b1f3-80f8a8d38243', '5d3bf902-fac4-4b37-8869-9b3815e1a059', '0c801f48-e6a2-44dd-82a7-50c69f86ad85', 'de550e36-b24b-4cd9-8f6e-d6174c77ef05', '7078ae9e-8369-45e8-b07e-b20e994d683a', '10fcbc49-93d2-4cb5-bc7d-7a891b62210d']"
fba927b1-df62-4fdc-9764-f942bfc1880a,8,"['60352a27-452b-407c-8c70-be4f1a302216', '60352a27-452b-407c-8c70-be4f1a302216', '60352a27-452b-407c-8c70-be4f1a302216', '60352a27-452b-407c-8c70-be4f1a302216', '60352a27-452b-407c-8c70-be4f1a302216', '60352a27-452b-407c-8c70-be4f1a302216', '60352a27-452b-407c-8c70-be4f1a302216', '60352a27-452b-407c-8c70-be4f1a302216', '60352a27-452b-407c-8c70-be4f1a302216', '60352a27-452b-407c-8c70-be4f1a302216', '60352a27-452b-407c-8c70-be4f1a302216', '60352a27-452b-407c-8c70-be4f1a302216', '60352a27-452b-407c-8c70-be4f1a302216', '60352a27-452b-407c-8c70-be4f1a302216', '60352a27-452b-407c-8c70-be4f1a302216', '60352a27-452b-407c-8c70-be4f1a302216', '60352a27-452b-407c-8c70-be4f1a302216', '60352a27-452b-407c-8c70-be4f1a302216', '60352a27-452b-407c-8c70-be4f1a302216', '60352a27-452b-407c-8c70-be4f1a302216', '60352a27-452b-407c-8c70-be4f1a302216', '60352a27-452b-407c-8c70-be4f1a302216', '60352a27-452b-407c-8c70-be4f1a302216', '60352a27-452b-407c-8c70-be4f1a302216', '6b33ae96-2e25-4015-936d-49a8f7593b19', '6325c953-0557-437a-9306-39096540053f', '69b3b27c-70b1-4a2e-872e-a2d799322509', 'a9412aec-dfc3-46da-940c-d3d501210d5a', '51c2c4e0-7644-4a66-a758-03f8e3cdd709', '2b847adf-318c-4ff1-8499-1db3442c57b0', 'd5ba9cb4-7cf4-4635-9fc3-34fd3b2217f3', '7e37322d-7428-4791-95ee-c01182f19f76', '371406bc-33da-414d-af1a-edb79ec2a64c', 'f7dda27c-eed7-4f27-8cc4-6d6be14b73ff', '917b4021-8fb4-410d-8c5c-70a5860e9821', '99bbb57d-e178-42a4-9a84-4837199fbf28', '6f94298a-7289-4511-9c28-6f0dc7807432', '961817dd-bd9f-4c6e-b4a1-6579398e21fa', '1101e31e-9cc1-494c-b172-607029690b3b', '84d3c1e8-ccd5-4091-8ba5-947baf746d82', 'd8ec1a14-a46a-4841-a54d-c7b926b31ad0', '6eacbdad-6075-40e8-a9ec-4b39ab4c5cfe', '0e7da928-7ea2-48cb-a1fb-12938a942d18', 'df92b3ee-835e-4ca8-89dd-df5895964f19', 'a520b4f1-7201-4d80-a051-b33ca93e6061', '6b095d7f-3470-4bcd-8000-3e16f9c9cd8f', 'e404e965-2817-47e9-a5f7-69333ce2c890', 'd4ff4ded-d44c-44f3-9e8c-4c92cbf51b51', '169200ae-df16-49ca-a67c-0ec6ece90d60', 'd4385d27-3fe8-4286-b3fb-2fdcae34879f']"
958bd1d5-d5ab-427b-b9d5-3f2b33bf729a,13,"['412e256b-cd7f-47e7-8107-f28f908ed41c', '412e256b-cd7f-47e7-8107-f28f908ed41c', '412e256b-cd7f-47e7-8107-f28f908ed41c', '412e256b-cd7f-47e7-8107-f28f908ed41c', '412e256b-cd7f-47e7-8107-f28f908ed41c', '412e256b-cd7f-47e7-8107-f28f908ed41c', '412e256b-cd7f-47e7-8107-f28f908ed41c', '412e256b-cd7f-47e7-8107-f28f908ed41c', '412e256b-cd7f-47e7-8107-f28f908ed41c', '412e256b-cd7f-47e7-8107-f28f908ed41c', '412e256b-cd7f-47e7-8107-f28f908ed41c', '412e256b-cd7f-47e7-8107-f28f908ed41c', '412e256b-cd7f-47e7-8107-f28f908ed41c', '412e256b-cd7f-47e7-8107-f28f908ed41c', '412e256b-cd7f-47e7-8107-f28f908ed41c', '412e256b-cd7f-47e7-8107-f28f908ed41c', '412e256b-cd7f-47e7-8107-f28f908ed41c', '412e256b-cd7f-47e7-8107-f28f908ed41c', '412e256b-cd7f-47e7-8107-f28f908ed41c', '412e256b-cd7f-47e7-8107-f28f908ed41c', '412e256b-cd7f-47e7-8107-f28f908ed41c', '412e256b-cd7f-47e7-8107-f28f908ed41c', '412e256b-cd7f-47e7-8107-f28f908ed41c', '412e256b-cd7f-47e7-8107-f28f908ed41c', 'e00a5545-e5cc-4f4f-abe8-68e46ece4972', '81213d95-e462-44f0-841e-64d5b068026b', '0ba2c5b0-b90f-4a89-aa8a-09b9622d7048', '6bfb8df8-5d76-40ac-a84e-e56425a4fda6', 'a1c18afe-c7a2-4f1f-9c37-f4a8f9741c60', 'd006cdf8-e2b2-4222-86f0-6b72683fc7e1', '8fef6335-e028-4c9a-af0a-09c98594609d', '9757aff9-b571-4970-80aa-af3557c0d41e', 'a50c1f83-e340-4259-b5fe-af613ee0ec7a', '328b2f53-a01a-4eb8-bfd4-0bcd90f9b834', '193f77b7-9280-43b1-9df0-f269d0dcec67', 'f29acbf8-b210-4859-b1f3-80f8a8d38243', '5d3bf902-fac4-4b37-8869-9b3815e1a059', '0c801f48-e6a2-44dd-82a7-50c69f86ad85', 'de550e36-b24b-4cd9-8f6e-d6174c77ef05', '7078ae9e-8369-45e8-b07e-b20e994d683a', '97e2f4ee-8e00-43e5-af90-00a4c85028b1', '5a4534db-d940-437c-9642-018d97447dc6', '824b15c1-7266-4fc4-a21c-736a160df5b9', '3cddce09-f0be-4678-9ce8-e7205fb5c269', '8c47df26-8312-4750-82e6-cb8b7936676d', '044b3a2e-aaf2-44f9-8afe-5f19f9697a0f', '341e22e8-cce4-43b9-a17c-9d558fe9887a', '600e1a46-fcb7-4a98-a246-0ae2fa27e5e9', '4c8d61b1-a239-4bcc-8816-00051417b13f', '114034ca-dc74-4e0a-bd5a-fb041819b19b']"
fba927b1-df62-4fdc-9764-f942bfc1880a,9,"['60352a27-452b-407c-8c70-be4f1a302216', '60352a27-452b-407c-8c70-be4f1a302216', '60352a27-452b-407c-8c70-be4f1a302216', '60352a27-452b-407c-8c70-be4f1a302216', '60352a27-452b-407c-8c70-be4f1a302216', '60352a27-452b-407c-8c70-be4f1a302216', '60352a27-452b-407c-8c70-be4f1a302216', '60352a27-452b-407c-8c70-be4f1a302216', '60352a27-452b-407c-8c70-be4f1a302216', '60352a27-452b-407c-8c70-be4f1a302216', '60352a27-452b-407c-8c70-be4f1a302216', '60352a27-452b-407c-8c70-be4f1a302216', '60352a27-452b-407c-8c70-be4f1a302216', '60352a27-452b-407c-8c70-be4f1a302216', '60352a27-452b-407c-8c70-be4f1a302216', '60352a27-452b-407c-8c70-be4f1a302216', '60352a27-452b-407c-8c70-be4f1a302216', '60352a27-452b-407c-8c70-be4f1a302216', '60352a27-452b-407c-8c70-be4f1a302216', '60352a27-452b-407c-8c70-be4f1a302216', '60352a27-452b-407c-8c70-be4f1a302216', '60352a27-452b-407c-8c70-be4f1a302216', '60352a27-452b-407c-8c70-be4f1a302216', '60352a27-452b-407c-8c70-be4f1a302216', '60352a27-452b-407c-8c70-be4f1a302216', '60352a27-452b-407c-8c70-be4f1a302216', '60352a27-452b-407c-8c70-be4f1a302216', '60352a27-452b-407c-8c70-be4f1a302216', '60352a27-452b-407c-8c70-be4f1a302216', '60352a27-452b-407c-8c70-be4f1a302216', '60352a27-452b-407c-8c70-be4f1a302216', '60352a27-452b-407c-8c70-be4f1a302216', '60352a27-452b-407c-8c70-be4f1a302216', '60352a27-452b-407c-8c70-be4f1a302216', '60352a27-452b-407c-8c70-be4f1a302216', '952b58f4-3e7e-4b4f-84c7-b4ec8d9d7f04', 'ebcef4e7-67c5-4777-9a58-6db9e085f17b', 'dced00f5-9a16-49b6-8e31-bc4a69459325', 'a0a78fce-abad-4a86-9748-4b5d27d55a28', 'c9501735-d824-4a0c-ba6c-78f0c9c3b4f5', '94ff8478-b0fd-4b0e-8240-f59e39948755', 'c4917760-a3ca-494a-aa16-7cf2a3aaa000', 'd5605905-2991-43dc-9162-5472f9a7f7f8', 'a79d4d2f-2813-4c03-9773-913eb589c7b7', '327c39f6-e5f5-4e6a-bc1a-1055372062c2', 'c94785d7-5c30-4fcb-adda-45cff017dc02', 'd856fd00-1c0e-4393-89ef-e2d96b7659c7', '5fabd1a5-4254-4df3-b2de-d23da106f8a8', 'f5194789-3078-4929-a741-13bd59d14580', 'f82210c4-687f-4fc3-8b38-f804f30c5632']"
958bd1d5-d5ab-427b-b9d5-3f2b33bf729a,14,"['412e256b-cd7f-47e7-8107-f28f908ed41c', '412e256b-cd7f-47e7-8107-f28f908ed41c', '412e256b-cd7f-47e7-8107-f28f908ed41c', '412e256b-cd7f-47e7-8107-f28f908ed41c', '412e256b-cd7f-47e7-8107-f28f908ed41c', '412e256b-cd7f-47e7-8107-f28f908ed41c', '412e256b-cd7f-47e7-8107-f28f908ed41c', '412e256b-cd7f-47e7-8107-f28f908ed41c', '412e256b-cd7f-47e7-8107-f28f908ed41c', '412e256b-cd7f-47e7-8107-f28f908ed41c', '412e256b-cd7f-47e7-8107-f28f908ed41c', '412e256b-cd7f-47e7-8107-f28f908ed41c', '412e256b-cd7f-47e7-8107-f28f908ed41c', '412e256b-cd7f-47e7-8107-f28f908ed41c', '412e256b-cd7f-47e7-8107-f28f908ed41c', '412e256b-cd7f-47e7-8107-f28f908ed41c', '412e256b-cd7f-47e7-8107-f28f908ed41c', '412e256b-cd7f-47e7-8107-f28f908ed41c', '412e256b-cd7f-47e7-8107-f28f908ed41c', '412e256b-cd7f-47e7-8107-f28f908ed41c', '412e256b-cd7f-47e7-8107-f28f908ed41c', '412e256b-cd7f-47e7-8107-f28f908ed41c', '412e256b-cd7f-47e7-8107-f28f908ed41c', '412e256b-cd7f-47e7-8107-f28f908ed41c', '412e256b-cd7f-47e7-8107-f28f908ed41c', '412e256b-cd7f-47e7-8107-f28f908ed41c', '412e256b-cd7f-47e7-8107-f28f908ed41c', '412e256b-cd7f-47e7-8107-f28f908ed41c', '412e256b-cd7f-47e7-8107-f28f908ed41c', '412e256b-cd7f-47e7-8107-f28f908ed41c', '412e256b-cd7f-47e7-8107-f28f908ed41c', '412e256b-cd7f-47e7-8107-f28f908ed41c', '412e256b-cd7f-47e7-8107-f28f908ed41c', '412e256b-cd7f-47e7-8107-f28f908ed41c', '412e256b-cd7f-47e7-8107-f28f908ed41c', '412e256b-cd7f-47e7-8107-f28f908ed41c', '412e256b-cd7f-47e7-8107-f28f908ed41c', '412e256b-cd7f-47e7-8107-f28f908ed41c', '412e256b-cd7f-47e7-8107-f28f908ed41c', '412e256b-cd7f-47e7-8107-f28f908ed41c', '412e256b-cd7f-47e7-8107-f28f908ed41c', '412e256b-cd7f-47e7-8107-f28f908ed41c', '2886d450-68e5-4304-a59e-2f341a7fa467', '6ce3fdf9-feec-4b7d-9f52-68e76f859a61', 'b432e7ed-9b87-4dda-b645-f867ad328a29', '4b3ad86f-1de4-43fa-bf7e-8682589a00b7', '7069ac06-3cb1-4f38-ba6d-bff529a66442', '12ea9146-7d3e-41f1-855a-a6ea6d2fd60b', 'e447d358-912e-4f9c-8c35-b41848bf61f5', '7dfe585b-06b7-4398-a2e5-fe6b50153640']"
fba927b1-df62-4fdc-9764-f942bfc1880a,10,"['60352a27-452b-407c-8c70-be4f1a302216', '60352a27-452b-407c-8c70-be4f1a302216', '60352a27-452b-407c-8c70-be4f1a302216', '60352a27-452b-407c-8c70-be4f1a302216', '60352a27-452b-407c-8c70-be4f1a302216', '60352a27-452b-407c-8c70-be4f1a302216', '60352a27-452b-407c-8c70-be4f1a302216', '60352a27-452b-407c-8c70-be4f1a302216', '60352a27-452b-407c-8c70-be4f1a302216', '60352a27-452b-407c-8c70-be4f1a302216', '60352a27-452b-407c-8c70-be4f1a302216', '60352a27-452b-407c-8c70-be4f1a302216', '60352a27-452b-407c-8c70-be4f1a302216', '60352a27-452b-407c-8c70-be4f1a302216', '60352a27-452b-407c-8c70-be4f1a302216', '60352a27-452b-407c-8c70-be4f1a302216', '60352a27-452b-407c-8c70-be4f1a302216', '60352a27-452b-407c-8c70-be4f1a302216', '60352a27-452b-407c-8c70-be4f1a302216', '952b58f4-3e7e-4b4f-84c7-b4ec8d9d7f04', 'ebcef4e7-67c5-4777-9a58-6db9e085f17b', 'a0a78fce-abad-4a86-9748-4b5d27d55a28', 'c9501735-d824-4a0c-ba6c-78f0c9c3b4f5', '94ff8478-b0fd-4b0e-8240-f59e39948755', 'c4917760-a3ca-494a-aa16-7cf2a3aaa000', 'd5605905-2991-43dc-9162-5472f9a7f7f8', 'a79d4d2f-2813-4c03-9773-913eb589c7b7', 'c94785d7-5c30-4fcb-adda-45cff017dc02', 'd856fd00-1c0e-4393-89ef-e2d96b7659c7', '5fabd1a5-4254-4df3-b2de-d23da106f8a8', 'f5194789-3078-4929-a741-13bd59d14580', 'f82210c4-687f-4fc3-8b38-f804f30c5632', '5e93f6c1-b399-4cc8-a32b-c885b286a54e', '7914adfb-db89-4f3d-b7e9-6e07f47018f1', '3fd551ea-d807-4652-b65d-1d15f74556df', '27167fdd-0bf4-4b42-bd55-de5774222d6a', 'bfa3c0d2-479e-470c-964d-5ead243500bd', '0ca19887-1285-4477-9974-13fcabd5c54d', '91cf8347-3a31-41da-a65a-ba40cf2f325c', '717c1b7b-8b01-4845-ab5c-162910239e2d', 'cc2d30cb-2693-4b63-a2e6-d8a3fc584155', 'a7bf53ab-9494-4a82-82e3-02cd7659c1d4', '048a2f3d-b5f6-4c07-909d-0d43f958acfd', 'f2a63977-2af9-4225-a6a0-34d15a7d536b', '00eeafbc-f69b-476a-97b4-ab27113093b9', '1fc30d1a-50d0-433a-8e91-5d33b29c3852', 'e2f80cd5-9071-4136-88bf-995bdf1b8df8', 'a2ac2eb6-413e-4bad-817e-3317c5432182', '2fc93703-f7ba-40fd-8cf4-1ced8aec4e51', 'e4e80054-6eca-4378-9a1e-3e8a8a0f909e']"
958bd1d5-d5ab-427b-b9d5-3f2b33bf729a,15,"['412e256b-cd7f-47e7-8107-f28f908ed41c', '412e256b-cd7f-47e7-8107-f28f908ed41c', '412e256b-cd7f-47e7-8107-f28f908ed41c', '412e256b-cd7f-47e7-8107-f28f908ed41c', '412e256b-cd7f-47e7-8107-f28f908ed41c', '412e256b-cd7f-47e7-8107-f28f908ed41c', '412e256b-cd7f-47e7-8107-f28f908ed41c', '412e256b-cd7f-47e7-8107-f28f908ed41c', '412e256b-cd7f-47e7-8107-f28f908ed41c', '412e256b-cd7f-47e7-8107-f28f908ed41c', '412e256b-cd7f-47e7-8107-f28f908ed41c', '412e256b-cd7f-47e7-8107-f28f908ed41c', '412e256b-cd7f-47e7-8107-f28f908ed41c', '412e256b-cd7f-47e7-8107-f28f908ed41c', '412e256b-cd7f-47e7-8107-f28f908ed41c', '412e256b-cd7f-47e7-8107-f28f908ed41c', '412e256b-cd7f-47e7-8107-f28f908ed41c', '412e256b-cd7f-47e7-8107-f28f908ed41c', '412e256b-cd7f-47e7-8107-f28f908ed41c', '412e256b-cd7f-47e7-8107-f28f908ed41c', '412e256b-cd7f-47e7-8107-f28f908ed41c', '412e256b-cd7f-47e7-8107-f28f908ed41c', '412e256b-cd7f-47e7-8107-f28f908ed41c', '412e256b-cd7f-47e7-8107-f28f908ed41c', '412e256b-cd7f-47e7-8107-f28f908ed41c', '412e256b-cd7f-47e7-8107-f28f908ed41c', '412e256b-cd7f-47e7-8107-f28f908ed41c', '412e256b-cd7f-47e7-8107-f28f908ed41c', '412e256b-cd7f-47e7-8107-f28f908ed41c', '412e256b-cd7f-47e7-8107-f28f908ed41c', '412e256b-cd7f-47e7-8107-f28f908ed41c', '412e256b-cd7f-47e7-8107-f28f908ed41c', '412e256b-cd7f-47e7-8107-f28f908ed41c', '2886d450-68e5-4304-a59e-2f341a7fa467', '6ce3fdf9-feec-4b7d-9f52-68e76f859a61', '4b3ad86f-1de4-43fa-bf7e-8682589a00b7', '7069ac06-3cb1-4f38-ba6d-bff529a66442', '12ea9146-7d3e-41f1-855a-a6ea6d2fd60b', 'e447d358-912e-4f9c-8c35-b41848bf61f5', '7dfe585b-06b7-4398-a2e5-fe6b50153640', '936b7489-0b8c-413d-8f83-1c42bb657c8d', 'd8cb5763-c003-4df9-8ce5-10db916ada96', 'c37ade95-a7eb-4a83-a293-b99bc7c27810', 'f0cd72e2-f994-4623-a491-3fd6528b232a', '4c64add5-ae0f-450e-8b1a-45770b17b27e', 'f55bb1d3-ca96-410e-8618-03568c29f946', 'a23d45f3-38cc-4715-ac95-c276a586b7db', 'd012361d-b013-4bd7-9bee-b84e65f9730d', '1b3bebc1-2781-4d3e-81e5-7f62eaa33838', '934054c0-d093-40dc-8ba3-cd3c80e40f46']"
fba927b1-df62-4fdc-9764-f942bfc1880a,11,"['60352a27-452b-407c-8c70-be4f1a302216', '60352a27-452b-407c-8c70-be4f1a302216', '60352a27-452b-407c-8c70-be4f1a302216', '60352a27-452b-407c-8c70-be4f1a302216', '60352a27-452b-407c-8c70-be4f1a302216', '60352a27-452b-407c-8c70-be4f1a302216', '60352a27-452b-407c-8c70-be4f1a302216', '60352a27-452b-407c-8c70-be4f1a302216', '60352a27-452b-407c-8c70-be4f1a302216', '60352a27-452b-407c-8c70-be4f1a302216', '60352a27-452b-407c-8c70-be4f1a302216', '60352a27-452b-407c-8c70-be4f1a302216', '60352a27-452b-407c-8c70-be4f1a302216', '60352a27-452b-407c-8c70-be4f1a302216', '60352a27-452b-407c-8c70-be4f1a302216', '60352a27-452b-407c-8c70-be4f1a302216', '60352a27-452b-407c-8c70-be4f1a302216', '60352a27-452b-407c-8c70-be4f1a302216', '60352a27-452b-407c-8c70-be4f1a302216', '60352a27-452b-407c-8c70-be4f1a302216', '60352a27-452b-407c-8c70-be4f1a302216', '60352a27-452b-407c-8c70-be4f1a302216', '60352a27-452b-407c-8c70-be4f1a302216', '60352a27-452b-407c-8c70-be4f1a302216', '60352a27-452b-407c-8c70-be4f1a302216', '60352a27-452b-407c-8c70-be4f1a302216', '60352a27-452b-407c-8c70-be4f1a302216', '60352a27-452b-407c-8c70-be4f1a302216', '60352a27-452b-407c-8c70-be4f1a302216', '60352a27-452b-407c-8c70-be4f1a302216', '60352a27-452b-407c-8c70-be4f1a302216', '60352a27-452b-407c-8c70-be4f1a302216', '60352a27-452b-407c-8c70-be4f1a302216', '60352a27-452b-407c-8c70-be4f1a302216', '60352a27-452b-407c-8c70-be4f1a302216', '60352a27-452b-407c-8c70-be4f1a302216', '60352a27-452b-407c-8c70-be4f1a302216', 'cea828df-6f10-4119-b563-f72c2270162a', 'a0d264f3-ea0f-4d2f-aa17-3c219d7319c4', '5a3e2432-b160-4405-93ed-6cc5472deb0a', '0ed63226-58f7-47be-9cb2-a5736fcb3113', 'f1365b29-7a22-4f62-ade5-250acaa7893a', 'e36b8ab7-7e6b-4350-af2b-3e2cd05b2983', '00e566b4-b236-4bdf-84bf-1ad4a55f44b4', '1b81bf53-8787-42c1-9a20-029f959af1f0', '68bb6474-8a74-4060-9935-36898a9690e1', '0b0b14c3-c40a-4347-8aea-5832bf7033c9', '2f9c0a11-05c9-4e12-8b7d-5c046668c06f', 'fecf39f6-ab53-4ff6-834a-a160640cf992', '947d5737-d2b8-4c1a-8fcc-06cec3f2669b']"
4fdaf3b1-8126-4244-9b7b-43537d7e9466,0,"['8f9356ce-95e3-4364-a152-19344539bfd4', '8f9356ce-95e3-4364-a152-19344539bfd4', '8f9356ce-95e3-4364-a152-19344539bfd4', '8f9356ce-95e3-4364-a152-19344539bfd4', '8f9356ce-95e3-4364-a152-19344539bfd4', '8f9356ce-95e3-4364-a152-19344539bfd4', '8f9356ce-95e3-4364-a152-19344539bfd4', '8f9356ce-95e3-4364-a152-19344539bfd4', '8f9356ce-95e3-4364-a152-19344539bfd4', '8f9356ce-95e3-4364-a152-19344539bfd4', '8f9356ce-95e3-4364-a152-19344539bfd4', '8f9356ce-95e3-4364-a152-19344539bfd4', '8f9356ce-95e3-4364-a152-19344539bfd4', '8f9356ce-95e3-4364-a152-19344539bfd4', '8f9356ce-95e3-4364-a152-19344539bfd4', '8f9356ce-95e3-4364-a152-19344539bfd4', '8f9356ce-95e3-4364-a152-19344539bfd4', '8f9356ce-95e3-4364-a152-19344539bfd4', '8f9356ce-95e3-4364-a152-19344539bfd4', '8f9356ce-95e3-4364-a152-19344539bfd4', '8f9356ce-95e3-4364-a152-19344539bfd4', '8f9356ce-95e3-4364-a152-19344539bfd4', '8f9356ce-95e3-4364-a152-19344539bfd4', '8f9356ce-95e3-4364-a152-19344539bfd4', '8f9356ce-95e3-4364-a152-19344539bfd4', '8f9356ce-95e3-4364-a152-19344539bfd4', '8f9356ce-95e3-4364-a152-19344539bfd4', '8f9356ce-95e3-4364-a152-19344539bfd4', '8f9356ce-95e3-4364-a152-19344539bfd4', '8f9356ce-95e3-4364-a152-19344539bfd4', '8f9356ce-95e3-4364-a152-19344539bfd4', '8f9356ce-95e3-4364-a152-19344539bfd4', '8f9356ce-95e3-4364-a152-19344539bfd4', '8f9356ce-95e3-4364-a152-19344539bfd4', '8f9356ce-95e3-4364-a152-19344539bfd4', '8f9356ce-95e3-4364-a152-19344539bfd4', '8f9356ce-95e3-4364-a152-19344539bfd4', '8f9356ce-95e3-4364-a152-19344539bfd4', '8f9356ce-95e3-4364-a152-19344539bfd4', '8f9356ce-95e3-4364-a152-19344539bfd4', '8f9356ce-95e3-4364-a152-19344539bfd4', '8f9356ce-95e3-4364-a152-19344539bfd4', '8f9356ce-95e3-4364-a152-19344539bfd4', '8f9356ce-95e3-4364-a152-19344539bfd4', '8f9356ce-95e3-4364-a152-19344539bfd4', '8f9356ce-95e3-4364-a152-19344539bfd4', '8f9356ce-95e3-4364-a152-19344539bfd4', '8f9356ce-95e3-4364-a152-19344539bfd4', '8f9356ce-95e3-4364-a152-19344539bfd4', '8f9356ce-95e3-4364-a152-19344539bfd4']"
fba927b1-df62-4fdc-9764-f942bfc1880a,12,"['60352a27-452b-407c-8c70-be4f1a302216', '60352a27-452b-407c-8c70-be4f1a302216', '60352a27-452b-407c-8c70-be4f1a302216', '60352a27-452b-407c-8c70-be4f1a302216', '60352a27-452b-407c-8c70-be4f1a302216', '60352a27-452b-407c-8c70-be4f1a302216', '60352a27-452b-407c-8c70-be4f1a302216', '60352a27-452b-407c-8c70-be4f1a302216', '60352a27-452b-407c-8c70-be4f1a302216', '60352a27-452b-407c-8c70-be4f1a302216', '60352a27-452b-407c-8c70-be4f1a302216', '60352a27-452b-407c-8c70-be4f1a302216', '60352a27-452b-407c-8c70-be4f1a302216', '60352a27-452b-407c-8c70-be4f1a302216', '60352a27-452b-407c-8c70-be4f1a302216', '60352a27-452b-407c-8c70-be4f1a302216', '60352a27-452b-407c-8c70-be4f1a302216', '60352a27-452b-407c-8c70-be4f1a302216', '60352a27-452b-407c-8c70-be4f1a302216', '60352a27-452b-407c-8c70-be4f1a302216', '60352a27-452b-407c-8c70-be4f1a302216', '60352a27-452b-407c-8c70-be4f1a302216', '60352a27-452b-407c-8c70-be4f1a302216', '60352a27-452b-407c-8c70-be4f1a302216', '60352a27-452b-407c-8c70-be4f1a302216', '60352a27-452b-407c-8c70-be4f1a302216', '60352a27-452b-407c-8c70-be4f1a302216', '60352a27-452b-407c-8c70-be4f1a302216', '60352a27-452b-407c-8c70-be4f1a302216', '60352a27-452b-407c-8c70-be4f1a302216', '60352a27-452b-407c-8c70-be4f1a302216', 'cea828df-6f10-4119-b563-f72c2270162a', 'a0d264f3-ea0f-4d2f-aa17-3c219d7319c4', '5a3e2432-b160-4405-93ed-6cc5472deb0a', '0ed63226-58f7-47be-9cb2-a5736fcb3113', 'f1365b29-7a22-4f62-ade5-250acaa7893a', '00e566b4-b236-4bdf-84bf-1ad4a55f44b4', '1b81bf53-8787-42c1-9a20-029f959af1f0', '2f9c0a11-05c9-4e12-8b7d-5c046668c06f', 'fecf39f6-ab53-4ff6-834a-a160640cf992', '947d5737-d2b8-4c1a-8fcc-06cec3f2669b', '22161547-e819-43b5-8b5b-b01bfef30294', 'ac75ccd5-9d3d-40b9-8899-ad1c5e0d8049', '30c3cada-f078-4906-b4cf-46a0e1cc13c1', '9c9b7abb-04c8-4909-90df-1b4817a773b0', 'efb25232-eee2-44fc-a996-00b3f8ee515b', 'fe2e5fbf-2e0a-43f6-853f-b514181a9eb8', 'e1f1a09a-6dea-46a7-b2d6-5df72c484866', 'af4e7531-3481-4243-9a20-cda71ffc389c', 'cda98b1e-477f-42fa-a758-e4917b6380ac']"
4fdaf3b1-8126-4244-9b7b-43537d7e9466,1,"['8f9356ce-95e3-4364-a152-19344539bfd4', '8f9356ce-95e3-4364-a152-19344539bfd4', '8f9356ce-95e3-4364-a152-19344539bfd4', '8f9356ce-95e3-4364-a152-19344539bfd4', '8f9356ce-95e3-4364-a152-19344539bfd4', '8f9356ce-95e3-4364-a152-19344539bfd4', '8f9356ce-95e3-4364-a152-19344539bfd4', '8f9356ce-95e3-4364-a152-19344539bfd4', '8f9356ce-95e3-4364-a152-19344539bfd4', '8f9356ce-95e3-4364-a152-19344539bfd4', '8f9356ce-95e3-4364-a152-19344539bfd4', '8f9356ce-95e3-4364-a152-19344539bfd4', '8f9356ce-95e3-4364-a152-19344539bfd4', '8f9356ce-95e3-4364-a152-19344539bfd4', '8f9356ce-95e3-4364-a152-19344539bfd4', '8f9356ce-95e3-4364-a152-19344539bfd4', '8f9356ce-95e3-4364-a152-19344539bfd4', '8f9356ce-95e3-4364-a152-19344539bfd4', '8f9356ce-95e3-4364-a152-19344539bfd4', '8f9356ce-95e3-4364-a152-19344539bfd4', '8f9356ce-95e3-4364-a152-19344539bfd4', '8f9356ce-95e3-4364-a152-19344539bfd4', '8f9356ce-95e3-4364-a152-19344539bfd4', '8f9356ce-95e3-4364-a152-19344539bfd4', '8f9356ce-95e3-4364-a152-19344539bfd4', '8f9356ce-95e3-4364-a152-19344539bfd4', '8f9356ce-95e3-4364-a152-19344539bfd4', '8f9356ce-95e3-4364-a152-19344539bfd4', '8f9356ce-95e3-4364-a152-19344539bfd4', '8f9356ce-95e3-4364-a152-19344539bfd4', '8f9356ce-95e3-4364-a152-19344539bfd4', '8f9356ce-95e3-4364-a152-19344539bfd4', '8f9356ce-95e3-4364-a152-19344539bfd4', '8f9356ce-95e3-4364-a152-19344539bfd4', '8f9356ce-95e3-4364-a152-19344539bfd4', '8f9356ce-95e3-4364-a152-19344539bfd4', '8f9356ce-95e3-4364-a152-19344539bfd4', '8a678a28-4197-4457-8a80-19e21404d118', '780ce661-8f6a-4374-b3b7-4d1a46b17a3e', '20108166-b1ce-4075-9603-50163683a089', '1e978baa-df8d-4284-ab5d-07dc7e76ca98', 'd297c012-a2b1-404d-96a3-bfc94cb0b5d8', 'e37191b0-04fe-4db1-b946-2a8c8363e1a9', '3c502628-5c49-4265-984e-976abe89d1f4', 'fd76bfef-6ffd-4285-84eb-9cd579e6255c', 'c219065d-40e8-4c0b-8350-21c5f96e6c1e', 'ecf08513-4327-4e1c-b8a6-3c079968bdb2', 'a1b573cc-a7fc-41f5-aa26-23d2c5cea1c0', '65104fab-6dce-494d-869d-c41fb0faabee', 'ebc20b38-1696-4782-a3c8-2c7796884c45']"
fba927b1-df62-4fdc-9764-f942bfc1880a,13,"['60352a27-452b-407c-8c70-be4f1a302216', '60352a27-452b-407c-8c70-be4f1a302216', '60352a27-452b-407c-8c70-be4f1a302216', '60352a27-452b-407c-8c70-be4f1a302216', '60352a27-452b-407c-8c70-be4f1a302216', '60352a27-452b-407c-8c70-be4f1a302216', '60352a27-452b-407c-8c70-be4f1a302216', '60352a27-452b-407c-8c70-be4f1a302216', '60352a27-452b-407c-8c70-be4f1a302216', '60352a27-452b-407c-8c70-be4f1a302216', '60352a27-452b-407c-8c70-be4f1a302216', '60352a27-452b-407c-8c70-be4f1a302216', '60352a27-452b-407c-8c70-be4f1a302216', '60352a27-452b-407c-8c70-be4f1a302216', '60352a27-452b-407c-8c70-be4f1a302216', '60352a27-452b-407c-8c70-be4f1a302216', '60352a27-452b-407c-8c70-be4f1a302216', '60352a27-452b-407c-8c70-be4f1a302216', '60352a27-452b-407c-8c70-be4f1a302216', '60352a27-452b-407c-8c70-be4f1a302216', '60352a27-452b-407c-8c70-be4f1a302216', '60352a27-452b-407c-8c70-be4f1a302216', '60352a27-452b-407c-8c70-be4f1a302216', '60352a27-452b-407c-8c70-be4f1a302216', '60352a27-452b-407c-8c70-be4f1a302216', '60352a27-452b-407c-8c70-be4f1a302216', 'cea828df-6f10-4119-b563-f72c2270162a', 'a0d264f3-ea0f-4d2f-aa17-3c219d7319c4', '0ed63226-58f7-47be-9cb2-a5736fcb3113', 'f1365b29-7a22-4f62-ade5-250acaa7893a', '00e566b4-b236-4bdf-84bf-1ad4a55f44b4', '1b81bf53-8787-42c1-9a20-029f959af1f0', 'fecf39f6-ab53-4ff6-834a-a160640cf992', '22161547-e819-43b5-8b5b-b01bfef30294', 'ac75ccd5-9d3d-40b9-8899-ad1c5e0d8049', '30c3cada-f078-4906-b4cf-46a0e1cc13c1', '9c9b7abb-04c8-4909-90df-1b4817a773b0', 'efb25232-eee2-44fc-a996-00b3f8ee515b', 'e1f1a09a-6dea-46a7-b2d6-5df72c484866', 'af4e7531-3481-4243-9a20-cda71ffc389c', '9a1bb94e-49c6-4938-b33b-b05392157176', '95f212df-da60-4042-b7e0-897419f695d6', '1ce9a3bd-e80d-4109-b84a-05065fbcb141', '4726669f-e631-42a6-9c73-55fae23aff11', 'a03cbee9-63f2-475a-bce5-a14eebb48e7b', '7d8d5902-0b1d-4d2a-a5c4-51f7739d03a2', 'cb355168-9ec7-45cb-85cb-55cf1204c7b2', 'fc797eff-0e42-448c-9cb9-ed0282059c06', '62939e56-fab6-4a1d-bbd2-ca1ff1745754', '3e5693ee-4f28-4f75-8fca-005cadf0a6b8']"
4fdaf3b1-8126-4244-9b7b-43537d7e9466,2,"['8f9356ce-95e3-4364-a152-19344539bfd4', '8f9356ce-95e3-4364-a152-19344539bfd4', '8f9356ce-95e3-4364-a152-19344539bfd4', '8f9356ce-95e3-4364-a152-19344539bfd4', '8f9356ce-95e3-4364-a152-19344539bfd4', '8f9356ce-95e3-4364-a152-19344539bfd4', '8f9356ce-95e3-4364-a152-19344539bfd4', '8f9356ce-95e3-4364-a152-19344539bfd4', '8f9356ce-95e3-4364-a152-19344539bfd4', '8f9356ce-95e3-4364-a152-19344539bfd4', '8f9356ce-95e3-4364-a152-19344539bfd4', '8f9356ce-95e3-4364-a152-19344539bfd4', '8f9356ce-95e3-4364-a152-19344539bfd4', '8f9356ce-95e3-4364-a152-19344539bfd4', '8f9356ce-95e3-4364-a152-19344539bfd4', '8f9356ce-95e3-4364-a152-19344539bfd4', '8f9356ce-95e3-4364-a152-19344539bfd4', '8f9356ce-95e3-4364-a152-19344539bfd4', '8f9356ce-95e3-4364-a152-19344539bfd4', '8f9356ce-95e3-4364-a152-19344539bfd4', '8f9356ce-95e3-4364-a152-19344539bfd4', '8f9356ce-95e3-4364-a152-19344539bfd4', '8f9356ce-95e3-4364-a152-19344539bfd4', '8f9356ce-95e3-4364-a152-19344539bfd4', '8f9356ce-95e3-4364-a152-19344539bfd4', '8f9356ce-95e3-4364-a152-19344539bfd4', '8f9356ce-95e3-4364-a152-19344539bfd4', '8f9356ce-95e3-4364-a152-19344539bfd4', '8f9356ce-95e3-4364-a152-19344539bfd4', '8f9356ce-95e3-4364-a152-19344539bfd4', '8f9356ce-95e3-4364-a152-19344539bfd4', '8f9356ce-95e3-4364-a152-19344539bfd4', '8f9356ce-95e3-4364-a152-19344539bfd4', '8f9356ce-95e3-4364-a152-19344539bfd4', '8a678a28-4197-4457-8a80-19e21404d118', '20108166-b1ce-4075-9603-50163683a089', '1e978baa-df8d-4284-ab5d-07dc7e76ca98', 'e37191b0-04fe-4db1-b946-2a8c8363e1a9', 'fd76bfef-6ffd-4285-84eb-9cd579e6255c', 'ecf08513-4327-4e1c-b8a6-3c079968bdb2', 'a1b573cc-a7fc-41f5-aa26-23d2c5cea1c0', '65104fab-6dce-494d-869d-c41fb0faabee', 'ebc20b38-1696-4782-a3c8-2c7796884c45', '7fe87e89-1dce-4e52-ab48-a51e8536f279', 'd28871a5-4df0-4c07-955b-2ceefb443fc9', 'a95ac67e-0988-44aa-8b48-44a60d60f29b', '5e19c477-b071-4253-acf0-05a9ea7c5561', '128a848e-e71a-49e1-8d5d-59d03a345d67', 'f02e2b4d-2e19-4407-b9ce-16586003eb44', 'b61159da-1f2d-4166-af5e-879853400728']"
fba927b1-df62-4fdc-9764-f942bfc1880a,14,"['60352a27-452b-407c-8c70-be4f1a302216', '60352a27-452b-407c-8c70-be4f1a302216', '60352a27-452b-407c-8c70-be4f1a302216', '60352a27-452b-407c-8c70-be4f1a302216', '60352a27-452b-407c-8c70-be4f1a302216', '60352a27-452b-407c-8c70-be4f1a302216', '60352a27-452b-407c-8c70-be4f1a302216', '60352a27-452b-407c-8c70-be4f1a302216', '60352a27-452b-407c-8c70-be4f1a302216', '60352a27-452b-407c-8c70-be4f1a302216', '60352a27-452b-407c-8c70-be4f1a302216', '60352a27-452b-407c-8c70-be4f1a302216', '60352a27-452b-407c-8c70-be4f1a302216', '60352a27-452b-407c-8c70-be4f1a302216', '60352a27-452b-407c-8c70-be4f1a302216', '60352a27-452b-407c-8c70-be4f1a302216', '60352a27-452b-407c-8c70-be4f1a302216', '60352a27-452b-407c-8c70-be4f1a302216', '60352a27-452b-407c-8c70-be4f1a302216', '60352a27-452b-407c-8c70-be4f1a302216', '60352a27-452b-407c-8c70-be4f1a302216', 'cea828df-6f10-4119-b563-f72c2270162a', '0ed63226-58f7-47be-9cb2-a5736fcb3113', 'fecf39f6-ab53-4ff6-834a-a160640cf992', '22161547-e819-43b5-8b5b-b01bfef30294', '30c3cada-f078-4906-b4cf-46a0e1cc13c1', 'efb25232-eee2-44fc-a996-00b3f8ee515b', 'e1f1a09a-6dea-46a7-b2d6-5df72c484866', '9a1bb94e-49c6-4938-b33b-b05392157176', '95f212df-da60-4042-b7e0-897419f695d6', '1ce9a3bd-e80d-4109-b84a-05065fbcb141', '4726669f-e631-42a6-9c73-55fae23aff11', 'a03cbee9-63f2-475a-bce5-a14eebb48e7b', 'cb355168-9ec7-45cb-85cb-55cf1204c7b2', 'fc797eff-0e42-448c-9cb9-ed0282059c06', '3e5693ee-4f28-4f75-8fca-005cadf0a6b8', '56febdc6-073f-4b8b-ab7b-2039ea5a821d', '3f8cd98a-afd8-4260-a058-ed8757bede8e', 'fb3ff5be-7489-426a-8670-aa972ea52d2d', '2dc278be-2895-47fe-a611-f8286c6dc5ef', '1a652a7e-d0a3-412e-8d8a-e9436ade94c5', '4f26ecf0-ea39-4b5a-96f4-2fa29784f13f', '02b2cd0a-63ec-4e45-8546-4aef3d2dd877', '669af139-ea5a-4f8d-abbf-17658143d2ab', 'c5eb3d5f-a881-44d9-a44d-b902e0d89e4f', '17111077-a00b-460b-b6ee-579eefb4f987', 'd387ef8d-d39c-4e3c-96cb-33ed7f4fbd1d', '58319fd4-642d-4fc7-b291-e0e1c3a1d1f7', '6f0ee526-d2f7-4f96-84ce-85ba35fdd3c4', '189117cd-56f4-47a3-9823-2c8181b3e0db']"
4fdaf3b1-8126-4244-9b7b-43537d7e9466,3,"['8f9356ce-95e3-4364-a152-19344539bfd4', '8f9356ce-95e3-4364-a152-19344539bfd4', '8f9356ce-95e3-4364-a152-19344539bfd4', '8f9356ce-95e3-4364-a152-19344539bfd4', '8f9356ce-95e3-4364-a152-19344539bfd4', '8f9356ce-95e3-4364-a152-19344539bfd4', '8f9356ce-95e3-4364-a152-19344539bfd4', '8f9356ce-95e3-4364-a152-19344539bfd4', '8f9356ce-95e3-4364-a152-19344539bfd4', '8f9356ce-95e3-4364-a152-19344539bfd4', '8f9356ce-95e3-4364-a152-19344539bfd4', '8f9356ce-95e3-4364-a152-19344539bfd4', '8f9356ce-95e3-4364-a152-19344539bfd4', '8f9356ce-95e3-4364-a152-19344539bfd4', '8f9356ce-95e3-4364-a152-19344539bfd4', '8f9356ce-95e3-4364-a152-19344539bfd4', '8f9356ce-95e3-4364-a152-19344539bfd4', '8f9356ce-95e3-4364-a152-19344539bfd4', '8f9356ce-95e3-4364-a152-19344539bfd4', '8f9356ce-95e3-4364-a152-19344539bfd4', '8f9356ce-95e3-4364-a152-19344539bfd4', '8f9356ce-95e3-4364-a152-19344539bfd4', '8f9356ce-95e3-4364-a152-19344539bfd4', '8f9356ce-95e3-4364-a152-19344539bfd4', '8f9356ce-95e3-4364-a152-19344539bfd4', '8f9356ce-95e3-4364-a152-19344539bfd4', '8a678a28-4197-4457-8a80-19e21404d118', '20108166-b1ce-4075-9603-50163683a089', '1e978baa-df8d-4284-ab5d-07dc7e76ca98', 'fd76bfef-6ffd-4285-84eb-9cd579e6255c', 'ecf08513-4327-4e1c-b8a6-3c079968bdb2', 'a1b573cc-a7fc-41f5-aa26-23d2c5cea1c0', 'ebc20b38-1696-4782-a3c8-2c7796884c45', '7fe87e89-1dce-4e52-ab48-a51e8536f279', 'd28871a5-4df0-4c07-955b-2ceefb443fc9', 'a95ac67e-0988-44aa-8b48-44a60d60f29b', '5e19c477-b071-4253-acf0-05a9ea7c5561', 'f02e2b4d-2e19-4407-b9ce-16586003eb44', 'b61159da-1f2d-4166-af5e-879853400728', '3bb7e88d-314b-4cfb-8edb-312b6066be01', '783a9245-cf51-444f-9031-90f8939d3717', 'a21eabd2-9294-41aa-a251-74f1b25b4cd4', '3536f770-eaab-4f34-a462-871b52b5ce78', '33a11f12-b4c2-4518-87f9-6b1baea82389', 'ef6a7307-66be-4905-9145-426663c6719e', 'af0b6ddd-6f53-42e1-a628-5df6e0d10e08', '84b7b602-36ab-4c52-b5eb-11d44c23bfcc', '9566e92b-9d23-46c0-8e98-d8449f8eda12', '572696b3-36eb-47ce-ae74-f7a7cb118389', '5901fe1b-8f09-4904-9e54-6764e1c68b7a']"
fba927b1-df62-4fdc-9764-f942bfc1880a,15,"['60352a27-452b-407c-8c70-be4f1a302216', '60352a27-452b-407c-8c70-be4f1a302216', '60352a27-452b-407c-8c70-be4f1a302216', '60352a27-452b-407c-8c70-be4f1a302216', '60352a27-452b-407c-8c70-be4f1a302216', '60352a27-452b-407c-8c70-be4f1a302216', '60352a27-452b-407c-8c70-be4f1a302216', '60352a27-452b-407c-8c70-be4f1a302216', '60352a27-452b-407c-8c70-be4f1a302216', '60352a27-452b-407c-8c70-be4f1a302216', '60352a27-452b-407c-8c70-be4f1a302216', '60352a27-452b-407c-8c70-be4f1a302216', '60352a27-452b-407c-8c70-be4f1a302216', '60352a27-452b-407c-8c70-be4f1a302216', '60352a27-452b-407c-8c70-be4f1a302216', '60352a27-452b-407c-8c70-be4f1a302216', '60352a27-452b-407c-8c70-be4f1a302216', '60352a27-452b-407c-8c70-be4f1a302216', '60352a27-452b-407c-8c70-be4f1a302216', '60352a27-452b-407c-8c70-be4f1a302216', '60352a27-452b-407c-8c70-be4f1a302216', '60352a27-452b-407c-8c70-be4f1a302216', '60352a27-452b-407c-8c70-be4f1a302216', '60352a27-452b-407c-8c70-be4f1a302216', '60352a27-452b-407c-8c70-be4f1a302216', '60352a27-452b-407c-8c70-be4f1a302216', '60352a27-452b-407c-8c70-be4f1a302216', '60352a27-452b-407c-8c70-be4f1a302216', '60352a27-452b-407c-8c70-be4f1a302216', '60352a27-452b-407c-8c70-be4f1a302216', '60352a27-452b-407c-8c70-be4f1a302216', '60352a27-452b-407c-8c70-be4f1a302216', '60352a27-452b-407c-8c70-be4f1a302216', '60352a27-452b-407c-8c70-be4f1a302216', '60352a27-452b-407c-8c70-be4f1a302216', '60352a27-452b-407c-8c70-be4f1a302216', 'b2177156-6b8b-42a6-a7aa-a2894befe6ed', '6800e69b-3917-4e0b-b5e4-6a2d0b26d9dc', '8d51a6f5-49dc-4874-9751-2de2a3932000', '2a235dda-25af-4b77-981e-7210b4fe5114', '02cd0d70-f295-4fad-a98c-44b006622cc8', '66dc394b-0379-402e-b8f7-7eff74ba6116', '76dde93a-837a-4ff1-a229-3f2fb21d0cd7', 'd03a3f79-0244-4aa4-bc06-32f1882d31d5', '10ff471a-e1bc-4c48-ab12-53454f124889', '95c7c2e8-a7bf-4ad6-9fe3-b2b182ce8976', '07a52714-3bf8-4327-826c-98e250b256c6', '5722a33b-e0c9-450e-89cb-0aaf50f87e61', '853fe793-db28-443d-b9a1-5a79bc1bd5e4', '64cff9b8-acc2-4fc0-84d5-c01e4d8b879c']"
4fdaf3b1-8126-4244-9b7b-43537d7e9466,4,"['8f9356ce-95e3-4364-a152-19344539bfd4', '8f9356ce-95e3-4364-a152-19344539bfd4', '8f9356ce-95e3-4364-a152-19344539bfd4', '8f9356ce-95e3-4364-a152-19344539bfd4', '8f9356ce-95e3-4364-a152-19344539bfd4', '8f9356ce-95e3-4364-a152-19344539bfd4', '8f9356ce-95e3-4364-a152-19344539bfd4', '8f9356ce-95e3-4364-a152-19344539bfd4', '8f9356ce-95e3-4364-a152-19344539bfd4', '8f9356ce-95e3-4364-a152-19344539bfd4', '8f9356ce-95e3-4364-a152-19344539bfd4', '8f9356ce-95e3-4364-a152-19344539bfd4', '8f9356ce-95e3-4364-a152-19344539bfd4', '8f9356ce-95e3-4364-a152-19344539bfd4', '8f9356ce-95e3-4364-a152-19344539bfd4', '8a678a28-4197-4457-8a80-19e21404d118', '20108166-b1ce-4075-9603-50163683a089', '1e978baa-df8d-4284-ab5d-07dc7e76ca98', 'fd76bfef-6ffd-4285-84eb-9cd579e6255c', 'ecf08513-4327-4e1c-b8a6-3c079968bdb2', 'a1b573cc-a7fc-41f5-aa26-23d2c5cea1c0', 'd28871a5-4df0-4c07-955b-2ceefb443fc9', 'a95ac67e-0988-44aa-8b48-44a60d60f29b', '5e19c477-b071-4253-acf0-05a9ea7c5561', 'f02e2b4d-2e19-4407-b9ce-16586003eb44', 'b61159da-1f2d-4166-af5e-879853400728', '3bb7e88d-314b-4cfb-8edb-312b6066be01', '783a9245-cf51-444f-9031-90f8939d3717', 'a21eabd2-9294-41aa-a251-74f1b25b4cd4', '3536f770-eaab-4f34-a462-871b52b5ce78', '33a11f12-b4c2-4518-87f9-6b1baea82389', 'ef6a7307-66be-4905-9145-426663c6719e', 'af0b6ddd-6f53-42e1-a628-5df6e0d10e08', '84b7b602-36ab-4c52-b5eb-11d44c23bfcc', '9566e92b-9d23-46c0-8e98-d8449f8eda12', '572696b3-36eb-47ce-ae74-f7a7cb118389', '5901fe1b-8f09-4904-9e54-6764e1c68b7a', '03568ea2-6ca1-4412-b631-b2409d714153', '62c57264-3601-4679-bdfc-59fb60b22fc1', '5ae85f8c-2783-49de-a22b-70d2c14a9318', 'fa82782b-f16a-4304-b1ae-30ce7d42933e', '3a51edd9-3fe6-4ecb-937a-b7d685fea69e', 'f492fe5b-2e4c-433e-bb24-1b5a7cf59300', '63f6f673-0ce3-4b98-b8dc-63a14fc36325', '07bf4785-48a1-40b9-8a65-7d8b38959261', '50b47caf-f45b-4cb7-8478-c8637c10b2d7', '8b64f70a-1198-4144-87f6-1995b29103e6', 'bc40877a-eb6c-4081-8842-af170c938582', 'deb90c95-a5eb-4b9d-9c9e-b3b1cf990a2b', 'e945513a-f054-48b9-9139-d5bc38a1a057']"
fcd9d3c7-d914-4764-a572-4379951afa11,0,"['ac916f7e-fd4c-4214-bd58-54671f4788cf', 'ac916f7e-fd4c-4214-bd58-54671f4788cf', 'ac916f7e-fd4c-4214-bd58-54671f4788cf', 'ac916f7e-fd4c-4214-bd58-54671f4788cf', 'ac916f7e-fd4c-4214-bd58-54671f4788cf', 'ac916f7e-fd4c-4214-bd58-54671f4788cf', 'ac916f7e-fd4c-4214-bd58-54671f4788cf', 'ac916f7e-fd4c-4214-bd58-54671f4788cf', 'ac916f7e-fd4c-4214-bd58-54671f4788cf', 'ac916f7e-fd4c-4214-bd58-54671f4788cf', 'ac916f7e-fd4c-4214-bd58-54671f4788cf', 'ac916f7e-fd4c-4214-bd58-54671f4788cf', 'ac916f7e-fd4c-4214-bd58-54671f4788cf', 'ac916f7e-fd4c-4214-bd58-54671f4788cf', 'ac916f7e-fd4c-4214-bd58-54671f4788cf', 'ac916f7e-fd4c-4214-bd58-54671f4788cf', 'ac916f7e-fd4c-4214-bd58-54671f4788cf', 'ac916f7e-fd4c-4214-bd58-54671f4788cf', 'ac916f7e-fd4c-4214-bd58-54671f4788cf', 'ac916f7e-fd4c-4214-bd58-54671f4788cf', 'ac916f7e-fd4c-4214-bd58-54671f4788cf', 'ac916f7e-fd4c-4214-bd58-54671f4788cf', 'ac916f7e-fd4c-4214-bd58-54671f4788cf', 'ac916f7e-fd4c-4214-bd58-54671f4788cf', 'ac916f7e-fd4c-4214-bd58-54671f4788cf', 'ac916f7e-fd4c-4214-bd58-54671f4788cf', 'ac916f7e-fd4c-4214-bd58-54671f4788cf', 'ac916f7e-fd4c-4214-bd58-54671f4788cf', 'ac916f7e-fd4c-4214-bd58-54671f4788cf', 'ac916f7e-fd4c-4214-bd58-54671f4788cf', 'ac916f7e-fd4c-4214-bd58-54671f4788cf', 'ac916f7e-fd4c-4214-bd58-54671f4788cf', 'ac916f7e-fd4c-4214-bd58-54671f4788cf', 'ac916f7e-fd4c-4214-bd58-54671f4788cf', 'ac916f7e-fd4c-4214-bd58-54671f4788cf', 'ac916f7e-fd4c-4214-bd58-54671f4788cf', 'ac916f7e-fd4c-4214-bd58-54671f4788cf', 'ac916f7e-fd4c-4214-bd58-54671f4788cf', 'ac916f7e-fd4c-4214-bd58-54671f4788cf', 'ac916f7e-fd4c-4214-bd58-54671f4788cf', 'ac916f7e-fd4c-4214-bd58-54671f4788cf', 'ac916f7e-fd4c-4214-bd58-54671f4788cf', 'ac916f7e-fd4c-4214-bd58-54671f4788cf', 'ac916f7e-fd4c-4214-bd58-54671f4788cf', 'ac916f7e-fd4c-4214-bd58-54671f4788cf', 'ac916f7e-fd4c-4214-bd58-54671f4788cf', 'ac916f7e-fd4c-4214-bd58-54671f4788cf', 'ac916f7e-fd4c-4214-bd58-54671f4788cf', 'ac916f7e-fd4c-4214-bd58-54671f4788cf', 'ac916f7e-fd4c-4214-bd58-54671f4788cf']"
4fdaf3b1-8126-4244-9b7b-43537d7e9466,5,"['8f9356ce-95e3-4364-a152-19344539bfd4', '8f9356ce-95e3-4364-a152-19344539bfd4', '8f9356ce-95e3-4364-a152-19344539bfd4', '8f9356ce-95e3-4364-a152-19344539bfd4', '8f9356ce-95e3-4364-a152-19344539bfd4', '8f9356ce-95e3-4364-a152-19344539bfd4', '8f9356ce-95e3-4364-a152-19344539bfd4', '8f9356ce-95e3-4364-a152-19344539bfd4', '8f9356ce-95e3-4364-a152-19344539bfd4', '8f9356ce-95e3-4364-a152-19344539bfd4', '8f9356ce-95e3-4364-a152-19344539bfd4', '8f9356ce-95e3-4364-a152-19344539bfd4', '8f9356ce-95e3-4364-a152-19344539bfd4', '8f9356ce-95e3-4364-a152-19344539bfd4', '8f9356ce-95e3-4364-a152-19344539bfd4', '8f9356ce-95e3-4364-a152-19344539bfd4', '8f9356ce-95e3-4364-a152-19344539bfd4', '8f9356ce-95e3-4364-a152-19344539bfd4', '8f9356ce-95e3-4364-a152-19344539bfd4', '8f9356ce-95e3-4364-a152-19344539bfd4', '8f9356ce-95e3-4364-a152-19344539bfd4', '8f9356ce-95e3-4364-a152-19344539bfd4', '8f9356ce-95e3-4364-a152-19344539bfd4', '8f9356ce-95e3-4364-a152-19344539bfd4', '8f9356ce-95e3-4364-a152-19344539bfd4', '8f9356ce-95e3-4364-a152-19344539bfd4', '8f9356ce-95e3-4364-a152-19344539bfd4', '8f9356ce-95e3-4364-a152-19344539bfd4', '8f9356ce-95e3-4364-a152-19344539bfd4', '8f9356ce-95e3-4364-a152-19344539bfd4', '8f9356ce-95e3-4364-a152-19344539bfd4', '8f9356ce-95e3-4364-a152-19344539bfd4', '8f9356ce-95e3-4364-a152-19344539bfd4', '8f9356ce-95e3-4364-a152-19344539bfd4', '8f9356ce-95e3-4364-a152-19344539bfd4', '8f9356ce-95e3-4364-a152-19344539bfd4', '8f9356ce-95e3-4364-a152-19344539bfd4', '8f9356ce-95e3-4364-a152-19344539bfd4', 'b2db2060-6626-4a42-a8e4-5091eaba65b1', '3c3fe485-85f1-4976-888b-e500322eda8a', '84b251aa-1c49-478d-95d8-36f63efdc8fa', 'e1038a13-696a-4f4c-8cdc-c3cf241b4c36', 'ae45e2a1-c771-41a1-a9ef-c61df5140bce', '294a22c7-afd1-452f-8940-69217a972ecf', '4b614bab-e8bf-4cee-861b-f3d95d4c7810', 'b00a8293-94b4-4e50-831b-0ea61a7c3ceb', 'c4c4d2dd-92e2-4013-8b25-6e55abdcbb75', '7dd26341-f8a9-4c69-adc0-93204e9ccbac', 'ce9dbfa1-7269-4e56-aa85-0a64c327ca4d', '016d5f8e-b26c-48fd-b6a6-e86d597a3280']"
4fdaf3b1-8126-4244-9b7b-43537d7e9466,6,"['8f9356ce-95e3-4364-a152-19344539bfd4', '8f9356ce-95e3-4364-a152-19344539bfd4', '8f9356ce-95e3-4364-a152-19344539bfd4', '8f9356ce-95e3-4364-a152-19344539bfd4', '8f9356ce-95e3-4364-a152-19344539bfd4', '8f9356ce-95e3-4364-a152-19344539bfd4', '8f9356ce-95e3-4364-a152-19344539bfd4', '8f9356ce-95e3-4364-a152-19344539bfd4', '8f9356ce-95e3-4364-a152-19344539bfd4', '8f9356ce-95e3-4364-a152-19344539bfd4', '8f9356ce-95e3-4364-a152-19344539bfd4', '8f9356ce-95e3-4364-a152-19344539bfd4', '8f9356ce-95e3-4364-a152-19344539bfd4', '8f9356ce-95e3-4364-a152-19344539bfd4', '8f9356ce-95e3-4364-a152-19344539bfd4', '8f9356ce-95e3-4364-a152-19344539bfd4', '8f9356ce-95e3-4364-a152-19344539bfd4', '8f9356ce-95e3-4364-a152-19344539bfd4', '8f9356ce-95e3-4364-a152-19344539bfd4', '8f9356ce-95e3-4364-a152-19344539bfd4', '8f9356ce-95e3-4364-a152-19344539bfd4', '8f9356ce-95e3-4364-a152-19344539bfd4', '8f9356ce-95e3-4364-a152-19344539bfd4', '8f9356ce-95e3-4364-a152-19344539bfd4', '8f9356ce-95e3-4364-a152-19344539bfd4', '8f9356ce-95e3-4364-a152-19344539bfd4', '8f9356ce-95e3-4364-a152-19344539bfd4', '8f9356ce-95e3-4364-a152-19344539bfd4', '8f9356ce-95e3-4364-a152-19344539bfd4', 'b2db2060-6626-4a42-a8e4-5091eaba65b1', '3c3fe485-85f1-4976-888b-e500322eda8a', '84b251aa-1c49-478d-95d8-36f63efdc8fa', 'e1038a13-696a-4f4c-8cdc-c3cf241b4c36', 'ae45e2a1-c771-41a1-a9ef-c61df5140bce', '294a22c7-afd1-452f-8940-69217a972ecf', '4b614bab-e8bf-4cee-861b-f3d95d4c7810', 'b00a8293-94b4-4e50-831b-0ea61a7c3ceb', 'c4c4d2dd-92e2-4013-8b25-6e55abdcbb75', '7dd26341-f8a9-4c69-adc0-93204e9ccbac', 'ce9dbfa1-7269-4e56-aa85-0a64c327ca4d', '016d5f8e-b26c-48fd-b6a6-e86d597a3280', '707bde97-2e5c-4e63-a432-622cec2d31d6', '4f465ac3-24ca-496b-b789-be6427ecf2da', 'b259c124-e46f-4734-aca7-10e348bfc205', '0a401bcb-9351-4bc3-aa96-7d12125da218', 'a4b96abc-123c-4314-a662-b867b2f6ff08', '39a7b95f-32ab-4c1d-8e34-00c1aca11b06', '8bbafbd2-fd85-44d1-87ea-17ac0a933ded', 'c49e9a97-f042-46e8-adb5-56eba9194157', '3f62c71e-fa56-4d8a-a7f8-5a7f791d762f']"
fcd9d3c7-d914-4764-a572-4379951afa11,1,"['ac916f7e-fd4c-4214-bd58-54671f4788cf', 'ac916f7e-fd4c-4214-bd58-54671f4788cf', 'ac916f7e-fd4c-4214-bd58-54671f4788cf', 'ac916f7e-fd4c-4214-bd58-54671f4788cf', 'ac916f7e-fd4c-4214-bd58-54671f4788cf', 'ac916f7e-fd4c-4214-bd58-54671f4788cf', 'ac916f7e-fd4c-4214-bd58-54671f4788cf', 'ac916f7e-fd4c-4214-bd58-54671f4788cf', 'ac916f7e-fd4c-4214-bd58-54671f4788cf', 'ac916f7e-fd4c-4214-bd58-54671f4788cf', 'ac916f7e-fd4c-4214-bd58-54671f4788cf', 'ac916f7e-fd4c-4214-bd58-54671f4788cf', 'ac916f7e-fd4c-4214-bd58-54671f4788cf', 'ac916f7e-fd4c-4214-bd58-54671f4788cf', 'ac916f7e-fd4c-4214-bd58-54671f4788cf', 'ac916f7e-fd4c-4214-bd58-54671f4788cf', 'ac916f7e-fd4c-4214-bd58-54671f4788cf', 'ac916f7e-fd4c-4214-bd58-54671f4788cf', 'ac916f7e-fd4c-4214-bd58-54671f4788cf', 'ac916f7e-fd4c-4214-bd58-54671f4788cf', 'ac916f7e-fd4c-4214-bd58-54671f4788cf', 'ac916f7e-fd4c-4214-bd58-54671f4788cf', 'ac916f7e-fd4c-4214-bd58-54671f4788cf', 'ac916f7e-fd4c-4214-bd58-54671f4788cf', 'ac916f7e-fd4c-4214-bd58-54671f4788cf', 'ac916f7e-fd4c-4214-bd58-54671f4788cf', 'ac916f7e-fd4c-4214-bd58-54671f4788cf', 'ac916f7e-fd4c-4214-bd58-54671f4788cf', 'ac916f7e-fd4c-4214-bd58-54671f4788cf', 'ac916f7e-fd4c-4214-bd58-54671f4788cf', 'ac916f7e-fd4c-4214-bd58-54671f4788cf', 'ac916f7e-fd4c-4214-bd58-54671f4788cf', 'ac916f7e-fd4c-4214-bd58-54671f4788cf', 'ac916f7e-fd4c-4214-bd58-54671f4788cf', 'ac916f7e-fd4c-4214-bd58-54671f4788cf', 'ac916f7e-fd4c-4214-bd58-54671f4788cf', '8bbde995-57cd-41f8-92ac-ab7992886120', 'dd0e172b-1dbd-423d-a355-1e3b9a507cbd', '68f3ffa4-45d9-441f-a9e4-25ce618403ad', 'd4b4b959-3340-4748-b458-220661dfb950', 'c159ebcf-4120-4ec7-8649-d48ee96b1603', 'b1173ed2-fa06-4454-bef2-c137e010692c', '41147830-3e40-436e-b6a8-8dd2c5cb439f', '543fa0f9-db38-4b26-a8b7-42d6d770d548', '8d259e10-60e0-46a3-9469-4cd8167e9dc4', '178025a8-4a97-4543-b1de-7b066b89a939', '6eab7197-aa05-40d9-9c42-821bea20426a', '1d2755d7-8276-4242-8db9-047619df39a1', '7c0f4181-f15a-4520-b5ca-cef9b49da460', '468ef3b9-af41-4c84-aec1-0e9180679367']"
4fdaf3b1-8126-4244-9b7b-43537d7e9466,7,"['8f9356ce-95e3-4364-a152-19344539bfd4', '8f9356ce-95e3-4364-a152-19344539bfd4', '8f9356ce-95e3-4364-a152-19344539bfd4', '8f9356ce-95e3-4364-a152-19344539bfd4', '8f9356ce-95e3-4364-a152-19344539bfd4', '8f9356ce-95e3-4364-a152-19344539bfd4', '8f9356ce-95e3-4364-a152-19344539bfd4', '8f9356ce-95e3-4364-a152-19344539bfd4', '8f9356ce-95e3-4364-a152-19344539bfd4', '8f9356ce-95e3-4364-a152-19344539bfd4', '8f9356ce-95e3-4364-a152-19344539bfd4', '8f9356ce-95e3-4364-a152-19344539bfd4', '8f9356ce-95e3-4364-a152-19344539bfd4', '8f9356ce-95e3-4364-a152-19344539bfd4', '8f9356ce-95e3-4364-a152-19344539bfd4', '8f9356ce-95e3-4364-a152-19344539bfd4', '8f9356ce-95e3-4364-a152-19344539bfd4', '8f9356ce-95e3-4364-a152-19344539bfd4', '8f9356ce-95e3-4364-a152-19344539bfd4', '8f9356ce-95e3-4364-a152-19344539bfd4', '8f9356ce-95e3-4364-a152-19344539bfd4', '8f9356ce-95e3-4364-a152-19344539bfd4', 'b2db2060-6626-4a42-a8e4-5091eaba65b1', '3c3fe485-85f1-4976-888b-e500322eda8a', '84b251aa-1c49-478d-95d8-36f63efdc8fa', 'e1038a13-696a-4f4c-8cdc-c3cf241b4c36', 'ae45e2a1-c771-41a1-a9ef-c61df5140bce', '294a22c7-afd1-452f-8940-69217a972ecf', '4b614bab-e8bf-4cee-861b-f3d95d4c7810', 'c4c4d2dd-92e2-4013-8b25-6e55abdcbb75', '7dd26341-f8a9-4c69-adc0-93204e9ccbac', 'ce9dbfa1-7269-4e56-aa85-0a64c327ca4d', '707bde97-2e5c-4e63-a432-622cec2d31d6', '4f465ac3-24ca-496b-b789-be6427ecf2da', 'b259c124-e46f-4734-aca7-10e348bfc205', '0a401bcb-9351-4bc3-aa96-7d12125da218', 'a4b96abc-123c-4314-a662-b867b2f6ff08', '8bbafbd2-fd85-44d1-87ea-17ac0a933ded', 'c49e9a97-f042-46e8-adb5-56eba9194157', '3f62c71e-fa56-4d8a-a7f8-5a7f791d762f', 'e98e8122-d7ba-4fa5-90b5-dcd44a9e6732', 'b4e6da7c-7de7-4a94-9550-238cb3d56b58', '9332f61a-c27a-4d9e-9759-b36157d30111', '008595c4-1d29-494d-bd99-ecda10fbea94', 'c93165f4-67e6-4e20-995a-ef8bd8406d21', '51a82c72-548b-4a35-990a-a06e899b0d58', '57d1bebd-04d3-419e-8bef-b52cc5765237', '93b37ca4-7b3b-4776-916d-983a67bf2704', '0895f6b6-6b4c-462b-9de4-7d6551ce3473', '1fd2f854-e827-4efd-acb0-775b4e51a412']"
fcd9d3c7-d914-4764-a572-4379951afa11,2,"['68f3ffa4-45d9-441f-a9e4-25ce618403ad', '68f3ffa4-45d9-441f-a9e4-25ce618403ad', '68f3ffa4-45d9-441f-a9e4-25ce618403ad', '68f3ffa4-45d9-441f-a9e4-25ce618403ad', '68f3ffa4-45d9-441f-a9e4-25ce618403ad', '68f3ffa4-45d9-441f-a9e4-25ce618403ad', '68f3ffa4-45d9-441f-a9e4-25ce618403ad', '68f3ffa4-45d9-441f-a9e4-25ce618403ad', '68f3ffa4-45d9-441f-a9e4-25ce618403ad', '68f3ffa4-45d9-441f-a9e4-25ce618403ad', '68f3ffa4-45d9-441f-a9e4-25ce618403ad', '68f3ffa4-45d9-441f-a9e4-25ce618403ad', '68f3ffa4-45d9-441f-a9e4-25ce618403ad', '68f3ffa4-45d9-441f-a9e4-25ce618403ad', '68f3ffa4-45d9-441f-a9e4-25ce618403ad', '68f3ffa4-45d9-441f-a9e4-25ce618403ad', '68f3ffa4-45d9-441f-a9e4-25ce618403ad', '68f3ffa4-45d9-441f-a9e4-25ce618403ad', '68f3ffa4-45d9-441f-a9e4-25ce618403ad', '68f3ffa4-45d9-441f-a9e4-25ce618403ad', '68f3ffa4-45d9-441f-a9e4-25ce618403ad', '68f3ffa4-45d9-441f-a9e4-25ce618403ad', '68f3ffa4-45d9-441f-a9e4-25ce618403ad', '68f3ffa4-45d9-441f-a9e4-25ce618403ad', '68f3ffa4-45d9-441f-a9e4-25ce618403ad', '68f3ffa4-45d9-441f-a9e4-25ce618403ad', '68f3ffa4-45d9-441f-a9e4-25ce618403ad', '68f3ffa4-45d9-441f-a9e4-25ce618403ad', '41147830-3e40-436e-b6a8-8dd2c5cb439f', '8d259e10-60e0-46a3-9469-4cd8167e9dc4', '8d259e10-60e0-46a3-9469-4cd8167e9dc4', '8d259e10-60e0-46a3-9469-4cd8167e9dc4', '8d259e10-60e0-46a3-9469-4cd8167e9dc4', '8d259e10-60e0-46a3-9469-4cd8167e9dc4', '8d259e10-60e0-46a3-9469-4cd8167e9dc4', '8d259e10-60e0-46a3-9469-4cd8167e9dc4', '8d259e10-60e0-46a3-9469-4cd8167e9dc4', '8d259e10-60e0-46a3-9469-4cd8167e9dc4', '8d259e10-60e0-46a3-9469-4cd8167e9dc4', '8d259e10-60e0-46a3-9469-4cd8167e9dc4', '8d259e10-60e0-46a3-9469-4cd8167e9dc4', '8d259e10-60e0-46a3-9469-4cd8167e9dc4', '8d259e10-60e0-46a3-9469-4cd8167e9dc4', '0928aba4-1fb4-4d3d-81ce-3e7523aa4604', '457a8ec5-fcad-4f61-b986-4a66faccc015', 'e302c636-018d-45dc-8639-55611151a84d', '1fe6c443-8866-4657-ad52-8452e1eb6660', '7d990c5b-a954-4b45-b53a-64eb7145045a', '8fe5fd42-ffba-4c6a-ae9b-95f96dfdf65b', '9f9ad47d-b234-4b6d-99fc-4ba7945c96ae']"
4fdaf3b1-8126-4244-9b7b-43537d7e9466,8,"['8f9356ce-95e3-4364-a152-19344539bfd4', '8f9356ce-95e3-4364-a152-19344539bfd4', '8f9356ce-95e3-4364-a152-19344539bfd4', '8f9356ce-95e3-4364-a152-19344539bfd4', '8f9356ce-95e3-4364-a152-19344539bfd4', '8f9356ce-95e3-4364-a152-19344539bfd4', '8f9356ce-95e3-4364-a152-19344539bfd4', '8f9356ce-95e3-4364-a152-19344539bfd4', '8f9356ce-95e3-4364-a152-19344539bfd4', '8f9356ce-95e3-4364-a152-19344539bfd4', '8f9356ce-95e3-4364-a152-19344539bfd4', '8f9356ce-95e3-4364-a152-19344539bfd4', '8f9356ce-95e3-4364-a152-19344539bfd4', '8f9356ce-95e3-4364-a152-19344539bfd4', '8f9356ce-95e3-4364-a152-19344539bfd4', '8f9356ce-95e3-4364-a152-19344539bfd4', '8f9356ce-95e3-4364-a152-19344539bfd4', '8f9356ce-95e3-4364-a152-19344539bfd4', '8f9356ce-95e3-4364-a152-19344539bfd4', '8f9356ce-95e3-4364-a152-19344539bfd4', '8f9356ce-95e3-4364-a152-19344539bfd4', '8f9356ce-95e3-4364-a152-19344539bfd4', '8f9356ce-95e3-4364-a152-19344539bfd4', '8f9356ce-95e3-4364-a152-19344539bfd4', '8f9356ce-95e3-4364-a152-19344539bfd4', '8f9356ce-95e3-4364-a152-19344539bfd4', '8f9356ce-95e3-4364-a152-19344539bfd4', '8f9356ce-95e3-4364-a152-19344539bfd4', '8f9356ce-95e3-4364-a152-19344539bfd4', '8f9356ce-95e3-4364-a152-19344539bfd4', 'e1038a13-696a-4f4c-8cdc-c3cf241b4c36', 'e1038a13-696a-4f4c-8cdc-c3cf241b4c36', 'e1038a13-696a-4f4c-8cdc-c3cf241b4c36', 'e1038a13-696a-4f4c-8cdc-c3cf241b4c36', 'e1038a13-696a-4f4c-8cdc-c3cf241b4c36', 'e1038a13-696a-4f4c-8cdc-c3cf241b4c36', 'e1038a13-696a-4f4c-8cdc-c3cf241b4c36', '327c5e4e-4fa3-41b6-893a-1e4d48c1496e', '2ca624e7-4731-41e2-8991-1b3a5db4304f', 'f754136d-84a7-4a20-95a8-0d5df462f55a', '20c3c52c-de81-465d-8d47-802a3d9d5bdf', '6c867e51-e057-401d-b8e2-9a5de65bae50', '50764c50-727b-4911-9e85-a5e7eb296d52', '58d6b25f-dad0-4aac-9e92-639101dcf25c', 'fd39147e-9c05-41b7-9488-190b73d60df1', '975d7ea9-ded2-474b-b7cf-6d36cd24ea53', '96f4ce3a-15e2-42cd-9483-1bba22ba2710', '01148782-34ce-4431-8085-c3c1bb12680c', 'df519a8d-3958-4a65-9096-682d36558f5e', '738ee606-b2df-497a-89c4-f5a8f8c66a69']"
4fdaf3b1-8126-4244-9b7b-43537d7e9466,9,"['8f9356ce-95e3-4364-a152-19344539bfd4', '8f9356ce-95e3-4364-a152-19344539bfd4', '8f9356ce-95e3-4364-a152-19344539bfd4', '8f9356ce-95e3-4364-a152-19344539bfd4', '8f9356ce-95e3-4364-a152-19344539bfd4', '8f9356ce-95e3-4364-a152-19344539bfd4', '8f9356ce-95e3-4364-a152-19344539bfd4', '8f9356ce-95e3-4364-a152-19344539bfd4', '8f9356ce-95e3-4364-a152-19344539bfd4', '8f9356ce-95e3-4364-a152-19344539bfd4', '8f9356ce-95e3-4364-a152-19344539bfd4', '8f9356ce-95e3-4364-a152-19344539bfd4', '8f9356ce-95e3-4364-a152-19344539bfd4', '8f9356ce-95e3-4364-a152-19344539bfd4', '8f9356ce-95e3-4364-a152-19344539bfd4', '8f9356ce-95e3-4364-a152-19344539bfd4', '8f9356ce-95e3-4364-a152-19344539bfd4', '8f9356ce-95e3-4364-a152-19344539bfd4', '8f9356ce-95e3-4364-a152-19344539bfd4', '8f9356ce-95e3-4364-a152-19344539bfd4', '8f9356ce-95e3-4364-a152-19344539bfd4', '8f9356ce-95e3-4364-a152-19344539bfd4', '8f9356ce-95e3-4364-a152-19344539bfd4', '8f9356ce-95e3-4364-a152-19344539bfd4', '8f9356ce-95e3-4364-a152-19344539bfd4', '8f9356ce-95e3-4364-a152-19344539bfd4', '8f9356ce-95e3-4364-a152-19344539bfd4', '8f9356ce-95e3-4364-a152-19344539bfd4', 'e1038a13-696a-4f4c-8cdc-c3cf241b4c36', 'e1038a13-696a-4f4c-8cdc-c3cf241b4c36', 'e1038a13-696a-4f4c-8cdc-c3cf241b4c36', 'e1038a13-696a-4f4c-8cdc-c3cf241b4c36', 'e1038a13-696a-4f4c-8cdc-c3cf241b4c36', 'e1038a13-696a-4f4c-8cdc-c3cf241b4c36', 'e1038a13-696a-4f4c-8cdc-c3cf241b4c36', '327c5e4e-4fa3-41b6-893a-1e4d48c1496e', '2ca624e7-4731-41e2-8991-1b3a5db4304f', 'f754136d-84a7-4a20-95a8-0d5df462f55a', '20c3c52c-de81-465d-8d47-802a3d9d5bdf', '6c867e51-e057-401d-b8e2-9a5de65bae50', '50764c50-727b-4911-9e85-a5e7eb296d52', 'fd39147e-9c05-41b7-9488-190b73d60df1', '975d7ea9-ded2-474b-b7cf-6d36cd24ea53', '96f4ce3a-15e2-42cd-9483-1bba22ba2710', '01148782-34ce-4431-8085-c3c1bb12680c', 'df519a8d-3958-4a65-9096-682d36558f5e', '0a02867d-2fd3-4f2e-bd24-12b5ec8e84bc', 'fff85ac1-5e4e-4ebe-b150-8509353695f6', '498f3db3-69a0-4aaa-b53f-c8c3a467eb2c', '148958ac-4402-4c03-a4f0-803b5cbd5c91']"
fcd9d3c7-d914-4764-a572-4379951afa11,3,"['68f3ffa4-45d9-441f-a9e4-25ce618403ad', '68f3ffa4-45d9-441f-a9e4-25ce618403ad', '68f3ffa4-45d9-441f-a9e4-25ce618403ad', '68f3ffa4-45d9-441f-a9e4-25ce618403ad', '68f3ffa4-45d9-441f-a9e4-25ce618403ad', '68f3ffa4-45d9-441f-a9e4-25ce618403ad', '68f3ffa4-45d9-441f-a9e4-25ce618403ad', '68f3ffa4-45d9-441f-a9e4-25ce618403ad', '68f3ffa4-45d9-441f-a9e4-25ce618403ad', '68f3ffa4-45d9-441f-a9e4-25ce618403ad', '68f3ffa4-45d9-441f-a9e4-25ce618403ad', '68f3ffa4-45d9-441f-a9e4-25ce618403ad', '68f3ffa4-45d9-441f-a9e4-25ce618403ad', '68f3ffa4-45d9-441f-a9e4-25ce618403ad', '68f3ffa4-45d9-441f-a9e4-25ce618403ad', '68f3ffa4-45d9-441f-a9e4-25ce618403ad', '68f3ffa4-45d9-441f-a9e4-25ce618403ad', '68f3ffa4-45d9-441f-a9e4-25ce618403ad', '68f3ffa4-45d9-441f-a9e4-25ce618403ad', '68f3ffa4-45d9-441f-a9e4-25ce618403ad', '8d259e10-60e0-46a3-9469-4cd8167e9dc4', '8d259e10-60e0-46a3-9469-4cd8167e9dc4', '8d259e10-60e0-46a3-9469-4cd8167e9dc4', '8d259e10-60e0-46a3-9469-4cd8167e9dc4', '8d259e10-60e0-46a3-9469-4cd8167e9dc4', '8d259e10-60e0-46a3-9469-4cd8167e9dc4', '8d259e10-60e0-46a3-9469-4cd8167e9dc4', '8d259e10-60e0-46a3-9469-4cd8167e9dc4', '8d259e10-60e0-46a3-9469-4cd8167e9dc4', '8d259e10-60e0-46a3-9469-4cd8167e9dc4', '0928aba4-1fb4-4d3d-81ce-3e7523aa4604', '457a8ec5-fcad-4f61-b986-4a66faccc015', '9f9ad47d-b234-4b6d-99fc-4ba7945c96ae', '0dc79ffd-b798-4776-816e-dff6c7c733b1', '6f2b5976-2006-48b0-8196-58b9e8f7bfd2', '5760a602-8794-4fed-8d8b-f51571ff5225', '84fee02e-cc8b-47b7-811e-035867a6d5ae', '469cf926-ed6e-45be-9f38-9999ed2c9ba4', 'dfba00c8-24fb-4d46-9081-dc6011492d3a', '972084da-b0dc-45f4-a8e2-1bf820651f99', 'd62e1071-fa9d-4a8a-8691-b9f74e03201e', '78081e86-ed72-425e-912c-d6c3b4740364', '1af559c3-7c54-46f7-acd1-88a07062f6c3', '23c11e65-8deb-4e84-9796-0b62caa42c37', 'b797d5b0-cb6c-4491-bc2f-8e0c04a49b61', '7747c8d0-9207-47aa-a228-68766e9551fe', '9b0a9d8c-9a14-44c1-9e5d-27b726ff8578', 'f088ba1b-b54a-4b69-9a71-732eb2888345', 'f40575a4-8344-4e54-86e0-09655dd5ab45', '8f91cd0a-90a1-4c70-9efb-75af834ebe2f']"
4fdaf3b1-8126-4244-9b7b-43537d7e9466,10,"['8f9356ce-95e3-4364-a152-19344539bfd4', '8f9356ce-95e3-4364-a152-19344539bfd4', '8f9356ce-95e3-4364-a152-19344539bfd4', '8f9356ce-95e3-4364-a152-19344539bfd4', '8f9356ce-95e3-4364-a152-19344539bfd4', '8f9356ce-95e3-4364-a152-19344539bfd4', '8f9356ce-95e3-4364-a152-19344539bfd4', '8f9356ce-95e3-4364-a152-19344539bfd4', '8f9356ce-95e3-4364-a152-19344539bfd4', '8f9356ce-95e3-4364-a152-19344539bfd4', '8f9356ce-95e3-4364-a152-19344539bfd4', '8f9356ce-95e3-4364-a152-19344539bfd4', '8f9356ce-95e3-4364-a152-19344539bfd4', '8f9356ce-95e3-4364-a152-19344539bfd4', '8f9356ce-95e3-4364-a152-19344539bfd4', '8f9356ce-95e3-4364-a152-19344539bfd4', '8f9356ce-95e3-4364-a152-19344539bfd4', '8f9356ce-95e3-4364-a152-19344539bfd4', '8f9356ce-95e3-4364-a152-19344539bfd4', '8f9356ce-95e3-4364-a152-19344539bfd4', '8f9356ce-95e3-4364-a152-19344539bfd4', '8f9356ce-95e3-4364-a152-19344539bfd4', '8f9356ce-95e3-4364-a152-19344539bfd4', 'e1038a13-696a-4f4c-8cdc-c3cf241b4c36', 'e1038a13-696a-4f4c-8cdc-c3cf241b4c36', 'e1038a13-696a-4f4c-8cdc-c3cf241b4c36', 'e1038a13-696a-4f4c-8cdc-c3cf241b4c36', 'e1038a13-696a-4f4c-8cdc-c3cf241b4c36', 'e1038a13-696a-4f4c-8cdc-c3cf241b4c36', 'e1038a13-696a-4f4c-8cdc-c3cf241b4c36', 'e1038a13-696a-4f4c-8cdc-c3cf241b4c36', 'e1038a13-696a-4f4c-8cdc-c3cf241b4c36', 'e1038a13-696a-4f4c-8cdc-c3cf241b4c36', 'e1038a13-696a-4f4c-8cdc-c3cf241b4c36', 'e1038a13-696a-4f4c-8cdc-c3cf241b4c36', 'e1038a13-696a-4f4c-8cdc-c3cf241b4c36', 'e1038a13-696a-4f4c-8cdc-c3cf241b4c36', 'e1038a13-696a-4f4c-8cdc-c3cf241b4c36', 'e1038a13-696a-4f4c-8cdc-c3cf241b4c36', 'e1038a13-696a-4f4c-8cdc-c3cf241b4c36', 'e1038a13-696a-4f4c-8cdc-c3cf241b4c36', '9445b690-39af-45d5-98be-289f4849808f', '9716cf3e-7ac1-4e56-b29f-02d7e05404eb', '7f8d9971-8a0f-4a53-8627-1709d0f98cb8', 'd0c1045a-a4f4-4be2-ae2f-9ae6d18bedce', 'c015aa48-3a69-44ef-a0e5-70f028500826', '2a5ac782-83ef-483f-b5ee-09d990fbe2d5', '00216cda-d119-4bfe-afd8-b976008c5f5e', 'dadf7ac7-c41c-4aae-a394-b055487917a2', '4556a517-fe47-4f6e-a908-f089dd73f641']"
fcd9d3c7-d914-4764-a572-4379951afa11,4,"['d62e1071-fa9d-4a8a-8691-b9f74e03201e', 'd62e1071-fa9d-4a8a-8691-b9f74e03201e', 'd62e1071-fa9d-4a8a-8691-b9f74e03201e', 'd62e1071-fa9d-4a8a-8691-b9f74e03201e', 'd62e1071-fa9d-4a8a-8691-b9f74e03201e', 'd62e1071-fa9d-4a8a-8691-b9f74e03201e', 'd62e1071-fa9d-4a8a-8691-b9f74e03201e', 'd62e1071-fa9d-4a8a-8691-b9f74e03201e', 'd62e1071-fa9d-4a8a-8691-b9f74e03201e', 'd62e1071-fa9d-4a8a-8691-b9f74e03201e', 'd62e1071-fa9d-4a8a-8691-b9f74e03201e', 'd62e1071-fa9d-4a8a-8691-b9f74e03201e', 'd62e1071-fa9d-4a8a-8691-b9f74e03201e', 'd62e1071-fa9d-4a8a-8691-b9f74e03201e', 'd62e1071-fa9d-4a8a-8691-b9f74e03201e', 'd62e1071-fa9d-4a8a-8691-b9f74e03201e', 'd62e1071-fa9d-4a8a-8691-b9f74e03201e', 'd62e1071-fa9d-4a8a-8691-b9f74e03201e', 'd62e1071-fa9d-4a8a-8691-b9f74e03201e', 'd62e1071-fa9d-4a8a-8691-b9f74e03201e', 'd62e1071-fa9d-4a8a-8691-b9f74e03201e', 'd62e1071-fa9d-4a8a-8691-b9f74e03201e', 'd62e1071-fa9d-4a8a-8691-b9f74e03201e', 'd62e1071-fa9d-4a8a-8691-b9f74e03201e', 'd62e1071-fa9d-4a8a-8691-b9f74e03201e', 'd62e1071-fa9d-4a8a-8691-b9f74e03201e', 'd62e1071-fa9d-4a8a-8691-b9f74e03201e', 'd62e1071-fa9d-4a8a-8691-b9f74e03201e', 'd62e1071-fa9d-4a8a-8691-b9f74e03201e', 'd62e1071-fa9d-4a8a-8691-b9f74e03201e', 'd62e1071-fa9d-4a8a-8691-b9f74e03201e', 'd62e1071-fa9d-4a8a-8691-b9f74e03201e', 'd62e1071-fa9d-4a8a-8691-b9f74e03201e', 'd62e1071-fa9d-4a8a-8691-b9f74e03201e', 'd62e1071-fa9d-4a8a-8691-b9f74e03201e', 'd62e1071-fa9d-4a8a-8691-b9f74e03201e', 'd62e1071-fa9d-4a8a-8691-b9f74e03201e', 'd62e1071-fa9d-4a8a-8691-b9f74e03201e', 'd62e1071-fa9d-4a8a-8691-b9f74e03201e', 'd62e1071-fa9d-4a8a-8691-b9f74e03201e', 'd62e1071-fa9d-4a8a-8691-b9f74e03201e', '7760a9e7-537e-4f1b-85a6-3915ef4719b9', 'be1d0d89-484b-493e-a42e-5db1d3fddb6e', 'aa3adb5f-6f09-4568-a08f-cd650ca3cabb', '9aabc716-7688-457b-a90b-45e00617d240', '2f7cc520-5bb8-4480-b54d-638db55038a2', 'a81876c9-2acb-41c7-8427-6cd9db588b63', '5b5220f6-466f-4c6d-b14d-62bbb03eaa9d', 'd0c4ac70-c991-4d88-9531-24437f5f777e', '2aadd1da-1c4b-4412-9782-63db491cb0af']"
4fdaf3b1-8126-4244-9b7b-43537d7e9466,11,"['8f9356ce-95e3-4364-a152-19344539bfd4', '8f9356ce-95e3-4364-a152-19344539bfd4', '8f9356ce-95e3-4364-a152-19344539bfd4', '8f9356ce-95e3-4364-a152-19344539bfd4', '8f9356ce-95e3-4364-a152-19344539bfd4', '8f9356ce-95e3-4364-a152-19344539bfd4', '8f9356ce-95e3-4364-a152-19344539bfd4', '8f9356ce-95e3-4364-a152-19344539bfd4', '8f9356ce-95e3-4364-a152-19344539bfd4', '8f9356ce-95e3-4364-a152-19344539bfd4', '8f9356ce-95e3-4364-a152-19344539bfd4', '8f9356ce-95e3-4364-a152-19344539bfd4', '8f9356ce-95e3-4364-a152-19344539bfd4', '8f9356ce-95e3-4364-a152-19344539bfd4', '8f9356ce-95e3-4364-a152-19344539bfd4', '8f9356ce-95e3-4364-a152-19344539bfd4', 'e1038a13-696a-4f4c-8cdc-c3cf241b4c36', 'e1038a13-696a-4f4c-8cdc-c3cf241b4c36', 'e1038a13-696a-4f4c-8cdc-c3cf241b4c36', 'e1038a13-696a-4f4c-8cdc-c3cf241b4c36', 'e1038a13-696a-4f4c-8cdc-c3cf241b4c36', 'e1038a13-696a-4f4c-8cdc-c3cf241b4c36', 'e1038a13-696a-4f4c-8cdc-c3cf241b4c36', 'e1038a13-696a-4f4c-8cdc-c3cf241b4c36', 'e1038a13-696a-4f4c-8cdc-c3cf241b4c36', 'e1038a13-696a-4f4c-8cdc-c3cf241b4c36', 'e1038a13-696a-4f4c-8cdc-c3cf241b4c36', 'e1038a13-696a-4f4c-8cdc-c3cf241b4c36', 'e1038a13-696a-4f4c-8cdc-c3cf241b4c36', 'e1038a13-696a-4f4c-8cdc-c3cf241b4c36', 'e1038a13-696a-4f4c-8cdc-c3cf241b4c36', 'e1038a13-696a-4f4c-8cdc-c3cf241b4c36', '9445b690-39af-45d5-98be-289f4849808f', '7f8d9971-8a0f-4a53-8627-1709d0f98cb8', 'd0c1045a-a4f4-4be2-ae2f-9ae6d18bedce', '00216cda-d119-4bfe-afd8-b976008c5f5e', '4556a517-fe47-4f6e-a908-f089dd73f641', '194db88f-cc54-433e-9efa-60c542171991', '5ef69ef5-79a8-40a9-94df-5bb518e4c59a', '2bb1ed26-ca16-4338-9e58-db4a6e823d0d', '403bac85-31e1-4844-8a6c-52d470e32084', '175a3d61-97de-4e1f-931e-094de5e14588', '8dc23d2d-f311-4619-9b43-f907c3fde7de', '4c72c996-a3dd-48f7-8c79-c14aeacc13a8', '309f4a26-311d-4f5a-accd-17cabeb64ca9', '84e1e70d-4881-4024-b435-0d689e91294d', 'b402a4d5-2a5f-49ca-a642-593ba4aebf57', '604bb527-93c3-49f0-b7f4-668a2222c933', '971e9360-c454-4998-8b75-0af8cd9c69d8', '325d6469-38a3-4fb7-8d2e-84ff4beec2e1']"
fcd9d3c7-d914-4764-a572-4379951afa11,5,"['d62e1071-fa9d-4a8a-8691-b9f74e03201e', 'd62e1071-fa9d-4a8a-8691-b9f74e03201e', 'd62e1071-fa9d-4a8a-8691-b9f74e03201e', 'd62e1071-fa9d-4a8a-8691-b9f74e03201e', 'd62e1071-fa9d-4a8a-8691-b9f74e03201e', 'd62e1071-fa9d-4a8a-8691-b9f74e03201e', 'd62e1071-fa9d-4a8a-8691-b9f74e03201e', 'd62e1071-fa9d-4a8a-8691-b9f74e03201e', 'd62e1071-fa9d-4a8a-8691-b9f74e03201e', 'd62e1071-fa9d-4a8a-8691-b9f74e03201e', 'd62e1071-fa9d-4a8a-8691-b9f74e03201e', 'd62e1071-fa9d-4a8a-8691-b9f74e03201e', 'd62e1071-fa9d-4a8a-8691-b9f74e03201e', 'd62e1071-fa9d-4a8a-8691-b9f74e03201e', 'd62e1071-fa9d-4a8a-8691-b9f74e03201e', 'd62e1071-fa9d-4a8a-8691-b9f74e03201e', 'd62e1071-fa9d-4a8a-8691-b9f74e03201e', 'd62e1071-fa9d-4a8a-8691-b9f74e03201e', 'd62e1071-fa9d-4a8a-8691-b9f74e03201e', 'd62e1071-fa9d-4a8a-8691-b9f74e03201e', 'd62e1071-fa9d-4a8a-8691-b9f74e03201e', 'd62e1071-fa9d-4a8a-8691-b9f74e03201e', 'd62e1071-fa9d-4a8a-8691-b9f74e03201e', 'd62e1071-fa9d-4a8a-8691-b9f74e03201e', 'd62e1071-fa9d-4a8a-8691-b9f74e03201e', 'd62e1071-fa9d-4a8a-8691-b9f74e03201e', 'd62e1071-fa9d-4a8a-8691-b9f74e03201e', 'd62e1071-fa9d-4a8a-8691-b9f74e03201e', 'd62e1071-fa9d-4a8a-8691-b9f74e03201e', 'd62e1071-fa9d-4a8a-8691-b9f74e03201e', 'd62e1071-fa9d-4a8a-8691-b9f74e03201e', 'd62e1071-fa9d-4a8a-8691-b9f74e03201e', 'd62e1071-fa9d-4a8a-8691-b9f74e03201e', 'd62e1071-fa9d-4a8a-8691-b9f74e03201e', '7760a9e7-537e-4f1b-85a6-3915ef4719b9', 'be1d0d89-484b-493e-a42e-5db1d3fddb6e', '9aabc716-7688-457b-a90b-45e00617d240', '2f7cc520-5bb8-4480-b54d-638db55038a2', 'a81876c9-2acb-41c7-8427-6cd9db588b63', '5b5220f6-466f-4c6d-b14d-62bbb03eaa9d', '2aadd1da-1c4b-4412-9782-63db491cb0af', '87e8aeb2-76ae-4de4-856b-3f00f7522fa6', '880fb40c-ae65-4730-ae29-807b923f8ce0', '15ea29a1-25e4-41b1-8334-aa7b131c88e1', '9cc18bf0-0322-4f2c-9907-edc5fa291f4a', '45944bf9-9f38-4058-a027-7d36866e979f', 'ff5c78cf-a8a5-4085-a6e5-ae9bc208c662', '80173f48-a565-4c70-a85c-63de9e9614e7', '4970dff7-13ff-476e-881f-168758d330d3', 'c7959029-16e7-474b-abd4-0836bd4d5e5a']"
4fdaf3b1-8126-4244-9b7b-43537d7e9466,12,"['8f9356ce-95e3-4364-a152-19344539bfd4', '8f9356ce-95e3-4364-a152-19344539bfd4', '8f9356ce-95e3-4364-a152-19344539bfd4', '8f9356ce-95e3-4364-a152-19344539bfd4', '8f9356ce-95e3-4364-a152-19344539bfd4', '8f9356ce-95e3-4364-a152-19344539bfd4', '8f9356ce-95e3-4364-a152-19344539bfd4', '8f9356ce-95e3-4364-a152-19344539bfd4', '8f9356ce-95e3-4364-a152-19344539bfd4', 'e1038a13-696a-4f4c-8cdc-c3cf241b4c36', 'e1038a13-696a-4f4c-8cdc-c3cf241b4c36', 'e1038a13-696a-4f4c-8cdc-c3cf241b4c36', 'e1038a13-696a-4f4c-8cdc-c3cf241b4c36', 'e1038a13-696a-4f4c-8cdc-c3cf241b4c36', 'e1038a13-696a-4f4c-8cdc-c3cf241b4c36', 'e1038a13-696a-4f4c-8cdc-c3cf241b4c36', 'e1038a13-696a-4f4c-8cdc-c3cf241b4c36', 'e1038a13-696a-4f4c-8cdc-c3cf241b4c36', 'e1038a13-696a-4f4c-8cdc-c3cf241b4c36', 'e1038a13-696a-4f4c-8cdc-c3cf241b4c36', 'e1038a13-696a-4f4c-8cdc-c3cf241b4c36', 'e1038a13-696a-4f4c-8cdc-c3cf241b4c36', 'e1038a13-696a-4f4c-8cdc-c3cf241b4c36', 'e1038a13-696a-4f4c-8cdc-c3cf241b4c36', 'e1038a13-696a-4f4c-8cdc-c3cf241b4c36', 'e1038a13-696a-4f4c-8cdc-c3cf241b4c36', 'e1038a13-696a-4f4c-8cdc-c3cf241b4c36', 'e1038a13-696a-4f4c-8cdc-c3cf241b4c36', 'e1038a13-696a-4f4c-8cdc-c3cf241b4c36', 'e1038a13-696a-4f4c-8cdc-c3cf241b4c36', 'e1038a13-696a-4f4c-8cdc-c3cf241b4c36', 'e1038a13-696a-4f4c-8cdc-c3cf241b4c36', 'e1038a13-696a-4f4c-8cdc-c3cf241b4c36', 'e1038a13-696a-4f4c-8cdc-c3cf241b4c36', 'e1038a13-696a-4f4c-8cdc-c3cf241b4c36', 'e1038a13-696a-4f4c-8cdc-c3cf241b4c36', 'e1038a13-696a-4f4c-8cdc-c3cf241b4c36', 'e1038a13-696a-4f4c-8cdc-c3cf241b4c36', 'e1038a13-696a-4f4c-8cdc-c3cf241b4c36', 'e1038a13-696a-4f4c-8cdc-c3cf241b4c36', 'e1038a13-696a-4f4c-8cdc-c3cf241b4c36', 'e1038a13-696a-4f4c-8cdc-c3cf241b4c36', 'e1038a13-696a-4f4c-8cdc-c3cf241b4c36', '9f74d1a1-e93e-47cf-b0f1-076c4f4e5494', 'a9896b84-d916-41d4-b272-a9445fc21edd', '96ce4c46-6df1-4c87-9880-ae4d4f6269b8', '81478410-6c25-4eb5-b87a-a64e49dd7888', '8349a59c-925e-4871-9130-2fb13992c306', '64525b69-521b-48c1-97d3-c3fef6244abe', '27258c93-2ab0-4f4c-a74b-a99d5212f344']"
fcd9d3c7-d914-4764-a572-4379951afa11,6,"['d62e1071-fa9d-4a8a-8691-b9f74e03201e', 'd62e1071-fa9d-4a8a-8691-b9f74e03201e', 'd62e1071-fa9d-4a8a-8691-b9f74e03201e', 'd62e1071-fa9d-4a8a-8691-b9f74e03201e', 'd62e1071-fa9d-4a8a-8691-b9f74e03201e', 'd62e1071-fa9d-4a8a-8691-b9f74e03201e', 'd62e1071-fa9d-4a8a-8691-b9f74e03201e', 'd62e1071-fa9d-4a8a-8691-b9f74e03201e', 'd62e1071-fa9d-4a8a-8691-b9f74e03201e', 'd62e1071-fa9d-4a8a-8691-b9f74e03201e', 'd62e1071-fa9d-4a8a-8691-b9f74e03201e', 'd62e1071-fa9d-4a8a-8691-b9f74e03201e', 'd62e1071-fa9d-4a8a-8691-b9f74e03201e', 'd62e1071-fa9d-4a8a-8691-b9f74e03201e', 'd62e1071-fa9d-4a8a-8691-b9f74e03201e', 'd62e1071-fa9d-4a8a-8691-b9f74e03201e', 'd62e1071-fa9d-4a8a-8691-b9f74e03201e', 'd62e1071-fa9d-4a8a-8691-b9f74e03201e', 'd62e1071-fa9d-4a8a-8691-b9f74e03201e', 'd62e1071-fa9d-4a8a-8691-b9f74e03201e', 'd62e1071-fa9d-4a8a-8691-b9f74e03201e', 'd62e1071-fa9d-4a8a-8691-b9f74e03201e', 'd62e1071-fa9d-4a8a-8691-b9f74e03201e', 'd62e1071-fa9d-4a8a-8691-b9f74e03201e', 'd62e1071-fa9d-4a8a-8691-b9f74e03201e', 'd62e1071-fa9d-4a8a-8691-b9f74e03201e', 'd62e1071-fa9d-4a8a-8691-b9f74e03201e', 'd62e1071-fa9d-4a8a-8691-b9f74e03201e', 'd62e1071-fa9d-4a8a-8691-b9f74e03201e', 'd62e1071-fa9d-4a8a-8691-b9f74e03201e', 'd62e1071-fa9d-4a8a-8691-b9f74e03201e', '7760a9e7-537e-4f1b-85a6-3915ef4719b9', 'be1d0d89-484b-493e-a42e-5db1d3fddb6e', '2f7cc520-5bb8-4480-b54d-638db55038a2', 'a81876c9-2acb-41c7-8427-6cd9db588b63', '5b5220f6-466f-4c6d-b14d-62bbb03eaa9d', '87e8aeb2-76ae-4de4-856b-3f00f7522fa6', '880fb40c-ae65-4730-ae29-807b923f8ce0', '9cc18bf0-0322-4f2c-9907-edc5fa291f4a', 'ff5c78cf-a8a5-4085-a6e5-ae9bc208c662', '4970dff7-13ff-476e-881f-168758d330d3', '4c4562d1-d92b-40d2-a056-43b627bf603e', '9dd868ba-d3fd-47f2-85da-fe913bf23fc3', 'd93231b1-b16a-400e-84d1-c91def048b35', '078d05a9-6d0e-4241-b242-67a68e0b37e1', 'bf9ca02f-3e51-40a1-acc9-02833acc250c', '4215d504-646c-4f7a-aa99-d14b8ef9bdd6', '9ecd1b99-db88-424a-95e8-4ffcfe384abc', '85ce6bc0-cba1-4668-b931-baa3649c019e', '50f8f0e4-bb7f-4acc-8ece-2de73ae375bb']"
4fdaf3b1-8126-4244-9b7b-43537d7e9466,13,"['8f9356ce-95e3-4364-a152-19344539bfd4', '8f9356ce-95e3-4364-a152-19344539bfd4', '8f9356ce-95e3-4364-a152-19344539bfd4', '8f9356ce-95e3-4364-a152-19344539bfd4', '8f9356ce-95e3-4364-a152-19344539bfd4', '8f9356ce-95e3-4364-a152-19344539bfd4', 'e1038a13-696a-4f4c-8cdc-c3cf241b4c36', 'e1038a13-696a-4f4c-8cdc-c3cf241b4c36', 'e1038a13-696a-4f4c-8cdc-c3cf241b4c36', 'e1038a13-696a-4f4c-8cdc-c3cf241b4c36', 'e1038a13-696a-4f4c-8cdc-c3cf241b4c36', 'e1038a13-696a-4f4c-8cdc-c3cf241b4c36', 'e1038a13-696a-4f4c-8cdc-c3cf241b4c36', 'e1038a13-696a-4f4c-8cdc-c3cf241b4c36', 'e1038a13-696a-4f4c-8cdc-c3cf241b4c36', 'e1038a13-696a-4f4c-8cdc-c3cf241b4c36', 'e1038a13-696a-4f4c-8cdc-c3cf241b4c36', 'e1038a13-696a-4f4c-8cdc-c3cf241b4c36', 'e1038a13-696a-4f4c-8cdc-c3cf241b4c36', 'e1038a13-696a-4f4c-8cdc-c3cf241b4c36', 'e1038a13-696a-4f4c-8cdc-c3cf241b4c36', 'e1038a13-696a-4f4c-8cdc-c3cf241b4c36', 'e1038a13-696a-4f4c-8cdc-c3cf241b4c36', 'e1038a13-696a-4f4c-8cdc-c3cf241b4c36', 'e1038a13-696a-4f4c-8cdc-c3cf241b4c36', 'e1038a13-696a-4f4c-8cdc-c3cf241b4c36', 'e1038a13-696a-4f4c-8cdc-c3cf241b4c36', 'e1038a13-696a-4f4c-8cdc-c3cf241b4c36', 'e1038a13-696a-4f4c-8cdc-c3cf241b4c36', 'e1038a13-696a-4f4c-8cdc-c3cf241b4c36', 'e1038a13-696a-4f4c-8cdc-c3cf241b4c36', 'e1038a13-696a-4f4c-8cdc-c3cf241b4c36', 'e1038a13-696a-4f4c-8cdc-c3cf241b4c36', 'e1038a13-696a-4f4c-8cdc-c3cf241b4c36', '9f74d1a1-e93e-47cf-b0f1-076c4f4e5494', 'a9896b84-d916-41d4-b272-a9445fc21edd', '96ce4c46-6df1-4c87-9880-ae4d4f6269b8', '81478410-6c25-4eb5-b87a-a64e49dd7888', '8349a59c-925e-4871-9130-2fb13992c306', '64525b69-521b-48c1-97d3-c3fef6244abe', '0b783d5c-c271-4873-8e47-7cc64828fbff', 'afd9e7f6-1e4b-48fd-b231-acd1309b5e87', '9c8de4b1-b125-4ab1-93b6-c4d4e2b8330a', '2f18bed5-b5ed-4af6-abfc-f9e6f5c60572', 'd9c6f065-9109-4ccf-959f-a31d00a188e7', '5a2d72a7-878e-4185-82a8-693fb436b3aa', '01a45f09-02ec-45e5-a6a4-20028baf2a60', 'c4cc225a-de77-4b66-a452-c4caae1a4dc2', '0af104de-45ff-4d93-9112-acffbe96ae4b', 'f85ce8fc-7bb4-499c-ad0a-106403bded5c']"
4fdaf3b1-8126-4244-9b7b-43537d7e9466,14,"['8f9356ce-95e3-4364-a152-19344539bfd4', '8f9356ce-95e3-4364-a152-19344539bfd4', '8f9356ce-95e3-4364-a152-19344539bfd4', '8f9356ce-95e3-4364-a152-19344539bfd4', '8f9356ce-95e3-4364-a152-19344539bfd4', 'e1038a13-696a-4f4c-8cdc-c3cf241b4c36', 'e1038a13-696a-4f4c-8cdc-c3cf241b4c36', 'e1038a13-696a-4f4c-8cdc-c3cf241b4c36', 'e1038a13-696a-4f4c-8cdc-c3cf241b4c36', 'e1038a13-696a-4f4c-8cdc-c3cf241b4c36', 'e1038a13-696a-4f4c-8cdc-c3cf241b4c36', 'e1038a13-696a-4f4c-8cdc-c3cf241b4c36', 'e1038a13-696a-4f4c-8cdc-c3cf241b4c36', 'e1038a13-696a-4f4c-8cdc-c3cf241b4c36', 'e1038a13-696a-4f4c-8cdc-c3cf241b4c36', 'e1038a13-696a-4f4c-8cdc-c3cf241b4c36', 'e1038a13-696a-4f4c-8cdc-c3cf241b4c36', 'e1038a13-696a-4f4c-8cdc-c3cf241b4c36', 'e1038a13-696a-4f4c-8cdc-c3cf241b4c36', 'e1038a13-696a-4f4c-8cdc-c3cf241b4c36', 'e1038a13-696a-4f4c-8cdc-c3cf241b4c36', 'e1038a13-696a-4f4c-8cdc-c3cf241b4c36', 'e1038a13-696a-4f4c-8cdc-c3cf241b4c36', 'e1038a13-696a-4f4c-8cdc-c3cf241b4c36', 'e1038a13-696a-4f4c-8cdc-c3cf241b4c36', 'e1038a13-696a-4f4c-8cdc-c3cf241b4c36', '9f74d1a1-e93e-47cf-b0f1-076c4f4e5494', '8349a59c-925e-4871-9130-2fb13992c306', '64525b69-521b-48c1-97d3-c3fef6244abe', '0b783d5c-c271-4873-8e47-7cc64828fbff', 'afd9e7f6-1e4b-48fd-b231-acd1309b5e87', '9c8de4b1-b125-4ab1-93b6-c4d4e2b8330a', '2f18bed5-b5ed-4af6-abfc-f9e6f5c60572', 'd9c6f065-9109-4ccf-959f-a31d00a188e7', '5a2d72a7-878e-4185-82a8-693fb436b3aa', '01a45f09-02ec-45e5-a6a4-20028baf2a60', 'c4cc225a-de77-4b66-a452-c4caae1a4dc2', '0af104de-45ff-4d93-9112-acffbe96ae4b', 'f85ce8fc-7bb4-499c-ad0a-106403bded5c', 'ef809408-d219-4590-8861-009d44ebd8ba', '1a4cc303-c270-4082-9bcd-4f30b4b1ac39', '62cfc647-350e-4898-b914-73f451ff4f63', 'a0604394-1002-4446-b07f-95e329f2da2d', '98d71a66-8df6-4051-8e58-6b46c8ff3736', 'd2ce8d2f-6ffe-444b-b3e7-42387fc5b1e5', '0c41757e-5bf8-43f4-b63f-d5df665de8a5', 'e0712e33-3a7b-4086-9244-59645e0d4ad6', 'be9ba7c1-39b1-46c3-a08d-9f420c83e7d9', '3af570c6-e058-4b74-8325-6f26d51b62b7', '9d68667d-8e41-4951-90d1-85185369fa8d']"
fcd9d3c7-d914-4764-a572-4379951afa11,7,"['d62e1071-fa9d-4a8a-8691-b9f74e03201e', 'd62e1071-fa9d-4a8a-8691-b9f74e03201e', 'd62e1071-fa9d-4a8a-8691-b9f74e03201e', 'd62e1071-fa9d-4a8a-8691-b9f74e03201e', 'd62e1071-fa9d-4a8a-8691-b9f74e03201e', 'd62e1071-fa9d-4a8a-8691-b9f74e03201e', 'd62e1071-fa9d-4a8a-8691-b9f74e03201e', 'd62e1071-fa9d-4a8a-8691-b9f74e03201e', 'd62e1071-fa9d-4a8a-8691-b9f74e03201e', 'd62e1071-fa9d-4a8a-8691-b9f74e03201e', 'd62e1071-fa9d-4a8a-8691-b9f74e03201e', 'd62e1071-fa9d-4a8a-8691-b9f74e03201e', 'd62e1071-fa9d-4a8a-8691-b9f74e03201e', 'd62e1071-fa9d-4a8a-8691-b9f74e03201e', 'd62e1071-fa9d-4a8a-8691-b9f74e03201e', 'd62e1071-fa9d-4a8a-8691-b9f74e03201e', 'd62e1071-fa9d-4a8a-8691-b9f74e03201e', 'd62e1071-fa9d-4a8a-8691-b9f74e03201e', 'd62e1071-fa9d-4a8a-8691-b9f74e03201e', 'd62e1071-fa9d-4a8a-8691-b9f74e03201e', 'd62e1071-fa9d-4a8a-8691-b9f74e03201e', 'd62e1071-fa9d-4a8a-8691-b9f74e03201e', 'd62e1071-fa9d-4a8a-8691-b9f74e03201e', 'd62e1071-fa9d-4a8a-8691-b9f74e03201e', '7760a9e7-537e-4f1b-85a6-3915ef4719b9', 'a81876c9-2acb-41c7-8427-6cd9db588b63', '5b5220f6-466f-4c6d-b14d-62bbb03eaa9d', '880fb40c-ae65-4730-ae29-807b923f8ce0', '9cc18bf0-0322-4f2c-9907-edc5fa291f4a', '4970dff7-13ff-476e-881f-168758d330d3', '4c4562d1-d92b-40d2-a056-43b627bf603e', '9dd868ba-d3fd-47f2-85da-fe913bf23fc3', 'd93231b1-b16a-400e-84d1-c91def048b35', 'bf9ca02f-3e51-40a1-acc9-02833acc250c', '4215d504-646c-4f7a-aa99-d14b8ef9bdd6', '9ecd1b99-db88-424a-95e8-4ffcfe384abc', '85ce6bc0-cba1-4668-b931-baa3649c019e', '50f8f0e4-bb7f-4acc-8ece-2de73ae375bb', '0020a8b2-441e-44a6-9796-1686d2e5039b', '460412e3-d775-4a86-b4c3-70360d9a31df', '3e055555-6230-424a-834d-eb2d91f9603a', 'ea6a7877-1bcb-4dd2-ae97-475c5964bfb9', 'ca319e0e-a90b-4eb0-b5a4-5ad06b0b2f07', '466dcdd0-5ca3-4db6-a689-420975250a6a', '445ba9a3-4745-4ba5-ac77-89dc6be2f9b0', '5adb2732-8722-47d0-8b10-01b7ef045db6', '44ff1209-7206-45cd-b373-3138be00c381', '322557cb-eefd-4937-8c9c-9d4fede028f5', 'dda15694-e889-46c2-af68-b4e2ed3a9235', 'e5787e9f-36b0-4e01-93c7-88901bc06253']"
4fdaf3b1-8126-4244-9b7b-43537d7e9466,15,"['8f9356ce-95e3-4364-a152-19344539bfd4', '8f9356ce-95e3-4364-a152-19344539bfd4', 'e1038a13-696a-4f4c-8cdc-c3cf241b4c36', 'e1038a13-696a-4f4c-8cdc-c3cf241b4c36', 'e1038a13-696a-4f4c-8cdc-c3cf241b4c36', 'e1038a13-696a-4f4c-8cdc-c3cf241b4c36', 'e1038a13-696a-4f4c-8cdc-c3cf241b4c36', 'e1038a13-696a-4f4c-8cdc-c3cf241b4c36', 'e1038a13-696a-4f4c-8cdc-c3cf241b4c36', 'e1038a13-696a-4f4c-8cdc-c3cf241b4c36', 'e1038a13-696a-4f4c-8cdc-c3cf241b4c36', 'e1038a13-696a-4f4c-8cdc-c3cf241b4c36', 'e1038a13-696a-4f4c-8cdc-c3cf241b4c36', 'e1038a13-696a-4f4c-8cdc-c3cf241b4c36', 'e1038a13-696a-4f4c-8cdc-c3cf241b4c36', 'e1038a13-696a-4f4c-8cdc-c3cf241b4c36', 'e1038a13-696a-4f4c-8cdc-c3cf241b4c36', 'e1038a13-696a-4f4c-8cdc-c3cf241b4c36', 'e1038a13-696a-4f4c-8cdc-c3cf241b4c36', 'e1038a13-696a-4f4c-8cdc-c3cf241b4c36', 'e1038a13-696a-4f4c-8cdc-c3cf241b4c36', 'e1038a13-696a-4f4c-8cdc-c3cf241b4c36', 'e1038a13-696a-4f4c-8cdc-c3cf241b4c36', 'e1038a13-696a-4f4c-8cdc-c3cf241b4c36', 'e1038a13-696a-4f4c-8cdc-c3cf241b4c36', 'e1038a13-696a-4f4c-8cdc-c3cf241b4c36', 'e1038a13-696a-4f4c-8cdc-c3cf241b4c36', 'e1038a13-696a-4f4c-8cdc-c3cf241b4c36', 'e1038a13-696a-4f4c-8cdc-c3cf241b4c36', 'e1038a13-696a-4f4c-8cdc-c3cf241b4c36', 'e1038a13-696a-4f4c-8cdc-c3cf241b4c36', 'e1038a13-696a-4f4c-8cdc-c3cf241b4c36', 'e1038a13-696a-4f4c-8cdc-c3cf241b4c36', 'e1038a13-696a-4f4c-8cdc-c3cf241b4c36', 'e1038a13-696a-4f4c-8cdc-c3cf241b4c36', 'e1038a13-696a-4f4c-8cdc-c3cf241b4c36', 'e1038a13-696a-4f4c-8cdc-c3cf241b4c36', '66bb293d-4bac-4c24-9863-767c591ac21b', 'fff21962-85fe-4f11-86ab-3fb3dc796090', '84e6c123-a9ab-470f-8af8-38f66ff68021', '6e2e23ab-b6bb-41be-b7ab-d07755bcac45', '046edf24-f750-4593-8bc2-d4ac280f352b', 'fd1a604c-2a6e-4440-a0fb-ddc8f85db54a', 'da093171-b3e1-4ae7-a230-049a6da5f2da', '5168ad6d-7939-401d-ad09-0038112319c2', '7b2f142c-89cf-44cd-abc4-b62fdabf2b58', '8dadac0e-7dcc-4247-b74b-f5adc5695423', '8a14d059-b0e5-40e9-acb5-505e93ec01b4', 'd2d086c4-9676-4cb6-b7fb-9632f150dd26', '838afb79-27ac-4a46-a966-c26d92a3e3a6']"
fcd9d3c7-d914-4764-a572-4379951afa11,8,"['d62e1071-fa9d-4a8a-8691-b9f74e03201e', 'd62e1071-fa9d-4a8a-8691-b9f74e03201e', 'd62e1071-fa9d-4a8a-8691-b9f74e03201e', 'd62e1071-fa9d-4a8a-8691-b9f74e03201e', 'd62e1071-fa9d-4a8a-8691-b9f74e03201e', 'd62e1071-fa9d-4a8a-8691-b9f74e03201e', 'd62e1071-fa9d-4a8a-8691-b9f74e03201e', 'd62e1071-fa9d-4a8a-8691-b9f74e03201e', 'd62e1071-fa9d-4a8a-8691-b9f74e03201e', 'd62e1071-fa9d-4a8a-8691-b9f74e03201e', 'd62e1071-fa9d-4a8a-8691-b9f74e03201e', 'd62e1071-fa9d-4a8a-8691-b9f74e03201e', 'd62e1071-fa9d-4a8a-8691-b9f74e03201e', 'd62e1071-fa9d-4a8a-8691-b9f74e03201e', 'd62e1071-fa9d-4a8a-8691-b9f74e03201e', 'd62e1071-fa9d-4a8a-8691-b9f74e03201e', 'd62e1071-fa9d-4a8a-8691-b9f74e03201e', 'd62e1071-fa9d-4a8a-8691-b9f74e03201e', 'd62e1071-fa9d-4a8a-8691-b9f74e03201e', 'd62e1071-fa9d-4a8a-8691-b9f74e03201e', 'd62e1071-fa9d-4a8a-8691-b9f74e03201e', 'd62e1071-fa9d-4a8a-8691-b9f74e03201e', 'd62e1071-fa9d-4a8a-8691-b9f74e03201e', 'd62e1071-fa9d-4a8a-8691-b9f74e03201e', 'd62e1071-fa9d-4a8a-8691-b9f74e03201e', 'd62e1071-fa9d-4a8a-8691-b9f74e03201e', 'd62e1071-fa9d-4a8a-8691-b9f74e03201e', 'd62e1071-fa9d-4a8a-8691-b9f74e03201e', 'd62e1071-fa9d-4a8a-8691-b9f74e03201e', 'd62e1071-fa9d-4a8a-8691-b9f74e03201e', 'd62e1071-fa9d-4a8a-8691-b9f74e03201e', 'd62e1071-fa9d-4a8a-8691-b9f74e03201e', 'd62e1071-fa9d-4a8a-8691-b9f74e03201e', 'd62e1071-fa9d-4a8a-8691-b9f74e03201e', 'd62e1071-fa9d-4a8a-8691-b9f74e03201e', 'd62e1071-fa9d-4a8a-8691-b9f74e03201e', 'd62e1071-fa9d-4a8a-8691-b9f74e03201e', 'd62e1071-fa9d-4a8a-8691-b9f74e03201e', '562a2b44-a746-45f1-91f6-8910af072ab8', 'd59833ef-d6cd-42b2-aa0b-5a7019f2957a', '6ad30648-7b11-4be6-885c-e40cb62df7fa', 'c4467de9-3e0e-4bbc-91bb-075dfd5d7891', '0fb47291-b4b4-4b13-87ed-62970f145d64', '9f754bd9-3ecf-46c8-83fa-e5ab8bca74ca', '1da1a26d-153f-4661-8d24-4ca1ee6a4b54', 'd12d8ed6-3efc-4846-ad74-af28841e5408', '48b8cf05-1cb9-438d-b58a-c8d63df2ef3c', 'faf0cda0-8b7a-4b61-9bed-bc50240d0653', '4090d118-45b9-4c3f-a0b2-306cb683e238', '4a953b4e-8144-4bf5-9374-31d54ac379d3']"
d0ba1c2f-53c8-4e0f-8ff8-d82ce73ca04e,0,"['edac67d9-d0a5-456d-9b3f-72db78148f26', 'edac67d9-d0a5-456d-9b3f-72db78148f26', 'edac67d9-d0a5-456d-9b3f-72db78148f26', 'edac67d9-d0a5-456d-9b3f-72db78148f26', 'edac67d9-d0a5-456d-9b3f-72db78148f26', 'edac67d9-d0a5-456d-9b3f-72db78148f26', 'edac67d9-d0a5-456d-9b3f-72db78148f26', 'edac67d9-d0a5-456d-9b3f-72db78148f26', 'edac67d9-d0a5-456d-9b3f-72db78148f26', 'edac67d9-d0a5-456d-9b3f-72db78148f26', 'edac67d9-d0a5-456d-9b3f-72db78148f26', 'edac67d9-d0a5-456d-9b3f-72db78148f26', 'edac67d9-d0a5-456d-9b3f-72db78148f26', 'edac67d9-d0a5-456d-9b3f-72db78148f26', 'edac67d9-d0a5-456d-9b3f-72db78148f26', 'edac67d9-d0a5-456d-9b3f-72db78148f26', 'edac67d9-d0a5-456d-9b3f-72db78148f26', 'edac67d9-d0a5-456d-9b3f-72db78148f26', 'edac67d9-d0a5-456d-9b3f-72db78148f26', 'edac67d9-d0a5-456d-9b3f-72db78148f26', 'edac67d9-d0a5-456d-9b3f-72db78148f26', 'edac67d9-d0a5-456d-9b3f-72db78148f26', 'edac67d9-d0a5-456d-9b3f-72db78148f26', 'edac67d9-d0a5-456d-9b3f-72db78148f26', 'edac67d9-d0a5-456d-9b3f-72db78148f26', 'edac67d9-d0a5-456d-9b3f-72db78148f26', 'edac67d9-d0a5-456d-9b3f-72db78148f26', 'edac67d9-d0a5-456d-9b3f-72db78148f26', 'edac67d9-d0a5-456d-9b3f-72db78148f26', 'edac67d9-d0a5-456d-9b3f-72db78148f26', 'edac67d9-d0a5-456d-9b3f-72db78148f26', 'edac67d9-d0a5-456d-9b3f-72db78148f26', 'edac67d9-d0a5-456d-9b3f-72db78148f26', 'edac67d9-d0a5-456d-9b3f-72db78148f26', 'edac67d9-d0a5-456d-9b3f-72db78148f26', 'edac67d9-d0a5-456d-9b3f-72db78148f26', 'edac67d9-d0a5-456d-9b3f-72db78148f26', 'edac67d9-d0a5-456d-9b3f-72db78148f26', 'edac67d9-d0a5-456d-9b3f-72db78148f26', 'edac67d9-d0a5-456d-9b3f-72db78148f26', 'edac67d9-d0a5-456d-9b3f-72db78148f26', 'edac67d9-d0a5-456d-9b3f-72db78148f26', 'edac67d9-d0a5-456d-9b3f-72db78148f26', 'edac67d9-d0a5-456d-9b3f-72db78148f26', 'edac67d9-d0a5-456d-9b3f-72db78148f26', 'edac67d9-d0a5-456d-9b3f-72db78148f26', 'edac67d9-d0a5-456d-9b3f-72db78148f26', 'edac67d9-d0a5-456d-9b3f-72db78148f26', 'edac67d9-d0a5-456d-9b3f-72db78148f26', 'edac67d9-d0a5-456d-9b3f-72db78148f26']"
fcd9d3c7-d914-4764-a572-4379951afa11,9,"['d62e1071-fa9d-4a8a-8691-b9f74e03201e', 'd62e1071-fa9d-4a8a-8691-b9f74e03201e', 'd62e1071-fa9d-4a8a-8691-b9f74e03201e', 'd62e1071-fa9d-4a8a-8691-b9f74e03201e', 'd62e1071-fa9d-4a8a-8691-b9f74e03201e', 'd62e1071-fa9d-4a8a-8691-b9f74e03201e', 'd62e1071-fa9d-4a8a-8691-b9f74e03201e', 'd62e1071-fa9d-4a8a-8691-b9f74e03201e', 'd62e1071-fa9d-4a8a-8691-b9f74e03201e', 'd62e1071-fa9d-4a8a-8691-b9f74e03201e', 'd62e1071-fa9d-4a8a-8691-b9f74e03201e', 'd62e1071-fa9d-4a8a-8691-b9f74e03201e', 'd62e1071-fa9d-4a8a-8691-b9f74e03201e', 'd62e1071-fa9d-4a8a-8691-b9f74e03201e', 'd62e1071-fa9d-4a8a-8691-b9f74e03201e', 'd62e1071-fa9d-4a8a-8691-b9f74e03201e', 'd62e1071-fa9d-4a8a-8691-b9f74e03201e', 'd62e1071-fa9d-4a8a-8691-b9f74e03201e', 'd62e1071-fa9d-4a8a-8691-b9f74e03201e', 'd62e1071-fa9d-4a8a-8691-b9f74e03201e', 'd62e1071-fa9d-4a8a-8691-b9f74e03201e', 'd62e1071-fa9d-4a8a-8691-b9f74e03201e', 'd62e1071-fa9d-4a8a-8691-b9f74e03201e', 'd62e1071-fa9d-4a8a-8691-b9f74e03201e', 'd62e1071-fa9d-4a8a-8691-b9f74e03201e', 'd62e1071-fa9d-4a8a-8691-b9f74e03201e', 'd62e1071-fa9d-4a8a-8691-b9f74e03201e', 'd62e1071-fa9d-4a8a-8691-b9f74e03201e', 'd62e1071-fa9d-4a8a-8691-b9f74e03201e', 'd62e1071-fa9d-4a8a-8691-b9f74e03201e', '562a2b44-a746-45f1-91f6-8910af072ab8', 'd59833ef-d6cd-42b2-aa0b-5a7019f2957a', '6ad30648-7b11-4be6-885c-e40cb62df7fa', 'c4467de9-3e0e-4bbc-91bb-075dfd5d7891', '0fb47291-b4b4-4b13-87ed-62970f145d64', '1da1a26d-153f-4661-8d24-4ca1ee6a4b54', 'd12d8ed6-3efc-4846-ad74-af28841e5408', 'faf0cda0-8b7a-4b61-9bed-bc50240d0653', '4090d118-45b9-4c3f-a0b2-306cb683e238', '4a953b4e-8144-4bf5-9374-31d54ac379d3', '806401bd-b0bb-45db-aef6-f53a5067491a', 'b1111a5d-4330-42e8-b859-8d4aa7dcfc69', 'd57643ce-592e-4d18-bd7a-0bb7a2aa6d1a', '53cafe45-dc90-4305-a4d5-e53c94108a08', 'f3b52de1-2988-4d89-9236-8e26348507b9', '8089d957-ec8e-49cf-80e3-fb46d2c40f63', '4d75fea2-86de-4eac-8bf3-2908ad5f1077', '35a41512-39b1-4504-a7fa-b8c1d08d3e4b', '31501fa7-4309-40c7-8d6a-b74c208bb79b', '07742fcb-88b3-4bb2-ac01-509fb135d749']"
d0ba1c2f-53c8-4e0f-8ff8-d82ce73ca04e,1,"['edac67d9-d0a5-456d-9b3f-72db78148f26', 'edac67d9-d0a5-456d-9b3f-72db78148f26', 'edac67d9-d0a5-456d-9b3f-72db78148f26', 'edac67d9-d0a5-456d-9b3f-72db78148f26', 'edac67d9-d0a5-456d-9b3f-72db78148f26', 'edac67d9-d0a5-456d-9b3f-72db78148f26', 'edac67d9-d0a5-456d-9b3f-72db78148f26', 'edac67d9-d0a5-456d-9b3f-72db78148f26', 'edac67d9-d0a5-456d-9b3f-72db78148f26', 'edac67d9-d0a5-456d-9b3f-72db78148f26', 'edac67d9-d0a5-456d-9b3f-72db78148f26', 'edac67d9-d0a5-456d-9b3f-72db78148f26', 'edac67d9-d0a5-456d-9b3f-72db78148f26', 'edac67d9-d0a5-456d-9b3f-72db78148f26', 'edac67d9-d0a5-456d-9b3f-72db78148f26', 'edac67d9-d0a5-456d-9b3f-72db78148f26', 'edac67d9-d0a5-456d-9b3f-72db78148f26', 'edac67d9-d0a5-456d-9b3f-72db78148f26', 'edac67d9-d0a5-456d-9b3f-72db78148f26', 'edac67d9-d0a5-456d-9b3f-72db78148f26', 'edac67d9-d0a5-456d-9b3f-72db78148f26', 'edac67d9-d0a5-456d-9b3f-72db78148f26', 'edac67d9-d0a5-456d-9b3f-72db78148f26', 'edac67d9-d0a5-456d-9b3f-72db78148f26', 'edac67d9-d0a5-456d-9b3f-72db78148f26', 'edac67d9-d0a5-456d-9b3f-72db78148f26', 'edac67d9-d0a5-456d-9b3f-72db78148f26', 'edac67d9-d0a5-456d-9b3f-72db78148f26', 'edac67d9-d0a5-456d-9b3f-72db78148f26', 'edac67d9-d0a5-456d-9b3f-72db78148f26', 'edac67d9-d0a5-456d-9b3f-72db78148f26', 'edac67d9-d0a5-456d-9b3f-72db78148f26', 'edac67d9-d0a5-456d-9b3f-72db78148f26', 'edac67d9-d0a5-456d-9b3f-72db78148f26', 'edac67d9-d0a5-456d-9b3f-72db78148f26', 'edac67d9-d0a5-456d-9b3f-72db78148f26', 'edac67d9-d0a5-456d-9b3f-72db78148f26', 'edac67d9-d0a5-456d-9b3f-72db78148f26', 'edac67d9-d0a5-456d-9b3f-72db78148f26', 'edac67d9-d0a5-456d-9b3f-72db78148f26', 'edac67d9-d0a5-456d-9b3f-72db78148f26', 'edac67d9-d0a5-456d-9b3f-72db78148f26', '66f9ac77-e743-468e-b327-c73572547f9f', '81007e34-36a7-4954-8f61-f13a3dc152f4', 'e3ddf77f-b78e-4192-8553-9aa0815e698f', '9df06782-8a1e-4c5d-869a-71539eb2eef8', 'e69e4ac3-eac5-4ca2-9021-02e816c987e6', 'a510aa43-37c1-426a-9b0b-1c1ed73bffaa', '63cc88af-000c-42d0-90d2-b30fdacfadcd', '89806510-07de-4979-ac54-887ae7d3277d']"
fcd9d3c7-d914-4764-a572-4379951afa11,10,"['d62e1071-fa9d-4a8a-8691-b9f74e03201e', 'd62e1071-fa9d-4a8a-8691-b9f74e03201e', 'd62e1071-fa9d-4a8a-8691-b9f74e03201e', 'd62e1071-fa9d-4a8a-8691-b9f74e03201e', 'd62e1071-fa9d-4a8a-8691-b9f74e03201e', 'd62e1071-fa9d-4a8a-8691-b9f74e03201e', 'd62e1071-fa9d-4a8a-8691-b9f74e03201e', 'd62e1071-fa9d-4a8a-8691-b9f74e03201e', 'd62e1071-fa9d-4a8a-8691-b9f74e03201e', 'd62e1071-fa9d-4a8a-8691-b9f74e03201e', 'd62e1071-fa9d-4a8a-8691-b9f74e03201e', 'd62e1071-fa9d-4a8a-8691-b9f74e03201e', 'd62e1071-fa9d-4a8a-8691-b9f74e03201e', 'd62e1071-fa9d-4a8a-8691-b9f74e03201e', 'd62e1071-fa9d-4a8a-8691-b9f74e03201e', 'd62e1071-fa9d-4a8a-8691-b9f74e03201e', 'd62e1071-fa9d-4a8a-8691-b9f74e03201e', 'd62e1071-fa9d-4a8a-8691-b9f74e03201e', 'd62e1071-fa9d-4a8a-8691-b9f74e03201e', 'd62e1071-fa9d-4a8a-8691-b9f74e03201e', 'd62e1071-fa9d-4a8a-8691-b9f74e03201e', 'd62e1071-fa9d-4a8a-8691-b9f74e03201e', 'd62e1071-fa9d-4a8a-8691-b9f74e03201e', 'd62e1071-fa9d-4a8a-8691-b9f74e03201e', '562a2b44-a746-45f1-91f6-8910af072ab8', 'd59833ef-d6cd-42b2-aa0b-5a7019f2957a', '0fb47291-b4b4-4b13-87ed-62970f145d64', 'faf0cda0-8b7a-4b61-9bed-bc50240d0653', '4090d118-45b9-4c3f-a0b2-306cb683e238', '4a953b4e-8144-4bf5-9374-31d54ac379d3', '806401bd-b0bb-45db-aef6-f53a5067491a', 'd57643ce-592e-4d18-bd7a-0bb7a2aa6d1a', '53cafe45-dc90-4305-a4d5-e53c94108a08', 'f3b52de1-2988-4d89-9236-8e26348507b9', '4d75fea2-86de-4eac-8bf3-2908ad5f1077', '35a41512-39b1-4504-a7fa-b8c1d08d3e4b', '31501fa7-4309-40c7-8d6a-b74c208bb79b', 'fec17790-ffcd-49ba-947e-3f3e4ba16afe', '9595cbc0-8d2d-4b1e-a32d-6c823ae93c7c', '2886ca01-e74a-486a-956c-85a1092e12a8', 'c3b2ac12-72f2-4d78-9b09-ca8bb2fa0a32', '4e240315-2140-4812-a75c-8a9f40f096af', 'bbb1d8b6-4a10-4f6e-9680-87ef9caf678c', '4b4b4f5f-49e1-49e1-8c33-35f1859daf95', 'dc11dd8c-23d7-48cc-ada6-dfeb542b9445', '33a70aa7-56ea-407a-ac24-1c34fb2d37d3', '25160cda-7506-4d10-bdcd-348ff0dfca49', '6a0b7865-e69d-473d-a7a1-23648a16b400', 'baf29ed9-1b5a-4c99-9a3c-f6c9261b8fb8', '3e87c4bf-7321-461e-bf9f-21480d9eea16']"
d0ba1c2f-53c8-4e0f-8ff8-d82ce73ca04e,2,"['edac67d9-d0a5-456d-9b3f-72db78148f26', 'edac67d9-d0a5-456d-9b3f-72db78148f26', 'edac67d9-d0a5-456d-9b3f-72db78148f26', 'edac67d9-d0a5-456d-9b3f-72db78148f26', 'edac67d9-d0a5-456d-9b3f-72db78148f26', 'edac67d9-d0a5-456d-9b3f-72db78148f26', 'edac67d9-d0a5-456d-9b3f-72db78148f26', 'edac67d9-d0a5-456d-9b3f-72db78148f26', 'edac67d9-d0a5-456d-9b3f-72db78148f26', 'edac67d9-d0a5-456d-9b3f-72db78148f26', 'edac67d9-d0a5-456d-9b3f-72db78148f26', 'edac67d9-d0a5-456d-9b3f-72db78148f26', 'edac67d9-d0a5-456d-9b3f-72db78148f26', 'edac67d9-d0a5-456d-9b3f-72db78148f26', 'edac67d9-d0a5-456d-9b3f-72db78148f26', 'edac67d9-d0a5-456d-9b3f-72db78148f26', 'edac67d9-d0a5-456d-9b3f-72db78148f26', 'edac67d9-d0a5-456d-9b3f-72db78148f26', 'edac67d9-d0a5-456d-9b3f-72db78148f26', 'edac67d9-d0a5-456d-9b3f-72db78148f26', 'edac67d9-d0a5-456d-9b3f-72db78148f26', 'edac67d9-d0a5-456d-9b3f-72db78148f26', 'edac67d9-d0a5-456d-9b3f-72db78148f26', 'edac67d9-d0a5-456d-9b3f-72db78148f26', 'edac67d9-d0a5-456d-9b3f-72db78148f26', 'edac67d9-d0a5-456d-9b3f-72db78148f26', 'edac67d9-d0a5-456d-9b3f-72db78148f26', 'edac67d9-d0a5-456d-9b3f-72db78148f26', 'edac67d9-d0a5-456d-9b3f-72db78148f26', 'edac67d9-d0a5-456d-9b3f-72db78148f26', 'edac67d9-d0a5-456d-9b3f-72db78148f26', 'edac67d9-d0a5-456d-9b3f-72db78148f26', 'edac67d9-d0a5-456d-9b3f-72db78148f26', 'edac67d9-d0a5-456d-9b3f-72db78148f26', '66f9ac77-e743-468e-b327-c73572547f9f', '81007e34-36a7-4954-8f61-f13a3dc152f4', '9df06782-8a1e-4c5d-869a-71539eb2eef8', 'a510aa43-37c1-426a-9b0b-1c1ed73bffaa', '63cc88af-000c-42d0-90d2-b30fdacfadcd', '89806510-07de-4979-ac54-887ae7d3277d', '70b8f6c3-41d9-41f4-aa06-6a6d492926b9', '39e06918-e1f7-4192-a275-2ac323dceed2', '91da96ef-b2ad-4f61-bd2f-b0b96a945fbb', '9a028ce1-108e-49ba-8107-c833331e3d9f', '25c1f647-36e1-4aa2-9e5d-e7001de138ff', '5baec00e-e746-4201-83c3-92c68637fe9f', '23739185-0484-4208-a073-76e76eb1acfb', '3112fefc-a5b3-4cf9-9ddf-312be117666b', '5c99f686-3e4e-4b2a-85f8-5f8353cd68b4', 'c54e312f-1656-49fd-9f8c-d2876ac73d57']"
d0ba1c2f-53c8-4e0f-8ff8-d82ce73ca04e,3,"['25c1f647-36e1-4aa2-9e5d-e7001de138ff', '25c1f647-36e1-4aa2-9e5d-e7001de138ff', '25c1f647-36e1-4aa2-9e5d-e7001de138ff', '25c1f647-36e1-4aa2-9e5d-e7001de138ff', '25c1f647-36e1-4aa2-9e5d-e7001de138ff', '25c1f647-36e1-4aa2-9e5d-e7001de138ff', '25c1f647-36e1-4aa2-9e5d-e7001de138ff', '25c1f647-36e1-4aa2-9e5d-e7001de138ff', '25c1f647-36e1-4aa2-9e5d-e7001de138ff', '25c1f647-36e1-4aa2-9e5d-e7001de138ff', '25c1f647-36e1-4aa2-9e5d-e7001de138ff', '25c1f647-36e1-4aa2-9e5d-e7001de138ff', '25c1f647-36e1-4aa2-9e5d-e7001de138ff', '25c1f647-36e1-4aa2-9e5d-e7001de138ff', '25c1f647-36e1-4aa2-9e5d-e7001de138ff', '25c1f647-36e1-4aa2-9e5d-e7001de138ff', '25c1f647-36e1-4aa2-9e5d-e7001de138ff', '25c1f647-36e1-4aa2-9e5d-e7001de138ff', '25c1f647-36e1-4aa2-9e5d-e7001de138ff', '25c1f647-36e1-4aa2-9e5d-e7001de138ff', '25c1f647-36e1-4aa2-9e5d-e7001de138ff', '25c1f647-36e1-4aa2-9e5d-e7001de138ff', '25c1f647-36e1-4aa2-9e5d-e7001de138ff', '25c1f647-36e1-4aa2-9e5d-e7001de138ff', '25c1f647-36e1-4aa2-9e5d-e7001de138ff', '25c1f647-36e1-4aa2-9e5d-e7001de138ff', '25c1f647-36e1-4aa2-9e5d-e7001de138ff', '25c1f647-36e1-4aa2-9e5d-e7001de138ff', '25c1f647-36e1-4aa2-9e5d-e7001de138ff', '25c1f647-36e1-4aa2-9e5d-e7001de138ff', '25c1f647-36e1-4aa2-9e5d-e7001de138ff', '25c1f647-36e1-4aa2-9e5d-e7001de138ff', '25c1f647-36e1-4aa2-9e5d-e7001de138ff', '25c1f647-36e1-4aa2-9e5d-e7001de138ff', '25c1f647-36e1-4aa2-9e5d-e7001de138ff', '25c1f647-36e1-4aa2-9e5d-e7001de138ff', '25c1f647-36e1-4aa2-9e5d-e7001de138ff', '25c1f647-36e1-4aa2-9e5d-e7001de138ff', '25c1f647-36e1-4aa2-9e5d-e7001de138ff', '25c1f647-36e1-4aa2-9e5d-e7001de138ff', '25c1f647-36e1-4aa2-9e5d-e7001de138ff', '25c1f647-36e1-4aa2-9e5d-e7001de138ff', '25c1f647-36e1-4aa2-9e5d-e7001de138ff', '25c1f647-36e1-4aa2-9e5d-e7001de138ff', '25c1f647-36e1-4aa2-9e5d-e7001de138ff', 'a67b632f-86d6-4436-a7c9-cb5cb9cbebc5', '44ab6008-f875-495e-a1b5-2b99c9144bdd', 'efac660f-1acf-4c19-a1e2-a2a265b3732f', '5b789ef2-8284-4994-b722-04668e707a9a', '4c85b99d-72c9-4670-9e40-1c13e845567c']"
fcd9d3c7-d914-4764-a572-4379951afa11,11,"['d62e1071-fa9d-4a8a-8691-b9f74e03201e', 'd62e1071-fa9d-4a8a-8691-b9f74e03201e', 'd62e1071-fa9d-4a8a-8691-b9f74e03201e', 'd62e1071-fa9d-4a8a-8691-b9f74e03201e', 'd62e1071-fa9d-4a8a-8691-b9f74e03201e', 'd62e1071-fa9d-4a8a-8691-b9f74e03201e', 'd62e1071-fa9d-4a8a-8691-b9f74e03201e', 'd62e1071-fa9d-4a8a-8691-b9f74e03201e', 'd62e1071-fa9d-4a8a-8691-b9f74e03201e', 'd62e1071-fa9d-4a8a-8691-b9f74e03201e', 'd62e1071-fa9d-4a8a-8691-b9f74e03201e', 'd62e1071-fa9d-4a8a-8691-b9f74e03201e', 'd62e1071-fa9d-4a8a-8691-b9f74e03201e', 'd62e1071-fa9d-4a8a-8691-b9f74e03201e', 'd62e1071-fa9d-4a8a-8691-b9f74e03201e', 'd62e1071-fa9d-4a8a-8691-b9f74e03201e', 'd62e1071-fa9d-4a8a-8691-b9f74e03201e', 'd62e1071-fa9d-4a8a-8691-b9f74e03201e', 'd62e1071-fa9d-4a8a-8691-b9f74e03201e', 'd62e1071-fa9d-4a8a-8691-b9f74e03201e', 'd62e1071-fa9d-4a8a-8691-b9f74e03201e', 'd62e1071-fa9d-4a8a-8691-b9f74e03201e', 'd62e1071-fa9d-4a8a-8691-b9f74e03201e', 'd62e1071-fa9d-4a8a-8691-b9f74e03201e', 'd62e1071-fa9d-4a8a-8691-b9f74e03201e', 'd62e1071-fa9d-4a8a-8691-b9f74e03201e', 'd62e1071-fa9d-4a8a-8691-b9f74e03201e', 'd62e1071-fa9d-4a8a-8691-b9f74e03201e', 'd62e1071-fa9d-4a8a-8691-b9f74e03201e', 'd62e1071-fa9d-4a8a-8691-b9f74e03201e', 'd62e1071-fa9d-4a8a-8691-b9f74e03201e', 'd62e1071-fa9d-4a8a-8691-b9f74e03201e', 'd62e1071-fa9d-4a8a-8691-b9f74e03201e', 'd62e1071-fa9d-4a8a-8691-b9f74e03201e', 'd62e1071-fa9d-4a8a-8691-b9f74e03201e', 'd62e1071-fa9d-4a8a-8691-b9f74e03201e', 'd62e1071-fa9d-4a8a-8691-b9f74e03201e', 'd62e1071-fa9d-4a8a-8691-b9f74e03201e', 'd62e1071-fa9d-4a8a-8691-b9f74e03201e', 'd62e1071-fa9d-4a8a-8691-b9f74e03201e', 'd62e1071-fa9d-4a8a-8691-b9f74e03201e', 'd62e1071-fa9d-4a8a-8691-b9f74e03201e', 'e1aa393d-a5e4-4d6e-8ade-cd6df9379751', '46303a21-4144-42ef-aed1-34615c5386c5', 'ccafcf43-9197-48fb-9574-452a52279fcf', 'a07c340e-dfb7-4c1a-9bec-88252ba5d57b', 'c175bd90-1702-452b-8e2c-d82b1092c47d', 'd49db70b-f2e8-4fad-94a9-06c47e2a1f26', '5c42b1d3-da6c-42fb-8286-843417ac410a', '645cb618-479f-4815-b193-064cdc7084f8']"
d0ba1c2f-53c8-4e0f-8ff8-d82ce73ca04e,4,"['25c1f647-36e1-4aa2-9e5d-e7001de138ff', '25c1f647-36e1-4aa2-9e5d-e7001de138ff', '25c1f647-36e1-4aa2-9e5d-e7001de138ff', '25c1f647-36e1-4aa2-9e5d-e7001de138ff', '25c1f647-36e1-4aa2-9e5d-e7001de138ff', '25c1f647-36e1-4aa2-9e5d-e7001de138ff', '25c1f647-36e1-4aa2-9e5d-e7001de138ff', '25c1f647-36e1-4aa2-9e5d-e7001de138ff', '25c1f647-36e1-4aa2-9e5d-e7001de138ff', '25c1f647-36e1-4aa2-9e5d-e7001de138ff', '25c1f647-36e1-4aa2-9e5d-e7001de138ff', '25c1f647-36e1-4aa2-9e5d-e7001de138ff', '25c1f647-36e1-4aa2-9e5d-e7001de138ff', '25c1f647-36e1-4aa2-9e5d-e7001de138ff', '25c1f647-36e1-4aa2-9e5d-e7001de138ff', '25c1f647-36e1-4aa2-9e5d-e7001de138ff', '25c1f647-36e1-4aa2-9e5d-e7001de138ff', '25c1f647-36e1-4aa2-9e5d-e7001de138ff', '25c1f647-36e1-4aa2-9e5d-e7001de138ff', '25c1f647-36e1-4aa2-9e5d-e7001de138ff', '25c1f647-36e1-4aa2-9e5d-e7001de138ff', '25c1f647-36e1-4aa2-9e5d-e7001de138ff', '25c1f647-36e1-4aa2-9e5d-e7001de138ff', '25c1f647-36e1-4aa2-9e5d-e7001de138ff', '25c1f647-36e1-4aa2-9e5d-e7001de138ff', '25c1f647-36e1-4aa2-9e5d-e7001de138ff', '25c1f647-36e1-4aa2-9e5d-e7001de138ff', '25c1f647-36e1-4aa2-9e5d-e7001de138ff', '25c1f647-36e1-4aa2-9e5d-e7001de138ff', '25c1f647-36e1-4aa2-9e5d-e7001de138ff', '25c1f647-36e1-4aa2-9e5d-e7001de138ff', '25c1f647-36e1-4aa2-9e5d-e7001de138ff', '25c1f647-36e1-4aa2-9e5d-e7001de138ff', '25c1f647-36e1-4aa2-9e5d-e7001de138ff', '25c1f647-36e1-4aa2-9e5d-e7001de138ff', '25c1f647-36e1-4aa2-9e5d-e7001de138ff', 'a67b632f-86d6-4436-a7c9-cb5cb9cbebc5', '44ab6008-f875-495e-a1b5-2b99c9144bdd', 'efac660f-1acf-4c19-a1e2-a2a265b3732f', '5b789ef2-8284-4994-b722-04668e707a9a', '4c85b99d-72c9-4670-9e40-1c13e845567c', 'df153e5a-bbcf-4b3a-be68-855515513758', 'ae35b28c-1aef-487c-85be-19f25324345f', '4226400b-48e4-40a3-bc21-af298c15e6ee', '333bf1b3-4e78-443b-8035-e84ae82a2d50', '307c7766-f3b9-460d-b22e-af7eeb97c697', 'b045955d-93c3-4e60-8d30-58edecb927c3', 'ab453928-9de6-45e6-8e51-130add40e368', 'a4f18379-a9b2-40fd-890e-8de94d68f2aa', '2c119f1a-0854-4ce0-9c43-e5816f6fee30']"
fcd9d3c7-d914-4764-a572-4379951afa11,12,"['d62e1071-fa9d-4a8a-8691-b9f74e03201e', 'd62e1071-fa9d-4a8a-8691-b9f74e03201e', 'd62e1071-fa9d-4a8a-8691-b9f74e03201e', 'd62e1071-fa9d-4a8a-8691-b9f74e03201e', 'd62e1071-fa9d-4a8a-8691-b9f74e03201e', 'd62e1071-fa9d-4a8a-8691-b9f74e03201e', 'd62e1071-fa9d-4a8a-8691-b9f74e03201e', 'd62e1071-fa9d-4a8a-8691-b9f74e03201e', 'd62e1071-fa9d-4a8a-8691-b9f74e03201e', 'd62e1071-fa9d-4a8a-8691-b9f74e03201e', 'd62e1071-fa9d-4a8a-8691-b9f74e03201e', 'd62e1071-fa9d-4a8a-8691-b9f74e03201e', 'd62e1071-fa9d-4a8a-8691-b9f74e03201e', 'd62e1071-fa9d-4a8a-8691-b9f74e03201e', 'd62e1071-fa9d-4a8a-8691-b9f74e03201e', 'd62e1071-fa9d-4a8a-8691-b9f74e03201e', 'd62e1071-fa9d-4a8a-8691-b9f74e03201e', 'd62e1071-fa9d-4a8a-8691-b9f74e03201e', 'd62e1071-fa9d-4a8a-8691-b9f74e03201e', 'd62e1071-fa9d-4a8a-8691-b9f74e03201e', 'd62e1071-fa9d-4a8a-8691-b9f74e03201e', 'd62e1071-fa9d-4a8a-8691-b9f74e03201e', 'd62e1071-fa9d-4a8a-8691-b9f74e03201e', 'd62e1071-fa9d-4a8a-8691-b9f74e03201e', 'd62e1071-fa9d-4a8a-8691-b9f74e03201e', 'd62e1071-fa9d-4a8a-8691-b9f74e03201e', 'd62e1071-fa9d-4a8a-8691-b9f74e03201e', 'd62e1071-fa9d-4a8a-8691-b9f74e03201e', 'd62e1071-fa9d-4a8a-8691-b9f74e03201e', 'd62e1071-fa9d-4a8a-8691-b9f74e03201e', 'd62e1071-fa9d-4a8a-8691-b9f74e03201e', 'd62e1071-fa9d-4a8a-8691-b9f74e03201e', 'd62e1071-fa9d-4a8a-8691-b9f74e03201e', 'd62e1071-fa9d-4a8a-8691-b9f74e03201e', 'd62e1071-fa9d-4a8a-8691-b9f74e03201e', 'd62e1071-fa9d-4a8a-8691-b9f74e03201e', 'd62e1071-fa9d-4a8a-8691-b9f74e03201e', 'e1aa393d-a5e4-4d6e-8ade-cd6df9379751', '46303a21-4144-42ef-aed1-34615c5386c5', 'ccafcf43-9197-48fb-9574-452a52279fcf', 'c175bd90-1702-452b-8e2c-d82b1092c47d', 'd49db70b-f2e8-4fad-94a9-06c47e2a1f26', '5c42b1d3-da6c-42fb-8286-843417ac410a', 'ff70e45f-4650-47b5-aa71-af4f6b3a7607', 'cf968405-c507-4714-af1f-0a289df563cb', '139a9e07-5f63-4015-8349-ae1cf970b73a', '718a0afc-7db7-47a0-8d1d-ae8420430dac', 'f5b1e0e3-61e7-4b09-84f8-7b67b4fd9643', 'de5e5af1-bf29-4fc3-898d-e7dd1583808f', 'e70803b2-f381-456f-97f6-21fb3cdac367']"
d0ba1c2f-53c8-4e0f-8ff8-d82ce73ca04e,5,"['25c1f647-36e1-4aa2-9e5d-e7001de138ff', '25c1f647-36e1-4aa2-9e5d-e7001de138ff', '25c1f647-36e1-4aa2-9e5d-e7001de138ff', '25c1f647-36e1-4aa2-9e5d-e7001de138ff', '25c1f647-36e1-4aa2-9e5d-e7001de138ff', '25c1f647-36e1-4aa2-9e5d-e7001de138ff', '25c1f647-36e1-4aa2-9e5d-e7001de138ff', '25c1f647-36e1-4aa2-9e5d-e7001de138ff', '25c1f647-36e1-4aa2-9e5d-e7001de138ff', '25c1f647-36e1-4aa2-9e5d-e7001de138ff', '25c1f647-36e1-4aa2-9e5d-e7001de138ff', '25c1f647-36e1-4aa2-9e5d-e7001de138ff', '25c1f647-36e1-4aa2-9e5d-e7001de138ff', '25c1f647-36e1-4aa2-9e5d-e7001de138ff', '25c1f647-36e1-4aa2-9e5d-e7001de138ff', '25c1f647-36e1-4aa2-9e5d-e7001de138ff', '25c1f647-36e1-4aa2-9e5d-e7001de138ff', '25c1f647-36e1-4aa2-9e5d-e7001de138ff', '25c1f647-36e1-4aa2-9e5d-e7001de138ff', '25c1f647-36e1-4aa2-9e5d-e7001de138ff', '25c1f647-36e1-4aa2-9e5d-e7001de138ff', '25c1f647-36e1-4aa2-9e5d-e7001de138ff', '25c1f647-36e1-4aa2-9e5d-e7001de138ff', '25c1f647-36e1-4aa2-9e5d-e7001de138ff', '25c1f647-36e1-4aa2-9e5d-e7001de138ff', '25c1f647-36e1-4aa2-9e5d-e7001de138ff', '25c1f647-36e1-4aa2-9e5d-e7001de138ff', '25c1f647-36e1-4aa2-9e5d-e7001de138ff', '25c1f647-36e1-4aa2-9e5d-e7001de138ff', '44ab6008-f875-495e-a1b5-2b99c9144bdd', 'efac660f-1acf-4c19-a1e2-a2a265b3732f', '5b789ef2-8284-4994-b722-04668e707a9a', '4c85b99d-72c9-4670-9e40-1c13e845567c', 'df153e5a-bbcf-4b3a-be68-855515513758', '4226400b-48e4-40a3-bc21-af298c15e6ee', '307c7766-f3b9-460d-b22e-af7eeb97c697', 'b045955d-93c3-4e60-8d30-58edecb927c3', 'ab453928-9de6-45e6-8e51-130add40e368', 'a4f18379-a9b2-40fd-890e-8de94d68f2aa', '2c119f1a-0854-4ce0-9c43-e5816f6fee30', 'fa7bd77d-a0cf-4870-9fb4-d3ae960d0aac', '64563688-bf62-4e48-a3cc-46a3188c0240', '119b10df-6e32-483b-b56e-3a49ec4687e0', 'd775b725-28fb-4736-a29a-75d73c91a112', 'd155331d-cea9-4557-94b6-b99b02fb0cbd', '718a553d-0577-4176-9d77-62bc4e950683', 'b87ec012-8a43-45a1-82b4-d2c93a57706f', '7b323d0a-9784-44f1-84c7-9ba31a2bfff5', '2885e965-8571-4e03-874e-c45fb121772d', 'b2549650-83ce-4ea3-834c-87c50b0bbfa7']"
fcd9d3c7-d914-4764-a572-4379951afa11,13,"['d62e1071-fa9d-4a8a-8691-b9f74e03201e', 'd62e1071-fa9d-4a8a-8691-b9f74e03201e', 'd62e1071-fa9d-4a8a-8691-b9f74e03201e', 'd62e1071-fa9d-4a8a-8691-b9f74e03201e', 'd62e1071-fa9d-4a8a-8691-b9f74e03201e', 'd62e1071-fa9d-4a8a-8691-b9f74e03201e', 'd62e1071-fa9d-4a8a-8691-b9f74e03201e', 'd62e1071-fa9d-4a8a-8691-b9f74e03201e', 'd62e1071-fa9d-4a8a-8691-b9f74e03201e', 'd62e1071-fa9d-4a8a-8691-b9f74e03201e', 'd62e1071-fa9d-4a8a-8691-b9f74e03201e', 'd62e1071-fa9d-4a8a-8691-b9f74e03201e', 'd62e1071-fa9d-4a8a-8691-b9f74e03201e', 'd62e1071-fa9d-4a8a-8691-b9f74e03201e', 'd62e1071-fa9d-4a8a-8691-b9f74e03201e', 'd62e1071-fa9d-4a8a-8691-b9f74e03201e', 'd62e1071-fa9d-4a8a-8691-b9f74e03201e', 'd62e1071-fa9d-4a8a-8691-b9f74e03201e', 'd62e1071-fa9d-4a8a-8691-b9f74e03201e', 'd62e1071-fa9d-4a8a-8691-b9f74e03201e', 'd62e1071-fa9d-4a8a-8691-b9f74e03201e', 'd62e1071-fa9d-4a8a-8691-b9f74e03201e', 'd62e1071-fa9d-4a8a-8691-b9f74e03201e', 'd62e1071-fa9d-4a8a-8691-b9f74e03201e', 'd62e1071-fa9d-4a8a-8691-b9f74e03201e', 'd62e1071-fa9d-4a8a-8691-b9f74e03201e', 'd62e1071-fa9d-4a8a-8691-b9f74e03201e', 'd62e1071-fa9d-4a8a-8691-b9f74e03201e', 'd62e1071-fa9d-4a8a-8691-b9f74e03201e', 'd62e1071-fa9d-4a8a-8691-b9f74e03201e', 'e1aa393d-a5e4-4d6e-8ade-cd6df9379751', '46303a21-4144-42ef-aed1-34615c5386c5', 'ccafcf43-9197-48fb-9574-452a52279fcf', 'c175bd90-1702-452b-8e2c-d82b1092c47d', 'd49db70b-f2e8-4fad-94a9-06c47e2a1f26', '5c42b1d3-da6c-42fb-8286-843417ac410a', 'ff70e45f-4650-47b5-aa71-af4f6b3a7607', 'cf968405-c507-4714-af1f-0a289df563cb', '139a9e07-5f63-4015-8349-ae1cf970b73a', '718a0afc-7db7-47a0-8d1d-ae8420430dac', 'f5b1e0e3-61e7-4b09-84f8-7b67b4fd9643', 'de5e5af1-bf29-4fc3-898d-e7dd1583808f', 'eccc3128-69f4-441c-8798-c338cef77f71', 'f9dc2cdf-4f60-4587-a63d-b82fd71613e9', 'b55fe6aa-9d8f-43df-9c64-72c4c130a6c8', 'e6b7d920-da75-4577-aed4-b340413b0c88', 'efb4da4d-2ccf-4f43-8a53-7e7c7bba4a4b', 'f62b61b3-3bdb-421b-999e-8482f940a8d8', '0ab20991-bdd5-45ec-8b49-3e89b5a6bc60', '572c9adb-d27f-405f-8ee7-ff93d5c875d3']"
d0ba1c2f-53c8-4e0f-8ff8-d82ce73ca04e,6,"['25c1f647-36e1-4aa2-9e5d-e7001de138ff', '25c1f647-36e1-4aa2-9e5d-e7001de138ff', '25c1f647-36e1-4aa2-9e5d-e7001de138ff', '25c1f647-36e1-4aa2-9e5d-e7001de138ff', '25c1f647-36e1-4aa2-9e5d-e7001de138ff', '25c1f647-36e1-4aa2-9e5d-e7001de138ff', '25c1f647-36e1-4aa2-9e5d-e7001de138ff', '25c1f647-36e1-4aa2-9e5d-e7001de138ff', '25c1f647-36e1-4aa2-9e5d-e7001de138ff', '25c1f647-36e1-4aa2-9e5d-e7001de138ff', '25c1f647-36e1-4aa2-9e5d-e7001de138ff', '25c1f647-36e1-4aa2-9e5d-e7001de138ff', '25c1f647-36e1-4aa2-9e5d-e7001de138ff', '25c1f647-36e1-4aa2-9e5d-e7001de138ff', '25c1f647-36e1-4aa2-9e5d-e7001de138ff', '25c1f647-36e1-4aa2-9e5d-e7001de138ff', '25c1f647-36e1-4aa2-9e5d-e7001de138ff', '25c1f647-36e1-4aa2-9e5d-e7001de138ff', '25c1f647-36e1-4aa2-9e5d-e7001de138ff', '25c1f647-36e1-4aa2-9e5d-e7001de138ff', '25c1f647-36e1-4aa2-9e5d-e7001de138ff', '25c1f647-36e1-4aa2-9e5d-e7001de138ff', '25c1f647-36e1-4aa2-9e5d-e7001de138ff', '25c1f647-36e1-4aa2-9e5d-e7001de138ff', '25c1f647-36e1-4aa2-9e5d-e7001de138ff', '25c1f647-36e1-4aa2-9e5d-e7001de138ff', 'efac660f-1acf-4c19-a1e2-a2a265b3732f', '5b789ef2-8284-4994-b722-04668e707a9a', '4c85b99d-72c9-4670-9e40-1c13e845567c', 'df153e5a-bbcf-4b3a-be68-855515513758', '4226400b-48e4-40a3-bc21-af298c15e6ee', 'b045955d-93c3-4e60-8d30-58edecb927c3', 'ab453928-9de6-45e6-8e51-130add40e368', 'fa7bd77d-a0cf-4870-9fb4-d3ae960d0aac', '64563688-bf62-4e48-a3cc-46a3188c0240', '119b10df-6e32-483b-b56e-3a49ec4687e0', 'd155331d-cea9-4557-94b6-b99b02fb0cbd', '718a553d-0577-4176-9d77-62bc4e950683', 'b87ec012-8a43-45a1-82b4-d2c93a57706f', '7b323d0a-9784-44f1-84c7-9ba31a2bfff5', '2885e965-8571-4e03-874e-c45fb121772d', 'b2549650-83ce-4ea3-834c-87c50b0bbfa7', '3b62be56-c732-4869-9f98-3ed5a1a001df', '829bc690-1431-4bf0-b153-fa40389049ba', 'fe145f90-6796-44a8-992e-dc6b7b750dc5', '7c8d2a4b-466d-466c-ae64-c2143fcff4ad', '5842145a-e4a0-4e1e-b19f-f0e68f0177b7', '4f8e96c4-cda6-4bb8-813e-cf7c28f15991', '809be2ce-2832-4092-ad07-b5f500cc280a', 'f63231bd-2a56-48e3-a83b-f9a08c4ce5ae']"
fcd9d3c7-d914-4764-a572-4379951afa11,14,"['d62e1071-fa9d-4a8a-8691-b9f74e03201e', 'd62e1071-fa9d-4a8a-8691-b9f74e03201e', 'd62e1071-fa9d-4a8a-8691-b9f74e03201e', 'd62e1071-fa9d-4a8a-8691-b9f74e03201e', 'd62e1071-fa9d-4a8a-8691-b9f74e03201e', 'd62e1071-fa9d-4a8a-8691-b9f74e03201e', 'd62e1071-fa9d-4a8a-8691-b9f74e03201e', 'd62e1071-fa9d-4a8a-8691-b9f74e03201e', 'd62e1071-fa9d-4a8a-8691-b9f74e03201e', 'd62e1071-fa9d-4a8a-8691-b9f74e03201e', 'd62e1071-fa9d-4a8a-8691-b9f74e03201e', 'd62e1071-fa9d-4a8a-8691-b9f74e03201e', 'd62e1071-fa9d-4a8a-8691-b9f74e03201e', 'd62e1071-fa9d-4a8a-8691-b9f74e03201e', 'd62e1071-fa9d-4a8a-8691-b9f74e03201e', 'd62e1071-fa9d-4a8a-8691-b9f74e03201e', 'd62e1071-fa9d-4a8a-8691-b9f74e03201e', 'd62e1071-fa9d-4a8a-8691-b9f74e03201e', 'd62e1071-fa9d-4a8a-8691-b9f74e03201e', 'd62e1071-fa9d-4a8a-8691-b9f74e03201e', 'd62e1071-fa9d-4a8a-8691-b9f74e03201e', 'd62e1071-fa9d-4a8a-8691-b9f74e03201e', 'd62e1071-fa9d-4a8a-8691-b9f74e03201e', 'd62e1071-fa9d-4a8a-8691-b9f74e03201e', 'e1aa393d-a5e4-4d6e-8ade-cd6df9379751', '46303a21-4144-42ef-aed1-34615c5386c5', 'ccafcf43-9197-48fb-9574-452a52279fcf', 'c175bd90-1702-452b-8e2c-d82b1092c47d', 'd49db70b-f2e8-4fad-94a9-06c47e2a1f26', '5c42b1d3-da6c-42fb-8286-843417ac410a', 'ff70e45f-4650-47b5-aa71-af4f6b3a7607', 'cf968405-c507-4714-af1f-0a289df563cb', '139a9e07-5f63-4015-8349-ae1cf970b73a', '718a0afc-7db7-47a0-8d1d-ae8420430dac', 'de5e5af1-bf29-4fc3-898d-e7dd1583808f', 'eccc3128-69f4-441c-8798-c338cef77f71', 'f9dc2cdf-4f60-4587-a63d-b82fd71613e9', 'b55fe6aa-9d8f-43df-9c64-72c4c130a6c8', 'e6b7d920-da75-4577-aed4-b340413b0c88', 'efb4da4d-2ccf-4f43-8a53-7e7c7bba4a4b', '0ab20991-bdd5-45ec-8b49-3e89b5a6bc60', '572c9adb-d27f-405f-8ee7-ff93d5c875d3', 'bc79b09d-7eef-44ae-a91a-58ac44de9606', 'b509e29b-5cc5-4a55-9e4b-35421b5f5c30', '34046487-0ad2-4511-bddc-6ca68e163f52', '2bf9eb9e-af19-4211-a5cb-ab50ef926815', '49163fdb-7dd2-4cd9-85e9-81f611922e6a', 'e9315357-a428-4a77-b861-17770d159477', '7d1e61fc-1909-46d5-8e35-85c8485acc51', '78942ec5-42c7-4b90-839f-65fd20003ec4']"
d0ba1c2f-53c8-4e0f-8ff8-d82ce73ca04e,7,"['25c1f647-36e1-4aa2-9e5d-e7001de138ff', '25c1f647-36e1-4aa2-9e5d-e7001de138ff', '25c1f647-36e1-4aa2-9e5d-e7001de138ff', '25c1f647-36e1-4aa2-9e5d-e7001de138ff', '25c1f647-36e1-4aa2-9e5d-e7001de138ff', '25c1f647-36e1-4aa2-9e5d-e7001de138ff', '25c1f647-36e1-4aa2-9e5d-e7001de138ff', '25c1f647-36e1-4aa2-9e5d-e7001de138ff', '25c1f647-36e1-4aa2-9e5d-e7001de138ff', '25c1f647-36e1-4aa2-9e5d-e7001de138ff', '25c1f647-36e1-4aa2-9e5d-e7001de138ff', '25c1f647-36e1-4aa2-9e5d-e7001de138ff', '25c1f647-36e1-4aa2-9e5d-e7001de138ff', '25c1f647-36e1-4aa2-9e5d-e7001de138ff', '25c1f647-36e1-4aa2-9e5d-e7001de138ff', '25c1f647-36e1-4aa2-9e5d-e7001de138ff', '25c1f647-36e1-4aa2-9e5d-e7001de138ff', '25c1f647-36e1-4aa2-9e5d-e7001de138ff', '25c1f647-36e1-4aa2-9e5d-e7001de138ff', '25c1f647-36e1-4aa2-9e5d-e7001de138ff', '25c1f647-36e1-4aa2-9e5d-e7001de138ff', '25c1f647-36e1-4aa2-9e5d-e7001de138ff', '25c1f647-36e1-4aa2-9e5d-e7001de138ff', 'efac660f-1acf-4c19-a1e2-a2a265b3732f', '5b789ef2-8284-4994-b722-04668e707a9a', '4c85b99d-72c9-4670-9e40-1c13e845567c', 'df153e5a-bbcf-4b3a-be68-855515513758', '4226400b-48e4-40a3-bc21-af298c15e6ee', 'b045955d-93c3-4e60-8d30-58edecb927c3', 'ab453928-9de6-45e6-8e51-130add40e368', 'fa7bd77d-a0cf-4870-9fb4-d3ae960d0aac', '119b10df-6e32-483b-b56e-3a49ec4687e0', 'd155331d-cea9-4557-94b6-b99b02fb0cbd', '718a553d-0577-4176-9d77-62bc4e950683', 'b87ec012-8a43-45a1-82b4-d2c93a57706f', '2885e965-8571-4e03-874e-c45fb121772d', 'b2549650-83ce-4ea3-834c-87c50b0bbfa7', '3b62be56-c732-4869-9f98-3ed5a1a001df', '829bc690-1431-4bf0-b153-fa40389049ba', 'fe145f90-6796-44a8-992e-dc6b7b750dc5', '7c8d2a4b-466d-466c-ae64-c2143fcff4ad', '5842145a-e4a0-4e1e-b19f-f0e68f0177b7', '4f8e96c4-cda6-4bb8-813e-cf7c28f15991', 'f63231bd-2a56-48e3-a83b-f9a08c4ce5ae', 'd197ceef-b689-4a20-a206-23d4df259de4', '948f5c1e-3505-428f-85cd-556698be9a33', '8af6d7fe-c6d3-436c-9f78-96bde0e042c6', '2042188c-6c37-466a-8ffb-e2c6db202c7d', 'c4b7976e-d297-4f51-ad6b-a17758442743', 'f127c7a2-ed53-47a5-9ae3-3f84f3757ed1']"
fcd9d3c7-d914-4764-a572-4379951afa11,15,"['d62e1071-fa9d-4a8a-8691-b9f74e03201e', 'd62e1071-fa9d-4a8a-8691-b9f74e03201e', 'd62e1071-fa9d-4a8a-8691-b9f74e03201e', 'd62e1071-fa9d-4a8a-8691-b9f74e03201e', 'd62e1071-fa9d-4a8a-8691-b9f74e03201e', 'd62e1071-fa9d-4a8a-8691-b9f74e03201e', 'd62e1071-fa9d-4a8a-8691-b9f74e03201e', 'd62e1071-fa9d-4a8a-8691-b9f74e03201e', 'd62e1071-fa9d-4a8a-8691-b9f74e03201e', 'd62e1071-fa9d-4a8a-8691-b9f74e03201e', 'd62e1071-fa9d-4a8a-8691-b9f74e03201e', 'd62e1071-fa9d-4a8a-8691-b9f74e03201e', 'd62e1071-fa9d-4a8a-8691-b9f74e03201e', 'd62e1071-fa9d-4a8a-8691-b9f74e03201e', 'd62e1071-fa9d-4a8a-8691-b9f74e03201e', 'd62e1071-fa9d-4a8a-8691-b9f74e03201e', 'd62e1071-fa9d-4a8a-8691-b9f74e03201e', 'd62e1071-fa9d-4a8a-8691-b9f74e03201e', 'd62e1071-fa9d-4a8a-8691-b9f74e03201e', 'd62e1071-fa9d-4a8a-8691-b9f74e03201e', 'd62e1071-fa9d-4a8a-8691-b9f74e03201e', 'd62e1071-fa9d-4a8a-8691-b9f74e03201e', 'd62e1071-fa9d-4a8a-8691-b9f74e03201e', 'd62e1071-fa9d-4a8a-8691-b9f74e03201e', 'd62e1071-fa9d-4a8a-8691-b9f74e03201e', 'd62e1071-fa9d-4a8a-8691-b9f74e03201e', 'd62e1071-fa9d-4a8a-8691-b9f74e03201e', 'd62e1071-fa9d-4a8a-8691-b9f74e03201e', 'd62e1071-fa9d-4a8a-8691-b9f74e03201e', 'd62e1071-fa9d-4a8a-8691-b9f74e03201e', 'd62e1071-fa9d-4a8a-8691-b9f74e03201e', 'd62e1071-fa9d-4a8a-8691-b9f74e03201e', 'd62e1071-fa9d-4a8a-8691-b9f74e03201e', 'd62e1071-fa9d-4a8a-8691-b9f74e03201e', 'd62e1071-fa9d-4a8a-8691-b9f74e03201e', 'd62e1071-fa9d-4a8a-8691-b9f74e03201e', 'd62e1071-fa9d-4a8a-8691-b9f74e03201e', 'd62e1071-fa9d-4a8a-8691-b9f74e03201e', 'd62e1071-fa9d-4a8a-8691-b9f74e03201e', 'd62e1071-fa9d-4a8a-8691-b9f74e03201e', 'd62e1071-fa9d-4a8a-8691-b9f74e03201e', 'd62e1071-fa9d-4a8a-8691-b9f74e03201e', 'd62e1071-fa9d-4a8a-8691-b9f74e03201e', 'd62e1071-fa9d-4a8a-8691-b9f74e03201e', 'd62e1071-fa9d-4a8a-8691-b9f74e03201e', 'd62e1071-fa9d-4a8a-8691-b9f74e03201e', 'd2d789df-a540-4322-aa1c-454da7266443', '68f1bafe-6502-4561-99cd-dcbc35916fc1', 'cbbeae33-c102-4252-a561-b76423b477fe', '1bff8dd7-c364-45ed-9972-f2f9f2755394']"
d0ba1c2f-53c8-4e0f-8ff8-d82ce73ca04e,8,"['25c1f647-36e1-4aa2-9e5d-e7001de138ff', '25c1f647-36e1-4aa2-9e5d-e7001de138ff', '25c1f647-36e1-4aa2-9e5d-e7001de138ff', '25c1f647-36e1-4aa2-9e5d-e7001de138ff', '25c1f647-36e1-4aa2-9e5d-e7001de138ff', '25c1f647-36e1-4aa2-9e5d-e7001de138ff', '25c1f647-36e1-4aa2-9e5d-e7001de138ff', '25c1f647-36e1-4aa2-9e5d-e7001de138ff', '25c1f647-36e1-4aa2-9e5d-e7001de138ff', '25c1f647-36e1-4aa2-9e5d-e7001de138ff', '25c1f647-36e1-4aa2-9e5d-e7001de138ff', '25c1f647-36e1-4aa2-9e5d-e7001de138ff', '25c1f647-36e1-4aa2-9e5d-e7001de138ff', '25c1f647-36e1-4aa2-9e5d-e7001de138ff', '25c1f647-36e1-4aa2-9e5d-e7001de138ff', '25c1f647-36e1-4aa2-9e5d-e7001de138ff', '25c1f647-36e1-4aa2-9e5d-e7001de138ff', '25c1f647-36e1-4aa2-9e5d-e7001de138ff', '25c1f647-36e1-4aa2-9e5d-e7001de138ff', '25c1f647-36e1-4aa2-9e5d-e7001de138ff', '25c1f647-36e1-4aa2-9e5d-e7001de138ff', '25c1f647-36e1-4aa2-9e5d-e7001de138ff', '25c1f647-36e1-4aa2-9e5d-e7001de138ff', '25c1f647-36e1-4aa2-9e5d-e7001de138ff', '25c1f647-36e1-4aa2-9e5d-e7001de138ff', '25c1f647-36e1-4aa2-9e5d-e7001de138ff', '25c1f647-36e1-4aa2-9e5d-e7001de138ff', '25c1f647-36e1-4aa2-9e5d-e7001de138ff', '25c1f647-36e1-4aa2-9e5d-e7001de138ff', '25c1f647-36e1-4aa2-9e5d-e7001de138ff', '25c1f647-36e1-4aa2-9e5d-e7001de138ff', '25c1f647-36e1-4aa2-9e5d-e7001de138ff', '25c1f647-36e1-4aa2-9e5d-e7001de138ff', '25c1f647-36e1-4aa2-9e5d-e7001de138ff', '25c1f647-36e1-4aa2-9e5d-e7001de138ff', '25c1f647-36e1-4aa2-9e5d-e7001de138ff', '25c1f647-36e1-4aa2-9e5d-e7001de138ff', '25c1f647-36e1-4aa2-9e5d-e7001de138ff', '25c1f647-36e1-4aa2-9e5d-e7001de138ff', '25c1f647-36e1-4aa2-9e5d-e7001de138ff', 'cf1d5f51-d866-4120-8128-c90114be0bbb', '13081dc2-b8b2-4955-b19b-e31fecc2e941', 'dc6bcf85-d0ab-400d-abf3-cf4e62246c1d', '8cf9486e-9527-4624-8968-eeaef7734909', '50734597-0c7a-4c45-9d74-61b68f90aca5', '51132150-0e40-49e7-90a4-4623124f419a', 'fba71742-1086-4bdd-9a43-59fd6d3efa9b', '8bc41c53-a531-4335-b242-41934b83b035', 'f66ada5f-3809-4499-b4e7-4127529a8a85', '8dd6fbe3-a435-4006-94ef-d47ea3173658']"
d0ba1c2f-53c8-4e0f-8ff8-d82ce73ca04e,9,"['25c1f647-36e1-4aa2-9e5d-e7001de138ff', '25c1f647-36e1-4aa2-9e5d-e7001de138ff', '25c1f647-36e1-4aa2-9e5d-e7001de138ff', '25c1f647-36e1-4aa2-9e5d-e7001de138ff', '25c1f647-36e1-4aa2-9e5d-e7001de138ff', '25c1f647-36e1-4aa2-9e5d-e7001de138ff', '25c1f647-36e1-4aa2-9e5d-e7001de138ff', '25c1f647-36e1-4aa2-9e5d-e7001de138ff', '25c1f647-36e1-4aa2-9e5d-e7001de138ff', '25c1f647-36e1-4aa2-9e5d-e7001de138ff', '25c1f647-36e1-4aa2-9e5d-e7001de138ff', '25c1f647-36e1-4aa2-9e5d-e7001de138ff', '25c1f647-36e1-4aa2-9e5d-e7001de138ff', '25c1f647-36e1-4aa2-9e5d-e7001de138ff', '25c1f647-36e1-4aa2-9e5d-e7001de138ff', '25c1f647-36e1-4aa2-9e5d-e7001de138ff', '25c1f647-36e1-4aa2-9e5d-e7001de138ff', '25c1f647-36e1-4aa2-9e5d-e7001de138ff', '25c1f647-36e1-4aa2-9e5d-e7001de138ff', '25c1f647-36e1-4aa2-9e5d-e7001de138ff', '25c1f647-36e1-4aa2-9e5d-e7001de138ff', '25c1f647-36e1-4aa2-9e5d-e7001de138ff', '25c1f647-36e1-4aa2-9e5d-e7001de138ff', '25c1f647-36e1-4aa2-9e5d-e7001de138ff', '25c1f647-36e1-4aa2-9e5d-e7001de138ff', '25c1f647-36e1-4aa2-9e5d-e7001de138ff', '25c1f647-36e1-4aa2-9e5d-e7001de138ff', '25c1f647-36e1-4aa2-9e5d-e7001de138ff', '25c1f647-36e1-4aa2-9e5d-e7001de138ff', '25c1f647-36e1-4aa2-9e5d-e7001de138ff', '25c1f647-36e1-4aa2-9e5d-e7001de138ff', '25c1f647-36e1-4aa2-9e5d-e7001de138ff', '25c1f647-36e1-4aa2-9e5d-e7001de138ff', '25c1f647-36e1-4aa2-9e5d-e7001de138ff', '25c1f647-36e1-4aa2-9e5d-e7001de138ff', '25c1f647-36e1-4aa2-9e5d-e7001de138ff', '25c1f647-36e1-4aa2-9e5d-e7001de138ff', 'cf1d5f51-d866-4120-8128-c90114be0bbb', '13081dc2-b8b2-4955-b19b-e31fecc2e941', 'dc6bcf85-d0ab-400d-abf3-cf4e62246c1d', '8cf9486e-9527-4624-8968-eeaef7734909', '50734597-0c7a-4c45-9d74-61b68f90aca5', '51132150-0e40-49e7-90a4-4623124f419a', 'fba71742-1086-4bdd-9a43-59fd6d3efa9b', '8bc41c53-a531-4335-b242-41934b83b035', '8dd6fbe3-a435-4006-94ef-d47ea3173658', '46d78a78-1043-4da2-81ab-07856d57dc36', '904aed03-adb6-4ae9-8f90-970d123cb01b', 'bbc5a307-749c-452f-ae49-42f43791b14c', 'ad41a8fb-9509-43da-b4a0-fa3531d20f72']"
d0ba1c2f-53c8-4e0f-8ff8-d82ce73ca04e,10,"['25c1f647-36e1-4aa2-9e5d-e7001de138ff', '25c1f647-36e1-4aa2-9e5d-e7001de138ff', '25c1f647-36e1-4aa2-9e5d-e7001de138ff', '25c1f647-36e1-4aa2-9e5d-e7001de138ff', '25c1f647-36e1-4aa2-9e5d-e7001de138ff', '25c1f647-36e1-4aa2-9e5d-e7001de138ff', '25c1f647-36e1-4aa2-9e5d-e7001de138ff', '25c1f647-36e1-4aa2-9e5d-e7001de138ff', '25c1f647-36e1-4aa2-9e5d-e7001de138ff', '25c1f647-36e1-4aa2-9e5d-e7001de138ff', '25c1f647-36e1-4aa2-9e5d-e7001de138ff', '25c1f647-36e1-4aa2-9e5d-e7001de138ff', '25c1f647-36e1-4aa2-9e5d-e7001de138ff', '25c1f647-36e1-4aa2-9e5d-e7001de138ff', '25c1f647-36e1-4aa2-9e5d-e7001de138ff', '25c1f647-36e1-4aa2-9e5d-e7001de138ff', '25c1f647-36e1-4aa2-9e5d-e7001de138ff', '25c1f647-36e1-4aa2-9e5d-e7001de138ff', '25c1f647-36e1-4aa2-9e5d-e7001de138ff', '25c1f647-36e1-4aa2-9e5d-e7001de138ff', '25c1f647-36e1-4aa2-9e5d-e7001de138ff', '25c1f647-36e1-4aa2-9e5d-e7001de138ff', '25c1f647-36e1-4aa2-9e5d-e7001de138ff', '25c1f647-36e1-4aa2-9e5d-e7001de138ff', '25c1f647-36e1-4aa2-9e5d-e7001de138ff', '25c1f647-36e1-4aa2-9e5d-e7001de138ff', '25c1f647-36e1-4aa2-9e5d-e7001de138ff', '25c1f647-36e1-4aa2-9e5d-e7001de138ff', '25c1f647-36e1-4aa2-9e5d-e7001de138ff', '25c1f647-36e1-4aa2-9e5d-e7001de138ff', '25c1f647-36e1-4aa2-9e5d-e7001de138ff', '25c1f647-36e1-4aa2-9e5d-e7001de138ff', 'cf1d5f51-d866-4120-8128-c90114be0bbb', '13081dc2-b8b2-4955-b19b-e31fecc2e941', 'dc6bcf85-d0ab-400d-abf3-cf4e62246c1d', '8cf9486e-9527-4624-8968-eeaef7734909', '50734597-0c7a-4c45-9d74-61b68f90aca5', '51132150-0e40-49e7-90a4-4623124f419a', '46d78a78-1043-4da2-81ab-07856d57dc36', '904aed03-adb6-4ae9-8f90-970d123cb01b', 'bbc5a307-749c-452f-ae49-42f43791b14c', 'ad41a8fb-9509-43da-b4a0-fa3531d20f72', '89c22243-12d0-43bd-98e0-0b5736dbb209', '504a30c6-47b2-453a-b26e-f1a2eb3122e6', '9b86eebb-738b-4b13-8cfb-853785867816', '1228698b-2780-4267-970b-bea8d7007273', 'c3eff534-9fb9-459f-95a2-e49a094e00a6', '0c1dc0dc-9eed-4d8f-a8cc-3360eeaad3ae', 'a4434a89-4560-4ed6-beee-92d7ed10936c', '54f69661-d1f1-4559-aed6-ee7a90e310dd']"
d0ba1c2f-53c8-4e0f-8ff8-d82ce73ca04e,11,"['25c1f647-36e1-4aa2-9e5d-e7001de138ff', '25c1f647-36e1-4aa2-9e5d-e7001de138ff', '25c1f647-36e1-4aa2-9e5d-e7001de138ff', '25c1f647-36e1-4aa2-9e5d-e7001de138ff', '25c1f647-36e1-4aa2-9e5d-e7001de138ff', '25c1f647-36e1-4aa2-9e5d-e7001de138ff', '25c1f647-36e1-4aa2-9e5d-e7001de138ff', '25c1f647-36e1-4aa2-9e5d-e7001de138ff', '25c1f647-36e1-4aa2-9e5d-e7001de138ff', '25c1f647-36e1-4aa2-9e5d-e7001de138ff', '25c1f647-36e1-4aa2-9e5d-e7001de138ff', '25c1f647-36e1-4aa2-9e5d-e7001de138ff', '25c1f647-36e1-4aa2-9e5d-e7001de138ff', '25c1f647-36e1-4aa2-9e5d-e7001de138ff', '25c1f647-36e1-4aa2-9e5d-e7001de138ff', '25c1f647-36e1-4aa2-9e5d-e7001de138ff', '25c1f647-36e1-4aa2-9e5d-e7001de138ff', '25c1f647-36e1-4aa2-9e5d-e7001de138ff', '25c1f647-36e1-4aa2-9e5d-e7001de138ff', '25c1f647-36e1-4aa2-9e5d-e7001de138ff', '25c1f647-36e1-4aa2-9e5d-e7001de138ff', '25c1f647-36e1-4aa2-9e5d-e7001de138ff', '25c1f647-36e1-4aa2-9e5d-e7001de138ff', '25c1f647-36e1-4aa2-9e5d-e7001de138ff', 'cf1d5f51-d866-4120-8128-c90114be0bbb', '13081dc2-b8b2-4955-b19b-e31fecc2e941', 'dc6bcf85-d0ab-400d-abf3-cf4e62246c1d', '8cf9486e-9527-4624-8968-eeaef7734909', '51132150-0e40-49e7-90a4-4623124f419a', '46d78a78-1043-4da2-81ab-07856d57dc36', '904aed03-adb6-4ae9-8f90-970d123cb01b', 'bbc5a307-749c-452f-ae49-42f43791b14c', 'ad41a8fb-9509-43da-b4a0-fa3531d20f72', '89c22243-12d0-43bd-98e0-0b5736dbb209', '1228698b-2780-4267-970b-bea8d7007273', '0c1dc0dc-9eed-4d8f-a8cc-3360eeaad3ae', '54f69661-d1f1-4559-aed6-ee7a90e310dd', '1f86a2a7-c6aa-4d41-bceb-ec5cb267b280', '238a0bb8-4e62-496b-befa-eaffe4d25943', '98757bd7-6c58-4925-b359-9a332225361f', '6951ae8b-d4a2-4f1f-8dc8-91b9ae562011', 'b4046927-5219-42d3-b33d-384ccfa3f042', '67eabd01-a5bf-4b42-a67f-7a5e25d9ca70', '431c9e00-f1be-4b18-ae11-5c089a22584a', '3ae7aa2f-aeae-46c4-b2c3-4740178167b9', '52194896-893d-4d8f-8825-24c740e56dce', '0bbbbe35-cea3-4a96-9316-e6e89141f483', 'f4e4e84c-740d-45b3-89af-69371afb0f5a', '8a625103-227c-495a-b328-a168b8479519', 'f18d5707-2a01-4caa-8f6d-3eefd92ce048']"
d0ba1c2f-53c8-4e0f-8ff8-d82ce73ca04e,12,"['25c1f647-36e1-4aa2-9e5d-e7001de138ff', '25c1f647-36e1-4aa2-9e5d-e7001de138ff', '25c1f647-36e1-4aa2-9e5d-e7001de138ff', '25c1f647-36e1-4aa2-9e5d-e7001de138ff', '25c1f647-36e1-4aa2-9e5d-e7001de138ff', '25c1f647-36e1-4aa2-9e5d-e7001de138ff', '25c1f647-36e1-4aa2-9e5d-e7001de138ff', '25c1f647-36e1-4aa2-9e5d-e7001de138ff', '25c1f647-36e1-4aa2-9e5d-e7001de138ff', '25c1f647-36e1-4aa2-9e5d-e7001de138ff', '25c1f647-36e1-4aa2-9e5d-e7001de138ff', '25c1f647-36e1-4aa2-9e5d-e7001de138ff', '25c1f647-36e1-4aa2-9e5d-e7001de138ff', '25c1f647-36e1-4aa2-9e5d-e7001de138ff', '25c1f647-36e1-4aa2-9e5d-e7001de138ff', '25c1f647-36e1-4aa2-9e5d-e7001de138ff', '25c1f647-36e1-4aa2-9e5d-e7001de138ff', '25c1f647-36e1-4aa2-9e5d-e7001de138ff', '25c1f647-36e1-4aa2-9e5d-e7001de138ff', '25c1f647-36e1-4aa2-9e5d-e7001de138ff', '25c1f647-36e1-4aa2-9e5d-e7001de138ff', '25c1f647-36e1-4aa2-9e5d-e7001de138ff', '25c1f647-36e1-4aa2-9e5d-e7001de138ff', '25c1f647-36e1-4aa2-9e5d-e7001de138ff', '25c1f647-36e1-4aa2-9e5d-e7001de138ff', '25c1f647-36e1-4aa2-9e5d-e7001de138ff', '25c1f647-36e1-4aa2-9e5d-e7001de138ff', '25c1f647-36e1-4aa2-9e5d-e7001de138ff', '25c1f647-36e1-4aa2-9e5d-e7001de138ff', '25c1f647-36e1-4aa2-9e5d-e7001de138ff', '25c1f647-36e1-4aa2-9e5d-e7001de138ff', '25c1f647-36e1-4aa2-9e5d-e7001de138ff', '25c1f647-36e1-4aa2-9e5d-e7001de138ff', '25c1f647-36e1-4aa2-9e5d-e7001de138ff', '25c1f647-36e1-4aa2-9e5d-e7001de138ff', '25c1f647-36e1-4aa2-9e5d-e7001de138ff', '25c1f647-36e1-4aa2-9e5d-e7001de138ff', '25c1f647-36e1-4aa2-9e5d-e7001de138ff', '25c1f647-36e1-4aa2-9e5d-e7001de138ff', '25c1f647-36e1-4aa2-9e5d-e7001de138ff', '25c1f647-36e1-4aa2-9e5d-e7001de138ff', '25c1f647-36e1-4aa2-9e5d-e7001de138ff', '25c1f647-36e1-4aa2-9e5d-e7001de138ff', '25c1f647-36e1-4aa2-9e5d-e7001de138ff', 'd644ba85-7dd8-4f91-8096-8ebef82ef9b2', 'f61e2c76-09f0-4194-972e-a4cf17d20726', 'c6cc0ec3-2d76-4c1a-aeab-bbc167308221', '9a76f85a-b9ef-4492-ae8e-68df13907a4c', '25890eca-94e8-41b7-8314-c4686b2506ad', '517b4ed4-6d23-4062-a2b4-a36c1a1fc219']"
d0ba1c2f-53c8-4e0f-8ff8-d82ce73ca04e,13,"['25c1f647-36e1-4aa2-9e5d-e7001de138ff', '25c1f647-36e1-4aa2-9e5d-e7001de138ff', '25c1f647-36e1-4aa2-9e5d-e7001de138ff', '25c1f647-36e1-4aa2-9e5d-e7001de138ff', '25c1f647-36e1-4aa2-9e5d-e7001de138ff', '25c1f647-36e1-4aa2-9e5d-e7001de138ff', '25c1f647-36e1-4aa2-9e5d-e7001de138ff', '25c1f647-36e1-4aa2-9e5d-e7001de138ff', '25c1f647-36e1-4aa2-9e5d-e7001de138ff', '25c1f647-36e1-4aa2-9e5d-e7001de138ff', '25c1f647-36e1-4aa2-9e5d-e7001de138ff', '25c1f647-36e1-4aa2-9e5d-e7001de138ff', '25c1f647-36e1-4aa2-9e5d-e7001de138ff', '25c1f647-36e1-4aa2-9e5d-e7001de138ff', '25c1f647-36e1-4aa2-9e5d-e7001de138ff', '25c1f647-36e1-4aa2-9e5d-e7001de138ff', '25c1f647-36e1-4aa2-9e5d-e7001de138ff', '25c1f647-36e1-4aa2-9e5d-e7001de138ff', '25c1f647-36e1-4aa2-9e5d-e7001de138ff', '25c1f647-36e1-4aa2-9e5d-e7001de138ff', '25c1f647-36e1-4aa2-9e5d-e7001de138ff', '25c1f647-36e1-4aa2-9e5d-e7001de138ff', '25c1f647-36e1-4aa2-9e5d-e7001de138ff', '25c1f647-36e1-4aa2-9e5d-e7001de138ff', '25c1f647-36e1-4aa2-9e5d-e7001de138ff', '25c1f647-36e1-4aa2-9e5d-e7001de138ff', '25c1f647-36e1-4aa2-9e5d-e7001de138ff', '25c1f647-36e1-4aa2-9e5d-e7001de138ff', '25c1f647-36e1-4aa2-9e5d-e7001de138ff', '25c1f647-36e1-4aa2-9e5d-e7001de138ff', '25c1f647-36e1-4aa2-9e5d-e7001de138ff', '25c1f647-36e1-4aa2-9e5d-e7001de138ff', '25c1f647-36e1-4aa2-9e5d-e7001de138ff', 'd644ba85-7dd8-4f91-8096-8ebef82ef9b2', 'f61e2c76-09f0-4194-972e-a4cf17d20726', 'c6cc0ec3-2d76-4c1a-aeab-bbc167308221', '25890eca-94e8-41b7-8314-c4686b2506ad', '517b4ed4-6d23-4062-a2b4-a36c1a1fc219', 'd413abc0-15c8-412f-ab5c-e6c716a78b88', '0dd6fa21-7d94-43d9-8b0a-86062a2d5886', '6e81d9b6-4023-4fb3-a627-d48d257cef47', 'a6d35d25-6ca3-40fd-a2da-c21d375f60d3', '7b7c6034-e376-45c0-ae5c-26495e076404', 'c2b3dbfe-2b30-4362-9a1b-726d26c69387', 'f99f91fd-535b-4555-8718-98d7213e0d25', '9c4e4ff6-d313-44ab-bab9-99a1ea7e6eea', '7508bab0-7982-46a2-8c0d-8e21fb287947', 'cce8c3f0-b56b-4e31-a816-91cfe6418397', '51e3683c-4d78-49f3-a09c-c6072d35e89d', '919ad117-be7c-4204-b916-46aa20a7ed8a']"
d0ba1c2f-53c8-4e0f-8ff8-d82ce73ca04e,14,"['25c1f647-36e1-4aa2-9e5d-e7001de138ff', '25c1f647-36e1-4aa2-9e5d-e7001de138ff', '25c1f647-36e1-4aa2-9e5d-e7001de138ff', '25c1f647-36e1-4aa2-9e5d-e7001de138ff', '25c1f647-36e1-4aa2-9e5d-e7001de138ff', '25c1f647-36e1-4aa2-9e5d-e7001de138ff', '25c1f647-36e1-4aa2-9e5d-e7001de138ff', '25c1f647-36e1-4aa2-9e5d-e7001de138ff', '25c1f647-36e1-4aa2-9e5d-e7001de138ff', '25c1f647-36e1-4aa2-9e5d-e7001de138ff', '25c1f647-36e1-4aa2-9e5d-e7001de138ff', '25c1f647-36e1-4aa2-9e5d-e7001de138ff', '25c1f647-36e1-4aa2-9e5d-e7001de138ff', '25c1f647-36e1-4aa2-9e5d-e7001de138ff', '25c1f647-36e1-4aa2-9e5d-e7001de138ff', '25c1f647-36e1-4aa2-9e5d-e7001de138ff', '25c1f647-36e1-4aa2-9e5d-e7001de138ff', '25c1f647-36e1-4aa2-9e5d-e7001de138ff', '25c1f647-36e1-4aa2-9e5d-e7001de138ff', '25c1f647-36e1-4aa2-9e5d-e7001de138ff', '25c1f647-36e1-4aa2-9e5d-e7001de138ff', 'd644ba85-7dd8-4f91-8096-8ebef82ef9b2', 'f61e2c76-09f0-4194-972e-a4cf17d20726', 'c6cc0ec3-2d76-4c1a-aeab-bbc167308221', '25890eca-94e8-41b7-8314-c4686b2506ad', '517b4ed4-6d23-4062-a2b4-a36c1a1fc219', 'd413abc0-15c8-412f-ab5c-e6c716a78b88', 'a6d35d25-6ca3-40fd-a2da-c21d375f60d3', '7b7c6034-e376-45c0-ae5c-26495e076404', 'c2b3dbfe-2b30-4362-9a1b-726d26c69387', 'f99f91fd-535b-4555-8718-98d7213e0d25', '9c4e4ff6-d313-44ab-bab9-99a1ea7e6eea', '7508bab0-7982-46a2-8c0d-8e21fb287947', 'cce8c3f0-b56b-4e31-a816-91cfe6418397', '51e3683c-4d78-49f3-a09c-c6072d35e89d', 'fd8a228f-9d0e-4367-9e8d-167adc847407', '481f1b9e-db5a-4b1d-802c-865a4af261e2', '643cc997-3253-47d9-9159-b4f2ffbad931', '170fbf02-704b-4a27-88ae-eca427443a9e', '69fa0904-775a-4f4e-90de-9fcfce7228d5', 'bbabaf10-2dae-44e1-80bc-8c77c56bc2b9', 'c74ab8ee-96f2-4497-811f-47d498de83ac', '789f4401-95d0-459b-ab6c-afca52fa1ac0', '8063334a-2f37-4563-85b6-d0bbdbd1b95e', '2cfe8168-55d5-4a89-8074-338dea05f944', 'a7ee95bd-e471-42dc-a6f3-1e70bf67d376', 'cffdc86d-f4d8-4a6b-9bdc-cd1b0440671a', '7cffaf28-17fa-4a9d-a810-01df33e4bb71', 'e0df628f-ac1d-4435-9915-df5e588a1500', 'f35fb6a6-17d3-4eef-a875-ed4ee2a86f93']"
d0ba1c2f-53c8-4e0f-8ff8-d82ce73ca04e,15,"['25c1f647-36e1-4aa2-9e5d-e7001de138ff', '25c1f647-36e1-4aa2-9e5d-e7001de138ff', '25c1f647-36e1-4aa2-9e5d-e7001de138ff', '25c1f647-36e1-4aa2-9e5d-e7001de138ff', '25c1f647-36e1-4aa2-9e5d-e7001de138ff', '25c1f647-36e1-4aa2-9e5d-e7001de138ff', '25c1f647-36e1-4aa2-9e5d-e7001de138ff', '25c1f647-36e1-4aa2-9e5d-e7001de138ff', '25c1f647-36e1-4aa2-9e5d-e7001de138ff', '25c1f647-36e1-4aa2-9e5d-e7001de138ff', '25c1f647-36e1-4aa2-9e5d-e7001de138ff', '25c1f647-36e1-4aa2-9e5d-e7001de138ff', '25c1f647-36e1-4aa2-9e5d-e7001de138ff', '25c1f647-36e1-4aa2-9e5d-e7001de138ff', '25c1f647-36e1-4aa2-9e5d-e7001de138ff', '25c1f647-36e1-4aa2-9e5d-e7001de138ff', '25c1f647-36e1-4aa2-9e5d-e7001de138ff', '25c1f647-36e1-4aa2-9e5d-e7001de138ff', '25c1f647-36e1-4aa2-9e5d-e7001de138ff', '25c1f647-36e1-4aa2-9e5d-e7001de138ff', '25c1f647-36e1-4aa2-9e5d-e7001de138ff', '25c1f647-36e1-4aa2-9e5d-e7001de138ff', '25c1f647-36e1-4aa2-9e5d-e7001de138ff', '25c1f647-36e1-4aa2-9e5d-e7001de138ff', '25c1f647-36e1-4aa2-9e5d-e7001de138ff', '25c1f647-36e1-4aa2-9e5d-e7001de138ff', '25c1f647-36e1-4aa2-9e5d-e7001de138ff', '25c1f647-36e1-4aa2-9e5d-e7001de138ff', '25c1f647-36e1-4aa2-9e5d-e7001de138ff', '25c1f647-36e1-4aa2-9e5d-e7001de138ff', '25c1f647-36e1-4aa2-9e5d-e7001de138ff', '25c1f647-36e1-4aa2-9e5d-e7001de138ff', '25c1f647-36e1-4aa2-9e5d-e7001de138ff', '7085feb2-0e4d-4d14-a14b-6c980dec8fac', 'aa01aa4a-d96a-429f-85a6-80d8c3c7afd3', '4a8a279c-0817-4d31-8ab3-eb99ec76bd2b', '2efc3c57-6f5c-4abd-8caf-b15fc5dc2442', 'b971be07-be22-4f74-b40a-4f682ceac04e', '70314176-7b1b-48a7-b494-edc5e4d9944f', '5d6854c4-7043-492e-bdbc-77b009cdd151', 'a376403a-02b5-40b7-92f7-d8dd7bf80d40', '22d792ab-1050-4eb1-8dce-9fe69f48e3b0', '77c9f5ea-bb2b-4fa4-baf1-958fb3003d1d', '071a73dd-bbe3-453a-91e0-01f04573305c', '7f139e5b-0402-468b-91da-36b40f58187f', '964c7479-1717-4dee-b61d-5a889c536494', '02026f91-4e38-4b6b-8fe0-cb1550a0971e', '61717f9e-32de-4f0a-8e16-bf117cc0fbaa', '5bbfb746-d711-47b5-a792-9b978c276575', 'e02e9ba1-b283-4ea4-bdb4-f7ab9b805d02']"
