run_id,itr,pool_members_uuids
357f9623-981c-4653-b08b-ba8f0d8d5e25,0,"['9d6ab14b-333f-426c-8dee-219430d57263', '9d6ab14b-333f-426c-8dee-219430d57263', '9d6ab14b-333f-426c-8dee-219430d57263', '9d6ab14b-333f-426c-8dee-219430d57263', '9d6ab14b-333f-426c-8dee-219430d57263', '9d6ab14b-333f-426c-8dee-219430d57263', '9d6ab14b-333f-426c-8dee-219430d57263', '9d6ab14b-333f-426c-8dee-219430d57263', '9d6ab14b-333f-426c-8dee-219430d57263', '9d6ab14b-333f-426c-8dee-219430d57263', '9d6ab14b-333f-426c-8dee-219430d57263', '9d6ab14b-333f-426c-8dee-219430d57263', '9d6ab14b-333f-426c-8dee-219430d57263', '9d6ab14b-333f-426c-8dee-219430d57263', '9d6ab14b-333f-426c-8dee-219430d57263', '9d6ab14b-333f-426c-8dee-219430d57263', '9d6ab14b-333f-426c-8dee-219430d57263', '9d6ab14b-333f-426c-8dee-219430d57263', '9d6ab14b-333f-426c-8dee-219430d57263', '9d6ab14b-333f-426c-8dee-219430d57263', '9d6ab14b-333f-426c-8dee-219430d57263', '9d6ab14b-333f-426c-8dee-219430d57263', '9d6ab14b-333f-426c-8dee-219430d57263', '9d6ab14b-333f-426c-8dee-219430d57263', '9d6ab14b-333f-426c-8dee-219430d57263', '9d6ab14b-333f-426c-8dee-219430d57263', '9d6ab14b-333f-426c-8dee-219430d57263', '9d6ab14b-333f-426c-8dee-219430d57263', '9d6ab14b-333f-426c-8dee-219430d57263', '9d6ab14b-333f-426c-8dee-219430d57263', '9d6ab14b-333f-426c-8dee-219430d57263', '9d6ab14b-333f-426c-8dee-219430d57263', '9d6ab14b-333f-426c-8dee-219430d57263', '9d6ab14b-333f-426c-8dee-219430d57263', '9d6ab14b-333f-426c-8dee-219430d57263', '9d6ab14b-333f-426c-8dee-219430d57263', '9d6ab14b-333f-426c-8dee-219430d57263', '9d6ab14b-333f-426c-8dee-219430d57263', '9d6ab14b-333f-426c-8dee-219430d57263', '9d6ab14b-333f-426c-8dee-219430d57263', '9d6ab14b-333f-426c-8dee-219430d57263', '9d6ab14b-333f-426c-8dee-219430d57263', '9d6ab14b-333f-426c-8dee-219430d57263', '9d6ab14b-333f-426c-8dee-219430d57263', '9d6ab14b-333f-426c-8dee-219430d57263', '9d6ab14b-333f-426c-8dee-219430d57263', '9d6ab14b-333f-426c-8dee-219430d57263', '9d6ab14b-333f-426c-8dee-219430d57263', '9d6ab14b-333f-426c-8dee-219430d57263', '9d6ab14b-333f-426c-8dee-219430d57263']"
357f9623-981c-4653-b08b-ba8f0d8d5e25,1,"['9d6ab14b-333f-426c-8dee-219430d57263', '9d6ab14b-333f-426c-8dee-219430d57263', '9d6ab14b-333f-426c-8dee-219430d57263', '9d6ab14b-333f-426c-8dee-219430d57263', '9d6ab14b-333f-426c-8dee-219430d57263', '9d6ab14b-333f-426c-8dee-219430d57263', '9d6ab14b-333f-426c-8dee-219430d57263', '9d6ab14b-333f-426c-8dee-219430d57263', '9d6ab14b-333f-426c-8dee-219430d57263', '9d6ab14b-333f-426c-8dee-219430d57263', '9d6ab14b-333f-426c-8dee-219430d57263', '9d6ab14b-333f-426c-8dee-219430d57263', '9d6ab14b-333f-426c-8dee-219430d57263', '9d6ab14b-333f-426c-8dee-219430d57263', '9d6ab14b-333f-426c-8dee-219430d57263', '9d6ab14b-333f-426c-8dee-219430d57263', '9d6ab14b-333f-426c-8dee-219430d57263', '9d6ab14b-333f-426c-8dee-219430d57263', '9d6ab14b-333f-426c-8dee-219430d57263', '9d6ab14b-333f-426c-8dee-219430d57263', '9d6ab14b-333f-426c-8dee-219430d57263', '9d6ab14b-333f-426c-8dee-219430d57263', '9d6ab14b-333f-426c-8dee-219430d57263', '9d6ab14b-333f-426c-8dee-219430d57263', '9d6ab14b-333f-426c-8dee-219430d57263', '9d6ab14b-333f-426c-8dee-219430d57263', '9d6ab14b-333f-426c-8dee-219430d57263', '9d6ab14b-333f-426c-8dee-219430d57263', '9d6ab14b-333f-426c-8dee-219430d57263', '9d6ab14b-333f-426c-8dee-219430d57263', '9d6ab14b-333f-426c-8dee-219430d57263', '9d6ab14b-333f-426c-8dee-219430d57263', '9d6ab14b-333f-426c-8dee-219430d57263', '9d6ab14b-333f-426c-8dee-219430d57263', '9d6ab14b-333f-426c-8dee-219430d57263', '9d6ab14b-333f-426c-8dee-219430d57263', '9d6ab14b-333f-426c-8dee-219430d57263', '9d6ab14b-333f-426c-8dee-219430d57263', 'ff882dfa-7800-441d-9885-81b191cfbd55', 'dc3d6bc9-418d-4ac4-928a-5e7aeed1ab6c', 'c00e36a5-c43a-4574-b702-718ac06500ac', '749a9002-eb47-492e-8813-fdd35d3089b0', 'f45c8c02-3ae1-4b97-befa-4385f4926561', 'a2fe1355-9101-44f1-a430-014cb15bfe56', '64aa6d14-37fb-422a-a6b0-66bc1b7916ca', 'c88902d7-aa49-416b-ace8-6bc27d054c9c', '7ffd2a56-f081-414d-a4e3-53b61c35663c', '8f6483ab-8354-481a-9659-d9a0d00f34c6', 'ac34b280-4b5a-4ef4-99c1-c4e05c8fe0a0', '83a66acc-2e8e-44a5-a245-ec8d32199d27']"
357f9623-981c-4653-b08b-ba8f0d8d5e25,2,"['9d6ab14b-333f-426c-8dee-219430d57263', '9d6ab14b-333f-426c-8dee-219430d57263', '9d6ab14b-333f-426c-8dee-219430d57263', '9d6ab14b-333f-426c-8dee-219430d57263', '9d6ab14b-333f-426c-8dee-219430d57263', '9d6ab14b-333f-426c-8dee-219430d57263', '9d6ab14b-333f-426c-8dee-219430d57263', '9d6ab14b-333f-426c-8dee-219430d57263', '9d6ab14b-333f-426c-8dee-219430d57263', '9d6ab14b-333f-426c-8dee-219430d57263', '9d6ab14b-333f-426c-8dee-219430d57263', '9d6ab14b-333f-426c-8dee-219430d57263', '9d6ab14b-333f-426c-8dee-219430d57263', '9d6ab14b-333f-426c-8dee-219430d57263', '9d6ab14b-333f-426c-8dee-219430d57263', '9d6ab14b-333f-426c-8dee-219430d57263', '9d6ab14b-333f-426c-8dee-219430d57263', '9d6ab14b-333f-426c-8dee-219430d57263', '9d6ab14b-333f-426c-8dee-219430d57263', '9d6ab14b-333f-426c-8dee-219430d57263', '9d6ab14b-333f-426c-8dee-219430d57263', '9d6ab14b-333f-426c-8dee-219430d57263', '9d6ab14b-333f-426c-8dee-219430d57263', '9d6ab14b-333f-426c-8dee-219430d57263', '9d6ab14b-333f-426c-8dee-219430d57263', '9d6ab14b-333f-426c-8dee-219430d57263', '9d6ab14b-333f-426c-8dee-219430d57263', '9d6ab14b-333f-426c-8dee-219430d57263', '9d6ab14b-333f-426c-8dee-219430d57263', 'ff882dfa-7800-441d-9885-81b191cfbd55', 'dc3d6bc9-418d-4ac4-928a-5e7aeed1ab6c', 'c00e36a5-c43a-4574-b702-718ac06500ac', '749a9002-eb47-492e-8813-fdd35d3089b0', 'f45c8c02-3ae1-4b97-befa-4385f4926561', 'a2fe1355-9101-44f1-a430-014cb15bfe56', '64aa6d14-37fb-422a-a6b0-66bc1b7916ca', 'c88902d7-aa49-416b-ace8-6bc27d054c9c', '7ffd2a56-f081-414d-a4e3-53b61c35663c', '8f6483ab-8354-481a-9659-d9a0d00f34c6', 'ac34b280-4b5a-4ef4-99c1-c4e05c8fe0a0', '83a66acc-2e8e-44a5-a245-ec8d32199d27', '4e15fdd1-f75a-43aa-8dda-ca6f4bc26721', '3b487a62-026f-46bb-984d-f6d58aefde28', '0d6ad3bd-6a65-4faa-9524-114bed799fbe', '94300b1c-dd19-4608-9163-8eabef393595', '254308a9-70cd-4645-9314-48f514c5f0ee', '3098691e-153d-4b8b-b8db-3af74b656aa5', 'd20c8b00-738f-4d39-8b8e-579be3656599', '1cf17228-1683-41a3-8b5f-dbc8338d79a8', 'bd89d88c-1050-419a-8dde-983e63b8356c']"
a95d9575-b62a-4015-a7db-21dbbab2792a,0,"['f8714207-8ae4-4a0a-91b3-788d9c6b2b7a', 'f8714207-8ae4-4a0a-91b3-788d9c6b2b7a', 'f8714207-8ae4-4a0a-91b3-788d9c6b2b7a', 'f8714207-8ae4-4a0a-91b3-788d9c6b2b7a', 'f8714207-8ae4-4a0a-91b3-788d9c6b2b7a', 'f8714207-8ae4-4a0a-91b3-788d9c6b2b7a', 'f8714207-8ae4-4a0a-91b3-788d9c6b2b7a', 'f8714207-8ae4-4a0a-91b3-788d9c6b2b7a', 'f8714207-8ae4-4a0a-91b3-788d9c6b2b7a', 'f8714207-8ae4-4a0a-91b3-788d9c6b2b7a', 'f8714207-8ae4-4a0a-91b3-788d9c6b2b7a', 'f8714207-8ae4-4a0a-91b3-788d9c6b2b7a', 'f8714207-8ae4-4a0a-91b3-788d9c6b2b7a', 'f8714207-8ae4-4a0a-91b3-788d9c6b2b7a', 'f8714207-8ae4-4a0a-91b3-788d9c6b2b7a', 'f8714207-8ae4-4a0a-91b3-788d9c6b2b7a', 'f8714207-8ae4-4a0a-91b3-788d9c6b2b7a', 'f8714207-8ae4-4a0a-91b3-788d9c6b2b7a', 'f8714207-8ae4-4a0a-91b3-788d9c6b2b7a', 'f8714207-8ae4-4a0a-91b3-788d9c6b2b7a', 'f8714207-8ae4-4a0a-91b3-788d9c6b2b7a', 'f8714207-8ae4-4a0a-91b3-788d9c6b2b7a', 'f8714207-8ae4-4a0a-91b3-788d9c6b2b7a', 'f8714207-8ae4-4a0a-91b3-788d9c6b2b7a', 'f8714207-8ae4-4a0a-91b3-788d9c6b2b7a', 'f8714207-8ae4-4a0a-91b3-788d9c6b2b7a', 'f8714207-8ae4-4a0a-91b3-788d9c6b2b7a', 'f8714207-8ae4-4a0a-91b3-788d9c6b2b7a', 'f8714207-8ae4-4a0a-91b3-788d9c6b2b7a', 'f8714207-8ae4-4a0a-91b3-788d9c6b2b7a', 'f8714207-8ae4-4a0a-91b3-788d9c6b2b7a', 'f8714207-8ae4-4a0a-91b3-788d9c6b2b7a', 'f8714207-8ae4-4a0a-91b3-788d9c6b2b7a', 'f8714207-8ae4-4a0a-91b3-788d9c6b2b7a', 'f8714207-8ae4-4a0a-91b3-788d9c6b2b7a', 'f8714207-8ae4-4a0a-91b3-788d9c6b2b7a', 'f8714207-8ae4-4a0a-91b3-788d9c6b2b7a', 'f8714207-8ae4-4a0a-91b3-788d9c6b2b7a', 'f8714207-8ae4-4a0a-91b3-788d9c6b2b7a', 'f8714207-8ae4-4a0a-91b3-788d9c6b2b7a', 'f8714207-8ae4-4a0a-91b3-788d9c6b2b7a', 'f8714207-8ae4-4a0a-91b3-788d9c6b2b7a', 'f8714207-8ae4-4a0a-91b3-788d9c6b2b7a', 'f8714207-8ae4-4a0a-91b3-788d9c6b2b7a', 'f8714207-8ae4-4a0a-91b3-788d9c6b2b7a', 'f8714207-8ae4-4a0a-91b3-788d9c6b2b7a', 'f8714207-8ae4-4a0a-91b3-788d9c6b2b7a', 'f8714207-8ae4-4a0a-91b3-788d9c6b2b7a', 'f8714207-8ae4-4a0a-91b3-788d9c6b2b7a', 'f8714207-8ae4-4a0a-91b3-788d9c6b2b7a']"
357f9623-981c-4653-b08b-ba8f0d8d5e25,3,"['9d6ab14b-333f-426c-8dee-219430d57263', '9d6ab14b-333f-426c-8dee-219430d57263', '9d6ab14b-333f-426c-8dee-219430d57263', '9d6ab14b-333f-426c-8dee-219430d57263', '9d6ab14b-333f-426c-8dee-219430d57263', '9d6ab14b-333f-426c-8dee-219430d57263', '9d6ab14b-333f-426c-8dee-219430d57263', '9d6ab14b-333f-426c-8dee-219430d57263', '9d6ab14b-333f-426c-8dee-219430d57263', '9d6ab14b-333f-426c-8dee-219430d57263', '9d6ab14b-333f-426c-8dee-219430d57263', '9d6ab14b-333f-426c-8dee-219430d57263', '9d6ab14b-333f-426c-8dee-219430d57263', '9d6ab14b-333f-426c-8dee-219430d57263', '9d6ab14b-333f-426c-8dee-219430d57263', '9d6ab14b-333f-426c-8dee-219430d57263', '9d6ab14b-333f-426c-8dee-219430d57263', '9d6ab14b-333f-426c-8dee-219430d57263', '9d6ab14b-333f-426c-8dee-219430d57263', '9d6ab14b-333f-426c-8dee-219430d57263', '9d6ab14b-333f-426c-8dee-219430d57263', '9d6ab14b-333f-426c-8dee-219430d57263', '9d6ab14b-333f-426c-8dee-219430d57263', 'ff882dfa-7800-441d-9885-81b191cfbd55', 'f45c8c02-3ae1-4b97-befa-4385f4926561', 'a2fe1355-9101-44f1-a430-014cb15bfe56', '64aa6d14-37fb-422a-a6b0-66bc1b7916ca', 'c88902d7-aa49-416b-ace8-6bc27d054c9c', '8f6483ab-8354-481a-9659-d9a0d00f34c6', 'ac34b280-4b5a-4ef4-99c1-c4e05c8fe0a0', '4e15fdd1-f75a-43aa-8dda-ca6f4bc26721', '3b487a62-026f-46bb-984d-f6d58aefde28', '94300b1c-dd19-4608-9163-8eabef393595', '254308a9-70cd-4645-9314-48f514c5f0ee', '3098691e-153d-4b8b-b8db-3af74b656aa5', '1cf17228-1683-41a3-8b5f-dbc8338d79a8', 'ca66034d-2bd1-4e37-bb3a-ceb9595c779b', '5922fd12-e95d-4ff2-a0ad-efa180a9a5b0', '74009ad0-2d6a-45a2-80a6-6caca96f5f09', '3b15a1cf-906d-4302-a2ad-fb3515b16f44', 'cdc49aca-c6b4-4227-b230-055594402f0c', '7f815c9b-3cc2-411e-8e1a-323613a1421a', 'd6b1a968-8014-4402-842e-d5ccb1a963b5', '2b5230f0-3d1b-4edb-9138-9a1651476d3b', '4d210c46-3930-44ac-ba91-edd33cd49854', 'c8452418-1ce8-4051-a18a-d5604da58bf7', '944ec9c9-e34a-4348-b890-6c0c06109b66', '509b169f-0720-4bcc-88fe-73a2e3aee642', '117c4bf9-fd00-44fa-87d9-e000097c0dcd', '5e679d2a-0f68-49be-99ef-6ba13a390612']"
a95d9575-b62a-4015-a7db-21dbbab2792a,1,"['f8714207-8ae4-4a0a-91b3-788d9c6b2b7a', 'f8714207-8ae4-4a0a-91b3-788d9c6b2b7a', 'f8714207-8ae4-4a0a-91b3-788d9c6b2b7a', 'f8714207-8ae4-4a0a-91b3-788d9c6b2b7a', 'f8714207-8ae4-4a0a-91b3-788d9c6b2b7a', 'f8714207-8ae4-4a0a-91b3-788d9c6b2b7a', 'f8714207-8ae4-4a0a-91b3-788d9c6b2b7a', 'f8714207-8ae4-4a0a-91b3-788d9c6b2b7a', 'f8714207-8ae4-4a0a-91b3-788d9c6b2b7a', 'f8714207-8ae4-4a0a-91b3-788d9c6b2b7a', 'f8714207-8ae4-4a0a-91b3-788d9c6b2b7a', 'f8714207-8ae4-4a0a-91b3-788d9c6b2b7a', 'f8714207-8ae4-4a0a-91b3-788d9c6b2b7a', 'f8714207-8ae4-4a0a-91b3-788d9c6b2b7a', 'f8714207-8ae4-4a0a-91b3-788d9c6b2b7a', 'f8714207-8ae4-4a0a-91b3-788d9c6b2b7a', 'f8714207-8ae4-4a0a-91b3-788d9c6b2b7a', 'f8714207-8ae4-4a0a-91b3-788d9c6b2b7a', 'f8714207-8ae4-4a0a-91b3-788d9c6b2b7a', 'f8714207-8ae4-4a0a-91b3-788d9c6b2b7a', 'f8714207-8ae4-4a0a-91b3-788d9c6b2b7a', 'f8714207-8ae4-4a0a-91b3-788d9c6b2b7a', 'f8714207-8ae4-4a0a-91b3-788d9c6b2b7a', 'f8714207-8ae4-4a0a-91b3-788d9c6b2b7a', 'f8714207-8ae4-4a0a-91b3-788d9c6b2b7a', 'f8714207-8ae4-4a0a-91b3-788d9c6b2b7a', 'f8714207-8ae4-4a0a-91b3-788d9c6b2b7a', 'f8714207-8ae4-4a0a-91b3-788d9c6b2b7a', 'f8714207-8ae4-4a0a-91b3-788d9c6b2b7a', 'f8714207-8ae4-4a0a-91b3-788d9c6b2b7a', 'f8714207-8ae4-4a0a-91b3-788d9c6b2b7a', 'f8714207-8ae4-4a0a-91b3-788d9c6b2b7a', 'f8714207-8ae4-4a0a-91b3-788d9c6b2b7a', 'f8714207-8ae4-4a0a-91b3-788d9c6b2b7a', 'f8714207-8ae4-4a0a-91b3-788d9c6b2b7a', 'f8714207-8ae4-4a0a-91b3-788d9c6b2b7a', 'f8714207-8ae4-4a0a-91b3-788d9c6b2b7a', 'f8714207-8ae4-4a0a-91b3-788d9c6b2b7a', '33b43d1c-f76c-4608-8436-07a79a1bdcd6', '23b84f5a-3b8d-4ccc-b419-11ba94c05ff4', 'e8850afa-cf7d-41f1-af81-1c9c69632aa3', '9e0992de-b39c-4880-be87-dfedf5bd6bea', 'feec7ab7-7826-481d-9b03-7fbcb26e280d', 'a9b6b8d9-2141-434a-9ba7-67078c7cf78b', '27d92a0e-ae1a-467e-bc0f-8a6ea0dba86e', 'd79100da-ac6d-4632-8d32-a618a795f66a', '4957be0b-dea8-45c4-b61a-42f2b75829f1', '3bd178e3-1ca6-4c2e-85b6-29b701472ffc', '7c8f9e42-c538-4161-b872-6525ee7c043e', '0b8fdc6c-8101-4e8e-9df0-3d00e72fca0c']"
357f9623-981c-4653-b08b-ba8f0d8d5e25,4,"['9d6ab14b-333f-426c-8dee-219430d57263', '9d6ab14b-333f-426c-8dee-219430d57263', '9d6ab14b-333f-426c-8dee-219430d57263', '9d6ab14b-333f-426c-8dee-219430d57263', '9d6ab14b-333f-426c-8dee-219430d57263', '9d6ab14b-333f-426c-8dee-219430d57263', '9d6ab14b-333f-426c-8dee-219430d57263', '9d6ab14b-333f-426c-8dee-219430d57263', '9d6ab14b-333f-426c-8dee-219430d57263', '9d6ab14b-333f-426c-8dee-219430d57263', '9d6ab14b-333f-426c-8dee-219430d57263', '9d6ab14b-333f-426c-8dee-219430d57263', '9d6ab14b-333f-426c-8dee-219430d57263', '9d6ab14b-333f-426c-8dee-219430d57263', '9d6ab14b-333f-426c-8dee-219430d57263', '9d6ab14b-333f-426c-8dee-219430d57263', '9d6ab14b-333f-426c-8dee-219430d57263', '9d6ab14b-333f-426c-8dee-219430d57263', '9d6ab14b-333f-426c-8dee-219430d57263', '9d6ab14b-333f-426c-8dee-219430d57263', '9d6ab14b-333f-426c-8dee-219430d57263', '9d6ab14b-333f-426c-8dee-219430d57263', '9d6ab14b-333f-426c-8dee-219430d57263', '9d6ab14b-333f-426c-8dee-219430d57263', '9d6ab14b-333f-426c-8dee-219430d57263', '9d6ab14b-333f-426c-8dee-219430d57263', '9d6ab14b-333f-426c-8dee-219430d57263', '9d6ab14b-333f-426c-8dee-219430d57263', '9d6ab14b-333f-426c-8dee-219430d57263', '9d6ab14b-333f-426c-8dee-219430d57263', '9d6ab14b-333f-426c-8dee-219430d57263', '9d6ab14b-333f-426c-8dee-219430d57263', '9d6ab14b-333f-426c-8dee-219430d57263', '9d6ab14b-333f-426c-8dee-219430d57263', '9d6ab14b-333f-426c-8dee-219430d57263', '9d6ab14b-333f-426c-8dee-219430d57263', '9d6ab14b-333f-426c-8dee-219430d57263', '9d6ab14b-333f-426c-8dee-219430d57263', '9d6ab14b-333f-426c-8dee-219430d57263', '9d6ab14b-333f-426c-8dee-219430d57263', '9d6ab14b-333f-426c-8dee-219430d57263', '72fe3ff8-cbd3-411f-b26f-72bcce3647f4', 'ae60cb5a-c8ee-4040-a216-161f9784fef2', '3b689bfb-e0db-42f8-877c-d16bc6413346', '00a5b21e-7893-423e-914e-5bd500106d20', 'fd9f3d56-3c8c-4fd0-b2b8-abbaa784fee2', 'dbb87beb-739b-4d2e-9b51-1c1dd5d55575', 'ff246564-9594-4bb2-8ea2-2d6d5a309982', 'd03cdc8e-48e2-4459-9657-d21b51f3e347', 'a9bb86a5-2a5a-4186-9164-801c61859503']"
1d576d13-a6e5-4375-9d90-0385f5689b86,0,"['a9e73035-56ab-46d4-9c87-68c66930faeb', 'a9e73035-56ab-46d4-9c87-68c66930faeb', 'a9e73035-56ab-46d4-9c87-68c66930faeb', 'a9e73035-56ab-46d4-9c87-68c66930faeb', 'a9e73035-56ab-46d4-9c87-68c66930faeb', 'a9e73035-56ab-46d4-9c87-68c66930faeb', 'a9e73035-56ab-46d4-9c87-68c66930faeb', 'a9e73035-56ab-46d4-9c87-68c66930faeb', 'a9e73035-56ab-46d4-9c87-68c66930faeb', 'a9e73035-56ab-46d4-9c87-68c66930faeb', 'a9e73035-56ab-46d4-9c87-68c66930faeb', 'a9e73035-56ab-46d4-9c87-68c66930faeb', 'a9e73035-56ab-46d4-9c87-68c66930faeb', 'a9e73035-56ab-46d4-9c87-68c66930faeb', 'a9e73035-56ab-46d4-9c87-68c66930faeb', 'a9e73035-56ab-46d4-9c87-68c66930faeb', 'a9e73035-56ab-46d4-9c87-68c66930faeb', 'a9e73035-56ab-46d4-9c87-68c66930faeb', 'a9e73035-56ab-46d4-9c87-68c66930faeb', 'a9e73035-56ab-46d4-9c87-68c66930faeb', 'a9e73035-56ab-46d4-9c87-68c66930faeb', 'a9e73035-56ab-46d4-9c87-68c66930faeb', 'a9e73035-56ab-46d4-9c87-68c66930faeb', 'a9e73035-56ab-46d4-9c87-68c66930faeb', 'a9e73035-56ab-46d4-9c87-68c66930faeb', 'a9e73035-56ab-46d4-9c87-68c66930faeb', 'a9e73035-56ab-46d4-9c87-68c66930faeb', 'a9e73035-56ab-46d4-9c87-68c66930faeb', 'a9e73035-56ab-46d4-9c87-68c66930faeb', 'a9e73035-56ab-46d4-9c87-68c66930faeb', 'a9e73035-56ab-46d4-9c87-68c66930faeb', 'a9e73035-56ab-46d4-9c87-68c66930faeb', 'a9e73035-56ab-46d4-9c87-68c66930faeb', 'a9e73035-56ab-46d4-9c87-68c66930faeb', 'a9e73035-56ab-46d4-9c87-68c66930faeb', 'a9e73035-56ab-46d4-9c87-68c66930faeb', 'a9e73035-56ab-46d4-9c87-68c66930faeb', 'a9e73035-56ab-46d4-9c87-68c66930faeb', 'a9e73035-56ab-46d4-9c87-68c66930faeb', 'a9e73035-56ab-46d4-9c87-68c66930faeb', 'a9e73035-56ab-46d4-9c87-68c66930faeb', 'a9e73035-56ab-46d4-9c87-68c66930faeb', 'a9e73035-56ab-46d4-9c87-68c66930faeb', 'a9e73035-56ab-46d4-9c87-68c66930faeb', 'a9e73035-56ab-46d4-9c87-68c66930faeb', 'a9e73035-56ab-46d4-9c87-68c66930faeb', 'a9e73035-56ab-46d4-9c87-68c66930faeb', 'a9e73035-56ab-46d4-9c87-68c66930faeb', 'a9e73035-56ab-46d4-9c87-68c66930faeb', 'a9e73035-56ab-46d4-9c87-68c66930faeb']"
a95d9575-b62a-4015-a7db-21dbbab2792a,2,"['f8714207-8ae4-4a0a-91b3-788d9c6b2b7a', 'f8714207-8ae4-4a0a-91b3-788d9c6b2b7a', 'f8714207-8ae4-4a0a-91b3-788d9c6b2b7a', 'f8714207-8ae4-4a0a-91b3-788d9c6b2b7a', 'f8714207-8ae4-4a0a-91b3-788d9c6b2b7a', 'f8714207-8ae4-4a0a-91b3-788d9c6b2b7a', 'f8714207-8ae4-4a0a-91b3-788d9c6b2b7a', 'f8714207-8ae4-4a0a-91b3-788d9c6b2b7a', 'f8714207-8ae4-4a0a-91b3-788d9c6b2b7a', 'f8714207-8ae4-4a0a-91b3-788d9c6b2b7a', 'f8714207-8ae4-4a0a-91b3-788d9c6b2b7a', 'f8714207-8ae4-4a0a-91b3-788d9c6b2b7a', 'f8714207-8ae4-4a0a-91b3-788d9c6b2b7a', 'f8714207-8ae4-4a0a-91b3-788d9c6b2b7a', 'f8714207-8ae4-4a0a-91b3-788d9c6b2b7a', 'f8714207-8ae4-4a0a-91b3-788d9c6b2b7a', 'f8714207-8ae4-4a0a-91b3-788d9c6b2b7a', 'f8714207-8ae4-4a0a-91b3-788d9c6b2b7a', 'f8714207-8ae4-4a0a-91b3-788d9c6b2b7a', 'f8714207-8ae4-4a0a-91b3-788d9c6b2b7a', 'f8714207-8ae4-4a0a-91b3-788d9c6b2b7a', 'f8714207-8ae4-4a0a-91b3-788d9c6b2b7a', 'f8714207-8ae4-4a0a-91b3-788d9c6b2b7a', 'f8714207-8ae4-4a0a-91b3-788d9c6b2b7a', 'f8714207-8ae4-4a0a-91b3-788d9c6b2b7a', 'f8714207-8ae4-4a0a-91b3-788d9c6b2b7a', 'f8714207-8ae4-4a0a-91b3-788d9c6b2b7a', 'f8714207-8ae4-4a0a-91b3-788d9c6b2b7a', 'f8714207-8ae4-4a0a-91b3-788d9c6b2b7a', 'f8714207-8ae4-4a0a-91b3-788d9c6b2b7a', '33b43d1c-f76c-4608-8436-07a79a1bdcd6', '23b84f5a-3b8d-4ccc-b419-11ba94c05ff4', 'e8850afa-cf7d-41f1-af81-1c9c69632aa3', '9e0992de-b39c-4880-be87-dfedf5bd6bea', 'feec7ab7-7826-481d-9b03-7fbcb26e280d', 'a9b6b8d9-2141-434a-9ba7-67078c7cf78b', 'd79100da-ac6d-4632-8d32-a618a795f66a', '4957be0b-dea8-45c4-b61a-42f2b75829f1', '3bd178e3-1ca6-4c2e-85b6-29b701472ffc', '7c8f9e42-c538-4161-b872-6525ee7c043e', '0b8fdc6c-8101-4e8e-9df0-3d00e72fca0c', '3bb1199e-d581-447f-bdd4-292d428e92b2', 'fe4acd49-0d91-4e6f-9e62-b1e7b307b18a', 'bdeac0dd-840b-4179-a7ab-8fef39d6f8c7', '3ea9744e-f8db-4195-a257-49180c64df57', '5866e16e-cd3c-4091-8c10-6cca9f29ea5c', '0b5396be-f461-42f6-9be6-88b67686370c', '41a079c0-3d7a-4372-a2a4-ea0732c6faba', '7a8fb054-267d-4eec-abb5-ce4abfa30bde', 'e020ff18-0ac7-4392-8f6f-6ac37b8a130e']"
357f9623-981c-4653-b08b-ba8f0d8d5e25,5,"['9d6ab14b-333f-426c-8dee-219430d57263', '9d6ab14b-333f-426c-8dee-219430d57263', '9d6ab14b-333f-426c-8dee-219430d57263', '9d6ab14b-333f-426c-8dee-219430d57263', '9d6ab14b-333f-426c-8dee-219430d57263', '9d6ab14b-333f-426c-8dee-219430d57263', '9d6ab14b-333f-426c-8dee-219430d57263', '9d6ab14b-333f-426c-8dee-219430d57263', '9d6ab14b-333f-426c-8dee-219430d57263', '9d6ab14b-333f-426c-8dee-219430d57263', '9d6ab14b-333f-426c-8dee-219430d57263', '9d6ab14b-333f-426c-8dee-219430d57263', '9d6ab14b-333f-426c-8dee-219430d57263', '9d6ab14b-333f-426c-8dee-219430d57263', '9d6ab14b-333f-426c-8dee-219430d57263', '9d6ab14b-333f-426c-8dee-219430d57263', '9d6ab14b-333f-426c-8dee-219430d57263', '9d6ab14b-333f-426c-8dee-219430d57263', '9d6ab14b-333f-426c-8dee-219430d57263', '9d6ab14b-333f-426c-8dee-219430d57263', '9d6ab14b-333f-426c-8dee-219430d57263', '9d6ab14b-333f-426c-8dee-219430d57263', '9d6ab14b-333f-426c-8dee-219430d57263', '9d6ab14b-333f-426c-8dee-219430d57263', '9d6ab14b-333f-426c-8dee-219430d57263', '9d6ab14b-333f-426c-8dee-219430d57263', '9d6ab14b-333f-426c-8dee-219430d57263', '9d6ab14b-333f-426c-8dee-219430d57263', '9d6ab14b-333f-426c-8dee-219430d57263', '9d6ab14b-333f-426c-8dee-219430d57263', '9d6ab14b-333f-426c-8dee-219430d57263', '9d6ab14b-333f-426c-8dee-219430d57263', '9d6ab14b-333f-426c-8dee-219430d57263', '9d6ab14b-333f-426c-8dee-219430d57263', '9d6ab14b-333f-426c-8dee-219430d57263', '9d6ab14b-333f-426c-8dee-219430d57263', '3b689bfb-e0db-42f8-877c-d16bc6413346', '00a5b21e-7893-423e-914e-5bd500106d20', 'fd9f3d56-3c8c-4fd0-b2b8-abbaa784fee2', 'dbb87beb-739b-4d2e-9b51-1c1dd5d55575', 'ff246564-9594-4bb2-8ea2-2d6d5a309982', 'd03cdc8e-48e2-4459-9657-d21b51f3e347', 'a9bb86a5-2a5a-4186-9164-801c61859503', '52d90bb1-65e7-4cad-a76e-be8f0880abe0', '2f40e182-a816-4a44-a3fa-076a9417dedf', '26fcfaca-b856-41d5-8b45-11ae888d9714', '8259e4a8-0b11-4c1e-adae-29ebc9da1036', '48395979-5366-46c4-8f49-f1323ca6c385', '473f5965-9026-4629-97bb-019086d4340d', '9b78edab-59cb-40af-b9c2-9cffe9daa977']"
1d576d13-a6e5-4375-9d90-0385f5689b86,1,"['a9e73035-56ab-46d4-9c87-68c66930faeb', 'a9e73035-56ab-46d4-9c87-68c66930faeb', 'a9e73035-56ab-46d4-9c87-68c66930faeb', 'a9e73035-56ab-46d4-9c87-68c66930faeb', 'a9e73035-56ab-46d4-9c87-68c66930faeb', 'a9e73035-56ab-46d4-9c87-68c66930faeb', 'a9e73035-56ab-46d4-9c87-68c66930faeb', 'a9e73035-56ab-46d4-9c87-68c66930faeb', 'a9e73035-56ab-46d4-9c87-68c66930faeb', 'a9e73035-56ab-46d4-9c87-68c66930faeb', 'a9e73035-56ab-46d4-9c87-68c66930faeb', 'a9e73035-56ab-46d4-9c87-68c66930faeb', 'a9e73035-56ab-46d4-9c87-68c66930faeb', 'a9e73035-56ab-46d4-9c87-68c66930faeb', 'a9e73035-56ab-46d4-9c87-68c66930faeb', 'a9e73035-56ab-46d4-9c87-68c66930faeb', 'a9e73035-56ab-46d4-9c87-68c66930faeb', 'a9e73035-56ab-46d4-9c87-68c66930faeb', 'a9e73035-56ab-46d4-9c87-68c66930faeb', 'a9e73035-56ab-46d4-9c87-68c66930faeb', 'a9e73035-56ab-46d4-9c87-68c66930faeb', 'a9e73035-56ab-46d4-9c87-68c66930faeb', 'a9e73035-56ab-46d4-9c87-68c66930faeb', 'a9e73035-56ab-46d4-9c87-68c66930faeb', 'a9e73035-56ab-46d4-9c87-68c66930faeb', 'a9e73035-56ab-46d4-9c87-68c66930faeb', 'a9e73035-56ab-46d4-9c87-68c66930faeb', 'a9e73035-56ab-46d4-9c87-68c66930faeb', 'a9e73035-56ab-46d4-9c87-68c66930faeb', 'a9e73035-56ab-46d4-9c87-68c66930faeb', 'a9e73035-56ab-46d4-9c87-68c66930faeb', 'a9e73035-56ab-46d4-9c87-68c66930faeb', 'a9e73035-56ab-46d4-9c87-68c66930faeb', 'a9e73035-56ab-46d4-9c87-68c66930faeb', 'a9e73035-56ab-46d4-9c87-68c66930faeb', 'a9e73035-56ab-46d4-9c87-68c66930faeb', 'a9e73035-56ab-46d4-9c87-68c66930faeb', 'a9e73035-56ab-46d4-9c87-68c66930faeb', 'a9e73035-56ab-46d4-9c87-68c66930faeb', '00c91ae6-e44f-42fa-9d26-12caf14c07c0', '1ad8c6fd-a134-4af3-aeb8-39032725bcff', 'b2cea0d6-c7b5-4b45-a888-e18aa69ca20e', '2843c8c2-e857-4261-b65d-d619bf599d4b', '66a6b8f5-bcb9-41d2-a40a-1d18ae25583e', '32862cbc-e497-44b3-927f-461be4a2777b', '53118716-f081-4611-b606-c5c382660cd1', 'd8a94e1a-7ddb-4967-a89f-cadc9769b3c7', 'e6670d37-439a-4438-9c9b-811599535327', 'f7f37748-0fff-4012-a9fc-f5ed3d9587b9', '40af7944-0eee-4a37-9cff-825d78945309']"
a95d9575-b62a-4015-a7db-21dbbab2792a,3,"['f8714207-8ae4-4a0a-91b3-788d9c6b2b7a', 'f8714207-8ae4-4a0a-91b3-788d9c6b2b7a', 'f8714207-8ae4-4a0a-91b3-788d9c6b2b7a', 'f8714207-8ae4-4a0a-91b3-788d9c6b2b7a', 'f8714207-8ae4-4a0a-91b3-788d9c6b2b7a', 'f8714207-8ae4-4a0a-91b3-788d9c6b2b7a', 'f8714207-8ae4-4a0a-91b3-788d9c6b2b7a', 'f8714207-8ae4-4a0a-91b3-788d9c6b2b7a', 'f8714207-8ae4-4a0a-91b3-788d9c6b2b7a', 'f8714207-8ae4-4a0a-91b3-788d9c6b2b7a', 'f8714207-8ae4-4a0a-91b3-788d9c6b2b7a', 'f8714207-8ae4-4a0a-91b3-788d9c6b2b7a', 'f8714207-8ae4-4a0a-91b3-788d9c6b2b7a', 'f8714207-8ae4-4a0a-91b3-788d9c6b2b7a', 'f8714207-8ae4-4a0a-91b3-788d9c6b2b7a', 'f8714207-8ae4-4a0a-91b3-788d9c6b2b7a', 'f8714207-8ae4-4a0a-91b3-788d9c6b2b7a', 'f8714207-8ae4-4a0a-91b3-788d9c6b2b7a', 'f8714207-8ae4-4a0a-91b3-788d9c6b2b7a', 'f8714207-8ae4-4a0a-91b3-788d9c6b2b7a', '33b43d1c-f76c-4608-8436-07a79a1bdcd6', '23b84f5a-3b8d-4ccc-b419-11ba94c05ff4', 'e8850afa-cf7d-41f1-af81-1c9c69632aa3', '9e0992de-b39c-4880-be87-dfedf5bd6bea', '4957be0b-dea8-45c4-b61a-42f2b75829f1', '3bd178e3-1ca6-4c2e-85b6-29b701472ffc', '7c8f9e42-c538-4161-b872-6525ee7c043e', '0b8fdc6c-8101-4e8e-9df0-3d00e72fca0c', 'fe4acd49-0d91-4e6f-9e62-b1e7b307b18a', 'bdeac0dd-840b-4179-a7ab-8fef39d6f8c7', '3ea9744e-f8db-4195-a257-49180c64df57', '5866e16e-cd3c-4091-8c10-6cca9f29ea5c', '0b5396be-f461-42f6-9be6-88b67686370c', '41a079c0-3d7a-4372-a2a4-ea0732c6faba', '7a8fb054-267d-4eec-abb5-ce4abfa30bde', 'e020ff18-0ac7-4392-8f6f-6ac37b8a130e', 'aed75fcc-e395-4896-9f0d-c9f190f0d717', 'eb8ad5f2-21ed-4085-82f2-1079110ad000', 'f1a4ebed-28c6-45fe-8405-8334b25d0dd8', '0c597bc2-6b7a-4702-90ba-5d08f2d883f7', '9ac1ed54-71b2-47f3-8326-21b1c47261a1', '95f426b6-64de-49a2-bad3-a53ca59a8b72', 'cb959625-2ec5-4f73-8da8-b93dd162c644', 'b22b5de6-9706-4349-a6a4-42943aed5120', 'b0e711af-c870-4baa-92b9-90702234bfa4', '5c687a06-7a13-462c-ab19-098d96257d9e', '1f2bf330-e31e-4aa4-afb2-91f7c2b671d3', '5c42e152-7240-4f78-a9b8-1090054f6dd4', 'caa8839a-8c37-4fec-a89a-0c65b617d348', 'b33ee43c-e99e-4444-ba80-dcc57127d664']"
357f9623-981c-4653-b08b-ba8f0d8d5e25,6,"['9d6ab14b-333f-426c-8dee-219430d57263', '9d6ab14b-333f-426c-8dee-219430d57263', '9d6ab14b-333f-426c-8dee-219430d57263', '9d6ab14b-333f-426c-8dee-219430d57263', '9d6ab14b-333f-426c-8dee-219430d57263', '9d6ab14b-333f-426c-8dee-219430d57263', '9d6ab14b-333f-426c-8dee-219430d57263', '9d6ab14b-333f-426c-8dee-219430d57263', '9d6ab14b-333f-426c-8dee-219430d57263', '9d6ab14b-333f-426c-8dee-219430d57263', '9d6ab14b-333f-426c-8dee-219430d57263', '9d6ab14b-333f-426c-8dee-219430d57263', '9d6ab14b-333f-426c-8dee-219430d57263', '9d6ab14b-333f-426c-8dee-219430d57263', '9d6ab14b-333f-426c-8dee-219430d57263', '9d6ab14b-333f-426c-8dee-219430d57263', '9d6ab14b-333f-426c-8dee-219430d57263', '9d6ab14b-333f-426c-8dee-219430d57263', '9d6ab14b-333f-426c-8dee-219430d57263', '9d6ab14b-333f-426c-8dee-219430d57263', '9d6ab14b-333f-426c-8dee-219430d57263', '9d6ab14b-333f-426c-8dee-219430d57263', '9d6ab14b-333f-426c-8dee-219430d57263', '9d6ab14b-333f-426c-8dee-219430d57263', '9d6ab14b-333f-426c-8dee-219430d57263', '9d6ab14b-333f-426c-8dee-219430d57263', '9d6ab14b-333f-426c-8dee-219430d57263', '9d6ab14b-333f-426c-8dee-219430d57263', '3b689bfb-e0db-42f8-877c-d16bc6413346', '00a5b21e-7893-423e-914e-5bd500106d20', 'fd9f3d56-3c8c-4fd0-b2b8-abbaa784fee2', 'dbb87beb-739b-4d2e-9b51-1c1dd5d55575', 'ff246564-9594-4bb2-8ea2-2d6d5a309982', 'd03cdc8e-48e2-4459-9657-d21b51f3e347', 'a9bb86a5-2a5a-4186-9164-801c61859503', '52d90bb1-65e7-4cad-a76e-be8f0880abe0', '2f40e182-a816-4a44-a3fa-076a9417dedf', '26fcfaca-b856-41d5-8b45-11ae888d9714', '8259e4a8-0b11-4c1e-adae-29ebc9da1036', '48395979-5366-46c4-8f49-f1323ca6c385', '473f5965-9026-4629-97bb-019086d4340d', 'dfdc2273-57c4-4f8d-b5ce-1d1425b09f83', '9c519f7a-4932-429e-904a-642397b997dd', '8e17de15-d3cd-45a5-80d0-d4714a6e0a2f', '2a5f7582-d650-4f51-9e3a-032a1a48ea8d', 'b65d6a31-ab06-4b50-9072-53121695f590', '1dbefb2c-13c5-4455-a629-7ac527fe0df4', '9cf648e3-a507-4793-9f5c-28fe1bc51e4e', 'd14d30f6-c9ae-484e-baf3-43a2f3b08962', '64570f92-6328-46bb-9a42-00051c5cf8c7']"
1d576d13-a6e5-4375-9d90-0385f5689b86,2,"['a9e73035-56ab-46d4-9c87-68c66930faeb', 'a9e73035-56ab-46d4-9c87-68c66930faeb', 'a9e73035-56ab-46d4-9c87-68c66930faeb', 'a9e73035-56ab-46d4-9c87-68c66930faeb', 'a9e73035-56ab-46d4-9c87-68c66930faeb', 'a9e73035-56ab-46d4-9c87-68c66930faeb', 'a9e73035-56ab-46d4-9c87-68c66930faeb', 'a9e73035-56ab-46d4-9c87-68c66930faeb', 'a9e73035-56ab-46d4-9c87-68c66930faeb', 'a9e73035-56ab-46d4-9c87-68c66930faeb', 'a9e73035-56ab-46d4-9c87-68c66930faeb', 'a9e73035-56ab-46d4-9c87-68c66930faeb', 'a9e73035-56ab-46d4-9c87-68c66930faeb', '00c91ae6-e44f-42fa-9d26-12caf14c07c0', '00c91ae6-e44f-42fa-9d26-12caf14c07c0', '00c91ae6-e44f-42fa-9d26-12caf14c07c0', '00c91ae6-e44f-42fa-9d26-12caf14c07c0', '00c91ae6-e44f-42fa-9d26-12caf14c07c0', '00c91ae6-e44f-42fa-9d26-12caf14c07c0', '00c91ae6-e44f-42fa-9d26-12caf14c07c0', '00c91ae6-e44f-42fa-9d26-12caf14c07c0', '00c91ae6-e44f-42fa-9d26-12caf14c07c0', '00c91ae6-e44f-42fa-9d26-12caf14c07c0', '00c91ae6-e44f-42fa-9d26-12caf14c07c0', '00c91ae6-e44f-42fa-9d26-12caf14c07c0', '00c91ae6-e44f-42fa-9d26-12caf14c07c0', '00c91ae6-e44f-42fa-9d26-12caf14c07c0', '00c91ae6-e44f-42fa-9d26-12caf14c07c0', '00c91ae6-e44f-42fa-9d26-12caf14c07c0', '00c91ae6-e44f-42fa-9d26-12caf14c07c0', '00c91ae6-e44f-42fa-9d26-12caf14c07c0', '53118716-f081-4611-b606-c5c382660cd1', '53118716-f081-4611-b606-c5c382660cd1', '53118716-f081-4611-b606-c5c382660cd1', '53118716-f081-4611-b606-c5c382660cd1', 'd8a94e1a-7ddb-4967-a89f-cadc9769b3c7', 'd8a94e1a-7ddb-4967-a89f-cadc9769b3c7', '40af7944-0eee-4a37-9cff-825d78945309', '7a666b2b-a8de-484b-9784-84e87741ee27', 'bd808e4a-cc1f-47cf-9600-0d9885eebca8', '0e71197c-6be7-4e7c-9e90-306e4b7fc1ec', '2cbdd6ab-bf6d-463f-893a-19b9f20684d2', '1b5d80c6-cc94-44f8-be24-8bb9d2aa9b0a', 'b4c41b4d-8f12-4820-a797-ed5ec245dd0f', 'a3228dd7-8d19-4209-9342-c28aaa5981ff', '4406a075-616e-4872-b639-38f66ed08d78', '11f8ca46-8223-471e-bd10-065e5db150b2', '5f599e88-1b82-43ea-92c8-2bc1c3f79cc3', 'ebfc9ee0-ddbb-4ea6-abf7-839a21667f52', 'f800a519-22f3-4837-9af9-9e9ba22560c2']"
357f9623-981c-4653-b08b-ba8f0d8d5e25,7,"['9d6ab14b-333f-426c-8dee-219430d57263', '9d6ab14b-333f-426c-8dee-219430d57263', '9d6ab14b-333f-426c-8dee-219430d57263', '9d6ab14b-333f-426c-8dee-219430d57263', '9d6ab14b-333f-426c-8dee-219430d57263', '9d6ab14b-333f-426c-8dee-219430d57263', '9d6ab14b-333f-426c-8dee-219430d57263', '9d6ab14b-333f-426c-8dee-219430d57263', '9d6ab14b-333f-426c-8dee-219430d57263', '9d6ab14b-333f-426c-8dee-219430d57263', '9d6ab14b-333f-426c-8dee-219430d57263', '9d6ab14b-333f-426c-8dee-219430d57263', '9d6ab14b-333f-426c-8dee-219430d57263', '9d6ab14b-333f-426c-8dee-219430d57263', '9d6ab14b-333f-426c-8dee-219430d57263', '9d6ab14b-333f-426c-8dee-219430d57263', '9d6ab14b-333f-426c-8dee-219430d57263', '9d6ab14b-333f-426c-8dee-219430d57263', '9d6ab14b-333f-426c-8dee-219430d57263', '9d6ab14b-333f-426c-8dee-219430d57263', '9d6ab14b-333f-426c-8dee-219430d57263', '9d6ab14b-333f-426c-8dee-219430d57263', '3b689bfb-e0db-42f8-877c-d16bc6413346', '00a5b21e-7893-423e-914e-5bd500106d20', 'fd9f3d56-3c8c-4fd0-b2b8-abbaa784fee2', 'ff246564-9594-4bb2-8ea2-2d6d5a309982', 'd03cdc8e-48e2-4459-9657-d21b51f3e347', '52d90bb1-65e7-4cad-a76e-be8f0880abe0', '2f40e182-a816-4a44-a3fa-076a9417dedf', '26fcfaca-b856-41d5-8b45-11ae888d9714', '48395979-5366-46c4-8f49-f1323ca6c385', '473f5965-9026-4629-97bb-019086d4340d', 'dfdc2273-57c4-4f8d-b5ce-1d1425b09f83', '9c519f7a-4932-429e-904a-642397b997dd', '8e17de15-d3cd-45a5-80d0-d4714a6e0a2f', '2a5f7582-d650-4f51-9e3a-032a1a48ea8d', '9cf648e3-a507-4793-9f5c-28fe1bc51e4e', 'd14d30f6-c9ae-484e-baf3-43a2f3b08962', '64570f92-6328-46bb-9a42-00051c5cf8c7', 'cf8dadb8-6772-43b5-b87f-8137eebd0db7', '0e22cdb2-f5b6-4b13-b733-567a199dd3b5', 'b2a2ae58-7c85-4064-8168-f5773f27378b', '913a56ed-0252-4639-a4bb-672457ca3339', '9ac8daa5-8c80-49f0-bd17-9e744a47d17b', '5ad9397b-a71f-408e-b735-0192c2bf5744', '868fbca9-2178-421f-8deb-55bdf43abd3c', 'c7c21422-3519-4e3b-ae07-44e2f500e8d2', '19f0e1a0-007c-4624-bf40-5dabef2a90c3', '3039e1a7-f5f9-4a7d-9395-4eba59b55fa2', '6e43c6df-0aa6-4057-be2c-793a0149add4']"
a95d9575-b62a-4015-a7db-21dbbab2792a,4,"['f8714207-8ae4-4a0a-91b3-788d9c6b2b7a', 'f8714207-8ae4-4a0a-91b3-788d9c6b2b7a', 'f8714207-8ae4-4a0a-91b3-788d9c6b2b7a', 'f8714207-8ae4-4a0a-91b3-788d9c6b2b7a', 'f8714207-8ae4-4a0a-91b3-788d9c6b2b7a', 'f8714207-8ae4-4a0a-91b3-788d9c6b2b7a', 'f8714207-8ae4-4a0a-91b3-788d9c6b2b7a', 'f8714207-8ae4-4a0a-91b3-788d9c6b2b7a', 'f8714207-8ae4-4a0a-91b3-788d9c6b2b7a', 'f8714207-8ae4-4a0a-91b3-788d9c6b2b7a', 'f8714207-8ae4-4a0a-91b3-788d9c6b2b7a', 'f8714207-8ae4-4a0a-91b3-788d9c6b2b7a', 'f8714207-8ae4-4a0a-91b3-788d9c6b2b7a', 'f8714207-8ae4-4a0a-91b3-788d9c6b2b7a', 'f8714207-8ae4-4a0a-91b3-788d9c6b2b7a', 'f8714207-8ae4-4a0a-91b3-788d9c6b2b7a', 'f8714207-8ae4-4a0a-91b3-788d9c6b2b7a', 'f8714207-8ae4-4a0a-91b3-788d9c6b2b7a', 'f8714207-8ae4-4a0a-91b3-788d9c6b2b7a', 'f8714207-8ae4-4a0a-91b3-788d9c6b2b7a', 'f8714207-8ae4-4a0a-91b3-788d9c6b2b7a', 'f8714207-8ae4-4a0a-91b3-788d9c6b2b7a', 'f8714207-8ae4-4a0a-91b3-788d9c6b2b7a', 'f8714207-8ae4-4a0a-91b3-788d9c6b2b7a', 'f8714207-8ae4-4a0a-91b3-788d9c6b2b7a', 'f8714207-8ae4-4a0a-91b3-788d9c6b2b7a', 'f8714207-8ae4-4a0a-91b3-788d9c6b2b7a', 'f8714207-8ae4-4a0a-91b3-788d9c6b2b7a', 'f8714207-8ae4-4a0a-91b3-788d9c6b2b7a', 'f8714207-8ae4-4a0a-91b3-788d9c6b2b7a', 'f8714207-8ae4-4a0a-91b3-788d9c6b2b7a', 'f8714207-8ae4-4a0a-91b3-788d9c6b2b7a', 'f8714207-8ae4-4a0a-91b3-788d9c6b2b7a', 'f8714207-8ae4-4a0a-91b3-788d9c6b2b7a', 'f8714207-8ae4-4a0a-91b3-788d9c6b2b7a', 'f8714207-8ae4-4a0a-91b3-788d9c6b2b7a', 'f8714207-8ae4-4a0a-91b3-788d9c6b2b7a', '0b8fdc6c-8101-4e8e-9df0-3d00e72fca0c', 'd8693a87-604e-4658-8581-b64b414b0189', 'cc695dd2-0221-4c9d-ac99-be295926489f', '2ae0d8c6-12a4-492b-98ed-30f697e8e718', '96369ec2-dd92-4745-93f4-7f97571db76e', '623f825b-0a7a-41cb-bf63-8ec8838b8b82', 'dcab9bce-6d2b-4877-9c2c-45c3881a3fde', '8fbb0f65-fe12-402f-b45f-5a74393a924d', '6ae72933-4634-4dae-950e-d77ea9c3705a', '962ab9ad-cf5c-46bd-b623-8a6d3d33ca03', 'bd76775c-0219-4266-ac72-a39ce705ae04', '57ebd983-11f6-4ec8-bfb5-3f6e6cdc98da', '8a0a3317-971f-4d61-b0e7-508a12670f0c']"
1d576d13-a6e5-4375-9d90-0385f5689b86,3,"['00c91ae6-e44f-42fa-9d26-12caf14c07c0', '00c91ae6-e44f-42fa-9d26-12caf14c07c0', '00c91ae6-e44f-42fa-9d26-12caf14c07c0', '00c91ae6-e44f-42fa-9d26-12caf14c07c0', '00c91ae6-e44f-42fa-9d26-12caf14c07c0', '00c91ae6-e44f-42fa-9d26-12caf14c07c0', '00c91ae6-e44f-42fa-9d26-12caf14c07c0', '00c91ae6-e44f-42fa-9d26-12caf14c07c0', '00c91ae6-e44f-42fa-9d26-12caf14c07c0', '00c91ae6-e44f-42fa-9d26-12caf14c07c0', '00c91ae6-e44f-42fa-9d26-12caf14c07c0', '00c91ae6-e44f-42fa-9d26-12caf14c07c0', '00c91ae6-e44f-42fa-9d26-12caf14c07c0', '00c91ae6-e44f-42fa-9d26-12caf14c07c0', '00c91ae6-e44f-42fa-9d26-12caf14c07c0', '00c91ae6-e44f-42fa-9d26-12caf14c07c0', '00c91ae6-e44f-42fa-9d26-12caf14c07c0', '00c91ae6-e44f-42fa-9d26-12caf14c07c0', '00c91ae6-e44f-42fa-9d26-12caf14c07c0', '00c91ae6-e44f-42fa-9d26-12caf14c07c0', '00c91ae6-e44f-42fa-9d26-12caf14c07c0', '00c91ae6-e44f-42fa-9d26-12caf14c07c0', '00c91ae6-e44f-42fa-9d26-12caf14c07c0', '00c91ae6-e44f-42fa-9d26-12caf14c07c0', '00c91ae6-e44f-42fa-9d26-12caf14c07c0', '00c91ae6-e44f-42fa-9d26-12caf14c07c0', '00c91ae6-e44f-42fa-9d26-12caf14c07c0', '00c91ae6-e44f-42fa-9d26-12caf14c07c0', '00c91ae6-e44f-42fa-9d26-12caf14c07c0', '00c91ae6-e44f-42fa-9d26-12caf14c07c0', '00c91ae6-e44f-42fa-9d26-12caf14c07c0', '00c91ae6-e44f-42fa-9d26-12caf14c07c0', '00c91ae6-e44f-42fa-9d26-12caf14c07c0', '00c91ae6-e44f-42fa-9d26-12caf14c07c0', '00c91ae6-e44f-42fa-9d26-12caf14c07c0', '00c91ae6-e44f-42fa-9d26-12caf14c07c0', '00c91ae6-e44f-42fa-9d26-12caf14c07c0', '00c91ae6-e44f-42fa-9d26-12caf14c07c0', '00c91ae6-e44f-42fa-9d26-12caf14c07c0', '00c91ae6-e44f-42fa-9d26-12caf14c07c0', '00c91ae6-e44f-42fa-9d26-12caf14c07c0', '00c91ae6-e44f-42fa-9d26-12caf14c07c0', '53118716-f081-4611-b606-c5c382660cd1', '53118716-f081-4611-b606-c5c382660cd1', '869e640d-bd79-4396-9fea-c0ee3d883ce3', '387ac9b7-a7cf-4ab9-b822-ba0427fa245c', '9a8ba4cc-6500-4cef-bca6-89325adffaf0', '4783d7ca-cf23-4a55-8a4e-d2c09e387a9b', 'cb16b47d-e68b-44a9-b15d-f843f3531105', '711242f5-3d10-4980-ae9a-123fb97f58a0']"
a95d9575-b62a-4015-a7db-21dbbab2792a,5,"['f8714207-8ae4-4a0a-91b3-788d9c6b2b7a', 'f8714207-8ae4-4a0a-91b3-788d9c6b2b7a', 'f8714207-8ae4-4a0a-91b3-788d9c6b2b7a', 'f8714207-8ae4-4a0a-91b3-788d9c6b2b7a', 'f8714207-8ae4-4a0a-91b3-788d9c6b2b7a', 'f8714207-8ae4-4a0a-91b3-788d9c6b2b7a', 'f8714207-8ae4-4a0a-91b3-788d9c6b2b7a', 'f8714207-8ae4-4a0a-91b3-788d9c6b2b7a', 'f8714207-8ae4-4a0a-91b3-788d9c6b2b7a', 'f8714207-8ae4-4a0a-91b3-788d9c6b2b7a', 'f8714207-8ae4-4a0a-91b3-788d9c6b2b7a', 'f8714207-8ae4-4a0a-91b3-788d9c6b2b7a', 'f8714207-8ae4-4a0a-91b3-788d9c6b2b7a', 'f8714207-8ae4-4a0a-91b3-788d9c6b2b7a', 'f8714207-8ae4-4a0a-91b3-788d9c6b2b7a', 'f8714207-8ae4-4a0a-91b3-788d9c6b2b7a', 'f8714207-8ae4-4a0a-91b3-788d9c6b2b7a', 'f8714207-8ae4-4a0a-91b3-788d9c6b2b7a', 'f8714207-8ae4-4a0a-91b3-788d9c6b2b7a', 'f8714207-8ae4-4a0a-91b3-788d9c6b2b7a', 'f8714207-8ae4-4a0a-91b3-788d9c6b2b7a', 'f8714207-8ae4-4a0a-91b3-788d9c6b2b7a', 'f8714207-8ae4-4a0a-91b3-788d9c6b2b7a', 'f8714207-8ae4-4a0a-91b3-788d9c6b2b7a', 'f8714207-8ae4-4a0a-91b3-788d9c6b2b7a', 'f8714207-8ae4-4a0a-91b3-788d9c6b2b7a', 'f8714207-8ae4-4a0a-91b3-788d9c6b2b7a', 'f8714207-8ae4-4a0a-91b3-788d9c6b2b7a', 'f8714207-8ae4-4a0a-91b3-788d9c6b2b7a', 'f8714207-8ae4-4a0a-91b3-788d9c6b2b7a', 'f8714207-8ae4-4a0a-91b3-788d9c6b2b7a', 'd8693a87-604e-4658-8581-b64b414b0189', 'cc695dd2-0221-4c9d-ac99-be295926489f', '2ae0d8c6-12a4-492b-98ed-30f697e8e718', '96369ec2-dd92-4745-93f4-7f97571db76e', '623f825b-0a7a-41cb-bf63-8ec8838b8b82', '8fbb0f65-fe12-402f-b45f-5a74393a924d', '6ae72933-4634-4dae-950e-d77ea9c3705a', '962ab9ad-cf5c-46bd-b623-8a6d3d33ca03', 'bd76775c-0219-4266-ac72-a39ce705ae04', '57ebd983-11f6-4ec8-bfb5-3f6e6cdc98da', '6c9b5fcc-1a50-4e4d-9051-18aaad7bb21b', '6d15307d-108a-4cd8-86d9-f8065ba76831', '269505f7-6f06-4947-9ec4-277193ab2ea4', '99f2c032-5ac5-4daf-911a-2d21cb381480', 'ea8fa931-b245-4ac6-8f46-afe8de8048af', '363c0e9b-e341-418c-b08e-412be29f13a1', '23228577-b5a4-44e2-8d86-4574436276a4', '6e6b5bc8-21df-401b-af98-8b6e50a1e708', 'cdd2dc2f-ad67-4389-b405-aab7bd1062f7']"
357f9623-981c-4653-b08b-ba8f0d8d5e25,8,"['9d6ab14b-333f-426c-8dee-219430d57263', '9d6ab14b-333f-426c-8dee-219430d57263', '9d6ab14b-333f-426c-8dee-219430d57263', '9d6ab14b-333f-426c-8dee-219430d57263', '9d6ab14b-333f-426c-8dee-219430d57263', '9d6ab14b-333f-426c-8dee-219430d57263', '9d6ab14b-333f-426c-8dee-219430d57263', '9d6ab14b-333f-426c-8dee-219430d57263', '9d6ab14b-333f-426c-8dee-219430d57263', '9d6ab14b-333f-426c-8dee-219430d57263', '9d6ab14b-333f-426c-8dee-219430d57263', '9d6ab14b-333f-426c-8dee-219430d57263', '9d6ab14b-333f-426c-8dee-219430d57263', '9d6ab14b-333f-426c-8dee-219430d57263', '9d6ab14b-333f-426c-8dee-219430d57263', '9d6ab14b-333f-426c-8dee-219430d57263', '9d6ab14b-333f-426c-8dee-219430d57263', '9d6ab14b-333f-426c-8dee-219430d57263', '9d6ab14b-333f-426c-8dee-219430d57263', '9d6ab14b-333f-426c-8dee-219430d57263', '9d6ab14b-333f-426c-8dee-219430d57263', '9d6ab14b-333f-426c-8dee-219430d57263', '9d6ab14b-333f-426c-8dee-219430d57263', '9d6ab14b-333f-426c-8dee-219430d57263', '9d6ab14b-333f-426c-8dee-219430d57263', '9d6ab14b-333f-426c-8dee-219430d57263', '9d6ab14b-333f-426c-8dee-219430d57263', '9d6ab14b-333f-426c-8dee-219430d57263', '9d6ab14b-333f-426c-8dee-219430d57263', '9d6ab14b-333f-426c-8dee-219430d57263', '9d6ab14b-333f-426c-8dee-219430d57263', '9d6ab14b-333f-426c-8dee-219430d57263', '9d6ab14b-333f-426c-8dee-219430d57263', '9d6ab14b-333f-426c-8dee-219430d57263', '9d6ab14b-333f-426c-8dee-219430d57263', '9d6ab14b-333f-426c-8dee-219430d57263', '9d6ab14b-333f-426c-8dee-219430d57263', '9d6ab14b-333f-426c-8dee-219430d57263', 'c510820a-7a9c-478b-82a6-f691cb6c0577', '3de16a9e-0fa9-46de-b069-90697f2145be', '4528cb0b-00d9-4550-96c7-92da4f76bce5', '367b76d2-5003-4a1b-b5dd-89b2c7816a81', 'c02be49a-55bc-40f0-9d66-e5dc3f7d074f', 'b2c3ae28-c724-45e4-9e9c-f5fde2ba48e6', 'a4b1e176-1bd0-48aa-8ca6-6f174f3ffb02', 'f9d09ddb-4904-48c4-b5ba-f378a4109d0c', 'b7481ae9-9130-4902-9399-2b0c630417db', '5cc9ac7a-9715-48a7-adf8-56aa840f5233', 'f0ae5aff-f601-440c-90f7-68911f3e7420', '178f85d9-8e0a-40cd-b1b1-ee5ec9f3a1d4']"
1d576d13-a6e5-4375-9d90-0385f5689b86,4,"['00c91ae6-e44f-42fa-9d26-12caf14c07c0', '00c91ae6-e44f-42fa-9d26-12caf14c07c0', '00c91ae6-e44f-42fa-9d26-12caf14c07c0', '00c91ae6-e44f-42fa-9d26-12caf14c07c0', '00c91ae6-e44f-42fa-9d26-12caf14c07c0', '00c91ae6-e44f-42fa-9d26-12caf14c07c0', '00c91ae6-e44f-42fa-9d26-12caf14c07c0', '00c91ae6-e44f-42fa-9d26-12caf14c07c0', '00c91ae6-e44f-42fa-9d26-12caf14c07c0', '00c91ae6-e44f-42fa-9d26-12caf14c07c0', '00c91ae6-e44f-42fa-9d26-12caf14c07c0', '00c91ae6-e44f-42fa-9d26-12caf14c07c0', '00c91ae6-e44f-42fa-9d26-12caf14c07c0', '00c91ae6-e44f-42fa-9d26-12caf14c07c0', '00c91ae6-e44f-42fa-9d26-12caf14c07c0', '00c91ae6-e44f-42fa-9d26-12caf14c07c0', '00c91ae6-e44f-42fa-9d26-12caf14c07c0', '00c91ae6-e44f-42fa-9d26-12caf14c07c0', '00c91ae6-e44f-42fa-9d26-12caf14c07c0', '00c91ae6-e44f-42fa-9d26-12caf14c07c0', '00c91ae6-e44f-42fa-9d26-12caf14c07c0', '00c91ae6-e44f-42fa-9d26-12caf14c07c0', '00c91ae6-e44f-42fa-9d26-12caf14c07c0', '00c91ae6-e44f-42fa-9d26-12caf14c07c0', '00c91ae6-e44f-42fa-9d26-12caf14c07c0', '00c91ae6-e44f-42fa-9d26-12caf14c07c0', '00c91ae6-e44f-42fa-9d26-12caf14c07c0', '00c91ae6-e44f-42fa-9d26-12caf14c07c0', '00c91ae6-e44f-42fa-9d26-12caf14c07c0', '00c91ae6-e44f-42fa-9d26-12caf14c07c0', '00c91ae6-e44f-42fa-9d26-12caf14c07c0', '00c91ae6-e44f-42fa-9d26-12caf14c07c0', '53118716-f081-4611-b606-c5c382660cd1', '387ac9b7-a7cf-4ab9-b822-ba0427fa245c', '9a8ba4cc-6500-4cef-bca6-89325adffaf0', '4783d7ca-cf23-4a55-8a4e-d2c09e387a9b', '711242f5-3d10-4980-ae9a-123fb97f58a0', '2226b981-5cad-464f-8077-d8899435020f', '78ab1d6b-a482-47c5-b5a8-86a2628f770c', '4f2de442-d13b-4b8d-9f90-a8be1d734107', 'c1d663d5-ffb9-4317-a05b-c8acd629b0e1', '9a055a4e-47b3-42e9-9183-6a95d1e7a584', '4dcbad3d-6f7b-47e8-ac47-595a9d8066e2', '2d967f3c-e92e-49f9-a228-00d57c61f37a', '74df0c93-ddcc-4d5e-9ab6-c6b552e42a8a', '5174921d-1ef4-4277-9533-cb0e89d09c74', '70ebbf21-e500-4d36-9268-ea0a85d8885f', '7cc0f3e6-005a-459e-82ad-9a7dbfa2b71b', '78cde651-18cd-4285-8624-087a7363f79c', '1ebe8ca7-2c62-4017-bb0a-6e246bbf181f']"
a95d9575-b62a-4015-a7db-21dbbab2792a,6,"['f8714207-8ae4-4a0a-91b3-788d9c6b2b7a', '6e6b5bc8-21df-401b-af98-8b6e50a1e708', '6e6b5bc8-21df-401b-af98-8b6e50a1e708', '6e6b5bc8-21df-401b-af98-8b6e50a1e708', '6e6b5bc8-21df-401b-af98-8b6e50a1e708', '6e6b5bc8-21df-401b-af98-8b6e50a1e708', '6e6b5bc8-21df-401b-af98-8b6e50a1e708', '6e6b5bc8-21df-401b-af98-8b6e50a1e708', '6e6b5bc8-21df-401b-af98-8b6e50a1e708', '6e6b5bc8-21df-401b-af98-8b6e50a1e708', '6e6b5bc8-21df-401b-af98-8b6e50a1e708', '6e6b5bc8-21df-401b-af98-8b6e50a1e708', '6e6b5bc8-21df-401b-af98-8b6e50a1e708', '6e6b5bc8-21df-401b-af98-8b6e50a1e708', '6e6b5bc8-21df-401b-af98-8b6e50a1e708', '6e6b5bc8-21df-401b-af98-8b6e50a1e708', '6e6b5bc8-21df-401b-af98-8b6e50a1e708', '6e6b5bc8-21df-401b-af98-8b6e50a1e708', '6e6b5bc8-21df-401b-af98-8b6e50a1e708', '6e6b5bc8-21df-401b-af98-8b6e50a1e708', '6e6b5bc8-21df-401b-af98-8b6e50a1e708', '6e6b5bc8-21df-401b-af98-8b6e50a1e708', '6e6b5bc8-21df-401b-af98-8b6e50a1e708', '6e6b5bc8-21df-401b-af98-8b6e50a1e708', '6e6b5bc8-21df-401b-af98-8b6e50a1e708', '6e6b5bc8-21df-401b-af98-8b6e50a1e708', '6e6b5bc8-21df-401b-af98-8b6e50a1e708', '6e6b5bc8-21df-401b-af98-8b6e50a1e708', '6e6b5bc8-21df-401b-af98-8b6e50a1e708', '6e6b5bc8-21df-401b-af98-8b6e50a1e708', '6e6b5bc8-21df-401b-af98-8b6e50a1e708', '6e6b5bc8-21df-401b-af98-8b6e50a1e708', '6e6b5bc8-21df-401b-af98-8b6e50a1e708', '6e6b5bc8-21df-401b-af98-8b6e50a1e708', '6e6b5bc8-21df-401b-af98-8b6e50a1e708', '6e6b5bc8-21df-401b-af98-8b6e50a1e708', '6e6b5bc8-21df-401b-af98-8b6e50a1e708', 'a3240124-ebd7-4307-a669-79d62e58949f', '26829979-c88c-4e12-8c6b-5823d24a6009', '4b4fcb2b-b5f9-4839-92f3-1620a9ab13ec', 'd893ce04-a132-42b7-893a-7f8c6e10bab8', 'e619b991-6d63-4e71-a878-945d4832ad6d', 'df7b68f1-c637-4536-9091-b676c8c4ed9d', 'e037a478-fea1-4731-8238-9985503b0ea9', '5a43689b-df1b-40af-b0e6-bf45a1de8a42', 'fde98110-3eb2-4ef5-a422-76525a89a3c0', 'd7e838de-d950-4413-87b8-4bfb224d2b2a', 'afd22bd3-6872-45e9-8f80-95ddd1d06958', 'b286000b-7951-4a4e-8537-51e56a2d5c16', '8d93ce7e-b99b-47e2-acfb-a2cea07c2fd0']"
357f9623-981c-4653-b08b-ba8f0d8d5e25,9,"['9d6ab14b-333f-426c-8dee-219430d57263', '9d6ab14b-333f-426c-8dee-219430d57263', '9d6ab14b-333f-426c-8dee-219430d57263', '9d6ab14b-333f-426c-8dee-219430d57263', '9d6ab14b-333f-426c-8dee-219430d57263', '9d6ab14b-333f-426c-8dee-219430d57263', '9d6ab14b-333f-426c-8dee-219430d57263', '9d6ab14b-333f-426c-8dee-219430d57263', '9d6ab14b-333f-426c-8dee-219430d57263', '9d6ab14b-333f-426c-8dee-219430d57263', '9d6ab14b-333f-426c-8dee-219430d57263', '9d6ab14b-333f-426c-8dee-219430d57263', '9d6ab14b-333f-426c-8dee-219430d57263', '9d6ab14b-333f-426c-8dee-219430d57263', '9d6ab14b-333f-426c-8dee-219430d57263', '9d6ab14b-333f-426c-8dee-219430d57263', '9d6ab14b-333f-426c-8dee-219430d57263', '9d6ab14b-333f-426c-8dee-219430d57263', '9d6ab14b-333f-426c-8dee-219430d57263', '9d6ab14b-333f-426c-8dee-219430d57263', '9d6ab14b-333f-426c-8dee-219430d57263', '9d6ab14b-333f-426c-8dee-219430d57263', '9d6ab14b-333f-426c-8dee-219430d57263', '9d6ab14b-333f-426c-8dee-219430d57263', '9d6ab14b-333f-426c-8dee-219430d57263', '9d6ab14b-333f-426c-8dee-219430d57263', '9d6ab14b-333f-426c-8dee-219430d57263', '9d6ab14b-333f-426c-8dee-219430d57263', '9d6ab14b-333f-426c-8dee-219430d57263', '9d6ab14b-333f-426c-8dee-219430d57263', '3de16a9e-0fa9-46de-b069-90697f2145be', '4528cb0b-00d9-4550-96c7-92da4f76bce5', 'c02be49a-55bc-40f0-9d66-e5dc3f7d074f', 'b2c3ae28-c724-45e4-9e9c-f5fde2ba48e6', 'b7481ae9-9130-4902-9399-2b0c630417db', '5cc9ac7a-9715-48a7-adf8-56aa840f5233', 'f0ae5aff-f601-440c-90f7-68911f3e7420', '178f85d9-8e0a-40cd-b1b1-ee5ec9f3a1d4', '74606c92-2d8b-47d0-8e25-b6b57ab08491', '8cbbfdca-7241-4b88-aba8-39a27759e12a', '177b6c59-4e57-4f11-8b45-3213d35033ae', '6d3c8ee4-052f-46bb-b7b1-7ba5b7e90f88', '99a7499c-bde5-42c3-97fd-d0fa9c46170b', 'd092564f-5ad8-4a1d-8f6a-9a22e81e202d', '4e8dedf4-dc2e-4d2d-9a5c-af09b07d381f', '83725098-146b-4496-b8f4-a4af1e172220', 'd7a24405-dd2b-4d17-bf7a-10deaa0fb778', 'e7579d12-92ea-42e2-a076-a2afbf39d19e', '6c221280-dca7-445f-bd63-0b773e4ed95d', 'b26c4a16-ed50-4e9f-9782-eb2a69220e55']"
1d576d13-a6e5-4375-9d90-0385f5689b86,5,"['00c91ae6-e44f-42fa-9d26-12caf14c07c0', '00c91ae6-e44f-42fa-9d26-12caf14c07c0', '00c91ae6-e44f-42fa-9d26-12caf14c07c0', '00c91ae6-e44f-42fa-9d26-12caf14c07c0', '00c91ae6-e44f-42fa-9d26-12caf14c07c0', '00c91ae6-e44f-42fa-9d26-12caf14c07c0', '00c91ae6-e44f-42fa-9d26-12caf14c07c0', '00c91ae6-e44f-42fa-9d26-12caf14c07c0', '00c91ae6-e44f-42fa-9d26-12caf14c07c0', '00c91ae6-e44f-42fa-9d26-12caf14c07c0', '00c91ae6-e44f-42fa-9d26-12caf14c07c0', '00c91ae6-e44f-42fa-9d26-12caf14c07c0', '00c91ae6-e44f-42fa-9d26-12caf14c07c0', '00c91ae6-e44f-42fa-9d26-12caf14c07c0', '00c91ae6-e44f-42fa-9d26-12caf14c07c0', '00c91ae6-e44f-42fa-9d26-12caf14c07c0', '00c91ae6-e44f-42fa-9d26-12caf14c07c0', '00c91ae6-e44f-42fa-9d26-12caf14c07c0', '00c91ae6-e44f-42fa-9d26-12caf14c07c0', '00c91ae6-e44f-42fa-9d26-12caf14c07c0', '00c91ae6-e44f-42fa-9d26-12caf14c07c0', '00c91ae6-e44f-42fa-9d26-12caf14c07c0', '00c91ae6-e44f-42fa-9d26-12caf14c07c0', '00c91ae6-e44f-42fa-9d26-12caf14c07c0', '00c91ae6-e44f-42fa-9d26-12caf14c07c0', '00c91ae6-e44f-42fa-9d26-12caf14c07c0', '00c91ae6-e44f-42fa-9d26-12caf14c07c0', '53118716-f081-4611-b606-c5c382660cd1', '387ac9b7-a7cf-4ab9-b822-ba0427fa245c', '9a8ba4cc-6500-4cef-bca6-89325adffaf0', '4783d7ca-cf23-4a55-8a4e-d2c09e387a9b', '2226b981-5cad-464f-8077-d8899435020f', '78ab1d6b-a482-47c5-b5a8-86a2628f770c', '4f2de442-d13b-4b8d-9f90-a8be1d734107', 'c1d663d5-ffb9-4317-a05b-c8acd629b0e1', '9a055a4e-47b3-42e9-9183-6a95d1e7a584', '4dcbad3d-6f7b-47e8-ac47-595a9d8066e2', '2d967f3c-e92e-49f9-a228-00d57c61f37a', '74df0c93-ddcc-4d5e-9ab6-c6b552e42a8a', '5174921d-1ef4-4277-9533-cb0e89d09c74', '70ebbf21-e500-4d36-9268-ea0a85d8885f', '78cde651-18cd-4285-8624-087a7363f79c', '1ebe8ca7-2c62-4017-bb0a-6e246bbf181f', '9c6ecc69-b0d4-4222-80fd-c7a51b038d9d', 'cb46147b-70b7-42a7-8054-be837e72cc6a', 'af0ca8f7-0533-4da2-9594-efe613eb58e3', '2c25f5fa-814d-485e-b98e-77a40d7cc0ba', '354ec34c-0eb8-4ae5-b2ef-38678831b60c', '9236d7dd-25d1-404c-a5d1-c0eff47c85d7', '195b6988-7a8e-459c-8afc-edf303f63c9b']"
357f9623-981c-4653-b08b-ba8f0d8d5e25,10,"['9d6ab14b-333f-426c-8dee-219430d57263', '9d6ab14b-333f-426c-8dee-219430d57263', '9d6ab14b-333f-426c-8dee-219430d57263', '9d6ab14b-333f-426c-8dee-219430d57263', '9d6ab14b-333f-426c-8dee-219430d57263', '9d6ab14b-333f-426c-8dee-219430d57263', '9d6ab14b-333f-426c-8dee-219430d57263', '9d6ab14b-333f-426c-8dee-219430d57263', '9d6ab14b-333f-426c-8dee-219430d57263', '9d6ab14b-333f-426c-8dee-219430d57263', '9d6ab14b-333f-426c-8dee-219430d57263', '9d6ab14b-333f-426c-8dee-219430d57263', '9d6ab14b-333f-426c-8dee-219430d57263', '9d6ab14b-333f-426c-8dee-219430d57263', '9d6ab14b-333f-426c-8dee-219430d57263', '9d6ab14b-333f-426c-8dee-219430d57263', '9d6ab14b-333f-426c-8dee-219430d57263', '9d6ab14b-333f-426c-8dee-219430d57263', '9d6ab14b-333f-426c-8dee-219430d57263', '9d6ab14b-333f-426c-8dee-219430d57263', '9d6ab14b-333f-426c-8dee-219430d57263', '9d6ab14b-333f-426c-8dee-219430d57263', '9d6ab14b-333f-426c-8dee-219430d57263', '9d6ab14b-333f-426c-8dee-219430d57263', '9d6ab14b-333f-426c-8dee-219430d57263', '4528cb0b-00d9-4550-96c7-92da4f76bce5', 'b2c3ae28-c724-45e4-9e9c-f5fde2ba48e6', 'b7481ae9-9130-4902-9399-2b0c630417db', '5cc9ac7a-9715-48a7-adf8-56aa840f5233', 'f0ae5aff-f601-440c-90f7-68911f3e7420', '178f85d9-8e0a-40cd-b1b1-ee5ec9f3a1d4', '8cbbfdca-7241-4b88-aba8-39a27759e12a', '177b6c59-4e57-4f11-8b45-3213d35033ae', '6d3c8ee4-052f-46bb-b7b1-7ba5b7e90f88', '99a7499c-bde5-42c3-97fd-d0fa9c46170b', 'd092564f-5ad8-4a1d-8f6a-9a22e81e202d', '4e8dedf4-dc2e-4d2d-9a5c-af09b07d381f', 'd7a24405-dd2b-4d17-bf7a-10deaa0fb778', 'e7579d12-92ea-42e2-a076-a2afbf39d19e', '6c221280-dca7-445f-bd63-0b773e4ed95d', 'b26c4a16-ed50-4e9f-9782-eb2a69220e55', '9424f1ee-19a4-4b83-9cdb-64cb6f6bd405', '5849a112-0d19-4cc2-a5fa-6e8c9ed448bb', '598f9cb9-4c91-4c1e-ac15-f223da4c5e54', '1f7f59bd-ebe8-47cd-ba2b-bb0dfba6f84b', '1ec38594-f5d0-40a6-a0db-dd43edc1b3c0', 'ad9fe77e-79fb-47df-a8de-d5f9162c4bf4', '868e38e2-8d47-4678-85d0-2fa6646104d1', '9f48d7dd-9bec-4c7d-81be-c19f2e549ec0', '1e78e60a-46a2-4737-aca1-1bcd829bd73f']"
a95d9575-b62a-4015-a7db-21dbbab2792a,7,"['6e6b5bc8-21df-401b-af98-8b6e50a1e708', '6e6b5bc8-21df-401b-af98-8b6e50a1e708', '6e6b5bc8-21df-401b-af98-8b6e50a1e708', '6e6b5bc8-21df-401b-af98-8b6e50a1e708', '6e6b5bc8-21df-401b-af98-8b6e50a1e708', '6e6b5bc8-21df-401b-af98-8b6e50a1e708', '6e6b5bc8-21df-401b-af98-8b6e50a1e708', '6e6b5bc8-21df-401b-af98-8b6e50a1e708', '6e6b5bc8-21df-401b-af98-8b6e50a1e708', '6e6b5bc8-21df-401b-af98-8b6e50a1e708', '6e6b5bc8-21df-401b-af98-8b6e50a1e708', '6e6b5bc8-21df-401b-af98-8b6e50a1e708', '6e6b5bc8-21df-401b-af98-8b6e50a1e708', '6e6b5bc8-21df-401b-af98-8b6e50a1e708', '6e6b5bc8-21df-401b-af98-8b6e50a1e708', '6e6b5bc8-21df-401b-af98-8b6e50a1e708', '6e6b5bc8-21df-401b-af98-8b6e50a1e708', '6e6b5bc8-21df-401b-af98-8b6e50a1e708', '6e6b5bc8-21df-401b-af98-8b6e50a1e708', '6e6b5bc8-21df-401b-af98-8b6e50a1e708', '6e6b5bc8-21df-401b-af98-8b6e50a1e708', '6e6b5bc8-21df-401b-af98-8b6e50a1e708', '6e6b5bc8-21df-401b-af98-8b6e50a1e708', '6e6b5bc8-21df-401b-af98-8b6e50a1e708', '6e6b5bc8-21df-401b-af98-8b6e50a1e708', '6e6b5bc8-21df-401b-af98-8b6e50a1e708', '6e6b5bc8-21df-401b-af98-8b6e50a1e708', '6e6b5bc8-21df-401b-af98-8b6e50a1e708', '6e6b5bc8-21df-401b-af98-8b6e50a1e708', '6e6b5bc8-21df-401b-af98-8b6e50a1e708', '26829979-c88c-4e12-8c6b-5823d24a6009', '4b4fcb2b-b5f9-4839-92f3-1620a9ab13ec', 'd893ce04-a132-42b7-893a-7f8c6e10bab8', 'e619b991-6d63-4e71-a878-945d4832ad6d', 'df7b68f1-c637-4536-9091-b676c8c4ed9d', 'e037a478-fea1-4731-8238-9985503b0ea9', '5a43689b-df1b-40af-b0e6-bf45a1de8a42', 'd7e838de-d950-4413-87b8-4bfb224d2b2a', 'afd22bd3-6872-45e9-8f80-95ddd1d06958', '8d93ce7e-b99b-47e2-acfb-a2cea07c2fd0', '3b9daf1d-616c-40bc-8f8a-5ac155b6aaa9', '9c4cff36-412a-4b11-aa6b-5f616656c193', 'bede6d7d-c1ba-4e2f-9394-68f88b13ef97', 'db9ad192-8063-46e9-9afe-a5030fe96250', 'd39d72d6-c006-4cba-a953-922fff03030a', '3f7e001b-7771-4d09-ae42-b9d5f3684452', '61a3b490-7258-4274-9eed-5bd05da8a032', 'b7360fc2-7bd6-411f-8b16-85c0ebf42abf', '6ed35c28-1c52-455d-8171-2b891c4d306f', '45f60a0e-63cf-41fe-8b00-27efd90ae229']"
1d576d13-a6e5-4375-9d90-0385f5689b86,6,"['2c25f5fa-814d-485e-b98e-77a40d7cc0ba', '2c25f5fa-814d-485e-b98e-77a40d7cc0ba', '2c25f5fa-814d-485e-b98e-77a40d7cc0ba', '2c25f5fa-814d-485e-b98e-77a40d7cc0ba', '2c25f5fa-814d-485e-b98e-77a40d7cc0ba', '2c25f5fa-814d-485e-b98e-77a40d7cc0ba', '2c25f5fa-814d-485e-b98e-77a40d7cc0ba', '2c25f5fa-814d-485e-b98e-77a40d7cc0ba', '2c25f5fa-814d-485e-b98e-77a40d7cc0ba', '2c25f5fa-814d-485e-b98e-77a40d7cc0ba', '2c25f5fa-814d-485e-b98e-77a40d7cc0ba', '2c25f5fa-814d-485e-b98e-77a40d7cc0ba', '2c25f5fa-814d-485e-b98e-77a40d7cc0ba', '2c25f5fa-814d-485e-b98e-77a40d7cc0ba', '2c25f5fa-814d-485e-b98e-77a40d7cc0ba', '2c25f5fa-814d-485e-b98e-77a40d7cc0ba', '2c25f5fa-814d-485e-b98e-77a40d7cc0ba', '2c25f5fa-814d-485e-b98e-77a40d7cc0ba', '2c25f5fa-814d-485e-b98e-77a40d7cc0ba', '2c25f5fa-814d-485e-b98e-77a40d7cc0ba', '2c25f5fa-814d-485e-b98e-77a40d7cc0ba', '2c25f5fa-814d-485e-b98e-77a40d7cc0ba', '2c25f5fa-814d-485e-b98e-77a40d7cc0ba', '2c25f5fa-814d-485e-b98e-77a40d7cc0ba', '2c25f5fa-814d-485e-b98e-77a40d7cc0ba', '2c25f5fa-814d-485e-b98e-77a40d7cc0ba', '2c25f5fa-814d-485e-b98e-77a40d7cc0ba', '2c25f5fa-814d-485e-b98e-77a40d7cc0ba', '2c25f5fa-814d-485e-b98e-77a40d7cc0ba', '2c25f5fa-814d-485e-b98e-77a40d7cc0ba', '2c25f5fa-814d-485e-b98e-77a40d7cc0ba', '2c25f5fa-814d-485e-b98e-77a40d7cc0ba', '2c25f5fa-814d-485e-b98e-77a40d7cc0ba', '2c25f5fa-814d-485e-b98e-77a40d7cc0ba', '2c25f5fa-814d-485e-b98e-77a40d7cc0ba', '2c25f5fa-814d-485e-b98e-77a40d7cc0ba', '2c25f5fa-814d-485e-b98e-77a40d7cc0ba', '2c25f5fa-814d-485e-b98e-77a40d7cc0ba', '2c25f5fa-814d-485e-b98e-77a40d7cc0ba', '2c25f5fa-814d-485e-b98e-77a40d7cc0ba', 'f4d5e536-bc21-40b5-881e-3fe3c63527e6', '9d9277fe-fede-4da8-aa46-91a44d3802ab', '2c25c00f-5ca6-4682-929c-5f313249689a', '665f653d-9f9d-4ae7-b873-8858305f9f6c', 'db965af4-ae2e-4e77-9ab2-20c0e5445e19', '965ff5c9-6d19-4378-8e57-0680f5b9f7a4', '5f880c07-8b6f-4265-92e3-388efc4b168f', '9e0b747c-92a2-41a3-8b25-7423f56f4197', 'bc21862b-52f4-4836-bdcc-ae2f0e4b0f32', 'd6d8824c-d233-446a-8423-6a1b430c9fda']"
357f9623-981c-4653-b08b-ba8f0d8d5e25,11,"['9d6ab14b-333f-426c-8dee-219430d57263', '9d6ab14b-333f-426c-8dee-219430d57263', '9d6ab14b-333f-426c-8dee-219430d57263', '9d6ab14b-333f-426c-8dee-219430d57263', '9d6ab14b-333f-426c-8dee-219430d57263', '9d6ab14b-333f-426c-8dee-219430d57263', '9d6ab14b-333f-426c-8dee-219430d57263', '9d6ab14b-333f-426c-8dee-219430d57263', '9d6ab14b-333f-426c-8dee-219430d57263', '9d6ab14b-333f-426c-8dee-219430d57263', '9d6ab14b-333f-426c-8dee-219430d57263', '9d6ab14b-333f-426c-8dee-219430d57263', '9d6ab14b-333f-426c-8dee-219430d57263', '9d6ab14b-333f-426c-8dee-219430d57263', '9d6ab14b-333f-426c-8dee-219430d57263', '9d6ab14b-333f-426c-8dee-219430d57263', '9d6ab14b-333f-426c-8dee-219430d57263', '9d6ab14b-333f-426c-8dee-219430d57263', '9d6ab14b-333f-426c-8dee-219430d57263', '9d6ab14b-333f-426c-8dee-219430d57263', '4528cb0b-00d9-4550-96c7-92da4f76bce5', 'b2c3ae28-c724-45e4-9e9c-f5fde2ba48e6', 'b7481ae9-9130-4902-9399-2b0c630417db', '5cc9ac7a-9715-48a7-adf8-56aa840f5233', 'f0ae5aff-f601-440c-90f7-68911f3e7420', '178f85d9-8e0a-40cd-b1b1-ee5ec9f3a1d4', '8cbbfdca-7241-4b88-aba8-39a27759e12a', '177b6c59-4e57-4f11-8b45-3213d35033ae', '6d3c8ee4-052f-46bb-b7b1-7ba5b7e90f88', '99a7499c-bde5-42c3-97fd-d0fa9c46170b', 'd092564f-5ad8-4a1d-8f6a-9a22e81e202d', '4e8dedf4-dc2e-4d2d-9a5c-af09b07d381f', 'd7a24405-dd2b-4d17-bf7a-10deaa0fb778', 'e7579d12-92ea-42e2-a076-a2afbf39d19e', '6c221280-dca7-445f-bd63-0b773e4ed95d', 'b26c4a16-ed50-4e9f-9782-eb2a69220e55', '9424f1ee-19a4-4b83-9cdb-64cb6f6bd405', '5849a112-0d19-4cc2-a5fa-6e8c9ed448bb', '598f9cb9-4c91-4c1e-ac15-f223da4c5e54', '1f7f59bd-ebe8-47cd-ba2b-bb0dfba6f84b', 'ad9fe77e-79fb-47df-a8de-d5f9162c4bf4', '868e38e2-8d47-4678-85d0-2fa6646104d1', '9f48d7dd-9bec-4c7d-81be-c19f2e549ec0', '1e78e60a-46a2-4737-aca1-1bcd829bd73f', '558e9e37-67d0-494d-a66d-9bc362acfaef', '14975813-af2b-4dba-b0e2-8f15e312bce9', 'b894403d-d36a-4212-9c77-daf5862fce9f', '8f777122-5d2d-49f0-8cfb-ee3c71056baa', '15d653b2-d651-43f7-afe2-8242227a8cbb', '2ef55922-9802-4ff4-9085-6658f70a4f66']"
a95d9575-b62a-4015-a7db-21dbbab2792a,8,"['6e6b5bc8-21df-401b-af98-8b6e50a1e708', '6e6b5bc8-21df-401b-af98-8b6e50a1e708', '6e6b5bc8-21df-401b-af98-8b6e50a1e708', '6e6b5bc8-21df-401b-af98-8b6e50a1e708', '6e6b5bc8-21df-401b-af98-8b6e50a1e708', '6e6b5bc8-21df-401b-af98-8b6e50a1e708', '6e6b5bc8-21df-401b-af98-8b6e50a1e708', '6e6b5bc8-21df-401b-af98-8b6e50a1e708', '6e6b5bc8-21df-401b-af98-8b6e50a1e708', '6e6b5bc8-21df-401b-af98-8b6e50a1e708', '6e6b5bc8-21df-401b-af98-8b6e50a1e708', '6e6b5bc8-21df-401b-af98-8b6e50a1e708', '6e6b5bc8-21df-401b-af98-8b6e50a1e708', '6e6b5bc8-21df-401b-af98-8b6e50a1e708', '6e6b5bc8-21df-401b-af98-8b6e50a1e708', '6e6b5bc8-21df-401b-af98-8b6e50a1e708', '6e6b5bc8-21df-401b-af98-8b6e50a1e708', '6e6b5bc8-21df-401b-af98-8b6e50a1e708', '6e6b5bc8-21df-401b-af98-8b6e50a1e708', '6e6b5bc8-21df-401b-af98-8b6e50a1e708', '6e6b5bc8-21df-401b-af98-8b6e50a1e708', '6e6b5bc8-21df-401b-af98-8b6e50a1e708', '6e6b5bc8-21df-401b-af98-8b6e50a1e708', '6e6b5bc8-21df-401b-af98-8b6e50a1e708', '26829979-c88c-4e12-8c6b-5823d24a6009', '4b4fcb2b-b5f9-4839-92f3-1620a9ab13ec', 'd893ce04-a132-42b7-893a-7f8c6e10bab8', 'e619b991-6d63-4e71-a878-945d4832ad6d', 'df7b68f1-c637-4536-9091-b676c8c4ed9d', 'e037a478-fea1-4731-8238-9985503b0ea9', '5a43689b-df1b-40af-b0e6-bf45a1de8a42', 'd7e838de-d950-4413-87b8-4bfb224d2b2a', 'afd22bd3-6872-45e9-8f80-95ddd1d06958', '8d93ce7e-b99b-47e2-acfb-a2cea07c2fd0', 'bede6d7d-c1ba-4e2f-9394-68f88b13ef97', 'db9ad192-8063-46e9-9afe-a5030fe96250', 'd39d72d6-c006-4cba-a953-922fff03030a', '3f7e001b-7771-4d09-ae42-b9d5f3684452', '61a3b490-7258-4274-9eed-5bd05da8a032', 'b7360fc2-7bd6-411f-8b16-85c0ebf42abf', '45f60a0e-63cf-41fe-8b00-27efd90ae229', '89ea2258-a87e-4628-beec-ee8bd5cdf19a', 'fe752b44-8bd1-49a2-a07b-48794c4d7a0f', '3f711ab0-4fd4-402a-9eb6-a075f9c9e7a3', '1022b225-ada6-4868-b953-5481b77c972b', '23997927-0ec9-4621-ba15-001ab8f61312', '329f9629-2b52-4c99-bc2e-92f695c3a538', '5c98f1d3-84dd-4438-afbc-94b6447083f8', 'e9badfe5-c2a4-4162-8493-2ffa2380908e', 'efb5468f-9ace-41b1-a329-aca29cf1e5ef']"
357f9623-981c-4653-b08b-ba8f0d8d5e25,12,"['9d6ab14b-333f-426c-8dee-219430d57263', '9d6ab14b-333f-426c-8dee-219430d57263', '9d6ab14b-333f-426c-8dee-219430d57263', '9d6ab14b-333f-426c-8dee-219430d57263', '9d6ab14b-333f-426c-8dee-219430d57263', '9d6ab14b-333f-426c-8dee-219430d57263', '9d6ab14b-333f-426c-8dee-219430d57263', '9d6ab14b-333f-426c-8dee-219430d57263', '9d6ab14b-333f-426c-8dee-219430d57263', '9d6ab14b-333f-426c-8dee-219430d57263', '9d6ab14b-333f-426c-8dee-219430d57263', '9d6ab14b-333f-426c-8dee-219430d57263', '9d6ab14b-333f-426c-8dee-219430d57263', '9d6ab14b-333f-426c-8dee-219430d57263', '9d6ab14b-333f-426c-8dee-219430d57263', '9d6ab14b-333f-426c-8dee-219430d57263', '9d6ab14b-333f-426c-8dee-219430d57263', '9d6ab14b-333f-426c-8dee-219430d57263', '9d6ab14b-333f-426c-8dee-219430d57263', '9d6ab14b-333f-426c-8dee-219430d57263', '9d6ab14b-333f-426c-8dee-219430d57263', '9d6ab14b-333f-426c-8dee-219430d57263', '9d6ab14b-333f-426c-8dee-219430d57263', '9d6ab14b-333f-426c-8dee-219430d57263', '9d6ab14b-333f-426c-8dee-219430d57263', '9d6ab14b-333f-426c-8dee-219430d57263', '9d6ab14b-333f-426c-8dee-219430d57263', '9d6ab14b-333f-426c-8dee-219430d57263', '9d6ab14b-333f-426c-8dee-219430d57263', '9d6ab14b-333f-426c-8dee-219430d57263', '9d6ab14b-333f-426c-8dee-219430d57263', '9d6ab14b-333f-426c-8dee-219430d57263', '9d6ab14b-333f-426c-8dee-219430d57263', '9d6ab14b-333f-426c-8dee-219430d57263', '9d6ab14b-333f-426c-8dee-219430d57263', '9d6ab14b-333f-426c-8dee-219430d57263', '9d6ab14b-333f-426c-8dee-219430d57263', '9d6ab14b-333f-426c-8dee-219430d57263', '9d6ab14b-333f-426c-8dee-219430d57263', '9d6ab14b-333f-426c-8dee-219430d57263', '9d6ab14b-333f-426c-8dee-219430d57263', 'c66148d8-f844-421f-acbd-f88bc8e44d72', '15d68a3e-b05e-405d-958a-028619b50ee4', '96aa302d-cb01-44fc-ae12-7422dece7bb9', '298443f7-2c18-4891-961f-df61174f1ee1', 'c2bc94ca-b86e-49b0-afe6-5701f3cc6254', '25985d64-7c0c-4fbc-b971-70006f73118c', 'ad6f3b48-1759-422a-a32f-9eb6d8ceeaaa', '2ca8a439-6ab2-423c-9a36-1706f2f0b07b', 'eb33e9ee-9515-4540-94a7-bd826f65cca7']"
a95d9575-b62a-4015-a7db-21dbbab2792a,9,"['6e6b5bc8-21df-401b-af98-8b6e50a1e708', '6e6b5bc8-21df-401b-af98-8b6e50a1e708', '6e6b5bc8-21df-401b-af98-8b6e50a1e708', '6e6b5bc8-21df-401b-af98-8b6e50a1e708', '6e6b5bc8-21df-401b-af98-8b6e50a1e708', '6e6b5bc8-21df-401b-af98-8b6e50a1e708', '6e6b5bc8-21df-401b-af98-8b6e50a1e708', '6e6b5bc8-21df-401b-af98-8b6e50a1e708', '6e6b5bc8-21df-401b-af98-8b6e50a1e708', '6e6b5bc8-21df-401b-af98-8b6e50a1e708', '6e6b5bc8-21df-401b-af98-8b6e50a1e708', '6e6b5bc8-21df-401b-af98-8b6e50a1e708', '6e6b5bc8-21df-401b-af98-8b6e50a1e708', '6e6b5bc8-21df-401b-af98-8b6e50a1e708', '6e6b5bc8-21df-401b-af98-8b6e50a1e708', '6e6b5bc8-21df-401b-af98-8b6e50a1e708', '6e6b5bc8-21df-401b-af98-8b6e50a1e708', '6e6b5bc8-21df-401b-af98-8b6e50a1e708', '6e6b5bc8-21df-401b-af98-8b6e50a1e708', '6e6b5bc8-21df-401b-af98-8b6e50a1e708', '6e6b5bc8-21df-401b-af98-8b6e50a1e708', '6e6b5bc8-21df-401b-af98-8b6e50a1e708', '6e6b5bc8-21df-401b-af98-8b6e50a1e708', '6e6b5bc8-21df-401b-af98-8b6e50a1e708', '6e6b5bc8-21df-401b-af98-8b6e50a1e708', '6e6b5bc8-21df-401b-af98-8b6e50a1e708', '6e6b5bc8-21df-401b-af98-8b6e50a1e708', '6e6b5bc8-21df-401b-af98-8b6e50a1e708', '6e6b5bc8-21df-401b-af98-8b6e50a1e708', '6e6b5bc8-21df-401b-af98-8b6e50a1e708', '6e6b5bc8-21df-401b-af98-8b6e50a1e708', '6e6b5bc8-21df-401b-af98-8b6e50a1e708', '6e6b5bc8-21df-401b-af98-8b6e50a1e708', '6e6b5bc8-21df-401b-af98-8b6e50a1e708', '6e6b5bc8-21df-401b-af98-8b6e50a1e708', '6e6b5bc8-21df-401b-af98-8b6e50a1e708', '6e6b5bc8-21df-401b-af98-8b6e50a1e708', '6e6b5bc8-21df-401b-af98-8b6e50a1e708', '6e6b5bc8-21df-401b-af98-8b6e50a1e708', '6e6b5bc8-21df-401b-af98-8b6e50a1e708', 'b7360fc2-7bd6-411f-8b16-85c0ebf42abf', 'b7360fc2-7bd6-411f-8b16-85c0ebf42abf', 'b7360fc2-7bd6-411f-8b16-85c0ebf42abf', 'afc0b2b2-4615-40ec-8e06-f017d9b860c3', '66c55d9a-f4fd-4c82-8ef8-3d15ca840026', '915fa80d-461f-41b8-9a91-4701f46800ac', '0c9913f5-e509-49bc-a53d-0e95649a0d8a', '8b51d196-44f3-4517-a864-a4a21a4dd10f', 'ae57cbb2-b2a3-42ab-9488-746991d28f01', '193d4529-4b88-4610-9c3f-cf8c3c6b0ca5']"
1d576d13-a6e5-4375-9d90-0385f5689b86,7,"['2c25f5fa-814d-485e-b98e-77a40d7cc0ba', '2c25f5fa-814d-485e-b98e-77a40d7cc0ba', '2c25f5fa-814d-485e-b98e-77a40d7cc0ba', '2c25f5fa-814d-485e-b98e-77a40d7cc0ba', '2c25f5fa-814d-485e-b98e-77a40d7cc0ba', '2c25f5fa-814d-485e-b98e-77a40d7cc0ba', '2c25f5fa-814d-485e-b98e-77a40d7cc0ba', '2c25f5fa-814d-485e-b98e-77a40d7cc0ba', '2c25f5fa-814d-485e-b98e-77a40d7cc0ba', '2c25f5fa-814d-485e-b98e-77a40d7cc0ba', '2c25f5fa-814d-485e-b98e-77a40d7cc0ba', '2c25f5fa-814d-485e-b98e-77a40d7cc0ba', '2c25f5fa-814d-485e-b98e-77a40d7cc0ba', '2c25f5fa-814d-485e-b98e-77a40d7cc0ba', '2c25f5fa-814d-485e-b98e-77a40d7cc0ba', '2c25f5fa-814d-485e-b98e-77a40d7cc0ba', '2c25f5fa-814d-485e-b98e-77a40d7cc0ba', '2c25f5fa-814d-485e-b98e-77a40d7cc0ba', '2c25f5fa-814d-485e-b98e-77a40d7cc0ba', '2c25f5fa-814d-485e-b98e-77a40d7cc0ba', '2c25f5fa-814d-485e-b98e-77a40d7cc0ba', '2c25f5fa-814d-485e-b98e-77a40d7cc0ba', '2c25f5fa-814d-485e-b98e-77a40d7cc0ba', '2c25f5fa-814d-485e-b98e-77a40d7cc0ba', '2c25f5fa-814d-485e-b98e-77a40d7cc0ba', '2c25f5fa-814d-485e-b98e-77a40d7cc0ba', '2c25f5fa-814d-485e-b98e-77a40d7cc0ba', '2c25f5fa-814d-485e-b98e-77a40d7cc0ba', '2c25f5fa-814d-485e-b98e-77a40d7cc0ba', '2c25f5fa-814d-485e-b98e-77a40d7cc0ba', 'f4d5e536-bc21-40b5-881e-3fe3c63527e6', '9d9277fe-fede-4da8-aa46-91a44d3802ab', '2c25c00f-5ca6-4682-929c-5f313249689a', '665f653d-9f9d-4ae7-b873-8858305f9f6c', 'db965af4-ae2e-4e77-9ab2-20c0e5445e19', '5f880c07-8b6f-4265-92e3-388efc4b168f', '9e0b747c-92a2-41a3-8b25-7423f56f4197', 'bd9950f2-49f7-40a2-b44a-62b44213e0d3', 'b94d1204-44ce-4b34-a1e2-906db756d965', '44b00cf9-115e-4280-97dc-768cc1ad5445', '8eb507a2-19c7-4526-a1ae-a4c2db7fb6c4', '3e0b23bc-c9d0-464a-b764-49d49ce8da0d', 'ca769d96-9b52-4fd5-a51c-81792dcd347c', '2ee2d1e5-1ed3-474f-a164-cb1d74c7398b', '3894d9dd-b766-4650-b449-f9d3c4cc2fa2', '3fd4dcdc-9ca5-4a19-82a8-d94404402ad7', '2f6640ca-5e75-46ce-93fc-ea4bc11f7d48', 'cb2460c0-6201-47be-be35-51328311a3c5', '7a200ffe-10cb-47d3-a5df-b649c130ef62', '38d4cdca-a59b-4118-a673-61f5abbfdd10']"
a95d9575-b62a-4015-a7db-21dbbab2792a,10,"['6e6b5bc8-21df-401b-af98-8b6e50a1e708', '6e6b5bc8-21df-401b-af98-8b6e50a1e708', '6e6b5bc8-21df-401b-af98-8b6e50a1e708', '6e6b5bc8-21df-401b-af98-8b6e50a1e708', '6e6b5bc8-21df-401b-af98-8b6e50a1e708', '6e6b5bc8-21df-401b-af98-8b6e50a1e708', '6e6b5bc8-21df-401b-af98-8b6e50a1e708', '6e6b5bc8-21df-401b-af98-8b6e50a1e708', '6e6b5bc8-21df-401b-af98-8b6e50a1e708', '6e6b5bc8-21df-401b-af98-8b6e50a1e708', '6e6b5bc8-21df-401b-af98-8b6e50a1e708', '6e6b5bc8-21df-401b-af98-8b6e50a1e708', '6e6b5bc8-21df-401b-af98-8b6e50a1e708', '6e6b5bc8-21df-401b-af98-8b6e50a1e708', '6e6b5bc8-21df-401b-af98-8b6e50a1e708', '6e6b5bc8-21df-401b-af98-8b6e50a1e708', '6e6b5bc8-21df-401b-af98-8b6e50a1e708', '6e6b5bc8-21df-401b-af98-8b6e50a1e708', '6e6b5bc8-21df-401b-af98-8b6e50a1e708', '6e6b5bc8-21df-401b-af98-8b6e50a1e708', '6e6b5bc8-21df-401b-af98-8b6e50a1e708', '6e6b5bc8-21df-401b-af98-8b6e50a1e708', '6e6b5bc8-21df-401b-af98-8b6e50a1e708', '6e6b5bc8-21df-401b-af98-8b6e50a1e708', '6e6b5bc8-21df-401b-af98-8b6e50a1e708', '6e6b5bc8-21df-401b-af98-8b6e50a1e708', '6e6b5bc8-21df-401b-af98-8b6e50a1e708', '6e6b5bc8-21df-401b-af98-8b6e50a1e708', '6e6b5bc8-21df-401b-af98-8b6e50a1e708', '6e6b5bc8-21df-401b-af98-8b6e50a1e708', '6e6b5bc8-21df-401b-af98-8b6e50a1e708', '6e6b5bc8-21df-401b-af98-8b6e50a1e708', '6e6b5bc8-21df-401b-af98-8b6e50a1e708', '6e6b5bc8-21df-401b-af98-8b6e50a1e708', '6e6b5bc8-21df-401b-af98-8b6e50a1e708', '6e6b5bc8-21df-401b-af98-8b6e50a1e708', '6e6b5bc8-21df-401b-af98-8b6e50a1e708', '6e6b5bc8-21df-401b-af98-8b6e50a1e708', '6e6b5bc8-21df-401b-af98-8b6e50a1e708', 'b7360fc2-7bd6-411f-8b16-85c0ebf42abf', 'b7360fc2-7bd6-411f-8b16-85c0ebf42abf', 'b7360fc2-7bd6-411f-8b16-85c0ebf42abf', 'afc0b2b2-4615-40ec-8e06-f017d9b860c3', '66c55d9a-f4fd-4c82-8ef8-3d15ca840026', '915fa80d-461f-41b8-9a91-4701f46800ac', '0c9913f5-e509-49bc-a53d-0e95649a0d8a', 'ae57cbb2-b2a3-42ab-9488-746991d28f01', '193d4529-4b88-4610-9c3f-cf8c3c6b0ca5', 'd218460a-08e4-4a57-8845-ec3c4b327795', 'f5f2ebe4-4687-4183-9aed-203695e32e83']"
357f9623-981c-4653-b08b-ba8f0d8d5e25,13,"['9d6ab14b-333f-426c-8dee-219430d57263', '9d6ab14b-333f-426c-8dee-219430d57263', '9d6ab14b-333f-426c-8dee-219430d57263', '9d6ab14b-333f-426c-8dee-219430d57263', '9d6ab14b-333f-426c-8dee-219430d57263', '9d6ab14b-333f-426c-8dee-219430d57263', '9d6ab14b-333f-426c-8dee-219430d57263', '9d6ab14b-333f-426c-8dee-219430d57263', '9d6ab14b-333f-426c-8dee-219430d57263', '9d6ab14b-333f-426c-8dee-219430d57263', '9d6ab14b-333f-426c-8dee-219430d57263', '9d6ab14b-333f-426c-8dee-219430d57263', '9d6ab14b-333f-426c-8dee-219430d57263', '9d6ab14b-333f-426c-8dee-219430d57263', '9d6ab14b-333f-426c-8dee-219430d57263', '9d6ab14b-333f-426c-8dee-219430d57263', '9d6ab14b-333f-426c-8dee-219430d57263', '9d6ab14b-333f-426c-8dee-219430d57263', '9d6ab14b-333f-426c-8dee-219430d57263', '9d6ab14b-333f-426c-8dee-219430d57263', '9d6ab14b-333f-426c-8dee-219430d57263', '9d6ab14b-333f-426c-8dee-219430d57263', '9d6ab14b-333f-426c-8dee-219430d57263', '9d6ab14b-333f-426c-8dee-219430d57263', '9d6ab14b-333f-426c-8dee-219430d57263', '9d6ab14b-333f-426c-8dee-219430d57263', '9d6ab14b-333f-426c-8dee-219430d57263', '9d6ab14b-333f-426c-8dee-219430d57263', '9d6ab14b-333f-426c-8dee-219430d57263', '9d6ab14b-333f-426c-8dee-219430d57263', '9d6ab14b-333f-426c-8dee-219430d57263', 'c66148d8-f844-421f-acbd-f88bc8e44d72', '15d68a3e-b05e-405d-958a-028619b50ee4', '96aa302d-cb01-44fc-ae12-7422dece7bb9', '298443f7-2c18-4891-961f-df61174f1ee1', 'c2bc94ca-b86e-49b0-afe6-5701f3cc6254', 'ad6f3b48-1759-422a-a32f-9eb6d8ceeaaa', '2ca8a439-6ab2-423c-9a36-1706f2f0b07b', 'eb33e9ee-9515-4540-94a7-bd826f65cca7', '73aae15c-5f9e-4b0a-9c3a-533b3ef72bfc', 'ec87e3f5-85b6-4677-97be-4c920136fc8f', '7651d31d-1ee3-46ff-8b96-c9f1e5106241', '766be5ef-86de-4bc4-b7d7-b456932952e6', 'c432c741-1aa5-4f26-ac79-1f0b04d66b17', '411af03a-4c48-4fb2-89f7-fc0f09aa3092', '8cf35fc8-8241-4b91-a7e2-b7019a66756d', 'bff29496-41df-4596-99ea-508fe00e94b0', '4f1cfbf4-0dda-4c16-b0fa-2b1ab14a692f', '78203d65-a5f4-44b8-a1fe-f7dadc6421b3', 'e9424216-85c3-482d-999c-d0f78399d3b0']"
1d576d13-a6e5-4375-9d90-0385f5689b86,8,"['2c25f5fa-814d-485e-b98e-77a40d7cc0ba', '2c25f5fa-814d-485e-b98e-77a40d7cc0ba', '2c25f5fa-814d-485e-b98e-77a40d7cc0ba', '2c25f5fa-814d-485e-b98e-77a40d7cc0ba', '2c25f5fa-814d-485e-b98e-77a40d7cc0ba', '2c25f5fa-814d-485e-b98e-77a40d7cc0ba', '2c25f5fa-814d-485e-b98e-77a40d7cc0ba', '2c25f5fa-814d-485e-b98e-77a40d7cc0ba', '2c25f5fa-814d-485e-b98e-77a40d7cc0ba', '2c25f5fa-814d-485e-b98e-77a40d7cc0ba', '2c25f5fa-814d-485e-b98e-77a40d7cc0ba', '2c25f5fa-814d-485e-b98e-77a40d7cc0ba', '2c25f5fa-814d-485e-b98e-77a40d7cc0ba', '2c25f5fa-814d-485e-b98e-77a40d7cc0ba', '2c25f5fa-814d-485e-b98e-77a40d7cc0ba', '2c25f5fa-814d-485e-b98e-77a40d7cc0ba', '2c25f5fa-814d-485e-b98e-77a40d7cc0ba', '2c25f5fa-814d-485e-b98e-77a40d7cc0ba', '2c25f5fa-814d-485e-b98e-77a40d7cc0ba', '2c25f5fa-814d-485e-b98e-77a40d7cc0ba', '2c25f5fa-814d-485e-b98e-77a40d7cc0ba', '2c25f5fa-814d-485e-b98e-77a40d7cc0ba', '2c25f5fa-814d-485e-b98e-77a40d7cc0ba', '2c25f5fa-814d-485e-b98e-77a40d7cc0ba', '2c25f5fa-814d-485e-b98e-77a40d7cc0ba', 'f4d5e536-bc21-40b5-881e-3fe3c63527e6', '9d9277fe-fede-4da8-aa46-91a44d3802ab', '2c25c00f-5ca6-4682-929c-5f313249689a', '665f653d-9f9d-4ae7-b873-8858305f9f6c', '5f880c07-8b6f-4265-92e3-388efc4b168f', 'bd9950f2-49f7-40a2-b44a-62b44213e0d3', 'b94d1204-44ce-4b34-a1e2-906db756d965', '44b00cf9-115e-4280-97dc-768cc1ad5445', '8eb507a2-19c7-4526-a1ae-a4c2db7fb6c4', '3e0b23bc-c9d0-464a-b764-49d49ce8da0d', 'ca769d96-9b52-4fd5-a51c-81792dcd347c', '2ee2d1e5-1ed3-474f-a164-cb1d74c7398b', '3894d9dd-b766-4650-b449-f9d3c4cc2fa2', '2f6640ca-5e75-46ce-93fc-ea4bc11f7d48', '38d4cdca-a59b-4118-a673-61f5abbfdd10', '224c1f22-9991-4b94-8f3b-0baa8b6e3172', 'e0e8246d-0fc9-477d-af12-23f7779a3cd7', '64aa27e5-5db9-4ad8-be0f-5d8440909b14', '4f21a87f-16a8-4bcf-9416-3be49afe9a2d', '6b545346-8815-4365-86ac-06f3262b854e', '35adda19-9b42-4cc6-bb9e-8f4ce4aa2f2b', 'ee205760-df75-468b-bb46-2de7a4bb76be', 'de7cadab-5c93-4f99-8563-2132f1464145', 'e3e234d1-4505-4c67-bea9-216ea7cb53d4', '88583b29-011d-43de-8de5-506dd237edfc']"
a95d9575-b62a-4015-a7db-21dbbab2792a,11,"['6e6b5bc8-21df-401b-af98-8b6e50a1e708', '6e6b5bc8-21df-401b-af98-8b6e50a1e708', '6e6b5bc8-21df-401b-af98-8b6e50a1e708', '6e6b5bc8-21df-401b-af98-8b6e50a1e708', '6e6b5bc8-21df-401b-af98-8b6e50a1e708', '6e6b5bc8-21df-401b-af98-8b6e50a1e708', '6e6b5bc8-21df-401b-af98-8b6e50a1e708', '6e6b5bc8-21df-401b-af98-8b6e50a1e708', '6e6b5bc8-21df-401b-af98-8b6e50a1e708', '6e6b5bc8-21df-401b-af98-8b6e50a1e708', '6e6b5bc8-21df-401b-af98-8b6e50a1e708', '6e6b5bc8-21df-401b-af98-8b6e50a1e708', '6e6b5bc8-21df-401b-af98-8b6e50a1e708', '6e6b5bc8-21df-401b-af98-8b6e50a1e708', '6e6b5bc8-21df-401b-af98-8b6e50a1e708', '6e6b5bc8-21df-401b-af98-8b6e50a1e708', '6e6b5bc8-21df-401b-af98-8b6e50a1e708', '6e6b5bc8-21df-401b-af98-8b6e50a1e708', '6e6b5bc8-21df-401b-af98-8b6e50a1e708', '6e6b5bc8-21df-401b-af98-8b6e50a1e708', '6e6b5bc8-21df-401b-af98-8b6e50a1e708', '6e6b5bc8-21df-401b-af98-8b6e50a1e708', '6e6b5bc8-21df-401b-af98-8b6e50a1e708', '6e6b5bc8-21df-401b-af98-8b6e50a1e708', '6e6b5bc8-21df-401b-af98-8b6e50a1e708', '6e6b5bc8-21df-401b-af98-8b6e50a1e708', '6e6b5bc8-21df-401b-af98-8b6e50a1e708', '6e6b5bc8-21df-401b-af98-8b6e50a1e708', '6e6b5bc8-21df-401b-af98-8b6e50a1e708', '6e6b5bc8-21df-401b-af98-8b6e50a1e708', '6e6b5bc8-21df-401b-af98-8b6e50a1e708', '6e6b5bc8-21df-401b-af98-8b6e50a1e708', '6e6b5bc8-21df-401b-af98-8b6e50a1e708', '6e6b5bc8-21df-401b-af98-8b6e50a1e708', '6e6b5bc8-21df-401b-af98-8b6e50a1e708', 'b7360fc2-7bd6-411f-8b16-85c0ebf42abf', 'b7360fc2-7bd6-411f-8b16-85c0ebf42abf', 'afc0b2b2-4615-40ec-8e06-f017d9b860c3', '915fa80d-461f-41b8-9a91-4701f46800ac', '0c9913f5-e509-49bc-a53d-0e95649a0d8a', 'd218460a-08e4-4a57-8845-ec3c4b327795', 'f5f2ebe4-4687-4183-9aed-203695e32e83', 'b823906c-e2fa-43f3-b7bd-6ad602d1965b', 'f60f95a2-ca2e-40ac-a736-34395a52007e', '7afd7f87-7c4c-480f-907d-d16a101a8aae', 'e8273fe8-eb5a-4f5a-a02d-72ec8d884d2d', 'd95b3b14-7603-4a4e-b53f-98f0208efe91', '4f4a7be5-db22-4e5f-89cb-c8178181affa', '5c9e5162-3a9e-4365-942e-8f0c5b77dfd1', '868924aa-1cea-4a5a-aadf-677e29c12da7']"
7e916310-bb41-4c31-9c69-b85f231b69be,0,"['ad87412f-191e-417b-8299-ff94cfb6d24f', 'ad87412f-191e-417b-8299-ff94cfb6d24f', 'ad87412f-191e-417b-8299-ff94cfb6d24f', 'ad87412f-191e-417b-8299-ff94cfb6d24f', 'ad87412f-191e-417b-8299-ff94cfb6d24f', 'ad87412f-191e-417b-8299-ff94cfb6d24f', 'ad87412f-191e-417b-8299-ff94cfb6d24f', 'ad87412f-191e-417b-8299-ff94cfb6d24f', 'ad87412f-191e-417b-8299-ff94cfb6d24f', 'ad87412f-191e-417b-8299-ff94cfb6d24f', 'ad87412f-191e-417b-8299-ff94cfb6d24f', 'ad87412f-191e-417b-8299-ff94cfb6d24f', 'ad87412f-191e-417b-8299-ff94cfb6d24f', 'ad87412f-191e-417b-8299-ff94cfb6d24f', 'ad87412f-191e-417b-8299-ff94cfb6d24f', 'ad87412f-191e-417b-8299-ff94cfb6d24f', 'ad87412f-191e-417b-8299-ff94cfb6d24f', 'ad87412f-191e-417b-8299-ff94cfb6d24f', 'ad87412f-191e-417b-8299-ff94cfb6d24f', 'ad87412f-191e-417b-8299-ff94cfb6d24f', 'ad87412f-191e-417b-8299-ff94cfb6d24f', 'ad87412f-191e-417b-8299-ff94cfb6d24f', 'ad87412f-191e-417b-8299-ff94cfb6d24f', 'ad87412f-191e-417b-8299-ff94cfb6d24f', 'ad87412f-191e-417b-8299-ff94cfb6d24f', 'ad87412f-191e-417b-8299-ff94cfb6d24f', 'ad87412f-191e-417b-8299-ff94cfb6d24f', 'ad87412f-191e-417b-8299-ff94cfb6d24f', 'ad87412f-191e-417b-8299-ff94cfb6d24f', 'ad87412f-191e-417b-8299-ff94cfb6d24f', 'ad87412f-191e-417b-8299-ff94cfb6d24f', 'ad87412f-191e-417b-8299-ff94cfb6d24f', 'ad87412f-191e-417b-8299-ff94cfb6d24f', 'ad87412f-191e-417b-8299-ff94cfb6d24f', 'ad87412f-191e-417b-8299-ff94cfb6d24f', 'ad87412f-191e-417b-8299-ff94cfb6d24f', 'ad87412f-191e-417b-8299-ff94cfb6d24f', 'ad87412f-191e-417b-8299-ff94cfb6d24f', 'ad87412f-191e-417b-8299-ff94cfb6d24f', 'ad87412f-191e-417b-8299-ff94cfb6d24f', 'ad87412f-191e-417b-8299-ff94cfb6d24f', 'ad87412f-191e-417b-8299-ff94cfb6d24f', 'ad87412f-191e-417b-8299-ff94cfb6d24f', 'ad87412f-191e-417b-8299-ff94cfb6d24f', 'ad87412f-191e-417b-8299-ff94cfb6d24f', 'ad87412f-191e-417b-8299-ff94cfb6d24f', 'ad87412f-191e-417b-8299-ff94cfb6d24f', 'ad87412f-191e-417b-8299-ff94cfb6d24f', 'ad87412f-191e-417b-8299-ff94cfb6d24f', 'ad87412f-191e-417b-8299-ff94cfb6d24f']"
8676b219-4d75-42a8-9949-196395b35f82,0,"['5059004a-43fb-40b3-8e4a-e2c5255f750f', '5059004a-43fb-40b3-8e4a-e2c5255f750f', '5059004a-43fb-40b3-8e4a-e2c5255f750f', '5059004a-43fb-40b3-8e4a-e2c5255f750f', '5059004a-43fb-40b3-8e4a-e2c5255f750f', '5059004a-43fb-40b3-8e4a-e2c5255f750f', '5059004a-43fb-40b3-8e4a-e2c5255f750f', '5059004a-43fb-40b3-8e4a-e2c5255f750f', '5059004a-43fb-40b3-8e4a-e2c5255f750f', '5059004a-43fb-40b3-8e4a-e2c5255f750f', '5059004a-43fb-40b3-8e4a-e2c5255f750f', '5059004a-43fb-40b3-8e4a-e2c5255f750f', '5059004a-43fb-40b3-8e4a-e2c5255f750f', '5059004a-43fb-40b3-8e4a-e2c5255f750f', '5059004a-43fb-40b3-8e4a-e2c5255f750f', '5059004a-43fb-40b3-8e4a-e2c5255f750f', '5059004a-43fb-40b3-8e4a-e2c5255f750f', '5059004a-43fb-40b3-8e4a-e2c5255f750f', '5059004a-43fb-40b3-8e4a-e2c5255f750f', '5059004a-43fb-40b3-8e4a-e2c5255f750f', '5059004a-43fb-40b3-8e4a-e2c5255f750f', '5059004a-43fb-40b3-8e4a-e2c5255f750f', '5059004a-43fb-40b3-8e4a-e2c5255f750f', '5059004a-43fb-40b3-8e4a-e2c5255f750f', '5059004a-43fb-40b3-8e4a-e2c5255f750f', '5059004a-43fb-40b3-8e4a-e2c5255f750f', '5059004a-43fb-40b3-8e4a-e2c5255f750f', '5059004a-43fb-40b3-8e4a-e2c5255f750f', '5059004a-43fb-40b3-8e4a-e2c5255f750f', '5059004a-43fb-40b3-8e4a-e2c5255f750f', '5059004a-43fb-40b3-8e4a-e2c5255f750f', '5059004a-43fb-40b3-8e4a-e2c5255f750f', '5059004a-43fb-40b3-8e4a-e2c5255f750f', '5059004a-43fb-40b3-8e4a-e2c5255f750f', '5059004a-43fb-40b3-8e4a-e2c5255f750f', '5059004a-43fb-40b3-8e4a-e2c5255f750f', '5059004a-43fb-40b3-8e4a-e2c5255f750f', '5059004a-43fb-40b3-8e4a-e2c5255f750f', '5059004a-43fb-40b3-8e4a-e2c5255f750f', '5059004a-43fb-40b3-8e4a-e2c5255f750f', '5059004a-43fb-40b3-8e4a-e2c5255f750f', '5059004a-43fb-40b3-8e4a-e2c5255f750f', '5059004a-43fb-40b3-8e4a-e2c5255f750f', '5059004a-43fb-40b3-8e4a-e2c5255f750f', '5059004a-43fb-40b3-8e4a-e2c5255f750f', '5059004a-43fb-40b3-8e4a-e2c5255f750f', '5059004a-43fb-40b3-8e4a-e2c5255f750f', '5059004a-43fb-40b3-8e4a-e2c5255f750f', '5059004a-43fb-40b3-8e4a-e2c5255f750f', '5059004a-43fb-40b3-8e4a-e2c5255f750f']"
a95d9575-b62a-4015-a7db-21dbbab2792a,12,"['6e6b5bc8-21df-401b-af98-8b6e50a1e708', '6e6b5bc8-21df-401b-af98-8b6e50a1e708', '6e6b5bc8-21df-401b-af98-8b6e50a1e708', '6e6b5bc8-21df-401b-af98-8b6e50a1e708', '6e6b5bc8-21df-401b-af98-8b6e50a1e708', '6e6b5bc8-21df-401b-af98-8b6e50a1e708', '6e6b5bc8-21df-401b-af98-8b6e50a1e708', '6e6b5bc8-21df-401b-af98-8b6e50a1e708', '6e6b5bc8-21df-401b-af98-8b6e50a1e708', '6e6b5bc8-21df-401b-af98-8b6e50a1e708', '6e6b5bc8-21df-401b-af98-8b6e50a1e708', '6e6b5bc8-21df-401b-af98-8b6e50a1e708', '6e6b5bc8-21df-401b-af98-8b6e50a1e708', '6e6b5bc8-21df-401b-af98-8b6e50a1e708', '6e6b5bc8-21df-401b-af98-8b6e50a1e708', '6e6b5bc8-21df-401b-af98-8b6e50a1e708', '6e6b5bc8-21df-401b-af98-8b6e50a1e708', '6e6b5bc8-21df-401b-af98-8b6e50a1e708', '6e6b5bc8-21df-401b-af98-8b6e50a1e708', '6e6b5bc8-21df-401b-af98-8b6e50a1e708', '6e6b5bc8-21df-401b-af98-8b6e50a1e708', '6e6b5bc8-21df-401b-af98-8b6e50a1e708', '6e6b5bc8-21df-401b-af98-8b6e50a1e708', '6e6b5bc8-21df-401b-af98-8b6e50a1e708', '6e6b5bc8-21df-401b-af98-8b6e50a1e708', '6e6b5bc8-21df-401b-af98-8b6e50a1e708', '6e6b5bc8-21df-401b-af98-8b6e50a1e708', '6e6b5bc8-21df-401b-af98-8b6e50a1e708', '6e6b5bc8-21df-401b-af98-8b6e50a1e708', '6e6b5bc8-21df-401b-af98-8b6e50a1e708', '6e6b5bc8-21df-401b-af98-8b6e50a1e708', '6e6b5bc8-21df-401b-af98-8b6e50a1e708', '6e6b5bc8-21df-401b-af98-8b6e50a1e708', 'b7360fc2-7bd6-411f-8b16-85c0ebf42abf', 'b7360fc2-7bd6-411f-8b16-85c0ebf42abf', 'b7360fc2-7bd6-411f-8b16-85c0ebf42abf', '4f4a7be5-db22-4e5f-89cb-c8178181affa', '4f4a7be5-db22-4e5f-89cb-c8178181affa', '4f4a7be5-db22-4e5f-89cb-c8178181affa', '4f4a7be5-db22-4e5f-89cb-c8178181affa', '4f4a7be5-db22-4e5f-89cb-c8178181affa', '4f4a7be5-db22-4e5f-89cb-c8178181affa', '4f4a7be5-db22-4e5f-89cb-c8178181affa', '4f4a7be5-db22-4e5f-89cb-c8178181affa', '4f4a7be5-db22-4e5f-89cb-c8178181affa', '77ae6595-7369-44a5-863c-da6382c8e5c3', '1f5036a7-7b7e-494b-b567-dd03021ef54b', 'aec92848-69fb-4155-b792-7635ca63b4bb', '01c2cb31-7b41-4fea-b801-139a091e2b80', 'cbafb9dd-82db-49a1-8a14-27ea8b136d3c']"
357f9623-981c-4653-b08b-ba8f0d8d5e25,14,"['9d6ab14b-333f-426c-8dee-219430d57263', '9d6ab14b-333f-426c-8dee-219430d57263', '9d6ab14b-333f-426c-8dee-219430d57263', '9d6ab14b-333f-426c-8dee-219430d57263', '9d6ab14b-333f-426c-8dee-219430d57263', '9d6ab14b-333f-426c-8dee-219430d57263', '9d6ab14b-333f-426c-8dee-219430d57263', '9d6ab14b-333f-426c-8dee-219430d57263', '9d6ab14b-333f-426c-8dee-219430d57263', '9d6ab14b-333f-426c-8dee-219430d57263', '9d6ab14b-333f-426c-8dee-219430d57263', '9d6ab14b-333f-426c-8dee-219430d57263', '9d6ab14b-333f-426c-8dee-219430d57263', '9d6ab14b-333f-426c-8dee-219430d57263', '9d6ab14b-333f-426c-8dee-219430d57263', '9d6ab14b-333f-426c-8dee-219430d57263', '9d6ab14b-333f-426c-8dee-219430d57263', '9d6ab14b-333f-426c-8dee-219430d57263', '9d6ab14b-333f-426c-8dee-219430d57263', '9d6ab14b-333f-426c-8dee-219430d57263', '9d6ab14b-333f-426c-8dee-219430d57263', '9d6ab14b-333f-426c-8dee-219430d57263', '9d6ab14b-333f-426c-8dee-219430d57263', '9d6ab14b-333f-426c-8dee-219430d57263', '9d6ab14b-333f-426c-8dee-219430d57263', '15d68a3e-b05e-405d-958a-028619b50ee4', '96aa302d-cb01-44fc-ae12-7422dece7bb9', '298443f7-2c18-4891-961f-df61174f1ee1', 'c2bc94ca-b86e-49b0-afe6-5701f3cc6254', 'ad6f3b48-1759-422a-a32f-9eb6d8ceeaaa', 'eb33e9ee-9515-4540-94a7-bd826f65cca7', '73aae15c-5f9e-4b0a-9c3a-533b3ef72bfc', '7651d31d-1ee3-46ff-8b96-c9f1e5106241', '766be5ef-86de-4bc4-b7d7-b456932952e6', 'c432c741-1aa5-4f26-ac79-1f0b04d66b17', '411af03a-4c48-4fb2-89f7-fc0f09aa3092', 'bff29496-41df-4596-99ea-508fe00e94b0', '4f1cfbf4-0dda-4c16-b0fa-2b1ab14a692f', '78203d65-a5f4-44b8-a1fe-f7dadc6421b3', 'e5dece3f-98f3-4002-97cf-143a740c46a7', '2f9de5d2-147a-4267-afb6-95b2b6d1bb3e', '414b89de-9b6b-406c-b9f0-d698e0aeaac4', 'f0a88ac6-1b94-4d01-b2d6-4b6f61d97127', '2c58c6a9-9aee-4102-8b87-73cfee15a15e', 'fe51d4df-6699-4b5b-a734-a3bc8f35773c', '7348e514-a268-412c-9add-21d5cc63cd4a', '54502069-8afe-475d-a789-bcb25c910efc', 'ddc75513-f297-476a-8da6-9aca8686cfd1', 'a0f9e809-bed8-489d-a208-26b3e59630f1', '13e5cd15-1e9d-4149-814f-efc220402633']"
1d576d13-a6e5-4375-9d90-0385f5689b86,9,"['2c25f5fa-814d-485e-b98e-77a40d7cc0ba', '2c25f5fa-814d-485e-b98e-77a40d7cc0ba', '2c25f5fa-814d-485e-b98e-77a40d7cc0ba', '2c25f5fa-814d-485e-b98e-77a40d7cc0ba', '2c25f5fa-814d-485e-b98e-77a40d7cc0ba', '2c25f5fa-814d-485e-b98e-77a40d7cc0ba', '2c25f5fa-814d-485e-b98e-77a40d7cc0ba', '2c25f5fa-814d-485e-b98e-77a40d7cc0ba', '2c25f5fa-814d-485e-b98e-77a40d7cc0ba', '2c25f5fa-814d-485e-b98e-77a40d7cc0ba', '2c25f5fa-814d-485e-b98e-77a40d7cc0ba', '2c25f5fa-814d-485e-b98e-77a40d7cc0ba', '2c25f5fa-814d-485e-b98e-77a40d7cc0ba', '2c25f5fa-814d-485e-b98e-77a40d7cc0ba', '2c25f5fa-814d-485e-b98e-77a40d7cc0ba', '2c25f5fa-814d-485e-b98e-77a40d7cc0ba', '2c25f5fa-814d-485e-b98e-77a40d7cc0ba', '2c25f5fa-814d-485e-b98e-77a40d7cc0ba', '2c25f5fa-814d-485e-b98e-77a40d7cc0ba', '2c25f5fa-814d-485e-b98e-77a40d7cc0ba', '9d9277fe-fede-4da8-aa46-91a44d3802ab', '2c25c00f-5ca6-4682-929c-5f313249689a', '665f653d-9f9d-4ae7-b873-8858305f9f6c', '5f880c07-8b6f-4265-92e3-388efc4b168f', 'bd9950f2-49f7-40a2-b44a-62b44213e0d3', 'b94d1204-44ce-4b34-a1e2-906db756d965', '44b00cf9-115e-4280-97dc-768cc1ad5445', '3e0b23bc-c9d0-464a-b764-49d49ce8da0d', 'ca769d96-9b52-4fd5-a51c-81792dcd347c', '2ee2d1e5-1ed3-474f-a164-cb1d74c7398b', '3894d9dd-b766-4650-b449-f9d3c4cc2fa2', '224c1f22-9991-4b94-8f3b-0baa8b6e3172', 'e0e8246d-0fc9-477d-af12-23f7779a3cd7', '6b545346-8815-4365-86ac-06f3262b854e', '35adda19-9b42-4cc6-bb9e-8f4ce4aa2f2b', 'ee205760-df75-468b-bb46-2de7a4bb76be', 'de7cadab-5c93-4f99-8563-2132f1464145', 'e3e234d1-4505-4c67-bea9-216ea7cb53d4', '51a14ba4-db93-4380-97b8-7dcae535283e', 'fec852f9-70bc-4bae-b81b-407da732d900', '4e1119a6-b996-4959-8848-b746f226866c', '52bf9008-cdd6-4ce3-8fa3-4e816fed7754', '764fa1a7-9d1d-4cf4-b54e-da1449429d07', 'a42ebbc4-9ec5-4848-93b7-64cc3e2e3f67', 'a9a692df-1526-41d6-b870-04682affcdd3', 'c03fa9d9-c1da-4b84-af4e-6c8072b950ea', '9c18089f-d4f7-4222-a1bb-028d1bd6f4be', 'db42258c-e1f0-4f85-9b04-519945b15a9f', '3ddcd2d1-a0af-4c6f-8180-7b65a0f25871', 'bf7fab74-943b-423b-9f77-28001f97e647']"
7e916310-bb41-4c31-9c69-b85f231b69be,1,"['ad87412f-191e-417b-8299-ff94cfb6d24f', 'ad87412f-191e-417b-8299-ff94cfb6d24f', 'ad87412f-191e-417b-8299-ff94cfb6d24f', 'ad87412f-191e-417b-8299-ff94cfb6d24f', 'ad87412f-191e-417b-8299-ff94cfb6d24f', 'ad87412f-191e-417b-8299-ff94cfb6d24f', 'ad87412f-191e-417b-8299-ff94cfb6d24f', 'ad87412f-191e-417b-8299-ff94cfb6d24f', 'ad87412f-191e-417b-8299-ff94cfb6d24f', 'ad87412f-191e-417b-8299-ff94cfb6d24f', 'ad87412f-191e-417b-8299-ff94cfb6d24f', 'ad87412f-191e-417b-8299-ff94cfb6d24f', 'ad87412f-191e-417b-8299-ff94cfb6d24f', 'ad87412f-191e-417b-8299-ff94cfb6d24f', 'ad87412f-191e-417b-8299-ff94cfb6d24f', 'ad87412f-191e-417b-8299-ff94cfb6d24f', 'ad87412f-191e-417b-8299-ff94cfb6d24f', 'ad87412f-191e-417b-8299-ff94cfb6d24f', 'ad87412f-191e-417b-8299-ff94cfb6d24f', 'ad87412f-191e-417b-8299-ff94cfb6d24f', 'ad87412f-191e-417b-8299-ff94cfb6d24f', 'ad87412f-191e-417b-8299-ff94cfb6d24f', 'ad87412f-191e-417b-8299-ff94cfb6d24f', 'ad87412f-191e-417b-8299-ff94cfb6d24f', 'ad87412f-191e-417b-8299-ff94cfb6d24f', 'ad87412f-191e-417b-8299-ff94cfb6d24f', 'ad87412f-191e-417b-8299-ff94cfb6d24f', 'ad87412f-191e-417b-8299-ff94cfb6d24f', 'ad87412f-191e-417b-8299-ff94cfb6d24f', 'ad87412f-191e-417b-8299-ff94cfb6d24f', 'ad87412f-191e-417b-8299-ff94cfb6d24f', 'ad87412f-191e-417b-8299-ff94cfb6d24f', 'ad87412f-191e-417b-8299-ff94cfb6d24f', 'ad87412f-191e-417b-8299-ff94cfb6d24f', 'ad87412f-191e-417b-8299-ff94cfb6d24f', 'ad87412f-191e-417b-8299-ff94cfb6d24f', 'ad87412f-191e-417b-8299-ff94cfb6d24f', 'ad87412f-191e-417b-8299-ff94cfb6d24f', 'ad87412f-191e-417b-8299-ff94cfb6d24f', 'ad87412f-191e-417b-8299-ff94cfb6d24f', '797ac47f-8e93-4a01-b476-9f02f2da7353', 'f81c60d5-b21e-4dce-8422-ff8d8e3109ca', '0c1a96b4-499c-488b-8fed-7f4d0595a3f7', 'a35918a0-cab4-420d-b6ac-f98eb6dd5647', 'c1e69647-6581-4a6d-ac64-e1a8dc1e2db6', '583e97ba-c0ea-4a6c-9fe0-5f281c323c67', '4a72a63a-2116-4e7d-8bb8-fdadfea052d3', '21af6cce-2b69-4426-b50a-b615d796c4d9', '855c317c-d751-446f-88bc-65714f332b29', '1d81e9fe-e8f6-4f6c-9fc4-356de22d93ff']"
8676b219-4d75-42a8-9949-196395b35f82,1,"['5059004a-43fb-40b3-8e4a-e2c5255f750f', '5059004a-43fb-40b3-8e4a-e2c5255f750f', '5059004a-43fb-40b3-8e4a-e2c5255f750f', '5059004a-43fb-40b3-8e4a-e2c5255f750f', '5059004a-43fb-40b3-8e4a-e2c5255f750f', '5059004a-43fb-40b3-8e4a-e2c5255f750f', '5059004a-43fb-40b3-8e4a-e2c5255f750f', '5059004a-43fb-40b3-8e4a-e2c5255f750f', '5059004a-43fb-40b3-8e4a-e2c5255f750f', '5059004a-43fb-40b3-8e4a-e2c5255f750f', '5059004a-43fb-40b3-8e4a-e2c5255f750f', '5059004a-43fb-40b3-8e4a-e2c5255f750f', '5059004a-43fb-40b3-8e4a-e2c5255f750f', '5059004a-43fb-40b3-8e4a-e2c5255f750f', '5059004a-43fb-40b3-8e4a-e2c5255f750f', '5059004a-43fb-40b3-8e4a-e2c5255f750f', '5059004a-43fb-40b3-8e4a-e2c5255f750f', '5059004a-43fb-40b3-8e4a-e2c5255f750f', '5059004a-43fb-40b3-8e4a-e2c5255f750f', '5059004a-43fb-40b3-8e4a-e2c5255f750f', '5059004a-43fb-40b3-8e4a-e2c5255f750f', '5059004a-43fb-40b3-8e4a-e2c5255f750f', '5059004a-43fb-40b3-8e4a-e2c5255f750f', '5059004a-43fb-40b3-8e4a-e2c5255f750f', '5059004a-43fb-40b3-8e4a-e2c5255f750f', '5059004a-43fb-40b3-8e4a-e2c5255f750f', '5059004a-43fb-40b3-8e4a-e2c5255f750f', '5059004a-43fb-40b3-8e4a-e2c5255f750f', '5059004a-43fb-40b3-8e4a-e2c5255f750f', '5059004a-43fb-40b3-8e4a-e2c5255f750f', '5059004a-43fb-40b3-8e4a-e2c5255f750f', '5059004a-43fb-40b3-8e4a-e2c5255f750f', '5059004a-43fb-40b3-8e4a-e2c5255f750f', '5059004a-43fb-40b3-8e4a-e2c5255f750f', '5059004a-43fb-40b3-8e4a-e2c5255f750f', '5059004a-43fb-40b3-8e4a-e2c5255f750f', '5059004a-43fb-40b3-8e4a-e2c5255f750f', '5059004a-43fb-40b3-8e4a-e2c5255f750f', '5059004a-43fb-40b3-8e4a-e2c5255f750f', '5059004a-43fb-40b3-8e4a-e2c5255f750f', '05b53835-901c-42bb-b782-86d97be61163', '66a5567b-c482-4842-ab19-c197b6b59a60', '6d8f8cd8-d92e-4bb1-939c-92fa76a76a49', 'd6eeb8e1-72d5-4db3-981a-64bfa9458ba5', 'd2c59bf1-7ebe-45b4-acc1-acb9ddcd74ef', '17ca55cb-3bf9-4508-a77d-71f8ebee838e', 'f332054e-02fb-4b22-a95c-1026104adaa4', '1484a240-2a91-4e99-a1b2-2b740eb87641', '9ee2b249-06eb-49b6-8fd9-4f1030387f96', '277a123f-e40e-41f1-b3e0-afdb50a58d3f']"
a95d9575-b62a-4015-a7db-21dbbab2792a,13,"['6e6b5bc8-21df-401b-af98-8b6e50a1e708', '6e6b5bc8-21df-401b-af98-8b6e50a1e708', '6e6b5bc8-21df-401b-af98-8b6e50a1e708', '6e6b5bc8-21df-401b-af98-8b6e50a1e708', '6e6b5bc8-21df-401b-af98-8b6e50a1e708', '6e6b5bc8-21df-401b-af98-8b6e50a1e708', '6e6b5bc8-21df-401b-af98-8b6e50a1e708', '6e6b5bc8-21df-401b-af98-8b6e50a1e708', '6e6b5bc8-21df-401b-af98-8b6e50a1e708', '6e6b5bc8-21df-401b-af98-8b6e50a1e708', '6e6b5bc8-21df-401b-af98-8b6e50a1e708', '6e6b5bc8-21df-401b-af98-8b6e50a1e708', 'b7360fc2-7bd6-411f-8b16-85c0ebf42abf', 'b7360fc2-7bd6-411f-8b16-85c0ebf42abf', '4f4a7be5-db22-4e5f-89cb-c8178181affa', '4f4a7be5-db22-4e5f-89cb-c8178181affa', '4f4a7be5-db22-4e5f-89cb-c8178181affa', '4f4a7be5-db22-4e5f-89cb-c8178181affa', '4f4a7be5-db22-4e5f-89cb-c8178181affa', '4f4a7be5-db22-4e5f-89cb-c8178181affa', '4f4a7be5-db22-4e5f-89cb-c8178181affa', '4f4a7be5-db22-4e5f-89cb-c8178181affa', '4f4a7be5-db22-4e5f-89cb-c8178181affa', '4f4a7be5-db22-4e5f-89cb-c8178181affa', '4f4a7be5-db22-4e5f-89cb-c8178181affa', '4f4a7be5-db22-4e5f-89cb-c8178181affa', '4f4a7be5-db22-4e5f-89cb-c8178181affa', '4f4a7be5-db22-4e5f-89cb-c8178181affa', '4f4a7be5-db22-4e5f-89cb-c8178181affa', '4f4a7be5-db22-4e5f-89cb-c8178181affa', '4f4a7be5-db22-4e5f-89cb-c8178181affa', '4f4a7be5-db22-4e5f-89cb-c8178181affa', '4f4a7be5-db22-4e5f-89cb-c8178181affa', '4f4a7be5-db22-4e5f-89cb-c8178181affa', '4f4a7be5-db22-4e5f-89cb-c8178181affa', '4f4a7be5-db22-4e5f-89cb-c8178181affa', '4f4a7be5-db22-4e5f-89cb-c8178181affa', '4f4a7be5-db22-4e5f-89cb-c8178181affa', '4f4a7be5-db22-4e5f-89cb-c8178181affa', '4f4a7be5-db22-4e5f-89cb-c8178181affa', '05cd437d-11fa-42d8-96db-bdc4dfc85453', 'f3b9d2bc-ea78-461c-bea0-c94fe2b3d3ea', 'e3c0db97-af2b-41ed-8411-956cfb2cb895', '72682093-35d6-48b3-8227-57c3ce12a849', '2955d94b-8d84-4e09-a810-e8a8b81d211f', '3f8bc39d-536e-4c32-a967-1bc6793eb126', '1b1055f8-b599-4a31-8113-6007766d1827', '2ee1f46c-6e01-4782-bd94-8c09664c06b2', '32ed4b4f-1b64-445d-9b55-46d9fca6a78a', '5c73f40b-aadb-4570-97c4-f93768640f33']"
357f9623-981c-4653-b08b-ba8f0d8d5e25,15,"['9d6ab14b-333f-426c-8dee-219430d57263', '9d6ab14b-333f-426c-8dee-219430d57263', '9d6ab14b-333f-426c-8dee-219430d57263', '9d6ab14b-333f-426c-8dee-219430d57263', '9d6ab14b-333f-426c-8dee-219430d57263', '9d6ab14b-333f-426c-8dee-219430d57263', '9d6ab14b-333f-426c-8dee-219430d57263', '9d6ab14b-333f-426c-8dee-219430d57263', '9d6ab14b-333f-426c-8dee-219430d57263', '9d6ab14b-333f-426c-8dee-219430d57263', '9d6ab14b-333f-426c-8dee-219430d57263', '9d6ab14b-333f-426c-8dee-219430d57263', '9d6ab14b-333f-426c-8dee-219430d57263', '9d6ab14b-333f-426c-8dee-219430d57263', '9d6ab14b-333f-426c-8dee-219430d57263', '9d6ab14b-333f-426c-8dee-219430d57263', '9d6ab14b-333f-426c-8dee-219430d57263', '9d6ab14b-333f-426c-8dee-219430d57263', '9d6ab14b-333f-426c-8dee-219430d57263', '9d6ab14b-333f-426c-8dee-219430d57263', '9d6ab14b-333f-426c-8dee-219430d57263', '9d6ab14b-333f-426c-8dee-219430d57263', '9d6ab14b-333f-426c-8dee-219430d57263', '414b89de-9b6b-406c-b9f0-d698e0aeaac4', '414b89de-9b6b-406c-b9f0-d698e0aeaac4', '414b89de-9b6b-406c-b9f0-d698e0aeaac4', '414b89de-9b6b-406c-b9f0-d698e0aeaac4', '414b89de-9b6b-406c-b9f0-d698e0aeaac4', '414b89de-9b6b-406c-b9f0-d698e0aeaac4', '414b89de-9b6b-406c-b9f0-d698e0aeaac4', '414b89de-9b6b-406c-b9f0-d698e0aeaac4', '414b89de-9b6b-406c-b9f0-d698e0aeaac4', '414b89de-9b6b-406c-b9f0-d698e0aeaac4', '414b89de-9b6b-406c-b9f0-d698e0aeaac4', '414b89de-9b6b-406c-b9f0-d698e0aeaac4', '414b89de-9b6b-406c-b9f0-d698e0aeaac4', 'ca317b18-c878-49a4-a775-6fc3e61fa766', '9ee52b89-5188-4185-a1d9-6bf064f34ecf', '1ce645bf-5ac8-4c74-ba52-ef750b7feecd', '697753d1-12f8-4914-89ab-966b404321e4', '54fc70cf-3250-4201-a03d-bc2b380aa029', 'dc937a43-e8ad-4fab-9019-3ab4149bd651', 'c8c728e4-da1f-4676-b98b-d9c4ba1005cf', 'b85306db-8cde-42e8-b2fe-ae1165d64b6e', '29015066-89d2-4060-8e0c-ceba40f1eb23', '11394a45-a452-4250-89fb-aeb7cb2461e0', '0cd32e19-2dfa-450c-8374-61bb0bf6412f', '94ab6183-cf2e-4e21-84c0-b3131aaf346e', '207112e4-2b39-44a3-b288-e376335becf7', '1aa1eb48-7d64-49a4-8048-3325855a6a5e']"
7e916310-bb41-4c31-9c69-b85f231b69be,2,"['ad87412f-191e-417b-8299-ff94cfb6d24f', 'ad87412f-191e-417b-8299-ff94cfb6d24f', 'ad87412f-191e-417b-8299-ff94cfb6d24f', 'f81c60d5-b21e-4dce-8422-ff8d8e3109ca', 'f81c60d5-b21e-4dce-8422-ff8d8e3109ca', 'f81c60d5-b21e-4dce-8422-ff8d8e3109ca', 'f81c60d5-b21e-4dce-8422-ff8d8e3109ca', 'f81c60d5-b21e-4dce-8422-ff8d8e3109ca', 'f81c60d5-b21e-4dce-8422-ff8d8e3109ca', 'f81c60d5-b21e-4dce-8422-ff8d8e3109ca', 'f81c60d5-b21e-4dce-8422-ff8d8e3109ca', 'f81c60d5-b21e-4dce-8422-ff8d8e3109ca', 'f81c60d5-b21e-4dce-8422-ff8d8e3109ca', 'f81c60d5-b21e-4dce-8422-ff8d8e3109ca', 'f81c60d5-b21e-4dce-8422-ff8d8e3109ca', 'f81c60d5-b21e-4dce-8422-ff8d8e3109ca', 'f81c60d5-b21e-4dce-8422-ff8d8e3109ca', 'f81c60d5-b21e-4dce-8422-ff8d8e3109ca', 'f81c60d5-b21e-4dce-8422-ff8d8e3109ca', 'f81c60d5-b21e-4dce-8422-ff8d8e3109ca', 'f81c60d5-b21e-4dce-8422-ff8d8e3109ca', 'f81c60d5-b21e-4dce-8422-ff8d8e3109ca', 'f81c60d5-b21e-4dce-8422-ff8d8e3109ca', 'f81c60d5-b21e-4dce-8422-ff8d8e3109ca', 'f81c60d5-b21e-4dce-8422-ff8d8e3109ca', 'f81c60d5-b21e-4dce-8422-ff8d8e3109ca', 'f81c60d5-b21e-4dce-8422-ff8d8e3109ca', 'f81c60d5-b21e-4dce-8422-ff8d8e3109ca', 'f81c60d5-b21e-4dce-8422-ff8d8e3109ca', 'f81c60d5-b21e-4dce-8422-ff8d8e3109ca', 'f81c60d5-b21e-4dce-8422-ff8d8e3109ca', 'f81c60d5-b21e-4dce-8422-ff8d8e3109ca', 'f81c60d5-b21e-4dce-8422-ff8d8e3109ca', 'f81c60d5-b21e-4dce-8422-ff8d8e3109ca', 'f81c60d5-b21e-4dce-8422-ff8d8e3109ca', 'f81c60d5-b21e-4dce-8422-ff8d8e3109ca', 'f81c60d5-b21e-4dce-8422-ff8d8e3109ca', 'f81c60d5-b21e-4dce-8422-ff8d8e3109ca', '47b4d118-8620-41ea-bcc1-0f8509d2b069', 'be7044be-4ac6-4549-bd0d-70baea05818f', 'd0c92e3b-a6dc-44d9-bf7a-ee76efb2a99e', '4d70ab7c-94c8-4189-8d27-5b62a35487df', '875bb35a-92fd-4b40-ab1b-da9889cdc9f1', '8c2ecfb3-2d82-466b-99c4-cdfc2b4b4212', '61c994f7-3fba-4ec5-96f1-2bf4f13380ee', '8b77387b-af2e-48e7-a6a3-7d8d709846b9', '6a1eb7ab-0891-4ba0-b4d2-25ee176c4bc3', 'adb205b5-ab75-4b3d-b8e5-5b686fc81bf5', '815c91bb-a876-455f-bf8a-b3c6065cea13', 'f5939f0b-cc9e-4510-957c-62bb2dcd9108']"
a95d9575-b62a-4015-a7db-21dbbab2792a,14,"['6e6b5bc8-21df-401b-af98-8b6e50a1e708', '6e6b5bc8-21df-401b-af98-8b6e50a1e708', '6e6b5bc8-21df-401b-af98-8b6e50a1e708', '6e6b5bc8-21df-401b-af98-8b6e50a1e708', '6e6b5bc8-21df-401b-af98-8b6e50a1e708', '6e6b5bc8-21df-401b-af98-8b6e50a1e708', '6e6b5bc8-21df-401b-af98-8b6e50a1e708', '6e6b5bc8-21df-401b-af98-8b6e50a1e708', '6e6b5bc8-21df-401b-af98-8b6e50a1e708', '6e6b5bc8-21df-401b-af98-8b6e50a1e708', '6e6b5bc8-21df-401b-af98-8b6e50a1e708', 'b7360fc2-7bd6-411f-8b16-85c0ebf42abf', '4f4a7be5-db22-4e5f-89cb-c8178181affa', '4f4a7be5-db22-4e5f-89cb-c8178181affa', '4f4a7be5-db22-4e5f-89cb-c8178181affa', '4f4a7be5-db22-4e5f-89cb-c8178181affa', '4f4a7be5-db22-4e5f-89cb-c8178181affa', '4f4a7be5-db22-4e5f-89cb-c8178181affa', '4f4a7be5-db22-4e5f-89cb-c8178181affa', '4f4a7be5-db22-4e5f-89cb-c8178181affa', '4f4a7be5-db22-4e5f-89cb-c8178181affa', '4f4a7be5-db22-4e5f-89cb-c8178181affa', '4f4a7be5-db22-4e5f-89cb-c8178181affa', '4f4a7be5-db22-4e5f-89cb-c8178181affa', '4f4a7be5-db22-4e5f-89cb-c8178181affa', '4f4a7be5-db22-4e5f-89cb-c8178181affa', '4f4a7be5-db22-4e5f-89cb-c8178181affa', '4f4a7be5-db22-4e5f-89cb-c8178181affa', '4f4a7be5-db22-4e5f-89cb-c8178181affa', '4f4a7be5-db22-4e5f-89cb-c8178181affa', '4f4a7be5-db22-4e5f-89cb-c8178181affa', '4f4a7be5-db22-4e5f-89cb-c8178181affa', '4f4a7be5-db22-4e5f-89cb-c8178181affa', '05cd437d-11fa-42d8-96db-bdc4dfc85453', 'e3c0db97-af2b-41ed-8411-956cfb2cb895', '72682093-35d6-48b3-8227-57c3ce12a849', '2955d94b-8d84-4e09-a810-e8a8b81d211f', '3f8bc39d-536e-4c32-a967-1bc6793eb126', '1b1055f8-b599-4a31-8113-6007766d1827', '2ee1f46c-6e01-4782-bd94-8c09664c06b2', '32ed4b4f-1b64-445d-9b55-46d9fca6a78a', '0b59e1b0-a641-451b-a4c3-ff6090a6be7e', '37ea9670-02dc-43fc-b704-d6972c3de70f', '1dbdbefe-ea82-486c-9584-18e0c9acb6a2', 'dbe32090-6c42-46ee-b36f-6a966e9e9b0e', '60b2c720-16db-4c3e-9dc2-308e73b4f9e8', 'b4bb86a0-a52a-4bc2-9f39-78845b266b92', '31f8f6b5-cc3a-4da3-8b9c-2132d37d765c', '79d15d1e-bd6b-4d80-a394-2ed3625be2b2', '95834f16-02a2-474d-999c-5b8d3338baf1']"
1d576d13-a6e5-4375-9d90-0385f5689b86,10,"['2c25f5fa-814d-485e-b98e-77a40d7cc0ba', '2c25f5fa-814d-485e-b98e-77a40d7cc0ba', '2c25f5fa-814d-485e-b98e-77a40d7cc0ba', '2c25f5fa-814d-485e-b98e-77a40d7cc0ba', '2c25f5fa-814d-485e-b98e-77a40d7cc0ba', '2c25f5fa-814d-485e-b98e-77a40d7cc0ba', '2c25f5fa-814d-485e-b98e-77a40d7cc0ba', '2c25f5fa-814d-485e-b98e-77a40d7cc0ba', '2c25f5fa-814d-485e-b98e-77a40d7cc0ba', '2c25f5fa-814d-485e-b98e-77a40d7cc0ba', '2c25f5fa-814d-485e-b98e-77a40d7cc0ba', '2c25f5fa-814d-485e-b98e-77a40d7cc0ba', '2c25f5fa-814d-485e-b98e-77a40d7cc0ba', '2c25f5fa-814d-485e-b98e-77a40d7cc0ba', '2c25f5fa-814d-485e-b98e-77a40d7cc0ba', '2c25f5fa-814d-485e-b98e-77a40d7cc0ba', '2c25f5fa-814d-485e-b98e-77a40d7cc0ba', '2c25f5fa-814d-485e-b98e-77a40d7cc0ba', '2c25f5fa-814d-485e-b98e-77a40d7cc0ba', '2c25f5fa-814d-485e-b98e-77a40d7cc0ba', '2c25f5fa-814d-485e-b98e-77a40d7cc0ba', '2c25f5fa-814d-485e-b98e-77a40d7cc0ba', '2c25f5fa-814d-485e-b98e-77a40d7cc0ba', '2c25f5fa-814d-485e-b98e-77a40d7cc0ba', '2c25f5fa-814d-485e-b98e-77a40d7cc0ba', '2c25f5fa-814d-485e-b98e-77a40d7cc0ba', '2c25f5fa-814d-485e-b98e-77a40d7cc0ba', '2c25f5fa-814d-485e-b98e-77a40d7cc0ba', '2c25f5fa-814d-485e-b98e-77a40d7cc0ba', '2c25f5fa-814d-485e-b98e-77a40d7cc0ba', '2c25f5fa-814d-485e-b98e-77a40d7cc0ba', '2c25f5fa-814d-485e-b98e-77a40d7cc0ba', '2c25f5fa-814d-485e-b98e-77a40d7cc0ba', '2c25f5fa-814d-485e-b98e-77a40d7cc0ba', '2c25f5fa-814d-485e-b98e-77a40d7cc0ba', '2c25f5fa-814d-485e-b98e-77a40d7cc0ba', '2c25f5fa-814d-485e-b98e-77a40d7cc0ba', '2c25f5fa-814d-485e-b98e-77a40d7cc0ba', 'da0802fe-2bcc-4b0c-9369-a666aa68374a', '87e96fb4-2bfc-471e-a67f-ab8e90e58c12', '49c249ca-4313-4b8e-b962-7bf5217f04ce', 'c81f993b-3d8f-40bb-8d87-ac8c73e1865a', '4e04eb19-80a4-4f12-a96b-cfe0fc3dbd56', '999b830d-b9b4-4b35-89f2-662ce8664330', '7e4f6058-e5ab-4f3b-9900-84e6a80f6d62', 'df693244-d1e1-4412-8f4a-7c5b7955573d', '719e4799-727a-4079-a631-70ea82a7ea43', '63a0efe0-0639-4ac7-a421-a0395617b6b0', '0fb0f33d-228f-4548-b8b2-b6f367492f3c', '3c76a3bf-ab2f-4ad4-b8de-c8ab96ee2dd3']"
8676b219-4d75-42a8-9949-196395b35f82,2,"['5059004a-43fb-40b3-8e4a-e2c5255f750f', '5059004a-43fb-40b3-8e4a-e2c5255f750f', '5059004a-43fb-40b3-8e4a-e2c5255f750f', '5059004a-43fb-40b3-8e4a-e2c5255f750f', '5059004a-43fb-40b3-8e4a-e2c5255f750f', '5059004a-43fb-40b3-8e4a-e2c5255f750f', '5059004a-43fb-40b3-8e4a-e2c5255f750f', '5059004a-43fb-40b3-8e4a-e2c5255f750f', '5059004a-43fb-40b3-8e4a-e2c5255f750f', '5059004a-43fb-40b3-8e4a-e2c5255f750f', '5059004a-43fb-40b3-8e4a-e2c5255f750f', '5059004a-43fb-40b3-8e4a-e2c5255f750f', '5059004a-43fb-40b3-8e4a-e2c5255f750f', '5059004a-43fb-40b3-8e4a-e2c5255f750f', '5059004a-43fb-40b3-8e4a-e2c5255f750f', '5059004a-43fb-40b3-8e4a-e2c5255f750f', '5059004a-43fb-40b3-8e4a-e2c5255f750f', '5059004a-43fb-40b3-8e4a-e2c5255f750f', '5059004a-43fb-40b3-8e4a-e2c5255f750f', '5059004a-43fb-40b3-8e4a-e2c5255f750f', '5059004a-43fb-40b3-8e4a-e2c5255f750f', '5059004a-43fb-40b3-8e4a-e2c5255f750f', '5059004a-43fb-40b3-8e4a-e2c5255f750f', '5059004a-43fb-40b3-8e4a-e2c5255f750f', '5059004a-43fb-40b3-8e4a-e2c5255f750f', '5059004a-43fb-40b3-8e4a-e2c5255f750f', '5059004a-43fb-40b3-8e4a-e2c5255f750f', '5059004a-43fb-40b3-8e4a-e2c5255f750f', '5059004a-43fb-40b3-8e4a-e2c5255f750f', '5059004a-43fb-40b3-8e4a-e2c5255f750f', '05b53835-901c-42bb-b782-86d97be61163', '66a5567b-c482-4842-ab19-c197b6b59a60', '6d8f8cd8-d92e-4bb1-939c-92fa76a76a49', 'd2c59bf1-7ebe-45b4-acc1-acb9ddcd74ef', '17ca55cb-3bf9-4508-a77d-71f8ebee838e', 'f332054e-02fb-4b22-a95c-1026104adaa4', '1484a240-2a91-4e99-a1b2-2b740eb87641', '9ee2b249-06eb-49b6-8fd9-4f1030387f96', '277a123f-e40e-41f1-b3e0-afdb50a58d3f', 'b4429a99-57ad-4b03-b11f-eca6bd6e2191', '5b61dafc-ce30-4586-b8bf-11e5fd281a64', '1e3a545a-a8f5-4e47-bd46-eef7a8c14713', 'fb1f6f5d-180c-4a6e-b8b4-c4ed123f97b1', 'ba87ff81-12ca-4967-9bc2-6aa91c7b730b', '9ee69916-7c4b-4e43-b553-7a75df96ddc6', '884bf011-1dc6-404b-b472-1e5aea40d9ed', '2c22e044-9297-4151-a8d4-8b0b90fb4fa8', '3c238852-cc7e-4226-8f3d-566f8a9cbcc5', '852bc4d6-29a6-4fd2-9f88-83eaf6e741b8', 'daa3258a-d8cc-46a5-a5a5-3389849d607e']"
a70abf70-001b-4b4f-9c79-56789d37f2a7,0,"['11ccee6a-5e57-44af-8231-3e2afdd7c473', '11ccee6a-5e57-44af-8231-3e2afdd7c473', '11ccee6a-5e57-44af-8231-3e2afdd7c473', '11ccee6a-5e57-44af-8231-3e2afdd7c473', '11ccee6a-5e57-44af-8231-3e2afdd7c473', '11ccee6a-5e57-44af-8231-3e2afdd7c473', '11ccee6a-5e57-44af-8231-3e2afdd7c473', '11ccee6a-5e57-44af-8231-3e2afdd7c473', '11ccee6a-5e57-44af-8231-3e2afdd7c473', '11ccee6a-5e57-44af-8231-3e2afdd7c473', '11ccee6a-5e57-44af-8231-3e2afdd7c473', '11ccee6a-5e57-44af-8231-3e2afdd7c473', '11ccee6a-5e57-44af-8231-3e2afdd7c473', '11ccee6a-5e57-44af-8231-3e2afdd7c473', '11ccee6a-5e57-44af-8231-3e2afdd7c473', '11ccee6a-5e57-44af-8231-3e2afdd7c473', '11ccee6a-5e57-44af-8231-3e2afdd7c473', '11ccee6a-5e57-44af-8231-3e2afdd7c473', '11ccee6a-5e57-44af-8231-3e2afdd7c473', '11ccee6a-5e57-44af-8231-3e2afdd7c473', '11ccee6a-5e57-44af-8231-3e2afdd7c473', '11ccee6a-5e57-44af-8231-3e2afdd7c473', '11ccee6a-5e57-44af-8231-3e2afdd7c473', '11ccee6a-5e57-44af-8231-3e2afdd7c473', '11ccee6a-5e57-44af-8231-3e2afdd7c473', '11ccee6a-5e57-44af-8231-3e2afdd7c473', '11ccee6a-5e57-44af-8231-3e2afdd7c473', '11ccee6a-5e57-44af-8231-3e2afdd7c473', '11ccee6a-5e57-44af-8231-3e2afdd7c473', '11ccee6a-5e57-44af-8231-3e2afdd7c473', '11ccee6a-5e57-44af-8231-3e2afdd7c473', '11ccee6a-5e57-44af-8231-3e2afdd7c473', '11ccee6a-5e57-44af-8231-3e2afdd7c473', '11ccee6a-5e57-44af-8231-3e2afdd7c473', '11ccee6a-5e57-44af-8231-3e2afdd7c473', '11ccee6a-5e57-44af-8231-3e2afdd7c473', '11ccee6a-5e57-44af-8231-3e2afdd7c473', '11ccee6a-5e57-44af-8231-3e2afdd7c473', '11ccee6a-5e57-44af-8231-3e2afdd7c473', '11ccee6a-5e57-44af-8231-3e2afdd7c473', '11ccee6a-5e57-44af-8231-3e2afdd7c473', '11ccee6a-5e57-44af-8231-3e2afdd7c473', '11ccee6a-5e57-44af-8231-3e2afdd7c473', '11ccee6a-5e57-44af-8231-3e2afdd7c473', '11ccee6a-5e57-44af-8231-3e2afdd7c473', '11ccee6a-5e57-44af-8231-3e2afdd7c473', '11ccee6a-5e57-44af-8231-3e2afdd7c473', '11ccee6a-5e57-44af-8231-3e2afdd7c473', '11ccee6a-5e57-44af-8231-3e2afdd7c473', '11ccee6a-5e57-44af-8231-3e2afdd7c473']"
8676b219-4d75-42a8-9949-196395b35f82,3,"['5059004a-43fb-40b3-8e4a-e2c5255f750f', '5059004a-43fb-40b3-8e4a-e2c5255f750f', '5059004a-43fb-40b3-8e4a-e2c5255f750f', '5059004a-43fb-40b3-8e4a-e2c5255f750f', '5059004a-43fb-40b3-8e4a-e2c5255f750f', '5059004a-43fb-40b3-8e4a-e2c5255f750f', '5059004a-43fb-40b3-8e4a-e2c5255f750f', '5059004a-43fb-40b3-8e4a-e2c5255f750f', '5059004a-43fb-40b3-8e4a-e2c5255f750f', '5059004a-43fb-40b3-8e4a-e2c5255f750f', '5059004a-43fb-40b3-8e4a-e2c5255f750f', '5059004a-43fb-40b3-8e4a-e2c5255f750f', '5059004a-43fb-40b3-8e4a-e2c5255f750f', '5059004a-43fb-40b3-8e4a-e2c5255f750f', '5059004a-43fb-40b3-8e4a-e2c5255f750f', '5059004a-43fb-40b3-8e4a-e2c5255f750f', '5059004a-43fb-40b3-8e4a-e2c5255f750f', '5059004a-43fb-40b3-8e4a-e2c5255f750f', '5059004a-43fb-40b3-8e4a-e2c5255f750f', '5059004a-43fb-40b3-8e4a-e2c5255f750f', '5059004a-43fb-40b3-8e4a-e2c5255f750f', '5059004a-43fb-40b3-8e4a-e2c5255f750f', '5059004a-43fb-40b3-8e4a-e2c5255f750f', '5059004a-43fb-40b3-8e4a-e2c5255f750f', '5059004a-43fb-40b3-8e4a-e2c5255f750f', '5059004a-43fb-40b3-8e4a-e2c5255f750f', '5059004a-43fb-40b3-8e4a-e2c5255f750f', '5059004a-43fb-40b3-8e4a-e2c5255f750f', '5059004a-43fb-40b3-8e4a-e2c5255f750f', '05b53835-901c-42bb-b782-86d97be61163', '66a5567b-c482-4842-ab19-c197b6b59a60', '6d8f8cd8-d92e-4bb1-939c-92fa76a76a49', 'd2c59bf1-7ebe-45b4-acc1-acb9ddcd74ef', '17ca55cb-3bf9-4508-a77d-71f8ebee838e', 'f332054e-02fb-4b22-a95c-1026104adaa4', '1484a240-2a91-4e99-a1b2-2b740eb87641', '9ee2b249-06eb-49b6-8fd9-4f1030387f96', '277a123f-e40e-41f1-b3e0-afdb50a58d3f', 'b4429a99-57ad-4b03-b11f-eca6bd6e2191', '5b61dafc-ce30-4586-b8bf-11e5fd281a64', '1e3a545a-a8f5-4e47-bd46-eef7a8c14713', 'fb1f6f5d-180c-4a6e-b8b4-c4ed123f97b1', 'ba87ff81-12ca-4967-9bc2-6aa91c7b730b', '9ee69916-7c4b-4e43-b553-7a75df96ddc6', '2c22e044-9297-4151-a8d4-8b0b90fb4fa8', '3c238852-cc7e-4226-8f3d-566f8a9cbcc5', '852bc4d6-29a6-4fd2-9f88-83eaf6e741b8', 'daa3258a-d8cc-46a5-a5a5-3389849d607e', '6fcd97e4-81eb-4685-8121-880c9872f29b', 'fa96d168-88ba-4828-b429-074ad0698bd7']"
e364bbb6-4cbb-4973-a0e9-ca180dc93386,0,"['42b2f9a1-d3e1-45b9-bfb2-6c75add80f94', '42b2f9a1-d3e1-45b9-bfb2-6c75add80f94', '42b2f9a1-d3e1-45b9-bfb2-6c75add80f94', '42b2f9a1-d3e1-45b9-bfb2-6c75add80f94', '42b2f9a1-d3e1-45b9-bfb2-6c75add80f94', '42b2f9a1-d3e1-45b9-bfb2-6c75add80f94', '42b2f9a1-d3e1-45b9-bfb2-6c75add80f94', '42b2f9a1-d3e1-45b9-bfb2-6c75add80f94', '42b2f9a1-d3e1-45b9-bfb2-6c75add80f94', '42b2f9a1-d3e1-45b9-bfb2-6c75add80f94', '42b2f9a1-d3e1-45b9-bfb2-6c75add80f94', '42b2f9a1-d3e1-45b9-bfb2-6c75add80f94', '42b2f9a1-d3e1-45b9-bfb2-6c75add80f94', '42b2f9a1-d3e1-45b9-bfb2-6c75add80f94', '42b2f9a1-d3e1-45b9-bfb2-6c75add80f94', '42b2f9a1-d3e1-45b9-bfb2-6c75add80f94', '42b2f9a1-d3e1-45b9-bfb2-6c75add80f94', '42b2f9a1-d3e1-45b9-bfb2-6c75add80f94', '42b2f9a1-d3e1-45b9-bfb2-6c75add80f94', '42b2f9a1-d3e1-45b9-bfb2-6c75add80f94', '42b2f9a1-d3e1-45b9-bfb2-6c75add80f94', '42b2f9a1-d3e1-45b9-bfb2-6c75add80f94', '42b2f9a1-d3e1-45b9-bfb2-6c75add80f94', '42b2f9a1-d3e1-45b9-bfb2-6c75add80f94', '42b2f9a1-d3e1-45b9-bfb2-6c75add80f94', '42b2f9a1-d3e1-45b9-bfb2-6c75add80f94', '42b2f9a1-d3e1-45b9-bfb2-6c75add80f94', '42b2f9a1-d3e1-45b9-bfb2-6c75add80f94', '42b2f9a1-d3e1-45b9-bfb2-6c75add80f94', '42b2f9a1-d3e1-45b9-bfb2-6c75add80f94', '42b2f9a1-d3e1-45b9-bfb2-6c75add80f94', '42b2f9a1-d3e1-45b9-bfb2-6c75add80f94', '42b2f9a1-d3e1-45b9-bfb2-6c75add80f94', '42b2f9a1-d3e1-45b9-bfb2-6c75add80f94', '42b2f9a1-d3e1-45b9-bfb2-6c75add80f94', '42b2f9a1-d3e1-45b9-bfb2-6c75add80f94', '42b2f9a1-d3e1-45b9-bfb2-6c75add80f94', '42b2f9a1-d3e1-45b9-bfb2-6c75add80f94', '42b2f9a1-d3e1-45b9-bfb2-6c75add80f94', '42b2f9a1-d3e1-45b9-bfb2-6c75add80f94', '42b2f9a1-d3e1-45b9-bfb2-6c75add80f94', '42b2f9a1-d3e1-45b9-bfb2-6c75add80f94', '42b2f9a1-d3e1-45b9-bfb2-6c75add80f94', '42b2f9a1-d3e1-45b9-bfb2-6c75add80f94', '42b2f9a1-d3e1-45b9-bfb2-6c75add80f94', '42b2f9a1-d3e1-45b9-bfb2-6c75add80f94', '42b2f9a1-d3e1-45b9-bfb2-6c75add80f94', '42b2f9a1-d3e1-45b9-bfb2-6c75add80f94', '42b2f9a1-d3e1-45b9-bfb2-6c75add80f94', '42b2f9a1-d3e1-45b9-bfb2-6c75add80f94']"
7e916310-bb41-4c31-9c69-b85f231b69be,3,"['ad87412f-191e-417b-8299-ff94cfb6d24f', 'ad87412f-191e-417b-8299-ff94cfb6d24f', 'ad87412f-191e-417b-8299-ff94cfb6d24f', 'f81c60d5-b21e-4dce-8422-ff8d8e3109ca', 'f81c60d5-b21e-4dce-8422-ff8d8e3109ca', 'f81c60d5-b21e-4dce-8422-ff8d8e3109ca', 'f81c60d5-b21e-4dce-8422-ff8d8e3109ca', 'f81c60d5-b21e-4dce-8422-ff8d8e3109ca', 'f81c60d5-b21e-4dce-8422-ff8d8e3109ca', 'f81c60d5-b21e-4dce-8422-ff8d8e3109ca', 'f81c60d5-b21e-4dce-8422-ff8d8e3109ca', 'f81c60d5-b21e-4dce-8422-ff8d8e3109ca', 'f81c60d5-b21e-4dce-8422-ff8d8e3109ca', 'f81c60d5-b21e-4dce-8422-ff8d8e3109ca', 'f81c60d5-b21e-4dce-8422-ff8d8e3109ca', 'f81c60d5-b21e-4dce-8422-ff8d8e3109ca', 'f81c60d5-b21e-4dce-8422-ff8d8e3109ca', 'f81c60d5-b21e-4dce-8422-ff8d8e3109ca', 'f81c60d5-b21e-4dce-8422-ff8d8e3109ca', 'f81c60d5-b21e-4dce-8422-ff8d8e3109ca', 'f81c60d5-b21e-4dce-8422-ff8d8e3109ca', 'f81c60d5-b21e-4dce-8422-ff8d8e3109ca', 'f81c60d5-b21e-4dce-8422-ff8d8e3109ca', 'f81c60d5-b21e-4dce-8422-ff8d8e3109ca', 'f81c60d5-b21e-4dce-8422-ff8d8e3109ca', 'f81c60d5-b21e-4dce-8422-ff8d8e3109ca', 'f81c60d5-b21e-4dce-8422-ff8d8e3109ca', 'f81c60d5-b21e-4dce-8422-ff8d8e3109ca', 'f81c60d5-b21e-4dce-8422-ff8d8e3109ca', 'f81c60d5-b21e-4dce-8422-ff8d8e3109ca', 'f81c60d5-b21e-4dce-8422-ff8d8e3109ca', '47b4d118-8620-41ea-bcc1-0f8509d2b069', 'be7044be-4ac6-4549-bd0d-70baea05818f', 'd0c92e3b-a6dc-44d9-bf7a-ee76efb2a99e', '4d70ab7c-94c8-4189-8d27-5b62a35487df', '875bb35a-92fd-4b40-ab1b-da9889cdc9f1', '8c2ecfb3-2d82-466b-99c4-cdfc2b4b4212', '6a1eb7ab-0891-4ba0-b4d2-25ee176c4bc3', 'adb205b5-ab75-4b3d-b8e5-5b686fc81bf5', '815c91bb-a876-455f-bf8a-b3c6065cea13', '193625fa-c0c2-4b38-b880-95d3fe8ba738', '30a15591-9632-426b-a968-adffb6ebfe82', 'c0709fb3-ecf3-4ebf-9f29-5b02921129d6', 'ff0e6110-7ea2-434e-867d-72310c78b197', 'c0de0898-e71d-4ca2-9649-50b3c639963a', '5dc66465-b321-425d-bc07-5872bb1a5efd', 'ff61fc8a-e3f2-4b40-9446-06ed88187106', '6d990627-a34d-4ab1-9cb4-756673657145', 'a3294b46-1a6a-4442-9fec-e90759d3e20e', 'ba2aef42-f36c-4b8c-adaf-2a0a75154454']"
a24d9636-1628-4191-bd7b-1c0fda5ba198,0,"['9d123d98-004b-44fe-ace4-69171b8e7d96', '9d123d98-004b-44fe-ace4-69171b8e7d96', '9d123d98-004b-44fe-ace4-69171b8e7d96', '9d123d98-004b-44fe-ace4-69171b8e7d96', '9d123d98-004b-44fe-ace4-69171b8e7d96', '9d123d98-004b-44fe-ace4-69171b8e7d96', '9d123d98-004b-44fe-ace4-69171b8e7d96', '9d123d98-004b-44fe-ace4-69171b8e7d96', '9d123d98-004b-44fe-ace4-69171b8e7d96', '9d123d98-004b-44fe-ace4-69171b8e7d96', '9d123d98-004b-44fe-ace4-69171b8e7d96', '9d123d98-004b-44fe-ace4-69171b8e7d96', '9d123d98-004b-44fe-ace4-69171b8e7d96', '9d123d98-004b-44fe-ace4-69171b8e7d96', '9d123d98-004b-44fe-ace4-69171b8e7d96', '9d123d98-004b-44fe-ace4-69171b8e7d96', '9d123d98-004b-44fe-ace4-69171b8e7d96', '9d123d98-004b-44fe-ace4-69171b8e7d96', '9d123d98-004b-44fe-ace4-69171b8e7d96', '9d123d98-004b-44fe-ace4-69171b8e7d96', '9d123d98-004b-44fe-ace4-69171b8e7d96', '9d123d98-004b-44fe-ace4-69171b8e7d96', '9d123d98-004b-44fe-ace4-69171b8e7d96', '9d123d98-004b-44fe-ace4-69171b8e7d96', '9d123d98-004b-44fe-ace4-69171b8e7d96', '9d123d98-004b-44fe-ace4-69171b8e7d96', '9d123d98-004b-44fe-ace4-69171b8e7d96', '9d123d98-004b-44fe-ace4-69171b8e7d96', '9d123d98-004b-44fe-ace4-69171b8e7d96', '9d123d98-004b-44fe-ace4-69171b8e7d96', '9d123d98-004b-44fe-ace4-69171b8e7d96', '9d123d98-004b-44fe-ace4-69171b8e7d96', '9d123d98-004b-44fe-ace4-69171b8e7d96', '9d123d98-004b-44fe-ace4-69171b8e7d96', '9d123d98-004b-44fe-ace4-69171b8e7d96', '9d123d98-004b-44fe-ace4-69171b8e7d96', '9d123d98-004b-44fe-ace4-69171b8e7d96', '9d123d98-004b-44fe-ace4-69171b8e7d96', '9d123d98-004b-44fe-ace4-69171b8e7d96', '9d123d98-004b-44fe-ace4-69171b8e7d96', '9d123d98-004b-44fe-ace4-69171b8e7d96', '9d123d98-004b-44fe-ace4-69171b8e7d96', '9d123d98-004b-44fe-ace4-69171b8e7d96', '9d123d98-004b-44fe-ace4-69171b8e7d96', '9d123d98-004b-44fe-ace4-69171b8e7d96', '9d123d98-004b-44fe-ace4-69171b8e7d96', '9d123d98-004b-44fe-ace4-69171b8e7d96', '9d123d98-004b-44fe-ace4-69171b8e7d96', '9d123d98-004b-44fe-ace4-69171b8e7d96', '9d123d98-004b-44fe-ace4-69171b8e7d96']"
a95d9575-b62a-4015-a7db-21dbbab2792a,15,"['6e6b5bc8-21df-401b-af98-8b6e50a1e708', '4f4a7be5-db22-4e5f-89cb-c8178181affa', '4f4a7be5-db22-4e5f-89cb-c8178181affa', '4f4a7be5-db22-4e5f-89cb-c8178181affa', '4f4a7be5-db22-4e5f-89cb-c8178181affa', '4f4a7be5-db22-4e5f-89cb-c8178181affa', '4f4a7be5-db22-4e5f-89cb-c8178181affa', '4f4a7be5-db22-4e5f-89cb-c8178181affa', '4f4a7be5-db22-4e5f-89cb-c8178181affa', '4f4a7be5-db22-4e5f-89cb-c8178181affa', '4f4a7be5-db22-4e5f-89cb-c8178181affa', '4f4a7be5-db22-4e5f-89cb-c8178181affa', '4f4a7be5-db22-4e5f-89cb-c8178181affa', '4f4a7be5-db22-4e5f-89cb-c8178181affa', '4f4a7be5-db22-4e5f-89cb-c8178181affa', '4f4a7be5-db22-4e5f-89cb-c8178181affa', '4f4a7be5-db22-4e5f-89cb-c8178181affa', '4f4a7be5-db22-4e5f-89cb-c8178181affa', '4f4a7be5-db22-4e5f-89cb-c8178181affa', '4f4a7be5-db22-4e5f-89cb-c8178181affa', '4f4a7be5-db22-4e5f-89cb-c8178181affa', '4f4a7be5-db22-4e5f-89cb-c8178181affa', '4f4a7be5-db22-4e5f-89cb-c8178181affa', '4f4a7be5-db22-4e5f-89cb-c8178181affa', '4f4a7be5-db22-4e5f-89cb-c8178181affa', '4f4a7be5-db22-4e5f-89cb-c8178181affa', '4f4a7be5-db22-4e5f-89cb-c8178181affa', '4f4a7be5-db22-4e5f-89cb-c8178181affa', '4f4a7be5-db22-4e5f-89cb-c8178181affa', '4f4a7be5-db22-4e5f-89cb-c8178181affa', '4f4a7be5-db22-4e5f-89cb-c8178181affa', '4f4a7be5-db22-4e5f-89cb-c8178181affa', '4f4a7be5-db22-4e5f-89cb-c8178181affa', '4f4a7be5-db22-4e5f-89cb-c8178181affa', '4f4a7be5-db22-4e5f-89cb-c8178181affa', '4f4a7be5-db22-4e5f-89cb-c8178181affa', '4f4a7be5-db22-4e5f-89cb-c8178181affa', '4f4a7be5-db22-4e5f-89cb-c8178181affa', '831d2eaf-dc59-4e3d-ae49-f21d40725d8b', 'caac6387-6dbb-4776-9120-6e7ee025de7f', '75913c2e-b902-4732-8acc-2a5bf6d59cdd', 'b6bcf2d3-1952-4935-90de-3f4d28242d7b', '037180db-ee17-49c6-82bc-04c4d5a8e371', '6ec4b86a-7104-421e-aee4-d72006e90047', 'c3c2e4ef-98d6-49d3-8dfa-f75c9a821449', 'b1431e8a-66b9-40a1-b920-243e288724c2', '45fb01a8-f4f0-4c66-84e4-564c1a842e98', '4d90afef-0426-49e0-be49-b2c9ddd7cdf4', 'a9bf7ddf-4311-4e8a-a5c9-2798b7a9a49f', 'ccdfa64e-8490-4cfe-b2c4-2149e707674d']"
a70abf70-001b-4b4f-9c79-56789d37f2a7,1,"['11ccee6a-5e57-44af-8231-3e2afdd7c473', '11ccee6a-5e57-44af-8231-3e2afdd7c473', '11ccee6a-5e57-44af-8231-3e2afdd7c473', '11ccee6a-5e57-44af-8231-3e2afdd7c473', '11ccee6a-5e57-44af-8231-3e2afdd7c473', '11ccee6a-5e57-44af-8231-3e2afdd7c473', '11ccee6a-5e57-44af-8231-3e2afdd7c473', '11ccee6a-5e57-44af-8231-3e2afdd7c473', '11ccee6a-5e57-44af-8231-3e2afdd7c473', '11ccee6a-5e57-44af-8231-3e2afdd7c473', '11ccee6a-5e57-44af-8231-3e2afdd7c473', '11ccee6a-5e57-44af-8231-3e2afdd7c473', '11ccee6a-5e57-44af-8231-3e2afdd7c473', '11ccee6a-5e57-44af-8231-3e2afdd7c473', '11ccee6a-5e57-44af-8231-3e2afdd7c473', '11ccee6a-5e57-44af-8231-3e2afdd7c473', '11ccee6a-5e57-44af-8231-3e2afdd7c473', '11ccee6a-5e57-44af-8231-3e2afdd7c473', '11ccee6a-5e57-44af-8231-3e2afdd7c473', '11ccee6a-5e57-44af-8231-3e2afdd7c473', '11ccee6a-5e57-44af-8231-3e2afdd7c473', '11ccee6a-5e57-44af-8231-3e2afdd7c473', '11ccee6a-5e57-44af-8231-3e2afdd7c473', '11ccee6a-5e57-44af-8231-3e2afdd7c473', '11ccee6a-5e57-44af-8231-3e2afdd7c473', '11ccee6a-5e57-44af-8231-3e2afdd7c473', '11ccee6a-5e57-44af-8231-3e2afdd7c473', '11ccee6a-5e57-44af-8231-3e2afdd7c473', '11ccee6a-5e57-44af-8231-3e2afdd7c473', '11ccee6a-5e57-44af-8231-3e2afdd7c473', '11ccee6a-5e57-44af-8231-3e2afdd7c473', '11ccee6a-5e57-44af-8231-3e2afdd7c473', '11ccee6a-5e57-44af-8231-3e2afdd7c473', '11ccee6a-5e57-44af-8231-3e2afdd7c473', '11ccee6a-5e57-44af-8231-3e2afdd7c473', '11ccee6a-5e57-44af-8231-3e2afdd7c473', '11ccee6a-5e57-44af-8231-3e2afdd7c473', '11ccee6a-5e57-44af-8231-3e2afdd7c473', '11ccee6a-5e57-44af-8231-3e2afdd7c473', '11ccee6a-5e57-44af-8231-3e2afdd7c473', '11ccee6a-5e57-44af-8231-3e2afdd7c473', '11ccee6a-5e57-44af-8231-3e2afdd7c473', 'c30ac30e-3228-4a11-8c65-163ffbe40b14', 'fddedb51-93a9-4c2b-8642-78344a53b88f', '94f124f0-0750-446f-bd59-aca314579048', '5437a9fa-2693-4852-a6dc-842142cce59b', 'e693eae0-82fe-47f5-9c3c-88529904939c', '1e770c6a-3296-4f11-8cf6-d2a1e18d9ec8', 'e5be24bc-ed00-48f8-90f3-61673ac8ddb9', 'd9f9b167-ff13-415e-aa13-aece9eab86ac']"
8676b219-4d75-42a8-9949-196395b35f82,4,"['5059004a-43fb-40b3-8e4a-e2c5255f750f', '5059004a-43fb-40b3-8e4a-e2c5255f750f', '5059004a-43fb-40b3-8e4a-e2c5255f750f', '5059004a-43fb-40b3-8e4a-e2c5255f750f', '5059004a-43fb-40b3-8e4a-e2c5255f750f', '5059004a-43fb-40b3-8e4a-e2c5255f750f', '5059004a-43fb-40b3-8e4a-e2c5255f750f', '5059004a-43fb-40b3-8e4a-e2c5255f750f', '5059004a-43fb-40b3-8e4a-e2c5255f750f', '5059004a-43fb-40b3-8e4a-e2c5255f750f', '5059004a-43fb-40b3-8e4a-e2c5255f750f', '5059004a-43fb-40b3-8e4a-e2c5255f750f', '5059004a-43fb-40b3-8e4a-e2c5255f750f', '5059004a-43fb-40b3-8e4a-e2c5255f750f', '5059004a-43fb-40b3-8e4a-e2c5255f750f', '5059004a-43fb-40b3-8e4a-e2c5255f750f', '5059004a-43fb-40b3-8e4a-e2c5255f750f', '5059004a-43fb-40b3-8e4a-e2c5255f750f', '5059004a-43fb-40b3-8e4a-e2c5255f750f', '5059004a-43fb-40b3-8e4a-e2c5255f750f', '5059004a-43fb-40b3-8e4a-e2c5255f750f', '5059004a-43fb-40b3-8e4a-e2c5255f750f', '5059004a-43fb-40b3-8e4a-e2c5255f750f', '5059004a-43fb-40b3-8e4a-e2c5255f750f', '05b53835-901c-42bb-b782-86d97be61163', '66a5567b-c482-4842-ab19-c197b6b59a60', 'd2c59bf1-7ebe-45b4-acc1-acb9ddcd74ef', '17ca55cb-3bf9-4508-a77d-71f8ebee838e', 'f332054e-02fb-4b22-a95c-1026104adaa4', '1484a240-2a91-4e99-a1b2-2b740eb87641', '9ee2b249-06eb-49b6-8fd9-4f1030387f96', '277a123f-e40e-41f1-b3e0-afdb50a58d3f', 'b4429a99-57ad-4b03-b11f-eca6bd6e2191', '1e3a545a-a8f5-4e47-bd46-eef7a8c14713', 'fb1f6f5d-180c-4a6e-b8b4-c4ed123f97b1', 'ba87ff81-12ca-4967-9bc2-6aa91c7b730b', '9ee69916-7c4b-4e43-b553-7a75df96ddc6', '2c22e044-9297-4151-a8d4-8b0b90fb4fa8', '3c238852-cc7e-4226-8f3d-566f8a9cbcc5', '852bc4d6-29a6-4fd2-9f88-83eaf6e741b8', 'daa3258a-d8cc-46a5-a5a5-3389849d607e', 'fa96d168-88ba-4828-b429-074ad0698bd7', 'ff87a952-c138-4ee9-a9d9-574da662da5f', '19082709-3b98-4167-895c-ce1af440b3cc', 'db45f1c9-99c7-4709-ae17-d022af994d5c', 'a9b4def3-b6e0-4021-ad2b-414ae3d7bdec', 'ad637032-c8d4-44a8-b4cd-f65b64e430ad', '56f9d103-7734-4c66-878e-d24b8e2d6082', '2a5edc95-650a-4b4f-8d9f-0e89d9447280', '28d0860b-cb0e-42df-bb84-cb1150f132e4']"
e364bbb6-4cbb-4973-a0e9-ca180dc93386,1,"['42b2f9a1-d3e1-45b9-bfb2-6c75add80f94', '42b2f9a1-d3e1-45b9-bfb2-6c75add80f94', '42b2f9a1-d3e1-45b9-bfb2-6c75add80f94', '42b2f9a1-d3e1-45b9-bfb2-6c75add80f94', '42b2f9a1-d3e1-45b9-bfb2-6c75add80f94', '42b2f9a1-d3e1-45b9-bfb2-6c75add80f94', '42b2f9a1-d3e1-45b9-bfb2-6c75add80f94', '42b2f9a1-d3e1-45b9-bfb2-6c75add80f94', '42b2f9a1-d3e1-45b9-bfb2-6c75add80f94', '42b2f9a1-d3e1-45b9-bfb2-6c75add80f94', '42b2f9a1-d3e1-45b9-bfb2-6c75add80f94', '42b2f9a1-d3e1-45b9-bfb2-6c75add80f94', '42b2f9a1-d3e1-45b9-bfb2-6c75add80f94', '42b2f9a1-d3e1-45b9-bfb2-6c75add80f94', '42b2f9a1-d3e1-45b9-bfb2-6c75add80f94', '42b2f9a1-d3e1-45b9-bfb2-6c75add80f94', '42b2f9a1-d3e1-45b9-bfb2-6c75add80f94', '42b2f9a1-d3e1-45b9-bfb2-6c75add80f94', '42b2f9a1-d3e1-45b9-bfb2-6c75add80f94', '42b2f9a1-d3e1-45b9-bfb2-6c75add80f94', '42b2f9a1-d3e1-45b9-bfb2-6c75add80f94', '42b2f9a1-d3e1-45b9-bfb2-6c75add80f94', '42b2f9a1-d3e1-45b9-bfb2-6c75add80f94', '42b2f9a1-d3e1-45b9-bfb2-6c75add80f94', '42b2f9a1-d3e1-45b9-bfb2-6c75add80f94', '42b2f9a1-d3e1-45b9-bfb2-6c75add80f94', '42b2f9a1-d3e1-45b9-bfb2-6c75add80f94', '42b2f9a1-d3e1-45b9-bfb2-6c75add80f94', '42b2f9a1-d3e1-45b9-bfb2-6c75add80f94', '42b2f9a1-d3e1-45b9-bfb2-6c75add80f94', '42b2f9a1-d3e1-45b9-bfb2-6c75add80f94', '42b2f9a1-d3e1-45b9-bfb2-6c75add80f94', '42b2f9a1-d3e1-45b9-bfb2-6c75add80f94', '42b2f9a1-d3e1-45b9-bfb2-6c75add80f94', '42b2f9a1-d3e1-45b9-bfb2-6c75add80f94', '42b2f9a1-d3e1-45b9-bfb2-6c75add80f94', '42b2f9a1-d3e1-45b9-bfb2-6c75add80f94', '42b2f9a1-d3e1-45b9-bfb2-6c75add80f94', '42b2f9a1-d3e1-45b9-bfb2-6c75add80f94', '42b2f9a1-d3e1-45b9-bfb2-6c75add80f94', '42b2f9a1-d3e1-45b9-bfb2-6c75add80f94', 'b30cf910-a64f-400e-8c9c-378fa0611be1', '86187f32-ef96-4a1f-90ea-4a01e05ca8c1', '1826ad75-f691-4871-a745-0f6e283df5b8', 'aa92f28e-bf17-48ca-ac79-0e82173906fb', '059a614d-07a5-4634-abe2-1884f862efa6', '35f20dbd-d3d4-48ec-a15e-81be6937a885', '4b7935e2-d3d6-4d4c-90ae-0b6fcd63a15b', '63cd3a2d-fa86-4a32-9b3e-a8dd54f8f3c6', '074c6c10-95f3-4994-ba19-9414e76f8df8']"
1d576d13-a6e5-4375-9d90-0385f5689b86,11,"['2c25f5fa-814d-485e-b98e-77a40d7cc0ba', '2c25f5fa-814d-485e-b98e-77a40d7cc0ba', '2c25f5fa-814d-485e-b98e-77a40d7cc0ba', '2c25f5fa-814d-485e-b98e-77a40d7cc0ba', '2c25f5fa-814d-485e-b98e-77a40d7cc0ba', '2c25f5fa-814d-485e-b98e-77a40d7cc0ba', '2c25f5fa-814d-485e-b98e-77a40d7cc0ba', '2c25f5fa-814d-485e-b98e-77a40d7cc0ba', '2c25f5fa-814d-485e-b98e-77a40d7cc0ba', '2c25f5fa-814d-485e-b98e-77a40d7cc0ba', '2c25f5fa-814d-485e-b98e-77a40d7cc0ba', '2c25f5fa-814d-485e-b98e-77a40d7cc0ba', '2c25f5fa-814d-485e-b98e-77a40d7cc0ba', '2c25f5fa-814d-485e-b98e-77a40d7cc0ba', '2c25f5fa-814d-485e-b98e-77a40d7cc0ba', '2c25f5fa-814d-485e-b98e-77a40d7cc0ba', '2c25f5fa-814d-485e-b98e-77a40d7cc0ba', '2c25f5fa-814d-485e-b98e-77a40d7cc0ba', '2c25f5fa-814d-485e-b98e-77a40d7cc0ba', '2c25f5fa-814d-485e-b98e-77a40d7cc0ba', '2c25f5fa-814d-485e-b98e-77a40d7cc0ba', '2c25f5fa-814d-485e-b98e-77a40d7cc0ba', '2c25f5fa-814d-485e-b98e-77a40d7cc0ba', '2c25f5fa-814d-485e-b98e-77a40d7cc0ba', '2c25f5fa-814d-485e-b98e-77a40d7cc0ba', '2c25f5fa-814d-485e-b98e-77a40d7cc0ba', '2c25f5fa-814d-485e-b98e-77a40d7cc0ba', 'da0802fe-2bcc-4b0c-9369-a666aa68374a', '87e96fb4-2bfc-471e-a67f-ab8e90e58c12', '7e4f6058-e5ab-4f3b-9900-84e6a80f6d62', 'df693244-d1e1-4412-8f4a-7c5b7955573d', '719e4799-727a-4079-a631-70ea82a7ea43', '63a0efe0-0639-4ac7-a421-a0395617b6b0', '0fb0f33d-228f-4548-b8b2-b6f367492f3c', '3c76a3bf-ab2f-4ad4-b8de-c8ab96ee2dd3', 'a9612d9b-2ae7-42dc-a1cd-880ab069a545', '8d58c4c0-577c-4f1e-b2f4-03ee9c63da89', 'd4dda670-2614-41a6-b0b8-530b6807100f', '249b7fd7-d58a-486a-9844-47c957708b7b', '5776b7ef-2534-425b-b1ea-ccf0c1bbb435', '15d89fd6-c00e-4c13-876b-070d5a6e923e', 'd9cda0c8-d9d7-4191-996b-23ba6961a7e1', '26310e37-3935-4c9a-90d1-4f86ba442195', 'd3935d12-8c82-4d5d-b572-64b6e89e9746', '2dedcc62-a211-46a0-aaa3-d74febcd51ad', 'a9129cb3-6bcd-4e07-aa51-29184925d61d', 'ef2bc5e6-8e49-4209-8403-1f68de775ff4', '08ef9ddc-3dea-4499-bd7e-653885f6a966', '773beca4-d5d9-4f7c-b893-342125adccc2', '005c9a1c-72cb-458e-be5b-bfe1d234b4a8']"
7e916310-bb41-4c31-9c69-b85f231b69be,4,"['ad87412f-191e-417b-8299-ff94cfb6d24f', 'ad87412f-191e-417b-8299-ff94cfb6d24f', 'ad87412f-191e-417b-8299-ff94cfb6d24f', 'f81c60d5-b21e-4dce-8422-ff8d8e3109ca', 'f81c60d5-b21e-4dce-8422-ff8d8e3109ca', 'f81c60d5-b21e-4dce-8422-ff8d8e3109ca', 'f81c60d5-b21e-4dce-8422-ff8d8e3109ca', 'f81c60d5-b21e-4dce-8422-ff8d8e3109ca', 'f81c60d5-b21e-4dce-8422-ff8d8e3109ca', 'f81c60d5-b21e-4dce-8422-ff8d8e3109ca', 'f81c60d5-b21e-4dce-8422-ff8d8e3109ca', 'f81c60d5-b21e-4dce-8422-ff8d8e3109ca', 'f81c60d5-b21e-4dce-8422-ff8d8e3109ca', 'f81c60d5-b21e-4dce-8422-ff8d8e3109ca', 'f81c60d5-b21e-4dce-8422-ff8d8e3109ca', 'f81c60d5-b21e-4dce-8422-ff8d8e3109ca', 'f81c60d5-b21e-4dce-8422-ff8d8e3109ca', 'f81c60d5-b21e-4dce-8422-ff8d8e3109ca', 'f81c60d5-b21e-4dce-8422-ff8d8e3109ca', 'f81c60d5-b21e-4dce-8422-ff8d8e3109ca', 'f81c60d5-b21e-4dce-8422-ff8d8e3109ca', 'f81c60d5-b21e-4dce-8422-ff8d8e3109ca', 'f81c60d5-b21e-4dce-8422-ff8d8e3109ca', 'f81c60d5-b21e-4dce-8422-ff8d8e3109ca', '47b4d118-8620-41ea-bcc1-0f8509d2b069', 'be7044be-4ac6-4549-bd0d-70baea05818f', 'd0c92e3b-a6dc-44d9-bf7a-ee76efb2a99e', '875bb35a-92fd-4b40-ab1b-da9889cdc9f1', '6a1eb7ab-0891-4ba0-b4d2-25ee176c4bc3', 'adb205b5-ab75-4b3d-b8e5-5b686fc81bf5', '815c91bb-a876-455f-bf8a-b3c6065cea13', '193625fa-c0c2-4b38-b880-95d3fe8ba738', 'c0709fb3-ecf3-4ebf-9f29-5b02921129d6', 'ff0e6110-7ea2-434e-867d-72310c78b197', 'c0de0898-e71d-4ca2-9649-50b3c639963a', '5dc66465-b321-425d-bc07-5872bb1a5efd', 'ff61fc8a-e3f2-4b40-9446-06ed88187106', '6d990627-a34d-4ab1-9cb4-756673657145', 'a3294b46-1a6a-4442-9fec-e90759d3e20e', 'ba2aef42-f36c-4b8c-adaf-2a0a75154454', 'ca21793b-550d-4f2e-8bda-8e886d9db0b3', '96ff4341-d5a7-43c2-8f6f-6705c53b1a0c', '0ee0793b-f2e4-453a-ae0d-10c7dcda1436', 'd555c5ac-d57e-420d-a126-5be0e4a33e67', 'db05fbed-7788-4126-bdbb-542073f9ebb0', '789b7a53-59d3-448e-addf-00487e33dc46', 'c5e0ceb3-8c19-43d6-ae6a-6973894cb4f7', 'b5408002-1fac-4399-a531-5406510c5e01', '2b66d911-0e2b-4548-96c1-b371000b42ee', '57b140fd-581a-4130-b8c6-45907525e06c']"
a24d9636-1628-4191-bd7b-1c0fda5ba198,1,"['9d123d98-004b-44fe-ace4-69171b8e7d96', '9d123d98-004b-44fe-ace4-69171b8e7d96', '9d123d98-004b-44fe-ace4-69171b8e7d96', '9d123d98-004b-44fe-ace4-69171b8e7d96', '9d123d98-004b-44fe-ace4-69171b8e7d96', '9d123d98-004b-44fe-ace4-69171b8e7d96', '9d123d98-004b-44fe-ace4-69171b8e7d96', '9d123d98-004b-44fe-ace4-69171b8e7d96', '9d123d98-004b-44fe-ace4-69171b8e7d96', '9d123d98-004b-44fe-ace4-69171b8e7d96', '9d123d98-004b-44fe-ace4-69171b8e7d96', '9d123d98-004b-44fe-ace4-69171b8e7d96', '9d123d98-004b-44fe-ace4-69171b8e7d96', '9d123d98-004b-44fe-ace4-69171b8e7d96', '9d123d98-004b-44fe-ace4-69171b8e7d96', '9d123d98-004b-44fe-ace4-69171b8e7d96', '9d123d98-004b-44fe-ace4-69171b8e7d96', '9d123d98-004b-44fe-ace4-69171b8e7d96', '9d123d98-004b-44fe-ace4-69171b8e7d96', '9d123d98-004b-44fe-ace4-69171b8e7d96', '9d123d98-004b-44fe-ace4-69171b8e7d96', '9d123d98-004b-44fe-ace4-69171b8e7d96', '9d123d98-004b-44fe-ace4-69171b8e7d96', '9d123d98-004b-44fe-ace4-69171b8e7d96', '9d123d98-004b-44fe-ace4-69171b8e7d96', '9d123d98-004b-44fe-ace4-69171b8e7d96', '9d123d98-004b-44fe-ace4-69171b8e7d96', '9d123d98-004b-44fe-ace4-69171b8e7d96', '9d123d98-004b-44fe-ace4-69171b8e7d96', '9d123d98-004b-44fe-ace4-69171b8e7d96', '9d123d98-004b-44fe-ace4-69171b8e7d96', '9d123d98-004b-44fe-ace4-69171b8e7d96', '9d123d98-004b-44fe-ace4-69171b8e7d96', '9d123d98-004b-44fe-ace4-69171b8e7d96', '9d123d98-004b-44fe-ace4-69171b8e7d96', '9d123d98-004b-44fe-ace4-69171b8e7d96', '9d123d98-004b-44fe-ace4-69171b8e7d96', '9d123d98-004b-44fe-ace4-69171b8e7d96', 'bd110678-a426-4566-b18b-251e27e86397', '3aff6fff-1fc3-412d-890f-3d4107d7dd4c', '6116619c-ffb5-44a5-965a-905f2790ae72', '5346b9c3-4be3-4328-88ad-9bcb1fbd9714', '10c938ac-1101-4f78-bfef-f1461d2e363d', '91434dfc-ad38-405a-8be7-02568fe4f876', '76f09883-f7b8-4648-91b3-214f639d70da', '2a642e34-156e-4aae-88c1-ad5e51644b75', '80536f42-d347-43dc-83a3-ee09eb6de2e6', '28527fb7-dcce-4927-b2bf-7f19d2d1eb03', 'f9fc5e98-f098-4466-b8ea-4dab542223c0', 'cca83a9f-ed75-404d-a69a-6e20aac9996c']"
e364bbb6-4cbb-4973-a0e9-ca180dc93386,2,"['63cd3a2d-fa86-4a32-9b3e-a8dd54f8f3c6', '63cd3a2d-fa86-4a32-9b3e-a8dd54f8f3c6', '63cd3a2d-fa86-4a32-9b3e-a8dd54f8f3c6', '63cd3a2d-fa86-4a32-9b3e-a8dd54f8f3c6', '63cd3a2d-fa86-4a32-9b3e-a8dd54f8f3c6', '63cd3a2d-fa86-4a32-9b3e-a8dd54f8f3c6', '63cd3a2d-fa86-4a32-9b3e-a8dd54f8f3c6', '63cd3a2d-fa86-4a32-9b3e-a8dd54f8f3c6', '63cd3a2d-fa86-4a32-9b3e-a8dd54f8f3c6', '63cd3a2d-fa86-4a32-9b3e-a8dd54f8f3c6', '63cd3a2d-fa86-4a32-9b3e-a8dd54f8f3c6', '63cd3a2d-fa86-4a32-9b3e-a8dd54f8f3c6', '63cd3a2d-fa86-4a32-9b3e-a8dd54f8f3c6', '63cd3a2d-fa86-4a32-9b3e-a8dd54f8f3c6', '63cd3a2d-fa86-4a32-9b3e-a8dd54f8f3c6', '63cd3a2d-fa86-4a32-9b3e-a8dd54f8f3c6', '63cd3a2d-fa86-4a32-9b3e-a8dd54f8f3c6', '63cd3a2d-fa86-4a32-9b3e-a8dd54f8f3c6', '63cd3a2d-fa86-4a32-9b3e-a8dd54f8f3c6', '63cd3a2d-fa86-4a32-9b3e-a8dd54f8f3c6', '63cd3a2d-fa86-4a32-9b3e-a8dd54f8f3c6', '63cd3a2d-fa86-4a32-9b3e-a8dd54f8f3c6', '63cd3a2d-fa86-4a32-9b3e-a8dd54f8f3c6', '63cd3a2d-fa86-4a32-9b3e-a8dd54f8f3c6', '63cd3a2d-fa86-4a32-9b3e-a8dd54f8f3c6', '63cd3a2d-fa86-4a32-9b3e-a8dd54f8f3c6', '63cd3a2d-fa86-4a32-9b3e-a8dd54f8f3c6', '63cd3a2d-fa86-4a32-9b3e-a8dd54f8f3c6', '63cd3a2d-fa86-4a32-9b3e-a8dd54f8f3c6', '63cd3a2d-fa86-4a32-9b3e-a8dd54f8f3c6', '63cd3a2d-fa86-4a32-9b3e-a8dd54f8f3c6', '63cd3a2d-fa86-4a32-9b3e-a8dd54f8f3c6', '63cd3a2d-fa86-4a32-9b3e-a8dd54f8f3c6', '63cd3a2d-fa86-4a32-9b3e-a8dd54f8f3c6', '63cd3a2d-fa86-4a32-9b3e-a8dd54f8f3c6', '63cd3a2d-fa86-4a32-9b3e-a8dd54f8f3c6', '63cd3a2d-fa86-4a32-9b3e-a8dd54f8f3c6', '63cd3a2d-fa86-4a32-9b3e-a8dd54f8f3c6', '63cd3a2d-fa86-4a32-9b3e-a8dd54f8f3c6', '074c6c10-95f3-4994-ba19-9414e76f8df8', '074c6c10-95f3-4994-ba19-9414e76f8df8', 'aa966b2d-e8e6-4e8f-9d4b-2468e56bed0d', 'b1cec293-ece5-4ca2-916c-e1bab99e983a', '843bc5b4-8bfa-42cf-860a-ccffbff62135', '753e6b9b-7522-467c-816c-2cf657b1abbf', '8b88d7c6-ece6-4b66-acea-2b5fc6a61ada', '2e358f6a-5d26-4d75-aed4-b61653653948', '3f43047d-ce56-4aaf-b252-522e418446c3', '356d7e55-dbbb-43d3-8e7a-807a5e57ce02', 'f3bc00e6-953e-44f7-86c1-af14298c629d']"
b8102286-d8c7-43d5-93eb-b576b2869877,0,"['58521944-ea5e-400a-b7bf-8d7457b858f0', '58521944-ea5e-400a-b7bf-8d7457b858f0', '58521944-ea5e-400a-b7bf-8d7457b858f0', '58521944-ea5e-400a-b7bf-8d7457b858f0', '58521944-ea5e-400a-b7bf-8d7457b858f0', '58521944-ea5e-400a-b7bf-8d7457b858f0', '58521944-ea5e-400a-b7bf-8d7457b858f0', '58521944-ea5e-400a-b7bf-8d7457b858f0', '58521944-ea5e-400a-b7bf-8d7457b858f0', '58521944-ea5e-400a-b7bf-8d7457b858f0', '58521944-ea5e-400a-b7bf-8d7457b858f0', '58521944-ea5e-400a-b7bf-8d7457b858f0', '58521944-ea5e-400a-b7bf-8d7457b858f0', '58521944-ea5e-400a-b7bf-8d7457b858f0', '58521944-ea5e-400a-b7bf-8d7457b858f0', '58521944-ea5e-400a-b7bf-8d7457b858f0', '58521944-ea5e-400a-b7bf-8d7457b858f0', '58521944-ea5e-400a-b7bf-8d7457b858f0', '58521944-ea5e-400a-b7bf-8d7457b858f0', '58521944-ea5e-400a-b7bf-8d7457b858f0', '58521944-ea5e-400a-b7bf-8d7457b858f0', '58521944-ea5e-400a-b7bf-8d7457b858f0', '58521944-ea5e-400a-b7bf-8d7457b858f0', '58521944-ea5e-400a-b7bf-8d7457b858f0', '58521944-ea5e-400a-b7bf-8d7457b858f0', '58521944-ea5e-400a-b7bf-8d7457b858f0', '58521944-ea5e-400a-b7bf-8d7457b858f0', '58521944-ea5e-400a-b7bf-8d7457b858f0', '58521944-ea5e-400a-b7bf-8d7457b858f0', '58521944-ea5e-400a-b7bf-8d7457b858f0', '58521944-ea5e-400a-b7bf-8d7457b858f0', '58521944-ea5e-400a-b7bf-8d7457b858f0', '58521944-ea5e-400a-b7bf-8d7457b858f0', '58521944-ea5e-400a-b7bf-8d7457b858f0', '58521944-ea5e-400a-b7bf-8d7457b858f0', '58521944-ea5e-400a-b7bf-8d7457b858f0', '58521944-ea5e-400a-b7bf-8d7457b858f0', '58521944-ea5e-400a-b7bf-8d7457b858f0', '58521944-ea5e-400a-b7bf-8d7457b858f0', '58521944-ea5e-400a-b7bf-8d7457b858f0', '58521944-ea5e-400a-b7bf-8d7457b858f0', '58521944-ea5e-400a-b7bf-8d7457b858f0', '58521944-ea5e-400a-b7bf-8d7457b858f0', '58521944-ea5e-400a-b7bf-8d7457b858f0', '58521944-ea5e-400a-b7bf-8d7457b858f0', '58521944-ea5e-400a-b7bf-8d7457b858f0', '58521944-ea5e-400a-b7bf-8d7457b858f0', '58521944-ea5e-400a-b7bf-8d7457b858f0', '58521944-ea5e-400a-b7bf-8d7457b858f0', '58521944-ea5e-400a-b7bf-8d7457b858f0']"
a70abf70-001b-4b4f-9c79-56789d37f2a7,2,"['11ccee6a-5e57-44af-8231-3e2afdd7c473', '11ccee6a-5e57-44af-8231-3e2afdd7c473', '11ccee6a-5e57-44af-8231-3e2afdd7c473', '11ccee6a-5e57-44af-8231-3e2afdd7c473', '11ccee6a-5e57-44af-8231-3e2afdd7c473', '11ccee6a-5e57-44af-8231-3e2afdd7c473', '11ccee6a-5e57-44af-8231-3e2afdd7c473', '11ccee6a-5e57-44af-8231-3e2afdd7c473', '11ccee6a-5e57-44af-8231-3e2afdd7c473', '11ccee6a-5e57-44af-8231-3e2afdd7c473', '11ccee6a-5e57-44af-8231-3e2afdd7c473', '11ccee6a-5e57-44af-8231-3e2afdd7c473', '11ccee6a-5e57-44af-8231-3e2afdd7c473', '11ccee6a-5e57-44af-8231-3e2afdd7c473', '11ccee6a-5e57-44af-8231-3e2afdd7c473', '11ccee6a-5e57-44af-8231-3e2afdd7c473', '11ccee6a-5e57-44af-8231-3e2afdd7c473', '11ccee6a-5e57-44af-8231-3e2afdd7c473', '11ccee6a-5e57-44af-8231-3e2afdd7c473', '11ccee6a-5e57-44af-8231-3e2afdd7c473', '11ccee6a-5e57-44af-8231-3e2afdd7c473', '11ccee6a-5e57-44af-8231-3e2afdd7c473', '11ccee6a-5e57-44af-8231-3e2afdd7c473', '11ccee6a-5e57-44af-8231-3e2afdd7c473', '11ccee6a-5e57-44af-8231-3e2afdd7c473', '11ccee6a-5e57-44af-8231-3e2afdd7c473', '11ccee6a-5e57-44af-8231-3e2afdd7c473', '11ccee6a-5e57-44af-8231-3e2afdd7c473', '11ccee6a-5e57-44af-8231-3e2afdd7c473', '11ccee6a-5e57-44af-8231-3e2afdd7c473', '11ccee6a-5e57-44af-8231-3e2afdd7c473', 'fddedb51-93a9-4c2b-8642-78344a53b88f', '94f124f0-0750-446f-bd59-aca314579048', '5437a9fa-2693-4852-a6dc-842142cce59b', 'e693eae0-82fe-47f5-9c3c-88529904939c', '1e770c6a-3296-4f11-8cf6-d2a1e18d9ec8', 'e5be24bc-ed00-48f8-90f3-61673ac8ddb9', '2245c1a9-9b5f-491e-a69d-e596db186371', '8fd031f4-90f1-4934-ba76-da8f7ccbff2a', 'f02a127b-a23b-4af0-94ec-a9538b6c0a62', '20fcc3ad-de8c-44bc-9403-6a3de138b14f', '36329e5a-e33b-437d-bf28-3f9b71ebc1c6', '37531a71-840e-4655-be44-8cff33b8661a', '79843a77-267c-44cb-b4a2-c85104af6202', '78b22058-9ff8-414c-9ffb-9d146e7b71a1', '338fac2e-cd49-4722-bdf1-2219e4d66b7a', 'ac777b95-864f-46c5-b246-325865768736', '0d36723c-ddd5-4c17-9722-8e6f3d17eaed', '08c0c294-2d54-47f9-9e04-7705778ca554', '50e54d2a-d00f-4a93-bfff-1894ec2d326d']"
a24d9636-1628-4191-bd7b-1c0fda5ba198,2,"['9d123d98-004b-44fe-ace4-69171b8e7d96', '9d123d98-004b-44fe-ace4-69171b8e7d96', '9d123d98-004b-44fe-ace4-69171b8e7d96', '9d123d98-004b-44fe-ace4-69171b8e7d96', '9d123d98-004b-44fe-ace4-69171b8e7d96', '9d123d98-004b-44fe-ace4-69171b8e7d96', '9d123d98-004b-44fe-ace4-69171b8e7d96', '9d123d98-004b-44fe-ace4-69171b8e7d96', '9d123d98-004b-44fe-ace4-69171b8e7d96', '9d123d98-004b-44fe-ace4-69171b8e7d96', '9d123d98-004b-44fe-ace4-69171b8e7d96', '9d123d98-004b-44fe-ace4-69171b8e7d96', '9d123d98-004b-44fe-ace4-69171b8e7d96', '9d123d98-004b-44fe-ace4-69171b8e7d96', '9d123d98-004b-44fe-ace4-69171b8e7d96', '9d123d98-004b-44fe-ace4-69171b8e7d96', '9d123d98-004b-44fe-ace4-69171b8e7d96', '9d123d98-004b-44fe-ace4-69171b8e7d96', '9d123d98-004b-44fe-ace4-69171b8e7d96', '9d123d98-004b-44fe-ace4-69171b8e7d96', '9d123d98-004b-44fe-ace4-69171b8e7d96', '9d123d98-004b-44fe-ace4-69171b8e7d96', '9d123d98-004b-44fe-ace4-69171b8e7d96', '9d123d98-004b-44fe-ace4-69171b8e7d96', '9d123d98-004b-44fe-ace4-69171b8e7d96', '9d123d98-004b-44fe-ace4-69171b8e7d96', '9d123d98-004b-44fe-ace4-69171b8e7d96', '9d123d98-004b-44fe-ace4-69171b8e7d96', '9d123d98-004b-44fe-ace4-69171b8e7d96', '9d123d98-004b-44fe-ace4-69171b8e7d96', '9d123d98-004b-44fe-ace4-69171b8e7d96', '9d123d98-004b-44fe-ace4-69171b8e7d96', '9d123d98-004b-44fe-ace4-69171b8e7d96', '9d123d98-004b-44fe-ace4-69171b8e7d96', '9d123d98-004b-44fe-ace4-69171b8e7d96', 'bd110678-a426-4566-b18b-251e27e86397', '3aff6fff-1fc3-412d-890f-3d4107d7dd4c', '6116619c-ffb5-44a5-965a-905f2790ae72', '5346b9c3-4be3-4328-88ad-9bcb1fbd9714', '10c938ac-1101-4f78-bfef-f1461d2e363d', '91434dfc-ad38-405a-8be7-02568fe4f876', '76f09883-f7b8-4648-91b3-214f639d70da', '2a642e34-156e-4aae-88c1-ad5e51644b75', '80536f42-d347-43dc-83a3-ee09eb6de2e6', '28527fb7-dcce-4927-b2bf-7f19d2d1eb03', 'f9fc5e98-f098-4466-b8ea-4dab542223c0', 'cca83a9f-ed75-404d-a69a-6e20aac9996c', '70b69edc-c0e2-43bd-b155-642e79b4bd8f', 'd932b61b-4d75-47bf-9675-24a89675f722', '5244c25e-2273-4b11-8e45-3976bb21be08']"
1d576d13-a6e5-4375-9d90-0385f5689b86,12,"['2c25f5fa-814d-485e-b98e-77a40d7cc0ba', 'a9612d9b-2ae7-42dc-a1cd-880ab069a545', 'a9612d9b-2ae7-42dc-a1cd-880ab069a545', 'a9612d9b-2ae7-42dc-a1cd-880ab069a545', 'a9612d9b-2ae7-42dc-a1cd-880ab069a545', 'a9612d9b-2ae7-42dc-a1cd-880ab069a545', 'a9612d9b-2ae7-42dc-a1cd-880ab069a545', 'a9612d9b-2ae7-42dc-a1cd-880ab069a545', 'a9612d9b-2ae7-42dc-a1cd-880ab069a545', 'a9612d9b-2ae7-42dc-a1cd-880ab069a545', 'a9612d9b-2ae7-42dc-a1cd-880ab069a545', 'a9612d9b-2ae7-42dc-a1cd-880ab069a545', 'a9612d9b-2ae7-42dc-a1cd-880ab069a545', 'a9612d9b-2ae7-42dc-a1cd-880ab069a545', 'a9612d9b-2ae7-42dc-a1cd-880ab069a545', 'a9612d9b-2ae7-42dc-a1cd-880ab069a545', 'a9612d9b-2ae7-42dc-a1cd-880ab069a545', 'a9612d9b-2ae7-42dc-a1cd-880ab069a545', 'a9612d9b-2ae7-42dc-a1cd-880ab069a545', 'a9612d9b-2ae7-42dc-a1cd-880ab069a545', 'a9612d9b-2ae7-42dc-a1cd-880ab069a545', 'a9612d9b-2ae7-42dc-a1cd-880ab069a545', 'a9612d9b-2ae7-42dc-a1cd-880ab069a545', 'a9612d9b-2ae7-42dc-a1cd-880ab069a545', 'a9612d9b-2ae7-42dc-a1cd-880ab069a545', 'a9612d9b-2ae7-42dc-a1cd-880ab069a545', 'a9612d9b-2ae7-42dc-a1cd-880ab069a545', 'a9612d9b-2ae7-42dc-a1cd-880ab069a545', 'a9612d9b-2ae7-42dc-a1cd-880ab069a545', 'a9612d9b-2ae7-42dc-a1cd-880ab069a545', 'a9612d9b-2ae7-42dc-a1cd-880ab069a545', 'a9612d9b-2ae7-42dc-a1cd-880ab069a545', 'a9612d9b-2ae7-42dc-a1cd-880ab069a545', 'a9612d9b-2ae7-42dc-a1cd-880ab069a545', 'a9612d9b-2ae7-42dc-a1cd-880ab069a545', 'a9612d9b-2ae7-42dc-a1cd-880ab069a545', 'a9612d9b-2ae7-42dc-a1cd-880ab069a545', 'a9612d9b-2ae7-42dc-a1cd-880ab069a545', 'a9612d9b-2ae7-42dc-a1cd-880ab069a545', 'a9612d9b-2ae7-42dc-a1cd-880ab069a545', 'a9612d9b-2ae7-42dc-a1cd-880ab069a545', '20b07ca8-7fb7-4a18-a9b7-45489895b426', '310d8b98-8f6c-45d6-ba42-31956833f3fd', '98360864-65fd-4829-9d18-2038d7a0ac5f', 'd85d4707-c084-4602-937c-f074e8fb42f9', '7b1283f4-97da-4017-987e-eb81edd14ecd', 'f1765607-d934-4677-acd9-c379624f53c4', '4a539862-3f98-4e4a-b21c-ecee9c8010c8', '8bff3d61-5353-4e2b-b748-70fbfbc82fe7', 'b06610f8-18e0-446e-b8a6-ad68a99fce08']"
7e916310-bb41-4c31-9c69-b85f231b69be,5,"['f81c60d5-b21e-4dce-8422-ff8d8e3109ca', 'f81c60d5-b21e-4dce-8422-ff8d8e3109ca', 'f81c60d5-b21e-4dce-8422-ff8d8e3109ca', 'f81c60d5-b21e-4dce-8422-ff8d8e3109ca', 'f81c60d5-b21e-4dce-8422-ff8d8e3109ca', 'f81c60d5-b21e-4dce-8422-ff8d8e3109ca', 'f81c60d5-b21e-4dce-8422-ff8d8e3109ca', 'f81c60d5-b21e-4dce-8422-ff8d8e3109ca', 'f81c60d5-b21e-4dce-8422-ff8d8e3109ca', 'f81c60d5-b21e-4dce-8422-ff8d8e3109ca', 'f81c60d5-b21e-4dce-8422-ff8d8e3109ca', 'f81c60d5-b21e-4dce-8422-ff8d8e3109ca', 'f81c60d5-b21e-4dce-8422-ff8d8e3109ca', 'f81c60d5-b21e-4dce-8422-ff8d8e3109ca', 'f81c60d5-b21e-4dce-8422-ff8d8e3109ca', 'f81c60d5-b21e-4dce-8422-ff8d8e3109ca', 'f81c60d5-b21e-4dce-8422-ff8d8e3109ca', 'f81c60d5-b21e-4dce-8422-ff8d8e3109ca', 'f81c60d5-b21e-4dce-8422-ff8d8e3109ca', 'f81c60d5-b21e-4dce-8422-ff8d8e3109ca', 'f81c60d5-b21e-4dce-8422-ff8d8e3109ca', 'f81c60d5-b21e-4dce-8422-ff8d8e3109ca', 'f81c60d5-b21e-4dce-8422-ff8d8e3109ca', 'f81c60d5-b21e-4dce-8422-ff8d8e3109ca', 'f81c60d5-b21e-4dce-8422-ff8d8e3109ca', 'f81c60d5-b21e-4dce-8422-ff8d8e3109ca', 'f81c60d5-b21e-4dce-8422-ff8d8e3109ca', 'f81c60d5-b21e-4dce-8422-ff8d8e3109ca', 'f81c60d5-b21e-4dce-8422-ff8d8e3109ca', 'f81c60d5-b21e-4dce-8422-ff8d8e3109ca', 'f81c60d5-b21e-4dce-8422-ff8d8e3109ca', 'f81c60d5-b21e-4dce-8422-ff8d8e3109ca', 'f81c60d5-b21e-4dce-8422-ff8d8e3109ca', 'f81c60d5-b21e-4dce-8422-ff8d8e3109ca', 'f81c60d5-b21e-4dce-8422-ff8d8e3109ca', 'f81c60d5-b21e-4dce-8422-ff8d8e3109ca', 'f81c60d5-b21e-4dce-8422-ff8d8e3109ca', 'f81c60d5-b21e-4dce-8422-ff8d8e3109ca', 'f81c60d5-b21e-4dce-8422-ff8d8e3109ca', 'f81c60d5-b21e-4dce-8422-ff8d8e3109ca', 'f81c60d5-b21e-4dce-8422-ff8d8e3109ca', '57b140fd-581a-4130-b8c6-45907525e06c', '7a9d91b3-c905-4371-a81a-dadd8e49aeb8', '06ef098e-be9b-4e57-9939-acaad97f99b4', 'fcb3d697-b3ac-4ded-b428-8a8ea4e53d35', '45315862-a664-494d-9f95-8a02b8767d6b', 'b386ed6b-314d-4002-99ab-77e8298f78f0', 'e520a853-687e-487e-adc4-435add657eb6', 'b73e0dca-431a-4e61-a35f-9c7e7af0ceef', '724193b7-7809-457f-9fd7-520ed6fafea7']"
8676b219-4d75-42a8-9949-196395b35f82,5,"['5059004a-43fb-40b3-8e4a-e2c5255f750f', '5059004a-43fb-40b3-8e4a-e2c5255f750f', '5059004a-43fb-40b3-8e4a-e2c5255f750f', '5059004a-43fb-40b3-8e4a-e2c5255f750f', '5059004a-43fb-40b3-8e4a-e2c5255f750f', '5059004a-43fb-40b3-8e4a-e2c5255f750f', '5059004a-43fb-40b3-8e4a-e2c5255f750f', '5059004a-43fb-40b3-8e4a-e2c5255f750f', '5059004a-43fb-40b3-8e4a-e2c5255f750f', '5059004a-43fb-40b3-8e4a-e2c5255f750f', '5059004a-43fb-40b3-8e4a-e2c5255f750f', '5059004a-43fb-40b3-8e4a-e2c5255f750f', '5059004a-43fb-40b3-8e4a-e2c5255f750f', '5059004a-43fb-40b3-8e4a-e2c5255f750f', '5059004a-43fb-40b3-8e4a-e2c5255f750f', '5059004a-43fb-40b3-8e4a-e2c5255f750f', '5059004a-43fb-40b3-8e4a-e2c5255f750f', '5059004a-43fb-40b3-8e4a-e2c5255f750f', '5059004a-43fb-40b3-8e4a-e2c5255f750f', '5059004a-43fb-40b3-8e4a-e2c5255f750f', '5059004a-43fb-40b3-8e4a-e2c5255f750f', '5059004a-43fb-40b3-8e4a-e2c5255f750f', '5059004a-43fb-40b3-8e4a-e2c5255f750f', '5059004a-43fb-40b3-8e4a-e2c5255f750f', '5059004a-43fb-40b3-8e4a-e2c5255f750f', '5059004a-43fb-40b3-8e4a-e2c5255f750f', '5059004a-43fb-40b3-8e4a-e2c5255f750f', '5059004a-43fb-40b3-8e4a-e2c5255f750f', '5059004a-43fb-40b3-8e4a-e2c5255f750f', '5059004a-43fb-40b3-8e4a-e2c5255f750f', '5059004a-43fb-40b3-8e4a-e2c5255f750f', '5059004a-43fb-40b3-8e4a-e2c5255f750f', '5059004a-43fb-40b3-8e4a-e2c5255f750f', '5059004a-43fb-40b3-8e4a-e2c5255f750f', '5059004a-43fb-40b3-8e4a-e2c5255f750f', '5059004a-43fb-40b3-8e4a-e2c5255f750f', '5059004a-43fb-40b3-8e4a-e2c5255f750f', '3c238852-cc7e-4226-8f3d-566f8a9cbcc5', '6b6910da-5b9b-47b0-9249-4262a801ff30', 'd41e4dcf-1bf5-4a4a-b7a3-98a27dd888e8', '4947a1f8-c3e8-4def-ae90-16f23520e724', '5eda43a8-bfb1-44f2-9cc4-cab823547581', '9c77584e-68b5-4154-b5c7-9ccf794e6d70', 'bb1eb292-c170-44d0-a671-2f5807816227', '90f694d2-43a6-4e31-8027-fdc4d36e6d73', '461919fd-f46b-4c64-986c-256256bcd7a3', 'f19f1f89-d93e-47c2-904e-6357c8b4704b', '1127c354-c2b6-4738-adc3-8fcd85dd7c8b', '7d1130e4-1b84-4bfe-bfc3-19110bbc537e', '9354969b-edae-45d4-98c6-4b882ddce508']"
b8102286-d8c7-43d5-93eb-b576b2869877,1,"['58521944-ea5e-400a-b7bf-8d7457b858f0', '58521944-ea5e-400a-b7bf-8d7457b858f0', '58521944-ea5e-400a-b7bf-8d7457b858f0', '58521944-ea5e-400a-b7bf-8d7457b858f0', '58521944-ea5e-400a-b7bf-8d7457b858f0', '58521944-ea5e-400a-b7bf-8d7457b858f0', '58521944-ea5e-400a-b7bf-8d7457b858f0', '58521944-ea5e-400a-b7bf-8d7457b858f0', '58521944-ea5e-400a-b7bf-8d7457b858f0', '58521944-ea5e-400a-b7bf-8d7457b858f0', '58521944-ea5e-400a-b7bf-8d7457b858f0', '58521944-ea5e-400a-b7bf-8d7457b858f0', '58521944-ea5e-400a-b7bf-8d7457b858f0', '58521944-ea5e-400a-b7bf-8d7457b858f0', '58521944-ea5e-400a-b7bf-8d7457b858f0', '58521944-ea5e-400a-b7bf-8d7457b858f0', '58521944-ea5e-400a-b7bf-8d7457b858f0', '58521944-ea5e-400a-b7bf-8d7457b858f0', '58521944-ea5e-400a-b7bf-8d7457b858f0', '58521944-ea5e-400a-b7bf-8d7457b858f0', '58521944-ea5e-400a-b7bf-8d7457b858f0', '58521944-ea5e-400a-b7bf-8d7457b858f0', '58521944-ea5e-400a-b7bf-8d7457b858f0', '58521944-ea5e-400a-b7bf-8d7457b858f0', '58521944-ea5e-400a-b7bf-8d7457b858f0', '58521944-ea5e-400a-b7bf-8d7457b858f0', '58521944-ea5e-400a-b7bf-8d7457b858f0', '58521944-ea5e-400a-b7bf-8d7457b858f0', '58521944-ea5e-400a-b7bf-8d7457b858f0', '58521944-ea5e-400a-b7bf-8d7457b858f0', '58521944-ea5e-400a-b7bf-8d7457b858f0', '58521944-ea5e-400a-b7bf-8d7457b858f0', '58521944-ea5e-400a-b7bf-8d7457b858f0', '58521944-ea5e-400a-b7bf-8d7457b858f0', '58521944-ea5e-400a-b7bf-8d7457b858f0', '58521944-ea5e-400a-b7bf-8d7457b858f0', '58521944-ea5e-400a-b7bf-8d7457b858f0', '58521944-ea5e-400a-b7bf-8d7457b858f0', '58521944-ea5e-400a-b7bf-8d7457b858f0', '58521944-ea5e-400a-b7bf-8d7457b858f0', 'fab320b7-f66a-4962-83ce-cfcadd3fab3b', '2b05a6e3-7573-4508-83ef-5e1d3e6e66ad', 'efe2262b-3261-4851-8e19-efe0ce41a51c', 'adfe3115-3471-427d-ab48-2bf449aa5db3', 'ec4a89be-a082-4b77-aca5-980739ce423f', 'dc5a5560-9aa2-4393-875f-1aec7cdd4619', 'ba644f21-e9ff-4e91-8fae-e300efe8c641', 'e7892220-b5be-44b5-8646-8746653b4de5', '57ba8298-716f-422e-aa47-0c50fd78899f', 'e28d4fa0-77be-45a0-8b0f-d7d04b505d54']"
a24d9636-1628-4191-bd7b-1c0fda5ba198,3,"['9d123d98-004b-44fe-ace4-69171b8e7d96', '9d123d98-004b-44fe-ace4-69171b8e7d96', '9d123d98-004b-44fe-ace4-69171b8e7d96', '9d123d98-004b-44fe-ace4-69171b8e7d96', '9d123d98-004b-44fe-ace4-69171b8e7d96', '9d123d98-004b-44fe-ace4-69171b8e7d96', '9d123d98-004b-44fe-ace4-69171b8e7d96', '9d123d98-004b-44fe-ace4-69171b8e7d96', '9d123d98-004b-44fe-ace4-69171b8e7d96', '9d123d98-004b-44fe-ace4-69171b8e7d96', '9d123d98-004b-44fe-ace4-69171b8e7d96', '9d123d98-004b-44fe-ace4-69171b8e7d96', '9d123d98-004b-44fe-ace4-69171b8e7d96', '9d123d98-004b-44fe-ace4-69171b8e7d96', '9d123d98-004b-44fe-ace4-69171b8e7d96', '9d123d98-004b-44fe-ace4-69171b8e7d96', '9d123d98-004b-44fe-ace4-69171b8e7d96', '9d123d98-004b-44fe-ace4-69171b8e7d96', '9d123d98-004b-44fe-ace4-69171b8e7d96', '9d123d98-004b-44fe-ace4-69171b8e7d96', '9d123d98-004b-44fe-ace4-69171b8e7d96', '9d123d98-004b-44fe-ace4-69171b8e7d96', '9d123d98-004b-44fe-ace4-69171b8e7d96', '9d123d98-004b-44fe-ace4-69171b8e7d96', '9d123d98-004b-44fe-ace4-69171b8e7d96', '9d123d98-004b-44fe-ace4-69171b8e7d96', '9d123d98-004b-44fe-ace4-69171b8e7d96', 'bd110678-a426-4566-b18b-251e27e86397', '3aff6fff-1fc3-412d-890f-3d4107d7dd4c', '6116619c-ffb5-44a5-965a-905f2790ae72', '5346b9c3-4be3-4328-88ad-9bcb1fbd9714', '10c938ac-1101-4f78-bfef-f1461d2e363d', '76f09883-f7b8-4648-91b3-214f639d70da', '2a642e34-156e-4aae-88c1-ad5e51644b75', '80536f42-d347-43dc-83a3-ee09eb6de2e6', '28527fb7-dcce-4927-b2bf-7f19d2d1eb03', 'f9fc5e98-f098-4466-b8ea-4dab542223c0', 'cca83a9f-ed75-404d-a69a-6e20aac9996c', '70b69edc-c0e2-43bd-b155-642e79b4bd8f', 'd932b61b-4d75-47bf-9675-24a89675f722', '5244c25e-2273-4b11-8e45-3976bb21be08', '45f8df5d-d978-45c3-a61c-c9d07a7c9375', 'f7d31c85-02c3-42cf-813e-9c555bce982a', 'f05a82dd-3090-4805-a2d5-38abcd6a38db', 'cc0f3315-8feb-4765-8a51-57f992cb3622', 'f3b61017-c4ac-46e6-a499-3eb13e247a75', 'ef7c0273-54d8-4720-907d-14c59d519d15', 'd478f041-4522-47fa-8fc8-06f71cee0428', '4409c34a-7eb9-4522-9a30-0673e93e9374', 'ded32d4f-0aae-4aab-9af4-de4238615e94']"
e364bbb6-4cbb-4973-a0e9-ca180dc93386,3,"['3f43047d-ce56-4aaf-b252-522e418446c3', '3f43047d-ce56-4aaf-b252-522e418446c3', '3f43047d-ce56-4aaf-b252-522e418446c3', '3f43047d-ce56-4aaf-b252-522e418446c3', '3f43047d-ce56-4aaf-b252-522e418446c3', '3f43047d-ce56-4aaf-b252-522e418446c3', '3f43047d-ce56-4aaf-b252-522e418446c3', '3f43047d-ce56-4aaf-b252-522e418446c3', '3f43047d-ce56-4aaf-b252-522e418446c3', '3f43047d-ce56-4aaf-b252-522e418446c3', '3f43047d-ce56-4aaf-b252-522e418446c3', '3f43047d-ce56-4aaf-b252-522e418446c3', '3f43047d-ce56-4aaf-b252-522e418446c3', '3f43047d-ce56-4aaf-b252-522e418446c3', '3f43047d-ce56-4aaf-b252-522e418446c3', '3f43047d-ce56-4aaf-b252-522e418446c3', '3f43047d-ce56-4aaf-b252-522e418446c3', '3f43047d-ce56-4aaf-b252-522e418446c3', '3f43047d-ce56-4aaf-b252-522e418446c3', '3f43047d-ce56-4aaf-b252-522e418446c3', '3f43047d-ce56-4aaf-b252-522e418446c3', '3f43047d-ce56-4aaf-b252-522e418446c3', '3f43047d-ce56-4aaf-b252-522e418446c3', '3f43047d-ce56-4aaf-b252-522e418446c3', '3f43047d-ce56-4aaf-b252-522e418446c3', '3f43047d-ce56-4aaf-b252-522e418446c3', '3f43047d-ce56-4aaf-b252-522e418446c3', '3f43047d-ce56-4aaf-b252-522e418446c3', '3f43047d-ce56-4aaf-b252-522e418446c3', '3f43047d-ce56-4aaf-b252-522e418446c3', '3f43047d-ce56-4aaf-b252-522e418446c3', '3f43047d-ce56-4aaf-b252-522e418446c3', '3f43047d-ce56-4aaf-b252-522e418446c3', '3f43047d-ce56-4aaf-b252-522e418446c3', '3f43047d-ce56-4aaf-b252-522e418446c3', '3f43047d-ce56-4aaf-b252-522e418446c3', '3f43047d-ce56-4aaf-b252-522e418446c3', '35667bec-b133-47f9-8574-7d3ecebe07e3', 'dba5ae66-10d7-4b2b-b69a-5c9ab6104e31', 'bb886d7d-5af8-432a-9263-999efa9134bd', '03a438f2-b6fb-4b30-82d6-0a30c265aacd', 'b5693b5e-e6b6-4e62-a9d1-f372072ef6f1', '3a178e44-465e-407d-ab20-39401e67b29b', '8db0b6b4-c58c-4dba-847c-d9910d26af1d', 'fc541e19-0f08-48a6-a751-79e7f912113d', '16b7885a-de4e-40a4-b5fa-4d9f8dc5df23', '95633371-69b1-481c-9057-3e52f9e85223', '8789c85b-e3b8-422e-85e2-d3a557cb02cb', '89653c90-881c-4588-9a41-63b23d71380f', 'a1b57511-bbbb-4f41-a9b7-b56640bd5e63']"
8676b219-4d75-42a8-9949-196395b35f82,6,"['5059004a-43fb-40b3-8e4a-e2c5255f750f', '6b6910da-5b9b-47b0-9249-4262a801ff30', '6b6910da-5b9b-47b0-9249-4262a801ff30', '6b6910da-5b9b-47b0-9249-4262a801ff30', '6b6910da-5b9b-47b0-9249-4262a801ff30', '6b6910da-5b9b-47b0-9249-4262a801ff30', '6b6910da-5b9b-47b0-9249-4262a801ff30', '6b6910da-5b9b-47b0-9249-4262a801ff30', '6b6910da-5b9b-47b0-9249-4262a801ff30', '6b6910da-5b9b-47b0-9249-4262a801ff30', '6b6910da-5b9b-47b0-9249-4262a801ff30', '6b6910da-5b9b-47b0-9249-4262a801ff30', '6b6910da-5b9b-47b0-9249-4262a801ff30', '6b6910da-5b9b-47b0-9249-4262a801ff30', '6b6910da-5b9b-47b0-9249-4262a801ff30', '6b6910da-5b9b-47b0-9249-4262a801ff30', '6b6910da-5b9b-47b0-9249-4262a801ff30', '6b6910da-5b9b-47b0-9249-4262a801ff30', '6b6910da-5b9b-47b0-9249-4262a801ff30', '461919fd-f46b-4c64-986c-256256bcd7a3', '461919fd-f46b-4c64-986c-256256bcd7a3', '461919fd-f46b-4c64-986c-256256bcd7a3', '461919fd-f46b-4c64-986c-256256bcd7a3', '461919fd-f46b-4c64-986c-256256bcd7a3', '461919fd-f46b-4c64-986c-256256bcd7a3', '461919fd-f46b-4c64-986c-256256bcd7a3', '461919fd-f46b-4c64-986c-256256bcd7a3', '461919fd-f46b-4c64-986c-256256bcd7a3', '461919fd-f46b-4c64-986c-256256bcd7a3', '461919fd-f46b-4c64-986c-256256bcd7a3', '461919fd-f46b-4c64-986c-256256bcd7a3', '461919fd-f46b-4c64-986c-256256bcd7a3', '461919fd-f46b-4c64-986c-256256bcd7a3', '461919fd-f46b-4c64-986c-256256bcd7a3', '461919fd-f46b-4c64-986c-256256bcd7a3', '461919fd-f46b-4c64-986c-256256bcd7a3', '461919fd-f46b-4c64-986c-256256bcd7a3', '461919fd-f46b-4c64-986c-256256bcd7a3', '461919fd-f46b-4c64-986c-256256bcd7a3', '461919fd-f46b-4c64-986c-256256bcd7a3', '461919fd-f46b-4c64-986c-256256bcd7a3', '461919fd-f46b-4c64-986c-256256bcd7a3', 'd8053e47-7ece-4bdd-9e33-e40f0845cbd2', 'b3e74f03-e62c-4722-9e5e-7b502be4f9a0', 'a6c66bb6-a44e-4c12-9541-a9b2cb49dc09', 'a1e2a637-4059-482b-ac83-81ba23dce61c', 'f2946c1c-fce6-4eb3-8b95-83ddab43e870', '7ddd6566-8b50-498b-998f-b854b2c362d1', '517748c4-56fd-4703-b016-2cad636f2222', '80f416d0-567e-4a3d-a7ab-c1779ed2ea18']"
7e916310-bb41-4c31-9c69-b85f231b69be,6,"['f81c60d5-b21e-4dce-8422-ff8d8e3109ca', 'f81c60d5-b21e-4dce-8422-ff8d8e3109ca', 'f81c60d5-b21e-4dce-8422-ff8d8e3109ca', 'f81c60d5-b21e-4dce-8422-ff8d8e3109ca', 'f81c60d5-b21e-4dce-8422-ff8d8e3109ca', 'f81c60d5-b21e-4dce-8422-ff8d8e3109ca', 'f81c60d5-b21e-4dce-8422-ff8d8e3109ca', 'f81c60d5-b21e-4dce-8422-ff8d8e3109ca', 'f81c60d5-b21e-4dce-8422-ff8d8e3109ca', 'f81c60d5-b21e-4dce-8422-ff8d8e3109ca', 'f81c60d5-b21e-4dce-8422-ff8d8e3109ca', 'f81c60d5-b21e-4dce-8422-ff8d8e3109ca', 'f81c60d5-b21e-4dce-8422-ff8d8e3109ca', 'f81c60d5-b21e-4dce-8422-ff8d8e3109ca', 'f81c60d5-b21e-4dce-8422-ff8d8e3109ca', 'f81c60d5-b21e-4dce-8422-ff8d8e3109ca', 'f81c60d5-b21e-4dce-8422-ff8d8e3109ca', 'f81c60d5-b21e-4dce-8422-ff8d8e3109ca', 'f81c60d5-b21e-4dce-8422-ff8d8e3109ca', 'f81c60d5-b21e-4dce-8422-ff8d8e3109ca', 'f81c60d5-b21e-4dce-8422-ff8d8e3109ca', 'f81c60d5-b21e-4dce-8422-ff8d8e3109ca', 'f81c60d5-b21e-4dce-8422-ff8d8e3109ca', 'f81c60d5-b21e-4dce-8422-ff8d8e3109ca', 'f81c60d5-b21e-4dce-8422-ff8d8e3109ca', 'f81c60d5-b21e-4dce-8422-ff8d8e3109ca', 'f81c60d5-b21e-4dce-8422-ff8d8e3109ca', 'f81c60d5-b21e-4dce-8422-ff8d8e3109ca', 'f81c60d5-b21e-4dce-8422-ff8d8e3109ca', 'f81c60d5-b21e-4dce-8422-ff8d8e3109ca', 'f81c60d5-b21e-4dce-8422-ff8d8e3109ca', 'f81c60d5-b21e-4dce-8422-ff8d8e3109ca', 'f81c60d5-b21e-4dce-8422-ff8d8e3109ca', 'f81c60d5-b21e-4dce-8422-ff8d8e3109ca', '57b140fd-581a-4130-b8c6-45907525e06c', '06ef098e-be9b-4e57-9939-acaad97f99b4', 'fcb3d697-b3ac-4ded-b428-8a8ea4e53d35', '45315862-a664-494d-9f95-8a02b8767d6b', 'b386ed6b-314d-4002-99ab-77e8298f78f0', 'b73e0dca-431a-4e61-a35f-9c7e7af0ceef', 'd3c2ce1e-458d-41c9-88d8-f5213960ad32', 'f392ff98-d788-4ab1-88d7-dbd6c3d21d7e', '225884f7-2dcc-444a-904d-ad99ea7540a2', 'b976dfe3-eb97-4143-a1ec-e3fa79439182', 'b0ee203f-b726-40bd-909d-49443bfb8ae0', '70a1bf13-26b3-4dd1-a0c7-bc03e8497115', '93d505f4-19e2-449e-b9e5-c02d642776d5', '73da5177-1e9d-434b-a7a3-3c9c325d35b6', '49c243c7-dea9-4fde-84d6-d6eabd59092c', '73d70b25-61d0-4439-aa85-9b79396a21e0']"
1d576d13-a6e5-4375-9d90-0385f5689b86,13,"['a9612d9b-2ae7-42dc-a1cd-880ab069a545', 'a9612d9b-2ae7-42dc-a1cd-880ab069a545', 'a9612d9b-2ae7-42dc-a1cd-880ab069a545', 'a9612d9b-2ae7-42dc-a1cd-880ab069a545', 'a9612d9b-2ae7-42dc-a1cd-880ab069a545', 'a9612d9b-2ae7-42dc-a1cd-880ab069a545', 'a9612d9b-2ae7-42dc-a1cd-880ab069a545', 'a9612d9b-2ae7-42dc-a1cd-880ab069a545', 'a9612d9b-2ae7-42dc-a1cd-880ab069a545', 'a9612d9b-2ae7-42dc-a1cd-880ab069a545', 'a9612d9b-2ae7-42dc-a1cd-880ab069a545', 'a9612d9b-2ae7-42dc-a1cd-880ab069a545', 'a9612d9b-2ae7-42dc-a1cd-880ab069a545', 'a9612d9b-2ae7-42dc-a1cd-880ab069a545', 'a9612d9b-2ae7-42dc-a1cd-880ab069a545', 'a9612d9b-2ae7-42dc-a1cd-880ab069a545', 'a9612d9b-2ae7-42dc-a1cd-880ab069a545', 'a9612d9b-2ae7-42dc-a1cd-880ab069a545', 'a9612d9b-2ae7-42dc-a1cd-880ab069a545', 'a9612d9b-2ae7-42dc-a1cd-880ab069a545', 'a9612d9b-2ae7-42dc-a1cd-880ab069a545', 'a9612d9b-2ae7-42dc-a1cd-880ab069a545', 'a9612d9b-2ae7-42dc-a1cd-880ab069a545', 'a9612d9b-2ae7-42dc-a1cd-880ab069a545', 'a9612d9b-2ae7-42dc-a1cd-880ab069a545', 'a9612d9b-2ae7-42dc-a1cd-880ab069a545', 'a9612d9b-2ae7-42dc-a1cd-880ab069a545', 'a9612d9b-2ae7-42dc-a1cd-880ab069a545', 'a9612d9b-2ae7-42dc-a1cd-880ab069a545', 'a9612d9b-2ae7-42dc-a1cd-880ab069a545', 'a9612d9b-2ae7-42dc-a1cd-880ab069a545', 'a9612d9b-2ae7-42dc-a1cd-880ab069a545', 'a9612d9b-2ae7-42dc-a1cd-880ab069a545', '20b07ca8-7fb7-4a18-a9b7-45489895b426', '310d8b98-8f6c-45d6-ba42-31956833f3fd', 'd85d4707-c084-4602-937c-f074e8fb42f9', '7b1283f4-97da-4017-987e-eb81edd14ecd', 'f1765607-d934-4677-acd9-c379624f53c4', '4a539862-3f98-4e4a-b21c-ecee9c8010c8', '4e838eab-270b-48eb-89d1-c5b3231a84f4', '90fa9585-22cc-45ab-bf2c-40ca366aac6b', 'a06be4a0-f0cb-413d-b1b0-05c3fb8cd7cd', '294bc06b-bec0-44bd-922d-f0b5573342d3', '116acc45-f8c9-4d4b-8ed6-cb804b52bb31', 'fd0366ab-2e74-4cde-a43c-2e6946b63f77', '9b6c4535-b2fd-4813-a0bf-8c1df4c07292', '70c52953-2899-4107-806d-85000541d433', 'aee5baad-30d0-41c0-8f6b-0e17a8182d46', 'f794bcc3-043d-48bc-8875-488935e36c99', '341aed1f-fdf2-4cad-b4c1-3ad8650c6582']"
a70abf70-001b-4b4f-9c79-56789d37f2a7,3,"['11ccee6a-5e57-44af-8231-3e2afdd7c473', '11ccee6a-5e57-44af-8231-3e2afdd7c473', '11ccee6a-5e57-44af-8231-3e2afdd7c473', '11ccee6a-5e57-44af-8231-3e2afdd7c473', '11ccee6a-5e57-44af-8231-3e2afdd7c473', '11ccee6a-5e57-44af-8231-3e2afdd7c473', '11ccee6a-5e57-44af-8231-3e2afdd7c473', '11ccee6a-5e57-44af-8231-3e2afdd7c473', '11ccee6a-5e57-44af-8231-3e2afdd7c473', '11ccee6a-5e57-44af-8231-3e2afdd7c473', '11ccee6a-5e57-44af-8231-3e2afdd7c473', '11ccee6a-5e57-44af-8231-3e2afdd7c473', '11ccee6a-5e57-44af-8231-3e2afdd7c473', '11ccee6a-5e57-44af-8231-3e2afdd7c473', '11ccee6a-5e57-44af-8231-3e2afdd7c473', '11ccee6a-5e57-44af-8231-3e2afdd7c473', '11ccee6a-5e57-44af-8231-3e2afdd7c473', '11ccee6a-5e57-44af-8231-3e2afdd7c473', '11ccee6a-5e57-44af-8231-3e2afdd7c473', '11ccee6a-5e57-44af-8231-3e2afdd7c473', '11ccee6a-5e57-44af-8231-3e2afdd7c473', '94f124f0-0750-446f-bd59-aca314579048', '5437a9fa-2693-4852-a6dc-842142cce59b', '2245c1a9-9b5f-491e-a69d-e596db186371', 'f02a127b-a23b-4af0-94ec-a9538b6c0a62', '20fcc3ad-de8c-44bc-9403-6a3de138b14f', '36329e5a-e33b-437d-bf28-3f9b71ebc1c6', '37531a71-840e-4655-be44-8cff33b8661a', '79843a77-267c-44cb-b4a2-c85104af6202', '78b22058-9ff8-414c-9ffb-9d146e7b71a1', '338fac2e-cd49-4722-bdf1-2219e4d66b7a', '0d36723c-ddd5-4c17-9722-8e6f3d17eaed', '08c0c294-2d54-47f9-9e04-7705778ca554', '50e54d2a-d00f-4a93-bfff-1894ec2d326d', '7e2c8d54-e2ad-4750-a2bb-f139c89acb4d', '1cc4b242-105c-4283-97aa-6e600640986f', '01ba5862-30d4-4d63-a57e-8ac64e75dcbb', '145a63a6-9284-44e7-9335-e81276a7463d', 'f7bb5705-f868-43e1-93bf-ed06c30c3d33', '5842e959-adce-4d64-a709-278e57860680', '771e7541-6807-499d-90f2-68ccfcfd8b1a', '1cbd9e8e-8ee7-463e-a7ec-ff2f2f24d5a3', '4dc32388-f18b-47ad-900f-5e1803a8c043', '50aefddb-716e-4ad6-a752-b9d92c6362a1', '65485970-9891-4741-9ee6-93c2942702e4', '0c66d7a0-aa4e-4674-9a88-abd31c9ef7bd', '58a08cd5-fdef-42f9-baba-74670ecb0f11', 'e16d72f1-b017-4331-8ad9-6d6ec89f70f2', 'ad82074e-fcf9-4904-9fd1-b2943dc31ef5', 'f1b8f2eb-4886-4aff-b4dd-e4564fdf6046']"
a24d9636-1628-4191-bd7b-1c0fda5ba198,4,"['9d123d98-004b-44fe-ace4-69171b8e7d96', '9d123d98-004b-44fe-ace4-69171b8e7d96', '9d123d98-004b-44fe-ace4-69171b8e7d96', '9d123d98-004b-44fe-ace4-69171b8e7d96', '9d123d98-004b-44fe-ace4-69171b8e7d96', '9d123d98-004b-44fe-ace4-69171b8e7d96', '9d123d98-004b-44fe-ace4-69171b8e7d96', '9d123d98-004b-44fe-ace4-69171b8e7d96', '9d123d98-004b-44fe-ace4-69171b8e7d96', '9d123d98-004b-44fe-ace4-69171b8e7d96', '9d123d98-004b-44fe-ace4-69171b8e7d96', '9d123d98-004b-44fe-ace4-69171b8e7d96', '9d123d98-004b-44fe-ace4-69171b8e7d96', '9d123d98-004b-44fe-ace4-69171b8e7d96', '9d123d98-004b-44fe-ace4-69171b8e7d96', '9d123d98-004b-44fe-ace4-69171b8e7d96', '9d123d98-004b-44fe-ace4-69171b8e7d96', '9d123d98-004b-44fe-ace4-69171b8e7d96', '9d123d98-004b-44fe-ace4-69171b8e7d96', '9d123d98-004b-44fe-ace4-69171b8e7d96', '9d123d98-004b-44fe-ace4-69171b8e7d96', '9d123d98-004b-44fe-ace4-69171b8e7d96', '9d123d98-004b-44fe-ace4-69171b8e7d96', '9d123d98-004b-44fe-ace4-69171b8e7d96', '5346b9c3-4be3-4328-88ad-9bcb1fbd9714', '10c938ac-1101-4f78-bfef-f1461d2e363d', '76f09883-f7b8-4648-91b3-214f639d70da', '2a642e34-156e-4aae-88c1-ad5e51644b75', '80536f42-d347-43dc-83a3-ee09eb6de2e6', '28527fb7-dcce-4927-b2bf-7f19d2d1eb03', 'f9fc5e98-f098-4466-b8ea-4dab542223c0', 'cca83a9f-ed75-404d-a69a-6e20aac9996c', '70b69edc-c0e2-43bd-b155-642e79b4bd8f', 'd932b61b-4d75-47bf-9675-24a89675f722', '45f8df5d-d978-45c3-a61c-c9d07a7c9375', 'f7d31c85-02c3-42cf-813e-9c555bce982a', 'f05a82dd-3090-4805-a2d5-38abcd6a38db', 'cc0f3315-8feb-4765-8a51-57f992cb3622', 'f3b61017-c4ac-46e6-a499-3eb13e247a75', 'ef7c0273-54d8-4720-907d-14c59d519d15', 'd478f041-4522-47fa-8fc8-06f71cee0428', '4409c34a-7eb9-4522-9a30-0673e93e9374', 'ded32d4f-0aae-4aab-9af4-de4238615e94', '3c54fb74-0998-40e5-8a23-c04df50915b7', '00d81dd6-b126-4e3f-9a48-78767ee547fc', 'f01f5196-c903-44ae-bd6b-6afbf943aaa5', 'fe492572-28e8-4837-84f5-94830d0f78f2', '96135aa3-571d-49c7-a796-0db7eeba3f58', 'ce9e2135-2cee-45ba-8087-13bf09751d7d', 'f1f637fc-d7e4-4834-8e67-436ef9204c59']"
e364bbb6-4cbb-4973-a0e9-ca180dc93386,4,"['3f43047d-ce56-4aaf-b252-522e418446c3', '3f43047d-ce56-4aaf-b252-522e418446c3', '3f43047d-ce56-4aaf-b252-522e418446c3', '3f43047d-ce56-4aaf-b252-522e418446c3', '3f43047d-ce56-4aaf-b252-522e418446c3', '3f43047d-ce56-4aaf-b252-522e418446c3', '3f43047d-ce56-4aaf-b252-522e418446c3', '3f43047d-ce56-4aaf-b252-522e418446c3', '3f43047d-ce56-4aaf-b252-522e418446c3', '3f43047d-ce56-4aaf-b252-522e418446c3', '3f43047d-ce56-4aaf-b252-522e418446c3', '3f43047d-ce56-4aaf-b252-522e418446c3', '3f43047d-ce56-4aaf-b252-522e418446c3', '3f43047d-ce56-4aaf-b252-522e418446c3', '3f43047d-ce56-4aaf-b252-522e418446c3', '3f43047d-ce56-4aaf-b252-522e418446c3', '3f43047d-ce56-4aaf-b252-522e418446c3', '3f43047d-ce56-4aaf-b252-522e418446c3', '3f43047d-ce56-4aaf-b252-522e418446c3', '3f43047d-ce56-4aaf-b252-522e418446c3', '3f43047d-ce56-4aaf-b252-522e418446c3', '3f43047d-ce56-4aaf-b252-522e418446c3', '3f43047d-ce56-4aaf-b252-522e418446c3', '3f43047d-ce56-4aaf-b252-522e418446c3', '3f43047d-ce56-4aaf-b252-522e418446c3', '3f43047d-ce56-4aaf-b252-522e418446c3', '3f43047d-ce56-4aaf-b252-522e418446c3', '3f43047d-ce56-4aaf-b252-522e418446c3', '3f43047d-ce56-4aaf-b252-522e418446c3', '3f43047d-ce56-4aaf-b252-522e418446c3', '3f43047d-ce56-4aaf-b252-522e418446c3', '35667bec-b133-47f9-8574-7d3ecebe07e3', 'bb886d7d-5af8-432a-9263-999efa9134bd', 'b5693b5e-e6b6-4e62-a9d1-f372072ef6f1', '3a178e44-465e-407d-ab20-39401e67b29b', '8db0b6b4-c58c-4dba-847c-d9910d26af1d', 'fc541e19-0f08-48a6-a751-79e7f912113d', '95633371-69b1-481c-9057-3e52f9e85223', '89653c90-881c-4588-9a41-63b23d71380f', 'a1b57511-bbbb-4f41-a9b7-b56640bd5e63', 'ad52292e-9969-4674-9de3-222af1843d24', 'ce137ff6-704f-4928-be4d-57a889386211', 'eb3af70e-d42c-4eab-b2a8-fe970297ac30', '9fff2969-37df-42e8-aebd-3b5f6fb90cab', 'f9f85d17-f967-411b-b086-dcb04210e8b6', '1f89c7d5-af8f-4ac9-b491-b493f3f709fb', '8febfc80-151c-4cd0-ab93-7bd49cc73a54', 'b4f9f222-8fbc-44a1-b863-0db514371dba', '01702e9c-bc4b-4751-9cc8-36cfe5c7faf0', '426184e4-ebd7-444a-b737-fc7637d9f0b5']"
8676b219-4d75-42a8-9949-196395b35f82,7,"['5059004a-43fb-40b3-8e4a-e2c5255f750f', '6b6910da-5b9b-47b0-9249-4262a801ff30', '6b6910da-5b9b-47b0-9249-4262a801ff30', '6b6910da-5b9b-47b0-9249-4262a801ff30', '6b6910da-5b9b-47b0-9249-4262a801ff30', '6b6910da-5b9b-47b0-9249-4262a801ff30', '6b6910da-5b9b-47b0-9249-4262a801ff30', '6b6910da-5b9b-47b0-9249-4262a801ff30', '6b6910da-5b9b-47b0-9249-4262a801ff30', '6b6910da-5b9b-47b0-9249-4262a801ff30', '6b6910da-5b9b-47b0-9249-4262a801ff30', '6b6910da-5b9b-47b0-9249-4262a801ff30', '6b6910da-5b9b-47b0-9249-4262a801ff30', '6b6910da-5b9b-47b0-9249-4262a801ff30', '6b6910da-5b9b-47b0-9249-4262a801ff30', '6b6910da-5b9b-47b0-9249-4262a801ff30', '461919fd-f46b-4c64-986c-256256bcd7a3', '461919fd-f46b-4c64-986c-256256bcd7a3', '461919fd-f46b-4c64-986c-256256bcd7a3', '461919fd-f46b-4c64-986c-256256bcd7a3', '461919fd-f46b-4c64-986c-256256bcd7a3', '461919fd-f46b-4c64-986c-256256bcd7a3', '461919fd-f46b-4c64-986c-256256bcd7a3', '461919fd-f46b-4c64-986c-256256bcd7a3', '461919fd-f46b-4c64-986c-256256bcd7a3', '461919fd-f46b-4c64-986c-256256bcd7a3', '461919fd-f46b-4c64-986c-256256bcd7a3', '461919fd-f46b-4c64-986c-256256bcd7a3', '461919fd-f46b-4c64-986c-256256bcd7a3', '461919fd-f46b-4c64-986c-256256bcd7a3', '461919fd-f46b-4c64-986c-256256bcd7a3', '461919fd-f46b-4c64-986c-256256bcd7a3', '461919fd-f46b-4c64-986c-256256bcd7a3', '461919fd-f46b-4c64-986c-256256bcd7a3', '461919fd-f46b-4c64-986c-256256bcd7a3', 'd8053e47-7ece-4bdd-9e33-e40f0845cbd2', 'b3e74f03-e62c-4722-9e5e-7b502be4f9a0', 'a6c66bb6-a44e-4c12-9541-a9b2cb49dc09', 'a1e2a637-4059-482b-ac83-81ba23dce61c', 'f2946c1c-fce6-4eb3-8b95-83ddab43e870', '7ddd6566-8b50-498b-998f-b854b2c362d1', '517748c4-56fd-4703-b016-2cad636f2222', '80f416d0-567e-4a3d-a7ab-c1779ed2ea18', '7108c842-3dbe-4800-b654-1c148e78f285', '480bc25b-cc5a-470d-97f8-e2f890aa4829', '80c841d3-a3d6-4249-8b6c-0fc3585c12bc', 'acfd02db-7b07-467f-ac10-680b42d181b0', 'e7ceb8b4-cbf2-43ad-a869-4624e8274cc9', '16e2e6dd-0104-453b-acbe-0c0c271b4a78', 'e36affdf-76cb-45f5-9889-3a37282e4f4e']"
7e916310-bb41-4c31-9c69-b85f231b69be,7,"['49c243c7-dea9-4fde-84d6-d6eabd59092c', '49c243c7-dea9-4fde-84d6-d6eabd59092c', '49c243c7-dea9-4fde-84d6-d6eabd59092c', '49c243c7-dea9-4fde-84d6-d6eabd59092c', '49c243c7-dea9-4fde-84d6-d6eabd59092c', '49c243c7-dea9-4fde-84d6-d6eabd59092c', '49c243c7-dea9-4fde-84d6-d6eabd59092c', '49c243c7-dea9-4fde-84d6-d6eabd59092c', '49c243c7-dea9-4fde-84d6-d6eabd59092c', '49c243c7-dea9-4fde-84d6-d6eabd59092c', '49c243c7-dea9-4fde-84d6-d6eabd59092c', '49c243c7-dea9-4fde-84d6-d6eabd59092c', '49c243c7-dea9-4fde-84d6-d6eabd59092c', '49c243c7-dea9-4fde-84d6-d6eabd59092c', '49c243c7-dea9-4fde-84d6-d6eabd59092c', '49c243c7-dea9-4fde-84d6-d6eabd59092c', '49c243c7-dea9-4fde-84d6-d6eabd59092c', '49c243c7-dea9-4fde-84d6-d6eabd59092c', '49c243c7-dea9-4fde-84d6-d6eabd59092c', '49c243c7-dea9-4fde-84d6-d6eabd59092c', '49c243c7-dea9-4fde-84d6-d6eabd59092c', '49c243c7-dea9-4fde-84d6-d6eabd59092c', '49c243c7-dea9-4fde-84d6-d6eabd59092c', '49c243c7-dea9-4fde-84d6-d6eabd59092c', '49c243c7-dea9-4fde-84d6-d6eabd59092c', '49c243c7-dea9-4fde-84d6-d6eabd59092c', '49c243c7-dea9-4fde-84d6-d6eabd59092c', '49c243c7-dea9-4fde-84d6-d6eabd59092c', '49c243c7-dea9-4fde-84d6-d6eabd59092c', '49c243c7-dea9-4fde-84d6-d6eabd59092c', '49c243c7-dea9-4fde-84d6-d6eabd59092c', '49c243c7-dea9-4fde-84d6-d6eabd59092c', '49c243c7-dea9-4fde-84d6-d6eabd59092c', '49c243c7-dea9-4fde-84d6-d6eabd59092c', '49c243c7-dea9-4fde-84d6-d6eabd59092c', '49c243c7-dea9-4fde-84d6-d6eabd59092c', '49c243c7-dea9-4fde-84d6-d6eabd59092c', '49c243c7-dea9-4fde-84d6-d6eabd59092c', '49c243c7-dea9-4fde-84d6-d6eabd59092c', '49c243c7-dea9-4fde-84d6-d6eabd59092c', '49c243c7-dea9-4fde-84d6-d6eabd59092c', '49c243c7-dea9-4fde-84d6-d6eabd59092c', 'd560b1c0-5a2e-4ba1-babf-e54abe0b1979', '88fbbc4d-fb0c-4dbb-be5b-c118a0fd3fae', '4b7990cf-d74a-4d20-a702-3d47a728e685', 'd864facf-b6fa-478a-a975-ed868e124dbd', 'a6dcaf31-738c-4a67-8ea7-18638076ec64', '713e1e28-f573-4304-9c9b-16ec2767feb4', '4950376d-3383-4f4a-920d-ddd82ab24c73', 'f20d1c0e-92c7-40d2-bf0a-d16c1286dfa7']"
b8102286-d8c7-43d5-93eb-b576b2869877,2,"['fab320b7-f66a-4962-83ce-cfcadd3fab3b', 'fab320b7-f66a-4962-83ce-cfcadd3fab3b', 'fab320b7-f66a-4962-83ce-cfcadd3fab3b', 'fab320b7-f66a-4962-83ce-cfcadd3fab3b', 'fab320b7-f66a-4962-83ce-cfcadd3fab3b', 'fab320b7-f66a-4962-83ce-cfcadd3fab3b', 'fab320b7-f66a-4962-83ce-cfcadd3fab3b', 'fab320b7-f66a-4962-83ce-cfcadd3fab3b', 'fab320b7-f66a-4962-83ce-cfcadd3fab3b', 'fab320b7-f66a-4962-83ce-cfcadd3fab3b', 'fab320b7-f66a-4962-83ce-cfcadd3fab3b', 'fab320b7-f66a-4962-83ce-cfcadd3fab3b', 'fab320b7-f66a-4962-83ce-cfcadd3fab3b', 'fab320b7-f66a-4962-83ce-cfcadd3fab3b', 'fab320b7-f66a-4962-83ce-cfcadd3fab3b', 'fab320b7-f66a-4962-83ce-cfcadd3fab3b', 'fab320b7-f66a-4962-83ce-cfcadd3fab3b', 'fab320b7-f66a-4962-83ce-cfcadd3fab3b', 'fab320b7-f66a-4962-83ce-cfcadd3fab3b', 'fab320b7-f66a-4962-83ce-cfcadd3fab3b', 'fab320b7-f66a-4962-83ce-cfcadd3fab3b', 'fab320b7-f66a-4962-83ce-cfcadd3fab3b', 'fab320b7-f66a-4962-83ce-cfcadd3fab3b', 'fab320b7-f66a-4962-83ce-cfcadd3fab3b', 'fab320b7-f66a-4962-83ce-cfcadd3fab3b', 'fab320b7-f66a-4962-83ce-cfcadd3fab3b', 'fab320b7-f66a-4962-83ce-cfcadd3fab3b', 'fab320b7-f66a-4962-83ce-cfcadd3fab3b', 'fab320b7-f66a-4962-83ce-cfcadd3fab3b', 'fab320b7-f66a-4962-83ce-cfcadd3fab3b', 'fab320b7-f66a-4962-83ce-cfcadd3fab3b', 'fab320b7-f66a-4962-83ce-cfcadd3fab3b', 'fab320b7-f66a-4962-83ce-cfcadd3fab3b', 'fab320b7-f66a-4962-83ce-cfcadd3fab3b', 'fab320b7-f66a-4962-83ce-cfcadd3fab3b', 'fab320b7-f66a-4962-83ce-cfcadd3fab3b', '1140479a-cf7a-4047-819e-bfdba6ff1703', 'a815dd3c-3697-4cdf-a133-dced8e9a2232', '60b8f134-d3c6-42b3-af42-c04d57250f83', 'e44c9dcf-5ec6-41a0-923f-db0de90a02b1', '46307817-cd6a-42f4-a88e-f41b0a766a93', '44522466-3b2c-4abd-bf77-ba795700ed0b', '6ea60f33-e602-4237-be1c-e6483c86d20d', '4aea60ae-caab-4132-8b16-e26dc834d9d1', 'a8e354e5-9341-4681-b006-5e907899f9bb', 'f3d2baf7-253f-4535-a530-d6a28834ecd5', '8dd226ea-31d6-4033-bd70-aa500aa5db5d', '5bc5e77f-9c21-4e1b-ab70-a6e17d965430', 'd5053736-1dd2-478c-83c5-a3edd165a870', 'b75eee13-53e7-4169-8ac2-599319ec318e']"
8676b219-4d75-42a8-9949-196395b35f82,8,"['5059004a-43fb-40b3-8e4a-e2c5255f750f', '6b6910da-5b9b-47b0-9249-4262a801ff30', '6b6910da-5b9b-47b0-9249-4262a801ff30', '6b6910da-5b9b-47b0-9249-4262a801ff30', '6b6910da-5b9b-47b0-9249-4262a801ff30', '6b6910da-5b9b-47b0-9249-4262a801ff30', '6b6910da-5b9b-47b0-9249-4262a801ff30', '6b6910da-5b9b-47b0-9249-4262a801ff30', '6b6910da-5b9b-47b0-9249-4262a801ff30', '6b6910da-5b9b-47b0-9249-4262a801ff30', '6b6910da-5b9b-47b0-9249-4262a801ff30', '6b6910da-5b9b-47b0-9249-4262a801ff30', '6b6910da-5b9b-47b0-9249-4262a801ff30', '6b6910da-5b9b-47b0-9249-4262a801ff30', '6b6910da-5b9b-47b0-9249-4262a801ff30', '6b6910da-5b9b-47b0-9249-4262a801ff30', '461919fd-f46b-4c64-986c-256256bcd7a3', '461919fd-f46b-4c64-986c-256256bcd7a3', '461919fd-f46b-4c64-986c-256256bcd7a3', '461919fd-f46b-4c64-986c-256256bcd7a3', '461919fd-f46b-4c64-986c-256256bcd7a3', '461919fd-f46b-4c64-986c-256256bcd7a3', '461919fd-f46b-4c64-986c-256256bcd7a3', '461919fd-f46b-4c64-986c-256256bcd7a3', '461919fd-f46b-4c64-986c-256256bcd7a3', '461919fd-f46b-4c64-986c-256256bcd7a3', '461919fd-f46b-4c64-986c-256256bcd7a3', '461919fd-f46b-4c64-986c-256256bcd7a3', '461919fd-f46b-4c64-986c-256256bcd7a3', '461919fd-f46b-4c64-986c-256256bcd7a3', '461919fd-f46b-4c64-986c-256256bcd7a3', '461919fd-f46b-4c64-986c-256256bcd7a3', 'd8053e47-7ece-4bdd-9e33-e40f0845cbd2', 'b3e74f03-e62c-4722-9e5e-7b502be4f9a0', 'a1e2a637-4059-482b-ac83-81ba23dce61c', 'f2946c1c-fce6-4eb3-8b95-83ddab43e870', '7ddd6566-8b50-498b-998f-b854b2c362d1', '80f416d0-567e-4a3d-a7ab-c1779ed2ea18', '7108c842-3dbe-4800-b654-1c148e78f285', '480bc25b-cc5a-470d-97f8-e2f890aa4829', '80c841d3-a3d6-4249-8b6c-0fc3585c12bc', 'acfd02db-7b07-467f-ac10-680b42d181b0', 'e7ceb8b4-cbf2-43ad-a869-4624e8274cc9', '16e2e6dd-0104-453b-acbe-0c0c271b4a78', 'e36affdf-76cb-45f5-9889-3a37282e4f4e', '66c86a17-3859-48af-8896-a4971672fdd7', 'c915ea91-f739-49c2-b2f3-3da1e2252c88', 'f213eed0-9ff5-4fb6-b5e3-20b153aad87b', '9c311880-998b-4c7b-97df-bb79a5af665b', '607877a8-a49c-4a63-b232-4e931f489907']"
a24d9636-1628-4191-bd7b-1c0fda5ba198,5,"['9d123d98-004b-44fe-ace4-69171b8e7d96', '9d123d98-004b-44fe-ace4-69171b8e7d96', '9d123d98-004b-44fe-ace4-69171b8e7d96', '9d123d98-004b-44fe-ace4-69171b8e7d96', '9d123d98-004b-44fe-ace4-69171b8e7d96', '9d123d98-004b-44fe-ace4-69171b8e7d96', '9d123d98-004b-44fe-ace4-69171b8e7d96', '9d123d98-004b-44fe-ace4-69171b8e7d96', '9d123d98-004b-44fe-ace4-69171b8e7d96', '9d123d98-004b-44fe-ace4-69171b8e7d96', '9d123d98-004b-44fe-ace4-69171b8e7d96', '9d123d98-004b-44fe-ace4-69171b8e7d96', '9d123d98-004b-44fe-ace4-69171b8e7d96', '9d123d98-004b-44fe-ace4-69171b8e7d96', '9d123d98-004b-44fe-ace4-69171b8e7d96', '9d123d98-004b-44fe-ace4-69171b8e7d96', '9d123d98-004b-44fe-ace4-69171b8e7d96', '9d123d98-004b-44fe-ace4-69171b8e7d96', '9d123d98-004b-44fe-ace4-69171b8e7d96', '9d123d98-004b-44fe-ace4-69171b8e7d96', '9d123d98-004b-44fe-ace4-69171b8e7d96', '9d123d98-004b-44fe-ace4-69171b8e7d96', '9d123d98-004b-44fe-ace4-69171b8e7d96', '9d123d98-004b-44fe-ace4-69171b8e7d96', '9d123d98-004b-44fe-ace4-69171b8e7d96', '9d123d98-004b-44fe-ace4-69171b8e7d96', '9d123d98-004b-44fe-ace4-69171b8e7d96', '9d123d98-004b-44fe-ace4-69171b8e7d96', '9d123d98-004b-44fe-ace4-69171b8e7d96', '9d123d98-004b-44fe-ace4-69171b8e7d96', '9d123d98-004b-44fe-ace4-69171b8e7d96', '9d123d98-004b-44fe-ace4-69171b8e7d96', '9d123d98-004b-44fe-ace4-69171b8e7d96', '9d123d98-004b-44fe-ace4-69171b8e7d96', '9d123d98-004b-44fe-ace4-69171b8e7d96', '9d123d98-004b-44fe-ace4-69171b8e7d96', '9d123d98-004b-44fe-ace4-69171b8e7d96', '9d123d98-004b-44fe-ace4-69171b8e7d96', '9d123d98-004b-44fe-ace4-69171b8e7d96', '9d123d98-004b-44fe-ace4-69171b8e7d96', '9d123d98-004b-44fe-ace4-69171b8e7d96', '9d123d98-004b-44fe-ace4-69171b8e7d96', '9d123d98-004b-44fe-ace4-69171b8e7d96', 'c6dfc3ae-7e82-48bf-ab36-55c5cfee4b22', '970b9dba-59e5-4366-a03b-a9cf74932a02', '02d53d91-9c3d-450f-b6f4-95cc91c54e3d', '0afddae4-a169-4829-aaa8-9102617bec12', '45a8084c-a932-4db8-9df9-d330394486a7', '44a6a234-8e87-40af-8296-0b4bde0a7c23', '3fc65310-003f-4259-be2d-31ba991c352c']"
1d576d13-a6e5-4375-9d90-0385f5689b86,14,"['a9612d9b-2ae7-42dc-a1cd-880ab069a545', 'a9612d9b-2ae7-42dc-a1cd-880ab069a545', 'a9612d9b-2ae7-42dc-a1cd-880ab069a545', 'a9612d9b-2ae7-42dc-a1cd-880ab069a545', 'a9612d9b-2ae7-42dc-a1cd-880ab069a545', 'a9612d9b-2ae7-42dc-a1cd-880ab069a545', 'a9612d9b-2ae7-42dc-a1cd-880ab069a545', 'a9612d9b-2ae7-42dc-a1cd-880ab069a545', 'a9612d9b-2ae7-42dc-a1cd-880ab069a545', 'a9612d9b-2ae7-42dc-a1cd-880ab069a545', 'a9612d9b-2ae7-42dc-a1cd-880ab069a545', 'a9612d9b-2ae7-42dc-a1cd-880ab069a545', 'a9612d9b-2ae7-42dc-a1cd-880ab069a545', 'a9612d9b-2ae7-42dc-a1cd-880ab069a545', 'a9612d9b-2ae7-42dc-a1cd-880ab069a545', 'a9612d9b-2ae7-42dc-a1cd-880ab069a545', 'a9612d9b-2ae7-42dc-a1cd-880ab069a545', 'a9612d9b-2ae7-42dc-a1cd-880ab069a545', 'a9612d9b-2ae7-42dc-a1cd-880ab069a545', 'a9612d9b-2ae7-42dc-a1cd-880ab069a545', 'a9612d9b-2ae7-42dc-a1cd-880ab069a545', 'a9612d9b-2ae7-42dc-a1cd-880ab069a545', 'a9612d9b-2ae7-42dc-a1cd-880ab069a545', 'a9612d9b-2ae7-42dc-a1cd-880ab069a545', 'a9612d9b-2ae7-42dc-a1cd-880ab069a545', 'a9612d9b-2ae7-42dc-a1cd-880ab069a545', '20b07ca8-7fb7-4a18-a9b7-45489895b426', '310d8b98-8f6c-45d6-ba42-31956833f3fd', 'd85d4707-c084-4602-937c-f074e8fb42f9', '7b1283f4-97da-4017-987e-eb81edd14ecd', 'f1765607-d934-4677-acd9-c379624f53c4', '4a539862-3f98-4e4a-b21c-ecee9c8010c8', '4e838eab-270b-48eb-89d1-c5b3231a84f4', '294bc06b-bec0-44bd-922d-f0b5573342d3', '116acc45-f8c9-4d4b-8ed6-cb804b52bb31', 'fd0366ab-2e74-4cde-a43c-2e6946b63f77', '9b6c4535-b2fd-4813-a0bf-8c1df4c07292', 'aee5baad-30d0-41c0-8f6b-0e17a8182d46', 'f794bcc3-043d-48bc-8875-488935e36c99', '6283f76b-e9ca-4805-a441-46dbde64db40', 'e48ade86-c831-4f61-91ca-fedcbc0e07fb', 'fca057c0-b1bf-416d-9be7-bec7ff3e6aa5', '4d65fb5d-97e5-4a3e-befe-c560a78c5b16', '9192a065-bf62-4cbf-91bb-95ba69f032e7', '8cde56df-e377-4070-951b-5a7aa1e0e508', '5fff1662-6e1e-4c59-806a-d1968d87b124', '36ed864b-5159-4065-a92a-9dfca7d3313f', '65716c9f-3a12-4dd1-9ee4-253df4c8e23d', '676194b6-45d1-485e-b9f6-6bedd04a3374', 'd136983a-b296-40f4-860e-78700de6e563']"
a70abf70-001b-4b4f-9c79-56789d37f2a7,4,"['11ccee6a-5e57-44af-8231-3e2afdd7c473', '11ccee6a-5e57-44af-8231-3e2afdd7c473', '11ccee6a-5e57-44af-8231-3e2afdd7c473', '11ccee6a-5e57-44af-8231-3e2afdd7c473', '11ccee6a-5e57-44af-8231-3e2afdd7c473', '11ccee6a-5e57-44af-8231-3e2afdd7c473', '11ccee6a-5e57-44af-8231-3e2afdd7c473', '11ccee6a-5e57-44af-8231-3e2afdd7c473', '11ccee6a-5e57-44af-8231-3e2afdd7c473', '11ccee6a-5e57-44af-8231-3e2afdd7c473', '11ccee6a-5e57-44af-8231-3e2afdd7c473', '11ccee6a-5e57-44af-8231-3e2afdd7c473', '11ccee6a-5e57-44af-8231-3e2afdd7c473', '11ccee6a-5e57-44af-8231-3e2afdd7c473', '11ccee6a-5e57-44af-8231-3e2afdd7c473', '11ccee6a-5e57-44af-8231-3e2afdd7c473', '11ccee6a-5e57-44af-8231-3e2afdd7c473', '11ccee6a-5e57-44af-8231-3e2afdd7c473', '11ccee6a-5e57-44af-8231-3e2afdd7c473', '11ccee6a-5e57-44af-8231-3e2afdd7c473', '11ccee6a-5e57-44af-8231-3e2afdd7c473', '11ccee6a-5e57-44af-8231-3e2afdd7c473', '11ccee6a-5e57-44af-8231-3e2afdd7c473', '11ccee6a-5e57-44af-8231-3e2afdd7c473', '11ccee6a-5e57-44af-8231-3e2afdd7c473', '11ccee6a-5e57-44af-8231-3e2afdd7c473', '11ccee6a-5e57-44af-8231-3e2afdd7c473', '11ccee6a-5e57-44af-8231-3e2afdd7c473', '11ccee6a-5e57-44af-8231-3e2afdd7c473', '11ccee6a-5e57-44af-8231-3e2afdd7c473', '11ccee6a-5e57-44af-8231-3e2afdd7c473', '11ccee6a-5e57-44af-8231-3e2afdd7c473', '11ccee6a-5e57-44af-8231-3e2afdd7c473', '11ccee6a-5e57-44af-8231-3e2afdd7c473', '11ccee6a-5e57-44af-8231-3e2afdd7c473', '11ccee6a-5e57-44af-8231-3e2afdd7c473', '11ccee6a-5e57-44af-8231-3e2afdd7c473', '11ccee6a-5e57-44af-8231-3e2afdd7c473', '0554b749-6eae-4d37-941b-149747ebdb3e', 'fb6f2a28-713b-4a55-9ae0-6dee719c1215', '8b730bc9-47bc-4d32-a88a-95b3f0832e9e', 'b8fd9e16-f02c-427a-b6ad-992c6a3f4556', 'e70ecad9-da76-41ca-9952-15bd88c6b04b', 'd285a4a9-1675-4142-afaf-50bd4793fca7', 'd3d87974-6cdd-4984-8d73-54410a36cb8d', 'b3ce550b-ca58-436c-a4f0-230306e0e7bc', 'c83d4565-c90d-457c-a4a8-36151a6f7d5c', '2d347e5d-53c1-4140-813f-6b8d0461a9a1', '2dde22fd-9002-4c5d-9e31-373ee12ddeda', '50735da1-9c6b-4db7-8bad-d0d3a493b017']"
e364bbb6-4cbb-4973-a0e9-ca180dc93386,5,"['3f43047d-ce56-4aaf-b252-522e418446c3', '3f43047d-ce56-4aaf-b252-522e418446c3', '3f43047d-ce56-4aaf-b252-522e418446c3', '3f43047d-ce56-4aaf-b252-522e418446c3', '3f43047d-ce56-4aaf-b252-522e418446c3', '3f43047d-ce56-4aaf-b252-522e418446c3', '3f43047d-ce56-4aaf-b252-522e418446c3', '3f43047d-ce56-4aaf-b252-522e418446c3', '3f43047d-ce56-4aaf-b252-522e418446c3', '3f43047d-ce56-4aaf-b252-522e418446c3', '3f43047d-ce56-4aaf-b252-522e418446c3', '3f43047d-ce56-4aaf-b252-522e418446c3', '3f43047d-ce56-4aaf-b252-522e418446c3', '3f43047d-ce56-4aaf-b252-522e418446c3', '3f43047d-ce56-4aaf-b252-522e418446c3', '3f43047d-ce56-4aaf-b252-522e418446c3', '3f43047d-ce56-4aaf-b252-522e418446c3', '3f43047d-ce56-4aaf-b252-522e418446c3', '3f43047d-ce56-4aaf-b252-522e418446c3', '3f43047d-ce56-4aaf-b252-522e418446c3', '3f43047d-ce56-4aaf-b252-522e418446c3', '3f43047d-ce56-4aaf-b252-522e418446c3', '3f43047d-ce56-4aaf-b252-522e418446c3', '3f43047d-ce56-4aaf-b252-522e418446c3', '3f43047d-ce56-4aaf-b252-522e418446c3', '3f43047d-ce56-4aaf-b252-522e418446c3', '35667bec-b133-47f9-8574-7d3ecebe07e3', 'bb886d7d-5af8-432a-9263-999efa9134bd', 'b5693b5e-e6b6-4e62-a9d1-f372072ef6f1', '3a178e44-465e-407d-ab20-39401e67b29b', '8db0b6b4-c58c-4dba-847c-d9910d26af1d', 'fc541e19-0f08-48a6-a751-79e7f912113d', '95633371-69b1-481c-9057-3e52f9e85223', '89653c90-881c-4588-9a41-63b23d71380f', 'a1b57511-bbbb-4f41-a9b7-b56640bd5e63', 'ad52292e-9969-4674-9de3-222af1843d24', 'ce137ff6-704f-4928-be4d-57a889386211', '9fff2969-37df-42e8-aebd-3b5f6fb90cab', 'f9f85d17-f967-411b-b086-dcb04210e8b6', '1f89c7d5-af8f-4ac9-b491-b493f3f709fb', '8febfc80-151c-4cd0-ab93-7bd49cc73a54', 'b4f9f222-8fbc-44a1-b863-0db514371dba', '01702e9c-bc4b-4751-9cc8-36cfe5c7faf0', '426184e4-ebd7-444a-b737-fc7637d9f0b5', '14a585ec-5120-4e6d-8380-e4e650ff1781', '73e7fa74-52e1-413f-b386-306f707756bd', '13d89de6-63ea-4c15-84a4-4e3da3ea0488', 'd1a473ad-b565-47f9-8822-0e39437674ba', '50fd7b50-a764-4712-aecd-4fa158d9dfa2', '91d6c5c5-672c-4c21-b4b1-823ac6b8df89']"
a24d9636-1628-4191-bd7b-1c0fda5ba198,6,"['9d123d98-004b-44fe-ace4-69171b8e7d96', '9d123d98-004b-44fe-ace4-69171b8e7d96', '9d123d98-004b-44fe-ace4-69171b8e7d96', '9d123d98-004b-44fe-ace4-69171b8e7d96', '9d123d98-004b-44fe-ace4-69171b8e7d96', '9d123d98-004b-44fe-ace4-69171b8e7d96', '9d123d98-004b-44fe-ace4-69171b8e7d96', '9d123d98-004b-44fe-ace4-69171b8e7d96', '9d123d98-004b-44fe-ace4-69171b8e7d96', '9d123d98-004b-44fe-ace4-69171b8e7d96', '9d123d98-004b-44fe-ace4-69171b8e7d96', '9d123d98-004b-44fe-ace4-69171b8e7d96', '9d123d98-004b-44fe-ace4-69171b8e7d96', '9d123d98-004b-44fe-ace4-69171b8e7d96', '9d123d98-004b-44fe-ace4-69171b8e7d96', '9d123d98-004b-44fe-ace4-69171b8e7d96', '9d123d98-004b-44fe-ace4-69171b8e7d96', '9d123d98-004b-44fe-ace4-69171b8e7d96', '9d123d98-004b-44fe-ace4-69171b8e7d96', '9d123d98-004b-44fe-ace4-69171b8e7d96', '9d123d98-004b-44fe-ace4-69171b8e7d96', '9d123d98-004b-44fe-ace4-69171b8e7d96', '9d123d98-004b-44fe-ace4-69171b8e7d96', '9d123d98-004b-44fe-ace4-69171b8e7d96', '9d123d98-004b-44fe-ace4-69171b8e7d96', '9d123d98-004b-44fe-ace4-69171b8e7d96', '9d123d98-004b-44fe-ace4-69171b8e7d96', '9d123d98-004b-44fe-ace4-69171b8e7d96', '9d123d98-004b-44fe-ace4-69171b8e7d96', '9d123d98-004b-44fe-ace4-69171b8e7d96', '9d123d98-004b-44fe-ace4-69171b8e7d96', '9d123d98-004b-44fe-ace4-69171b8e7d96', '9d123d98-004b-44fe-ace4-69171b8e7d96', '9d123d98-004b-44fe-ace4-69171b8e7d96', '9d123d98-004b-44fe-ace4-69171b8e7d96', 'c6dfc3ae-7e82-48bf-ab36-55c5cfee4b22', '970b9dba-59e5-4366-a03b-a9cf74932a02', '02d53d91-9c3d-450f-b6f4-95cc91c54e3d', '45a8084c-a932-4db8-9df9-d330394486a7', '44a6a234-8e87-40af-8296-0b4bde0a7c23', '3fc65310-003f-4259-be2d-31ba991c352c', 'db920192-361f-4a78-a49c-2d18de15ec69', 'eef6db2f-adc4-4e06-bb7f-60729a370dcc', '6965aec5-08cf-498f-99dd-d54d3d61f68b', '2e2188ba-626c-4697-8182-089b35bfa940', '6f649003-e9e8-499f-8a77-fe206e0c9739', '9cb43c92-d87f-4897-9363-a4a9507c3a4d', '2708c758-1be4-4864-bb8b-8a2c0f93a804', 'dff2fcb0-ec3a-4cc8-b236-2befb6b64cef', 'ed1b81d9-7520-40b3-80bd-8512dc8feb59']"
b8102286-d8c7-43d5-93eb-b576b2869877,3,"['fab320b7-f66a-4962-83ce-cfcadd3fab3b', 'fab320b7-f66a-4962-83ce-cfcadd3fab3b', 'fab320b7-f66a-4962-83ce-cfcadd3fab3b', 'fab320b7-f66a-4962-83ce-cfcadd3fab3b', 'fab320b7-f66a-4962-83ce-cfcadd3fab3b', 'fab320b7-f66a-4962-83ce-cfcadd3fab3b', 'fab320b7-f66a-4962-83ce-cfcadd3fab3b', 'fab320b7-f66a-4962-83ce-cfcadd3fab3b', 'fab320b7-f66a-4962-83ce-cfcadd3fab3b', 'fab320b7-f66a-4962-83ce-cfcadd3fab3b', 'fab320b7-f66a-4962-83ce-cfcadd3fab3b', 'fab320b7-f66a-4962-83ce-cfcadd3fab3b', 'fab320b7-f66a-4962-83ce-cfcadd3fab3b', 'fab320b7-f66a-4962-83ce-cfcadd3fab3b', 'fab320b7-f66a-4962-83ce-cfcadd3fab3b', 'fab320b7-f66a-4962-83ce-cfcadd3fab3b', 'fab320b7-f66a-4962-83ce-cfcadd3fab3b', 'fab320b7-f66a-4962-83ce-cfcadd3fab3b', 'fab320b7-f66a-4962-83ce-cfcadd3fab3b', 'fab320b7-f66a-4962-83ce-cfcadd3fab3b', 'fab320b7-f66a-4962-83ce-cfcadd3fab3b', 'fab320b7-f66a-4962-83ce-cfcadd3fab3b', 'fab320b7-f66a-4962-83ce-cfcadd3fab3b', 'fab320b7-f66a-4962-83ce-cfcadd3fab3b', 'fab320b7-f66a-4962-83ce-cfcadd3fab3b', 'fab320b7-f66a-4962-83ce-cfcadd3fab3b', 'fab320b7-f66a-4962-83ce-cfcadd3fab3b', 'fab320b7-f66a-4962-83ce-cfcadd3fab3b', '60b8f134-d3c6-42b3-af42-c04d57250f83', 'e44c9dcf-5ec6-41a0-923f-db0de90a02b1', '46307817-cd6a-42f4-a88e-f41b0a766a93', '44522466-3b2c-4abd-bf77-ba795700ed0b', '6ea60f33-e602-4237-be1c-e6483c86d20d', '4aea60ae-caab-4132-8b16-e26dc834d9d1', 'f3d2baf7-253f-4535-a530-d6a28834ecd5', '8dd226ea-31d6-4033-bd70-aa500aa5db5d', '5bc5e77f-9c21-4e1b-ab70-a6e17d965430', 'b75eee13-53e7-4169-8ac2-599319ec318e', '39d804a4-457b-4c33-8721-20cc5a00343e', 'dbae1898-f450-4f1d-a8bc-461500a5b84b', 'a88d48c5-27f9-4af3-a12a-39f84680220e', '88b6367d-18c2-438d-a722-db0b2d8b4b97', 'ac07c724-7702-4ede-835e-c1bba4e6f6db', '78fce3de-b78e-444c-8352-253cc4e21c4c', 'e615d546-972e-439f-8b16-8b486a8b50c7', '9a6a1267-d738-4492-8110-587c4e70aa08', 'a9b18098-da81-4456-9d66-12365bb2ebb3', 'a9acd102-d18a-4ece-9b7e-125e374c985a', 'e3952aff-28e1-4142-a247-a997ad026c30', 'bda48481-a3a4-499f-a6fb-7e429b304320']"
a70abf70-001b-4b4f-9c79-56789d37f2a7,5,"['11ccee6a-5e57-44af-8231-3e2afdd7c473', '11ccee6a-5e57-44af-8231-3e2afdd7c473', '11ccee6a-5e57-44af-8231-3e2afdd7c473', '11ccee6a-5e57-44af-8231-3e2afdd7c473', '11ccee6a-5e57-44af-8231-3e2afdd7c473', '11ccee6a-5e57-44af-8231-3e2afdd7c473', '11ccee6a-5e57-44af-8231-3e2afdd7c473', '11ccee6a-5e57-44af-8231-3e2afdd7c473', '11ccee6a-5e57-44af-8231-3e2afdd7c473', '11ccee6a-5e57-44af-8231-3e2afdd7c473', '11ccee6a-5e57-44af-8231-3e2afdd7c473', '11ccee6a-5e57-44af-8231-3e2afdd7c473', '11ccee6a-5e57-44af-8231-3e2afdd7c473', '11ccee6a-5e57-44af-8231-3e2afdd7c473', '11ccee6a-5e57-44af-8231-3e2afdd7c473', '11ccee6a-5e57-44af-8231-3e2afdd7c473', '11ccee6a-5e57-44af-8231-3e2afdd7c473', '11ccee6a-5e57-44af-8231-3e2afdd7c473', '11ccee6a-5e57-44af-8231-3e2afdd7c473', '11ccee6a-5e57-44af-8231-3e2afdd7c473', '11ccee6a-5e57-44af-8231-3e2afdd7c473', '11ccee6a-5e57-44af-8231-3e2afdd7c473', '11ccee6a-5e57-44af-8231-3e2afdd7c473', '11ccee6a-5e57-44af-8231-3e2afdd7c473', '11ccee6a-5e57-44af-8231-3e2afdd7c473', '11ccee6a-5e57-44af-8231-3e2afdd7c473', '11ccee6a-5e57-44af-8231-3e2afdd7c473', '11ccee6a-5e57-44af-8231-3e2afdd7c473', '11ccee6a-5e57-44af-8231-3e2afdd7c473', '11ccee6a-5e57-44af-8231-3e2afdd7c473', '0554b749-6eae-4d37-941b-149747ebdb3e', 'fb6f2a28-713b-4a55-9ae0-6dee719c1215', '8b730bc9-47bc-4d32-a88a-95b3f0832e9e', 'b8fd9e16-f02c-427a-b6ad-992c6a3f4556', 'e70ecad9-da76-41ca-9952-15bd88c6b04b', 'b3ce550b-ca58-436c-a4f0-230306e0e7bc', 'c83d4565-c90d-457c-a4a8-36151a6f7d5c', '2d347e5d-53c1-4140-813f-6b8d0461a9a1', '50735da1-9c6b-4db7-8bad-d0d3a493b017', 'bc707b8b-2e73-4840-8115-d47fc8d5649b', '461b0626-aa6e-4a0c-95ae-8a87ca959fe1', '4289e4cd-1aad-43ad-a162-dd9f89321f34', '4fb72af5-e591-416f-a5db-a2e1b21ab7bb', '6eb4db25-fc69-4712-b048-00db92f3e62c', '06b1de61-f081-47fd-b3c9-4ce72b8c4ff7', '9290bc0c-d4ea-4db7-a7cf-0e35eb3ad63d', 'ef68dca9-246e-4e4d-943f-76d23079f0bf', '16f07697-d20d-4329-90ae-3348201b80d0', '950ef718-1413-41a1-a0bb-d61c92e55cb0', '564e96fc-2750-4bd0-ba19-21b9ffab0598']"
e364bbb6-4cbb-4973-a0e9-ca180dc93386,6,"['3f43047d-ce56-4aaf-b252-522e418446c3', '3f43047d-ce56-4aaf-b252-522e418446c3', '3f43047d-ce56-4aaf-b252-522e418446c3', '3f43047d-ce56-4aaf-b252-522e418446c3', '3f43047d-ce56-4aaf-b252-522e418446c3', '3f43047d-ce56-4aaf-b252-522e418446c3', '3f43047d-ce56-4aaf-b252-522e418446c3', '3f43047d-ce56-4aaf-b252-522e418446c3', '3f43047d-ce56-4aaf-b252-522e418446c3', '3f43047d-ce56-4aaf-b252-522e418446c3', '3f43047d-ce56-4aaf-b252-522e418446c3', '3f43047d-ce56-4aaf-b252-522e418446c3', '3f43047d-ce56-4aaf-b252-522e418446c3', '3f43047d-ce56-4aaf-b252-522e418446c3', '3f43047d-ce56-4aaf-b252-522e418446c3', '3f43047d-ce56-4aaf-b252-522e418446c3', '3f43047d-ce56-4aaf-b252-522e418446c3', '3f43047d-ce56-4aaf-b252-522e418446c3', '35667bec-b133-47f9-8574-7d3ecebe07e3', 'bb886d7d-5af8-432a-9263-999efa9134bd', 'b5693b5e-e6b6-4e62-a9d1-f372072ef6f1', '3a178e44-465e-407d-ab20-39401e67b29b', 'fc541e19-0f08-48a6-a751-79e7f912113d', '95633371-69b1-481c-9057-3e52f9e85223', '89653c90-881c-4588-9a41-63b23d71380f', 'a1b57511-bbbb-4f41-a9b7-b56640bd5e63', 'ad52292e-9969-4674-9de3-222af1843d24', 'ce137ff6-704f-4928-be4d-57a889386211', '9fff2969-37df-42e8-aebd-3b5f6fb90cab', 'f9f85d17-f967-411b-b086-dcb04210e8b6', '1f89c7d5-af8f-4ac9-b491-b493f3f709fb', '8febfc80-151c-4cd0-ab93-7bd49cc73a54', 'b4f9f222-8fbc-44a1-b863-0db514371dba', '01702e9c-bc4b-4751-9cc8-36cfe5c7faf0', '426184e4-ebd7-444a-b737-fc7637d9f0b5', '14a585ec-5120-4e6d-8380-e4e650ff1781', '13d89de6-63ea-4c15-84a4-4e3da3ea0488', '50fd7b50-a764-4712-aecd-4fa158d9dfa2', '91d6c5c5-672c-4c21-b4b1-823ac6b8df89', '2a09c86f-9135-415c-8040-6f4119315b44', 'd9da3d01-73db-41d6-86a7-8e67022da827', '28ca5f01-0a9a-43c8-b073-3f4c84961bbf', 'fb157b05-997c-4cb1-bf50-a6206b69c884', '61731d96-1839-4b90-bcb8-67f73c59a756', '3a66e3ef-562f-4682-8d06-e92b3a5bd211', '3f52130c-7a45-4b81-91b1-a33c2a328ce8', '895f3bea-a7e9-4a6e-b193-509ef3f6910b', 'cb2a25e8-77dd-4762-a2f9-f6303eb9f65b', '725225c1-99cb-461f-af45-395159527cbd', '6a1f90bc-fc64-4fec-b7c7-9cef1143e0f0']"
1d576d13-a6e5-4375-9d90-0385f5689b86,15,"['a9612d9b-2ae7-42dc-a1cd-880ab069a545', 'a9612d9b-2ae7-42dc-a1cd-880ab069a545', 'a9612d9b-2ae7-42dc-a1cd-880ab069a545', 'a9612d9b-2ae7-42dc-a1cd-880ab069a545', 'a9612d9b-2ae7-42dc-a1cd-880ab069a545', 'a9612d9b-2ae7-42dc-a1cd-880ab069a545', 'a9612d9b-2ae7-42dc-a1cd-880ab069a545', 'a9612d9b-2ae7-42dc-a1cd-880ab069a545', 'a9612d9b-2ae7-42dc-a1cd-880ab069a545', 'a9612d9b-2ae7-42dc-a1cd-880ab069a545', 'a9612d9b-2ae7-42dc-a1cd-880ab069a545', 'a9612d9b-2ae7-42dc-a1cd-880ab069a545', 'a9612d9b-2ae7-42dc-a1cd-880ab069a545', 'a9612d9b-2ae7-42dc-a1cd-880ab069a545', 'a9612d9b-2ae7-42dc-a1cd-880ab069a545', 'a9612d9b-2ae7-42dc-a1cd-880ab069a545', 'a9612d9b-2ae7-42dc-a1cd-880ab069a545', 'a9612d9b-2ae7-42dc-a1cd-880ab069a545', 'a9612d9b-2ae7-42dc-a1cd-880ab069a545', '20b07ca8-7fb7-4a18-a9b7-45489895b426', '310d8b98-8f6c-45d6-ba42-31956833f3fd', 'd85d4707-c084-4602-937c-f074e8fb42f9', '7b1283f4-97da-4017-987e-eb81edd14ecd', 'f1765607-d934-4677-acd9-c379624f53c4', '4a539862-3f98-4e4a-b21c-ecee9c8010c8', '4e838eab-270b-48eb-89d1-c5b3231a84f4', '294bc06b-bec0-44bd-922d-f0b5573342d3', '116acc45-f8c9-4d4b-8ed6-cb804b52bb31', 'f794bcc3-043d-48bc-8875-488935e36c99', '6283f76b-e9ca-4805-a441-46dbde64db40', 'e48ade86-c831-4f61-91ca-fedcbc0e07fb', '4d65fb5d-97e5-4a3e-befe-c560a78c5b16', '9192a065-bf62-4cbf-91bb-95ba69f032e7', '5fff1662-6e1e-4c59-806a-d1968d87b124', '36ed864b-5159-4065-a92a-9dfca7d3313f', '65716c9f-3a12-4dd1-9ee4-253df4c8e23d', '676194b6-45d1-485e-b9f6-6bedd04a3374', 'd136983a-b296-40f4-860e-78700de6e563', 'bc5c7def-e3b7-49fa-8071-e0bc9c119ebb', 'cf90655b-ce77-44f8-ab37-fb41e1f2a795', '94bce836-8f35-4dd7-b387-57559451e672', 'c9f1f83d-0d35-4bd3-b161-e1dc8ab911f8', '96b6e2a9-caa8-43d9-9ca3-660a3c8ccf30', '0e0e7213-757d-4615-8b78-c703bfcd7996', '4a3c7904-b0e0-4012-b342-2119b0c3a4e8', '9f46c475-d982-4d91-b528-484d1db1b913', '898ee996-a2f7-427d-8d73-acf1a934e4e1', '360bf6f1-0c5e-4565-a11c-5cc771e67299', '82c3358b-1486-4973-9193-144f7be87fc4', '38b126ec-f5db-471d-a920-e6b9aa19a0ba']"
a24d9636-1628-4191-bd7b-1c0fda5ba198,7,"['9d123d98-004b-44fe-ace4-69171b8e7d96', '9d123d98-004b-44fe-ace4-69171b8e7d96', '9d123d98-004b-44fe-ace4-69171b8e7d96', '9d123d98-004b-44fe-ace4-69171b8e7d96', '9d123d98-004b-44fe-ace4-69171b8e7d96', '9d123d98-004b-44fe-ace4-69171b8e7d96', '9d123d98-004b-44fe-ace4-69171b8e7d96', '9d123d98-004b-44fe-ace4-69171b8e7d96', '9d123d98-004b-44fe-ace4-69171b8e7d96', '9d123d98-004b-44fe-ace4-69171b8e7d96', '9d123d98-004b-44fe-ace4-69171b8e7d96', '9d123d98-004b-44fe-ace4-69171b8e7d96', '9d123d98-004b-44fe-ace4-69171b8e7d96', '9d123d98-004b-44fe-ace4-69171b8e7d96', '9d123d98-004b-44fe-ace4-69171b8e7d96', '9d123d98-004b-44fe-ace4-69171b8e7d96', '9d123d98-004b-44fe-ace4-69171b8e7d96', '9d123d98-004b-44fe-ace4-69171b8e7d96', '9d123d98-004b-44fe-ace4-69171b8e7d96', '9d123d98-004b-44fe-ace4-69171b8e7d96', '9d123d98-004b-44fe-ace4-69171b8e7d96', '9d123d98-004b-44fe-ace4-69171b8e7d96', '9d123d98-004b-44fe-ace4-69171b8e7d96', '9d123d98-004b-44fe-ace4-69171b8e7d96', '9d123d98-004b-44fe-ace4-69171b8e7d96', '9d123d98-004b-44fe-ace4-69171b8e7d96', '9d123d98-004b-44fe-ace4-69171b8e7d96', '9d123d98-004b-44fe-ace4-69171b8e7d96', '9d123d98-004b-44fe-ace4-69171b8e7d96', '9d123d98-004b-44fe-ace4-69171b8e7d96', '9d123d98-004b-44fe-ace4-69171b8e7d96', '9d123d98-004b-44fe-ace4-69171b8e7d96', '9d123d98-004b-44fe-ace4-69171b8e7d96', 'c6dfc3ae-7e82-48bf-ab36-55c5cfee4b22', '970b9dba-59e5-4366-a03b-a9cf74932a02', '02d53d91-9c3d-450f-b6f4-95cc91c54e3d', '45a8084c-a932-4db8-9df9-d330394486a7', '44a6a234-8e87-40af-8296-0b4bde0a7c23', '3fc65310-003f-4259-be2d-31ba991c352c', 'db920192-361f-4a78-a49c-2d18de15ec69', 'eef6db2f-adc4-4e06-bb7f-60729a370dcc', '6965aec5-08cf-498f-99dd-d54d3d61f68b', '6f649003-e9e8-499f-8a77-fe206e0c9739', '2708c758-1be4-4864-bb8b-8a2c0f93a804', 'dff2fcb0-ec3a-4cc8-b236-2befb6b64cef', '199ec041-0a64-4c52-bb50-f2cf15416575', '2eb6dd1d-06fd-45b8-9f5a-c8225baf3597', '47d17c2e-72ba-40dd-9736-7c50e6fa24fe', '1026897b-d100-4824-b205-33f6eb12f6bb', 'eda9a139-e784-4e47-a25c-dd00305eb8dc']"
7e916310-bb41-4c31-9c69-b85f231b69be,8,"['49c243c7-dea9-4fde-84d6-d6eabd59092c', '49c243c7-dea9-4fde-84d6-d6eabd59092c', '49c243c7-dea9-4fde-84d6-d6eabd59092c', '49c243c7-dea9-4fde-84d6-d6eabd59092c', '49c243c7-dea9-4fde-84d6-d6eabd59092c', '49c243c7-dea9-4fde-84d6-d6eabd59092c', '49c243c7-dea9-4fde-84d6-d6eabd59092c', '49c243c7-dea9-4fde-84d6-d6eabd59092c', '49c243c7-dea9-4fde-84d6-d6eabd59092c', '49c243c7-dea9-4fde-84d6-d6eabd59092c', '49c243c7-dea9-4fde-84d6-d6eabd59092c', '49c243c7-dea9-4fde-84d6-d6eabd59092c', '49c243c7-dea9-4fde-84d6-d6eabd59092c', '49c243c7-dea9-4fde-84d6-d6eabd59092c', '49c243c7-dea9-4fde-84d6-d6eabd59092c', '49c243c7-dea9-4fde-84d6-d6eabd59092c', '49c243c7-dea9-4fde-84d6-d6eabd59092c', '49c243c7-dea9-4fde-84d6-d6eabd59092c', '49c243c7-dea9-4fde-84d6-d6eabd59092c', '49c243c7-dea9-4fde-84d6-d6eabd59092c', '49c243c7-dea9-4fde-84d6-d6eabd59092c', '49c243c7-dea9-4fde-84d6-d6eabd59092c', '49c243c7-dea9-4fde-84d6-d6eabd59092c', '49c243c7-dea9-4fde-84d6-d6eabd59092c', '49c243c7-dea9-4fde-84d6-d6eabd59092c', '49c243c7-dea9-4fde-84d6-d6eabd59092c', '49c243c7-dea9-4fde-84d6-d6eabd59092c', '49c243c7-dea9-4fde-84d6-d6eabd59092c', '49c243c7-dea9-4fde-84d6-d6eabd59092c', '49c243c7-dea9-4fde-84d6-d6eabd59092c', 'a6dcaf31-738c-4a67-8ea7-18638076ec64', '713e1e28-f573-4304-9c9b-16ec2767feb4', 'f20d1c0e-92c7-40d2-bf0a-d16c1286dfa7', '34c96032-f9fc-4956-9683-1c2afa6ed860', 'f035eb09-82c4-4c4c-936b-898d8997c45c', 'fd677006-3500-40cd-8161-134e3a513047', 'c914961f-540b-4e8f-9ef1-530695e7d7b5', '787a1160-9a94-4e15-83a0-1e43fcf3fddf', '6f990453-426e-4e13-a954-c9bacf119fc7', '47e015ab-c406-4e6d-8698-f2b5c30f283b', '98295046-07e2-4ef1-a726-3f78e0a6c6fd', 'a4cf20a3-81b4-45bb-9254-21e11b284a35', '3376e9c8-1d14-4b5a-ad51-008c185eb76b', 'e215e178-0af6-426c-86b9-235bdfbfc7cd', 'c3d1bd8a-7a9a-429d-b6b9-fecf45d2f136', '4738b281-e255-4efa-a486-a6e6447f8bb6', 'be8e2f48-7523-4883-b648-3b29c5cccfcc', '0890c3c3-e7ae-4f23-a3bc-7a72e07798a8', 'a9c73ec6-6cb4-4317-a303-6e89b5677cf9', '77a1ff82-5d47-4920-b8d5-2f61c376d9c0']"
8676b219-4d75-42a8-9949-196395b35f82,9,"['6b6910da-5b9b-47b0-9249-4262a801ff30', '6b6910da-5b9b-47b0-9249-4262a801ff30', '6b6910da-5b9b-47b0-9249-4262a801ff30', '6b6910da-5b9b-47b0-9249-4262a801ff30', '6b6910da-5b9b-47b0-9249-4262a801ff30', '6b6910da-5b9b-47b0-9249-4262a801ff30', '6b6910da-5b9b-47b0-9249-4262a801ff30', '6b6910da-5b9b-47b0-9249-4262a801ff30', '6b6910da-5b9b-47b0-9249-4262a801ff30', '461919fd-f46b-4c64-986c-256256bcd7a3', '461919fd-f46b-4c64-986c-256256bcd7a3', '461919fd-f46b-4c64-986c-256256bcd7a3', '461919fd-f46b-4c64-986c-256256bcd7a3', '461919fd-f46b-4c64-986c-256256bcd7a3', '461919fd-f46b-4c64-986c-256256bcd7a3', '461919fd-f46b-4c64-986c-256256bcd7a3', '461919fd-f46b-4c64-986c-256256bcd7a3', '461919fd-f46b-4c64-986c-256256bcd7a3', '461919fd-f46b-4c64-986c-256256bcd7a3', '461919fd-f46b-4c64-986c-256256bcd7a3', '461919fd-f46b-4c64-986c-256256bcd7a3', 'd8053e47-7ece-4bdd-9e33-e40f0845cbd2', 'a1e2a637-4059-482b-ac83-81ba23dce61c', '7ddd6566-8b50-498b-998f-b854b2c362d1', '80f416d0-567e-4a3d-a7ab-c1779ed2ea18', '7108c842-3dbe-4800-b654-1c148e78f285', '80c841d3-a3d6-4249-8b6c-0fc3585c12bc', 'acfd02db-7b07-467f-ac10-680b42d181b0', 'e7ceb8b4-cbf2-43ad-a869-4624e8274cc9', '16e2e6dd-0104-453b-acbe-0c0c271b4a78', 'e36affdf-76cb-45f5-9889-3a37282e4f4e', '66c86a17-3859-48af-8896-a4971672fdd7', 'c915ea91-f739-49c2-b2f3-3da1e2252c88', '607877a8-a49c-4a63-b232-4e931f489907', 'bb8eec62-3e46-4573-94ef-aad3e8c861ba', '6501120e-012c-46f6-81a4-e605f65e9dc3', '052ede58-cb67-4a1f-b29f-f483806679b3', 'bafabfd3-a754-48fe-a4df-00324f62e1ca', '88843225-0fa5-44e0-9317-98a45f5bb008', 'ad466d05-402e-4b69-81ce-ddb3d02cd4b5', '68d2037a-9b60-4fe6-b088-bb66ed159205', '3548d21d-9f7a-4a27-8bf5-07de239377ce', '44d45b34-e7de-47f3-a4bd-2120b7e90440', '53f7c406-5468-4181-b257-785129f2d379', 'e2d803c6-9821-45c4-8d55-f1f7ba72d281', 'a2b0b5a7-a6b7-4666-9ce8-84857461e891', '9483165a-7ec3-4934-b4df-162b0101018c', '568342c9-421b-4090-9043-6d71f8186774', '98dfed8f-e952-4325-897d-c1b6c5b74754', 'be7f4a68-5d04-40fd-8dd2-fd44bc961fb1']"
e364bbb6-4cbb-4973-a0e9-ca180dc93386,7,"['3f43047d-ce56-4aaf-b252-522e418446c3', '3f43047d-ce56-4aaf-b252-522e418446c3', '3f43047d-ce56-4aaf-b252-522e418446c3', '3f43047d-ce56-4aaf-b252-522e418446c3', '3f43047d-ce56-4aaf-b252-522e418446c3', '3f43047d-ce56-4aaf-b252-522e418446c3', '3f43047d-ce56-4aaf-b252-522e418446c3', '3f43047d-ce56-4aaf-b252-522e418446c3', '3f43047d-ce56-4aaf-b252-522e418446c3', '3f43047d-ce56-4aaf-b252-522e418446c3', '3f43047d-ce56-4aaf-b252-522e418446c3', '3f43047d-ce56-4aaf-b252-522e418446c3', '3f43047d-ce56-4aaf-b252-522e418446c3', '3f43047d-ce56-4aaf-b252-522e418446c3', '3f43047d-ce56-4aaf-b252-522e418446c3', '3f43047d-ce56-4aaf-b252-522e418446c3', '3f43047d-ce56-4aaf-b252-522e418446c3', '3f43047d-ce56-4aaf-b252-522e418446c3', '3f43047d-ce56-4aaf-b252-522e418446c3', '3f43047d-ce56-4aaf-b252-522e418446c3', '3f43047d-ce56-4aaf-b252-522e418446c3', '3f43047d-ce56-4aaf-b252-522e418446c3', '3f43047d-ce56-4aaf-b252-522e418446c3', '3f43047d-ce56-4aaf-b252-522e418446c3', '3f43047d-ce56-4aaf-b252-522e418446c3', '3f43047d-ce56-4aaf-b252-522e418446c3', '3f43047d-ce56-4aaf-b252-522e418446c3', '3f43047d-ce56-4aaf-b252-522e418446c3', '3f43047d-ce56-4aaf-b252-522e418446c3', '3f43047d-ce56-4aaf-b252-522e418446c3', '3f43047d-ce56-4aaf-b252-522e418446c3', '3f43047d-ce56-4aaf-b252-522e418446c3', '3f43047d-ce56-4aaf-b252-522e418446c3', '3f43047d-ce56-4aaf-b252-522e418446c3', '3f43047d-ce56-4aaf-b252-522e418446c3', '3f43047d-ce56-4aaf-b252-522e418446c3', '3f43047d-ce56-4aaf-b252-522e418446c3', '3f43047d-ce56-4aaf-b252-522e418446c3', '3f43047d-ce56-4aaf-b252-522e418446c3', '3f43047d-ce56-4aaf-b252-522e418446c3', '3f43047d-ce56-4aaf-b252-522e418446c3', '99c67da5-fb4a-412f-9562-a1c4781751e6', 'd04ca05e-2c10-4e42-9433-1207f4a259ba', '0b9f2bb1-e693-4b14-a1c3-8ac6f260bc8e', 'a9fc3e46-c677-4899-a959-076a96b672b3', '7ffed160-147a-4bb9-8065-ca9c64fd45f8', 'd03e7bdc-71d6-44ee-92fc-b648b4bbd8da', '6787f543-e974-4823-bb2f-70819f9be593', '53e5d176-7687-4485-a4f0-dde4f80169f3', '3e4f9cfd-c99c-425f-9b65-7cc0c94906d7']"
b8102286-d8c7-43d5-93eb-b576b2869877,4,"['fab320b7-f66a-4962-83ce-cfcadd3fab3b', 'fab320b7-f66a-4962-83ce-cfcadd3fab3b', 'fab320b7-f66a-4962-83ce-cfcadd3fab3b', 'fab320b7-f66a-4962-83ce-cfcadd3fab3b', 'fab320b7-f66a-4962-83ce-cfcadd3fab3b', 'fab320b7-f66a-4962-83ce-cfcadd3fab3b', 'fab320b7-f66a-4962-83ce-cfcadd3fab3b', 'fab320b7-f66a-4962-83ce-cfcadd3fab3b', 'fab320b7-f66a-4962-83ce-cfcadd3fab3b', 'fab320b7-f66a-4962-83ce-cfcadd3fab3b', 'fab320b7-f66a-4962-83ce-cfcadd3fab3b', 'fab320b7-f66a-4962-83ce-cfcadd3fab3b', 'fab320b7-f66a-4962-83ce-cfcadd3fab3b', 'fab320b7-f66a-4962-83ce-cfcadd3fab3b', 'fab320b7-f66a-4962-83ce-cfcadd3fab3b', 'fab320b7-f66a-4962-83ce-cfcadd3fab3b', 'fab320b7-f66a-4962-83ce-cfcadd3fab3b', 'fab320b7-f66a-4962-83ce-cfcadd3fab3b', 'fab320b7-f66a-4962-83ce-cfcadd3fab3b', 'fab320b7-f66a-4962-83ce-cfcadd3fab3b', 'fab320b7-f66a-4962-83ce-cfcadd3fab3b', 'fab320b7-f66a-4962-83ce-cfcadd3fab3b', '60b8f134-d3c6-42b3-af42-c04d57250f83', 'e44c9dcf-5ec6-41a0-923f-db0de90a02b1', '46307817-cd6a-42f4-a88e-f41b0a766a93', '44522466-3b2c-4abd-bf77-ba795700ed0b', '6ea60f33-e602-4237-be1c-e6483c86d20d', '4aea60ae-caab-4132-8b16-e26dc834d9d1', 'f3d2baf7-253f-4535-a530-d6a28834ecd5', '8dd226ea-31d6-4033-bd70-aa500aa5db5d', '5bc5e77f-9c21-4e1b-ab70-a6e17d965430', 'b75eee13-53e7-4169-8ac2-599319ec318e', 'ac07c724-7702-4ede-835e-c1bba4e6f6db', '78fce3de-b78e-444c-8352-253cc4e21c4c', 'e615d546-972e-439f-8b16-8b486a8b50c7', '9a6a1267-d738-4492-8110-587c4e70aa08', 'a9b18098-da81-4456-9d66-12365bb2ebb3', 'e3952aff-28e1-4142-a247-a997ad026c30', 'bda48481-a3a4-499f-a6fb-7e429b304320', 'd359c79a-fba1-4380-b2e7-98ab7e6ffa81', 'f9bb35b6-846a-491c-9a99-16c7bdb645ef', '433ff67e-e27d-4925-9e1b-b8ee817b3c0b', '931affec-2892-4112-9afc-33d6d12769db', '93f7bf1c-2e34-4a78-aa36-6ca3077c9206', '6255b1ff-1bf7-448e-b982-a6f917c90e0d', '62215e75-3952-479c-9782-e4658f3ba3ca', '51341d6b-6c03-4efb-88a4-83e6bb625fda', 'c25647d6-3c10-4308-853a-0d849f6522a1', '50b923e9-cb7f-4bab-9b97-ecea8dbc9f88', '428c7cab-e67d-4e58-b115-7a4160d71339']"
7e916310-bb41-4c31-9c69-b85f231b69be,9,"['49c243c7-dea9-4fde-84d6-d6eabd59092c', '49c243c7-dea9-4fde-84d6-d6eabd59092c', '49c243c7-dea9-4fde-84d6-d6eabd59092c', '49c243c7-dea9-4fde-84d6-d6eabd59092c', '49c243c7-dea9-4fde-84d6-d6eabd59092c', '49c243c7-dea9-4fde-84d6-d6eabd59092c', '49c243c7-dea9-4fde-84d6-d6eabd59092c', '49c243c7-dea9-4fde-84d6-d6eabd59092c', '49c243c7-dea9-4fde-84d6-d6eabd59092c', '49c243c7-dea9-4fde-84d6-d6eabd59092c', '49c243c7-dea9-4fde-84d6-d6eabd59092c', '49c243c7-dea9-4fde-84d6-d6eabd59092c', '49c243c7-dea9-4fde-84d6-d6eabd59092c', '49c243c7-dea9-4fde-84d6-d6eabd59092c', '49c243c7-dea9-4fde-84d6-d6eabd59092c', '49c243c7-dea9-4fde-84d6-d6eabd59092c', '49c243c7-dea9-4fde-84d6-d6eabd59092c', '49c243c7-dea9-4fde-84d6-d6eabd59092c', '49c243c7-dea9-4fde-84d6-d6eabd59092c', '49c243c7-dea9-4fde-84d6-d6eabd59092c', '49c243c7-dea9-4fde-84d6-d6eabd59092c', '49c243c7-dea9-4fde-84d6-d6eabd59092c', '49c243c7-dea9-4fde-84d6-d6eabd59092c', '49c243c7-dea9-4fde-84d6-d6eabd59092c', 'a6dcaf31-738c-4a67-8ea7-18638076ec64', '713e1e28-f573-4304-9c9b-16ec2767feb4', 'f20d1c0e-92c7-40d2-bf0a-d16c1286dfa7', '34c96032-f9fc-4956-9683-1c2afa6ed860', 'f035eb09-82c4-4c4c-936b-898d8997c45c', 'c914961f-540b-4e8f-9ef1-530695e7d7b5', '787a1160-9a94-4e15-83a0-1e43fcf3fddf', '47e015ab-c406-4e6d-8698-f2b5c30f283b', '98295046-07e2-4ef1-a726-3f78e0a6c6fd', 'a4cf20a3-81b4-45bb-9254-21e11b284a35', '3376e9c8-1d14-4b5a-ad51-008c185eb76b', 'c3d1bd8a-7a9a-429d-b6b9-fecf45d2f136', '4738b281-e255-4efa-a486-a6e6447f8bb6', 'be8e2f48-7523-4883-b648-3b29c5cccfcc', '0890c3c3-e7ae-4f23-a3bc-7a72e07798a8', 'a9c73ec6-6cb4-4317-a303-6e89b5677cf9', '77a1ff82-5d47-4920-b8d5-2f61c376d9c0', '042768c3-fd86-426d-ab66-0b2483798053', '9c9ed4a6-7287-4740-a623-0551bc954bdc', 'e54dab91-dd93-420b-bcaa-3fb69a854ab7', 'ee7147e8-72e5-4780-8af1-f34568d31da8', 'c144d08b-b3aa-479d-8bcd-e4256ab0e1bd', '14e107fa-c53e-4407-b0a2-b9b2a3b7c7ab', '3e900d6a-34ee-4810-821e-abd475af561a', '8c58d9ec-a28b-45fc-8e94-1c02cd7e4241', '4a7b583b-4e1d-4829-b57b-0b85f29bbeb6']"
a70abf70-001b-4b4f-9c79-56789d37f2a7,6,"['11ccee6a-5e57-44af-8231-3e2afdd7c473', '11ccee6a-5e57-44af-8231-3e2afdd7c473', '11ccee6a-5e57-44af-8231-3e2afdd7c473', '11ccee6a-5e57-44af-8231-3e2afdd7c473', '11ccee6a-5e57-44af-8231-3e2afdd7c473', '11ccee6a-5e57-44af-8231-3e2afdd7c473', '11ccee6a-5e57-44af-8231-3e2afdd7c473', '11ccee6a-5e57-44af-8231-3e2afdd7c473', '11ccee6a-5e57-44af-8231-3e2afdd7c473', '11ccee6a-5e57-44af-8231-3e2afdd7c473', '11ccee6a-5e57-44af-8231-3e2afdd7c473', '11ccee6a-5e57-44af-8231-3e2afdd7c473', '11ccee6a-5e57-44af-8231-3e2afdd7c473', '11ccee6a-5e57-44af-8231-3e2afdd7c473', '11ccee6a-5e57-44af-8231-3e2afdd7c473', '11ccee6a-5e57-44af-8231-3e2afdd7c473', '11ccee6a-5e57-44af-8231-3e2afdd7c473', '11ccee6a-5e57-44af-8231-3e2afdd7c473', '11ccee6a-5e57-44af-8231-3e2afdd7c473', '11ccee6a-5e57-44af-8231-3e2afdd7c473', '11ccee6a-5e57-44af-8231-3e2afdd7c473', '11ccee6a-5e57-44af-8231-3e2afdd7c473', '11ccee6a-5e57-44af-8231-3e2afdd7c473', '0554b749-6eae-4d37-941b-149747ebdb3e', 'b8fd9e16-f02c-427a-b6ad-992c6a3f4556', 'b3ce550b-ca58-436c-a4f0-230306e0e7bc', 'c83d4565-c90d-457c-a4a8-36151a6f7d5c', '50735da1-9c6b-4db7-8bad-d0d3a493b017', 'bc707b8b-2e73-4840-8115-d47fc8d5649b', '461b0626-aa6e-4a0c-95ae-8a87ca959fe1', '4289e4cd-1aad-43ad-a162-dd9f89321f34', '4fb72af5-e591-416f-a5db-a2e1b21ab7bb', '06b1de61-f081-47fd-b3c9-4ce72b8c4ff7', '9290bc0c-d4ea-4db7-a7cf-0e35eb3ad63d', 'ef68dca9-246e-4e4d-943f-76d23079f0bf', '950ef718-1413-41a1-a0bb-d61c92e55cb0', '564e96fc-2750-4bd0-ba19-21b9ffab0598', 'ef24f13b-4f4e-4f7b-968a-e33b3b7b34e7', '63a84dc7-b486-45d6-903d-56cb497eb049', '3c53cc05-061b-4e41-bdf7-453c7cff2bce', '3fa83c90-431b-4c1b-b10f-f96d8d5dd9d8', 'e7a1e111-63a8-4a32-b1dc-1dc8fa41c1b1', '7f90c685-bbde-43ff-84c9-bc7c90ff28d6', '6dfe5727-033b-4966-9b15-4f3db636fee9', 'c31ff73f-6baa-42a9-b7d0-0afcaf6ee5b3', 'd280c31f-c95e-4ef1-b075-5f39c31195c7', 'd682597d-97d0-4512-af98-abbae4858a4e', '2808ef4e-84aa-40d0-8c4e-557c6b32135e', '7a2ba0b9-57e4-49d4-b818-49f33042bc84', 'f36ef3bc-dd5b-4a1c-adba-93d3c78f01e3']"
2faf0d72-ccdf-41c7-8435-937ca82436c7,0,"['1e12b428-971d-44f8-a4c4-977348f42d11', '1e12b428-971d-44f8-a4c4-977348f42d11', '1e12b428-971d-44f8-a4c4-977348f42d11', '1e12b428-971d-44f8-a4c4-977348f42d11', '1e12b428-971d-44f8-a4c4-977348f42d11', '1e12b428-971d-44f8-a4c4-977348f42d11', '1e12b428-971d-44f8-a4c4-977348f42d11', '1e12b428-971d-44f8-a4c4-977348f42d11', '1e12b428-971d-44f8-a4c4-977348f42d11', '1e12b428-971d-44f8-a4c4-977348f42d11', '1e12b428-971d-44f8-a4c4-977348f42d11', '1e12b428-971d-44f8-a4c4-977348f42d11', '1e12b428-971d-44f8-a4c4-977348f42d11', '1e12b428-971d-44f8-a4c4-977348f42d11', '1e12b428-971d-44f8-a4c4-977348f42d11', '1e12b428-971d-44f8-a4c4-977348f42d11', '1e12b428-971d-44f8-a4c4-977348f42d11', '1e12b428-971d-44f8-a4c4-977348f42d11', '1e12b428-971d-44f8-a4c4-977348f42d11', '1e12b428-971d-44f8-a4c4-977348f42d11', '1e12b428-971d-44f8-a4c4-977348f42d11', '1e12b428-971d-44f8-a4c4-977348f42d11', '1e12b428-971d-44f8-a4c4-977348f42d11', '1e12b428-971d-44f8-a4c4-977348f42d11', '1e12b428-971d-44f8-a4c4-977348f42d11', '1e12b428-971d-44f8-a4c4-977348f42d11', '1e12b428-971d-44f8-a4c4-977348f42d11', '1e12b428-971d-44f8-a4c4-977348f42d11', '1e12b428-971d-44f8-a4c4-977348f42d11', '1e12b428-971d-44f8-a4c4-977348f42d11', '1e12b428-971d-44f8-a4c4-977348f42d11', '1e12b428-971d-44f8-a4c4-977348f42d11', '1e12b428-971d-44f8-a4c4-977348f42d11', '1e12b428-971d-44f8-a4c4-977348f42d11', '1e12b428-971d-44f8-a4c4-977348f42d11', '1e12b428-971d-44f8-a4c4-977348f42d11', '1e12b428-971d-44f8-a4c4-977348f42d11', '1e12b428-971d-44f8-a4c4-977348f42d11', '1e12b428-971d-44f8-a4c4-977348f42d11', '1e12b428-971d-44f8-a4c4-977348f42d11', '1e12b428-971d-44f8-a4c4-977348f42d11', '1e12b428-971d-44f8-a4c4-977348f42d11', '1e12b428-971d-44f8-a4c4-977348f42d11', '1e12b428-971d-44f8-a4c4-977348f42d11', '1e12b428-971d-44f8-a4c4-977348f42d11', '1e12b428-971d-44f8-a4c4-977348f42d11', '1e12b428-971d-44f8-a4c4-977348f42d11', '1e12b428-971d-44f8-a4c4-977348f42d11', '1e12b428-971d-44f8-a4c4-977348f42d11', '1e12b428-971d-44f8-a4c4-977348f42d11']"
a24d9636-1628-4191-bd7b-1c0fda5ba198,8,"['9d123d98-004b-44fe-ace4-69171b8e7d96', '9d123d98-004b-44fe-ace4-69171b8e7d96', '9d123d98-004b-44fe-ace4-69171b8e7d96', '9d123d98-004b-44fe-ace4-69171b8e7d96', '9d123d98-004b-44fe-ace4-69171b8e7d96', '9d123d98-004b-44fe-ace4-69171b8e7d96', '9d123d98-004b-44fe-ace4-69171b8e7d96', '9d123d98-004b-44fe-ace4-69171b8e7d96', '9d123d98-004b-44fe-ace4-69171b8e7d96', '9d123d98-004b-44fe-ace4-69171b8e7d96', '9d123d98-004b-44fe-ace4-69171b8e7d96', '9d123d98-004b-44fe-ace4-69171b8e7d96', '9d123d98-004b-44fe-ace4-69171b8e7d96', '9d123d98-004b-44fe-ace4-69171b8e7d96', '9d123d98-004b-44fe-ace4-69171b8e7d96', '9d123d98-004b-44fe-ace4-69171b8e7d96', '9d123d98-004b-44fe-ace4-69171b8e7d96', '9d123d98-004b-44fe-ace4-69171b8e7d96', '1026897b-d100-4824-b205-33f6eb12f6bb', '1026897b-d100-4824-b205-33f6eb12f6bb', '1026897b-d100-4824-b205-33f6eb12f6bb', '1026897b-d100-4824-b205-33f6eb12f6bb', '1026897b-d100-4824-b205-33f6eb12f6bb', '1026897b-d100-4824-b205-33f6eb12f6bb', '1026897b-d100-4824-b205-33f6eb12f6bb', '1026897b-d100-4824-b205-33f6eb12f6bb', '1026897b-d100-4824-b205-33f6eb12f6bb', '1026897b-d100-4824-b205-33f6eb12f6bb', '1026897b-d100-4824-b205-33f6eb12f6bb', '1026897b-d100-4824-b205-33f6eb12f6bb', '1026897b-d100-4824-b205-33f6eb12f6bb', '1026897b-d100-4824-b205-33f6eb12f6bb', '1026897b-d100-4824-b205-33f6eb12f6bb', '1026897b-d100-4824-b205-33f6eb12f6bb', '1026897b-d100-4824-b205-33f6eb12f6bb', '1026897b-d100-4824-b205-33f6eb12f6bb', '1026897b-d100-4824-b205-33f6eb12f6bb', '26479fc4-62b5-4f55-baf3-9ef0866e834d', 'a79583ce-42ae-4bd6-8c94-12631d758563', '4e26f873-8a01-491e-8a3e-53b618c49af5', '152060aa-a42e-40f3-acad-249adf28470e', 'bdf8a730-2ee2-4218-8dc5-32d5671a0baf', '1403adf6-44b8-47bd-b014-97403112a3c5', 'd9807a2a-b4ae-41cf-8ae2-931e1bd77153', '0a2c7b1f-3bc5-492d-bf66-6c8053eff8aa', '70dc0b85-2355-4e3c-a59b-9e0c557005bc', 'ab99d62f-e109-4972-859e-844531af57be', 'ba9a3b79-c618-4893-ae2a-7cd4ed9c1209', 'f0d84b4f-974c-4278-b4d2-ace8fdfd858c', 'a73e76d3-8b37-4ce9-8de8-861abc914d30']"
8676b219-4d75-42a8-9949-196395b35f82,10,"['6b6910da-5b9b-47b0-9249-4262a801ff30', '6b6910da-5b9b-47b0-9249-4262a801ff30', '6b6910da-5b9b-47b0-9249-4262a801ff30', '6b6910da-5b9b-47b0-9249-4262a801ff30', '6b6910da-5b9b-47b0-9249-4262a801ff30', '6b6910da-5b9b-47b0-9249-4262a801ff30', '6b6910da-5b9b-47b0-9249-4262a801ff30', '6b6910da-5b9b-47b0-9249-4262a801ff30', '6b6910da-5b9b-47b0-9249-4262a801ff30', '6b6910da-5b9b-47b0-9249-4262a801ff30', '6b6910da-5b9b-47b0-9249-4262a801ff30', '6b6910da-5b9b-47b0-9249-4262a801ff30', '6b6910da-5b9b-47b0-9249-4262a801ff30', '6b6910da-5b9b-47b0-9249-4262a801ff30', '6b6910da-5b9b-47b0-9249-4262a801ff30', '461919fd-f46b-4c64-986c-256256bcd7a3', '461919fd-f46b-4c64-986c-256256bcd7a3', '461919fd-f46b-4c64-986c-256256bcd7a3', '461919fd-f46b-4c64-986c-256256bcd7a3', '461919fd-f46b-4c64-986c-256256bcd7a3', '461919fd-f46b-4c64-986c-256256bcd7a3', '461919fd-f46b-4c64-986c-256256bcd7a3', '461919fd-f46b-4c64-986c-256256bcd7a3', '461919fd-f46b-4c64-986c-256256bcd7a3', '461919fd-f46b-4c64-986c-256256bcd7a3', '461919fd-f46b-4c64-986c-256256bcd7a3', '461919fd-f46b-4c64-986c-256256bcd7a3', '461919fd-f46b-4c64-986c-256256bcd7a3', '461919fd-f46b-4c64-986c-256256bcd7a3', '461919fd-f46b-4c64-986c-256256bcd7a3', '461919fd-f46b-4c64-986c-256256bcd7a3', '461919fd-f46b-4c64-986c-256256bcd7a3', '461919fd-f46b-4c64-986c-256256bcd7a3', '461919fd-f46b-4c64-986c-256256bcd7a3', '461919fd-f46b-4c64-986c-256256bcd7a3', '461919fd-f46b-4c64-986c-256256bcd7a3', '461919fd-f46b-4c64-986c-256256bcd7a3', '461919fd-f46b-4c64-986c-256256bcd7a3', '461919fd-f46b-4c64-986c-256256bcd7a3', '0466ac89-c34c-4591-83f9-7f3d7d8b5ebf', '28535810-925b-4ec0-a426-3b3c16e4cd57', '81cc4cd3-a490-4274-86ca-2c9f6c1ecb71', '70806385-61f2-433f-9c1e-611c908b92ee', 'da5dc34c-12a0-4fec-85b4-18d8a3f66c23', 'ce4c2044-6a95-463f-a90d-15822e38eaa2', '68298a2e-0327-42a5-96e8-be20e3ae3d85', 'c67a3a50-2c1e-4484-8afb-baa8293b94ad', '57e9bef6-51b6-470d-bf1c-31b43b1e1e32', '7965b27a-6b4d-4a42-83fe-7c3999b4abf6', '20193ef6-38b3-4e00-bec9-b98b99b25c37']"
b8102286-d8c7-43d5-93eb-b576b2869877,5,"['fab320b7-f66a-4962-83ce-cfcadd3fab3b', 'fab320b7-f66a-4962-83ce-cfcadd3fab3b', 'fab320b7-f66a-4962-83ce-cfcadd3fab3b', 'fab320b7-f66a-4962-83ce-cfcadd3fab3b', 'fab320b7-f66a-4962-83ce-cfcadd3fab3b', 'fab320b7-f66a-4962-83ce-cfcadd3fab3b', 'fab320b7-f66a-4962-83ce-cfcadd3fab3b', 'fab320b7-f66a-4962-83ce-cfcadd3fab3b', 'fab320b7-f66a-4962-83ce-cfcadd3fab3b', 'fab320b7-f66a-4962-83ce-cfcadd3fab3b', 'fab320b7-f66a-4962-83ce-cfcadd3fab3b', 'fab320b7-f66a-4962-83ce-cfcadd3fab3b', 'fab320b7-f66a-4962-83ce-cfcadd3fab3b', 'fab320b7-f66a-4962-83ce-cfcadd3fab3b', 'fab320b7-f66a-4962-83ce-cfcadd3fab3b', 'fab320b7-f66a-4962-83ce-cfcadd3fab3b', 'fab320b7-f66a-4962-83ce-cfcadd3fab3b', 'fab320b7-f66a-4962-83ce-cfcadd3fab3b', 'fab320b7-f66a-4962-83ce-cfcadd3fab3b', 'fab320b7-f66a-4962-83ce-cfcadd3fab3b', 'fab320b7-f66a-4962-83ce-cfcadd3fab3b', 'fab320b7-f66a-4962-83ce-cfcadd3fab3b', 'fab320b7-f66a-4962-83ce-cfcadd3fab3b', 'fab320b7-f66a-4962-83ce-cfcadd3fab3b', 'fab320b7-f66a-4962-83ce-cfcadd3fab3b', 'fab320b7-f66a-4962-83ce-cfcadd3fab3b', 'fab320b7-f66a-4962-83ce-cfcadd3fab3b', 'fab320b7-f66a-4962-83ce-cfcadd3fab3b', 'fab320b7-f66a-4962-83ce-cfcadd3fab3b', 'fab320b7-f66a-4962-83ce-cfcadd3fab3b', 'fab320b7-f66a-4962-83ce-cfcadd3fab3b', 'fab320b7-f66a-4962-83ce-cfcadd3fab3b', 'fab320b7-f66a-4962-83ce-cfcadd3fab3b', 'fab320b7-f66a-4962-83ce-cfcadd3fab3b', 'fab320b7-f66a-4962-83ce-cfcadd3fab3b', 'fab320b7-f66a-4962-83ce-cfcadd3fab3b', 'fab320b7-f66a-4962-83ce-cfcadd3fab3b', 'fab320b7-f66a-4962-83ce-cfcadd3fab3b', 'fab320b7-f66a-4962-83ce-cfcadd3fab3b', 'fab320b7-f66a-4962-83ce-cfcadd3fab3b', 'fab320b7-f66a-4962-83ce-cfcadd3fab3b', 'fab320b7-f66a-4962-83ce-cfcadd3fab3b', '6e700940-a68e-4e8c-9778-c78eb1206e55', '09c61d71-8695-4dbc-a9d4-a5c43e0c2c77', '59eef1ef-3ee0-4ad5-8cee-6cadd453c7e5', '822be3b1-32d1-4ef5-a2c4-b899339f5f26', 'f499fa00-12ea-47c1-835f-67a9fcb3f295', 'bd559d4a-f02f-4231-8908-028955296647', '46efb1e4-13a2-4423-8582-945615bb5489', 'd8466d82-ad0d-4be6-8a7a-43cc796db1fe']"
a24d9636-1628-4191-bd7b-1c0fda5ba198,9,"['9d123d98-004b-44fe-ace4-69171b8e7d96', '1026897b-d100-4824-b205-33f6eb12f6bb', '1026897b-d100-4824-b205-33f6eb12f6bb', '1026897b-d100-4824-b205-33f6eb12f6bb', '1026897b-d100-4824-b205-33f6eb12f6bb', '1026897b-d100-4824-b205-33f6eb12f6bb', '1026897b-d100-4824-b205-33f6eb12f6bb', '1026897b-d100-4824-b205-33f6eb12f6bb', '1026897b-d100-4824-b205-33f6eb12f6bb', '1026897b-d100-4824-b205-33f6eb12f6bb', '1026897b-d100-4824-b205-33f6eb12f6bb', '1026897b-d100-4824-b205-33f6eb12f6bb', '1026897b-d100-4824-b205-33f6eb12f6bb', '1026897b-d100-4824-b205-33f6eb12f6bb', '1026897b-d100-4824-b205-33f6eb12f6bb', '1026897b-d100-4824-b205-33f6eb12f6bb', '1026897b-d100-4824-b205-33f6eb12f6bb', '1026897b-d100-4824-b205-33f6eb12f6bb', '1026897b-d100-4824-b205-33f6eb12f6bb', '1026897b-d100-4824-b205-33f6eb12f6bb', '1026897b-d100-4824-b205-33f6eb12f6bb', '1026897b-d100-4824-b205-33f6eb12f6bb', '1026897b-d100-4824-b205-33f6eb12f6bb', '1026897b-d100-4824-b205-33f6eb12f6bb', '1026897b-d100-4824-b205-33f6eb12f6bb', '1026897b-d100-4824-b205-33f6eb12f6bb', '1026897b-d100-4824-b205-33f6eb12f6bb', '1026897b-d100-4824-b205-33f6eb12f6bb', '1026897b-d100-4824-b205-33f6eb12f6bb', '1026897b-d100-4824-b205-33f6eb12f6bb', '1026897b-d100-4824-b205-33f6eb12f6bb', '1026897b-d100-4824-b205-33f6eb12f6bb', '1026897b-d100-4824-b205-33f6eb12f6bb', '1026897b-d100-4824-b205-33f6eb12f6bb', '1026897b-d100-4824-b205-33f6eb12f6bb', '1026897b-d100-4824-b205-33f6eb12f6bb', '1026897b-d100-4824-b205-33f6eb12f6bb', '1026897b-d100-4824-b205-33f6eb12f6bb', '1026897b-d100-4824-b205-33f6eb12f6bb', '1026897b-d100-4824-b205-33f6eb12f6bb', '1026897b-d100-4824-b205-33f6eb12f6bb', '1026897b-d100-4824-b205-33f6eb12f6bb', '1026897b-d100-4824-b205-33f6eb12f6bb', '1026897b-d100-4824-b205-33f6eb12f6bb', '1026897b-d100-4824-b205-33f6eb12f6bb', '1026897b-d100-4824-b205-33f6eb12f6bb', 'cda7ffe1-a53b-4929-8edd-731807a2c77b', 'c13f58c7-9a9b-4981-bf9b-eb68ebd53f4e', '768f2fee-ad2f-4976-bf9c-8c1a1fa1ddf3', '2ab033ba-8af5-4450-8434-b8b411f56064']"
a70abf70-001b-4b4f-9c79-56789d37f2a7,7,"['11ccee6a-5e57-44af-8231-3e2afdd7c473', '11ccee6a-5e57-44af-8231-3e2afdd7c473', '11ccee6a-5e57-44af-8231-3e2afdd7c473', '11ccee6a-5e57-44af-8231-3e2afdd7c473', '11ccee6a-5e57-44af-8231-3e2afdd7c473', '11ccee6a-5e57-44af-8231-3e2afdd7c473', '11ccee6a-5e57-44af-8231-3e2afdd7c473', '11ccee6a-5e57-44af-8231-3e2afdd7c473', '11ccee6a-5e57-44af-8231-3e2afdd7c473', '11ccee6a-5e57-44af-8231-3e2afdd7c473', '11ccee6a-5e57-44af-8231-3e2afdd7c473', '11ccee6a-5e57-44af-8231-3e2afdd7c473', '11ccee6a-5e57-44af-8231-3e2afdd7c473', '11ccee6a-5e57-44af-8231-3e2afdd7c473', '11ccee6a-5e57-44af-8231-3e2afdd7c473', '11ccee6a-5e57-44af-8231-3e2afdd7c473', '11ccee6a-5e57-44af-8231-3e2afdd7c473', '11ccee6a-5e57-44af-8231-3e2afdd7c473', '11ccee6a-5e57-44af-8231-3e2afdd7c473', '11ccee6a-5e57-44af-8231-3e2afdd7c473', '11ccee6a-5e57-44af-8231-3e2afdd7c473', '11ccee6a-5e57-44af-8231-3e2afdd7c473', '11ccee6a-5e57-44af-8231-3e2afdd7c473', '11ccee6a-5e57-44af-8231-3e2afdd7c473', '11ccee6a-5e57-44af-8231-3e2afdd7c473', '11ccee6a-5e57-44af-8231-3e2afdd7c473', '11ccee6a-5e57-44af-8231-3e2afdd7c473', '11ccee6a-5e57-44af-8231-3e2afdd7c473', '11ccee6a-5e57-44af-8231-3e2afdd7c473', '11ccee6a-5e57-44af-8231-3e2afdd7c473', '11ccee6a-5e57-44af-8231-3e2afdd7c473', '11ccee6a-5e57-44af-8231-3e2afdd7c473', '11ccee6a-5e57-44af-8231-3e2afdd7c473', '11ccee6a-5e57-44af-8231-3e2afdd7c473', '11ccee6a-5e57-44af-8231-3e2afdd7c473', '11ccee6a-5e57-44af-8231-3e2afdd7c473', '11ccee6a-5e57-44af-8231-3e2afdd7c473', '45bdaaf6-418c-4464-9d7b-21c2b9047df0', '0a94e78d-1727-48c1-9c19-fc478863a8b2', '0ca70985-5d52-454e-af5e-a29aa0f14033', '0a87aa77-055d-4f79-88c1-749319abb6c1', '18495fa1-2a0b-44f6-afd1-48c9fb59b1a6', 'ac5deffb-ecf3-43cf-b123-dde223827f2e', 'b512b201-9591-40f4-a8f9-04caf68d80be', '8d00ad2d-f8fa-49b1-b051-a3813cf69cd8', '1d60daac-9603-43e8-b913-08dc76e21640', '25a6ebff-c129-4288-8ce0-7284f8d82a75', 'bcdd834c-3e61-42a9-aa3f-eb8a998a850c', '399f9e79-dd1a-4280-9936-308c232cffe2', 'c8d461ae-4ff6-4c43-a727-476252801990']"
8676b219-4d75-42a8-9949-196395b35f82,11,"['6b6910da-5b9b-47b0-9249-4262a801ff30', '6b6910da-5b9b-47b0-9249-4262a801ff30', '6b6910da-5b9b-47b0-9249-4262a801ff30', '6b6910da-5b9b-47b0-9249-4262a801ff30', '6b6910da-5b9b-47b0-9249-4262a801ff30', '6b6910da-5b9b-47b0-9249-4262a801ff30', '6b6910da-5b9b-47b0-9249-4262a801ff30', '6b6910da-5b9b-47b0-9249-4262a801ff30', '6b6910da-5b9b-47b0-9249-4262a801ff30', '6b6910da-5b9b-47b0-9249-4262a801ff30', '6b6910da-5b9b-47b0-9249-4262a801ff30', '6b6910da-5b9b-47b0-9249-4262a801ff30', '6b6910da-5b9b-47b0-9249-4262a801ff30', '461919fd-f46b-4c64-986c-256256bcd7a3', '461919fd-f46b-4c64-986c-256256bcd7a3', '461919fd-f46b-4c64-986c-256256bcd7a3', '461919fd-f46b-4c64-986c-256256bcd7a3', '461919fd-f46b-4c64-986c-256256bcd7a3', '461919fd-f46b-4c64-986c-256256bcd7a3', '461919fd-f46b-4c64-986c-256256bcd7a3', '461919fd-f46b-4c64-986c-256256bcd7a3', '461919fd-f46b-4c64-986c-256256bcd7a3', '461919fd-f46b-4c64-986c-256256bcd7a3', '461919fd-f46b-4c64-986c-256256bcd7a3', '461919fd-f46b-4c64-986c-256256bcd7a3', '461919fd-f46b-4c64-986c-256256bcd7a3', '461919fd-f46b-4c64-986c-256256bcd7a3', '461919fd-f46b-4c64-986c-256256bcd7a3', '461919fd-f46b-4c64-986c-256256bcd7a3', '461919fd-f46b-4c64-986c-256256bcd7a3', '0466ac89-c34c-4591-83f9-7f3d7d8b5ebf', '28535810-925b-4ec0-a426-3b3c16e4cd57', '81cc4cd3-a490-4274-86ca-2c9f6c1ecb71', '70806385-61f2-433f-9c1e-611c908b92ee', 'da5dc34c-12a0-4fec-85b4-18d8a3f66c23', 'ce4c2044-6a95-463f-a90d-15822e38eaa2', '68298a2e-0327-42a5-96e8-be20e3ae3d85', 'c67a3a50-2c1e-4484-8afb-baa8293b94ad', '57e9bef6-51b6-470d-bf1c-31b43b1e1e32', '7965b27a-6b4d-4a42-83fe-7c3999b4abf6', '20193ef6-38b3-4e00-bec9-b98b99b25c37', '3470eebb-eb3f-45b6-bebc-e1a24e8876ac', 'cd0a3a2e-b86f-495e-b52c-0d3780100d74', '35c52705-4255-434a-a1ed-4ebc5f8f8f55', '59fe04fa-a430-4ced-b1b2-aafc3e37988e', 'ab579e96-918f-44d4-9a07-2c73e7f72501', '2af485b5-13d9-4da2-88e6-6a64ee2db2ed', '1b310596-ed58-4f7e-acdf-079d59b45101', '803efacc-47a8-4b08-a959-9ca11c4422e0', '91de6dd1-9631-4aee-80cd-d550383089af']"
7e916310-bb41-4c31-9c69-b85f231b69be,10,"['49c243c7-dea9-4fde-84d6-d6eabd59092c', '49c243c7-dea9-4fde-84d6-d6eabd59092c', '49c243c7-dea9-4fde-84d6-d6eabd59092c', '49c243c7-dea9-4fde-84d6-d6eabd59092c', '49c243c7-dea9-4fde-84d6-d6eabd59092c', '49c243c7-dea9-4fde-84d6-d6eabd59092c', '49c243c7-dea9-4fde-84d6-d6eabd59092c', '49c243c7-dea9-4fde-84d6-d6eabd59092c', '49c243c7-dea9-4fde-84d6-d6eabd59092c', '49c243c7-dea9-4fde-84d6-d6eabd59092c', '49c243c7-dea9-4fde-84d6-d6eabd59092c', '49c243c7-dea9-4fde-84d6-d6eabd59092c', '49c243c7-dea9-4fde-84d6-d6eabd59092c', '49c243c7-dea9-4fde-84d6-d6eabd59092c', '49c243c7-dea9-4fde-84d6-d6eabd59092c', '49c243c7-dea9-4fde-84d6-d6eabd59092c', '49c243c7-dea9-4fde-84d6-d6eabd59092c', '49c243c7-dea9-4fde-84d6-d6eabd59092c', '49c243c7-dea9-4fde-84d6-d6eabd59092c', '49c243c7-dea9-4fde-84d6-d6eabd59092c', '49c243c7-dea9-4fde-84d6-d6eabd59092c', '49c243c7-dea9-4fde-84d6-d6eabd59092c', '49c243c7-dea9-4fde-84d6-d6eabd59092c', '49c243c7-dea9-4fde-84d6-d6eabd59092c', '49c243c7-dea9-4fde-84d6-d6eabd59092c', '49c243c7-dea9-4fde-84d6-d6eabd59092c', '49c243c7-dea9-4fde-84d6-d6eabd59092c', '49c243c7-dea9-4fde-84d6-d6eabd59092c', '49c243c7-dea9-4fde-84d6-d6eabd59092c', '49c243c7-dea9-4fde-84d6-d6eabd59092c', '49c243c7-dea9-4fde-84d6-d6eabd59092c', '49c243c7-dea9-4fde-84d6-d6eabd59092c', '49c243c7-dea9-4fde-84d6-d6eabd59092c', '49c243c7-dea9-4fde-84d6-d6eabd59092c', '49c243c7-dea9-4fde-84d6-d6eabd59092c', '49c243c7-dea9-4fde-84d6-d6eabd59092c', '49c243c7-dea9-4fde-84d6-d6eabd59092c', '49c243c7-dea9-4fde-84d6-d6eabd59092c', '7f652aa2-2783-4739-9fd3-f30f34c37844', '5621b327-6921-4343-88ec-7090c6de3505', 'b25d66dc-b437-4e45-8426-bca0cbf125c7', '9bbd131e-bd41-44cc-b40f-fe280bd4615b', 'e39dc2ba-24eb-49f9-9913-8af4409367b6', '2029f5fa-2268-4a23-8bcf-55b22fe4e35f', '69431dcb-baf7-409e-8dc1-3bc881b9209d', '2bee3e21-0bb9-4732-b6c3-624795999911', '9d559b51-b360-49cf-a162-42ee153fe922', 'e0a12fcd-f041-4602-ab63-82e3321d9dc3', '7a71ac37-29c8-4812-90b5-713593b2b952', 'adce3f65-ba0c-48d5-a7cb-3b4682f02c39']"
2faf0d72-ccdf-41c7-8435-937ca82436c7,1,"['1e12b428-971d-44f8-a4c4-977348f42d11', '1e12b428-971d-44f8-a4c4-977348f42d11', '1e12b428-971d-44f8-a4c4-977348f42d11', '1e12b428-971d-44f8-a4c4-977348f42d11', '1e12b428-971d-44f8-a4c4-977348f42d11', '1e12b428-971d-44f8-a4c4-977348f42d11', '1e12b428-971d-44f8-a4c4-977348f42d11', '1e12b428-971d-44f8-a4c4-977348f42d11', '1e12b428-971d-44f8-a4c4-977348f42d11', '1e12b428-971d-44f8-a4c4-977348f42d11', '1e12b428-971d-44f8-a4c4-977348f42d11', '1e12b428-971d-44f8-a4c4-977348f42d11', '1e12b428-971d-44f8-a4c4-977348f42d11', '1e12b428-971d-44f8-a4c4-977348f42d11', '1e12b428-971d-44f8-a4c4-977348f42d11', '1e12b428-971d-44f8-a4c4-977348f42d11', '1e12b428-971d-44f8-a4c4-977348f42d11', '1e12b428-971d-44f8-a4c4-977348f42d11', '1e12b428-971d-44f8-a4c4-977348f42d11', '1e12b428-971d-44f8-a4c4-977348f42d11', '1e12b428-971d-44f8-a4c4-977348f42d11', '1e12b428-971d-44f8-a4c4-977348f42d11', '1e12b428-971d-44f8-a4c4-977348f42d11', '1e12b428-971d-44f8-a4c4-977348f42d11', '1e12b428-971d-44f8-a4c4-977348f42d11', '1e12b428-971d-44f8-a4c4-977348f42d11', '1e12b428-971d-44f8-a4c4-977348f42d11', '1e12b428-971d-44f8-a4c4-977348f42d11', '1e12b428-971d-44f8-a4c4-977348f42d11', '1e12b428-971d-44f8-a4c4-977348f42d11', '1e12b428-971d-44f8-a4c4-977348f42d11', '1e12b428-971d-44f8-a4c4-977348f42d11', '1e12b428-971d-44f8-a4c4-977348f42d11', '1e12b428-971d-44f8-a4c4-977348f42d11', '1e12b428-971d-44f8-a4c4-977348f42d11', '1e12b428-971d-44f8-a4c4-977348f42d11', '54bd22cd-5204-4267-af32-73304b30cd83', '8aec55ca-bf9a-4303-af0b-2d2f2735aa46', 'ecc8d410-9a70-48ee-b69e-049308c00ae6', '5eb0da70-9eb6-433d-803f-ad7f4d7ef256', '9b31b3d5-fb73-4974-8398-cea4b3ba3a51', 'd6e8cdc0-37e1-4624-9330-9c86397fdbca', 'd9039d57-97ca-4499-9f25-958bd6d34098', 'c21ad976-2079-43b0-a129-763c5dfda50d', 'bafc9593-2814-4947-b526-272952f7d70b', '8908ea24-0014-428f-8300-3804c4c9911f', '61a13738-49fa-4c9f-9c34-6442fb2acbfb', '85fa732d-68bf-4877-a153-b0339f6058eb', 'a28372c4-b8c7-4cfc-aae2-af0486300f12', 'e9328e76-831c-477e-a5b3-7bfc5d527b3f']"
e364bbb6-4cbb-4973-a0e9-ca180dc93386,8,"['3f43047d-ce56-4aaf-b252-522e418446c3', '3f43047d-ce56-4aaf-b252-522e418446c3', '3f43047d-ce56-4aaf-b252-522e418446c3', '3f43047d-ce56-4aaf-b252-522e418446c3', '3f43047d-ce56-4aaf-b252-522e418446c3', '3f43047d-ce56-4aaf-b252-522e418446c3', '3f43047d-ce56-4aaf-b252-522e418446c3', '3f43047d-ce56-4aaf-b252-522e418446c3', '3f43047d-ce56-4aaf-b252-522e418446c3', '3f43047d-ce56-4aaf-b252-522e418446c3', '3f43047d-ce56-4aaf-b252-522e418446c3', '3f43047d-ce56-4aaf-b252-522e418446c3', '3f43047d-ce56-4aaf-b252-522e418446c3', '3f43047d-ce56-4aaf-b252-522e418446c3', '3f43047d-ce56-4aaf-b252-522e418446c3', '3f43047d-ce56-4aaf-b252-522e418446c3', '3f43047d-ce56-4aaf-b252-522e418446c3', '3f43047d-ce56-4aaf-b252-522e418446c3', '3f43047d-ce56-4aaf-b252-522e418446c3', '3f43047d-ce56-4aaf-b252-522e418446c3', '3f43047d-ce56-4aaf-b252-522e418446c3', '3f43047d-ce56-4aaf-b252-522e418446c3', '3f43047d-ce56-4aaf-b252-522e418446c3', '3f43047d-ce56-4aaf-b252-522e418446c3', '3f43047d-ce56-4aaf-b252-522e418446c3', '3f43047d-ce56-4aaf-b252-522e418446c3', '3f43047d-ce56-4aaf-b252-522e418446c3', '3f43047d-ce56-4aaf-b252-522e418446c3', '0b9f2bb1-e693-4b14-a1c3-8ac6f260bc8e', 'a9fc3e46-c677-4899-a959-076a96b672b3', '7ffed160-147a-4bb9-8065-ca9c64fd45f8', '6787f543-e974-4823-bb2f-70819f9be593', '3e4f9cfd-c99c-425f-9b65-7cc0c94906d7', '4cfb3651-a3d1-4c0f-93d6-c880f1089197', '8bca6d58-cbcd-4a27-bf26-7849ebd08a74', '9a12c64e-0d95-41a1-a89c-d670f8eb3447', '61c02dd9-b4c4-4497-8b03-21a1b8fc7e66', '3c09d792-7385-4672-970b-dac9c084f449', '9627edca-44c7-44d3-afd9-d20d30639be2', '5ddbafa4-cf73-4d4c-bd34-5178f2ba2154', 'a56d3bd6-7aff-44b1-8bf0-4567e40c61b3', '01aacd6a-eb0f-4901-83ce-4ec201f8eda9', '0711dc08-d583-4733-9bd1-95db9ce7f134', 'b8d37baf-697f-4fa9-aa01-59b5617115fc', 'bbed7e9b-0672-4f76-9e02-c3e6f81ec419', 'e94b69a5-cb2e-4291-8c97-89fa1aa39f78', '0f54e819-1408-4bfd-b372-394837587bd5', 'd92af4f3-20d2-4c16-ba65-9ede14c85725', 'aa5b431c-4e00-496b-bb39-cb106d356a99', '6bc33001-6486-4f0a-8d21-d5e8761f07ac']"
a24d9636-1628-4191-bd7b-1c0fda5ba198,10,"['1026897b-d100-4824-b205-33f6eb12f6bb', '1026897b-d100-4824-b205-33f6eb12f6bb', '768f2fee-ad2f-4976-bf9c-8c1a1fa1ddf3', '768f2fee-ad2f-4976-bf9c-8c1a1fa1ddf3', '768f2fee-ad2f-4976-bf9c-8c1a1fa1ddf3', '768f2fee-ad2f-4976-bf9c-8c1a1fa1ddf3', '768f2fee-ad2f-4976-bf9c-8c1a1fa1ddf3', '768f2fee-ad2f-4976-bf9c-8c1a1fa1ddf3', '768f2fee-ad2f-4976-bf9c-8c1a1fa1ddf3', '768f2fee-ad2f-4976-bf9c-8c1a1fa1ddf3', '768f2fee-ad2f-4976-bf9c-8c1a1fa1ddf3', '768f2fee-ad2f-4976-bf9c-8c1a1fa1ddf3', '768f2fee-ad2f-4976-bf9c-8c1a1fa1ddf3', '768f2fee-ad2f-4976-bf9c-8c1a1fa1ddf3', '768f2fee-ad2f-4976-bf9c-8c1a1fa1ddf3', '768f2fee-ad2f-4976-bf9c-8c1a1fa1ddf3', '768f2fee-ad2f-4976-bf9c-8c1a1fa1ddf3', '768f2fee-ad2f-4976-bf9c-8c1a1fa1ddf3', '768f2fee-ad2f-4976-bf9c-8c1a1fa1ddf3', '768f2fee-ad2f-4976-bf9c-8c1a1fa1ddf3', '768f2fee-ad2f-4976-bf9c-8c1a1fa1ddf3', '768f2fee-ad2f-4976-bf9c-8c1a1fa1ddf3', '768f2fee-ad2f-4976-bf9c-8c1a1fa1ddf3', '768f2fee-ad2f-4976-bf9c-8c1a1fa1ddf3', '768f2fee-ad2f-4976-bf9c-8c1a1fa1ddf3', '768f2fee-ad2f-4976-bf9c-8c1a1fa1ddf3', '768f2fee-ad2f-4976-bf9c-8c1a1fa1ddf3', '768f2fee-ad2f-4976-bf9c-8c1a1fa1ddf3', '768f2fee-ad2f-4976-bf9c-8c1a1fa1ddf3', '768f2fee-ad2f-4976-bf9c-8c1a1fa1ddf3', '768f2fee-ad2f-4976-bf9c-8c1a1fa1ddf3', '768f2fee-ad2f-4976-bf9c-8c1a1fa1ddf3', '768f2fee-ad2f-4976-bf9c-8c1a1fa1ddf3', '768f2fee-ad2f-4976-bf9c-8c1a1fa1ddf3', '768f2fee-ad2f-4976-bf9c-8c1a1fa1ddf3', '768f2fee-ad2f-4976-bf9c-8c1a1fa1ddf3', '768f2fee-ad2f-4976-bf9c-8c1a1fa1ddf3', '768f2fee-ad2f-4976-bf9c-8c1a1fa1ddf3', '768f2fee-ad2f-4976-bf9c-8c1a1fa1ddf3', '768f2fee-ad2f-4976-bf9c-8c1a1fa1ddf3', '2ab033ba-8af5-4450-8434-b8b411f56064', 'dc5df367-2eb1-4a9b-be44-56c1f9a84847', 'be1a631e-1528-4df4-a2bd-82ed597a8666', 'f0f1bdff-3f3e-4e2f-b436-6dfe3d89be1f', 'd5617942-d76f-4dea-97fb-cf997409cf4b', '13484097-35a0-497e-8281-f11e2314f94a', '6b3662a5-8bed-4493-a7c4-8a81711679e1', '62eb265a-7dad-469f-a28d-8039c57538e6', '7fb251b6-b546-4ca9-bd6b-ed530a7bac21', 'e5b189a3-822c-486c-8c9d-1e0626e19db1']"
b8102286-d8c7-43d5-93eb-b576b2869877,6,"['fab320b7-f66a-4962-83ce-cfcadd3fab3b', 'fab320b7-f66a-4962-83ce-cfcadd3fab3b', 'fab320b7-f66a-4962-83ce-cfcadd3fab3b', 'fab320b7-f66a-4962-83ce-cfcadd3fab3b', 'fab320b7-f66a-4962-83ce-cfcadd3fab3b', 'fab320b7-f66a-4962-83ce-cfcadd3fab3b', 'fab320b7-f66a-4962-83ce-cfcadd3fab3b', 'fab320b7-f66a-4962-83ce-cfcadd3fab3b', 'fab320b7-f66a-4962-83ce-cfcadd3fab3b', 'fab320b7-f66a-4962-83ce-cfcadd3fab3b', 'fab320b7-f66a-4962-83ce-cfcadd3fab3b', 'fab320b7-f66a-4962-83ce-cfcadd3fab3b', 'fab320b7-f66a-4962-83ce-cfcadd3fab3b', 'fab320b7-f66a-4962-83ce-cfcadd3fab3b', 'fab320b7-f66a-4962-83ce-cfcadd3fab3b', 'fab320b7-f66a-4962-83ce-cfcadd3fab3b', 'fab320b7-f66a-4962-83ce-cfcadd3fab3b', 'fab320b7-f66a-4962-83ce-cfcadd3fab3b', 'fab320b7-f66a-4962-83ce-cfcadd3fab3b', 'fab320b7-f66a-4962-83ce-cfcadd3fab3b', 'fab320b7-f66a-4962-83ce-cfcadd3fab3b', 'fab320b7-f66a-4962-83ce-cfcadd3fab3b', 'fab320b7-f66a-4962-83ce-cfcadd3fab3b', 'fab320b7-f66a-4962-83ce-cfcadd3fab3b', 'fab320b7-f66a-4962-83ce-cfcadd3fab3b', 'fab320b7-f66a-4962-83ce-cfcadd3fab3b', 'fab320b7-f66a-4962-83ce-cfcadd3fab3b', 'fab320b7-f66a-4962-83ce-cfcadd3fab3b', 'fab320b7-f66a-4962-83ce-cfcadd3fab3b', 'fab320b7-f66a-4962-83ce-cfcadd3fab3b', 'fab320b7-f66a-4962-83ce-cfcadd3fab3b', '6e700940-a68e-4e8c-9778-c78eb1206e55', '09c61d71-8695-4dbc-a9d4-a5c43e0c2c77', '59eef1ef-3ee0-4ad5-8cee-6cadd453c7e5', '822be3b1-32d1-4ef5-a2c4-b899339f5f26', 'f499fa00-12ea-47c1-835f-67a9fcb3f295', 'bd559d4a-f02f-4231-8908-028955296647', '46efb1e4-13a2-4423-8582-945615bb5489', 'd8466d82-ad0d-4be6-8a7a-43cc796db1fe', 'c126bb83-0ee1-457d-846f-17ae9409e505', 'c230055a-c7a2-4246-bf4f-9d2d50161970', 'b650723b-fa14-459c-84b8-b284d43b72bb', 'd186b3f1-f688-4e19-b305-eeeb59824fa6', '653fa3ac-916a-4f61-a806-a2014bede3dd', '1854417c-7c89-4baa-a6be-74199d6df264', '77e58a08-2734-4e82-ae60-e834b9d7a24b', 'cb5818e0-5ad1-4b93-981c-c5b35d9a6e97', 'cec4d73c-5303-4f12-b73e-e7ce2bc0ede5', '1023c2b4-0ef6-458d-ba34-8a8b19ca7606', '71343110-9bca-4f5b-8fb3-e02e81f94a90']"
7e916310-bb41-4c31-9c69-b85f231b69be,11,"['49c243c7-dea9-4fde-84d6-d6eabd59092c', '49c243c7-dea9-4fde-84d6-d6eabd59092c', '49c243c7-dea9-4fde-84d6-d6eabd59092c', '49c243c7-dea9-4fde-84d6-d6eabd59092c', '49c243c7-dea9-4fde-84d6-d6eabd59092c', '49c243c7-dea9-4fde-84d6-d6eabd59092c', '49c243c7-dea9-4fde-84d6-d6eabd59092c', '49c243c7-dea9-4fde-84d6-d6eabd59092c', '49c243c7-dea9-4fde-84d6-d6eabd59092c', '49c243c7-dea9-4fde-84d6-d6eabd59092c', '49c243c7-dea9-4fde-84d6-d6eabd59092c', '49c243c7-dea9-4fde-84d6-d6eabd59092c', '49c243c7-dea9-4fde-84d6-d6eabd59092c', '49c243c7-dea9-4fde-84d6-d6eabd59092c', '49c243c7-dea9-4fde-84d6-d6eabd59092c', '49c243c7-dea9-4fde-84d6-d6eabd59092c', '49c243c7-dea9-4fde-84d6-d6eabd59092c', '49c243c7-dea9-4fde-84d6-d6eabd59092c', '49c243c7-dea9-4fde-84d6-d6eabd59092c', '49c243c7-dea9-4fde-84d6-d6eabd59092c', '49c243c7-dea9-4fde-84d6-d6eabd59092c', '49c243c7-dea9-4fde-84d6-d6eabd59092c', '49c243c7-dea9-4fde-84d6-d6eabd59092c', '49c243c7-dea9-4fde-84d6-d6eabd59092c', '49c243c7-dea9-4fde-84d6-d6eabd59092c', '49c243c7-dea9-4fde-84d6-d6eabd59092c', '49c243c7-dea9-4fde-84d6-d6eabd59092c', '49c243c7-dea9-4fde-84d6-d6eabd59092c', '49c243c7-dea9-4fde-84d6-d6eabd59092c', '49c243c7-dea9-4fde-84d6-d6eabd59092c', '49c243c7-dea9-4fde-84d6-d6eabd59092c', '49c243c7-dea9-4fde-84d6-d6eabd59092c', '7f652aa2-2783-4739-9fd3-f30f34c37844', '5621b327-6921-4343-88ec-7090c6de3505', '9bbd131e-bd41-44cc-b40f-fe280bd4615b', 'e39dc2ba-24eb-49f9-9913-8af4409367b6', '2029f5fa-2268-4a23-8bcf-55b22fe4e35f', '69431dcb-baf7-409e-8dc1-3bc881b9209d', '2bee3e21-0bb9-4732-b6c3-624795999911', '9d559b51-b360-49cf-a162-42ee153fe922', 'e0a12fcd-f041-4602-ab63-82e3321d9dc3', '7a71ac37-29c8-4812-90b5-713593b2b952', 'adce3f65-ba0c-48d5-a7cb-3b4682f02c39', '06c558ae-9bcc-4a64-be13-5c3a98a09c48', 'c6566558-a45e-4b57-91c9-6a66ac396b1c', '166c792f-b1b2-449a-a164-8d13be1d0beb', 'a126230d-a355-4db7-b9e3-bd744427a1fa', '356fe975-75d5-4fea-91f1-ba7b15d7e487', '51ce7a50-39da-41d4-9393-b29326ec2e96', '60c38a24-c01e-4a79-b369-c2df6f6fe086']"
8676b219-4d75-42a8-9949-196395b35f82,12,"['6b6910da-5b9b-47b0-9249-4262a801ff30', '6b6910da-5b9b-47b0-9249-4262a801ff30', '6b6910da-5b9b-47b0-9249-4262a801ff30', '6b6910da-5b9b-47b0-9249-4262a801ff30', '6b6910da-5b9b-47b0-9249-4262a801ff30', '6b6910da-5b9b-47b0-9249-4262a801ff30', '6b6910da-5b9b-47b0-9249-4262a801ff30', '6b6910da-5b9b-47b0-9249-4262a801ff30', '6b6910da-5b9b-47b0-9249-4262a801ff30', '6b6910da-5b9b-47b0-9249-4262a801ff30', '6b6910da-5b9b-47b0-9249-4262a801ff30', '461919fd-f46b-4c64-986c-256256bcd7a3', '461919fd-f46b-4c64-986c-256256bcd7a3', '461919fd-f46b-4c64-986c-256256bcd7a3', '461919fd-f46b-4c64-986c-256256bcd7a3', '461919fd-f46b-4c64-986c-256256bcd7a3', '461919fd-f46b-4c64-986c-256256bcd7a3', '461919fd-f46b-4c64-986c-256256bcd7a3', '461919fd-f46b-4c64-986c-256256bcd7a3', '461919fd-f46b-4c64-986c-256256bcd7a3', '461919fd-f46b-4c64-986c-256256bcd7a3', '461919fd-f46b-4c64-986c-256256bcd7a3', '461919fd-f46b-4c64-986c-256256bcd7a3', '461919fd-f46b-4c64-986c-256256bcd7a3', '461919fd-f46b-4c64-986c-256256bcd7a3', '461919fd-f46b-4c64-986c-256256bcd7a3', '461919fd-f46b-4c64-986c-256256bcd7a3', '28535810-925b-4ec0-a426-3b3c16e4cd57', '68298a2e-0327-42a5-96e8-be20e3ae3d85', 'c67a3a50-2c1e-4484-8afb-baa8293b94ad', '57e9bef6-51b6-470d-bf1c-31b43b1e1e32', '7965b27a-6b4d-4a42-83fe-7c3999b4abf6', '20193ef6-38b3-4e00-bec9-b98b99b25c37', '3470eebb-eb3f-45b6-bebc-e1a24e8876ac', '35c52705-4255-434a-a1ed-4ebc5f8f8f55', '59fe04fa-a430-4ced-b1b2-aafc3e37988e', 'ab579e96-918f-44d4-9a07-2c73e7f72501', '2af485b5-13d9-4da2-88e6-6a64ee2db2ed', '1b310596-ed58-4f7e-acdf-079d59b45101', '803efacc-47a8-4b08-a959-9ca11c4422e0', '91de6dd1-9631-4aee-80cd-d550383089af', 'ef7de800-bb2b-49fc-9a31-fda3e8a81fdd', '2cba8db8-3c97-4211-84c1-a46f5ac00f38', '50ec7d85-dacf-4efb-b943-afd793e92ea9', '70417fa0-5096-4521-bdf1-25cc9f7be252', '523ce3d5-26c3-4302-bb58-8f59e5502b25', '68c8f65c-e4dc-4ca2-8c8a-7762a2da45da', 'bce56769-ef36-4274-8c0d-d4d59837d180', '2cba1a72-0a5f-4f9a-8efd-d6dc798e13b8', 'd2c23f86-2f1a-4cef-9fe4-3ddbfa9a9ef8']"
2faf0d72-ccdf-41c7-8435-937ca82436c7,2,"['1e12b428-971d-44f8-a4c4-977348f42d11', '1e12b428-971d-44f8-a4c4-977348f42d11', '1e12b428-971d-44f8-a4c4-977348f42d11', '1e12b428-971d-44f8-a4c4-977348f42d11', '1e12b428-971d-44f8-a4c4-977348f42d11', '1e12b428-971d-44f8-a4c4-977348f42d11', '1e12b428-971d-44f8-a4c4-977348f42d11', '1e12b428-971d-44f8-a4c4-977348f42d11', '1e12b428-971d-44f8-a4c4-977348f42d11', '1e12b428-971d-44f8-a4c4-977348f42d11', '1e12b428-971d-44f8-a4c4-977348f42d11', '1e12b428-971d-44f8-a4c4-977348f42d11', '1e12b428-971d-44f8-a4c4-977348f42d11', '1e12b428-971d-44f8-a4c4-977348f42d11', '1e12b428-971d-44f8-a4c4-977348f42d11', '1e12b428-971d-44f8-a4c4-977348f42d11', '1e12b428-971d-44f8-a4c4-977348f42d11', '1e12b428-971d-44f8-a4c4-977348f42d11', '1e12b428-971d-44f8-a4c4-977348f42d11', '1e12b428-971d-44f8-a4c4-977348f42d11', '1e12b428-971d-44f8-a4c4-977348f42d11', '1e12b428-971d-44f8-a4c4-977348f42d11', '1e12b428-971d-44f8-a4c4-977348f42d11', '1e12b428-971d-44f8-a4c4-977348f42d11', '1e12b428-971d-44f8-a4c4-977348f42d11', '1e12b428-971d-44f8-a4c4-977348f42d11', '1e12b428-971d-44f8-a4c4-977348f42d11', '1e12b428-971d-44f8-a4c4-977348f42d11', '1e12b428-971d-44f8-a4c4-977348f42d11', '1e12b428-971d-44f8-a4c4-977348f42d11', '1e12b428-971d-44f8-a4c4-977348f42d11', '8aec55ca-bf9a-4303-af0b-2d2f2735aa46', 'ecc8d410-9a70-48ee-b69e-049308c00ae6', '5eb0da70-9eb6-433d-803f-ad7f4d7ef256', 'd6e8cdc0-37e1-4624-9330-9c86397fdbca', 'd9039d57-97ca-4499-9f25-958bd6d34098', 'bafc9593-2814-4947-b526-272952f7d70b', '8908ea24-0014-428f-8300-3804c4c9911f', '61a13738-49fa-4c9f-9c34-6442fb2acbfb', '85fa732d-68bf-4877-a153-b0339f6058eb', 'a28372c4-b8c7-4cfc-aae2-af0486300f12', 'e9328e76-831c-477e-a5b3-7bfc5d527b3f', 'ab6f2d8d-5294-40e0-a332-a733b368b830', '4690c71c-1e4b-443f-9ef9-2cdddba24503', '45e723ac-ab66-4887-94a9-3e0f59c69461', 'd219b461-a433-4cef-8ea8-0a8ec6a9d9a8', 'd46ef394-eb2e-468b-a833-b3823afd465d', 'c73e4294-ff71-4f2b-a7ba-1c93fbd8b332', '4dda805c-d598-47ee-a971-d9023a6e563a', '3cc85559-9f01-4e2c-9abb-ba18bc563f0a']"
a70abf70-001b-4b4f-9c79-56789d37f2a7,8,"['11ccee6a-5e57-44af-8231-3e2afdd7c473', '11ccee6a-5e57-44af-8231-3e2afdd7c473', '11ccee6a-5e57-44af-8231-3e2afdd7c473', '11ccee6a-5e57-44af-8231-3e2afdd7c473', '11ccee6a-5e57-44af-8231-3e2afdd7c473', '11ccee6a-5e57-44af-8231-3e2afdd7c473', '11ccee6a-5e57-44af-8231-3e2afdd7c473', '11ccee6a-5e57-44af-8231-3e2afdd7c473', '11ccee6a-5e57-44af-8231-3e2afdd7c473', '11ccee6a-5e57-44af-8231-3e2afdd7c473', '11ccee6a-5e57-44af-8231-3e2afdd7c473', '11ccee6a-5e57-44af-8231-3e2afdd7c473', '11ccee6a-5e57-44af-8231-3e2afdd7c473', '11ccee6a-5e57-44af-8231-3e2afdd7c473', '11ccee6a-5e57-44af-8231-3e2afdd7c473', '11ccee6a-5e57-44af-8231-3e2afdd7c473', '11ccee6a-5e57-44af-8231-3e2afdd7c473', '11ccee6a-5e57-44af-8231-3e2afdd7c473', '11ccee6a-5e57-44af-8231-3e2afdd7c473', '11ccee6a-5e57-44af-8231-3e2afdd7c473', '11ccee6a-5e57-44af-8231-3e2afdd7c473', '11ccee6a-5e57-44af-8231-3e2afdd7c473', '11ccee6a-5e57-44af-8231-3e2afdd7c473', '11ccee6a-5e57-44af-8231-3e2afdd7c473', '11ccee6a-5e57-44af-8231-3e2afdd7c473', '11ccee6a-5e57-44af-8231-3e2afdd7c473', '0ca70985-5d52-454e-af5e-a29aa0f14033', '0a87aa77-055d-4f79-88c1-749319abb6c1', '18495fa1-2a0b-44f6-afd1-48c9fb59b1a6', 'ac5deffb-ecf3-43cf-b123-dde223827f2e', '8d00ad2d-f8fa-49b1-b051-a3813cf69cd8', 'bcdd834c-3e61-42a9-aa3f-eb8a998a850c', '399f9e79-dd1a-4280-9936-308c232cffe2', '6c835e79-fda6-4a90-82a3-161ad583d9ad', 'e6ee0a6f-e96d-44e4-a6dc-e868148c0a76', '524a5a3b-04be-4ace-bf85-46324f3ed5f1', '7dc393f9-950a-48b8-8866-4b33459319e4', '6e33bf8d-4132-4e95-89f5-f5705506b9b2', '165ec922-8ead-4211-8428-c532bb844ef7', 'ca8d1f4b-5efc-4b41-ab9f-086c4bb14c68', '56f37777-60e9-446b-9129-f2a96047b19b', '10cefb7c-b545-445f-9260-07acfbbd8f05', 'daeea6c7-d253-45c2-899c-21245dd1863c', '4136ba3f-ba21-40a2-8264-5ae0d50fb21e', 'd778fb1f-62aa-4967-80b4-53ef5abd24be', 'be78c036-0752-4758-a8d1-63b75729274b', 'fe4d1bd8-d58f-4412-9624-6f9cc9f0f361', '69bd8fce-88e3-47c7-a69e-cdd0e5b3b822', 'dc7949d3-edb1-42ce-9910-0697bddeadd9', 'bb8ae7c1-40d4-4a65-8d16-ce9cd0ebf4c9']"
b8102286-d8c7-43d5-93eb-b576b2869877,7,"['fab320b7-f66a-4962-83ce-cfcadd3fab3b', 'fab320b7-f66a-4962-83ce-cfcadd3fab3b', 'fab320b7-f66a-4962-83ce-cfcadd3fab3b', 'fab320b7-f66a-4962-83ce-cfcadd3fab3b', 'fab320b7-f66a-4962-83ce-cfcadd3fab3b', 'fab320b7-f66a-4962-83ce-cfcadd3fab3b', 'fab320b7-f66a-4962-83ce-cfcadd3fab3b', 'fab320b7-f66a-4962-83ce-cfcadd3fab3b', 'fab320b7-f66a-4962-83ce-cfcadd3fab3b', 'fab320b7-f66a-4962-83ce-cfcadd3fab3b', 'fab320b7-f66a-4962-83ce-cfcadd3fab3b', 'fab320b7-f66a-4962-83ce-cfcadd3fab3b', 'fab320b7-f66a-4962-83ce-cfcadd3fab3b', 'fab320b7-f66a-4962-83ce-cfcadd3fab3b', 'fab320b7-f66a-4962-83ce-cfcadd3fab3b', 'fab320b7-f66a-4962-83ce-cfcadd3fab3b', 'fab320b7-f66a-4962-83ce-cfcadd3fab3b', 'fab320b7-f66a-4962-83ce-cfcadd3fab3b', 'fab320b7-f66a-4962-83ce-cfcadd3fab3b', 'fab320b7-f66a-4962-83ce-cfcadd3fab3b', 'fab320b7-f66a-4962-83ce-cfcadd3fab3b', 'fab320b7-f66a-4962-83ce-cfcadd3fab3b', 'fab320b7-f66a-4962-83ce-cfcadd3fab3b', 'fab320b7-f66a-4962-83ce-cfcadd3fab3b', 'fab320b7-f66a-4962-83ce-cfcadd3fab3b', 'fab320b7-f66a-4962-83ce-cfcadd3fab3b', '6e700940-a68e-4e8c-9778-c78eb1206e55', '09c61d71-8695-4dbc-a9d4-a5c43e0c2c77', '59eef1ef-3ee0-4ad5-8cee-6cadd453c7e5', '822be3b1-32d1-4ef5-a2c4-b899339f5f26', 'f499fa00-12ea-47c1-835f-67a9fcb3f295', 'bd559d4a-f02f-4231-8908-028955296647', '46efb1e4-13a2-4423-8582-945615bb5489', 'd8466d82-ad0d-4be6-8a7a-43cc796db1fe', 'c126bb83-0ee1-457d-846f-17ae9409e505', 'c230055a-c7a2-4246-bf4f-9d2d50161970', 'b650723b-fa14-459c-84b8-b284d43b72bb', '653fa3ac-916a-4f61-a806-a2014bede3dd', '1854417c-7c89-4baa-a6be-74199d6df264', '77e58a08-2734-4e82-ae60-e834b9d7a24b', 'cb5818e0-5ad1-4b93-981c-c5b35d9a6e97', '1023c2b4-0ef6-458d-ba34-8a8b19ca7606', 'e456e2cf-10a3-4111-a40e-642b699cbe2f', 'b9205ac1-29bf-462d-8f04-d8bad129de45', '6908d9ed-8824-4faa-9050-c0ebc27b78bf', '100246e4-3cf1-46d7-a4b2-f019db3c03b6', 'a977fa64-86e8-48bf-8fbf-c869770d82f2', 'ec6f3ada-af38-4e62-b06c-f0eeddff3863', '905262ce-d1de-4c3f-ba8c-ca37e50eb587', '8cac909f-5be3-497a-9cbb-7e634fa23b13']"
a24d9636-1628-4191-bd7b-1c0fda5ba198,11,"['1026897b-d100-4824-b205-33f6eb12f6bb', '1026897b-d100-4824-b205-33f6eb12f6bb', '768f2fee-ad2f-4976-bf9c-8c1a1fa1ddf3', '768f2fee-ad2f-4976-bf9c-8c1a1fa1ddf3', '768f2fee-ad2f-4976-bf9c-8c1a1fa1ddf3', '768f2fee-ad2f-4976-bf9c-8c1a1fa1ddf3', '768f2fee-ad2f-4976-bf9c-8c1a1fa1ddf3', '768f2fee-ad2f-4976-bf9c-8c1a1fa1ddf3', '768f2fee-ad2f-4976-bf9c-8c1a1fa1ddf3', '768f2fee-ad2f-4976-bf9c-8c1a1fa1ddf3', '768f2fee-ad2f-4976-bf9c-8c1a1fa1ddf3', '768f2fee-ad2f-4976-bf9c-8c1a1fa1ddf3', '768f2fee-ad2f-4976-bf9c-8c1a1fa1ddf3', '768f2fee-ad2f-4976-bf9c-8c1a1fa1ddf3', '768f2fee-ad2f-4976-bf9c-8c1a1fa1ddf3', '768f2fee-ad2f-4976-bf9c-8c1a1fa1ddf3', '768f2fee-ad2f-4976-bf9c-8c1a1fa1ddf3', '768f2fee-ad2f-4976-bf9c-8c1a1fa1ddf3', '768f2fee-ad2f-4976-bf9c-8c1a1fa1ddf3', '768f2fee-ad2f-4976-bf9c-8c1a1fa1ddf3', '768f2fee-ad2f-4976-bf9c-8c1a1fa1ddf3', '768f2fee-ad2f-4976-bf9c-8c1a1fa1ddf3', '768f2fee-ad2f-4976-bf9c-8c1a1fa1ddf3', '768f2fee-ad2f-4976-bf9c-8c1a1fa1ddf3', '768f2fee-ad2f-4976-bf9c-8c1a1fa1ddf3', '768f2fee-ad2f-4976-bf9c-8c1a1fa1ddf3', '768f2fee-ad2f-4976-bf9c-8c1a1fa1ddf3', '768f2fee-ad2f-4976-bf9c-8c1a1fa1ddf3', '768f2fee-ad2f-4976-bf9c-8c1a1fa1ddf3', '768f2fee-ad2f-4976-bf9c-8c1a1fa1ddf3', '768f2fee-ad2f-4976-bf9c-8c1a1fa1ddf3', '768f2fee-ad2f-4976-bf9c-8c1a1fa1ddf3', '768f2fee-ad2f-4976-bf9c-8c1a1fa1ddf3', '2ab033ba-8af5-4450-8434-b8b411f56064', 'dc5df367-2eb1-4a9b-be44-56c1f9a84847', 'be1a631e-1528-4df4-a2bd-82ed597a8666', 'f0f1bdff-3f3e-4e2f-b436-6dfe3d89be1f', 'd5617942-d76f-4dea-97fb-cf997409cf4b', '13484097-35a0-497e-8281-f11e2314f94a', '62eb265a-7dad-469f-a28d-8039c57538e6', '7fb251b6-b546-4ca9-bd6b-ed530a7bac21', 'e5b189a3-822c-486c-8c9d-1e0626e19db1', '37a7b687-3b5a-4fcd-b624-97460ffa9e2b', 'ad731cb0-33b6-4dd6-bc47-75995dc42f83', '29420305-6efb-47d4-8ab1-d2de663e8cb2', 'ad421e4d-be54-4eec-8188-70e261dc4e8a', '2fcecb16-c1ee-449d-97e1-98a26d12e30c', 'fd08f8e3-838b-42b8-bc52-635deedda770', '5d67490a-38d9-4747-bd98-c533cdb3a7d9', '1b65fbc6-3bfc-4bc3-a8a2-ef6e5e49984b']"
e364bbb6-4cbb-4973-a0e9-ca180dc93386,9,"['3f43047d-ce56-4aaf-b252-522e418446c3', '3f43047d-ce56-4aaf-b252-522e418446c3', '3f43047d-ce56-4aaf-b252-522e418446c3', '3f43047d-ce56-4aaf-b252-522e418446c3', '3f43047d-ce56-4aaf-b252-522e418446c3', '3f43047d-ce56-4aaf-b252-522e418446c3', '3f43047d-ce56-4aaf-b252-522e418446c3', '3f43047d-ce56-4aaf-b252-522e418446c3', '3f43047d-ce56-4aaf-b252-522e418446c3', '3f43047d-ce56-4aaf-b252-522e418446c3', '3f43047d-ce56-4aaf-b252-522e418446c3', '3f43047d-ce56-4aaf-b252-522e418446c3', '3f43047d-ce56-4aaf-b252-522e418446c3', '3f43047d-ce56-4aaf-b252-522e418446c3', '3f43047d-ce56-4aaf-b252-522e418446c3', '3f43047d-ce56-4aaf-b252-522e418446c3', '3f43047d-ce56-4aaf-b252-522e418446c3', '3f43047d-ce56-4aaf-b252-522e418446c3', '3f43047d-ce56-4aaf-b252-522e418446c3', '3f43047d-ce56-4aaf-b252-522e418446c3', '3f43047d-ce56-4aaf-b252-522e418446c3', '3f43047d-ce56-4aaf-b252-522e418446c3', '3f43047d-ce56-4aaf-b252-522e418446c3', '3f43047d-ce56-4aaf-b252-522e418446c3', '0b9f2bb1-e693-4b14-a1c3-8ac6f260bc8e', 'a9fc3e46-c677-4899-a959-076a96b672b3', '7ffed160-147a-4bb9-8065-ca9c64fd45f8', '6787f543-e974-4823-bb2f-70819f9be593', '3e4f9cfd-c99c-425f-9b65-7cc0c94906d7', '4cfb3651-a3d1-4c0f-93d6-c880f1089197', '8bca6d58-cbcd-4a27-bf26-7849ebd08a74', '9a12c64e-0d95-41a1-a89c-d670f8eb3447', '61c02dd9-b4c4-4497-8b03-21a1b8fc7e66', '3c09d792-7385-4672-970b-dac9c084f449', '9627edca-44c7-44d3-afd9-d20d30639be2', 'a56d3bd6-7aff-44b1-8bf0-4567e40c61b3', '01aacd6a-eb0f-4901-83ce-4ec201f8eda9', '0711dc08-d583-4733-9bd1-95db9ce7f134', 'b8d37baf-697f-4fa9-aa01-59b5617115fc', 'bbed7e9b-0672-4f76-9e02-c3e6f81ec419', 'e94b69a5-cb2e-4291-8c97-89fa1aa39f78', '0f54e819-1408-4bfd-b372-394837587bd5', 'aa5b431c-4e00-496b-bb39-cb106d356a99', 'a85ff51e-87c6-46fc-af9c-0ee67b11f08a', 'bf44447d-a804-46e2-be53-16f1177ef7f2', 'd9e22d09-c223-43e6-b6a1-5e18595bc21d', '04e8473f-4928-441e-8da7-c11ee5db86cd', '8238b350-cd61-43c3-b136-b1d7c29857f6', '991c4296-e572-4732-8029-9a9ca8f7e02c', '9a3ddbd8-e22c-4386-a25f-ec8c19defee0']"
2faf0d72-ccdf-41c7-8435-937ca82436c7,3,"['1e12b428-971d-44f8-a4c4-977348f42d11', '1e12b428-971d-44f8-a4c4-977348f42d11', '1e12b428-971d-44f8-a4c4-977348f42d11', '1e12b428-971d-44f8-a4c4-977348f42d11', '1e12b428-971d-44f8-a4c4-977348f42d11', '1e12b428-971d-44f8-a4c4-977348f42d11', '1e12b428-971d-44f8-a4c4-977348f42d11', '1e12b428-971d-44f8-a4c4-977348f42d11', '1e12b428-971d-44f8-a4c4-977348f42d11', '1e12b428-971d-44f8-a4c4-977348f42d11', '1e12b428-971d-44f8-a4c4-977348f42d11', '1e12b428-971d-44f8-a4c4-977348f42d11', '1e12b428-971d-44f8-a4c4-977348f42d11', '1e12b428-971d-44f8-a4c4-977348f42d11', '1e12b428-971d-44f8-a4c4-977348f42d11', '1e12b428-971d-44f8-a4c4-977348f42d11', '1e12b428-971d-44f8-a4c4-977348f42d11', '1e12b428-971d-44f8-a4c4-977348f42d11', '1e12b428-971d-44f8-a4c4-977348f42d11', '1e12b428-971d-44f8-a4c4-977348f42d11', '1e12b428-971d-44f8-a4c4-977348f42d11', '1e12b428-971d-44f8-a4c4-977348f42d11', '1e12b428-971d-44f8-a4c4-977348f42d11', '1e12b428-971d-44f8-a4c4-977348f42d11', '1e12b428-971d-44f8-a4c4-977348f42d11', '1e12b428-971d-44f8-a4c4-977348f42d11', '1e12b428-971d-44f8-a4c4-977348f42d11', '8aec55ca-bf9a-4303-af0b-2d2f2735aa46', 'ecc8d410-9a70-48ee-b69e-049308c00ae6', '5eb0da70-9eb6-433d-803f-ad7f4d7ef256', 'd6e8cdc0-37e1-4624-9330-9c86397fdbca', 'd9039d57-97ca-4499-9f25-958bd6d34098', 'bafc9593-2814-4947-b526-272952f7d70b', '61a13738-49fa-4c9f-9c34-6442fb2acbfb', '85fa732d-68bf-4877-a153-b0339f6058eb', 'a28372c4-b8c7-4cfc-aae2-af0486300f12', 'e9328e76-831c-477e-a5b3-7bfc5d527b3f', 'ab6f2d8d-5294-40e0-a332-a733b368b830', '4690c71c-1e4b-443f-9ef9-2cdddba24503', 'd219b461-a433-4cef-8ea8-0a8ec6a9d9a8', 'd46ef394-eb2e-468b-a833-b3823afd465d', 'c73e4294-ff71-4f2b-a7ba-1c93fbd8b332', '4dda805c-d598-47ee-a971-d9023a6e563a', '3cc85559-9f01-4e2c-9abb-ba18bc563f0a', '40d5023a-2e1b-4ae2-9c55-16348c8607eb', '0a93d6d3-2b78-4b00-bca9-1ab27bc9989b', '606754e7-8eec-4176-b508-cebdf5d6a991', '9fd91062-2a92-4686-a00e-f631c506e584', '9ee9db16-5dcf-4de9-bf97-76a0ebbd09f7', 'c0b87956-3923-447c-b8c9-d003c8a3e5fa']"
7e916310-bb41-4c31-9c69-b85f231b69be,12,"['49c243c7-dea9-4fde-84d6-d6eabd59092c', '49c243c7-dea9-4fde-84d6-d6eabd59092c', '49c243c7-dea9-4fde-84d6-d6eabd59092c', '49c243c7-dea9-4fde-84d6-d6eabd59092c', '49c243c7-dea9-4fde-84d6-d6eabd59092c', '49c243c7-dea9-4fde-84d6-d6eabd59092c', '49c243c7-dea9-4fde-84d6-d6eabd59092c', '49c243c7-dea9-4fde-84d6-d6eabd59092c', '49c243c7-dea9-4fde-84d6-d6eabd59092c', '49c243c7-dea9-4fde-84d6-d6eabd59092c', '49c243c7-dea9-4fde-84d6-d6eabd59092c', '49c243c7-dea9-4fde-84d6-d6eabd59092c', '49c243c7-dea9-4fde-84d6-d6eabd59092c', '49c243c7-dea9-4fde-84d6-d6eabd59092c', '49c243c7-dea9-4fde-84d6-d6eabd59092c', '49c243c7-dea9-4fde-84d6-d6eabd59092c', '49c243c7-dea9-4fde-84d6-d6eabd59092c', '49c243c7-dea9-4fde-84d6-d6eabd59092c', '49c243c7-dea9-4fde-84d6-d6eabd59092c', '49c243c7-dea9-4fde-84d6-d6eabd59092c', '49c243c7-dea9-4fde-84d6-d6eabd59092c', '49c243c7-dea9-4fde-84d6-d6eabd59092c', '49c243c7-dea9-4fde-84d6-d6eabd59092c', '49c243c7-dea9-4fde-84d6-d6eabd59092c', '49c243c7-dea9-4fde-84d6-d6eabd59092c', '49c243c7-dea9-4fde-84d6-d6eabd59092c', '49c243c7-dea9-4fde-84d6-d6eabd59092c', '49c243c7-dea9-4fde-84d6-d6eabd59092c', '7f652aa2-2783-4739-9fd3-f30f34c37844', '9bbd131e-bd41-44cc-b40f-fe280bd4615b', 'e39dc2ba-24eb-49f9-9913-8af4409367b6', '2029f5fa-2268-4a23-8bcf-55b22fe4e35f', '69431dcb-baf7-409e-8dc1-3bc881b9209d', '2bee3e21-0bb9-4732-b6c3-624795999911', '9d559b51-b360-49cf-a162-42ee153fe922', 'e0a12fcd-f041-4602-ab63-82e3321d9dc3', '7a71ac37-29c8-4812-90b5-713593b2b952', 'adce3f65-ba0c-48d5-a7cb-3b4682f02c39', 'c6566558-a45e-4b57-91c9-6a66ac396b1c', '166c792f-b1b2-449a-a164-8d13be1d0beb', 'a126230d-a355-4db7-b9e3-bd744427a1fa', '356fe975-75d5-4fea-91f1-ba7b15d7e487', '51ce7a50-39da-41d4-9393-b29326ec2e96', '60c38a24-c01e-4a79-b369-c2df6f6fe086', '1162ca48-8499-4e52-9299-789b9fb9944b', '3dcda814-8064-4e9c-9ab5-ff9fcecff725', '2c7f4632-aea9-45b4-a5f7-f4535dd2611b', '6adbf132-ca11-4b32-982d-4f3b14aac63c', 'a5348376-7c19-4bef-8eb8-adb2c73c326e', '4141964f-4f36-4911-8bac-274bb9e670c8']"
8676b219-4d75-42a8-9949-196395b35f82,13,"['bce56769-ef36-4274-8c0d-d4d59837d180', 'bce56769-ef36-4274-8c0d-d4d59837d180', 'bce56769-ef36-4274-8c0d-d4d59837d180', 'bce56769-ef36-4274-8c0d-d4d59837d180', 'bce56769-ef36-4274-8c0d-d4d59837d180', 'bce56769-ef36-4274-8c0d-d4d59837d180', 'bce56769-ef36-4274-8c0d-d4d59837d180', 'bce56769-ef36-4274-8c0d-d4d59837d180', 'bce56769-ef36-4274-8c0d-d4d59837d180', 'bce56769-ef36-4274-8c0d-d4d59837d180', 'bce56769-ef36-4274-8c0d-d4d59837d180', 'bce56769-ef36-4274-8c0d-d4d59837d180', 'bce56769-ef36-4274-8c0d-d4d59837d180', 'bce56769-ef36-4274-8c0d-d4d59837d180', 'bce56769-ef36-4274-8c0d-d4d59837d180', 'bce56769-ef36-4274-8c0d-d4d59837d180', 'bce56769-ef36-4274-8c0d-d4d59837d180', 'bce56769-ef36-4274-8c0d-d4d59837d180', 'bce56769-ef36-4274-8c0d-d4d59837d180', 'bce56769-ef36-4274-8c0d-d4d59837d180', 'bce56769-ef36-4274-8c0d-d4d59837d180', 'bce56769-ef36-4274-8c0d-d4d59837d180', 'bce56769-ef36-4274-8c0d-d4d59837d180', 'bce56769-ef36-4274-8c0d-d4d59837d180', 'bce56769-ef36-4274-8c0d-d4d59837d180', 'bce56769-ef36-4274-8c0d-d4d59837d180', 'bce56769-ef36-4274-8c0d-d4d59837d180', 'bce56769-ef36-4274-8c0d-d4d59837d180', 'bce56769-ef36-4274-8c0d-d4d59837d180', 'bce56769-ef36-4274-8c0d-d4d59837d180', 'bce56769-ef36-4274-8c0d-d4d59837d180', 'bce56769-ef36-4274-8c0d-d4d59837d180', 'bce56769-ef36-4274-8c0d-d4d59837d180', 'bce56769-ef36-4274-8c0d-d4d59837d180', 'bce56769-ef36-4274-8c0d-d4d59837d180', 'bce56769-ef36-4274-8c0d-d4d59837d180', 'bce56769-ef36-4274-8c0d-d4d59837d180', 'bce56769-ef36-4274-8c0d-d4d59837d180', 'bce56769-ef36-4274-8c0d-d4d59837d180', 'bce56769-ef36-4274-8c0d-d4d59837d180', 'bce56769-ef36-4274-8c0d-d4d59837d180', '382af7c1-210f-48b8-9d4c-59a5e0bdb298', '5ab7e870-eada-4101-a542-e4219cd9ba07', '848d6cb6-1e1e-4ecd-a06b-a1ef1b096726', 'f0b2dc76-28b9-4266-9e63-ea41d880f230', 'c1bbfb03-9901-447d-bf96-a9e62b7caeaf', '05a96596-aa7a-42e4-9f17-2531f18fe3ff', 'df61860c-fbff-49f3-b15c-fc79858f1fd4', '43a6fc2e-2f17-4541-b5d4-906bd8bba662', 'cda458a6-be38-4357-b28a-4cccbda435d6']"
2faf0d72-ccdf-41c7-8435-937ca82436c7,4,"['1e12b428-971d-44f8-a4c4-977348f42d11', '1e12b428-971d-44f8-a4c4-977348f42d11', '1e12b428-971d-44f8-a4c4-977348f42d11', '1e12b428-971d-44f8-a4c4-977348f42d11', '1e12b428-971d-44f8-a4c4-977348f42d11', '1e12b428-971d-44f8-a4c4-977348f42d11', '1e12b428-971d-44f8-a4c4-977348f42d11', '1e12b428-971d-44f8-a4c4-977348f42d11', '1e12b428-971d-44f8-a4c4-977348f42d11', '1e12b428-971d-44f8-a4c4-977348f42d11', '1e12b428-971d-44f8-a4c4-977348f42d11', '1e12b428-971d-44f8-a4c4-977348f42d11', '1e12b428-971d-44f8-a4c4-977348f42d11', '1e12b428-971d-44f8-a4c4-977348f42d11', '1e12b428-971d-44f8-a4c4-977348f42d11', '1e12b428-971d-44f8-a4c4-977348f42d11', '1e12b428-971d-44f8-a4c4-977348f42d11', '1e12b428-971d-44f8-a4c4-977348f42d11', '1e12b428-971d-44f8-a4c4-977348f42d11', '1e12b428-971d-44f8-a4c4-977348f42d11', '1e12b428-971d-44f8-a4c4-977348f42d11', '1e12b428-971d-44f8-a4c4-977348f42d11', '1e12b428-971d-44f8-a4c4-977348f42d11', '1e12b428-971d-44f8-a4c4-977348f42d11', '8aec55ca-bf9a-4303-af0b-2d2f2735aa46', 'ecc8d410-9a70-48ee-b69e-049308c00ae6', '5eb0da70-9eb6-433d-803f-ad7f4d7ef256', 'd6e8cdc0-37e1-4624-9330-9c86397fdbca', 'd9039d57-97ca-4499-9f25-958bd6d34098', 'bafc9593-2814-4947-b526-272952f7d70b', '61a13738-49fa-4c9f-9c34-6442fb2acbfb', '85fa732d-68bf-4877-a153-b0339f6058eb', 'a28372c4-b8c7-4cfc-aae2-af0486300f12', 'e9328e76-831c-477e-a5b3-7bfc5d527b3f', 'ab6f2d8d-5294-40e0-a332-a733b368b830', '4690c71c-1e4b-443f-9ef9-2cdddba24503', 'd219b461-a433-4cef-8ea8-0a8ec6a9d9a8', 'd46ef394-eb2e-468b-a833-b3823afd465d', 'c73e4294-ff71-4f2b-a7ba-1c93fbd8b332', '4dda805c-d598-47ee-a971-d9023a6e563a', '3cc85559-9f01-4e2c-9abb-ba18bc563f0a', '40d5023a-2e1b-4ae2-9c55-16348c8607eb', '0a93d6d3-2b78-4b00-bca9-1ab27bc9989b', '606754e7-8eec-4176-b508-cebdf5d6a991', '9fd91062-2a92-4686-a00e-f631c506e584', '9ee9db16-5dcf-4de9-bf97-76a0ebbd09f7', 'c0b87956-3923-447c-b8c9-d003c8a3e5fa', '43bb5ed3-9784-444c-bd3f-491fca7a78ea', 'a5b3a44a-ed92-4227-8954-2285917fb102', '36f69888-7294-4a4b-9f1f-e92dc3c4dbcd']"
b8102286-d8c7-43d5-93eb-b576b2869877,8,"['fab320b7-f66a-4962-83ce-cfcadd3fab3b', 'fab320b7-f66a-4962-83ce-cfcadd3fab3b', 'fab320b7-f66a-4962-83ce-cfcadd3fab3b', 'fab320b7-f66a-4962-83ce-cfcadd3fab3b', 'fab320b7-f66a-4962-83ce-cfcadd3fab3b', 'fab320b7-f66a-4962-83ce-cfcadd3fab3b', 'fab320b7-f66a-4962-83ce-cfcadd3fab3b', 'fab320b7-f66a-4962-83ce-cfcadd3fab3b', 'fab320b7-f66a-4962-83ce-cfcadd3fab3b', 'fab320b7-f66a-4962-83ce-cfcadd3fab3b', 'fab320b7-f66a-4962-83ce-cfcadd3fab3b', 'fab320b7-f66a-4962-83ce-cfcadd3fab3b', 'fab320b7-f66a-4962-83ce-cfcadd3fab3b', 'fab320b7-f66a-4962-83ce-cfcadd3fab3b', 'fab320b7-f66a-4962-83ce-cfcadd3fab3b', 'fab320b7-f66a-4962-83ce-cfcadd3fab3b', 'fab320b7-f66a-4962-83ce-cfcadd3fab3b', 'fab320b7-f66a-4962-83ce-cfcadd3fab3b', 'fab320b7-f66a-4962-83ce-cfcadd3fab3b', 'fab320b7-f66a-4962-83ce-cfcadd3fab3b', 'fab320b7-f66a-4962-83ce-cfcadd3fab3b', 'fab320b7-f66a-4962-83ce-cfcadd3fab3b', '6e700940-a68e-4e8c-9778-c78eb1206e55', '09c61d71-8695-4dbc-a9d4-a5c43e0c2c77', '59eef1ef-3ee0-4ad5-8cee-6cadd453c7e5', '822be3b1-32d1-4ef5-a2c4-b899339f5f26', 'bd559d4a-f02f-4231-8908-028955296647', '46efb1e4-13a2-4423-8582-945615bb5489', 'd8466d82-ad0d-4be6-8a7a-43cc796db1fe', 'c126bb83-0ee1-457d-846f-17ae9409e505', 'c230055a-c7a2-4246-bf4f-9d2d50161970', 'b650723b-fa14-459c-84b8-b284d43b72bb', '653fa3ac-916a-4f61-a806-a2014bede3dd', '1854417c-7c89-4baa-a6be-74199d6df264', '77e58a08-2734-4e82-ae60-e834b9d7a24b', 'cb5818e0-5ad1-4b93-981c-c5b35d9a6e97', '1023c2b4-0ef6-458d-ba34-8a8b19ca7606', 'e456e2cf-10a3-4111-a40e-642b699cbe2f', '6908d9ed-8824-4faa-9050-c0ebc27b78bf', '100246e4-3cf1-46d7-a4b2-f019db3c03b6', 'a977fa64-86e8-48bf-8fbf-c869770d82f2', 'ec6f3ada-af38-4e62-b06c-f0eeddff3863', '905262ce-d1de-4c3f-ba8c-ca37e50eb587', '58f5a198-b41c-4dcf-adbd-34cf27f6910a', '04ea8dbf-a094-4248-ac56-37565253356b', 'db97c74b-747c-4100-babf-12488b9cc98c', '8b3dda0c-f38f-4a7e-b886-ebd7ca54cc8c', '64f1b60e-4514-4c86-950b-20818ad01d35', '58d239e3-717a-4767-8124-c2c01c812915', '0f4fa556-4e78-40c0-9d35-c6367e78b8d1']"
7e916310-bb41-4c31-9c69-b85f231b69be,13,"['49c243c7-dea9-4fde-84d6-d6eabd59092c', '49c243c7-dea9-4fde-84d6-d6eabd59092c', '49c243c7-dea9-4fde-84d6-d6eabd59092c', '49c243c7-dea9-4fde-84d6-d6eabd59092c', '49c243c7-dea9-4fde-84d6-d6eabd59092c', '49c243c7-dea9-4fde-84d6-d6eabd59092c', '49c243c7-dea9-4fde-84d6-d6eabd59092c', '49c243c7-dea9-4fde-84d6-d6eabd59092c', '49c243c7-dea9-4fde-84d6-d6eabd59092c', '49c243c7-dea9-4fde-84d6-d6eabd59092c', '49c243c7-dea9-4fde-84d6-d6eabd59092c', '49c243c7-dea9-4fde-84d6-d6eabd59092c', '49c243c7-dea9-4fde-84d6-d6eabd59092c', '49c243c7-dea9-4fde-84d6-d6eabd59092c', '49c243c7-dea9-4fde-84d6-d6eabd59092c', '49c243c7-dea9-4fde-84d6-d6eabd59092c', '49c243c7-dea9-4fde-84d6-d6eabd59092c', '49c243c7-dea9-4fde-84d6-d6eabd59092c', '49c243c7-dea9-4fde-84d6-d6eabd59092c', '49c243c7-dea9-4fde-84d6-d6eabd59092c', '49c243c7-dea9-4fde-84d6-d6eabd59092c', '49c243c7-dea9-4fde-84d6-d6eabd59092c', '49c243c7-dea9-4fde-84d6-d6eabd59092c', '49c243c7-dea9-4fde-84d6-d6eabd59092c', '49c243c7-dea9-4fde-84d6-d6eabd59092c', '49c243c7-dea9-4fde-84d6-d6eabd59092c', '7f652aa2-2783-4739-9fd3-f30f34c37844', 'e39dc2ba-24eb-49f9-9913-8af4409367b6', '2029f5fa-2268-4a23-8bcf-55b22fe4e35f', '69431dcb-baf7-409e-8dc1-3bc881b9209d', '2bee3e21-0bb9-4732-b6c3-624795999911', '9d559b51-b360-49cf-a162-42ee153fe922', 'e0a12fcd-f041-4602-ab63-82e3321d9dc3', 'adce3f65-ba0c-48d5-a7cb-3b4682f02c39', '166c792f-b1b2-449a-a164-8d13be1d0beb', '356fe975-75d5-4fea-91f1-ba7b15d7e487', '51ce7a50-39da-41d4-9393-b29326ec2e96', '60c38a24-c01e-4a79-b369-c2df6f6fe086', '1162ca48-8499-4e52-9299-789b9fb9944b', '3dcda814-8064-4e9c-9ab5-ff9fcecff725', '2c7f4632-aea9-45b4-a5f7-f4535dd2611b', '6adbf132-ca11-4b32-982d-4f3b14aac63c', 'a5348376-7c19-4bef-8eb8-adb2c73c326e', '4141964f-4f36-4911-8bac-274bb9e670c8', '521d3e3e-d558-4b8f-9e56-8a7de28da6a7', 'fdbba969-5603-42c9-90f4-0d939a68e8dd', 'a8848b92-1446-4053-8fe8-223d7e557324', '67928df0-bbae-4f62-832b-d4bde5caace7', 'ef8af6c3-26e5-4766-abc6-1f9be7ec93ab', '15bf1674-79c8-47b5-a164-a8319ae66e80']"
a70abf70-001b-4b4f-9c79-56789d37f2a7,9,"['11ccee6a-5e57-44af-8231-3e2afdd7c473', '11ccee6a-5e57-44af-8231-3e2afdd7c473', '11ccee6a-5e57-44af-8231-3e2afdd7c473', '11ccee6a-5e57-44af-8231-3e2afdd7c473', '11ccee6a-5e57-44af-8231-3e2afdd7c473', '11ccee6a-5e57-44af-8231-3e2afdd7c473', '11ccee6a-5e57-44af-8231-3e2afdd7c473', '11ccee6a-5e57-44af-8231-3e2afdd7c473', '11ccee6a-5e57-44af-8231-3e2afdd7c473', '11ccee6a-5e57-44af-8231-3e2afdd7c473', '11ccee6a-5e57-44af-8231-3e2afdd7c473', '11ccee6a-5e57-44af-8231-3e2afdd7c473', '11ccee6a-5e57-44af-8231-3e2afdd7c473', '11ccee6a-5e57-44af-8231-3e2afdd7c473', '11ccee6a-5e57-44af-8231-3e2afdd7c473', '11ccee6a-5e57-44af-8231-3e2afdd7c473', '11ccee6a-5e57-44af-8231-3e2afdd7c473', '11ccee6a-5e57-44af-8231-3e2afdd7c473', '11ccee6a-5e57-44af-8231-3e2afdd7c473', '11ccee6a-5e57-44af-8231-3e2afdd7c473', '11ccee6a-5e57-44af-8231-3e2afdd7c473', '0ca70985-5d52-454e-af5e-a29aa0f14033', '0a87aa77-055d-4f79-88c1-749319abb6c1', '18495fa1-2a0b-44f6-afd1-48c9fb59b1a6', 'ac5deffb-ecf3-43cf-b123-dde223827f2e', 'bcdd834c-3e61-42a9-aa3f-eb8a998a850c', '6c835e79-fda6-4a90-82a3-161ad583d9ad', 'e6ee0a6f-e96d-44e4-a6dc-e868148c0a76', '524a5a3b-04be-4ace-bf85-46324f3ed5f1', '7dc393f9-950a-48b8-8866-4b33459319e4', '6e33bf8d-4132-4e95-89f5-f5705506b9b2', '165ec922-8ead-4211-8428-c532bb844ef7', '56f37777-60e9-446b-9129-f2a96047b19b', '10cefb7c-b545-445f-9260-07acfbbd8f05', '4136ba3f-ba21-40a2-8264-5ae0d50fb21e', 'd778fb1f-62aa-4967-80b4-53ef5abd24be', 'fe4d1bd8-d58f-4412-9624-6f9cc9f0f361', '29f42ef0-763f-4478-bd2f-ab1ba1e92355', '88aa2357-a197-4193-99f1-ab6645bc6055', 'caad3c32-8390-43ca-8d1c-41b51e4a1aa7', '376b446b-bb8f-4abb-a68c-91252452eb12', '66c1eabb-1d48-4319-8e3f-56b0286b1c16', '1b75f560-1106-411a-88d6-b522323fe2c4', 'a4190715-9995-4487-a516-3b24a077b177', '55245762-590b-47e3-937c-602d611340c5', '90c48b29-75cd-4574-b0d7-1cf9c84705c3', 'fdb91366-9fab-47e6-8d56-99de6f1855bc', '86b0e600-19a8-4911-940b-4bd1cab9c2a7', 'b64c451e-15b5-4cad-be44-847e8e206039', '11e37cc4-f5e2-4706-ae9c-d0449beb11c8']"
a24d9636-1628-4191-bd7b-1c0fda5ba198,12,"['1026897b-d100-4824-b205-33f6eb12f6bb', '1026897b-d100-4824-b205-33f6eb12f6bb', '768f2fee-ad2f-4976-bf9c-8c1a1fa1ddf3', '768f2fee-ad2f-4976-bf9c-8c1a1fa1ddf3', '768f2fee-ad2f-4976-bf9c-8c1a1fa1ddf3', '768f2fee-ad2f-4976-bf9c-8c1a1fa1ddf3', '768f2fee-ad2f-4976-bf9c-8c1a1fa1ddf3', '768f2fee-ad2f-4976-bf9c-8c1a1fa1ddf3', '768f2fee-ad2f-4976-bf9c-8c1a1fa1ddf3', '768f2fee-ad2f-4976-bf9c-8c1a1fa1ddf3', '768f2fee-ad2f-4976-bf9c-8c1a1fa1ddf3', '768f2fee-ad2f-4976-bf9c-8c1a1fa1ddf3', '768f2fee-ad2f-4976-bf9c-8c1a1fa1ddf3', '768f2fee-ad2f-4976-bf9c-8c1a1fa1ddf3', '768f2fee-ad2f-4976-bf9c-8c1a1fa1ddf3', '768f2fee-ad2f-4976-bf9c-8c1a1fa1ddf3', '768f2fee-ad2f-4976-bf9c-8c1a1fa1ddf3', '768f2fee-ad2f-4976-bf9c-8c1a1fa1ddf3', '768f2fee-ad2f-4976-bf9c-8c1a1fa1ddf3', '768f2fee-ad2f-4976-bf9c-8c1a1fa1ddf3', '768f2fee-ad2f-4976-bf9c-8c1a1fa1ddf3', '768f2fee-ad2f-4976-bf9c-8c1a1fa1ddf3', '768f2fee-ad2f-4976-bf9c-8c1a1fa1ddf3', '768f2fee-ad2f-4976-bf9c-8c1a1fa1ddf3', '768f2fee-ad2f-4976-bf9c-8c1a1fa1ddf3', '768f2fee-ad2f-4976-bf9c-8c1a1fa1ddf3', '768f2fee-ad2f-4976-bf9c-8c1a1fa1ddf3', '2ab033ba-8af5-4450-8434-b8b411f56064', 'dc5df367-2eb1-4a9b-be44-56c1f9a84847', 'be1a631e-1528-4df4-a2bd-82ed597a8666', 'f0f1bdff-3f3e-4e2f-b436-6dfe3d89be1f', 'd5617942-d76f-4dea-97fb-cf997409cf4b', '13484097-35a0-497e-8281-f11e2314f94a', '62eb265a-7dad-469f-a28d-8039c57538e6', '7fb251b6-b546-4ca9-bd6b-ed530a7bac21', '37a7b687-3b5a-4fcd-b624-97460ffa9e2b', '29420305-6efb-47d4-8ab1-d2de663e8cb2', '5d67490a-38d9-4747-bd98-c533cdb3a7d9', '1b65fbc6-3bfc-4bc3-a8a2-ef6e5e49984b', 'c826c553-fdc2-4b1e-87d2-0bee69fbadd2', 'ac45663f-8c2b-444f-a1e0-b8aae048c832', 'fcf33527-70e2-4713-a8c7-592a0fc9b3bd', '15263790-09a7-4ce4-881c-a19c4e429f0f', '13532cfb-c530-4b27-ada1-8b2a3fc225ec', '4e484475-a2da-4431-bc14-9360a0df1350', '11cdd40b-c737-476d-b2e4-6f4ccf11e308', '1f08d8d6-f4f9-49b3-97be-3d2b5eeb3ca1', '2eea78fd-2e67-44f8-85d2-05f74fb6576f', '5a8e4616-77c9-4bf1-8a15-ef246a7883aa', '3abb75af-e768-4484-a377-521847b93438']"
2faf0d72-ccdf-41c7-8435-937ca82436c7,5,"['1e12b428-971d-44f8-a4c4-977348f42d11', '1e12b428-971d-44f8-a4c4-977348f42d11', '1e12b428-971d-44f8-a4c4-977348f42d11', '1e12b428-971d-44f8-a4c4-977348f42d11', '1e12b428-971d-44f8-a4c4-977348f42d11', '1e12b428-971d-44f8-a4c4-977348f42d11', '1e12b428-971d-44f8-a4c4-977348f42d11', '1e12b428-971d-44f8-a4c4-977348f42d11', '1e12b428-971d-44f8-a4c4-977348f42d11', '1e12b428-971d-44f8-a4c4-977348f42d11', '1e12b428-971d-44f8-a4c4-977348f42d11', '1e12b428-971d-44f8-a4c4-977348f42d11', '1e12b428-971d-44f8-a4c4-977348f42d11', '1e12b428-971d-44f8-a4c4-977348f42d11', '1e12b428-971d-44f8-a4c4-977348f42d11', '1e12b428-971d-44f8-a4c4-977348f42d11', '1e12b428-971d-44f8-a4c4-977348f42d11', '1e12b428-971d-44f8-a4c4-977348f42d11', '1e12b428-971d-44f8-a4c4-977348f42d11', '1e12b428-971d-44f8-a4c4-977348f42d11', '1e12b428-971d-44f8-a4c4-977348f42d11', '1e12b428-971d-44f8-a4c4-977348f42d11', '1e12b428-971d-44f8-a4c4-977348f42d11', '1e12b428-971d-44f8-a4c4-977348f42d11', '1e12b428-971d-44f8-a4c4-977348f42d11', '1e12b428-971d-44f8-a4c4-977348f42d11', '1e12b428-971d-44f8-a4c4-977348f42d11', '1e12b428-971d-44f8-a4c4-977348f42d11', '1e12b428-971d-44f8-a4c4-977348f42d11', '1e12b428-971d-44f8-a4c4-977348f42d11', '1e12b428-971d-44f8-a4c4-977348f42d11', '1e12b428-971d-44f8-a4c4-977348f42d11', '1e12b428-971d-44f8-a4c4-977348f42d11', '1e12b428-971d-44f8-a4c4-977348f42d11', '1e12b428-971d-44f8-a4c4-977348f42d11', '1e12b428-971d-44f8-a4c4-977348f42d11', '1e12b428-971d-44f8-a4c4-977348f42d11', '1e12b428-971d-44f8-a4c4-977348f42d11', '1e12b428-971d-44f8-a4c4-977348f42d11', '1e12b428-971d-44f8-a4c4-977348f42d11', 'e651c49a-c611-4c28-b0b3-4265f8235cec', 'ab675f1d-a1ae-4686-a149-2decf48dd8e9', '022c5a87-e7a0-4ae3-89dd-f553910c94f5', '69f7ac67-faa2-4978-912f-84e5b4f72d13', 'ee31b61e-6916-4b77-b8bc-bd49c5e208f5', '05f29ecd-e2b6-4e23-89a9-96ed6f48017f', 'b92c5a45-28f8-49c5-8cc5-e02dee731c3c', '6a92d54b-567e-4afa-b15a-7eb8db6a3928', '6b7206be-0c02-4e9f-9451-d18d9c8c11ec', '4442c033-c669-49a9-9197-55490b11ee0c']"
b8102286-d8c7-43d5-93eb-b576b2869877,9,"['fab320b7-f66a-4962-83ce-cfcadd3fab3b', 'fab320b7-f66a-4962-83ce-cfcadd3fab3b', 'fab320b7-f66a-4962-83ce-cfcadd3fab3b', 'fab320b7-f66a-4962-83ce-cfcadd3fab3b', 'fab320b7-f66a-4962-83ce-cfcadd3fab3b', 'fab320b7-f66a-4962-83ce-cfcadd3fab3b', 'fab320b7-f66a-4962-83ce-cfcadd3fab3b', 'fab320b7-f66a-4962-83ce-cfcadd3fab3b', 'fab320b7-f66a-4962-83ce-cfcadd3fab3b', 'fab320b7-f66a-4962-83ce-cfcadd3fab3b', 'fab320b7-f66a-4962-83ce-cfcadd3fab3b', 'fab320b7-f66a-4962-83ce-cfcadd3fab3b', 'fab320b7-f66a-4962-83ce-cfcadd3fab3b', 'fab320b7-f66a-4962-83ce-cfcadd3fab3b', 'fab320b7-f66a-4962-83ce-cfcadd3fab3b', 'fab320b7-f66a-4962-83ce-cfcadd3fab3b', 'fab320b7-f66a-4962-83ce-cfcadd3fab3b', 'fab320b7-f66a-4962-83ce-cfcadd3fab3b', 'fab320b7-f66a-4962-83ce-cfcadd3fab3b', 'fab320b7-f66a-4962-83ce-cfcadd3fab3b', 'fab320b7-f66a-4962-83ce-cfcadd3fab3b', 'fab320b7-f66a-4962-83ce-cfcadd3fab3b', 'fab320b7-f66a-4962-83ce-cfcadd3fab3b', 'fab320b7-f66a-4962-83ce-cfcadd3fab3b', 'fab320b7-f66a-4962-83ce-cfcadd3fab3b', 'fab320b7-f66a-4962-83ce-cfcadd3fab3b', 'fab320b7-f66a-4962-83ce-cfcadd3fab3b', 'fab320b7-f66a-4962-83ce-cfcadd3fab3b', 'fab320b7-f66a-4962-83ce-cfcadd3fab3b', 'fab320b7-f66a-4962-83ce-cfcadd3fab3b', 'fab320b7-f66a-4962-83ce-cfcadd3fab3b', 'fab320b7-f66a-4962-83ce-cfcadd3fab3b', 'fab320b7-f66a-4962-83ce-cfcadd3fab3b', 'fab320b7-f66a-4962-83ce-cfcadd3fab3b', 'fab320b7-f66a-4962-83ce-cfcadd3fab3b', 'fab320b7-f66a-4962-83ce-cfcadd3fab3b', 'fab320b7-f66a-4962-83ce-cfcadd3fab3b', 'fab320b7-f66a-4962-83ce-cfcadd3fab3b', 'fab320b7-f66a-4962-83ce-cfcadd3fab3b', 'fab320b7-f66a-4962-83ce-cfcadd3fab3b', 'fab320b7-f66a-4962-83ce-cfcadd3fab3b', 'fab320b7-f66a-4962-83ce-cfcadd3fab3b', 'fab320b7-f66a-4962-83ce-cfcadd3fab3b', '6e4c0c9d-f0e0-4fc9-8283-caaf20e467bd', '0702430b-9b2d-4065-ac6f-f69d7b284f5c', '48fee452-a66d-4fd7-8d2e-19bb7e60bc6c', 'b93d6595-ba7a-4e4d-8baf-8221e205681a', '7e004f5e-e0a9-420f-8f36-60eceba76ee5', 'e44e8911-3e12-432c-8e70-3d806d44b269', 'a483b2ad-c177-4b72-af49-5bde42debf17']"
e364bbb6-4cbb-4973-a0e9-ca180dc93386,10,"['3f43047d-ce56-4aaf-b252-522e418446c3', '3f43047d-ce56-4aaf-b252-522e418446c3', '3f43047d-ce56-4aaf-b252-522e418446c3', '3f43047d-ce56-4aaf-b252-522e418446c3', '3f43047d-ce56-4aaf-b252-522e418446c3', '3f43047d-ce56-4aaf-b252-522e418446c3', '3f43047d-ce56-4aaf-b252-522e418446c3', '3f43047d-ce56-4aaf-b252-522e418446c3', '3f43047d-ce56-4aaf-b252-522e418446c3', '3f43047d-ce56-4aaf-b252-522e418446c3', '3f43047d-ce56-4aaf-b252-522e418446c3', '3f43047d-ce56-4aaf-b252-522e418446c3', '3f43047d-ce56-4aaf-b252-522e418446c3', '3f43047d-ce56-4aaf-b252-522e418446c3', '3f43047d-ce56-4aaf-b252-522e418446c3', '3f43047d-ce56-4aaf-b252-522e418446c3', '3f43047d-ce56-4aaf-b252-522e418446c3', '3f43047d-ce56-4aaf-b252-522e418446c3', '3f43047d-ce56-4aaf-b252-522e418446c3', '3f43047d-ce56-4aaf-b252-522e418446c3', '3f43047d-ce56-4aaf-b252-522e418446c3', '3f43047d-ce56-4aaf-b252-522e418446c3', '3f43047d-ce56-4aaf-b252-522e418446c3', '3f43047d-ce56-4aaf-b252-522e418446c3', '3f43047d-ce56-4aaf-b252-522e418446c3', '3f43047d-ce56-4aaf-b252-522e418446c3', '3f43047d-ce56-4aaf-b252-522e418446c3', '3f43047d-ce56-4aaf-b252-522e418446c3', '3f43047d-ce56-4aaf-b252-522e418446c3', '3f43047d-ce56-4aaf-b252-522e418446c3', '3f43047d-ce56-4aaf-b252-522e418446c3', '3f43047d-ce56-4aaf-b252-522e418446c3', '3f43047d-ce56-4aaf-b252-522e418446c3', '3f43047d-ce56-4aaf-b252-522e418446c3', '08ac7fec-2abc-492c-b20a-7e1eab2ec69f', '3c0a0949-d576-47e9-b4b1-d4bfa5812a5c', '4826fb1e-19dd-4802-b211-9d5dc472e65c', '5271de52-da65-41f0-b351-56b4bec53d6f', 'e620f065-3c3b-4504-839f-56dd70a96ced', '173dea4c-cd5d-4f29-989c-14951d4f2dbd', '359f60cd-6cb5-4055-a8b3-f97b31e66510', '2ef90fa6-69b9-4fef-ac49-56fb7431270b', 'fa0a63ad-2850-4150-a4da-a76f898b3a00', '7113146a-f273-4297-98e7-cb228e4c50dc', 'dbc2d952-aacb-4dd9-a08e-9410a9e8d100', 'f4470e5d-a1a7-4083-9b49-1aace96aa10c', 'e71f68c8-3fc2-4209-80f1-1b6639314db6', 'cd27dab9-c767-451c-afd1-5a3a47197cf8', '76ef6d55-5ff7-494b-b323-412c3f97ddac', '78f71fd5-f471-43d2-8db5-24469d4d7924']"
8676b219-4d75-42a8-9949-196395b35f82,14,"['bce56769-ef36-4274-8c0d-d4d59837d180', 'bce56769-ef36-4274-8c0d-d4d59837d180', 'bce56769-ef36-4274-8c0d-d4d59837d180', 'bce56769-ef36-4274-8c0d-d4d59837d180', 'bce56769-ef36-4274-8c0d-d4d59837d180', 'bce56769-ef36-4274-8c0d-d4d59837d180', 'bce56769-ef36-4274-8c0d-d4d59837d180', 'bce56769-ef36-4274-8c0d-d4d59837d180', 'bce56769-ef36-4274-8c0d-d4d59837d180', 'bce56769-ef36-4274-8c0d-d4d59837d180', 'bce56769-ef36-4274-8c0d-d4d59837d180', 'bce56769-ef36-4274-8c0d-d4d59837d180', 'bce56769-ef36-4274-8c0d-d4d59837d180', 'bce56769-ef36-4274-8c0d-d4d59837d180', 'bce56769-ef36-4274-8c0d-d4d59837d180', 'bce56769-ef36-4274-8c0d-d4d59837d180', 'bce56769-ef36-4274-8c0d-d4d59837d180', 'bce56769-ef36-4274-8c0d-d4d59837d180', 'bce56769-ef36-4274-8c0d-d4d59837d180', 'bce56769-ef36-4274-8c0d-d4d59837d180', 'bce56769-ef36-4274-8c0d-d4d59837d180', 'bce56769-ef36-4274-8c0d-d4d59837d180', 'bce56769-ef36-4274-8c0d-d4d59837d180', 'bce56769-ef36-4274-8c0d-d4d59837d180', 'bce56769-ef36-4274-8c0d-d4d59837d180', 'bce56769-ef36-4274-8c0d-d4d59837d180', 'bce56769-ef36-4274-8c0d-d4d59837d180', 'bce56769-ef36-4274-8c0d-d4d59837d180', 'bce56769-ef36-4274-8c0d-d4d59837d180', '382af7c1-210f-48b8-9d4c-59a5e0bdb298', '5ab7e870-eada-4101-a542-e4219cd9ba07', '848d6cb6-1e1e-4ecd-a06b-a1ef1b096726', 'f0b2dc76-28b9-4266-9e63-ea41d880f230', 'c1bbfb03-9901-447d-bf96-a9e62b7caeaf', 'df61860c-fbff-49f3-b15c-fc79858f1fd4', '43a6fc2e-2f17-4541-b5d4-906bd8bba662', 'cda458a6-be38-4357-b28a-4cccbda435d6', '065f59e9-38b7-4ffe-8720-f7d051a9b77c', 'c58e0566-0119-4fa8-88c5-b9630c65e15c', '2f59687b-8a15-4674-b503-2ccb9358ace5', 'bc0f5f53-9a82-4b07-82f6-5c74db92962e', '0ddf43e8-8dad-4b23-9439-53a7f02f2f2e', '61a247b0-0ef1-4085-b99e-d549252f9972', '50199c2a-e442-4e30-a409-07138c614300', '678674ba-edbc-42e9-a951-87054ca0865d', 'adb1ff52-0ee4-4f0d-a998-65c165d284eb', 'b0f825c2-a1ad-4807-b00a-0ffcae32843b', '88fce060-efcc-4a0d-9c5b-0e6900dfa561', '32abe0af-6c4f-414b-a280-d5a3db57c214', '17a6bc14-d731-4088-833c-fa8639760034']"
a70abf70-001b-4b4f-9c79-56789d37f2a7,10,"['11ccee6a-5e57-44af-8231-3e2afdd7c473', '11ccee6a-5e57-44af-8231-3e2afdd7c473', '11ccee6a-5e57-44af-8231-3e2afdd7c473', '11ccee6a-5e57-44af-8231-3e2afdd7c473', '11ccee6a-5e57-44af-8231-3e2afdd7c473', '11ccee6a-5e57-44af-8231-3e2afdd7c473', '11ccee6a-5e57-44af-8231-3e2afdd7c473', '11ccee6a-5e57-44af-8231-3e2afdd7c473', '11ccee6a-5e57-44af-8231-3e2afdd7c473', '11ccee6a-5e57-44af-8231-3e2afdd7c473', '11ccee6a-5e57-44af-8231-3e2afdd7c473', '11ccee6a-5e57-44af-8231-3e2afdd7c473', '11ccee6a-5e57-44af-8231-3e2afdd7c473', '11ccee6a-5e57-44af-8231-3e2afdd7c473', '11ccee6a-5e57-44af-8231-3e2afdd7c473', '11ccee6a-5e57-44af-8231-3e2afdd7c473', '11ccee6a-5e57-44af-8231-3e2afdd7c473', '11ccee6a-5e57-44af-8231-3e2afdd7c473', '11ccee6a-5e57-44af-8231-3e2afdd7c473', '11ccee6a-5e57-44af-8231-3e2afdd7c473', '11ccee6a-5e57-44af-8231-3e2afdd7c473', '11ccee6a-5e57-44af-8231-3e2afdd7c473', '11ccee6a-5e57-44af-8231-3e2afdd7c473', '11ccee6a-5e57-44af-8231-3e2afdd7c473', '11ccee6a-5e57-44af-8231-3e2afdd7c473', '11ccee6a-5e57-44af-8231-3e2afdd7c473', '11ccee6a-5e57-44af-8231-3e2afdd7c473', '11ccee6a-5e57-44af-8231-3e2afdd7c473', '11ccee6a-5e57-44af-8231-3e2afdd7c473', '11ccee6a-5e57-44af-8231-3e2afdd7c473', '11ccee6a-5e57-44af-8231-3e2afdd7c473', '11ccee6a-5e57-44af-8231-3e2afdd7c473', '11ccee6a-5e57-44af-8231-3e2afdd7c473', '11ccee6a-5e57-44af-8231-3e2afdd7c473', '11ccee6a-5e57-44af-8231-3e2afdd7c473', '11ccee6a-5e57-44af-8231-3e2afdd7c473', '11ccee6a-5e57-44af-8231-3e2afdd7c473', '69362261-adbb-4619-84db-e01ef8586d1e', 'c410c832-4843-4aaa-98da-2fdfb07bd793', '5e252a3b-2fc0-4e03-84ff-99a39e2fa700', '6415be44-3351-4c5b-bc03-76dd32d4d4a9', '84e22674-83b2-468d-91f5-a3cf2e8918a6', '7646251b-fd03-4a1a-a58d-d71772ff0af8', '4ba8e2e8-b9aa-4407-9397-fc394f27ce38', '7d8f7826-eb2b-46f7-9c1d-ddbda56188c6', '636cde13-9f0a-4400-a59e-aaa410e1739f', '471b38a6-6cf9-4b00-a424-4f7c06ae1fd9', 'e924b316-f01b-4786-92c8-17a47b57d65b', 'fce2cc66-8ffb-49f2-8d1f-8eb060d2906a', '33cd48bb-f865-44c7-9465-f0360563ceb4']"
e364bbb6-4cbb-4973-a0e9-ca180dc93386,11,"['3f43047d-ce56-4aaf-b252-522e418446c3', '3f43047d-ce56-4aaf-b252-522e418446c3', '3f43047d-ce56-4aaf-b252-522e418446c3', '3f43047d-ce56-4aaf-b252-522e418446c3', '3f43047d-ce56-4aaf-b252-522e418446c3', '3f43047d-ce56-4aaf-b252-522e418446c3', '3f43047d-ce56-4aaf-b252-522e418446c3', '3f43047d-ce56-4aaf-b252-522e418446c3', '3f43047d-ce56-4aaf-b252-522e418446c3', '3f43047d-ce56-4aaf-b252-522e418446c3', '3f43047d-ce56-4aaf-b252-522e418446c3', '3f43047d-ce56-4aaf-b252-522e418446c3', '3f43047d-ce56-4aaf-b252-522e418446c3', '3f43047d-ce56-4aaf-b252-522e418446c3', '3f43047d-ce56-4aaf-b252-522e418446c3', '3f43047d-ce56-4aaf-b252-522e418446c3', '3f43047d-ce56-4aaf-b252-522e418446c3', '3f43047d-ce56-4aaf-b252-522e418446c3', '3f43047d-ce56-4aaf-b252-522e418446c3', '3f43047d-ce56-4aaf-b252-522e418446c3', '3f43047d-ce56-4aaf-b252-522e418446c3', '3f43047d-ce56-4aaf-b252-522e418446c3', '3f43047d-ce56-4aaf-b252-522e418446c3', '3f43047d-ce56-4aaf-b252-522e418446c3', '3f43047d-ce56-4aaf-b252-522e418446c3', '3f43047d-ce56-4aaf-b252-522e418446c3', '3f43047d-ce56-4aaf-b252-522e418446c3', '3f43047d-ce56-4aaf-b252-522e418446c3', '3f43047d-ce56-4aaf-b252-522e418446c3', '3f43047d-ce56-4aaf-b252-522e418446c3', '08ac7fec-2abc-492c-b20a-7e1eab2ec69f', '3c0a0949-d576-47e9-b4b1-d4bfa5812a5c', '4826fb1e-19dd-4802-b211-9d5dc472e65c', '5271de52-da65-41f0-b351-56b4bec53d6f', 'e620f065-3c3b-4504-839f-56dd70a96ced', '173dea4c-cd5d-4f29-989c-14951d4f2dbd', '359f60cd-6cb5-4055-a8b3-f97b31e66510', '2ef90fa6-69b9-4fef-ac49-56fb7431270b', 'fa0a63ad-2850-4150-a4da-a76f898b3a00', '7113146a-f273-4297-98e7-cb228e4c50dc', 'dbc2d952-aacb-4dd9-a08e-9410a9e8d100', 'f4470e5d-a1a7-4083-9b49-1aace96aa10c', 'e71f68c8-3fc2-4209-80f1-1b6639314db6', 'cd27dab9-c767-451c-afd1-5a3a47197cf8', '78f71fd5-f471-43d2-8db5-24469d4d7924', '250cede5-3f01-4c3b-82f9-605064973292', '465d8d66-76ba-4c53-a94d-6b75d906310f', '9821ebb4-6c22-4df3-9409-2836273cec80', '1303bf75-901f-4e3b-95b0-70dc8be54275', '8cfbf836-1dde-4c15-9be2-543c8b8fc833']"
7e916310-bb41-4c31-9c69-b85f231b69be,14,"['49c243c7-dea9-4fde-84d6-d6eabd59092c', '49c243c7-dea9-4fde-84d6-d6eabd59092c', '49c243c7-dea9-4fde-84d6-d6eabd59092c', '49c243c7-dea9-4fde-84d6-d6eabd59092c', '49c243c7-dea9-4fde-84d6-d6eabd59092c', '49c243c7-dea9-4fde-84d6-d6eabd59092c', '49c243c7-dea9-4fde-84d6-d6eabd59092c', '49c243c7-dea9-4fde-84d6-d6eabd59092c', '49c243c7-dea9-4fde-84d6-d6eabd59092c', '49c243c7-dea9-4fde-84d6-d6eabd59092c', '49c243c7-dea9-4fde-84d6-d6eabd59092c', '49c243c7-dea9-4fde-84d6-d6eabd59092c', '49c243c7-dea9-4fde-84d6-d6eabd59092c', '49c243c7-dea9-4fde-84d6-d6eabd59092c', '49c243c7-dea9-4fde-84d6-d6eabd59092c', '49c243c7-dea9-4fde-84d6-d6eabd59092c', '49c243c7-dea9-4fde-84d6-d6eabd59092c', '7f652aa2-2783-4739-9fd3-f30f34c37844', '2029f5fa-2268-4a23-8bcf-55b22fe4e35f', '69431dcb-baf7-409e-8dc1-3bc881b9209d', '9d559b51-b360-49cf-a162-42ee153fe922', 'e0a12fcd-f041-4602-ab63-82e3321d9dc3', 'adce3f65-ba0c-48d5-a7cb-3b4682f02c39', '166c792f-b1b2-449a-a164-8d13be1d0beb', '356fe975-75d5-4fea-91f1-ba7b15d7e487', '51ce7a50-39da-41d4-9393-b29326ec2e96', '60c38a24-c01e-4a79-b369-c2df6f6fe086', '1162ca48-8499-4e52-9299-789b9fb9944b', '3dcda814-8064-4e9c-9ab5-ff9fcecff725', '2c7f4632-aea9-45b4-a5f7-f4535dd2611b', '6adbf132-ca11-4b32-982d-4f3b14aac63c', 'a5348376-7c19-4bef-8eb8-adb2c73c326e', '4141964f-4f36-4911-8bac-274bb9e670c8', '521d3e3e-d558-4b8f-9e56-8a7de28da6a7', 'fdbba969-5603-42c9-90f4-0d939a68e8dd', 'a8848b92-1446-4053-8fe8-223d7e557324', '67928df0-bbae-4f62-832b-d4bde5caace7', 'ef8af6c3-26e5-4766-abc6-1f9be7ec93ab', '50966a2f-44ea-44ae-8bc1-0511cf86788a', '27493b11-ea91-48ab-9ab1-3a761f90b92e', '13ff3320-1e4d-49e2-8635-85cf143ea269', '5859d9eb-c7d6-4b77-8743-49dde373060b', 'dd1e42a5-1880-45c2-bc75-4328b86d4fba', 'd949e6e6-1039-49cd-976f-afda93821c78', '1582a383-2ad8-4306-b9e8-6c3adff31a18', '1384b560-74b5-4ee1-bf42-c369c1bf17df', 'b601b114-ef8d-4784-9df3-83acee60d37c', '55ab133e-8d81-4824-b6db-b44e6c7443ba', '216d4f03-acc7-4575-ac1d-8dccbc4dce27', '0e18eb64-1ced-42f3-8549-0d0093bc5f9a']"
a24d9636-1628-4191-bd7b-1c0fda5ba198,13,"['1026897b-d100-4824-b205-33f6eb12f6bb', '768f2fee-ad2f-4976-bf9c-8c1a1fa1ddf3', '768f2fee-ad2f-4976-bf9c-8c1a1fa1ddf3', '768f2fee-ad2f-4976-bf9c-8c1a1fa1ddf3', '768f2fee-ad2f-4976-bf9c-8c1a1fa1ddf3', '768f2fee-ad2f-4976-bf9c-8c1a1fa1ddf3', '768f2fee-ad2f-4976-bf9c-8c1a1fa1ddf3', '768f2fee-ad2f-4976-bf9c-8c1a1fa1ddf3', '768f2fee-ad2f-4976-bf9c-8c1a1fa1ddf3', '768f2fee-ad2f-4976-bf9c-8c1a1fa1ddf3', '768f2fee-ad2f-4976-bf9c-8c1a1fa1ddf3', '768f2fee-ad2f-4976-bf9c-8c1a1fa1ddf3', '768f2fee-ad2f-4976-bf9c-8c1a1fa1ddf3', '768f2fee-ad2f-4976-bf9c-8c1a1fa1ddf3', '768f2fee-ad2f-4976-bf9c-8c1a1fa1ddf3', '768f2fee-ad2f-4976-bf9c-8c1a1fa1ddf3', '768f2fee-ad2f-4976-bf9c-8c1a1fa1ddf3', '768f2fee-ad2f-4976-bf9c-8c1a1fa1ddf3', '768f2fee-ad2f-4976-bf9c-8c1a1fa1ddf3', '768f2fee-ad2f-4976-bf9c-8c1a1fa1ddf3', '768f2fee-ad2f-4976-bf9c-8c1a1fa1ddf3', '768f2fee-ad2f-4976-bf9c-8c1a1fa1ddf3', '768f2fee-ad2f-4976-bf9c-8c1a1fa1ddf3', '2ab033ba-8af5-4450-8434-b8b411f56064', 'dc5df367-2eb1-4a9b-be44-56c1f9a84847', 'be1a631e-1528-4df4-a2bd-82ed597a8666', 'f0f1bdff-3f3e-4e2f-b436-6dfe3d89be1f', '13484097-35a0-497e-8281-f11e2314f94a', '62eb265a-7dad-469f-a28d-8039c57538e6', '29420305-6efb-47d4-8ab1-d2de663e8cb2', '5d67490a-38d9-4747-bd98-c533cdb3a7d9', '1b65fbc6-3bfc-4bc3-a8a2-ef6e5e49984b', 'ac45663f-8c2b-444f-a1e0-b8aae048c832', 'fcf33527-70e2-4713-a8c7-592a0fc9b3bd', '15263790-09a7-4ce4-881c-a19c4e429f0f', '4e484475-a2da-4431-bc14-9360a0df1350', '1f08d8d6-f4f9-49b3-97be-3d2b5eeb3ca1', '2eea78fd-2e67-44f8-85d2-05f74fb6576f', '5a8e4616-77c9-4bf1-8a15-ef246a7883aa', '3abb75af-e768-4484-a377-521847b93438', 'c1e62121-a37e-4535-9480-3a4dbb7ec04d', '989c99f6-127c-4aed-999a-735e55f283fb', 'f3b6ec8c-de30-4ddd-8d43-16f8543e1311', 'bb84ae00-1712-4468-8ef6-6b4384bf87e0', '82b8d56c-971c-433a-8ddd-71921ff297ea', 'c6cf9895-27ac-4758-82b8-49a4043ec2b6', 'e9978c75-7e18-4ce1-a76b-bb3fc0fec1ec', 'dcadba40-9c27-48e6-a8ba-5765c7a9a8bb', 'a3b0e1fb-e265-4a96-a732-4df3de905438', '46daef71-367a-4f9b-906d-65420ca1d883']"
b8102286-d8c7-43d5-93eb-b576b2869877,10,"['fab320b7-f66a-4962-83ce-cfcadd3fab3b', 'fab320b7-f66a-4962-83ce-cfcadd3fab3b', 'fab320b7-f66a-4962-83ce-cfcadd3fab3b', 'fab320b7-f66a-4962-83ce-cfcadd3fab3b', 'fab320b7-f66a-4962-83ce-cfcadd3fab3b', 'fab320b7-f66a-4962-83ce-cfcadd3fab3b', 'fab320b7-f66a-4962-83ce-cfcadd3fab3b', 'fab320b7-f66a-4962-83ce-cfcadd3fab3b', 'fab320b7-f66a-4962-83ce-cfcadd3fab3b', 'fab320b7-f66a-4962-83ce-cfcadd3fab3b', 'fab320b7-f66a-4962-83ce-cfcadd3fab3b', 'fab320b7-f66a-4962-83ce-cfcadd3fab3b', 'fab320b7-f66a-4962-83ce-cfcadd3fab3b', 'fab320b7-f66a-4962-83ce-cfcadd3fab3b', 'fab320b7-f66a-4962-83ce-cfcadd3fab3b', 'fab320b7-f66a-4962-83ce-cfcadd3fab3b', 'fab320b7-f66a-4962-83ce-cfcadd3fab3b', 'fab320b7-f66a-4962-83ce-cfcadd3fab3b', 'fab320b7-f66a-4962-83ce-cfcadd3fab3b', 'fab320b7-f66a-4962-83ce-cfcadd3fab3b', 'fab320b7-f66a-4962-83ce-cfcadd3fab3b', 'fab320b7-f66a-4962-83ce-cfcadd3fab3b', 'fab320b7-f66a-4962-83ce-cfcadd3fab3b', 'fab320b7-f66a-4962-83ce-cfcadd3fab3b', 'fab320b7-f66a-4962-83ce-cfcadd3fab3b', 'fab320b7-f66a-4962-83ce-cfcadd3fab3b', 'fab320b7-f66a-4962-83ce-cfcadd3fab3b', 'fab320b7-f66a-4962-83ce-cfcadd3fab3b', 'fab320b7-f66a-4962-83ce-cfcadd3fab3b', 'fab320b7-f66a-4962-83ce-cfcadd3fab3b', 'fab320b7-f66a-4962-83ce-cfcadd3fab3b', 'fab320b7-f66a-4962-83ce-cfcadd3fab3b', 'fab320b7-f66a-4962-83ce-cfcadd3fab3b', 'fab320b7-f66a-4962-83ce-cfcadd3fab3b', '6e4c0c9d-f0e0-4fc9-8283-caaf20e467bd', '0702430b-9b2d-4065-ac6f-f69d7b284f5c', '48fee452-a66d-4fd7-8d2e-19bb7e60bc6c', 'b93d6595-ba7a-4e4d-8baf-8221e205681a', '7e004f5e-e0a9-420f-8f36-60eceba76ee5', 'e44e8911-3e12-432c-8e70-3d806d44b269', '2d70f303-9439-4a8f-983f-4a5d87940712', 'f138fd4b-a4e5-42ea-8df1-96b3d1468622', '2cdded1c-009c-43b7-bc5c-59dd7775b784', 'a6465139-e57b-41f1-b3cd-1522f1c3b767', 'e358ee1c-c83b-4049-b937-5044f46b85e7', 'ce64bde3-7f9e-4108-a4e1-e5e4bd72023d', '0010301c-f6e4-40e6-b404-3ed9a29cfc16', '912654d5-c07a-4dd8-a1cc-2efe6c0cdc87', '52cf1c73-28ce-41d8-bba7-ad2dfd43eee1', '709af7d8-fa62-4016-949f-76b480753741']"
2faf0d72-ccdf-41c7-8435-937ca82436c7,6,"['1e12b428-971d-44f8-a4c4-977348f42d11', '1e12b428-971d-44f8-a4c4-977348f42d11', '1e12b428-971d-44f8-a4c4-977348f42d11', '1e12b428-971d-44f8-a4c4-977348f42d11', '1e12b428-971d-44f8-a4c4-977348f42d11', '1e12b428-971d-44f8-a4c4-977348f42d11', '1e12b428-971d-44f8-a4c4-977348f42d11', '1e12b428-971d-44f8-a4c4-977348f42d11', '1e12b428-971d-44f8-a4c4-977348f42d11', '1e12b428-971d-44f8-a4c4-977348f42d11', '1e12b428-971d-44f8-a4c4-977348f42d11', '1e12b428-971d-44f8-a4c4-977348f42d11', '1e12b428-971d-44f8-a4c4-977348f42d11', '1e12b428-971d-44f8-a4c4-977348f42d11', '1e12b428-971d-44f8-a4c4-977348f42d11', '1e12b428-971d-44f8-a4c4-977348f42d11', '1e12b428-971d-44f8-a4c4-977348f42d11', '1e12b428-971d-44f8-a4c4-977348f42d11', '1e12b428-971d-44f8-a4c4-977348f42d11', '1e12b428-971d-44f8-a4c4-977348f42d11', '1e12b428-971d-44f8-a4c4-977348f42d11', '1e12b428-971d-44f8-a4c4-977348f42d11', '1e12b428-971d-44f8-a4c4-977348f42d11', '1e12b428-971d-44f8-a4c4-977348f42d11', '1e12b428-971d-44f8-a4c4-977348f42d11', '1e12b428-971d-44f8-a4c4-977348f42d11', '1e12b428-971d-44f8-a4c4-977348f42d11', '1e12b428-971d-44f8-a4c4-977348f42d11', '1e12b428-971d-44f8-a4c4-977348f42d11', '1e12b428-971d-44f8-a4c4-977348f42d11', '1e12b428-971d-44f8-a4c4-977348f42d11', '1e12b428-971d-44f8-a4c4-977348f42d11', '1e12b428-971d-44f8-a4c4-977348f42d11', 'e651c49a-c611-4c28-b0b3-4265f8235cec', '022c5a87-e7a0-4ae3-89dd-f553910c94f5', '05f29ecd-e2b6-4e23-89a9-96ed6f48017f', '6a92d54b-567e-4afa-b15a-7eb8db6a3928', '6b7206be-0c02-4e9f-9451-d18d9c8c11ec', '4442c033-c669-49a9-9197-55490b11ee0c', 'e59fdd97-0ab0-4514-bbbe-d4f293a613f6', '24cf7804-0d57-4279-b3ff-22d12d7bad51', '2efb4a20-0df1-41bb-85fe-4cf92a47dd68', 'c476d5b2-d45a-49aa-9bcc-44e5dbf57038', '3cfdeeda-f444-4f15-88d8-961016fc2345', 'e8ba459a-f040-4994-bd9b-f18bef424331', '43b88aee-96c5-49ec-89a3-92809f514d06', '3fc9b35b-d097-40c9-ac88-cd352a896afd', 'c50a2e25-8bcc-4551-8e4a-b5ab63c31720', 'e0a8f0f5-a226-4bda-a925-5ee5279edc20', '8dedc710-d78b-4465-b718-631260e652f2']"
8676b219-4d75-42a8-9949-196395b35f82,15,"['bce56769-ef36-4274-8c0d-d4d59837d180', 'bce56769-ef36-4274-8c0d-d4d59837d180', 'bce56769-ef36-4274-8c0d-d4d59837d180', 'bce56769-ef36-4274-8c0d-d4d59837d180', 'bce56769-ef36-4274-8c0d-d4d59837d180', 'bce56769-ef36-4274-8c0d-d4d59837d180', 'bce56769-ef36-4274-8c0d-d4d59837d180', 'bce56769-ef36-4274-8c0d-d4d59837d180', 'bce56769-ef36-4274-8c0d-d4d59837d180', 'bce56769-ef36-4274-8c0d-d4d59837d180', 'bce56769-ef36-4274-8c0d-d4d59837d180', 'bce56769-ef36-4274-8c0d-d4d59837d180', 'bce56769-ef36-4274-8c0d-d4d59837d180', 'bce56769-ef36-4274-8c0d-d4d59837d180', 'bce56769-ef36-4274-8c0d-d4d59837d180', 'bce56769-ef36-4274-8c0d-d4d59837d180', 'bce56769-ef36-4274-8c0d-d4d59837d180', 'bce56769-ef36-4274-8c0d-d4d59837d180', 'bce56769-ef36-4274-8c0d-d4d59837d180', 'bce56769-ef36-4274-8c0d-d4d59837d180', 'bce56769-ef36-4274-8c0d-d4d59837d180', 'bce56769-ef36-4274-8c0d-d4d59837d180', 'bce56769-ef36-4274-8c0d-d4d59837d180', '5ab7e870-eada-4101-a542-e4219cd9ba07', 'f0b2dc76-28b9-4266-9e63-ea41d880f230', 'c1bbfb03-9901-447d-bf96-a9e62b7caeaf', 'df61860c-fbff-49f3-b15c-fc79858f1fd4', '43a6fc2e-2f17-4541-b5d4-906bd8bba662', 'cda458a6-be38-4357-b28a-4cccbda435d6', '065f59e9-38b7-4ffe-8720-f7d051a9b77c', 'c58e0566-0119-4fa8-88c5-b9630c65e15c', 'bc0f5f53-9a82-4b07-82f6-5c74db92962e', '0ddf43e8-8dad-4b23-9439-53a7f02f2f2e', '61a247b0-0ef1-4085-b99e-d549252f9972', '50199c2a-e442-4e30-a409-07138c614300', '678674ba-edbc-42e9-a951-87054ca0865d', 'adb1ff52-0ee4-4f0d-a998-65c165d284eb', 'b0f825c2-a1ad-4807-b00a-0ffcae32843b', '88fce060-efcc-4a0d-9c5b-0e6900dfa561', '32abe0af-6c4f-414b-a280-d5a3db57c214', '17a6bc14-d731-4088-833c-fa8639760034', '55750480-5ce8-4e6b-8665-563a89a75dde', '2fa1b2db-71d9-4db1-8c22-1bb6a53c1e01', '32661889-4328-4a52-abe4-db7e81524b81', '56ff0121-e899-4961-a473-c9d1f1ccb8fb', 'b4486c72-2959-447e-bed8-3c285c7af645', 'bede7da6-2775-4161-98ed-3abb0df989df', '0363df8b-db10-4d6b-9abd-76b4e69ebc76', '98fadc6f-7f02-4c46-a4f9-cde6c10459b0', 'eed2bff4-de76-4995-b51b-d2a13d1d3ca4']"
a70abf70-001b-4b4f-9c79-56789d37f2a7,11,"['11ccee6a-5e57-44af-8231-3e2afdd7c473', '11ccee6a-5e57-44af-8231-3e2afdd7c473', '11ccee6a-5e57-44af-8231-3e2afdd7c473', '11ccee6a-5e57-44af-8231-3e2afdd7c473', '11ccee6a-5e57-44af-8231-3e2afdd7c473', '11ccee6a-5e57-44af-8231-3e2afdd7c473', '11ccee6a-5e57-44af-8231-3e2afdd7c473', '11ccee6a-5e57-44af-8231-3e2afdd7c473', '11ccee6a-5e57-44af-8231-3e2afdd7c473', '11ccee6a-5e57-44af-8231-3e2afdd7c473', '11ccee6a-5e57-44af-8231-3e2afdd7c473', '11ccee6a-5e57-44af-8231-3e2afdd7c473', '11ccee6a-5e57-44af-8231-3e2afdd7c473', '11ccee6a-5e57-44af-8231-3e2afdd7c473', '11ccee6a-5e57-44af-8231-3e2afdd7c473', '11ccee6a-5e57-44af-8231-3e2afdd7c473', '11ccee6a-5e57-44af-8231-3e2afdd7c473', '11ccee6a-5e57-44af-8231-3e2afdd7c473', '11ccee6a-5e57-44af-8231-3e2afdd7c473', '11ccee6a-5e57-44af-8231-3e2afdd7c473', '11ccee6a-5e57-44af-8231-3e2afdd7c473', '11ccee6a-5e57-44af-8231-3e2afdd7c473', '11ccee6a-5e57-44af-8231-3e2afdd7c473', '11ccee6a-5e57-44af-8231-3e2afdd7c473', '11ccee6a-5e57-44af-8231-3e2afdd7c473', '11ccee6a-5e57-44af-8231-3e2afdd7c473', '11ccee6a-5e57-44af-8231-3e2afdd7c473', '11ccee6a-5e57-44af-8231-3e2afdd7c473', '11ccee6a-5e57-44af-8231-3e2afdd7c473', '11ccee6a-5e57-44af-8231-3e2afdd7c473', '11ccee6a-5e57-44af-8231-3e2afdd7c473', '11ccee6a-5e57-44af-8231-3e2afdd7c473', '69362261-adbb-4619-84db-e01ef8586d1e', 'c410c832-4843-4aaa-98da-2fdfb07bd793', '5e252a3b-2fc0-4e03-84ff-99a39e2fa700', '6415be44-3351-4c5b-bc03-76dd32d4d4a9', '84e22674-83b2-468d-91f5-a3cf2e8918a6', '7646251b-fd03-4a1a-a58d-d71772ff0af8', '4ba8e2e8-b9aa-4407-9397-fc394f27ce38', '7d8f7826-eb2b-46f7-9c1d-ddbda56188c6', '636cde13-9f0a-4400-a59e-aaa410e1739f', '471b38a6-6cf9-4b00-a424-4f7c06ae1fd9', 'fce2cc66-8ffb-49f2-8d1f-8eb060d2906a', 'f3fd4e38-ad27-48be-b36f-b100de619ff4', '3160c915-9ae4-4d19-966d-d0ed6bca7748', 'b84d495e-996a-4217-88e2-626ecafcd32f', 'cbb410a2-1263-4538-a38c-efe6acb3069d', '5d754e6b-4e4c-4a88-a191-91041c764d74', 'ce88ed3d-ebaa-4b64-a2b6-f0341c6df2f6', '568cf16a-7434-49e1-affb-c9c01e956a53']"
a24d9636-1628-4191-bd7b-1c0fda5ba198,14,"['768f2fee-ad2f-4976-bf9c-8c1a1fa1ddf3', '768f2fee-ad2f-4976-bf9c-8c1a1fa1ddf3', '768f2fee-ad2f-4976-bf9c-8c1a1fa1ddf3', '768f2fee-ad2f-4976-bf9c-8c1a1fa1ddf3', '768f2fee-ad2f-4976-bf9c-8c1a1fa1ddf3', '768f2fee-ad2f-4976-bf9c-8c1a1fa1ddf3', '768f2fee-ad2f-4976-bf9c-8c1a1fa1ddf3', '768f2fee-ad2f-4976-bf9c-8c1a1fa1ddf3', '768f2fee-ad2f-4976-bf9c-8c1a1fa1ddf3', '768f2fee-ad2f-4976-bf9c-8c1a1fa1ddf3', '768f2fee-ad2f-4976-bf9c-8c1a1fa1ddf3', '768f2fee-ad2f-4976-bf9c-8c1a1fa1ddf3', '768f2fee-ad2f-4976-bf9c-8c1a1fa1ddf3', '768f2fee-ad2f-4976-bf9c-8c1a1fa1ddf3', '768f2fee-ad2f-4976-bf9c-8c1a1fa1ddf3', '768f2fee-ad2f-4976-bf9c-8c1a1fa1ddf3', '768f2fee-ad2f-4976-bf9c-8c1a1fa1ddf3', '768f2fee-ad2f-4976-bf9c-8c1a1fa1ddf3', '768f2fee-ad2f-4976-bf9c-8c1a1fa1ddf3', '768f2fee-ad2f-4976-bf9c-8c1a1fa1ddf3', '768f2fee-ad2f-4976-bf9c-8c1a1fa1ddf3', '768f2fee-ad2f-4976-bf9c-8c1a1fa1ddf3', '768f2fee-ad2f-4976-bf9c-8c1a1fa1ddf3', '768f2fee-ad2f-4976-bf9c-8c1a1fa1ddf3', '768f2fee-ad2f-4976-bf9c-8c1a1fa1ddf3', '768f2fee-ad2f-4976-bf9c-8c1a1fa1ddf3', '768f2fee-ad2f-4976-bf9c-8c1a1fa1ddf3', '768f2fee-ad2f-4976-bf9c-8c1a1fa1ddf3', '768f2fee-ad2f-4976-bf9c-8c1a1fa1ddf3', '768f2fee-ad2f-4976-bf9c-8c1a1fa1ddf3', '768f2fee-ad2f-4976-bf9c-8c1a1fa1ddf3', '768f2fee-ad2f-4976-bf9c-8c1a1fa1ddf3', '768f2fee-ad2f-4976-bf9c-8c1a1fa1ddf3', '768f2fee-ad2f-4976-bf9c-8c1a1fa1ddf3', '768f2fee-ad2f-4976-bf9c-8c1a1fa1ddf3', '768f2fee-ad2f-4976-bf9c-8c1a1fa1ddf3', '768f2fee-ad2f-4976-bf9c-8c1a1fa1ddf3', '768f2fee-ad2f-4976-bf9c-8c1a1fa1ddf3', '768f2fee-ad2f-4976-bf9c-8c1a1fa1ddf3', '768f2fee-ad2f-4976-bf9c-8c1a1fa1ddf3', 'c1e62121-a37e-4535-9480-3a4dbb7ec04d', '29911b61-9dac-4927-bf6d-d542d5d3faf2', '3c5007ac-caf0-4298-a194-bb6c559616ca', 'b20fe0d8-5d1e-4f1a-932a-368da39c8188', '1224cb09-fbb7-4573-bbf2-b721d0f5a8f8', '8b04f5b0-ce39-48bc-8fda-8d2aa4d95510', '91895457-4d61-43c0-92cb-3b10de88c728', '5b78657b-d878-4512-af27-eb0826af978e', 'f39aaca0-72ed-4a7f-8a80-725f8c17c912', '11bd1691-5775-457a-addc-267ef8c66932']"
e364bbb6-4cbb-4973-a0e9-ca180dc93386,12,"['3f43047d-ce56-4aaf-b252-522e418446c3', '3f43047d-ce56-4aaf-b252-522e418446c3', '3f43047d-ce56-4aaf-b252-522e418446c3', '3f43047d-ce56-4aaf-b252-522e418446c3', '3f43047d-ce56-4aaf-b252-522e418446c3', '3f43047d-ce56-4aaf-b252-522e418446c3', '3f43047d-ce56-4aaf-b252-522e418446c3', '3f43047d-ce56-4aaf-b252-522e418446c3', '3f43047d-ce56-4aaf-b252-522e418446c3', '3f43047d-ce56-4aaf-b252-522e418446c3', '3f43047d-ce56-4aaf-b252-522e418446c3', '3f43047d-ce56-4aaf-b252-522e418446c3', '3f43047d-ce56-4aaf-b252-522e418446c3', '3f43047d-ce56-4aaf-b252-522e418446c3', '3f43047d-ce56-4aaf-b252-522e418446c3', '3f43047d-ce56-4aaf-b252-522e418446c3', '3f43047d-ce56-4aaf-b252-522e418446c3', '3f43047d-ce56-4aaf-b252-522e418446c3', '3f43047d-ce56-4aaf-b252-522e418446c3', '08ac7fec-2abc-492c-b20a-7e1eab2ec69f', '3c0a0949-d576-47e9-b4b1-d4bfa5812a5c', '4826fb1e-19dd-4802-b211-9d5dc472e65c', '5271de52-da65-41f0-b351-56b4bec53d6f', 'e620f065-3c3b-4504-839f-56dd70a96ced', '173dea4c-cd5d-4f29-989c-14951d4f2dbd', '359f60cd-6cb5-4055-a8b3-f97b31e66510', '2ef90fa6-69b9-4fef-ac49-56fb7431270b', 'fa0a63ad-2850-4150-a4da-a76f898b3a00', '7113146a-f273-4297-98e7-cb228e4c50dc', 'dbc2d952-aacb-4dd9-a08e-9410a9e8d100', 'f4470e5d-a1a7-4083-9b49-1aace96aa10c', 'e71f68c8-3fc2-4209-80f1-1b6639314db6', '78f71fd5-f471-43d2-8db5-24469d4d7924', '250cede5-3f01-4c3b-82f9-605064973292', '465d8d66-76ba-4c53-a94d-6b75d906310f', '1303bf75-901f-4e3b-95b0-70dc8be54275', '8cfbf836-1dde-4c15-9be2-543c8b8fc833', 'e0b05ce2-7bd1-4883-b88e-2ae9bad3ecc6', '23da469b-5392-4685-ad74-9a981bc55e75', '6b8ffa1c-65c9-47f9-a2b5-a3b5f49e53bb', '9485db9c-8abe-46c2-bc64-c025b2ca2631', 'c6b01554-5bff-4cfd-ba0f-fe3dc0da2f6a', 'f826632f-b0dd-411e-a476-d3eb4b3b5843', '3712e8da-ef15-49fb-9422-60d69c09df6d', 'a6236797-7224-4590-a369-37fc63fba051', '03a91d5a-e4c1-4567-8178-486df79794f6', '91a23941-3c54-419b-9dae-1be5c87460e6', '837c0b68-f3af-42b6-a5c6-1815e3852e20', '6ffa6204-3d19-40af-a5b8-3a43775b7eb7', '4910ab32-c9fe-4c73-8aac-a62c076a1281']"
7e916310-bb41-4c31-9c69-b85f231b69be,15,"['49c243c7-dea9-4fde-84d6-d6eabd59092c', '49c243c7-dea9-4fde-84d6-d6eabd59092c', '49c243c7-dea9-4fde-84d6-d6eabd59092c', '49c243c7-dea9-4fde-84d6-d6eabd59092c', '49c243c7-dea9-4fde-84d6-d6eabd59092c', '49c243c7-dea9-4fde-84d6-d6eabd59092c', '49c243c7-dea9-4fde-84d6-d6eabd59092c', '49c243c7-dea9-4fde-84d6-d6eabd59092c', '49c243c7-dea9-4fde-84d6-d6eabd59092c', '49c243c7-dea9-4fde-84d6-d6eabd59092c', '49c243c7-dea9-4fde-84d6-d6eabd59092c', '49c243c7-dea9-4fde-84d6-d6eabd59092c', '49c243c7-dea9-4fde-84d6-d6eabd59092c', '49c243c7-dea9-4fde-84d6-d6eabd59092c', '49c243c7-dea9-4fde-84d6-d6eabd59092c', '49c243c7-dea9-4fde-84d6-d6eabd59092c', '49c243c7-dea9-4fde-84d6-d6eabd59092c', '49c243c7-dea9-4fde-84d6-d6eabd59092c', '49c243c7-dea9-4fde-84d6-d6eabd59092c', '49c243c7-dea9-4fde-84d6-d6eabd59092c', '49c243c7-dea9-4fde-84d6-d6eabd59092c', '49c243c7-dea9-4fde-84d6-d6eabd59092c', '49c243c7-dea9-4fde-84d6-d6eabd59092c', '49c243c7-dea9-4fde-84d6-d6eabd59092c', '49c243c7-dea9-4fde-84d6-d6eabd59092c', '49c243c7-dea9-4fde-84d6-d6eabd59092c', '49c243c7-dea9-4fde-84d6-d6eabd59092c', '49c243c7-dea9-4fde-84d6-d6eabd59092c', '49c243c7-dea9-4fde-84d6-d6eabd59092c', '49c243c7-dea9-4fde-84d6-d6eabd59092c', '49c243c7-dea9-4fde-84d6-d6eabd59092c', '49c243c7-dea9-4fde-84d6-d6eabd59092c', '49c243c7-dea9-4fde-84d6-d6eabd59092c', '49c243c7-dea9-4fde-84d6-d6eabd59092c', '49c243c7-dea9-4fde-84d6-d6eabd59092c', '49c243c7-dea9-4fde-84d6-d6eabd59092c', 'd949e6e6-1039-49cd-976f-afda93821c78', 'd949e6e6-1039-49cd-976f-afda93821c78', 'a0c5d9f4-81fb-4751-9dc1-bbc9bf9175c2', '1c46a8b1-0e5d-4da0-90b3-db28750f518f', '1f014852-3bfd-4596-a10a-62fc6e8d6f99', '16daa0fe-c682-40d9-8962-4dd8c3f616a3', '3e373f76-0ae1-41d8-a58d-c05c7b8094dd', '0ce5b4ed-5ffc-40eb-8b4c-1e58b10a9f63', '9055940b-5d74-4359-9721-dc31ac951882', '84074600-f932-436b-bf5b-9e7623eed6eb', '3003bcbd-5533-4649-bf14-da72aeab66ce', '64bae0a3-c621-4d65-836b-b61a140e44a8', '799aec2b-5457-4ca4-8367-e3f3a966fc29', 'b0c0c73a-0509-4560-871c-69f4d9c9a89b']"
a70abf70-001b-4b4f-9c79-56789d37f2a7,12,"['11ccee6a-5e57-44af-8231-3e2afdd7c473', '11ccee6a-5e57-44af-8231-3e2afdd7c473', '11ccee6a-5e57-44af-8231-3e2afdd7c473', '11ccee6a-5e57-44af-8231-3e2afdd7c473', '11ccee6a-5e57-44af-8231-3e2afdd7c473', '11ccee6a-5e57-44af-8231-3e2afdd7c473', '11ccee6a-5e57-44af-8231-3e2afdd7c473', '11ccee6a-5e57-44af-8231-3e2afdd7c473', '11ccee6a-5e57-44af-8231-3e2afdd7c473', '11ccee6a-5e57-44af-8231-3e2afdd7c473', '11ccee6a-5e57-44af-8231-3e2afdd7c473', '11ccee6a-5e57-44af-8231-3e2afdd7c473', '11ccee6a-5e57-44af-8231-3e2afdd7c473', '11ccee6a-5e57-44af-8231-3e2afdd7c473', '11ccee6a-5e57-44af-8231-3e2afdd7c473', '11ccee6a-5e57-44af-8231-3e2afdd7c473', '11ccee6a-5e57-44af-8231-3e2afdd7c473', '11ccee6a-5e57-44af-8231-3e2afdd7c473', '11ccee6a-5e57-44af-8231-3e2afdd7c473', '11ccee6a-5e57-44af-8231-3e2afdd7c473', '11ccee6a-5e57-44af-8231-3e2afdd7c473', '11ccee6a-5e57-44af-8231-3e2afdd7c473', '11ccee6a-5e57-44af-8231-3e2afdd7c473', '11ccee6a-5e57-44af-8231-3e2afdd7c473', '11ccee6a-5e57-44af-8231-3e2afdd7c473', '11ccee6a-5e57-44af-8231-3e2afdd7c473', '11ccee6a-5e57-44af-8231-3e2afdd7c473', '11ccee6a-5e57-44af-8231-3e2afdd7c473', '69362261-adbb-4619-84db-e01ef8586d1e', 'c410c832-4843-4aaa-98da-2fdfb07bd793', '5e252a3b-2fc0-4e03-84ff-99a39e2fa700', '6415be44-3351-4c5b-bc03-76dd32d4d4a9', '84e22674-83b2-468d-91f5-a3cf2e8918a6', '4ba8e2e8-b9aa-4407-9397-fc394f27ce38', '7d8f7826-eb2b-46f7-9c1d-ddbda56188c6', '636cde13-9f0a-4400-a59e-aaa410e1739f', '471b38a6-6cf9-4b00-a424-4f7c06ae1fd9', 'fce2cc66-8ffb-49f2-8d1f-8eb060d2906a', 'f3fd4e38-ad27-48be-b36f-b100de619ff4', 'cbb410a2-1263-4538-a38c-efe6acb3069d', '5d754e6b-4e4c-4a88-a191-91041c764d74', 'ce88ed3d-ebaa-4b64-a2b6-f0341c6df2f6', '098c9683-aab7-433e-a60d-ad043e997819', '5cc8243e-30a8-4bda-9637-0652d8bfdeb4', '66ed62c1-43c7-4976-ba8d-69eac9df9227', '7336b637-e12c-4149-99c3-60cfbed2d197', 'bf8261a7-5574-4002-bdd6-63c6267470f8', '92ba8e55-6118-41f9-a986-3780cf3e4914', '107628dd-0de6-48a4-a969-0a4a3b755779', '01452b88-783b-42b8-b1c9-a81d074de18a']"
2faf0d72-ccdf-41c7-8435-937ca82436c7,7,"['1e12b428-971d-44f8-a4c4-977348f42d11', '1e12b428-971d-44f8-a4c4-977348f42d11', '1e12b428-971d-44f8-a4c4-977348f42d11', '1e12b428-971d-44f8-a4c4-977348f42d11', '1e12b428-971d-44f8-a4c4-977348f42d11', '1e12b428-971d-44f8-a4c4-977348f42d11', '1e12b428-971d-44f8-a4c4-977348f42d11', '1e12b428-971d-44f8-a4c4-977348f42d11', '1e12b428-971d-44f8-a4c4-977348f42d11', 'c50a2e25-8bcc-4551-8e4a-b5ab63c31720', 'c50a2e25-8bcc-4551-8e4a-b5ab63c31720', 'c50a2e25-8bcc-4551-8e4a-b5ab63c31720', 'c50a2e25-8bcc-4551-8e4a-b5ab63c31720', 'c50a2e25-8bcc-4551-8e4a-b5ab63c31720', 'c50a2e25-8bcc-4551-8e4a-b5ab63c31720', 'c50a2e25-8bcc-4551-8e4a-b5ab63c31720', 'c50a2e25-8bcc-4551-8e4a-b5ab63c31720', 'c50a2e25-8bcc-4551-8e4a-b5ab63c31720', 'c50a2e25-8bcc-4551-8e4a-b5ab63c31720', 'c50a2e25-8bcc-4551-8e4a-b5ab63c31720', 'c50a2e25-8bcc-4551-8e4a-b5ab63c31720', 'c50a2e25-8bcc-4551-8e4a-b5ab63c31720', 'c50a2e25-8bcc-4551-8e4a-b5ab63c31720', 'c50a2e25-8bcc-4551-8e4a-b5ab63c31720', 'c50a2e25-8bcc-4551-8e4a-b5ab63c31720', 'c50a2e25-8bcc-4551-8e4a-b5ab63c31720', 'c50a2e25-8bcc-4551-8e4a-b5ab63c31720', 'c50a2e25-8bcc-4551-8e4a-b5ab63c31720', 'c50a2e25-8bcc-4551-8e4a-b5ab63c31720', 'c50a2e25-8bcc-4551-8e4a-b5ab63c31720', 'c50a2e25-8bcc-4551-8e4a-b5ab63c31720', 'c50a2e25-8bcc-4551-8e4a-b5ab63c31720', 'c50a2e25-8bcc-4551-8e4a-b5ab63c31720', 'c50a2e25-8bcc-4551-8e4a-b5ab63c31720', 'c50a2e25-8bcc-4551-8e4a-b5ab63c31720', 'c50a2e25-8bcc-4551-8e4a-b5ab63c31720', 'c50a2e25-8bcc-4551-8e4a-b5ab63c31720', 'c50a2e25-8bcc-4551-8e4a-b5ab63c31720', 'e656f8e1-23a3-47b4-93ac-59c710528cde', '3d0b2424-1500-4d25-a202-bbcf1276ad97', 'a3f03c1d-1a5c-48bd-8ed9-b1599ea064fb', '26304574-8c3b-4f94-a17d-481545edc0e0', 'f2ed83eb-d51b-4ffa-8af1-12d78862f692', '928d5ee1-4760-4ec8-8218-c9755fc6f0e5', 'a244fbfb-dc32-4916-9dd8-ad91c2299197', 'ac731c82-2a59-4c28-9d82-f6f4f199c768', '6a173fab-4318-4de9-8c90-96802ac145b1', '307aa042-a5f4-472a-900b-279e4045db46', 'ac6ddd47-3120-475d-b1d9-8fed99179051', 'd1e95b3f-98cf-47de-8d20-acc476985756']"
b8102286-d8c7-43d5-93eb-b576b2869877,11,"['fab320b7-f66a-4962-83ce-cfcadd3fab3b', 'fab320b7-f66a-4962-83ce-cfcadd3fab3b', 'fab320b7-f66a-4962-83ce-cfcadd3fab3b', 'fab320b7-f66a-4962-83ce-cfcadd3fab3b', 'fab320b7-f66a-4962-83ce-cfcadd3fab3b', 'fab320b7-f66a-4962-83ce-cfcadd3fab3b', 'fab320b7-f66a-4962-83ce-cfcadd3fab3b', 'fab320b7-f66a-4962-83ce-cfcadd3fab3b', 'fab320b7-f66a-4962-83ce-cfcadd3fab3b', 'fab320b7-f66a-4962-83ce-cfcadd3fab3b', 'fab320b7-f66a-4962-83ce-cfcadd3fab3b', 'fab320b7-f66a-4962-83ce-cfcadd3fab3b', 'fab320b7-f66a-4962-83ce-cfcadd3fab3b', 'fab320b7-f66a-4962-83ce-cfcadd3fab3b', 'fab320b7-f66a-4962-83ce-cfcadd3fab3b', 'fab320b7-f66a-4962-83ce-cfcadd3fab3b', 'fab320b7-f66a-4962-83ce-cfcadd3fab3b', 'fab320b7-f66a-4962-83ce-cfcadd3fab3b', 'fab320b7-f66a-4962-83ce-cfcadd3fab3b', 'fab320b7-f66a-4962-83ce-cfcadd3fab3b', 'fab320b7-f66a-4962-83ce-cfcadd3fab3b', 'fab320b7-f66a-4962-83ce-cfcadd3fab3b', 'fab320b7-f66a-4962-83ce-cfcadd3fab3b', '6e4c0c9d-f0e0-4fc9-8283-caaf20e467bd', '0702430b-9b2d-4065-ac6f-f69d7b284f5c', '48fee452-a66d-4fd7-8d2e-19bb7e60bc6c', 'b93d6595-ba7a-4e4d-8baf-8221e205681a', 'e44e8911-3e12-432c-8e70-3d806d44b269', '2d70f303-9439-4a8f-983f-4a5d87940712', 'f138fd4b-a4e5-42ea-8df1-96b3d1468622', '2cdded1c-009c-43b7-bc5c-59dd7775b784', 'a6465139-e57b-41f1-b3cd-1522f1c3b767', 'ce64bde3-7f9e-4108-a4e1-e5e4bd72023d', '912654d5-c07a-4dd8-a1cc-2efe6c0cdc87', '52cf1c73-28ce-41d8-bba7-ad2dfd43eee1', '709af7d8-fa62-4016-949f-76b480753741', '9b2c1dee-2093-484b-83be-620bc2354ee7', '023f863c-bf2e-49ad-8709-f19e2588857b', '3859bcd1-1096-474e-8050-a06659b5b682', '34c71bd2-767c-41cd-a8bf-d8090ff4a1cb', '77de4304-5592-4add-a322-4257795794bd', '4540ef15-76c9-47b5-a079-d119c8113714', '394d9116-b189-400a-9ec6-de3a1256b698', 'ee35e677-422a-4f4f-abce-0b32c9d95c32', '33437313-3aea-41a2-b1fe-fdd4a09930f9', '34d66347-fa2e-4b24-baef-2bc9e27b4324', '2176af2f-d654-4b31-ab44-e19b4b59a37f', '6da9af49-b900-45cc-a3ce-a3a7895b8f27', '4f0180cb-2654-4b0b-849f-fd1894977c57', '4bdd7ead-9f3c-45ca-997a-38915bfb8d7f']"
a24d9636-1628-4191-bd7b-1c0fda5ba198,15,"['768f2fee-ad2f-4976-bf9c-8c1a1fa1ddf3', '768f2fee-ad2f-4976-bf9c-8c1a1fa1ddf3', '768f2fee-ad2f-4976-bf9c-8c1a1fa1ddf3', '768f2fee-ad2f-4976-bf9c-8c1a1fa1ddf3', '768f2fee-ad2f-4976-bf9c-8c1a1fa1ddf3', '768f2fee-ad2f-4976-bf9c-8c1a1fa1ddf3', '768f2fee-ad2f-4976-bf9c-8c1a1fa1ddf3', '768f2fee-ad2f-4976-bf9c-8c1a1fa1ddf3', '768f2fee-ad2f-4976-bf9c-8c1a1fa1ddf3', '768f2fee-ad2f-4976-bf9c-8c1a1fa1ddf3', '768f2fee-ad2f-4976-bf9c-8c1a1fa1ddf3', '768f2fee-ad2f-4976-bf9c-8c1a1fa1ddf3', '768f2fee-ad2f-4976-bf9c-8c1a1fa1ddf3', '768f2fee-ad2f-4976-bf9c-8c1a1fa1ddf3', '768f2fee-ad2f-4976-bf9c-8c1a1fa1ddf3', '768f2fee-ad2f-4976-bf9c-8c1a1fa1ddf3', '768f2fee-ad2f-4976-bf9c-8c1a1fa1ddf3', '768f2fee-ad2f-4976-bf9c-8c1a1fa1ddf3', '768f2fee-ad2f-4976-bf9c-8c1a1fa1ddf3', '768f2fee-ad2f-4976-bf9c-8c1a1fa1ddf3', '768f2fee-ad2f-4976-bf9c-8c1a1fa1ddf3', '768f2fee-ad2f-4976-bf9c-8c1a1fa1ddf3', '768f2fee-ad2f-4976-bf9c-8c1a1fa1ddf3', '768f2fee-ad2f-4976-bf9c-8c1a1fa1ddf3', '768f2fee-ad2f-4976-bf9c-8c1a1fa1ddf3', '768f2fee-ad2f-4976-bf9c-8c1a1fa1ddf3', '768f2fee-ad2f-4976-bf9c-8c1a1fa1ddf3', '768f2fee-ad2f-4976-bf9c-8c1a1fa1ddf3', '768f2fee-ad2f-4976-bf9c-8c1a1fa1ddf3', '768f2fee-ad2f-4976-bf9c-8c1a1fa1ddf3', '768f2fee-ad2f-4976-bf9c-8c1a1fa1ddf3', '768f2fee-ad2f-4976-bf9c-8c1a1fa1ddf3', '768f2fee-ad2f-4976-bf9c-8c1a1fa1ddf3', '768f2fee-ad2f-4976-bf9c-8c1a1fa1ddf3', 'c1e62121-a37e-4535-9480-3a4dbb7ec04d', '3c5007ac-caf0-4298-a194-bb6c559616ca', 'b20fe0d8-5d1e-4f1a-932a-368da39c8188', '1224cb09-fbb7-4573-bbf2-b721d0f5a8f8', '8b04f5b0-ce39-48bc-8fda-8d2aa4d95510', '91895457-4d61-43c0-92cb-3b10de88c728', '5b78657b-d878-4512-af27-eb0826af978e', 'f39aaca0-72ed-4a7f-8a80-725f8c17c912', '11bd1691-5775-457a-addc-267ef8c66932', '6035c336-68df-46a7-aea6-bf47e738eee9', 'b0c8ade2-daa8-49b0-9cb6-4f0ccaa1f0c4', '1a9ce33b-17f4-400e-9088-cd24f8070677', '9b3bd0a6-70b9-4994-9e35-08bdb5a0a944', 'cff0115f-4cc6-428c-9910-4abe6e0a7454', '81e8ff20-c805-416a-8202-6082fbc56474', 'a3f3b6ca-b310-4148-a62a-86ccf2331c0b']"
a70abf70-001b-4b4f-9c79-56789d37f2a7,13,"['11ccee6a-5e57-44af-8231-3e2afdd7c473', '11ccee6a-5e57-44af-8231-3e2afdd7c473', '11ccee6a-5e57-44af-8231-3e2afdd7c473', '11ccee6a-5e57-44af-8231-3e2afdd7c473', '11ccee6a-5e57-44af-8231-3e2afdd7c473', '11ccee6a-5e57-44af-8231-3e2afdd7c473', '11ccee6a-5e57-44af-8231-3e2afdd7c473', '11ccee6a-5e57-44af-8231-3e2afdd7c473', '11ccee6a-5e57-44af-8231-3e2afdd7c473', '11ccee6a-5e57-44af-8231-3e2afdd7c473', '11ccee6a-5e57-44af-8231-3e2afdd7c473', '11ccee6a-5e57-44af-8231-3e2afdd7c473', '11ccee6a-5e57-44af-8231-3e2afdd7c473', '11ccee6a-5e57-44af-8231-3e2afdd7c473', '11ccee6a-5e57-44af-8231-3e2afdd7c473', '11ccee6a-5e57-44af-8231-3e2afdd7c473', '11ccee6a-5e57-44af-8231-3e2afdd7c473', '11ccee6a-5e57-44af-8231-3e2afdd7c473', '11ccee6a-5e57-44af-8231-3e2afdd7c473', '11ccee6a-5e57-44af-8231-3e2afdd7c473', '11ccee6a-5e57-44af-8231-3e2afdd7c473', '11ccee6a-5e57-44af-8231-3e2afdd7c473', '11ccee6a-5e57-44af-8231-3e2afdd7c473', '69362261-adbb-4619-84db-e01ef8586d1e', 'c410c832-4843-4aaa-98da-2fdfb07bd793', '5e252a3b-2fc0-4e03-84ff-99a39e2fa700', '6415be44-3351-4c5b-bc03-76dd32d4d4a9', '4ba8e2e8-b9aa-4407-9397-fc394f27ce38', '7d8f7826-eb2b-46f7-9c1d-ddbda56188c6', '636cde13-9f0a-4400-a59e-aaa410e1739f', '471b38a6-6cf9-4b00-a424-4f7c06ae1fd9', 'fce2cc66-8ffb-49f2-8d1f-8eb060d2906a', 'f3fd4e38-ad27-48be-b36f-b100de619ff4', 'cbb410a2-1263-4538-a38c-efe6acb3069d', '5d754e6b-4e4c-4a88-a191-91041c764d74', 'ce88ed3d-ebaa-4b64-a2b6-f0341c6df2f6', '098c9683-aab7-433e-a60d-ad043e997819', '5cc8243e-30a8-4bda-9637-0652d8bfdeb4', '66ed62c1-43c7-4976-ba8d-69eac9df9227', 'bf8261a7-5574-4002-bdd6-63c6267470f8', '92ba8e55-6118-41f9-a986-3780cf3e4914', '107628dd-0de6-48a4-a969-0a4a3b755779', '01452b88-783b-42b8-b1c9-a81d074de18a', 'fd2d7194-e9fc-4a7a-8b33-3d150ae3cfcb', 'bb4d9615-2efd-44a5-b3b2-d91224c70b63', '36b3e351-1508-4165-a807-d8e8c7bba8a5', '51b58146-21ab-4c9b-a061-0eceb40e8f28', 'db79f8ff-be4c-4ade-abca-189d6c6130dd', '70aeeeb1-8bf4-41dd-8364-cac962cf618f', 'c7d72c49-754d-42f0-bb78-5e308d402c03']"
2faf0d72-ccdf-41c7-8435-937ca82436c7,8,"['1e12b428-971d-44f8-a4c4-977348f42d11', '1e12b428-971d-44f8-a4c4-977348f42d11', '1e12b428-971d-44f8-a4c4-977348f42d11', '1e12b428-971d-44f8-a4c4-977348f42d11', '1e12b428-971d-44f8-a4c4-977348f42d11', '1e12b428-971d-44f8-a4c4-977348f42d11', '1e12b428-971d-44f8-a4c4-977348f42d11', 'c50a2e25-8bcc-4551-8e4a-b5ab63c31720', 'c50a2e25-8bcc-4551-8e4a-b5ab63c31720', 'c50a2e25-8bcc-4551-8e4a-b5ab63c31720', 'c50a2e25-8bcc-4551-8e4a-b5ab63c31720', 'c50a2e25-8bcc-4551-8e4a-b5ab63c31720', 'c50a2e25-8bcc-4551-8e4a-b5ab63c31720', 'c50a2e25-8bcc-4551-8e4a-b5ab63c31720', 'c50a2e25-8bcc-4551-8e4a-b5ab63c31720', 'c50a2e25-8bcc-4551-8e4a-b5ab63c31720', 'c50a2e25-8bcc-4551-8e4a-b5ab63c31720', 'c50a2e25-8bcc-4551-8e4a-b5ab63c31720', 'c50a2e25-8bcc-4551-8e4a-b5ab63c31720', 'c50a2e25-8bcc-4551-8e4a-b5ab63c31720', 'c50a2e25-8bcc-4551-8e4a-b5ab63c31720', 'c50a2e25-8bcc-4551-8e4a-b5ab63c31720', 'c50a2e25-8bcc-4551-8e4a-b5ab63c31720', 'c50a2e25-8bcc-4551-8e4a-b5ab63c31720', 'c50a2e25-8bcc-4551-8e4a-b5ab63c31720', 'c50a2e25-8bcc-4551-8e4a-b5ab63c31720', 'c50a2e25-8bcc-4551-8e4a-b5ab63c31720', 'c50a2e25-8bcc-4551-8e4a-b5ab63c31720', 'c50a2e25-8bcc-4551-8e4a-b5ab63c31720', 'c50a2e25-8bcc-4551-8e4a-b5ab63c31720', 'c50a2e25-8bcc-4551-8e4a-b5ab63c31720', '3d0b2424-1500-4d25-a202-bbcf1276ad97', 'a3f03c1d-1a5c-48bd-8ed9-b1599ea064fb', '26304574-8c3b-4f94-a17d-481545edc0e0', 'f2ed83eb-d51b-4ffa-8af1-12d78862f692', '928d5ee1-4760-4ec8-8218-c9755fc6f0e5', 'a244fbfb-dc32-4916-9dd8-ad91c2299197', '6a173fab-4318-4de9-8c90-96802ac145b1', '307aa042-a5f4-472a-900b-279e4045db46', 'ac6ddd47-3120-475d-b1d9-8fed99179051', 'd1e95b3f-98cf-47de-8d20-acc476985756', '3e813400-1fed-4478-b86d-0be8c15bebf8', 'c318e200-8ac7-4864-b232-7e366c4d7bc9', '615d3014-2c6e-4b3d-a9b7-a151caa9235d', '828b4c04-dc9b-4ac5-b75d-8577b4e30d67', 'd81424ea-e85e-425b-a971-cc9b6c0aaa86', 'a256da19-0871-4fa3-8aa8-dc94f42305fd', 'd9e3afb2-4f76-4a1c-a0d7-315d5752d71b', '6675b750-c361-4371-b6d3-6c2e10dc8e23', '7ad33475-14a3-49b7-a868-040635c4c03d']"
b8102286-d8c7-43d5-93eb-b576b2869877,12,"['fab320b7-f66a-4962-83ce-cfcadd3fab3b', 'fab320b7-f66a-4962-83ce-cfcadd3fab3b', 'fab320b7-f66a-4962-83ce-cfcadd3fab3b', 'fab320b7-f66a-4962-83ce-cfcadd3fab3b', 'fab320b7-f66a-4962-83ce-cfcadd3fab3b', 'fab320b7-f66a-4962-83ce-cfcadd3fab3b', 'fab320b7-f66a-4962-83ce-cfcadd3fab3b', 'fab320b7-f66a-4962-83ce-cfcadd3fab3b', 'fab320b7-f66a-4962-83ce-cfcadd3fab3b', 'fab320b7-f66a-4962-83ce-cfcadd3fab3b', 'fab320b7-f66a-4962-83ce-cfcadd3fab3b', 'fab320b7-f66a-4962-83ce-cfcadd3fab3b', 'fab320b7-f66a-4962-83ce-cfcadd3fab3b', 'fab320b7-f66a-4962-83ce-cfcadd3fab3b', 'fab320b7-f66a-4962-83ce-cfcadd3fab3b', 'fab320b7-f66a-4962-83ce-cfcadd3fab3b', 'fab320b7-f66a-4962-83ce-cfcadd3fab3b', 'fab320b7-f66a-4962-83ce-cfcadd3fab3b', 'fab320b7-f66a-4962-83ce-cfcadd3fab3b', 'fab320b7-f66a-4962-83ce-cfcadd3fab3b', 'fab320b7-f66a-4962-83ce-cfcadd3fab3b', 'fab320b7-f66a-4962-83ce-cfcadd3fab3b', 'fab320b7-f66a-4962-83ce-cfcadd3fab3b', 'fab320b7-f66a-4962-83ce-cfcadd3fab3b', 'fab320b7-f66a-4962-83ce-cfcadd3fab3b', 'fab320b7-f66a-4962-83ce-cfcadd3fab3b', 'fab320b7-f66a-4962-83ce-cfcadd3fab3b', 'fab320b7-f66a-4962-83ce-cfcadd3fab3b', 'fab320b7-f66a-4962-83ce-cfcadd3fab3b', 'fab320b7-f66a-4962-83ce-cfcadd3fab3b', 'fab320b7-f66a-4962-83ce-cfcadd3fab3b', 'fab320b7-f66a-4962-83ce-cfcadd3fab3b', 'fab320b7-f66a-4962-83ce-cfcadd3fab3b', 'fab320b7-f66a-4962-83ce-cfcadd3fab3b', 'fab320b7-f66a-4962-83ce-cfcadd3fab3b', 'fab320b7-f66a-4962-83ce-cfcadd3fab3b', 'fab320b7-f66a-4962-83ce-cfcadd3fab3b', 'fab320b7-f66a-4962-83ce-cfcadd3fab3b', 'fab320b7-f66a-4962-83ce-cfcadd3fab3b', 'fab320b7-f66a-4962-83ce-cfcadd3fab3b', '5af1a9df-9478-4c92-a9bb-e9a992ca544d', 'd30d1978-c833-4ef7-8885-3a775fc33480', 'eaf09bf4-465e-46cc-94e0-969ab9c1a44e', 'fe46e4cf-fe61-4fc2-b2d7-ad7d89c7297e', '55cdea8c-9fff-4d75-bfed-7699dd93baf9', '2e5bdfc0-dd58-4fd5-be5c-2237c9bcc9d2', '2a10ea64-7078-4f53-aa59-22f95cc89bd9', '341dd716-92cc-47bd-b619-898637956dfd', '7df0c4e5-edbe-489d-bbba-caa70ecef4f7', 'd1da226b-265a-46f6-8edc-846577e0bce4']"
e364bbb6-4cbb-4973-a0e9-ca180dc93386,13,"['3f43047d-ce56-4aaf-b252-522e418446c3', '3f43047d-ce56-4aaf-b252-522e418446c3', '3f43047d-ce56-4aaf-b252-522e418446c3', '3f43047d-ce56-4aaf-b252-522e418446c3', '3f43047d-ce56-4aaf-b252-522e418446c3', '3f43047d-ce56-4aaf-b252-522e418446c3', '3f43047d-ce56-4aaf-b252-522e418446c3', '3f43047d-ce56-4aaf-b252-522e418446c3', '3f43047d-ce56-4aaf-b252-522e418446c3', '3f43047d-ce56-4aaf-b252-522e418446c3', '3f43047d-ce56-4aaf-b252-522e418446c3', '3f43047d-ce56-4aaf-b252-522e418446c3', '3f43047d-ce56-4aaf-b252-522e418446c3', '3f43047d-ce56-4aaf-b252-522e418446c3', '3f43047d-ce56-4aaf-b252-522e418446c3', '3f43047d-ce56-4aaf-b252-522e418446c3', '3f43047d-ce56-4aaf-b252-522e418446c3', '3f43047d-ce56-4aaf-b252-522e418446c3', '3f43047d-ce56-4aaf-b252-522e418446c3', '3f43047d-ce56-4aaf-b252-522e418446c3', '3f43047d-ce56-4aaf-b252-522e418446c3', '3f43047d-ce56-4aaf-b252-522e418446c3', '3f43047d-ce56-4aaf-b252-522e418446c3', '3f43047d-ce56-4aaf-b252-522e418446c3', '3f43047d-ce56-4aaf-b252-522e418446c3', '3f43047d-ce56-4aaf-b252-522e418446c3', '3f43047d-ce56-4aaf-b252-522e418446c3', '3f43047d-ce56-4aaf-b252-522e418446c3', '3f43047d-ce56-4aaf-b252-522e418446c3', '3f43047d-ce56-4aaf-b252-522e418446c3', '3f43047d-ce56-4aaf-b252-522e418446c3', '3f43047d-ce56-4aaf-b252-522e418446c3', '3f43047d-ce56-4aaf-b252-522e418446c3', '3f43047d-ce56-4aaf-b252-522e418446c3', '3f43047d-ce56-4aaf-b252-522e418446c3', '3f43047d-ce56-4aaf-b252-522e418446c3', '3f43047d-ce56-4aaf-b252-522e418446c3', '0b5e3127-f6af-42b9-9835-d8a5a1725781', 'f0286e0c-c78d-4469-9f9f-12df76f3ba30', 'df2861be-83ec-4883-a1d7-c372e824a5e2', 'adb09ce9-6ccb-44b2-9c5f-e3e2204a3c30', 'e033103f-0478-4a8a-aa26-167f86d2bf38', '65de136c-5424-4cf7-af4c-67a41c1be8cb', '5de0d3a8-837b-4590-9e5a-54c2592873f0', 'ed1d9d75-b881-402f-ad55-3154606e5531', 'b7222cd9-dc22-43de-88fa-4c819996ae03', '11254fda-1065-41fb-96c2-78ea4af9caca', 'b548d6b1-384c-4952-940a-a88b5390cc99', '06b0d8f7-af65-47de-8973-ca40dc401710', '4a0edf84-53d2-4360-9b89-837ddcf4adaa']"
a70abf70-001b-4b4f-9c79-56789d37f2a7,14,"['11ccee6a-5e57-44af-8231-3e2afdd7c473', '11ccee6a-5e57-44af-8231-3e2afdd7c473', '11ccee6a-5e57-44af-8231-3e2afdd7c473', '11ccee6a-5e57-44af-8231-3e2afdd7c473', '11ccee6a-5e57-44af-8231-3e2afdd7c473', '11ccee6a-5e57-44af-8231-3e2afdd7c473', '11ccee6a-5e57-44af-8231-3e2afdd7c473', '11ccee6a-5e57-44af-8231-3e2afdd7c473', '11ccee6a-5e57-44af-8231-3e2afdd7c473', '11ccee6a-5e57-44af-8231-3e2afdd7c473', '11ccee6a-5e57-44af-8231-3e2afdd7c473', '11ccee6a-5e57-44af-8231-3e2afdd7c473', '11ccee6a-5e57-44af-8231-3e2afdd7c473', '11ccee6a-5e57-44af-8231-3e2afdd7c473', '11ccee6a-5e57-44af-8231-3e2afdd7c473', '11ccee6a-5e57-44af-8231-3e2afdd7c473', '11ccee6a-5e57-44af-8231-3e2afdd7c473', '11ccee6a-5e57-44af-8231-3e2afdd7c473', '11ccee6a-5e57-44af-8231-3e2afdd7c473', '11ccee6a-5e57-44af-8231-3e2afdd7c473', '11ccee6a-5e57-44af-8231-3e2afdd7c473', '11ccee6a-5e57-44af-8231-3e2afdd7c473', '11ccee6a-5e57-44af-8231-3e2afdd7c473', '11ccee6a-5e57-44af-8231-3e2afdd7c473', '11ccee6a-5e57-44af-8231-3e2afdd7c473', '11ccee6a-5e57-44af-8231-3e2afdd7c473', '11ccee6a-5e57-44af-8231-3e2afdd7c473', '11ccee6a-5e57-44af-8231-3e2afdd7c473', '11ccee6a-5e57-44af-8231-3e2afdd7c473', '11ccee6a-5e57-44af-8231-3e2afdd7c473', '11ccee6a-5e57-44af-8231-3e2afdd7c473', '11ccee6a-5e57-44af-8231-3e2afdd7c473', '11ccee6a-5e57-44af-8231-3e2afdd7c473', '11ccee6a-5e57-44af-8231-3e2afdd7c473', '11ccee6a-5e57-44af-8231-3e2afdd7c473', '11ccee6a-5e57-44af-8231-3e2afdd7c473', '11ccee6a-5e57-44af-8231-3e2afdd7c473', '11ccee6a-5e57-44af-8231-3e2afdd7c473', '11ccee6a-5e57-44af-8231-3e2afdd7c473', 'b9058c94-fc8c-4d0f-bb46-2c05369ade45', 'a41e4712-88f2-45ea-8c43-db32d0e72c76', '4092e8e5-5f7c-4399-a754-49a32c94e502', 'c92ac024-765a-489d-b6cd-09af91596a08', 'b968817c-a455-4e87-ba4a-bed43052d83b', 'aa24c43c-b0ed-4315-a015-77e7bc292e92', 'bcd2c889-9b16-44f3-a5a2-4617bf4e7830', '8962f361-2685-4d7c-aa98-52de9902aadb', '24ec28e3-43e2-4261-a43d-b434131daba2', 'ccb48b24-9bdd-40b4-9809-314c058ac726', '72de593e-98f3-4a47-9963-125d81407462']"
b8102286-d8c7-43d5-93eb-b576b2869877,13,"['fab320b7-f66a-4962-83ce-cfcadd3fab3b', 'fab320b7-f66a-4962-83ce-cfcadd3fab3b', 'fab320b7-f66a-4962-83ce-cfcadd3fab3b', 'fab320b7-f66a-4962-83ce-cfcadd3fab3b', 'fab320b7-f66a-4962-83ce-cfcadd3fab3b', 'fab320b7-f66a-4962-83ce-cfcadd3fab3b', 'fab320b7-f66a-4962-83ce-cfcadd3fab3b', 'fab320b7-f66a-4962-83ce-cfcadd3fab3b', 'fab320b7-f66a-4962-83ce-cfcadd3fab3b', 'fab320b7-f66a-4962-83ce-cfcadd3fab3b', 'fab320b7-f66a-4962-83ce-cfcadd3fab3b', 'fab320b7-f66a-4962-83ce-cfcadd3fab3b', 'fab320b7-f66a-4962-83ce-cfcadd3fab3b', 'fab320b7-f66a-4962-83ce-cfcadd3fab3b', 'fab320b7-f66a-4962-83ce-cfcadd3fab3b', 'fab320b7-f66a-4962-83ce-cfcadd3fab3b', 'fab320b7-f66a-4962-83ce-cfcadd3fab3b', 'fab320b7-f66a-4962-83ce-cfcadd3fab3b', 'fab320b7-f66a-4962-83ce-cfcadd3fab3b', 'fab320b7-f66a-4962-83ce-cfcadd3fab3b', 'fab320b7-f66a-4962-83ce-cfcadd3fab3b', 'fab320b7-f66a-4962-83ce-cfcadd3fab3b', 'fab320b7-f66a-4962-83ce-cfcadd3fab3b', 'fab320b7-f66a-4962-83ce-cfcadd3fab3b', 'fab320b7-f66a-4962-83ce-cfcadd3fab3b', 'fab320b7-f66a-4962-83ce-cfcadd3fab3b', 'fab320b7-f66a-4962-83ce-cfcadd3fab3b', 'fab320b7-f66a-4962-83ce-cfcadd3fab3b', 'fab320b7-f66a-4962-83ce-cfcadd3fab3b', 'fab320b7-f66a-4962-83ce-cfcadd3fab3b', 'fab320b7-f66a-4962-83ce-cfcadd3fab3b', '5af1a9df-9478-4c92-a9bb-e9a992ca544d', 'd30d1978-c833-4ef7-8885-3a775fc33480', 'eaf09bf4-465e-46cc-94e0-969ab9c1a44e', 'fe46e4cf-fe61-4fc2-b2d7-ad7d89c7297e', '2e5bdfc0-dd58-4fd5-be5c-2237c9bcc9d2', '2a10ea64-7078-4f53-aa59-22f95cc89bd9', '7df0c4e5-edbe-489d-bbba-caa70ecef4f7', 'd1da226b-265a-46f6-8edc-846577e0bce4', 'da0ce5e6-ca90-4144-a019-64db273de600', '15eec231-bb44-4dbd-bff3-426202ec2e30', '3d275640-ee61-4eec-b53f-4c31ddacceaf', 'd590e520-597e-449f-9116-28f90d131347', 'a7e64443-e98a-4eca-b578-ee5b3fb053e0', '69773951-3e9e-4763-a5fa-566d2d5704bf', 'd26a1bed-9bba-45a2-adb8-fded2ef46c1f', '27368282-eb2b-4c8f-b570-41b922fa6402', '85375d83-4055-434b-b0d7-3884fdc08807', '746624c2-b383-4e83-aad5-84fc3cbb8590', 'dc7ee655-fe07-4299-8f6b-0c177a57b743']"
2faf0d72-ccdf-41c7-8435-937ca82436c7,9,"['c50a2e25-8bcc-4551-8e4a-b5ab63c31720', 'c50a2e25-8bcc-4551-8e4a-b5ab63c31720', 'c50a2e25-8bcc-4551-8e4a-b5ab63c31720', 'c50a2e25-8bcc-4551-8e4a-b5ab63c31720', 'c50a2e25-8bcc-4551-8e4a-b5ab63c31720', 'c50a2e25-8bcc-4551-8e4a-b5ab63c31720', 'c50a2e25-8bcc-4551-8e4a-b5ab63c31720', 'c50a2e25-8bcc-4551-8e4a-b5ab63c31720', 'c50a2e25-8bcc-4551-8e4a-b5ab63c31720', 'c50a2e25-8bcc-4551-8e4a-b5ab63c31720', 'c50a2e25-8bcc-4551-8e4a-b5ab63c31720', 'c50a2e25-8bcc-4551-8e4a-b5ab63c31720', 'c50a2e25-8bcc-4551-8e4a-b5ab63c31720', 'c50a2e25-8bcc-4551-8e4a-b5ab63c31720', 'c50a2e25-8bcc-4551-8e4a-b5ab63c31720', 'c50a2e25-8bcc-4551-8e4a-b5ab63c31720', 'c50a2e25-8bcc-4551-8e4a-b5ab63c31720', 'c50a2e25-8bcc-4551-8e4a-b5ab63c31720', 'c50a2e25-8bcc-4551-8e4a-b5ab63c31720', 'c50a2e25-8bcc-4551-8e4a-b5ab63c31720', 'c50a2e25-8bcc-4551-8e4a-b5ab63c31720', 'c50a2e25-8bcc-4551-8e4a-b5ab63c31720', 'c50a2e25-8bcc-4551-8e4a-b5ab63c31720', 'c50a2e25-8bcc-4551-8e4a-b5ab63c31720', 'c50a2e25-8bcc-4551-8e4a-b5ab63c31720', 'c50a2e25-8bcc-4551-8e4a-b5ab63c31720', 'c50a2e25-8bcc-4551-8e4a-b5ab63c31720', 'c50a2e25-8bcc-4551-8e4a-b5ab63c31720', 'c50a2e25-8bcc-4551-8e4a-b5ab63c31720', 'c50a2e25-8bcc-4551-8e4a-b5ab63c31720', 'c50a2e25-8bcc-4551-8e4a-b5ab63c31720', 'c50a2e25-8bcc-4551-8e4a-b5ab63c31720', 'c50a2e25-8bcc-4551-8e4a-b5ab63c31720', 'c50a2e25-8bcc-4551-8e4a-b5ab63c31720', 'c50a2e25-8bcc-4551-8e4a-b5ab63c31720', 'c50a2e25-8bcc-4551-8e4a-b5ab63c31720', 'f72321a2-5613-42ce-bfb0-adff9fc6c45c', 'e9f6a325-b8a3-47e7-939f-0690a5999a56', '5b560a89-0b05-4755-bfb3-b5a301a71d58', '2910dfaa-2bbf-46eb-a7e8-bcf360418216', 'cebaf172-5f2f-4873-afa1-7cf67f0a215f', '9d27b0e7-5d92-4d2b-a082-6a347f08f5a0', '2b1e9185-c761-4621-9ecc-9e73e0c4f957', '00f1ff71-3ac8-4838-99b9-af1545ad72c7', '9b3bd145-8e31-423b-915a-e6756bc0ee43', '79654666-53f7-45c2-9126-e0d463e96c9e', 'af6a8c22-4b12-4e75-8b6b-b1f89d986c1b', 'f0cd60dd-aa4b-4146-903a-a73ffb7a4c89', 'cad4735f-634e-4a14-b23f-6a830d03f01d', 'ef902e4e-2bb0-4421-96fe-e63f0dfaedac']"
e364bbb6-4cbb-4973-a0e9-ca180dc93386,14,"['3f43047d-ce56-4aaf-b252-522e418446c3', '3f43047d-ce56-4aaf-b252-522e418446c3', '3f43047d-ce56-4aaf-b252-522e418446c3', '3f43047d-ce56-4aaf-b252-522e418446c3', '3f43047d-ce56-4aaf-b252-522e418446c3', '3f43047d-ce56-4aaf-b252-522e418446c3', '3f43047d-ce56-4aaf-b252-522e418446c3', '3f43047d-ce56-4aaf-b252-522e418446c3', '3f43047d-ce56-4aaf-b252-522e418446c3', '3f43047d-ce56-4aaf-b252-522e418446c3', '3f43047d-ce56-4aaf-b252-522e418446c3', '3f43047d-ce56-4aaf-b252-522e418446c3', '3f43047d-ce56-4aaf-b252-522e418446c3', '3f43047d-ce56-4aaf-b252-522e418446c3', '3f43047d-ce56-4aaf-b252-522e418446c3', '3f43047d-ce56-4aaf-b252-522e418446c3', '3f43047d-ce56-4aaf-b252-522e418446c3', '3f43047d-ce56-4aaf-b252-522e418446c3', '3f43047d-ce56-4aaf-b252-522e418446c3', '3f43047d-ce56-4aaf-b252-522e418446c3', '3f43047d-ce56-4aaf-b252-522e418446c3', '3f43047d-ce56-4aaf-b252-522e418446c3', '3f43047d-ce56-4aaf-b252-522e418446c3', '3f43047d-ce56-4aaf-b252-522e418446c3', '3f43047d-ce56-4aaf-b252-522e418446c3', '3f43047d-ce56-4aaf-b252-522e418446c3', '3f43047d-ce56-4aaf-b252-522e418446c3', '3f43047d-ce56-4aaf-b252-522e418446c3', '3f43047d-ce56-4aaf-b252-522e418446c3', '0b5e3127-f6af-42b9-9835-d8a5a1725781', 'f0286e0c-c78d-4469-9f9f-12df76f3ba30', 'df2861be-83ec-4883-a1d7-c372e824a5e2', 'adb09ce9-6ccb-44b2-9c5f-e3e2204a3c30', '65de136c-5424-4cf7-af4c-67a41c1be8cb', '5de0d3a8-837b-4590-9e5a-54c2592873f0', 'ed1d9d75-b881-402f-ad55-3154606e5531', 'b7222cd9-dc22-43de-88fa-4c819996ae03', 'b548d6b1-384c-4952-940a-a88b5390cc99', '06b0d8f7-af65-47de-8973-ca40dc401710', '92a31f7b-abc6-457a-a9b7-ecebeca4ece6', '8b2acebb-d8a1-456f-b12a-0a9f04710007', '8f2f0a13-1153-437f-8b31-8ee24f0ded88', 'c66cf16f-08b6-450f-b101-d83767ce5e50', 'a33c0c94-9229-4432-955a-26099220f892', 'd48a0a14-d795-41e9-90ed-91dff6a503ef', 'a8ca248a-13dd-4fc4-88e0-46720548c10d', '29ad93db-981c-4042-be25-f11a030c0002', '60aa82d5-46ed-45f6-ada0-96329375d204', '23eb4d8c-5ee8-42f8-ae74-59f1db4ebb36', 'f4e12677-cbb4-4ca3-9d2c-e52d0cb8cb67']"
a70abf70-001b-4b4f-9c79-56789d37f2a7,15,"['11ccee6a-5e57-44af-8231-3e2afdd7c473', '11ccee6a-5e57-44af-8231-3e2afdd7c473', '11ccee6a-5e57-44af-8231-3e2afdd7c473', '11ccee6a-5e57-44af-8231-3e2afdd7c473', '11ccee6a-5e57-44af-8231-3e2afdd7c473', '11ccee6a-5e57-44af-8231-3e2afdd7c473', '11ccee6a-5e57-44af-8231-3e2afdd7c473', '11ccee6a-5e57-44af-8231-3e2afdd7c473', '11ccee6a-5e57-44af-8231-3e2afdd7c473', '11ccee6a-5e57-44af-8231-3e2afdd7c473', '11ccee6a-5e57-44af-8231-3e2afdd7c473', '11ccee6a-5e57-44af-8231-3e2afdd7c473', '11ccee6a-5e57-44af-8231-3e2afdd7c473', '11ccee6a-5e57-44af-8231-3e2afdd7c473', '11ccee6a-5e57-44af-8231-3e2afdd7c473', '11ccee6a-5e57-44af-8231-3e2afdd7c473', '11ccee6a-5e57-44af-8231-3e2afdd7c473', '11ccee6a-5e57-44af-8231-3e2afdd7c473', '11ccee6a-5e57-44af-8231-3e2afdd7c473', '11ccee6a-5e57-44af-8231-3e2afdd7c473', '11ccee6a-5e57-44af-8231-3e2afdd7c473', '11ccee6a-5e57-44af-8231-3e2afdd7c473', '11ccee6a-5e57-44af-8231-3e2afdd7c473', '11ccee6a-5e57-44af-8231-3e2afdd7c473', '11ccee6a-5e57-44af-8231-3e2afdd7c473', '11ccee6a-5e57-44af-8231-3e2afdd7c473', '11ccee6a-5e57-44af-8231-3e2afdd7c473', '11ccee6a-5e57-44af-8231-3e2afdd7c473', '11ccee6a-5e57-44af-8231-3e2afdd7c473', '11ccee6a-5e57-44af-8231-3e2afdd7c473', '11ccee6a-5e57-44af-8231-3e2afdd7c473', '11ccee6a-5e57-44af-8231-3e2afdd7c473', 'b9058c94-fc8c-4d0f-bb46-2c05369ade45', '4092e8e5-5f7c-4399-a754-49a32c94e502', 'b968817c-a455-4e87-ba4a-bed43052d83b', 'aa24c43c-b0ed-4315-a015-77e7bc292e92', 'bcd2c889-9b16-44f3-a5a2-4617bf4e7830', '8962f361-2685-4d7c-aa98-52de9902aadb', 'ccb48b24-9bdd-40b4-9809-314c058ac726', '72de593e-98f3-4a47-9963-125d81407462', 'ece42a40-bffa-4e60-9430-aa5024483962', 'a62111dd-afe3-4451-a15e-3d84f04fdae3', 'b9f82d05-119f-4a3b-ba59-44b831697b0c', 'c261b9f8-75ca-40ff-bc31-e433340611a4', '8b6f2187-7d26-4e86-8d16-7a0f5c514bc1', '349caf5d-54b5-47e2-9ec9-dd1b13df8cfc', 'f5d61d49-57fd-4315-96d9-b59e0ed5f966', '73b1835d-1c39-4e75-bb72-a18cdc6f212f', 'e2c5e2f7-7790-4a86-b11e-3ea8ddf0cdd6', '1e842017-316b-4972-9f2e-3bcf9c291ce4']"
2faf0d72-ccdf-41c7-8435-937ca82436c7,10,"['c50a2e25-8bcc-4551-8e4a-b5ab63c31720', 'c50a2e25-8bcc-4551-8e4a-b5ab63c31720', 'c50a2e25-8bcc-4551-8e4a-b5ab63c31720', 'c50a2e25-8bcc-4551-8e4a-b5ab63c31720', 'c50a2e25-8bcc-4551-8e4a-b5ab63c31720', 'c50a2e25-8bcc-4551-8e4a-b5ab63c31720', 'c50a2e25-8bcc-4551-8e4a-b5ab63c31720', 'c50a2e25-8bcc-4551-8e4a-b5ab63c31720', 'c50a2e25-8bcc-4551-8e4a-b5ab63c31720', 'c50a2e25-8bcc-4551-8e4a-b5ab63c31720', 'c50a2e25-8bcc-4551-8e4a-b5ab63c31720', 'c50a2e25-8bcc-4551-8e4a-b5ab63c31720', 'c50a2e25-8bcc-4551-8e4a-b5ab63c31720', 'c50a2e25-8bcc-4551-8e4a-b5ab63c31720', 'c50a2e25-8bcc-4551-8e4a-b5ab63c31720', 'c50a2e25-8bcc-4551-8e4a-b5ab63c31720', 'c50a2e25-8bcc-4551-8e4a-b5ab63c31720', 'c50a2e25-8bcc-4551-8e4a-b5ab63c31720', 'c50a2e25-8bcc-4551-8e4a-b5ab63c31720', 'c50a2e25-8bcc-4551-8e4a-b5ab63c31720', 'c50a2e25-8bcc-4551-8e4a-b5ab63c31720', 'c50a2e25-8bcc-4551-8e4a-b5ab63c31720', 'c50a2e25-8bcc-4551-8e4a-b5ab63c31720', 'c50a2e25-8bcc-4551-8e4a-b5ab63c31720', 'c50a2e25-8bcc-4551-8e4a-b5ab63c31720', 'c50a2e25-8bcc-4551-8e4a-b5ab63c31720', 'c50a2e25-8bcc-4551-8e4a-b5ab63c31720', 'c50a2e25-8bcc-4551-8e4a-b5ab63c31720', 'c50a2e25-8bcc-4551-8e4a-b5ab63c31720', 'f72321a2-5613-42ce-bfb0-adff9fc6c45c', 'e9f6a325-b8a3-47e7-939f-0690a5999a56', '5b560a89-0b05-4755-bfb3-b5a301a71d58', '2910dfaa-2bbf-46eb-a7e8-bcf360418216', 'cebaf172-5f2f-4873-afa1-7cf67f0a215f', '2b1e9185-c761-4621-9ecc-9e73e0c4f957', '00f1ff71-3ac8-4838-99b9-af1545ad72c7', '9b3bd145-8e31-423b-915a-e6756bc0ee43', '79654666-53f7-45c2-9126-e0d463e96c9e', 'f0cd60dd-aa4b-4146-903a-a73ffb7a4c89', 'cad4735f-634e-4a14-b23f-6a830d03f01d', 'ef902e4e-2bb0-4421-96fe-e63f0dfaedac', 'fb7d9ef7-4583-4617-9e53-3fbb88412467', 'eed36e89-2189-48f4-a2c7-43408cb1975a', 'b7ffe3fb-304d-4868-a3ae-848abe845018', 'b0f7c44a-a714-4ede-a04f-726cf2449450', '3d496683-868e-4128-8987-90f570b98d32', 'a2f9b30c-483f-456f-b282-78f7825fc5f7', 'd7720a5d-62d5-4f4a-b58c-90e7fe1cc668', '6495187f-c2e2-4c7f-9575-3aaa34aca4ed', 'f5e07dcf-efa1-45d8-90eb-d5afe1836935']"
e364bbb6-4cbb-4973-a0e9-ca180dc93386,15,"['3f43047d-ce56-4aaf-b252-522e418446c3', '3f43047d-ce56-4aaf-b252-522e418446c3', '3f43047d-ce56-4aaf-b252-522e418446c3', '3f43047d-ce56-4aaf-b252-522e418446c3', '3f43047d-ce56-4aaf-b252-522e418446c3', '3f43047d-ce56-4aaf-b252-522e418446c3', '3f43047d-ce56-4aaf-b252-522e418446c3', '3f43047d-ce56-4aaf-b252-522e418446c3', '3f43047d-ce56-4aaf-b252-522e418446c3', '3f43047d-ce56-4aaf-b252-522e418446c3', '3f43047d-ce56-4aaf-b252-522e418446c3', '3f43047d-ce56-4aaf-b252-522e418446c3', '3f43047d-ce56-4aaf-b252-522e418446c3', '3f43047d-ce56-4aaf-b252-522e418446c3', '3f43047d-ce56-4aaf-b252-522e418446c3', '3f43047d-ce56-4aaf-b252-522e418446c3', '3f43047d-ce56-4aaf-b252-522e418446c3', '3f43047d-ce56-4aaf-b252-522e418446c3', '3f43047d-ce56-4aaf-b252-522e418446c3', '3f43047d-ce56-4aaf-b252-522e418446c3', '3f43047d-ce56-4aaf-b252-522e418446c3', '3f43047d-ce56-4aaf-b252-522e418446c3', '3f43047d-ce56-4aaf-b252-522e418446c3', '3f43047d-ce56-4aaf-b252-522e418446c3', '0b5e3127-f6af-42b9-9835-d8a5a1725781', 'f0286e0c-c78d-4469-9f9f-12df76f3ba30', 'df2861be-83ec-4883-a1d7-c372e824a5e2', '65de136c-5424-4cf7-af4c-67a41c1be8cb', '5de0d3a8-837b-4590-9e5a-54c2592873f0', 'ed1d9d75-b881-402f-ad55-3154606e5531', 'b7222cd9-dc22-43de-88fa-4c819996ae03', 'b548d6b1-384c-4952-940a-a88b5390cc99', '06b0d8f7-af65-47de-8973-ca40dc401710', '92a31f7b-abc6-457a-a9b7-ecebeca4ece6', '8b2acebb-d8a1-456f-b12a-0a9f04710007', 'c66cf16f-08b6-450f-b101-d83767ce5e50', 'a33c0c94-9229-4432-955a-26099220f892', 'd48a0a14-d795-41e9-90ed-91dff6a503ef', 'a8ca248a-13dd-4fc4-88e0-46720548c10d', '29ad93db-981c-4042-be25-f11a030c0002', '60aa82d5-46ed-45f6-ada0-96329375d204', '23eb4d8c-5ee8-42f8-ae74-59f1db4ebb36', 'f4e12677-cbb4-4ca3-9d2c-e52d0cb8cb67', 'a1593483-9c61-4def-8217-b72998447eeb', 'f74c0c02-2c93-49b8-a176-ae05a60adc22', '4c1a0ca2-c468-4688-a1f7-ef1624f30b70', '744a1752-b2db-4c56-85bb-6d2e9bb9640a', 'ed29dae6-2dc6-47d2-86b7-f29e7dcf8486', '924ee0eb-5cea-4388-98f2-644d9a01cc82', 'c612b289-3396-43d5-a22d-d653cfd20c43']"
b8102286-d8c7-43d5-93eb-b576b2869877,14,"['fab320b7-f66a-4962-83ce-cfcadd3fab3b', 'fab320b7-f66a-4962-83ce-cfcadd3fab3b', 'fab320b7-f66a-4962-83ce-cfcadd3fab3b', 'fab320b7-f66a-4962-83ce-cfcadd3fab3b', 'fab320b7-f66a-4962-83ce-cfcadd3fab3b', 'fab320b7-f66a-4962-83ce-cfcadd3fab3b', 'fab320b7-f66a-4962-83ce-cfcadd3fab3b', 'fab320b7-f66a-4962-83ce-cfcadd3fab3b', 'fab320b7-f66a-4962-83ce-cfcadd3fab3b', 'fab320b7-f66a-4962-83ce-cfcadd3fab3b', 'fab320b7-f66a-4962-83ce-cfcadd3fab3b', 'fab320b7-f66a-4962-83ce-cfcadd3fab3b', 'fab320b7-f66a-4962-83ce-cfcadd3fab3b', 'fab320b7-f66a-4962-83ce-cfcadd3fab3b', 'fab320b7-f66a-4962-83ce-cfcadd3fab3b', 'fab320b7-f66a-4962-83ce-cfcadd3fab3b', 'fab320b7-f66a-4962-83ce-cfcadd3fab3b', 'fab320b7-f66a-4962-83ce-cfcadd3fab3b', 'fab320b7-f66a-4962-83ce-cfcadd3fab3b', 'fab320b7-f66a-4962-83ce-cfcadd3fab3b', 'fab320b7-f66a-4962-83ce-cfcadd3fab3b', 'fab320b7-f66a-4962-83ce-cfcadd3fab3b', 'fab320b7-f66a-4962-83ce-cfcadd3fab3b', '5af1a9df-9478-4c92-a9bb-e9a992ca544d', 'd30d1978-c833-4ef7-8885-3a775fc33480', 'eaf09bf4-465e-46cc-94e0-969ab9c1a44e', 'fe46e4cf-fe61-4fc2-b2d7-ad7d89c7297e', '7df0c4e5-edbe-489d-bbba-caa70ecef4f7', 'd1da226b-265a-46f6-8edc-846577e0bce4', 'da0ce5e6-ca90-4144-a019-64db273de600', '15eec231-bb44-4dbd-bff3-426202ec2e30', '3d275640-ee61-4eec-b53f-4c31ddacceaf', 'a7e64443-e98a-4eca-b578-ee5b3fb053e0', '69773951-3e9e-4763-a5fa-566d2d5704bf', 'd26a1bed-9bba-45a2-adb8-fded2ef46c1f', '27368282-eb2b-4c8f-b570-41b922fa6402', '85375d83-4055-434b-b0d7-3884fdc08807', '746624c2-b383-4e83-aad5-84fc3cbb8590', 'eabc1790-b2aa-4e9e-9355-0e5ece0c6727', '023566e4-e985-4bc9-920a-3d1422caf028', 'd40b0a1c-bf74-4034-8380-cf90fa01750a', '3bc323eb-a4a9-43a4-8e49-07424171798f', '23e3e938-29a3-404f-b245-b82d94d23d8e', 'c6f3d37d-a597-4dfa-9e32-63a8596e8216', 'fa702a50-4a57-4a5a-a8f3-2dbf3ea7f335', '4bd29c2b-5ca7-43c9-b1e9-0e50991e0252', '66a6b003-8f20-42de-a738-82d0ebd723b6', '066e3c02-884c-48c3-b82f-1d3c85c06b93', '6fe9e6a0-0638-4a12-ab8e-73bcd987d05d', 'af281809-bd16-4632-ad12-c00182fc2143']"
2faf0d72-ccdf-41c7-8435-937ca82436c7,11,"['c50a2e25-8bcc-4551-8e4a-b5ab63c31720', 'c50a2e25-8bcc-4551-8e4a-b5ab63c31720', 'c50a2e25-8bcc-4551-8e4a-b5ab63c31720', 'c50a2e25-8bcc-4551-8e4a-b5ab63c31720', 'c50a2e25-8bcc-4551-8e4a-b5ab63c31720', 'c50a2e25-8bcc-4551-8e4a-b5ab63c31720', 'c50a2e25-8bcc-4551-8e4a-b5ab63c31720', 'c50a2e25-8bcc-4551-8e4a-b5ab63c31720', 'c50a2e25-8bcc-4551-8e4a-b5ab63c31720', 'c50a2e25-8bcc-4551-8e4a-b5ab63c31720', 'c50a2e25-8bcc-4551-8e4a-b5ab63c31720', 'c50a2e25-8bcc-4551-8e4a-b5ab63c31720', 'c50a2e25-8bcc-4551-8e4a-b5ab63c31720', 'c50a2e25-8bcc-4551-8e4a-b5ab63c31720', 'c50a2e25-8bcc-4551-8e4a-b5ab63c31720', 'c50a2e25-8bcc-4551-8e4a-b5ab63c31720', 'c50a2e25-8bcc-4551-8e4a-b5ab63c31720', 'c50a2e25-8bcc-4551-8e4a-b5ab63c31720', 'c50a2e25-8bcc-4551-8e4a-b5ab63c31720', 'f72321a2-5613-42ce-bfb0-adff9fc6c45c', 'e9f6a325-b8a3-47e7-939f-0690a5999a56', '5b560a89-0b05-4755-bfb3-b5a301a71d58', '2910dfaa-2bbf-46eb-a7e8-bcf360418216', 'cebaf172-5f2f-4873-afa1-7cf67f0a215f', '2b1e9185-c761-4621-9ecc-9e73e0c4f957', '00f1ff71-3ac8-4838-99b9-af1545ad72c7', 'f0cd60dd-aa4b-4146-903a-a73ffb7a4c89', 'cad4735f-634e-4a14-b23f-6a830d03f01d', 'ef902e4e-2bb0-4421-96fe-e63f0dfaedac', 'eed36e89-2189-48f4-a2c7-43408cb1975a', 'b7ffe3fb-304d-4868-a3ae-848abe845018', 'b0f7c44a-a714-4ede-a04f-726cf2449450', '3d496683-868e-4128-8987-90f570b98d32', 'a2f9b30c-483f-456f-b282-78f7825fc5f7', 'd7720a5d-62d5-4f4a-b58c-90e7fe1cc668', '6495187f-c2e2-4c7f-9575-3aaa34aca4ed', 'f5e07dcf-efa1-45d8-90eb-d5afe1836935', 'c22b3b29-5bbe-4c8c-b13e-d8468ba6561c', '181d689c-300b-4bfd-a0a6-142a9ab43f7b', 'f562e21b-9ddc-41f8-aecd-5d1f57505863', '1c7cf0c1-3bc8-4e06-8497-bfc5fbda6309', '84c20501-f6a0-4ff1-83c2-19393ef789aa', 'd45fa003-d9ca-40d0-834d-459da6f3855f', 'd8091d9b-297d-4bd2-9579-01fa76de6fb1', '80446c02-111f-422e-ac4e-562c8fb4a4e1', '61b164e4-2e96-46a4-9e04-8f3d148b2f59', 'b6ce5d34-9763-4ae1-ace3-0aabfba6e25b', '15ace983-74df-4ace-ad49-1d7db18f4d7f', 'b3f9d724-6b70-4848-868b-f711ed335a36', 'bb409f60-5fec-45cf-9da2-670d6d1be7d2']"
b8102286-d8c7-43d5-93eb-b576b2869877,15,"['fab320b7-f66a-4962-83ce-cfcadd3fab3b', 'fab320b7-f66a-4962-83ce-cfcadd3fab3b', 'fab320b7-f66a-4962-83ce-cfcadd3fab3b', 'fab320b7-f66a-4962-83ce-cfcadd3fab3b', 'fab320b7-f66a-4962-83ce-cfcadd3fab3b', 'fab320b7-f66a-4962-83ce-cfcadd3fab3b', 'fab320b7-f66a-4962-83ce-cfcadd3fab3b', 'fab320b7-f66a-4962-83ce-cfcadd3fab3b', 'fab320b7-f66a-4962-83ce-cfcadd3fab3b', 'fab320b7-f66a-4962-83ce-cfcadd3fab3b', 'fab320b7-f66a-4962-83ce-cfcadd3fab3b', 'fab320b7-f66a-4962-83ce-cfcadd3fab3b', 'fab320b7-f66a-4962-83ce-cfcadd3fab3b', 'fab320b7-f66a-4962-83ce-cfcadd3fab3b', 'fab320b7-f66a-4962-83ce-cfcadd3fab3b', 'fab320b7-f66a-4962-83ce-cfcadd3fab3b', 'fab320b7-f66a-4962-83ce-cfcadd3fab3b', 'fab320b7-f66a-4962-83ce-cfcadd3fab3b', 'fab320b7-f66a-4962-83ce-cfcadd3fab3b', 'fab320b7-f66a-4962-83ce-cfcadd3fab3b', 'fab320b7-f66a-4962-83ce-cfcadd3fab3b', 'fab320b7-f66a-4962-83ce-cfcadd3fab3b', 'fab320b7-f66a-4962-83ce-cfcadd3fab3b', 'fab320b7-f66a-4962-83ce-cfcadd3fab3b', 'fab320b7-f66a-4962-83ce-cfcadd3fab3b', 'fab320b7-f66a-4962-83ce-cfcadd3fab3b', 'fab320b7-f66a-4962-83ce-cfcadd3fab3b', 'fab320b7-f66a-4962-83ce-cfcadd3fab3b', 'fab320b7-f66a-4962-83ce-cfcadd3fab3b', 'fab320b7-f66a-4962-83ce-cfcadd3fab3b', 'fab320b7-f66a-4962-83ce-cfcadd3fab3b', 'fab320b7-f66a-4962-83ce-cfcadd3fab3b', 'fab320b7-f66a-4962-83ce-cfcadd3fab3b', 'fab320b7-f66a-4962-83ce-cfcadd3fab3b', 'fab320b7-f66a-4962-83ce-cfcadd3fab3b', 'fab320b7-f66a-4962-83ce-cfcadd3fab3b', 'fab320b7-f66a-4962-83ce-cfcadd3fab3b', 'fab320b7-f66a-4962-83ce-cfcadd3fab3b', 'fab320b7-f66a-4962-83ce-cfcadd3fab3b', 'fab320b7-f66a-4962-83ce-cfcadd3fab3b', 'dfa8273b-8e08-46ae-91f9-88d1f7d2b79d', '9aac44fe-8db6-47f8-ae12-362535b12072', '0f742965-b933-4679-a819-9bfa28d0bd06', 'df4465c5-285d-4183-bd36-861e8652b575', '1bdc99a4-5d49-4e98-adb1-4644a9a3743b', 'd30bff7f-9cdd-4259-aad6-c61219b1770a', '7a5067b0-39db-48ed-91ac-988f121b1d43', '713a0941-9b2c-4dae-8979-444ab1288e66', '33bc7dd2-d990-4564-85d0-aba2451e0484', '2ec22aa9-5f3c-48db-a115-9c59dd0bd5cb']"
2faf0d72-ccdf-41c7-8435-937ca82436c7,12,"['c50a2e25-8bcc-4551-8e4a-b5ab63c31720', 'c50a2e25-8bcc-4551-8e4a-b5ab63c31720', 'c50a2e25-8bcc-4551-8e4a-b5ab63c31720', 'c50a2e25-8bcc-4551-8e4a-b5ab63c31720', 'c50a2e25-8bcc-4551-8e4a-b5ab63c31720', 'c50a2e25-8bcc-4551-8e4a-b5ab63c31720', 'c50a2e25-8bcc-4551-8e4a-b5ab63c31720', 'c50a2e25-8bcc-4551-8e4a-b5ab63c31720', 'c50a2e25-8bcc-4551-8e4a-b5ab63c31720', 'c50a2e25-8bcc-4551-8e4a-b5ab63c31720', 'c50a2e25-8bcc-4551-8e4a-b5ab63c31720', 'c50a2e25-8bcc-4551-8e4a-b5ab63c31720', 'c50a2e25-8bcc-4551-8e4a-b5ab63c31720', 'c50a2e25-8bcc-4551-8e4a-b5ab63c31720', 'c50a2e25-8bcc-4551-8e4a-b5ab63c31720', 'c50a2e25-8bcc-4551-8e4a-b5ab63c31720', 'c50a2e25-8bcc-4551-8e4a-b5ab63c31720', 'c50a2e25-8bcc-4551-8e4a-b5ab63c31720', 'c50a2e25-8bcc-4551-8e4a-b5ab63c31720', 'c50a2e25-8bcc-4551-8e4a-b5ab63c31720', 'c50a2e25-8bcc-4551-8e4a-b5ab63c31720', 'c50a2e25-8bcc-4551-8e4a-b5ab63c31720', 'c50a2e25-8bcc-4551-8e4a-b5ab63c31720', 'c50a2e25-8bcc-4551-8e4a-b5ab63c31720', 'c50a2e25-8bcc-4551-8e4a-b5ab63c31720', 'c50a2e25-8bcc-4551-8e4a-b5ab63c31720', 'c50a2e25-8bcc-4551-8e4a-b5ab63c31720', 'c50a2e25-8bcc-4551-8e4a-b5ab63c31720', 'c50a2e25-8bcc-4551-8e4a-b5ab63c31720', 'c50a2e25-8bcc-4551-8e4a-b5ab63c31720', 'c50a2e25-8bcc-4551-8e4a-b5ab63c31720', 'c50a2e25-8bcc-4551-8e4a-b5ab63c31720', 'c50a2e25-8bcc-4551-8e4a-b5ab63c31720', 'c50a2e25-8bcc-4551-8e4a-b5ab63c31720', 'c50a2e25-8bcc-4551-8e4a-b5ab63c31720', 'c50a2e25-8bcc-4551-8e4a-b5ab63c31720', 'c50a2e25-8bcc-4551-8e4a-b5ab63c31720', 'c50a2e25-8bcc-4551-8e4a-b5ab63c31720', 'c50a2e25-8bcc-4551-8e4a-b5ab63c31720', 'c50a2e25-8bcc-4551-8e4a-b5ab63c31720', 'f5fe369c-0c3d-487d-b729-775d9be46add', '9c9d2211-5542-4b22-a1d5-5ed9385987b7', '25bd7fd9-1570-4fe4-8a7e-aad06753ee06', 'fa5b617c-70fc-4677-8009-0941bb97b7af', 'bd2e784a-7e6c-4894-b720-c0b72ffc0ca5', 'ea6acd12-9012-4e2a-b95b-3912867a6962', '6ce2a396-6fd9-43b4-a8ba-d9a6f42495d2', '7b2996ad-515a-463f-9e41-3503b2b7b55c', 'c7a51758-99b3-42b1-8f65-d7b410afb037', '264bbbca-4e43-45ed-b0b2-af8d77b80a72']"
2faf0d72-ccdf-41c7-8435-937ca82436c7,13,"['c50a2e25-8bcc-4551-8e4a-b5ab63c31720', 'c50a2e25-8bcc-4551-8e4a-b5ab63c31720', 'c50a2e25-8bcc-4551-8e4a-b5ab63c31720', 'c50a2e25-8bcc-4551-8e4a-b5ab63c31720', 'c50a2e25-8bcc-4551-8e4a-b5ab63c31720', 'c50a2e25-8bcc-4551-8e4a-b5ab63c31720', 'c50a2e25-8bcc-4551-8e4a-b5ab63c31720', 'c50a2e25-8bcc-4551-8e4a-b5ab63c31720', 'c50a2e25-8bcc-4551-8e4a-b5ab63c31720', 'c50a2e25-8bcc-4551-8e4a-b5ab63c31720', 'c50a2e25-8bcc-4551-8e4a-b5ab63c31720', 'c50a2e25-8bcc-4551-8e4a-b5ab63c31720', 'c50a2e25-8bcc-4551-8e4a-b5ab63c31720', 'c50a2e25-8bcc-4551-8e4a-b5ab63c31720', 'c50a2e25-8bcc-4551-8e4a-b5ab63c31720', 'c50a2e25-8bcc-4551-8e4a-b5ab63c31720', 'c50a2e25-8bcc-4551-8e4a-b5ab63c31720', 'c50a2e25-8bcc-4551-8e4a-b5ab63c31720', 'c50a2e25-8bcc-4551-8e4a-b5ab63c31720', 'c50a2e25-8bcc-4551-8e4a-b5ab63c31720', 'c50a2e25-8bcc-4551-8e4a-b5ab63c31720', 'c50a2e25-8bcc-4551-8e4a-b5ab63c31720', 'c50a2e25-8bcc-4551-8e4a-b5ab63c31720', 'c50a2e25-8bcc-4551-8e4a-b5ab63c31720', 'c50a2e25-8bcc-4551-8e4a-b5ab63c31720', 'c50a2e25-8bcc-4551-8e4a-b5ab63c31720', 'c50a2e25-8bcc-4551-8e4a-b5ab63c31720', 'c50a2e25-8bcc-4551-8e4a-b5ab63c31720', 'c50a2e25-8bcc-4551-8e4a-b5ab63c31720', 'c50a2e25-8bcc-4551-8e4a-b5ab63c31720', 'c50a2e25-8bcc-4551-8e4a-b5ab63c31720', 'c50a2e25-8bcc-4551-8e4a-b5ab63c31720', 'c50a2e25-8bcc-4551-8e4a-b5ab63c31720', 'c50a2e25-8bcc-4551-8e4a-b5ab63c31720', 'c50a2e25-8bcc-4551-8e4a-b5ab63c31720', 'c50a2e25-8bcc-4551-8e4a-b5ab63c31720', 'f5fe369c-0c3d-487d-b729-775d9be46add', '25bd7fd9-1570-4fe4-8a7e-aad06753ee06', 'fa5b617c-70fc-4677-8009-0941bb97b7af', '6ce2a396-6fd9-43b4-a8ba-d9a6f42495d2', '7b2996ad-515a-463f-9e41-3503b2b7b55c', 'c7a51758-99b3-42b1-8f65-d7b410afb037', '1be818fe-6aa5-400d-8d3f-84933110600b', 'a30b3f2a-52c1-4b38-bd29-1913f3fcf024', 'bf47ad04-dc81-4906-b79b-cd80db430790', 'd57381d3-a81b-4310-a5a1-4ba8cd34ffe7', 'fdc726b7-cef4-4688-a9b0-768b874b8de1', '499332d1-9aef-4480-a4e8-e0d7d0324724', '20e78eca-0384-41bf-a52e-e530f643ea2d', '5e6d21a1-f6ce-4699-87d7-6efb5fd836e8']"
2faf0d72-ccdf-41c7-8435-937ca82436c7,14,"['c50a2e25-8bcc-4551-8e4a-b5ab63c31720', 'c50a2e25-8bcc-4551-8e4a-b5ab63c31720', 'c50a2e25-8bcc-4551-8e4a-b5ab63c31720', 'c50a2e25-8bcc-4551-8e4a-b5ab63c31720', 'c50a2e25-8bcc-4551-8e4a-b5ab63c31720', 'c50a2e25-8bcc-4551-8e4a-b5ab63c31720', 'c50a2e25-8bcc-4551-8e4a-b5ab63c31720', 'c50a2e25-8bcc-4551-8e4a-b5ab63c31720', 'c50a2e25-8bcc-4551-8e4a-b5ab63c31720', 'c50a2e25-8bcc-4551-8e4a-b5ab63c31720', 'c50a2e25-8bcc-4551-8e4a-b5ab63c31720', 'c50a2e25-8bcc-4551-8e4a-b5ab63c31720', 'c50a2e25-8bcc-4551-8e4a-b5ab63c31720', 'c50a2e25-8bcc-4551-8e4a-b5ab63c31720', 'c50a2e25-8bcc-4551-8e4a-b5ab63c31720', 'c50a2e25-8bcc-4551-8e4a-b5ab63c31720', 'c50a2e25-8bcc-4551-8e4a-b5ab63c31720', 'c50a2e25-8bcc-4551-8e4a-b5ab63c31720', 'c50a2e25-8bcc-4551-8e4a-b5ab63c31720', 'c50a2e25-8bcc-4551-8e4a-b5ab63c31720', 'c50a2e25-8bcc-4551-8e4a-b5ab63c31720', 'c50a2e25-8bcc-4551-8e4a-b5ab63c31720', 'c50a2e25-8bcc-4551-8e4a-b5ab63c31720', 'c50a2e25-8bcc-4551-8e4a-b5ab63c31720', 'c50a2e25-8bcc-4551-8e4a-b5ab63c31720', 'c50a2e25-8bcc-4551-8e4a-b5ab63c31720', 'c50a2e25-8bcc-4551-8e4a-b5ab63c31720', 'c50a2e25-8bcc-4551-8e4a-b5ab63c31720', '25bd7fd9-1570-4fe4-8a7e-aad06753ee06', 'fa5b617c-70fc-4677-8009-0941bb97b7af', 'c7a51758-99b3-42b1-8f65-d7b410afb037', '1be818fe-6aa5-400d-8d3f-84933110600b', 'a30b3f2a-52c1-4b38-bd29-1913f3fcf024', 'bf47ad04-dc81-4906-b79b-cd80db430790', 'd57381d3-a81b-4310-a5a1-4ba8cd34ffe7', 'fdc726b7-cef4-4688-a9b0-768b874b8de1', '499332d1-9aef-4480-a4e8-e0d7d0324724', '20e78eca-0384-41bf-a52e-e530f643ea2d', '5e6d21a1-f6ce-4699-87d7-6efb5fd836e8', 'a1df5373-2277-4bd3-abec-26d22e2a388e', '1c998055-bcc8-462b-96bc-3a7855b562b9', 'b3e80789-8a19-4996-ab49-f202768a9ad9', 'd7965102-0bc2-4214-a54b-bb787a092623', '477bb13a-203f-4e10-af47-907ff165cc35', '4d538032-8995-43ea-82e9-b5f162e227d7', 'd36a3982-fc34-4bfd-9676-c03b46f1d748', '64f88ddc-95b7-4b7a-bc7b-90424eb6025b', '0dd58fbf-c77f-4ecf-8387-60f69ea02d25', '1a146df3-63e7-4489-8ef3-4d8be11a0a47', '991e561c-0ad1-48d2-8065-82d5dbd0c612']"
2faf0d72-ccdf-41c7-8435-937ca82436c7,15,"['c50a2e25-8bcc-4551-8e4a-b5ab63c31720', 'c50a2e25-8bcc-4551-8e4a-b5ab63c31720', 'c50a2e25-8bcc-4551-8e4a-b5ab63c31720', 'c50a2e25-8bcc-4551-8e4a-b5ab63c31720', 'c50a2e25-8bcc-4551-8e4a-b5ab63c31720', 'c50a2e25-8bcc-4551-8e4a-b5ab63c31720', 'c50a2e25-8bcc-4551-8e4a-b5ab63c31720', 'c50a2e25-8bcc-4551-8e4a-b5ab63c31720', 'c50a2e25-8bcc-4551-8e4a-b5ab63c31720', 'c50a2e25-8bcc-4551-8e4a-b5ab63c31720', 'c50a2e25-8bcc-4551-8e4a-b5ab63c31720', 'c50a2e25-8bcc-4551-8e4a-b5ab63c31720', 'c50a2e25-8bcc-4551-8e4a-b5ab63c31720', 'c50a2e25-8bcc-4551-8e4a-b5ab63c31720', 'c50a2e25-8bcc-4551-8e4a-b5ab63c31720', 'c50a2e25-8bcc-4551-8e4a-b5ab63c31720', 'c50a2e25-8bcc-4551-8e4a-b5ab63c31720', 'c50a2e25-8bcc-4551-8e4a-b5ab63c31720', 'c50a2e25-8bcc-4551-8e4a-b5ab63c31720', 'c50a2e25-8bcc-4551-8e4a-b5ab63c31720', 'c50a2e25-8bcc-4551-8e4a-b5ab63c31720', 'c50a2e25-8bcc-4551-8e4a-b5ab63c31720', 'c50a2e25-8bcc-4551-8e4a-b5ab63c31720', '25bd7fd9-1570-4fe4-8a7e-aad06753ee06', 'fa5b617c-70fc-4677-8009-0941bb97b7af', 'c7a51758-99b3-42b1-8f65-d7b410afb037', '1be818fe-6aa5-400d-8d3f-84933110600b', 'a30b3f2a-52c1-4b38-bd29-1913f3fcf024', 'bf47ad04-dc81-4906-b79b-cd80db430790', 'd57381d3-a81b-4310-a5a1-4ba8cd34ffe7', '499332d1-9aef-4480-a4e8-e0d7d0324724', '5e6d21a1-f6ce-4699-87d7-6efb5fd836e8', 'a1df5373-2277-4bd3-abec-26d22e2a388e', '1c998055-bcc8-462b-96bc-3a7855b562b9', 'b3e80789-8a19-4996-ab49-f202768a9ad9', 'd7965102-0bc2-4214-a54b-bb787a092623', '477bb13a-203f-4e10-af47-907ff165cc35', '4d538032-8995-43ea-82e9-b5f162e227d7', 'd36a3982-fc34-4bfd-9676-c03b46f1d748', '64f88ddc-95b7-4b7a-bc7b-90424eb6025b', '1a146df3-63e7-4489-8ef3-4d8be11a0a47', '09dcd890-e323-4437-bde9-cc1810695e97', '66856b92-3364-4d82-bd52-2d6dd2f242fe', 'b2e8b5e7-cad3-49f7-95ca-ddc22329c538', '9c79d907-be04-427c-9fe7-76ba875ff88d', '8fb8430f-d2cf-4145-8d45-062f2f6afc28', '11c198ac-ba42-4122-88e5-435cd891a7b4', '087bfdc0-6d8b-4799-be97-69c13e06273c', '83f7fb40-b6e5-45fc-98d1-1c3622db7111', '937acae0-27c5-4549-8810-f216ba30f46f']"
