run_id,itr,pool_members_uuids
4a28b9f8-eb7a-4f30-90c1-c2799e653f42,0,['a5dccba5-58a1-48a8-a57d-b9b60750d11d']
1c7c79f3-6b44-441e-aa82-77989f003f65,0,['57114492-03f5-4e0c-b27e-fe305d397863']
c43a1453-5f56-4e01-ba68-b88d8077d677,0,['e0fec6f6-775f-4e69-abdb-ccdba4151585']
2ea8692c-4d6b-43a0-ba97-0267768eb856,0,['9a124549-f997-4340-a1ba-a504a6da51f5']
00169386-2a20-4b4d-a3d7-9a92550cfacb,0,['0e62ee48-1d32-4d15-9341-6c4354a0edc7']
a9fdefc6-899b-443b-90a6-9f7677754661,0,['a33bdf7e-ba15-4466-9f82-158eaca576f2']
9dc04195-246a-4cfb-8e59-9d3363f19eb2,0,['660989fc-bcd7-4d4f-a349-9a665acd615b']
d27fd4ef-99fe-45d8-aa65-df711ba68087,0,['6648ecb2-a085-4167-9ccd-54838014c25d']
1c7c79f3-6b44-441e-aa82-77989f003f65,1,['86eae002-b936-4728-9dd9-34e456231a17']
4a28b9f8-eb7a-4f30-90c1-c2799e653f42,1,['762f4769-37f3-494d-a9ba-4029c215eb64']
c43a1453-5f56-4e01-ba68-b88d8077d677,1,['313d79f6-c1fc-40b2-ad19-c84388a9acdb']
00169386-2a20-4b4d-a3d7-9a92550cfacb,1,['5a3f5aba-3e6a-4572-93e5-496ac739b936']
2ea8692c-4d6b-43a0-ba97-0267768eb856,1,['2854ff1a-8a20-4aa2-b48d-d41e1d3e6a23']
a9fdefc6-899b-443b-90a6-9f7677754661,1,['205239e1-e017-4a7d-9ca6-40c6b79ee899']
9dc04195-246a-4cfb-8e59-9d3363f19eb2,1,['1a4d6021-19ae-4bb2-8ebf-917427db5f00']
d27fd4ef-99fe-45d8-aa65-df711ba68087,1,['4ac05ccb-4f09-4c42-b078-e548e2219131']
c43a1453-5f56-4e01-ba68-b88d8077d677,2,['b458412e-a306-4d0f-b980-bafe569719f6']
1c7c79f3-6b44-441e-aa82-77989f003f65,2,['86725c8a-f25f-4c1d-b588-57bbf44501ac']
4a28b9f8-eb7a-4f30-90c1-c2799e653f42,2,['9b4f1389-b4b2-41ce-9b8d-12cb4433e4aa']
00169386-2a20-4b4d-a3d7-9a92550cfacb,2,['d13dad28-51f4-4b34-a770-a55b61d4aa26']
2ea8692c-4d6b-43a0-ba97-0267768eb856,2,['c1834d92-f4e8-4641-98fc-3cb8e256cc28']
a9fdefc6-899b-443b-90a6-9f7677754661,2,['ac0cdb92-fae9-4e3e-bf53-f59a0af388e0']
9dc04195-246a-4cfb-8e59-9d3363f19eb2,2,['0a9240a9-57c7-4470-874a-5d28dd781502']
d27fd4ef-99fe-45d8-aa65-df711ba68087,2,['ea1bdde3-5ca7-41b1-af4f-ed8f5e695cc3']
1c7c79f3-6b44-441e-aa82-77989f003f65,3,['eb6968d4-205b-4e35-ab9a-31329d6731fb']
c43a1453-5f56-4e01-ba68-b88d8077d677,3,['e779b13d-738c-4ba9-971c-3358907a2742']
d27fd4ef-99fe-45d8-aa65-df711ba68087,3,['08702382-6f17-4111-8ef4-6529ebe3224a']
c43a1453-5f56-4e01-ba68-b88d8077d677,4,['8a957810-5d15-4da0-8f51-239576aa39d1']
4a28b9f8-eb7a-4f30-90c1-c2799e653f42,3,['eb245ce2-3155-43ab-8473-7f567788cf4c']
00169386-2a20-4b4d-a3d7-9a92550cfacb,3,['2e073e23-3911-476c-8351-6fbdb931c6dc']
2ea8692c-4d6b-43a0-ba97-0267768eb856,3,['c7370e9c-47fa-4a14-8317-0fafaf47069a']
1c7c79f3-6b44-441e-aa82-77989f003f65,4,['2386c438-fd9b-41e1-ac31-d0798562b415']
a9fdefc6-899b-443b-90a6-9f7677754661,3,['dd02928f-cd6c-46b2-acc1-24f99b2c13c2']
9dc04195-246a-4cfb-8e59-9d3363f19eb2,3,['68a3a331-bac6-4b09-b6d7-45929051e05a']
c43a1453-5f56-4e01-ba68-b88d8077d677,5,['c4a42764-6243-479d-afdf-6cb0b9114d9a']
4a28b9f8-eb7a-4f30-90c1-c2799e653f42,4,['57548384-eed5-4a3c-9086-9b86edc89752']
d27fd4ef-99fe-45d8-aa65-df711ba68087,4,['f0543d1d-4cb5-4e16-afe7-2e9013d48dfc']
00169386-2a20-4b4d-a3d7-9a92550cfacb,4,['524f1dc1-269f-4121-bdbf-59eef978fc1b']
1c7c79f3-6b44-441e-aa82-77989f003f65,5,['1fd63b60-b4ca-4eb8-b57b-4b54c99b37d9']
2ea8692c-4d6b-43a0-ba97-0267768eb856,4,['2b2dc513-25c6-45fd-b6fb-ee5107e77a48']
a9fdefc6-899b-443b-90a6-9f7677754661,4,['0fb1b0e1-56c9-4d16-b10d-8bd34f084167']
9dc04195-246a-4cfb-8e59-9d3363f19eb2,4,['6a069090-9853-4841-87e6-ddc7251a8c62']
c43a1453-5f56-4e01-ba68-b88d8077d677,6,['d0696e09-8eef-4213-b168-23ea24bebb18']
4a28b9f8-eb7a-4f30-90c1-c2799e653f42,5,['61399672-0ac4-42a3-9e94-662b879fe456']
2ea8692c-4d6b-43a0-ba97-0267768eb856,5,['72e44e62-7088-4a61-952e-b4ecb2619a7f']
00169386-2a20-4b4d-a3d7-9a92550cfacb,5,['32dc930a-bad1-4d69-bc5e-b1e2e53a5ff5']
1c7c79f3-6b44-441e-aa82-77989f003f65,6,['2eae10d1-96c9-4891-812f-85dc146f4a6e']
d27fd4ef-99fe-45d8-aa65-df711ba68087,5,['177e5601-e376-4216-98be-06fbbfe1c17b']
a9fdefc6-899b-443b-90a6-9f7677754661,5,['fd0a04bf-3c76-4136-a9f4-bde768053157']
9dc04195-246a-4cfb-8e59-9d3363f19eb2,5,['2dd5862d-5629-4617-a521-693c95244bd8']
4a28b9f8-eb7a-4f30-90c1-c2799e653f42,6,['fe62dc61-a449-4180-848c-810a611d7ac4']
2ea8692c-4d6b-43a0-ba97-0267768eb856,6,['18a5e9af-ffab-487c-ba4e-abf184057bc2']
00169386-2a20-4b4d-a3d7-9a92550cfacb,6,['5b4eb9b3-53e8-494a-9fa7-fb5c73de165c']
c43a1453-5f56-4e01-ba68-b88d8077d677,7,['a86689ac-94fe-42d8-8216-d1b9c980a24c']
1c7c79f3-6b44-441e-aa82-77989f003f65,7,['e16c957c-8238-4007-a8db-b8d0302a95b5']
d27fd4ef-99fe-45d8-aa65-df711ba68087,6,['f7158ecb-cb7c-472e-8e43-457d6f0c3c3c']
4a28b9f8-eb7a-4f30-90c1-c2799e653f42,7,['acd21d31-4a2b-43ae-842a-e0891f0e6942']
a9fdefc6-899b-443b-90a6-9f7677754661,6,['fd523506-268f-4940-8f72-1d3cb4a9a837']
2ea8692c-4d6b-43a0-ba97-0267768eb856,7,['646b7058-c7d4-49fc-8c00-2fe60b8c587c']
9dc04195-246a-4cfb-8e59-9d3363f19eb2,6,['f7b1a4e6-f858-4542-a5a4-216b8d92127a']
00169386-2a20-4b4d-a3d7-9a92550cfacb,7,['be20493b-120e-47db-9d7e-6857d1b13624']
c43a1453-5f56-4e01-ba68-b88d8077d677,8,['54a6b27b-b24a-4b4e-9017-94e1a8f1193f']
1c7c79f3-6b44-441e-aa82-77989f003f65,8,['539f73b4-b308-4163-9c0e-429e760bafd9']
4a28b9f8-eb7a-4f30-90c1-c2799e653f42,8,['f560f9a8-e306-4aea-978f-ed1087a98118']
d27fd4ef-99fe-45d8-aa65-df711ba68087,7,['bf7a4f36-b167-4b85-92bc-228e77ca9a5c']
2ea8692c-4d6b-43a0-ba97-0267768eb856,8,['c8f7f125-e959-4fcd-9d22-cff209cc4cd4']
a9fdefc6-899b-443b-90a6-9f7677754661,7,['72dab025-4c3c-497b-bbbe-2a851d614ab5']
9dc04195-246a-4cfb-8e59-9d3363f19eb2,7,['04d328b1-e5c3-4540-ad17-5188848c4ea8']
00169386-2a20-4b4d-a3d7-9a92550cfacb,8,['5de1b830-1c10-4616-935b-368415fc7f93']
c43a1453-5f56-4e01-ba68-b88d8077d677,9,['bf5ac992-987d-4d2f-9591-abc7f29e0360']
1c7c79f3-6b44-441e-aa82-77989f003f65,9,['2fd52e0a-4757-458f-9bfd-d0c1d0af5543']
4a28b9f8-eb7a-4f30-90c1-c2799e653f42,9,['9b6d5464-3fc0-4ac9-a059-42d187428ec8']
1c7c79f3-6b44-441e-aa82-77989f003f65,10,['6b6a03ba-ab91-413a-b1c2-331d847b620c']
2ea8692c-4d6b-43a0-ba97-0267768eb856,9,['67bd0212-feb8-44e6-a391-638319912361']
d27fd4ef-99fe-45d8-aa65-df711ba68087,8,['ee63fac3-a560-4f1c-817d-5e5d6118a1cf']
a9fdefc6-899b-443b-90a6-9f7677754661,8,['b425dfe7-c510-4608-a4fd-1b32ecd13db2']
00169386-2a20-4b4d-a3d7-9a92550cfacb,9,['8837998a-7e58-4339-a44e-e5afd3f2da0c']
9dc04195-246a-4cfb-8e59-9d3363f19eb2,8,['9fe8f30e-b9df-4f25-976b-6f51409542c0']
c43a1453-5f56-4e01-ba68-b88d8077d677,10,['a59115b3-1cbc-4737-bf18-8589520b390e']
4a28b9f8-eb7a-4f30-90c1-c2799e653f42,10,['83361758-45ec-402a-b719-1c63b2823cfb']
1c7c79f3-6b44-441e-aa82-77989f003f65,11,['7b7b2e16-f76f-49e7-98b3-92231e3a7ea8']
2ea8692c-4d6b-43a0-ba97-0267768eb856,10,['73f61c24-eeda-453c-88ea-e81173b97558']
a9fdefc6-899b-443b-90a6-9f7677754661,9,['2b85b58c-72da-46de-a8ea-b831f6e0ea54']
00169386-2a20-4b4d-a3d7-9a92550cfacb,10,['1213ebb8-4075-49a0-8e94-25f5d05ec0bb']
d27fd4ef-99fe-45d8-aa65-df711ba68087,9,['11ddd998-efdb-4d20-8fa5-02edc1a5b0ff']
9dc04195-246a-4cfb-8e59-9d3363f19eb2,9,['e76f8883-6fe6-4790-9d51-4419fad7fde6']
c43a1453-5f56-4e01-ba68-b88d8077d677,11,['b28fe128-efc5-472a-b2c5-c59fd85249d5']
4a28b9f8-eb7a-4f30-90c1-c2799e653f42,11,['ff7ddd15-b0b7-4a47-a1d7-48f975e2bea2']
2ea8692c-4d6b-43a0-ba97-0267768eb856,11,['2e6ec200-3fdc-46ed-8477-976bf6d55fb9']
1c7c79f3-6b44-441e-aa82-77989f003f65,12,['d5a3442e-f0e7-4561-b104-9c564859c4ae']
00169386-2a20-4b4d-a3d7-9a92550cfacb,11,['da1688fc-80b5-4274-9585-7b3d01e2f4f4']
a9fdefc6-899b-443b-90a6-9f7677754661,10,['3552df6e-ec3e-418f-98d1-6a210723805d']
c43a1453-5f56-4e01-ba68-b88d8077d677,12,['be9fbe35-da1f-4ded-b259-7dde617caf41']
9dc04195-246a-4cfb-8e59-9d3363f19eb2,10,['ba57bb57-1864-4f75-9ebb-ffe85d1e93e9']
4a28b9f8-eb7a-4f30-90c1-c2799e653f42,12,['9647fb5a-ff4a-4209-bd9b-29c153bf2a13']
2ea8692c-4d6b-43a0-ba97-0267768eb856,12,['9c112204-1b83-4a9c-8f95-5701fff832b7']
d27fd4ef-99fe-45d8-aa65-df711ba68087,10,['2c181b5a-6261-46cb-ad6f-d3c5ed3ab03f']
1c7c79f3-6b44-441e-aa82-77989f003f65,13,['4c9fb712-4590-40b7-9e1f-94230134191f']
00169386-2a20-4b4d-a3d7-9a92550cfacb,12,['f73304d6-0ddc-45f9-b4fe-0fab8cf29e4d']
c43a1453-5f56-4e01-ba68-b88d8077d677,13,['90398498-23c9-4cd1-8d24-892491cfe013']
4a28b9f8-eb7a-4f30-90c1-c2799e653f42,13,['43d07093-b22a-408a-9e37-2ea27bb73766']
a9fdefc6-899b-443b-90a6-9f7677754661,11,['7bd044d8-6441-4fc6-8c5e-7e881307cb29']
2ea8692c-4d6b-43a0-ba97-0267768eb856,13,['f7f42365-8659-4731-b1c8-96b146d8d7cd']
9dc04195-246a-4cfb-8e59-9d3363f19eb2,11,['6f93d1e5-2c1a-46a5-9be1-377465272687']
d27fd4ef-99fe-45d8-aa65-df711ba68087,11,['b456d7ed-5e05-483b-aff1-84d68eb31366']
1c7c79f3-6b44-441e-aa82-77989f003f65,14,['14d6296a-37e9-42fc-b2fe-2b3129592c34']
00169386-2a20-4b4d-a3d7-9a92550cfacb,13,['3f51b4f0-ac50-4eeb-84f9-9bce76892973']
4a28b9f8-eb7a-4f30-90c1-c2799e653f42,14,['2567fde4-392e-4675-8482-206c921c5df2']
c43a1453-5f56-4e01-ba68-b88d8077d677,14,['79ea80fb-6ea4-4333-993b-31426aa4eff7']
2ea8692c-4d6b-43a0-ba97-0267768eb856,14,['5873e137-81b9-47c7-b58b-63fa9a932d80']
a9fdefc6-899b-443b-90a6-9f7677754661,12,['2170856a-aa43-478e-b4e5-dc5735fbb370']
9dc04195-246a-4cfb-8e59-9d3363f19eb2,12,['4f68741b-2ab2-415d-b6b1-c70d902ad8c4']
1c7c79f3-6b44-441e-aa82-77989f003f65,15,['37f7e7f1-eb47-453a-8399-cfef6de9f74e']
d27fd4ef-99fe-45d8-aa65-df711ba68087,12,['1a2e6a80-e898-4cd7-86a4-a771855a8da8']
2ea8692c-4d6b-43a0-ba97-0267768eb856,15,['2990bb6f-70d2-4a80-a460-08a60331d103']
4a28b9f8-eb7a-4f30-90c1-c2799e653f42,15,['02d1aa75-d37d-47a8-bc85-69e8b7d4cb61']
00169386-2a20-4b4d-a3d7-9a92550cfacb,14,['994e9064-dd4d-4b1d-8014-43cc8d7c632f']
c43a1453-5f56-4e01-ba68-b88d8077d677,15,['15d970dc-158e-4513-9e24-755900c59603']
a9fdefc6-899b-443b-90a6-9f7677754661,13,['9636b7b2-3f6c-4c1d-b998-0739e98892e1']
1c7c79f3-6b44-441e-aa82-77989f003f65,16,['448f3242-3e09-4def-86f4-25a550683899']
9dc04195-246a-4cfb-8e59-9d3363f19eb2,13,['4827ed61-75fe-44b8-b276-d61133c44141']
2ea8692c-4d6b-43a0-ba97-0267768eb856,16,['53a4136b-a5b1-42a1-bb19-45e62e57a910']
4a28b9f8-eb7a-4f30-90c1-c2799e653f42,16,['119c95f7-cb3d-4885-8db1-a3883441cf26']
00169386-2a20-4b4d-a3d7-9a92550cfacb,15,['f4ea9578-e915-43cb-a577-277de239461a']
c43a1453-5f56-4e01-ba68-b88d8077d677,16,['3e876395-d134-429f-82e7-f66a1e018514']
d27fd4ef-99fe-45d8-aa65-df711ba68087,13,['9dd2de2d-672d-4171-8bc4-ae460267099e']
1c7c79f3-6b44-441e-aa82-77989f003f65,17,['e031f102-199a-4f06-987b-3e9c1836d19a']
a9fdefc6-899b-443b-90a6-9f7677754661,14,['7eaafe33-f29d-4e95-972d-94de411da83b']
9dc04195-246a-4cfb-8e59-9d3363f19eb2,14,['e82a9680-d41f-4063-9f59-d4c841e507c8']
2ea8692c-4d6b-43a0-ba97-0267768eb856,17,['a2576212-3ddd-4352-9ffc-eaacc596f59c']
4a28b9f8-eb7a-4f30-90c1-c2799e653f42,17,['67f93657-1851-488c-b8b2-f05e2c6ae222']
00169386-2a20-4b4d-a3d7-9a92550cfacb,16,['a0463d57-f041-49d3-9d14-2e2dc6fbd54e']
c43a1453-5f56-4e01-ba68-b88d8077d677,17,['3585096c-fa4e-4577-b636-b216ee599d94']
d27fd4ef-99fe-45d8-aa65-df711ba68087,14,['8b320b4e-2313-435d-a2fc-f0bb594d0f01']
1c7c79f3-6b44-441e-aa82-77989f003f65,18,['8b110237-5b42-4e56-b1a5-6856a32f258f']
2ea8692c-4d6b-43a0-ba97-0267768eb856,18,['5e77cb44-390a-4a47-aa6a-aebb199654f6']
a9fdefc6-899b-443b-90a6-9f7677754661,15,['cc789bde-f302-4df5-9879-8190b4f3bf84']
9dc04195-246a-4cfb-8e59-9d3363f19eb2,15,['5a698f95-611e-4937-9c5e-1d1e3ff7317e']
00169386-2a20-4b4d-a3d7-9a92550cfacb,17,['67f29cf6-6a5f-4803-b98a-c9381f99da8e']
4a28b9f8-eb7a-4f30-90c1-c2799e653f42,18,['a3a78885-2759-4c40-8155-077895d92dff']
c43a1453-5f56-4e01-ba68-b88d8077d677,18,['41f81159-373d-440f-9f15-e89be50826f9']
2ea8692c-4d6b-43a0-ba97-0267768eb856,19,['e9c33b0d-cb2a-4c03-b98d-6c99e8722161']
d27fd4ef-99fe-45d8-aa65-df711ba68087,15,['82a68667-08e7-4e7b-af3e-be3a438e014d']
1c7c79f3-6b44-441e-aa82-77989f003f65,19,['2414a1be-2304-4825-ada3-73f510348342']
a9fdefc6-899b-443b-90a6-9f7677754661,16,['9b461aac-594b-4927-837a-18bd288fa22c']
00169386-2a20-4b4d-a3d7-9a92550cfacb,18,['5291889e-d4ca-4fc7-a72a-a54540b41c1f']
4a28b9f8-eb7a-4f30-90c1-c2799e653f42,19,['85081049-3e0e-4301-8acb-5c8954d8b482']
c43a1453-5f56-4e01-ba68-b88d8077d677,19,['761bccce-a51e-495d-a000-53c5cfae576e']
9dc04195-246a-4cfb-8e59-9d3363f19eb2,16,['4aab089d-4b7d-4fae-9fdd-5cd17b9f880b']
9dc04195-246a-4cfb-8e59-9d3363f19eb2,17,['c9700c2a-cf83-4a3b-8da8-e7ece4c4a1c7']
2ea8692c-4d6b-43a0-ba97-0267768eb856,20,['b86ec735-bae9-45ce-8b4a-b33f57928a92']
1c7c79f3-6b44-441e-aa82-77989f003f65,20,['558c8100-22c2-47bd-9062-3cce1bc624f0']
d27fd4ef-99fe-45d8-aa65-df711ba68087,16,['41f797cd-66c1-4362-ba0b-d2e34f3e605f']
c43a1453-5f56-4e01-ba68-b88d8077d677,20,['78cda421-3be3-46a8-99df-b6e241847b58']
a9fdefc6-899b-443b-90a6-9f7677754661,17,['2dc716ac-ee31-4a81-96eb-208432ca65e6']
4a28b9f8-eb7a-4f30-90c1-c2799e653f42,20,['9e496577-5536-4bec-8241-540cbcd3439d']
00169386-2a20-4b4d-a3d7-9a92550cfacb,19,['43b37141-89c3-46ad-9e85-80831b497727']
2ea8692c-4d6b-43a0-ba97-0267768eb856,21,['cad9635d-4020-4ad2-a60a-af80a7bfcf81']
9dc04195-246a-4cfb-8e59-9d3363f19eb2,18,['c2cc29de-4c2e-4275-8d75-c931a8830a7e']
1c7c79f3-6b44-441e-aa82-77989f003f65,21,['24b79ba2-5cdd-4ce0-9c84-756d41911695']
c43a1453-5f56-4e01-ba68-b88d8077d677,21,['f3ec4533-7a70-4591-a1aa-bf00bf7e717e']
d27fd4ef-99fe-45d8-aa65-df711ba68087,17,['b485b8e2-50ac-4909-ac69-2fb290b03b0c']
00169386-2a20-4b4d-a3d7-9a92550cfacb,20,['5dbada5a-2156-4755-8cdd-98fa097902c2']
4a28b9f8-eb7a-4f30-90c1-c2799e653f42,21,['28c77ba9-9547-4af3-b372-f2da5c8f8e01']
a9fdefc6-899b-443b-90a6-9f7677754661,18,['70ed16ff-b306-4fed-95a3-1a2796a46a37']
2ea8692c-4d6b-43a0-ba97-0267768eb856,22,['9b5a63a7-5489-40ee-a085-971ae97c8aa0']
c43a1453-5f56-4e01-ba68-b88d8077d677,22,['6a7609c1-19aa-4c0f-86be-86fe6db43851']
9dc04195-246a-4cfb-8e59-9d3363f19eb2,19,['e7638cc8-cc9f-402e-8002-9c15b1dd05ca']
1c7c79f3-6b44-441e-aa82-77989f003f65,22,['103b582f-65f3-461e-a244-15a357f95d08']
4a28b9f8-eb7a-4f30-90c1-c2799e653f42,22,['184bf539-93e3-411e-8d21-703ba6005303']
00169386-2a20-4b4d-a3d7-9a92550cfacb,21,['a9b1a118-979d-4c6b-a1c5-108e8c3b7cc8']
d27fd4ef-99fe-45d8-aa65-df711ba68087,18,['ae014362-6d20-4430-9ea0-9f7bb0805a52']
a9fdefc6-899b-443b-90a6-9f7677754661,19,['b4bfcada-c95e-4a86-999a-3813b8cbbd52']
2ea8692c-4d6b-43a0-ba97-0267768eb856,23,['2643262f-46ad-4d34-9448-77c0ebae7df1']
c43a1453-5f56-4e01-ba68-b88d8077d677,23,['7b77b1f4-1305-4df9-ac3e-0dfdcf846fb5']
1c7c79f3-6b44-441e-aa82-77989f003f65,23,['e592ae99-41ba-4634-99a5-9967f4707059']
9dc04195-246a-4cfb-8e59-9d3363f19eb2,20,['9ec29ba7-e46f-4318-9bb2-15660156a92d']
4a28b9f8-eb7a-4f30-90c1-c2799e653f42,23,['d8338c0b-a9e2-4b26-87c9-b8e941c531eb']
00169386-2a20-4b4d-a3d7-9a92550cfacb,22,['f56803e1-8f92-4e3a-a634-0c34d8ca4cc1']
d27fd4ef-99fe-45d8-aa65-df711ba68087,19,['c122bcc7-ee5b-44fb-9114-69d150348d5c']
c43a1453-5f56-4e01-ba68-b88d8077d677,24,['f104612b-32c5-4323-ad0f-93e973acc88f']
2ea8692c-4d6b-43a0-ba97-0267768eb856,24,['f3c0251c-39fb-4578-9dc9-115025e903b0']
a9fdefc6-899b-443b-90a6-9f7677754661,20,['02b6c529-f3c7-43b9-8339-071168b41d0e']
1c7c79f3-6b44-441e-aa82-77989f003f65,24,['768584f4-b155-4b2d-bca7-36c1d72a743e']
4a28b9f8-eb7a-4f30-90c1-c2799e653f42,24,['9e957c53-2172-446a-9bf1-60e7049f5845']
00169386-2a20-4b4d-a3d7-9a92550cfacb,23,['6c6ef91e-9962-458b-8a8f-d013d31b98d4']
9dc04195-246a-4cfb-8e59-9d3363f19eb2,21,['e66fc8ff-d7b4-4eab-8788-3e4af491e082']
c43a1453-5f56-4e01-ba68-b88d8077d677,25,['cb540bdc-ffdb-42bc-9e6e-1bec2262baf8']
2ea8692c-4d6b-43a0-ba97-0267768eb856,25,['7b0027e9-51a0-4ad4-abdd-1d36fdce1686']
d27fd4ef-99fe-45d8-aa65-df711ba68087,20,['1b552290-c11b-4a47-879c-952a53db95e4']
a9fdefc6-899b-443b-90a6-9f7677754661,21,['2255e494-33af-48ce-9422-349989761848']
2ea8692c-4d6b-43a0-ba97-0267768eb856,26,['2f3babe5-b9fb-42ed-ab83-f7179f4551ee']
4a28b9f8-eb7a-4f30-90c1-c2799e653f42,25,['1c5b1530-c0e4-4a66-be49-4e15460e185e']
1c7c79f3-6b44-441e-aa82-77989f003f65,25,['513926fe-64c0-44bb-90a7-99215c5b0b32']
00169386-2a20-4b4d-a3d7-9a92550cfacb,24,['88cd6d01-73c2-46a2-b30d-d5382dbb4baa']
c43a1453-5f56-4e01-ba68-b88d8077d677,26,['7a0e84f2-bce7-41d7-8e55-3012f47bdc6d']
9dc04195-246a-4cfb-8e59-9d3363f19eb2,22,['01449b88-c0b4-4ed9-9a97-277e6c02ed29']
00169386-2a20-4b4d-a3d7-9a92550cfacb,25,['b487172f-34a7-479e-9fd1-9246c4930aff']
2ea8692c-4d6b-43a0-ba97-0267768eb856,27,['5201eccc-993c-4bf3-85c1-82fe879b870b']
d27fd4ef-99fe-45d8-aa65-df711ba68087,21,['de782023-074c-49ee-ba74-70439f4747a3']
a9fdefc6-899b-443b-90a6-9f7677754661,22,['9b1eedeb-fa73-4088-ac5f-904b2e57d8a7']
4a28b9f8-eb7a-4f30-90c1-c2799e653f42,26,['b9fd838f-3b4a-4ec2-9de5-b7ffec53cc5c']
1c7c79f3-6b44-441e-aa82-77989f003f65,26,['7dd6b3c8-287c-4339-bcbd-92a3ac38b01e']
c43a1453-5f56-4e01-ba68-b88d8077d677,27,['32036957-dcc6-4874-9745-bd6d02646121']
00169386-2a20-4b4d-a3d7-9a92550cfacb,26,['506b4a23-42a7-48f5-845c-935e0fa61330']
9dc04195-246a-4cfb-8e59-9d3363f19eb2,23,['382674f3-85ef-4834-aa74-7f27e464a26b']
2ea8692c-4d6b-43a0-ba97-0267768eb856,28,['799165c0-5766-4c56-9135-79f017f89486']
4a28b9f8-eb7a-4f30-90c1-c2799e653f42,27,['f8ab8e60-5931-416e-a686-ec603e0f59a4']
d27fd4ef-99fe-45d8-aa65-df711ba68087,22,['7dd6d88e-86ea-4bf3-bdc7-a4b4a56dd0b7']
c43a1453-5f56-4e01-ba68-b88d8077d677,28,['342fc1db-0a1a-40e0-b2c1-cb23e57825c4']
1c7c79f3-6b44-441e-aa82-77989f003f65,27,['09f9dca7-1de6-47e8-ac68-a30d793e5128']
a9fdefc6-899b-443b-90a6-9f7677754661,23,['0e7573cd-dcd5-4162-ad04-7af1680d5cf9']
00169386-2a20-4b4d-a3d7-9a92550cfacb,27,['d5ddac1a-df3b-4b5b-b36b-0dc1dd316ebb']
2ea8692c-4d6b-43a0-ba97-0267768eb856,29,['7b0fd171-dcfb-4e22-a342-c04591a2f002']
9dc04195-246a-4cfb-8e59-9d3363f19eb2,24,['850632dc-5a83-4983-853e-35ddc702202e']
4a28b9f8-eb7a-4f30-90c1-c2799e653f42,28,['8d756822-2548-41d8-9732-6ee4ac58ddd6']
c43a1453-5f56-4e01-ba68-b88d8077d677,29,['0393d0a3-82ce-4d9f-a8cb-7d05f2b2dad2']
1c7c79f3-6b44-441e-aa82-77989f003f65,28,['bb3be9d8-4e0c-4165-91ef-4a378aa13577']
d27fd4ef-99fe-45d8-aa65-df711ba68087,23,['05322bab-7efb-4503-ab73-dd76d13c0b66']
00169386-2a20-4b4d-a3d7-9a92550cfacb,28,['091482c9-8740-4e10-ad5b-d354c22e8948']
a9fdefc6-899b-443b-90a6-9f7677754661,24,['bd560a32-7687-4a5e-b20e-5486c90f6cd3']
2ea8692c-4d6b-43a0-ba97-0267768eb856,30,['747bd029-e2ad-4eee-ac09-73b1d00d0dec']
4a28b9f8-eb7a-4f30-90c1-c2799e653f42,29,['a7f6751a-8d60-43fe-8abf-e290faf27824']
c43a1453-5f56-4e01-ba68-b88d8077d677,30,['f78c1a9e-c76f-43c9-96d1-6178eba3f77d']
9dc04195-246a-4cfb-8e59-9d3363f19eb2,25,['c70e56c3-0df5-4be7-8992-b46db6d9439f']
1c7c79f3-6b44-441e-aa82-77989f003f65,29,['b3483d56-4c27-4835-9204-2ec3ce0f2921']
00169386-2a20-4b4d-a3d7-9a92550cfacb,29,['1faead2e-afc4-4795-9934-8ece838d4915']
d27fd4ef-99fe-45d8-aa65-df711ba68087,24,['28f0763a-d4dc-4547-8419-a9dec73d9efd']
a9fdefc6-899b-443b-90a6-9f7677754661,25,['5beabc9c-8270-4112-9588-0b11f172d6f4']
2ea8692c-4d6b-43a0-ba97-0267768eb856,31,['bc9ef206-3270-4989-817f-1194c8eb4edc']
c43a1453-5f56-4e01-ba68-b88d8077d677,31,['854aef7a-b728-4a7d-a0de-c49ee45fb91d']
4a28b9f8-eb7a-4f30-90c1-c2799e653f42,30,['4956d41b-2e80-4d20-a96d-44be0cdf5d76']
1c7c79f3-6b44-441e-aa82-77989f003f65,30,['dc3b78a1-2480-4de9-bf2a-bd791c2bef23']
00169386-2a20-4b4d-a3d7-9a92550cfacb,30,['6aa47a9b-9fa1-45a0-acc6-345dd0b519c3']
9dc04195-246a-4cfb-8e59-9d3363f19eb2,26,['8015fd9e-41ff-497b-a792-9dc2a1111d15']
c43a1453-5f56-4e01-ba68-b88d8077d677,32,['ecadb5ea-9559-4ba2-a5e3-d5496e0880e8']
2ea8692c-4d6b-43a0-ba97-0267768eb856,32,['aec34ec9-196a-469e-99c2-a0542803d848']
4a28b9f8-eb7a-4f30-90c1-c2799e653f42,31,['16d6524b-4dcb-4ecd-990c-80a9490c35bf']
a9fdefc6-899b-443b-90a6-9f7677754661,26,['da99ac5b-d69e-4f35-b613-6b7b7bffcceb']
d27fd4ef-99fe-45d8-aa65-df711ba68087,25,['431af968-0668-4788-90b1-a2ee21d34f5b']
00169386-2a20-4b4d-a3d7-9a92550cfacb,31,['bb42101a-6e26-40dd-b0fd-938c345e13ed']
1c7c79f3-6b44-441e-aa82-77989f003f65,31,['54b24987-1328-4373-ae7f-0bca731a5875']
9dc04195-246a-4cfb-8e59-9d3363f19eb2,27,['a76134d1-e5b6-48bc-ba29-e8ea4bb537b0']
c43a1453-5f56-4e01-ba68-b88d8077d677,33,['7753254d-ddc1-4ca8-a670-1c5a33aaa017']
2ea8692c-4d6b-43a0-ba97-0267768eb856,33,['981b5333-0c98-4ede-a3d0-772f9b9b3861']
4a28b9f8-eb7a-4f30-90c1-c2799e653f42,32,['394b5c28-712e-49d7-865e-cbdce9c84f02']
00169386-2a20-4b4d-a3d7-9a92550cfacb,32,['6cc19958-264c-48d2-b1b2-53a4c9c74b83']
d27fd4ef-99fe-45d8-aa65-df711ba68087,26,['2318a1a3-d116-40c2-bb26-1ed604d6d5cf']
a9fdefc6-899b-443b-90a6-9f7677754661,27,['7817b697-fac1-48e8-9421-a6205f609b85']
1c7c79f3-6b44-441e-aa82-77989f003f65,32,['a9c2c9ef-c748-4db2-927c-1bfb4e2bc3a4']
c43a1453-5f56-4e01-ba68-b88d8077d677,34,['76daf343-de1c-4758-b9a4-75e2090f69eb']
2ea8692c-4d6b-43a0-ba97-0267768eb856,34,['5b88c139-fe9b-4f0a-9e8e-6cfc5aebf6c8']
4a28b9f8-eb7a-4f30-90c1-c2799e653f42,33,['613fea3c-8cd7-407f-8db3-6efc80ed94f6']
9dc04195-246a-4cfb-8e59-9d3363f19eb2,28,['ccea6e92-1f60-49e4-84aa-763fc7a485c1']
00169386-2a20-4b4d-a3d7-9a92550cfacb,33,['d97c93ea-ef76-4270-9992-dcf5b8a37cce']
1c7c79f3-6b44-441e-aa82-77989f003f65,33,['6d2b6656-fc38-4776-8d66-22910803677b']
d27fd4ef-99fe-45d8-aa65-df711ba68087,27,['63c57f4f-472e-4af4-ad12-2c5d59c0d1a7']
a9fdefc6-899b-443b-90a6-9f7677754661,28,['603ad9a2-0490-4490-9bf1-ed92506e53a8']
c43a1453-5f56-4e01-ba68-b88d8077d677,35,['4338bde2-7c03-4ae1-bc33-e7fdaf5569d5']
2ea8692c-4d6b-43a0-ba97-0267768eb856,35,['ae21bb04-84ad-4401-8365-83a1fec00170']
4a28b9f8-eb7a-4f30-90c1-c2799e653f42,34,['a0663488-aa16-4ec9-840c-6be17d1f9fbb']
00169386-2a20-4b4d-a3d7-9a92550cfacb,34,['d974f434-59e4-4223-a530-ac9ffc51e057']
9dc04195-246a-4cfb-8e59-9d3363f19eb2,29,['2f2a6ada-4836-4e18-960c-5569add8454c']
c43a1453-5f56-4e01-ba68-b88d8077d677,36,['92d9f57b-a3e4-47be-95c6-609b1634ba68']
1c7c79f3-6b44-441e-aa82-77989f003f65,34,['3061a04c-c4c1-4814-a296-77adf0d94ca3']
d27fd4ef-99fe-45d8-aa65-df711ba68087,28,['10f6c606-592f-4e87-9842-78d36bb3259c']
a9fdefc6-899b-443b-90a6-9f7677754661,29,['e82d5a0f-41a2-41a0-80fe-8f89d11274ce']
4a28b9f8-eb7a-4f30-90c1-c2799e653f42,35,['2e7c52fe-288e-4ba6-b05d-43d755cbcc88']
00169386-2a20-4b4d-a3d7-9a92550cfacb,35,['09aa51a7-3857-4224-aed3-af8298903eb8']
2ea8692c-4d6b-43a0-ba97-0267768eb856,36,['bd64fb6d-633d-4fce-ac33-873bf4f9fd40']
c43a1453-5f56-4e01-ba68-b88d8077d677,37,['8e039349-9a60-47ae-8841-9355188276fd']
1c7c79f3-6b44-441e-aa82-77989f003f65,35,['ef17d058-6a89-46ea-b57a-17dbb88b635f']
d27fd4ef-99fe-45d8-aa65-df711ba68087,29,['81905448-b081-4cc8-b602-f58300e7c130']
00169386-2a20-4b4d-a3d7-9a92550cfacb,36,['068b8e12-7ddb-4c33-8ab7-85f0b248e965']
4a28b9f8-eb7a-4f30-90c1-c2799e653f42,36,['e82cdf8c-1c76-4e17-a06c-95d657bf1c67']
2ea8692c-4d6b-43a0-ba97-0267768eb856,37,['ca540f4a-e484-4a9e-96f9-19742b3dc631']
a9fdefc6-899b-443b-90a6-9f7677754661,30,['1ab3318d-e03f-4887-8cff-97b6fed7cebe']
c43a1453-5f56-4e01-ba68-b88d8077d677,38,['4b41f59a-d760-4c02-b73f-9a6fbca1144c']
9dc04195-246a-4cfb-8e59-9d3363f19eb2,30,['14289a76-eb75-41b4-8633-0546d8c9ca44']
1c7c79f3-6b44-441e-aa82-77989f003f65,36,['4c9d7e64-abc5-4ba2-931d-46be83a6af3b']
d27fd4ef-99fe-45d8-aa65-df711ba68087,30,['f8e15999-10ff-4fad-83a8-a05b844517ea']
00169386-2a20-4b4d-a3d7-9a92550cfacb,37,['3350f16e-c479-475d-86bb-bd113cc987e7']
4a28b9f8-eb7a-4f30-90c1-c2799e653f42,37,['4cb08924-6b1e-4dc6-a6ec-6a397a87479a']
2ea8692c-4d6b-43a0-ba97-0267768eb856,38,['c28413a4-1351-44cd-aa51-39ff982e2028']
c43a1453-5f56-4e01-ba68-b88d8077d677,39,['049d0823-8f5e-45db-b201-fac6e2006de4']
1c7c79f3-6b44-441e-aa82-77989f003f65,37,['874aa6a7-e38a-481e-966b-9574283005d5']
a9fdefc6-899b-443b-90a6-9f7677754661,31,['54f070ff-9ef4-4dc6-84c4-8333d1d4213b']
9dc04195-246a-4cfb-8e59-9d3363f19eb2,31,['eb505286-1f6a-4419-a30c-4257e92a6d3f']
00169386-2a20-4b4d-a3d7-9a92550cfacb,38,['16c30987-3d66-4198-a514-6639818a53d5']
d27fd4ef-99fe-45d8-aa65-df711ba68087,31,['e3522a1a-2653-4dd5-9268-f188b7bae7f6']
4a28b9f8-eb7a-4f30-90c1-c2799e653f42,38,['cb1ac4e4-3d99-419f-b419-5b3adaca42d9']
c43a1453-5f56-4e01-ba68-b88d8077d677,40,['c227a4ac-127a-42fc-b9de-ddb4b13b3f7f']
2ea8692c-4d6b-43a0-ba97-0267768eb856,39,['dd46ca53-1170-450a-899b-19e2801f85ae']
00169386-2a20-4b4d-a3d7-9a92550cfacb,39,['8e0d7f45-8390-4638-ad45-32c07737d96d']
a9fdefc6-899b-443b-90a6-9f7677754661,32,['4605ee2c-edd5-4149-897a-addc163ee85f']
1c7c79f3-6b44-441e-aa82-77989f003f65,38,['48a38c1c-46e4-4f6f-b521-466ddf7a5122']
9dc04195-246a-4cfb-8e59-9d3363f19eb2,32,['ae565160-3f58-44e4-9f75-d1f6483959e2']
c43a1453-5f56-4e01-ba68-b88d8077d677,41,['217b651c-731b-465c-a25f-2412c04e92bc']
4a28b9f8-eb7a-4f30-90c1-c2799e653f42,39,['59fde9b1-7816-4d09-9145-4e4a4154dcb6']
2ea8692c-4d6b-43a0-ba97-0267768eb856,40,['0528f896-2473-4510-80bc-b4f459ad5961']
1c7c79f3-6b44-441e-aa82-77989f003f65,39,['cf256156-36f9-4fe1-92b2-90b3c6f53711']
d27fd4ef-99fe-45d8-aa65-df711ba68087,32,['e3249964-cdd2-4d67-9839-f14674601faa']
00169386-2a20-4b4d-a3d7-9a92550cfacb,40,['4ab33c9a-3d39-4f4b-b6d2-2849b1c9376f']
a9fdefc6-899b-443b-90a6-9f7677754661,33,['34d047b1-77e3-4174-88db-d78c67a460a0']
c43a1453-5f56-4e01-ba68-b88d8077d677,42,['c875f038-3055-4942-b9ec-f9c36b6d96b2']
4a28b9f8-eb7a-4f30-90c1-c2799e653f42,40,['679348f0-eaff-46ea-bff0-b711b9fcb30d']
1c7c79f3-6b44-441e-aa82-77989f003f65,40,['a6796042-9975-4700-b7ea-8c6cbca3da1e']
9dc04195-246a-4cfb-8e59-9d3363f19eb2,33,['6ac570bd-53b2-4594-97bf-ad7249518a69']
2ea8692c-4d6b-43a0-ba97-0267768eb856,41,['146bb552-1242-4b98-b88d-8cb11e404b51']
00169386-2a20-4b4d-a3d7-9a92550cfacb,41,['4a8892b3-1629-4d29-b2d3-3de0c3a627e8']
d27fd4ef-99fe-45d8-aa65-df711ba68087,33,['8bbd73a3-1867-4673-8d9d-97829b429002']
a9fdefc6-899b-443b-90a6-9f7677754661,34,['8961fda5-6123-4668-adf2-9efb922e5d6f']
c43a1453-5f56-4e01-ba68-b88d8077d677,43,['4f498aef-88f9-4f7e-8a25-e57c93e6cc03']
1c7c79f3-6b44-441e-aa82-77989f003f65,41,['4edae16e-66c6-4b5c-930d-a491b14da647']
4a28b9f8-eb7a-4f30-90c1-c2799e653f42,41,['c5565384-1037-49ab-83fe-ff8f8beb0bac']
00169386-2a20-4b4d-a3d7-9a92550cfacb,42,['cfd356aa-84da-4d0d-bca2-49044ca259c5']
9dc04195-246a-4cfb-8e59-9d3363f19eb2,34,['5665a81b-8fa1-4264-82df-e9a4191f636c']
2ea8692c-4d6b-43a0-ba97-0267768eb856,42,['fc0421d4-d565-492d-8803-b2ffa55d3f0e']
d27fd4ef-99fe-45d8-aa65-df711ba68087,34,['ed160608-5f67-4ba0-b577-ebe870cdb84e']
a9fdefc6-899b-443b-90a6-9f7677754661,35,['f0f3c506-1a2b-4bc8-8d4a-ab66fa2072dc']
c43a1453-5f56-4e01-ba68-b88d8077d677,44,['00a2a684-f143-4d0b-8f4f-aa841f481854']
1c7c79f3-6b44-441e-aa82-77989f003f65,42,['7ce639fc-83ce-4957-a898-10b7c54e9e20']
4a28b9f8-eb7a-4f30-90c1-c2799e653f42,42,['056d3fc6-f5cf-4a11-83ab-446693bedc86']
00169386-2a20-4b4d-a3d7-9a92550cfacb,43,['77d488f0-ad49-4cff-8b6c-5816ffdf6ba5']
9dc04195-246a-4cfb-8e59-9d3363f19eb2,35,['e28399c2-35d9-40ff-a74f-6364bb97849a']
2ea8692c-4d6b-43a0-ba97-0267768eb856,43,['835aa4b3-10d6-4ac6-80e1-d633eb2ae162']
1c7c79f3-6b44-441e-aa82-77989f003f65,43,['8bd24188-6245-4c48-8158-f68a04fcf09c']
4a28b9f8-eb7a-4f30-90c1-c2799e653f42,43,['2e01ade4-9dae-4daa-91ec-f213a2f1e901']
c43a1453-5f56-4e01-ba68-b88d8077d677,45,['8f64d99c-b9ec-4055-8306-39fe5e19269b']
a9fdefc6-899b-443b-90a6-9f7677754661,36,['a30f1286-08b4-4c4f-8d93-7cd4a0e56d29']
d27fd4ef-99fe-45d8-aa65-df711ba68087,35,['7e7796d8-58d9-4453-9d37-d5ed44b14593']
00169386-2a20-4b4d-a3d7-9a92550cfacb,44,['f7743360-9db1-45e6-8001-38bc078b951e']
9dc04195-246a-4cfb-8e59-9d3363f19eb2,36,['a0d2e868-92c4-47ca-9464-bb3c827a9d16']
1c7c79f3-6b44-441e-aa82-77989f003f65,44,['66eda65d-2601-411b-8e02-7348fd7a51ea']
2ea8692c-4d6b-43a0-ba97-0267768eb856,44,['554042df-5b3c-48d2-9ef7-ab379cda46d8']
00169386-2a20-4b4d-a3d7-9a92550cfacb,45,['ad8e2615-edda-4ea5-b4a4-982487436c5a']
4a28b9f8-eb7a-4f30-90c1-c2799e653f42,44,['accfeab3-36ce-4ff4-acd9-191c5747e11b']
c43a1453-5f56-4e01-ba68-b88d8077d677,46,['7532438d-f530-455d-afac-df4b37537668']
a9fdefc6-899b-443b-90a6-9f7677754661,37,['1f5c993f-6665-4cd4-aa0c-f659c7a1febe']
d27fd4ef-99fe-45d8-aa65-df711ba68087,36,['780afb8d-c8a8-4307-907d-ef8ae78ee323']
1c7c79f3-6b44-441e-aa82-77989f003f65,45,['6a27f746-77ac-40f2-bd56-f790849a25bd']
00169386-2a20-4b4d-a3d7-9a92550cfacb,46,['f4066770-0892-4ff9-a58c-e0ee8a1ed57e']
2ea8692c-4d6b-43a0-ba97-0267768eb856,45,['72c0f92c-4a1b-4368-b3e7-ec5da4d5b602']
9dc04195-246a-4cfb-8e59-9d3363f19eb2,37,['66bde834-a943-4bc0-b5ef-5c28d197d714']
4a28b9f8-eb7a-4f30-90c1-c2799e653f42,45,['6f692c1b-ad81-46fa-85ce-b5b6c800f2ec']
c43a1453-5f56-4e01-ba68-b88d8077d677,47,['60f624ae-8a4f-4a5f-aac8-31f00d8b3274']
a9fdefc6-899b-443b-90a6-9f7677754661,38,['9fac1405-e85b-47f9-beef-993a851615ad']
1c7c79f3-6b44-441e-aa82-77989f003f65,46,['2806ba81-5d36-4897-b69a-fde6c1c8de17']
00169386-2a20-4b4d-a3d7-9a92550cfacb,47,['45fe64b4-d8dd-4e4a-b52d-6976598eb68c']
d27fd4ef-99fe-45d8-aa65-df711ba68087,37,['9c879c8b-becd-4c8b-9ad9-492d60178ea9']
4a28b9f8-eb7a-4f30-90c1-c2799e653f42,46,['0323032b-6994-486e-a9f2-824359d03e29']
a9fdefc6-899b-443b-90a6-9f7677754661,39,['fe184986-6e87-43e6-8fba-562e89a3f275']
9dc04195-246a-4cfb-8e59-9d3363f19eb2,38,['2e649920-0fd1-4ba8-bfba-0e96aa6958b2']
2ea8692c-4d6b-43a0-ba97-0267768eb856,46,['81da13b3-176b-43ef-b46e-935aca5f4bfc']
c43a1453-5f56-4e01-ba68-b88d8077d677,48,['1140662d-6a73-40b9-849d-a92a4ff643c1']
9dc04195-246a-4cfb-8e59-9d3363f19eb2,39,['b80e2d10-787e-4713-bbae-8f50ab35abe9']
1c7c79f3-6b44-441e-aa82-77989f003f65,47,['2ef7af3d-1274-4c78-bf84-0684ab1a7a8c']
00169386-2a20-4b4d-a3d7-9a92550cfacb,48,['6c0eaeea-ce1a-404b-b674-05da9c135604']
d27fd4ef-99fe-45d8-aa65-df711ba68087,38,['12e187a9-ba86-4fd5-8c15-0db9cc393206']
4a28b9f8-eb7a-4f30-90c1-c2799e653f42,47,['c058b08e-9094-468d-a444-75d578e03895']
a9fdefc6-899b-443b-90a6-9f7677754661,40,['5495c20f-595f-440a-b8d0-ffdb49605dab']
c43a1453-5f56-4e01-ba68-b88d8077d677,49,['cea0d4b7-0e6e-465a-a2c0-466687198560']
2ea8692c-4d6b-43a0-ba97-0267768eb856,47,['30aeede2-1bfb-4b1b-a072-0761dad8ede3']
00169386-2a20-4b4d-a3d7-9a92550cfacb,49,['3925381a-c68f-470c-ae1c-50e4b1f57da2']
1c7c79f3-6b44-441e-aa82-77989f003f65,48,['f3f80c19-1ff8-473a-9beb-e244a717959e']
9dc04195-246a-4cfb-8e59-9d3363f19eb2,40,['88358361-2aed-4202-8624-1383964313e7']
00169386-2a20-4b4d-a3d7-9a92550cfacb,50,['a23d1c18-8031-493b-9000-952ef4f777e2']
d27fd4ef-99fe-45d8-aa65-df711ba68087,39,['c94b9268-9656-49d7-a5fa-13ccf9b30c1e']
a9fdefc6-899b-443b-90a6-9f7677754661,41,['f4545661-8124-4e0b-a8b4-8abe158042bd']
1c7c79f3-6b44-441e-aa82-77989f003f65,49,['82b91f45-3b77-4f07-aa4c-f41a8cfca714']
c43a1453-5f56-4e01-ba68-b88d8077d677,50,['c5e7f991-3c0e-44c0-9865-c7a55c91d925']
4a28b9f8-eb7a-4f30-90c1-c2799e653f42,48,['827a4048-7916-4d82-9922-35fa1b0094e1']
2ea8692c-4d6b-43a0-ba97-0267768eb856,48,['64155ca6-3a40-42fe-9e8a-26877579f805']
9dc04195-246a-4cfb-8e59-9d3363f19eb2,41,['44e53868-e9d5-4139-b419-d0fb8d7c3808']
00169386-2a20-4b4d-a3d7-9a92550cfacb,51,['7d43dc87-cd9b-4f9e-ba47-1a59a423c664']
1c7c79f3-6b44-441e-aa82-77989f003f65,50,['ab9e2489-b56b-4433-8244-073d39192b0b']
a9fdefc6-899b-443b-90a6-9f7677754661,42,['2d671c98-e695-4cee-a519-e32ddc815d83']
c43a1453-5f56-4e01-ba68-b88d8077d677,51,['b88ee8ed-445d-47b1-a094-24d2d92682ab']
4a28b9f8-eb7a-4f30-90c1-c2799e653f42,49,['73893975-2fbc-41af-b10a-04bd71511dec']
d27fd4ef-99fe-45d8-aa65-df711ba68087,40,['83ad4827-474e-47e6-8c68-07cd021ec4b8']
2ea8692c-4d6b-43a0-ba97-0267768eb856,49,['248ffdb9-9358-4d81-97c1-61ffa8e10ae6']
9dc04195-246a-4cfb-8e59-9d3363f19eb2,42,['c394eeb6-3362-4a4d-8629-63a171764106']
00169386-2a20-4b4d-a3d7-9a92550cfacb,52,['e024b7c1-1073-4f30-bd80-efb17218418c']
1c7c79f3-6b44-441e-aa82-77989f003f65,51,['87fb265f-6583-4da1-b9bc-df7c24f6cbae']
c43a1453-5f56-4e01-ba68-b88d8077d677,52,['35a38a4a-804a-424b-a06f-667f2dfea13d']
a9fdefc6-899b-443b-90a6-9f7677754661,43,['6761509d-ca69-4ae7-867c-a18bc119b970']
4a28b9f8-eb7a-4f30-90c1-c2799e653f42,50,['d1694e69-cb9e-4a36-a3b5-eab1c64faa44']
d27fd4ef-99fe-45d8-aa65-df711ba68087,41,['abd05cca-1c1b-4e41-bbfa-c64839de2365']
00169386-2a20-4b4d-a3d7-9a92550cfacb,53,['3ad5619d-ab13-4eef-a53e-512c177abf4f']
2ea8692c-4d6b-43a0-ba97-0267768eb856,50,['558f955c-0f11-4f08-8fec-2b852c890148']
9dc04195-246a-4cfb-8e59-9d3363f19eb2,43,['aab1312e-885d-4a32-b361-a8355d41b7fc']
1c7c79f3-6b44-441e-aa82-77989f003f65,52,['a1fefd13-7a99-466c-8006-3c1cd54b5e16']
c43a1453-5f56-4e01-ba68-b88d8077d677,53,['166a9098-8aba-454b-8f07-a4df352333ef']
a9fdefc6-899b-443b-90a6-9f7677754661,44,['71b056cd-31fe-4fb9-aeba-92cdb3404159']
4a28b9f8-eb7a-4f30-90c1-c2799e653f42,51,['786faa1f-2581-4164-ab08-0f778247a6fc']
00169386-2a20-4b4d-a3d7-9a92550cfacb,54,['b07c6fdf-8ac3-418f-8f6e-d487a6f91885']
1c7c79f3-6b44-441e-aa82-77989f003f65,53,['10ce91ab-6623-47f7-b422-691bb6cae2e0']
9dc04195-246a-4cfb-8e59-9d3363f19eb2,44,['def21eb5-b9fb-4221-86a6-ad4ceb215d23']
d27fd4ef-99fe-45d8-aa65-df711ba68087,42,['6e1f3d38-e419-4f1d-a492-b1d89cf0d248']
c43a1453-5f56-4e01-ba68-b88d8077d677,54,['989969fd-cc1b-4b84-921a-3135a4fc21c1']
2ea8692c-4d6b-43a0-ba97-0267768eb856,51,['3b0e7009-af53-4635-9ba8-c5505accd6f1']
4a28b9f8-eb7a-4f30-90c1-c2799e653f42,52,['fbd37cf4-9a02-46a4-8767-07f76837ffe6']
a9fdefc6-899b-443b-90a6-9f7677754661,45,['8fd94856-51e1-4640-9781-246072deb2d6']
00169386-2a20-4b4d-a3d7-9a92550cfacb,55,['66365b3d-d02a-4461-9ec9-054e1d74d4b5']
1c7c79f3-6b44-441e-aa82-77989f003f65,54,['da5eb2ca-b5d2-4da8-a370-c47b8e0168c1']
9dc04195-246a-4cfb-8e59-9d3363f19eb2,45,['276044b1-e170-42ce-a5f0-9a142cc391ba']
c43a1453-5f56-4e01-ba68-b88d8077d677,55,['09c16261-1c0d-4766-ae33-87bcde58126a']
d27fd4ef-99fe-45d8-aa65-df711ba68087,43,['f6763b06-2281-4cb5-9b5f-69dd0cb3bdc8']
00169386-2a20-4b4d-a3d7-9a92550cfacb,56,['adde5310-aa25-42d6-9623-b9ec2eec6689']
2ea8692c-4d6b-43a0-ba97-0267768eb856,52,['8b356ec2-e223-4c8f-b04a-1e0a1739069d']
4a28b9f8-eb7a-4f30-90c1-c2799e653f42,53,['68877b84-15b8-47b4-b682-5362ed1de5b7']
a9fdefc6-899b-443b-90a6-9f7677754661,46,['061102c2-067c-4fa0-a58e-fd36898d3c36']
1c7c79f3-6b44-441e-aa82-77989f003f65,55,['5369bd67-41c9-491c-9f34-4756e7ab0983']
c43a1453-5f56-4e01-ba68-b88d8077d677,56,['9c42cb47-11d8-45af-831b-a8ce2dd8d426']
9dc04195-246a-4cfb-8e59-9d3363f19eb2,46,['6ea2820e-081b-485c-b5b3-c4d406942d5c']
00169386-2a20-4b4d-a3d7-9a92550cfacb,57,['2110df6d-6db3-4634-a953-865a68983506']
4a28b9f8-eb7a-4f30-90c1-c2799e653f42,54,['680503eb-cc95-45e6-883c-7ec9dc659b4b']
d27fd4ef-99fe-45d8-aa65-df711ba68087,44,['40233fd0-77cf-4170-91fb-857da02e098d']
1c7c79f3-6b44-441e-aa82-77989f003f65,56,['6e9c4ad8-db9c-4395-bb6e-fa02070822fa']
2ea8692c-4d6b-43a0-ba97-0267768eb856,53,['f749f367-2caa-40f9-a380-99464789239d']
a9fdefc6-899b-443b-90a6-9f7677754661,47,['53680c7e-a5e7-474a-aeba-e9830888d869']
c43a1453-5f56-4e01-ba68-b88d8077d677,57,['e18b2dad-3fd3-4841-ae4a-a359a5c9a077']
9dc04195-246a-4cfb-8e59-9d3363f19eb2,47,['fd9c92d1-5b37-4259-a324-a2aa638f01ba']
4a28b9f8-eb7a-4f30-90c1-c2799e653f42,55,['801f5c0a-44b6-4a8b-8c70-69217c2f5f1f']
1c7c79f3-6b44-441e-aa82-77989f003f65,57,['454998f8-df9c-4321-a055-fca1e6c3266f']
d27fd4ef-99fe-45d8-aa65-df711ba68087,45,['e798747f-73d1-4732-b42e-a3aff4e5565c']
00169386-2a20-4b4d-a3d7-9a92550cfacb,58,['7fe05053-63f0-4324-b6bc-a251c8770754']
c43a1453-5f56-4e01-ba68-b88d8077d677,58,['1327663a-f0ec-4151-ac29-2e60736986f1']
2ea8692c-4d6b-43a0-ba97-0267768eb856,54,['94f2a325-61d0-44e8-ba4e-d3d7d1fd745b']
a9fdefc6-899b-443b-90a6-9f7677754661,48,['2758d5bf-8aae-45f4-89b4-add29ad4e896']
9dc04195-246a-4cfb-8e59-9d3363f19eb2,48,['c4324607-e222-4a79-b289-29a68e980e69']
1c7c79f3-6b44-441e-aa82-77989f003f65,58,['4f9e35a9-9058-4a16-97e5-cc4d6c873a4f']
4a28b9f8-eb7a-4f30-90c1-c2799e653f42,56,['d535ffe4-e982-41ca-b51f-5357effca283']
00169386-2a20-4b4d-a3d7-9a92550cfacb,59,['214ffcfd-9850-4c95-ad0f-dafb3cb9046b']
c43a1453-5f56-4e01-ba68-b88d8077d677,59,['4fbccd38-2aaa-4f4a-a639-36c6c43ccd87']
c43a1453-5f56-4e01-ba68-b88d8077d677,60,['2a9c3ebe-0d95-4213-9ada-f23a1101f936']
d27fd4ef-99fe-45d8-aa65-df711ba68087,46,['9e36cfe8-a67d-46fe-894d-7ffabd7a53ba']
2ea8692c-4d6b-43a0-ba97-0267768eb856,55,['5dc10356-67cc-4d58-bf4d-a915f33b7c5d']
9dc04195-246a-4cfb-8e59-9d3363f19eb2,49,['cb814830-198e-4204-abda-1f24cc9aad96']
a9fdefc6-899b-443b-90a6-9f7677754661,49,['4a1e1bd9-1cdb-4716-ae0f-f07fbe28311e']
1c7c79f3-6b44-441e-aa82-77989f003f65,59,['591fa810-294f-462a-962d-b1699b935c0f']
4a28b9f8-eb7a-4f30-90c1-c2799e653f42,57,['9cd253ce-39a2-44ea-b685-be08efcb58ff']
00169386-2a20-4b4d-a3d7-9a92550cfacb,60,['09fa88e9-9c9f-4423-b229-9db0bb59e622']
c43a1453-5f56-4e01-ba68-b88d8077d677,61,['da23340e-1895-461a-a0c7-2c1fd852bb41']
d27fd4ef-99fe-45d8-aa65-df711ba68087,47,['22faf553-5af4-4e66-93ca-57897d3904cd']
9dc04195-246a-4cfb-8e59-9d3363f19eb2,50,['d92795ee-abfd-45d9-8650-f747e0d0bf75']
1c7c79f3-6b44-441e-aa82-77989f003f65,60,['c02c91fa-7410-41eb-b1e9-f6e0efe0c081']
2ea8692c-4d6b-43a0-ba97-0267768eb856,56,['77ba9a02-ed8f-4abb-971f-d874c9243cda']
00169386-2a20-4b4d-a3d7-9a92550cfacb,61,['4129398a-f44c-4499-b7ca-48b2661d5b83']
a9fdefc6-899b-443b-90a6-9f7677754661,50,['47a42b42-506f-4620-bec4-af4b2318d388']
4a28b9f8-eb7a-4f30-90c1-c2799e653f42,58,['eb7aa7dc-9c02-47e0-b9eb-07f1b94f477e']
c43a1453-5f56-4e01-ba68-b88d8077d677,62,['eeda58eb-2870-4c43-9615-1c74d4dbb659']
1c7c79f3-6b44-441e-aa82-77989f003f65,61,['fa69df62-81ef-4092-acc4-3bdba7e4a12c']
9dc04195-246a-4cfb-8e59-9d3363f19eb2,51,['986dbde7-4222-479e-9e04-295050e21bef']
00169386-2a20-4b4d-a3d7-9a92550cfacb,62,['d5759c77-3090-4924-8142-d5797d29b6a6']
4a28b9f8-eb7a-4f30-90c1-c2799e653f42,59,['41b262e6-39ef-4d16-b5e5-86fb9ed6c56c']
d27fd4ef-99fe-45d8-aa65-df711ba68087,48,['f9c1f8bb-6888-42b1-862e-245b1e49619d']
2ea8692c-4d6b-43a0-ba97-0267768eb856,57,['23c0a4fe-c853-41ea-ab6a-57f5a3de21b5']
a9fdefc6-899b-443b-90a6-9f7677754661,51,['d71d6e07-b6c5-4f23-b549-bd4dcfc17559']
c43a1453-5f56-4e01-ba68-b88d8077d677,63,['015e4b89-edc8-461e-8ae6-176b70d7c2d9']
1c7c79f3-6b44-441e-aa82-77989f003f65,62,['c4ce44b4-fd01-48fb-9dd1-25eca5277d2a']
00169386-2a20-4b4d-a3d7-9a92550cfacb,63,['29e77e77-ce65-47bd-953a-11fbc590ef37']
9dc04195-246a-4cfb-8e59-9d3363f19eb2,52,['e42f5dc7-5769-4548-9f39-3aa4d77d0242']
d27fd4ef-99fe-45d8-aa65-df711ba68087,49,['dfca0c57-a302-436d-bb97-7bf4616886c5']
4a28b9f8-eb7a-4f30-90c1-c2799e653f42,60,['ea433e2e-a932-41c4-b752-286e74f5f1d6']
c43a1453-5f56-4e01-ba68-b88d8077d677,64,['7ee19c76-054e-4b08-9b5b-9bea86afe476']
2ea8692c-4d6b-43a0-ba97-0267768eb856,58,['49d4d21a-e529-4815-b5d8-001d21ee5bb2']
a9fdefc6-899b-443b-90a6-9f7677754661,52,['0e5cfa13-60c9-4de1-a0b8-4628e94c572f']
1c7c79f3-6b44-441e-aa82-77989f003f65,63,['3fceaed5-d576-4a1e-b7ca-285f1b73b244']
00169386-2a20-4b4d-a3d7-9a92550cfacb,64,['652b079d-3ded-4536-bcc4-ae3cd02eaecc']
9dc04195-246a-4cfb-8e59-9d3363f19eb2,53,['32c34c02-30d3-4bfe-8652-c358c53916b8']
c43a1453-5f56-4e01-ba68-b88d8077d677,65,['886e7b39-1176-4885-b7e2-fa343fbe8033']
d27fd4ef-99fe-45d8-aa65-df711ba68087,50,['6037afb0-e347-42da-9f8a-ef2757491a00']
4a28b9f8-eb7a-4f30-90c1-c2799e653f42,61,['0b112e9b-63cd-455e-857e-33f41daa3d93']
1c7c79f3-6b44-441e-aa82-77989f003f65,64,['97981353-ab0c-4931-a47e-5eb2af6c641d']
2ea8692c-4d6b-43a0-ba97-0267768eb856,59,['71f0f907-5d33-4daf-a01a-d8ba5eee9f02']
a9fdefc6-899b-443b-90a6-9f7677754661,53,['a2666a5c-5f52-4e4d-9796-ab0085ffc567']
a9fdefc6-899b-443b-90a6-9f7677754661,54,['1d9cd891-3449-4d73-a53a-d5a3aca5d643']
00169386-2a20-4b4d-a3d7-9a92550cfacb,65,['8dbf53bd-2d0f-4ec0-aa24-6097aa649487']
c43a1453-5f56-4e01-ba68-b88d8077d677,66,['a28364db-2f2d-4c80-ba13-b8d25f687e40']
9dc04195-246a-4cfb-8e59-9d3363f19eb2,54,['ba856b6a-c207-498e-ae17-02a38a84d02b']
d27fd4ef-99fe-45d8-aa65-df711ba68087,51,['ac237a62-1bec-4421-a873-63cc925381c8']
4a28b9f8-eb7a-4f30-90c1-c2799e653f42,62,['c0f72049-ed25-4865-941a-544a5cf02dda']
1c7c79f3-6b44-441e-aa82-77989f003f65,65,['30f1c6bb-0fe6-4907-822f-ec7dddeb689a']
2ea8692c-4d6b-43a0-ba97-0267768eb856,60,['5ee88ac9-97c6-49d3-8549-b93c19e04066']
00169386-2a20-4b4d-a3d7-9a92550cfacb,66,['8caa2b70-9f6f-426a-9944-136e637ffe5d']
c43a1453-5f56-4e01-ba68-b88d8077d677,67,['5ef0b932-b6ee-4f72-9c42-58742c24ed4a']
a9fdefc6-899b-443b-90a6-9f7677754661,55,['314128bb-dd9e-4eda-8401-0f488cec9a92']
9dc04195-246a-4cfb-8e59-9d3363f19eb2,55,['e9dfb9df-eeef-4cfb-92d4-1942acc197cb']
d27fd4ef-99fe-45d8-aa65-df711ba68087,52,['592dabcb-a491-46a5-8bbc-87b9dc2669a7']
4a28b9f8-eb7a-4f30-90c1-c2799e653f42,63,['68769130-2e69-43b9-b5a5-e0504ce240b7']
1c7c79f3-6b44-441e-aa82-77989f003f65,66,['06d73ba1-b44d-4279-94cf-19860c4e639d']
c43a1453-5f56-4e01-ba68-b88d8077d677,68,['cae26a48-ced5-43b6-b8a2-ec444fdc0f6f']
00169386-2a20-4b4d-a3d7-9a92550cfacb,67,['25a08c52-9ddc-4d1d-88f0-efffdb508590']
2ea8692c-4d6b-43a0-ba97-0267768eb856,61,['d01f60dc-3a68-4f0a-ae44-0b8542247eea']
d27fd4ef-99fe-45d8-aa65-df711ba68087,53,['47fc1a9e-9139-43e9-bbbc-ec5df7f47023']
1c7c79f3-6b44-441e-aa82-77989f003f65,67,['dbb072da-3a80-411c-8a5c-2fd46f01d574']
4a28b9f8-eb7a-4f30-90c1-c2799e653f42,64,['c79010c4-fae5-4b4a-badc-e0c59c4562f3']
9dc04195-246a-4cfb-8e59-9d3363f19eb2,56,['571d233c-af2a-48dd-8b52-e4ea59e414f5']
a9fdefc6-899b-443b-90a6-9f7677754661,56,['4c38901f-bedd-4333-b76d-d697ea1c6fa6']
c43a1453-5f56-4e01-ba68-b88d8077d677,69,['e44ad161-8d7f-456f-bd60-a04614b90947']
4a28b9f8-eb7a-4f30-90c1-c2799e653f42,65,['b1bb6f2f-676b-4875-8f21-3e14d44d7ada']
00169386-2a20-4b4d-a3d7-9a92550cfacb,68,['dae2fdf4-cc8f-4fcf-978c-56ea022fff0a']
1c7c79f3-6b44-441e-aa82-77989f003f65,68,['140cf74d-4723-44cb-a9cd-9557e491027d']
d27fd4ef-99fe-45d8-aa65-df711ba68087,54,['bd515935-7866-418a-b1e5-9bd512a4b2d1']
9dc04195-246a-4cfb-8e59-9d3363f19eb2,57,['66284c5e-b7f2-43c1-8312-87d9ed46ea5c']
a9fdefc6-899b-443b-90a6-9f7677754661,57,['5e76b757-0fad-47a5-984e-679b996d9f3d']
2ea8692c-4d6b-43a0-ba97-0267768eb856,62,['ba48f28a-d597-46f1-a8c9-25d8fe3cdf44']
c43a1453-5f56-4e01-ba68-b88d8077d677,70,['97257726-4b15-4f50-b9ca-fd6b953c43b4']
4a28b9f8-eb7a-4f30-90c1-c2799e653f42,66,['daf12589-2fa6-4bc5-8758-d1552efc184f']
1c7c79f3-6b44-441e-aa82-77989f003f65,69,['0da62059-0e3d-4264-b789-8474d27d7fbc']
00169386-2a20-4b4d-a3d7-9a92550cfacb,69,['f9204210-9d24-4336-b0f9-53b64efbcd44']
d27fd4ef-99fe-45d8-aa65-df711ba68087,55,['8a89a344-0962-4575-81dc-0cf7c9362003']
9dc04195-246a-4cfb-8e59-9d3363f19eb2,58,['31119074-69ae-42bc-a0e5-fd9717f5909c']
a9fdefc6-899b-443b-90a6-9f7677754661,58,['2ff52171-65dc-46a2-97fe-e05413420402']
c43a1453-5f56-4e01-ba68-b88d8077d677,71,['ba802628-ec12-4bc8-bc62-cf8b7238a73c']
2ea8692c-4d6b-43a0-ba97-0267768eb856,63,['9b97b44e-c613-4fab-a4b3-b7186ccedc1f']
4a28b9f8-eb7a-4f30-90c1-c2799e653f42,67,['d6df211d-4c36-42c4-ae47-7a0ce06bf9ac']
1c7c79f3-6b44-441e-aa82-77989f003f65,70,['e04c45f4-3720-4928-8f1f-5a5cde86ce94']
00169386-2a20-4b4d-a3d7-9a92550cfacb,70,['984560f2-c9fb-4f6c-9d04-efbb0cae913e']
d27fd4ef-99fe-45d8-aa65-df711ba68087,56,['b06cd9b0-4faf-403e-abe9-208a03aed77a']
9dc04195-246a-4cfb-8e59-9d3363f19eb2,59,['406555f2-071f-4bd0-a965-8200aa42a9c2']
c43a1453-5f56-4e01-ba68-b88d8077d677,72,['2f13be9e-5b01-4775-b8b6-60ac698a6ad5']
1c7c79f3-6b44-441e-aa82-77989f003f65,71,['ae25c2f9-db56-4fa8-94b1-216bf6f256d8']
4a28b9f8-eb7a-4f30-90c1-c2799e653f42,68,['1d3c5d8d-dd64-4933-abce-19ee50bd0f6d']
a9fdefc6-899b-443b-90a6-9f7677754661,59,['96be5f07-4f6e-4187-be30-6ff2a0d77280']
2ea8692c-4d6b-43a0-ba97-0267768eb856,64,['212cd5f7-51a7-4989-aa9a-707b84a3482d']
d27fd4ef-99fe-45d8-aa65-df711ba68087,57,['c01b2562-6f1d-46ed-98af-e31cd0b2516b']
00169386-2a20-4b4d-a3d7-9a92550cfacb,71,['952b9f3d-a396-4aed-bc8e-bf3b10624a4a']
9dc04195-246a-4cfb-8e59-9d3363f19eb2,60,['9907165c-4ff4-4f6c-a06c-919426dae958']
c43a1453-5f56-4e01-ba68-b88d8077d677,73,['adb3b6fa-579a-4aeb-8657-2cd4f87fd884']
1c7c79f3-6b44-441e-aa82-77989f003f65,72,['f2e86b4c-a71d-4ceb-8c4d-174e8d94533d']
4a28b9f8-eb7a-4f30-90c1-c2799e653f42,69,['540719f2-50b2-4b19-9f9c-50915895e7ef']
a9fdefc6-899b-443b-90a6-9f7677754661,60,['b80bfaef-8154-4c61-880d-0cdd6b4b9843']
d27fd4ef-99fe-45d8-aa65-df711ba68087,58,['83851706-0c98-4533-82ee-53ff2f7f34d4']
00169386-2a20-4b4d-a3d7-9a92550cfacb,72,['d7d5bf60-2672-4c8e-9285-3cd98cbb4eec']
2ea8692c-4d6b-43a0-ba97-0267768eb856,65,['eb925af9-a250-4442-bbd0-236fe952ee99']
9dc04195-246a-4cfb-8e59-9d3363f19eb2,61,['aaee872e-9866-4bdc-a8e4-67d94df532a7']
c43a1453-5f56-4e01-ba68-b88d8077d677,74,['2160cd5b-a295-430a-9993-18ecc94545c5']
1c7c79f3-6b44-441e-aa82-77989f003f65,73,['94e47ab9-5d10-432b-bd55-9689597b84dc']
4a28b9f8-eb7a-4f30-90c1-c2799e653f42,70,['e56bf72f-9672-4279-9090-8fecb3de8bde']
a9fdefc6-899b-443b-90a6-9f7677754661,61,['9d9eb3d6-3094-4e5b-91a7-ff67907706ba']
00169386-2a20-4b4d-a3d7-9a92550cfacb,73,['80407b5f-dd66-4267-8b92-61e39da55b3d']
d27fd4ef-99fe-45d8-aa65-df711ba68087,59,['d285df4b-f10d-421c-8ea8-dd352991bb2c']
c43a1453-5f56-4e01-ba68-b88d8077d677,75,['a7a5482f-547b-4bd4-8ab5-9229c9cb2d62']
9dc04195-246a-4cfb-8e59-9d3363f19eb2,62,['fe881b64-51f8-4b25-829a-ba91c9d887d2']
2ea8692c-4d6b-43a0-ba97-0267768eb856,66,['e41d4d8c-de04-4894-88b9-36c1e8838e6a']
1c7c79f3-6b44-441e-aa82-77989f003f65,74,['e41281d6-6689-4d1e-9277-acda238e9fba']
4a28b9f8-eb7a-4f30-90c1-c2799e653f42,71,['e0e2c5f7-9595-435d-b003-8803bb3c9eb9']
00169386-2a20-4b4d-a3d7-9a92550cfacb,74,['19ff4950-fd4e-4d46-8f89-4a52abe883b7']
d27fd4ef-99fe-45d8-aa65-df711ba68087,60,['68a629b3-d1c6-4c9b-8b15-ef9178477e0f']
c43a1453-5f56-4e01-ba68-b88d8077d677,76,['b847a443-884e-4a28-82bc-9202f5d214c3']
a9fdefc6-899b-443b-90a6-9f7677754661,62,['5f9e5c87-ae40-4f0d-b3a3-61099b1e37e2']
9dc04195-246a-4cfb-8e59-9d3363f19eb2,63,['301509a0-55e7-42d9-ba8b-e16006b3b69f']
2ea8692c-4d6b-43a0-ba97-0267768eb856,67,['0c87996b-53b8-4ad3-8ed2-e4a46a0d1044']
1c7c79f3-6b44-441e-aa82-77989f003f65,75,['c2eb250f-751f-4294-9daa-ea4da328b724']
4a28b9f8-eb7a-4f30-90c1-c2799e653f42,72,['d028afff-fde0-4453-9874-ca7ceed892b0']
00169386-2a20-4b4d-a3d7-9a92550cfacb,75,['aa324fa8-295a-4591-a436-2d45d2bf47fe']
c43a1453-5f56-4e01-ba68-b88d8077d677,77,['eacf8740-f0e0-4af1-8cb8-c0b925672faf']
d27fd4ef-99fe-45d8-aa65-df711ba68087,61,['19cbd7ef-ae02-4b4e-a400-a50e9d217b9e']
9dc04195-246a-4cfb-8e59-9d3363f19eb2,64,['bee5a640-ca8c-48d3-a46c-245095b93562']
a9fdefc6-899b-443b-90a6-9f7677754661,63,['52bc822a-cdb7-41fc-bfdf-de80b252273a']
1c7c79f3-6b44-441e-aa82-77989f003f65,76,['53ac304a-dd1a-4630-a104-f51f41f3c8eb']
4a28b9f8-eb7a-4f30-90c1-c2799e653f42,73,['b541b6a8-6bb6-4ba6-a70f-e400cef64f56']
2ea8692c-4d6b-43a0-ba97-0267768eb856,68,['f249f492-cd89-4b78-b31f-32c9e58ce42d']
c43a1453-5f56-4e01-ba68-b88d8077d677,78,['79cc9de7-ceaf-45bd-99b7-39ecfbabff4f']
00169386-2a20-4b4d-a3d7-9a92550cfacb,76,['fd786587-44f6-45b5-afc1-134b52c9c44f']
d27fd4ef-99fe-45d8-aa65-df711ba68087,62,['7f02768c-a509-4298-8e6b-107b777c5fdd']
9dc04195-246a-4cfb-8e59-9d3363f19eb2,65,['9ca7b806-ea68-47d9-8b19-9993a8c9791a']
a9fdefc6-899b-443b-90a6-9f7677754661,64,['bd19ab95-9d02-4bfb-b34d-b310a1ab19c5']
1c7c79f3-6b44-441e-aa82-77989f003f65,77,['7bf036aa-bc03-4c2e-8f37-83fa3d68b026']
4a28b9f8-eb7a-4f30-90c1-c2799e653f42,74,['3a4c80f8-a32a-4916-b096-35d395347d98']
c43a1453-5f56-4e01-ba68-b88d8077d677,79,['0ff11c5e-6be7-4fed-b022-8e2fb47e7f24']
00169386-2a20-4b4d-a3d7-9a92550cfacb,77,['4fb5c841-dfd4-4ad5-8e47-c64a5265200c']
d27fd4ef-99fe-45d8-aa65-df711ba68087,63,['154a7093-05ea-4831-863f-7da3cf98936c']
2ea8692c-4d6b-43a0-ba97-0267768eb856,69,['1dbf7725-5f00-4b6a-a030-d3ed389dac0c']
9dc04195-246a-4cfb-8e59-9d3363f19eb2,66,['c361b48c-6e5c-4ead-9f93-dda42ce282d9']
1c7c79f3-6b44-441e-aa82-77989f003f65,78,['d4599cd1-0109-4e7c-9750-128c634ab2cf']
4a28b9f8-eb7a-4f30-90c1-c2799e653f42,75,['eef3720e-85d7-47be-9e50-7a6acb746566']
00169386-2a20-4b4d-a3d7-9a92550cfacb,78,['dd85a6e0-1443-490b-b7a5-753ac0acd96d']
a9fdefc6-899b-443b-90a6-9f7677754661,65,['6b3918d7-6485-4fdd-9123-2626b027172e']
c43a1453-5f56-4e01-ba68-b88d8077d677,80,['841bb995-6186-455a-9258-f40b05ab4503']
d27fd4ef-99fe-45d8-aa65-df711ba68087,64,['7b0ab38c-e02e-4c82-9459-49ab456c370a']
2ea8692c-4d6b-43a0-ba97-0267768eb856,70,['5d58e7ff-0716-4cf7-8ed4-2d8a8b5441aa']
9dc04195-246a-4cfb-8e59-9d3363f19eb2,67,['e160d463-a96c-46f5-82b7-21b9f68ee499']
1c7c79f3-6b44-441e-aa82-77989f003f65,79,['9eda527b-dd3d-495f-b2ac-d7b8d955a651']
4a28b9f8-eb7a-4f30-90c1-c2799e653f42,76,['0f636541-3302-4e6c-966f-38647060d68e']
c43a1453-5f56-4e01-ba68-b88d8077d677,81,['a6dca938-3b78-4deb-a69b-963169e1a64e']
00169386-2a20-4b4d-a3d7-9a92550cfacb,79,['0feafdf2-eb8e-451a-82f7-adbdc7881ef5']
a9fdefc6-899b-443b-90a6-9f7677754661,66,['89a52861-203b-42be-b144-3aed0a0dc9bc']
d27fd4ef-99fe-45d8-aa65-df711ba68087,65,['cf27888d-f5f0-4ee3-a8f5-43060e8523ea']
9dc04195-246a-4cfb-8e59-9d3363f19eb2,68,['67ff2fc3-03e5-4b0d-ba14-a0f4eed21532']
2ea8692c-4d6b-43a0-ba97-0267768eb856,71,['1a7ee1a2-0235-40dd-bba9-8823c7fd43f4']
c43a1453-5f56-4e01-ba68-b88d8077d677,82,['a91f5e8f-2a3b-4a6b-b742-1017e1c99e47']
1c7c79f3-6b44-441e-aa82-77989f003f65,80,['09e0945a-3637-4fce-9b5c-9d21483c288b']
4a28b9f8-eb7a-4f30-90c1-c2799e653f42,77,['b2075d59-bb85-4a94-97b6-86f949876548']
00169386-2a20-4b4d-a3d7-9a92550cfacb,80,['cd0eb444-5cd4-437c-9632-e0739412defa']
d27fd4ef-99fe-45d8-aa65-df711ba68087,66,['ec1b917e-d647-4d30-92e2-e3a18b4369ed']
a9fdefc6-899b-443b-90a6-9f7677754661,67,['dd8a45b6-88e0-48db-bc45-0cfa853731c6']
c43a1453-5f56-4e01-ba68-b88d8077d677,83,['cd1bcfed-c625-44f9-bff9-7f60843e8b57']
1c7c79f3-6b44-441e-aa82-77989f003f65,81,['4877c6f0-80b8-40b2-a1cc-b74a03b26d98']
4a28b9f8-eb7a-4f30-90c1-c2799e653f42,78,['81b19072-54f9-4b84-bf5c-c18f6beb2df1']
9dc04195-246a-4cfb-8e59-9d3363f19eb2,69,['0f772897-2319-44e3-816b-bc9baac074e4']
00169386-2a20-4b4d-a3d7-9a92550cfacb,81,['15600d30-845c-4913-9eb0-9708953146b2']
2ea8692c-4d6b-43a0-ba97-0267768eb856,72,['57a4a6ff-ce99-4501-9a76-310a57df40ed']
d27fd4ef-99fe-45d8-aa65-df711ba68087,67,['957f0541-e2ba-4b77-b44c-23bd68cf1966']
a9fdefc6-899b-443b-90a6-9f7677754661,68,['32599d4b-0a1e-4444-866b-06ea878c476e']
c43a1453-5f56-4e01-ba68-b88d8077d677,84,['002f9a1f-4d14-4c2c-a9aa-e882cc773f16']
4a28b9f8-eb7a-4f30-90c1-c2799e653f42,79,['3a3c24da-87e7-4014-a3e9-838be3dca10d']
1c7c79f3-6b44-441e-aa82-77989f003f65,82,['bc4dbd21-fe12-4897-a1db-29077f219774']
00169386-2a20-4b4d-a3d7-9a92550cfacb,82,['5547f6fd-17a6-48d9-8f19-5b55b55815d2']
9dc04195-246a-4cfb-8e59-9d3363f19eb2,70,['120f11eb-40ca-49a5-81b0-e75b2de7012a']
d27fd4ef-99fe-45d8-aa65-df711ba68087,68,['0eb9ed55-2ea5-4e78-9d1f-7479e8a61747']
2ea8692c-4d6b-43a0-ba97-0267768eb856,73,['ce7bf7d5-8f78-4be7-9c41-f4def7e88def']
c43a1453-5f56-4e01-ba68-b88d8077d677,85,['6d5bc420-97d3-4b7f-92f7-1d1d37a1e0b6']
a9fdefc6-899b-443b-90a6-9f7677754661,69,['a852767b-ad74-4e29-92e6-50916b0a3f9a']
4a28b9f8-eb7a-4f30-90c1-c2799e653f42,80,['7accbc51-0ea0-46ab-b3e8-24a6007c6947']
1c7c79f3-6b44-441e-aa82-77989f003f65,83,['41dc5469-9c3f-4040-b1f0-472fc3e158eb']
00169386-2a20-4b4d-a3d7-9a92550cfacb,83,['19bca115-1984-4cc4-8fcf-a22fdba12209']
d27fd4ef-99fe-45d8-aa65-df711ba68087,69,['f2997c99-f01c-4b22-93b0-125f1c8d20f2']
9dc04195-246a-4cfb-8e59-9d3363f19eb2,71,['f586b434-38f3-454d-9f0a-dd8cab5cce6c']
c43a1453-5f56-4e01-ba68-b88d8077d677,86,['795d16d5-b916-48e7-804d-ac05d5f69398']
2ea8692c-4d6b-43a0-ba97-0267768eb856,74,['ad2b9c78-dc4d-461a-8ba6-a9b2c056b756']
4a28b9f8-eb7a-4f30-90c1-c2799e653f42,81,['5994a221-5c6a-4a7f-a0fc-d2b5c42676ba']
1c7c79f3-6b44-441e-aa82-77989f003f65,84,['af817c37-ea35-47a7-b7cd-abe5145b6b4a']
00169386-2a20-4b4d-a3d7-9a92550cfacb,84,['a12b22b1-d548-4c67-88ac-af038cd32a1b']
a9fdefc6-899b-443b-90a6-9f7677754661,70,['148ea22e-61db-4d9e-a045-d8207d1b20e2']
d27fd4ef-99fe-45d8-aa65-df711ba68087,70,['ed7779cc-115a-4e1c-b4df-577f668c66ba']
c43a1453-5f56-4e01-ba68-b88d8077d677,87,['cac9d5e2-b0a5-47d0-b302-c2f5fed6a955']
9dc04195-246a-4cfb-8e59-9d3363f19eb2,72,['17a7c0e3-e95d-4e29-a64e-9481561ce0ff']
2ea8692c-4d6b-43a0-ba97-0267768eb856,75,['d63d7879-e54e-46d1-968e-4e1e25b4c56a']
4a28b9f8-eb7a-4f30-90c1-c2799e653f42,82,['0f2c5a29-16cd-449d-8bfb-27bde5bec5dd']
1c7c79f3-6b44-441e-aa82-77989f003f65,85,['628421f0-3fbd-42f6-ac51-8d637e66f091']
00169386-2a20-4b4d-a3d7-9a92550cfacb,85,['d736ff25-ac3c-4199-9d30-e2eb89e7b0b1']
d27fd4ef-99fe-45d8-aa65-df711ba68087,71,['39c88d8c-117b-4991-96b0-c931d64cd886']
a9fdefc6-899b-443b-90a6-9f7677754661,71,['4a53bec9-e553-4a5c-b411-5e0ef1353de0']
c43a1453-5f56-4e01-ba68-b88d8077d677,88,['2085f379-a86b-4159-bc5d-029c0b82d2d4']
9dc04195-246a-4cfb-8e59-9d3363f19eb2,73,['19506608-9e83-4c97-9c71-9e00b30238fd']
4a28b9f8-eb7a-4f30-90c1-c2799e653f42,83,['15276e0f-1f5c-4e3c-99e0-ddeee03d2716']
1c7c79f3-6b44-441e-aa82-77989f003f65,86,['34d5ad39-24a4-4a59-bce2-5359670a1074']
d27fd4ef-99fe-45d8-aa65-df711ba68087,72,['8787769d-d87b-4ec6-ac73-c0be6a987dd9']
2ea8692c-4d6b-43a0-ba97-0267768eb856,76,['82a10949-b832-48f1-b3dd-0ed7937dd69f']
00169386-2a20-4b4d-a3d7-9a92550cfacb,86,['6e32eac1-3850-46ec-873b-0521763bdad7']
c43a1453-5f56-4e01-ba68-b88d8077d677,89,['5b5613c3-25fc-4618-9fd1-0d9b5ddcdbe4']
a9fdefc6-899b-443b-90a6-9f7677754661,72,['35d11e7f-769b-470a-bf41-2b14cfdd3f57']
9dc04195-246a-4cfb-8e59-9d3363f19eb2,74,['86de5372-3351-4947-850d-22ca824b37ae']
4a28b9f8-eb7a-4f30-90c1-c2799e653f42,84,['804672c2-a0a0-4037-9e5b-774e1344edf4']
1c7c79f3-6b44-441e-aa82-77989f003f65,87,['7a2f2794-3697-4c3b-b533-dedc841a8fa0']
d27fd4ef-99fe-45d8-aa65-df711ba68087,73,['82821848-ced5-433c-a32a-76cdde23ddee']
c43a1453-5f56-4e01-ba68-b88d8077d677,90,['ba6825af-f088-4466-a258-18e053046156']
00169386-2a20-4b4d-a3d7-9a92550cfacb,87,['0f1f0c74-b07c-44c7-bfa0-5ae33be39063']
2ea8692c-4d6b-43a0-ba97-0267768eb856,77,['04ea8860-97f2-4c1d-bd90-4d0e9c7eeed6']
a9fdefc6-899b-443b-90a6-9f7677754661,73,['26d37fa2-0642-4c5c-8a81-e9eb2d8f00ea']
4a28b9f8-eb7a-4f30-90c1-c2799e653f42,85,['f9c37f83-680f-4b1d-9c5d-245d67b104cf']
1c7c79f3-6b44-441e-aa82-77989f003f65,88,['7fa8e58a-4e2a-4e76-9aeb-47636ae6e21a']
9dc04195-246a-4cfb-8e59-9d3363f19eb2,75,['305a374c-9285-46b6-8fee-9bf0870b69e7']
d27fd4ef-99fe-45d8-aa65-df711ba68087,74,['db618d5f-04ef-4180-ac6b-01e7b1db1c3a']
c43a1453-5f56-4e01-ba68-b88d8077d677,91,['b6f71374-2acb-473f-b970-5ac428c11ded']
00169386-2a20-4b4d-a3d7-9a92550cfacb,88,['9537eb94-fad8-4af9-9a84-2934b57ebb8c']
2ea8692c-4d6b-43a0-ba97-0267768eb856,78,['4b070f7d-6816-4082-b0b6-5f571f257c09']
4a28b9f8-eb7a-4f30-90c1-c2799e653f42,86,['d932030d-5e4d-4139-9c4c-d2226dc04209']
1c7c79f3-6b44-441e-aa82-77989f003f65,89,['403fee34-2996-48a1-84ca-0dd40266055f']
a9fdefc6-899b-443b-90a6-9f7677754661,74,['6c6e03b2-ff3a-4acb-8ee0-c9187db2d117']
c43a1453-5f56-4e01-ba68-b88d8077d677,92,['aa8a1926-cb3d-41ad-8fd5-c07a2b98a08c']
d27fd4ef-99fe-45d8-aa65-df711ba68087,75,['37afe9f8-80e2-4dc7-830a-4b13a784a627']
9dc04195-246a-4cfb-8e59-9d3363f19eb2,76,['f69e8b17-08f3-44f9-8890-b26bf92423df']
00169386-2a20-4b4d-a3d7-9a92550cfacb,89,['db6884ca-30fb-4e67-aa86-db401c9a183b']
d27fd4ef-99fe-45d8-aa65-df711ba68087,76,['9a922070-9a0d-4c63-8a80-31692d60736b']
4a28b9f8-eb7a-4f30-90c1-c2799e653f42,87,['ded57c63-12e4-4e46-a5ff-20c00020b35a']
2ea8692c-4d6b-43a0-ba97-0267768eb856,79,['ec614e02-4294-4f51-b3fc-9e0d63cbcd87']
c43a1453-5f56-4e01-ba68-b88d8077d677,93,['a9f86518-5e13-4049-b2bd-02ec03071bcb']
1c7c79f3-6b44-441e-aa82-77989f003f65,90,['1b59b0fb-e6bd-47db-b1d8-09390f6bac3c']
a9fdefc6-899b-443b-90a6-9f7677754661,75,['52cae02d-a46f-451f-a18b-aedbff92a7bf']
9dc04195-246a-4cfb-8e59-9d3363f19eb2,77,['6248a529-c1a4-4350-9c78-46f13a31af3d']
00169386-2a20-4b4d-a3d7-9a92550cfacb,90,['597bd858-cefb-449b-8c9e-72960163ff58']
d27fd4ef-99fe-45d8-aa65-df711ba68087,77,['6ea87877-a2b7-44ab-959f-06396a7704ce']
4a28b9f8-eb7a-4f30-90c1-c2799e653f42,88,['30f7c84f-69cf-4978-954f-93f25c67fad4']
c43a1453-5f56-4e01-ba68-b88d8077d677,94,['ccdbc358-8e2c-4d68-bc62-44944c095349']
1c7c79f3-6b44-441e-aa82-77989f003f65,91,['ef5f0684-b7f8-430e-9cfa-c70048241315']
2ea8692c-4d6b-43a0-ba97-0267768eb856,80,['9e335cf6-23a0-420a-809a-9040bfd36d9f']
d27fd4ef-99fe-45d8-aa65-df711ba68087,78,['ea47b3e0-aba6-444d-9ad9-07d570186abb']
00169386-2a20-4b4d-a3d7-9a92550cfacb,91,['840623d5-3d9d-43c6-8fa5-e2b654f1071a']
a9fdefc6-899b-443b-90a6-9f7677754661,76,['82e3eb2a-46d2-4b1c-ac14-eb99f6a124b3']
9dc04195-246a-4cfb-8e59-9d3363f19eb2,78,['8c64a85f-c036-4c70-af02-b62777d293ce']
c43a1453-5f56-4e01-ba68-b88d8077d677,95,['6778ead5-aacf-4321-9e71-208da0b7c2f9']
4a28b9f8-eb7a-4f30-90c1-c2799e653f42,89,['f75cff60-310a-48b6-b39c-944f2216cf89']
1c7c79f3-6b44-441e-aa82-77989f003f65,92,['fea736c9-30a4-4198-a437-0f41b1e11828']
2ea8692c-4d6b-43a0-ba97-0267768eb856,81,['b21cd52c-0c91-4415-a30f-199a553bba66']
d27fd4ef-99fe-45d8-aa65-df711ba68087,79,['aa32f202-fe75-4e8a-a762-93faba3c4741']
00169386-2a20-4b4d-a3d7-9a92550cfacb,92,['cfd41740-46e3-4dd6-8671-1b91a53286b3']
9dc04195-246a-4cfb-8e59-9d3363f19eb2,79,['9645e685-c2a7-4a4b-8a38-96101e401eeb']
a9fdefc6-899b-443b-90a6-9f7677754661,77,['e5ff7f88-11b6-456b-ba9b-dba2bd51ce61']
c43a1453-5f56-4e01-ba68-b88d8077d677,96,['a4bb7b94-f0af-4616-98c6-24fc7ac1961f']
4a28b9f8-eb7a-4f30-90c1-c2799e653f42,90,['54a1a20c-d587-4433-857f-848fd03d1fae']
1c7c79f3-6b44-441e-aa82-77989f003f65,93,['fb00e94e-2568-431c-bea1-0aba6a9ebd6e']
2ea8692c-4d6b-43a0-ba97-0267768eb856,82,['067c567b-7703-4c23-9c47-01278c40d405']
d27fd4ef-99fe-45d8-aa65-df711ba68087,80,['8152cf92-aab9-4489-bcd1-f8dfd7a4d449']
00169386-2a20-4b4d-a3d7-9a92550cfacb,93,['64a4cfce-cd79-4a8e-bbe5-4613870b7211']
c43a1453-5f56-4e01-ba68-b88d8077d677,97,['b310a2ed-5ce2-46dd-94ac-289ecd72bcd0']
4a28b9f8-eb7a-4f30-90c1-c2799e653f42,91,['c0836c91-8433-455e-b8a0-3a25d65ff9bc']
a9fdefc6-899b-443b-90a6-9f7677754661,78,['ec76f290-4b42-4e10-90d9-1a54092838f9']
9dc04195-246a-4cfb-8e59-9d3363f19eb2,80,['497ab3bd-f8ac-46fb-9f44-41460cba4380']
1c7c79f3-6b44-441e-aa82-77989f003f65,94,['574a8bd0-eb0a-493f-915e-d4d2d147f0c0']
d27fd4ef-99fe-45d8-aa65-df711ba68087,81,['d68b3aee-0de9-41e3-87ab-ec5e1a1b2d8a']
c43a1453-5f56-4e01-ba68-b88d8077d677,98,['42c7acf7-d12c-4f64-849e-137a32c6a491']
00169386-2a20-4b4d-a3d7-9a92550cfacb,94,['6a4dc869-4a8c-44c1-a0dc-0bad38461fc2']
2ea8692c-4d6b-43a0-ba97-0267768eb856,83,['8604455c-24c4-4aff-8108-f4d17411f169']
4a28b9f8-eb7a-4f30-90c1-c2799e653f42,92,['c0db1747-0edb-4cf6-99ef-89cae124a2dd']
1c7c79f3-6b44-441e-aa82-77989f003f65,95,['b952d430-b4c2-4d9e-9cc8-c581ad995576']
a9fdefc6-899b-443b-90a6-9f7677754661,79,['3fc3d3c9-d36d-44e7-811f-4bb102b6b51e']
9dc04195-246a-4cfb-8e59-9d3363f19eb2,81,['24f235b4-12c9-4c47-95c7-fabc28862a30']
d27fd4ef-99fe-45d8-aa65-df711ba68087,82,['b99e6346-80bc-4865-957a-f17e4c7dacfc']
c43a1453-5f56-4e01-ba68-b88d8077d677,99,['0b8d5085-d6a1-4807-9d56-2bf238481b34']
00169386-2a20-4b4d-a3d7-9a92550cfacb,95,['b05a2626-33b9-4e4c-b465-a6b5e5f52787']
4a28b9f8-eb7a-4f30-90c1-c2799e653f42,93,['418ca405-f6f7-477d-b6ca-d183c8dbb1ae']
1c7c79f3-6b44-441e-aa82-77989f003f65,96,['eb690b8a-1734-438c-a085-d3e39e95e79c']
2ea8692c-4d6b-43a0-ba97-0267768eb856,84,['908262c5-a57a-4a6a-8349-25f2c8c3c9e9']
d27fd4ef-99fe-45d8-aa65-df711ba68087,83,['80563a78-ceb6-4f83-8ce3-9736f16bf16d']
a9fdefc6-899b-443b-90a6-9f7677754661,80,['dd416b8e-462c-4326-b859-ba46e1b7ecab']
9dc04195-246a-4cfb-8e59-9d3363f19eb2,82,['facee582-70e9-4824-bb06-0067675822dc']
c43a1453-5f56-4e01-ba68-b88d8077d677,100,['0727b9f1-fcdb-4cce-bd50-8e2515bfaf85']
00169386-2a20-4b4d-a3d7-9a92550cfacb,96,['c92b5cba-7124-49ba-aa1f-3c8a8888521c']
4a28b9f8-eb7a-4f30-90c1-c2799e653f42,94,['e6516d27-c47c-4c59-a4d7-8367982a40c3']
1c7c79f3-6b44-441e-aa82-77989f003f65,97,['2f610758-44b3-4699-9a7f-ddd8cfa25b47']
d27fd4ef-99fe-45d8-aa65-df711ba68087,84,['a69074db-738b-43c4-875c-1fefcaa161f6']
a9fdefc6-899b-443b-90a6-9f7677754661,81,['c9aa4578-69b0-48c8-a828-03376e3963d2']
c43a1453-5f56-4e01-ba68-b88d8077d677,101,['49ff2a12-5428-4d77-a277-82546a189332']
2ea8692c-4d6b-43a0-ba97-0267768eb856,85,['d74de3d8-15f6-4909-9244-1a13554225b1']
9dc04195-246a-4cfb-8e59-9d3363f19eb2,83,['2d338452-df31-4ba2-9846-b2a05c74500e']
4a28b9f8-eb7a-4f30-90c1-c2799e653f42,95,['2207f172-b95f-49d0-bd15-f51e9d072713']
00169386-2a20-4b4d-a3d7-9a92550cfacb,97,['59032989-5a75-43a6-bbf9-142cff9aba61']
1c7c79f3-6b44-441e-aa82-77989f003f65,98,['b37e5a9f-5847-48a9-bcc9-5077e307efad']
d27fd4ef-99fe-45d8-aa65-df711ba68087,85,['da469b6f-ddd9-44c2-a684-bb6b912b6410']
c43a1453-5f56-4e01-ba68-b88d8077d677,102,['c8af5a53-022b-47da-87b7-7d58d157ea69']
4a28b9f8-eb7a-4f30-90c1-c2799e653f42,96,['1bf57354-928b-473f-9610-dc4d218e876d']
a9fdefc6-899b-443b-90a6-9f7677754661,82,['9f60aa8e-dc20-4ec1-86e6-f120dc3a1849']
9dc04195-246a-4cfb-8e59-9d3363f19eb2,84,['998eb2b3-2053-4005-b619-7c4138030092']
00169386-2a20-4b4d-a3d7-9a92550cfacb,98,['06099f09-37f6-44c5-8ccf-841f4dddf4b9']
2ea8692c-4d6b-43a0-ba97-0267768eb856,86,['2da111e4-7e3a-4d44-9d14-7c857c9cc3ae']
1c7c79f3-6b44-441e-aa82-77989f003f65,99,['da8ae883-f370-4400-9f80-4274bd6ea509']
d27fd4ef-99fe-45d8-aa65-df711ba68087,86,['60fe2612-edd9-492c-92a5-ece1ef8d9572']
c43a1453-5f56-4e01-ba68-b88d8077d677,103,['56338adc-47bb-4132-8f72-6350cfa2c850']
d27fd4ef-99fe-45d8-aa65-df711ba68087,87,['59068f67-4879-46e2-9d94-6eabcbdf9a98']
4a28b9f8-eb7a-4f30-90c1-c2799e653f42,97,['538cb1ca-2d43-438f-94ee-2fc2b1149053']
00169386-2a20-4b4d-a3d7-9a92550cfacb,99,['7e4c9609-3d78-4889-ae3b-de3d1e2a32df']
a9fdefc6-899b-443b-90a6-9f7677754661,83,['ec5dd2bd-ecb9-4cd7-ab73-07e4d8959b2b']
9dc04195-246a-4cfb-8e59-9d3363f19eb2,85,['33427ab7-fc1e-4066-ace3-6b378b440e7f']
1c7c79f3-6b44-441e-aa82-77989f003f65,100,['1df47b9b-dd0d-45ea-8c7c-bec2cec96062']
c43a1453-5f56-4e01-ba68-b88d8077d677,104,['5026a280-0b19-426a-9887-10117f2989e9']
2ea8692c-4d6b-43a0-ba97-0267768eb856,87,['fde58cdb-35a6-4ed5-98d6-9c2a1b9a1f4e']
4a28b9f8-eb7a-4f30-90c1-c2799e653f42,98,['5feedbfd-f69b-4c28-a797-100cf8655beb']
d27fd4ef-99fe-45d8-aa65-df711ba68087,88,['cb36efa7-56fd-4bd6-9f64-3d18a42a5663']
00169386-2a20-4b4d-a3d7-9a92550cfacb,100,['1b802ac3-e2d0-4407-8ba6-529ce2be25d1']
1c7c79f3-6b44-441e-aa82-77989f003f65,101,['6adbdce9-6871-4f7c-981c-677c139a7e93']
a9fdefc6-899b-443b-90a6-9f7677754661,84,['feabbb41-c914-4759-bbd6-64ae2858e0ff']
9dc04195-246a-4cfb-8e59-9d3363f19eb2,86,['188de396-9214-42f6-a969-452854646e0e']
c43a1453-5f56-4e01-ba68-b88d8077d677,105,['986e3ed0-5c09-4f03-991e-bda040cfc0b8']
2ea8692c-4d6b-43a0-ba97-0267768eb856,88,['0aed656d-305d-49f0-8ac1-3d860db5d54b']
4a28b9f8-eb7a-4f30-90c1-c2799e653f42,99,['d04c904f-9862-43e5-9804-d27fa4c7bc84']
d27fd4ef-99fe-45d8-aa65-df711ba68087,89,['1f2ca172-eaa7-47ab-9df2-49bcb4b7b421']
00169386-2a20-4b4d-a3d7-9a92550cfacb,101,['a9b8c83c-266a-418a-8689-4c3d730f5662']
1c7c79f3-6b44-441e-aa82-77989f003f65,102,['f91ee495-6e0f-4376-8a76-cf6ce0952ad3']
c43a1453-5f56-4e01-ba68-b88d8077d677,106,['a3f8f2a2-8c0a-4938-81e7-826520b4f31f']
a9fdefc6-899b-443b-90a6-9f7677754661,85,['748409a7-d4c6-4909-8572-b003f2196cf7']
9dc04195-246a-4cfb-8e59-9d3363f19eb2,87,['b878ad12-fbad-45d6-8889-e3af8e572f38']
2ea8692c-4d6b-43a0-ba97-0267768eb856,89,['2d5d136f-5983-449b-8bf0-de5a6d0f2f0e']
4a28b9f8-eb7a-4f30-90c1-c2799e653f42,100,['5d90f0c2-1bc3-422b-a962-c7786653acaf']
1c7c79f3-6b44-441e-aa82-77989f003f65,103,['17810f93-0789-4fb5-88ab-ffd62d60b70e']
00169386-2a20-4b4d-a3d7-9a92550cfacb,102,['9b6b845c-709d-43d2-b11c-bada06e33779']
d27fd4ef-99fe-45d8-aa65-df711ba68087,90,['c5da5a9f-3b96-4889-b134-6e7639df0db5']
c43a1453-5f56-4e01-ba68-b88d8077d677,107,['ae584aca-f754-4f85-a484-83a5c4c8c2aa']
a9fdefc6-899b-443b-90a6-9f7677754661,86,['411a7d43-9ed1-45cc-a5de-e3067a6ed93b']
9dc04195-246a-4cfb-8e59-9d3363f19eb2,88,['05875828-4e31-4d46-b6ec-fd5f45dc06ac']
4a28b9f8-eb7a-4f30-90c1-c2799e653f42,101,['eda02749-44a5-421a-9feb-f25580581199']
2ea8692c-4d6b-43a0-ba97-0267768eb856,90,['ff886ca7-e212-476d-b467-3d304ae994c2']
c43a1453-5f56-4e01-ba68-b88d8077d677,108,['fe983fd5-68b7-4ae5-b646-58b3641a8b6f']
1c7c79f3-6b44-441e-aa82-77989f003f65,104,['f6d17d56-98c6-496e-bddb-b37f33f42cbb']
00169386-2a20-4b4d-a3d7-9a92550cfacb,103,['3e4396e9-242c-43f3-be1f-fb674cabb0bb']
d27fd4ef-99fe-45d8-aa65-df711ba68087,91,['87fea689-c128-4381-b7f0-4aec968db81a']
4a28b9f8-eb7a-4f30-90c1-c2799e653f42,102,['b88611d5-886d-430d-8d05-222c67a7e1b1']
a9fdefc6-899b-443b-90a6-9f7677754661,87,['a4eb02d4-e955-430f-94f3-8fde9fa6b634']
9dc04195-246a-4cfb-8e59-9d3363f19eb2,89,['94e580cb-d1b2-441e-9a0e-27e5b1776712']
2ea8692c-4d6b-43a0-ba97-0267768eb856,91,['dab7189c-3987-429b-b54d-51492d9c04b0']
c43a1453-5f56-4e01-ba68-b88d8077d677,109,['69584602-8eb4-46b2-b23c-e7d2c1685ab0']
1c7c79f3-6b44-441e-aa82-77989f003f65,105,['dbe1c936-7bff-448a-ad8a-721efcf91fa6']
00169386-2a20-4b4d-a3d7-9a92550cfacb,104,['796c029d-414a-4206-8a57-39412db9a1f2']
d27fd4ef-99fe-45d8-aa65-df711ba68087,92,['6f7767c6-7010-42da-bd62-b7cfcef13c6d']
4a28b9f8-eb7a-4f30-90c1-c2799e653f42,103,['d2942f22-6b50-4b69-9c32-1587928493a4']
c43a1453-5f56-4e01-ba68-b88d8077d677,110,['9f01f68d-93fe-4f52-8b57-829fe7503d14']
2ea8692c-4d6b-43a0-ba97-0267768eb856,92,['896c03f4-3be0-43f6-8a5f-68d4a68479e0']
a9fdefc6-899b-443b-90a6-9f7677754661,88,['eb50e1fd-a97a-436b-9c81-d2795981172d']
1c7c79f3-6b44-441e-aa82-77989f003f65,106,['56ed591c-4992-4902-9524-362e6b76c28e']
9dc04195-246a-4cfb-8e59-9d3363f19eb2,90,['8dc528bf-4f00-4eb8-931a-e2294b615fd6']
00169386-2a20-4b4d-a3d7-9a92550cfacb,105,['2e495f65-797f-48ff-8048-bf2a66df16e8']
4a28b9f8-eb7a-4f30-90c1-c2799e653f42,104,['a3f55420-ebf2-49a2-b463-54d0a03dfc2b']
d27fd4ef-99fe-45d8-aa65-df711ba68087,93,['f47b489f-15ca-4fc2-b75a-23e55df563cd']
c43a1453-5f56-4e01-ba68-b88d8077d677,111,['b154edcd-c078-4746-ad28-a60e60b184b3']
1c7c79f3-6b44-441e-aa82-77989f003f65,107,['3058e682-af9b-486e-8e52-8169c4fd7ea2']
2ea8692c-4d6b-43a0-ba97-0267768eb856,93,['c776289d-49c6-46b7-94bf-41618412cfc2']
00169386-2a20-4b4d-a3d7-9a92550cfacb,106,['1bb14efa-0bc2-4769-ae18-d5bcfc7a6d4e']
9dc04195-246a-4cfb-8e59-9d3363f19eb2,91,['ea58a511-6ac0-4592-9352-c67fc1a9074d']
a9fdefc6-899b-443b-90a6-9f7677754661,89,['23703343-3175-4747-a222-365eda4e1b56']
4a28b9f8-eb7a-4f30-90c1-c2799e653f42,105,['ef3a8ae4-647c-426c-a74d-880caca78555']
c43a1453-5f56-4e01-ba68-b88d8077d677,112,['e895cbe0-81df-4acb-8c0a-f1e4f002f6bc']
d27fd4ef-99fe-45d8-aa65-df711ba68087,94,['375fa511-3d95-4871-8ebc-7252c0c5215b']
1c7c79f3-6b44-441e-aa82-77989f003f65,108,['992e8f77-1e10-401d-bd2b-e342443e5c7b']
00169386-2a20-4b4d-a3d7-9a92550cfacb,107,['a15fed7a-5622-44ae-96d8-d25ec260426d']
2ea8692c-4d6b-43a0-ba97-0267768eb856,94,['8bf6ef93-4cb6-442c-9a1d-18baee7d59e2']
9dc04195-246a-4cfb-8e59-9d3363f19eb2,92,['d233d91f-8938-4e4a-b16b-5ca13b4a384e']
a9fdefc6-899b-443b-90a6-9f7677754661,90,['bc906e51-2f1a-4171-806c-fa2db6412cd1']
4a28b9f8-eb7a-4f30-90c1-c2799e653f42,106,['b81b50e7-bdd4-4866-b332-9f4901f7c927']
c43a1453-5f56-4e01-ba68-b88d8077d677,113,['c9c3fdf5-a822-4dae-ba72-4f979fda34ea']
d27fd4ef-99fe-45d8-aa65-df711ba68087,95,['597fa2bb-a71f-4310-a9a6-11007bf4739d']
1c7c79f3-6b44-441e-aa82-77989f003f65,109,['0845175e-10db-47d4-a4a1-3d5430b5c7d2']
00169386-2a20-4b4d-a3d7-9a92550cfacb,108,['d5a38119-a8f7-4c6c-bd08-25c0b8d10298']
2ea8692c-4d6b-43a0-ba97-0267768eb856,95,['1fa4846d-0662-45af-a532-5246c4a98cd3']
9dc04195-246a-4cfb-8e59-9d3363f19eb2,93,['850d47ae-1ab5-49cf-af60-a4f892555804']
a9fdefc6-899b-443b-90a6-9f7677754661,91,['262f0efa-2db8-4d8f-9d42-24ca8011b0a7']
c43a1453-5f56-4e01-ba68-b88d8077d677,114,['e5ccf48a-e28b-43f4-9323-de27ae9e83c6']
1c7c79f3-6b44-441e-aa82-77989f003f65,110,['539d37d6-ec3b-4614-8424-3b93ab492bcd']
4a28b9f8-eb7a-4f30-90c1-c2799e653f42,107,['e7eae21b-758f-4004-971b-9ac82ed82a2c']
d27fd4ef-99fe-45d8-aa65-df711ba68087,96,['c10e834d-fd62-4726-96a4-8eb5890b00a4']
00169386-2a20-4b4d-a3d7-9a92550cfacb,109,['04a1d3e8-cf6b-4891-941e-84bda0a7ce25']
2ea8692c-4d6b-43a0-ba97-0267768eb856,96,['907baf42-e313-482e-8433-0005e25cb6a3']
9dc04195-246a-4cfb-8e59-9d3363f19eb2,94,['7918a5ec-faa0-48d8-b117-7a93630a4839']
a9fdefc6-899b-443b-90a6-9f7677754661,92,['f5ef9997-dfdf-4505-9d14-69f14d026377']
c43a1453-5f56-4e01-ba68-b88d8077d677,115,['fe0dafb4-e748-4f99-a3be-d9a7a2d58719']
1c7c79f3-6b44-441e-aa82-77989f003f65,111,['44d5e044-8c0a-4cec-919f-3c0af535a937']
4a28b9f8-eb7a-4f30-90c1-c2799e653f42,108,['affbb085-3b8a-4afc-ab03-f2366ba6b14d']
00169386-2a20-4b4d-a3d7-9a92550cfacb,110,['0281cb3f-90b6-40c1-b790-2c3d5325963f']
d27fd4ef-99fe-45d8-aa65-df711ba68087,97,['a3403cac-6fe8-4eea-a043-172fc8458626']
9dc04195-246a-4cfb-8e59-9d3363f19eb2,95,['d3e3acd3-3c9d-4a0e-85e1-592aaa0c545d']
2ea8692c-4d6b-43a0-ba97-0267768eb856,97,['b78be6de-12ab-4dfa-b0b3-df8fdb9f3738']
1c7c79f3-6b44-441e-aa82-77989f003f65,112,['981acf8d-0162-47ba-824f-b3a2a375369e']
a9fdefc6-899b-443b-90a6-9f7677754661,93,['7b0af633-beae-46fd-97b6-c178afee99a0']
c43a1453-5f56-4e01-ba68-b88d8077d677,116,['06110262-5611-47e9-8903-69602658ee47']
4a28b9f8-eb7a-4f30-90c1-c2799e653f42,109,['8de4228d-3b5f-4953-a433-004c26bf20a7']
00169386-2a20-4b4d-a3d7-9a92550cfacb,111,['728f1da9-ec21-424e-8b8e-787857cfeb8e']
d27fd4ef-99fe-45d8-aa65-df711ba68087,98,['da647efa-7524-4b0f-88ea-70ccda3c8c98']
1c7c79f3-6b44-441e-aa82-77989f003f65,113,['c0212f04-a607-44e8-af26-19fe9948d657']
9dc04195-246a-4cfb-8e59-9d3363f19eb2,96,['a67c30c8-b785-4c82-a100-56899f9b3c4b']
2ea8692c-4d6b-43a0-ba97-0267768eb856,98,['cc2f6712-296e-4d7c-a616-633cedeea972']
4a28b9f8-eb7a-4f30-90c1-c2799e653f42,110,['5928c8b4-0288-419b-b7a5-bc670000075b']
c43a1453-5f56-4e01-ba68-b88d8077d677,117,['c2fdd3dd-3a68-4712-b53e-e2135074f628']
a9fdefc6-899b-443b-90a6-9f7677754661,94,['701d5398-055c-46ad-9676-4327d4c78041']
00169386-2a20-4b4d-a3d7-9a92550cfacb,112,['cc5f3af2-50af-49b6-a588-9c315d391422']
d27fd4ef-99fe-45d8-aa65-df711ba68087,99,['6eec8859-2406-473e-af0f-ae70f091cba1']
1c7c79f3-6b44-441e-aa82-77989f003f65,114,['55afc415-d375-4f30-8650-c17cefce234b']
9dc04195-246a-4cfb-8e59-9d3363f19eb2,97,['9a803d18-e54e-480e-ad13-4edab3fdaa69']
4a28b9f8-eb7a-4f30-90c1-c2799e653f42,111,['9f563163-0bba-4ecf-8f11-70a8e8ae8387']
c43a1453-5f56-4e01-ba68-b88d8077d677,118,['32d21482-3195-4fb2-8052-85bd3ee126f1']
2ea8692c-4d6b-43a0-ba97-0267768eb856,99,['83d4cb17-9c3f-4ccc-8c7b-f04b7bac60e3']
a9fdefc6-899b-443b-90a6-9f7677754661,95,['9bd33789-9cb7-40e0-8ef0-55a8a58ce1ee']
00169386-2a20-4b4d-a3d7-9a92550cfacb,113,['0674c6e1-b11c-47a9-8140-d91935c939a9']
d27fd4ef-99fe-45d8-aa65-df711ba68087,100,['87482c1a-8708-43d0-b300-699eccba9409']
1c7c79f3-6b44-441e-aa82-77989f003f65,115,['c60215a2-55c6-4a25-a4f2-a3e8948558ca']
4a28b9f8-eb7a-4f30-90c1-c2799e653f42,112,['1484549b-b6c3-43d6-b053-f9d939f32832']
9dc04195-246a-4cfb-8e59-9d3363f19eb2,98,['8a214934-b3e6-4c5a-825b-fcb67a202814']
c43a1453-5f56-4e01-ba68-b88d8077d677,119,['577b3e5a-d1c1-4930-8261-67224a3305b0']
2ea8692c-4d6b-43a0-ba97-0267768eb856,100,['c6a9e138-7130-4237-b908-d2610e721349']
00169386-2a20-4b4d-a3d7-9a92550cfacb,114,['9212f340-cf3a-4cd1-9345-5954ba3abf25']
a9fdefc6-899b-443b-90a6-9f7677754661,96,['bdc62cb1-028d-42f9-9cda-a9154af0cb57']
1c7c79f3-6b44-441e-aa82-77989f003f65,116,['68b53bda-07ee-42db-a456-2bffd8277531']
d27fd4ef-99fe-45d8-aa65-df711ba68087,101,['12a5217b-23f8-42bf-90e9-597f54fe85f1']
4a28b9f8-eb7a-4f30-90c1-c2799e653f42,113,['efd3c6fa-1d61-40c9-adc8-f0ede1d5a20f']
9dc04195-246a-4cfb-8e59-9d3363f19eb2,99,['4e59a2ed-3165-442e-9090-0d3d30a61679']
c43a1453-5f56-4e01-ba68-b88d8077d677,120,['422eab83-3e48-499a-8d93-85c863addce9']
00169386-2a20-4b4d-a3d7-9a92550cfacb,115,['617db4f1-7d32-4008-b7b2-3dba12188eab']
2ea8692c-4d6b-43a0-ba97-0267768eb856,101,['525ce485-d581-44b2-900b-39bf107bcf7a']
a9fdefc6-899b-443b-90a6-9f7677754661,97,['a04d906b-a727-4eb6-b41f-3d412bae6450']
d27fd4ef-99fe-45d8-aa65-df711ba68087,102,['78cd17fd-a6e1-4b56-a033-749544c9a40b']
4a28b9f8-eb7a-4f30-90c1-c2799e653f42,114,['c787e2c4-51a8-486e-ba4f-b69c6382b79d']
1c7c79f3-6b44-441e-aa82-77989f003f65,117,['1e54c856-fe36-485b-9871-8f9b14349e26']
9dc04195-246a-4cfb-8e59-9d3363f19eb2,100,['27b55a7f-ec9f-4a48-bea8-7400b644a561']
c43a1453-5f56-4e01-ba68-b88d8077d677,121,['8f78c89b-28ed-4abd-b6fd-5b5ba6e40831']
00169386-2a20-4b4d-a3d7-9a92550cfacb,116,['54fccc9e-70b8-40fe-8d32-c50435aaed84']
2ea8692c-4d6b-43a0-ba97-0267768eb856,102,['c00f92d6-16db-49be-ae6e-bd6a43d87b5e']
a9fdefc6-899b-443b-90a6-9f7677754661,98,['d14600fe-059c-4dd4-ba61-da742d25b64c']
4a28b9f8-eb7a-4f30-90c1-c2799e653f42,115,['e5cb71f5-38ce-4909-8e2c-8bb8d3f80500']
1c7c79f3-6b44-441e-aa82-77989f003f65,118,['84177025-da77-481c-9f0d-cfb0c70b80bb']
d27fd4ef-99fe-45d8-aa65-df711ba68087,103,['53c8e9d7-f941-41f1-a2e5-213a62375594']
c43a1453-5f56-4e01-ba68-b88d8077d677,122,['99ff634c-0c8f-422a-9ba4-eed56d6548c3']
9dc04195-246a-4cfb-8e59-9d3363f19eb2,101,['badae829-567c-4f7e-9314-d52f1eba38d1']
00169386-2a20-4b4d-a3d7-9a92550cfacb,117,['d54b9c99-b188-4892-a341-10e16a87bca7']
2ea8692c-4d6b-43a0-ba97-0267768eb856,103,['5cd48812-ef94-41bb-8e75-e8b4ebb11801']
a9fdefc6-899b-443b-90a6-9f7677754661,99,['e87fa76e-cb9f-4068-971c-68a286d2d666']
4a28b9f8-eb7a-4f30-90c1-c2799e653f42,116,['5cf01d50-7049-4887-9b0a-b4af8403d347']
1c7c79f3-6b44-441e-aa82-77989f003f65,119,['69145ce0-1467-458a-8baa-c2132cb6bba4']
c43a1453-5f56-4e01-ba68-b88d8077d677,123,['dd59cd6c-4fec-46a3-a3ee-622e427ca84c']
d27fd4ef-99fe-45d8-aa65-df711ba68087,104,['a362d784-1a1e-4c2a-95fe-5ad1a0d33a3f']
00169386-2a20-4b4d-a3d7-9a92550cfacb,118,['1cd7f04a-5097-4c12-bfe3-d8ac10ab0056']
9dc04195-246a-4cfb-8e59-9d3363f19eb2,102,['4116e4ea-eb5a-451a-a415-c595cd83c4fa']
4a28b9f8-eb7a-4f30-90c1-c2799e653f42,117,['c08af83f-d95c-44d8-9155-5bd62ea5ab40']
2ea8692c-4d6b-43a0-ba97-0267768eb856,104,['37cbc747-9c55-4f29-a050-02ec25b9e7ab']
1c7c79f3-6b44-441e-aa82-77989f003f65,120,['95ec3892-c389-4615-85f8-ecd5effcea79']
a9fdefc6-899b-443b-90a6-9f7677754661,100,['1d0a5dbb-11d6-4aa4-a3fa-7152e1cabe22']
c43a1453-5f56-4e01-ba68-b88d8077d677,124,['699b18f0-9a0c-410e-8132-b1f33e7bc243']
00169386-2a20-4b4d-a3d7-9a92550cfacb,119,['24d5be6b-38b9-4f85-84b5-5695d3f6088e']
d27fd4ef-99fe-45d8-aa65-df711ba68087,105,['08c9e422-2331-4689-a3c4-a7c01851afcc']
9dc04195-246a-4cfb-8e59-9d3363f19eb2,103,['421b971e-8d86-41db-9b77-03d351d731e0']
4a28b9f8-eb7a-4f30-90c1-c2799e653f42,118,['b6ec0526-7271-4f45-abef-a9fcf032a72d']
1c7c79f3-6b44-441e-aa82-77989f003f65,121,['74b17a79-c263-424d-8c5f-cb8b3ff5312d']
2ea8692c-4d6b-43a0-ba97-0267768eb856,105,['b8dbc81a-209d-4714-9d46-0fbaeb4019d5']
a9fdefc6-899b-443b-90a6-9f7677754661,101,['0a3e1502-e4e2-47ae-b979-6b2d89f06bd5']
c43a1453-5f56-4e01-ba68-b88d8077d677,125,['ebabc7d5-4633-4b6b-9e6c-5c806cc79c6f']
00169386-2a20-4b4d-a3d7-9a92550cfacb,120,['6d8f09fe-fa96-4fcc-bab9-3dca9e78e423']
d27fd4ef-99fe-45d8-aa65-df711ba68087,106,['2bd13855-2e17-405e-8bec-21376671fc19']
9dc04195-246a-4cfb-8e59-9d3363f19eb2,104,['2bf26284-b344-499a-ae10-e0346b18ddbb']
4a28b9f8-eb7a-4f30-90c1-c2799e653f42,119,['c066fe97-352b-4f02-a076-6a19888ccb34']
1c7c79f3-6b44-441e-aa82-77989f003f65,122,['e21ede62-4d93-4374-b756-ea1bcc2d16b5']
2ea8692c-4d6b-43a0-ba97-0267768eb856,106,['83d8d0b9-3267-43ca-988e-0046dd1001d9']
c43a1453-5f56-4e01-ba68-b88d8077d677,126,['7d831070-1053-4918-8e73-e0cf313a7fcc']
a9fdefc6-899b-443b-90a6-9f7677754661,102,['ad930ea3-d065-49b9-aea1-1108a978b3b7']
00169386-2a20-4b4d-a3d7-9a92550cfacb,121,['2affea36-bb25-46e4-913c-a4c1419fa670']
d27fd4ef-99fe-45d8-aa65-df711ba68087,107,['791b3a10-6075-4b28-be67-5c1f2a957611']
9dc04195-246a-4cfb-8e59-9d3363f19eb2,105,['0e39d790-390c-40d0-ae66-ac2042684fcd']
2ea8692c-4d6b-43a0-ba97-0267768eb856,107,['ea35d66a-ab57-4f39-b3f8-5c26f33104df']
1c7c79f3-6b44-441e-aa82-77989f003f65,123,['10f455ed-001a-41fd-b50a-52a5b1211a87']
4a28b9f8-eb7a-4f30-90c1-c2799e653f42,120,['cf10fc54-5375-45ae-bbe0-842fb9d7694a']
c43a1453-5f56-4e01-ba68-b88d8077d677,127,['92d22fbd-8565-4c99-80df-cad09cf2b505']
00169386-2a20-4b4d-a3d7-9a92550cfacb,122,['f9651b24-c418-4d44-a3cf-51100bb39dd9']
a9fdefc6-899b-443b-90a6-9f7677754661,103,['aaeb53f3-7cd9-458a-b9b2-9050e6cd12a1']
d27fd4ef-99fe-45d8-aa65-df711ba68087,108,['ffa58379-e2ae-4cfe-84a9-42dc21ae91cf']
9dc04195-246a-4cfb-8e59-9d3363f19eb2,106,['c816a696-40f1-452e-8f32-468f1fa3ace4']
1c7c79f3-6b44-441e-aa82-77989f003f65,124,['7a27c7a2-6777-431f-9985-65ec2450b464']
4a28b9f8-eb7a-4f30-90c1-c2799e653f42,121,['d29cfba6-1c62-44ae-aba9-a3ad8b2e3d2f']
2ea8692c-4d6b-43a0-ba97-0267768eb856,108,['0d1dca44-b501-41ef-986a-e856860173e1']
c43a1453-5f56-4e01-ba68-b88d8077d677,128,['a5f67d3c-6c4b-456a-9bb1-e7ccf7d690a2']
00169386-2a20-4b4d-a3d7-9a92550cfacb,123,['54724fa7-1352-435d-b566-016ed07daad3']
a9fdefc6-899b-443b-90a6-9f7677754661,104,['1bfa266e-906f-4277-8dc0-551c68c97bdc']
1c7c79f3-6b44-441e-aa82-77989f003f65,125,['dbdaf3bc-87d3-4e81-8832-6a670086ca5a']
4a28b9f8-eb7a-4f30-90c1-c2799e653f42,122,['6c6a172a-85bc-48c2-b6f3-a198452eb447']
9dc04195-246a-4cfb-8e59-9d3363f19eb2,107,['b64785ae-c48e-42cd-97ab-7e00e7dee204']
d27fd4ef-99fe-45d8-aa65-df711ba68087,109,['355dca0d-75a5-4c3e-80a6-6ed9df761e25']
2ea8692c-4d6b-43a0-ba97-0267768eb856,109,['fd3b8ccb-51ff-45e1-a697-98253756f014']
c43a1453-5f56-4e01-ba68-b88d8077d677,129,['d5d2812c-a40a-4fa0-bb27-116b1eca9986']
00169386-2a20-4b4d-a3d7-9a92550cfacb,124,['a0a54208-fa07-41a4-94e6-a44aafee9ca1']
1c7c79f3-6b44-441e-aa82-77989f003f65,126,['8e97bc7f-3d4a-4544-8ff5-0805407260da']
a9fdefc6-899b-443b-90a6-9f7677754661,105,['57bd28f5-394b-4199-8b16-fc3141303c5f']
4a28b9f8-eb7a-4f30-90c1-c2799e653f42,123,['1f7d0165-61b4-43b3-88c1-a1f8aac78552']
9dc04195-246a-4cfb-8e59-9d3363f19eb2,108,['99ba5019-7e29-449c-a130-97a97188be9a']
d27fd4ef-99fe-45d8-aa65-df711ba68087,110,['f7351997-7695-43ee-a2ac-25a9f1ba14d6']
2ea8692c-4d6b-43a0-ba97-0267768eb856,110,['51093333-a526-4227-afbb-9a2d1a32e4d6']
c43a1453-5f56-4e01-ba68-b88d8077d677,130,['b6711e8f-373f-4b2b-84cd-2dd192789737']
00169386-2a20-4b4d-a3d7-9a92550cfacb,125,['d35ecb50-a3df-42d6-9a75-7d3263fe627f']
2ea8692c-4d6b-43a0-ba97-0267768eb856,111,['401d9298-d2be-4b12-ba5e-3afb261e1d58']
4a28b9f8-eb7a-4f30-90c1-c2799e653f42,124,['4153262e-ca27-4994-a261-ef3ef7aec6df']
1c7c79f3-6b44-441e-aa82-77989f003f65,127,['1c4bfeef-36f5-4a64-bc37-d6cc045ff2fc']
a9fdefc6-899b-443b-90a6-9f7677754661,106,['cfd94ce7-54a6-4f00-aa80-4006a7e6e45a']
9dc04195-246a-4cfb-8e59-9d3363f19eb2,109,['45e1d397-fa2a-48dd-83c9-be48d450176e']
d27fd4ef-99fe-45d8-aa65-df711ba68087,111,['0e797e85-c50c-432d-9282-c137895010e6']
c43a1453-5f56-4e01-ba68-b88d8077d677,131,['ceb29bc7-4d99-47ad-b1f1-7958d4178df4']
00169386-2a20-4b4d-a3d7-9a92550cfacb,126,['43594558-87d6-46c0-984b-8725a3159ed2']
4a28b9f8-eb7a-4f30-90c1-c2799e653f42,125,['b15e3194-ded2-4cdb-b90c-71915a0be9e8']
1c7c79f3-6b44-441e-aa82-77989f003f65,128,['ed6aee88-fa26-40f8-ab00-e88a0e465bcd']
2ea8692c-4d6b-43a0-ba97-0267768eb856,112,['1525cb78-b282-430d-91a0-932b62908f7c']
9dc04195-246a-4cfb-8e59-9d3363f19eb2,110,['03be6140-2de1-42a8-befd-39b3d72c94b4']
a9fdefc6-899b-443b-90a6-9f7677754661,107,['7530fcf0-56df-47d4-a4bd-61012d062de0']
d27fd4ef-99fe-45d8-aa65-df711ba68087,112,['a71fced3-ec54-4697-bc19-95fe55fa80de']
c43a1453-5f56-4e01-ba68-b88d8077d677,132,['f60be8b5-3e89-407e-8243-236db422f8aa']
4a28b9f8-eb7a-4f30-90c1-c2799e653f42,126,['5e1359e8-80c7-4e90-8dab-9860c705cec2']
00169386-2a20-4b4d-a3d7-9a92550cfacb,127,['15d146e8-0cac-4cd2-a2fb-47394b90cac5']
1c7c79f3-6b44-441e-aa82-77989f003f65,129,['12e1c8d7-1845-40d6-acd1-88b5c2df54bc']
2ea8692c-4d6b-43a0-ba97-0267768eb856,113,['797fe50d-5740-4d3c-9787-c4d6176fe3f6']
9dc04195-246a-4cfb-8e59-9d3363f19eb2,111,['fc720fc0-f975-448e-9639-ed7896cb479a']
a9fdefc6-899b-443b-90a6-9f7677754661,108,['faf1e807-0488-4bcb-a991-832e1cafb2d6']
4a28b9f8-eb7a-4f30-90c1-c2799e653f42,127,['3afd4ba9-1357-4ac1-b95a-818520d07fe2']
c43a1453-5f56-4e01-ba68-b88d8077d677,133,['2785dc1e-15c0-4f15-9544-907512516c51']
d27fd4ef-99fe-45d8-aa65-df711ba68087,113,['72fbd881-a34d-4979-b922-854463cc08e5']
00169386-2a20-4b4d-a3d7-9a92550cfacb,128,['8ac88aab-16ba-40ff-9161-de7c6d18d769']
1c7c79f3-6b44-441e-aa82-77989f003f65,130,['de285116-2359-4217-893f-69190ed63f1c']
2ea8692c-4d6b-43a0-ba97-0267768eb856,114,['55c980c7-6dd1-44de-ae9e-05f422085bd0']
9dc04195-246a-4cfb-8e59-9d3363f19eb2,112,['8909a931-9cc6-4c88-94c1-fecbed7a80e4']
4a28b9f8-eb7a-4f30-90c1-c2799e653f42,128,['a96e62c4-fd4e-403e-841c-bac63f9b6533']
a9fdefc6-899b-443b-90a6-9f7677754661,109,['87f47033-b270-4b69-a16a-800b2e86c658']
c43a1453-5f56-4e01-ba68-b88d8077d677,134,['2d2cd749-044f-479e-8071-b9435e8cd485']
1c7c79f3-6b44-441e-aa82-77989f003f65,131,['75044a75-feef-477b-9dc6-8cc2d6576960']
d27fd4ef-99fe-45d8-aa65-df711ba68087,114,['345a1fe3-e9f2-416e-b5c5-527def6f004d']
00169386-2a20-4b4d-a3d7-9a92550cfacb,129,['273d9476-687c-4dd3-a364-4d6aef55aa40']
2ea8692c-4d6b-43a0-ba97-0267768eb856,115,['826ce785-eac3-4ed9-8d70-d770f2c2090e']
9dc04195-246a-4cfb-8e59-9d3363f19eb2,113,['d0d2bda1-d6d4-49ed-9407-3c7ee7e67ee0']
4a28b9f8-eb7a-4f30-90c1-c2799e653f42,129,['0a442392-7220-4296-8999-80d288ff8ffa']
1c7c79f3-6b44-441e-aa82-77989f003f65,132,['8f2f9c71-c89c-4924-a990-3235ac6d032a']
c43a1453-5f56-4e01-ba68-b88d8077d677,135,['024b4d12-925c-43fd-8e98-6ce3037c1e55']
a9fdefc6-899b-443b-90a6-9f7677754661,110,['ce211a6d-3533-4bc5-8d03-33a0daf6b43e']
00169386-2a20-4b4d-a3d7-9a92550cfacb,130,['ed66962a-dc13-41b5-82ff-7d44fdb78eb0']
d27fd4ef-99fe-45d8-aa65-df711ba68087,115,['cadda105-6e64-4169-bf91-24e751f2b171']
2ea8692c-4d6b-43a0-ba97-0267768eb856,116,['ffd6324b-4f26-44c3-8b64-11a274f421cf']
4a28b9f8-eb7a-4f30-90c1-c2799e653f42,130,['fd1ab84c-8c76-4ac3-916f-53c5cd8ebad4']
9dc04195-246a-4cfb-8e59-9d3363f19eb2,114,['6b889591-f297-4d9f-8348-2ff5ebb80988']
1c7c79f3-6b44-441e-aa82-77989f003f65,133,['157d2858-89cb-47c9-8eb6-61cc466e3de8']
00169386-2a20-4b4d-a3d7-9a92550cfacb,131,['d7cd0478-2a23-42b6-864e-280eed3e86be']
c43a1453-5f56-4e01-ba68-b88d8077d677,136,['5e109bfa-47f1-40f8-b7d5-a427021c0e78']
d27fd4ef-99fe-45d8-aa65-df711ba68087,116,['2d7ca988-19ff-4ba5-b039-940b9d9efc92']
a9fdefc6-899b-443b-90a6-9f7677754661,111,['eccaa2b9-d58d-4dd4-a001-79e9f6d9a8e2']
2ea8692c-4d6b-43a0-ba97-0267768eb856,117,['883a4620-c5b9-4600-99b9-7c0bdfe4d871']
4a28b9f8-eb7a-4f30-90c1-c2799e653f42,131,['4ee6fa57-fdb7-4b4e-99f5-4e6550f394fc']
9dc04195-246a-4cfb-8e59-9d3363f19eb2,115,['c2ef497f-a12a-4bcf-8814-f046ea94f82b']
1c7c79f3-6b44-441e-aa82-77989f003f65,134,['d360b70e-23e5-45dc-83a2-c56782fd8994']
00169386-2a20-4b4d-a3d7-9a92550cfacb,132,['c76dde42-93bd-4729-9dcb-7f57e7e20ad8']
c43a1453-5f56-4e01-ba68-b88d8077d677,137,['aa8b9c1e-4341-421c-969c-71af989a844d']
d27fd4ef-99fe-45d8-aa65-df711ba68087,117,['f333c2bd-11d7-42b1-9b33-e7ca365b5991']
2ea8692c-4d6b-43a0-ba97-0267768eb856,118,['2522d2e3-21a5-466e-92a6-66d9e6057299']
a9fdefc6-899b-443b-90a6-9f7677754661,112,['dc32b95f-e5d4-4fdd-9317-8c642236e83c']
4a28b9f8-eb7a-4f30-90c1-c2799e653f42,132,['21936760-c4fc-455a-bdd1-499e724abe93']
9dc04195-246a-4cfb-8e59-9d3363f19eb2,116,['4d09dfdf-4246-4cc1-97a3-31cce18cfc99']
1c7c79f3-6b44-441e-aa82-77989f003f65,135,['6d33a36c-7bd2-4d21-be1c-4a303cf1f931']
00169386-2a20-4b4d-a3d7-9a92550cfacb,133,['c1e8e3c4-06ad-4108-9611-2e1bea0f13d3']
c43a1453-5f56-4e01-ba68-b88d8077d677,138,['0e25eb5c-7701-4242-afda-b1347cbde60b']
4a28b9f8-eb7a-4f30-90c1-c2799e653f42,133,['944573c5-4c2e-4099-bad4-144e681871d9']
2ea8692c-4d6b-43a0-ba97-0267768eb856,119,['23671b50-a999-4d10-a31a-650946d03cf9']
d27fd4ef-99fe-45d8-aa65-df711ba68087,118,['b62088ea-4b59-4d83-a1c1-04bd7d863f93']
a9fdefc6-899b-443b-90a6-9f7677754661,113,['2ca44ed0-c15d-4cc8-900b-5ece80f29ef1']
1c7c79f3-6b44-441e-aa82-77989f003f65,136,['96d2b1b8-d2de-4318-be3b-f66fa2bbb219']
9dc04195-246a-4cfb-8e59-9d3363f19eb2,117,['82ab27ca-ad54-48d3-bc63-47ec0bf3f63f']
00169386-2a20-4b4d-a3d7-9a92550cfacb,134,['80f6ecf1-22e2-49aa-80b5-8b911f030acf']
c43a1453-5f56-4e01-ba68-b88d8077d677,139,['f0b42797-b3ee-45fb-9eac-a1c83c5797dc']
4a28b9f8-eb7a-4f30-90c1-c2799e653f42,134,['e509a9d0-9624-4f2a-96b5-762c97f7d9d9']
2ea8692c-4d6b-43a0-ba97-0267768eb856,120,['e27655ff-6728-4859-a775-b4ac6d3d1027']
d27fd4ef-99fe-45d8-aa65-df711ba68087,119,['4e0229c6-074c-4fea-8d36-99470a2ba2b1']
1c7c79f3-6b44-441e-aa82-77989f003f65,137,['a6534617-24d3-483e-9374-2039b158610d']
a9fdefc6-899b-443b-90a6-9f7677754661,114,['68f0c8a6-b1cb-4db1-83fe-a37229a83e45']
9dc04195-246a-4cfb-8e59-9d3363f19eb2,118,['e82acc57-379c-464b-a989-3b2a9b54892c']
00169386-2a20-4b4d-a3d7-9a92550cfacb,135,['79cbd347-3444-47e3-9c72-758eb4ecb311']
4a28b9f8-eb7a-4f30-90c1-c2799e653f42,135,['aa60a828-0231-482f-9fca-283f8510d558']
c43a1453-5f56-4e01-ba68-b88d8077d677,140,['324a8ba9-e6a0-4ff6-9253-38de8ef9f47b']
2ea8692c-4d6b-43a0-ba97-0267768eb856,121,['858b1e7a-ece9-4f39-9d02-176f36aa0234']
1c7c79f3-6b44-441e-aa82-77989f003f65,138,['339d78e0-7a46-4f02-a123-76fc057aa041']
d27fd4ef-99fe-45d8-aa65-df711ba68087,120,['f00493ec-63a2-4b0c-937b-7f8ff1debde5']
00169386-2a20-4b4d-a3d7-9a92550cfacb,136,['42464601-9cb8-4d1d-8231-6cada1c0c726']
9dc04195-246a-4cfb-8e59-9d3363f19eb2,119,['ba56c303-08df-445f-9978-3582018777e8']
a9fdefc6-899b-443b-90a6-9f7677754661,115,['73d26640-d177-46a3-a1ef-8d306a4638b8']
4a28b9f8-eb7a-4f30-90c1-c2799e653f42,136,['0db70f5e-a3d3-4afc-bf3b-16cdc6ab62d0']
c43a1453-5f56-4e01-ba68-b88d8077d677,141,['a94737ad-438d-4afe-8ed7-337dee328a18']
2ea8692c-4d6b-43a0-ba97-0267768eb856,122,['000ceb70-4f41-4449-bc72-cd3015f5cb7c']
1c7c79f3-6b44-441e-aa82-77989f003f65,139,['4ec1b299-1a77-4c14-b0c5-9c23087c1110']
d27fd4ef-99fe-45d8-aa65-df711ba68087,121,['df7c325d-ffb9-4a14-b9f0-7631e66608d4']
00169386-2a20-4b4d-a3d7-9a92550cfacb,137,['394a2305-560d-4fc0-b890-5023870c1327']
9dc04195-246a-4cfb-8e59-9d3363f19eb2,120,['a0d67ab6-1b34-4ebf-99af-d5982e3c105d']
4a28b9f8-eb7a-4f30-90c1-c2799e653f42,137,['4fd2f2f3-6015-40c4-ba62-0f3844320ea2']
a9fdefc6-899b-443b-90a6-9f7677754661,116,['4c435008-fb66-4f4b-a72a-d0691cfb6230']
c43a1453-5f56-4e01-ba68-b88d8077d677,142,['a79238b6-23d1-4ea9-bf3a-4b4bb797a009']
2ea8692c-4d6b-43a0-ba97-0267768eb856,123,['5515b2f3-d040-4d99-afed-27e03b8c6979']
1c7c79f3-6b44-441e-aa82-77989f003f65,140,['cf1f8b85-502c-41d3-817b-fbdc84b46b64']
00169386-2a20-4b4d-a3d7-9a92550cfacb,138,['e90d4315-c3a7-4d13-a7c8-341bbdf9d137']
d27fd4ef-99fe-45d8-aa65-df711ba68087,122,['62a3b3b4-c5c6-4e40-a4e0-a2aaa118d2c9']
9dc04195-246a-4cfb-8e59-9d3363f19eb2,121,['7da58629-ae0b-4826-b80e-34b3014b8b29']
4a28b9f8-eb7a-4f30-90c1-c2799e653f42,138,['6938b107-896f-4f4f-8819-43e2c86379b7']
c43a1453-5f56-4e01-ba68-b88d8077d677,143,['c00df41b-3ba8-41d7-95fa-ad4dd256af95']
a9fdefc6-899b-443b-90a6-9f7677754661,117,['963bf5f6-1bcf-4b00-8809-c426f95a225c']
2ea8692c-4d6b-43a0-ba97-0267768eb856,124,['42340d64-d0fe-42c5-8b0e-eac1dd35618b']
1c7c79f3-6b44-441e-aa82-77989f003f65,141,['ab0e9e31-41c8-4dfb-9974-2ba7b809f438']
1c7c79f3-6b44-441e-aa82-77989f003f65,142,['61bc226a-2f5c-4541-8503-c8a416295b35']
00169386-2a20-4b4d-a3d7-9a92550cfacb,139,['718917b0-b56f-4fb7-96a3-66a08e1abf0c']
4a28b9f8-eb7a-4f30-90c1-c2799e653f42,139,['45bac78e-6d4f-474b-a732-b0b80c9773d7']
9dc04195-246a-4cfb-8e59-9d3363f19eb2,122,['53c8c557-669c-4aae-89c6-70732942bb40']
d27fd4ef-99fe-45d8-aa65-df711ba68087,123,['eee3232f-dae7-4a70-bd48-e3a48e7b172b']
c43a1453-5f56-4e01-ba68-b88d8077d677,144,['8b88b05f-ca84-4971-9658-bad81248b8d9']
2ea8692c-4d6b-43a0-ba97-0267768eb856,125,['31486956-2446-412e-a93a-c66d6ac4e3df']
a9fdefc6-899b-443b-90a6-9f7677754661,118,['59f31402-09ac-4e67-8e36-7829439796ed']
1c7c79f3-6b44-441e-aa82-77989f003f65,143,['4135f51e-0f63-40fe-a23e-c996c5fdec98']
00169386-2a20-4b4d-a3d7-9a92550cfacb,140,['435e82de-f5c2-4ae5-8a23-a4393fbd9465']
4a28b9f8-eb7a-4f30-90c1-c2799e653f42,140,['b14a7d30-8b92-4c4d-9bfd-1f795e9f74b0']
9dc04195-246a-4cfb-8e59-9d3363f19eb2,123,['0a744c46-eb1a-4f9c-89f9-9c3cf5c07d71']
d27fd4ef-99fe-45d8-aa65-df711ba68087,124,['9bba4429-4c4a-4987-8191-2c116db7a260']
c43a1453-5f56-4e01-ba68-b88d8077d677,145,['26ccdbf8-f0a9-4a04-a40e-f76837fbd1f8']
2ea8692c-4d6b-43a0-ba97-0267768eb856,126,['8cadf30a-bf1d-43b5-bae8-fe4569ed50b3']
a9fdefc6-899b-443b-90a6-9f7677754661,119,['9dda0173-6e0f-4331-a9a8-2faca549a137']
1c7c79f3-6b44-441e-aa82-77989f003f65,144,['ea8c5223-7fee-427a-9119-d215b22ba567']
00169386-2a20-4b4d-a3d7-9a92550cfacb,141,['cbe3d74f-27a9-448b-91a1-cffb541bf1ee']
4a28b9f8-eb7a-4f30-90c1-c2799e653f42,141,['91db77a1-cb8c-4986-9e87-a6545a014b34']
9dc04195-246a-4cfb-8e59-9d3363f19eb2,124,['2728334a-e8be-4c05-8921-be300fdce880']
d27fd4ef-99fe-45d8-aa65-df711ba68087,125,['a030ea7e-721f-4b18-8f77-80abc811f0ed']
c43a1453-5f56-4e01-ba68-b88d8077d677,146,['b8d8f83e-0df1-441d-91a0-bbf09b6508e0']
2ea8692c-4d6b-43a0-ba97-0267768eb856,127,['e1cee834-94d9-4e3f-9103-c9b0f9c3ea88']
1c7c79f3-6b44-441e-aa82-77989f003f65,145,['8eca6a6f-d1ec-4d58-aed3-a0192cabdec6']
a9fdefc6-899b-443b-90a6-9f7677754661,120,['e495c5f0-37dc-47e7-8f4e-93eeea379d22']
00169386-2a20-4b4d-a3d7-9a92550cfacb,142,['4256fb7a-7940-432d-84b4-a6a468014033']
9dc04195-246a-4cfb-8e59-9d3363f19eb2,125,['0fc80dcd-ab75-45a4-a994-0ef476f4e0f4']
4a28b9f8-eb7a-4f30-90c1-c2799e653f42,142,['939ae485-9361-4ef0-8166-2fd20104bd4b']
d27fd4ef-99fe-45d8-aa65-df711ba68087,126,['b8bee541-6ab0-43c2-9baa-880af73c94ff']
c43a1453-5f56-4e01-ba68-b88d8077d677,147,['9acb3c23-0db7-403a-b6dd-e10b1e2d9562']
2ea8692c-4d6b-43a0-ba97-0267768eb856,128,['81a85a96-4567-4d01-ba16-fa35729b2f83']
1c7c79f3-6b44-441e-aa82-77989f003f65,146,['73761de7-12ce-4d6f-81f0-31567c72aaa7']
00169386-2a20-4b4d-a3d7-9a92550cfacb,143,['f2c45b0f-6937-468f-822b-bb7923f643d5']
a9fdefc6-899b-443b-90a6-9f7677754661,121,['d0499d46-f050-4e55-89b3-8886b2e4ddf5']
9dc04195-246a-4cfb-8e59-9d3363f19eb2,126,['29621203-b75c-4534-913b-ca62947a3cd1']
d27fd4ef-99fe-45d8-aa65-df711ba68087,127,['52c5d7e0-4048-4933-b213-f0097fb9a71d']
4a28b9f8-eb7a-4f30-90c1-c2799e653f42,143,['415d60a0-844e-4629-9597-2472a8553166']
c43a1453-5f56-4e01-ba68-b88d8077d677,148,['9126fd58-e878-44b8-a94a-26864c218b6b']
2ea8692c-4d6b-43a0-ba97-0267768eb856,129,['6f15ae49-32ad-4898-96e1-9523c65cf8e2']
1c7c79f3-6b44-441e-aa82-77989f003f65,147,['140ce829-6313-40c0-bf5d-8602a66540cd']
00169386-2a20-4b4d-a3d7-9a92550cfacb,144,['124ceec7-83db-411f-be74-ad04e34d6cee']
a9fdefc6-899b-443b-90a6-9f7677754661,122,['24f9f709-bc8f-437a-97bf-f094c5b6859a']
9dc04195-246a-4cfb-8e59-9d3363f19eb2,127,['eded9c0b-9205-4c20-806a-3d6139a5ad5e']
d27fd4ef-99fe-45d8-aa65-df711ba68087,128,['30cab150-5330-4260-9cbb-b1cb5b270be9']
4a28b9f8-eb7a-4f30-90c1-c2799e653f42,144,['e0a53108-824f-48ed-b783-bcb3b0ffbc3c']
c43a1453-5f56-4e01-ba68-b88d8077d677,149,['c72b3635-10fa-4006-a950-bbddb3027197']
2ea8692c-4d6b-43a0-ba97-0267768eb856,130,['d347e656-aabf-4e13-a5fa-cad75e7b379d']
1c7c79f3-6b44-441e-aa82-77989f003f65,148,['68806410-5a3e-491d-8b64-7fd0f2d0ddf4']
00169386-2a20-4b4d-a3d7-9a92550cfacb,145,['b7fdd139-b32e-4987-9682-efc52cfed775']
a9fdefc6-899b-443b-90a6-9f7677754661,123,['40a499c3-5593-46c2-aa10-d4090b6b9030']
9dc04195-246a-4cfb-8e59-9d3363f19eb2,128,['260d45c7-c8fd-42a4-ab50-89de212de4e3']
d27fd4ef-99fe-45d8-aa65-df711ba68087,129,['f3ed3b11-5b73-4c92-b369-7359a2fa95cb']
c43a1453-5f56-4e01-ba68-b88d8077d677,150,['e2ebcd71-c419-4a6b-ad29-478655ceeb07']
4a28b9f8-eb7a-4f30-90c1-c2799e653f42,145,['8e62d4a9-8c0e-4117-b8a2-e52a6cbc9fab']
2ea8692c-4d6b-43a0-ba97-0267768eb856,131,['31190a1b-a7c4-4a0a-9dcd-4310034248f3']
1c7c79f3-6b44-441e-aa82-77989f003f65,149,['9a82d642-90d2-4c2d-8882-2c8cbfcf1ed6']
00169386-2a20-4b4d-a3d7-9a92550cfacb,146,['6dfa6231-2fbb-473d-857c-b2835832c7a0']
a9fdefc6-899b-443b-90a6-9f7677754661,124,['6a033e39-ba5b-45ad-9d12-324e7571d41c']
9dc04195-246a-4cfb-8e59-9d3363f19eb2,129,['c277c58f-a710-4e7a-8ec1-72693bbb779e']
d27fd4ef-99fe-45d8-aa65-df711ba68087,130,['88475b8b-b68e-4910-bc9a-eadef75e84cc']
4a28b9f8-eb7a-4f30-90c1-c2799e653f42,146,['f55dc720-81a8-449e-9b1f-e1a869b247a8']
2ea8692c-4d6b-43a0-ba97-0267768eb856,132,['c6497012-7f54-4e3a-bbe7-04dd7f7c7e45']
1c7c79f3-6b44-441e-aa82-77989f003f65,150,['efac48f5-d23c-40fb-a690-b412361fa0ac']
00169386-2a20-4b4d-a3d7-9a92550cfacb,147,['4e3f3fba-e69c-465d-88de-2eb216ae28e2']
9dc04195-246a-4cfb-8e59-9d3363f19eb2,130,['b0f82175-69b8-434c-a449-c34ab1f57d3e']
a9fdefc6-899b-443b-90a6-9f7677754661,125,['e29e1437-7ae1-46d4-b617-7a8d568ff20d']
d27fd4ef-99fe-45d8-aa65-df711ba68087,131,['317947e5-e1ea-4b41-a049-8a6444337d90']
4a28b9f8-eb7a-4f30-90c1-c2799e653f42,147,['2d7c57cb-d644-419a-b3c3-e0c1d34dc78c']
2ea8692c-4d6b-43a0-ba97-0267768eb856,133,['5ae9b48c-c40d-4a1a-a27e-36560f68b224']
00169386-2a20-4b4d-a3d7-9a92550cfacb,148,['a2e0b083-2cc1-4971-bf80-4224ff851eee']
9dc04195-246a-4cfb-8e59-9d3363f19eb2,131,['6bbe491c-1ceb-4639-a754-be40934c45e5']
a9fdefc6-899b-443b-90a6-9f7677754661,126,['94953004-d4a4-4827-b569-04589a7ab995']
d27fd4ef-99fe-45d8-aa65-df711ba68087,132,['a4a42056-1dfb-4ee8-9c6b-8c78649cf8f2']
4a28b9f8-eb7a-4f30-90c1-c2799e653f42,148,['9dcd23f7-05fb-4c9f-a292-5549e5b96dd0']
2ea8692c-4d6b-43a0-ba97-0267768eb856,134,['9e32e519-cf16-4d8e-a042-c56ca7393ff7']
00169386-2a20-4b4d-a3d7-9a92550cfacb,149,['bb32d555-59ac-4281-8087-dbc89d7bac2f']
9dc04195-246a-4cfb-8e59-9d3363f19eb2,132,['4bc711bc-c38a-4b1d-afa4-4ca455610ef6']
a9fdefc6-899b-443b-90a6-9f7677754661,127,['280f945a-a4be-4233-86ea-8133344de57f']
d27fd4ef-99fe-45d8-aa65-df711ba68087,133,['dd87876f-ca14-40fe-99c1-84e020ca0ce2']
4a28b9f8-eb7a-4f30-90c1-c2799e653f42,149,['69a92d90-b036-45fb-81d5-6a41459f0c5d']
2ea8692c-4d6b-43a0-ba97-0267768eb856,135,['da2bdc07-696d-4493-ab40-6b82bdae1f69']
00169386-2a20-4b4d-a3d7-9a92550cfacb,150,['25875141-4cd8-42bb-bf29-955bda441931']
9dc04195-246a-4cfb-8e59-9d3363f19eb2,133,['8c48138b-21bb-43d3-a634-39a74b0138e8']
d27fd4ef-99fe-45d8-aa65-df711ba68087,134,['53811a51-b592-452c-9c03-2fb4a6285b33']
a9fdefc6-899b-443b-90a6-9f7677754661,128,['06140a37-5741-4f60-a208-adffd1b15f16']
4a28b9f8-eb7a-4f30-90c1-c2799e653f42,150,['5889dece-0486-4dfd-ae29-ee1c3690c8cd']
2ea8692c-4d6b-43a0-ba97-0267768eb856,136,['f4c49984-d85d-460d-b215-ac9473072bb3']
9dc04195-246a-4cfb-8e59-9d3363f19eb2,134,['f671af8b-8b0a-4dd1-acd5-e0d89a948887']
2ea8692c-4d6b-43a0-ba97-0267768eb856,137,['8ddeee5b-7808-4104-9bb1-907911803928']
d27fd4ef-99fe-45d8-aa65-df711ba68087,135,['ee079183-20c6-4c32-a1ba-de8c1ba9db81']
a9fdefc6-899b-443b-90a6-9f7677754661,129,['acfe16e8-9d9a-4997-babb-99f0c0ba02f1']
9dc04195-246a-4cfb-8e59-9d3363f19eb2,135,['f22a4192-7d91-4c65-91d5-732241f9d5a9']
2ea8692c-4d6b-43a0-ba97-0267768eb856,138,['4e0dd6c1-6d45-46f0-9b5d-ca7b5f136051']
d27fd4ef-99fe-45d8-aa65-df711ba68087,136,['9ad6b7f3-c54d-4023-8e37-09bd17bc3673']
a9fdefc6-899b-443b-90a6-9f7677754661,130,['8075a991-7d66-4cc3-be9c-64a29b23dd62']
2ea8692c-4d6b-43a0-ba97-0267768eb856,139,['2d842c0e-9590-43be-960d-10a054ced609']
9dc04195-246a-4cfb-8e59-9d3363f19eb2,136,['ed8cfe0e-d562-4069-9032-6d9cee1fca4e']
d27fd4ef-99fe-45d8-aa65-df711ba68087,137,['b0d03331-669d-497e-bb9a-43f5a0bfd872']
a9fdefc6-899b-443b-90a6-9f7677754661,131,['bef63735-d4a5-4fc1-810a-04ed11a15e9a']
2ea8692c-4d6b-43a0-ba97-0267768eb856,140,['d4411499-271b-4fab-a023-1fe7570e0ba6']
9dc04195-246a-4cfb-8e59-9d3363f19eb2,137,['6bb56edd-9668-4bdb-bbe9-6b81edc07951']
d27fd4ef-99fe-45d8-aa65-df711ba68087,138,['5d7b9683-979d-4944-a548-0b03bd1b42a0']
a9fdefc6-899b-443b-90a6-9f7677754661,132,['262402ca-7705-4569-aaa5-a570d19303d1']
2ea8692c-4d6b-43a0-ba97-0267768eb856,141,['aa7b809c-192e-4845-8411-3b8b774dd456']
d27fd4ef-99fe-45d8-aa65-df711ba68087,139,['020f80f8-30c3-429d-8a81-ad9a70215d0e']
9dc04195-246a-4cfb-8e59-9d3363f19eb2,138,['f953abbe-dd70-4ac0-9835-59cf13b1c6a4']
a9fdefc6-899b-443b-90a6-9f7677754661,133,['2839aa7d-28a8-4d26-a021-372473cbe97b']
2ea8692c-4d6b-43a0-ba97-0267768eb856,142,['a5704358-e332-43b1-ad36-3e8b946213e5']
d27fd4ef-99fe-45d8-aa65-df711ba68087,140,['4902728c-0b13-44d8-bdb4-aba13113db97']
9dc04195-246a-4cfb-8e59-9d3363f19eb2,139,['b7bfbe94-032e-4fe3-88ae-e6820b5dd400']
a9fdefc6-899b-443b-90a6-9f7677754661,134,['0c835b69-ab39-465a-91ee-50d72f3c45ad']
2ea8692c-4d6b-43a0-ba97-0267768eb856,143,['36e24729-888f-4477-b8a0-a061cbb49c94']
d27fd4ef-99fe-45d8-aa65-df711ba68087,141,['bd7d605e-b039-4a79-b8b5-093e1d16f69a']
9dc04195-246a-4cfb-8e59-9d3363f19eb2,140,['d13b695e-dc8f-4ebc-b687-189cb0d1933f']
a9fdefc6-899b-443b-90a6-9f7677754661,135,['8df70390-341e-4cdd-ad93-4bb62ad98f66']
2ea8692c-4d6b-43a0-ba97-0267768eb856,144,['1141c255-bf6f-4123-9d3f-4e101e86e9dc']
d27fd4ef-99fe-45d8-aa65-df711ba68087,142,['676d2171-f573-4d67-bdba-b99af17abee8']
9dc04195-246a-4cfb-8e59-9d3363f19eb2,141,['f588fef2-671b-4b05-acb5-cb6c2a267caa']
a9fdefc6-899b-443b-90a6-9f7677754661,136,['3dc720fa-dc55-407f-a037-6dca083d2568']
2ea8692c-4d6b-43a0-ba97-0267768eb856,145,['813e7e8b-14ad-4678-acba-5c4f3a29a622']
d27fd4ef-99fe-45d8-aa65-df711ba68087,143,['a94376c1-0089-4bf5-b0e4-f46fa4f22562']
9dc04195-246a-4cfb-8e59-9d3363f19eb2,142,['b77b0d13-e942-400a-80c8-9a5e6da080d2']
2ea8692c-4d6b-43a0-ba97-0267768eb856,146,['7decdde9-8eab-41f6-87ef-4c7646d05035']
d27fd4ef-99fe-45d8-aa65-df711ba68087,144,['4ac699df-6eee-4b00-a8e4-8dba6cfa2365']
a9fdefc6-899b-443b-90a6-9f7677754661,137,['76a177e9-8e2d-4cda-bb94-548206656b27']
9dc04195-246a-4cfb-8e59-9d3363f19eb2,143,['b039a298-b641-421d-b927-b6a8be477a62']
2ea8692c-4d6b-43a0-ba97-0267768eb856,147,['64b57883-a9ea-46bb-b2f2-5ef4a4711ad8']
d27fd4ef-99fe-45d8-aa65-df711ba68087,145,['01df4cda-cbd6-48da-9c06-7e66ce5d7f55']
a9fdefc6-899b-443b-90a6-9f7677754661,138,['744b3591-64b1-481d-ad37-3312a29c4f9f']
9dc04195-246a-4cfb-8e59-9d3363f19eb2,144,['90e03f0d-713a-4321-9231-7f95024f4ea1']
2ea8692c-4d6b-43a0-ba97-0267768eb856,148,['63638a89-9cc7-46b8-8249-9916a68067f8']
d27fd4ef-99fe-45d8-aa65-df711ba68087,146,['7dfcc47d-8751-4a97-b759-ee7cd5d27f2c']
a9fdefc6-899b-443b-90a6-9f7677754661,139,['651596c9-9f51-4a2d-90c1-a496ebd0bad1']
d27fd4ef-99fe-45d8-aa65-df711ba68087,147,['1b804b8a-2f05-4843-bd9c-2fec6328f7d7']
2ea8692c-4d6b-43a0-ba97-0267768eb856,149,['ec287d7b-08ef-4b2b-83e4-8bb3c6d4ef5b']
9dc04195-246a-4cfb-8e59-9d3363f19eb2,145,['67ddf94b-685c-4f07-a683-0f854ae29436']
a9fdefc6-899b-443b-90a6-9f7677754661,140,['45d31496-1ffa-44e2-a353-c584cd33298b']
d27fd4ef-99fe-45d8-aa65-df711ba68087,148,['bc2799dc-7e63-4ecd-9017-afa3d30ea6d4']
2ea8692c-4d6b-43a0-ba97-0267768eb856,150,['86c34cea-121f-4d98-9c1f-76f308d511fb']
9dc04195-246a-4cfb-8e59-9d3363f19eb2,146,['55651614-f466-4af1-b894-63e34b1eae88']
a9fdefc6-899b-443b-90a6-9f7677754661,141,['0a81f0a8-c5bb-413c-85b9-6a08bbe1f6d3']
d27fd4ef-99fe-45d8-aa65-df711ba68087,149,['b18e4f4e-6153-4fcd-b36a-649ac9a0ac72']
9dc04195-246a-4cfb-8e59-9d3363f19eb2,147,['4fcde8b8-c8f3-4ece-ad3e-9e8af120c1cb']
a9fdefc6-899b-443b-90a6-9f7677754661,142,['7ec19441-9a47-43ab-b29e-8dcbc19ad1ba']
d27fd4ef-99fe-45d8-aa65-df711ba68087,150,['00c09933-109c-44e5-be0b-b5931e1440cb']
9dc04195-246a-4cfb-8e59-9d3363f19eb2,148,['40f043d1-67e1-4821-81b3-f729376287d0']
a9fdefc6-899b-443b-90a6-9f7677754661,143,['538662ff-c4ef-4045-bd8f-deb9f96eb938']
9dc04195-246a-4cfb-8e59-9d3363f19eb2,149,['31c648e0-dcab-4ffa-8ea3-c0cc667949e2']
a9fdefc6-899b-443b-90a6-9f7677754661,144,['70dfe8a0-8bc4-4df5-a65c-c2bed40740f2']
9dc04195-246a-4cfb-8e59-9d3363f19eb2,150,['8e2e7729-92c2-4e93-b8e6-97727ab02c96']
a9fdefc6-899b-443b-90a6-9f7677754661,145,['7efd0250-bba3-423f-a589-3652ddc6ec3a']
a9fdefc6-899b-443b-90a6-9f7677754661,146,['80c00dad-db95-4629-9259-27107ec0cb2d']
a9fdefc6-899b-443b-90a6-9f7677754661,147,['d1003e3f-6908-4eaa-ae2f-338f5468ff40']
a9fdefc6-899b-443b-90a6-9f7677754661,148,['84ba0c7a-f6c0-47fb-8c49-a99a4c6916eb']
a9fdefc6-899b-443b-90a6-9f7677754661,149,['0450ce77-17e0-4c05-a36d-26d911cf2de4']
a9fdefc6-899b-443b-90a6-9f7677754661,150,['a4fcb6f3-739c-4fab-ba27-9cf5d961616a']
3a0d86e7-bb6c-4fd8-8b91-d493827dbdd2,0,['5bccd640-f246-43d8-aeeb-7c10e0929ac8']
3a0d86e7-bb6c-4fd8-8b91-d493827dbdd2,1,['eece37bd-a194-4d21-83ed-e8eb427d8872']
3a0d86e7-bb6c-4fd8-8b91-d493827dbdd2,2,['9510cf8f-2594-4530-93cb-98dad26afb5f']
3a0d86e7-bb6c-4fd8-8b91-d493827dbdd2,3,['5ac87236-c70d-4a07-a84c-2b3198052a3f']
3a0d86e7-bb6c-4fd8-8b91-d493827dbdd2,4,['fb31129c-ecfe-457e-8e2b-c2d6fc38afba']
3a0d86e7-bb6c-4fd8-8b91-d493827dbdd2,5,['e113d547-4fe8-47e6-aae2-b291a9d1c587']
3a0d86e7-bb6c-4fd8-8b91-d493827dbdd2,6,['7298e862-169c-4a4b-bf18-a8b42b1221f8']
3a0d86e7-bb6c-4fd8-8b91-d493827dbdd2,7,['1a706ddb-773a-4dc6-9e75-79a2e663e500']
3a0d86e7-bb6c-4fd8-8b91-d493827dbdd2,8,['1df6191d-a84a-446b-90bc-8392cf33b32b']
3a0d86e7-bb6c-4fd8-8b91-d493827dbdd2,9,['3b1bb27b-04e8-4f48-8ba7-2665d684b952']
3a0d86e7-bb6c-4fd8-8b91-d493827dbdd2,10,['7274bf9a-f65f-4410-8dd4-f7f72b57b3e5']
3a0d86e7-bb6c-4fd8-8b91-d493827dbdd2,11,['4b5333ac-124c-421e-ba3e-d13c879f917f']
3a0d86e7-bb6c-4fd8-8b91-d493827dbdd2,12,['e43867da-eb70-42b9-ab5a-efd596e70dd5']
3a0d86e7-bb6c-4fd8-8b91-d493827dbdd2,13,['72dcc530-fc92-4804-af82-2a45c95a0e66']
3a0d86e7-bb6c-4fd8-8b91-d493827dbdd2,14,['6bbfbd51-d855-4f26-81fc-d9659e65e3b7']
3a0d86e7-bb6c-4fd8-8b91-d493827dbdd2,15,['d2f4522d-a950-4a31-a987-5b4abff3f342']
3a0d86e7-bb6c-4fd8-8b91-d493827dbdd2,16,['0ca90b50-44de-4323-8d28-f3f58f48a82a']
3a0d86e7-bb6c-4fd8-8b91-d493827dbdd2,17,['d4bd6e75-b6ce-4221-8ed3-1ad07e96f08a']
3a0d86e7-bb6c-4fd8-8b91-d493827dbdd2,18,['5f48eb61-b120-431f-934f-9cf64df06f8e']
3a0d86e7-bb6c-4fd8-8b91-d493827dbdd2,19,['b1116736-9958-4b5b-a2b9-98bd5fe68e1c']
3a0d86e7-bb6c-4fd8-8b91-d493827dbdd2,20,['343e040b-721c-4b94-b890-ba6b707a7368']
3a0d86e7-bb6c-4fd8-8b91-d493827dbdd2,21,['8cda6db2-5470-4312-af45-055086dc5a4e']
3a0d86e7-bb6c-4fd8-8b91-d493827dbdd2,22,['f9d2eaa6-9271-4b01-ad3c-de37b8709462']
3a0d86e7-bb6c-4fd8-8b91-d493827dbdd2,23,['6c7c04b6-fae0-4b60-b0f3-c2e8f424cee3']
3a0d86e7-bb6c-4fd8-8b91-d493827dbdd2,24,['0e45609a-ec47-4b64-bf09-48ca552e2653']
3a0d86e7-bb6c-4fd8-8b91-d493827dbdd2,25,['d35c9bfc-3341-47fa-b727-a464fcb6dc45']
3a0d86e7-bb6c-4fd8-8b91-d493827dbdd2,26,['222e6b1f-146b-47bf-8031-314e8fd75780']
3a0d86e7-bb6c-4fd8-8b91-d493827dbdd2,27,['adebb16e-ca10-457a-9c58-47557b84465f']
3a0d86e7-bb6c-4fd8-8b91-d493827dbdd2,28,['acfdcbf5-029a-404d-bb0d-22733685061a']
3a0d86e7-bb6c-4fd8-8b91-d493827dbdd2,29,['035ffeb9-0768-4c2b-ac82-00a23258a142']
3a0d86e7-bb6c-4fd8-8b91-d493827dbdd2,30,['719f4486-77bc-4772-995c-5454936a285c']
3a0d86e7-bb6c-4fd8-8b91-d493827dbdd2,31,['007bf219-9a14-4648-b2ac-a0d703400ebf']
3a0d86e7-bb6c-4fd8-8b91-d493827dbdd2,32,['2e30298f-1ffc-4fc2-a987-d8e501ad4731']
3a0d86e7-bb6c-4fd8-8b91-d493827dbdd2,33,['5e87762a-fae1-4c64-8500-a8fedb5908ad']
3a0d86e7-bb6c-4fd8-8b91-d493827dbdd2,34,['f00b5dda-96b0-4e94-adfd-0f0af2b46b89']
3a0d86e7-bb6c-4fd8-8b91-d493827dbdd2,35,['857b6513-1ed2-47e4-b1b7-b13e75cd1e2b']
3a0d86e7-bb6c-4fd8-8b91-d493827dbdd2,36,['6d2006ee-a8af-4e59-83dd-0a1d644f12e9']
3a0d86e7-bb6c-4fd8-8b91-d493827dbdd2,37,['9c20891b-3f4a-4766-9e70-b9116d64275e']
3a0d86e7-bb6c-4fd8-8b91-d493827dbdd2,38,['46e9febf-c285-4cc4-b60e-049d607c1b86']
3a0d86e7-bb6c-4fd8-8b91-d493827dbdd2,39,['f60c13ac-c780-46b3-8b74-b9c129dac3f2']
3a0d86e7-bb6c-4fd8-8b91-d493827dbdd2,40,['ef8665b2-b2ce-49b2-90ea-1b33cc0c9bdf']
3a0d86e7-bb6c-4fd8-8b91-d493827dbdd2,41,['f2f9489b-a779-456d-9bfb-4575629bc596']
3a0d86e7-bb6c-4fd8-8b91-d493827dbdd2,42,['991bc0af-703b-49c0-81dc-27c4c97b4eea']
3a0d86e7-bb6c-4fd8-8b91-d493827dbdd2,43,['c0c8058c-e7bf-49b2-9a81-273ad941d085']
3a0d86e7-bb6c-4fd8-8b91-d493827dbdd2,44,['32149d99-6d0e-4ea7-955b-baadabb5fbda']
3a0d86e7-bb6c-4fd8-8b91-d493827dbdd2,45,['f977618a-e05a-4b1d-8be0-bc340a593cc6']
3a0d86e7-bb6c-4fd8-8b91-d493827dbdd2,46,['60579c8e-8888-49ab-88fa-f7dda0c344ac']
3a0d86e7-bb6c-4fd8-8b91-d493827dbdd2,47,['387bf18b-e95a-4d67-aeab-e3685b226048']
3a0d86e7-bb6c-4fd8-8b91-d493827dbdd2,48,['241cc75c-5066-4af5-94dd-909ff79e7878']
3a0d86e7-bb6c-4fd8-8b91-d493827dbdd2,49,['50433e29-0c3d-4572-9a04-6ec88136affe']
3a0d86e7-bb6c-4fd8-8b91-d493827dbdd2,50,['cf97bd35-bdf9-4856-ab69-9f534861ecfd']
3a0d86e7-bb6c-4fd8-8b91-d493827dbdd2,51,['a0198480-3f3d-482a-b9f8-faff4bc68626']
3a0d86e7-bb6c-4fd8-8b91-d493827dbdd2,52,['170f5e68-4aa3-4a0b-a33d-8f474acb2e44']
3a0d86e7-bb6c-4fd8-8b91-d493827dbdd2,53,['8d739383-22e1-43bf-ba13-595e7e9c82d3']
3a0d86e7-bb6c-4fd8-8b91-d493827dbdd2,54,['f1701d83-4a24-46fa-bf58-329b02ed9321']
3a0d86e7-bb6c-4fd8-8b91-d493827dbdd2,55,['63b44a8f-d0c8-407c-bc17-e0f82aa2b1ea']
3a0d86e7-bb6c-4fd8-8b91-d493827dbdd2,56,['0c713525-c76f-40dd-9c17-8f04a3f50cff']
3a0d86e7-bb6c-4fd8-8b91-d493827dbdd2,57,['2e5a4c1e-4e70-485f-92f4-b7c615bd48c2']
3a0d86e7-bb6c-4fd8-8b91-d493827dbdd2,58,['7200fb0a-c483-4782-9baa-43c2b30597ef']
3a0d86e7-bb6c-4fd8-8b91-d493827dbdd2,59,['97c4ce92-fb85-4a05-bb97-7f56311059de']
3a0d86e7-bb6c-4fd8-8b91-d493827dbdd2,60,['58e8d0fe-b63f-4d3d-a585-b11874e0ec23']
3a0d86e7-bb6c-4fd8-8b91-d493827dbdd2,61,['05e2c50f-103d-4fb6-888b-20c9b20cded2']
3a0d86e7-bb6c-4fd8-8b91-d493827dbdd2,62,['06aac121-cddd-42ce-9023-3cb7c51cf114']
3a0d86e7-bb6c-4fd8-8b91-d493827dbdd2,63,['a3b1956b-b434-4aba-81ac-486f571ad9ab']
3a0d86e7-bb6c-4fd8-8b91-d493827dbdd2,64,['10e992f6-4b8a-4f9b-b5e5-77bdf2ff0dea']
3a0d86e7-bb6c-4fd8-8b91-d493827dbdd2,65,['5613c7b7-fbed-4c56-8e50-47f64c1f1cdc']
3a0d86e7-bb6c-4fd8-8b91-d493827dbdd2,66,['646c23af-49d7-45ef-afcb-f515bc903809']
3a0d86e7-bb6c-4fd8-8b91-d493827dbdd2,67,['fb3d5934-3796-4166-996c-e41f80c81370']
3a0d86e7-bb6c-4fd8-8b91-d493827dbdd2,68,['3ada93d6-76c1-42ea-b769-2b1d10f317e4']
3a0d86e7-bb6c-4fd8-8b91-d493827dbdd2,69,['8a7c957b-3dc2-479f-ac40-5209cd62598f']
3a0d86e7-bb6c-4fd8-8b91-d493827dbdd2,70,['f58caa51-3173-4217-8df1-36f37ba9bd2d']
3a0d86e7-bb6c-4fd8-8b91-d493827dbdd2,71,['a27f49d3-2bb7-400f-96a7-992f9ca4cca8']
3a0d86e7-bb6c-4fd8-8b91-d493827dbdd2,72,['87951e14-fe73-451c-80f5-05d8897e2244']
3a0d86e7-bb6c-4fd8-8b91-d493827dbdd2,73,['4a57a93f-1d9a-435e-8826-41cda1521fb7']
3a0d86e7-bb6c-4fd8-8b91-d493827dbdd2,74,['c4473656-c5bd-439a-947d-aeb9dd800daa']
3a0d86e7-bb6c-4fd8-8b91-d493827dbdd2,75,['4c9effe6-1a48-45c8-9478-9ace586723f7']
3a0d86e7-bb6c-4fd8-8b91-d493827dbdd2,76,['1e44af95-9c22-4c55-b557-91dc812c4faa']
3a0d86e7-bb6c-4fd8-8b91-d493827dbdd2,77,['9c9280c8-e170-4912-a275-b9353011f2c2']
3a0d86e7-bb6c-4fd8-8b91-d493827dbdd2,78,['df37ab39-2fa6-4cc2-ab48-e16c35a47770']
3a0d86e7-bb6c-4fd8-8b91-d493827dbdd2,79,['b255ea5c-218c-4f1c-9e4d-560056c93885']
3a0d86e7-bb6c-4fd8-8b91-d493827dbdd2,80,['51b43dff-aa51-4d7b-8f10-ef809d807635']
3a0d86e7-bb6c-4fd8-8b91-d493827dbdd2,81,['2d263d91-dfc2-496a-9f23-03e8a906dce9']
3a0d86e7-bb6c-4fd8-8b91-d493827dbdd2,82,['5c031046-34c6-4987-a532-74b6a4b1941b']
3a0d86e7-bb6c-4fd8-8b91-d493827dbdd2,83,['84b704e4-8228-48f7-9b3d-799db77cd4d7']
3a0d86e7-bb6c-4fd8-8b91-d493827dbdd2,84,['33e27c22-adcb-4e19-8e40-f00100b07c75']
3a0d86e7-bb6c-4fd8-8b91-d493827dbdd2,85,['e353f4b5-e2aa-4af4-aca9-cd8e15fe694d']
3a0d86e7-bb6c-4fd8-8b91-d493827dbdd2,86,['71bb2a63-78e4-4c34-babc-2f675c0ee14a']
3a0d86e7-bb6c-4fd8-8b91-d493827dbdd2,87,['5f7c723e-6090-4e9c-a04d-566e4ec153bf']
3a0d86e7-bb6c-4fd8-8b91-d493827dbdd2,88,['afac2af9-aded-40b0-bc70-ef0a313ed63d']
3a0d86e7-bb6c-4fd8-8b91-d493827dbdd2,89,['6e7610ed-0b33-41a8-bb2b-e524f0bce076']
3a0d86e7-bb6c-4fd8-8b91-d493827dbdd2,90,['51807a4a-d455-4220-be43-01ce88f88d59']
3a0d86e7-bb6c-4fd8-8b91-d493827dbdd2,91,['910a707e-8aa1-4b49-ab2c-91d5cba7357e']
3a0d86e7-bb6c-4fd8-8b91-d493827dbdd2,92,['11cff95a-b682-4fc7-9620-83cb519ef1be']
3a0d86e7-bb6c-4fd8-8b91-d493827dbdd2,93,['f9f353a2-571f-4696-95c6-30dd960f49bb']
3a0d86e7-bb6c-4fd8-8b91-d493827dbdd2,94,['ea78b8ad-aec8-4423-a1c5-e8a1f3561f70']
3a0d86e7-bb6c-4fd8-8b91-d493827dbdd2,95,['6d6c56b5-8ba4-47d0-abaa-4f08a1a8390c']
3a0d86e7-bb6c-4fd8-8b91-d493827dbdd2,96,['670e6071-73ce-4863-a8b1-3f2535d142c2']
3a0d86e7-bb6c-4fd8-8b91-d493827dbdd2,97,['9e3fafdc-24f8-4ae5-a5b8-e508bb5210ce']
3a0d86e7-bb6c-4fd8-8b91-d493827dbdd2,98,['97aadd0f-fc00-488f-87fa-b5c935bd94a3']
3a0d86e7-bb6c-4fd8-8b91-d493827dbdd2,99,['6162403e-07d5-4743-aa06-048cc2b3b105']
3a0d86e7-bb6c-4fd8-8b91-d493827dbdd2,100,['0db58847-8aaf-443c-9d51-3c3b4022cabf']
3a0d86e7-bb6c-4fd8-8b91-d493827dbdd2,101,['32ef9afc-9929-49e9-91ab-d56775d2418c']
3a0d86e7-bb6c-4fd8-8b91-d493827dbdd2,102,['635d39e6-6424-40c6-a08c-e1ec10081a7d']
3a0d86e7-bb6c-4fd8-8b91-d493827dbdd2,103,['a97e9e6b-3a54-4705-981f-3c3d3ef38f94']
3a0d86e7-bb6c-4fd8-8b91-d493827dbdd2,104,['55504cdf-1845-45e3-a612-c7a1786232a4']
3a0d86e7-bb6c-4fd8-8b91-d493827dbdd2,105,['55b91b09-f2da-431b-a79d-88db7cbad56a']
3a0d86e7-bb6c-4fd8-8b91-d493827dbdd2,106,['dcec5127-fe07-42cb-8554-3c9ed34a0690']
3a0d86e7-bb6c-4fd8-8b91-d493827dbdd2,107,['b0182f9d-d617-46f1-a596-99c9ce052e8e']
3a0d86e7-bb6c-4fd8-8b91-d493827dbdd2,108,['d82114e5-19b0-4e31-acc2-cc3894b7f459']
3a0d86e7-bb6c-4fd8-8b91-d493827dbdd2,109,['6059c2bf-1896-4ae7-a98f-516d9f8a552c']
3a0d86e7-bb6c-4fd8-8b91-d493827dbdd2,110,['184014db-7ba0-47c6-beb0-5b27ba7b67f7']
3a0d86e7-bb6c-4fd8-8b91-d493827dbdd2,111,['c98e4b47-ba99-41e8-9cae-69cbbd40ff99']
3a0d86e7-bb6c-4fd8-8b91-d493827dbdd2,112,['e66f47c3-ec25-4cdc-ab98-a1b0c1106e74']
3a0d86e7-bb6c-4fd8-8b91-d493827dbdd2,113,['b1cbca8c-1b33-453d-a3dd-78cac2ab1f33']
3a0d86e7-bb6c-4fd8-8b91-d493827dbdd2,114,['1a651a61-8d52-424a-b96a-b0b7feabfeb7']
3a0d86e7-bb6c-4fd8-8b91-d493827dbdd2,115,['aefe08a8-dcda-40c5-8ddc-53c65a4a8942']
3a0d86e7-bb6c-4fd8-8b91-d493827dbdd2,116,['bd991fd0-2833-448f-bff9-c1bf7ff51951']
3a0d86e7-bb6c-4fd8-8b91-d493827dbdd2,117,['51d10432-808a-4afd-8750-d1fea7da6f97']
3a0d86e7-bb6c-4fd8-8b91-d493827dbdd2,118,['ffc10618-fc56-432f-9eb5-4451e251ced8']
3a0d86e7-bb6c-4fd8-8b91-d493827dbdd2,119,['e81b40d4-a5c8-44b0-88c3-1868972d5a48']
3a0d86e7-bb6c-4fd8-8b91-d493827dbdd2,120,['5f7cde70-e8c6-46b4-8219-d7aceff1a5c1']
3a0d86e7-bb6c-4fd8-8b91-d493827dbdd2,121,['deed81c0-74c0-4aee-87cc-c78aa277b5b3']
3a0d86e7-bb6c-4fd8-8b91-d493827dbdd2,122,['12868c03-b513-4231-8ad5-5d2d9f0bbb2e']
3a0d86e7-bb6c-4fd8-8b91-d493827dbdd2,123,['e4f50cd0-3341-4948-8477-a87fd3f1e48d']
3a0d86e7-bb6c-4fd8-8b91-d493827dbdd2,124,['d8b9cf93-9149-4598-a8dd-aac79c590348']
3a0d86e7-bb6c-4fd8-8b91-d493827dbdd2,125,['a4b36ed6-e3be-49c8-a201-4ef8bc99f36c']
3a0d86e7-bb6c-4fd8-8b91-d493827dbdd2,126,['82076ae8-3d26-4344-910d-a224a7822e50']
3a0d86e7-bb6c-4fd8-8b91-d493827dbdd2,127,['47291a30-e435-4b73-9eae-cd005df81f85']
3a0d86e7-bb6c-4fd8-8b91-d493827dbdd2,128,['b2ddb233-6ac7-4b12-9e1d-34b994e33f90']
3a0d86e7-bb6c-4fd8-8b91-d493827dbdd2,129,['1c905836-0abd-4c26-9949-61ee0b5b6841']
3a0d86e7-bb6c-4fd8-8b91-d493827dbdd2,130,['cd7abba7-c73d-410b-9619-995e52bac53b']
3a0d86e7-bb6c-4fd8-8b91-d493827dbdd2,131,['4928591a-9790-4272-b2e4-01638d3d1d7e']
3a0d86e7-bb6c-4fd8-8b91-d493827dbdd2,132,['0ac978a5-972f-49d4-aa55-889088c14e4b']
3a0d86e7-bb6c-4fd8-8b91-d493827dbdd2,133,['d44fa025-6352-4544-bc51-ebda18837c32']
3a0d86e7-bb6c-4fd8-8b91-d493827dbdd2,134,['9981564d-05db-466b-a809-d840a99de7ce']
3a0d86e7-bb6c-4fd8-8b91-d493827dbdd2,135,['49de6c3a-5a04-498d-9385-ac82f8151c3c']
3a0d86e7-bb6c-4fd8-8b91-d493827dbdd2,136,['51def55e-b3f3-461d-aa3a-d098cbcecbc7']
3a0d86e7-bb6c-4fd8-8b91-d493827dbdd2,137,['b8443e2d-1ff7-4f15-ae68-b207de8ad99b']
3a0d86e7-bb6c-4fd8-8b91-d493827dbdd2,138,['5a7cda31-c4cd-4d5a-ab2d-d3bd7ccba1c5']
3a0d86e7-bb6c-4fd8-8b91-d493827dbdd2,139,['f9d1fa43-3f43-44ef-a716-9bfde7640711']
3a0d86e7-bb6c-4fd8-8b91-d493827dbdd2,140,['6cd4bd78-bf00-423c-a764-8ac8a92219f6']
3a0d86e7-bb6c-4fd8-8b91-d493827dbdd2,141,['4a077753-4e0f-47a7-ab72-375ae15f3cde']
3a0d86e7-bb6c-4fd8-8b91-d493827dbdd2,142,['5f4515d9-c38f-48bc-8440-aad69a6225ba']
3a0d86e7-bb6c-4fd8-8b91-d493827dbdd2,143,['85f20ce9-a61a-45b8-8892-c17325149eac']
3a0d86e7-bb6c-4fd8-8b91-d493827dbdd2,144,['c3263b79-e169-41c0-aa2f-486f6de3d418']
3a0d86e7-bb6c-4fd8-8b91-d493827dbdd2,145,['8beab4ba-3da5-4624-8819-e555cc034694']
3a0d86e7-bb6c-4fd8-8b91-d493827dbdd2,146,['a7b7ce03-1d19-4f96-9aed-2e25c366c155']
3a0d86e7-bb6c-4fd8-8b91-d493827dbdd2,147,['5bcaa249-c38a-4fb5-a95c-1e6c75085cf6']
3a0d86e7-bb6c-4fd8-8b91-d493827dbdd2,148,['adedb530-a27c-4508-bd06-fb9674510693']
3a0d86e7-bb6c-4fd8-8b91-d493827dbdd2,149,['b8de6cf8-5ee9-4dd7-a909-06e422f0bd6e']
3a0d86e7-bb6c-4fd8-8b91-d493827dbdd2,150,['1243ce19-26c6-493a-b73a-0e3f42e34390']
9cb8c0bd-ec03-457d-b3ff-71c42bd3698a,0,['11981ce1-4600-4e1f-a658-ac20ab36d579']
9cb8c0bd-ec03-457d-b3ff-71c42bd3698a,1,['8611be7e-ea1b-4f18-87c6-05c64daaf547']
9cb8c0bd-ec03-457d-b3ff-71c42bd3698a,2,['5a95c5b4-cb63-4d46-b4fa-57a61251b7b0']
9cb8c0bd-ec03-457d-b3ff-71c42bd3698a,3,['7df8e89a-357f-43a0-917e-280c4711ff68']
9cb8c0bd-ec03-457d-b3ff-71c42bd3698a,4,['400fdcda-8e2f-4a41-b46b-876904ec05bf']
9cb8c0bd-ec03-457d-b3ff-71c42bd3698a,5,['a6e61ac8-b146-4f03-ac59-c2128b47d21b']
9cb8c0bd-ec03-457d-b3ff-71c42bd3698a,6,['e32fb1ab-d720-41c8-81ee-c32965adce41']
9cb8c0bd-ec03-457d-b3ff-71c42bd3698a,7,['8bf0ec5a-d36e-46ff-9e15-2754b0ae3712']
9cb8c0bd-ec03-457d-b3ff-71c42bd3698a,8,['b29ddc7d-50cd-43c6-b8cb-8ee63c7af028']
9cb8c0bd-ec03-457d-b3ff-71c42bd3698a,9,['3947607b-b3b4-4fe9-80de-b8747a3afc52']
9cb8c0bd-ec03-457d-b3ff-71c42bd3698a,10,['6583f4cc-723a-4da1-b550-ca0e87085482']
9cb8c0bd-ec03-457d-b3ff-71c42bd3698a,11,['2f166f0f-0a43-4e47-85ef-894a251c1e1c']
9cb8c0bd-ec03-457d-b3ff-71c42bd3698a,12,['5b282d6b-6edf-482d-95b8-501c7283390b']
9cb8c0bd-ec03-457d-b3ff-71c42bd3698a,13,['f29173d2-a11b-4b21-a673-0f124ffec6d9']
9cb8c0bd-ec03-457d-b3ff-71c42bd3698a,14,['15ecdbc7-6cd3-4ff4-9a35-b9dbe38deb49']
9cb8c0bd-ec03-457d-b3ff-71c42bd3698a,15,['d904aeb8-80d8-42b8-9851-f2a8b2252338']
9cb8c0bd-ec03-457d-b3ff-71c42bd3698a,16,['eb76026d-493e-4caa-b931-c7de32903e3c']
9cb8c0bd-ec03-457d-b3ff-71c42bd3698a,17,['da80b7f1-9a8a-48ce-ada9-6de17df39fbe']
9cb8c0bd-ec03-457d-b3ff-71c42bd3698a,18,['657dcaf1-b109-4063-b3f0-d242657e73e0']
9cb8c0bd-ec03-457d-b3ff-71c42bd3698a,19,['40f09cce-c503-4da2-9d77-98279b6e3670']
9cb8c0bd-ec03-457d-b3ff-71c42bd3698a,20,['53f1c91f-ac37-4067-8e53-350a38c8b767']
9cb8c0bd-ec03-457d-b3ff-71c42bd3698a,21,['ba38fa41-fdf0-4c68-8cdf-c52ef1cbf4d8']
9cb8c0bd-ec03-457d-b3ff-71c42bd3698a,22,['569b1b2d-3907-43e8-a057-7f7e55f365bb']
9cb8c0bd-ec03-457d-b3ff-71c42bd3698a,23,['0e03fe6b-fef7-4de5-9234-32d083afbac4']
9cb8c0bd-ec03-457d-b3ff-71c42bd3698a,24,['42517afb-94da-4832-92d9-4573142711a9']
9cb8c0bd-ec03-457d-b3ff-71c42bd3698a,25,['5af73b62-fe25-4181-9ec5-56e98737f6fb']
9cb8c0bd-ec03-457d-b3ff-71c42bd3698a,26,['260499d4-6ab1-4e9f-a8e3-93e779cd545d']
9cb8c0bd-ec03-457d-b3ff-71c42bd3698a,27,['00a7b94e-b730-4340-b5ea-5d9793258772']
9cb8c0bd-ec03-457d-b3ff-71c42bd3698a,28,['48685bd0-925e-4d9f-9351-a23a94f67b4b']
9cb8c0bd-ec03-457d-b3ff-71c42bd3698a,29,['e89db637-b2e0-4703-b891-f665078740d1']
9cb8c0bd-ec03-457d-b3ff-71c42bd3698a,30,['4f09b1c9-64b1-4014-9341-4a543d2fd21b']
9cb8c0bd-ec03-457d-b3ff-71c42bd3698a,31,['86f6109c-4d8e-4cb5-82ec-1bb5bf63e40d']
9cb8c0bd-ec03-457d-b3ff-71c42bd3698a,32,['bd4cd8c1-71db-4902-a9f5-6b031e2cbe09']
9cb8c0bd-ec03-457d-b3ff-71c42bd3698a,33,['580e9f47-e5a2-40de-8a7a-90d1d1de3ae6']
9cb8c0bd-ec03-457d-b3ff-71c42bd3698a,34,['7556b0b8-5f4b-42cb-ae4b-384bb815b570']
9cb8c0bd-ec03-457d-b3ff-71c42bd3698a,35,['475f5534-dadd-453f-a6f6-85128355369e']
9cb8c0bd-ec03-457d-b3ff-71c42bd3698a,36,['b82ed6bd-f0e9-45b4-84ca-e8211671414e']
9cb8c0bd-ec03-457d-b3ff-71c42bd3698a,37,['6ca24a29-3a9c-4021-8a29-ae01ca003711']
9cb8c0bd-ec03-457d-b3ff-71c42bd3698a,38,['0ab7960a-5187-4d50-9bd9-d2f57a0bb339']
9cb8c0bd-ec03-457d-b3ff-71c42bd3698a,39,['c4ddcd11-d0d8-49b5-8057-d829ac639262']
9cb8c0bd-ec03-457d-b3ff-71c42bd3698a,40,['d634794c-3135-450f-9e24-e2120c0cb196']
9cb8c0bd-ec03-457d-b3ff-71c42bd3698a,41,['b08c82ff-57bb-48b3-bcf2-a575421d88db']
9cb8c0bd-ec03-457d-b3ff-71c42bd3698a,42,['282f36f9-9bd9-407d-beb3-5c5e75b72a68']
9cb8c0bd-ec03-457d-b3ff-71c42bd3698a,43,['aecd93f0-c5ed-4c4f-8d32-dfacc5cc15cc']
9cb8c0bd-ec03-457d-b3ff-71c42bd3698a,44,['2df95ce1-6fb0-44f9-abdb-d023ba01e694']
9cb8c0bd-ec03-457d-b3ff-71c42bd3698a,45,['3ab7da97-e8cf-4f72-91ad-3920abb29945']
9cb8c0bd-ec03-457d-b3ff-71c42bd3698a,46,['7b7ad6c0-5812-4a37-8594-329fd5b4c6e6']
9cb8c0bd-ec03-457d-b3ff-71c42bd3698a,47,['aebf0112-35a0-4f8e-b789-8a463293f4ec']
9cb8c0bd-ec03-457d-b3ff-71c42bd3698a,48,['cbe711dd-7c85-4eb8-88d8-3db70c4e4e8a']
9cb8c0bd-ec03-457d-b3ff-71c42bd3698a,49,['edf8548a-c2c0-42e7-9e11-be991c289ffd']
9cb8c0bd-ec03-457d-b3ff-71c42bd3698a,50,['fd8992cc-f3ee-424e-87e3-0ff9bcc666be']
9cb8c0bd-ec03-457d-b3ff-71c42bd3698a,51,['3a40023e-ef04-4c99-a44e-4e8e8ea67120']
9cb8c0bd-ec03-457d-b3ff-71c42bd3698a,52,['4d784f28-6af1-4f6f-a8e1-b75e1e362a63']
9cb8c0bd-ec03-457d-b3ff-71c42bd3698a,53,['b78ff40e-eec0-4693-988a-2cdb966b2c63']
9cb8c0bd-ec03-457d-b3ff-71c42bd3698a,54,['80882ee1-ba41-48c8-8b53-6d1f922fe26a']
9cb8c0bd-ec03-457d-b3ff-71c42bd3698a,55,['b32974c5-b15b-41e7-baff-a833aba29d39']
9cb8c0bd-ec03-457d-b3ff-71c42bd3698a,56,['69f6de4a-58a7-4a12-bd0f-b3cb0f2d50ea']
9cb8c0bd-ec03-457d-b3ff-71c42bd3698a,57,['37c1f6b1-c727-45ae-beeb-0956d818b7d8']
9cb8c0bd-ec03-457d-b3ff-71c42bd3698a,58,['22ddbdc2-82a5-4cc0-b5df-4ad6ebe59df0']
9cb8c0bd-ec03-457d-b3ff-71c42bd3698a,59,['10665e94-fdb0-4388-b812-861270dea07e']
9cb8c0bd-ec03-457d-b3ff-71c42bd3698a,60,['7b014b43-0c1c-4ee1-bb84-03f803fb51e7']
9cb8c0bd-ec03-457d-b3ff-71c42bd3698a,61,['222ab7b0-8c45-41aa-bc3a-f0d59e7bbe39']
9cb8c0bd-ec03-457d-b3ff-71c42bd3698a,62,['1281267a-faaf-457c-be54-adab4cd58de7']
9cb8c0bd-ec03-457d-b3ff-71c42bd3698a,63,['39204496-9cfd-4728-88c2-b1ac57aa0c47']
9cb8c0bd-ec03-457d-b3ff-71c42bd3698a,64,['bfd8ee2e-8ae7-41ed-b45b-207a26dc2e31']
9cb8c0bd-ec03-457d-b3ff-71c42bd3698a,65,['952a53e2-6a9c-42cb-80fd-0e93155e9cea']
9cb8c0bd-ec03-457d-b3ff-71c42bd3698a,66,['af89a359-31cc-44a1-b6de-068a32d1c9ab']
9cb8c0bd-ec03-457d-b3ff-71c42bd3698a,67,['46d39366-c9fd-46d7-a3f5-bddb01b854f3']
9cb8c0bd-ec03-457d-b3ff-71c42bd3698a,68,['781fc09d-e507-4853-9b7d-9d2f6648689c']
9cb8c0bd-ec03-457d-b3ff-71c42bd3698a,69,['2832d42d-23df-4e96-adff-de2cafc8ba8f']
9cb8c0bd-ec03-457d-b3ff-71c42bd3698a,70,['dd30302d-e418-4352-b41e-4aa05693468a']
9cb8c0bd-ec03-457d-b3ff-71c42bd3698a,71,['c3e71ec1-e55c-45bf-b91e-f2d100848095']
9cb8c0bd-ec03-457d-b3ff-71c42bd3698a,72,['2326c779-35b7-4ba2-82b1-3aa244e5170c']
9cb8c0bd-ec03-457d-b3ff-71c42bd3698a,73,['3c9a8899-d051-4a76-8d5b-3621a29ebdd0']
9cb8c0bd-ec03-457d-b3ff-71c42bd3698a,74,['a961a392-7d02-4cdd-858b-465247620fb1']
9cb8c0bd-ec03-457d-b3ff-71c42bd3698a,75,['0bca8caf-f6d9-40fb-9681-5e2eb6c022f7']
9cb8c0bd-ec03-457d-b3ff-71c42bd3698a,76,['c90b68f4-ad72-4c73-8a76-7df1760f9481']
9cb8c0bd-ec03-457d-b3ff-71c42bd3698a,77,['ada43886-76dc-4f0c-a4eb-3919e205a871']
9cb8c0bd-ec03-457d-b3ff-71c42bd3698a,78,['9bda2231-3401-4b04-8a35-f5daf7d7f160']
9cb8c0bd-ec03-457d-b3ff-71c42bd3698a,79,['eacec12c-2f97-42ab-b37d-70c2026e6767']
9cb8c0bd-ec03-457d-b3ff-71c42bd3698a,80,['0b9f397a-628a-4b2a-8165-eb2c995ad934']
9cb8c0bd-ec03-457d-b3ff-71c42bd3698a,81,['c779eead-11ff-4160-844a-e4b6c6c6c786']
9cb8c0bd-ec03-457d-b3ff-71c42bd3698a,82,['ce78fc7e-f0e2-4956-8c18-f2e1d6d205d0']
9cb8c0bd-ec03-457d-b3ff-71c42bd3698a,83,['4c036b6c-f4db-42f5-bfd2-fe3884ca71e6']
9cb8c0bd-ec03-457d-b3ff-71c42bd3698a,84,['63c848a3-bc3a-47cf-876a-ea829d61e058']
9cb8c0bd-ec03-457d-b3ff-71c42bd3698a,85,['17adb0f9-4668-48fb-8d16-1841a5df446a']
9cb8c0bd-ec03-457d-b3ff-71c42bd3698a,86,['2f6dd758-6c3d-4505-b043-130841425a7a']
9cb8c0bd-ec03-457d-b3ff-71c42bd3698a,87,['2c2b2f72-04fe-4342-8e75-9800bae56170']
9cb8c0bd-ec03-457d-b3ff-71c42bd3698a,88,['549ffb45-7ef8-4358-813e-1c8be6b5f0ab']
9cb8c0bd-ec03-457d-b3ff-71c42bd3698a,89,['1be9409f-61ed-46ec-b766-89b476a4eff9']
9cb8c0bd-ec03-457d-b3ff-71c42bd3698a,90,['5e4b1fa9-8b51-4a36-b77d-119ba7bcbc07']
9cb8c0bd-ec03-457d-b3ff-71c42bd3698a,91,['a1555c23-ceef-45ec-8a67-a9b44cf0a129']
9cb8c0bd-ec03-457d-b3ff-71c42bd3698a,92,['3e5c5c8d-ed3c-4bd5-9ab3-bf581ba10285']
9cb8c0bd-ec03-457d-b3ff-71c42bd3698a,93,['ea29f863-03e3-4bb6-8b4e-a26ae5c8c61a']
9cb8c0bd-ec03-457d-b3ff-71c42bd3698a,94,['592afa9d-edcc-45bf-9636-e97e563902d8']
9cb8c0bd-ec03-457d-b3ff-71c42bd3698a,95,['2ad9b94d-2ea1-48b1-a8fd-4f880a82b743']
9cb8c0bd-ec03-457d-b3ff-71c42bd3698a,96,['21fd8051-deeb-4aae-a994-6cad8ae7cbc6']
9cb8c0bd-ec03-457d-b3ff-71c42bd3698a,97,['8bef79b0-8da6-43a2-b343-b6d3cd7f9a74']
