run_id,itr,pool_members_uuids
db03acde-53da-40c4-bf9b-f916655e0c15,0,"['3b41f31e-d6d8-4877-a443-0c8dc1d2c9ac', '3b41f31e-d6d8-4877-a443-0c8dc1d2c9ac', '3b41f31e-d6d8-4877-a443-0c8dc1d2c9ac', '3b41f31e-d6d8-4877-a443-0c8dc1d2c9ac', '3b41f31e-d6d8-4877-a443-0c8dc1d2c9ac', '3b41f31e-d6d8-4877-a443-0c8dc1d2c9ac', '3b41f31e-d6d8-4877-a443-0c8dc1d2c9ac', '3b41f31e-d6d8-4877-a443-0c8dc1d2c9ac', '3b41f31e-d6d8-4877-a443-0c8dc1d2c9ac', '3b41f31e-d6d8-4877-a443-0c8dc1d2c9ac', '3b41f31e-d6d8-4877-a443-0c8dc1d2c9ac', '3b41f31e-d6d8-4877-a443-0c8dc1d2c9ac', '3b41f31e-d6d8-4877-a443-0c8dc1d2c9ac', '3b41f31e-d6d8-4877-a443-0c8dc1d2c9ac', '3b41f31e-d6d8-4877-a443-0c8dc1d2c9ac', '3b41f31e-d6d8-4877-a443-0c8dc1d2c9ac', '3b41f31e-d6d8-4877-a443-0c8dc1d2c9ac', '3b41f31e-d6d8-4877-a443-0c8dc1d2c9ac', '3b41f31e-d6d8-4877-a443-0c8dc1d2c9ac', '3b41f31e-d6d8-4877-a443-0c8dc1d2c9ac', '3b41f31e-d6d8-4877-a443-0c8dc1d2c9ac', '3b41f31e-d6d8-4877-a443-0c8dc1d2c9ac', '3b41f31e-d6d8-4877-a443-0c8dc1d2c9ac', '3b41f31e-d6d8-4877-a443-0c8dc1d2c9ac', '3b41f31e-d6d8-4877-a443-0c8dc1d2c9ac', '3b41f31e-d6d8-4877-a443-0c8dc1d2c9ac', '3b41f31e-d6d8-4877-a443-0c8dc1d2c9ac', '3b41f31e-d6d8-4877-a443-0c8dc1d2c9ac', '3b41f31e-d6d8-4877-a443-0c8dc1d2c9ac', '3b41f31e-d6d8-4877-a443-0c8dc1d2c9ac', '3b41f31e-d6d8-4877-a443-0c8dc1d2c9ac', '3b41f31e-d6d8-4877-a443-0c8dc1d2c9ac', '3b41f31e-d6d8-4877-a443-0c8dc1d2c9ac', '3b41f31e-d6d8-4877-a443-0c8dc1d2c9ac', '3b41f31e-d6d8-4877-a443-0c8dc1d2c9ac', '3b41f31e-d6d8-4877-a443-0c8dc1d2c9ac', '3b41f31e-d6d8-4877-a443-0c8dc1d2c9ac', '3b41f31e-d6d8-4877-a443-0c8dc1d2c9ac', '3b41f31e-d6d8-4877-a443-0c8dc1d2c9ac', '3b41f31e-d6d8-4877-a443-0c8dc1d2c9ac', '3b41f31e-d6d8-4877-a443-0c8dc1d2c9ac', '3b41f31e-d6d8-4877-a443-0c8dc1d2c9ac', '3b41f31e-d6d8-4877-a443-0c8dc1d2c9ac', '3b41f31e-d6d8-4877-a443-0c8dc1d2c9ac', '3b41f31e-d6d8-4877-a443-0c8dc1d2c9ac', '3b41f31e-d6d8-4877-a443-0c8dc1d2c9ac', '3b41f31e-d6d8-4877-a443-0c8dc1d2c9ac', '3b41f31e-d6d8-4877-a443-0c8dc1d2c9ac', '3b41f31e-d6d8-4877-a443-0c8dc1d2c9ac', '3b41f31e-d6d8-4877-a443-0c8dc1d2c9ac']"
dc08a826-d140-4735-9cb6-1a5e65740486,0,"['24e2fb93-5264-4750-a5af-b5f2cd892565', '24e2fb93-5264-4750-a5af-b5f2cd892565', '24e2fb93-5264-4750-a5af-b5f2cd892565', '24e2fb93-5264-4750-a5af-b5f2cd892565', '24e2fb93-5264-4750-a5af-b5f2cd892565', '24e2fb93-5264-4750-a5af-b5f2cd892565', '24e2fb93-5264-4750-a5af-b5f2cd892565', '24e2fb93-5264-4750-a5af-b5f2cd892565', '24e2fb93-5264-4750-a5af-b5f2cd892565', '24e2fb93-5264-4750-a5af-b5f2cd892565', '24e2fb93-5264-4750-a5af-b5f2cd892565', '24e2fb93-5264-4750-a5af-b5f2cd892565', '24e2fb93-5264-4750-a5af-b5f2cd892565', '24e2fb93-5264-4750-a5af-b5f2cd892565', '24e2fb93-5264-4750-a5af-b5f2cd892565', '24e2fb93-5264-4750-a5af-b5f2cd892565', '24e2fb93-5264-4750-a5af-b5f2cd892565', '24e2fb93-5264-4750-a5af-b5f2cd892565', '24e2fb93-5264-4750-a5af-b5f2cd892565', '24e2fb93-5264-4750-a5af-b5f2cd892565', '24e2fb93-5264-4750-a5af-b5f2cd892565', '24e2fb93-5264-4750-a5af-b5f2cd892565', '24e2fb93-5264-4750-a5af-b5f2cd892565', '24e2fb93-5264-4750-a5af-b5f2cd892565', '24e2fb93-5264-4750-a5af-b5f2cd892565', '24e2fb93-5264-4750-a5af-b5f2cd892565', '24e2fb93-5264-4750-a5af-b5f2cd892565', '24e2fb93-5264-4750-a5af-b5f2cd892565', '24e2fb93-5264-4750-a5af-b5f2cd892565', '24e2fb93-5264-4750-a5af-b5f2cd892565', '24e2fb93-5264-4750-a5af-b5f2cd892565', '24e2fb93-5264-4750-a5af-b5f2cd892565', '24e2fb93-5264-4750-a5af-b5f2cd892565', '24e2fb93-5264-4750-a5af-b5f2cd892565', '24e2fb93-5264-4750-a5af-b5f2cd892565', '24e2fb93-5264-4750-a5af-b5f2cd892565', '24e2fb93-5264-4750-a5af-b5f2cd892565', '24e2fb93-5264-4750-a5af-b5f2cd892565', '24e2fb93-5264-4750-a5af-b5f2cd892565', '24e2fb93-5264-4750-a5af-b5f2cd892565', '24e2fb93-5264-4750-a5af-b5f2cd892565', '24e2fb93-5264-4750-a5af-b5f2cd892565', '24e2fb93-5264-4750-a5af-b5f2cd892565', '24e2fb93-5264-4750-a5af-b5f2cd892565', '24e2fb93-5264-4750-a5af-b5f2cd892565', '24e2fb93-5264-4750-a5af-b5f2cd892565', '24e2fb93-5264-4750-a5af-b5f2cd892565', '24e2fb93-5264-4750-a5af-b5f2cd892565', '24e2fb93-5264-4750-a5af-b5f2cd892565', '24e2fb93-5264-4750-a5af-b5f2cd892565']"
db03acde-53da-40c4-bf9b-f916655e0c15,1,"['3b41f31e-d6d8-4877-a443-0c8dc1d2c9ac', '3b41f31e-d6d8-4877-a443-0c8dc1d2c9ac', '3b41f31e-d6d8-4877-a443-0c8dc1d2c9ac', '3b41f31e-d6d8-4877-a443-0c8dc1d2c9ac', '3b41f31e-d6d8-4877-a443-0c8dc1d2c9ac', '3b41f31e-d6d8-4877-a443-0c8dc1d2c9ac', '3b41f31e-d6d8-4877-a443-0c8dc1d2c9ac', '3b41f31e-d6d8-4877-a443-0c8dc1d2c9ac', '3b41f31e-d6d8-4877-a443-0c8dc1d2c9ac', '3b41f31e-d6d8-4877-a443-0c8dc1d2c9ac', '3b41f31e-d6d8-4877-a443-0c8dc1d2c9ac', '3b41f31e-d6d8-4877-a443-0c8dc1d2c9ac', '3b41f31e-d6d8-4877-a443-0c8dc1d2c9ac', '3b41f31e-d6d8-4877-a443-0c8dc1d2c9ac', '3b41f31e-d6d8-4877-a443-0c8dc1d2c9ac', '3b41f31e-d6d8-4877-a443-0c8dc1d2c9ac', '3b41f31e-d6d8-4877-a443-0c8dc1d2c9ac', '3b41f31e-d6d8-4877-a443-0c8dc1d2c9ac', '3b41f31e-d6d8-4877-a443-0c8dc1d2c9ac', '3b41f31e-d6d8-4877-a443-0c8dc1d2c9ac', '3b41f31e-d6d8-4877-a443-0c8dc1d2c9ac', '3b41f31e-d6d8-4877-a443-0c8dc1d2c9ac', '3b41f31e-d6d8-4877-a443-0c8dc1d2c9ac', '3b41f31e-d6d8-4877-a443-0c8dc1d2c9ac', '3b41f31e-d6d8-4877-a443-0c8dc1d2c9ac', '3b41f31e-d6d8-4877-a443-0c8dc1d2c9ac', '3b41f31e-d6d8-4877-a443-0c8dc1d2c9ac', '3b41f31e-d6d8-4877-a443-0c8dc1d2c9ac', '3b41f31e-d6d8-4877-a443-0c8dc1d2c9ac', '3b41f31e-d6d8-4877-a443-0c8dc1d2c9ac', '3b41f31e-d6d8-4877-a443-0c8dc1d2c9ac', '3b41f31e-d6d8-4877-a443-0c8dc1d2c9ac', '3b41f31e-d6d8-4877-a443-0c8dc1d2c9ac', '3b41f31e-d6d8-4877-a443-0c8dc1d2c9ac', '3b41f31e-d6d8-4877-a443-0c8dc1d2c9ac', '3b41f31e-d6d8-4877-a443-0c8dc1d2c9ac', '3b41f31e-d6d8-4877-a443-0c8dc1d2c9ac', '3b41f31e-d6d8-4877-a443-0c8dc1d2c9ac', '3b41f31e-d6d8-4877-a443-0c8dc1d2c9ac', '3b41f31e-d6d8-4877-a443-0c8dc1d2c9ac', '3b41f31e-d6d8-4877-a443-0c8dc1d2c9ac', '3b41f31e-d6d8-4877-a443-0c8dc1d2c9ac', '3b41f31e-d6d8-4877-a443-0c8dc1d2c9ac', '9a2dba5a-ce9f-44e3-91a2-3eea2beb6289', 'b3a57d77-99f7-40a6-b1cc-a8456db4f28f', 'e279fd0b-5b77-4999-87e4-fc67fc33f76b', '953fe6f1-a1f3-41c5-8b3b-188bbef4fbad', 'ed354f8b-b09a-4267-9940-84523f117532', 'b286c1e6-f203-4f0e-949a-bd3b2f5ea61f', 'e0379902-3abc-4ecd-9c07-83457d17a256']"
dc08a826-d140-4735-9cb6-1a5e65740486,1,"['24e2fb93-5264-4750-a5af-b5f2cd892565', '24e2fb93-5264-4750-a5af-b5f2cd892565', '24e2fb93-5264-4750-a5af-b5f2cd892565', '24e2fb93-5264-4750-a5af-b5f2cd892565', '24e2fb93-5264-4750-a5af-b5f2cd892565', '24e2fb93-5264-4750-a5af-b5f2cd892565', '24e2fb93-5264-4750-a5af-b5f2cd892565', '24e2fb93-5264-4750-a5af-b5f2cd892565', '24e2fb93-5264-4750-a5af-b5f2cd892565', '24e2fb93-5264-4750-a5af-b5f2cd892565', '24e2fb93-5264-4750-a5af-b5f2cd892565', '24e2fb93-5264-4750-a5af-b5f2cd892565', '24e2fb93-5264-4750-a5af-b5f2cd892565', '24e2fb93-5264-4750-a5af-b5f2cd892565', '24e2fb93-5264-4750-a5af-b5f2cd892565', '24e2fb93-5264-4750-a5af-b5f2cd892565', '24e2fb93-5264-4750-a5af-b5f2cd892565', '24e2fb93-5264-4750-a5af-b5f2cd892565', '24e2fb93-5264-4750-a5af-b5f2cd892565', '24e2fb93-5264-4750-a5af-b5f2cd892565', '24e2fb93-5264-4750-a5af-b5f2cd892565', '24e2fb93-5264-4750-a5af-b5f2cd892565', '24e2fb93-5264-4750-a5af-b5f2cd892565', '24e2fb93-5264-4750-a5af-b5f2cd892565', '24e2fb93-5264-4750-a5af-b5f2cd892565', '24e2fb93-5264-4750-a5af-b5f2cd892565', '24e2fb93-5264-4750-a5af-b5f2cd892565', '24e2fb93-5264-4750-a5af-b5f2cd892565', '24e2fb93-5264-4750-a5af-b5f2cd892565', '24e2fb93-5264-4750-a5af-b5f2cd892565', '24e2fb93-5264-4750-a5af-b5f2cd892565', '24e2fb93-5264-4750-a5af-b5f2cd892565', '24e2fb93-5264-4750-a5af-b5f2cd892565', '24e2fb93-5264-4750-a5af-b5f2cd892565', '24e2fb93-5264-4750-a5af-b5f2cd892565', '24e2fb93-5264-4750-a5af-b5f2cd892565', '24e2fb93-5264-4750-a5af-b5f2cd892565', '24e2fb93-5264-4750-a5af-b5f2cd892565', '24e2fb93-5264-4750-a5af-b5f2cd892565', 'a5f08c77-aaf4-4d38-a3cb-2b1bdb889479', 'b231ac41-f602-4adf-a375-f1d3192d556d', 'f9a3897b-bdb7-4700-8591-59ef204ce00b', '4f9bd363-1ed2-4d6d-ba91-07ddf26a1bba', '4d6e692c-ef80-4c9d-bed5-7ed63ea5b4f2', 'ea61d24f-d101-43fa-b518-28e433d0b88f', '9a958774-39e3-453f-bbb2-aefbcd1532e8', '5f6aef29-ae2e-4cce-8399-309bce1432ab', 'ca748231-243e-409d-acaf-76e29a02c9f3', 'ada09cac-3d9a-490e-b67d-0127a94c7b46', 'd6c9d016-f9b9-47b3-8d2f-e6f75064855e']"
db03acde-53da-40c4-bf9b-f916655e0c15,2,"['9a2dba5a-ce9f-44e3-91a2-3eea2beb6289', '9a2dba5a-ce9f-44e3-91a2-3eea2beb6289', '9a2dba5a-ce9f-44e3-91a2-3eea2beb6289', '9a2dba5a-ce9f-44e3-91a2-3eea2beb6289', '9a2dba5a-ce9f-44e3-91a2-3eea2beb6289', '9a2dba5a-ce9f-44e3-91a2-3eea2beb6289', '9a2dba5a-ce9f-44e3-91a2-3eea2beb6289', '9a2dba5a-ce9f-44e3-91a2-3eea2beb6289', '9a2dba5a-ce9f-44e3-91a2-3eea2beb6289', '9a2dba5a-ce9f-44e3-91a2-3eea2beb6289', '9a2dba5a-ce9f-44e3-91a2-3eea2beb6289', '9a2dba5a-ce9f-44e3-91a2-3eea2beb6289', '9a2dba5a-ce9f-44e3-91a2-3eea2beb6289', '9a2dba5a-ce9f-44e3-91a2-3eea2beb6289', 'b3a57d77-99f7-40a6-b1cc-a8456db4f28f', 'b286c1e6-f203-4f0e-949a-bd3b2f5ea61f', 'b286c1e6-f203-4f0e-949a-bd3b2f5ea61f', 'b286c1e6-f203-4f0e-949a-bd3b2f5ea61f', 'b286c1e6-f203-4f0e-949a-bd3b2f5ea61f', 'b286c1e6-f203-4f0e-949a-bd3b2f5ea61f', 'b286c1e6-f203-4f0e-949a-bd3b2f5ea61f', 'b286c1e6-f203-4f0e-949a-bd3b2f5ea61f', 'b286c1e6-f203-4f0e-949a-bd3b2f5ea61f', 'b286c1e6-f203-4f0e-949a-bd3b2f5ea61f', 'b286c1e6-f203-4f0e-949a-bd3b2f5ea61f', 'b286c1e6-f203-4f0e-949a-bd3b2f5ea61f', 'b286c1e6-f203-4f0e-949a-bd3b2f5ea61f', 'e0379902-3abc-4ecd-9c07-83457d17a256', 'e0379902-3abc-4ecd-9c07-83457d17a256', 'e0379902-3abc-4ecd-9c07-83457d17a256', 'e0379902-3abc-4ecd-9c07-83457d17a256', 'e0379902-3abc-4ecd-9c07-83457d17a256', 'e0379902-3abc-4ecd-9c07-83457d17a256', 'e0379902-3abc-4ecd-9c07-83457d17a256', 'e0379902-3abc-4ecd-9c07-83457d17a256', 'e0379902-3abc-4ecd-9c07-83457d17a256', 'e0379902-3abc-4ecd-9c07-83457d17a256', '52eef214-259d-4065-b398-d9a8f4fa8da3', '6bda2932-cd0f-46c3-aaab-ec3da1904c52', '3eed6233-c124-4a78-a7af-cab47231f68f', '1a5414c1-8617-4082-9155-1a99fa0fff13', 'bb7cc945-6380-4876-af08-f3d45cfcbc15', 'c69e8e08-db89-4fec-9656-8966733be516', 'e7de7a7f-50a3-4cf7-afce-2930ab7718c2', '8dca29fb-6a78-4a58-bb93-cf142cb8e087', 'f9b6a04c-32ca-4257-bae6-2340b966fe2f', '5e523f3a-2d56-418f-8f8e-f471c70f5868', 'a1a32adb-ecd6-49b3-94cf-193e26e4adc4', '768a4460-5f6f-41da-836a-571d032ccb03', '67d962db-05b0-448d-9971-d99f72b3fc3b']"
cd1602fa-928a-4e51-8d55-5ca20e19cdee,0,"['f164a4c3-6831-4fdb-ba3c-3cb02ddc761f', 'f164a4c3-6831-4fdb-ba3c-3cb02ddc761f', 'f164a4c3-6831-4fdb-ba3c-3cb02ddc761f', 'f164a4c3-6831-4fdb-ba3c-3cb02ddc761f', 'f164a4c3-6831-4fdb-ba3c-3cb02ddc761f', 'f164a4c3-6831-4fdb-ba3c-3cb02ddc761f', 'f164a4c3-6831-4fdb-ba3c-3cb02ddc761f', 'f164a4c3-6831-4fdb-ba3c-3cb02ddc761f', 'f164a4c3-6831-4fdb-ba3c-3cb02ddc761f', 'f164a4c3-6831-4fdb-ba3c-3cb02ddc761f', 'f164a4c3-6831-4fdb-ba3c-3cb02ddc761f', 'f164a4c3-6831-4fdb-ba3c-3cb02ddc761f', 'f164a4c3-6831-4fdb-ba3c-3cb02ddc761f', 'f164a4c3-6831-4fdb-ba3c-3cb02ddc761f', 'f164a4c3-6831-4fdb-ba3c-3cb02ddc761f', 'f164a4c3-6831-4fdb-ba3c-3cb02ddc761f', 'f164a4c3-6831-4fdb-ba3c-3cb02ddc761f', 'f164a4c3-6831-4fdb-ba3c-3cb02ddc761f', 'f164a4c3-6831-4fdb-ba3c-3cb02ddc761f', 'f164a4c3-6831-4fdb-ba3c-3cb02ddc761f', 'f164a4c3-6831-4fdb-ba3c-3cb02ddc761f', 'f164a4c3-6831-4fdb-ba3c-3cb02ddc761f', 'f164a4c3-6831-4fdb-ba3c-3cb02ddc761f', 'f164a4c3-6831-4fdb-ba3c-3cb02ddc761f', 'f164a4c3-6831-4fdb-ba3c-3cb02ddc761f', 'f164a4c3-6831-4fdb-ba3c-3cb02ddc761f', 'f164a4c3-6831-4fdb-ba3c-3cb02ddc761f', 'f164a4c3-6831-4fdb-ba3c-3cb02ddc761f', 'f164a4c3-6831-4fdb-ba3c-3cb02ddc761f', 'f164a4c3-6831-4fdb-ba3c-3cb02ddc761f', 'f164a4c3-6831-4fdb-ba3c-3cb02ddc761f', 'f164a4c3-6831-4fdb-ba3c-3cb02ddc761f', 'f164a4c3-6831-4fdb-ba3c-3cb02ddc761f', 'f164a4c3-6831-4fdb-ba3c-3cb02ddc761f', 'f164a4c3-6831-4fdb-ba3c-3cb02ddc761f', 'f164a4c3-6831-4fdb-ba3c-3cb02ddc761f', 'f164a4c3-6831-4fdb-ba3c-3cb02ddc761f', 'f164a4c3-6831-4fdb-ba3c-3cb02ddc761f', 'f164a4c3-6831-4fdb-ba3c-3cb02ddc761f', 'f164a4c3-6831-4fdb-ba3c-3cb02ddc761f', 'f164a4c3-6831-4fdb-ba3c-3cb02ddc761f', 'f164a4c3-6831-4fdb-ba3c-3cb02ddc761f', 'f164a4c3-6831-4fdb-ba3c-3cb02ddc761f', 'f164a4c3-6831-4fdb-ba3c-3cb02ddc761f', 'f164a4c3-6831-4fdb-ba3c-3cb02ddc761f', 'f164a4c3-6831-4fdb-ba3c-3cb02ddc761f', 'f164a4c3-6831-4fdb-ba3c-3cb02ddc761f', 'f164a4c3-6831-4fdb-ba3c-3cb02ddc761f', 'f164a4c3-6831-4fdb-ba3c-3cb02ddc761f', 'f164a4c3-6831-4fdb-ba3c-3cb02ddc761f']"
76afac8f-1ad1-4038-96c3-9a24ac5d0071,0,"['0e47a600-f828-4a58-aee0-007df2aab7a6', '0e47a600-f828-4a58-aee0-007df2aab7a6', '0e47a600-f828-4a58-aee0-007df2aab7a6', '0e47a600-f828-4a58-aee0-007df2aab7a6', '0e47a600-f828-4a58-aee0-007df2aab7a6', '0e47a600-f828-4a58-aee0-007df2aab7a6', '0e47a600-f828-4a58-aee0-007df2aab7a6', '0e47a600-f828-4a58-aee0-007df2aab7a6', '0e47a600-f828-4a58-aee0-007df2aab7a6', '0e47a600-f828-4a58-aee0-007df2aab7a6', '0e47a600-f828-4a58-aee0-007df2aab7a6', '0e47a600-f828-4a58-aee0-007df2aab7a6', '0e47a600-f828-4a58-aee0-007df2aab7a6', '0e47a600-f828-4a58-aee0-007df2aab7a6', '0e47a600-f828-4a58-aee0-007df2aab7a6', '0e47a600-f828-4a58-aee0-007df2aab7a6', '0e47a600-f828-4a58-aee0-007df2aab7a6', '0e47a600-f828-4a58-aee0-007df2aab7a6', '0e47a600-f828-4a58-aee0-007df2aab7a6', '0e47a600-f828-4a58-aee0-007df2aab7a6', '0e47a600-f828-4a58-aee0-007df2aab7a6', '0e47a600-f828-4a58-aee0-007df2aab7a6', '0e47a600-f828-4a58-aee0-007df2aab7a6', '0e47a600-f828-4a58-aee0-007df2aab7a6', '0e47a600-f828-4a58-aee0-007df2aab7a6', '0e47a600-f828-4a58-aee0-007df2aab7a6', '0e47a600-f828-4a58-aee0-007df2aab7a6', '0e47a600-f828-4a58-aee0-007df2aab7a6', '0e47a600-f828-4a58-aee0-007df2aab7a6', '0e47a600-f828-4a58-aee0-007df2aab7a6', '0e47a600-f828-4a58-aee0-007df2aab7a6', '0e47a600-f828-4a58-aee0-007df2aab7a6', '0e47a600-f828-4a58-aee0-007df2aab7a6', '0e47a600-f828-4a58-aee0-007df2aab7a6', '0e47a600-f828-4a58-aee0-007df2aab7a6', '0e47a600-f828-4a58-aee0-007df2aab7a6', '0e47a600-f828-4a58-aee0-007df2aab7a6', '0e47a600-f828-4a58-aee0-007df2aab7a6', '0e47a600-f828-4a58-aee0-007df2aab7a6', '0e47a600-f828-4a58-aee0-007df2aab7a6', '0e47a600-f828-4a58-aee0-007df2aab7a6', '0e47a600-f828-4a58-aee0-007df2aab7a6', '0e47a600-f828-4a58-aee0-007df2aab7a6', '0e47a600-f828-4a58-aee0-007df2aab7a6', '0e47a600-f828-4a58-aee0-007df2aab7a6', '0e47a600-f828-4a58-aee0-007df2aab7a6', '0e47a600-f828-4a58-aee0-007df2aab7a6', '0e47a600-f828-4a58-aee0-007df2aab7a6', '0e47a600-f828-4a58-aee0-007df2aab7a6', '0e47a600-f828-4a58-aee0-007df2aab7a6']"
dc08a826-d140-4735-9cb6-1a5e65740486,2,"['a5f08c77-aaf4-4d38-a3cb-2b1bdb889479', 'a5f08c77-aaf4-4d38-a3cb-2b1bdb889479', 'b231ac41-f602-4adf-a375-f1d3192d556d', 'f9a3897b-bdb7-4700-8591-59ef204ce00b', 'f9a3897b-bdb7-4700-8591-59ef204ce00b', '4f9bd363-1ed2-4d6d-ba91-07ddf26a1bba', '4d6e692c-ef80-4c9d-bed5-7ed63ea5b4f2', '4d6e692c-ef80-4c9d-bed5-7ed63ea5b4f2', '4d6e692c-ef80-4c9d-bed5-7ed63ea5b4f2', '4d6e692c-ef80-4c9d-bed5-7ed63ea5b4f2', '4d6e692c-ef80-4c9d-bed5-7ed63ea5b4f2', '4d6e692c-ef80-4c9d-bed5-7ed63ea5b4f2', '4d6e692c-ef80-4c9d-bed5-7ed63ea5b4f2', 'ea61d24f-d101-43fa-b518-28e433d0b88f', 'ea61d24f-d101-43fa-b518-28e433d0b88f', 'ea61d24f-d101-43fa-b518-28e433d0b88f', 'ea61d24f-d101-43fa-b518-28e433d0b88f', '9a958774-39e3-453f-bbb2-aefbcd1532e8', '9a958774-39e3-453f-bbb2-aefbcd1532e8', '9a958774-39e3-453f-bbb2-aefbcd1532e8', '9a958774-39e3-453f-bbb2-aefbcd1532e8', '9a958774-39e3-453f-bbb2-aefbcd1532e8', '9a958774-39e3-453f-bbb2-aefbcd1532e8', '9a958774-39e3-453f-bbb2-aefbcd1532e8', '5f6aef29-ae2e-4cce-8399-309bce1432ab', '5f6aef29-ae2e-4cce-8399-309bce1432ab', '5f6aef29-ae2e-4cce-8399-309bce1432ab', '5f6aef29-ae2e-4cce-8399-309bce1432ab', '5f6aef29-ae2e-4cce-8399-309bce1432ab', '5f6aef29-ae2e-4cce-8399-309bce1432ab', '5f6aef29-ae2e-4cce-8399-309bce1432ab', '5f6aef29-ae2e-4cce-8399-309bce1432ab', '5f6aef29-ae2e-4cce-8399-309bce1432ab', '5f6aef29-ae2e-4cce-8399-309bce1432ab', 'ada09cac-3d9a-490e-b67d-0127a94c7b46', 'ada09cac-3d9a-490e-b67d-0127a94c7b46', 'ada09cac-3d9a-490e-b67d-0127a94c7b46', 'd6c9d016-f9b9-47b3-8d2f-e6f75064855e', '7e38b5e9-c191-481a-9122-4db06be9915e', 'de0810dc-3c53-4285-b955-436c5fb8c99b', 'c072931d-cd47-42a6-b7bb-ff8ad0737803', '946968f7-922f-4e97-9512-07b685379ca1', '867e7e3f-b02a-4894-b776-70839d1e8609', 'e7750f95-e6a5-4c84-a3c6-857f5f49be30', '191198f5-a011-41c2-ad25-37fbce77d074', 'dbd4d12e-6611-4736-beb8-593163d5f093', 'd0348b70-6642-43fa-a9e3-8eb779496238', 'f55806c3-f93d-456c-b3de-ca5297e02904', '18e5791d-9356-4cf3-9a33-3624ff39a29c', '602e3ac2-65c8-4d63-98a8-df9cb435c32d']"
cd1602fa-928a-4e51-8d55-5ca20e19cdee,1,"['f164a4c3-6831-4fdb-ba3c-3cb02ddc761f', 'f164a4c3-6831-4fdb-ba3c-3cb02ddc761f', 'f164a4c3-6831-4fdb-ba3c-3cb02ddc761f', 'f164a4c3-6831-4fdb-ba3c-3cb02ddc761f', 'f164a4c3-6831-4fdb-ba3c-3cb02ddc761f', 'f164a4c3-6831-4fdb-ba3c-3cb02ddc761f', 'f164a4c3-6831-4fdb-ba3c-3cb02ddc761f', 'f164a4c3-6831-4fdb-ba3c-3cb02ddc761f', 'f164a4c3-6831-4fdb-ba3c-3cb02ddc761f', 'f164a4c3-6831-4fdb-ba3c-3cb02ddc761f', 'f164a4c3-6831-4fdb-ba3c-3cb02ddc761f', 'f164a4c3-6831-4fdb-ba3c-3cb02ddc761f', 'f164a4c3-6831-4fdb-ba3c-3cb02ddc761f', 'f164a4c3-6831-4fdb-ba3c-3cb02ddc761f', 'f164a4c3-6831-4fdb-ba3c-3cb02ddc761f', 'f164a4c3-6831-4fdb-ba3c-3cb02ddc761f', 'f164a4c3-6831-4fdb-ba3c-3cb02ddc761f', 'f164a4c3-6831-4fdb-ba3c-3cb02ddc761f', 'f164a4c3-6831-4fdb-ba3c-3cb02ddc761f', 'f164a4c3-6831-4fdb-ba3c-3cb02ddc761f', 'f164a4c3-6831-4fdb-ba3c-3cb02ddc761f', 'f164a4c3-6831-4fdb-ba3c-3cb02ddc761f', 'f164a4c3-6831-4fdb-ba3c-3cb02ddc761f', 'f164a4c3-6831-4fdb-ba3c-3cb02ddc761f', 'f164a4c3-6831-4fdb-ba3c-3cb02ddc761f', 'f164a4c3-6831-4fdb-ba3c-3cb02ddc761f', 'f164a4c3-6831-4fdb-ba3c-3cb02ddc761f', 'f164a4c3-6831-4fdb-ba3c-3cb02ddc761f', 'f164a4c3-6831-4fdb-ba3c-3cb02ddc761f', 'f164a4c3-6831-4fdb-ba3c-3cb02ddc761f', 'f164a4c3-6831-4fdb-ba3c-3cb02ddc761f', 'f164a4c3-6831-4fdb-ba3c-3cb02ddc761f', 'f164a4c3-6831-4fdb-ba3c-3cb02ddc761f', 'f164a4c3-6831-4fdb-ba3c-3cb02ddc761f', 'f164a4c3-6831-4fdb-ba3c-3cb02ddc761f', 'f164a4c3-6831-4fdb-ba3c-3cb02ddc761f', 'f164a4c3-6831-4fdb-ba3c-3cb02ddc761f', 'f164a4c3-6831-4fdb-ba3c-3cb02ddc761f', 'f164a4c3-6831-4fdb-ba3c-3cb02ddc761f', 'f164a4c3-6831-4fdb-ba3c-3cb02ddc761f', 'f164a4c3-6831-4fdb-ba3c-3cb02ddc761f', 'f164a4c3-6831-4fdb-ba3c-3cb02ddc761f', 'f164a4c3-6831-4fdb-ba3c-3cb02ddc761f', 'f164a4c3-6831-4fdb-ba3c-3cb02ddc761f', 'e25b6c76-ce0f-491a-8e18-fd6bc4a5bac7', '4090a378-3786-4cfe-bbe4-4db1c1e0acf1', '02a69981-ffbc-409e-b25c-8af8af6f1e9a', '0ae7d568-167c-4852-b843-2208d03cbcf0', 'c71e29ce-75b9-4f50-876a-4ef9af598a63', '55c3c8b4-bbaa-462c-9530-e5120d572d4f']"
db03acde-53da-40c4-bf9b-f916655e0c15,3,"['9a2dba5a-ce9f-44e3-91a2-3eea2beb6289', '9a2dba5a-ce9f-44e3-91a2-3eea2beb6289', '9a2dba5a-ce9f-44e3-91a2-3eea2beb6289', '9a2dba5a-ce9f-44e3-91a2-3eea2beb6289', '9a2dba5a-ce9f-44e3-91a2-3eea2beb6289', '9a2dba5a-ce9f-44e3-91a2-3eea2beb6289', '9a2dba5a-ce9f-44e3-91a2-3eea2beb6289', '9a2dba5a-ce9f-44e3-91a2-3eea2beb6289', '9a2dba5a-ce9f-44e3-91a2-3eea2beb6289', '9a2dba5a-ce9f-44e3-91a2-3eea2beb6289', '9a2dba5a-ce9f-44e3-91a2-3eea2beb6289', '9a2dba5a-ce9f-44e3-91a2-3eea2beb6289', '9a2dba5a-ce9f-44e3-91a2-3eea2beb6289', 'b286c1e6-f203-4f0e-949a-bd3b2f5ea61f', 'b286c1e6-f203-4f0e-949a-bd3b2f5ea61f', 'b286c1e6-f203-4f0e-949a-bd3b2f5ea61f', 'b286c1e6-f203-4f0e-949a-bd3b2f5ea61f', 'b286c1e6-f203-4f0e-949a-bd3b2f5ea61f', 'b286c1e6-f203-4f0e-949a-bd3b2f5ea61f', 'b286c1e6-f203-4f0e-949a-bd3b2f5ea61f', 'e0379902-3abc-4ecd-9c07-83457d17a256', 'e0379902-3abc-4ecd-9c07-83457d17a256', 'e0379902-3abc-4ecd-9c07-83457d17a256', 'e0379902-3abc-4ecd-9c07-83457d17a256', 'e0379902-3abc-4ecd-9c07-83457d17a256', 'e0379902-3abc-4ecd-9c07-83457d17a256', 'e0379902-3abc-4ecd-9c07-83457d17a256', '52eef214-259d-4065-b398-d9a8f4fa8da3', '6bda2932-cd0f-46c3-aaab-ec3da1904c52', '3eed6233-c124-4a78-a7af-cab47231f68f', '3eed6233-c124-4a78-a7af-cab47231f68f', '3eed6233-c124-4a78-a7af-cab47231f68f', '3eed6233-c124-4a78-a7af-cab47231f68f', '3eed6233-c124-4a78-a7af-cab47231f68f', '3eed6233-c124-4a78-a7af-cab47231f68f', '3eed6233-c124-4a78-a7af-cab47231f68f', 'bb7cc945-6380-4876-af08-f3d45cfcbc15', 'c69e8e08-db89-4fec-9656-8966733be516', 'f9b6a04c-32ca-4257-bae6-2340b966fe2f', 'cab7fba3-086e-4d08-9233-0e3c564645d0', 'f2c1a68e-b921-4ff2-82ef-63ae798d517e', '01f98223-9296-4a92-b9c0-d586521e3629', 'e35ddb5b-9656-4b50-897b-5e029d76dc0a', 'd019ba69-6533-4be6-9368-31ab2bfa30ac', '948b526b-bcaa-464c-b79c-481590414985', 'cdc93ce8-3444-437b-a8d1-8b2e2a28d9b0', '1cfcf4bc-129b-409f-9832-93ed79b646c6', 'dfe13d78-0146-49f1-b365-2ff41e6e94c8', 'fcb32866-440f-4f82-8082-3cbf974c04b4', '50b7b7ec-f013-4eab-8e00-995bfd42d812']"
bacaea0b-0861-4d12-9ba2-931ab1f2f051,0,"['acaf365a-5145-4d30-b937-7cb89750d9bf', 'acaf365a-5145-4d30-b937-7cb89750d9bf', 'acaf365a-5145-4d30-b937-7cb89750d9bf', 'acaf365a-5145-4d30-b937-7cb89750d9bf', 'acaf365a-5145-4d30-b937-7cb89750d9bf', 'acaf365a-5145-4d30-b937-7cb89750d9bf', 'acaf365a-5145-4d30-b937-7cb89750d9bf', 'acaf365a-5145-4d30-b937-7cb89750d9bf', 'acaf365a-5145-4d30-b937-7cb89750d9bf', 'acaf365a-5145-4d30-b937-7cb89750d9bf', 'acaf365a-5145-4d30-b937-7cb89750d9bf', 'acaf365a-5145-4d30-b937-7cb89750d9bf', 'acaf365a-5145-4d30-b937-7cb89750d9bf', 'acaf365a-5145-4d30-b937-7cb89750d9bf', 'acaf365a-5145-4d30-b937-7cb89750d9bf', 'acaf365a-5145-4d30-b937-7cb89750d9bf', 'acaf365a-5145-4d30-b937-7cb89750d9bf', 'acaf365a-5145-4d30-b937-7cb89750d9bf', 'acaf365a-5145-4d30-b937-7cb89750d9bf', 'acaf365a-5145-4d30-b937-7cb89750d9bf', 'acaf365a-5145-4d30-b937-7cb89750d9bf', 'acaf365a-5145-4d30-b937-7cb89750d9bf', 'acaf365a-5145-4d30-b937-7cb89750d9bf', 'acaf365a-5145-4d30-b937-7cb89750d9bf', 'acaf365a-5145-4d30-b937-7cb89750d9bf', 'acaf365a-5145-4d30-b937-7cb89750d9bf', 'acaf365a-5145-4d30-b937-7cb89750d9bf', 'acaf365a-5145-4d30-b937-7cb89750d9bf', 'acaf365a-5145-4d30-b937-7cb89750d9bf', 'acaf365a-5145-4d30-b937-7cb89750d9bf', 'acaf365a-5145-4d30-b937-7cb89750d9bf', 'acaf365a-5145-4d30-b937-7cb89750d9bf', 'acaf365a-5145-4d30-b937-7cb89750d9bf', 'acaf365a-5145-4d30-b937-7cb89750d9bf', 'acaf365a-5145-4d30-b937-7cb89750d9bf', 'acaf365a-5145-4d30-b937-7cb89750d9bf', 'acaf365a-5145-4d30-b937-7cb89750d9bf', 'acaf365a-5145-4d30-b937-7cb89750d9bf', 'acaf365a-5145-4d30-b937-7cb89750d9bf', 'acaf365a-5145-4d30-b937-7cb89750d9bf', 'acaf365a-5145-4d30-b937-7cb89750d9bf', 'acaf365a-5145-4d30-b937-7cb89750d9bf', 'acaf365a-5145-4d30-b937-7cb89750d9bf', 'acaf365a-5145-4d30-b937-7cb89750d9bf', 'acaf365a-5145-4d30-b937-7cb89750d9bf', 'acaf365a-5145-4d30-b937-7cb89750d9bf', 'acaf365a-5145-4d30-b937-7cb89750d9bf', 'acaf365a-5145-4d30-b937-7cb89750d9bf', 'acaf365a-5145-4d30-b937-7cb89750d9bf', 'acaf365a-5145-4d30-b937-7cb89750d9bf']"
dc08a826-d140-4735-9cb6-1a5e65740486,3,"['f9a3897b-bdb7-4700-8591-59ef204ce00b', '4d6e692c-ef80-4c9d-bed5-7ed63ea5b4f2', '4d6e692c-ef80-4c9d-bed5-7ed63ea5b4f2', '4d6e692c-ef80-4c9d-bed5-7ed63ea5b4f2', '4d6e692c-ef80-4c9d-bed5-7ed63ea5b4f2', '4d6e692c-ef80-4c9d-bed5-7ed63ea5b4f2', 'ea61d24f-d101-43fa-b518-28e433d0b88f', '9a958774-39e3-453f-bbb2-aefbcd1532e8', '9a958774-39e3-453f-bbb2-aefbcd1532e8', '9a958774-39e3-453f-bbb2-aefbcd1532e8', '9a958774-39e3-453f-bbb2-aefbcd1532e8', '9a958774-39e3-453f-bbb2-aefbcd1532e8', '9a958774-39e3-453f-bbb2-aefbcd1532e8', '9a958774-39e3-453f-bbb2-aefbcd1532e8', '5f6aef29-ae2e-4cce-8399-309bce1432ab', '5f6aef29-ae2e-4cce-8399-309bce1432ab', '5f6aef29-ae2e-4cce-8399-309bce1432ab', '5f6aef29-ae2e-4cce-8399-309bce1432ab', '5f6aef29-ae2e-4cce-8399-309bce1432ab', '5f6aef29-ae2e-4cce-8399-309bce1432ab', '5f6aef29-ae2e-4cce-8399-309bce1432ab', '5f6aef29-ae2e-4cce-8399-309bce1432ab', '5f6aef29-ae2e-4cce-8399-309bce1432ab', '5f6aef29-ae2e-4cce-8399-309bce1432ab', '5f6aef29-ae2e-4cce-8399-309bce1432ab', '5f6aef29-ae2e-4cce-8399-309bce1432ab', '5f6aef29-ae2e-4cce-8399-309bce1432ab', '5f6aef29-ae2e-4cce-8399-309bce1432ab', '5f6aef29-ae2e-4cce-8399-309bce1432ab', '5f6aef29-ae2e-4cce-8399-309bce1432ab', '5f6aef29-ae2e-4cce-8399-309bce1432ab', '5f6aef29-ae2e-4cce-8399-309bce1432ab', 'd6c9d016-f9b9-47b3-8d2f-e6f75064855e', 'c072931d-cd47-42a6-b7bb-ff8ad0737803', 'c072931d-cd47-42a6-b7bb-ff8ad0737803', 'c072931d-cd47-42a6-b7bb-ff8ad0737803', 'c072931d-cd47-42a6-b7bb-ff8ad0737803', 'c072931d-cd47-42a6-b7bb-ff8ad0737803', 'c072931d-cd47-42a6-b7bb-ff8ad0737803', 'c072931d-cd47-42a6-b7bb-ff8ad0737803', '946968f7-922f-4e97-9512-07b685379ca1', '946968f7-922f-4e97-9512-07b685379ca1', 'f55806c3-f93d-456c-b3de-ca5297e02904', 'f55806c3-f93d-456c-b3de-ca5297e02904', 'bc98d73e-112b-4681-b286-d3c72a95f54e', '58ea9e6e-de83-4ec5-8e29-ed3bc2956623', '6e308907-3a3e-4de1-bc40-bb10eb3a1fc4', 'f56fbda0-0f53-4315-b390-e6422455735f', 'd082d712-9b07-44e2-b7c4-fce8e6c648c7', '45e7e4fb-96c5-4ead-85b5-230e2750147f']"
76afac8f-1ad1-4038-96c3-9a24ac5d0071,1,"['0e47a600-f828-4a58-aee0-007df2aab7a6', '0e47a600-f828-4a58-aee0-007df2aab7a6', '0e47a600-f828-4a58-aee0-007df2aab7a6', '0e47a600-f828-4a58-aee0-007df2aab7a6', '0e47a600-f828-4a58-aee0-007df2aab7a6', '0e47a600-f828-4a58-aee0-007df2aab7a6', '0e47a600-f828-4a58-aee0-007df2aab7a6', '0e47a600-f828-4a58-aee0-007df2aab7a6', '0e47a600-f828-4a58-aee0-007df2aab7a6', '0e47a600-f828-4a58-aee0-007df2aab7a6', '0e47a600-f828-4a58-aee0-007df2aab7a6', '0e47a600-f828-4a58-aee0-007df2aab7a6', '0e47a600-f828-4a58-aee0-007df2aab7a6', '0e47a600-f828-4a58-aee0-007df2aab7a6', '0e47a600-f828-4a58-aee0-007df2aab7a6', '0e47a600-f828-4a58-aee0-007df2aab7a6', '0e47a600-f828-4a58-aee0-007df2aab7a6', '0e47a600-f828-4a58-aee0-007df2aab7a6', '0e47a600-f828-4a58-aee0-007df2aab7a6', '0e47a600-f828-4a58-aee0-007df2aab7a6', '0e47a600-f828-4a58-aee0-007df2aab7a6', '0e47a600-f828-4a58-aee0-007df2aab7a6', '0e47a600-f828-4a58-aee0-007df2aab7a6', '0e47a600-f828-4a58-aee0-007df2aab7a6', '0e47a600-f828-4a58-aee0-007df2aab7a6', '0e47a600-f828-4a58-aee0-007df2aab7a6', '0e47a600-f828-4a58-aee0-007df2aab7a6', '0e47a600-f828-4a58-aee0-007df2aab7a6', '0e47a600-f828-4a58-aee0-007df2aab7a6', '0e47a600-f828-4a58-aee0-007df2aab7a6', '0e47a600-f828-4a58-aee0-007df2aab7a6', '0e47a600-f828-4a58-aee0-007df2aab7a6', '0e47a600-f828-4a58-aee0-007df2aab7a6', '0e47a600-f828-4a58-aee0-007df2aab7a6', '0e47a600-f828-4a58-aee0-007df2aab7a6', '0e47a600-f828-4a58-aee0-007df2aab7a6', '0e47a600-f828-4a58-aee0-007df2aab7a6', '0e47a600-f828-4a58-aee0-007df2aab7a6', '3bbf8123-a5f2-4bf8-ace9-a3493a4c646c', '4552671a-1301-45ed-89c1-45f5aaf02e44', '3097fc56-0e0a-41c8-b218-fda45440883e', '2fcc2ef6-1df1-42bc-9e8b-684631defa57', 'f50fc7bc-ac80-4c57-934f-68b1bd4f6401', '676e6526-c0ae-4472-ad03-1b2b9dbcf03d', '245aac85-bdd3-4220-868b-9fe90eca7650', '5bbfdbdb-f714-4c29-8ce7-1b7ce17a39e2', 'd355d3d1-aa3d-4bdc-9c8a-f5187728a3f6', '33b49928-6e79-408d-a45f-3fe0b0f96601', '934e0c88-72fb-4f9a-a5b0-4b819a280e12', '67638415-db0e-4617-b193-2d05e42f2838']"
cd1602fa-928a-4e51-8d55-5ca20e19cdee,2,"['e25b6c76-ce0f-491a-8e18-fd6bc4a5bac7', 'e25b6c76-ce0f-491a-8e18-fd6bc4a5bac7', 'e25b6c76-ce0f-491a-8e18-fd6bc4a5bac7', 'e25b6c76-ce0f-491a-8e18-fd6bc4a5bac7', '4090a378-3786-4cfe-bbe4-4db1c1e0acf1', '4090a378-3786-4cfe-bbe4-4db1c1e0acf1', '4090a378-3786-4cfe-bbe4-4db1c1e0acf1', '4090a378-3786-4cfe-bbe4-4db1c1e0acf1', '4090a378-3786-4cfe-bbe4-4db1c1e0acf1', '4090a378-3786-4cfe-bbe4-4db1c1e0acf1', '4090a378-3786-4cfe-bbe4-4db1c1e0acf1', '4090a378-3786-4cfe-bbe4-4db1c1e0acf1', '02a69981-ffbc-409e-b25c-8af8af6f1e9a', '02a69981-ffbc-409e-b25c-8af8af6f1e9a', '02a69981-ffbc-409e-b25c-8af8af6f1e9a', '02a69981-ffbc-409e-b25c-8af8af6f1e9a', '02a69981-ffbc-409e-b25c-8af8af6f1e9a', '02a69981-ffbc-409e-b25c-8af8af6f1e9a', '0ae7d568-167c-4852-b843-2208d03cbcf0', '0ae7d568-167c-4852-b843-2208d03cbcf0', '0ae7d568-167c-4852-b843-2208d03cbcf0', '0ae7d568-167c-4852-b843-2208d03cbcf0', '0ae7d568-167c-4852-b843-2208d03cbcf0', '0ae7d568-167c-4852-b843-2208d03cbcf0', '0ae7d568-167c-4852-b843-2208d03cbcf0', '0ae7d568-167c-4852-b843-2208d03cbcf0', '0ae7d568-167c-4852-b843-2208d03cbcf0', '0ae7d568-167c-4852-b843-2208d03cbcf0', '0ae7d568-167c-4852-b843-2208d03cbcf0', '0ae7d568-167c-4852-b843-2208d03cbcf0', '0ae7d568-167c-4852-b843-2208d03cbcf0', '0ae7d568-167c-4852-b843-2208d03cbcf0', '0ae7d568-167c-4852-b843-2208d03cbcf0', '0ae7d568-167c-4852-b843-2208d03cbcf0', '0ae7d568-167c-4852-b843-2208d03cbcf0', '0ae7d568-167c-4852-b843-2208d03cbcf0', '55c3c8b4-bbaa-462c-9530-e5120d572d4f', '55c3c8b4-bbaa-462c-9530-e5120d572d4f', '55c3c8b4-bbaa-462c-9530-e5120d572d4f', '55c3c8b4-bbaa-462c-9530-e5120d572d4f', '55c3c8b4-bbaa-462c-9530-e5120d572d4f', '55c3c8b4-bbaa-462c-9530-e5120d572d4f', 'a82e2039-4036-4611-9e65-5a755c604e84', '4a573728-921c-4c8e-8cdd-599c6fd52493', '38d493b2-e8dd-44c6-a176-9ca71cdf0508', 'd5cd3ffe-53ff-4cfb-92f7-e6232971dfb8', '4e8089c8-4d47-4e81-8723-73bca16f3987', 'd21f1562-1200-4720-ab1b-fde083ffec78', 'de7dbf10-a5a6-44ac-8839-73fe38a17605', '57bf8c60-3de1-4655-8291-405b8652c854']"
bacaea0b-0861-4d12-9ba2-931ab1f2f051,1,"['acaf365a-5145-4d30-b937-7cb89750d9bf', 'acaf365a-5145-4d30-b937-7cb89750d9bf', 'acaf365a-5145-4d30-b937-7cb89750d9bf', 'acaf365a-5145-4d30-b937-7cb89750d9bf', 'acaf365a-5145-4d30-b937-7cb89750d9bf', 'acaf365a-5145-4d30-b937-7cb89750d9bf', 'acaf365a-5145-4d30-b937-7cb89750d9bf', 'acaf365a-5145-4d30-b937-7cb89750d9bf', 'acaf365a-5145-4d30-b937-7cb89750d9bf', 'acaf365a-5145-4d30-b937-7cb89750d9bf', 'acaf365a-5145-4d30-b937-7cb89750d9bf', 'acaf365a-5145-4d30-b937-7cb89750d9bf', 'acaf365a-5145-4d30-b937-7cb89750d9bf', 'acaf365a-5145-4d30-b937-7cb89750d9bf', 'acaf365a-5145-4d30-b937-7cb89750d9bf', 'acaf365a-5145-4d30-b937-7cb89750d9bf', 'acaf365a-5145-4d30-b937-7cb89750d9bf', 'acaf365a-5145-4d30-b937-7cb89750d9bf', 'acaf365a-5145-4d30-b937-7cb89750d9bf', 'acaf365a-5145-4d30-b937-7cb89750d9bf', 'acaf365a-5145-4d30-b937-7cb89750d9bf', 'acaf365a-5145-4d30-b937-7cb89750d9bf', 'acaf365a-5145-4d30-b937-7cb89750d9bf', 'acaf365a-5145-4d30-b937-7cb89750d9bf', 'acaf365a-5145-4d30-b937-7cb89750d9bf', 'acaf365a-5145-4d30-b937-7cb89750d9bf', 'acaf365a-5145-4d30-b937-7cb89750d9bf', 'acaf365a-5145-4d30-b937-7cb89750d9bf', 'acaf365a-5145-4d30-b937-7cb89750d9bf', 'acaf365a-5145-4d30-b937-7cb89750d9bf', 'acaf365a-5145-4d30-b937-7cb89750d9bf', 'acaf365a-5145-4d30-b937-7cb89750d9bf', 'acaf365a-5145-4d30-b937-7cb89750d9bf', 'acaf365a-5145-4d30-b937-7cb89750d9bf', 'acaf365a-5145-4d30-b937-7cb89750d9bf', 'acaf365a-5145-4d30-b937-7cb89750d9bf', 'acaf365a-5145-4d30-b937-7cb89750d9bf', 'acaf365a-5145-4d30-b937-7cb89750d9bf', 'acaf365a-5145-4d30-b937-7cb89750d9bf', 'acaf365a-5145-4d30-b937-7cb89750d9bf', 'acaf365a-5145-4d30-b937-7cb89750d9bf', '02be2aa9-bc1a-4344-9f0b-517801401651', '27c15955-3dee-4ac7-a7b5-899cc0ca3576', '1d88698e-8a05-4253-9244-84651d4fc843', 'ee49fcef-7829-42fd-918d-92fc1b7725bc', 'bf241727-d0e9-4e2b-966c-4460e7391495', 'd8a2a42c-2a0c-47b6-bc27-7cee6cc561d1', '3f0e2de4-deca-4cc5-8824-d84f8fe65461', '68f54af4-9ae0-4764-a818-fe22bfb414ac', '6340df2a-9f13-4502-aafc-33039ac65f6e']"
cd1602fa-928a-4e51-8d55-5ca20e19cdee,3,"['4090a378-3786-4cfe-bbe4-4db1c1e0acf1', '4090a378-3786-4cfe-bbe4-4db1c1e0acf1', '4090a378-3786-4cfe-bbe4-4db1c1e0acf1', '02a69981-ffbc-409e-b25c-8af8af6f1e9a', '0ae7d568-167c-4852-b843-2208d03cbcf0', '0ae7d568-167c-4852-b843-2208d03cbcf0', '0ae7d568-167c-4852-b843-2208d03cbcf0', '0ae7d568-167c-4852-b843-2208d03cbcf0', '0ae7d568-167c-4852-b843-2208d03cbcf0', '0ae7d568-167c-4852-b843-2208d03cbcf0', '0ae7d568-167c-4852-b843-2208d03cbcf0', '0ae7d568-167c-4852-b843-2208d03cbcf0', '0ae7d568-167c-4852-b843-2208d03cbcf0', '55c3c8b4-bbaa-462c-9530-e5120d572d4f', '38d493b2-e8dd-44c6-a176-9ca71cdf0508', '4e8089c8-4d47-4e81-8723-73bca16f3987', '4e8089c8-4d47-4e81-8723-73bca16f3987', 'd21f1562-1200-4720-ab1b-fde083ffec78', 'd21f1562-1200-4720-ab1b-fde083ffec78', 'd21f1562-1200-4720-ab1b-fde083ffec78', 'd21f1562-1200-4720-ab1b-fde083ffec78', 'd21f1562-1200-4720-ab1b-fde083ffec78', 'd21f1562-1200-4720-ab1b-fde083ffec78', '57bf8c60-3de1-4655-8291-405b8652c854', '57bf8c60-3de1-4655-8291-405b8652c854', '57bf8c60-3de1-4655-8291-405b8652c854', '57bf8c60-3de1-4655-8291-405b8652c854', '57bf8c60-3de1-4655-8291-405b8652c854', '57bf8c60-3de1-4655-8291-405b8652c854', '57bf8c60-3de1-4655-8291-405b8652c854', '57bf8c60-3de1-4655-8291-405b8652c854', '57bf8c60-3de1-4655-8291-405b8652c854', '57bf8c60-3de1-4655-8291-405b8652c854', '57bf8c60-3de1-4655-8291-405b8652c854', '57bf8c60-3de1-4655-8291-405b8652c854', '57bf8c60-3de1-4655-8291-405b8652c854', '57bf8c60-3de1-4655-8291-405b8652c854', '57bf8c60-3de1-4655-8291-405b8652c854', '57bf8c60-3de1-4655-8291-405b8652c854', '57bf8c60-3de1-4655-8291-405b8652c854', '57bf8c60-3de1-4655-8291-405b8652c854', '57bf8c60-3de1-4655-8291-405b8652c854', '57bf8c60-3de1-4655-8291-405b8652c854', '57bf8c60-3de1-4655-8291-405b8652c854', '57bf8c60-3de1-4655-8291-405b8652c854', '45d0d1f8-cdc0-4a5f-98ff-5796c006849e', 'e612c010-12e3-4a80-b169-e8cc7d5f26b2', 'b78ac64a-8853-49b5-9e0e-19c5a292001a', '70240960-bfda-4d35-866b-470d56a46f19', '961d8a36-b44b-472c-968a-252613a91e37']"
dc08a826-d140-4735-9cb6-1a5e65740486,4,"['f9a3897b-bdb7-4700-8591-59ef204ce00b', '4d6e692c-ef80-4c9d-bed5-7ed63ea5b4f2', '4d6e692c-ef80-4c9d-bed5-7ed63ea5b4f2', '4d6e692c-ef80-4c9d-bed5-7ed63ea5b4f2', '4d6e692c-ef80-4c9d-bed5-7ed63ea5b4f2', 'ea61d24f-d101-43fa-b518-28e433d0b88f', '9a958774-39e3-453f-bbb2-aefbcd1532e8', '9a958774-39e3-453f-bbb2-aefbcd1532e8', '9a958774-39e3-453f-bbb2-aefbcd1532e8', '9a958774-39e3-453f-bbb2-aefbcd1532e8', '9a958774-39e3-453f-bbb2-aefbcd1532e8', '9a958774-39e3-453f-bbb2-aefbcd1532e8', '5f6aef29-ae2e-4cce-8399-309bce1432ab', '5f6aef29-ae2e-4cce-8399-309bce1432ab', '5f6aef29-ae2e-4cce-8399-309bce1432ab', '5f6aef29-ae2e-4cce-8399-309bce1432ab', '5f6aef29-ae2e-4cce-8399-309bce1432ab', '5f6aef29-ae2e-4cce-8399-309bce1432ab', '5f6aef29-ae2e-4cce-8399-309bce1432ab', '5f6aef29-ae2e-4cce-8399-309bce1432ab', '5f6aef29-ae2e-4cce-8399-309bce1432ab', '5f6aef29-ae2e-4cce-8399-309bce1432ab', '5f6aef29-ae2e-4cce-8399-309bce1432ab', '5f6aef29-ae2e-4cce-8399-309bce1432ab', '5f6aef29-ae2e-4cce-8399-309bce1432ab', '5f6aef29-ae2e-4cce-8399-309bce1432ab', 'c072931d-cd47-42a6-b7bb-ff8ad0737803', 'c072931d-cd47-42a6-b7bb-ff8ad0737803', 'c072931d-cd47-42a6-b7bb-ff8ad0737803', 'c072931d-cd47-42a6-b7bb-ff8ad0737803', 'c072931d-cd47-42a6-b7bb-ff8ad0737803', 'c072931d-cd47-42a6-b7bb-ff8ad0737803', 'c072931d-cd47-42a6-b7bb-ff8ad0737803', '946968f7-922f-4e97-9512-07b685379ca1', 'f55806c3-f93d-456c-b3de-ca5297e02904', 'f55806c3-f93d-456c-b3de-ca5297e02904', 'bc98d73e-112b-4681-b286-d3c72a95f54e', '58ea9e6e-de83-4ec5-8e29-ed3bc2956623', '6e308907-3a3e-4de1-bc40-bb10eb3a1fc4', 'd082d712-9b07-44e2-b7c4-fce8e6c648c7', '45e7e4fb-96c5-4ead-85b5-230e2750147f', 'f501654a-2916-40dc-9df3-d734772a23c4', '9a24d36c-fdac-402b-8b42-247caab89641', '2b7b9f3d-0641-4fd2-bbd9-38ec72af45f2', 'ccddd804-6e4a-40bc-ab83-1575ccdb2e93', '1323504b-3b51-41d2-832a-fbf38d3704d4', '201a61fc-fdf9-47af-8c55-3475a81871d8', 'dc2eaf0a-f6ad-48c2-8663-f744e45fd8dc', '7020366f-966d-4f50-8a6c-87841edeb742', '71f39bda-f741-4b65-849f-4d8edc6b1194']"
db03acde-53da-40c4-bf9b-f916655e0c15,4,"['9a2dba5a-ce9f-44e3-91a2-3eea2beb6289', '9a2dba5a-ce9f-44e3-91a2-3eea2beb6289', '9a2dba5a-ce9f-44e3-91a2-3eea2beb6289', '9a2dba5a-ce9f-44e3-91a2-3eea2beb6289', 'b286c1e6-f203-4f0e-949a-bd3b2f5ea61f', '6bda2932-cd0f-46c3-aaab-ec3da1904c52', '3eed6233-c124-4a78-a7af-cab47231f68f', '3eed6233-c124-4a78-a7af-cab47231f68f', '3eed6233-c124-4a78-a7af-cab47231f68f', '3eed6233-c124-4a78-a7af-cab47231f68f', '3eed6233-c124-4a78-a7af-cab47231f68f', '3eed6233-c124-4a78-a7af-cab47231f68f', '3eed6233-c124-4a78-a7af-cab47231f68f', '3eed6233-c124-4a78-a7af-cab47231f68f', '3eed6233-c124-4a78-a7af-cab47231f68f', '3eed6233-c124-4a78-a7af-cab47231f68f', '3eed6233-c124-4a78-a7af-cab47231f68f', '3eed6233-c124-4a78-a7af-cab47231f68f', '3eed6233-c124-4a78-a7af-cab47231f68f', '3eed6233-c124-4a78-a7af-cab47231f68f', '3eed6233-c124-4a78-a7af-cab47231f68f', 'c69e8e08-db89-4fec-9656-8966733be516', 'f2c1a68e-b921-4ff2-82ef-63ae798d517e', 'f2c1a68e-b921-4ff2-82ef-63ae798d517e', 'f2c1a68e-b921-4ff2-82ef-63ae798d517e', 'f2c1a68e-b921-4ff2-82ef-63ae798d517e', 'f2c1a68e-b921-4ff2-82ef-63ae798d517e', 'f2c1a68e-b921-4ff2-82ef-63ae798d517e', 'f2c1a68e-b921-4ff2-82ef-63ae798d517e', 'f2c1a68e-b921-4ff2-82ef-63ae798d517e', 'f2c1a68e-b921-4ff2-82ef-63ae798d517e', 'f2c1a68e-b921-4ff2-82ef-63ae798d517e', 'f2c1a68e-b921-4ff2-82ef-63ae798d517e', 'f2c1a68e-b921-4ff2-82ef-63ae798d517e', 'f2c1a68e-b921-4ff2-82ef-63ae798d517e', '1cfcf4bc-129b-409f-9832-93ed79b646c6', '3a9077e3-d6e2-4c96-b32f-eb40fb039995', 'e6961367-81d3-4bda-9d9c-4c3a68cb4897', '2b5d2e89-96bf-4507-8ef3-de17dc541e61', '6cc3aeca-e818-4160-88ad-e820d8302d52', '7dabe494-bb12-48cb-91c3-75e993cb4299', 'cb075c7d-8c68-44ca-bdab-22d4741b809d', '8e42b709-6fd1-4b0b-9037-f3fc71054f1c', '2e270fed-3d42-4806-b91c-aa3760eddf79', 'b31ac035-7674-4aef-bf58-1bcfcde90592', 'c6995fe4-e59c-4f57-9265-17117786f2ca', '18471d00-3eae-4d24-9566-5371c79b43e6', '787afe63-fdb9-4a89-8bb9-b746e7150079', '26387fd4-b6ff-425c-9f07-83eab411d75a', 'cfd141fa-e909-4ade-9a83-36651a9f7f60']"
76afac8f-1ad1-4038-96c3-9a24ac5d0071,2,"['3bbf8123-a5f2-4bf8-ace9-a3493a4c646c', '2fcc2ef6-1df1-42bc-9e8b-684631defa57', '5bbfdbdb-f714-4c29-8ce7-1b7ce17a39e2', '33b49928-6e79-408d-a45f-3fe0b0f96601', '33b49928-6e79-408d-a45f-3fe0b0f96601', '33b49928-6e79-408d-a45f-3fe0b0f96601', '33b49928-6e79-408d-a45f-3fe0b0f96601', '33b49928-6e79-408d-a45f-3fe0b0f96601', '33b49928-6e79-408d-a45f-3fe0b0f96601', '33b49928-6e79-408d-a45f-3fe0b0f96601', '33b49928-6e79-408d-a45f-3fe0b0f96601', '33b49928-6e79-408d-a45f-3fe0b0f96601', '33b49928-6e79-408d-a45f-3fe0b0f96601', '33b49928-6e79-408d-a45f-3fe0b0f96601', '33b49928-6e79-408d-a45f-3fe0b0f96601', '33b49928-6e79-408d-a45f-3fe0b0f96601', '33b49928-6e79-408d-a45f-3fe0b0f96601', '33b49928-6e79-408d-a45f-3fe0b0f96601', '33b49928-6e79-408d-a45f-3fe0b0f96601', '33b49928-6e79-408d-a45f-3fe0b0f96601', '33b49928-6e79-408d-a45f-3fe0b0f96601', '33b49928-6e79-408d-a45f-3fe0b0f96601', '33b49928-6e79-408d-a45f-3fe0b0f96601', '33b49928-6e79-408d-a45f-3fe0b0f96601', '33b49928-6e79-408d-a45f-3fe0b0f96601', '33b49928-6e79-408d-a45f-3fe0b0f96601', '33b49928-6e79-408d-a45f-3fe0b0f96601', '33b49928-6e79-408d-a45f-3fe0b0f96601', '33b49928-6e79-408d-a45f-3fe0b0f96601', '33b49928-6e79-408d-a45f-3fe0b0f96601', '33b49928-6e79-408d-a45f-3fe0b0f96601', '33b49928-6e79-408d-a45f-3fe0b0f96601', '33b49928-6e79-408d-a45f-3fe0b0f96601', '33b49928-6e79-408d-a45f-3fe0b0f96601', '33b49928-6e79-408d-a45f-3fe0b0f96601', '33b49928-6e79-408d-a45f-3fe0b0f96601', '33b49928-6e79-408d-a45f-3fe0b0f96601', '934e0c88-72fb-4f9a-a5b0-4b819a280e12', '67638415-db0e-4617-b193-2d05e42f2838', '67638415-db0e-4617-b193-2d05e42f2838', '1ea6023b-afd9-4166-91ad-916123ca9b0e', 'dfcfa6ef-aba0-4f75-ae11-cece413a1db7', '8112c0cd-08b5-4cb2-9e2d-2901edf6cb41', 'eda09e93-a864-4c24-91c1-5c992b20d969', 'becf78d0-14a4-40c4-973c-fb781890b005', 'b16f61b0-359f-4d82-a613-cad828cc35af', '00ab9155-52bb-4d79-919c-79538eea78ab', '7ec562ec-6437-426e-b14b-048b5ad5c323', 'cdefda13-6ac4-4e2d-a3ae-954753623f56', '14fe492a-d95d-4a76-bd39-e5d61d22093f']"
dc08a826-d140-4735-9cb6-1a5e65740486,5,"['9a958774-39e3-453f-bbb2-aefbcd1532e8', '5f6aef29-ae2e-4cce-8399-309bce1432ab', '5f6aef29-ae2e-4cce-8399-309bce1432ab', '5f6aef29-ae2e-4cce-8399-309bce1432ab', '5f6aef29-ae2e-4cce-8399-309bce1432ab', 'c072931d-cd47-42a6-b7bb-ff8ad0737803', 'c072931d-cd47-42a6-b7bb-ff8ad0737803', 'c072931d-cd47-42a6-b7bb-ff8ad0737803', 'c072931d-cd47-42a6-b7bb-ff8ad0737803', 'c072931d-cd47-42a6-b7bb-ff8ad0737803', 'c072931d-cd47-42a6-b7bb-ff8ad0737803', 'c072931d-cd47-42a6-b7bb-ff8ad0737803', '946968f7-922f-4e97-9512-07b685379ca1', 'f55806c3-f93d-456c-b3de-ca5297e02904', 'f501654a-2916-40dc-9df3-d734772a23c4', '2b7b9f3d-0641-4fd2-bbd9-38ec72af45f2', '2b7b9f3d-0641-4fd2-bbd9-38ec72af45f2', 'ccddd804-6e4a-40bc-ab83-1575ccdb2e93', 'ccddd804-6e4a-40bc-ab83-1575ccdb2e93', 'ccddd804-6e4a-40bc-ab83-1575ccdb2e93', 'dc2eaf0a-f6ad-48c2-8663-f744e45fd8dc', 'dc2eaf0a-f6ad-48c2-8663-f744e45fd8dc', 'dc2eaf0a-f6ad-48c2-8663-f744e45fd8dc', 'dc2eaf0a-f6ad-48c2-8663-f744e45fd8dc', 'dc2eaf0a-f6ad-48c2-8663-f744e45fd8dc', 'dc2eaf0a-f6ad-48c2-8663-f744e45fd8dc', 'dc2eaf0a-f6ad-48c2-8663-f744e45fd8dc', 'dc2eaf0a-f6ad-48c2-8663-f744e45fd8dc', 'dc2eaf0a-f6ad-48c2-8663-f744e45fd8dc', 'dc2eaf0a-f6ad-48c2-8663-f744e45fd8dc', 'dc2eaf0a-f6ad-48c2-8663-f744e45fd8dc', 'dc2eaf0a-f6ad-48c2-8663-f744e45fd8dc', 'dc2eaf0a-f6ad-48c2-8663-f744e45fd8dc', 'dc2eaf0a-f6ad-48c2-8663-f744e45fd8dc', 'dc2eaf0a-f6ad-48c2-8663-f744e45fd8dc', 'dc2eaf0a-f6ad-48c2-8663-f744e45fd8dc', 'dc2eaf0a-f6ad-48c2-8663-f744e45fd8dc', 'dc2eaf0a-f6ad-48c2-8663-f744e45fd8dc', 'dc2eaf0a-f6ad-48c2-8663-f744e45fd8dc', 'dc2eaf0a-f6ad-48c2-8663-f744e45fd8dc', 'dc2eaf0a-f6ad-48c2-8663-f744e45fd8dc', 'dc2eaf0a-f6ad-48c2-8663-f744e45fd8dc', '008f9d4a-f21d-4b6a-aaeb-dae1b251e808', '5cdee1ed-a68b-42d6-b613-c1be30f271ed', '1fa15a78-8c82-4b24-a376-c556927de628', 'b6549a3c-a8a5-48bf-8606-71231da8deea', '0ef2d125-0304-426d-99cf-13496dbb0cb2', '86788ef1-b8eb-4dff-86dc-af44e8a159f7', 'ded60f56-182c-44b8-bf80-d3f6ef56db20', '534387ea-90d7-4d40-93ac-1fa294306d1a']"
bacaea0b-0861-4d12-9ba2-931ab1f2f051,2,"['02be2aa9-bc1a-4344-9f0b-517801401651', '02be2aa9-bc1a-4344-9f0b-517801401651', '02be2aa9-bc1a-4344-9f0b-517801401651', '02be2aa9-bc1a-4344-9f0b-517801401651', '27c15955-3dee-4ac7-a7b5-899cc0ca3576', '27c15955-3dee-4ac7-a7b5-899cc0ca3576', '27c15955-3dee-4ac7-a7b5-899cc0ca3576', '27c15955-3dee-4ac7-a7b5-899cc0ca3576', '1d88698e-8a05-4253-9244-84651d4fc843', '1d88698e-8a05-4253-9244-84651d4fc843', 'ee49fcef-7829-42fd-918d-92fc1b7725bc', 'ee49fcef-7829-42fd-918d-92fc1b7725bc', 'ee49fcef-7829-42fd-918d-92fc1b7725bc', 'bf241727-d0e9-4e2b-966c-4460e7391495', 'd8a2a42c-2a0c-47b6-bc27-7cee6cc561d1', 'd8a2a42c-2a0c-47b6-bc27-7cee6cc561d1', '3f0e2de4-deca-4cc5-8824-d84f8fe65461', '68f54af4-9ae0-4764-a818-fe22bfb414ac', '68f54af4-9ae0-4764-a818-fe22bfb414ac', '68f54af4-9ae0-4764-a818-fe22bfb414ac', '68f54af4-9ae0-4764-a818-fe22bfb414ac', '68f54af4-9ae0-4764-a818-fe22bfb414ac', '68f54af4-9ae0-4764-a818-fe22bfb414ac', '68f54af4-9ae0-4764-a818-fe22bfb414ac', '68f54af4-9ae0-4764-a818-fe22bfb414ac', '68f54af4-9ae0-4764-a818-fe22bfb414ac', '6340df2a-9f13-4502-aafc-33039ac65f6e', '6340df2a-9f13-4502-aafc-33039ac65f6e', '6340df2a-9f13-4502-aafc-33039ac65f6e', '6340df2a-9f13-4502-aafc-33039ac65f6e', '6340df2a-9f13-4502-aafc-33039ac65f6e', '6340df2a-9f13-4502-aafc-33039ac65f6e', '6340df2a-9f13-4502-aafc-33039ac65f6e', '6340df2a-9f13-4502-aafc-33039ac65f6e', '6340df2a-9f13-4502-aafc-33039ac65f6e', '6340df2a-9f13-4502-aafc-33039ac65f6e', '8c1ed85e-a9ff-45dc-9eb0-dc24832962a8', '90e4b46d-6d76-4225-9f0b-f6cbc71e88fe', 'f0b6a6a6-9eae-45ae-8d25-db52998a1885', '8250bd2e-83be-45b8-8653-d430524a9917', '414668b7-c139-4388-ba4b-f09ae4762a82', '65452ba4-7a1d-4f10-9b4b-169d59c2e912', '80e82786-9941-42b6-bde1-dca7a783cb1e', 'c0964a00-3ade-4f48-ae78-3072fa2e015e', '75b2b7bb-9270-49be-ac6f-94b8d1122775', '49d2491c-2547-43ec-b1f0-ff0965909f2a', 'ed98ba5e-52be-44b1-9147-6ef4052cf23c', 'aa0512c2-8c6f-4864-98d2-e25c4ec7c2be', '48e30697-eeac-4c34-a819-7211430db983', '452f61ba-2601-4575-a438-1436e3cbdc67']"
db03acde-53da-40c4-bf9b-f916655e0c15,5,"['3eed6233-c124-4a78-a7af-cab47231f68f', '3eed6233-c124-4a78-a7af-cab47231f68f', '3eed6233-c124-4a78-a7af-cab47231f68f', '3eed6233-c124-4a78-a7af-cab47231f68f', '3eed6233-c124-4a78-a7af-cab47231f68f', '3eed6233-c124-4a78-a7af-cab47231f68f', 'f2c1a68e-b921-4ff2-82ef-63ae798d517e', 'f2c1a68e-b921-4ff2-82ef-63ae798d517e', 'f2c1a68e-b921-4ff2-82ef-63ae798d517e', 'f2c1a68e-b921-4ff2-82ef-63ae798d517e', 'f2c1a68e-b921-4ff2-82ef-63ae798d517e', 'f2c1a68e-b921-4ff2-82ef-63ae798d517e', 'f2c1a68e-b921-4ff2-82ef-63ae798d517e', 'f2c1a68e-b921-4ff2-82ef-63ae798d517e', 'f2c1a68e-b921-4ff2-82ef-63ae798d517e', 'f2c1a68e-b921-4ff2-82ef-63ae798d517e', 'f2c1a68e-b921-4ff2-82ef-63ae798d517e', 'f2c1a68e-b921-4ff2-82ef-63ae798d517e', 'f2c1a68e-b921-4ff2-82ef-63ae798d517e', 'f2c1a68e-b921-4ff2-82ef-63ae798d517e', 'f2c1a68e-b921-4ff2-82ef-63ae798d517e', 'f2c1a68e-b921-4ff2-82ef-63ae798d517e', 'f2c1a68e-b921-4ff2-82ef-63ae798d517e', 'f2c1a68e-b921-4ff2-82ef-63ae798d517e', 'f2c1a68e-b921-4ff2-82ef-63ae798d517e', 'f2c1a68e-b921-4ff2-82ef-63ae798d517e', 'f2c1a68e-b921-4ff2-82ef-63ae798d517e', 'f2c1a68e-b921-4ff2-82ef-63ae798d517e', 'f2c1a68e-b921-4ff2-82ef-63ae798d517e', 'f2c1a68e-b921-4ff2-82ef-63ae798d517e', 'f2c1a68e-b921-4ff2-82ef-63ae798d517e', 'f2c1a68e-b921-4ff2-82ef-63ae798d517e', 'f2c1a68e-b921-4ff2-82ef-63ae798d517e', 'f2c1a68e-b921-4ff2-82ef-63ae798d517e', 'f2c1a68e-b921-4ff2-82ef-63ae798d517e', 'f2c1a68e-b921-4ff2-82ef-63ae798d517e', 'f2c1a68e-b921-4ff2-82ef-63ae798d517e', 'f2c1a68e-b921-4ff2-82ef-63ae798d517e', '8e42b709-6fd1-4b0b-9037-f3fc71054f1c', '015eb2f0-d2fb-4e3a-b0e2-26acd63d51c0', '5e84c7fc-87cd-4d91-aec2-73e40c2e1fde', 'd0e4d2bb-c952-4cfd-9dfd-4dcbeb921fc4', 'aca48712-a5f4-489f-8106-7fef88e3a88e', '8e0e385c-743c-4d17-949f-e4c99ec309a9', '1567ae4f-5fdd-48f9-88f0-8d5595efaecc', '8691a214-990a-4b5f-b423-610bd3666543', '2f7b1884-dc43-4b3b-8699-48d19f9827ee', 'cf2ff072-640b-4b4c-97fd-ce7191c1d590', '9034ab14-2e06-462b-b7ec-42bf843226a5', 'c526a7ec-bc59-4208-aeef-d0ba40669fda']"
cd1602fa-928a-4e51-8d55-5ca20e19cdee,4,"['4090a378-3786-4cfe-bbe4-4db1c1e0acf1', '4090a378-3786-4cfe-bbe4-4db1c1e0acf1', '0ae7d568-167c-4852-b843-2208d03cbcf0', '0ae7d568-167c-4852-b843-2208d03cbcf0', '0ae7d568-167c-4852-b843-2208d03cbcf0', '0ae7d568-167c-4852-b843-2208d03cbcf0', '0ae7d568-167c-4852-b843-2208d03cbcf0', '0ae7d568-167c-4852-b843-2208d03cbcf0', '0ae7d568-167c-4852-b843-2208d03cbcf0', '0ae7d568-167c-4852-b843-2208d03cbcf0', '55c3c8b4-bbaa-462c-9530-e5120d572d4f', '38d493b2-e8dd-44c6-a176-9ca71cdf0508', '4e8089c8-4d47-4e81-8723-73bca16f3987', '4e8089c8-4d47-4e81-8723-73bca16f3987', 'd21f1562-1200-4720-ab1b-fde083ffec78', 'd21f1562-1200-4720-ab1b-fde083ffec78', 'd21f1562-1200-4720-ab1b-fde083ffec78', '57bf8c60-3de1-4655-8291-405b8652c854', '57bf8c60-3de1-4655-8291-405b8652c854', '57bf8c60-3de1-4655-8291-405b8652c854', '57bf8c60-3de1-4655-8291-405b8652c854', '57bf8c60-3de1-4655-8291-405b8652c854', '57bf8c60-3de1-4655-8291-405b8652c854', '57bf8c60-3de1-4655-8291-405b8652c854', '57bf8c60-3de1-4655-8291-405b8652c854', '57bf8c60-3de1-4655-8291-405b8652c854', '57bf8c60-3de1-4655-8291-405b8652c854', '57bf8c60-3de1-4655-8291-405b8652c854', '57bf8c60-3de1-4655-8291-405b8652c854', '57bf8c60-3de1-4655-8291-405b8652c854', '57bf8c60-3de1-4655-8291-405b8652c854', '57bf8c60-3de1-4655-8291-405b8652c854', '45d0d1f8-cdc0-4a5f-98ff-5796c006849e', 'b78ac64a-8853-49b5-9e0e-19c5a292001a', '70240960-bfda-4d35-866b-470d56a46f19', '961d8a36-b44b-472c-968a-252613a91e37', 'd916a3a2-cb90-4be4-ad72-06d0034d0229', '7bb8f320-0f3e-40e1-bd60-5e73b9685464', '71109036-12bf-48d0-af75-3396cfe0b73b', '12f2a3d8-5038-47f9-b7b2-336f9e22a212', 'b6465109-0798-49d9-8a71-84ee9d641437', '7e64fa63-cfae-487e-8e45-f36b5cd801a0', 'a8b1b0e5-c9fb-40af-831c-51e078965174', '6f0b2b79-a528-430d-a1d5-97ca0f0a7252', '673475d8-765e-44d6-817d-a6fa69a5947e', '124b04e6-3d4d-44ce-92be-b8cd6ad4d5ef', 'd62940f5-a4c9-48e8-a221-d7fad120e2a1', '8130c026-821c-4042-8637-f446aa9bde3b', '2b7c7de6-933e-4cfa-ba4d-61f96b4d1852', '91e1952b-3c6d-4b9b-a511-2369af854dc0']"
2cab4800-381f-42fc-86fb-b87d46b33ff9,0,"['a9f701c0-370d-40ae-9ab0-5969fd96d69a', 'a9f701c0-370d-40ae-9ab0-5969fd96d69a', 'a9f701c0-370d-40ae-9ab0-5969fd96d69a', 'a9f701c0-370d-40ae-9ab0-5969fd96d69a', 'a9f701c0-370d-40ae-9ab0-5969fd96d69a', 'a9f701c0-370d-40ae-9ab0-5969fd96d69a', 'a9f701c0-370d-40ae-9ab0-5969fd96d69a', 'a9f701c0-370d-40ae-9ab0-5969fd96d69a', 'a9f701c0-370d-40ae-9ab0-5969fd96d69a', 'a9f701c0-370d-40ae-9ab0-5969fd96d69a', 'a9f701c0-370d-40ae-9ab0-5969fd96d69a', 'a9f701c0-370d-40ae-9ab0-5969fd96d69a', 'a9f701c0-370d-40ae-9ab0-5969fd96d69a', 'a9f701c0-370d-40ae-9ab0-5969fd96d69a', 'a9f701c0-370d-40ae-9ab0-5969fd96d69a', 'a9f701c0-370d-40ae-9ab0-5969fd96d69a', 'a9f701c0-370d-40ae-9ab0-5969fd96d69a', 'a9f701c0-370d-40ae-9ab0-5969fd96d69a', 'a9f701c0-370d-40ae-9ab0-5969fd96d69a', 'a9f701c0-370d-40ae-9ab0-5969fd96d69a', 'a9f701c0-370d-40ae-9ab0-5969fd96d69a', 'a9f701c0-370d-40ae-9ab0-5969fd96d69a', 'a9f701c0-370d-40ae-9ab0-5969fd96d69a', 'a9f701c0-370d-40ae-9ab0-5969fd96d69a', 'a9f701c0-370d-40ae-9ab0-5969fd96d69a', 'a9f701c0-370d-40ae-9ab0-5969fd96d69a', 'a9f701c0-370d-40ae-9ab0-5969fd96d69a', 'a9f701c0-370d-40ae-9ab0-5969fd96d69a', 'a9f701c0-370d-40ae-9ab0-5969fd96d69a', 'a9f701c0-370d-40ae-9ab0-5969fd96d69a', 'a9f701c0-370d-40ae-9ab0-5969fd96d69a', 'a9f701c0-370d-40ae-9ab0-5969fd96d69a', 'a9f701c0-370d-40ae-9ab0-5969fd96d69a', 'a9f701c0-370d-40ae-9ab0-5969fd96d69a', 'a9f701c0-370d-40ae-9ab0-5969fd96d69a', 'a9f701c0-370d-40ae-9ab0-5969fd96d69a', 'a9f701c0-370d-40ae-9ab0-5969fd96d69a', 'a9f701c0-370d-40ae-9ab0-5969fd96d69a', 'a9f701c0-370d-40ae-9ab0-5969fd96d69a', 'a9f701c0-370d-40ae-9ab0-5969fd96d69a', 'a9f701c0-370d-40ae-9ab0-5969fd96d69a', 'a9f701c0-370d-40ae-9ab0-5969fd96d69a', 'a9f701c0-370d-40ae-9ab0-5969fd96d69a', 'a9f701c0-370d-40ae-9ab0-5969fd96d69a', 'a9f701c0-370d-40ae-9ab0-5969fd96d69a', 'a9f701c0-370d-40ae-9ab0-5969fd96d69a', 'a9f701c0-370d-40ae-9ab0-5969fd96d69a', 'a9f701c0-370d-40ae-9ab0-5969fd96d69a', 'a9f701c0-370d-40ae-9ab0-5969fd96d69a', 'a9f701c0-370d-40ae-9ab0-5969fd96d69a']"
76afac8f-1ad1-4038-96c3-9a24ac5d0071,3,"['3bbf8123-a5f2-4bf8-ace9-a3493a4c646c', '2fcc2ef6-1df1-42bc-9e8b-684631defa57', '5bbfdbdb-f714-4c29-8ce7-1b7ce17a39e2', '33b49928-6e79-408d-a45f-3fe0b0f96601', '33b49928-6e79-408d-a45f-3fe0b0f96601', '33b49928-6e79-408d-a45f-3fe0b0f96601', '33b49928-6e79-408d-a45f-3fe0b0f96601', '33b49928-6e79-408d-a45f-3fe0b0f96601', '33b49928-6e79-408d-a45f-3fe0b0f96601', '33b49928-6e79-408d-a45f-3fe0b0f96601', '33b49928-6e79-408d-a45f-3fe0b0f96601', '33b49928-6e79-408d-a45f-3fe0b0f96601', '33b49928-6e79-408d-a45f-3fe0b0f96601', '33b49928-6e79-408d-a45f-3fe0b0f96601', '33b49928-6e79-408d-a45f-3fe0b0f96601', '33b49928-6e79-408d-a45f-3fe0b0f96601', '33b49928-6e79-408d-a45f-3fe0b0f96601', '33b49928-6e79-408d-a45f-3fe0b0f96601', '33b49928-6e79-408d-a45f-3fe0b0f96601', '33b49928-6e79-408d-a45f-3fe0b0f96601', '33b49928-6e79-408d-a45f-3fe0b0f96601', '33b49928-6e79-408d-a45f-3fe0b0f96601', '33b49928-6e79-408d-a45f-3fe0b0f96601', '33b49928-6e79-408d-a45f-3fe0b0f96601', '33b49928-6e79-408d-a45f-3fe0b0f96601', '33b49928-6e79-408d-a45f-3fe0b0f96601', '33b49928-6e79-408d-a45f-3fe0b0f96601', '33b49928-6e79-408d-a45f-3fe0b0f96601', '934e0c88-72fb-4f9a-a5b0-4b819a280e12', '67638415-db0e-4617-b193-2d05e42f2838', '67638415-db0e-4617-b193-2d05e42f2838', '1ea6023b-afd9-4166-91ad-916123ca9b0e', 'dfcfa6ef-aba0-4f75-ae11-cece413a1db7', '8112c0cd-08b5-4cb2-9e2d-2901edf6cb41', 'eda09e93-a864-4c24-91c1-5c992b20d969', 'b16f61b0-359f-4d82-a613-cad828cc35af', 'cdefda13-6ac4-4e2d-a3ae-954753623f56', '14fe492a-d95d-4a76-bd39-e5d61d22093f', '9fa1af3b-0658-4090-83e4-775144c9caf4', 'feb0cba8-a325-4a82-863f-381ef1e71d78', '68d591c6-23ac-4c24-96a0-83b1035d722f', '63e4f84d-b7a7-4b60-adc0-b0be26a288a7', '3a0e873b-1d01-41dc-bbbf-4030ef2dc615', '8c61a182-7437-4cc9-bf3e-f9a5c14fa3e9', '22308d67-4f65-460b-82cb-d3149ad00a62', 'e78c5fed-1613-4ac7-bfca-8691db06f19f', 'fb0af7f4-7273-4a78-9fdf-919e23a22b3e', 'b397db19-7a8f-40e6-b8dd-6922e7c21083', 'f10cb813-6133-4986-9863-3993f6a73f0a', '9d0f7d9e-e69d-487f-a2dd-8484f5b55b58']"
dc08a826-d140-4735-9cb6-1a5e65740486,6,"['c072931d-cd47-42a6-b7bb-ff8ad0737803', '2b7b9f3d-0641-4fd2-bbd9-38ec72af45f2', 'dc2eaf0a-f6ad-48c2-8663-f744e45fd8dc', 'dc2eaf0a-f6ad-48c2-8663-f744e45fd8dc', 'dc2eaf0a-f6ad-48c2-8663-f744e45fd8dc', 'dc2eaf0a-f6ad-48c2-8663-f744e45fd8dc', 'dc2eaf0a-f6ad-48c2-8663-f744e45fd8dc', 'dc2eaf0a-f6ad-48c2-8663-f744e45fd8dc', 'dc2eaf0a-f6ad-48c2-8663-f744e45fd8dc', 'dc2eaf0a-f6ad-48c2-8663-f744e45fd8dc', 'dc2eaf0a-f6ad-48c2-8663-f744e45fd8dc', 'dc2eaf0a-f6ad-48c2-8663-f744e45fd8dc', 'dc2eaf0a-f6ad-48c2-8663-f744e45fd8dc', 'dc2eaf0a-f6ad-48c2-8663-f744e45fd8dc', 'dc2eaf0a-f6ad-48c2-8663-f744e45fd8dc', 'dc2eaf0a-f6ad-48c2-8663-f744e45fd8dc', 'dc2eaf0a-f6ad-48c2-8663-f744e45fd8dc', 'dc2eaf0a-f6ad-48c2-8663-f744e45fd8dc', 'dc2eaf0a-f6ad-48c2-8663-f744e45fd8dc', 'dc2eaf0a-f6ad-48c2-8663-f744e45fd8dc', 'dc2eaf0a-f6ad-48c2-8663-f744e45fd8dc', 'dc2eaf0a-f6ad-48c2-8663-f744e45fd8dc', 'dc2eaf0a-f6ad-48c2-8663-f744e45fd8dc', 'dc2eaf0a-f6ad-48c2-8663-f744e45fd8dc', 'dc2eaf0a-f6ad-48c2-8663-f744e45fd8dc', 'dc2eaf0a-f6ad-48c2-8663-f744e45fd8dc', 'dc2eaf0a-f6ad-48c2-8663-f744e45fd8dc', 'dc2eaf0a-f6ad-48c2-8663-f744e45fd8dc', 'dc2eaf0a-f6ad-48c2-8663-f744e45fd8dc', 'dc2eaf0a-f6ad-48c2-8663-f744e45fd8dc', 'dc2eaf0a-f6ad-48c2-8663-f744e45fd8dc', 'dc2eaf0a-f6ad-48c2-8663-f744e45fd8dc', 'dc2eaf0a-f6ad-48c2-8663-f744e45fd8dc', 'dc2eaf0a-f6ad-48c2-8663-f744e45fd8dc', 'dc2eaf0a-f6ad-48c2-8663-f744e45fd8dc', 'dc2eaf0a-f6ad-48c2-8663-f744e45fd8dc', 'dc2eaf0a-f6ad-48c2-8663-f744e45fd8dc', 'dc2eaf0a-f6ad-48c2-8663-f744e45fd8dc', 'dc2eaf0a-f6ad-48c2-8663-f744e45fd8dc', 'dc2eaf0a-f6ad-48c2-8663-f744e45fd8dc', '3a47c700-0a64-48f9-a8ff-e9563ba73189', '16fc7dec-8621-4ab4-a15f-901000c86653', '44e37a24-d1d9-46b4-ba70-5ea30497bbf6', '51bf50b0-06cd-47b3-b33d-b5de9cc8e47f', 'ca357bd6-5cb7-4892-9f07-ef8a7fc3c52a', '0af19303-ee5f-43ce-834f-3d9d04eb6615', '620eefbc-af61-45a5-812b-5968d8934609', '9a642c37-76c5-46f8-8d56-bd1da98b91cb', '5025252b-d43d-46ae-8f12-c451f4b23819', '8b09888f-3baa-4b91-8502-da7ecb0cd76a']"
cd1602fa-928a-4e51-8d55-5ca20e19cdee,5,"['0ae7d568-167c-4852-b843-2208d03cbcf0', 'd21f1562-1200-4720-ab1b-fde083ffec78', 'd21f1562-1200-4720-ab1b-fde083ffec78', '57bf8c60-3de1-4655-8291-405b8652c854', '57bf8c60-3de1-4655-8291-405b8652c854', '57bf8c60-3de1-4655-8291-405b8652c854', '57bf8c60-3de1-4655-8291-405b8652c854', '57bf8c60-3de1-4655-8291-405b8652c854', '57bf8c60-3de1-4655-8291-405b8652c854', '57bf8c60-3de1-4655-8291-405b8652c854', '57bf8c60-3de1-4655-8291-405b8652c854', '57bf8c60-3de1-4655-8291-405b8652c854', '57bf8c60-3de1-4655-8291-405b8652c854', '57bf8c60-3de1-4655-8291-405b8652c854', '57bf8c60-3de1-4655-8291-405b8652c854', '57bf8c60-3de1-4655-8291-405b8652c854', '57bf8c60-3de1-4655-8291-405b8652c854', '57bf8c60-3de1-4655-8291-405b8652c854', '57bf8c60-3de1-4655-8291-405b8652c854', '57bf8c60-3de1-4655-8291-405b8652c854', '57bf8c60-3de1-4655-8291-405b8652c854', '57bf8c60-3de1-4655-8291-405b8652c854', '57bf8c60-3de1-4655-8291-405b8652c854', '57bf8c60-3de1-4655-8291-405b8652c854', '57bf8c60-3de1-4655-8291-405b8652c854', '57bf8c60-3de1-4655-8291-405b8652c854', '57bf8c60-3de1-4655-8291-405b8652c854', '57bf8c60-3de1-4655-8291-405b8652c854', '57bf8c60-3de1-4655-8291-405b8652c854', '57bf8c60-3de1-4655-8291-405b8652c854', '57bf8c60-3de1-4655-8291-405b8652c854', '57bf8c60-3de1-4655-8291-405b8652c854', '57bf8c60-3de1-4655-8291-405b8652c854', '57bf8c60-3de1-4655-8291-405b8652c854', '57bf8c60-3de1-4655-8291-405b8652c854', '57bf8c60-3de1-4655-8291-405b8652c854', '57bf8c60-3de1-4655-8291-405b8652c854', '57bf8c60-3de1-4655-8291-405b8652c854', '45d0d1f8-cdc0-4a5f-98ff-5796c006849e', 'b78ac64a-8853-49b5-9e0e-19c5a292001a', '961d8a36-b44b-472c-968a-252613a91e37', '961d8a36-b44b-472c-968a-252613a91e37', '71109036-12bf-48d0-af75-3396cfe0b73b', '73c064d1-4d6b-482c-9625-0bc8b5134a39', '570e0b6c-54a5-44c9-8e18-e47b2bb31963', 'ec6878ae-10b3-4c29-b513-230a224ea8fb', '74171cb1-50a0-43a9-bf38-f327d112fed7', '010acae8-d560-43a5-9cf6-306aebf0f497', '908e72aa-b798-411b-bc74-bb37fce59535', '120f49c0-751f-44ac-ac20-cc1eb2b13e95']"
db03acde-53da-40c4-bf9b-f916655e0c15,6,"['3eed6233-c124-4a78-a7af-cab47231f68f', '3eed6233-c124-4a78-a7af-cab47231f68f', '3eed6233-c124-4a78-a7af-cab47231f68f', '3eed6233-c124-4a78-a7af-cab47231f68f', '3eed6233-c124-4a78-a7af-cab47231f68f', 'f2c1a68e-b921-4ff2-82ef-63ae798d517e', 'f2c1a68e-b921-4ff2-82ef-63ae798d517e', 'f2c1a68e-b921-4ff2-82ef-63ae798d517e', 'f2c1a68e-b921-4ff2-82ef-63ae798d517e', 'f2c1a68e-b921-4ff2-82ef-63ae798d517e', 'f2c1a68e-b921-4ff2-82ef-63ae798d517e', 'f2c1a68e-b921-4ff2-82ef-63ae798d517e', 'f2c1a68e-b921-4ff2-82ef-63ae798d517e', 'f2c1a68e-b921-4ff2-82ef-63ae798d517e', 'f2c1a68e-b921-4ff2-82ef-63ae798d517e', 'f2c1a68e-b921-4ff2-82ef-63ae798d517e', 'f2c1a68e-b921-4ff2-82ef-63ae798d517e', 'f2c1a68e-b921-4ff2-82ef-63ae798d517e', 'f2c1a68e-b921-4ff2-82ef-63ae798d517e', 'f2c1a68e-b921-4ff2-82ef-63ae798d517e', 'f2c1a68e-b921-4ff2-82ef-63ae798d517e', 'f2c1a68e-b921-4ff2-82ef-63ae798d517e', 'f2c1a68e-b921-4ff2-82ef-63ae798d517e', 'f2c1a68e-b921-4ff2-82ef-63ae798d517e', 'f2c1a68e-b921-4ff2-82ef-63ae798d517e', 'f2c1a68e-b921-4ff2-82ef-63ae798d517e', 'f2c1a68e-b921-4ff2-82ef-63ae798d517e', '015eb2f0-d2fb-4e3a-b0e2-26acd63d51c0', '5e84c7fc-87cd-4d91-aec2-73e40c2e1fde', 'd0e4d2bb-c952-4cfd-9dfd-4dcbeb921fc4', 'aca48712-a5f4-489f-8106-7fef88e3a88e', '8e0e385c-743c-4d17-949f-e4c99ec309a9', '1567ae4f-5fdd-48f9-88f0-8d5595efaecc', '8691a214-990a-4b5f-b423-610bd3666543', '2f7b1884-dc43-4b3b-8699-48d19f9827ee', 'cf2ff072-640b-4b4c-97fd-ce7191c1d590', '9034ab14-2e06-462b-b7ec-42bf843226a5', 'c526a7ec-bc59-4208-aeef-d0ba40669fda', '22b539b6-9c65-47aa-ab63-355b18afd948', '93ab3868-4e55-4af7-88e6-22bd3dcdbc83', 'ac0e82e5-215f-451f-a856-73613feebaed', '55d5ba02-9761-43e4-bfb3-9d7ee7b7b646', '358af04b-b309-4fd9-910e-f598408e6e29', '2e507c5a-c6e7-4665-a79a-9dd332ce588f', '7dc1812f-9d90-42e9-a398-ad87e061ca1d', '2f38ea69-71c0-445b-9c7b-69b7fbcf4243', '092918fe-eb87-4781-aa0e-7f2cecfdb0d7', '67edab99-56d9-4921-be4b-41bbe00c5f40', 'dfb28b69-88be-4785-8791-91dc6950181d', '8304a6f2-ea30-4104-a9c6-bc37a67ebd04']"
bacaea0b-0861-4d12-9ba2-931ab1f2f051,3,"['27c15955-3dee-4ac7-a7b5-899cc0ca3576', '68f54af4-9ae0-4764-a818-fe22bfb414ac', '68f54af4-9ae0-4764-a818-fe22bfb414ac', '6340df2a-9f13-4502-aafc-33039ac65f6e', '6340df2a-9f13-4502-aafc-33039ac65f6e', '6340df2a-9f13-4502-aafc-33039ac65f6e', '6340df2a-9f13-4502-aafc-33039ac65f6e', '8250bd2e-83be-45b8-8653-d430524a9917', '414668b7-c139-4388-ba4b-f09ae4762a82', '414668b7-c139-4388-ba4b-f09ae4762a82', '65452ba4-7a1d-4f10-9b4b-169d59c2e912', '65452ba4-7a1d-4f10-9b4b-169d59c2e912', '65452ba4-7a1d-4f10-9b4b-169d59c2e912', '65452ba4-7a1d-4f10-9b4b-169d59c2e912', '65452ba4-7a1d-4f10-9b4b-169d59c2e912', '65452ba4-7a1d-4f10-9b4b-169d59c2e912', '80e82786-9941-42b6-bde1-dca7a783cb1e', 'c0964a00-3ade-4f48-ae78-3072fa2e015e', 'c0964a00-3ade-4f48-ae78-3072fa2e015e', 'c0964a00-3ade-4f48-ae78-3072fa2e015e', 'c0964a00-3ade-4f48-ae78-3072fa2e015e', 'c0964a00-3ade-4f48-ae78-3072fa2e015e', 'c0964a00-3ade-4f48-ae78-3072fa2e015e', 'c0964a00-3ade-4f48-ae78-3072fa2e015e', 'c0964a00-3ade-4f48-ae78-3072fa2e015e', 'c0964a00-3ade-4f48-ae78-3072fa2e015e', 'c0964a00-3ade-4f48-ae78-3072fa2e015e', 'c0964a00-3ade-4f48-ae78-3072fa2e015e', 'c0964a00-3ade-4f48-ae78-3072fa2e015e', 'c0964a00-3ade-4f48-ae78-3072fa2e015e', 'c0964a00-3ade-4f48-ae78-3072fa2e015e', '75b2b7bb-9270-49be-ac6f-94b8d1122775', '75b2b7bb-9270-49be-ac6f-94b8d1122775', '75b2b7bb-9270-49be-ac6f-94b8d1122775', '75b2b7bb-9270-49be-ac6f-94b8d1122775', 'aa0512c2-8c6f-4864-98d2-e25c4ec7c2be', '48e30697-eeac-4c34-a819-7211430db983', '5c27e98a-ecf2-48f4-bd9a-30cc92d8f1ea', '74d581f0-3ffe-4864-9e28-3617a17cc136', 'f5cab143-dd4c-4630-a009-18ae95569326', '0ece66c8-c8b4-4368-a075-e31742bc7943', 'b258c2dc-2176-4da7-98cc-0a774bc6f657', 'b6ff7d44-c4e7-45a1-9fcf-72602c5f03c8', 'c8001782-dc37-42fe-96a4-4ce94e151377', '7030a98d-f53d-4359-9ffd-02249f62e5d9', '1c4b5997-c5d4-466d-859e-e2acf5972e6e', 'a234a86c-dc7d-411f-8bbb-54b06002b65c', '049cdb16-67d0-445b-98d1-d340cd5ce36b', '589a72bc-41bf-42a6-9618-a0bf1ed4599b', '1fad1653-a097-4040-ab3d-a56ed5b89e74']"
2cab4800-381f-42fc-86fb-b87d46b33ff9,1,"['a9f701c0-370d-40ae-9ab0-5969fd96d69a', 'a9f701c0-370d-40ae-9ab0-5969fd96d69a', 'a9f701c0-370d-40ae-9ab0-5969fd96d69a', 'a9f701c0-370d-40ae-9ab0-5969fd96d69a', 'a9f701c0-370d-40ae-9ab0-5969fd96d69a', 'a9f701c0-370d-40ae-9ab0-5969fd96d69a', 'a9f701c0-370d-40ae-9ab0-5969fd96d69a', 'a9f701c0-370d-40ae-9ab0-5969fd96d69a', 'a9f701c0-370d-40ae-9ab0-5969fd96d69a', 'a9f701c0-370d-40ae-9ab0-5969fd96d69a', 'a9f701c0-370d-40ae-9ab0-5969fd96d69a', 'a9f701c0-370d-40ae-9ab0-5969fd96d69a', 'a9f701c0-370d-40ae-9ab0-5969fd96d69a', 'a9f701c0-370d-40ae-9ab0-5969fd96d69a', 'a9f701c0-370d-40ae-9ab0-5969fd96d69a', 'a9f701c0-370d-40ae-9ab0-5969fd96d69a', 'a9f701c0-370d-40ae-9ab0-5969fd96d69a', 'a9f701c0-370d-40ae-9ab0-5969fd96d69a', 'a9f701c0-370d-40ae-9ab0-5969fd96d69a', 'a9f701c0-370d-40ae-9ab0-5969fd96d69a', 'a9f701c0-370d-40ae-9ab0-5969fd96d69a', 'a9f701c0-370d-40ae-9ab0-5969fd96d69a', 'a9f701c0-370d-40ae-9ab0-5969fd96d69a', 'a9f701c0-370d-40ae-9ab0-5969fd96d69a', 'a9f701c0-370d-40ae-9ab0-5969fd96d69a', 'a9f701c0-370d-40ae-9ab0-5969fd96d69a', 'a9f701c0-370d-40ae-9ab0-5969fd96d69a', 'a9f701c0-370d-40ae-9ab0-5969fd96d69a', 'a9f701c0-370d-40ae-9ab0-5969fd96d69a', 'a9f701c0-370d-40ae-9ab0-5969fd96d69a', 'a9f701c0-370d-40ae-9ab0-5969fd96d69a', 'a9f701c0-370d-40ae-9ab0-5969fd96d69a', 'a9f701c0-370d-40ae-9ab0-5969fd96d69a', 'a9f701c0-370d-40ae-9ab0-5969fd96d69a', 'a9f701c0-370d-40ae-9ab0-5969fd96d69a', 'a9f701c0-370d-40ae-9ab0-5969fd96d69a', 'a9f701c0-370d-40ae-9ab0-5969fd96d69a', 'a9f701c0-370d-40ae-9ab0-5969fd96d69a', '7a144ea3-79fd-4f7e-b2b0-7a41123f1fd7', '93df4261-09c0-436a-8f26-bc39cca7ed82', 'bcdc1632-f148-4691-a83e-9f6af5c39453', '37b83f52-ac3e-45f4-aa25-00ec390e4660', '9e2a2663-bc74-4c99-8f2a-59390cf0d49e', '623cad5b-6346-4451-8ce5-8107424c3e9e', '696c396a-f30d-49c0-97e3-1bf9418e25ca', '84c6d04a-a8ae-4448-822a-920d1b0ae17f', '8da0723c-c6a2-4911-8949-50241147c278', '43e151be-e47e-4b90-a52f-e8075e47cc47', '81eb25be-1dcc-449f-8e7b-0ecec0f90730', '86f04f3c-6b5c-4f8e-86fb-8f7fc481d0e5']"
dc08a826-d140-4735-9cb6-1a5e65740486,7,"['c072931d-cd47-42a6-b7bb-ff8ad0737803', '2b7b9f3d-0641-4fd2-bbd9-38ec72af45f2', 'dc2eaf0a-f6ad-48c2-8663-f744e45fd8dc', 'dc2eaf0a-f6ad-48c2-8663-f744e45fd8dc', 'dc2eaf0a-f6ad-48c2-8663-f744e45fd8dc', 'dc2eaf0a-f6ad-48c2-8663-f744e45fd8dc', 'dc2eaf0a-f6ad-48c2-8663-f744e45fd8dc', 'dc2eaf0a-f6ad-48c2-8663-f744e45fd8dc', 'dc2eaf0a-f6ad-48c2-8663-f744e45fd8dc', 'dc2eaf0a-f6ad-48c2-8663-f744e45fd8dc', 'dc2eaf0a-f6ad-48c2-8663-f744e45fd8dc', 'dc2eaf0a-f6ad-48c2-8663-f744e45fd8dc', 'dc2eaf0a-f6ad-48c2-8663-f744e45fd8dc', 'dc2eaf0a-f6ad-48c2-8663-f744e45fd8dc', 'dc2eaf0a-f6ad-48c2-8663-f744e45fd8dc', 'dc2eaf0a-f6ad-48c2-8663-f744e45fd8dc', 'dc2eaf0a-f6ad-48c2-8663-f744e45fd8dc', 'dc2eaf0a-f6ad-48c2-8663-f744e45fd8dc', 'dc2eaf0a-f6ad-48c2-8663-f744e45fd8dc', 'dc2eaf0a-f6ad-48c2-8663-f744e45fd8dc', 'dc2eaf0a-f6ad-48c2-8663-f744e45fd8dc', 'dc2eaf0a-f6ad-48c2-8663-f744e45fd8dc', 'dc2eaf0a-f6ad-48c2-8663-f744e45fd8dc', 'dc2eaf0a-f6ad-48c2-8663-f744e45fd8dc', 'dc2eaf0a-f6ad-48c2-8663-f744e45fd8dc', 'dc2eaf0a-f6ad-48c2-8663-f744e45fd8dc', 'dc2eaf0a-f6ad-48c2-8663-f744e45fd8dc', 'dc2eaf0a-f6ad-48c2-8663-f744e45fd8dc', 'dc2eaf0a-f6ad-48c2-8663-f744e45fd8dc', 'dc2eaf0a-f6ad-48c2-8663-f744e45fd8dc', 'dc2eaf0a-f6ad-48c2-8663-f744e45fd8dc', 'dc2eaf0a-f6ad-48c2-8663-f744e45fd8dc', 'dc2eaf0a-f6ad-48c2-8663-f744e45fd8dc', '3a47c700-0a64-48f9-a8ff-e9563ba73189', '44e37a24-d1d9-46b4-ba70-5ea30497bbf6', '51bf50b0-06cd-47b3-b33d-b5de9cc8e47f', 'ca357bd6-5cb7-4892-9f07-ef8a7fc3c52a', '0af19303-ee5f-43ce-834f-3d9d04eb6615', '620eefbc-af61-45a5-812b-5968d8934609', '9a642c37-76c5-46f8-8d56-bd1da98b91cb', '5025252b-d43d-46ae-8f12-c451f4b23819', '8b09888f-3baa-4b91-8502-da7ecb0cd76a', '6fd1c353-d20f-491b-bd82-80d77964f8c6', 'b2e01c96-926b-4c6f-9872-8d921988f8fb', '3fcb2f02-82fb-4a1a-834d-f95eadc007db', '03a42ed1-751c-41e3-bb15-10a32e356e03', 'cc514b22-02b2-4f75-a281-23246f50d35b', 'f40b652e-3bb6-4748-a8ca-4d76d7d0fcb0', '260c8491-54af-47cc-b3eb-b1e88d3acbaa', 'f8b2518a-3389-4082-8678-d6f3bdb46cdf']"
76afac8f-1ad1-4038-96c3-9a24ac5d0071,4,"['33b49928-6e79-408d-a45f-3fe0b0f96601', '33b49928-6e79-408d-a45f-3fe0b0f96601', '33b49928-6e79-408d-a45f-3fe0b0f96601', '33b49928-6e79-408d-a45f-3fe0b0f96601', '33b49928-6e79-408d-a45f-3fe0b0f96601', '33b49928-6e79-408d-a45f-3fe0b0f96601', '33b49928-6e79-408d-a45f-3fe0b0f96601', '33b49928-6e79-408d-a45f-3fe0b0f96601', '33b49928-6e79-408d-a45f-3fe0b0f96601', '33b49928-6e79-408d-a45f-3fe0b0f96601', '33b49928-6e79-408d-a45f-3fe0b0f96601', '33b49928-6e79-408d-a45f-3fe0b0f96601', '33b49928-6e79-408d-a45f-3fe0b0f96601', '33b49928-6e79-408d-a45f-3fe0b0f96601', '33b49928-6e79-408d-a45f-3fe0b0f96601', '33b49928-6e79-408d-a45f-3fe0b0f96601', '33b49928-6e79-408d-a45f-3fe0b0f96601', '33b49928-6e79-408d-a45f-3fe0b0f96601', '33b49928-6e79-408d-a45f-3fe0b0f96601', '33b49928-6e79-408d-a45f-3fe0b0f96601', '33b49928-6e79-408d-a45f-3fe0b0f96601', '33b49928-6e79-408d-a45f-3fe0b0f96601', '33b49928-6e79-408d-a45f-3fe0b0f96601', '33b49928-6e79-408d-a45f-3fe0b0f96601', 'eda09e93-a864-4c24-91c1-5c992b20d969', '8c61a182-7437-4cc9-bf3e-f9a5c14fa3e9', '8c61a182-7437-4cc9-bf3e-f9a5c14fa3e9', '8c61a182-7437-4cc9-bf3e-f9a5c14fa3e9', '8c61a182-7437-4cc9-bf3e-f9a5c14fa3e9', '8c61a182-7437-4cc9-bf3e-f9a5c14fa3e9', '8c61a182-7437-4cc9-bf3e-f9a5c14fa3e9', '8c61a182-7437-4cc9-bf3e-f9a5c14fa3e9', '8c61a182-7437-4cc9-bf3e-f9a5c14fa3e9', '8c61a182-7437-4cc9-bf3e-f9a5c14fa3e9', '1a1feec7-e6e2-4123-820e-14f26a1c542f', 'e68d9d22-43d6-4027-8b7c-cca384707b65', '926f6cae-465a-4c8e-badc-651a52a6ec8b', '19c4e474-4589-418c-91a8-ae062070b139', '5e2e4ec0-a604-4ea7-97c5-eb95896acebe', 'd67040fe-b7a7-4da3-9cf8-1d19dc2735ba', '79f2bdc4-21c7-41f6-8229-fb02a6846d4c', 'e5152760-19ff-492e-8b7e-1f86e64acb21', '67785d64-6111-4b88-9c88-9daf634deb3d', 'fe471a51-6b03-4c37-b969-42801a1a830c', 'cd305188-c610-49a2-ab83-f6031f6988bc', '84a5ee2c-574c-43a0-809f-c6f0ed0ef588', '8254f654-5239-442b-ac72-696f464070f2', 'b5d1e766-6848-4702-90f3-500fee05f923', '1f327988-7a50-4ca2-88ac-256e33b0f539', 'c3b391b4-c47e-4797-bb4f-454200c972a8']"
cd1602fa-928a-4e51-8d55-5ca20e19cdee,6,"['0ae7d568-167c-4852-b843-2208d03cbcf0', 'd21f1562-1200-4720-ab1b-fde083ffec78', 'd21f1562-1200-4720-ab1b-fde083ffec78', '57bf8c60-3de1-4655-8291-405b8652c854', '57bf8c60-3de1-4655-8291-405b8652c854', '57bf8c60-3de1-4655-8291-405b8652c854', '57bf8c60-3de1-4655-8291-405b8652c854', '57bf8c60-3de1-4655-8291-405b8652c854', '57bf8c60-3de1-4655-8291-405b8652c854', '57bf8c60-3de1-4655-8291-405b8652c854', '57bf8c60-3de1-4655-8291-405b8652c854', '57bf8c60-3de1-4655-8291-405b8652c854', '57bf8c60-3de1-4655-8291-405b8652c854', '57bf8c60-3de1-4655-8291-405b8652c854', '57bf8c60-3de1-4655-8291-405b8652c854', '57bf8c60-3de1-4655-8291-405b8652c854', '57bf8c60-3de1-4655-8291-405b8652c854', '57bf8c60-3de1-4655-8291-405b8652c854', '57bf8c60-3de1-4655-8291-405b8652c854', '57bf8c60-3de1-4655-8291-405b8652c854', '57bf8c60-3de1-4655-8291-405b8652c854', '57bf8c60-3de1-4655-8291-405b8652c854', '57bf8c60-3de1-4655-8291-405b8652c854', '57bf8c60-3de1-4655-8291-405b8652c854', '57bf8c60-3de1-4655-8291-405b8652c854', '57bf8c60-3de1-4655-8291-405b8652c854', '57bf8c60-3de1-4655-8291-405b8652c854', '57bf8c60-3de1-4655-8291-405b8652c854', '45d0d1f8-cdc0-4a5f-98ff-5796c006849e', 'b78ac64a-8853-49b5-9e0e-19c5a292001a', '961d8a36-b44b-472c-968a-252613a91e37', '961d8a36-b44b-472c-968a-252613a91e37', '71109036-12bf-48d0-af75-3396cfe0b73b', '73c064d1-4d6b-482c-9625-0bc8b5134a39', '570e0b6c-54a5-44c9-8e18-e47b2bb31963', '74171cb1-50a0-43a9-bf38-f327d112fed7', '010acae8-d560-43a5-9cf6-306aebf0f497', '908e72aa-b798-411b-bc74-bb37fce59535', 'b2aaef6b-1597-46e3-b4ad-b9584b3326b4', 'e2f8e91f-ad03-4427-9351-3209f1c0b3e9', '96488b52-046d-488d-bf0c-b7da25a1bbe6', '794785d5-e701-4fe4-8a10-e0b1fdbc0f24', 'c981e261-10ec-4e73-a8e6-828659ca948f', '4a2a4c04-6fc2-4d82-8d9c-9c0377973b4d', '922caf17-a1ee-4de7-b2b4-89a7972e63a1', '7b06e0ea-b54b-4fd1-a069-732bc836258e', 'd53f54fc-91e5-4211-9e21-661594cfd986', '185b6503-7425-456d-81be-fa90999a3c7a', '535a756e-3ae5-4b69-bf40-17254da6a654', 'cfd1ccac-7d56-4694-81c9-8da231180911']"
bacaea0b-0861-4d12-9ba2-931ab1f2f051,4,"['6340df2a-9f13-4502-aafc-33039ac65f6e', '65452ba4-7a1d-4f10-9b4b-169d59c2e912', '65452ba4-7a1d-4f10-9b4b-169d59c2e912', '65452ba4-7a1d-4f10-9b4b-169d59c2e912', '65452ba4-7a1d-4f10-9b4b-169d59c2e912', 'c0964a00-3ade-4f48-ae78-3072fa2e015e', 'c0964a00-3ade-4f48-ae78-3072fa2e015e', 'c0964a00-3ade-4f48-ae78-3072fa2e015e', 'c0964a00-3ade-4f48-ae78-3072fa2e015e', 'c0964a00-3ade-4f48-ae78-3072fa2e015e', 'c0964a00-3ade-4f48-ae78-3072fa2e015e', 'c0964a00-3ade-4f48-ae78-3072fa2e015e', 'c0964a00-3ade-4f48-ae78-3072fa2e015e', 'c0964a00-3ade-4f48-ae78-3072fa2e015e', 'c0964a00-3ade-4f48-ae78-3072fa2e015e', 'c0964a00-3ade-4f48-ae78-3072fa2e015e', 'c0964a00-3ade-4f48-ae78-3072fa2e015e', 'c0964a00-3ade-4f48-ae78-3072fa2e015e', 'c0964a00-3ade-4f48-ae78-3072fa2e015e', 'c0964a00-3ade-4f48-ae78-3072fa2e015e', 'c0964a00-3ade-4f48-ae78-3072fa2e015e', 'c0964a00-3ade-4f48-ae78-3072fa2e015e', 'c0964a00-3ade-4f48-ae78-3072fa2e015e', 'c0964a00-3ade-4f48-ae78-3072fa2e015e', 'c0964a00-3ade-4f48-ae78-3072fa2e015e', 'c0964a00-3ade-4f48-ae78-3072fa2e015e', 'c0964a00-3ade-4f48-ae78-3072fa2e015e', 'c0964a00-3ade-4f48-ae78-3072fa2e015e', 'c0964a00-3ade-4f48-ae78-3072fa2e015e', 'c0964a00-3ade-4f48-ae78-3072fa2e015e', 'c0964a00-3ade-4f48-ae78-3072fa2e015e', 'c0964a00-3ade-4f48-ae78-3072fa2e015e', 'c0964a00-3ade-4f48-ae78-3072fa2e015e', 'c0964a00-3ade-4f48-ae78-3072fa2e015e', 'c0964a00-3ade-4f48-ae78-3072fa2e015e', 'c0964a00-3ade-4f48-ae78-3072fa2e015e', 'c0964a00-3ade-4f48-ae78-3072fa2e015e', '75b2b7bb-9270-49be-ac6f-94b8d1122775', '75b2b7bb-9270-49be-ac6f-94b8d1122775', '5c27e98a-ecf2-48f4-bd9a-30cc92d8f1ea', 'd50f3b88-8e01-4614-92f3-f5c8c275be7b', '0abc903e-233b-4daf-a078-23f5f1dd356a', '857647a0-2708-4370-bda0-0ef5cba108da', '115a9686-d8e4-4db4-8566-f515632b993b', '2a894403-ca55-4df7-bc26-34a768ff1a45', 'b777c88c-400a-4492-8eb3-664110533479', '526168b4-9018-4585-b454-382a379fa567', 'a7b0c6c6-17e4-47e5-838d-dc6bc0fbfbdb', '6718543b-f333-4f8a-8ef7-36d3010f4d90', '6667d8cf-0f44-4b18-b19f-e1388c703f99']"
2cab4800-381f-42fc-86fb-b87d46b33ff9,2,"['bcdc1632-f148-4691-a83e-9f6af5c39453', 'bcdc1632-f148-4691-a83e-9f6af5c39453', 'bcdc1632-f148-4691-a83e-9f6af5c39453', 'bcdc1632-f148-4691-a83e-9f6af5c39453', 'bcdc1632-f148-4691-a83e-9f6af5c39453', 'bcdc1632-f148-4691-a83e-9f6af5c39453', 'bcdc1632-f148-4691-a83e-9f6af5c39453', 'bcdc1632-f148-4691-a83e-9f6af5c39453', 'bcdc1632-f148-4691-a83e-9f6af5c39453', 'bcdc1632-f148-4691-a83e-9f6af5c39453', 'bcdc1632-f148-4691-a83e-9f6af5c39453', '37b83f52-ac3e-45f4-aa25-00ec390e4660', '37b83f52-ac3e-45f4-aa25-00ec390e4660', '9e2a2663-bc74-4c99-8f2a-59390cf0d49e', '623cad5b-6346-4451-8ce5-8107424c3e9e', '623cad5b-6346-4451-8ce5-8107424c3e9e', '623cad5b-6346-4451-8ce5-8107424c3e9e', '623cad5b-6346-4451-8ce5-8107424c3e9e', '623cad5b-6346-4451-8ce5-8107424c3e9e', '623cad5b-6346-4451-8ce5-8107424c3e9e', '84c6d04a-a8ae-4448-822a-920d1b0ae17f', '84c6d04a-a8ae-4448-822a-920d1b0ae17f', '84c6d04a-a8ae-4448-822a-920d1b0ae17f', '84c6d04a-a8ae-4448-822a-920d1b0ae17f', '84c6d04a-a8ae-4448-822a-920d1b0ae17f', '84c6d04a-a8ae-4448-822a-920d1b0ae17f', '84c6d04a-a8ae-4448-822a-920d1b0ae17f', '84c6d04a-a8ae-4448-822a-920d1b0ae17f', '84c6d04a-a8ae-4448-822a-920d1b0ae17f', '8da0723c-c6a2-4911-8949-50241147c278', '8da0723c-c6a2-4911-8949-50241147c278', '8da0723c-c6a2-4911-8949-50241147c278', '8da0723c-c6a2-4911-8949-50241147c278', '8da0723c-c6a2-4911-8949-50241147c278', '43e151be-e47e-4b90-a52f-e8075e47cc47', '81eb25be-1dcc-449f-8e7b-0ecec0f90730', '81eb25be-1dcc-449f-8e7b-0ecec0f90730', '81eb25be-1dcc-449f-8e7b-0ecec0f90730', '86f04f3c-6b5c-4f8e-86fb-8f7fc481d0e5', '86f04f3c-6b5c-4f8e-86fb-8f7fc481d0e5', 'd68ae18f-6358-4642-add0-654f720629ed', '89e28482-f7bd-403b-80b8-fd9c1c5b4ba7', '10d1fc30-8a63-41d7-8603-8109e3ebd0d5', '03461f2d-001f-4402-9735-f71748b92902', 'b613c2a4-f548-4fab-a585-052638f31920', '3d778ddc-8066-47bb-8d3a-7ab284564d19', '9a27e0a2-3c70-4987-9d53-edc2572138c4', 'd354e44a-eaa4-4245-9b8d-9db91cefa428', 'f9fe8db9-d3be-4010-99c8-11f6a09b3ae3', 'ad6e73bc-32a3-4007-bf17-fb6414fc551d']"
db03acde-53da-40c4-bf9b-f916655e0c15,7,"['f2c1a68e-b921-4ff2-82ef-63ae798d517e', 'f2c1a68e-b921-4ff2-82ef-63ae798d517e', 'f2c1a68e-b921-4ff2-82ef-63ae798d517e', 'f2c1a68e-b921-4ff2-82ef-63ae798d517e', 'f2c1a68e-b921-4ff2-82ef-63ae798d517e', 'f2c1a68e-b921-4ff2-82ef-63ae798d517e', 'f2c1a68e-b921-4ff2-82ef-63ae798d517e', 'f2c1a68e-b921-4ff2-82ef-63ae798d517e', 'f2c1a68e-b921-4ff2-82ef-63ae798d517e', 'f2c1a68e-b921-4ff2-82ef-63ae798d517e', 'f2c1a68e-b921-4ff2-82ef-63ae798d517e', 'f2c1a68e-b921-4ff2-82ef-63ae798d517e', 'f2c1a68e-b921-4ff2-82ef-63ae798d517e', 'f2c1a68e-b921-4ff2-82ef-63ae798d517e', 'f2c1a68e-b921-4ff2-82ef-63ae798d517e', 'f2c1a68e-b921-4ff2-82ef-63ae798d517e', 'f2c1a68e-b921-4ff2-82ef-63ae798d517e', 'f2c1a68e-b921-4ff2-82ef-63ae798d517e', 'aca48712-a5f4-489f-8106-7fef88e3a88e', '2e507c5a-c6e7-4665-a79a-9dd332ce588f', '2e507c5a-c6e7-4665-a79a-9dd332ce588f', '2e507c5a-c6e7-4665-a79a-9dd332ce588f', '2e507c5a-c6e7-4665-a79a-9dd332ce588f', '2e507c5a-c6e7-4665-a79a-9dd332ce588f', '2e507c5a-c6e7-4665-a79a-9dd332ce588f', '2e507c5a-c6e7-4665-a79a-9dd332ce588f', '2e507c5a-c6e7-4665-a79a-9dd332ce588f', '2e507c5a-c6e7-4665-a79a-9dd332ce588f', '2e507c5a-c6e7-4665-a79a-9dd332ce588f', '2e507c5a-c6e7-4665-a79a-9dd332ce588f', '2e507c5a-c6e7-4665-a79a-9dd332ce588f', '2e507c5a-c6e7-4665-a79a-9dd332ce588f', '2e507c5a-c6e7-4665-a79a-9dd332ce588f', '2e507c5a-c6e7-4665-a79a-9dd332ce588f', '2e507c5a-c6e7-4665-a79a-9dd332ce588f', '2e507c5a-c6e7-4665-a79a-9dd332ce588f', '2e507c5a-c6e7-4665-a79a-9dd332ce588f', '2e507c5a-c6e7-4665-a79a-9dd332ce588f', '4578901f-4fee-44ae-b81e-daddd999077b', 'fceb42e7-010c-41fc-b4b2-210861e91278', '9f58a1bd-3512-46f0-9d50-a99bb632dbdc', '8c99bb99-b179-43cc-8e7d-ec187f1141e8', '97f89dde-fe9a-4e09-a42d-3d2c4d1564ac', '9f5fb198-4965-453d-99ac-bf169a4c5b36', '02dbc353-5b45-44ea-8a4f-1812c16d0f98', '6954f224-deaf-41ed-8c96-19d2a502d832', 'b3c52d99-3612-4cc9-a667-db04c21eae17', '2314aef0-b835-4836-987f-68508d4bbf62', '6b3b527f-e6cd-40b5-8220-e5c2dbd82065', 'e0e486f7-32ae-4c6a-9af1-926af5215298']"
dc08a826-d140-4735-9cb6-1a5e65740486,8,"['c072931d-cd47-42a6-b7bb-ff8ad0737803', 'dc2eaf0a-f6ad-48c2-8663-f744e45fd8dc', 'dc2eaf0a-f6ad-48c2-8663-f744e45fd8dc', 'dc2eaf0a-f6ad-48c2-8663-f744e45fd8dc', 'dc2eaf0a-f6ad-48c2-8663-f744e45fd8dc', 'dc2eaf0a-f6ad-48c2-8663-f744e45fd8dc', 'dc2eaf0a-f6ad-48c2-8663-f744e45fd8dc', 'dc2eaf0a-f6ad-48c2-8663-f744e45fd8dc', 'dc2eaf0a-f6ad-48c2-8663-f744e45fd8dc', 'dc2eaf0a-f6ad-48c2-8663-f744e45fd8dc', 'dc2eaf0a-f6ad-48c2-8663-f744e45fd8dc', 'dc2eaf0a-f6ad-48c2-8663-f744e45fd8dc', 'dc2eaf0a-f6ad-48c2-8663-f744e45fd8dc', 'dc2eaf0a-f6ad-48c2-8663-f744e45fd8dc', 'dc2eaf0a-f6ad-48c2-8663-f744e45fd8dc', 'dc2eaf0a-f6ad-48c2-8663-f744e45fd8dc', 'dc2eaf0a-f6ad-48c2-8663-f744e45fd8dc', 'dc2eaf0a-f6ad-48c2-8663-f744e45fd8dc', 'dc2eaf0a-f6ad-48c2-8663-f744e45fd8dc', 'dc2eaf0a-f6ad-48c2-8663-f744e45fd8dc', 'dc2eaf0a-f6ad-48c2-8663-f744e45fd8dc', 'dc2eaf0a-f6ad-48c2-8663-f744e45fd8dc', 'dc2eaf0a-f6ad-48c2-8663-f744e45fd8dc', 'dc2eaf0a-f6ad-48c2-8663-f744e45fd8dc', 'dc2eaf0a-f6ad-48c2-8663-f744e45fd8dc', 'dc2eaf0a-f6ad-48c2-8663-f744e45fd8dc', '51bf50b0-06cd-47b3-b33d-b5de9cc8e47f', 'ca357bd6-5cb7-4892-9f07-ef8a7fc3c52a', '0af19303-ee5f-43ce-834f-3d9d04eb6615', '9a642c37-76c5-46f8-8d56-bd1da98b91cb', '5025252b-d43d-46ae-8f12-c451f4b23819', '8b09888f-3baa-4b91-8502-da7ecb0cd76a', '6fd1c353-d20f-491b-bd82-80d77964f8c6', 'b2e01c96-926b-4c6f-9872-8d921988f8fb', '3fcb2f02-82fb-4a1a-834d-f95eadc007db', '03a42ed1-751c-41e3-bb15-10a32e356e03', 'cc514b22-02b2-4f75-a281-23246f50d35b', '260c8491-54af-47cc-b3eb-b1e88d3acbaa', 'f8b2518a-3389-4082-8678-d6f3bdb46cdf', 'a594b8b2-a934-4d27-93a0-214ef88823fe', '2cfc6cf3-22b0-4c5d-8b03-3020df352edf', '29228047-6f57-456d-b2a2-ded994e16254', '7fea3c59-10b7-4c29-8239-2dd950d36eb8', '55da6819-5d8a-492d-ae76-ed1e5ef2d22a', '3b9df752-0a1d-4acd-a885-277542e9de05', 'd5c4dbb8-f7ed-4367-9d50-ba8a09fcfe75', 'd2d0a2d4-497f-46e0-9012-b6480fecd689', '2240d0eb-39c4-4ae2-ae82-224ed370dd01', '814f97ae-46f7-4914-ae2d-7db5084fe787', 'c69ac82c-72a7-47ec-b59f-b91258b283ce']"
cd1602fa-928a-4e51-8d55-5ca20e19cdee,7,"['0ae7d568-167c-4852-b843-2208d03cbcf0', 'd21f1562-1200-4720-ab1b-fde083ffec78', 'd21f1562-1200-4720-ab1b-fde083ffec78', '57bf8c60-3de1-4655-8291-405b8652c854', '57bf8c60-3de1-4655-8291-405b8652c854', '57bf8c60-3de1-4655-8291-405b8652c854', '57bf8c60-3de1-4655-8291-405b8652c854', '57bf8c60-3de1-4655-8291-405b8652c854', '57bf8c60-3de1-4655-8291-405b8652c854', '57bf8c60-3de1-4655-8291-405b8652c854', '57bf8c60-3de1-4655-8291-405b8652c854', '57bf8c60-3de1-4655-8291-405b8652c854', '57bf8c60-3de1-4655-8291-405b8652c854', '57bf8c60-3de1-4655-8291-405b8652c854', '57bf8c60-3de1-4655-8291-405b8652c854', '57bf8c60-3de1-4655-8291-405b8652c854', '57bf8c60-3de1-4655-8291-405b8652c854', '57bf8c60-3de1-4655-8291-405b8652c854', '57bf8c60-3de1-4655-8291-405b8652c854', '57bf8c60-3de1-4655-8291-405b8652c854', '57bf8c60-3de1-4655-8291-405b8652c854', '57bf8c60-3de1-4655-8291-405b8652c854', '57bf8c60-3de1-4655-8291-405b8652c854', '57bf8c60-3de1-4655-8291-405b8652c854', '57bf8c60-3de1-4655-8291-405b8652c854', '57bf8c60-3de1-4655-8291-405b8652c854', '45d0d1f8-cdc0-4a5f-98ff-5796c006849e', 'b78ac64a-8853-49b5-9e0e-19c5a292001a', '961d8a36-b44b-472c-968a-252613a91e37', '71109036-12bf-48d0-af75-3396cfe0b73b', '73c064d1-4d6b-482c-9625-0bc8b5134a39', '570e0b6c-54a5-44c9-8e18-e47b2bb31963', '74171cb1-50a0-43a9-bf38-f327d112fed7', '010acae8-d560-43a5-9cf6-306aebf0f497', '908e72aa-b798-411b-bc74-bb37fce59535', 'b2aaef6b-1597-46e3-b4ad-b9584b3326b4', '4a2a4c04-6fc2-4d82-8d9c-9c0377973b4d', '922caf17-a1ee-4de7-b2b4-89a7972e63a1', '7b06e0ea-b54b-4fd1-a069-732bc836258e', 'd53f54fc-91e5-4211-9e21-661594cfd986', '185b6503-7425-456d-81be-fa90999a3c7a', '535a756e-3ae5-4b69-bf40-17254da6a654', 'cfd1ccac-7d56-4694-81c9-8da231180911', 'e1edb24b-6b82-4935-88c0-2a385c54c83e', 'a6dc3714-93c0-467b-ab12-ae12e5a5e6eb', '32544e4b-6537-4df9-b48a-51e64f328cca', '72fb9996-eda3-4632-9392-985961cee1f8', 'da73b1a7-2c69-4e2e-aba9-0c4e2c301759', '41f25ba2-daa9-420b-9e82-79d2f12f2f65', 'bff3560c-da3e-474d-ae32-8b128d0da8f8']"
bacaea0b-0861-4d12-9ba2-931ab1f2f051,5,"['6340df2a-9f13-4502-aafc-33039ac65f6e', '65452ba4-7a1d-4f10-9b4b-169d59c2e912', '65452ba4-7a1d-4f10-9b4b-169d59c2e912', '65452ba4-7a1d-4f10-9b4b-169d59c2e912', 'c0964a00-3ade-4f48-ae78-3072fa2e015e', 'c0964a00-3ade-4f48-ae78-3072fa2e015e', 'c0964a00-3ade-4f48-ae78-3072fa2e015e', 'c0964a00-3ade-4f48-ae78-3072fa2e015e', 'c0964a00-3ade-4f48-ae78-3072fa2e015e', 'c0964a00-3ade-4f48-ae78-3072fa2e015e', 'c0964a00-3ade-4f48-ae78-3072fa2e015e', 'c0964a00-3ade-4f48-ae78-3072fa2e015e', 'c0964a00-3ade-4f48-ae78-3072fa2e015e', 'c0964a00-3ade-4f48-ae78-3072fa2e015e', 'c0964a00-3ade-4f48-ae78-3072fa2e015e', 'c0964a00-3ade-4f48-ae78-3072fa2e015e', 'c0964a00-3ade-4f48-ae78-3072fa2e015e', 'c0964a00-3ade-4f48-ae78-3072fa2e015e', 'c0964a00-3ade-4f48-ae78-3072fa2e015e', 'c0964a00-3ade-4f48-ae78-3072fa2e015e', 'c0964a00-3ade-4f48-ae78-3072fa2e015e', 'c0964a00-3ade-4f48-ae78-3072fa2e015e', 'c0964a00-3ade-4f48-ae78-3072fa2e015e', 'c0964a00-3ade-4f48-ae78-3072fa2e015e', 'c0964a00-3ade-4f48-ae78-3072fa2e015e', 'c0964a00-3ade-4f48-ae78-3072fa2e015e', 'c0964a00-3ade-4f48-ae78-3072fa2e015e', 'c0964a00-3ade-4f48-ae78-3072fa2e015e', 'c0964a00-3ade-4f48-ae78-3072fa2e015e', 'c0964a00-3ade-4f48-ae78-3072fa2e015e', 'c0964a00-3ade-4f48-ae78-3072fa2e015e', 'c0964a00-3ade-4f48-ae78-3072fa2e015e', 'c0964a00-3ade-4f48-ae78-3072fa2e015e', 'c0964a00-3ade-4f48-ae78-3072fa2e015e', '75b2b7bb-9270-49be-ac6f-94b8d1122775', '75b2b7bb-9270-49be-ac6f-94b8d1122775', '5c27e98a-ecf2-48f4-bd9a-30cc92d8f1ea', '0abc903e-233b-4daf-a078-23f5f1dd356a', '857647a0-2708-4370-bda0-0ef5cba108da', '2a894403-ca55-4df7-bc26-34a768ff1a45', 'b777c88c-400a-4492-8eb3-664110533479', 'a7b0c6c6-17e4-47e5-838d-dc6bc0fbfbdb', '6718543b-f333-4f8a-8ef7-36d3010f4d90', '6667d8cf-0f44-4b18-b19f-e1388c703f99', '072be19b-f09a-4dae-9796-e1210996ccf9', 'ae2b843f-dfb0-432b-991c-cd5f8f7c029d', 'cef59089-318d-4863-b3d3-128c574a9101', 'e9ce0fbc-7965-4cab-ad45-d45f45c17b6a', '8543d7fe-63e2-44e9-9b48-12eb8aba40cc', '3122ed0b-01f1-47ae-a9ca-423305456aa1']"
76afac8f-1ad1-4038-96c3-9a24ac5d0071,5,"['33b49928-6e79-408d-a45f-3fe0b0f96601', '33b49928-6e79-408d-a45f-3fe0b0f96601', '33b49928-6e79-408d-a45f-3fe0b0f96601', '33b49928-6e79-408d-a45f-3fe0b0f96601', '33b49928-6e79-408d-a45f-3fe0b0f96601', '33b49928-6e79-408d-a45f-3fe0b0f96601', 'eda09e93-a864-4c24-91c1-5c992b20d969', '8c61a182-7437-4cc9-bf3e-f9a5c14fa3e9', '8c61a182-7437-4cc9-bf3e-f9a5c14fa3e9', '8c61a182-7437-4cc9-bf3e-f9a5c14fa3e9', '8c61a182-7437-4cc9-bf3e-f9a5c14fa3e9', '8c61a182-7437-4cc9-bf3e-f9a5c14fa3e9', '8c61a182-7437-4cc9-bf3e-f9a5c14fa3e9', '8c61a182-7437-4cc9-bf3e-f9a5c14fa3e9', '8c61a182-7437-4cc9-bf3e-f9a5c14fa3e9', '8c61a182-7437-4cc9-bf3e-f9a5c14fa3e9', '8c61a182-7437-4cc9-bf3e-f9a5c14fa3e9', '8c61a182-7437-4cc9-bf3e-f9a5c14fa3e9', '8c61a182-7437-4cc9-bf3e-f9a5c14fa3e9', '8c61a182-7437-4cc9-bf3e-f9a5c14fa3e9', '8c61a182-7437-4cc9-bf3e-f9a5c14fa3e9', '8c61a182-7437-4cc9-bf3e-f9a5c14fa3e9', '8c61a182-7437-4cc9-bf3e-f9a5c14fa3e9', '8c61a182-7437-4cc9-bf3e-f9a5c14fa3e9', '8c61a182-7437-4cc9-bf3e-f9a5c14fa3e9', '8c61a182-7437-4cc9-bf3e-f9a5c14fa3e9', '8c61a182-7437-4cc9-bf3e-f9a5c14fa3e9', '8c61a182-7437-4cc9-bf3e-f9a5c14fa3e9', '8c61a182-7437-4cc9-bf3e-f9a5c14fa3e9', '8c61a182-7437-4cc9-bf3e-f9a5c14fa3e9', '8c61a182-7437-4cc9-bf3e-f9a5c14fa3e9', '8c61a182-7437-4cc9-bf3e-f9a5c14fa3e9', '8c61a182-7437-4cc9-bf3e-f9a5c14fa3e9', '8c61a182-7437-4cc9-bf3e-f9a5c14fa3e9', '8c61a182-7437-4cc9-bf3e-f9a5c14fa3e9', '8c61a182-7437-4cc9-bf3e-f9a5c14fa3e9', '8c61a182-7437-4cc9-bf3e-f9a5c14fa3e9', '8c61a182-7437-4cc9-bf3e-f9a5c14fa3e9', '1f327988-7a50-4ca2-88ac-256e33b0f539', '823e9c9f-55b0-4a79-b8ba-0d9b290feaa6', 'd59cc1e3-3f57-4607-bc99-447966075533', 'e55ff091-eacc-459a-bd2f-4585c62868f5', 'db6ddfb9-c224-4aa3-9052-c9e88c8f8bc5', '3f66feb0-b5d1-4a21-b773-d99845262aa7', '3b9e4522-2c6e-4b93-8ed1-67d82cfcb5e3', 'a617aa4b-a0d3-4930-8c3b-043dcd627cf6', 'fe3b1eee-f9d5-41b3-875c-eade4feb8be4', '76549853-54b9-4385-9d62-c0ebafa8504b', '9f475721-6757-47a1-bf78-2269d98a5361', '0cbece8b-1737-4f32-8ac1-71f305317841']"
2cab4800-381f-42fc-86fb-b87d46b33ff9,3,"['bcdc1632-f148-4691-a83e-9f6af5c39453', 'bcdc1632-f148-4691-a83e-9f6af5c39453', 'bcdc1632-f148-4691-a83e-9f6af5c39453', 'bcdc1632-f148-4691-a83e-9f6af5c39453', 'bcdc1632-f148-4691-a83e-9f6af5c39453', 'bcdc1632-f148-4691-a83e-9f6af5c39453', 'bcdc1632-f148-4691-a83e-9f6af5c39453', 'bcdc1632-f148-4691-a83e-9f6af5c39453', '37b83f52-ac3e-45f4-aa25-00ec390e4660', '9e2a2663-bc74-4c99-8f2a-59390cf0d49e', '623cad5b-6346-4451-8ce5-8107424c3e9e', '623cad5b-6346-4451-8ce5-8107424c3e9e', '623cad5b-6346-4451-8ce5-8107424c3e9e', '623cad5b-6346-4451-8ce5-8107424c3e9e', '623cad5b-6346-4451-8ce5-8107424c3e9e', '623cad5b-6346-4451-8ce5-8107424c3e9e', '84c6d04a-a8ae-4448-822a-920d1b0ae17f', '84c6d04a-a8ae-4448-822a-920d1b0ae17f', '84c6d04a-a8ae-4448-822a-920d1b0ae17f', '84c6d04a-a8ae-4448-822a-920d1b0ae17f', '84c6d04a-a8ae-4448-822a-920d1b0ae17f', '84c6d04a-a8ae-4448-822a-920d1b0ae17f', '8da0723c-c6a2-4911-8949-50241147c278', '8da0723c-c6a2-4911-8949-50241147c278', '8da0723c-c6a2-4911-8949-50241147c278', '8da0723c-c6a2-4911-8949-50241147c278', '8da0723c-c6a2-4911-8949-50241147c278', '43e151be-e47e-4b90-a52f-e8075e47cc47', '81eb25be-1dcc-449f-8e7b-0ecec0f90730', '81eb25be-1dcc-449f-8e7b-0ecec0f90730', '81eb25be-1dcc-449f-8e7b-0ecec0f90730', '86f04f3c-6b5c-4f8e-86fb-8f7fc481d0e5', '86f04f3c-6b5c-4f8e-86fb-8f7fc481d0e5', 'd68ae18f-6358-4642-add0-654f720629ed', '89e28482-f7bd-403b-80b8-fd9c1c5b4ba7', '10d1fc30-8a63-41d7-8603-8109e3ebd0d5', '03461f2d-001f-4402-9735-f71748b92902', '3d778ddc-8066-47bb-8d3a-7ab284564d19', '9a27e0a2-3c70-4987-9d53-edc2572138c4', 'f9fe8db9-d3be-4010-99c8-11f6a09b3ae3', '5eccb61f-414e-4043-823c-9730ed27b62c', '1f8c0b0e-0502-4f9c-a4f5-3f9bc6032daa', 'fbaf6a44-c679-4a16-a7d0-b81fec7a6277', '4ed0a7fc-9923-43c9-9680-3af6b2947508', '40be7348-1219-4f47-8727-1faa7c83266c', 'f73a6848-96f0-4801-9c2c-2eefc185863d', '6f1c48e5-ece1-4ecd-ba12-29ddc8bb060e', '55e98576-f6bd-495f-a5ec-1e475e4d93be', 'ab51ea3a-cefd-483d-8c83-605df49724ed', '3daf99ca-8aa1-411e-b8cb-3504c49dd87d']"
dc08a826-d140-4735-9cb6-1a5e65740486,9,"['c072931d-cd47-42a6-b7bb-ff8ad0737803', 'dc2eaf0a-f6ad-48c2-8663-f744e45fd8dc', 'dc2eaf0a-f6ad-48c2-8663-f744e45fd8dc', 'dc2eaf0a-f6ad-48c2-8663-f744e45fd8dc', 'dc2eaf0a-f6ad-48c2-8663-f744e45fd8dc', 'dc2eaf0a-f6ad-48c2-8663-f744e45fd8dc', 'dc2eaf0a-f6ad-48c2-8663-f744e45fd8dc', 'dc2eaf0a-f6ad-48c2-8663-f744e45fd8dc', 'dc2eaf0a-f6ad-48c2-8663-f744e45fd8dc', 'dc2eaf0a-f6ad-48c2-8663-f744e45fd8dc', 'dc2eaf0a-f6ad-48c2-8663-f744e45fd8dc', 'dc2eaf0a-f6ad-48c2-8663-f744e45fd8dc', 'dc2eaf0a-f6ad-48c2-8663-f744e45fd8dc', 'dc2eaf0a-f6ad-48c2-8663-f744e45fd8dc', 'dc2eaf0a-f6ad-48c2-8663-f744e45fd8dc', 'dc2eaf0a-f6ad-48c2-8663-f744e45fd8dc', 'dc2eaf0a-f6ad-48c2-8663-f744e45fd8dc', 'dc2eaf0a-f6ad-48c2-8663-f744e45fd8dc', 'dc2eaf0a-f6ad-48c2-8663-f744e45fd8dc', 'dc2eaf0a-f6ad-48c2-8663-f744e45fd8dc', 'dc2eaf0a-f6ad-48c2-8663-f744e45fd8dc', 'ca357bd6-5cb7-4892-9f07-ef8a7fc3c52a', '0af19303-ee5f-43ce-834f-3d9d04eb6615', '9a642c37-76c5-46f8-8d56-bd1da98b91cb', '5025252b-d43d-46ae-8f12-c451f4b23819', 'b2e01c96-926b-4c6f-9872-8d921988f8fb', '3fcb2f02-82fb-4a1a-834d-f95eadc007db', '03a42ed1-751c-41e3-bb15-10a32e356e03', 'cc514b22-02b2-4f75-a281-23246f50d35b', '260c8491-54af-47cc-b3eb-b1e88d3acbaa', 'a594b8b2-a934-4d27-93a0-214ef88823fe', '2cfc6cf3-22b0-4c5d-8b03-3020df352edf', '29228047-6f57-456d-b2a2-ded994e16254', '7fea3c59-10b7-4c29-8239-2dd950d36eb8', '55da6819-5d8a-492d-ae76-ed1e5ef2d22a', '3b9df752-0a1d-4acd-a885-277542e9de05', 'd5c4dbb8-f7ed-4367-9d50-ba8a09fcfe75', 'd2d0a2d4-497f-46e0-9012-b6480fecd689', '2240d0eb-39c4-4ae2-ae82-224ed370dd01', '814f97ae-46f7-4914-ae2d-7db5084fe787', '0a3eb96f-18cd-4924-aade-a15928e06ff3', '7bb403b6-7011-4422-a2ee-1e9829faa632', 'ce32e406-e57a-43c6-91ba-425b956a10ce', '152fdb46-b0cf-4061-a078-cecd3748ea6d', 'ba02d753-88e5-4362-a693-0a84d8b5c0df', '16625b92-6cbc-45fb-9c24-19ddee7f25ec', 'b172e1c7-5f22-4814-8daf-60c5121492da', '0c7afb43-81a8-4523-94e3-a991744abd57', '05455dca-45ca-4b12-99ca-ffedf38fc47d', '2167fc53-30de-4319-97c8-01d59d8a1aa6']"
db03acde-53da-40c4-bf9b-f916655e0c15,8,"['f2c1a68e-b921-4ff2-82ef-63ae798d517e', 'f2c1a68e-b921-4ff2-82ef-63ae798d517e', '2e507c5a-c6e7-4665-a79a-9dd332ce588f', '2e507c5a-c6e7-4665-a79a-9dd332ce588f', '2e507c5a-c6e7-4665-a79a-9dd332ce588f', '2e507c5a-c6e7-4665-a79a-9dd332ce588f', '2e507c5a-c6e7-4665-a79a-9dd332ce588f', '2e507c5a-c6e7-4665-a79a-9dd332ce588f', '2e507c5a-c6e7-4665-a79a-9dd332ce588f', '2e507c5a-c6e7-4665-a79a-9dd332ce588f', '2e507c5a-c6e7-4665-a79a-9dd332ce588f', '2e507c5a-c6e7-4665-a79a-9dd332ce588f', '2e507c5a-c6e7-4665-a79a-9dd332ce588f', '2e507c5a-c6e7-4665-a79a-9dd332ce588f', '2e507c5a-c6e7-4665-a79a-9dd332ce588f', '2e507c5a-c6e7-4665-a79a-9dd332ce588f', '2e507c5a-c6e7-4665-a79a-9dd332ce588f', '2e507c5a-c6e7-4665-a79a-9dd332ce588f', '2e507c5a-c6e7-4665-a79a-9dd332ce588f', '2e507c5a-c6e7-4665-a79a-9dd332ce588f', '2e507c5a-c6e7-4665-a79a-9dd332ce588f', '2e507c5a-c6e7-4665-a79a-9dd332ce588f', '2e507c5a-c6e7-4665-a79a-9dd332ce588f', '2e507c5a-c6e7-4665-a79a-9dd332ce588f', '2e507c5a-c6e7-4665-a79a-9dd332ce588f', '2e507c5a-c6e7-4665-a79a-9dd332ce588f', '2e507c5a-c6e7-4665-a79a-9dd332ce588f', '2e507c5a-c6e7-4665-a79a-9dd332ce588f', '2e507c5a-c6e7-4665-a79a-9dd332ce588f', '2e507c5a-c6e7-4665-a79a-9dd332ce588f', '2e507c5a-c6e7-4665-a79a-9dd332ce588f', '2e507c5a-c6e7-4665-a79a-9dd332ce588f', '2e507c5a-c6e7-4665-a79a-9dd332ce588f', '2e507c5a-c6e7-4665-a79a-9dd332ce588f', '2e507c5a-c6e7-4665-a79a-9dd332ce588f', '2e507c5a-c6e7-4665-a79a-9dd332ce588f', '2314aef0-b835-4836-987f-68508d4bbf62', '2314aef0-b835-4836-987f-68508d4bbf62', '77a797a1-d1f3-4001-9fc6-65a47c1dfeba', 'c6a15be1-da3f-41bb-9da3-96255bec97c3', 'b48c6b22-5e11-46de-b498-30a9dc94e8db', '436dcd3d-d48b-4e27-a2f2-836278c74f13', '8c5865de-dec1-4e03-84ee-0ad6604e0fec', '9396f4b6-9adb-4e6e-b042-02d169a83fc5', '538bd9bd-326b-49fb-8f19-4e5caeae9eef', '4c7ccc74-987c-4b34-8a15-d156062aa3dd', 'c38f2359-3198-4613-87b5-c2aa803b9296', 'd5838762-77dc-44ac-b1f6-801c9e40935a', 'e39d5d0f-91fd-40cb-9f89-545969d5bc3b', '0d6a88c6-bbca-46d3-9cef-2e3e820b2301']"
cd1602fa-928a-4e51-8d55-5ca20e19cdee,8,"['0ae7d568-167c-4852-b843-2208d03cbcf0', 'd21f1562-1200-4720-ab1b-fde083ffec78', 'd21f1562-1200-4720-ab1b-fde083ffec78', '57bf8c60-3de1-4655-8291-405b8652c854', '57bf8c60-3de1-4655-8291-405b8652c854', '57bf8c60-3de1-4655-8291-405b8652c854', '57bf8c60-3de1-4655-8291-405b8652c854', '57bf8c60-3de1-4655-8291-405b8652c854', '57bf8c60-3de1-4655-8291-405b8652c854', '57bf8c60-3de1-4655-8291-405b8652c854', '57bf8c60-3de1-4655-8291-405b8652c854', '57bf8c60-3de1-4655-8291-405b8652c854', '57bf8c60-3de1-4655-8291-405b8652c854', '57bf8c60-3de1-4655-8291-405b8652c854', '57bf8c60-3de1-4655-8291-405b8652c854', '57bf8c60-3de1-4655-8291-405b8652c854', '57bf8c60-3de1-4655-8291-405b8652c854', '57bf8c60-3de1-4655-8291-405b8652c854', '57bf8c60-3de1-4655-8291-405b8652c854', '57bf8c60-3de1-4655-8291-405b8652c854', '57bf8c60-3de1-4655-8291-405b8652c854', '57bf8c60-3de1-4655-8291-405b8652c854', '57bf8c60-3de1-4655-8291-405b8652c854', '45d0d1f8-cdc0-4a5f-98ff-5796c006849e', 'b78ac64a-8853-49b5-9e0e-19c5a292001a', '961d8a36-b44b-472c-968a-252613a91e37', '73c064d1-4d6b-482c-9625-0bc8b5134a39', '570e0b6c-54a5-44c9-8e18-e47b2bb31963', '010acae8-d560-43a5-9cf6-306aebf0f497', '908e72aa-b798-411b-bc74-bb37fce59535', 'b2aaef6b-1597-46e3-b4ad-b9584b3326b4', '4a2a4c04-6fc2-4d82-8d9c-9c0377973b4d', '922caf17-a1ee-4de7-b2b4-89a7972e63a1', '7b06e0ea-b54b-4fd1-a069-732bc836258e', 'd53f54fc-91e5-4211-9e21-661594cfd986', '185b6503-7425-456d-81be-fa90999a3c7a', '535a756e-3ae5-4b69-bf40-17254da6a654', 'cfd1ccac-7d56-4694-81c9-8da231180911', 'e1edb24b-6b82-4935-88c0-2a385c54c83e', 'a6dc3714-93c0-467b-ab12-ae12e5a5e6eb', '72fb9996-eda3-4632-9392-985961cee1f8', '41f25ba2-daa9-420b-9e82-79d2f12f2f65', '3ce526cf-d4d1-4627-a7a9-cac1b05e1634', '3917f41b-1e54-489b-b109-8b404c512731', '1ffcbf2b-daa9-4971-97bc-e47100d48050', '8052ae9b-b41b-4928-a056-32153e62e48b', 'd61cbbf2-ec3c-40b8-a05a-55c6f05d6283', '97ad04e4-e759-47c1-b549-959d1c078968', 'ab1cccc5-68da-47f2-882d-12aefbc73b8d', 'd0cdd4c6-daf0-40a0-af29-3a439764b348']"
bacaea0b-0861-4d12-9ba2-931ab1f2f051,6,"['6340df2a-9f13-4502-aafc-33039ac65f6e', '65452ba4-7a1d-4f10-9b4b-169d59c2e912', '65452ba4-7a1d-4f10-9b4b-169d59c2e912', '65452ba4-7a1d-4f10-9b4b-169d59c2e912', 'c0964a00-3ade-4f48-ae78-3072fa2e015e', 'c0964a00-3ade-4f48-ae78-3072fa2e015e', 'c0964a00-3ade-4f48-ae78-3072fa2e015e', 'c0964a00-3ade-4f48-ae78-3072fa2e015e', 'c0964a00-3ade-4f48-ae78-3072fa2e015e', 'c0964a00-3ade-4f48-ae78-3072fa2e015e', 'c0964a00-3ade-4f48-ae78-3072fa2e015e', 'c0964a00-3ade-4f48-ae78-3072fa2e015e', 'c0964a00-3ade-4f48-ae78-3072fa2e015e', 'c0964a00-3ade-4f48-ae78-3072fa2e015e', 'c0964a00-3ade-4f48-ae78-3072fa2e015e', 'c0964a00-3ade-4f48-ae78-3072fa2e015e', 'c0964a00-3ade-4f48-ae78-3072fa2e015e', 'c0964a00-3ade-4f48-ae78-3072fa2e015e', 'c0964a00-3ade-4f48-ae78-3072fa2e015e', 'c0964a00-3ade-4f48-ae78-3072fa2e015e', 'c0964a00-3ade-4f48-ae78-3072fa2e015e', 'c0964a00-3ade-4f48-ae78-3072fa2e015e', 'c0964a00-3ade-4f48-ae78-3072fa2e015e', 'c0964a00-3ade-4f48-ae78-3072fa2e015e', 'c0964a00-3ade-4f48-ae78-3072fa2e015e', 'c0964a00-3ade-4f48-ae78-3072fa2e015e', '75b2b7bb-9270-49be-ac6f-94b8d1122775', '5c27e98a-ecf2-48f4-bd9a-30cc92d8f1ea', '0abc903e-233b-4daf-a078-23f5f1dd356a', '2a894403-ca55-4df7-bc26-34a768ff1a45', 'b777c88c-400a-4492-8eb3-664110533479', 'a7b0c6c6-17e4-47e5-838d-dc6bc0fbfbdb', '6718543b-f333-4f8a-8ef7-36d3010f4d90', '6667d8cf-0f44-4b18-b19f-e1388c703f99', '072be19b-f09a-4dae-9796-e1210996ccf9', 'ae2b843f-dfb0-432b-991c-cd5f8f7c029d', 'e9ce0fbc-7965-4cab-ad45-d45f45c17b6a', '8543d7fe-63e2-44e9-9b48-12eb8aba40cc', '3122ed0b-01f1-47ae-a9ca-423305456aa1', 'ed06baf2-e62e-4d5c-ac32-753e33d6ed98', '54bca263-1a49-461d-a58d-403ed5641d3e', 'd8a80daf-7bdf-4570-870b-43467f92f30d', 'd13169fc-877c-4417-87a2-bd7bd980c7ef', '3fda8fb1-e39a-42e2-8d19-5d4f7b827a24', '3cc12cb7-4292-44a0-aea9-059ec06e3b40', '88bc14de-1411-4ac3-b783-73a19e8d4b01', 'ebd55347-799a-4c5c-a284-251b79685ecb', '8b6eed9d-ae47-42b0-895d-48025bd757a8', '949d629d-fefb-4661-81cb-c510b692a254', 'ceb306b2-c14a-4360-8aae-8c69d3a8fb33']"
76afac8f-1ad1-4038-96c3-9a24ac5d0071,6,"['33b49928-6e79-408d-a45f-3fe0b0f96601', '33b49928-6e79-408d-a45f-3fe0b0f96601', '33b49928-6e79-408d-a45f-3fe0b0f96601', '33b49928-6e79-408d-a45f-3fe0b0f96601', 'eda09e93-a864-4c24-91c1-5c992b20d969', '8c61a182-7437-4cc9-bf3e-f9a5c14fa3e9', '8c61a182-7437-4cc9-bf3e-f9a5c14fa3e9', '8c61a182-7437-4cc9-bf3e-f9a5c14fa3e9', '8c61a182-7437-4cc9-bf3e-f9a5c14fa3e9', '8c61a182-7437-4cc9-bf3e-f9a5c14fa3e9', '8c61a182-7437-4cc9-bf3e-f9a5c14fa3e9', '8c61a182-7437-4cc9-bf3e-f9a5c14fa3e9', '8c61a182-7437-4cc9-bf3e-f9a5c14fa3e9', '8c61a182-7437-4cc9-bf3e-f9a5c14fa3e9', '8c61a182-7437-4cc9-bf3e-f9a5c14fa3e9', '8c61a182-7437-4cc9-bf3e-f9a5c14fa3e9', '8c61a182-7437-4cc9-bf3e-f9a5c14fa3e9', '8c61a182-7437-4cc9-bf3e-f9a5c14fa3e9', '8c61a182-7437-4cc9-bf3e-f9a5c14fa3e9', '8c61a182-7437-4cc9-bf3e-f9a5c14fa3e9', '8c61a182-7437-4cc9-bf3e-f9a5c14fa3e9', '8c61a182-7437-4cc9-bf3e-f9a5c14fa3e9', '8c61a182-7437-4cc9-bf3e-f9a5c14fa3e9', '8c61a182-7437-4cc9-bf3e-f9a5c14fa3e9', '8c61a182-7437-4cc9-bf3e-f9a5c14fa3e9', '8c61a182-7437-4cc9-bf3e-f9a5c14fa3e9', '8c61a182-7437-4cc9-bf3e-f9a5c14fa3e9', '8c61a182-7437-4cc9-bf3e-f9a5c14fa3e9', '8c61a182-7437-4cc9-bf3e-f9a5c14fa3e9', '8c61a182-7437-4cc9-bf3e-f9a5c14fa3e9', '8c61a182-7437-4cc9-bf3e-f9a5c14fa3e9', '8c61a182-7437-4cc9-bf3e-f9a5c14fa3e9', '8c61a182-7437-4cc9-bf3e-f9a5c14fa3e9', '1f327988-7a50-4ca2-88ac-256e33b0f539', 'e55ff091-eacc-459a-bd2f-4585c62868f5', 'db6ddfb9-c224-4aa3-9052-c9e88c8f8bc5', '3b9e4522-2c6e-4b93-8ed1-67d82cfcb5e3', '9f475721-6757-47a1-bf78-2269d98a5361', '0cbece8b-1737-4f32-8ac1-71f305317841', 'e9081637-e51d-4869-845f-1dac3a04020b', '78967434-16bf-4603-b19f-3ab3bd226d61', '4c522ba7-79df-4693-ba04-79842e8475ab', '41044918-89a9-431a-adf7-20a82005231b', '2b23a226-9e68-4d88-a4ef-d4f78ee47c5c', 'cf5c8bb4-5588-4024-a67d-204e642c493d', '984b02b7-9141-4560-82fc-b11c1c14e2c5', 'bc885499-45cc-4a7b-afb6-427c8db824c2', '6ce454b1-6ed1-4894-9aeb-69b760bc4273', '8e9dfa92-4cee-4c9a-9a04-db512a26dc8a', '0f206c98-6cf9-4dff-a0fb-f55a923f5552']"
cd1602fa-928a-4e51-8d55-5ca20e19cdee,9,"['0ae7d568-167c-4852-b843-2208d03cbcf0', 'd21f1562-1200-4720-ab1b-fde083ffec78', '57bf8c60-3de1-4655-8291-405b8652c854', '57bf8c60-3de1-4655-8291-405b8652c854', '57bf8c60-3de1-4655-8291-405b8652c854', '57bf8c60-3de1-4655-8291-405b8652c854', '57bf8c60-3de1-4655-8291-405b8652c854', '57bf8c60-3de1-4655-8291-405b8652c854', '57bf8c60-3de1-4655-8291-405b8652c854', '57bf8c60-3de1-4655-8291-405b8652c854', '57bf8c60-3de1-4655-8291-405b8652c854', '57bf8c60-3de1-4655-8291-405b8652c854', '57bf8c60-3de1-4655-8291-405b8652c854', '57bf8c60-3de1-4655-8291-405b8652c854', '57bf8c60-3de1-4655-8291-405b8652c854', '57bf8c60-3de1-4655-8291-405b8652c854', '57bf8c60-3de1-4655-8291-405b8652c854', '57bf8c60-3de1-4655-8291-405b8652c854', '57bf8c60-3de1-4655-8291-405b8652c854', '45d0d1f8-cdc0-4a5f-98ff-5796c006849e', 'b78ac64a-8853-49b5-9e0e-19c5a292001a', '961d8a36-b44b-472c-968a-252613a91e37', '73c064d1-4d6b-482c-9625-0bc8b5134a39', '570e0b6c-54a5-44c9-8e18-e47b2bb31963', '010acae8-d560-43a5-9cf6-306aebf0f497', '908e72aa-b798-411b-bc74-bb37fce59535', 'b2aaef6b-1597-46e3-b4ad-b9584b3326b4', '4a2a4c04-6fc2-4d82-8d9c-9c0377973b4d', '922caf17-a1ee-4de7-b2b4-89a7972e63a1', '7b06e0ea-b54b-4fd1-a069-732bc836258e', 'd53f54fc-91e5-4211-9e21-661594cfd986', '535a756e-3ae5-4b69-bf40-17254da6a654', 'cfd1ccac-7d56-4694-81c9-8da231180911', 'e1edb24b-6b82-4935-88c0-2a385c54c83e', 'a6dc3714-93c0-467b-ab12-ae12e5a5e6eb', '3ce526cf-d4d1-4627-a7a9-cac1b05e1634', '3917f41b-1e54-489b-b109-8b404c512731', '1ffcbf2b-daa9-4971-97bc-e47100d48050', '8052ae9b-b41b-4928-a056-32153e62e48b', '97ad04e4-e759-47c1-b549-959d1c078968', 'ab1cccc5-68da-47f2-882d-12aefbc73b8d', 'd0cdd4c6-daf0-40a0-af29-3a439764b348', '90120bc6-398c-4532-8100-780c6d5a8820', 'e12bbec5-3e1b-4a89-b746-36aab16d953b', '928386ec-bde6-49b0-88aa-1d3491c38cee', '2487baca-a598-4950-acea-1dab1454430f', 'd8a93542-f98d-4366-b6fb-4c9c5e5d7f85', '33fc7dc2-434f-4e3c-8d60-cc975f0f1857', 'a1236946-82e9-4847-b72c-de140f7d964c', '342d5766-65f7-4963-967c-e2cd720e13e7']"
db03acde-53da-40c4-bf9b-f916655e0c15,9,"['f2c1a68e-b921-4ff2-82ef-63ae798d517e', 'f2c1a68e-b921-4ff2-82ef-63ae798d517e', '2e507c5a-c6e7-4665-a79a-9dd332ce588f', '2e507c5a-c6e7-4665-a79a-9dd332ce588f', '2e507c5a-c6e7-4665-a79a-9dd332ce588f', '2e507c5a-c6e7-4665-a79a-9dd332ce588f', '2e507c5a-c6e7-4665-a79a-9dd332ce588f', '2e507c5a-c6e7-4665-a79a-9dd332ce588f', '2e507c5a-c6e7-4665-a79a-9dd332ce588f', '2e507c5a-c6e7-4665-a79a-9dd332ce588f', '2e507c5a-c6e7-4665-a79a-9dd332ce588f', '2e507c5a-c6e7-4665-a79a-9dd332ce588f', '2e507c5a-c6e7-4665-a79a-9dd332ce588f', '2e507c5a-c6e7-4665-a79a-9dd332ce588f', '2e507c5a-c6e7-4665-a79a-9dd332ce588f', '2e507c5a-c6e7-4665-a79a-9dd332ce588f', '2e507c5a-c6e7-4665-a79a-9dd332ce588f', '2e507c5a-c6e7-4665-a79a-9dd332ce588f', '2e507c5a-c6e7-4665-a79a-9dd332ce588f', '2e507c5a-c6e7-4665-a79a-9dd332ce588f', '2e507c5a-c6e7-4665-a79a-9dd332ce588f', '2e507c5a-c6e7-4665-a79a-9dd332ce588f', '2e507c5a-c6e7-4665-a79a-9dd332ce588f', '2e507c5a-c6e7-4665-a79a-9dd332ce588f', '2e507c5a-c6e7-4665-a79a-9dd332ce588f', '2e507c5a-c6e7-4665-a79a-9dd332ce588f', '2e507c5a-c6e7-4665-a79a-9dd332ce588f', '2e507c5a-c6e7-4665-a79a-9dd332ce588f', '2e507c5a-c6e7-4665-a79a-9dd332ce588f', '2e507c5a-c6e7-4665-a79a-9dd332ce588f', '2314aef0-b835-4836-987f-68508d4bbf62', '77a797a1-d1f3-4001-9fc6-65a47c1dfeba', 'b48c6b22-5e11-46de-b498-30a9dc94e8db', '436dcd3d-d48b-4e27-a2f2-836278c74f13', '8c5865de-dec1-4e03-84ee-0ad6604e0fec', '9396f4b6-9adb-4e6e-b042-02d169a83fc5', '4c7ccc74-987c-4b34-8a15-d156062aa3dd', 'c38f2359-3198-4613-87b5-c2aa803b9296', 'd5838762-77dc-44ac-b1f6-801c9e40935a', '0d6a88c6-bbca-46d3-9cef-2e3e820b2301', '1bdc1a4b-b64e-4f81-a690-cd8edcebff13', '65230a03-523c-442d-aff6-5b56bc4bf30e', 'f69398ad-ee33-41ac-8e9e-0e673e9ee7ee', '3ed59b33-94d5-4e3e-aede-06b2c37f9dad', '0004ffa7-042f-48c6-b2d8-3caa17dfc4d0', '5e57220c-59d9-4f89-b84d-e3b36643a0cd', '3536e4e9-5bed-462e-bda0-ca0bedd55ab6', 'f56451f5-86b9-4344-ad5e-76a5edc4298c', '76f7af4b-5554-40ea-985c-3ece280ef332', 'cc4d9637-2c16-4891-a628-0c83053a6679']"
2cab4800-381f-42fc-86fb-b87d46b33ff9,4,"['bcdc1632-f148-4691-a83e-9f6af5c39453', 'bcdc1632-f148-4691-a83e-9f6af5c39453', 'bcdc1632-f148-4691-a83e-9f6af5c39453', 'bcdc1632-f148-4691-a83e-9f6af5c39453', 'bcdc1632-f148-4691-a83e-9f6af5c39453', 'bcdc1632-f148-4691-a83e-9f6af5c39453', 'bcdc1632-f148-4691-a83e-9f6af5c39453', 'bcdc1632-f148-4691-a83e-9f6af5c39453', 'bcdc1632-f148-4691-a83e-9f6af5c39453', 'bcdc1632-f148-4691-a83e-9f6af5c39453', 'bcdc1632-f148-4691-a83e-9f6af5c39453', 'bcdc1632-f148-4691-a83e-9f6af5c39453', 'bcdc1632-f148-4691-a83e-9f6af5c39453', '623cad5b-6346-4451-8ce5-8107424c3e9e', '623cad5b-6346-4451-8ce5-8107424c3e9e', '623cad5b-6346-4451-8ce5-8107424c3e9e', '623cad5b-6346-4451-8ce5-8107424c3e9e', '84c6d04a-a8ae-4448-822a-920d1b0ae17f', '84c6d04a-a8ae-4448-822a-920d1b0ae17f', '84c6d04a-a8ae-4448-822a-920d1b0ae17f', '84c6d04a-a8ae-4448-822a-920d1b0ae17f', '8da0723c-c6a2-4911-8949-50241147c278', '81eb25be-1dcc-449f-8e7b-0ecec0f90730', '86f04f3c-6b5c-4f8e-86fb-8f7fc481d0e5', '3d778ddc-8066-47bb-8d3a-7ab284564d19', 'f9fe8db9-d3be-4010-99c8-11f6a09b3ae3', '5eccb61f-414e-4043-823c-9730ed27b62c', '40be7348-1219-4f47-8727-1faa7c83266c', '40be7348-1219-4f47-8727-1faa7c83266c', '40be7348-1219-4f47-8727-1faa7c83266c', '40be7348-1219-4f47-8727-1faa7c83266c', '40be7348-1219-4f47-8727-1faa7c83266c', 'f73a6848-96f0-4801-9c2c-2eefc185863d', 'ab51ea3a-cefd-483d-8c83-605df49724ed', 'ab51ea3a-cefd-483d-8c83-605df49724ed', 'ab51ea3a-cefd-483d-8c83-605df49724ed', 'ab51ea3a-cefd-483d-8c83-605df49724ed', '120b9db3-679f-4e48-9a40-b5965f814137', '99614b47-9787-436e-a11f-650f4309129c', '92af2a07-bfcd-4f65-88fe-e75f2a1d3ce3', '0a55d4ab-c287-409a-8fd5-7610e428f3da', '00c86726-c6b3-449b-9724-ce96350c45ab', '9cee425a-7671-4bb5-b2b9-14c31b17463d', '45aeac11-6cde-4f70-a6d4-0989bf5099e9', '53aee2b9-f666-4c98-af41-c36fd1e3849d', '1221a6db-2a29-4c8c-b093-5c3095420a34', 'b311777e-bfbd-4b44-99b0-77970d93e937', '938b5375-0be4-4eab-87aa-9495ae5cdd96', 'cc46b212-78a8-4344-8482-5ea26e0e650f', '8485abd2-246f-4731-8039-7d87845e8dc8']"
dc08a826-d140-4735-9cb6-1a5e65740486,10,"['dc2eaf0a-f6ad-48c2-8663-f744e45fd8dc', 'dc2eaf0a-f6ad-48c2-8663-f744e45fd8dc', 'dc2eaf0a-f6ad-48c2-8663-f744e45fd8dc', 'dc2eaf0a-f6ad-48c2-8663-f744e45fd8dc', 'dc2eaf0a-f6ad-48c2-8663-f744e45fd8dc', 'dc2eaf0a-f6ad-48c2-8663-f744e45fd8dc', 'dc2eaf0a-f6ad-48c2-8663-f744e45fd8dc', 'dc2eaf0a-f6ad-48c2-8663-f744e45fd8dc', 'dc2eaf0a-f6ad-48c2-8663-f744e45fd8dc', 'dc2eaf0a-f6ad-48c2-8663-f744e45fd8dc', 'dc2eaf0a-f6ad-48c2-8663-f744e45fd8dc', 'dc2eaf0a-f6ad-48c2-8663-f744e45fd8dc', 'dc2eaf0a-f6ad-48c2-8663-f744e45fd8dc', 'dc2eaf0a-f6ad-48c2-8663-f744e45fd8dc', 'dc2eaf0a-f6ad-48c2-8663-f744e45fd8dc', 'dc2eaf0a-f6ad-48c2-8663-f744e45fd8dc', 'dc2eaf0a-f6ad-48c2-8663-f744e45fd8dc', 'dc2eaf0a-f6ad-48c2-8663-f744e45fd8dc', 'dc2eaf0a-f6ad-48c2-8663-f744e45fd8dc', 'dc2eaf0a-f6ad-48c2-8663-f744e45fd8dc', 'dc2eaf0a-f6ad-48c2-8663-f744e45fd8dc', 'dc2eaf0a-f6ad-48c2-8663-f744e45fd8dc', 'dc2eaf0a-f6ad-48c2-8663-f744e45fd8dc', 'dc2eaf0a-f6ad-48c2-8663-f744e45fd8dc', 'dc2eaf0a-f6ad-48c2-8663-f744e45fd8dc', 'dc2eaf0a-f6ad-48c2-8663-f744e45fd8dc', 'dc2eaf0a-f6ad-48c2-8663-f744e45fd8dc', 'dc2eaf0a-f6ad-48c2-8663-f744e45fd8dc', 'dc2eaf0a-f6ad-48c2-8663-f744e45fd8dc', 'dc2eaf0a-f6ad-48c2-8663-f744e45fd8dc', 'dc2eaf0a-f6ad-48c2-8663-f744e45fd8dc', 'dc2eaf0a-f6ad-48c2-8663-f744e45fd8dc', 'dc2eaf0a-f6ad-48c2-8663-f744e45fd8dc', 'dc2eaf0a-f6ad-48c2-8663-f744e45fd8dc', 'dc2eaf0a-f6ad-48c2-8663-f744e45fd8dc', 'dc2eaf0a-f6ad-48c2-8663-f744e45fd8dc', 'dc2eaf0a-f6ad-48c2-8663-f744e45fd8dc', 'dc2eaf0a-f6ad-48c2-8663-f744e45fd8dc', 'dc2eaf0a-f6ad-48c2-8663-f744e45fd8dc', 'dc2eaf0a-f6ad-48c2-8663-f744e45fd8dc', '2c24b1d9-60a8-49f7-8e77-c2a3010efe86', '990a3537-c5d4-4d6d-9c52-f9b8b4f5d3e6', 'fbe0070d-74d4-4ec6-9d03-ee3d92c53850', '12ddb0e4-350a-4547-a951-4e10ecd8932c', 'dd9195bc-e4c8-49b9-9154-c538a9b9ed93', 'de4b319b-adfc-4e1d-8794-41012cd81968', '967db070-bad8-4f77-b4fb-89e9f93e5a95', '3955cca5-6104-4419-949c-1685ca56d42f', 'd0b22126-8be3-4efc-a3d0-2e1bb349f137', '80b2b095-e900-4fdf-8f49-d2831191428a']"
bacaea0b-0861-4d12-9ba2-931ab1f2f051,7,"['65452ba4-7a1d-4f10-9b4b-169d59c2e912', '65452ba4-7a1d-4f10-9b4b-169d59c2e912', '65452ba4-7a1d-4f10-9b4b-169d59c2e912', 'c0964a00-3ade-4f48-ae78-3072fa2e015e', 'c0964a00-3ade-4f48-ae78-3072fa2e015e', 'c0964a00-3ade-4f48-ae78-3072fa2e015e', 'c0964a00-3ade-4f48-ae78-3072fa2e015e', 'c0964a00-3ade-4f48-ae78-3072fa2e015e', 'c0964a00-3ade-4f48-ae78-3072fa2e015e', 'c0964a00-3ade-4f48-ae78-3072fa2e015e', 'c0964a00-3ade-4f48-ae78-3072fa2e015e', 'c0964a00-3ade-4f48-ae78-3072fa2e015e', 'c0964a00-3ade-4f48-ae78-3072fa2e015e', 'c0964a00-3ade-4f48-ae78-3072fa2e015e', 'c0964a00-3ade-4f48-ae78-3072fa2e015e', 'c0964a00-3ade-4f48-ae78-3072fa2e015e', 'c0964a00-3ade-4f48-ae78-3072fa2e015e', 'c0964a00-3ade-4f48-ae78-3072fa2e015e', '75b2b7bb-9270-49be-ac6f-94b8d1122775', '0abc903e-233b-4daf-a078-23f5f1dd356a', 'b777c88c-400a-4492-8eb3-664110533479', 'a7b0c6c6-17e4-47e5-838d-dc6bc0fbfbdb', '6718543b-f333-4f8a-8ef7-36d3010f4d90', '6667d8cf-0f44-4b18-b19f-e1388c703f99', '072be19b-f09a-4dae-9796-e1210996ccf9', 'e9ce0fbc-7965-4cab-ad45-d45f45c17b6a', '8543d7fe-63e2-44e9-9b48-12eb8aba40cc', '3122ed0b-01f1-47ae-a9ca-423305456aa1', 'ed06baf2-e62e-4d5c-ac32-753e33d6ed98', '54bca263-1a49-461d-a58d-403ed5641d3e', 'd8a80daf-7bdf-4570-870b-43467f92f30d', 'd13169fc-877c-4417-87a2-bd7bd980c7ef', '3fda8fb1-e39a-42e2-8d19-5d4f7b827a24', '3cc12cb7-4292-44a0-aea9-059ec06e3b40', '88bc14de-1411-4ac3-b783-73a19e8d4b01', 'ebd55347-799a-4c5c-a284-251b79685ecb', '8b6eed9d-ae47-42b0-895d-48025bd757a8', '949d629d-fefb-4661-81cb-c510b692a254', 'ceb306b2-c14a-4360-8aae-8c69d3a8fb33', 'ab5a52ee-e274-4aa7-80f1-83a64ed2968d', 'db620e6a-2304-4c68-b0e5-7a5fc9fe5877', '7588a1be-9e67-4f9f-bc94-2e3d866bbbd2', '5b6c7483-2985-4a0e-a62b-01b81604d81d', 'c01af9d1-7317-4059-8a34-b0a3fa2820b9', '5afe9a96-f40d-4f0a-81c3-e5497f43378c', 'bf7ca8da-bcf0-4aa3-aad3-2bea2b102042', '7fd94527-7026-46de-b500-6e04a66548ec', '26666f57-eda4-4856-b53d-d3e25c275899', '3afbc0fa-8635-4833-aaa6-a6e1d5f57449', '7e1f7834-764b-4e66-991a-2e29442fea0d']"
76afac8f-1ad1-4038-96c3-9a24ac5d0071,7,"['33b49928-6e79-408d-a45f-3fe0b0f96601', '33b49928-6e79-408d-a45f-3fe0b0f96601', '33b49928-6e79-408d-a45f-3fe0b0f96601', '33b49928-6e79-408d-a45f-3fe0b0f96601', '8c61a182-7437-4cc9-bf3e-f9a5c14fa3e9', '8c61a182-7437-4cc9-bf3e-f9a5c14fa3e9', '8c61a182-7437-4cc9-bf3e-f9a5c14fa3e9', '8c61a182-7437-4cc9-bf3e-f9a5c14fa3e9', '8c61a182-7437-4cc9-bf3e-f9a5c14fa3e9', '8c61a182-7437-4cc9-bf3e-f9a5c14fa3e9', '8c61a182-7437-4cc9-bf3e-f9a5c14fa3e9', '8c61a182-7437-4cc9-bf3e-f9a5c14fa3e9', '8c61a182-7437-4cc9-bf3e-f9a5c14fa3e9', '8c61a182-7437-4cc9-bf3e-f9a5c14fa3e9', '8c61a182-7437-4cc9-bf3e-f9a5c14fa3e9', '8c61a182-7437-4cc9-bf3e-f9a5c14fa3e9', '8c61a182-7437-4cc9-bf3e-f9a5c14fa3e9', '8c61a182-7437-4cc9-bf3e-f9a5c14fa3e9', '8c61a182-7437-4cc9-bf3e-f9a5c14fa3e9', '8c61a182-7437-4cc9-bf3e-f9a5c14fa3e9', '8c61a182-7437-4cc9-bf3e-f9a5c14fa3e9', '8c61a182-7437-4cc9-bf3e-f9a5c14fa3e9', '8c61a182-7437-4cc9-bf3e-f9a5c14fa3e9', '8c61a182-7437-4cc9-bf3e-f9a5c14fa3e9', '1f327988-7a50-4ca2-88ac-256e33b0f539', 'e55ff091-eacc-459a-bd2f-4585c62868f5', 'db6ddfb9-c224-4aa3-9052-c9e88c8f8bc5', '3b9e4522-2c6e-4b93-8ed1-67d82cfcb5e3', '9f475721-6757-47a1-bf78-2269d98a5361', 'e9081637-e51d-4869-845f-1dac3a04020b', '4c522ba7-79df-4693-ba04-79842e8475ab', '41044918-89a9-431a-adf7-20a82005231b', '2b23a226-9e68-4d88-a4ef-d4f78ee47c5c', '984b02b7-9141-4560-82fc-b11c1c14e2c5', 'bc885499-45cc-4a7b-afb6-427c8db824c2', '6ce454b1-6ed1-4894-9aeb-69b760bc4273', '8e9dfa92-4cee-4c9a-9a04-db512a26dc8a', '0f206c98-6cf9-4dff-a0fb-f55a923f5552', '99488a4c-9787-465d-af2a-9713430cc6e9', 'd5c7f460-d1b0-4dec-ad04-d617db17f6cf', '5618ca62-4460-449c-9477-1eb9bca5ed96', 'cb720c4a-aac2-4cf7-97d5-6bd797246a1d', '5a9b5cf3-3511-44f4-94d7-8eed6aeac62a', 'e0680a30-25e7-4dff-b9b5-bccd9e52793d', 'c34d4f87-9f3c-475a-ab4c-4ce54ce71966', '18424428-dc8b-489e-bc36-c093630c3d2b', '2063a4ff-bf85-493c-9e1b-05c12afec1b0', '9ba760f9-99f7-4acd-956e-e01151849a0a', '5ef10aeb-c1b0-4515-be6f-519c61f30564', '492f02ed-f482-4610-b2e1-6d900cb900cc']"
cd1602fa-928a-4e51-8d55-5ca20e19cdee,10,"['d21f1562-1200-4720-ab1b-fde083ffec78', '57bf8c60-3de1-4655-8291-405b8652c854', '57bf8c60-3de1-4655-8291-405b8652c854', '57bf8c60-3de1-4655-8291-405b8652c854', '57bf8c60-3de1-4655-8291-405b8652c854', '57bf8c60-3de1-4655-8291-405b8652c854', '57bf8c60-3de1-4655-8291-405b8652c854', '57bf8c60-3de1-4655-8291-405b8652c854', '57bf8c60-3de1-4655-8291-405b8652c854', '57bf8c60-3de1-4655-8291-405b8652c854', '57bf8c60-3de1-4655-8291-405b8652c854', '57bf8c60-3de1-4655-8291-405b8652c854', '57bf8c60-3de1-4655-8291-405b8652c854', '57bf8c60-3de1-4655-8291-405b8652c854', '57bf8c60-3de1-4655-8291-405b8652c854', '57bf8c60-3de1-4655-8291-405b8652c854', '57bf8c60-3de1-4655-8291-405b8652c854', '57bf8c60-3de1-4655-8291-405b8652c854', '57bf8c60-3de1-4655-8291-405b8652c854', '57bf8c60-3de1-4655-8291-405b8652c854', '57bf8c60-3de1-4655-8291-405b8652c854', '57bf8c60-3de1-4655-8291-405b8652c854', '57bf8c60-3de1-4655-8291-405b8652c854', '57bf8c60-3de1-4655-8291-405b8652c854', '57bf8c60-3de1-4655-8291-405b8652c854', 'b78ac64a-8853-49b5-9e0e-19c5a292001a', '73c064d1-4d6b-482c-9625-0bc8b5134a39', '73c064d1-4d6b-482c-9625-0bc8b5134a39', '010acae8-d560-43a5-9cf6-306aebf0f497', '010acae8-d560-43a5-9cf6-306aebf0f497', '010acae8-d560-43a5-9cf6-306aebf0f497', '4a2a4c04-6fc2-4d82-8d9c-9c0377973b4d', '4a2a4c04-6fc2-4d82-8d9c-9c0377973b4d', '4a2a4c04-6fc2-4d82-8d9c-9c0377973b4d', '4a2a4c04-6fc2-4d82-8d9c-9c0377973b4d', 'd53f54fc-91e5-4211-9e21-661594cfd986', 'a6dc3714-93c0-467b-ab12-ae12e5a5e6eb', 'a6dc3714-93c0-467b-ab12-ae12e5a5e6eb', '97ad04e4-e759-47c1-b549-959d1c078968', '342d5766-65f7-4963-967c-e2cd720e13e7', '6a6d5425-3c04-437c-9c42-949a1a45372a', '988d0746-bd8b-4510-9da8-4d752320a8e2', '60b4d714-da9e-4377-b33b-2b0fbc26b460', 'b95001c1-03ce-4bda-8541-2bea264fde4c', 'b78df466-f464-42ad-b7b6-788cdbc22356', '2bad2b3c-d03f-4280-88e5-e233baee593c', 'bb804278-a0b3-49e8-86f3-8620abf3d46f', 'b9880647-5743-49ea-9ae5-925ed645fecc', 'aea65c6b-3581-4142-b07c-35e4f709466d', '269aeef2-a10c-4790-bb3d-cda62fc69b3a']"
dc08a826-d140-4735-9cb6-1a5e65740486,11,"['dc2eaf0a-f6ad-48c2-8663-f744e45fd8dc', 'dc2eaf0a-f6ad-48c2-8663-f744e45fd8dc', 'dc2eaf0a-f6ad-48c2-8663-f744e45fd8dc', 'dc2eaf0a-f6ad-48c2-8663-f744e45fd8dc', 'dc2eaf0a-f6ad-48c2-8663-f744e45fd8dc', 'dc2eaf0a-f6ad-48c2-8663-f744e45fd8dc', 'dc2eaf0a-f6ad-48c2-8663-f744e45fd8dc', 'dc2eaf0a-f6ad-48c2-8663-f744e45fd8dc', 'dc2eaf0a-f6ad-48c2-8663-f744e45fd8dc', 'dc2eaf0a-f6ad-48c2-8663-f744e45fd8dc', 'dc2eaf0a-f6ad-48c2-8663-f744e45fd8dc', 'dc2eaf0a-f6ad-48c2-8663-f744e45fd8dc', 'dc2eaf0a-f6ad-48c2-8663-f744e45fd8dc', 'dc2eaf0a-f6ad-48c2-8663-f744e45fd8dc', 'dc2eaf0a-f6ad-48c2-8663-f744e45fd8dc', 'dc2eaf0a-f6ad-48c2-8663-f744e45fd8dc', 'dc2eaf0a-f6ad-48c2-8663-f744e45fd8dc', 'dc2eaf0a-f6ad-48c2-8663-f744e45fd8dc', 'dc2eaf0a-f6ad-48c2-8663-f744e45fd8dc', 'dc2eaf0a-f6ad-48c2-8663-f744e45fd8dc', 'dc2eaf0a-f6ad-48c2-8663-f744e45fd8dc', 'dc2eaf0a-f6ad-48c2-8663-f744e45fd8dc', 'dc2eaf0a-f6ad-48c2-8663-f744e45fd8dc', 'dc2eaf0a-f6ad-48c2-8663-f744e45fd8dc', 'dc2eaf0a-f6ad-48c2-8663-f744e45fd8dc', 'dc2eaf0a-f6ad-48c2-8663-f744e45fd8dc', 'dc2eaf0a-f6ad-48c2-8663-f744e45fd8dc', 'dc2eaf0a-f6ad-48c2-8663-f744e45fd8dc', 'dc2eaf0a-f6ad-48c2-8663-f744e45fd8dc', 'dc2eaf0a-f6ad-48c2-8663-f744e45fd8dc', 'dc2eaf0a-f6ad-48c2-8663-f744e45fd8dc', 'dc2eaf0a-f6ad-48c2-8663-f744e45fd8dc', 'dc2eaf0a-f6ad-48c2-8663-f744e45fd8dc', '2c24b1d9-60a8-49f7-8e77-c2a3010efe86', '990a3537-c5d4-4d6d-9c52-f9b8b4f5d3e6', 'fbe0070d-74d4-4ec6-9d03-ee3d92c53850', '12ddb0e4-350a-4547-a951-4e10ecd8932c', 'dd9195bc-e4c8-49b9-9154-c538a9b9ed93', 'de4b319b-adfc-4e1d-8794-41012cd81968', '3955cca5-6104-4419-949c-1685ca56d42f', '80b2b095-e900-4fdf-8f49-d2831191428a', '167b9b84-2a4f-4621-8a48-456d9a62b70c', '62b34159-442b-4fab-a618-981ba2261efc', 'e52b7cf9-e5e5-4451-bc1c-df342d75f08d', '30443c35-6b35-44f2-a3ab-176b1378ecc3', 'd2c269e4-827c-4e39-8e43-366903830f06', 'e3e3b8c3-d3ea-4b88-9bfb-696541bef555', 'c21a84ac-150a-4c24-92fd-11cd8f1c9a6d', '838db175-937d-4340-8c73-116e52200210', '01381613-f1cd-44d5-afb6-bc8a3d84424b']"
db03acde-53da-40c4-bf9b-f916655e0c15,10,"['f2c1a68e-b921-4ff2-82ef-63ae798d517e', 'f2c1a68e-b921-4ff2-82ef-63ae798d517e', '2e507c5a-c6e7-4665-a79a-9dd332ce588f', '2e507c5a-c6e7-4665-a79a-9dd332ce588f', '2e507c5a-c6e7-4665-a79a-9dd332ce588f', '2e507c5a-c6e7-4665-a79a-9dd332ce588f', '2e507c5a-c6e7-4665-a79a-9dd332ce588f', '2e507c5a-c6e7-4665-a79a-9dd332ce588f', '2e507c5a-c6e7-4665-a79a-9dd332ce588f', '2e507c5a-c6e7-4665-a79a-9dd332ce588f', '2e507c5a-c6e7-4665-a79a-9dd332ce588f', '2e507c5a-c6e7-4665-a79a-9dd332ce588f', '2e507c5a-c6e7-4665-a79a-9dd332ce588f', '2e507c5a-c6e7-4665-a79a-9dd332ce588f', '2e507c5a-c6e7-4665-a79a-9dd332ce588f', '2e507c5a-c6e7-4665-a79a-9dd332ce588f', '2e507c5a-c6e7-4665-a79a-9dd332ce588f', '2e507c5a-c6e7-4665-a79a-9dd332ce588f', '2e507c5a-c6e7-4665-a79a-9dd332ce588f', '2e507c5a-c6e7-4665-a79a-9dd332ce588f', '2e507c5a-c6e7-4665-a79a-9dd332ce588f', '2e507c5a-c6e7-4665-a79a-9dd332ce588f', '2e507c5a-c6e7-4665-a79a-9dd332ce588f', '2e507c5a-c6e7-4665-a79a-9dd332ce588f', '2e507c5a-c6e7-4665-a79a-9dd332ce588f', '2e507c5a-c6e7-4665-a79a-9dd332ce588f', '2314aef0-b835-4836-987f-68508d4bbf62', 'b48c6b22-5e11-46de-b498-30a9dc94e8db', '436dcd3d-d48b-4e27-a2f2-836278c74f13', '9396f4b6-9adb-4e6e-b042-02d169a83fc5', 'c38f2359-3198-4613-87b5-c2aa803b9296', 'd5838762-77dc-44ac-b1f6-801c9e40935a', '0d6a88c6-bbca-46d3-9cef-2e3e820b2301', '1bdc1a4b-b64e-4f81-a690-cd8edcebff13', 'f69398ad-ee33-41ac-8e9e-0e673e9ee7ee', '0004ffa7-042f-48c6-b2d8-3caa17dfc4d0', '3536e4e9-5bed-462e-bda0-ca0bedd55ab6', 'f56451f5-86b9-4344-ad5e-76a5edc4298c', '76f7af4b-5554-40ea-985c-3ece280ef332', '707ef442-3d31-451c-bf21-7e1b1ccf084f', 'c6848977-72b6-4702-9606-19653e3166f9', 'd64e59b7-9458-49e3-afcc-23bd8933da60', '8d82858c-0115-4b94-bc96-5d8f995cfbb1', '2bf380b2-bfb2-4199-b379-8d823b3b78dc', 'd01d5739-cd0a-4199-9fd7-67cf0da906f5', '227816da-af17-4c35-b37f-094256a62c35', '10c0f865-8748-45ed-921b-b3f7a8c96ca6', 'e0e54f57-e432-45ea-8b57-84ba48b42c29', 'e2134fc8-468b-484d-8471-08d48f0a0f41', '2ffff1dd-d1e5-441a-ac4c-b266101b408d']"
2cab4800-381f-42fc-86fb-b87d46b33ff9,5,"['bcdc1632-f148-4691-a83e-9f6af5c39453', 'bcdc1632-f148-4691-a83e-9f6af5c39453', 'bcdc1632-f148-4691-a83e-9f6af5c39453', 'bcdc1632-f148-4691-a83e-9f6af5c39453', 'bcdc1632-f148-4691-a83e-9f6af5c39453', 'bcdc1632-f148-4691-a83e-9f6af5c39453', 'bcdc1632-f148-4691-a83e-9f6af5c39453', 'bcdc1632-f148-4691-a83e-9f6af5c39453', '623cad5b-6346-4451-8ce5-8107424c3e9e', '84c6d04a-a8ae-4448-822a-920d1b0ae17f', '84c6d04a-a8ae-4448-822a-920d1b0ae17f', '3d778ddc-8066-47bb-8d3a-7ab284564d19', '5eccb61f-414e-4043-823c-9730ed27b62c', '40be7348-1219-4f47-8727-1faa7c83266c', '40be7348-1219-4f47-8727-1faa7c83266c', '40be7348-1219-4f47-8727-1faa7c83266c', '40be7348-1219-4f47-8727-1faa7c83266c', '40be7348-1219-4f47-8727-1faa7c83266c', '40be7348-1219-4f47-8727-1faa7c83266c', '40be7348-1219-4f47-8727-1faa7c83266c', '40be7348-1219-4f47-8727-1faa7c83266c', '40be7348-1219-4f47-8727-1faa7c83266c', '40be7348-1219-4f47-8727-1faa7c83266c', '40be7348-1219-4f47-8727-1faa7c83266c', '40be7348-1219-4f47-8727-1faa7c83266c', 'ab51ea3a-cefd-483d-8c83-605df49724ed', 'ab51ea3a-cefd-483d-8c83-605df49724ed', 'ab51ea3a-cefd-483d-8c83-605df49724ed', 'ab51ea3a-cefd-483d-8c83-605df49724ed', 'ab51ea3a-cefd-483d-8c83-605df49724ed', 'ab51ea3a-cefd-483d-8c83-605df49724ed', 'ab51ea3a-cefd-483d-8c83-605df49724ed', 'ab51ea3a-cefd-483d-8c83-605df49724ed', 'ab51ea3a-cefd-483d-8c83-605df49724ed', 'ab51ea3a-cefd-483d-8c83-605df49724ed', '99614b47-9787-436e-a11f-650f4309129c', '00c86726-c6b3-449b-9724-ce96350c45ab', '938b5375-0be4-4eab-87aa-9495ae5cdd96', 'cc46b212-78a8-4344-8482-5ea26e0e650f', '3a6d4234-85a9-4df2-a4d6-15734b9b730e', '8da334ac-70fd-49ce-8942-842b6fcd256d', '8f2a6fc4-d7b4-48bf-a455-2298dad65434', '4c79b19a-d054-4ff8-b7f0-1df59cdc90db', 'c7a1c1ba-2a2f-4805-a334-f6fe5cbe45a1', '8f708b71-b850-4526-b045-14eaedfc87dd', '167afecf-cf4b-4932-92d9-18434f11ce25', '1ea0f428-eca0-409d-a42d-d872e3bc9caf', 'd2ca1417-2fb4-4f05-8cc1-e437924f2b5d', '26d05604-6db0-472b-9ef3-ca3fdbded1c9', '70a63e27-65ea-4cd5-8b9a-57f7a17efb94']"
cd1602fa-928a-4e51-8d55-5ca20e19cdee,11,"['d21f1562-1200-4720-ab1b-fde083ffec78', '57bf8c60-3de1-4655-8291-405b8652c854', '57bf8c60-3de1-4655-8291-405b8652c854', '57bf8c60-3de1-4655-8291-405b8652c854', '57bf8c60-3de1-4655-8291-405b8652c854', '57bf8c60-3de1-4655-8291-405b8652c854', '57bf8c60-3de1-4655-8291-405b8652c854', '57bf8c60-3de1-4655-8291-405b8652c854', '57bf8c60-3de1-4655-8291-405b8652c854', '57bf8c60-3de1-4655-8291-405b8652c854', '57bf8c60-3de1-4655-8291-405b8652c854', '57bf8c60-3de1-4655-8291-405b8652c854', '57bf8c60-3de1-4655-8291-405b8652c854', '57bf8c60-3de1-4655-8291-405b8652c854', '57bf8c60-3de1-4655-8291-405b8652c854', '57bf8c60-3de1-4655-8291-405b8652c854', '57bf8c60-3de1-4655-8291-405b8652c854', '57bf8c60-3de1-4655-8291-405b8652c854', '57bf8c60-3de1-4655-8291-405b8652c854', '57bf8c60-3de1-4655-8291-405b8652c854', '57bf8c60-3de1-4655-8291-405b8652c854', '57bf8c60-3de1-4655-8291-405b8652c854', '57bf8c60-3de1-4655-8291-405b8652c854', 'b78ac64a-8853-49b5-9e0e-19c5a292001a', '73c064d1-4d6b-482c-9625-0bc8b5134a39', '73c064d1-4d6b-482c-9625-0bc8b5134a39', '010acae8-d560-43a5-9cf6-306aebf0f497', '010acae8-d560-43a5-9cf6-306aebf0f497', '4a2a4c04-6fc2-4d82-8d9c-9c0377973b4d', '4a2a4c04-6fc2-4d82-8d9c-9c0377973b4d', '4a2a4c04-6fc2-4d82-8d9c-9c0377973b4d', '4a2a4c04-6fc2-4d82-8d9c-9c0377973b4d', 'a6dc3714-93c0-467b-ab12-ae12e5a5e6eb', 'a6dc3714-93c0-467b-ab12-ae12e5a5e6eb', '97ad04e4-e759-47c1-b549-959d1c078968', '342d5766-65f7-4963-967c-e2cd720e13e7', '6a6d5425-3c04-437c-9c42-949a1a45372a', '988d0746-bd8b-4510-9da8-4d752320a8e2', '60b4d714-da9e-4377-b33b-2b0fbc26b460', 'b95001c1-03ce-4bda-8541-2bea264fde4c', 'b78df466-f464-42ad-b7b6-788cdbc22356', '2bad2b3c-d03f-4280-88e5-e233baee593c', 'bb804278-a0b3-49e8-86f3-8620abf3d46f', 'b9880647-5743-49ea-9ae5-925ed645fecc', 'aea65c6b-3581-4142-b07c-35e4f709466d', '65602967-f8df-41c5-9530-8b63f4c01697', 'b3592079-86a6-4ea1-838c-422ad1a38c7c', '73c4cc79-336c-4d20-b28f-834b64709b2d', '6c647344-273f-4af8-9cef-c61c2bb04998', 'd75b4218-63d7-417c-9396-7bbd73364729']"
dc08a826-d140-4735-9cb6-1a5e65740486,12,"['dc2eaf0a-f6ad-48c2-8663-f744e45fd8dc', 'dc2eaf0a-f6ad-48c2-8663-f744e45fd8dc', 'dc2eaf0a-f6ad-48c2-8663-f744e45fd8dc', 'dc2eaf0a-f6ad-48c2-8663-f744e45fd8dc', 'dc2eaf0a-f6ad-48c2-8663-f744e45fd8dc', 'dc2eaf0a-f6ad-48c2-8663-f744e45fd8dc', 'dc2eaf0a-f6ad-48c2-8663-f744e45fd8dc', 'dc2eaf0a-f6ad-48c2-8663-f744e45fd8dc', 'dc2eaf0a-f6ad-48c2-8663-f744e45fd8dc', 'dc2eaf0a-f6ad-48c2-8663-f744e45fd8dc', 'dc2eaf0a-f6ad-48c2-8663-f744e45fd8dc', 'dc2eaf0a-f6ad-48c2-8663-f744e45fd8dc', 'dc2eaf0a-f6ad-48c2-8663-f744e45fd8dc', 'dc2eaf0a-f6ad-48c2-8663-f744e45fd8dc', 'dc2eaf0a-f6ad-48c2-8663-f744e45fd8dc', 'dc2eaf0a-f6ad-48c2-8663-f744e45fd8dc', 'dc2eaf0a-f6ad-48c2-8663-f744e45fd8dc', 'dc2eaf0a-f6ad-48c2-8663-f744e45fd8dc', 'dc2eaf0a-f6ad-48c2-8663-f744e45fd8dc', 'dc2eaf0a-f6ad-48c2-8663-f744e45fd8dc', 'dc2eaf0a-f6ad-48c2-8663-f744e45fd8dc', 'dc2eaf0a-f6ad-48c2-8663-f744e45fd8dc', 'dc2eaf0a-f6ad-48c2-8663-f744e45fd8dc', 'dc2eaf0a-f6ad-48c2-8663-f744e45fd8dc', 'dc2eaf0a-f6ad-48c2-8663-f744e45fd8dc', 'dc2eaf0a-f6ad-48c2-8663-f744e45fd8dc', 'dc2eaf0a-f6ad-48c2-8663-f744e45fd8dc', '2c24b1d9-60a8-49f7-8e77-c2a3010efe86', 'fbe0070d-74d4-4ec6-9d03-ee3d92c53850', '12ddb0e4-350a-4547-a951-4e10ecd8932c', 'dd9195bc-e4c8-49b9-9154-c538a9b9ed93', 'de4b319b-adfc-4e1d-8794-41012cd81968', '3955cca5-6104-4419-949c-1685ca56d42f', '80b2b095-e900-4fdf-8f49-d2831191428a', '167b9b84-2a4f-4621-8a48-456d9a62b70c', '62b34159-442b-4fab-a618-981ba2261efc', 'e52b7cf9-e5e5-4451-bc1c-df342d75f08d', '30443c35-6b35-44f2-a3ab-176b1378ecc3', 'd2c269e4-827c-4e39-8e43-366903830f06', 'e3e3b8c3-d3ea-4b88-9bfb-696541bef555', 'c21a84ac-150a-4c24-92fd-11cd8f1c9a6d', '838db175-937d-4340-8c73-116e52200210', '01381613-f1cd-44d5-afb6-bc8a3d84424b', '7eb764ba-d098-4da7-9ca6-23fa4a232c0a', '54ca28f2-2ea2-4e51-b336-354ee3cbd5e2', '5976c9f9-6a95-4f25-8b33-e604659b6152', '6efe034c-2571-4b66-9566-595404d3919d', '3bf017e2-83f9-46d9-8ac2-f2692500a5bb', 'da22d04d-3e48-43b0-90c8-62b274dd17c6', 'eb47ca93-9d42-4268-b1f0-268eeaa5545b']"
db03acde-53da-40c4-bf9b-f916655e0c15,11,"['f2c1a68e-b921-4ff2-82ef-63ae798d517e', 'f2c1a68e-b921-4ff2-82ef-63ae798d517e', '2e507c5a-c6e7-4665-a79a-9dd332ce588f', '2e507c5a-c6e7-4665-a79a-9dd332ce588f', '2e507c5a-c6e7-4665-a79a-9dd332ce588f', '2e507c5a-c6e7-4665-a79a-9dd332ce588f', '2e507c5a-c6e7-4665-a79a-9dd332ce588f', '2e507c5a-c6e7-4665-a79a-9dd332ce588f', '2e507c5a-c6e7-4665-a79a-9dd332ce588f', '2e507c5a-c6e7-4665-a79a-9dd332ce588f', '2e507c5a-c6e7-4665-a79a-9dd332ce588f', '2e507c5a-c6e7-4665-a79a-9dd332ce588f', '2e507c5a-c6e7-4665-a79a-9dd332ce588f', '2e507c5a-c6e7-4665-a79a-9dd332ce588f', '2e507c5a-c6e7-4665-a79a-9dd332ce588f', '2e507c5a-c6e7-4665-a79a-9dd332ce588f', '2e507c5a-c6e7-4665-a79a-9dd332ce588f', '2e507c5a-c6e7-4665-a79a-9dd332ce588f', '2e507c5a-c6e7-4665-a79a-9dd332ce588f', '2e507c5a-c6e7-4665-a79a-9dd332ce588f', '2e507c5a-c6e7-4665-a79a-9dd332ce588f', '2314aef0-b835-4836-987f-68508d4bbf62', 'b48c6b22-5e11-46de-b498-30a9dc94e8db', '436dcd3d-d48b-4e27-a2f2-836278c74f13', '9396f4b6-9adb-4e6e-b042-02d169a83fc5', 'd5838762-77dc-44ac-b1f6-801c9e40935a', '0d6a88c6-bbca-46d3-9cef-2e3e820b2301', '1bdc1a4b-b64e-4f81-a690-cd8edcebff13', 'f69398ad-ee33-41ac-8e9e-0e673e9ee7ee', '3536e4e9-5bed-462e-bda0-ca0bedd55ab6', 'f56451f5-86b9-4344-ad5e-76a5edc4298c', '76f7af4b-5554-40ea-985c-3ece280ef332', '707ef442-3d31-451c-bf21-7e1b1ccf084f', 'c6848977-72b6-4702-9606-19653e3166f9', 'd64e59b7-9458-49e3-afcc-23bd8933da60', '8d82858c-0115-4b94-bc96-5d8f995cfbb1', '2bf380b2-bfb2-4199-b379-8d823b3b78dc', 'd01d5739-cd0a-4199-9fd7-67cf0da906f5', '227816da-af17-4c35-b37f-094256a62c35', '10c0f865-8748-45ed-921b-b3f7a8c96ca6', 'e0e54f57-e432-45ea-8b57-84ba48b42c29', '2ffff1dd-d1e5-441a-ac4c-b266101b408d', '962f277b-ee5a-4d90-91cf-426aa9793204', 'e3672221-b8cd-4a10-bfcd-17890e1f8b72', 'ec0558c5-8740-4034-afa4-d44c1c74f438', '7981a141-47fe-4af2-a387-64fea05a607d', '01b0d61d-c1fe-4c72-8878-8a20fe9feac9', '112b8bec-9dae-4424-b70a-2ef69b7649e5', 'aa569a5a-4602-4330-8990-1c5a149dd2a4', 'd9c748bd-1218-4d68-acc9-c4bc811f6145']"
76afac8f-1ad1-4038-96c3-9a24ac5d0071,8,"['33b49928-6e79-408d-a45f-3fe0b0f96601', '8c61a182-7437-4cc9-bf3e-f9a5c14fa3e9', '8c61a182-7437-4cc9-bf3e-f9a5c14fa3e9', '8c61a182-7437-4cc9-bf3e-f9a5c14fa3e9', '8c61a182-7437-4cc9-bf3e-f9a5c14fa3e9', '8c61a182-7437-4cc9-bf3e-f9a5c14fa3e9', '8c61a182-7437-4cc9-bf3e-f9a5c14fa3e9', '8c61a182-7437-4cc9-bf3e-f9a5c14fa3e9', '8c61a182-7437-4cc9-bf3e-f9a5c14fa3e9', '8c61a182-7437-4cc9-bf3e-f9a5c14fa3e9', '8c61a182-7437-4cc9-bf3e-f9a5c14fa3e9', '8c61a182-7437-4cc9-bf3e-f9a5c14fa3e9', '8c61a182-7437-4cc9-bf3e-f9a5c14fa3e9', '8c61a182-7437-4cc9-bf3e-f9a5c14fa3e9', '8c61a182-7437-4cc9-bf3e-f9a5c14fa3e9', '8c61a182-7437-4cc9-bf3e-f9a5c14fa3e9', '8c61a182-7437-4cc9-bf3e-f9a5c14fa3e9', '8c61a182-7437-4cc9-bf3e-f9a5c14fa3e9', '8c61a182-7437-4cc9-bf3e-f9a5c14fa3e9', '8c61a182-7437-4cc9-bf3e-f9a5c14fa3e9', '8c61a182-7437-4cc9-bf3e-f9a5c14fa3e9', '8c61a182-7437-4cc9-bf3e-f9a5c14fa3e9', '8c61a182-7437-4cc9-bf3e-f9a5c14fa3e9', '8c61a182-7437-4cc9-bf3e-f9a5c14fa3e9', '8c61a182-7437-4cc9-bf3e-f9a5c14fa3e9', '8c61a182-7437-4cc9-bf3e-f9a5c14fa3e9', '8c61a182-7437-4cc9-bf3e-f9a5c14fa3e9', '8c61a182-7437-4cc9-bf3e-f9a5c14fa3e9', '8c61a182-7437-4cc9-bf3e-f9a5c14fa3e9', '8c61a182-7437-4cc9-bf3e-f9a5c14fa3e9', '8c61a182-7437-4cc9-bf3e-f9a5c14fa3e9', '8c61a182-7437-4cc9-bf3e-f9a5c14fa3e9', '8c61a182-7437-4cc9-bf3e-f9a5c14fa3e9', '8c61a182-7437-4cc9-bf3e-f9a5c14fa3e9', '8c61a182-7437-4cc9-bf3e-f9a5c14fa3e9', '8c61a182-7437-4cc9-bf3e-f9a5c14fa3e9', '5618ca62-4460-449c-9477-1eb9bca5ed96', '95d06e91-b98c-4289-b0b4-9edfe2a033dc', 'dbdbac37-38ae-4e2c-b3c2-c425fb5e3087', '80dcd63e-025d-4d2e-8021-bd5bf34685d6', '164ca5fb-c3bb-4f22-a9ec-55b9caf16603', '2f579653-65dc-4641-a0d4-890bdcdcbc75', '92d24f4e-9364-4cea-b7b4-aaabca3c0b8c', '544adda9-c672-493f-b3b6-d8780c9db0d7', '712982e8-6297-4ef7-a278-df0e62b216a7', '86ab09b0-2d2d-4e2f-a18f-f8ce4a3c28f4', '0e5485fa-b6e1-4ed5-a0cc-d7b838577ed4', '56f45b6a-d6bc-4bb2-9ab7-d587f7c9017a', 'a1731c94-1c51-41e2-90cf-d445989cad56', '76e498b9-334a-435f-ba3b-5ac2d027686e']"
bacaea0b-0861-4d12-9ba2-931ab1f2f051,8,"['65452ba4-7a1d-4f10-9b4b-169d59c2e912', '65452ba4-7a1d-4f10-9b4b-169d59c2e912', 'c0964a00-3ade-4f48-ae78-3072fa2e015e', 'c0964a00-3ade-4f48-ae78-3072fa2e015e', 'c0964a00-3ade-4f48-ae78-3072fa2e015e', 'c0964a00-3ade-4f48-ae78-3072fa2e015e', 'c0964a00-3ade-4f48-ae78-3072fa2e015e', 'c0964a00-3ade-4f48-ae78-3072fa2e015e', 'c0964a00-3ade-4f48-ae78-3072fa2e015e', 'c0964a00-3ade-4f48-ae78-3072fa2e015e', 'c0964a00-3ade-4f48-ae78-3072fa2e015e', 'c0964a00-3ade-4f48-ae78-3072fa2e015e', 'c0964a00-3ade-4f48-ae78-3072fa2e015e', 'c0964a00-3ade-4f48-ae78-3072fa2e015e', 'c0964a00-3ade-4f48-ae78-3072fa2e015e', 'c0964a00-3ade-4f48-ae78-3072fa2e015e', 'c0964a00-3ade-4f48-ae78-3072fa2e015e', 'c0964a00-3ade-4f48-ae78-3072fa2e015e', 'c0964a00-3ade-4f48-ae78-3072fa2e015e', 'c0964a00-3ade-4f48-ae78-3072fa2e015e', 'c0964a00-3ade-4f48-ae78-3072fa2e015e', 'c0964a00-3ade-4f48-ae78-3072fa2e015e', 'c0964a00-3ade-4f48-ae78-3072fa2e015e', 'c0964a00-3ade-4f48-ae78-3072fa2e015e', 'c0964a00-3ade-4f48-ae78-3072fa2e015e', 'c0964a00-3ade-4f48-ae78-3072fa2e015e', 'c0964a00-3ade-4f48-ae78-3072fa2e015e', 'c0964a00-3ade-4f48-ae78-3072fa2e015e', 'c0964a00-3ade-4f48-ae78-3072fa2e015e', '072be19b-f09a-4dae-9796-e1210996ccf9', '072be19b-f09a-4dae-9796-e1210996ccf9', 'e9ce0fbc-7965-4cab-ad45-d45f45c17b6a', '3fda8fb1-e39a-42e2-8d19-5d4f7b827a24', '7588a1be-9e67-4f9f-bc94-2e3d866bbbd2', 'bf7ca8da-bcf0-4aa3-aad3-2bea2b102042', '00bf7fdc-1908-496b-bd63-f431f576e502', '4db8cc7a-583a-458f-83b2-2216c68cbd53', '34377338-6a4c-4fd8-bd0d-705fc84bd07e', 'd0533e35-b407-456e-8d6b-eeeafd252b5c', '9a204625-f743-4163-9706-fa834d4d92da', '779b5c3d-2996-4282-8426-f223d22742bf', 'addde2cb-e987-47e8-9f24-139398f38831', '2618897d-d316-4ac9-8985-7b0906a275b8', '7a913e9a-d884-4a4c-9632-1f25d79adb06', '3633d2ff-8816-46a6-8325-7ef8e9df8737', '3159f336-43b2-4040-900a-6dcdf4d3362f', '1a896af8-daf2-4530-a98a-d784430f5bea', '1aeafa9a-5261-4f7a-9a6e-43017337de85', '78616647-b226-418c-b2ae-84f5f36a3c41', '8c33ab1e-5e4b-46cf-948d-d7987690229b']"
cd1602fa-928a-4e51-8d55-5ca20e19cdee,12,"['d21f1562-1200-4720-ab1b-fde083ffec78', '57bf8c60-3de1-4655-8291-405b8652c854', '57bf8c60-3de1-4655-8291-405b8652c854', '57bf8c60-3de1-4655-8291-405b8652c854', '57bf8c60-3de1-4655-8291-405b8652c854', '57bf8c60-3de1-4655-8291-405b8652c854', '57bf8c60-3de1-4655-8291-405b8652c854', '57bf8c60-3de1-4655-8291-405b8652c854', '57bf8c60-3de1-4655-8291-405b8652c854', '57bf8c60-3de1-4655-8291-405b8652c854', '57bf8c60-3de1-4655-8291-405b8652c854', '57bf8c60-3de1-4655-8291-405b8652c854', '57bf8c60-3de1-4655-8291-405b8652c854', '57bf8c60-3de1-4655-8291-405b8652c854', '57bf8c60-3de1-4655-8291-405b8652c854', '57bf8c60-3de1-4655-8291-405b8652c854', '57bf8c60-3de1-4655-8291-405b8652c854', '57bf8c60-3de1-4655-8291-405b8652c854', '73c064d1-4d6b-482c-9625-0bc8b5134a39', '73c064d1-4d6b-482c-9625-0bc8b5134a39', '010acae8-d560-43a5-9cf6-306aebf0f497', '4a2a4c04-6fc2-4d82-8d9c-9c0377973b4d', '4a2a4c04-6fc2-4d82-8d9c-9c0377973b4d', '4a2a4c04-6fc2-4d82-8d9c-9c0377973b4d', '4a2a4c04-6fc2-4d82-8d9c-9c0377973b4d', 'a6dc3714-93c0-467b-ab12-ae12e5a5e6eb', 'a6dc3714-93c0-467b-ab12-ae12e5a5e6eb', '97ad04e4-e759-47c1-b549-959d1c078968', '342d5766-65f7-4963-967c-e2cd720e13e7', '988d0746-bd8b-4510-9da8-4d752320a8e2', '60b4d714-da9e-4377-b33b-2b0fbc26b460', 'b78df466-f464-42ad-b7b6-788cdbc22356', '2bad2b3c-d03f-4280-88e5-e233baee593c', 'b9880647-5743-49ea-9ae5-925ed645fecc', 'aea65c6b-3581-4142-b07c-35e4f709466d', '65602967-f8df-41c5-9530-8b63f4c01697', 'b3592079-86a6-4ea1-838c-422ad1a38c7c', '73c4cc79-336c-4d20-b28f-834b64709b2d', '6c647344-273f-4af8-9cef-c61c2bb04998', 'd75b4218-63d7-417c-9396-7bbd73364729', '87859caf-cae9-4297-a6a9-f364e539d9d6', '5425fdb5-91f8-45c0-92db-f93088fbcca3', 'beef4da4-5e89-47a7-9c5f-8693c53600e7', '2685a1e1-4037-4f1e-b9ed-b48b5e8e1852', 'f17bf32b-844f-4a52-a63b-bf84dae7994b', '644f58a0-f056-46af-b38d-f331e4ca11b2', '7dfc742f-68d4-4e4d-8b5d-cd7a7783fdd0', 'c27e30b9-195f-4605-88d4-16915f4fc65f', '2794f8d8-ec30-43f2-b334-8809863b1da3', '7c839af8-d0f8-43a1-af46-1b11b7f58c54']"
dc08a826-d140-4735-9cb6-1a5e65740486,13,"['dc2eaf0a-f6ad-48c2-8663-f744e45fd8dc', 'dc2eaf0a-f6ad-48c2-8663-f744e45fd8dc', 'dc2eaf0a-f6ad-48c2-8663-f744e45fd8dc', 'dc2eaf0a-f6ad-48c2-8663-f744e45fd8dc', 'dc2eaf0a-f6ad-48c2-8663-f744e45fd8dc', 'dc2eaf0a-f6ad-48c2-8663-f744e45fd8dc', 'dc2eaf0a-f6ad-48c2-8663-f744e45fd8dc', 'dc2eaf0a-f6ad-48c2-8663-f744e45fd8dc', 'dc2eaf0a-f6ad-48c2-8663-f744e45fd8dc', 'dc2eaf0a-f6ad-48c2-8663-f744e45fd8dc', 'dc2eaf0a-f6ad-48c2-8663-f744e45fd8dc', 'dc2eaf0a-f6ad-48c2-8663-f744e45fd8dc', 'dc2eaf0a-f6ad-48c2-8663-f744e45fd8dc', 'dc2eaf0a-f6ad-48c2-8663-f744e45fd8dc', 'dc2eaf0a-f6ad-48c2-8663-f744e45fd8dc', 'dc2eaf0a-f6ad-48c2-8663-f744e45fd8dc', 'dc2eaf0a-f6ad-48c2-8663-f744e45fd8dc', 'dc2eaf0a-f6ad-48c2-8663-f744e45fd8dc', 'dc2eaf0a-f6ad-48c2-8663-f744e45fd8dc', 'dc2eaf0a-f6ad-48c2-8663-f744e45fd8dc', 'dc2eaf0a-f6ad-48c2-8663-f744e45fd8dc', 'dc2eaf0a-f6ad-48c2-8663-f744e45fd8dc', 'dc2eaf0a-f6ad-48c2-8663-f744e45fd8dc', 'dc2eaf0a-f6ad-48c2-8663-f744e45fd8dc', 'dc2eaf0a-f6ad-48c2-8663-f744e45fd8dc', '2c24b1d9-60a8-49f7-8e77-c2a3010efe86', 'fbe0070d-74d4-4ec6-9d03-ee3d92c53850', 'dd9195bc-e4c8-49b9-9154-c538a9b9ed93', '3955cca5-6104-4419-949c-1685ca56d42f', '80b2b095-e900-4fdf-8f49-d2831191428a', '167b9b84-2a4f-4621-8a48-456d9a62b70c', '62b34159-442b-4fab-a618-981ba2261efc', 'e52b7cf9-e5e5-4451-bc1c-df342d75f08d', '30443c35-6b35-44f2-a3ab-176b1378ecc3', 'e3e3b8c3-d3ea-4b88-9bfb-696541bef555', 'c21a84ac-150a-4c24-92fd-11cd8f1c9a6d', '838db175-937d-4340-8c73-116e52200210', '01381613-f1cd-44d5-afb6-bc8a3d84424b', '7eb764ba-d098-4da7-9ca6-23fa4a232c0a', '54ca28f2-2ea2-4e51-b336-354ee3cbd5e2', '5976c9f9-6a95-4f25-8b33-e604659b6152', '6efe034c-2571-4b66-9566-595404d3919d', '3bf017e2-83f9-46d9-8ac2-f2692500a5bb', 'eb47ca93-9d42-4268-b1f0-268eeaa5545b', '5885bfbb-436f-4fd8-b1b1-95dc42b7b6d1', '353d65a9-1427-4472-ab0f-7786df64eaaf', 'df3c658f-2c2b-4c03-8caf-0e7ee01cb651', 'dd18a235-8473-47a8-be8a-2a41bbc321f1', 'a55bb527-e32b-4342-a619-8246a738c244', 'c6155056-d604-427f-b837-d263acb65ad2']"
2cab4800-381f-42fc-86fb-b87d46b33ff9,6,"['bcdc1632-f148-4691-a83e-9f6af5c39453', 'bcdc1632-f148-4691-a83e-9f6af5c39453', 'bcdc1632-f148-4691-a83e-9f6af5c39453', 'bcdc1632-f148-4691-a83e-9f6af5c39453', 'bcdc1632-f148-4691-a83e-9f6af5c39453', 'bcdc1632-f148-4691-a83e-9f6af5c39453', 'bcdc1632-f148-4691-a83e-9f6af5c39453', '623cad5b-6346-4451-8ce5-8107424c3e9e', '84c6d04a-a8ae-4448-822a-920d1b0ae17f', '5eccb61f-414e-4043-823c-9730ed27b62c', '40be7348-1219-4f47-8727-1faa7c83266c', '40be7348-1219-4f47-8727-1faa7c83266c', '40be7348-1219-4f47-8727-1faa7c83266c', '40be7348-1219-4f47-8727-1faa7c83266c', '40be7348-1219-4f47-8727-1faa7c83266c', '40be7348-1219-4f47-8727-1faa7c83266c', '40be7348-1219-4f47-8727-1faa7c83266c', '40be7348-1219-4f47-8727-1faa7c83266c', '40be7348-1219-4f47-8727-1faa7c83266c', '40be7348-1219-4f47-8727-1faa7c83266c', '40be7348-1219-4f47-8727-1faa7c83266c', 'ab51ea3a-cefd-483d-8c83-605df49724ed', 'ab51ea3a-cefd-483d-8c83-605df49724ed', 'ab51ea3a-cefd-483d-8c83-605df49724ed', 'ab51ea3a-cefd-483d-8c83-605df49724ed', '99614b47-9787-436e-a11f-650f4309129c', 'cc46b212-78a8-4344-8482-5ea26e0e650f', '3a6d4234-85a9-4df2-a4d6-15734b9b730e', '8da334ac-70fd-49ce-8942-842b6fcd256d', '8f2a6fc4-d7b4-48bf-a455-2298dad65434', '4c79b19a-d054-4ff8-b7f0-1df59cdc90db', 'c7a1c1ba-2a2f-4805-a334-f6fe5cbe45a1', '8f708b71-b850-4526-b045-14eaedfc87dd', '167afecf-cf4b-4932-92d9-18434f11ce25', 'd2ca1417-2fb4-4f05-8cc1-e437924f2b5d', '26d05604-6db0-472b-9ef3-ca3fdbded1c9', '70a63e27-65ea-4cd5-8b9a-57f7a17efb94', '8ca24678-deca-4f70-845c-b18417aff028', 'fe665584-a989-4cda-bc43-e502bc688b4a', '4c41a701-0647-4a4b-a6df-4a70b3d18a00', '438637b1-3baa-48c8-903c-54632ae3d7c1', 'ceae4fa1-a8b9-4116-a7b8-b918ec051246', 'c460b9c0-9171-45a7-a377-fdab0d25134f', '7b86804d-70c1-45ce-bad3-574439d29633', 'f02d23d6-a392-4524-abf6-c5c833dc9e5c', 'e8264acb-4b11-4bd4-a745-1804388b08fb', 'dab263e6-3cc4-4119-ab05-feaa261c2c66', '9677e6b8-4a1e-4f14-9a28-166ebb338ed2', 'd2ebf6b7-0c95-4653-ba7c-6486bd1a775b', '607d2f67-70ff-4742-81c9-001cd45e0830']"
db03acde-53da-40c4-bf9b-f916655e0c15,12,"['2e507c5a-c6e7-4665-a79a-9dd332ce588f', '2e507c5a-c6e7-4665-a79a-9dd332ce588f', '2e507c5a-c6e7-4665-a79a-9dd332ce588f', '2e507c5a-c6e7-4665-a79a-9dd332ce588f', '2e507c5a-c6e7-4665-a79a-9dd332ce588f', '2e507c5a-c6e7-4665-a79a-9dd332ce588f', '2e507c5a-c6e7-4665-a79a-9dd332ce588f', '2e507c5a-c6e7-4665-a79a-9dd332ce588f', '2e507c5a-c6e7-4665-a79a-9dd332ce588f', '2e507c5a-c6e7-4665-a79a-9dd332ce588f', '2e507c5a-c6e7-4665-a79a-9dd332ce588f', '2e507c5a-c6e7-4665-a79a-9dd332ce588f', '2e507c5a-c6e7-4665-a79a-9dd332ce588f', '2e507c5a-c6e7-4665-a79a-9dd332ce588f', '2e507c5a-c6e7-4665-a79a-9dd332ce588f', '2e507c5a-c6e7-4665-a79a-9dd332ce588f', '2e507c5a-c6e7-4665-a79a-9dd332ce588f', '2e507c5a-c6e7-4665-a79a-9dd332ce588f', '2e507c5a-c6e7-4665-a79a-9dd332ce588f', '2e507c5a-c6e7-4665-a79a-9dd332ce588f', '2e507c5a-c6e7-4665-a79a-9dd332ce588f', '2e507c5a-c6e7-4665-a79a-9dd332ce588f', '2e507c5a-c6e7-4665-a79a-9dd332ce588f', '2e507c5a-c6e7-4665-a79a-9dd332ce588f', '2e507c5a-c6e7-4665-a79a-9dd332ce588f', '2e507c5a-c6e7-4665-a79a-9dd332ce588f', '2e507c5a-c6e7-4665-a79a-9dd332ce588f', '2e507c5a-c6e7-4665-a79a-9dd332ce588f', '2e507c5a-c6e7-4665-a79a-9dd332ce588f', '2e507c5a-c6e7-4665-a79a-9dd332ce588f', '2e507c5a-c6e7-4665-a79a-9dd332ce588f', '2e507c5a-c6e7-4665-a79a-9dd332ce588f', '2e507c5a-c6e7-4665-a79a-9dd332ce588f', '2e507c5a-c6e7-4665-a79a-9dd332ce588f', '2e507c5a-c6e7-4665-a79a-9dd332ce588f', '2e507c5a-c6e7-4665-a79a-9dd332ce588f', '2e507c5a-c6e7-4665-a79a-9dd332ce588f', '2e507c5a-c6e7-4665-a79a-9dd332ce588f', '2e507c5a-c6e7-4665-a79a-9dd332ce588f', '2e507c5a-c6e7-4665-a79a-9dd332ce588f', '2e507c5a-c6e7-4665-a79a-9dd332ce588f', '2314aef0-b835-4836-987f-68508d4bbf62', '2314aef0-b835-4836-987f-68508d4bbf62', '4ab6d7ae-19a0-4d08-8268-6a17d4af1252', 'fb5438e1-0b8f-4ebc-97c5-b57bc4946cbf', '597bfa6c-250f-4b26-a259-795522c72fa2', '90c2e4ac-7e06-49f3-8746-52cbbb7880af', '87d54d22-bd16-48dc-b758-a1dff5ad5f55', '54932e3e-da93-40b6-8271-3eaf1a762f71', '46f53bd0-abf2-4cb7-a2ed-a8e081b3849c']"
db03acde-53da-40c4-bf9b-f916655e0c15,13,"['2e507c5a-c6e7-4665-a79a-9dd332ce588f', '2e507c5a-c6e7-4665-a79a-9dd332ce588f', '2e507c5a-c6e7-4665-a79a-9dd332ce588f', '2e507c5a-c6e7-4665-a79a-9dd332ce588f', '2e507c5a-c6e7-4665-a79a-9dd332ce588f', '2e507c5a-c6e7-4665-a79a-9dd332ce588f', '2e507c5a-c6e7-4665-a79a-9dd332ce588f', '2e507c5a-c6e7-4665-a79a-9dd332ce588f', '2e507c5a-c6e7-4665-a79a-9dd332ce588f', '2e507c5a-c6e7-4665-a79a-9dd332ce588f', '2e507c5a-c6e7-4665-a79a-9dd332ce588f', '2e507c5a-c6e7-4665-a79a-9dd332ce588f', '2e507c5a-c6e7-4665-a79a-9dd332ce588f', '2e507c5a-c6e7-4665-a79a-9dd332ce588f', '2e507c5a-c6e7-4665-a79a-9dd332ce588f', '2e507c5a-c6e7-4665-a79a-9dd332ce588f', '2e507c5a-c6e7-4665-a79a-9dd332ce588f', '2e507c5a-c6e7-4665-a79a-9dd332ce588f', '2e507c5a-c6e7-4665-a79a-9dd332ce588f', '2e507c5a-c6e7-4665-a79a-9dd332ce588f', '2e507c5a-c6e7-4665-a79a-9dd332ce588f', '2e507c5a-c6e7-4665-a79a-9dd332ce588f', '2e507c5a-c6e7-4665-a79a-9dd332ce588f', '2e507c5a-c6e7-4665-a79a-9dd332ce588f', '2e507c5a-c6e7-4665-a79a-9dd332ce588f', '2e507c5a-c6e7-4665-a79a-9dd332ce588f', '2e507c5a-c6e7-4665-a79a-9dd332ce588f', '2e507c5a-c6e7-4665-a79a-9dd332ce588f', '2e507c5a-c6e7-4665-a79a-9dd332ce588f', '2e507c5a-c6e7-4665-a79a-9dd332ce588f', '2e507c5a-c6e7-4665-a79a-9dd332ce588f', '2e507c5a-c6e7-4665-a79a-9dd332ce588f', '2e507c5a-c6e7-4665-a79a-9dd332ce588f', '2e507c5a-c6e7-4665-a79a-9dd332ce588f', '2e507c5a-c6e7-4665-a79a-9dd332ce588f', '2e507c5a-c6e7-4665-a79a-9dd332ce588f', '2e507c5a-c6e7-4665-a79a-9dd332ce588f', '2e507c5a-c6e7-4665-a79a-9dd332ce588f', '2314aef0-b835-4836-987f-68508d4bbf62', '2314aef0-b835-4836-987f-68508d4bbf62', '4ab6d7ae-19a0-4d08-8268-6a17d4af1252', 'fb5438e1-0b8f-4ebc-97c5-b57bc4946cbf', '597bfa6c-250f-4b26-a259-795522c72fa2', '90c2e4ac-7e06-49f3-8746-52cbbb7880af', '87d54d22-bd16-48dc-b758-a1dff5ad5f55', '54932e3e-da93-40b6-8271-3eaf1a762f71', '46f53bd0-abf2-4cb7-a2ed-a8e081b3849c', 'b857314e-0c1d-4dcc-974b-cbfa1d520620', 'bd6a90b6-1af3-4a8f-8133-d2265e7925e8', '0bb82b4e-93a5-4a8b-bef1-17007f4f2415']"
cd1602fa-928a-4e51-8d55-5ca20e19cdee,13,"['d21f1562-1200-4720-ab1b-fde083ffec78', '57bf8c60-3de1-4655-8291-405b8652c854', '57bf8c60-3de1-4655-8291-405b8652c854', '57bf8c60-3de1-4655-8291-405b8652c854', '57bf8c60-3de1-4655-8291-405b8652c854', '57bf8c60-3de1-4655-8291-405b8652c854', '57bf8c60-3de1-4655-8291-405b8652c854', '57bf8c60-3de1-4655-8291-405b8652c854', '57bf8c60-3de1-4655-8291-405b8652c854', '57bf8c60-3de1-4655-8291-405b8652c854', '57bf8c60-3de1-4655-8291-405b8652c854', '57bf8c60-3de1-4655-8291-405b8652c854', '57bf8c60-3de1-4655-8291-405b8652c854', '57bf8c60-3de1-4655-8291-405b8652c854', '73c064d1-4d6b-482c-9625-0bc8b5134a39', '73c064d1-4d6b-482c-9625-0bc8b5134a39', '010acae8-d560-43a5-9cf6-306aebf0f497', '4a2a4c04-6fc2-4d82-8d9c-9c0377973b4d', '4a2a4c04-6fc2-4d82-8d9c-9c0377973b4d', '4a2a4c04-6fc2-4d82-8d9c-9c0377973b4d', '4a2a4c04-6fc2-4d82-8d9c-9c0377973b4d', 'a6dc3714-93c0-467b-ab12-ae12e5a5e6eb', 'a6dc3714-93c0-467b-ab12-ae12e5a5e6eb', '97ad04e4-e759-47c1-b549-959d1c078968', '342d5766-65f7-4963-967c-e2cd720e13e7', 'b78df466-f464-42ad-b7b6-788cdbc22356', '2bad2b3c-d03f-4280-88e5-e233baee593c', 'b9880647-5743-49ea-9ae5-925ed645fecc', 'aea65c6b-3581-4142-b07c-35e4f709466d', '65602967-f8df-41c5-9530-8b63f4c01697', 'b3592079-86a6-4ea1-838c-422ad1a38c7c', '6c647344-273f-4af8-9cef-c61c2bb04998', 'd75b4218-63d7-417c-9396-7bbd73364729', '5425fdb5-91f8-45c0-92db-f93088fbcca3', 'beef4da4-5e89-47a7-9c5f-8693c53600e7', '2685a1e1-4037-4f1e-b9ed-b48b5e8e1852', '644f58a0-f056-46af-b38d-f331e4ca11b2', '7dfc742f-68d4-4e4d-8b5d-cd7a7783fdd0', 'c27e30b9-195f-4605-88d4-16915f4fc65f', '2794f8d8-ec30-43f2-b334-8809863b1da3', '7c839af8-d0f8-43a1-af46-1b11b7f58c54', '720a68d1-1348-4c66-84a0-b0fb8332b09e', 'ac570aa6-5a40-4e77-9314-a928902deb4b', '883d3d50-bf52-48a8-9613-6c747788e65d', 'fb4d3536-e3f3-4906-8b17-8e7b4bfd7d0f', '4d3489a9-86c5-4756-b83f-999310d56df0', '5ce63811-afd2-47ec-bb1a-04d65b37b16c', '1b9ff32c-8ace-4513-a156-87284bc9ea82', '2a41afe2-a393-4449-92cb-2a792d722d30', 'ec61b233-0f31-4f05-a097-2eb2f004d2cc']"
2cab4800-381f-42fc-86fb-b87d46b33ff9,7,"['bcdc1632-f148-4691-a83e-9f6af5c39453', 'bcdc1632-f148-4691-a83e-9f6af5c39453', 'bcdc1632-f148-4691-a83e-9f6af5c39453', 'bcdc1632-f148-4691-a83e-9f6af5c39453', 'bcdc1632-f148-4691-a83e-9f6af5c39453', 'bcdc1632-f148-4691-a83e-9f6af5c39453', '623cad5b-6346-4451-8ce5-8107424c3e9e', '40be7348-1219-4f47-8727-1faa7c83266c', '40be7348-1219-4f47-8727-1faa7c83266c', '40be7348-1219-4f47-8727-1faa7c83266c', '40be7348-1219-4f47-8727-1faa7c83266c', '40be7348-1219-4f47-8727-1faa7c83266c', '40be7348-1219-4f47-8727-1faa7c83266c', '40be7348-1219-4f47-8727-1faa7c83266c', '40be7348-1219-4f47-8727-1faa7c83266c', '40be7348-1219-4f47-8727-1faa7c83266c', '40be7348-1219-4f47-8727-1faa7c83266c', '40be7348-1219-4f47-8727-1faa7c83266c', 'ab51ea3a-cefd-483d-8c83-605df49724ed', 'ab51ea3a-cefd-483d-8c83-605df49724ed', 'ab51ea3a-cefd-483d-8c83-605df49724ed', '99614b47-9787-436e-a11f-650f4309129c', '3a6d4234-85a9-4df2-a4d6-15734b9b730e', '8da334ac-70fd-49ce-8942-842b6fcd256d', '8f2a6fc4-d7b4-48bf-a455-2298dad65434', '4c79b19a-d054-4ff8-b7f0-1df59cdc90db', 'd2ca1417-2fb4-4f05-8cc1-e437924f2b5d', '26d05604-6db0-472b-9ef3-ca3fdbded1c9', '70a63e27-65ea-4cd5-8b9a-57f7a17efb94', '8ca24678-deca-4f70-845c-b18417aff028', 'fe665584-a989-4cda-bc43-e502bc688b4a', '4c41a701-0647-4a4b-a6df-4a70b3d18a00', '438637b1-3baa-48c8-903c-54632ae3d7c1', 'ceae4fa1-a8b9-4116-a7b8-b918ec051246', 'c460b9c0-9171-45a7-a377-fdab0d25134f', '7b86804d-70c1-45ce-bad3-574439d29633', 'f02d23d6-a392-4524-abf6-c5c833dc9e5c', 'e8264acb-4b11-4bd4-a745-1804388b08fb', 'dab263e6-3cc4-4119-ab05-feaa261c2c66', '9677e6b8-4a1e-4f14-9a28-166ebb338ed2', 'd2ebf6b7-0c95-4653-ba7c-6486bd1a775b', '607d2f67-70ff-4742-81c9-001cd45e0830', 'f863e0b1-a64f-4158-9304-e41493e1a467', '09fea972-296f-4f74-baf4-a0e465614a7a', 'ca97c705-ac74-47b4-8a8d-9f536ab0b834', 'e6645b6b-80bf-41d0-bf7f-b59fc1d9e0c2', '968cb40c-34ff-4324-9c82-24b6526a6e25', '705be5de-62bb-4857-afb5-48277f48c02f', '9c948ed2-bbf9-49ef-862c-e625b4175490', '43656dab-885b-4d8d-bc60-6f90fac3f462']"
bacaea0b-0861-4d12-9ba2-931ab1f2f051,9,"['65452ba4-7a1d-4f10-9b4b-169d59c2e912', '65452ba4-7a1d-4f10-9b4b-169d59c2e912', 'c0964a00-3ade-4f48-ae78-3072fa2e015e', 'c0964a00-3ade-4f48-ae78-3072fa2e015e', 'c0964a00-3ade-4f48-ae78-3072fa2e015e', 'c0964a00-3ade-4f48-ae78-3072fa2e015e', 'c0964a00-3ade-4f48-ae78-3072fa2e015e', 'c0964a00-3ade-4f48-ae78-3072fa2e015e', 'c0964a00-3ade-4f48-ae78-3072fa2e015e', 'c0964a00-3ade-4f48-ae78-3072fa2e015e', 'c0964a00-3ade-4f48-ae78-3072fa2e015e', 'c0964a00-3ade-4f48-ae78-3072fa2e015e', 'c0964a00-3ade-4f48-ae78-3072fa2e015e', 'c0964a00-3ade-4f48-ae78-3072fa2e015e', 'c0964a00-3ade-4f48-ae78-3072fa2e015e', 'c0964a00-3ade-4f48-ae78-3072fa2e015e', 'c0964a00-3ade-4f48-ae78-3072fa2e015e', 'c0964a00-3ade-4f48-ae78-3072fa2e015e', 'c0964a00-3ade-4f48-ae78-3072fa2e015e', 'c0964a00-3ade-4f48-ae78-3072fa2e015e', 'c0964a00-3ade-4f48-ae78-3072fa2e015e', 'c0964a00-3ade-4f48-ae78-3072fa2e015e', 'c0964a00-3ade-4f48-ae78-3072fa2e015e', '072be19b-f09a-4dae-9796-e1210996ccf9', 'e9ce0fbc-7965-4cab-ad45-d45f45c17b6a', '3fda8fb1-e39a-42e2-8d19-5d4f7b827a24', '7588a1be-9e67-4f9f-bc94-2e3d866bbbd2', 'bf7ca8da-bcf0-4aa3-aad3-2bea2b102042', '00bf7fdc-1908-496b-bd63-f431f576e502', '4db8cc7a-583a-458f-83b2-2216c68cbd53', 'd0533e35-b407-456e-8d6b-eeeafd252b5c', 'addde2cb-e987-47e8-9f24-139398f38831', '2618897d-d316-4ac9-8985-7b0906a275b8', '7a913e9a-d884-4a4c-9632-1f25d79adb06', '3633d2ff-8816-46a6-8325-7ef8e9df8737', '3159f336-43b2-4040-900a-6dcdf4d3362f', '1a896af8-daf2-4530-a98a-d784430f5bea', '78616647-b226-418c-b2ae-84f5f36a3c41', '8c33ab1e-5e4b-46cf-948d-d7987690229b', '8b328e02-817d-48f9-b79e-da8fed23e645', '11727773-72d8-4174-9104-f096c480628a', '9ee90f90-84d2-4a51-abaf-a93044d01bc1', '7b301c9d-2a74-4b8f-928d-520bab463fe1', '2b25f10c-aa15-4467-8169-1ca903b46229', '2a85e8bc-6caf-44a9-a397-b798ccfe379f', 'e4126d54-0aa4-4eb6-969b-41f41875c1a5', '4fbec07c-c372-485c-88e9-b5e269ce0840', 'de1c7299-4414-4d4b-ba3f-e9c7ed7fe01b', '2a982081-3ef3-462f-b89f-4aea9e06a4d1', '32fea52e-83c3-40ce-bd9c-d945d1d8a887']"
76afac8f-1ad1-4038-96c3-9a24ac5d0071,9,"['8c61a182-7437-4cc9-bf3e-f9a5c14fa3e9', '8c61a182-7437-4cc9-bf3e-f9a5c14fa3e9', '8c61a182-7437-4cc9-bf3e-f9a5c14fa3e9', '8c61a182-7437-4cc9-bf3e-f9a5c14fa3e9', '8c61a182-7437-4cc9-bf3e-f9a5c14fa3e9', '8c61a182-7437-4cc9-bf3e-f9a5c14fa3e9', '8c61a182-7437-4cc9-bf3e-f9a5c14fa3e9', '8c61a182-7437-4cc9-bf3e-f9a5c14fa3e9', '8c61a182-7437-4cc9-bf3e-f9a5c14fa3e9', '8c61a182-7437-4cc9-bf3e-f9a5c14fa3e9', '8c61a182-7437-4cc9-bf3e-f9a5c14fa3e9', '8c61a182-7437-4cc9-bf3e-f9a5c14fa3e9', '8c61a182-7437-4cc9-bf3e-f9a5c14fa3e9', '8c61a182-7437-4cc9-bf3e-f9a5c14fa3e9', '8c61a182-7437-4cc9-bf3e-f9a5c14fa3e9', '8c61a182-7437-4cc9-bf3e-f9a5c14fa3e9', '8c61a182-7437-4cc9-bf3e-f9a5c14fa3e9', '8c61a182-7437-4cc9-bf3e-f9a5c14fa3e9', '8c61a182-7437-4cc9-bf3e-f9a5c14fa3e9', '8c61a182-7437-4cc9-bf3e-f9a5c14fa3e9', '8c61a182-7437-4cc9-bf3e-f9a5c14fa3e9', '8c61a182-7437-4cc9-bf3e-f9a5c14fa3e9', '8c61a182-7437-4cc9-bf3e-f9a5c14fa3e9', '5618ca62-4460-449c-9477-1eb9bca5ed96', '95d06e91-b98c-4289-b0b4-9edfe2a033dc', 'dbdbac37-38ae-4e2c-b3c2-c425fb5e3087', '80dcd63e-025d-4d2e-8021-bd5bf34685d6', '164ca5fb-c3bb-4f22-a9ec-55b9caf16603', '2f579653-65dc-4641-a0d4-890bdcdcbc75', '92d24f4e-9364-4cea-b7b4-aaabca3c0b8c', '712982e8-6297-4ef7-a278-df0e62b216a7', '0e5485fa-b6e1-4ed5-a0cc-d7b838577ed4', '56f45b6a-d6bc-4bb2-9ab7-d587f7c9017a', 'a1731c94-1c51-41e2-90cf-d445989cad56', '76e498b9-334a-435f-ba3b-5ac2d027686e', '3c101ffd-b45a-439c-ac1a-d4bc26b70c3f', '343da645-841c-4996-b4ad-01c3515ebdfc', 'eeac6494-0e30-4c23-ac02-dbaaef07ce2a', '91ffbe16-5f9f-492b-88b9-211af0b99d24', 'e98523fe-0519-48b3-a2c2-9eb9d745779f', '657ac8fe-686f-4ce2-b79d-b0290256ca67', '142a7348-561a-4897-8f3b-9b9da00ea1d1', '6e10e1d9-08f0-42f4-8cde-dd69e63863f3', '71210eeb-0abd-4633-bc91-f34caba71388', '9eff8576-8ffb-4608-aea0-91f009973980', '941ef222-05f9-474b-affb-ee3250e17da4', '5f84a689-5136-4582-8619-319c3ab48b0a', 'c127acf5-6424-45cc-9d50-f4f05138560c', '0aa290c1-b9ad-416e-a3fd-b91f213a9812', '46a90a21-fe7e-4ec8-b7cc-9e04bfa8b2ee']"
dc08a826-d140-4735-9cb6-1a5e65740486,14,"['dc2eaf0a-f6ad-48c2-8663-f744e45fd8dc', 'dc2eaf0a-f6ad-48c2-8663-f744e45fd8dc', 'dc2eaf0a-f6ad-48c2-8663-f744e45fd8dc', 'dc2eaf0a-f6ad-48c2-8663-f744e45fd8dc', 'dc2eaf0a-f6ad-48c2-8663-f744e45fd8dc', 'dc2eaf0a-f6ad-48c2-8663-f744e45fd8dc', 'dc2eaf0a-f6ad-48c2-8663-f744e45fd8dc', 'dc2eaf0a-f6ad-48c2-8663-f744e45fd8dc', 'dc2eaf0a-f6ad-48c2-8663-f744e45fd8dc', 'dc2eaf0a-f6ad-48c2-8663-f744e45fd8dc', 'dc2eaf0a-f6ad-48c2-8663-f744e45fd8dc', 'dc2eaf0a-f6ad-48c2-8663-f744e45fd8dc', 'dc2eaf0a-f6ad-48c2-8663-f744e45fd8dc', 'dc2eaf0a-f6ad-48c2-8663-f744e45fd8dc', 'dc2eaf0a-f6ad-48c2-8663-f744e45fd8dc', 'dc2eaf0a-f6ad-48c2-8663-f744e45fd8dc', 'dc2eaf0a-f6ad-48c2-8663-f744e45fd8dc', 'dc2eaf0a-f6ad-48c2-8663-f744e45fd8dc', 'dc2eaf0a-f6ad-48c2-8663-f744e45fd8dc', 'dc2eaf0a-f6ad-48c2-8663-f744e45fd8dc', '2c24b1d9-60a8-49f7-8e77-c2a3010efe86', 'fbe0070d-74d4-4ec6-9d03-ee3d92c53850', 'dd9195bc-e4c8-49b9-9154-c538a9b9ed93', '3955cca5-6104-4419-949c-1685ca56d42f', '80b2b095-e900-4fdf-8f49-d2831191428a', '62b34159-442b-4fab-a618-981ba2261efc', 'e52b7cf9-e5e5-4451-bc1c-df342d75f08d', 'e3e3b8c3-d3ea-4b88-9bfb-696541bef555', '838db175-937d-4340-8c73-116e52200210', '01381613-f1cd-44d5-afb6-bc8a3d84424b', '7eb764ba-d098-4da7-9ca6-23fa4a232c0a', '54ca28f2-2ea2-4e51-b336-354ee3cbd5e2', '5976c9f9-6a95-4f25-8b33-e604659b6152', '6efe034c-2571-4b66-9566-595404d3919d', '3bf017e2-83f9-46d9-8ac2-f2692500a5bb', 'eb47ca93-9d42-4268-b1f0-268eeaa5545b', 'df3c658f-2c2b-4c03-8caf-0e7ee01cb651', 'dd18a235-8473-47a8-be8a-2a41bbc321f1', 'a55bb527-e32b-4342-a619-8246a738c244', '8f6dea9f-1ded-4aa7-9d19-7a0decaef542', 'aee1f533-56fc-439f-a986-6875af67322f', '707912d2-a7d8-4cde-8937-d00c581f8632', '9ebf9264-8c83-413f-b1f0-50f9b3ccd823', '4348c077-8519-4de6-a7e6-53dff6a950b1', 'd20603c2-fcc4-48d6-9309-ceb428128d5d', '04168566-ed89-4987-8875-fc5bca6e545c', '7877265c-12a8-4c29-934e-dd148c43c8c2', '413b734a-8afc-495f-8ef5-c99ceed5b82c', 'c3f0e592-03ea-4867-b7c9-1fb88c246242', 'e911a9ca-7f30-4146-830e-bc54ad9a70c9']"
cd1602fa-928a-4e51-8d55-5ca20e19cdee,14,"['57bf8c60-3de1-4655-8291-405b8652c854', '57bf8c60-3de1-4655-8291-405b8652c854', '57bf8c60-3de1-4655-8291-405b8652c854', '57bf8c60-3de1-4655-8291-405b8652c854', '57bf8c60-3de1-4655-8291-405b8652c854', '57bf8c60-3de1-4655-8291-405b8652c854', '57bf8c60-3de1-4655-8291-405b8652c854', '57bf8c60-3de1-4655-8291-405b8652c854', '57bf8c60-3de1-4655-8291-405b8652c854', '57bf8c60-3de1-4655-8291-405b8652c854', '73c064d1-4d6b-482c-9625-0bc8b5134a39', '73c064d1-4d6b-482c-9625-0bc8b5134a39', '010acae8-d560-43a5-9cf6-306aebf0f497', '010acae8-d560-43a5-9cf6-306aebf0f497', '4a2a4c04-6fc2-4d82-8d9c-9c0377973b4d', '4a2a4c04-6fc2-4d82-8d9c-9c0377973b4d', '4a2a4c04-6fc2-4d82-8d9c-9c0377973b4d', '4a2a4c04-6fc2-4d82-8d9c-9c0377973b4d', '4a2a4c04-6fc2-4d82-8d9c-9c0377973b4d', 'a6dc3714-93c0-467b-ab12-ae12e5a5e6eb', 'a6dc3714-93c0-467b-ab12-ae12e5a5e6eb', '65602967-f8df-41c5-9530-8b63f4c01697', '65602967-f8df-41c5-9530-8b63f4c01697', '4d3489a9-86c5-4756-b83f-999310d56df0', 'ec61b233-0f31-4f05-a097-2eb2f004d2cc', 'ec61b233-0f31-4f05-a097-2eb2f004d2cc', 'ec61b233-0f31-4f05-a097-2eb2f004d2cc', 'ec61b233-0f31-4f05-a097-2eb2f004d2cc', 'ec61b233-0f31-4f05-a097-2eb2f004d2cc', 'ec61b233-0f31-4f05-a097-2eb2f004d2cc', 'ec61b233-0f31-4f05-a097-2eb2f004d2cc', 'ec61b233-0f31-4f05-a097-2eb2f004d2cc', 'ec61b233-0f31-4f05-a097-2eb2f004d2cc', 'ec61b233-0f31-4f05-a097-2eb2f004d2cc', 'ec61b233-0f31-4f05-a097-2eb2f004d2cc', 'ec61b233-0f31-4f05-a097-2eb2f004d2cc', 'ec61b233-0f31-4f05-a097-2eb2f004d2cc', 'ec61b233-0f31-4f05-a097-2eb2f004d2cc', 'ec61b233-0f31-4f05-a097-2eb2f004d2cc', 'ec61b233-0f31-4f05-a097-2eb2f004d2cc', 'ec61b233-0f31-4f05-a097-2eb2f004d2cc', 'ec61b233-0f31-4f05-a097-2eb2f004d2cc', 'ec61b233-0f31-4f05-a097-2eb2f004d2cc', '71cff31e-dc15-42df-a247-b56567784d7c', 'dcb34e53-1a52-4697-83a8-01fcffa8e326', '2f7736a6-ba95-4da7-8674-ddf50cc6871a', '0696f28f-f6b6-43ea-8172-3990f1b8d555', 'b5fa2767-7d3b-4cb1-b1a5-36c548d2a1f6', 'f55d6a99-857b-4916-884f-bc8c6e130f1d', 'd0b9037a-4ab8-4d53-bff5-1a3c76788b16']"
2cab4800-381f-42fc-86fb-b87d46b33ff9,8,"['bcdc1632-f148-4691-a83e-9f6af5c39453', 'bcdc1632-f148-4691-a83e-9f6af5c39453', 'bcdc1632-f148-4691-a83e-9f6af5c39453', 'bcdc1632-f148-4691-a83e-9f6af5c39453', '40be7348-1219-4f47-8727-1faa7c83266c', '40be7348-1219-4f47-8727-1faa7c83266c', '40be7348-1219-4f47-8727-1faa7c83266c', '40be7348-1219-4f47-8727-1faa7c83266c', '40be7348-1219-4f47-8727-1faa7c83266c', '40be7348-1219-4f47-8727-1faa7c83266c', '40be7348-1219-4f47-8727-1faa7c83266c', '40be7348-1219-4f47-8727-1faa7c83266c', '40be7348-1219-4f47-8727-1faa7c83266c', '40be7348-1219-4f47-8727-1faa7c83266c', '40be7348-1219-4f47-8727-1faa7c83266c', '40be7348-1219-4f47-8727-1faa7c83266c', '40be7348-1219-4f47-8727-1faa7c83266c', '40be7348-1219-4f47-8727-1faa7c83266c', '40be7348-1219-4f47-8727-1faa7c83266c', '40be7348-1219-4f47-8727-1faa7c83266c', '40be7348-1219-4f47-8727-1faa7c83266c', '40be7348-1219-4f47-8727-1faa7c83266c', '40be7348-1219-4f47-8727-1faa7c83266c', '40be7348-1219-4f47-8727-1faa7c83266c', '40be7348-1219-4f47-8727-1faa7c83266c', '40be7348-1219-4f47-8727-1faa7c83266c', '40be7348-1219-4f47-8727-1faa7c83266c', '40be7348-1219-4f47-8727-1faa7c83266c', 'ab51ea3a-cefd-483d-8c83-605df49724ed', 'ab51ea3a-cefd-483d-8c83-605df49724ed', 'ab51ea3a-cefd-483d-8c83-605df49724ed', 'ab51ea3a-cefd-483d-8c83-605df49724ed', 'ab51ea3a-cefd-483d-8c83-605df49724ed', 'd2ca1417-2fb4-4f05-8cc1-e437924f2b5d', '8ca24678-deca-4f70-845c-b18417aff028', 'c460b9c0-9171-45a7-a377-fdab0d25134f', 'c460b9c0-9171-45a7-a377-fdab0d25134f', 'f02d23d6-a392-4524-abf6-c5c833dc9e5c', 'e8264acb-4b11-4bd4-a745-1804388b08fb', 'f863e0b1-a64f-4158-9304-e41493e1a467', 'e6645b6b-80bf-41d0-bf7f-b59fc1d9e0c2', '9c948ed2-bbf9-49ef-862c-e625b4175490', 'c664dbc3-582f-48c9-a755-e23420eb914c', 'be6aa7e8-8c2a-4811-8e7c-91222fdf6461', '4827bddf-1916-47a2-8029-c89c7b576e3c', '59a0aa6d-6273-4b32-916d-469377867c07', '45ef54b4-19bf-4d58-ad24-ec91881d2bbd', '786f5492-ef74-4112-9d08-3ce811cccdf7', 'c93dd6f6-96ac-49da-b840-648041c070fc', 'f411c500-557f-4e53-ab89-e986024f63d7']"
db03acde-53da-40c4-bf9b-f916655e0c15,14,"['2e507c5a-c6e7-4665-a79a-9dd332ce588f', '2e507c5a-c6e7-4665-a79a-9dd332ce588f', '2e507c5a-c6e7-4665-a79a-9dd332ce588f', '2e507c5a-c6e7-4665-a79a-9dd332ce588f', '2e507c5a-c6e7-4665-a79a-9dd332ce588f', '2e507c5a-c6e7-4665-a79a-9dd332ce588f', '2e507c5a-c6e7-4665-a79a-9dd332ce588f', '2e507c5a-c6e7-4665-a79a-9dd332ce588f', '2e507c5a-c6e7-4665-a79a-9dd332ce588f', '2e507c5a-c6e7-4665-a79a-9dd332ce588f', '2e507c5a-c6e7-4665-a79a-9dd332ce588f', '2e507c5a-c6e7-4665-a79a-9dd332ce588f', '2e507c5a-c6e7-4665-a79a-9dd332ce588f', '2e507c5a-c6e7-4665-a79a-9dd332ce588f', '2e507c5a-c6e7-4665-a79a-9dd332ce588f', '2e507c5a-c6e7-4665-a79a-9dd332ce588f', '2e507c5a-c6e7-4665-a79a-9dd332ce588f', '2e507c5a-c6e7-4665-a79a-9dd332ce588f', '2e507c5a-c6e7-4665-a79a-9dd332ce588f', '2e507c5a-c6e7-4665-a79a-9dd332ce588f', '2e507c5a-c6e7-4665-a79a-9dd332ce588f', '2e507c5a-c6e7-4665-a79a-9dd332ce588f', '2e507c5a-c6e7-4665-a79a-9dd332ce588f', '2e507c5a-c6e7-4665-a79a-9dd332ce588f', '2e507c5a-c6e7-4665-a79a-9dd332ce588f', '2e507c5a-c6e7-4665-a79a-9dd332ce588f', '2e507c5a-c6e7-4665-a79a-9dd332ce588f', '2e507c5a-c6e7-4665-a79a-9dd332ce588f', '2e507c5a-c6e7-4665-a79a-9dd332ce588f', '2314aef0-b835-4836-987f-68508d4bbf62', '2314aef0-b835-4836-987f-68508d4bbf62', '4ab6d7ae-19a0-4d08-8268-6a17d4af1252', '597bfa6c-250f-4b26-a259-795522c72fa2', '90c2e4ac-7e06-49f3-8746-52cbbb7880af', '87d54d22-bd16-48dc-b758-a1dff5ad5f55', '46f53bd0-abf2-4cb7-a2ed-a8e081b3849c', 'b857314e-0c1d-4dcc-974b-cbfa1d520620', 'bd6a90b6-1af3-4a8f-8133-d2265e7925e8', '0bb82b4e-93a5-4a8b-bef1-17007f4f2415', '6ba461a6-9c03-4561-bf93-f61bad07c709', '5518ccf6-892c-454f-9e50-c1165faf38ec', 'ff954931-06f1-4956-85ff-a8b3528864a0', '454c91f5-bc84-441b-bed3-072e1acb9c88', '6b8dfacf-e6ed-40e3-bb73-85b14d313b56', '1297b1f8-08fd-4d3a-b8e1-c42dac53c58b', '20fd07cf-4095-4f45-876e-b26d2a0f0ac8', 'bc67d550-9c32-4db8-883f-b836f9074232', '0f7a7673-f8fe-4fa1-921b-65b92486894e', 'f2cfb594-da79-46d1-864e-370697d08e59', 'f71d1281-9704-4906-a7d5-3129fc601abe']"
76afac8f-1ad1-4038-96c3-9a24ac5d0071,10,"['8c61a182-7437-4cc9-bf3e-f9a5c14fa3e9', '8c61a182-7437-4cc9-bf3e-f9a5c14fa3e9', '8c61a182-7437-4cc9-bf3e-f9a5c14fa3e9', '8c61a182-7437-4cc9-bf3e-f9a5c14fa3e9', '8c61a182-7437-4cc9-bf3e-f9a5c14fa3e9', '8c61a182-7437-4cc9-bf3e-f9a5c14fa3e9', '8c61a182-7437-4cc9-bf3e-f9a5c14fa3e9', '8c61a182-7437-4cc9-bf3e-f9a5c14fa3e9', '8c61a182-7437-4cc9-bf3e-f9a5c14fa3e9', '8c61a182-7437-4cc9-bf3e-f9a5c14fa3e9', '8c61a182-7437-4cc9-bf3e-f9a5c14fa3e9', '8c61a182-7437-4cc9-bf3e-f9a5c14fa3e9', '8c61a182-7437-4cc9-bf3e-f9a5c14fa3e9', '8c61a182-7437-4cc9-bf3e-f9a5c14fa3e9', '8c61a182-7437-4cc9-bf3e-f9a5c14fa3e9', '8c61a182-7437-4cc9-bf3e-f9a5c14fa3e9', '8c61a182-7437-4cc9-bf3e-f9a5c14fa3e9', '8c61a182-7437-4cc9-bf3e-f9a5c14fa3e9', '8c61a182-7437-4cc9-bf3e-f9a5c14fa3e9', '8c61a182-7437-4cc9-bf3e-f9a5c14fa3e9', '8c61a182-7437-4cc9-bf3e-f9a5c14fa3e9', '8c61a182-7437-4cc9-bf3e-f9a5c14fa3e9', '8c61a182-7437-4cc9-bf3e-f9a5c14fa3e9', '8c61a182-7437-4cc9-bf3e-f9a5c14fa3e9', '8c61a182-7437-4cc9-bf3e-f9a5c14fa3e9', '8c61a182-7437-4cc9-bf3e-f9a5c14fa3e9', '8c61a182-7437-4cc9-bf3e-f9a5c14fa3e9', '8c61a182-7437-4cc9-bf3e-f9a5c14fa3e9', '8c61a182-7437-4cc9-bf3e-f9a5c14fa3e9', '8c61a182-7437-4cc9-bf3e-f9a5c14fa3e9', '8c61a182-7437-4cc9-bf3e-f9a5c14fa3e9', '8c61a182-7437-4cc9-bf3e-f9a5c14fa3e9', '8c61a182-7437-4cc9-bf3e-f9a5c14fa3e9', '8c61a182-7437-4cc9-bf3e-f9a5c14fa3e9', '8c61a182-7437-4cc9-bf3e-f9a5c14fa3e9', '76e498b9-334a-435f-ba3b-5ac2d027686e', '76e498b9-334a-435f-ba3b-5ac2d027686e', '76e498b9-334a-435f-ba3b-5ac2d027686e', '76e498b9-334a-435f-ba3b-5ac2d027686e', '76e498b9-334a-435f-ba3b-5ac2d027686e', 'c937ed30-9451-4e9c-9183-ba83fb98ae18', '17e6f385-4989-4448-a38a-41ada3f32566', 'e0176a01-9575-4e44-b8cc-c773b1b6f582', 'bbdbf737-b93a-457e-951f-2a81eebc5437', 'df5bc05d-1b30-40cd-94ac-2e54219f80cc', '1899a9ea-4de7-4c45-affa-2e776d3b07f3', '32679561-77a1-42e3-a93b-2168b912dc9e', 'f3057cea-dc20-463e-9825-b31173a158f0', '572276fa-2eb6-4913-bf82-824fc246e234', '4574e554-0ea7-4172-9f7a-314471336515']"
bacaea0b-0861-4d12-9ba2-931ab1f2f051,10,"['65452ba4-7a1d-4f10-9b4b-169d59c2e912', '65452ba4-7a1d-4f10-9b4b-169d59c2e912', 'c0964a00-3ade-4f48-ae78-3072fa2e015e', 'c0964a00-3ade-4f48-ae78-3072fa2e015e', 'c0964a00-3ade-4f48-ae78-3072fa2e015e', 'c0964a00-3ade-4f48-ae78-3072fa2e015e', 'c0964a00-3ade-4f48-ae78-3072fa2e015e', 'c0964a00-3ade-4f48-ae78-3072fa2e015e', 'c0964a00-3ade-4f48-ae78-3072fa2e015e', 'c0964a00-3ade-4f48-ae78-3072fa2e015e', 'c0964a00-3ade-4f48-ae78-3072fa2e015e', 'c0964a00-3ade-4f48-ae78-3072fa2e015e', 'c0964a00-3ade-4f48-ae78-3072fa2e015e', 'c0964a00-3ade-4f48-ae78-3072fa2e015e', 'c0964a00-3ade-4f48-ae78-3072fa2e015e', 'c0964a00-3ade-4f48-ae78-3072fa2e015e', '072be19b-f09a-4dae-9796-e1210996ccf9', 'e9ce0fbc-7965-4cab-ad45-d45f45c17b6a', '3fda8fb1-e39a-42e2-8d19-5d4f7b827a24', 'd0533e35-b407-456e-8d6b-eeeafd252b5c', 'addde2cb-e987-47e8-9f24-139398f38831', '2618897d-d316-4ac9-8985-7b0906a275b8', '7a913e9a-d884-4a4c-9632-1f25d79adb06', '3633d2ff-8816-46a6-8325-7ef8e9df8737', '3159f336-43b2-4040-900a-6dcdf4d3362f', '1a896af8-daf2-4530-a98a-d784430f5bea', '78616647-b226-418c-b2ae-84f5f36a3c41', '8c33ab1e-5e4b-46cf-948d-d7987690229b', '8b328e02-817d-48f9-b79e-da8fed23e645', '11727773-72d8-4174-9104-f096c480628a', '2b25f10c-aa15-4467-8169-1ca903b46229', '2a85e8bc-6caf-44a9-a397-b798ccfe379f', 'e4126d54-0aa4-4eb6-969b-41f41875c1a5', '4fbec07c-c372-485c-88e9-b5e269ce0840', '2a982081-3ef3-462f-b89f-4aea9e06a4d1', '32fea52e-83c3-40ce-bd9c-d945d1d8a887', 'baaaeac7-c992-4d2d-9a28-882f3645f5dd', 'c03e27e6-d3b9-4db4-adf7-f1580a69dd4a', 'd9b9e389-9626-4a10-b11d-92b0021c75f1', 'fa16d093-843a-4f09-a818-e69eeba39450', '737ed7aa-ccc6-4609-be51-885261dd4a96', 'c024c65c-0364-4de3-8b76-645e74c33fac', 'f7528095-35b4-43c4-bfb2-1119fc884659', 'e1020a42-bde8-4924-955a-9ca18c64c809', 'd3a2fd22-9c38-432f-86dd-5f33c8fa54e1', '4a0c05d1-0a80-47d8-ba22-e89a0d170d3a', '9ae479e2-bd03-49e8-808c-ec8b653fe2d7', 'f67e018a-f47f-46a9-bace-48a16540196f', 'd3c360fe-73fc-4ccc-8fc4-415311abbcad', '236b35db-fabd-4c28-8633-32fcf814a59f']"
dc08a826-d140-4735-9cb6-1a5e65740486,15,"['dc2eaf0a-f6ad-48c2-8663-f744e45fd8dc', 'dc2eaf0a-f6ad-48c2-8663-f744e45fd8dc', 'dc2eaf0a-f6ad-48c2-8663-f744e45fd8dc', 'dc2eaf0a-f6ad-48c2-8663-f744e45fd8dc', 'dc2eaf0a-f6ad-48c2-8663-f744e45fd8dc', 'dc2eaf0a-f6ad-48c2-8663-f744e45fd8dc', 'dc2eaf0a-f6ad-48c2-8663-f744e45fd8dc', 'dc2eaf0a-f6ad-48c2-8663-f744e45fd8dc', 'dc2eaf0a-f6ad-48c2-8663-f744e45fd8dc', 'dc2eaf0a-f6ad-48c2-8663-f744e45fd8dc', 'dc2eaf0a-f6ad-48c2-8663-f744e45fd8dc', 'dc2eaf0a-f6ad-48c2-8663-f744e45fd8dc', 'dc2eaf0a-f6ad-48c2-8663-f744e45fd8dc', 'dc2eaf0a-f6ad-48c2-8663-f744e45fd8dc', 'dc2eaf0a-f6ad-48c2-8663-f744e45fd8dc', 'dc2eaf0a-f6ad-48c2-8663-f744e45fd8dc', 'dc2eaf0a-f6ad-48c2-8663-f744e45fd8dc', 'dc2eaf0a-f6ad-48c2-8663-f744e45fd8dc', 'dc2eaf0a-f6ad-48c2-8663-f744e45fd8dc', 'dc2eaf0a-f6ad-48c2-8663-f744e45fd8dc', 'dc2eaf0a-f6ad-48c2-8663-f744e45fd8dc', 'dc2eaf0a-f6ad-48c2-8663-f744e45fd8dc', 'dc2eaf0a-f6ad-48c2-8663-f744e45fd8dc', 'dc2eaf0a-f6ad-48c2-8663-f744e45fd8dc', 'dc2eaf0a-f6ad-48c2-8663-f744e45fd8dc', 'dc2eaf0a-f6ad-48c2-8663-f744e45fd8dc', 'dc2eaf0a-f6ad-48c2-8663-f744e45fd8dc', 'dc2eaf0a-f6ad-48c2-8663-f744e45fd8dc', 'dc2eaf0a-f6ad-48c2-8663-f744e45fd8dc', 'dc2eaf0a-f6ad-48c2-8663-f744e45fd8dc', 'dc2eaf0a-f6ad-48c2-8663-f744e45fd8dc', 'dc2eaf0a-f6ad-48c2-8663-f744e45fd8dc', 'df3c658f-2c2b-4c03-8caf-0e7ee01cb651', 'df3c658f-2c2b-4c03-8caf-0e7ee01cb651', 'df3c658f-2c2b-4c03-8caf-0e7ee01cb651', '96428cb9-d3a7-4d01-82f5-9900764c9eea', '629179e0-f50c-48d2-9073-f2f460fa7261', '404c2960-7e07-4ee3-941a-01b56903fe81', '28915543-b701-4a2d-9217-4d26c9ac6421', 'f7e5eff4-a154-4fad-9297-c1f5b846708c', '11234ad7-67a4-486a-a5f5-b76fbb8d5b66', 'e33d8154-ca99-4bec-bb70-55b412717721', '42617272-8c5b-4952-9d7e-f7e49f997326', '40afe577-01ae-48e6-8583-24d2bcf8a588', '32350250-864e-428e-abe3-c231162617b5', '80bd56fe-9a2f-4976-a800-9812441a0107', 'e793f841-ac59-4ee4-8291-0084bd6e083e', '7dba6c6a-6d7f-485a-9552-18a0fc7f36c8', 'dae3522e-abdf-4be6-919e-7ed02f51f96a', 'a05a9aa9-92e2-4d82-8d5b-ce2aa235e72e']"
2cab4800-381f-42fc-86fb-b87d46b33ff9,9,"['bcdc1632-f148-4691-a83e-9f6af5c39453', 'bcdc1632-f148-4691-a83e-9f6af5c39453', 'bcdc1632-f148-4691-a83e-9f6af5c39453', 'bcdc1632-f148-4691-a83e-9f6af5c39453', '40be7348-1219-4f47-8727-1faa7c83266c', '40be7348-1219-4f47-8727-1faa7c83266c', '40be7348-1219-4f47-8727-1faa7c83266c', '40be7348-1219-4f47-8727-1faa7c83266c', '40be7348-1219-4f47-8727-1faa7c83266c', '40be7348-1219-4f47-8727-1faa7c83266c', '40be7348-1219-4f47-8727-1faa7c83266c', '40be7348-1219-4f47-8727-1faa7c83266c', '40be7348-1219-4f47-8727-1faa7c83266c', '40be7348-1219-4f47-8727-1faa7c83266c', '40be7348-1219-4f47-8727-1faa7c83266c', '40be7348-1219-4f47-8727-1faa7c83266c', '40be7348-1219-4f47-8727-1faa7c83266c', '40be7348-1219-4f47-8727-1faa7c83266c', '40be7348-1219-4f47-8727-1faa7c83266c', '40be7348-1219-4f47-8727-1faa7c83266c', '40be7348-1219-4f47-8727-1faa7c83266c', '40be7348-1219-4f47-8727-1faa7c83266c', '40be7348-1219-4f47-8727-1faa7c83266c', '40be7348-1219-4f47-8727-1faa7c83266c', 'ab51ea3a-cefd-483d-8c83-605df49724ed', 'ab51ea3a-cefd-483d-8c83-605df49724ed', 'ab51ea3a-cefd-483d-8c83-605df49724ed', 'd2ca1417-2fb4-4f05-8cc1-e437924f2b5d', '8ca24678-deca-4f70-845c-b18417aff028', 'c460b9c0-9171-45a7-a377-fdab0d25134f', 'f02d23d6-a392-4524-abf6-c5c833dc9e5c', 'e8264acb-4b11-4bd4-a745-1804388b08fb', 'e6645b6b-80bf-41d0-bf7f-b59fc1d9e0c2', '9c948ed2-bbf9-49ef-862c-e625b4175490', 'c664dbc3-582f-48c9-a755-e23420eb914c', 'be6aa7e8-8c2a-4811-8e7c-91222fdf6461', '4827bddf-1916-47a2-8029-c89c7b576e3c', '59a0aa6d-6273-4b32-916d-469377867c07', '45ef54b4-19bf-4d58-ad24-ec91881d2bbd', '786f5492-ef74-4112-9d08-3ce811cccdf7', 'f411c500-557f-4e53-ab89-e986024f63d7', '973bde3c-ce81-433a-89a5-7ca3f5630e74', '33d6294d-add4-4612-897d-1b0636ef117a', 'ffbe526b-f891-45e1-a2a0-cb4f3c0b4ddc', 'fcc64d71-6fd0-444c-b43d-181152ddf265', 'dc2c777d-adc3-4ded-95d7-cd5e3a6ce0be', '9e3b3f87-a059-4824-9d99-06d21a958fb4', '8797cbf0-2bb5-452f-85c7-33276bbc03b4', 'b66b89ab-65bb-495c-b432-29ac34e8f1a7', 'b3cdf31f-e1da-45b3-b7a2-fde337f4a611']"
cd1602fa-928a-4e51-8d55-5ca20e19cdee,15,"['73c064d1-4d6b-482c-9625-0bc8b5134a39', '4a2a4c04-6fc2-4d82-8d9c-9c0377973b4d', 'ec61b233-0f31-4f05-a097-2eb2f004d2cc', 'ec61b233-0f31-4f05-a097-2eb2f004d2cc', 'ec61b233-0f31-4f05-a097-2eb2f004d2cc', 'ec61b233-0f31-4f05-a097-2eb2f004d2cc', 'ec61b233-0f31-4f05-a097-2eb2f004d2cc', 'ec61b233-0f31-4f05-a097-2eb2f004d2cc', 'ec61b233-0f31-4f05-a097-2eb2f004d2cc', 'ec61b233-0f31-4f05-a097-2eb2f004d2cc', 'ec61b233-0f31-4f05-a097-2eb2f004d2cc', 'ec61b233-0f31-4f05-a097-2eb2f004d2cc', 'ec61b233-0f31-4f05-a097-2eb2f004d2cc', 'ec61b233-0f31-4f05-a097-2eb2f004d2cc', 'ec61b233-0f31-4f05-a097-2eb2f004d2cc', 'ec61b233-0f31-4f05-a097-2eb2f004d2cc', 'ec61b233-0f31-4f05-a097-2eb2f004d2cc', 'ec61b233-0f31-4f05-a097-2eb2f004d2cc', 'ec61b233-0f31-4f05-a097-2eb2f004d2cc', 'ec61b233-0f31-4f05-a097-2eb2f004d2cc', 'ec61b233-0f31-4f05-a097-2eb2f004d2cc', 'ec61b233-0f31-4f05-a097-2eb2f004d2cc', 'ec61b233-0f31-4f05-a097-2eb2f004d2cc', 'ec61b233-0f31-4f05-a097-2eb2f004d2cc', 'ec61b233-0f31-4f05-a097-2eb2f004d2cc', 'ec61b233-0f31-4f05-a097-2eb2f004d2cc', 'ec61b233-0f31-4f05-a097-2eb2f004d2cc', 'ec61b233-0f31-4f05-a097-2eb2f004d2cc', 'ec61b233-0f31-4f05-a097-2eb2f004d2cc', 'ec61b233-0f31-4f05-a097-2eb2f004d2cc', 'ec61b233-0f31-4f05-a097-2eb2f004d2cc', 'ec61b233-0f31-4f05-a097-2eb2f004d2cc', 'ec61b233-0f31-4f05-a097-2eb2f004d2cc', 'ec61b233-0f31-4f05-a097-2eb2f004d2cc', 'ec61b233-0f31-4f05-a097-2eb2f004d2cc', 'ec61b233-0f31-4f05-a097-2eb2f004d2cc', 'ec61b233-0f31-4f05-a097-2eb2f004d2cc', 'ec61b233-0f31-4f05-a097-2eb2f004d2cc', 'ec61b233-0f31-4f05-a097-2eb2f004d2cc', 'b9fc8c8e-37f9-4271-9df9-26e957c2fb76', 'bc653936-db5e-41c6-8c3e-c21dfdb561c1', 'd84298e3-4a13-4efe-be04-e5c599cb35c7', '5ad95a6d-7c0d-4d54-9a47-518a33ea82fd', 'fa85b103-e54e-47a9-bb0c-37d065bd536e', 'db07e121-16cc-4c6a-8044-146e6f08ad58', '80895bee-63a8-49d5-a9fb-c2e7d38b0c10', '5afc8670-0f41-4b50-979d-b5463b9821a9', '5bbb5ec8-16be-43a2-823d-d8b3edb1dab9', '3e2bea66-2d02-42c3-a534-dea4b8aa2267', '851c5589-1810-4a08-ad80-bf812b94d475']"
bacaea0b-0861-4d12-9ba2-931ab1f2f051,11,"['65452ba4-7a1d-4f10-9b4b-169d59c2e912', '65452ba4-7a1d-4f10-9b4b-169d59c2e912', 'c0964a00-3ade-4f48-ae78-3072fa2e015e', 'c0964a00-3ade-4f48-ae78-3072fa2e015e', 'c0964a00-3ade-4f48-ae78-3072fa2e015e', 'c0964a00-3ade-4f48-ae78-3072fa2e015e', 'c0964a00-3ade-4f48-ae78-3072fa2e015e', 'c0964a00-3ade-4f48-ae78-3072fa2e015e', 'c0964a00-3ade-4f48-ae78-3072fa2e015e', 'c0964a00-3ade-4f48-ae78-3072fa2e015e', 'c0964a00-3ade-4f48-ae78-3072fa2e015e', 'c0964a00-3ade-4f48-ae78-3072fa2e015e', 'c0964a00-3ade-4f48-ae78-3072fa2e015e', 'c0964a00-3ade-4f48-ae78-3072fa2e015e', 'c0964a00-3ade-4f48-ae78-3072fa2e015e', 'c0964a00-3ade-4f48-ae78-3072fa2e015e', 'c0964a00-3ade-4f48-ae78-3072fa2e015e', 'c0964a00-3ade-4f48-ae78-3072fa2e015e', 'c0964a00-3ade-4f48-ae78-3072fa2e015e', 'c0964a00-3ade-4f48-ae78-3072fa2e015e', 'c0964a00-3ade-4f48-ae78-3072fa2e015e', 'c0964a00-3ade-4f48-ae78-3072fa2e015e', 'c0964a00-3ade-4f48-ae78-3072fa2e015e', 'c0964a00-3ade-4f48-ae78-3072fa2e015e', 'c0964a00-3ade-4f48-ae78-3072fa2e015e', 'c0964a00-3ade-4f48-ae78-3072fa2e015e', 'c0964a00-3ade-4f48-ae78-3072fa2e015e', 'c0964a00-3ade-4f48-ae78-3072fa2e015e', 'c0964a00-3ade-4f48-ae78-3072fa2e015e', 'c0964a00-3ade-4f48-ae78-3072fa2e015e', 'c0964a00-3ade-4f48-ae78-3072fa2e015e', 'c0964a00-3ade-4f48-ae78-3072fa2e015e', 'c0964a00-3ade-4f48-ae78-3072fa2e015e', 'c0964a00-3ade-4f48-ae78-3072fa2e015e', 'c0964a00-3ade-4f48-ae78-3072fa2e015e', 'c0964a00-3ade-4f48-ae78-3072fa2e015e', '072be19b-f09a-4dae-9796-e1210996ccf9', '072be19b-f09a-4dae-9796-e1210996ccf9', 'e9ce0fbc-7965-4cab-ad45-d45f45c17b6a', '3fda8fb1-e39a-42e2-8d19-5d4f7b827a24', '3fda8fb1-e39a-42e2-8d19-5d4f7b827a24', '11727773-72d8-4174-9104-f096c480628a', 'd9b9e389-9626-4a10-b11d-92b0021c75f1', 'f7528095-35b4-43c4-bfb2-1119fc884659', '916a371d-a7ee-4d8a-852b-a655f4ecd8fa', '108f0cd0-8946-4de2-9d28-6920fe619e21', '3c168851-60cc-481d-8a28-557ad258484e', '178cb7af-1498-466b-a15a-f5f6bc37d298', '976ef8b1-f890-4819-84a5-60b1081f0981', '4888636c-d411-4edc-a94d-6ede3ddf7219']"
76afac8f-1ad1-4038-96c3-9a24ac5d0071,11,"['8c61a182-7437-4cc9-bf3e-f9a5c14fa3e9', '8c61a182-7437-4cc9-bf3e-f9a5c14fa3e9', '8c61a182-7437-4cc9-bf3e-f9a5c14fa3e9', '8c61a182-7437-4cc9-bf3e-f9a5c14fa3e9', '8c61a182-7437-4cc9-bf3e-f9a5c14fa3e9', '8c61a182-7437-4cc9-bf3e-f9a5c14fa3e9', '8c61a182-7437-4cc9-bf3e-f9a5c14fa3e9', '8c61a182-7437-4cc9-bf3e-f9a5c14fa3e9', '8c61a182-7437-4cc9-bf3e-f9a5c14fa3e9', '8c61a182-7437-4cc9-bf3e-f9a5c14fa3e9', '8c61a182-7437-4cc9-bf3e-f9a5c14fa3e9', '8c61a182-7437-4cc9-bf3e-f9a5c14fa3e9', '8c61a182-7437-4cc9-bf3e-f9a5c14fa3e9', '8c61a182-7437-4cc9-bf3e-f9a5c14fa3e9', '8c61a182-7437-4cc9-bf3e-f9a5c14fa3e9', '8c61a182-7437-4cc9-bf3e-f9a5c14fa3e9', '8c61a182-7437-4cc9-bf3e-f9a5c14fa3e9', '8c61a182-7437-4cc9-bf3e-f9a5c14fa3e9', '8c61a182-7437-4cc9-bf3e-f9a5c14fa3e9', '8c61a182-7437-4cc9-bf3e-f9a5c14fa3e9', '8c61a182-7437-4cc9-bf3e-f9a5c14fa3e9', '8c61a182-7437-4cc9-bf3e-f9a5c14fa3e9', '8c61a182-7437-4cc9-bf3e-f9a5c14fa3e9', '8c61a182-7437-4cc9-bf3e-f9a5c14fa3e9', '8c61a182-7437-4cc9-bf3e-f9a5c14fa3e9', '8c61a182-7437-4cc9-bf3e-f9a5c14fa3e9', '8c61a182-7437-4cc9-bf3e-f9a5c14fa3e9', '8c61a182-7437-4cc9-bf3e-f9a5c14fa3e9', '8c61a182-7437-4cc9-bf3e-f9a5c14fa3e9', '8c61a182-7437-4cc9-bf3e-f9a5c14fa3e9', '8c61a182-7437-4cc9-bf3e-f9a5c14fa3e9', '76e498b9-334a-435f-ba3b-5ac2d027686e', '76e498b9-334a-435f-ba3b-5ac2d027686e', '76e498b9-334a-435f-ba3b-5ac2d027686e', '76e498b9-334a-435f-ba3b-5ac2d027686e', 'c937ed30-9451-4e9c-9183-ba83fb98ae18', 'e0176a01-9575-4e44-b8cc-c773b1b6f582', 'df5bc05d-1b30-40cd-94ac-2e54219f80cc', '1899a9ea-4de7-4c45-affa-2e776d3b07f3', 'f3057cea-dc20-463e-9825-b31173a158f0', '572276fa-2eb6-4913-bf82-824fc246e234', '4574e554-0ea7-4172-9f7a-314471336515', '22841145-c68f-422f-9295-e6fd8b4b6a3a', '2eaf548f-20ac-4fda-9077-cdbee7a073e2', '2c1c009a-483e-42e0-bb29-02cdfbdfe0cd', '1483ebcb-d656-4adf-9497-795d1ed3db2c', '3dbbcc25-2541-486c-ae80-46b6f07c86d8', '13316d8b-46e3-4f44-bc41-a401fc0a9583', '7b4f2ee9-417e-4b23-9dfe-e2f4d80336b5', '8067da01-3d01-4b11-bab3-d4f718dc8f1f']"
db03acde-53da-40c4-bf9b-f916655e0c15,15,"['2e507c5a-c6e7-4665-a79a-9dd332ce588f', '2e507c5a-c6e7-4665-a79a-9dd332ce588f', '2e507c5a-c6e7-4665-a79a-9dd332ce588f', '2e507c5a-c6e7-4665-a79a-9dd332ce588f', '2e507c5a-c6e7-4665-a79a-9dd332ce588f', '2e507c5a-c6e7-4665-a79a-9dd332ce588f', '2e507c5a-c6e7-4665-a79a-9dd332ce588f', '2e507c5a-c6e7-4665-a79a-9dd332ce588f', '2e507c5a-c6e7-4665-a79a-9dd332ce588f', '2e507c5a-c6e7-4665-a79a-9dd332ce588f', '2e507c5a-c6e7-4665-a79a-9dd332ce588f', '2e507c5a-c6e7-4665-a79a-9dd332ce588f', '2e507c5a-c6e7-4665-a79a-9dd332ce588f', '2e507c5a-c6e7-4665-a79a-9dd332ce588f', '2e507c5a-c6e7-4665-a79a-9dd332ce588f', '2e507c5a-c6e7-4665-a79a-9dd332ce588f', '2e507c5a-c6e7-4665-a79a-9dd332ce588f', '2e507c5a-c6e7-4665-a79a-9dd332ce588f', '2e507c5a-c6e7-4665-a79a-9dd332ce588f', '2e507c5a-c6e7-4665-a79a-9dd332ce588f', '2e507c5a-c6e7-4665-a79a-9dd332ce588f', '2e507c5a-c6e7-4665-a79a-9dd332ce588f', '2e507c5a-c6e7-4665-a79a-9dd332ce588f', '2314aef0-b835-4836-987f-68508d4bbf62', '597bfa6c-250f-4b26-a259-795522c72fa2', '90c2e4ac-7e06-49f3-8746-52cbbb7880af', '87d54d22-bd16-48dc-b758-a1dff5ad5f55', '46f53bd0-abf2-4cb7-a2ed-a8e081b3849c', 'b857314e-0c1d-4dcc-974b-cbfa1d520620', 'bd6a90b6-1af3-4a8f-8133-d2265e7925e8', '0bb82b4e-93a5-4a8b-bef1-17007f4f2415', '6ba461a6-9c03-4561-bf93-f61bad07c709', '6b8dfacf-e6ed-40e3-bb73-85b14d313b56', '1297b1f8-08fd-4d3a-b8e1-c42dac53c58b', '20fd07cf-4095-4f45-876e-b26d2a0f0ac8', 'bc67d550-9c32-4db8-883f-b836f9074232', '0f7a7673-f8fe-4fa1-921b-65b92486894e', 'f71d1281-9704-4906-a7d5-3129fc601abe', '379c8cba-cbd4-4065-99b1-819e0907fc23', 'dd942d11-bbdb-42af-a2a6-5bf6dd60e645', '2592822f-ca77-49b4-b241-929a1768de47', 'f4d00e3e-b91b-4c8f-ae6d-8f89cb068cbe', '8ec09151-1aa0-4731-856a-5d766cfff685', '38ab64bd-ed85-4406-90af-95f89e0492a9', '261734ec-417f-48d6-948c-950baefda756', '86c0aab1-1b1b-44a4-9b74-1450a8a1da47', 'b6d5db33-6049-4234-b326-898b37b9f645', 'eefe6a62-92e6-4717-b212-6b14d2d536ee', '6f82d0be-8b3c-4f8e-9ff2-c75ce0c492c5', '5808d079-ab24-4d3e-804b-d7d960bf645f']"
7930b5de-7763-45b4-b217-f7c66ea3fe81,0,"['c93beabe-4574-489f-9fe9-47c308d71bb8', 'c93beabe-4574-489f-9fe9-47c308d71bb8', 'c93beabe-4574-489f-9fe9-47c308d71bb8', 'c93beabe-4574-489f-9fe9-47c308d71bb8', 'c93beabe-4574-489f-9fe9-47c308d71bb8', 'c93beabe-4574-489f-9fe9-47c308d71bb8', 'c93beabe-4574-489f-9fe9-47c308d71bb8', 'c93beabe-4574-489f-9fe9-47c308d71bb8', 'c93beabe-4574-489f-9fe9-47c308d71bb8', 'c93beabe-4574-489f-9fe9-47c308d71bb8', 'c93beabe-4574-489f-9fe9-47c308d71bb8', 'c93beabe-4574-489f-9fe9-47c308d71bb8', 'c93beabe-4574-489f-9fe9-47c308d71bb8', 'c93beabe-4574-489f-9fe9-47c308d71bb8', 'c93beabe-4574-489f-9fe9-47c308d71bb8', 'c93beabe-4574-489f-9fe9-47c308d71bb8', 'c93beabe-4574-489f-9fe9-47c308d71bb8', 'c93beabe-4574-489f-9fe9-47c308d71bb8', 'c93beabe-4574-489f-9fe9-47c308d71bb8', 'c93beabe-4574-489f-9fe9-47c308d71bb8', 'c93beabe-4574-489f-9fe9-47c308d71bb8', 'c93beabe-4574-489f-9fe9-47c308d71bb8', 'c93beabe-4574-489f-9fe9-47c308d71bb8', 'c93beabe-4574-489f-9fe9-47c308d71bb8', 'c93beabe-4574-489f-9fe9-47c308d71bb8', 'c93beabe-4574-489f-9fe9-47c308d71bb8', 'c93beabe-4574-489f-9fe9-47c308d71bb8', 'c93beabe-4574-489f-9fe9-47c308d71bb8', 'c93beabe-4574-489f-9fe9-47c308d71bb8', 'c93beabe-4574-489f-9fe9-47c308d71bb8', 'c93beabe-4574-489f-9fe9-47c308d71bb8', 'c93beabe-4574-489f-9fe9-47c308d71bb8', 'c93beabe-4574-489f-9fe9-47c308d71bb8', 'c93beabe-4574-489f-9fe9-47c308d71bb8', 'c93beabe-4574-489f-9fe9-47c308d71bb8', 'c93beabe-4574-489f-9fe9-47c308d71bb8', 'c93beabe-4574-489f-9fe9-47c308d71bb8', 'c93beabe-4574-489f-9fe9-47c308d71bb8', 'c93beabe-4574-489f-9fe9-47c308d71bb8', 'c93beabe-4574-489f-9fe9-47c308d71bb8', 'c93beabe-4574-489f-9fe9-47c308d71bb8', 'c93beabe-4574-489f-9fe9-47c308d71bb8', 'c93beabe-4574-489f-9fe9-47c308d71bb8', 'c93beabe-4574-489f-9fe9-47c308d71bb8', 'c93beabe-4574-489f-9fe9-47c308d71bb8', 'c93beabe-4574-489f-9fe9-47c308d71bb8', 'c93beabe-4574-489f-9fe9-47c308d71bb8', 'c93beabe-4574-489f-9fe9-47c308d71bb8', 'c93beabe-4574-489f-9fe9-47c308d71bb8', 'c93beabe-4574-489f-9fe9-47c308d71bb8']"
2cab4800-381f-42fc-86fb-b87d46b33ff9,10,"['bcdc1632-f148-4691-a83e-9f6af5c39453', 'bcdc1632-f148-4691-a83e-9f6af5c39453', 'bcdc1632-f148-4691-a83e-9f6af5c39453', 'bcdc1632-f148-4691-a83e-9f6af5c39453', '40be7348-1219-4f47-8727-1faa7c83266c', '40be7348-1219-4f47-8727-1faa7c83266c', '40be7348-1219-4f47-8727-1faa7c83266c', '40be7348-1219-4f47-8727-1faa7c83266c', '40be7348-1219-4f47-8727-1faa7c83266c', '40be7348-1219-4f47-8727-1faa7c83266c', '40be7348-1219-4f47-8727-1faa7c83266c', '40be7348-1219-4f47-8727-1faa7c83266c', '40be7348-1219-4f47-8727-1faa7c83266c', '40be7348-1219-4f47-8727-1faa7c83266c', '40be7348-1219-4f47-8727-1faa7c83266c', '40be7348-1219-4f47-8727-1faa7c83266c', '40be7348-1219-4f47-8727-1faa7c83266c', '40be7348-1219-4f47-8727-1faa7c83266c', '40be7348-1219-4f47-8727-1faa7c83266c', '40be7348-1219-4f47-8727-1faa7c83266c', '40be7348-1219-4f47-8727-1faa7c83266c', 'ab51ea3a-cefd-483d-8c83-605df49724ed', 'ab51ea3a-cefd-483d-8c83-605df49724ed', 'ab51ea3a-cefd-483d-8c83-605df49724ed', 'd2ca1417-2fb4-4f05-8cc1-e437924f2b5d', '8ca24678-deca-4f70-845c-b18417aff028', 'c460b9c0-9171-45a7-a377-fdab0d25134f', 'f02d23d6-a392-4524-abf6-c5c833dc9e5c', 'e8264acb-4b11-4bd4-a745-1804388b08fb', '9c948ed2-bbf9-49ef-862c-e625b4175490', 'c664dbc3-582f-48c9-a755-e23420eb914c', 'be6aa7e8-8c2a-4811-8e7c-91222fdf6461', '4827bddf-1916-47a2-8029-c89c7b576e3c', '59a0aa6d-6273-4b32-916d-469377867c07', '45ef54b4-19bf-4d58-ad24-ec91881d2bbd', 'f411c500-557f-4e53-ab89-e986024f63d7', '33d6294d-add4-4612-897d-1b0636ef117a', 'ffbe526b-f891-45e1-a2a0-cb4f3c0b4ddc', 'fcc64d71-6fd0-444c-b43d-181152ddf265', 'dc2c777d-adc3-4ded-95d7-cd5e3a6ce0be', '9e3b3f87-a059-4824-9d99-06d21a958fb4', '8797cbf0-2bb5-452f-85c7-33276bbc03b4', 'b66b89ab-65bb-495c-b432-29ac34e8f1a7', '6d1046e3-80f4-44ff-9f7e-70db6458f519', '9466272f-6267-4a10-9523-a132e5c4e433', 'd4327563-d35d-4805-ac63-3286fe57f6fa', '64a35cb6-c55a-467a-867f-58350f9053f8', '90e41c12-d400-4128-b480-8e2e8b2183d0', '116987f5-47db-4674-8861-f729fdbd9561', '040f71b6-c823-427c-9b9f-2d77aa076b61']"
bacaea0b-0861-4d12-9ba2-931ab1f2f051,12,"['65452ba4-7a1d-4f10-9b4b-169d59c2e912', '65452ba4-7a1d-4f10-9b4b-169d59c2e912', 'c0964a00-3ade-4f48-ae78-3072fa2e015e', 'c0964a00-3ade-4f48-ae78-3072fa2e015e', 'c0964a00-3ade-4f48-ae78-3072fa2e015e', 'c0964a00-3ade-4f48-ae78-3072fa2e015e', 'c0964a00-3ade-4f48-ae78-3072fa2e015e', 'c0964a00-3ade-4f48-ae78-3072fa2e015e', 'c0964a00-3ade-4f48-ae78-3072fa2e015e', 'c0964a00-3ade-4f48-ae78-3072fa2e015e', 'c0964a00-3ade-4f48-ae78-3072fa2e015e', 'c0964a00-3ade-4f48-ae78-3072fa2e015e', 'c0964a00-3ade-4f48-ae78-3072fa2e015e', 'c0964a00-3ade-4f48-ae78-3072fa2e015e', 'c0964a00-3ade-4f48-ae78-3072fa2e015e', 'c0964a00-3ade-4f48-ae78-3072fa2e015e', 'c0964a00-3ade-4f48-ae78-3072fa2e015e', 'c0964a00-3ade-4f48-ae78-3072fa2e015e', 'c0964a00-3ade-4f48-ae78-3072fa2e015e', 'c0964a00-3ade-4f48-ae78-3072fa2e015e', 'c0964a00-3ade-4f48-ae78-3072fa2e015e', 'c0964a00-3ade-4f48-ae78-3072fa2e015e', 'c0964a00-3ade-4f48-ae78-3072fa2e015e', 'c0964a00-3ade-4f48-ae78-3072fa2e015e', 'c0964a00-3ade-4f48-ae78-3072fa2e015e', 'c0964a00-3ade-4f48-ae78-3072fa2e015e', 'c0964a00-3ade-4f48-ae78-3072fa2e015e', 'c0964a00-3ade-4f48-ae78-3072fa2e015e', 'c0964a00-3ade-4f48-ae78-3072fa2e015e', 'c0964a00-3ade-4f48-ae78-3072fa2e015e', '072be19b-f09a-4dae-9796-e1210996ccf9', '072be19b-f09a-4dae-9796-e1210996ccf9', 'e9ce0fbc-7965-4cab-ad45-d45f45c17b6a', '3fda8fb1-e39a-42e2-8d19-5d4f7b827a24', '3fda8fb1-e39a-42e2-8d19-5d4f7b827a24', '11727773-72d8-4174-9104-f096c480628a', 'd9b9e389-9626-4a10-b11d-92b0021c75f1', 'f7528095-35b4-43c4-bfb2-1119fc884659', '916a371d-a7ee-4d8a-852b-a655f4ecd8fa', '108f0cd0-8946-4de2-9d28-6920fe619e21', '3c168851-60cc-481d-8a28-557ad258484e', '178cb7af-1498-466b-a15a-f5f6bc37d298', '976ef8b1-f890-4819-84a5-60b1081f0981', '4888636c-d411-4edc-a94d-6ede3ddf7219', 'bab7e214-2fa8-4724-9714-fd60381fd7e6', '53423e2c-4eb7-43b4-9d12-8f5ae53e518e', '711905da-0359-443a-a0c4-657b430e86db', '8df2621c-15be-463a-a730-4033d27c3044', '7c20e277-986b-45af-9b41-b09a74ad99f1', '98b06ab4-7374-422d-998b-3ca205d98d1a']"
897fac4d-2ae7-4558-bd3c-9775c176f7bf,0,"['3bd098c6-a2bf-48f5-87d6-48ab63caaba9', '3bd098c6-a2bf-48f5-87d6-48ab63caaba9', '3bd098c6-a2bf-48f5-87d6-48ab63caaba9', '3bd098c6-a2bf-48f5-87d6-48ab63caaba9', '3bd098c6-a2bf-48f5-87d6-48ab63caaba9', '3bd098c6-a2bf-48f5-87d6-48ab63caaba9', '3bd098c6-a2bf-48f5-87d6-48ab63caaba9', '3bd098c6-a2bf-48f5-87d6-48ab63caaba9', '3bd098c6-a2bf-48f5-87d6-48ab63caaba9', '3bd098c6-a2bf-48f5-87d6-48ab63caaba9', '3bd098c6-a2bf-48f5-87d6-48ab63caaba9', '3bd098c6-a2bf-48f5-87d6-48ab63caaba9', '3bd098c6-a2bf-48f5-87d6-48ab63caaba9', '3bd098c6-a2bf-48f5-87d6-48ab63caaba9', '3bd098c6-a2bf-48f5-87d6-48ab63caaba9', '3bd098c6-a2bf-48f5-87d6-48ab63caaba9', '3bd098c6-a2bf-48f5-87d6-48ab63caaba9', '3bd098c6-a2bf-48f5-87d6-48ab63caaba9', '3bd098c6-a2bf-48f5-87d6-48ab63caaba9', '3bd098c6-a2bf-48f5-87d6-48ab63caaba9', '3bd098c6-a2bf-48f5-87d6-48ab63caaba9', '3bd098c6-a2bf-48f5-87d6-48ab63caaba9', '3bd098c6-a2bf-48f5-87d6-48ab63caaba9', '3bd098c6-a2bf-48f5-87d6-48ab63caaba9', '3bd098c6-a2bf-48f5-87d6-48ab63caaba9', '3bd098c6-a2bf-48f5-87d6-48ab63caaba9', '3bd098c6-a2bf-48f5-87d6-48ab63caaba9', '3bd098c6-a2bf-48f5-87d6-48ab63caaba9', '3bd098c6-a2bf-48f5-87d6-48ab63caaba9', '3bd098c6-a2bf-48f5-87d6-48ab63caaba9', '3bd098c6-a2bf-48f5-87d6-48ab63caaba9', '3bd098c6-a2bf-48f5-87d6-48ab63caaba9', '3bd098c6-a2bf-48f5-87d6-48ab63caaba9', '3bd098c6-a2bf-48f5-87d6-48ab63caaba9', '3bd098c6-a2bf-48f5-87d6-48ab63caaba9', '3bd098c6-a2bf-48f5-87d6-48ab63caaba9', '3bd098c6-a2bf-48f5-87d6-48ab63caaba9', '3bd098c6-a2bf-48f5-87d6-48ab63caaba9', '3bd098c6-a2bf-48f5-87d6-48ab63caaba9', '3bd098c6-a2bf-48f5-87d6-48ab63caaba9', '3bd098c6-a2bf-48f5-87d6-48ab63caaba9', '3bd098c6-a2bf-48f5-87d6-48ab63caaba9', '3bd098c6-a2bf-48f5-87d6-48ab63caaba9', '3bd098c6-a2bf-48f5-87d6-48ab63caaba9', '3bd098c6-a2bf-48f5-87d6-48ab63caaba9', '3bd098c6-a2bf-48f5-87d6-48ab63caaba9', '3bd098c6-a2bf-48f5-87d6-48ab63caaba9', '3bd098c6-a2bf-48f5-87d6-48ab63caaba9', '3bd098c6-a2bf-48f5-87d6-48ab63caaba9', '3bd098c6-a2bf-48f5-87d6-48ab63caaba9']"
76afac8f-1ad1-4038-96c3-9a24ac5d0071,12,"['8c61a182-7437-4cc9-bf3e-f9a5c14fa3e9', '8c61a182-7437-4cc9-bf3e-f9a5c14fa3e9', '8c61a182-7437-4cc9-bf3e-f9a5c14fa3e9', '8c61a182-7437-4cc9-bf3e-f9a5c14fa3e9', '8c61a182-7437-4cc9-bf3e-f9a5c14fa3e9', '8c61a182-7437-4cc9-bf3e-f9a5c14fa3e9', '8c61a182-7437-4cc9-bf3e-f9a5c14fa3e9', '8c61a182-7437-4cc9-bf3e-f9a5c14fa3e9', '8c61a182-7437-4cc9-bf3e-f9a5c14fa3e9', '8c61a182-7437-4cc9-bf3e-f9a5c14fa3e9', '8c61a182-7437-4cc9-bf3e-f9a5c14fa3e9', '8c61a182-7437-4cc9-bf3e-f9a5c14fa3e9', '8c61a182-7437-4cc9-bf3e-f9a5c14fa3e9', '8c61a182-7437-4cc9-bf3e-f9a5c14fa3e9', '8c61a182-7437-4cc9-bf3e-f9a5c14fa3e9', '8c61a182-7437-4cc9-bf3e-f9a5c14fa3e9', '8c61a182-7437-4cc9-bf3e-f9a5c14fa3e9', '8c61a182-7437-4cc9-bf3e-f9a5c14fa3e9', '8c61a182-7437-4cc9-bf3e-f9a5c14fa3e9', '8c61a182-7437-4cc9-bf3e-f9a5c14fa3e9', '8c61a182-7437-4cc9-bf3e-f9a5c14fa3e9', '8c61a182-7437-4cc9-bf3e-f9a5c14fa3e9', '76e498b9-334a-435f-ba3b-5ac2d027686e', '76e498b9-334a-435f-ba3b-5ac2d027686e', '76e498b9-334a-435f-ba3b-5ac2d027686e', 'c937ed30-9451-4e9c-9183-ba83fb98ae18', 'e0176a01-9575-4e44-b8cc-c773b1b6f582', 'df5bc05d-1b30-40cd-94ac-2e54219f80cc', '1899a9ea-4de7-4c45-affa-2e776d3b07f3', '572276fa-2eb6-4913-bf82-824fc246e234', '4574e554-0ea7-4172-9f7a-314471336515', '2eaf548f-20ac-4fda-9077-cdbee7a073e2', '1483ebcb-d656-4adf-9497-795d1ed3db2c', '3dbbcc25-2541-486c-ae80-46b6f07c86d8', '13316d8b-46e3-4f44-bc41-a401fc0a9583', '7b4f2ee9-417e-4b23-9dfe-e2f4d80336b5', '8067da01-3d01-4b11-bab3-d4f718dc8f1f', 'e8d44cd8-b37d-4e36-b4fa-37c7afe4e267', 'dee53f12-7d51-4057-bb84-1e6a6569f102', 'e87413e4-4180-43b7-a274-f80e9d85d90a', 'aa7fc498-feef-4b29-bb6a-321dd3fe500e', 'bba9137e-ed23-4ea5-be3e-fec4ff94a3a9', '34b92f95-c2df-4611-b5c3-a9b0fa238d7b', '62e98a30-9496-4ee9-9d47-95d1959510e9', 'd998b355-e73a-4a0f-a529-38ab9b5f3779', '1027d1f9-ea55-408c-904a-13f757cc1a28', '4176d13e-a914-4b39-989f-2ee8c177208f', 'fc8e00d3-b41e-44e1-8fdc-cd2fb9f84ffb', 'ec9de41b-cd6e-4ca4-8501-11ad060d2b9c', '72172eed-d4ad-4eff-86df-d29e6fd914a8']"
bacaea0b-0861-4d12-9ba2-931ab1f2f051,13,"['65452ba4-7a1d-4f10-9b4b-169d59c2e912', '65452ba4-7a1d-4f10-9b4b-169d59c2e912', 'c0964a00-3ade-4f48-ae78-3072fa2e015e', 'c0964a00-3ade-4f48-ae78-3072fa2e015e', 'c0964a00-3ade-4f48-ae78-3072fa2e015e', 'c0964a00-3ade-4f48-ae78-3072fa2e015e', 'c0964a00-3ade-4f48-ae78-3072fa2e015e', 'c0964a00-3ade-4f48-ae78-3072fa2e015e', 'c0964a00-3ade-4f48-ae78-3072fa2e015e', 'c0964a00-3ade-4f48-ae78-3072fa2e015e', 'c0964a00-3ade-4f48-ae78-3072fa2e015e', 'c0964a00-3ade-4f48-ae78-3072fa2e015e', 'c0964a00-3ade-4f48-ae78-3072fa2e015e', 'c0964a00-3ade-4f48-ae78-3072fa2e015e', 'c0964a00-3ade-4f48-ae78-3072fa2e015e', 'c0964a00-3ade-4f48-ae78-3072fa2e015e', 'c0964a00-3ade-4f48-ae78-3072fa2e015e', 'c0964a00-3ade-4f48-ae78-3072fa2e015e', 'c0964a00-3ade-4f48-ae78-3072fa2e015e', 'c0964a00-3ade-4f48-ae78-3072fa2e015e', 'c0964a00-3ade-4f48-ae78-3072fa2e015e', 'c0964a00-3ade-4f48-ae78-3072fa2e015e', 'c0964a00-3ade-4f48-ae78-3072fa2e015e', 'c0964a00-3ade-4f48-ae78-3072fa2e015e', 'c0964a00-3ade-4f48-ae78-3072fa2e015e', '072be19b-f09a-4dae-9796-e1210996ccf9', '072be19b-f09a-4dae-9796-e1210996ccf9', 'e9ce0fbc-7965-4cab-ad45-d45f45c17b6a', '3fda8fb1-e39a-42e2-8d19-5d4f7b827a24', '11727773-72d8-4174-9104-f096c480628a', 'd9b9e389-9626-4a10-b11d-92b0021c75f1', 'f7528095-35b4-43c4-bfb2-1119fc884659', '916a371d-a7ee-4d8a-852b-a655f4ecd8fa', '108f0cd0-8946-4de2-9d28-6920fe619e21', '3c168851-60cc-481d-8a28-557ad258484e', '178cb7af-1498-466b-a15a-f5f6bc37d298', '976ef8b1-f890-4819-84a5-60b1081f0981', '4888636c-d411-4edc-a94d-6ede3ddf7219', 'bab7e214-2fa8-4724-9714-fd60381fd7e6', '53423e2c-4eb7-43b4-9d12-8f5ae53e518e', '7c20e277-986b-45af-9b41-b09a74ad99f1', '98b06ab4-7374-422d-998b-3ca205d98d1a', '04b4316b-ea60-4649-a30a-b83d59fb7942', 'b13f35b9-9cf9-4ecd-8f2e-7f020002777c', '1edb9c16-0346-477e-9327-477da58f516f', 'ef3c1693-9816-468f-a65d-04b1d2ba7e74', 'de7d80d3-ea2f-4db1-9a22-c82b8d22dc79', '559644bd-4e5f-4121-a87d-e41b66dc88b9', '4633c8a1-0953-486a-838f-c9fe167be585', 'f9192747-2bb3-464e-8463-a08f328ab61b']"
7930b5de-7763-45b4-b217-f7c66ea3fe81,1,"['c93beabe-4574-489f-9fe9-47c308d71bb8', 'c93beabe-4574-489f-9fe9-47c308d71bb8', 'c93beabe-4574-489f-9fe9-47c308d71bb8', 'c93beabe-4574-489f-9fe9-47c308d71bb8', 'c93beabe-4574-489f-9fe9-47c308d71bb8', 'c93beabe-4574-489f-9fe9-47c308d71bb8', 'c93beabe-4574-489f-9fe9-47c308d71bb8', 'c93beabe-4574-489f-9fe9-47c308d71bb8', 'c93beabe-4574-489f-9fe9-47c308d71bb8', 'c93beabe-4574-489f-9fe9-47c308d71bb8', 'c93beabe-4574-489f-9fe9-47c308d71bb8', 'c93beabe-4574-489f-9fe9-47c308d71bb8', 'c93beabe-4574-489f-9fe9-47c308d71bb8', 'c93beabe-4574-489f-9fe9-47c308d71bb8', 'c93beabe-4574-489f-9fe9-47c308d71bb8', 'c93beabe-4574-489f-9fe9-47c308d71bb8', 'c93beabe-4574-489f-9fe9-47c308d71bb8', 'c93beabe-4574-489f-9fe9-47c308d71bb8', 'c93beabe-4574-489f-9fe9-47c308d71bb8', 'c93beabe-4574-489f-9fe9-47c308d71bb8', 'c93beabe-4574-489f-9fe9-47c308d71bb8', 'c93beabe-4574-489f-9fe9-47c308d71bb8', 'c93beabe-4574-489f-9fe9-47c308d71bb8', 'c93beabe-4574-489f-9fe9-47c308d71bb8', 'c93beabe-4574-489f-9fe9-47c308d71bb8', 'c93beabe-4574-489f-9fe9-47c308d71bb8', 'c93beabe-4574-489f-9fe9-47c308d71bb8', 'c93beabe-4574-489f-9fe9-47c308d71bb8', 'c93beabe-4574-489f-9fe9-47c308d71bb8', 'c93beabe-4574-489f-9fe9-47c308d71bb8', 'c93beabe-4574-489f-9fe9-47c308d71bb8', 'c93beabe-4574-489f-9fe9-47c308d71bb8', 'c93beabe-4574-489f-9fe9-47c308d71bb8', 'c93beabe-4574-489f-9fe9-47c308d71bb8', 'c93beabe-4574-489f-9fe9-47c308d71bb8', 'c93beabe-4574-489f-9fe9-47c308d71bb8', 'c93beabe-4574-489f-9fe9-47c308d71bb8', 'c93beabe-4574-489f-9fe9-47c308d71bb8', 'c93beabe-4574-489f-9fe9-47c308d71bb8', '5b9366e4-ca3e-49d6-a750-a9def93a38b4', '00f2455d-826c-4130-b003-84f93bf1cafa', '0752ed7e-8035-4fbe-9983-fc7c7f7774f0', '1d8d5a80-79a1-4329-9dd8-8f90461b073b', '92b3a1cd-67de-49a6-bd1f-0944784fe5b2', 'c911d04f-2e30-426c-84da-5cc0e50de829', 'e2771c7f-bc59-468e-8a3c-016b1f8141cd', '990ad377-cff8-4aaf-be82-570cad78c360', '7c24082b-2b13-49e8-a1db-a1eb01b63d39', '8274c05b-53df-4c40-9685-2c0a59bb9bcc', 'f50384f6-625b-4816-8389-95cc3d09fbb9']"
2cab4800-381f-42fc-86fb-b87d46b33ff9,11,"['bcdc1632-f148-4691-a83e-9f6af5c39453', 'bcdc1632-f148-4691-a83e-9f6af5c39453', 'bcdc1632-f148-4691-a83e-9f6af5c39453', '40be7348-1219-4f47-8727-1faa7c83266c', '40be7348-1219-4f47-8727-1faa7c83266c', '40be7348-1219-4f47-8727-1faa7c83266c', '40be7348-1219-4f47-8727-1faa7c83266c', '40be7348-1219-4f47-8727-1faa7c83266c', '40be7348-1219-4f47-8727-1faa7c83266c', '40be7348-1219-4f47-8727-1faa7c83266c', '40be7348-1219-4f47-8727-1faa7c83266c', '40be7348-1219-4f47-8727-1faa7c83266c', '40be7348-1219-4f47-8727-1faa7c83266c', '40be7348-1219-4f47-8727-1faa7c83266c', '40be7348-1219-4f47-8727-1faa7c83266c', '40be7348-1219-4f47-8727-1faa7c83266c', '40be7348-1219-4f47-8727-1faa7c83266c', 'ab51ea3a-cefd-483d-8c83-605df49724ed', 'ab51ea3a-cefd-483d-8c83-605df49724ed', 'ab51ea3a-cefd-483d-8c83-605df49724ed', '8ca24678-deca-4f70-845c-b18417aff028', 'c460b9c0-9171-45a7-a377-fdab0d25134f', 'f02d23d6-a392-4524-abf6-c5c833dc9e5c', '9c948ed2-bbf9-49ef-862c-e625b4175490', 'be6aa7e8-8c2a-4811-8e7c-91222fdf6461', '4827bddf-1916-47a2-8029-c89c7b576e3c', '59a0aa6d-6273-4b32-916d-469377867c07', '45ef54b4-19bf-4d58-ad24-ec91881d2bbd', '33d6294d-add4-4612-897d-1b0636ef117a', 'ffbe526b-f891-45e1-a2a0-cb4f3c0b4ddc', 'fcc64d71-6fd0-444c-b43d-181152ddf265', '9e3b3f87-a059-4824-9d99-06d21a958fb4', 'b66b89ab-65bb-495c-b432-29ac34e8f1a7', '6d1046e3-80f4-44ff-9f7e-70db6458f519', 'd4327563-d35d-4805-ac63-3286fe57f6fa', '90e41c12-d400-4128-b480-8e2e8b2183d0', '040f71b6-c823-427c-9b9f-2d77aa076b61', 'ddc57f6e-126a-4efe-8825-92890b6ce4dd', 'dbb76f08-e890-466b-833e-a510771f4056', '90c3400d-b30d-4e06-8afb-db20f8c8f8e1', '8108e2f2-e847-48b6-9be8-60e99da2ffd0', '866238fd-c39c-421c-bf6e-31bad393c80b', 'eac543a5-b1ca-4745-bcf0-0031d7c2aac8', '684ff160-e707-4e65-b116-a56cee9b5754', '6fa973a3-f897-4c33-91ce-88a15eb29a21', '51b4bc39-84d4-4b90-97e8-e10b98f1e302', 'dcdd8126-5ab6-4bb0-8a9f-9379468ac5da', 'fa9e234f-37db-4255-a7bc-7426ee5217e5', '5635c987-1f10-4657-ac16-6d1f3c97d841', '9fac30c9-6940-476e-8f79-3dfc29ec1c26']"
897fac4d-2ae7-4558-bd3c-9775c176f7bf,1,"['3bd098c6-a2bf-48f5-87d6-48ab63caaba9', '3bd098c6-a2bf-48f5-87d6-48ab63caaba9', '3bd098c6-a2bf-48f5-87d6-48ab63caaba9', '3bd098c6-a2bf-48f5-87d6-48ab63caaba9', '3bd098c6-a2bf-48f5-87d6-48ab63caaba9', '3bd098c6-a2bf-48f5-87d6-48ab63caaba9', '3bd098c6-a2bf-48f5-87d6-48ab63caaba9', '3bd098c6-a2bf-48f5-87d6-48ab63caaba9', '3bd098c6-a2bf-48f5-87d6-48ab63caaba9', '3bd098c6-a2bf-48f5-87d6-48ab63caaba9', '3bd098c6-a2bf-48f5-87d6-48ab63caaba9', '3bd098c6-a2bf-48f5-87d6-48ab63caaba9', '3bd098c6-a2bf-48f5-87d6-48ab63caaba9', '3bd098c6-a2bf-48f5-87d6-48ab63caaba9', '3bd098c6-a2bf-48f5-87d6-48ab63caaba9', '3bd098c6-a2bf-48f5-87d6-48ab63caaba9', '3bd098c6-a2bf-48f5-87d6-48ab63caaba9', '3bd098c6-a2bf-48f5-87d6-48ab63caaba9', '3bd098c6-a2bf-48f5-87d6-48ab63caaba9', '3bd098c6-a2bf-48f5-87d6-48ab63caaba9', '3bd098c6-a2bf-48f5-87d6-48ab63caaba9', '3bd098c6-a2bf-48f5-87d6-48ab63caaba9', '3bd098c6-a2bf-48f5-87d6-48ab63caaba9', '3bd098c6-a2bf-48f5-87d6-48ab63caaba9', '3bd098c6-a2bf-48f5-87d6-48ab63caaba9', '3bd098c6-a2bf-48f5-87d6-48ab63caaba9', '3bd098c6-a2bf-48f5-87d6-48ab63caaba9', '3bd098c6-a2bf-48f5-87d6-48ab63caaba9', '3bd098c6-a2bf-48f5-87d6-48ab63caaba9', '3bd098c6-a2bf-48f5-87d6-48ab63caaba9', '3bd098c6-a2bf-48f5-87d6-48ab63caaba9', '3bd098c6-a2bf-48f5-87d6-48ab63caaba9', '3bd098c6-a2bf-48f5-87d6-48ab63caaba9', '3bd098c6-a2bf-48f5-87d6-48ab63caaba9', '3bd098c6-a2bf-48f5-87d6-48ab63caaba9', '3bd098c6-a2bf-48f5-87d6-48ab63caaba9', '04e1315b-b2c9-4887-afda-9da3a0900695', '4feb28ed-b832-4758-80f1-98cbe36916b6', '63418bb8-cbf0-4659-bbb0-8edebac1eb4c', 'e6a5af78-5622-4266-938b-53b0ccd42c12', '78bbbf9d-013d-4745-9f3a-4f825f7054e5', '7f99b818-f58e-49c1-ad8c-8c8d29b639e7', 'fe3dd266-b81e-4cfc-9b6c-92ef20b23e41', 'a0ea29e2-5f38-4fe2-ba13-0ed56a4cd3ae', '140906df-3839-4379-9e53-2740e9b59252', '16b4e423-6a46-49a5-b11e-a828e7f63523', '5e045996-387a-45a6-9735-b8c4c6ee28bb', 'a01cce91-3b93-48b1-b26d-445adc782289', '191e7fbc-26c1-4d5a-b865-2350fd06fb55', '3094ad54-1014-4b96-9641-a09ccf496ab0']"
bacaea0b-0861-4d12-9ba2-931ab1f2f051,14,"['65452ba4-7a1d-4f10-9b4b-169d59c2e912', '65452ba4-7a1d-4f10-9b4b-169d59c2e912', 'c0964a00-3ade-4f48-ae78-3072fa2e015e', 'c0964a00-3ade-4f48-ae78-3072fa2e015e', 'c0964a00-3ade-4f48-ae78-3072fa2e015e', 'c0964a00-3ade-4f48-ae78-3072fa2e015e', 'c0964a00-3ade-4f48-ae78-3072fa2e015e', 'c0964a00-3ade-4f48-ae78-3072fa2e015e', 'c0964a00-3ade-4f48-ae78-3072fa2e015e', 'c0964a00-3ade-4f48-ae78-3072fa2e015e', 'c0964a00-3ade-4f48-ae78-3072fa2e015e', 'c0964a00-3ade-4f48-ae78-3072fa2e015e', 'c0964a00-3ade-4f48-ae78-3072fa2e015e', 'c0964a00-3ade-4f48-ae78-3072fa2e015e', 'c0964a00-3ade-4f48-ae78-3072fa2e015e', 'c0964a00-3ade-4f48-ae78-3072fa2e015e', 'c0964a00-3ade-4f48-ae78-3072fa2e015e', 'c0964a00-3ade-4f48-ae78-3072fa2e015e', 'c0964a00-3ade-4f48-ae78-3072fa2e015e', 'c0964a00-3ade-4f48-ae78-3072fa2e015e', 'c0964a00-3ade-4f48-ae78-3072fa2e015e', '3fda8fb1-e39a-42e2-8d19-5d4f7b827a24', '11727773-72d8-4174-9104-f096c480628a', 'd9b9e389-9626-4a10-b11d-92b0021c75f1', 'f7528095-35b4-43c4-bfb2-1119fc884659', '916a371d-a7ee-4d8a-852b-a655f4ecd8fa', '108f0cd0-8946-4de2-9d28-6920fe619e21', '3c168851-60cc-481d-8a28-557ad258484e', '4888636c-d411-4edc-a94d-6ede3ddf7219', 'bab7e214-2fa8-4724-9714-fd60381fd7e6', '53423e2c-4eb7-43b4-9d12-8f5ae53e518e', '7c20e277-986b-45af-9b41-b09a74ad99f1', '98b06ab4-7374-422d-998b-3ca205d98d1a', '04b4316b-ea60-4649-a30a-b83d59fb7942', 'b13f35b9-9cf9-4ecd-8f2e-7f020002777c', '1edb9c16-0346-477e-9327-477da58f516f', 'ef3c1693-9816-468f-a65d-04b1d2ba7e74', 'de7d80d3-ea2f-4db1-9a22-c82b8d22dc79', '559644bd-4e5f-4121-a87d-e41b66dc88b9', '4633c8a1-0953-486a-838f-c9fe167be585', 'f9192747-2bb3-464e-8463-a08f328ab61b', '501b054c-8033-4738-89d4-c3cbcb348f45', '02d86bd6-0114-4bea-b639-8aa07078a431', '8e774c35-0ff6-42bf-ae73-9c9a76e44529', '7cbaa99d-5d9f-40ea-8f17-3ffcd90a2968', '5f18d2f0-15b1-4dd4-9fae-77ce74290b6f', '215936e6-72b9-4aa5-9084-2bc15e23fc5e', '3377029e-dcf0-42d7-a06a-53b727658ebf', '0e301a86-c86c-4a05-bb71-1ce10a618aa9', 'd09d1f7b-cfdf-4731-a02c-06bb74157933']"
7930b5de-7763-45b4-b217-f7c66ea3fe81,2,"['5b9366e4-ca3e-49d6-a750-a9def93a38b4', '00f2455d-826c-4130-b003-84f93bf1cafa', '00f2455d-826c-4130-b003-84f93bf1cafa', '00f2455d-826c-4130-b003-84f93bf1cafa', '0752ed7e-8035-4fbe-9983-fc7c7f7774f0', '92b3a1cd-67de-49a6-bd1f-0944784fe5b2', '92b3a1cd-67de-49a6-bd1f-0944784fe5b2', 'c911d04f-2e30-426c-84da-5cc0e50de829', 'c911d04f-2e30-426c-84da-5cc0e50de829', 'c911d04f-2e30-426c-84da-5cc0e50de829', 'c911d04f-2e30-426c-84da-5cc0e50de829', 'c911d04f-2e30-426c-84da-5cc0e50de829', 'c911d04f-2e30-426c-84da-5cc0e50de829', 'c911d04f-2e30-426c-84da-5cc0e50de829', 'c911d04f-2e30-426c-84da-5cc0e50de829', 'c911d04f-2e30-426c-84da-5cc0e50de829', 'c911d04f-2e30-426c-84da-5cc0e50de829', 'e2771c7f-bc59-468e-8a3c-016b1f8141cd', 'e2771c7f-bc59-468e-8a3c-016b1f8141cd', 'e2771c7f-bc59-468e-8a3c-016b1f8141cd', 'e2771c7f-bc59-468e-8a3c-016b1f8141cd', 'e2771c7f-bc59-468e-8a3c-016b1f8141cd', 'e2771c7f-bc59-468e-8a3c-016b1f8141cd', 'e2771c7f-bc59-468e-8a3c-016b1f8141cd', 'e2771c7f-bc59-468e-8a3c-016b1f8141cd', 'e2771c7f-bc59-468e-8a3c-016b1f8141cd', 'e2771c7f-bc59-468e-8a3c-016b1f8141cd', 'e2771c7f-bc59-468e-8a3c-016b1f8141cd', '7c24082b-2b13-49e8-a1db-a1eb01b63d39', '7c24082b-2b13-49e8-a1db-a1eb01b63d39', '8274c05b-53df-4c40-9685-2c0a59bb9bcc', '8274c05b-53df-4c40-9685-2c0a59bb9bcc', '8274c05b-53df-4c40-9685-2c0a59bb9bcc', '8274c05b-53df-4c40-9685-2c0a59bb9bcc', 'f50384f6-625b-4816-8389-95cc3d09fbb9', 'f50384f6-625b-4816-8389-95cc3d09fbb9', 'f50384f6-625b-4816-8389-95cc3d09fbb9', 'f50384f6-625b-4816-8389-95cc3d09fbb9', 'f50384f6-625b-4816-8389-95cc3d09fbb9', 'f50384f6-625b-4816-8389-95cc3d09fbb9', '7482136c-76ac-4fe8-9eaf-5f8497efe505', '32047201-6a65-452d-ad6c-7583de92a6cd', '4bebc9fe-3af7-4b96-b65a-75bc177cab6a', 'f1d43e07-26e9-4ba5-a044-eba0ee30ac6a', '0f038ef9-4701-4f97-b3f7-533a7809721a', 'd192a986-fbc0-453a-9cff-43ae95b59fa4', '25bbe6bd-d4dc-4beb-afc7-a60698073486', '5fa836de-77eb-40dc-8ba4-ec25b21b1594', 'b2bb8e64-252e-4fac-be97-076b50e1486e', '92564fbb-5b16-4dc5-a2c6-726ee58b49ef']"
76afac8f-1ad1-4038-96c3-9a24ac5d0071,13,"['8c61a182-7437-4cc9-bf3e-f9a5c14fa3e9', '8c61a182-7437-4cc9-bf3e-f9a5c14fa3e9', '8c61a182-7437-4cc9-bf3e-f9a5c14fa3e9', '8c61a182-7437-4cc9-bf3e-f9a5c14fa3e9', '8c61a182-7437-4cc9-bf3e-f9a5c14fa3e9', '8c61a182-7437-4cc9-bf3e-f9a5c14fa3e9', '8c61a182-7437-4cc9-bf3e-f9a5c14fa3e9', '8c61a182-7437-4cc9-bf3e-f9a5c14fa3e9', '8c61a182-7437-4cc9-bf3e-f9a5c14fa3e9', '8c61a182-7437-4cc9-bf3e-f9a5c14fa3e9', '8c61a182-7437-4cc9-bf3e-f9a5c14fa3e9', '8c61a182-7437-4cc9-bf3e-f9a5c14fa3e9', '8c61a182-7437-4cc9-bf3e-f9a5c14fa3e9', '8c61a182-7437-4cc9-bf3e-f9a5c14fa3e9', '8c61a182-7437-4cc9-bf3e-f9a5c14fa3e9', '8c61a182-7437-4cc9-bf3e-f9a5c14fa3e9', '8c61a182-7437-4cc9-bf3e-f9a5c14fa3e9', '8c61a182-7437-4cc9-bf3e-f9a5c14fa3e9', '8c61a182-7437-4cc9-bf3e-f9a5c14fa3e9', '8c61a182-7437-4cc9-bf3e-f9a5c14fa3e9', '8c61a182-7437-4cc9-bf3e-f9a5c14fa3e9', '8c61a182-7437-4cc9-bf3e-f9a5c14fa3e9', '8c61a182-7437-4cc9-bf3e-f9a5c14fa3e9', '8c61a182-7437-4cc9-bf3e-f9a5c14fa3e9', '8c61a182-7437-4cc9-bf3e-f9a5c14fa3e9', '8c61a182-7437-4cc9-bf3e-f9a5c14fa3e9', '8c61a182-7437-4cc9-bf3e-f9a5c14fa3e9', '8c61a182-7437-4cc9-bf3e-f9a5c14fa3e9', '76e498b9-334a-435f-ba3b-5ac2d027686e', '76e498b9-334a-435f-ba3b-5ac2d027686e', '76e498b9-334a-435f-ba3b-5ac2d027686e', '76e498b9-334a-435f-ba3b-5ac2d027686e', '76e498b9-334a-435f-ba3b-5ac2d027686e', '76e498b9-334a-435f-ba3b-5ac2d027686e', '76e498b9-334a-435f-ba3b-5ac2d027686e', '76e498b9-334a-435f-ba3b-5ac2d027686e', '76e498b9-334a-435f-ba3b-5ac2d027686e', 'e8d44cd8-b37d-4e36-b4fa-37c7afe4e267', '93def16f-24a2-4e23-979f-6631879ec974', 'b8b3fcf5-ec52-43e3-bcee-65e02ad5c4ea', '1d7e355e-7a2d-4281-9566-0b8b7445de3c', 'e2af1c29-ae51-4ea9-a36a-61d10a01b213', '0cf31871-5d42-4f5a-bb57-2f5d790330ea', 'ba700064-0c73-4759-a665-c67954fef9d5', '4d998e3b-5902-44ae-a3a0-16075ebcd5f5', '793633a3-1740-412d-8e5f-52abb1c7154f', '6572aa91-d127-41a7-8a61-a24cec58df31', 'a0bcade4-92c0-46a3-b4f2-f3a63ddbeade', '5bf2b0cb-9124-4f28-bbc2-81f2815efac1', 'c7c67aa2-3838-4e57-a151-2dfc846e38a5']"
7930b5de-7763-45b4-b217-f7c66ea3fe81,3,"['5b9366e4-ca3e-49d6-a750-a9def93a38b4', '00f2455d-826c-4130-b003-84f93bf1cafa', '00f2455d-826c-4130-b003-84f93bf1cafa', '00f2455d-826c-4130-b003-84f93bf1cafa', '0752ed7e-8035-4fbe-9983-fc7c7f7774f0', '92b3a1cd-67de-49a6-bd1f-0944784fe5b2', 'c911d04f-2e30-426c-84da-5cc0e50de829', 'c911d04f-2e30-426c-84da-5cc0e50de829', 'c911d04f-2e30-426c-84da-5cc0e50de829', 'c911d04f-2e30-426c-84da-5cc0e50de829', 'c911d04f-2e30-426c-84da-5cc0e50de829', 'c911d04f-2e30-426c-84da-5cc0e50de829', 'c911d04f-2e30-426c-84da-5cc0e50de829', 'c911d04f-2e30-426c-84da-5cc0e50de829', 'c911d04f-2e30-426c-84da-5cc0e50de829', 'e2771c7f-bc59-468e-8a3c-016b1f8141cd', 'e2771c7f-bc59-468e-8a3c-016b1f8141cd', 'e2771c7f-bc59-468e-8a3c-016b1f8141cd', 'e2771c7f-bc59-468e-8a3c-016b1f8141cd', 'e2771c7f-bc59-468e-8a3c-016b1f8141cd', 'e2771c7f-bc59-468e-8a3c-016b1f8141cd', 'e2771c7f-bc59-468e-8a3c-016b1f8141cd', 'e2771c7f-bc59-468e-8a3c-016b1f8141cd', 'e2771c7f-bc59-468e-8a3c-016b1f8141cd', 'e2771c7f-bc59-468e-8a3c-016b1f8141cd', '7c24082b-2b13-49e8-a1db-a1eb01b63d39', '7c24082b-2b13-49e8-a1db-a1eb01b63d39', '8274c05b-53df-4c40-9685-2c0a59bb9bcc', '8274c05b-53df-4c40-9685-2c0a59bb9bcc', '8274c05b-53df-4c40-9685-2c0a59bb9bcc', '8274c05b-53df-4c40-9685-2c0a59bb9bcc', 'f50384f6-625b-4816-8389-95cc3d09fbb9', 'f50384f6-625b-4816-8389-95cc3d09fbb9', 'f50384f6-625b-4816-8389-95cc3d09fbb9', 'f50384f6-625b-4816-8389-95cc3d09fbb9', 'f50384f6-625b-4816-8389-95cc3d09fbb9', 'f50384f6-625b-4816-8389-95cc3d09fbb9', '32047201-6a65-452d-ad6c-7583de92a6cd', '4bebc9fe-3af7-4b96-b65a-75bc177cab6a', 'f1d43e07-26e9-4ba5-a044-eba0ee30ac6a', '0f038ef9-4701-4f97-b3f7-533a7809721a', 'd192a986-fbc0-453a-9cff-43ae95b59fa4', '25bbe6bd-d4dc-4beb-afc7-a60698073486', '5fa836de-77eb-40dc-8ba4-ec25b21b1594', 'b2bb8e64-252e-4fac-be97-076b50e1486e', '92564fbb-5b16-4dc5-a2c6-726ee58b49ef', '9c92a11b-bd00-4ba4-a6f1-e1f55b7e7367', '77d8d425-94cc-414d-a8ab-9006ad855a8f', '13c9f24b-5f5c-47ec-8c3f-1b9c271eab02', '438750a0-2c3d-4a9d-8a2e-3bb39c614d52']"
2cab4800-381f-42fc-86fb-b87d46b33ff9,12,"['bcdc1632-f148-4691-a83e-9f6af5c39453', '40be7348-1219-4f47-8727-1faa7c83266c', '40be7348-1219-4f47-8727-1faa7c83266c', '40be7348-1219-4f47-8727-1faa7c83266c', '40be7348-1219-4f47-8727-1faa7c83266c', '40be7348-1219-4f47-8727-1faa7c83266c', '40be7348-1219-4f47-8727-1faa7c83266c', '40be7348-1219-4f47-8727-1faa7c83266c', '40be7348-1219-4f47-8727-1faa7c83266c', '40be7348-1219-4f47-8727-1faa7c83266c', '40be7348-1219-4f47-8727-1faa7c83266c', '40be7348-1219-4f47-8727-1faa7c83266c', '40be7348-1219-4f47-8727-1faa7c83266c', '40be7348-1219-4f47-8727-1faa7c83266c', '40be7348-1219-4f47-8727-1faa7c83266c', '40be7348-1219-4f47-8727-1faa7c83266c', '40be7348-1219-4f47-8727-1faa7c83266c', '40be7348-1219-4f47-8727-1faa7c83266c', '40be7348-1219-4f47-8727-1faa7c83266c', '40be7348-1219-4f47-8727-1faa7c83266c', '40be7348-1219-4f47-8727-1faa7c83266c', '40be7348-1219-4f47-8727-1faa7c83266c', 'ab51ea3a-cefd-483d-8c83-605df49724ed', 'ab51ea3a-cefd-483d-8c83-605df49724ed', 'ab51ea3a-cefd-483d-8c83-605df49724ed', 'ab51ea3a-cefd-483d-8c83-605df49724ed', '8ca24678-deca-4f70-845c-b18417aff028', 'f02d23d6-a392-4524-abf6-c5c833dc9e5c', '59a0aa6d-6273-4b32-916d-469377867c07', '9e3b3f87-a059-4824-9d99-06d21a958fb4', '9e3b3f87-a059-4824-9d99-06d21a958fb4', '9e3b3f87-a059-4824-9d99-06d21a958fb4', '9e3b3f87-a059-4824-9d99-06d21a958fb4', 'b66b89ab-65bb-495c-b432-29ac34e8f1a7', 'd4327563-d35d-4805-ac63-3286fe57f6fa', 'eac543a5-b1ca-4745-bcf0-0031d7c2aac8', '684ff160-e707-4e65-b116-a56cee9b5754', '684ff160-e707-4e65-b116-a56cee9b5754', '5635c987-1f10-4657-ac16-6d1f3c97d841', 'fdf90b7b-9142-4b8a-a2f6-2e3af650704a', '57dd2b5b-8786-458b-b048-a1392126b082', 'f762a139-7ee8-4cf1-a31f-d90bfe0e3f15', '4a0162b0-0f03-442c-bd7c-f5fac1d86f99', '3aeec3a1-334c-453b-945c-20e65cfa5d16', 'ab01e728-4836-446a-ada7-ec0f7fa59656', '03bd8703-c4b5-43fb-bc57-ddeb5feb06a5', 'f027ab8c-2a42-4fe9-8d50-eb864765f275', 'aec02d00-4462-4d9c-aa0b-3249f52516e9', '2480b340-aac2-4a9e-adc2-d7accccc56fa', '6281302b-6aa4-433d-b550-c95bebc5f8ef']"
897fac4d-2ae7-4558-bd3c-9775c176f7bf,2,"['04e1315b-b2c9-4887-afda-9da3a0900695', '04e1315b-b2c9-4887-afda-9da3a0900695', '04e1315b-b2c9-4887-afda-9da3a0900695', '04e1315b-b2c9-4887-afda-9da3a0900695', '04e1315b-b2c9-4887-afda-9da3a0900695', '04e1315b-b2c9-4887-afda-9da3a0900695', '04e1315b-b2c9-4887-afda-9da3a0900695', '04e1315b-b2c9-4887-afda-9da3a0900695', '04e1315b-b2c9-4887-afda-9da3a0900695', '04e1315b-b2c9-4887-afda-9da3a0900695', '04e1315b-b2c9-4887-afda-9da3a0900695', '04e1315b-b2c9-4887-afda-9da3a0900695', '04e1315b-b2c9-4887-afda-9da3a0900695', '04e1315b-b2c9-4887-afda-9da3a0900695', '4feb28ed-b832-4758-80f1-98cbe36916b6', '63418bb8-cbf0-4659-bbb0-8edebac1eb4c', '78bbbf9d-013d-4745-9f3a-4f825f7054e5', '78bbbf9d-013d-4745-9f3a-4f825f7054e5', '7f99b818-f58e-49c1-ad8c-8c8d29b639e7', '7f99b818-f58e-49c1-ad8c-8c8d29b639e7', '7f99b818-f58e-49c1-ad8c-8c8d29b639e7', '7f99b818-f58e-49c1-ad8c-8c8d29b639e7', '7f99b818-f58e-49c1-ad8c-8c8d29b639e7', 'fe3dd266-b81e-4cfc-9b6c-92ef20b23e41', 'a0ea29e2-5f38-4fe2-ba13-0ed56a4cd3ae', 'a0ea29e2-5f38-4fe2-ba13-0ed56a4cd3ae', 'a0ea29e2-5f38-4fe2-ba13-0ed56a4cd3ae', '16b4e423-6a46-49a5-b11e-a828e7f63523', '16b4e423-6a46-49a5-b11e-a828e7f63523', '5e045996-387a-45a6-9735-b8c4c6ee28bb', 'a01cce91-3b93-48b1-b26d-445adc782289', 'a01cce91-3b93-48b1-b26d-445adc782289', 'a01cce91-3b93-48b1-b26d-445adc782289', 'a01cce91-3b93-48b1-b26d-445adc782289', 'a01cce91-3b93-48b1-b26d-445adc782289', 'a01cce91-3b93-48b1-b26d-445adc782289', '191e7fbc-26c1-4d5a-b865-2350fd06fb55', '3094ad54-1014-4b96-9641-a09ccf496ab0', '3094ad54-1014-4b96-9641-a09ccf496ab0', '3094ad54-1014-4b96-9641-a09ccf496ab0', '3094ad54-1014-4b96-9641-a09ccf496ab0', '3094ad54-1014-4b96-9641-a09ccf496ab0', '3094ad54-1014-4b96-9641-a09ccf496ab0', '92fd1030-8bdb-40f1-b6a0-1e8c18d4e556', 'a4383f96-6538-4ce5-b331-46efe93cbb60', '5f96cef6-3104-4d4d-8efe-95c1afa08e1b', 'ffa7a48f-58ea-4ab7-a327-595fffa19e47', '433223b9-fd20-471e-aea8-fcb706b4e76b', '863260c2-fd35-419d-b867-bd2eeb4171e5', 'e8748836-a7c2-4844-938f-c9be0c85efaf']"
76afac8f-1ad1-4038-96c3-9a24ac5d0071,14,"['8c61a182-7437-4cc9-bf3e-f9a5c14fa3e9', '8c61a182-7437-4cc9-bf3e-f9a5c14fa3e9', '8c61a182-7437-4cc9-bf3e-f9a5c14fa3e9', '8c61a182-7437-4cc9-bf3e-f9a5c14fa3e9', '8c61a182-7437-4cc9-bf3e-f9a5c14fa3e9', '8c61a182-7437-4cc9-bf3e-f9a5c14fa3e9', '8c61a182-7437-4cc9-bf3e-f9a5c14fa3e9', '8c61a182-7437-4cc9-bf3e-f9a5c14fa3e9', '8c61a182-7437-4cc9-bf3e-f9a5c14fa3e9', '8c61a182-7437-4cc9-bf3e-f9a5c14fa3e9', '8c61a182-7437-4cc9-bf3e-f9a5c14fa3e9', '8c61a182-7437-4cc9-bf3e-f9a5c14fa3e9', '8c61a182-7437-4cc9-bf3e-f9a5c14fa3e9', '8c61a182-7437-4cc9-bf3e-f9a5c14fa3e9', '8c61a182-7437-4cc9-bf3e-f9a5c14fa3e9', '8c61a182-7437-4cc9-bf3e-f9a5c14fa3e9', '8c61a182-7437-4cc9-bf3e-f9a5c14fa3e9', '8c61a182-7437-4cc9-bf3e-f9a5c14fa3e9', '8c61a182-7437-4cc9-bf3e-f9a5c14fa3e9', '8c61a182-7437-4cc9-bf3e-f9a5c14fa3e9', '8c61a182-7437-4cc9-bf3e-f9a5c14fa3e9', '8c61a182-7437-4cc9-bf3e-f9a5c14fa3e9', '8c61a182-7437-4cc9-bf3e-f9a5c14fa3e9', '8c61a182-7437-4cc9-bf3e-f9a5c14fa3e9', '76e498b9-334a-435f-ba3b-5ac2d027686e', '76e498b9-334a-435f-ba3b-5ac2d027686e', '76e498b9-334a-435f-ba3b-5ac2d027686e', '76e498b9-334a-435f-ba3b-5ac2d027686e', '76e498b9-334a-435f-ba3b-5ac2d027686e', '76e498b9-334a-435f-ba3b-5ac2d027686e', '76e498b9-334a-435f-ba3b-5ac2d027686e', '76e498b9-334a-435f-ba3b-5ac2d027686e', 'e8d44cd8-b37d-4e36-b4fa-37c7afe4e267', 'b8b3fcf5-ec52-43e3-bcee-65e02ad5c4ea', '1d7e355e-7a2d-4281-9566-0b8b7445de3c', '0cf31871-5d42-4f5a-bb57-2f5d790330ea', 'ba700064-0c73-4759-a665-c67954fef9d5', '4d998e3b-5902-44ae-a3a0-16075ebcd5f5', '793633a3-1740-412d-8e5f-52abb1c7154f', '6572aa91-d127-41a7-8a61-a24cec58df31', 'a0bcade4-92c0-46a3-b4f2-f3a63ddbeade', '5bf2b0cb-9124-4f28-bbc2-81f2815efac1', 'c7c67aa2-3838-4e57-a151-2dfc846e38a5', '8d5248db-f359-4b61-8652-ed9c7f2b797c', '0d504e61-396e-416d-8462-687b71b03210', 'cbb3b365-2b3f-4c59-9c02-f443b715fc6d', '2615608e-84ad-43d6-9ab0-00b55ec0af03', 'b73e8215-f0d8-43bc-a5dc-232408785bb7', 'f455daba-23d8-43e6-b74f-0e227ff4d277', '868c0135-d019-4b59-b409-3816a3225280']"
bacaea0b-0861-4d12-9ba2-931ab1f2f051,15,"['65452ba4-7a1d-4f10-9b4b-169d59c2e912', 'c0964a00-3ade-4f48-ae78-3072fa2e015e', 'c0964a00-3ade-4f48-ae78-3072fa2e015e', 'c0964a00-3ade-4f48-ae78-3072fa2e015e', 'c0964a00-3ade-4f48-ae78-3072fa2e015e', 'c0964a00-3ade-4f48-ae78-3072fa2e015e', 'c0964a00-3ade-4f48-ae78-3072fa2e015e', 'c0964a00-3ade-4f48-ae78-3072fa2e015e', 'c0964a00-3ade-4f48-ae78-3072fa2e015e', 'c0964a00-3ade-4f48-ae78-3072fa2e015e', 'c0964a00-3ade-4f48-ae78-3072fa2e015e', 'c0964a00-3ade-4f48-ae78-3072fa2e015e', 'c0964a00-3ade-4f48-ae78-3072fa2e015e', 'c0964a00-3ade-4f48-ae78-3072fa2e015e', 'c0964a00-3ade-4f48-ae78-3072fa2e015e', 'c0964a00-3ade-4f48-ae78-3072fa2e015e', '3fda8fb1-e39a-42e2-8d19-5d4f7b827a24', '11727773-72d8-4174-9104-f096c480628a', 'd9b9e389-9626-4a10-b11d-92b0021c75f1', 'f7528095-35b4-43c4-bfb2-1119fc884659', '108f0cd0-8946-4de2-9d28-6920fe619e21', '3c168851-60cc-481d-8a28-557ad258484e', '4888636c-d411-4edc-a94d-6ede3ddf7219', 'bab7e214-2fa8-4724-9714-fd60381fd7e6', '53423e2c-4eb7-43b4-9d12-8f5ae53e518e', '7c20e277-986b-45af-9b41-b09a74ad99f1', '98b06ab4-7374-422d-998b-3ca205d98d1a', 'b13f35b9-9cf9-4ecd-8f2e-7f020002777c', '1edb9c16-0346-477e-9327-477da58f516f', 'de7d80d3-ea2f-4db1-9a22-c82b8d22dc79', '559644bd-4e5f-4121-a87d-e41b66dc88b9', '4633c8a1-0953-486a-838f-c9fe167be585', 'f9192747-2bb3-464e-8463-a08f328ab61b', '501b054c-8033-4738-89d4-c3cbcb348f45', '02d86bd6-0114-4bea-b639-8aa07078a431', '8e774c35-0ff6-42bf-ae73-9c9a76e44529', '7cbaa99d-5d9f-40ea-8f17-3ffcd90a2968', '215936e6-72b9-4aa5-9084-2bc15e23fc5e', '3377029e-dcf0-42d7-a06a-53b727658ebf', '0e301a86-c86c-4a05-bb71-1ce10a618aa9', 'd09d1f7b-cfdf-4731-a02c-06bb74157933', 'e498e557-10e9-43e3-9279-ca188e9b7255', '02367bf3-6295-4b59-80b3-7aba54305eaa', 'c5113f16-db29-46d7-b277-3f92e5a1ca6b', '88a0f20d-06ca-428d-8be1-c2455dc2958f', 'c2500bbd-b5e7-4ea0-96a7-a98b63de88c7', '07010283-d187-415a-bd0e-9f09b23669c9', '2332faaf-b13e-46a8-8175-173f7ac9c4cb', 'a4016f85-05ec-4832-a98e-151246b49814', '07ce60df-8580-49da-8944-9c55c4aff711']"
2cab4800-381f-42fc-86fb-b87d46b33ff9,13,"['40be7348-1219-4f47-8727-1faa7c83266c', '40be7348-1219-4f47-8727-1faa7c83266c', '40be7348-1219-4f47-8727-1faa7c83266c', '40be7348-1219-4f47-8727-1faa7c83266c', '40be7348-1219-4f47-8727-1faa7c83266c', '40be7348-1219-4f47-8727-1faa7c83266c', '40be7348-1219-4f47-8727-1faa7c83266c', '40be7348-1219-4f47-8727-1faa7c83266c', '40be7348-1219-4f47-8727-1faa7c83266c', '40be7348-1219-4f47-8727-1faa7c83266c', '40be7348-1219-4f47-8727-1faa7c83266c', '40be7348-1219-4f47-8727-1faa7c83266c', '40be7348-1219-4f47-8727-1faa7c83266c', '40be7348-1219-4f47-8727-1faa7c83266c', '40be7348-1219-4f47-8727-1faa7c83266c', '40be7348-1219-4f47-8727-1faa7c83266c', '40be7348-1219-4f47-8727-1faa7c83266c', '40be7348-1219-4f47-8727-1faa7c83266c', '40be7348-1219-4f47-8727-1faa7c83266c', 'ab51ea3a-cefd-483d-8c83-605df49724ed', 'ab51ea3a-cefd-483d-8c83-605df49724ed', 'ab51ea3a-cefd-483d-8c83-605df49724ed', '59a0aa6d-6273-4b32-916d-469377867c07', '9e3b3f87-a059-4824-9d99-06d21a958fb4', '9e3b3f87-a059-4824-9d99-06d21a958fb4', '9e3b3f87-a059-4824-9d99-06d21a958fb4', '9e3b3f87-a059-4824-9d99-06d21a958fb4', '9e3b3f87-a059-4824-9d99-06d21a958fb4', '9e3b3f87-a059-4824-9d99-06d21a958fb4', '9e3b3f87-a059-4824-9d99-06d21a958fb4', '9e3b3f87-a059-4824-9d99-06d21a958fb4', '9e3b3f87-a059-4824-9d99-06d21a958fb4', '9e3b3f87-a059-4824-9d99-06d21a958fb4', '9e3b3f87-a059-4824-9d99-06d21a958fb4', '9e3b3f87-a059-4824-9d99-06d21a958fb4', 'd4327563-d35d-4805-ac63-3286fe57f6fa', '684ff160-e707-4e65-b116-a56cee9b5754', '5635c987-1f10-4657-ac16-6d1f3c97d841', '57dd2b5b-8786-458b-b048-a1392126b082', 'f027ab8c-2a42-4fe9-8d50-eb864765f275', 'f027ab8c-2a42-4fe9-8d50-eb864765f275', 'f027ab8c-2a42-4fe9-8d50-eb864765f275', 'f027ab8c-2a42-4fe9-8d50-eb864765f275', 'f027ab8c-2a42-4fe9-8d50-eb864765f275', 'f027ab8c-2a42-4fe9-8d50-eb864765f275', 'f027ab8c-2a42-4fe9-8d50-eb864765f275', 'ce6db82f-ad4f-4cba-82d3-2bcd5dcf0e1d', 'e9c494dd-6bbe-4a50-a887-aeaf576567be', '53e63633-3f3a-4184-809f-bea172b36b76', 'f4b0d2c9-7ded-4329-b99a-ffc08e69be40']"
7930b5de-7763-45b4-b217-f7c66ea3fe81,4,"['c911d04f-2e30-426c-84da-5cc0e50de829', 'c911d04f-2e30-426c-84da-5cc0e50de829', 'c911d04f-2e30-426c-84da-5cc0e50de829', 'c911d04f-2e30-426c-84da-5cc0e50de829', 'c911d04f-2e30-426c-84da-5cc0e50de829', 'c911d04f-2e30-426c-84da-5cc0e50de829', 'c911d04f-2e30-426c-84da-5cc0e50de829', 'c911d04f-2e30-426c-84da-5cc0e50de829', 'c911d04f-2e30-426c-84da-5cc0e50de829', 'e2771c7f-bc59-468e-8a3c-016b1f8141cd', 'e2771c7f-bc59-468e-8a3c-016b1f8141cd', 'e2771c7f-bc59-468e-8a3c-016b1f8141cd', 'e2771c7f-bc59-468e-8a3c-016b1f8141cd', 'e2771c7f-bc59-468e-8a3c-016b1f8141cd', 'e2771c7f-bc59-468e-8a3c-016b1f8141cd', 'e2771c7f-bc59-468e-8a3c-016b1f8141cd', 'e2771c7f-bc59-468e-8a3c-016b1f8141cd', 'e2771c7f-bc59-468e-8a3c-016b1f8141cd', 'e2771c7f-bc59-468e-8a3c-016b1f8141cd', '7c24082b-2b13-49e8-a1db-a1eb01b63d39', '8274c05b-53df-4c40-9685-2c0a59bb9bcc', 'f50384f6-625b-4816-8389-95cc3d09fbb9', 'f50384f6-625b-4816-8389-95cc3d09fbb9', 'f50384f6-625b-4816-8389-95cc3d09fbb9', '32047201-6a65-452d-ad6c-7583de92a6cd', '4bebc9fe-3af7-4b96-b65a-75bc177cab6a', '0f038ef9-4701-4f97-b3f7-533a7809721a', 'd192a986-fbc0-453a-9cff-43ae95b59fa4', 'd192a986-fbc0-453a-9cff-43ae95b59fa4', '9c92a11b-bd00-4ba4-a6f1-e1f55b7e7367', '9c92a11b-bd00-4ba4-a6f1-e1f55b7e7367', '9c92a11b-bd00-4ba4-a6f1-e1f55b7e7367', '9c92a11b-bd00-4ba4-a6f1-e1f55b7e7367', '9c92a11b-bd00-4ba4-a6f1-e1f55b7e7367', '13c9f24b-5f5c-47ec-8c3f-1b9c271eab02', '13c9f24b-5f5c-47ec-8c3f-1b9c271eab02', '13c9f24b-5f5c-47ec-8c3f-1b9c271eab02', '13c9f24b-5f5c-47ec-8c3f-1b9c271eab02', '13c9f24b-5f5c-47ec-8c3f-1b9c271eab02', '13c9f24b-5f5c-47ec-8c3f-1b9c271eab02', '13c9f24b-5f5c-47ec-8c3f-1b9c271eab02', '438750a0-2c3d-4a9d-8a2e-3bb39c614d52', '009b2a4e-e592-4f19-9145-0941f2fa33dd', '83d8e4f2-4470-42ae-b927-6ebe8430b3c1', 'af43e4f6-9516-4a44-b8c4-ee63eeb8779c', '8fad6c88-703b-4b3d-9b28-bad43964eb98', '4bc34bc2-5062-4eed-8ab6-6d8d08893042', '8b1ad327-3a9f-430d-9599-f92d8c49f747', 'f3a0ed6a-acb8-4aee-8cdd-a39056be275b', '7fe69b85-7caf-49d1-9ca6-b3a8a2d5977e']"
2cab4800-381f-42fc-86fb-b87d46b33ff9,14,"['40be7348-1219-4f47-8727-1faa7c83266c', '40be7348-1219-4f47-8727-1faa7c83266c', '40be7348-1219-4f47-8727-1faa7c83266c', '40be7348-1219-4f47-8727-1faa7c83266c', '40be7348-1219-4f47-8727-1faa7c83266c', '40be7348-1219-4f47-8727-1faa7c83266c', 'ab51ea3a-cefd-483d-8c83-605df49724ed', '9e3b3f87-a059-4824-9d99-06d21a958fb4', '9e3b3f87-a059-4824-9d99-06d21a958fb4', '9e3b3f87-a059-4824-9d99-06d21a958fb4', '9e3b3f87-a059-4824-9d99-06d21a958fb4', '9e3b3f87-a059-4824-9d99-06d21a958fb4', '9e3b3f87-a059-4824-9d99-06d21a958fb4', '9e3b3f87-a059-4824-9d99-06d21a958fb4', '9e3b3f87-a059-4824-9d99-06d21a958fb4', '9e3b3f87-a059-4824-9d99-06d21a958fb4', '9e3b3f87-a059-4824-9d99-06d21a958fb4', '9e3b3f87-a059-4824-9d99-06d21a958fb4', '9e3b3f87-a059-4824-9d99-06d21a958fb4', '9e3b3f87-a059-4824-9d99-06d21a958fb4', '9e3b3f87-a059-4824-9d99-06d21a958fb4', '9e3b3f87-a059-4824-9d99-06d21a958fb4', 'd4327563-d35d-4805-ac63-3286fe57f6fa', 'f027ab8c-2a42-4fe9-8d50-eb864765f275', 'f027ab8c-2a42-4fe9-8d50-eb864765f275', 'f027ab8c-2a42-4fe9-8d50-eb864765f275', 'f027ab8c-2a42-4fe9-8d50-eb864765f275', 'f027ab8c-2a42-4fe9-8d50-eb864765f275', 'f027ab8c-2a42-4fe9-8d50-eb864765f275', 'f027ab8c-2a42-4fe9-8d50-eb864765f275', 'f027ab8c-2a42-4fe9-8d50-eb864765f275', 'f027ab8c-2a42-4fe9-8d50-eb864765f275', 'f027ab8c-2a42-4fe9-8d50-eb864765f275', 'f027ab8c-2a42-4fe9-8d50-eb864765f275', 'f027ab8c-2a42-4fe9-8d50-eb864765f275', 'f027ab8c-2a42-4fe9-8d50-eb864765f275', 'f027ab8c-2a42-4fe9-8d50-eb864765f275', 'f027ab8c-2a42-4fe9-8d50-eb864765f275', 'f027ab8c-2a42-4fe9-8d50-eb864765f275', 'f027ab8c-2a42-4fe9-8d50-eb864765f275', 'f027ab8c-2a42-4fe9-8d50-eb864765f275', 'f027ab8c-2a42-4fe9-8d50-eb864765f275', 'f027ab8c-2a42-4fe9-8d50-eb864765f275', 'f027ab8c-2a42-4fe9-8d50-eb864765f275', 'f027ab8c-2a42-4fe9-8d50-eb864765f275', 'cba4bc5d-69a4-4218-aac9-3010b61dabe2', '3e6a9171-948b-4463-a20c-9272a503ed46', '423143da-4c57-4f3b-b615-dd08bebb9cc0', '216f7fbd-fb03-4e40-98f6-b7d70b759838', '346678de-1819-4151-8ed2-d9bd3e96b8b9']"
10578926-3b4e-48b9-bf54-17f8968e09ba,0,"['64ea0503-ff17-4b9f-a1e3-66d60815db2f', '64ea0503-ff17-4b9f-a1e3-66d60815db2f', '64ea0503-ff17-4b9f-a1e3-66d60815db2f', '64ea0503-ff17-4b9f-a1e3-66d60815db2f', '64ea0503-ff17-4b9f-a1e3-66d60815db2f', '64ea0503-ff17-4b9f-a1e3-66d60815db2f', '64ea0503-ff17-4b9f-a1e3-66d60815db2f', '64ea0503-ff17-4b9f-a1e3-66d60815db2f', '64ea0503-ff17-4b9f-a1e3-66d60815db2f', '64ea0503-ff17-4b9f-a1e3-66d60815db2f', '64ea0503-ff17-4b9f-a1e3-66d60815db2f', '64ea0503-ff17-4b9f-a1e3-66d60815db2f', '64ea0503-ff17-4b9f-a1e3-66d60815db2f', '64ea0503-ff17-4b9f-a1e3-66d60815db2f', '64ea0503-ff17-4b9f-a1e3-66d60815db2f', '64ea0503-ff17-4b9f-a1e3-66d60815db2f', '64ea0503-ff17-4b9f-a1e3-66d60815db2f', '64ea0503-ff17-4b9f-a1e3-66d60815db2f', '64ea0503-ff17-4b9f-a1e3-66d60815db2f', '64ea0503-ff17-4b9f-a1e3-66d60815db2f', '64ea0503-ff17-4b9f-a1e3-66d60815db2f', '64ea0503-ff17-4b9f-a1e3-66d60815db2f', '64ea0503-ff17-4b9f-a1e3-66d60815db2f', '64ea0503-ff17-4b9f-a1e3-66d60815db2f', '64ea0503-ff17-4b9f-a1e3-66d60815db2f', '64ea0503-ff17-4b9f-a1e3-66d60815db2f', '64ea0503-ff17-4b9f-a1e3-66d60815db2f', '64ea0503-ff17-4b9f-a1e3-66d60815db2f', '64ea0503-ff17-4b9f-a1e3-66d60815db2f', '64ea0503-ff17-4b9f-a1e3-66d60815db2f', '64ea0503-ff17-4b9f-a1e3-66d60815db2f', '64ea0503-ff17-4b9f-a1e3-66d60815db2f', '64ea0503-ff17-4b9f-a1e3-66d60815db2f', '64ea0503-ff17-4b9f-a1e3-66d60815db2f', '64ea0503-ff17-4b9f-a1e3-66d60815db2f', '64ea0503-ff17-4b9f-a1e3-66d60815db2f', '64ea0503-ff17-4b9f-a1e3-66d60815db2f', '64ea0503-ff17-4b9f-a1e3-66d60815db2f', '64ea0503-ff17-4b9f-a1e3-66d60815db2f', '64ea0503-ff17-4b9f-a1e3-66d60815db2f', '64ea0503-ff17-4b9f-a1e3-66d60815db2f', '64ea0503-ff17-4b9f-a1e3-66d60815db2f', '64ea0503-ff17-4b9f-a1e3-66d60815db2f', '64ea0503-ff17-4b9f-a1e3-66d60815db2f', '64ea0503-ff17-4b9f-a1e3-66d60815db2f', '64ea0503-ff17-4b9f-a1e3-66d60815db2f', '64ea0503-ff17-4b9f-a1e3-66d60815db2f', '64ea0503-ff17-4b9f-a1e3-66d60815db2f', '64ea0503-ff17-4b9f-a1e3-66d60815db2f', '64ea0503-ff17-4b9f-a1e3-66d60815db2f']"
76afac8f-1ad1-4038-96c3-9a24ac5d0071,15,"['8c61a182-7437-4cc9-bf3e-f9a5c14fa3e9', '8c61a182-7437-4cc9-bf3e-f9a5c14fa3e9', '8c61a182-7437-4cc9-bf3e-f9a5c14fa3e9', '8c61a182-7437-4cc9-bf3e-f9a5c14fa3e9', '8c61a182-7437-4cc9-bf3e-f9a5c14fa3e9', '8c61a182-7437-4cc9-bf3e-f9a5c14fa3e9', '8c61a182-7437-4cc9-bf3e-f9a5c14fa3e9', '8c61a182-7437-4cc9-bf3e-f9a5c14fa3e9', '8c61a182-7437-4cc9-bf3e-f9a5c14fa3e9', '8c61a182-7437-4cc9-bf3e-f9a5c14fa3e9', '8c61a182-7437-4cc9-bf3e-f9a5c14fa3e9', '8c61a182-7437-4cc9-bf3e-f9a5c14fa3e9', '8c61a182-7437-4cc9-bf3e-f9a5c14fa3e9', '8c61a182-7437-4cc9-bf3e-f9a5c14fa3e9', '8c61a182-7437-4cc9-bf3e-f9a5c14fa3e9', '8c61a182-7437-4cc9-bf3e-f9a5c14fa3e9', '8c61a182-7437-4cc9-bf3e-f9a5c14fa3e9', '8c61a182-7437-4cc9-bf3e-f9a5c14fa3e9', '8c61a182-7437-4cc9-bf3e-f9a5c14fa3e9', '8c61a182-7437-4cc9-bf3e-f9a5c14fa3e9', '8c61a182-7437-4cc9-bf3e-f9a5c14fa3e9', '8c61a182-7437-4cc9-bf3e-f9a5c14fa3e9', '76e498b9-334a-435f-ba3b-5ac2d027686e', '76e498b9-334a-435f-ba3b-5ac2d027686e', '76e498b9-334a-435f-ba3b-5ac2d027686e', '76e498b9-334a-435f-ba3b-5ac2d027686e', '76e498b9-334a-435f-ba3b-5ac2d027686e', 'e8d44cd8-b37d-4e36-b4fa-37c7afe4e267', 'b8b3fcf5-ec52-43e3-bcee-65e02ad5c4ea', '1d7e355e-7a2d-4281-9566-0b8b7445de3c', '0cf31871-5d42-4f5a-bb57-2f5d790330ea', 'ba700064-0c73-4759-a665-c67954fef9d5', '4d998e3b-5902-44ae-a3a0-16075ebcd5f5', 'a0bcade4-92c0-46a3-b4f2-f3a63ddbeade', '5bf2b0cb-9124-4f28-bbc2-81f2815efac1', 'c7c67aa2-3838-4e57-a151-2dfc846e38a5', '8d5248db-f359-4b61-8652-ed9c7f2b797c', 'cbb3b365-2b3f-4c59-9c02-f443b715fc6d', '2615608e-84ad-43d6-9ab0-00b55ec0af03', 'f455daba-23d8-43e6-b74f-0e227ff4d277', '868c0135-d019-4b59-b409-3816a3225280', 'ea9677b8-c8f9-4054-9a03-e8eea760faa2', '8e833c08-9461-4781-9767-3431ccd870cc', '5dd835e1-ec19-4092-8b30-9f5f84f0c7b0', 'ee40cd6c-39c7-4679-8788-1160410b3328', '554231c5-a9d8-4626-a648-b43130cac0e3', 'f63bc96f-b3fb-48f1-bfde-aeac35be9c8f', '1ff0861a-2792-4ed0-9596-adefa7f08eca', '4e3aa6f0-8d93-4153-a85b-d04e36d0f1a2', 'd78034a2-34b2-4d38-80ff-d3a87914fa00']"
897fac4d-2ae7-4558-bd3c-9775c176f7bf,3,"['04e1315b-b2c9-4887-afda-9da3a0900695', '04e1315b-b2c9-4887-afda-9da3a0900695', '04e1315b-b2c9-4887-afda-9da3a0900695', '04e1315b-b2c9-4887-afda-9da3a0900695', '04e1315b-b2c9-4887-afda-9da3a0900695', '04e1315b-b2c9-4887-afda-9da3a0900695', '04e1315b-b2c9-4887-afda-9da3a0900695', '04e1315b-b2c9-4887-afda-9da3a0900695', '04e1315b-b2c9-4887-afda-9da3a0900695', '7f99b818-f58e-49c1-ad8c-8c8d29b639e7', 'a0ea29e2-5f38-4fe2-ba13-0ed56a4cd3ae', 'a01cce91-3b93-48b1-b26d-445adc782289', 'a01cce91-3b93-48b1-b26d-445adc782289', '3094ad54-1014-4b96-9641-a09ccf496ab0', '92fd1030-8bdb-40f1-b6a0-1e8c18d4e556', '92fd1030-8bdb-40f1-b6a0-1e8c18d4e556', '92fd1030-8bdb-40f1-b6a0-1e8c18d4e556', '92fd1030-8bdb-40f1-b6a0-1e8c18d4e556', '92fd1030-8bdb-40f1-b6a0-1e8c18d4e556', 'a4383f96-6538-4ce5-b331-46efe93cbb60', '5f96cef6-3104-4d4d-8efe-95c1afa08e1b', 'ffa7a48f-58ea-4ab7-a327-595fffa19e47', 'e8748836-a7c2-4844-938f-c9be0c85efaf', 'e8748836-a7c2-4844-938f-c9be0c85efaf', 'e8748836-a7c2-4844-938f-c9be0c85efaf', 'e8748836-a7c2-4844-938f-c9be0c85efaf', 'e8748836-a7c2-4844-938f-c9be0c85efaf', 'e8748836-a7c2-4844-938f-c9be0c85efaf', 'e8748836-a7c2-4844-938f-c9be0c85efaf', 'e8748836-a7c2-4844-938f-c9be0c85efaf', 'e8748836-a7c2-4844-938f-c9be0c85efaf', 'e8748836-a7c2-4844-938f-c9be0c85efaf', 'e8748836-a7c2-4844-938f-c9be0c85efaf', 'e8748836-a7c2-4844-938f-c9be0c85efaf', 'e8748836-a7c2-4844-938f-c9be0c85efaf', 'e8748836-a7c2-4844-938f-c9be0c85efaf', 'e8748836-a7c2-4844-938f-c9be0c85efaf', '9e5ba989-8f1d-47f6-92c7-aada71a06696', 'ca08fd9a-484b-474e-867e-63e270182595', '96869ad6-e3e9-424e-b65f-7b011a388546', '9f035163-ddb2-4332-9f3d-b54d153e359c', '8dde2778-ae61-411b-bafa-2c365981e515', '15baeca4-830a-4811-8d94-616ca15c971d', '98cdd754-18ea-4754-b0d0-a6cfab307a36', '27bb5314-58c4-49ab-acc9-f62d97d8603e', '114d57ca-c43f-4d63-b91d-f4845f37aa3f', '7c821159-729f-46bf-b402-8ec2eba6dd8e', '31b23b0e-eafb-45f3-bbe7-d5a5af491913', 'd219e318-ecac-4c88-9934-e9cc3ec6111c', '1684892b-e9c0-4ee6-97f7-23fcca5b02c7']"
7930b5de-7763-45b4-b217-f7c66ea3fe81,5,"['c911d04f-2e30-426c-84da-5cc0e50de829', 'c911d04f-2e30-426c-84da-5cc0e50de829', 'c911d04f-2e30-426c-84da-5cc0e50de829', 'e2771c7f-bc59-468e-8a3c-016b1f8141cd', 'e2771c7f-bc59-468e-8a3c-016b1f8141cd', 'f50384f6-625b-4816-8389-95cc3d09fbb9', 'd192a986-fbc0-453a-9cff-43ae95b59fa4', 'd192a986-fbc0-453a-9cff-43ae95b59fa4', '9c92a11b-bd00-4ba4-a6f1-e1f55b7e7367', '9c92a11b-bd00-4ba4-a6f1-e1f55b7e7367', '9c92a11b-bd00-4ba4-a6f1-e1f55b7e7367', '9c92a11b-bd00-4ba4-a6f1-e1f55b7e7367', '9c92a11b-bd00-4ba4-a6f1-e1f55b7e7367', '9c92a11b-bd00-4ba4-a6f1-e1f55b7e7367', '13c9f24b-5f5c-47ec-8c3f-1b9c271eab02', '13c9f24b-5f5c-47ec-8c3f-1b9c271eab02', '13c9f24b-5f5c-47ec-8c3f-1b9c271eab02', '13c9f24b-5f5c-47ec-8c3f-1b9c271eab02', '13c9f24b-5f5c-47ec-8c3f-1b9c271eab02', '13c9f24b-5f5c-47ec-8c3f-1b9c271eab02', '13c9f24b-5f5c-47ec-8c3f-1b9c271eab02', '13c9f24b-5f5c-47ec-8c3f-1b9c271eab02', '13c9f24b-5f5c-47ec-8c3f-1b9c271eab02', '13c9f24b-5f5c-47ec-8c3f-1b9c271eab02', '13c9f24b-5f5c-47ec-8c3f-1b9c271eab02', '13c9f24b-5f5c-47ec-8c3f-1b9c271eab02', '13c9f24b-5f5c-47ec-8c3f-1b9c271eab02', '13c9f24b-5f5c-47ec-8c3f-1b9c271eab02', '009b2a4e-e592-4f19-9145-0941f2fa33dd', '009b2a4e-e592-4f19-9145-0941f2fa33dd', '009b2a4e-e592-4f19-9145-0941f2fa33dd', '009b2a4e-e592-4f19-9145-0941f2fa33dd', '009b2a4e-e592-4f19-9145-0941f2fa33dd', '009b2a4e-e592-4f19-9145-0941f2fa33dd', '83d8e4f2-4470-42ae-b927-6ebe8430b3c1', '4bc34bc2-5062-4eed-8ab6-6d8d08893042', '4bc34bc2-5062-4eed-8ab6-6d8d08893042', '4bc34bc2-5062-4eed-8ab6-6d8d08893042', 'f3a0ed6a-acb8-4aee-8cdd-a39056be275b', '7fe69b85-7caf-49d1-9ca6-b3a8a2d5977e', '49f2e260-86f3-4c68-bae0-6b45d92a8ab4', '3cb260b4-6b43-4d96-86d0-e66444063a26', 'd9da7e90-673c-4f6e-9a0d-2f4e63e83fb1', '5c06cb6e-75c7-4530-8783-617464a0a22a', 'ddb28d2c-9547-4735-b758-7039a7ff2c8a', 'ed1188b1-ee09-4136-bb6f-63dae959b597', '5776a4a3-5f4e-4c3a-97b8-fb6c51ab4324', 'a03ae772-555c-42db-a99f-7e6d710daea3', '001907d0-e488-4dc5-a6ee-453321ef57e6', '3a2b8c21-c283-4193-9bbf-050c86baf4e7']"
10578926-3b4e-48b9-bf54-17f8968e09ba,1,"['64ea0503-ff17-4b9f-a1e3-66d60815db2f', '64ea0503-ff17-4b9f-a1e3-66d60815db2f', '64ea0503-ff17-4b9f-a1e3-66d60815db2f', '64ea0503-ff17-4b9f-a1e3-66d60815db2f', '64ea0503-ff17-4b9f-a1e3-66d60815db2f', '64ea0503-ff17-4b9f-a1e3-66d60815db2f', '64ea0503-ff17-4b9f-a1e3-66d60815db2f', '64ea0503-ff17-4b9f-a1e3-66d60815db2f', '64ea0503-ff17-4b9f-a1e3-66d60815db2f', '64ea0503-ff17-4b9f-a1e3-66d60815db2f', '64ea0503-ff17-4b9f-a1e3-66d60815db2f', '64ea0503-ff17-4b9f-a1e3-66d60815db2f', '64ea0503-ff17-4b9f-a1e3-66d60815db2f', '64ea0503-ff17-4b9f-a1e3-66d60815db2f', '64ea0503-ff17-4b9f-a1e3-66d60815db2f', '64ea0503-ff17-4b9f-a1e3-66d60815db2f', '64ea0503-ff17-4b9f-a1e3-66d60815db2f', '64ea0503-ff17-4b9f-a1e3-66d60815db2f', '64ea0503-ff17-4b9f-a1e3-66d60815db2f', '64ea0503-ff17-4b9f-a1e3-66d60815db2f', '64ea0503-ff17-4b9f-a1e3-66d60815db2f', '64ea0503-ff17-4b9f-a1e3-66d60815db2f', '64ea0503-ff17-4b9f-a1e3-66d60815db2f', '64ea0503-ff17-4b9f-a1e3-66d60815db2f', '64ea0503-ff17-4b9f-a1e3-66d60815db2f', '64ea0503-ff17-4b9f-a1e3-66d60815db2f', '64ea0503-ff17-4b9f-a1e3-66d60815db2f', '64ea0503-ff17-4b9f-a1e3-66d60815db2f', '64ea0503-ff17-4b9f-a1e3-66d60815db2f', '64ea0503-ff17-4b9f-a1e3-66d60815db2f', '64ea0503-ff17-4b9f-a1e3-66d60815db2f', '64ea0503-ff17-4b9f-a1e3-66d60815db2f', '64ea0503-ff17-4b9f-a1e3-66d60815db2f', '64ea0503-ff17-4b9f-a1e3-66d60815db2f', '64ea0503-ff17-4b9f-a1e3-66d60815db2f', '64ea0503-ff17-4b9f-a1e3-66d60815db2f', '64ea0503-ff17-4b9f-a1e3-66d60815db2f', '64ea0503-ff17-4b9f-a1e3-66d60815db2f', '64ea0503-ff17-4b9f-a1e3-66d60815db2f', '64ea0503-ff17-4b9f-a1e3-66d60815db2f', '64ea0503-ff17-4b9f-a1e3-66d60815db2f', '64ea0503-ff17-4b9f-a1e3-66d60815db2f', '64ea0503-ff17-4b9f-a1e3-66d60815db2f', 'b9525d53-be6b-40c9-8198-c67307e2b902', '02b6bcc3-1838-4854-83a9-54c58f2b8940', '7f88c28c-cd0b-4fde-acd8-52ef5a252a5b', '5453f932-0ec8-47db-b18f-cb5f6d0be564', '02f9433e-93c9-4c55-82a1-331687bae69a', 'b3af8454-8640-4a76-b6c6-621a046e5f69', 'e58613a5-ee5f-45a5-aa6d-4bf380f9ca9d']"
897fac4d-2ae7-4558-bd3c-9775c176f7bf,4,"['04e1315b-b2c9-4887-afda-9da3a0900695', '92fd1030-8bdb-40f1-b6a0-1e8c18d4e556', '92fd1030-8bdb-40f1-b6a0-1e8c18d4e556', '92fd1030-8bdb-40f1-b6a0-1e8c18d4e556', 'e8748836-a7c2-4844-938f-c9be0c85efaf', 'e8748836-a7c2-4844-938f-c9be0c85efaf', 'e8748836-a7c2-4844-938f-c9be0c85efaf', 'e8748836-a7c2-4844-938f-c9be0c85efaf', 'e8748836-a7c2-4844-938f-c9be0c85efaf', 'e8748836-a7c2-4844-938f-c9be0c85efaf', 'e8748836-a7c2-4844-938f-c9be0c85efaf', 'e8748836-a7c2-4844-938f-c9be0c85efaf', 'e8748836-a7c2-4844-938f-c9be0c85efaf', 'e8748836-a7c2-4844-938f-c9be0c85efaf', 'e8748836-a7c2-4844-938f-c9be0c85efaf', 'e8748836-a7c2-4844-938f-c9be0c85efaf', 'e8748836-a7c2-4844-938f-c9be0c85efaf', 'e8748836-a7c2-4844-938f-c9be0c85efaf', 'e8748836-a7c2-4844-938f-c9be0c85efaf', 'e8748836-a7c2-4844-938f-c9be0c85efaf', 'e8748836-a7c2-4844-938f-c9be0c85efaf', 'e8748836-a7c2-4844-938f-c9be0c85efaf', 'e8748836-a7c2-4844-938f-c9be0c85efaf', 'e8748836-a7c2-4844-938f-c9be0c85efaf', 'e8748836-a7c2-4844-938f-c9be0c85efaf', 'e8748836-a7c2-4844-938f-c9be0c85efaf', 'e8748836-a7c2-4844-938f-c9be0c85efaf', 'e8748836-a7c2-4844-938f-c9be0c85efaf', 'e8748836-a7c2-4844-938f-c9be0c85efaf', 'e8748836-a7c2-4844-938f-c9be0c85efaf', 'e8748836-a7c2-4844-938f-c9be0c85efaf', 'e8748836-a7c2-4844-938f-c9be0c85efaf', 'e8748836-a7c2-4844-938f-c9be0c85efaf', 'e8748836-a7c2-4844-938f-c9be0c85efaf', 'e8748836-a7c2-4844-938f-c9be0c85efaf', '96869ad6-e3e9-424e-b65f-7b011a388546', '27bb5314-58c4-49ab-acc9-f62d97d8603e', '27bb5314-58c4-49ab-acc9-f62d97d8603e', '27bb5314-58c4-49ab-acc9-f62d97d8603e', '1684892b-e9c0-4ee6-97f7-23fcca5b02c7', '2e1d77f0-38f3-444d-af23-395ff74d6be0', 'd4dc4bc9-fa76-4688-81d7-e5c3c9fe3f21', 'b5db38ae-f298-4063-850e-1015e2c0a154', '8b3ceb97-b91b-4d5e-b226-0572fd59cf69', 'c6bd7d4f-65ed-4066-8b2c-d1ee704da94a', '14a972c8-f0bb-447c-b206-f9c460553c0c', 'f005d120-a6b2-45b8-afef-406dab4d315b', '2a162e16-93ba-4a42-84ed-0def77414f5c', '2a40444c-feb2-4f94-83a5-b4cb49a766e2', '4cc79eed-fb5d-4148-bb2b-c13831d96526']"
2cab4800-381f-42fc-86fb-b87d46b33ff9,15,"['40be7348-1219-4f47-8727-1faa7c83266c', '40be7348-1219-4f47-8727-1faa7c83266c', '40be7348-1219-4f47-8727-1faa7c83266c', '40be7348-1219-4f47-8727-1faa7c83266c', 'ab51ea3a-cefd-483d-8c83-605df49724ed', '9e3b3f87-a059-4824-9d99-06d21a958fb4', '9e3b3f87-a059-4824-9d99-06d21a958fb4', '9e3b3f87-a059-4824-9d99-06d21a958fb4', '9e3b3f87-a059-4824-9d99-06d21a958fb4', '9e3b3f87-a059-4824-9d99-06d21a958fb4', '9e3b3f87-a059-4824-9d99-06d21a958fb4', '9e3b3f87-a059-4824-9d99-06d21a958fb4', '9e3b3f87-a059-4824-9d99-06d21a958fb4', '9e3b3f87-a059-4824-9d99-06d21a958fb4', '9e3b3f87-a059-4824-9d99-06d21a958fb4', '9e3b3f87-a059-4824-9d99-06d21a958fb4', '9e3b3f87-a059-4824-9d99-06d21a958fb4', 'd4327563-d35d-4805-ac63-3286fe57f6fa', 'f027ab8c-2a42-4fe9-8d50-eb864765f275', 'f027ab8c-2a42-4fe9-8d50-eb864765f275', 'f027ab8c-2a42-4fe9-8d50-eb864765f275', 'f027ab8c-2a42-4fe9-8d50-eb864765f275', 'f027ab8c-2a42-4fe9-8d50-eb864765f275', 'f027ab8c-2a42-4fe9-8d50-eb864765f275', 'f027ab8c-2a42-4fe9-8d50-eb864765f275', 'f027ab8c-2a42-4fe9-8d50-eb864765f275', 'f027ab8c-2a42-4fe9-8d50-eb864765f275', 'f027ab8c-2a42-4fe9-8d50-eb864765f275', 'f027ab8c-2a42-4fe9-8d50-eb864765f275', 'f027ab8c-2a42-4fe9-8d50-eb864765f275', 'cba4bc5d-69a4-4218-aac9-3010b61dabe2', '423143da-4c57-4f3b-b615-dd08bebb9cc0', '216f7fbd-fb03-4e40-98f6-b7d70b759838', '346678de-1819-4151-8ed2-d9bd3e96b8b9', '6338fc8f-371a-43c9-b4d8-605af9c50bd1', '913460eb-d070-48c6-b5d1-d249315dcec7', 'c51cfb73-e991-4cdf-b287-a9aee5705048', 'd20f0bbc-305f-48ac-b394-be7bd534ee30', '5e426a68-5487-4178-8b32-a1ebbcdda11e', '6706a779-8de7-475e-9387-38b3a8d10459', 'b02d1fd9-1a0c-4b6d-a76e-116f06551615', 'd36052b0-b8d2-412e-b11c-50657cd1780f', '3a025dee-892d-4166-8b1f-c678e8f543a2', '5a101a72-a324-4eba-aced-190352d16950', 'aa6027af-3684-4cf7-aec7-7960e13ddcd4', '157e01c6-b674-4f3e-b1a7-c12ea81fd74e', '9ab0a72e-0c09-42b4-af15-1ccf26f923b3', '8d3fe802-f73b-43b3-886a-402dcdc19cdb', 'f5950074-b9f7-44ba-8444-4f4e035e9dc1', '2886ec7d-6024-4a52-ad86-eb66457cdbe0']"
10578926-3b4e-48b9-bf54-17f8968e09ba,2,"['b9525d53-be6b-40c9-8198-c67307e2b902', 'b9525d53-be6b-40c9-8198-c67307e2b902', 'b9525d53-be6b-40c9-8198-c67307e2b902', 'b9525d53-be6b-40c9-8198-c67307e2b902', 'b9525d53-be6b-40c9-8198-c67307e2b902', 'b9525d53-be6b-40c9-8198-c67307e2b902', 'b9525d53-be6b-40c9-8198-c67307e2b902', 'b9525d53-be6b-40c9-8198-c67307e2b902', '02b6bcc3-1838-4854-83a9-54c58f2b8940', '02b6bcc3-1838-4854-83a9-54c58f2b8940', '02b6bcc3-1838-4854-83a9-54c58f2b8940', '02b6bcc3-1838-4854-83a9-54c58f2b8940', '02b6bcc3-1838-4854-83a9-54c58f2b8940', '02b6bcc3-1838-4854-83a9-54c58f2b8940', '02b6bcc3-1838-4854-83a9-54c58f2b8940', '02b6bcc3-1838-4854-83a9-54c58f2b8940', '02b6bcc3-1838-4854-83a9-54c58f2b8940', '02b6bcc3-1838-4854-83a9-54c58f2b8940', '02b6bcc3-1838-4854-83a9-54c58f2b8940', '02b6bcc3-1838-4854-83a9-54c58f2b8940', '7f88c28c-cd0b-4fde-acd8-52ef5a252a5b', '7f88c28c-cd0b-4fde-acd8-52ef5a252a5b', '5453f932-0ec8-47db-b18f-cb5f6d0be564', '5453f932-0ec8-47db-b18f-cb5f6d0be564', '5453f932-0ec8-47db-b18f-cb5f6d0be564', '5453f932-0ec8-47db-b18f-cb5f6d0be564', '02f9433e-93c9-4c55-82a1-331687bae69a', '02f9433e-93c9-4c55-82a1-331687bae69a', '02f9433e-93c9-4c55-82a1-331687bae69a', 'b3af8454-8640-4a76-b6c6-621a046e5f69', 'b3af8454-8640-4a76-b6c6-621a046e5f69', 'b3af8454-8640-4a76-b6c6-621a046e5f69', 'b3af8454-8640-4a76-b6c6-621a046e5f69', 'b3af8454-8640-4a76-b6c6-621a046e5f69', 'b3af8454-8640-4a76-b6c6-621a046e5f69', 'b3af8454-8640-4a76-b6c6-621a046e5f69', 'b3af8454-8640-4a76-b6c6-621a046e5f69', 'b3af8454-8640-4a76-b6c6-621a046e5f69', 'b3af8454-8640-4a76-b6c6-621a046e5f69', 'b3af8454-8640-4a76-b6c6-621a046e5f69', '24880643-1978-44f9-a44f-925f33d73520', '26074cfb-7479-44ab-a564-5ed0b2d638cc', '3bf580a3-8f22-45d3-8dd1-4271983c1259', 'cf96b193-2943-48dc-999f-d4a2539d741b', 'fe552c5e-9656-4735-8acb-a62412c50f89', '16c243a0-7512-4121-8e3b-8b2c0787f647', '73d174b7-1b9f-4fe1-8501-5d573a877087', '5411e7ca-9372-440e-a9e9-d6d909515711', 'cc8b5266-0d2a-4109-aeae-427262b3104a', '7393a7fa-c6d9-4143-91c2-dbf6010a6448']"
7930b5de-7763-45b4-b217-f7c66ea3fe81,6,"['9c92a11b-bd00-4ba4-a6f1-e1f55b7e7367', '9c92a11b-bd00-4ba4-a6f1-e1f55b7e7367', '9c92a11b-bd00-4ba4-a6f1-e1f55b7e7367', '9c92a11b-bd00-4ba4-a6f1-e1f55b7e7367', '13c9f24b-5f5c-47ec-8c3f-1b9c271eab02', '13c9f24b-5f5c-47ec-8c3f-1b9c271eab02', '13c9f24b-5f5c-47ec-8c3f-1b9c271eab02', '13c9f24b-5f5c-47ec-8c3f-1b9c271eab02', '13c9f24b-5f5c-47ec-8c3f-1b9c271eab02', '13c9f24b-5f5c-47ec-8c3f-1b9c271eab02', '13c9f24b-5f5c-47ec-8c3f-1b9c271eab02', '13c9f24b-5f5c-47ec-8c3f-1b9c271eab02', '13c9f24b-5f5c-47ec-8c3f-1b9c271eab02', '13c9f24b-5f5c-47ec-8c3f-1b9c271eab02', '13c9f24b-5f5c-47ec-8c3f-1b9c271eab02', '13c9f24b-5f5c-47ec-8c3f-1b9c271eab02', '13c9f24b-5f5c-47ec-8c3f-1b9c271eab02', '009b2a4e-e592-4f19-9145-0941f2fa33dd', '009b2a4e-e592-4f19-9145-0941f2fa33dd', '009b2a4e-e592-4f19-9145-0941f2fa33dd', '009b2a4e-e592-4f19-9145-0941f2fa33dd', '009b2a4e-e592-4f19-9145-0941f2fa33dd', '009b2a4e-e592-4f19-9145-0941f2fa33dd', '009b2a4e-e592-4f19-9145-0941f2fa33dd', '009b2a4e-e592-4f19-9145-0941f2fa33dd', '009b2a4e-e592-4f19-9145-0941f2fa33dd', '009b2a4e-e592-4f19-9145-0941f2fa33dd', '009b2a4e-e592-4f19-9145-0941f2fa33dd', '009b2a4e-e592-4f19-9145-0941f2fa33dd', '009b2a4e-e592-4f19-9145-0941f2fa33dd', '009b2a4e-e592-4f19-9145-0941f2fa33dd', '009b2a4e-e592-4f19-9145-0941f2fa33dd', '009b2a4e-e592-4f19-9145-0941f2fa33dd', '009b2a4e-e592-4f19-9145-0941f2fa33dd', '4bc34bc2-5062-4eed-8ab6-6d8d08893042', '4bc34bc2-5062-4eed-8ab6-6d8d08893042', 'f3a0ed6a-acb8-4aee-8cdd-a39056be275b', '0f5def93-db76-4541-bfb9-87d8f5ef861b', '34052314-738d-48e8-8bec-8d2693bf176b', '6b10ca72-a54c-487f-8856-536265fac9f5', '43ebdd8c-c414-4dd1-9cb7-a719e88938d5', 'fbbcc73b-4001-4205-8c6a-df4f6731aba4', '869bb00b-b90b-4532-bf8f-f16dd918de9b', 'e4d1690d-5335-4e64-a70c-8e9ebf4a23c5', '76f79ca4-a49b-4273-96ad-6bcd88c3f0af', '3ce401ed-0860-4b0d-a803-bae56c6c6213', '0cd0df92-adf9-419a-ada6-3400e73f50e4', '884c794c-84c2-43b9-90bb-934288d14c1b', 'b8958a31-423a-4a05-9f67-600e6bcc8736', '3a4558e2-16fc-45b9-ad47-a57d86d8aec6']"
897fac4d-2ae7-4558-bd3c-9775c176f7bf,5,"['04e1315b-b2c9-4887-afda-9da3a0900695', '92fd1030-8bdb-40f1-b6a0-1e8c18d4e556', '92fd1030-8bdb-40f1-b6a0-1e8c18d4e556', 'e8748836-a7c2-4844-938f-c9be0c85efaf', 'e8748836-a7c2-4844-938f-c9be0c85efaf', 'e8748836-a7c2-4844-938f-c9be0c85efaf', 'e8748836-a7c2-4844-938f-c9be0c85efaf', 'e8748836-a7c2-4844-938f-c9be0c85efaf', 'e8748836-a7c2-4844-938f-c9be0c85efaf', 'e8748836-a7c2-4844-938f-c9be0c85efaf', 'e8748836-a7c2-4844-938f-c9be0c85efaf', 'e8748836-a7c2-4844-938f-c9be0c85efaf', 'e8748836-a7c2-4844-938f-c9be0c85efaf', 'e8748836-a7c2-4844-938f-c9be0c85efaf', 'e8748836-a7c2-4844-938f-c9be0c85efaf', 'e8748836-a7c2-4844-938f-c9be0c85efaf', 'e8748836-a7c2-4844-938f-c9be0c85efaf', 'e8748836-a7c2-4844-938f-c9be0c85efaf', 'e8748836-a7c2-4844-938f-c9be0c85efaf', 'e8748836-a7c2-4844-938f-c9be0c85efaf', 'e8748836-a7c2-4844-938f-c9be0c85efaf', 'e8748836-a7c2-4844-938f-c9be0c85efaf', 'e8748836-a7c2-4844-938f-c9be0c85efaf', 'e8748836-a7c2-4844-938f-c9be0c85efaf', 'e8748836-a7c2-4844-938f-c9be0c85efaf', 'e8748836-a7c2-4844-938f-c9be0c85efaf', 'e8748836-a7c2-4844-938f-c9be0c85efaf', 'e8748836-a7c2-4844-938f-c9be0c85efaf', 'e8748836-a7c2-4844-938f-c9be0c85efaf', 'e8748836-a7c2-4844-938f-c9be0c85efaf', '96869ad6-e3e9-424e-b65f-7b011a388546', '27bb5314-58c4-49ab-acc9-f62d97d8603e', '1684892b-e9c0-4ee6-97f7-23fcca5b02c7', 'd4dc4bc9-fa76-4688-81d7-e5c3c9fe3f21', '8b3ceb97-b91b-4d5e-b226-0572fd59cf69', 'c6bd7d4f-65ed-4066-8b2c-d1ee704da94a', '14a972c8-f0bb-447c-b206-f9c460553c0c', 'f005d120-a6b2-45b8-afef-406dab4d315b', '2a162e16-93ba-4a42-84ed-0def77414f5c', '2a40444c-feb2-4f94-83a5-b4cb49a766e2', '4cc79eed-fb5d-4148-bb2b-c13831d96526', 'da640863-ed6d-447c-9bdd-5a1dacaf75d6', 'b284cb81-c5c4-4e6c-b44b-ac5d5042ba31', 'fefc8327-25f2-4427-b090-cd072c04bc40', '5ec78153-68e7-479f-9099-a9c83fb77c84', '4434bdd7-74de-4226-ba27-92a6db20d2c5', '3e2d3750-214e-4004-8fb6-d18f9bb4b3ee', 'c5f7f149-5824-4c52-b2eb-82b63cb85e32', 'e6319e88-9180-4cd4-8e64-fd5342b36f6e', '14ca0ae4-314e-41ac-89a7-ec1b00c03599']"
10578926-3b4e-48b9-bf54-17f8968e09ba,3,"['b9525d53-be6b-40c9-8198-c67307e2b902', 'b9525d53-be6b-40c9-8198-c67307e2b902', 'b9525d53-be6b-40c9-8198-c67307e2b902', 'b9525d53-be6b-40c9-8198-c67307e2b902', 'b9525d53-be6b-40c9-8198-c67307e2b902', '02b6bcc3-1838-4854-83a9-54c58f2b8940', '02b6bcc3-1838-4854-83a9-54c58f2b8940', '02b6bcc3-1838-4854-83a9-54c58f2b8940', '02b6bcc3-1838-4854-83a9-54c58f2b8940', '02b6bcc3-1838-4854-83a9-54c58f2b8940', '02b6bcc3-1838-4854-83a9-54c58f2b8940', '02b6bcc3-1838-4854-83a9-54c58f2b8940', '02b6bcc3-1838-4854-83a9-54c58f2b8940', '02b6bcc3-1838-4854-83a9-54c58f2b8940', '5453f932-0ec8-47db-b18f-cb5f6d0be564', '02f9433e-93c9-4c55-82a1-331687bae69a', 'b3af8454-8640-4a76-b6c6-621a046e5f69', 'b3af8454-8640-4a76-b6c6-621a046e5f69', 'b3af8454-8640-4a76-b6c6-621a046e5f69', 'b3af8454-8640-4a76-b6c6-621a046e5f69', 'b3af8454-8640-4a76-b6c6-621a046e5f69', 'b3af8454-8640-4a76-b6c6-621a046e5f69', 'b3af8454-8640-4a76-b6c6-621a046e5f69', '24880643-1978-44f9-a44f-925f33d73520', '24880643-1978-44f9-a44f-925f33d73520', '24880643-1978-44f9-a44f-925f33d73520', '24880643-1978-44f9-a44f-925f33d73520', '26074cfb-7479-44ab-a564-5ed0b2d638cc', '3bf580a3-8f22-45d3-8dd1-4271983c1259', 'cf96b193-2943-48dc-999f-d4a2539d741b', 'cf96b193-2943-48dc-999f-d4a2539d741b', 'cf96b193-2943-48dc-999f-d4a2539d741b', 'cf96b193-2943-48dc-999f-d4a2539d741b', 'cf96b193-2943-48dc-999f-d4a2539d741b', 'cf96b193-2943-48dc-999f-d4a2539d741b', 'cf96b193-2943-48dc-999f-d4a2539d741b', 'cf96b193-2943-48dc-999f-d4a2539d741b', 'cf96b193-2943-48dc-999f-d4a2539d741b', 'fe552c5e-9656-4735-8acb-a62412c50f89', 'fe552c5e-9656-4735-8acb-a62412c50f89', 'fe552c5e-9656-4735-8acb-a62412c50f89', '73d174b7-1b9f-4fe1-8501-5d573a877087', 'cc8b5266-0d2a-4109-aeae-427262b3104a', 'cc8b5266-0d2a-4109-aeae-427262b3104a', '7393a7fa-c6d9-4143-91c2-dbf6010a6448', 'f37f5b97-b6ac-4f7b-83e0-0d2b7154c42f', '0e34c595-20a1-49c8-9fba-d8a53ad034ae', '4cd4d3fe-3802-425c-bed1-1b278084b360', '851465a9-c77c-4b42-bb78-d45872fe8518', '8889fbb5-30ca-4834-863b-e1c3ae644e2a']"
7930b5de-7763-45b4-b217-f7c66ea3fe81,7,"['9c92a11b-bd00-4ba4-a6f1-e1f55b7e7367', '9c92a11b-bd00-4ba4-a6f1-e1f55b7e7367', '9c92a11b-bd00-4ba4-a6f1-e1f55b7e7367', '13c9f24b-5f5c-47ec-8c3f-1b9c271eab02', '13c9f24b-5f5c-47ec-8c3f-1b9c271eab02', '13c9f24b-5f5c-47ec-8c3f-1b9c271eab02', '13c9f24b-5f5c-47ec-8c3f-1b9c271eab02', '13c9f24b-5f5c-47ec-8c3f-1b9c271eab02', '13c9f24b-5f5c-47ec-8c3f-1b9c271eab02', '13c9f24b-5f5c-47ec-8c3f-1b9c271eab02', '13c9f24b-5f5c-47ec-8c3f-1b9c271eab02', '13c9f24b-5f5c-47ec-8c3f-1b9c271eab02', '13c9f24b-5f5c-47ec-8c3f-1b9c271eab02', '13c9f24b-5f5c-47ec-8c3f-1b9c271eab02', '13c9f24b-5f5c-47ec-8c3f-1b9c271eab02', '009b2a4e-e592-4f19-9145-0941f2fa33dd', '009b2a4e-e592-4f19-9145-0941f2fa33dd', '009b2a4e-e592-4f19-9145-0941f2fa33dd', '009b2a4e-e592-4f19-9145-0941f2fa33dd', '009b2a4e-e592-4f19-9145-0941f2fa33dd', '009b2a4e-e592-4f19-9145-0941f2fa33dd', '009b2a4e-e592-4f19-9145-0941f2fa33dd', '009b2a4e-e592-4f19-9145-0941f2fa33dd', '009b2a4e-e592-4f19-9145-0941f2fa33dd', '009b2a4e-e592-4f19-9145-0941f2fa33dd', '009b2a4e-e592-4f19-9145-0941f2fa33dd', '009b2a4e-e592-4f19-9145-0941f2fa33dd', '009b2a4e-e592-4f19-9145-0941f2fa33dd', '009b2a4e-e592-4f19-9145-0941f2fa33dd', '4bc34bc2-5062-4eed-8ab6-6d8d08893042', 'f3a0ed6a-acb8-4aee-8cdd-a39056be275b', '34052314-738d-48e8-8bec-8d2693bf176b', '6b10ca72-a54c-487f-8856-536265fac9f5', 'fbbcc73b-4001-4205-8c6a-df4f6731aba4', '869bb00b-b90b-4532-bf8f-f16dd918de9b', 'e4d1690d-5335-4e64-a70c-8e9ebf4a23c5', '76f79ca4-a49b-4273-96ad-6bcd88c3f0af', '3ce401ed-0860-4b0d-a803-bae56c6c6213', '0cd0df92-adf9-419a-ada6-3400e73f50e4', '884c794c-84c2-43b9-90bb-934288d14c1b', 'b8958a31-423a-4a05-9f67-600e6bcc8736', '3a4558e2-16fc-45b9-ad47-a57d86d8aec6', '48087c59-50c4-48db-93d6-65271787ebde', '12764649-e42d-4ab2-b360-16a9ddd853bf', '00943218-3779-4c15-b228-405b7cd47857', 'bf7d6e34-167f-4fe2-9ef8-f96c4e3059f0', '252eab95-c83f-4153-bd1c-f31012f38d8d', '2d72c8c0-710c-4dc1-a8bf-20adac4e9db4', '6c0f7b7a-f8a1-43f5-9ee9-59846b00f9c8', '7cd4a25b-5eec-44a9-838f-fef33d83f64f']"
10578926-3b4e-48b9-bf54-17f8968e09ba,4,"['b9525d53-be6b-40c9-8198-c67307e2b902', '02b6bcc3-1838-4854-83a9-54c58f2b8940', '02b6bcc3-1838-4854-83a9-54c58f2b8940', '02f9433e-93c9-4c55-82a1-331687bae69a', 'b3af8454-8640-4a76-b6c6-621a046e5f69', '24880643-1978-44f9-a44f-925f33d73520', '24880643-1978-44f9-a44f-925f33d73520', '24880643-1978-44f9-a44f-925f33d73520', '24880643-1978-44f9-a44f-925f33d73520', 'cf96b193-2943-48dc-999f-d4a2539d741b', 'cf96b193-2943-48dc-999f-d4a2539d741b', 'cf96b193-2943-48dc-999f-d4a2539d741b', 'cf96b193-2943-48dc-999f-d4a2539d741b', 'cf96b193-2943-48dc-999f-d4a2539d741b', 'cf96b193-2943-48dc-999f-d4a2539d741b', 'cf96b193-2943-48dc-999f-d4a2539d741b', 'cf96b193-2943-48dc-999f-d4a2539d741b', 'cf96b193-2943-48dc-999f-d4a2539d741b', 'cf96b193-2943-48dc-999f-d4a2539d741b', 'cf96b193-2943-48dc-999f-d4a2539d741b', 'cf96b193-2943-48dc-999f-d4a2539d741b', 'cf96b193-2943-48dc-999f-d4a2539d741b', 'cf96b193-2943-48dc-999f-d4a2539d741b', 'cf96b193-2943-48dc-999f-d4a2539d741b', 'cf96b193-2943-48dc-999f-d4a2539d741b', 'cf96b193-2943-48dc-999f-d4a2539d741b', 'cf96b193-2943-48dc-999f-d4a2539d741b', 'cf96b193-2943-48dc-999f-d4a2539d741b', 'cf96b193-2943-48dc-999f-d4a2539d741b', 'cf96b193-2943-48dc-999f-d4a2539d741b', 'cf96b193-2943-48dc-999f-d4a2539d741b', 'cf96b193-2943-48dc-999f-d4a2539d741b', 'fe552c5e-9656-4735-8acb-a62412c50f89', 'fe552c5e-9656-4735-8acb-a62412c50f89', 'cc8b5266-0d2a-4109-aeae-427262b3104a', 'cc8b5266-0d2a-4109-aeae-427262b3104a', 'f37f5b97-b6ac-4f7b-83e0-0d2b7154c42f', 'f37f5b97-b6ac-4f7b-83e0-0d2b7154c42f', 'f37f5b97-b6ac-4f7b-83e0-0d2b7154c42f', 'f37f5b97-b6ac-4f7b-83e0-0d2b7154c42f', 'f37f5b97-b6ac-4f7b-83e0-0d2b7154c42f', 'f37f5b97-b6ac-4f7b-83e0-0d2b7154c42f', 'f37f5b97-b6ac-4f7b-83e0-0d2b7154c42f', '8889fbb5-30ca-4834-863b-e1c3ae644e2a', '8401f275-06f6-4653-9fa4-494a1127acc4', '4f6cfd39-a825-488c-b7b0-ef34e08492f1', 'f4e0ca47-828b-4751-8fc9-8e88bb35680e', '92661468-e4ee-4c7e-824a-f96171b7a3ab', '49d3ddc9-5897-4b87-9fc3-cfa9c9da0606', '92249aff-b77e-4b43-9ab0-c3eaca8f3890']"
897fac4d-2ae7-4558-bd3c-9775c176f7bf,6,"['04e1315b-b2c9-4887-afda-9da3a0900695', '92fd1030-8bdb-40f1-b6a0-1e8c18d4e556', '92fd1030-8bdb-40f1-b6a0-1e8c18d4e556', 'e8748836-a7c2-4844-938f-c9be0c85efaf', 'e8748836-a7c2-4844-938f-c9be0c85efaf', 'e8748836-a7c2-4844-938f-c9be0c85efaf', 'e8748836-a7c2-4844-938f-c9be0c85efaf', 'e8748836-a7c2-4844-938f-c9be0c85efaf', 'e8748836-a7c2-4844-938f-c9be0c85efaf', 'e8748836-a7c2-4844-938f-c9be0c85efaf', 'e8748836-a7c2-4844-938f-c9be0c85efaf', 'e8748836-a7c2-4844-938f-c9be0c85efaf', 'e8748836-a7c2-4844-938f-c9be0c85efaf', 'e8748836-a7c2-4844-938f-c9be0c85efaf', 'e8748836-a7c2-4844-938f-c9be0c85efaf', 'e8748836-a7c2-4844-938f-c9be0c85efaf', 'e8748836-a7c2-4844-938f-c9be0c85efaf', 'e8748836-a7c2-4844-938f-c9be0c85efaf', 'e8748836-a7c2-4844-938f-c9be0c85efaf', 'e8748836-a7c2-4844-938f-c9be0c85efaf', 'e8748836-a7c2-4844-938f-c9be0c85efaf', 'e8748836-a7c2-4844-938f-c9be0c85efaf', 'e8748836-a7c2-4844-938f-c9be0c85efaf', 'e8748836-a7c2-4844-938f-c9be0c85efaf', 'e8748836-a7c2-4844-938f-c9be0c85efaf', 'e8748836-a7c2-4844-938f-c9be0c85efaf', '96869ad6-e3e9-424e-b65f-7b011a388546', '27bb5314-58c4-49ab-acc9-f62d97d8603e', '1684892b-e9c0-4ee6-97f7-23fcca5b02c7', 'd4dc4bc9-fa76-4688-81d7-e5c3c9fe3f21', '8b3ceb97-b91b-4d5e-b226-0572fd59cf69', '14a972c8-f0bb-447c-b206-f9c460553c0c', 'f005d120-a6b2-45b8-afef-406dab4d315b', '2a162e16-93ba-4a42-84ed-0def77414f5c', '2a40444c-feb2-4f94-83a5-b4cb49a766e2', 'da640863-ed6d-447c-9bdd-5a1dacaf75d6', 'c5f7f149-5824-4c52-b2eb-82b63cb85e32', 'e6319e88-9180-4cd4-8e64-fd5342b36f6e', '14ca0ae4-314e-41ac-89a7-ec1b00c03599', 'b8a9b05c-3646-4a9c-8c29-a67d0263ce81', '042b7ded-ef74-4fdd-86d2-9b3fb16e1c74', '379b31c4-9b31-4af6-8300-def16b484e9a', '7ad2e60d-a9be-49e9-9c2a-e0f165164c49', '8735559e-c23d-4845-8acf-2eb1ae9324bd', '09fec492-57da-489c-9011-1a5cb9dd4f58', 'e46f551f-d65e-436e-b404-a7c41aef5bc4', '56815f80-46f5-4f37-abce-fd8910c81981', '275e80b6-0481-470f-b0bf-ff2022df6d5a', '43ca3a0a-0538-48a0-8e15-f87a61cdde85', 'e1972907-0783-43e6-af67-da4465a1eadb']"
10578926-3b4e-48b9-bf54-17f8968e09ba,5,"['02b6bcc3-1838-4854-83a9-54c58f2b8940', '24880643-1978-44f9-a44f-925f33d73520', 'cf96b193-2943-48dc-999f-d4a2539d741b', 'cf96b193-2943-48dc-999f-d4a2539d741b', 'cf96b193-2943-48dc-999f-d4a2539d741b', 'cf96b193-2943-48dc-999f-d4a2539d741b', 'cf96b193-2943-48dc-999f-d4a2539d741b', 'cf96b193-2943-48dc-999f-d4a2539d741b', 'cf96b193-2943-48dc-999f-d4a2539d741b', 'cf96b193-2943-48dc-999f-d4a2539d741b', 'cf96b193-2943-48dc-999f-d4a2539d741b', 'cf96b193-2943-48dc-999f-d4a2539d741b', 'cf96b193-2943-48dc-999f-d4a2539d741b', 'cf96b193-2943-48dc-999f-d4a2539d741b', 'cf96b193-2943-48dc-999f-d4a2539d741b', 'f37f5b97-b6ac-4f7b-83e0-0d2b7154c42f', 'f37f5b97-b6ac-4f7b-83e0-0d2b7154c42f', 'f37f5b97-b6ac-4f7b-83e0-0d2b7154c42f', 'f37f5b97-b6ac-4f7b-83e0-0d2b7154c42f', 'f37f5b97-b6ac-4f7b-83e0-0d2b7154c42f', 'f37f5b97-b6ac-4f7b-83e0-0d2b7154c42f', 'f37f5b97-b6ac-4f7b-83e0-0d2b7154c42f', 'f37f5b97-b6ac-4f7b-83e0-0d2b7154c42f', 'f37f5b97-b6ac-4f7b-83e0-0d2b7154c42f', 'f37f5b97-b6ac-4f7b-83e0-0d2b7154c42f', 'f37f5b97-b6ac-4f7b-83e0-0d2b7154c42f', 'f37f5b97-b6ac-4f7b-83e0-0d2b7154c42f', 'f37f5b97-b6ac-4f7b-83e0-0d2b7154c42f', 'f37f5b97-b6ac-4f7b-83e0-0d2b7154c42f', 'f37f5b97-b6ac-4f7b-83e0-0d2b7154c42f', '8401f275-06f6-4653-9fa4-494a1127acc4', '8401f275-06f6-4653-9fa4-494a1127acc4', '8401f275-06f6-4653-9fa4-494a1127acc4', '8401f275-06f6-4653-9fa4-494a1127acc4', '8401f275-06f6-4653-9fa4-494a1127acc4', '92249aff-b77e-4b43-9ab0-c3eaca8f3890', '92249aff-b77e-4b43-9ab0-c3eaca8f3890', '92249aff-b77e-4b43-9ab0-c3eaca8f3890', '92249aff-b77e-4b43-9ab0-c3eaca8f3890', '92249aff-b77e-4b43-9ab0-c3eaca8f3890', 'e9580a80-7498-48ff-b4ad-97b42133631a', '04d5ecd2-77a3-4b43-b88e-6230754f90c9', 'ee3935b9-d1f5-4f7c-b991-d9eee783535e', '2a9fa040-3c14-4be7-9f47-1f5ee9dbdb3d', 'ec02f357-497b-4ea7-a6c9-9daa3bf0a7ff', '24a4075c-58f1-4362-9b4b-4c88b39039ef', '774e99b3-906a-488b-adf0-968ad0cf794b', '7659220a-1dd4-4996-b965-033d1c0d0f93', '6ed38046-0395-4dab-8949-a6d48a9a8dd0', 'dd810b12-9e34-4be3-97db-347e529a9c2e']"
897fac4d-2ae7-4558-bd3c-9775c176f7bf,7,"['04e1315b-b2c9-4887-afda-9da3a0900695', '92fd1030-8bdb-40f1-b6a0-1e8c18d4e556', 'e8748836-a7c2-4844-938f-c9be0c85efaf', 'e8748836-a7c2-4844-938f-c9be0c85efaf', 'e8748836-a7c2-4844-938f-c9be0c85efaf', 'e8748836-a7c2-4844-938f-c9be0c85efaf', 'e8748836-a7c2-4844-938f-c9be0c85efaf', 'e8748836-a7c2-4844-938f-c9be0c85efaf', 'e8748836-a7c2-4844-938f-c9be0c85efaf', 'e8748836-a7c2-4844-938f-c9be0c85efaf', 'e8748836-a7c2-4844-938f-c9be0c85efaf', 'e8748836-a7c2-4844-938f-c9be0c85efaf', 'e8748836-a7c2-4844-938f-c9be0c85efaf', 'e8748836-a7c2-4844-938f-c9be0c85efaf', 'e8748836-a7c2-4844-938f-c9be0c85efaf', 'e8748836-a7c2-4844-938f-c9be0c85efaf', 'e8748836-a7c2-4844-938f-c9be0c85efaf', 'e8748836-a7c2-4844-938f-c9be0c85efaf', 'e8748836-a7c2-4844-938f-c9be0c85efaf', 'e8748836-a7c2-4844-938f-c9be0c85efaf', 'e8748836-a7c2-4844-938f-c9be0c85efaf', 'e8748836-a7c2-4844-938f-c9be0c85efaf', 'e8748836-a7c2-4844-938f-c9be0c85efaf', 'e8748836-a7c2-4844-938f-c9be0c85efaf', 'e8748836-a7c2-4844-938f-c9be0c85efaf', '96869ad6-e3e9-424e-b65f-7b011a388546', '1684892b-e9c0-4ee6-97f7-23fcca5b02c7', 'd4dc4bc9-fa76-4688-81d7-e5c3c9fe3f21', '8b3ceb97-b91b-4d5e-b226-0572fd59cf69', '14a972c8-f0bb-447c-b206-f9c460553c0c', 'f005d120-a6b2-45b8-afef-406dab4d315b', '2a162e16-93ba-4a42-84ed-0def77414f5c', '2a40444c-feb2-4f94-83a5-b4cb49a766e2', 'da640863-ed6d-447c-9bdd-5a1dacaf75d6', 'c5f7f149-5824-4c52-b2eb-82b63cb85e32', 'e6319e88-9180-4cd4-8e64-fd5342b36f6e', '042b7ded-ef74-4fdd-86d2-9b3fb16e1c74', '7ad2e60d-a9be-49e9-9c2a-e0f165164c49', '8735559e-c23d-4845-8acf-2eb1ae9324bd', '09fec492-57da-489c-9011-1a5cb9dd4f58', 'e46f551f-d65e-436e-b404-a7c41aef5bc4', '275e80b6-0481-470f-b0bf-ff2022df6d5a', '43ca3a0a-0538-48a0-8e15-f87a61cdde85', 'e1972907-0783-43e6-af67-da4465a1eadb', 'a05ea8aa-a8c1-477f-912c-25bf655dd8cb', 'a24d1a09-2812-4f9c-ade3-1d2fb2f0659d', '6e9b1737-b90f-4981-93f2-cc4f1d4c0bad', '485f4ef6-e347-4d38-ad35-a13d083a23ac', 'a0f9a839-4db4-4cea-852b-c9655ee5369e', '09716bff-ab2a-4cc0-8617-8b91cca52857']"
7930b5de-7763-45b4-b217-f7c66ea3fe81,8,"['9c92a11b-bd00-4ba4-a6f1-e1f55b7e7367', '13c9f24b-5f5c-47ec-8c3f-1b9c271eab02', '13c9f24b-5f5c-47ec-8c3f-1b9c271eab02', '13c9f24b-5f5c-47ec-8c3f-1b9c271eab02', '13c9f24b-5f5c-47ec-8c3f-1b9c271eab02', '009b2a4e-e592-4f19-9145-0941f2fa33dd', '009b2a4e-e592-4f19-9145-0941f2fa33dd', '009b2a4e-e592-4f19-9145-0941f2fa33dd', '009b2a4e-e592-4f19-9145-0941f2fa33dd', '009b2a4e-e592-4f19-9145-0941f2fa33dd', '009b2a4e-e592-4f19-9145-0941f2fa33dd', '009b2a4e-e592-4f19-9145-0941f2fa33dd', '009b2a4e-e592-4f19-9145-0941f2fa33dd', '009b2a4e-e592-4f19-9145-0941f2fa33dd', '009b2a4e-e592-4f19-9145-0941f2fa33dd', '009b2a4e-e592-4f19-9145-0941f2fa33dd', '009b2a4e-e592-4f19-9145-0941f2fa33dd', '009b2a4e-e592-4f19-9145-0941f2fa33dd', '009b2a4e-e592-4f19-9145-0941f2fa33dd', '009b2a4e-e592-4f19-9145-0941f2fa33dd', '009b2a4e-e592-4f19-9145-0941f2fa33dd', '009b2a4e-e592-4f19-9145-0941f2fa33dd', '009b2a4e-e592-4f19-9145-0941f2fa33dd', '009b2a4e-e592-4f19-9145-0941f2fa33dd', '009b2a4e-e592-4f19-9145-0941f2fa33dd', '009b2a4e-e592-4f19-9145-0941f2fa33dd', '009b2a4e-e592-4f19-9145-0941f2fa33dd', '009b2a4e-e592-4f19-9145-0941f2fa33dd', '009b2a4e-e592-4f19-9145-0941f2fa33dd', '4bc34bc2-5062-4eed-8ab6-6d8d08893042', '34052314-738d-48e8-8bec-8d2693bf176b', '34052314-738d-48e8-8bec-8d2693bf176b', '34052314-738d-48e8-8bec-8d2693bf176b', '0cd0df92-adf9-419a-ada6-3400e73f50e4', '252eab95-c83f-4153-bd1c-f31012f38d8d', '252eab95-c83f-4153-bd1c-f31012f38d8d', '252eab95-c83f-4153-bd1c-f31012f38d8d', '252eab95-c83f-4153-bd1c-f31012f38d8d', 'e3635f8a-b8b6-4109-9988-5fe8c3fb633f', 'e9947873-b900-440f-959c-78c40f6275ff', '48631059-3d37-474e-a58c-7b53cad8ffed', 'ccf2189e-fa40-4fdb-ab70-02ffe1fb61fc', '8981b87b-6286-41d1-86cd-f7052a8df4bd', 'a0e02122-c2a3-486a-b014-ef4bbfefe220', '0aece839-1d1b-456c-9323-85436c685b3e', '3ce95788-0b0e-42c3-a9eb-ae437152e392', '1401468f-afe6-479b-8b01-80cfec52b54e', 'a069c063-f0a9-4586-ae5a-a64baddd5ccb', '4b4e0c5d-75d1-41aa-96e6-7e8ebdd8e69c', 'e645543d-0859-42f4-9eeb-465b5de5a294']"
897fac4d-2ae7-4558-bd3c-9775c176f7bf,8,"['92fd1030-8bdb-40f1-b6a0-1e8c18d4e556', 'e8748836-a7c2-4844-938f-c9be0c85efaf', 'e8748836-a7c2-4844-938f-c9be0c85efaf', 'e8748836-a7c2-4844-938f-c9be0c85efaf', 'e8748836-a7c2-4844-938f-c9be0c85efaf', 'e8748836-a7c2-4844-938f-c9be0c85efaf', 'e8748836-a7c2-4844-938f-c9be0c85efaf', 'e8748836-a7c2-4844-938f-c9be0c85efaf', 'e8748836-a7c2-4844-938f-c9be0c85efaf', 'e8748836-a7c2-4844-938f-c9be0c85efaf', 'e8748836-a7c2-4844-938f-c9be0c85efaf', 'e8748836-a7c2-4844-938f-c9be0c85efaf', 'e8748836-a7c2-4844-938f-c9be0c85efaf', 'e8748836-a7c2-4844-938f-c9be0c85efaf', 'e8748836-a7c2-4844-938f-c9be0c85efaf', 'e8748836-a7c2-4844-938f-c9be0c85efaf', 'e8748836-a7c2-4844-938f-c9be0c85efaf', 'e8748836-a7c2-4844-938f-c9be0c85efaf', 'e8748836-a7c2-4844-938f-c9be0c85efaf', 'e8748836-a7c2-4844-938f-c9be0c85efaf', 'e8748836-a7c2-4844-938f-c9be0c85efaf', 'e8748836-a7c2-4844-938f-c9be0c85efaf', '96869ad6-e3e9-424e-b65f-7b011a388546', 'd4dc4bc9-fa76-4688-81d7-e5c3c9fe3f21', '8b3ceb97-b91b-4d5e-b226-0572fd59cf69', 'f005d120-a6b2-45b8-afef-406dab4d315b', '2a162e16-93ba-4a42-84ed-0def77414f5c', '2a40444c-feb2-4f94-83a5-b4cb49a766e2', 'c5f7f149-5824-4c52-b2eb-82b63cb85e32', 'e6319e88-9180-4cd4-8e64-fd5342b36f6e', '042b7ded-ef74-4fdd-86d2-9b3fb16e1c74', '8735559e-c23d-4845-8acf-2eb1ae9324bd', 'e46f551f-d65e-436e-b404-a7c41aef5bc4', '275e80b6-0481-470f-b0bf-ff2022df6d5a', '43ca3a0a-0538-48a0-8e15-f87a61cdde85', 'e1972907-0783-43e6-af67-da4465a1eadb', 'a05ea8aa-a8c1-477f-912c-25bf655dd8cb', 'a24d1a09-2812-4f9c-ade3-1d2fb2f0659d', '6e9b1737-b90f-4981-93f2-cc4f1d4c0bad', '485f4ef6-e347-4d38-ad35-a13d083a23ac', 'a0f9a839-4db4-4cea-852b-c9655ee5369e', '09716bff-ab2a-4cc0-8617-8b91cca52857', 'b6417542-3175-46b2-91aa-bd5b1df213d9', 'abed5c56-a806-4491-9ffc-2ecdcd437371', 'dabd1bbe-f79e-49e1-978a-e65d70f56f95', '3b4c934d-37a6-4e66-afb0-b3e4dd36e7f9', 'cca50466-3434-42b6-a26e-fa967a06439f', '479da20c-1a57-4932-9c23-591e5d264442', 'c6fb12ed-7aef-4b5a-90ec-f52583daa933', '49305e00-9938-4b16-80e8-ce743bb9c42c']"
7930b5de-7763-45b4-b217-f7c66ea3fe81,9,"['9c92a11b-bd00-4ba4-a6f1-e1f55b7e7367', '13c9f24b-5f5c-47ec-8c3f-1b9c271eab02', '13c9f24b-5f5c-47ec-8c3f-1b9c271eab02', '13c9f24b-5f5c-47ec-8c3f-1b9c271eab02', '009b2a4e-e592-4f19-9145-0941f2fa33dd', '009b2a4e-e592-4f19-9145-0941f2fa33dd', '009b2a4e-e592-4f19-9145-0941f2fa33dd', '009b2a4e-e592-4f19-9145-0941f2fa33dd', '009b2a4e-e592-4f19-9145-0941f2fa33dd', '009b2a4e-e592-4f19-9145-0941f2fa33dd', '009b2a4e-e592-4f19-9145-0941f2fa33dd', '009b2a4e-e592-4f19-9145-0941f2fa33dd', '009b2a4e-e592-4f19-9145-0941f2fa33dd', '009b2a4e-e592-4f19-9145-0941f2fa33dd', '009b2a4e-e592-4f19-9145-0941f2fa33dd', '009b2a4e-e592-4f19-9145-0941f2fa33dd', '009b2a4e-e592-4f19-9145-0941f2fa33dd', '009b2a4e-e592-4f19-9145-0941f2fa33dd', '009b2a4e-e592-4f19-9145-0941f2fa33dd', '009b2a4e-e592-4f19-9145-0941f2fa33dd', '009b2a4e-e592-4f19-9145-0941f2fa33dd', '009b2a4e-e592-4f19-9145-0941f2fa33dd', '009b2a4e-e592-4f19-9145-0941f2fa33dd', '009b2a4e-e592-4f19-9145-0941f2fa33dd', '4bc34bc2-5062-4eed-8ab6-6d8d08893042', '34052314-738d-48e8-8bec-8d2693bf176b', '34052314-738d-48e8-8bec-8d2693bf176b', '0cd0df92-adf9-419a-ada6-3400e73f50e4', '252eab95-c83f-4153-bd1c-f31012f38d8d', '252eab95-c83f-4153-bd1c-f31012f38d8d', '252eab95-c83f-4153-bd1c-f31012f38d8d', '252eab95-c83f-4153-bd1c-f31012f38d8d', 'e3635f8a-b8b6-4109-9988-5fe8c3fb633f', 'e9947873-b900-440f-959c-78c40f6275ff', '48631059-3d37-474e-a58c-7b53cad8ffed', 'ccf2189e-fa40-4fdb-ab70-02ffe1fb61fc', '8981b87b-6286-41d1-86cd-f7052a8df4bd', '0aece839-1d1b-456c-9323-85436c685b3e', '3ce95788-0b0e-42c3-a9eb-ae437152e392', '1401468f-afe6-479b-8b01-80cfec52b54e', '4b4e0c5d-75d1-41aa-96e6-7e8ebdd8e69c', 'e645543d-0859-42f4-9eeb-465b5de5a294', '80d7b368-0d6a-42af-ba2a-49f2405c56ee', '50d5507c-9d14-4fbc-94a7-e30712e03536', 'cdce9ede-2cd9-493e-a725-3bebcd796fbf', '4ab97cea-5e58-4a11-90f7-8e6d9005cd33', '90d6c4bb-6729-4ba0-a6e4-c1e2ca5f9f0a', 'aa9cc606-3c4a-4bf1-9b58-33286956c3bf', '8c8b7ad4-2c2f-47c9-876a-5765a5bbb535', '385aa74b-6d56-46d3-a2b1-c76b2300cb49']"
10578926-3b4e-48b9-bf54-17f8968e09ba,6,"['cf96b193-2943-48dc-999f-d4a2539d741b', 'cf96b193-2943-48dc-999f-d4a2539d741b', 'cf96b193-2943-48dc-999f-d4a2539d741b', 'cf96b193-2943-48dc-999f-d4a2539d741b', 'f37f5b97-b6ac-4f7b-83e0-0d2b7154c42f', 'f37f5b97-b6ac-4f7b-83e0-0d2b7154c42f', 'f37f5b97-b6ac-4f7b-83e0-0d2b7154c42f', 'f37f5b97-b6ac-4f7b-83e0-0d2b7154c42f', 'f37f5b97-b6ac-4f7b-83e0-0d2b7154c42f', 'f37f5b97-b6ac-4f7b-83e0-0d2b7154c42f', 'f37f5b97-b6ac-4f7b-83e0-0d2b7154c42f', 'f37f5b97-b6ac-4f7b-83e0-0d2b7154c42f', 'f37f5b97-b6ac-4f7b-83e0-0d2b7154c42f', '8401f275-06f6-4653-9fa4-494a1127acc4', '8401f275-06f6-4653-9fa4-494a1127acc4', '8401f275-06f6-4653-9fa4-494a1127acc4', '8401f275-06f6-4653-9fa4-494a1127acc4', '8401f275-06f6-4653-9fa4-494a1127acc4', '8401f275-06f6-4653-9fa4-494a1127acc4', '8401f275-06f6-4653-9fa4-494a1127acc4', '8401f275-06f6-4653-9fa4-494a1127acc4', '8401f275-06f6-4653-9fa4-494a1127acc4', '8401f275-06f6-4653-9fa4-494a1127acc4', '8401f275-06f6-4653-9fa4-494a1127acc4', '8401f275-06f6-4653-9fa4-494a1127acc4', '8401f275-06f6-4653-9fa4-494a1127acc4', '92249aff-b77e-4b43-9ab0-c3eaca8f3890', '92249aff-b77e-4b43-9ab0-c3eaca8f3890', '92249aff-b77e-4b43-9ab0-c3eaca8f3890', '92249aff-b77e-4b43-9ab0-c3eaca8f3890', '92249aff-b77e-4b43-9ab0-c3eaca8f3890', '92249aff-b77e-4b43-9ab0-c3eaca8f3890', '92249aff-b77e-4b43-9ab0-c3eaca8f3890', '92249aff-b77e-4b43-9ab0-c3eaca8f3890', '92249aff-b77e-4b43-9ab0-c3eaca8f3890', 'ee3935b9-d1f5-4f7c-b991-d9eee783535e', 'dd810b12-9e34-4be3-97db-347e529a9c2e', 'dd810b12-9e34-4be3-97db-347e529a9c2e', 'dd810b12-9e34-4be3-97db-347e529a9c2e', 'dd810b12-9e34-4be3-97db-347e529a9c2e', 'dd810b12-9e34-4be3-97db-347e529a9c2e', '1e6b4dad-27d5-41a3-b35a-c2e2794c14c8', '1a5db6b5-8d7c-419a-a159-9b95a0d4bc72', 'ebcce9a7-35ae-499b-be9a-3cda9e053530', 'ce040215-1b56-497f-a163-4b3861ae56f5', 'e2981993-5593-43ab-bcd4-74e6450b035a', '0ec21c2a-eacd-44ff-be42-2cac20b66166', 'b5696d59-6e15-4fcd-80ad-51146ce720b1', 'f98a5b61-a6c7-402f-a6b5-7aea94486668', '749d616e-392b-41a4-a1b0-64c1ed668a67']"
897fac4d-2ae7-4558-bd3c-9775c176f7bf,9,"['92fd1030-8bdb-40f1-b6a0-1e8c18d4e556', 'e8748836-a7c2-4844-938f-c9be0c85efaf', 'e8748836-a7c2-4844-938f-c9be0c85efaf', 'e8748836-a7c2-4844-938f-c9be0c85efaf', 'e8748836-a7c2-4844-938f-c9be0c85efaf', 'e8748836-a7c2-4844-938f-c9be0c85efaf', 'e8748836-a7c2-4844-938f-c9be0c85efaf', 'e8748836-a7c2-4844-938f-c9be0c85efaf', 'e8748836-a7c2-4844-938f-c9be0c85efaf', 'e8748836-a7c2-4844-938f-c9be0c85efaf', 'e8748836-a7c2-4844-938f-c9be0c85efaf', 'e8748836-a7c2-4844-938f-c9be0c85efaf', 'e8748836-a7c2-4844-938f-c9be0c85efaf', 'e8748836-a7c2-4844-938f-c9be0c85efaf', 'e8748836-a7c2-4844-938f-c9be0c85efaf', 'e8748836-a7c2-4844-938f-c9be0c85efaf', 'e8748836-a7c2-4844-938f-c9be0c85efaf', 'e8748836-a7c2-4844-938f-c9be0c85efaf', 'e8748836-a7c2-4844-938f-c9be0c85efaf', '96869ad6-e3e9-424e-b65f-7b011a388546', 'd4dc4bc9-fa76-4688-81d7-e5c3c9fe3f21', '8b3ceb97-b91b-4d5e-b226-0572fd59cf69', 'f005d120-a6b2-45b8-afef-406dab4d315b', '2a40444c-feb2-4f94-83a5-b4cb49a766e2', 'c5f7f149-5824-4c52-b2eb-82b63cb85e32', 'e6319e88-9180-4cd4-8e64-fd5342b36f6e', '042b7ded-ef74-4fdd-86d2-9b3fb16e1c74', '8735559e-c23d-4845-8acf-2eb1ae9324bd', 'e46f551f-d65e-436e-b404-a7c41aef5bc4', '43ca3a0a-0538-48a0-8e15-f87a61cdde85', 'e1972907-0783-43e6-af67-da4465a1eadb', 'a05ea8aa-a8c1-477f-912c-25bf655dd8cb', 'a24d1a09-2812-4f9c-ade3-1d2fb2f0659d', '485f4ef6-e347-4d38-ad35-a13d083a23ac', 'a0f9a839-4db4-4cea-852b-c9655ee5369e', '09716bff-ab2a-4cc0-8617-8b91cca52857', 'b6417542-3175-46b2-91aa-bd5b1df213d9', 'abed5c56-a806-4491-9ffc-2ecdcd437371', 'dabd1bbe-f79e-49e1-978a-e65d70f56f95', '3b4c934d-37a6-4e66-afb0-b3e4dd36e7f9', 'cca50466-3434-42b6-a26e-fa967a06439f', '479da20c-1a57-4932-9c23-591e5d264442', 'c6fb12ed-7aef-4b5a-90ec-f52583daa933', '49305e00-9938-4b16-80e8-ce743bb9c42c', 'bbcccf7f-466e-4750-9df9-43e0703d5bb9', '3a75eb3e-1326-4c1a-a126-534567cab99b', '0359a5b2-11d4-4416-b1f2-289c3a2949ed', '82a840ca-f768-4714-b540-8cb9bfdb7bf6', '4b914df2-43c0-4a89-a15e-857c64542317', '650dac0f-2510-4db8-973b-21e2ff76f584']"
7930b5de-7763-45b4-b217-f7c66ea3fe81,10,"['9c92a11b-bd00-4ba4-a6f1-e1f55b7e7367', '13c9f24b-5f5c-47ec-8c3f-1b9c271eab02', '009b2a4e-e592-4f19-9145-0941f2fa33dd', '009b2a4e-e592-4f19-9145-0941f2fa33dd', '009b2a4e-e592-4f19-9145-0941f2fa33dd', '009b2a4e-e592-4f19-9145-0941f2fa33dd', '009b2a4e-e592-4f19-9145-0941f2fa33dd', '009b2a4e-e592-4f19-9145-0941f2fa33dd', '009b2a4e-e592-4f19-9145-0941f2fa33dd', '009b2a4e-e592-4f19-9145-0941f2fa33dd', '009b2a4e-e592-4f19-9145-0941f2fa33dd', '009b2a4e-e592-4f19-9145-0941f2fa33dd', '009b2a4e-e592-4f19-9145-0941f2fa33dd', '009b2a4e-e592-4f19-9145-0941f2fa33dd', '009b2a4e-e592-4f19-9145-0941f2fa33dd', '009b2a4e-e592-4f19-9145-0941f2fa33dd', '009b2a4e-e592-4f19-9145-0941f2fa33dd', '009b2a4e-e592-4f19-9145-0941f2fa33dd', '009b2a4e-e592-4f19-9145-0941f2fa33dd', '009b2a4e-e592-4f19-9145-0941f2fa33dd', '4bc34bc2-5062-4eed-8ab6-6d8d08893042', '34052314-738d-48e8-8bec-8d2693bf176b', '0cd0df92-adf9-419a-ada6-3400e73f50e4', '252eab95-c83f-4153-bd1c-f31012f38d8d', '252eab95-c83f-4153-bd1c-f31012f38d8d', 'e3635f8a-b8b6-4109-9988-5fe8c3fb633f', 'e9947873-b900-440f-959c-78c40f6275ff', '48631059-3d37-474e-a58c-7b53cad8ffed', 'ccf2189e-fa40-4fdb-ab70-02ffe1fb61fc', '8981b87b-6286-41d1-86cd-f7052a8df4bd', '0aece839-1d1b-456c-9323-85436c685b3e', '3ce95788-0b0e-42c3-a9eb-ae437152e392', '1401468f-afe6-479b-8b01-80cfec52b54e', '4b4e0c5d-75d1-41aa-96e6-7e8ebdd8e69c', 'e645543d-0859-42f4-9eeb-465b5de5a294', '80d7b368-0d6a-42af-ba2a-49f2405c56ee', '50d5507c-9d14-4fbc-94a7-e30712e03536', 'cdce9ede-2cd9-493e-a725-3bebcd796fbf', '4ab97cea-5e58-4a11-90f7-8e6d9005cd33', '90d6c4bb-6729-4ba0-a6e4-c1e2ca5f9f0a', 'aa9cc606-3c4a-4bf1-9b58-33286956c3bf', '8c8b7ad4-2c2f-47c9-876a-5765a5bbb535', '385aa74b-6d56-46d3-a2b1-c76b2300cb49', 'ac6b28a7-c1b0-4e12-a4a6-3c1d3987db16', 'ac43f8ba-1773-45fe-9a1e-185691a3aca6', '0dea3199-8871-4ea8-82ad-55e7a77f2f84', 'e51dc826-d774-4e5c-ab51-c82a8141cae2', '12eb849f-e2b1-4394-acfe-89f0632d7d91', '188391d0-49e5-4842-b70c-fd358f5ad1ca', 'caaceb6b-c059-4447-8db4-0ef170d5449b']"
10578926-3b4e-48b9-bf54-17f8968e09ba,7,"['cf96b193-2943-48dc-999f-d4a2539d741b', 'cf96b193-2943-48dc-999f-d4a2539d741b', 'cf96b193-2943-48dc-999f-d4a2539d741b', 'cf96b193-2943-48dc-999f-d4a2539d741b', 'f37f5b97-b6ac-4f7b-83e0-0d2b7154c42f', 'f37f5b97-b6ac-4f7b-83e0-0d2b7154c42f', 'f37f5b97-b6ac-4f7b-83e0-0d2b7154c42f', 'f37f5b97-b6ac-4f7b-83e0-0d2b7154c42f', 'f37f5b97-b6ac-4f7b-83e0-0d2b7154c42f', 'f37f5b97-b6ac-4f7b-83e0-0d2b7154c42f', 'f37f5b97-b6ac-4f7b-83e0-0d2b7154c42f', 'f37f5b97-b6ac-4f7b-83e0-0d2b7154c42f', '8401f275-06f6-4653-9fa4-494a1127acc4', '8401f275-06f6-4653-9fa4-494a1127acc4', '8401f275-06f6-4653-9fa4-494a1127acc4', '8401f275-06f6-4653-9fa4-494a1127acc4', '8401f275-06f6-4653-9fa4-494a1127acc4', '8401f275-06f6-4653-9fa4-494a1127acc4', '8401f275-06f6-4653-9fa4-494a1127acc4', '8401f275-06f6-4653-9fa4-494a1127acc4', '8401f275-06f6-4653-9fa4-494a1127acc4', '8401f275-06f6-4653-9fa4-494a1127acc4', '92249aff-b77e-4b43-9ab0-c3eaca8f3890', '92249aff-b77e-4b43-9ab0-c3eaca8f3890', '92249aff-b77e-4b43-9ab0-c3eaca8f3890', '92249aff-b77e-4b43-9ab0-c3eaca8f3890', '92249aff-b77e-4b43-9ab0-c3eaca8f3890', '92249aff-b77e-4b43-9ab0-c3eaca8f3890', 'dd810b12-9e34-4be3-97db-347e529a9c2e', 'dd810b12-9e34-4be3-97db-347e529a9c2e', '1a5db6b5-8d7c-419a-a159-9b95a0d4bc72', 'ce040215-1b56-497f-a163-4b3861ae56f5', 'e2981993-5593-43ab-bcd4-74e6450b035a', '0ec21c2a-eacd-44ff-be42-2cac20b66166', 'b5696d59-6e15-4fcd-80ad-51146ce720b1', 'f98a5b61-a6c7-402f-a6b5-7aea94486668', '749d616e-392b-41a4-a1b0-64c1ed668a67', '6186136e-cbfc-439c-84d4-1257d9c39bc8', 'e8a55841-753c-4fe0-9639-7d1b6f45dbb4', '83030aad-8586-4aae-93c6-00302345a5a5', 'd68bf896-bc80-4a6b-875a-d2d349313737', '3a3fc759-a303-475f-8d8e-02bb97346427', '7660904f-6c17-4c10-9018-dfecd0c2bfed', '58d106f8-0788-4ce7-98ef-74ce685fea5e', 'b5a0e21c-de45-4aad-b3b0-e61e6b77a953', '738bee6c-db78-4388-a164-244a0a370284', '5cb4c3a6-db21-4eaa-a24e-0a39cb3a0744', 'b2657038-5149-4269-ae01-e04a870934f1', '427f4a72-3875-4aa8-854e-d448953421a6', '9b09435c-55ca-4367-b701-cc0e1a045fde']"
897fac4d-2ae7-4558-bd3c-9775c176f7bf,10,"['92fd1030-8bdb-40f1-b6a0-1e8c18d4e556', 'e8748836-a7c2-4844-938f-c9be0c85efaf', 'e8748836-a7c2-4844-938f-c9be0c85efaf', 'e8748836-a7c2-4844-938f-c9be0c85efaf', 'e8748836-a7c2-4844-938f-c9be0c85efaf', 'e8748836-a7c2-4844-938f-c9be0c85efaf', 'e8748836-a7c2-4844-938f-c9be0c85efaf', 'e8748836-a7c2-4844-938f-c9be0c85efaf', 'e8748836-a7c2-4844-938f-c9be0c85efaf', 'e8748836-a7c2-4844-938f-c9be0c85efaf', 'e8748836-a7c2-4844-938f-c9be0c85efaf', 'e8748836-a7c2-4844-938f-c9be0c85efaf', 'e8748836-a7c2-4844-938f-c9be0c85efaf', 'e8748836-a7c2-4844-938f-c9be0c85efaf', 'e8748836-a7c2-4844-938f-c9be0c85efaf', 'e8748836-a7c2-4844-938f-c9be0c85efaf', 'e8748836-a7c2-4844-938f-c9be0c85efaf', 'e8748836-a7c2-4844-938f-c9be0c85efaf', 'e8748836-a7c2-4844-938f-c9be0c85efaf', 'e8748836-a7c2-4844-938f-c9be0c85efaf', 'e8748836-a7c2-4844-938f-c9be0c85efaf', 'e8748836-a7c2-4844-938f-c9be0c85efaf', 'e8748836-a7c2-4844-938f-c9be0c85efaf', 'e8748836-a7c2-4844-938f-c9be0c85efaf', 'e8748836-a7c2-4844-938f-c9be0c85efaf', 'e8748836-a7c2-4844-938f-c9be0c85efaf', 'e8748836-a7c2-4844-938f-c9be0c85efaf', 'e8748836-a7c2-4844-938f-c9be0c85efaf', 'e8748836-a7c2-4844-938f-c9be0c85efaf', 'e8748836-a7c2-4844-938f-c9be0c85efaf', 'e8748836-a7c2-4844-938f-c9be0c85efaf', 'e8748836-a7c2-4844-938f-c9be0c85efaf', 'e8748836-a7c2-4844-938f-c9be0c85efaf', 'e8748836-a7c2-4844-938f-c9be0c85efaf', '96869ad6-e3e9-424e-b65f-7b011a388546', '09716bff-ab2a-4cc0-8617-8b91cca52857', 'abed5c56-a806-4491-9ffc-2ecdcd437371', 'abed5c56-a806-4491-9ffc-2ecdcd437371', 'abed5c56-a806-4491-9ffc-2ecdcd437371', 'abed5c56-a806-4491-9ffc-2ecdcd437371', 'dabd1bbe-f79e-49e1-978a-e65d70f56f95', 'cca50466-3434-42b6-a26e-fa967a06439f', 'cca50466-3434-42b6-a26e-fa967a06439f', '3a75eb3e-1326-4c1a-a126-534567cab99b', 'fc1bfcd9-f552-4fa2-8cc4-1002b120c9dc', '8f05788a-84ef-4657-8798-0a2717711825', '3514ec4e-d433-46f5-a736-5fdb03357880', 'cbb047da-2fd1-4203-812e-4106cf54f709', '50da61e9-fe4d-446f-ac1d-ebc53533bb64', 'bffc9dca-371b-475c-bfb6-5e3a06228266']"
7930b5de-7763-45b4-b217-f7c66ea3fe81,11,"['13c9f24b-5f5c-47ec-8c3f-1b9c271eab02', '009b2a4e-e592-4f19-9145-0941f2fa33dd', '009b2a4e-e592-4f19-9145-0941f2fa33dd', '009b2a4e-e592-4f19-9145-0941f2fa33dd', '009b2a4e-e592-4f19-9145-0941f2fa33dd', '009b2a4e-e592-4f19-9145-0941f2fa33dd', '009b2a4e-e592-4f19-9145-0941f2fa33dd', '009b2a4e-e592-4f19-9145-0941f2fa33dd', '009b2a4e-e592-4f19-9145-0941f2fa33dd', '009b2a4e-e592-4f19-9145-0941f2fa33dd', '009b2a4e-e592-4f19-9145-0941f2fa33dd', '009b2a4e-e592-4f19-9145-0941f2fa33dd', '009b2a4e-e592-4f19-9145-0941f2fa33dd', '009b2a4e-e592-4f19-9145-0941f2fa33dd', '009b2a4e-e592-4f19-9145-0941f2fa33dd', '009b2a4e-e592-4f19-9145-0941f2fa33dd', '009b2a4e-e592-4f19-9145-0941f2fa33dd', '009b2a4e-e592-4f19-9145-0941f2fa33dd', '009b2a4e-e592-4f19-9145-0941f2fa33dd', '009b2a4e-e592-4f19-9145-0941f2fa33dd', '009b2a4e-e592-4f19-9145-0941f2fa33dd', '009b2a4e-e592-4f19-9145-0941f2fa33dd', '009b2a4e-e592-4f19-9145-0941f2fa33dd', '009b2a4e-e592-4f19-9145-0941f2fa33dd', '009b2a4e-e592-4f19-9145-0941f2fa33dd', '009b2a4e-e592-4f19-9145-0941f2fa33dd', '34052314-738d-48e8-8bec-8d2693bf176b', '34052314-738d-48e8-8bec-8d2693bf176b', '252eab95-c83f-4153-bd1c-f31012f38d8d', '252eab95-c83f-4153-bd1c-f31012f38d8d', '252eab95-c83f-4153-bd1c-f31012f38d8d', '252eab95-c83f-4153-bd1c-f31012f38d8d', '8981b87b-6286-41d1-86cd-f7052a8df4bd', '8981b87b-6286-41d1-86cd-f7052a8df4bd', '8981b87b-6286-41d1-86cd-f7052a8df4bd', '8981b87b-6286-41d1-86cd-f7052a8df4bd', '8981b87b-6286-41d1-86cd-f7052a8df4bd', '8981b87b-6286-41d1-86cd-f7052a8df4bd', '8c8b7ad4-2c2f-47c9-876a-5765a5bbb535', 'ed484f70-fa2c-4dff-b055-57c462fdf410', '16845e48-2219-46a9-9b41-d59c3e3ccc65', 'c90186aa-4fa8-4520-949b-385a4ad50a10', '1c3f4da6-aa0e-43cc-999f-bc8769fdccda', '7f05965e-d8cf-43b3-a5d7-e5aa2be3614f', 'f528702c-804f-41a7-9d58-5d274bcb10c6', '80d1dd6c-dc79-4138-902d-d238f23e7993', '87e5036a-005f-408c-837d-431733764852', '57d71d79-6fb3-4f0b-b7f0-11930cbf6050', '30ed2f18-9310-4e21-a021-8b5013ec88d6', 'aa139bbf-c418-4937-9a8a-0765e94c61b5']"
10578926-3b4e-48b9-bf54-17f8968e09ba,8,"['cf96b193-2943-48dc-999f-d4a2539d741b', 'f37f5b97-b6ac-4f7b-83e0-0d2b7154c42f', 'f37f5b97-b6ac-4f7b-83e0-0d2b7154c42f', 'f37f5b97-b6ac-4f7b-83e0-0d2b7154c42f', 'f37f5b97-b6ac-4f7b-83e0-0d2b7154c42f', '8401f275-06f6-4653-9fa4-494a1127acc4', '8401f275-06f6-4653-9fa4-494a1127acc4', '8401f275-06f6-4653-9fa4-494a1127acc4', '8401f275-06f6-4653-9fa4-494a1127acc4', '8401f275-06f6-4653-9fa4-494a1127acc4', '8401f275-06f6-4653-9fa4-494a1127acc4', '8401f275-06f6-4653-9fa4-494a1127acc4', '8401f275-06f6-4653-9fa4-494a1127acc4', '8401f275-06f6-4653-9fa4-494a1127acc4', '8401f275-06f6-4653-9fa4-494a1127acc4', '8401f275-06f6-4653-9fa4-494a1127acc4', '8401f275-06f6-4653-9fa4-494a1127acc4', '8401f275-06f6-4653-9fa4-494a1127acc4', '8401f275-06f6-4653-9fa4-494a1127acc4', '8401f275-06f6-4653-9fa4-494a1127acc4', '8401f275-06f6-4653-9fa4-494a1127acc4', '8401f275-06f6-4653-9fa4-494a1127acc4', '92249aff-b77e-4b43-9ab0-c3eaca8f3890', '92249aff-b77e-4b43-9ab0-c3eaca8f3890', '92249aff-b77e-4b43-9ab0-c3eaca8f3890', '92249aff-b77e-4b43-9ab0-c3eaca8f3890', '92249aff-b77e-4b43-9ab0-c3eaca8f3890', '92249aff-b77e-4b43-9ab0-c3eaca8f3890', 'dd810b12-9e34-4be3-97db-347e529a9c2e', 'dd810b12-9e34-4be3-97db-347e529a9c2e', 'dd810b12-9e34-4be3-97db-347e529a9c2e', 'dd810b12-9e34-4be3-97db-347e529a9c2e', 'dd810b12-9e34-4be3-97db-347e529a9c2e', 'dd810b12-9e34-4be3-97db-347e529a9c2e', 'dd810b12-9e34-4be3-97db-347e529a9c2e', '738bee6c-db78-4388-a164-244a0a370284', '738bee6c-db78-4388-a164-244a0a370284', '738bee6c-db78-4388-a164-244a0a370284', '738bee6c-db78-4388-a164-244a0a370284', '738bee6c-db78-4388-a164-244a0a370284', 'c219352f-ac84-4493-b4c2-61eac0530e62', '7e3f3379-004b-447d-849f-692827d36489', 'de314262-278d-47a6-8edf-231bc5cf3342', 'a1184ca2-f20b-447e-8142-7303f01eae73', '7f59022a-5b2f-4aba-875c-441fb53a1b5f', '64d6c988-563c-440b-b70c-83515d8f0c97', '6c7cb0a6-a925-4726-aa97-5d9e7b843b1a', 'b2e9c8b1-58a6-4432-b75b-e5cfaa8c37bc', '62e29c7d-13d1-41fa-99d4-bbcdd9ca2439', 'ad1fa331-b916-4e03-bae0-34f9c7892372']"
897fac4d-2ae7-4558-bd3c-9775c176f7bf,11,"['92fd1030-8bdb-40f1-b6a0-1e8c18d4e556', 'e8748836-a7c2-4844-938f-c9be0c85efaf', 'e8748836-a7c2-4844-938f-c9be0c85efaf', 'e8748836-a7c2-4844-938f-c9be0c85efaf', 'e8748836-a7c2-4844-938f-c9be0c85efaf', 'e8748836-a7c2-4844-938f-c9be0c85efaf', 'e8748836-a7c2-4844-938f-c9be0c85efaf', 'e8748836-a7c2-4844-938f-c9be0c85efaf', 'e8748836-a7c2-4844-938f-c9be0c85efaf', 'e8748836-a7c2-4844-938f-c9be0c85efaf', 'e8748836-a7c2-4844-938f-c9be0c85efaf', 'e8748836-a7c2-4844-938f-c9be0c85efaf', 'e8748836-a7c2-4844-938f-c9be0c85efaf', 'e8748836-a7c2-4844-938f-c9be0c85efaf', 'e8748836-a7c2-4844-938f-c9be0c85efaf', 'e8748836-a7c2-4844-938f-c9be0c85efaf', 'e8748836-a7c2-4844-938f-c9be0c85efaf', 'e8748836-a7c2-4844-938f-c9be0c85efaf', 'e8748836-a7c2-4844-938f-c9be0c85efaf', 'e8748836-a7c2-4844-938f-c9be0c85efaf', 'e8748836-a7c2-4844-938f-c9be0c85efaf', 'e8748836-a7c2-4844-938f-c9be0c85efaf', '96869ad6-e3e9-424e-b65f-7b011a388546', 'abed5c56-a806-4491-9ffc-2ecdcd437371', 'abed5c56-a806-4491-9ffc-2ecdcd437371', 'abed5c56-a806-4491-9ffc-2ecdcd437371', 'abed5c56-a806-4491-9ffc-2ecdcd437371', 'dabd1bbe-f79e-49e1-978a-e65d70f56f95', 'cca50466-3434-42b6-a26e-fa967a06439f', '3a75eb3e-1326-4c1a-a126-534567cab99b', 'fc1bfcd9-f552-4fa2-8cc4-1002b120c9dc', '8f05788a-84ef-4657-8798-0a2717711825', '3514ec4e-d433-46f5-a736-5fdb03357880', 'cbb047da-2fd1-4203-812e-4106cf54f709', '50da61e9-fe4d-446f-ac1d-ebc53533bb64', '5ace0e08-39b4-4b4d-b686-8d1e5139c93c', 'c6c09560-eaa8-4121-a094-da0aec0f810e', '6c69a807-6457-40d0-8659-41b064ab5d9f', '5ef93bcf-5d54-4dfc-ad6c-75b6e9b6ea6d', '0183d1db-e804-497d-8c29-903c66358885', 'bfb09576-7ff6-4ba7-b8e2-1db29706ed58', 'f3446f33-b988-4a92-b3e6-1e07c9fe34b0', 'c2a8a55e-ad85-4c3a-a21e-25f40369dac9', 'c453481a-55e1-4c0e-ba0c-952a2722623a', 'bcefa546-c73a-4039-88bf-ee6309e5fa60', 'de3cdf58-0621-4518-9106-e6809655c6bc', '94c23545-6ba7-474d-81f2-2487fba4be36', 'e84f439f-50b0-4d00-9b52-8d6d4ea27e5e', 'bea668b2-4f40-4f2c-8694-215e63a622e1', '042c3953-8dac-4794-a72d-ec06fe102a0a']"
7930b5de-7763-45b4-b217-f7c66ea3fe81,12,"['13c9f24b-5f5c-47ec-8c3f-1b9c271eab02', '009b2a4e-e592-4f19-9145-0941f2fa33dd', '009b2a4e-e592-4f19-9145-0941f2fa33dd', '009b2a4e-e592-4f19-9145-0941f2fa33dd', '009b2a4e-e592-4f19-9145-0941f2fa33dd', '009b2a4e-e592-4f19-9145-0941f2fa33dd', '009b2a4e-e592-4f19-9145-0941f2fa33dd', '009b2a4e-e592-4f19-9145-0941f2fa33dd', '009b2a4e-e592-4f19-9145-0941f2fa33dd', '009b2a4e-e592-4f19-9145-0941f2fa33dd', '009b2a4e-e592-4f19-9145-0941f2fa33dd', '009b2a4e-e592-4f19-9145-0941f2fa33dd', '009b2a4e-e592-4f19-9145-0941f2fa33dd', '009b2a4e-e592-4f19-9145-0941f2fa33dd', '009b2a4e-e592-4f19-9145-0941f2fa33dd', '009b2a4e-e592-4f19-9145-0941f2fa33dd', '009b2a4e-e592-4f19-9145-0941f2fa33dd', '009b2a4e-e592-4f19-9145-0941f2fa33dd', '009b2a4e-e592-4f19-9145-0941f2fa33dd', '009b2a4e-e592-4f19-9145-0941f2fa33dd', '009b2a4e-e592-4f19-9145-0941f2fa33dd', '009b2a4e-e592-4f19-9145-0941f2fa33dd', '009b2a4e-e592-4f19-9145-0941f2fa33dd', '34052314-738d-48e8-8bec-8d2693bf176b', '252eab95-c83f-4153-bd1c-f31012f38d8d', '252eab95-c83f-4153-bd1c-f31012f38d8d', '8981b87b-6286-41d1-86cd-f7052a8df4bd', '8981b87b-6286-41d1-86cd-f7052a8df4bd', '8981b87b-6286-41d1-86cd-f7052a8df4bd', '8981b87b-6286-41d1-86cd-f7052a8df4bd', '8981b87b-6286-41d1-86cd-f7052a8df4bd', '8981b87b-6286-41d1-86cd-f7052a8df4bd', '8c8b7ad4-2c2f-47c9-876a-5765a5bbb535', 'ed484f70-fa2c-4dff-b055-57c462fdf410', '16845e48-2219-46a9-9b41-d59c3e3ccc65', 'c90186aa-4fa8-4520-949b-385a4ad50a10', '1c3f4da6-aa0e-43cc-999f-bc8769fdccda', '7f05965e-d8cf-43b3-a5d7-e5aa2be3614f', 'f528702c-804f-41a7-9d58-5d274bcb10c6', '80d1dd6c-dc79-4138-902d-d238f23e7993', '57d71d79-6fb3-4f0b-b7f0-11930cbf6050', 'aa139bbf-c418-4937-9a8a-0765e94c61b5', 'c3c7c8e1-f3f5-46a7-b221-d39b80d72a77', 'b0b837db-b2ba-4816-8602-c20e01611a8a', '990ce3df-5aa1-47e7-be85-af70119aba2a', 'ddc4711d-8943-4f3b-b623-228ce4d4d556', '596d4c42-ea59-4b3f-ad27-ae0bc5c2d3ab', 'd116feee-c7cf-40c9-b56e-4a77a707433a', 'd07133a9-bfa9-4390-ad2e-b2cc34013b9f', '2526587f-d725-4d83-8479-53138bc24326']"
10578926-3b4e-48b9-bf54-17f8968e09ba,9,"['f37f5b97-b6ac-4f7b-83e0-0d2b7154c42f', 'f37f5b97-b6ac-4f7b-83e0-0d2b7154c42f', 'f37f5b97-b6ac-4f7b-83e0-0d2b7154c42f', '8401f275-06f6-4653-9fa4-494a1127acc4', '8401f275-06f6-4653-9fa4-494a1127acc4', '8401f275-06f6-4653-9fa4-494a1127acc4', '8401f275-06f6-4653-9fa4-494a1127acc4', '8401f275-06f6-4653-9fa4-494a1127acc4', '8401f275-06f6-4653-9fa4-494a1127acc4', '8401f275-06f6-4653-9fa4-494a1127acc4', '8401f275-06f6-4653-9fa4-494a1127acc4', '8401f275-06f6-4653-9fa4-494a1127acc4', '8401f275-06f6-4653-9fa4-494a1127acc4', '8401f275-06f6-4653-9fa4-494a1127acc4', '8401f275-06f6-4653-9fa4-494a1127acc4', '8401f275-06f6-4653-9fa4-494a1127acc4', '92249aff-b77e-4b43-9ab0-c3eaca8f3890', '92249aff-b77e-4b43-9ab0-c3eaca8f3890', '92249aff-b77e-4b43-9ab0-c3eaca8f3890', '92249aff-b77e-4b43-9ab0-c3eaca8f3890', '92249aff-b77e-4b43-9ab0-c3eaca8f3890', '92249aff-b77e-4b43-9ab0-c3eaca8f3890', 'dd810b12-9e34-4be3-97db-347e529a9c2e', 'dd810b12-9e34-4be3-97db-347e529a9c2e', 'dd810b12-9e34-4be3-97db-347e529a9c2e', 'dd810b12-9e34-4be3-97db-347e529a9c2e', '738bee6c-db78-4388-a164-244a0a370284', '738bee6c-db78-4388-a164-244a0a370284', '738bee6c-db78-4388-a164-244a0a370284', '738bee6c-db78-4388-a164-244a0a370284', '7e3f3379-004b-447d-849f-692827d36489', 'de314262-278d-47a6-8edf-231bc5cf3342', 'a1184ca2-f20b-447e-8142-7303f01eae73', '7f59022a-5b2f-4aba-875c-441fb53a1b5f', '64d6c988-563c-440b-b70c-83515d8f0c97', '6c7cb0a6-a925-4726-aa97-5d9e7b843b1a', '62e29c7d-13d1-41fa-99d4-bbcdd9ca2439', 'ad1fa331-b916-4e03-bae0-34f9c7892372', 'd615a578-45e9-4cff-a254-03e2ed0c40e5', '606ba94f-25c7-4325-88be-d11ae39c835c', '71686639-5799-49e1-ae05-0b39de65cc70', '2588ea53-ce80-4ac4-8722-4d4e9c6e55f7', 'f44dc774-c421-4edb-bf39-322691d553a2', 'b53b2931-9520-4978-a6d8-94b1315f9bdd', 'c1366617-aa5f-4ce7-bbde-4b5a89fed125', '10714e30-8901-4355-8808-73ea6fb018cf', '9ce7e359-f330-42a1-b33a-d358392de82b', 'ade02a1b-8e41-4666-a407-32cd2d86d01a', 'd44a1045-ed22-4cd6-a35c-8520550e51ca', '56e3b59f-0cf7-427f-9872-6f76a8ed0884']"
7930b5de-7763-45b4-b217-f7c66ea3fe81,13,"['009b2a4e-e592-4f19-9145-0941f2fa33dd', '009b2a4e-e592-4f19-9145-0941f2fa33dd', '009b2a4e-e592-4f19-9145-0941f2fa33dd', '009b2a4e-e592-4f19-9145-0941f2fa33dd', '009b2a4e-e592-4f19-9145-0941f2fa33dd', '009b2a4e-e592-4f19-9145-0941f2fa33dd', '009b2a4e-e592-4f19-9145-0941f2fa33dd', '009b2a4e-e592-4f19-9145-0941f2fa33dd', '009b2a4e-e592-4f19-9145-0941f2fa33dd', '009b2a4e-e592-4f19-9145-0941f2fa33dd', '009b2a4e-e592-4f19-9145-0941f2fa33dd', '009b2a4e-e592-4f19-9145-0941f2fa33dd', '009b2a4e-e592-4f19-9145-0941f2fa33dd', '009b2a4e-e592-4f19-9145-0941f2fa33dd', '009b2a4e-e592-4f19-9145-0941f2fa33dd', '009b2a4e-e592-4f19-9145-0941f2fa33dd', '34052314-738d-48e8-8bec-8d2693bf176b', '252eab95-c83f-4153-bd1c-f31012f38d8d', '252eab95-c83f-4153-bd1c-f31012f38d8d', '8981b87b-6286-41d1-86cd-f7052a8df4bd', '8981b87b-6286-41d1-86cd-f7052a8df4bd', '8981b87b-6286-41d1-86cd-f7052a8df4bd', '8981b87b-6286-41d1-86cd-f7052a8df4bd', '8981b87b-6286-41d1-86cd-f7052a8df4bd', '8981b87b-6286-41d1-86cd-f7052a8df4bd', '8981b87b-6286-41d1-86cd-f7052a8df4bd', '8981b87b-6286-41d1-86cd-f7052a8df4bd', '8981b87b-6286-41d1-86cd-f7052a8df4bd', '8981b87b-6286-41d1-86cd-f7052a8df4bd', '8981b87b-6286-41d1-86cd-f7052a8df4bd', '8981b87b-6286-41d1-86cd-f7052a8df4bd', '8981b87b-6286-41d1-86cd-f7052a8df4bd', '8981b87b-6286-41d1-86cd-f7052a8df4bd', '8981b87b-6286-41d1-86cd-f7052a8df4bd', '8981b87b-6286-41d1-86cd-f7052a8df4bd', '8981b87b-6286-41d1-86cd-f7052a8df4bd', '8981b87b-6286-41d1-86cd-f7052a8df4bd', '8981b87b-6286-41d1-86cd-f7052a8df4bd', '8981b87b-6286-41d1-86cd-f7052a8df4bd', '8981b87b-6286-41d1-86cd-f7052a8df4bd', 'f528702c-804f-41a7-9d58-5d274bcb10c6', '5e4b5a8a-a935-4281-80b3-22c250e0dfe7', '4c20bbe2-4164-4e39-a350-ce69c914aba6', '0d530acd-f856-4acd-9807-4a3997fcc07f', '0040c5a9-c8a1-4e6e-b715-8ad5c32ccf10', 'e178566d-27cf-472c-8bf5-f8cff3ad4dea', 'eb44b628-ee10-4d93-9da8-fb7b74195c80', '7f137816-7449-493f-a1e0-3c25db9b0fb7', 'b1a57de9-08ae-4caf-95e4-758569827440', '23ff564d-fabe-4513-80fb-26e6ca70e45b']"
897fac4d-2ae7-4558-bd3c-9775c176f7bf,12,"['92fd1030-8bdb-40f1-b6a0-1e8c18d4e556', 'e8748836-a7c2-4844-938f-c9be0c85efaf', 'e8748836-a7c2-4844-938f-c9be0c85efaf', 'e8748836-a7c2-4844-938f-c9be0c85efaf', 'e8748836-a7c2-4844-938f-c9be0c85efaf', 'e8748836-a7c2-4844-938f-c9be0c85efaf', 'e8748836-a7c2-4844-938f-c9be0c85efaf', 'e8748836-a7c2-4844-938f-c9be0c85efaf', 'e8748836-a7c2-4844-938f-c9be0c85efaf', 'e8748836-a7c2-4844-938f-c9be0c85efaf', 'e8748836-a7c2-4844-938f-c9be0c85efaf', 'e8748836-a7c2-4844-938f-c9be0c85efaf', 'e8748836-a7c2-4844-938f-c9be0c85efaf', 'e8748836-a7c2-4844-938f-c9be0c85efaf', 'e8748836-a7c2-4844-938f-c9be0c85efaf', 'e8748836-a7c2-4844-938f-c9be0c85efaf', 'e8748836-a7c2-4844-938f-c9be0c85efaf', '96869ad6-e3e9-424e-b65f-7b011a388546', 'abed5c56-a806-4491-9ffc-2ecdcd437371', 'abed5c56-a806-4491-9ffc-2ecdcd437371', 'abed5c56-a806-4491-9ffc-2ecdcd437371', 'abed5c56-a806-4491-9ffc-2ecdcd437371', '3a75eb3e-1326-4c1a-a126-534567cab99b', 'fc1bfcd9-f552-4fa2-8cc4-1002b120c9dc', '3514ec4e-d433-46f5-a736-5fdb03357880', '5ace0e08-39b4-4b4d-b686-8d1e5139c93c', 'c6c09560-eaa8-4121-a094-da0aec0f810e', '5ef93bcf-5d54-4dfc-ad6c-75b6e9b6ea6d', '0183d1db-e804-497d-8c29-903c66358885', 'bfb09576-7ff6-4ba7-b8e2-1db29706ed58', 'f3446f33-b988-4a92-b3e6-1e07c9fe34b0', 'c2a8a55e-ad85-4c3a-a21e-25f40369dac9', 'c453481a-55e1-4c0e-ba0c-952a2722623a', 'bcefa546-c73a-4039-88bf-ee6309e5fa60', 'de3cdf58-0621-4518-9106-e6809655c6bc', 'e84f439f-50b0-4d00-9b52-8d6d4ea27e5e', 'bea668b2-4f40-4f2c-8694-215e63a622e1', '042c3953-8dac-4794-a72d-ec06fe102a0a', 'bd086e60-f4a4-4cb0-98e5-404014820b6e', 'a0c45c75-0348-4634-9aac-0b3367d5ab1f', '72bfdac8-9595-4e44-83bf-36d1ed797043', '7a2f20e6-e612-4a61-bbed-67e6afefae6a', '7ba00333-0108-41f9-a9c9-e2c5420bb2e1', 'a8a46ace-ec23-4d24-bc43-a035e1352e34', 'ba26ada0-3357-4bb1-b6af-81e790c9d514', '05dfd79c-dbc8-445f-8444-c740394b6805', 'dd049689-b130-457e-86a7-d2640ce43c89', 'cb5ca6df-e27d-475c-aaa9-56bd8dae580b', 'd82e4b69-2afe-46a2-b52c-c2609935ea00', '5bb1cc53-b63f-4afa-8e06-4f48bcfbea2d']"
10578926-3b4e-48b9-bf54-17f8968e09ba,10,"['f37f5b97-b6ac-4f7b-83e0-0d2b7154c42f', '8401f275-06f6-4653-9fa4-494a1127acc4', '8401f275-06f6-4653-9fa4-494a1127acc4', '8401f275-06f6-4653-9fa4-494a1127acc4', '8401f275-06f6-4653-9fa4-494a1127acc4', '8401f275-06f6-4653-9fa4-494a1127acc4', '8401f275-06f6-4653-9fa4-494a1127acc4', '8401f275-06f6-4653-9fa4-494a1127acc4', '8401f275-06f6-4653-9fa4-494a1127acc4', '8401f275-06f6-4653-9fa4-494a1127acc4', '8401f275-06f6-4653-9fa4-494a1127acc4', '8401f275-06f6-4653-9fa4-494a1127acc4', '8401f275-06f6-4653-9fa4-494a1127acc4', '8401f275-06f6-4653-9fa4-494a1127acc4', '8401f275-06f6-4653-9fa4-494a1127acc4', '92249aff-b77e-4b43-9ab0-c3eaca8f3890', '92249aff-b77e-4b43-9ab0-c3eaca8f3890', '92249aff-b77e-4b43-9ab0-c3eaca8f3890', '92249aff-b77e-4b43-9ab0-c3eaca8f3890', 'dd810b12-9e34-4be3-97db-347e529a9c2e', 'dd810b12-9e34-4be3-97db-347e529a9c2e', 'dd810b12-9e34-4be3-97db-347e529a9c2e', 'dd810b12-9e34-4be3-97db-347e529a9c2e', 'dd810b12-9e34-4be3-97db-347e529a9c2e', 'dd810b12-9e34-4be3-97db-347e529a9c2e', 'dd810b12-9e34-4be3-97db-347e529a9c2e', 'dd810b12-9e34-4be3-97db-347e529a9c2e', 'dd810b12-9e34-4be3-97db-347e529a9c2e', '738bee6c-db78-4388-a164-244a0a370284', '738bee6c-db78-4388-a164-244a0a370284', '738bee6c-db78-4388-a164-244a0a370284', '738bee6c-db78-4388-a164-244a0a370284', '738bee6c-db78-4388-a164-244a0a370284', '738bee6c-db78-4388-a164-244a0a370284', '738bee6c-db78-4388-a164-244a0a370284', '738bee6c-db78-4388-a164-244a0a370284', '738bee6c-db78-4388-a164-244a0a370284', '738bee6c-db78-4388-a164-244a0a370284', '738bee6c-db78-4388-a164-244a0a370284', '738bee6c-db78-4388-a164-244a0a370284', '738bee6c-db78-4388-a164-244a0a370284', '48f9c0d1-0761-48ea-b8ab-a005940b84ae', '49168b93-2875-4e73-9276-05e14ee1f84e', '3bdb0245-79e8-45b6-9472-9b13bd7c02e9', 'b750eaba-6b5e-4053-908a-74a5f60ad6c0', '401494bc-c2f7-4ff7-884e-82284ca4bafd', '1deb3984-b1d5-451f-b0d0-deafa881c935', '4c0bfcab-b784-452b-bf2c-2f23da0ef6c6', 'cf7b61bd-119f-44a3-9b69-1ccc3f8b4eab', 'a50243bc-057d-450f-8b56-09a0de2568f4']"
7930b5de-7763-45b4-b217-f7c66ea3fe81,14,"['009b2a4e-e592-4f19-9145-0941f2fa33dd', '009b2a4e-e592-4f19-9145-0941f2fa33dd', '009b2a4e-e592-4f19-9145-0941f2fa33dd', '009b2a4e-e592-4f19-9145-0941f2fa33dd', '009b2a4e-e592-4f19-9145-0941f2fa33dd', '009b2a4e-e592-4f19-9145-0941f2fa33dd', '009b2a4e-e592-4f19-9145-0941f2fa33dd', '009b2a4e-e592-4f19-9145-0941f2fa33dd', '009b2a4e-e592-4f19-9145-0941f2fa33dd', '009b2a4e-e592-4f19-9145-0941f2fa33dd', '009b2a4e-e592-4f19-9145-0941f2fa33dd', '009b2a4e-e592-4f19-9145-0941f2fa33dd', '009b2a4e-e592-4f19-9145-0941f2fa33dd', '009b2a4e-e592-4f19-9145-0941f2fa33dd', '252eab95-c83f-4153-bd1c-f31012f38d8d', '8981b87b-6286-41d1-86cd-f7052a8df4bd', '8981b87b-6286-41d1-86cd-f7052a8df4bd', '8981b87b-6286-41d1-86cd-f7052a8df4bd', '8981b87b-6286-41d1-86cd-f7052a8df4bd', '8981b87b-6286-41d1-86cd-f7052a8df4bd', '8981b87b-6286-41d1-86cd-f7052a8df4bd', '8981b87b-6286-41d1-86cd-f7052a8df4bd', '8981b87b-6286-41d1-86cd-f7052a8df4bd', '8981b87b-6286-41d1-86cd-f7052a8df4bd', '8981b87b-6286-41d1-86cd-f7052a8df4bd', '8981b87b-6286-41d1-86cd-f7052a8df4bd', '8981b87b-6286-41d1-86cd-f7052a8df4bd', '8981b87b-6286-41d1-86cd-f7052a8df4bd', '8981b87b-6286-41d1-86cd-f7052a8df4bd', '8981b87b-6286-41d1-86cd-f7052a8df4bd', '8981b87b-6286-41d1-86cd-f7052a8df4bd', '8981b87b-6286-41d1-86cd-f7052a8df4bd', '8981b87b-6286-41d1-86cd-f7052a8df4bd', '8981b87b-6286-41d1-86cd-f7052a8df4bd', 'f528702c-804f-41a7-9d58-5d274bcb10c6', '5e4b5a8a-a935-4281-80b3-22c250e0dfe7', '4c20bbe2-4164-4e39-a350-ce69c914aba6', '0040c5a9-c8a1-4e6e-b715-8ad5c32ccf10', 'e178566d-27cf-472c-8bf5-f8cff3ad4dea', '7f137816-7449-493f-a1e0-3c25db9b0fb7', '625825f5-4258-450c-9e30-57524f663c0d', '04589f76-ec85-4349-bfb8-b1895512aaa0', 'e2ed6c3e-5c6d-40d9-90df-54e95d54bf6f', '6a3a4f0e-226a-4b19-9c20-9fb09475de86', '498fba79-084b-44ec-a122-144371cddef2', '220bdb29-54b9-4c9d-9ab9-f39dd25c1459', '11129ac2-8645-448b-8de7-9ff5b107dea2', '0a547c44-a409-4445-a533-5e8f3611e77f', '2dca8954-df97-400a-bd63-2405bed4bd9f', 'b74479c8-aabc-4844-8541-9ed9c3690453']"
10578926-3b4e-48b9-bf54-17f8968e09ba,11,"['f37f5b97-b6ac-4f7b-83e0-0d2b7154c42f', '8401f275-06f6-4653-9fa4-494a1127acc4', '8401f275-06f6-4653-9fa4-494a1127acc4', '8401f275-06f6-4653-9fa4-494a1127acc4', '8401f275-06f6-4653-9fa4-494a1127acc4', '8401f275-06f6-4653-9fa4-494a1127acc4', '8401f275-06f6-4653-9fa4-494a1127acc4', '8401f275-06f6-4653-9fa4-494a1127acc4', '8401f275-06f6-4653-9fa4-494a1127acc4', '8401f275-06f6-4653-9fa4-494a1127acc4', '8401f275-06f6-4653-9fa4-494a1127acc4', '8401f275-06f6-4653-9fa4-494a1127acc4', '8401f275-06f6-4653-9fa4-494a1127acc4', '8401f275-06f6-4653-9fa4-494a1127acc4', '8401f275-06f6-4653-9fa4-494a1127acc4', '92249aff-b77e-4b43-9ab0-c3eaca8f3890', '92249aff-b77e-4b43-9ab0-c3eaca8f3890', '92249aff-b77e-4b43-9ab0-c3eaca8f3890', '92249aff-b77e-4b43-9ab0-c3eaca8f3890', 'dd810b12-9e34-4be3-97db-347e529a9c2e', 'dd810b12-9e34-4be3-97db-347e529a9c2e', 'dd810b12-9e34-4be3-97db-347e529a9c2e', 'dd810b12-9e34-4be3-97db-347e529a9c2e', 'dd810b12-9e34-4be3-97db-347e529a9c2e', 'dd810b12-9e34-4be3-97db-347e529a9c2e', 'dd810b12-9e34-4be3-97db-347e529a9c2e', 'dd810b12-9e34-4be3-97db-347e529a9c2e', '738bee6c-db78-4388-a164-244a0a370284', '738bee6c-db78-4388-a164-244a0a370284', '738bee6c-db78-4388-a164-244a0a370284', '738bee6c-db78-4388-a164-244a0a370284', '738bee6c-db78-4388-a164-244a0a370284', '738bee6c-db78-4388-a164-244a0a370284', '738bee6c-db78-4388-a164-244a0a370284', '738bee6c-db78-4388-a164-244a0a370284', '738bee6c-db78-4388-a164-244a0a370284', '738bee6c-db78-4388-a164-244a0a370284', '738bee6c-db78-4388-a164-244a0a370284', '48f9c0d1-0761-48ea-b8ab-a005940b84ae', '49168b93-2875-4e73-9276-05e14ee1f84e', 'b750eaba-6b5e-4053-908a-74a5f60ad6c0', '401494bc-c2f7-4ff7-884e-82284ca4bafd', '1deb3984-b1d5-451f-b0d0-deafa881c935', '4c0bfcab-b784-452b-bf2c-2f23da0ef6c6', 'fa227919-527a-46a7-b98f-ba297bba7551', 'daec0ee3-9063-4156-8e20-de306101c880', '8a8677cd-0ac2-47d2-87e3-1faa39e96f41', 'dee125b5-75a0-48c3-bfe0-c1a376ddbfcb', '6ca136bc-04cf-45b5-b4e9-a940d2244ee6', '99048b48-029b-46b2-a50e-5d40161056cf']"
897fac4d-2ae7-4558-bd3c-9775c176f7bf,13,"['92fd1030-8bdb-40f1-b6a0-1e8c18d4e556', 'e8748836-a7c2-4844-938f-c9be0c85efaf', 'e8748836-a7c2-4844-938f-c9be0c85efaf', 'e8748836-a7c2-4844-938f-c9be0c85efaf', 'e8748836-a7c2-4844-938f-c9be0c85efaf', 'e8748836-a7c2-4844-938f-c9be0c85efaf', 'e8748836-a7c2-4844-938f-c9be0c85efaf', 'e8748836-a7c2-4844-938f-c9be0c85efaf', 'e8748836-a7c2-4844-938f-c9be0c85efaf', 'e8748836-a7c2-4844-938f-c9be0c85efaf', 'e8748836-a7c2-4844-938f-c9be0c85efaf', 'e8748836-a7c2-4844-938f-c9be0c85efaf', 'e8748836-a7c2-4844-938f-c9be0c85efaf', 'e8748836-a7c2-4844-938f-c9be0c85efaf', 'e8748836-a7c2-4844-938f-c9be0c85efaf', 'e8748836-a7c2-4844-938f-c9be0c85efaf', 'e8748836-a7c2-4844-938f-c9be0c85efaf', 'e8748836-a7c2-4844-938f-c9be0c85efaf', 'e8748836-a7c2-4844-938f-c9be0c85efaf', 'e8748836-a7c2-4844-938f-c9be0c85efaf', 'abed5c56-a806-4491-9ffc-2ecdcd437371', 'abed5c56-a806-4491-9ffc-2ecdcd437371', 'abed5c56-a806-4491-9ffc-2ecdcd437371', 'abed5c56-a806-4491-9ffc-2ecdcd437371', 'abed5c56-a806-4491-9ffc-2ecdcd437371', 'abed5c56-a806-4491-9ffc-2ecdcd437371', 'abed5c56-a806-4491-9ffc-2ecdcd437371', 'abed5c56-a806-4491-9ffc-2ecdcd437371', 'abed5c56-a806-4491-9ffc-2ecdcd437371', 'abed5c56-a806-4491-9ffc-2ecdcd437371', 'abed5c56-a806-4491-9ffc-2ecdcd437371', 'abed5c56-a806-4491-9ffc-2ecdcd437371', 'abed5c56-a806-4491-9ffc-2ecdcd437371', 'bcefa546-c73a-4039-88bf-ee6309e5fa60', 'e84f439f-50b0-4d00-9b52-8d6d4ea27e5e', '5325e1c4-913a-412a-97d0-68e4eb5d9c17', '59133129-3fc7-4e1c-80f3-bc86531f07f6', 'cb8aee15-e526-494e-b6dd-6488baa309cb', 'ff5489f4-e600-4964-9164-d986071efa94', '755679b0-f0db-468d-81f0-54128ae234fc', '8deb5b56-df4a-4e87-8c2c-4037cef397af', 'a8d79adc-a663-420d-8926-11ae16b2fbfe', 'dbae010c-fc24-4069-b616-5b58ac50868f', '8850f04e-561f-4ac0-bc66-dbe6e0f440bf', '3f0aafde-6cd6-4c32-8eb2-53257e5a6ffd', '59149764-1f1d-4435-87dd-7951e9768c1f', 'b139cbc7-0561-4aa9-a1df-7e49e03e4a0d', '0ed33bdd-abda-4021-96c9-33661b371efe', '48a68fa9-a6e0-43f8-8d70-6fcd454bc186', '24b87b26-4fbd-49c4-beb9-4671aae902d5']"
7930b5de-7763-45b4-b217-f7c66ea3fe81,15,"['009b2a4e-e592-4f19-9145-0941f2fa33dd', '009b2a4e-e592-4f19-9145-0941f2fa33dd', '009b2a4e-e592-4f19-9145-0941f2fa33dd', '009b2a4e-e592-4f19-9145-0941f2fa33dd', '009b2a4e-e592-4f19-9145-0941f2fa33dd', '009b2a4e-e592-4f19-9145-0941f2fa33dd', '009b2a4e-e592-4f19-9145-0941f2fa33dd', '009b2a4e-e592-4f19-9145-0941f2fa33dd', '009b2a4e-e592-4f19-9145-0941f2fa33dd', '009b2a4e-e592-4f19-9145-0941f2fa33dd', '009b2a4e-e592-4f19-9145-0941f2fa33dd', '252eab95-c83f-4153-bd1c-f31012f38d8d', '8981b87b-6286-41d1-86cd-f7052a8df4bd', '8981b87b-6286-41d1-86cd-f7052a8df4bd', '8981b87b-6286-41d1-86cd-f7052a8df4bd', '8981b87b-6286-41d1-86cd-f7052a8df4bd', '8981b87b-6286-41d1-86cd-f7052a8df4bd', '8981b87b-6286-41d1-86cd-f7052a8df4bd', '8981b87b-6286-41d1-86cd-f7052a8df4bd', '8981b87b-6286-41d1-86cd-f7052a8df4bd', '8981b87b-6286-41d1-86cd-f7052a8df4bd', '8981b87b-6286-41d1-86cd-f7052a8df4bd', '8981b87b-6286-41d1-86cd-f7052a8df4bd', '8981b87b-6286-41d1-86cd-f7052a8df4bd', '8981b87b-6286-41d1-86cd-f7052a8df4bd', '8981b87b-6286-41d1-86cd-f7052a8df4bd', '8981b87b-6286-41d1-86cd-f7052a8df4bd', '8981b87b-6286-41d1-86cd-f7052a8df4bd', 'f528702c-804f-41a7-9d58-5d274bcb10c6', '5e4b5a8a-a935-4281-80b3-22c250e0dfe7', '4c20bbe2-4164-4e39-a350-ce69c914aba6', '0040c5a9-c8a1-4e6e-b715-8ad5c32ccf10', 'e178566d-27cf-472c-8bf5-f8cff3ad4dea', '7f137816-7449-493f-a1e0-3c25db9b0fb7', '6a3a4f0e-226a-4b19-9c20-9fb09475de86', '498fba79-084b-44ec-a122-144371cddef2', '11129ac2-8645-448b-8de7-9ff5b107dea2', '0a547c44-a409-4445-a533-5e8f3611e77f', '2dca8954-df97-400a-bd63-2405bed4bd9f', '8214d68b-9cfb-49b4-a39f-6306c9a72509', '0ffeb84d-5fbf-46d2-9379-5d1169ebaccd', '3839a348-a94b-45d0-bca9-19f20f75479d', '253dc0fe-55d2-4050-86bf-aa7d42077206', '513bef8b-3507-4e9b-a3cb-5c1c82becd8e', '757248ca-33ed-497e-83eb-3c86c838515e', 'e3eb6752-15b7-4906-9e38-4bacd7419caf', 'f940de00-9eab-49fa-b56a-d7a428c610b4', '81dc5499-0dd8-42ce-942c-267c8616fca0', 'cd0d6053-d4de-4574-9e52-4fbdf7836882', '06cc8f83-0bcc-4072-8127-4df835574aa5']"
897fac4d-2ae7-4558-bd3c-9775c176f7bf,14,"['92fd1030-8bdb-40f1-b6a0-1e8c18d4e556', 'e8748836-a7c2-4844-938f-c9be0c85efaf', 'e8748836-a7c2-4844-938f-c9be0c85efaf', 'e8748836-a7c2-4844-938f-c9be0c85efaf', 'e8748836-a7c2-4844-938f-c9be0c85efaf', 'e8748836-a7c2-4844-938f-c9be0c85efaf', 'e8748836-a7c2-4844-938f-c9be0c85efaf', 'e8748836-a7c2-4844-938f-c9be0c85efaf', 'e8748836-a7c2-4844-938f-c9be0c85efaf', 'e8748836-a7c2-4844-938f-c9be0c85efaf', 'e8748836-a7c2-4844-938f-c9be0c85efaf', 'e8748836-a7c2-4844-938f-c9be0c85efaf', 'e8748836-a7c2-4844-938f-c9be0c85efaf', 'e8748836-a7c2-4844-938f-c9be0c85efaf', 'e8748836-a7c2-4844-938f-c9be0c85efaf', 'e8748836-a7c2-4844-938f-c9be0c85efaf', 'e8748836-a7c2-4844-938f-c9be0c85efaf', 'abed5c56-a806-4491-9ffc-2ecdcd437371', 'abed5c56-a806-4491-9ffc-2ecdcd437371', 'abed5c56-a806-4491-9ffc-2ecdcd437371', 'abed5c56-a806-4491-9ffc-2ecdcd437371', 'abed5c56-a806-4491-9ffc-2ecdcd437371', 'abed5c56-a806-4491-9ffc-2ecdcd437371', 'abed5c56-a806-4491-9ffc-2ecdcd437371', 'abed5c56-a806-4491-9ffc-2ecdcd437371', 'abed5c56-a806-4491-9ffc-2ecdcd437371', 'abed5c56-a806-4491-9ffc-2ecdcd437371', 'abed5c56-a806-4491-9ffc-2ecdcd437371', 'abed5c56-a806-4491-9ffc-2ecdcd437371', 'bcefa546-c73a-4039-88bf-ee6309e5fa60', 'e84f439f-50b0-4d00-9b52-8d6d4ea27e5e', '59133129-3fc7-4e1c-80f3-bc86531f07f6', 'cb8aee15-e526-494e-b6dd-6488baa309cb', 'ff5489f4-e600-4964-9164-d986071efa94', '755679b0-f0db-468d-81f0-54128ae234fc', '8deb5b56-df4a-4e87-8c2c-4037cef397af', 'a8d79adc-a663-420d-8926-11ae16b2fbfe', 'dbae010c-fc24-4069-b616-5b58ac50868f', '8850f04e-561f-4ac0-bc66-dbe6e0f440bf', '3f0aafde-6cd6-4c32-8eb2-53257e5a6ffd', '59149764-1f1d-4435-87dd-7951e9768c1f', 'b139cbc7-0561-4aa9-a1df-7e49e03e4a0d', '0ed33bdd-abda-4021-96c9-33661b371efe', '24b87b26-4fbd-49c4-beb9-4671aae902d5', '3643cd02-8d89-46f8-85c8-5ea9e8484865', 'dc456caf-d4b8-4030-801e-056ed2e1f540', '5060b752-9b06-4014-93e1-955adf8cac9c', 'ec32456f-f1bb-4837-a7f7-2ef91669daed', '684bb470-bc26-434f-b177-09c4db7edec1', '575b04fa-1d98-4ea2-9230-dc0e5450955c']"
10578926-3b4e-48b9-bf54-17f8968e09ba,12,"['f37f5b97-b6ac-4f7b-83e0-0d2b7154c42f', '8401f275-06f6-4653-9fa4-494a1127acc4', '8401f275-06f6-4653-9fa4-494a1127acc4', '8401f275-06f6-4653-9fa4-494a1127acc4', '8401f275-06f6-4653-9fa4-494a1127acc4', '8401f275-06f6-4653-9fa4-494a1127acc4', '8401f275-06f6-4653-9fa4-494a1127acc4', '8401f275-06f6-4653-9fa4-494a1127acc4', '8401f275-06f6-4653-9fa4-494a1127acc4', '8401f275-06f6-4653-9fa4-494a1127acc4', '8401f275-06f6-4653-9fa4-494a1127acc4', '8401f275-06f6-4653-9fa4-494a1127acc4', '8401f275-06f6-4653-9fa4-494a1127acc4', '92249aff-b77e-4b43-9ab0-c3eaca8f3890', '92249aff-b77e-4b43-9ab0-c3eaca8f3890', '92249aff-b77e-4b43-9ab0-c3eaca8f3890', 'dd810b12-9e34-4be3-97db-347e529a9c2e', 'dd810b12-9e34-4be3-97db-347e529a9c2e', 'dd810b12-9e34-4be3-97db-347e529a9c2e', 'dd810b12-9e34-4be3-97db-347e529a9c2e', 'dd810b12-9e34-4be3-97db-347e529a9c2e', 'dd810b12-9e34-4be3-97db-347e529a9c2e', '738bee6c-db78-4388-a164-244a0a370284', '738bee6c-db78-4388-a164-244a0a370284', '738bee6c-db78-4388-a164-244a0a370284', '738bee6c-db78-4388-a164-244a0a370284', '738bee6c-db78-4388-a164-244a0a370284', '738bee6c-db78-4388-a164-244a0a370284', '738bee6c-db78-4388-a164-244a0a370284', '738bee6c-db78-4388-a164-244a0a370284', '738bee6c-db78-4388-a164-244a0a370284', '48f9c0d1-0761-48ea-b8ab-a005940b84ae', '49168b93-2875-4e73-9276-05e14ee1f84e', 'b750eaba-6b5e-4053-908a-74a5f60ad6c0', '401494bc-c2f7-4ff7-884e-82284ca4bafd', '1deb3984-b1d5-451f-b0d0-deafa881c935', 'daec0ee3-9063-4156-8e20-de306101c880', '8a8677cd-0ac2-47d2-87e3-1faa39e96f41', 'dee125b5-75a0-48c3-bfe0-c1a376ddbfcb', '6ca136bc-04cf-45b5-b4e9-a940d2244ee6', '99048b48-029b-46b2-a50e-5d40161056cf', '03579b17-fcf4-4c19-b12a-7f76ae9c98e8', '67747d18-2688-4bd0-a358-d9aacbabbdf1', '7e20d626-4763-459e-ae41-22c0363a58d5', '72375c95-2163-482d-bf4c-4dedddd433b0', '7c6712a4-c511-42b5-a910-705c0b8df64d', '22a37882-0503-4fe6-a2e8-05ef8c912c2c', 'c077dfe7-9555-4950-9b9a-0e0ca0ffaf20', '5206f475-0063-4c92-8ba5-63ae8580e97d', '983898a4-19e9-44cf-af61-94f56055b158']"
10578926-3b4e-48b9-bf54-17f8968e09ba,13,"['8401f275-06f6-4653-9fa4-494a1127acc4', '8401f275-06f6-4653-9fa4-494a1127acc4', '8401f275-06f6-4653-9fa4-494a1127acc4', '8401f275-06f6-4653-9fa4-494a1127acc4', '8401f275-06f6-4653-9fa4-494a1127acc4', '8401f275-06f6-4653-9fa4-494a1127acc4', '8401f275-06f6-4653-9fa4-494a1127acc4', '92249aff-b77e-4b43-9ab0-c3eaca8f3890', 'dd810b12-9e34-4be3-97db-347e529a9c2e', 'dd810b12-9e34-4be3-97db-347e529a9c2e', 'dd810b12-9e34-4be3-97db-347e529a9c2e', 'dd810b12-9e34-4be3-97db-347e529a9c2e', 'dd810b12-9e34-4be3-97db-347e529a9c2e', 'dd810b12-9e34-4be3-97db-347e529a9c2e', '738bee6c-db78-4388-a164-244a0a370284', '738bee6c-db78-4388-a164-244a0a370284', '738bee6c-db78-4388-a164-244a0a370284', '738bee6c-db78-4388-a164-244a0a370284', '738bee6c-db78-4388-a164-244a0a370284', '738bee6c-db78-4388-a164-244a0a370284', '738bee6c-db78-4388-a164-244a0a370284', '738bee6c-db78-4388-a164-244a0a370284', '738bee6c-db78-4388-a164-244a0a370284', '738bee6c-db78-4388-a164-244a0a370284', '738bee6c-db78-4388-a164-244a0a370284', '7e20d626-4763-459e-ae41-22c0363a58d5', '7e20d626-4763-459e-ae41-22c0363a58d5', '7e20d626-4763-459e-ae41-22c0363a58d5', '7e20d626-4763-459e-ae41-22c0363a58d5', '7e20d626-4763-459e-ae41-22c0363a58d5', '7e20d626-4763-459e-ae41-22c0363a58d5', '7e20d626-4763-459e-ae41-22c0363a58d5', '7e20d626-4763-459e-ae41-22c0363a58d5', '7e20d626-4763-459e-ae41-22c0363a58d5', '7e20d626-4763-459e-ae41-22c0363a58d5', '7e20d626-4763-459e-ae41-22c0363a58d5', '7e20d626-4763-459e-ae41-22c0363a58d5', '7e20d626-4763-459e-ae41-22c0363a58d5', '7e20d626-4763-459e-ae41-22c0363a58d5', '7e20d626-4763-459e-ae41-22c0363a58d5', '7e20d626-4763-459e-ae41-22c0363a58d5', '7e20d626-4763-459e-ae41-22c0363a58d5', '7e20d626-4763-459e-ae41-22c0363a58d5', '7e20d626-4763-459e-ae41-22c0363a58d5', '60dfd493-24bf-4539-a2e9-6211f1dc7eb7', 'ec3d4271-4e5b-4a3e-93f8-8bc1a5646006', '8ca2fa24-19a4-40e7-8643-bb974de090f2', '203d7a5f-8fb8-479b-8a94-6e3e9e37940c', 'e3db68be-3d02-4815-a350-9d845b93ec2c', 'b9901b92-2fbb-4cb7-8b72-83b635de5a6b']"
897fac4d-2ae7-4558-bd3c-9775c176f7bf,15,"['e8748836-a7c2-4844-938f-c9be0c85efaf', 'e8748836-a7c2-4844-938f-c9be0c85efaf', 'e8748836-a7c2-4844-938f-c9be0c85efaf', 'e8748836-a7c2-4844-938f-c9be0c85efaf', 'e8748836-a7c2-4844-938f-c9be0c85efaf', 'e8748836-a7c2-4844-938f-c9be0c85efaf', 'e8748836-a7c2-4844-938f-c9be0c85efaf', 'e8748836-a7c2-4844-938f-c9be0c85efaf', 'e8748836-a7c2-4844-938f-c9be0c85efaf', 'e8748836-a7c2-4844-938f-c9be0c85efaf', 'e8748836-a7c2-4844-938f-c9be0c85efaf', 'e8748836-a7c2-4844-938f-c9be0c85efaf', 'e8748836-a7c2-4844-938f-c9be0c85efaf', 'abed5c56-a806-4491-9ffc-2ecdcd437371', 'abed5c56-a806-4491-9ffc-2ecdcd437371', 'abed5c56-a806-4491-9ffc-2ecdcd437371', 'abed5c56-a806-4491-9ffc-2ecdcd437371', 'abed5c56-a806-4491-9ffc-2ecdcd437371', 'abed5c56-a806-4491-9ffc-2ecdcd437371', 'abed5c56-a806-4491-9ffc-2ecdcd437371', 'abed5c56-a806-4491-9ffc-2ecdcd437371', 'abed5c56-a806-4491-9ffc-2ecdcd437371', 'abed5c56-a806-4491-9ffc-2ecdcd437371', 'abed5c56-a806-4491-9ffc-2ecdcd437371', 'bcefa546-c73a-4039-88bf-ee6309e5fa60', 'cb8aee15-e526-494e-b6dd-6488baa309cb', 'ff5489f4-e600-4964-9164-d986071efa94', '8deb5b56-df4a-4e87-8c2c-4037cef397af', 'a8d79adc-a663-420d-8926-11ae16b2fbfe', '3f0aafde-6cd6-4c32-8eb2-53257e5a6ffd', '59149764-1f1d-4435-87dd-7951e9768c1f', 'b139cbc7-0561-4aa9-a1df-7e49e03e4a0d', '0ed33bdd-abda-4021-96c9-33661b371efe', '24b87b26-4fbd-49c4-beb9-4671aae902d5', '3643cd02-8d89-46f8-85c8-5ea9e8484865', 'dc456caf-d4b8-4030-801e-056ed2e1f540', '5060b752-9b06-4014-93e1-955adf8cac9c', 'ec32456f-f1bb-4837-a7f7-2ef91669daed', '684bb470-bc26-434f-b177-09c4db7edec1', '575b04fa-1d98-4ea2-9230-dc0e5450955c', '2094f059-41ee-447b-b91c-204821255915', '9b5e1405-2284-464b-ba65-88dd2514d7ee', 'be1675b5-d3d2-432e-b02f-ceedb2340005', '207480ed-1044-4ee1-ae33-0ee45c425269', 'f076c185-048c-406d-a873-85d0b02128b9', 'a4a3e3ac-1cec-4231-8d30-8a95c8285323', 'bc93b60a-61ea-4be9-bc97-363bc61a971d', '3b4d6e8a-f689-46a4-8025-b5d8718e242c', '959bad43-d253-4075-91bc-5231ac7110a8', '7527bb1a-f6fc-4568-8993-2792ec4f0be8']"
10578926-3b4e-48b9-bf54-17f8968e09ba,14,"['8401f275-06f6-4653-9fa4-494a1127acc4', 'dd810b12-9e34-4be3-97db-347e529a9c2e', '738bee6c-db78-4388-a164-244a0a370284', '7e20d626-4763-459e-ae41-22c0363a58d5', '7e20d626-4763-459e-ae41-22c0363a58d5', '7e20d626-4763-459e-ae41-22c0363a58d5', '7e20d626-4763-459e-ae41-22c0363a58d5', '7e20d626-4763-459e-ae41-22c0363a58d5', '7e20d626-4763-459e-ae41-22c0363a58d5', '7e20d626-4763-459e-ae41-22c0363a58d5', '7e20d626-4763-459e-ae41-22c0363a58d5', '7e20d626-4763-459e-ae41-22c0363a58d5', '7e20d626-4763-459e-ae41-22c0363a58d5', '7e20d626-4763-459e-ae41-22c0363a58d5', '7e20d626-4763-459e-ae41-22c0363a58d5', '7e20d626-4763-459e-ae41-22c0363a58d5', '7e20d626-4763-459e-ae41-22c0363a58d5', '7e20d626-4763-459e-ae41-22c0363a58d5', '7e20d626-4763-459e-ae41-22c0363a58d5', '7e20d626-4763-459e-ae41-22c0363a58d5', '7e20d626-4763-459e-ae41-22c0363a58d5', '7e20d626-4763-459e-ae41-22c0363a58d5', '7e20d626-4763-459e-ae41-22c0363a58d5', '7e20d626-4763-459e-ae41-22c0363a58d5', '7e20d626-4763-459e-ae41-22c0363a58d5', '7e20d626-4763-459e-ae41-22c0363a58d5', '7e20d626-4763-459e-ae41-22c0363a58d5', '7e20d626-4763-459e-ae41-22c0363a58d5', '7e20d626-4763-459e-ae41-22c0363a58d5', '7e20d626-4763-459e-ae41-22c0363a58d5', '7e20d626-4763-459e-ae41-22c0363a58d5', '7e20d626-4763-459e-ae41-22c0363a58d5', '7e20d626-4763-459e-ae41-22c0363a58d5', '7e20d626-4763-459e-ae41-22c0363a58d5', '7e20d626-4763-459e-ae41-22c0363a58d5', '7e20d626-4763-459e-ae41-22c0363a58d5', '7e20d626-4763-459e-ae41-22c0363a58d5', '7e20d626-4763-459e-ae41-22c0363a58d5', '7e20d626-4763-459e-ae41-22c0363a58d5', 'a94e4238-b9eb-49ac-873c-40ce8bb3c3c3', '565eca18-771e-4133-bd94-78d232fdfa39', '23c869f0-797a-45c1-9465-14272dee6e1a', '20f146b9-873f-4617-a2f9-8bd27e74ae98', 'cb857d13-2ffc-4875-a5e1-94c865054450', 'eae2a77f-6b7b-4d35-8b0e-bb2d17c97dee', '1e7a6530-ba17-43f2-81da-805d15e1fbf3', 'b5245317-ea8c-483b-9f38-3013d3ca1045', 'aed0b95c-6436-414a-8e23-c472e9a545b5', 'd1c20240-f406-4e19-8297-a7da314e67d0', '57bc2baf-6ef1-481d-bad5-5729705a5916']"
10578926-3b4e-48b9-bf54-17f8968e09ba,15,"['8401f275-06f6-4653-9fa4-494a1127acc4', 'dd810b12-9e34-4be3-97db-347e529a9c2e', '738bee6c-db78-4388-a164-244a0a370284', '7e20d626-4763-459e-ae41-22c0363a58d5', '7e20d626-4763-459e-ae41-22c0363a58d5', '7e20d626-4763-459e-ae41-22c0363a58d5', '7e20d626-4763-459e-ae41-22c0363a58d5', '7e20d626-4763-459e-ae41-22c0363a58d5', '7e20d626-4763-459e-ae41-22c0363a58d5', '7e20d626-4763-459e-ae41-22c0363a58d5', '7e20d626-4763-459e-ae41-22c0363a58d5', '7e20d626-4763-459e-ae41-22c0363a58d5', '7e20d626-4763-459e-ae41-22c0363a58d5', '7e20d626-4763-459e-ae41-22c0363a58d5', '7e20d626-4763-459e-ae41-22c0363a58d5', '7e20d626-4763-459e-ae41-22c0363a58d5', '7e20d626-4763-459e-ae41-22c0363a58d5', '7e20d626-4763-459e-ae41-22c0363a58d5', '7e20d626-4763-459e-ae41-22c0363a58d5', '7e20d626-4763-459e-ae41-22c0363a58d5', '7e20d626-4763-459e-ae41-22c0363a58d5', '7e20d626-4763-459e-ae41-22c0363a58d5', '7e20d626-4763-459e-ae41-22c0363a58d5', '7e20d626-4763-459e-ae41-22c0363a58d5', '7e20d626-4763-459e-ae41-22c0363a58d5', '7e20d626-4763-459e-ae41-22c0363a58d5', '7e20d626-4763-459e-ae41-22c0363a58d5', '7e20d626-4763-459e-ae41-22c0363a58d5', '7e20d626-4763-459e-ae41-22c0363a58d5', 'a94e4238-b9eb-49ac-873c-40ce8bb3c3c3', '565eca18-771e-4133-bd94-78d232fdfa39', 'eae2a77f-6b7b-4d35-8b0e-bb2d17c97dee', '1e7a6530-ba17-43f2-81da-805d15e1fbf3', 'b5245317-ea8c-483b-9f38-3013d3ca1045', 'aed0b95c-6436-414a-8e23-c472e9a545b5', '57bc2baf-6ef1-481d-bad5-5729705a5916', 'c53ae19e-af3a-4047-9499-f9df02530aeb', '45dd8362-600c-45ea-812b-194f7560aab4', 'f4740381-c820-4843-a849-4fda97c85a80', 'a79418ae-6f2f-4652-a054-349999734ac3', '2350a0a8-0497-4812-9838-6644ff203104', 'ae4e8656-f7da-4121-97b9-24cb7d3a6f98', 'ddff62a2-913c-4d68-8f09-bac069ad205b', 'f3557b8d-266c-492d-a497-c6cdca50694d', '924c877c-ed33-48b5-9555-689ca3c9acb4', '521d9da6-213d-441e-94b4-7dcc32a41085', '1e910ae4-5101-4bc1-9372-711655a171d7', '00139b04-5e9f-4e8b-8567-c40375bec68f', '107696c5-13c4-4b38-8930-3d0f9091b094', '54270da5-15dd-4aa5-9893-6d1a8ceff618']"
ab748f85-d32e-4172-815d-ea2900dcb550,0,"['758cc6e1-db6f-4c78-9719-a077e0705133', '758cc6e1-db6f-4c78-9719-a077e0705133', '758cc6e1-db6f-4c78-9719-a077e0705133', '758cc6e1-db6f-4c78-9719-a077e0705133', '758cc6e1-db6f-4c78-9719-a077e0705133', '758cc6e1-db6f-4c78-9719-a077e0705133', '758cc6e1-db6f-4c78-9719-a077e0705133', '758cc6e1-db6f-4c78-9719-a077e0705133', '758cc6e1-db6f-4c78-9719-a077e0705133', '758cc6e1-db6f-4c78-9719-a077e0705133', '758cc6e1-db6f-4c78-9719-a077e0705133', '758cc6e1-db6f-4c78-9719-a077e0705133', '758cc6e1-db6f-4c78-9719-a077e0705133', '758cc6e1-db6f-4c78-9719-a077e0705133', '758cc6e1-db6f-4c78-9719-a077e0705133', '758cc6e1-db6f-4c78-9719-a077e0705133', '758cc6e1-db6f-4c78-9719-a077e0705133', '758cc6e1-db6f-4c78-9719-a077e0705133', '758cc6e1-db6f-4c78-9719-a077e0705133', '758cc6e1-db6f-4c78-9719-a077e0705133', '758cc6e1-db6f-4c78-9719-a077e0705133', '758cc6e1-db6f-4c78-9719-a077e0705133', '758cc6e1-db6f-4c78-9719-a077e0705133', '758cc6e1-db6f-4c78-9719-a077e0705133', '758cc6e1-db6f-4c78-9719-a077e0705133', '758cc6e1-db6f-4c78-9719-a077e0705133', '758cc6e1-db6f-4c78-9719-a077e0705133', '758cc6e1-db6f-4c78-9719-a077e0705133', '758cc6e1-db6f-4c78-9719-a077e0705133', '758cc6e1-db6f-4c78-9719-a077e0705133', '758cc6e1-db6f-4c78-9719-a077e0705133', '758cc6e1-db6f-4c78-9719-a077e0705133', '758cc6e1-db6f-4c78-9719-a077e0705133', '758cc6e1-db6f-4c78-9719-a077e0705133', '758cc6e1-db6f-4c78-9719-a077e0705133', '758cc6e1-db6f-4c78-9719-a077e0705133', '758cc6e1-db6f-4c78-9719-a077e0705133', '758cc6e1-db6f-4c78-9719-a077e0705133', '758cc6e1-db6f-4c78-9719-a077e0705133', '758cc6e1-db6f-4c78-9719-a077e0705133', '758cc6e1-db6f-4c78-9719-a077e0705133', '758cc6e1-db6f-4c78-9719-a077e0705133', '758cc6e1-db6f-4c78-9719-a077e0705133', '758cc6e1-db6f-4c78-9719-a077e0705133', '758cc6e1-db6f-4c78-9719-a077e0705133', '758cc6e1-db6f-4c78-9719-a077e0705133', '758cc6e1-db6f-4c78-9719-a077e0705133', '758cc6e1-db6f-4c78-9719-a077e0705133', '758cc6e1-db6f-4c78-9719-a077e0705133', '758cc6e1-db6f-4c78-9719-a077e0705133']"
ab748f85-d32e-4172-815d-ea2900dcb550,1,"['758cc6e1-db6f-4c78-9719-a077e0705133', '758cc6e1-db6f-4c78-9719-a077e0705133', '758cc6e1-db6f-4c78-9719-a077e0705133', '758cc6e1-db6f-4c78-9719-a077e0705133', '758cc6e1-db6f-4c78-9719-a077e0705133', '758cc6e1-db6f-4c78-9719-a077e0705133', '758cc6e1-db6f-4c78-9719-a077e0705133', '758cc6e1-db6f-4c78-9719-a077e0705133', '758cc6e1-db6f-4c78-9719-a077e0705133', '758cc6e1-db6f-4c78-9719-a077e0705133', '758cc6e1-db6f-4c78-9719-a077e0705133', '758cc6e1-db6f-4c78-9719-a077e0705133', '758cc6e1-db6f-4c78-9719-a077e0705133', '758cc6e1-db6f-4c78-9719-a077e0705133', '758cc6e1-db6f-4c78-9719-a077e0705133', '758cc6e1-db6f-4c78-9719-a077e0705133', '758cc6e1-db6f-4c78-9719-a077e0705133', '758cc6e1-db6f-4c78-9719-a077e0705133', '758cc6e1-db6f-4c78-9719-a077e0705133', '758cc6e1-db6f-4c78-9719-a077e0705133', '758cc6e1-db6f-4c78-9719-a077e0705133', '758cc6e1-db6f-4c78-9719-a077e0705133', '758cc6e1-db6f-4c78-9719-a077e0705133', '758cc6e1-db6f-4c78-9719-a077e0705133', '758cc6e1-db6f-4c78-9719-a077e0705133', '758cc6e1-db6f-4c78-9719-a077e0705133', '758cc6e1-db6f-4c78-9719-a077e0705133', '758cc6e1-db6f-4c78-9719-a077e0705133', '758cc6e1-db6f-4c78-9719-a077e0705133', '758cc6e1-db6f-4c78-9719-a077e0705133', '758cc6e1-db6f-4c78-9719-a077e0705133', '758cc6e1-db6f-4c78-9719-a077e0705133', '758cc6e1-db6f-4c78-9719-a077e0705133', '758cc6e1-db6f-4c78-9719-a077e0705133', '758cc6e1-db6f-4c78-9719-a077e0705133', '758cc6e1-db6f-4c78-9719-a077e0705133', '758cc6e1-db6f-4c78-9719-a077e0705133', '758cc6e1-db6f-4c78-9719-a077e0705133', '758cc6e1-db6f-4c78-9719-a077e0705133', '758cc6e1-db6f-4c78-9719-a077e0705133', '758cc6e1-db6f-4c78-9719-a077e0705133', 'a0cb22bc-b932-48c2-9047-a480666b260b', '0d6cbe33-e1dd-42de-98cc-c9282d07e698', '0c068ca6-48e5-4a9d-9f15-38ae20d46971', '56759fd9-f361-4dd7-bfbf-ead29406925a', 'da00e7c9-48a3-42eb-848c-79345f7bdbaa', 'd35b3671-623f-460e-afa4-60e84d9abd2d', '1c1164bc-c315-429a-aebc-1d5e5d186808', '4c1ede9c-84eb-4eea-8de9-a80d026255bd', '847e034a-c5b8-488d-ab85-c33ad4563b9f']"
ab748f85-d32e-4172-815d-ea2900dcb550,2,"['a0cb22bc-b932-48c2-9047-a480666b260b', 'a0cb22bc-b932-48c2-9047-a480666b260b', '0d6cbe33-e1dd-42de-98cc-c9282d07e698', '0c068ca6-48e5-4a9d-9f15-38ae20d46971', '0c068ca6-48e5-4a9d-9f15-38ae20d46971', '0c068ca6-48e5-4a9d-9f15-38ae20d46971', '0c068ca6-48e5-4a9d-9f15-38ae20d46971', '0c068ca6-48e5-4a9d-9f15-38ae20d46971', '0c068ca6-48e5-4a9d-9f15-38ae20d46971', '0c068ca6-48e5-4a9d-9f15-38ae20d46971', '0c068ca6-48e5-4a9d-9f15-38ae20d46971', '0c068ca6-48e5-4a9d-9f15-38ae20d46971', '0c068ca6-48e5-4a9d-9f15-38ae20d46971', '0c068ca6-48e5-4a9d-9f15-38ae20d46971', '0c068ca6-48e5-4a9d-9f15-38ae20d46971', '0c068ca6-48e5-4a9d-9f15-38ae20d46971', '0c068ca6-48e5-4a9d-9f15-38ae20d46971', '0c068ca6-48e5-4a9d-9f15-38ae20d46971', '0c068ca6-48e5-4a9d-9f15-38ae20d46971', '0c068ca6-48e5-4a9d-9f15-38ae20d46971', '0c068ca6-48e5-4a9d-9f15-38ae20d46971', '0c068ca6-48e5-4a9d-9f15-38ae20d46971', 'da00e7c9-48a3-42eb-848c-79345f7bdbaa', 'da00e7c9-48a3-42eb-848c-79345f7bdbaa', 'da00e7c9-48a3-42eb-848c-79345f7bdbaa', 'da00e7c9-48a3-42eb-848c-79345f7bdbaa', 'da00e7c9-48a3-42eb-848c-79345f7bdbaa', 'd35b3671-623f-460e-afa4-60e84d9abd2d', 'd35b3671-623f-460e-afa4-60e84d9abd2d', 'd35b3671-623f-460e-afa4-60e84d9abd2d', 'd35b3671-623f-460e-afa4-60e84d9abd2d', 'd35b3671-623f-460e-afa4-60e84d9abd2d', 'd35b3671-623f-460e-afa4-60e84d9abd2d', 'd35b3671-623f-460e-afa4-60e84d9abd2d', 'd35b3671-623f-460e-afa4-60e84d9abd2d', 'd35b3671-623f-460e-afa4-60e84d9abd2d', 'd35b3671-623f-460e-afa4-60e84d9abd2d', 'd35b3671-623f-460e-afa4-60e84d9abd2d', '1c1164bc-c315-429a-aebc-1d5e5d186808', '1c1164bc-c315-429a-aebc-1d5e5d186808', '1c1164bc-c315-429a-aebc-1d5e5d186808', '4c1ede9c-84eb-4eea-8de9-a80d026255bd', '4c1ede9c-84eb-4eea-8de9-a80d026255bd', '847e034a-c5b8-488d-ab85-c33ad4563b9f', '0691900a-7d6e-4c68-8069-707b4e3d4bf4', 'e4c88526-524c-4e3e-8a1f-32c000185345', 'e1850448-3f7a-424c-b34b-b51845aa452c', '3d7d9efd-9629-4ed8-a2ef-8d53293aba30', 'b3732f46-de43-4ce1-a5bc-ea517aeaff51', 'c649a9c4-435c-445e-ad00-f6b0fad8bd83']"
ab748f85-d32e-4172-815d-ea2900dcb550,3,"['a0cb22bc-b932-48c2-9047-a480666b260b', 'a0cb22bc-b932-48c2-9047-a480666b260b', '0d6cbe33-e1dd-42de-98cc-c9282d07e698', '0c068ca6-48e5-4a9d-9f15-38ae20d46971', '0c068ca6-48e5-4a9d-9f15-38ae20d46971', '0c068ca6-48e5-4a9d-9f15-38ae20d46971', '0c068ca6-48e5-4a9d-9f15-38ae20d46971', '0c068ca6-48e5-4a9d-9f15-38ae20d46971', '0c068ca6-48e5-4a9d-9f15-38ae20d46971', '0c068ca6-48e5-4a9d-9f15-38ae20d46971', '0c068ca6-48e5-4a9d-9f15-38ae20d46971', '0c068ca6-48e5-4a9d-9f15-38ae20d46971', '0c068ca6-48e5-4a9d-9f15-38ae20d46971', '0c068ca6-48e5-4a9d-9f15-38ae20d46971', '0c068ca6-48e5-4a9d-9f15-38ae20d46971', '0c068ca6-48e5-4a9d-9f15-38ae20d46971', '0c068ca6-48e5-4a9d-9f15-38ae20d46971', '0c068ca6-48e5-4a9d-9f15-38ae20d46971', '0c068ca6-48e5-4a9d-9f15-38ae20d46971', '0c068ca6-48e5-4a9d-9f15-38ae20d46971', 'da00e7c9-48a3-42eb-848c-79345f7bdbaa', 'da00e7c9-48a3-42eb-848c-79345f7bdbaa', 'da00e7c9-48a3-42eb-848c-79345f7bdbaa', 'da00e7c9-48a3-42eb-848c-79345f7bdbaa', 'd35b3671-623f-460e-afa4-60e84d9abd2d', 'd35b3671-623f-460e-afa4-60e84d9abd2d', 'd35b3671-623f-460e-afa4-60e84d9abd2d', 'd35b3671-623f-460e-afa4-60e84d9abd2d', 'd35b3671-623f-460e-afa4-60e84d9abd2d', 'd35b3671-623f-460e-afa4-60e84d9abd2d', '1c1164bc-c315-429a-aebc-1d5e5d186808', '1c1164bc-c315-429a-aebc-1d5e5d186808', '1c1164bc-c315-429a-aebc-1d5e5d186808', '4c1ede9c-84eb-4eea-8de9-a80d026255bd', '4c1ede9c-84eb-4eea-8de9-a80d026255bd', '847e034a-c5b8-488d-ab85-c33ad4563b9f', '0691900a-7d6e-4c68-8069-707b4e3d4bf4', '3d7d9efd-9629-4ed8-a2ef-8d53293aba30', 'b3732f46-de43-4ce1-a5bc-ea517aeaff51', 'c649a9c4-435c-445e-ad00-f6b0fad8bd83', 'f6fa236c-cecf-4673-8d83-3955710e26b0', '4dc85121-5444-415a-beb2-ec5f37d71751', 'd81d1484-db71-4717-9355-fd61d7334ad5', '681550eb-3b62-4466-917a-f093d1ea8988', 'db70c142-177e-4425-9bea-46a82d90c5a4', '50eb04fc-72c6-478e-b486-2fd9d233e3fa', '8d0790e1-168a-4e3b-9f03-0a4fd668908c', '9bb20795-49fb-41b6-9d9c-e3d193e72dec', 'be718b46-014c-4552-9634-086ab2f82b40', 'bcb9c341-e221-4b18-b1fb-a71ba17a50ad']"
ab748f85-d32e-4172-815d-ea2900dcb550,4,"['0c068ca6-48e5-4a9d-9f15-38ae20d46971', '0c068ca6-48e5-4a9d-9f15-38ae20d46971', '0c068ca6-48e5-4a9d-9f15-38ae20d46971', '0c068ca6-48e5-4a9d-9f15-38ae20d46971', '0c068ca6-48e5-4a9d-9f15-38ae20d46971', '0c068ca6-48e5-4a9d-9f15-38ae20d46971', '0c068ca6-48e5-4a9d-9f15-38ae20d46971', 'da00e7c9-48a3-42eb-848c-79345f7bdbaa', 'd35b3671-623f-460e-afa4-60e84d9abd2d', 'b3732f46-de43-4ce1-a5bc-ea517aeaff51', '681550eb-3b62-4466-917a-f093d1ea8988', '8d0790e1-168a-4e3b-9f03-0a4fd668908c', '8d0790e1-168a-4e3b-9f03-0a4fd668908c', '8d0790e1-168a-4e3b-9f03-0a4fd668908c', 'bcb9c341-e221-4b18-b1fb-a71ba17a50ad', 'bcb9c341-e221-4b18-b1fb-a71ba17a50ad', 'bcb9c341-e221-4b18-b1fb-a71ba17a50ad', 'bcb9c341-e221-4b18-b1fb-a71ba17a50ad', 'bcb9c341-e221-4b18-b1fb-a71ba17a50ad', 'bcb9c341-e221-4b18-b1fb-a71ba17a50ad', 'bcb9c341-e221-4b18-b1fb-a71ba17a50ad', 'bcb9c341-e221-4b18-b1fb-a71ba17a50ad', 'bcb9c341-e221-4b18-b1fb-a71ba17a50ad', 'bcb9c341-e221-4b18-b1fb-a71ba17a50ad', 'bcb9c341-e221-4b18-b1fb-a71ba17a50ad', 'bcb9c341-e221-4b18-b1fb-a71ba17a50ad', 'bcb9c341-e221-4b18-b1fb-a71ba17a50ad', 'bcb9c341-e221-4b18-b1fb-a71ba17a50ad', 'bcb9c341-e221-4b18-b1fb-a71ba17a50ad', 'bcb9c341-e221-4b18-b1fb-a71ba17a50ad', 'bcb9c341-e221-4b18-b1fb-a71ba17a50ad', 'bcb9c341-e221-4b18-b1fb-a71ba17a50ad', 'bcb9c341-e221-4b18-b1fb-a71ba17a50ad', 'bcb9c341-e221-4b18-b1fb-a71ba17a50ad', 'bcb9c341-e221-4b18-b1fb-a71ba17a50ad', 'bcb9c341-e221-4b18-b1fb-a71ba17a50ad', 'bcb9c341-e221-4b18-b1fb-a71ba17a50ad', 'bcb9c341-e221-4b18-b1fb-a71ba17a50ad', '19449c85-9c2a-44da-bc74-98e3ba80d17e', 'a9aba596-025c-4f28-b5bc-0fe29aa19104', '840d8c3e-6eb7-4891-a34e-d88c5e7b3606', 'ab71e3a8-124b-4674-a020-69b282357cc1', '7e6190af-f3df-4b86-b86d-9a6488b5aa08', '065e6f8e-9e36-43c0-9a45-825c2fef8905', '2355a869-af46-4b30-a82d-0d000ac22aa6', '24903cfd-bc8e-487a-9654-53d9516cef35', 'e994ea1a-a9c1-4241-9ca0-0fbc3cf5952b', '1d7bc36c-8e0c-4d5a-8c07-672ce93f2b45', 'a868021a-9577-4ae5-9049-7f6f2331a79f', 'c0df9100-6544-4c36-82de-e84d44387fa1']"
ab748f85-d32e-4172-815d-ea2900dcb550,5,"['8d0790e1-168a-4e3b-9f03-0a4fd668908c', 'bcb9c341-e221-4b18-b1fb-a71ba17a50ad', 'bcb9c341-e221-4b18-b1fb-a71ba17a50ad', 'bcb9c341-e221-4b18-b1fb-a71ba17a50ad', 'bcb9c341-e221-4b18-b1fb-a71ba17a50ad', 'bcb9c341-e221-4b18-b1fb-a71ba17a50ad', 'bcb9c341-e221-4b18-b1fb-a71ba17a50ad', 'bcb9c341-e221-4b18-b1fb-a71ba17a50ad', 'bcb9c341-e221-4b18-b1fb-a71ba17a50ad', 'bcb9c341-e221-4b18-b1fb-a71ba17a50ad', 'bcb9c341-e221-4b18-b1fb-a71ba17a50ad', 'bcb9c341-e221-4b18-b1fb-a71ba17a50ad', 'bcb9c341-e221-4b18-b1fb-a71ba17a50ad', 'bcb9c341-e221-4b18-b1fb-a71ba17a50ad', 'bcb9c341-e221-4b18-b1fb-a71ba17a50ad', 'bcb9c341-e221-4b18-b1fb-a71ba17a50ad', 'bcb9c341-e221-4b18-b1fb-a71ba17a50ad', 'bcb9c341-e221-4b18-b1fb-a71ba17a50ad', 'bcb9c341-e221-4b18-b1fb-a71ba17a50ad', 'bcb9c341-e221-4b18-b1fb-a71ba17a50ad', 'bcb9c341-e221-4b18-b1fb-a71ba17a50ad', 'bcb9c341-e221-4b18-b1fb-a71ba17a50ad', 'bcb9c341-e221-4b18-b1fb-a71ba17a50ad', 'bcb9c341-e221-4b18-b1fb-a71ba17a50ad', 'bcb9c341-e221-4b18-b1fb-a71ba17a50ad', 'bcb9c341-e221-4b18-b1fb-a71ba17a50ad', 'bcb9c341-e221-4b18-b1fb-a71ba17a50ad', 'bcb9c341-e221-4b18-b1fb-a71ba17a50ad', 'bcb9c341-e221-4b18-b1fb-a71ba17a50ad', 'bcb9c341-e221-4b18-b1fb-a71ba17a50ad', 'bcb9c341-e221-4b18-b1fb-a71ba17a50ad', 'bcb9c341-e221-4b18-b1fb-a71ba17a50ad', 'bcb9c341-e221-4b18-b1fb-a71ba17a50ad', 'bcb9c341-e221-4b18-b1fb-a71ba17a50ad', 'bcb9c341-e221-4b18-b1fb-a71ba17a50ad', 'bcb9c341-e221-4b18-b1fb-a71ba17a50ad', '24903cfd-bc8e-487a-9654-53d9516cef35', '24903cfd-bc8e-487a-9654-53d9516cef35', '24903cfd-bc8e-487a-9654-53d9516cef35', 'ddafadd4-f7c5-473b-bce4-285a52ca2d54', '8904619a-fa6a-4e1b-9c0d-681bf184e0fd', 'b73a9071-eace-4792-a34b-df9cd6d20c8d', 'fb0e8c1a-7e66-46b7-a0f6-7136312d2ddd', '7a1aa397-6af6-41e5-b9c5-bdd611d71654', '06b3a185-4ca5-4490-b9a8-ef4ba6c60d25', '9488affe-9985-4a10-8204-92fc7d644917', 'b5dc96db-9e2b-4628-ae73-e7edc2d83855', '2b2790f5-aaa8-49c6-a6fa-19f814eeebbb', '16e7e763-ffd2-4fdf-95c2-abfcf7319ed5', '7d68967e-c6a7-4417-9940-3f7a9fa4d037']"
ab748f85-d32e-4172-815d-ea2900dcb550,6,"['8d0790e1-168a-4e3b-9f03-0a4fd668908c', 'bcb9c341-e221-4b18-b1fb-a71ba17a50ad', 'bcb9c341-e221-4b18-b1fb-a71ba17a50ad', 'bcb9c341-e221-4b18-b1fb-a71ba17a50ad', 'bcb9c341-e221-4b18-b1fb-a71ba17a50ad', 'bcb9c341-e221-4b18-b1fb-a71ba17a50ad', 'bcb9c341-e221-4b18-b1fb-a71ba17a50ad', 'bcb9c341-e221-4b18-b1fb-a71ba17a50ad', 'bcb9c341-e221-4b18-b1fb-a71ba17a50ad', 'bcb9c341-e221-4b18-b1fb-a71ba17a50ad', 'bcb9c341-e221-4b18-b1fb-a71ba17a50ad', 'bcb9c341-e221-4b18-b1fb-a71ba17a50ad', 'bcb9c341-e221-4b18-b1fb-a71ba17a50ad', 'bcb9c341-e221-4b18-b1fb-a71ba17a50ad', 'bcb9c341-e221-4b18-b1fb-a71ba17a50ad', 'bcb9c341-e221-4b18-b1fb-a71ba17a50ad', 'bcb9c341-e221-4b18-b1fb-a71ba17a50ad', 'bcb9c341-e221-4b18-b1fb-a71ba17a50ad', 'bcb9c341-e221-4b18-b1fb-a71ba17a50ad', 'bcb9c341-e221-4b18-b1fb-a71ba17a50ad', 'bcb9c341-e221-4b18-b1fb-a71ba17a50ad', 'bcb9c341-e221-4b18-b1fb-a71ba17a50ad', 'bcb9c341-e221-4b18-b1fb-a71ba17a50ad', 'bcb9c341-e221-4b18-b1fb-a71ba17a50ad', 'bcb9c341-e221-4b18-b1fb-a71ba17a50ad', 'bcb9c341-e221-4b18-b1fb-a71ba17a50ad', 'bcb9c341-e221-4b18-b1fb-a71ba17a50ad', 'bcb9c341-e221-4b18-b1fb-a71ba17a50ad', 'bcb9c341-e221-4b18-b1fb-a71ba17a50ad', 'bcb9c341-e221-4b18-b1fb-a71ba17a50ad', 'bcb9c341-e221-4b18-b1fb-a71ba17a50ad', '24903cfd-bc8e-487a-9654-53d9516cef35', '24903cfd-bc8e-487a-9654-53d9516cef35', '24903cfd-bc8e-487a-9654-53d9516cef35', 'ddafadd4-f7c5-473b-bce4-285a52ca2d54', '8904619a-fa6a-4e1b-9c0d-681bf184e0fd', 'fb0e8c1a-7e66-46b7-a0f6-7136312d2ddd', '7a1aa397-6af6-41e5-b9c5-bdd611d71654', '9488affe-9985-4a10-8204-92fc7d644917', 'b5dc96db-9e2b-4628-ae73-e7edc2d83855', '2b2790f5-aaa8-49c6-a6fa-19f814eeebbb', '16e7e763-ffd2-4fdf-95c2-abfcf7319ed5', '7d68967e-c6a7-4417-9940-3f7a9fa4d037', '9be1c7ec-b2c2-479a-a68a-e0728b7111cc', 'e9e7eed0-602b-4814-8477-454c5b3899e8', '33dd5432-c4eb-45e4-92ae-f20eaae0ccfd', '232005ff-ef36-48fc-bbac-ea8def8a1d86', '4199380e-7923-4556-9147-7673879f74eb', '2ff976b7-876f-4c02-8edc-d58884522d43', '2fc04776-be1e-4c1a-adef-35230089d17d']"
ab748f85-d32e-4172-815d-ea2900dcb550,7,"['8d0790e1-168a-4e3b-9f03-0a4fd668908c', 'bcb9c341-e221-4b18-b1fb-a71ba17a50ad', 'bcb9c341-e221-4b18-b1fb-a71ba17a50ad', 'bcb9c341-e221-4b18-b1fb-a71ba17a50ad', 'bcb9c341-e221-4b18-b1fb-a71ba17a50ad', 'bcb9c341-e221-4b18-b1fb-a71ba17a50ad', 'bcb9c341-e221-4b18-b1fb-a71ba17a50ad', 'bcb9c341-e221-4b18-b1fb-a71ba17a50ad', 'bcb9c341-e221-4b18-b1fb-a71ba17a50ad', 'bcb9c341-e221-4b18-b1fb-a71ba17a50ad', 'bcb9c341-e221-4b18-b1fb-a71ba17a50ad', 'bcb9c341-e221-4b18-b1fb-a71ba17a50ad', 'bcb9c341-e221-4b18-b1fb-a71ba17a50ad', 'bcb9c341-e221-4b18-b1fb-a71ba17a50ad', 'bcb9c341-e221-4b18-b1fb-a71ba17a50ad', 'bcb9c341-e221-4b18-b1fb-a71ba17a50ad', 'bcb9c341-e221-4b18-b1fb-a71ba17a50ad', 'bcb9c341-e221-4b18-b1fb-a71ba17a50ad', 'bcb9c341-e221-4b18-b1fb-a71ba17a50ad', 'bcb9c341-e221-4b18-b1fb-a71ba17a50ad', 'bcb9c341-e221-4b18-b1fb-a71ba17a50ad', 'bcb9c341-e221-4b18-b1fb-a71ba17a50ad', 'bcb9c341-e221-4b18-b1fb-a71ba17a50ad', 'bcb9c341-e221-4b18-b1fb-a71ba17a50ad', 'bcb9c341-e221-4b18-b1fb-a71ba17a50ad', '24903cfd-bc8e-487a-9654-53d9516cef35', '24903cfd-bc8e-487a-9654-53d9516cef35', 'ddafadd4-f7c5-473b-bce4-285a52ca2d54', '8904619a-fa6a-4e1b-9c0d-681bf184e0fd', 'b5dc96db-9e2b-4628-ae73-e7edc2d83855', '16e7e763-ffd2-4fdf-95c2-abfcf7319ed5', '7d68967e-c6a7-4417-9940-3f7a9fa4d037', '9be1c7ec-b2c2-479a-a68a-e0728b7111cc', 'e9e7eed0-602b-4814-8477-454c5b3899e8', '33dd5432-c4eb-45e4-92ae-f20eaae0ccfd', '232005ff-ef36-48fc-bbac-ea8def8a1d86', '2ff976b7-876f-4c02-8edc-d58884522d43', '2fc04776-be1e-4c1a-adef-35230089d17d', 'b5cecffa-dc1c-4035-8cfc-58ea8eddf5bf', '91a99273-da48-45a9-ad1d-6001ffea56d6', '1751f4d5-8ff7-43b7-8a66-a271375d32ec', 'ea74441f-0704-4a25-90b1-3e7cff83f096', '935abbcd-12d8-4dd5-9480-b937883bf289', 'a761c713-fd72-48c7-bf94-56d04c0ec0a8', 'cfe07c77-11d4-4339-a35a-8136991c274c', '2da834fc-fa6d-4c18-bb2e-eb94e2d7f356', '8adc37cb-289e-4346-adc0-7933c5c439b3', 'd9e2661f-0238-42bb-96ff-c1a3661b15f6', 'c78b9f84-81a8-43d0-89d1-c09457cf2b71', 'df8e9b5c-f736-4a18-9031-0de2a4026cfd']"
ab748f85-d32e-4172-815d-ea2900dcb550,8,"['bcb9c341-e221-4b18-b1fb-a71ba17a50ad', 'bcb9c341-e221-4b18-b1fb-a71ba17a50ad', 'bcb9c341-e221-4b18-b1fb-a71ba17a50ad', 'bcb9c341-e221-4b18-b1fb-a71ba17a50ad', 'bcb9c341-e221-4b18-b1fb-a71ba17a50ad', 'bcb9c341-e221-4b18-b1fb-a71ba17a50ad', 'bcb9c341-e221-4b18-b1fb-a71ba17a50ad', 'bcb9c341-e221-4b18-b1fb-a71ba17a50ad', 'bcb9c341-e221-4b18-b1fb-a71ba17a50ad', 'bcb9c341-e221-4b18-b1fb-a71ba17a50ad', 'bcb9c341-e221-4b18-b1fb-a71ba17a50ad', 'bcb9c341-e221-4b18-b1fb-a71ba17a50ad', 'bcb9c341-e221-4b18-b1fb-a71ba17a50ad', 'bcb9c341-e221-4b18-b1fb-a71ba17a50ad', '24903cfd-bc8e-487a-9654-53d9516cef35', '24903cfd-bc8e-487a-9654-53d9516cef35', '24903cfd-bc8e-487a-9654-53d9516cef35', '24903cfd-bc8e-487a-9654-53d9516cef35', '935abbcd-12d8-4dd5-9480-b937883bf289', '935abbcd-12d8-4dd5-9480-b937883bf289', '2da834fc-fa6d-4c18-bb2e-eb94e2d7f356', '2da834fc-fa6d-4c18-bb2e-eb94e2d7f356', '2da834fc-fa6d-4c18-bb2e-eb94e2d7f356', '2da834fc-fa6d-4c18-bb2e-eb94e2d7f356', '2da834fc-fa6d-4c18-bb2e-eb94e2d7f356', '2da834fc-fa6d-4c18-bb2e-eb94e2d7f356', '2da834fc-fa6d-4c18-bb2e-eb94e2d7f356', '2da834fc-fa6d-4c18-bb2e-eb94e2d7f356', '2da834fc-fa6d-4c18-bb2e-eb94e2d7f356', '2da834fc-fa6d-4c18-bb2e-eb94e2d7f356', '2da834fc-fa6d-4c18-bb2e-eb94e2d7f356', '2da834fc-fa6d-4c18-bb2e-eb94e2d7f356', '2da834fc-fa6d-4c18-bb2e-eb94e2d7f356', '2da834fc-fa6d-4c18-bb2e-eb94e2d7f356', '2da834fc-fa6d-4c18-bb2e-eb94e2d7f356', '2da834fc-fa6d-4c18-bb2e-eb94e2d7f356', '2da834fc-fa6d-4c18-bb2e-eb94e2d7f356', '2da834fc-fa6d-4c18-bb2e-eb94e2d7f356', '2da834fc-fa6d-4c18-bb2e-eb94e2d7f356', '2da834fc-fa6d-4c18-bb2e-eb94e2d7f356', '2da834fc-fa6d-4c18-bb2e-eb94e2d7f356', '2da834fc-fa6d-4c18-bb2e-eb94e2d7f356', 'dac1407e-1ff1-4639-98ec-2cb9425910ec', '2a158cba-c4a5-425f-bce0-10690287be40', 'c19176dc-d43d-424b-b4bb-7dc738cc46c6', '691a4866-3488-4519-a4e4-353fc09c96ae', '3cc9a2d6-1ba8-4812-8376-5cd020967837', '68c0f7d1-b8c8-402a-a278-92b8e4c23073', 'f58d6189-f649-4953-af09-a0bd9bb0967e', '84e5e7ec-482e-4a8e-b09f-1976d4914e79']"
ab748f85-d32e-4172-815d-ea2900dcb550,9,"['24903cfd-bc8e-487a-9654-53d9516cef35', '2da834fc-fa6d-4c18-bb2e-eb94e2d7f356', '2da834fc-fa6d-4c18-bb2e-eb94e2d7f356', '2da834fc-fa6d-4c18-bb2e-eb94e2d7f356', '2da834fc-fa6d-4c18-bb2e-eb94e2d7f356', '2da834fc-fa6d-4c18-bb2e-eb94e2d7f356', '2da834fc-fa6d-4c18-bb2e-eb94e2d7f356', '2da834fc-fa6d-4c18-bb2e-eb94e2d7f356', '2da834fc-fa6d-4c18-bb2e-eb94e2d7f356', '2da834fc-fa6d-4c18-bb2e-eb94e2d7f356', '2da834fc-fa6d-4c18-bb2e-eb94e2d7f356', '2da834fc-fa6d-4c18-bb2e-eb94e2d7f356', '2da834fc-fa6d-4c18-bb2e-eb94e2d7f356', '2da834fc-fa6d-4c18-bb2e-eb94e2d7f356', '2da834fc-fa6d-4c18-bb2e-eb94e2d7f356', '2da834fc-fa6d-4c18-bb2e-eb94e2d7f356', '2da834fc-fa6d-4c18-bb2e-eb94e2d7f356', '2da834fc-fa6d-4c18-bb2e-eb94e2d7f356', '2da834fc-fa6d-4c18-bb2e-eb94e2d7f356', '2da834fc-fa6d-4c18-bb2e-eb94e2d7f356', '2da834fc-fa6d-4c18-bb2e-eb94e2d7f356', '2da834fc-fa6d-4c18-bb2e-eb94e2d7f356', '2da834fc-fa6d-4c18-bb2e-eb94e2d7f356', '2da834fc-fa6d-4c18-bb2e-eb94e2d7f356', '2da834fc-fa6d-4c18-bb2e-eb94e2d7f356', '2da834fc-fa6d-4c18-bb2e-eb94e2d7f356', '2da834fc-fa6d-4c18-bb2e-eb94e2d7f356', '2da834fc-fa6d-4c18-bb2e-eb94e2d7f356', '2da834fc-fa6d-4c18-bb2e-eb94e2d7f356', '2da834fc-fa6d-4c18-bb2e-eb94e2d7f356', '2da834fc-fa6d-4c18-bb2e-eb94e2d7f356', '2da834fc-fa6d-4c18-bb2e-eb94e2d7f356', '2da834fc-fa6d-4c18-bb2e-eb94e2d7f356', '2da834fc-fa6d-4c18-bb2e-eb94e2d7f356', '2da834fc-fa6d-4c18-bb2e-eb94e2d7f356', '2da834fc-fa6d-4c18-bb2e-eb94e2d7f356', '2da834fc-fa6d-4c18-bb2e-eb94e2d7f356', '2da834fc-fa6d-4c18-bb2e-eb94e2d7f356', '2da834fc-fa6d-4c18-bb2e-eb94e2d7f356', '6031135a-7627-4074-9975-29dc83d59f6e', '74e8206f-4c5d-4732-b993-0f9a4494f491', '271c04c7-9a85-42a8-af62-8bc836286e92', '40e415fc-1eac-4324-8ece-bcbd34ee1009', '6cd63ca0-633b-4a29-8354-e8ca6074777d', '8b3db9a8-e142-4f35-a48c-1ba8cb6576b4', 'c1fb74b7-b40c-4099-b6b8-e02bfa87b595', 'a8fca476-abc7-4621-bc0f-b81c609a5102', '10aa4f7b-2dba-4ad8-bfe0-50d2648a26bd', 'ec515c91-476c-4793-a885-9711aec550fc', 'ec40cfa4-57f7-497c-a254-1c840284f615']"
ab748f85-d32e-4172-815d-ea2900dcb550,10,"['24903cfd-bc8e-487a-9654-53d9516cef35', '2da834fc-fa6d-4c18-bb2e-eb94e2d7f356', '2da834fc-fa6d-4c18-bb2e-eb94e2d7f356', '2da834fc-fa6d-4c18-bb2e-eb94e2d7f356', '2da834fc-fa6d-4c18-bb2e-eb94e2d7f356', '2da834fc-fa6d-4c18-bb2e-eb94e2d7f356', '2da834fc-fa6d-4c18-bb2e-eb94e2d7f356', '2da834fc-fa6d-4c18-bb2e-eb94e2d7f356', '2da834fc-fa6d-4c18-bb2e-eb94e2d7f356', '2da834fc-fa6d-4c18-bb2e-eb94e2d7f356', '2da834fc-fa6d-4c18-bb2e-eb94e2d7f356', '2da834fc-fa6d-4c18-bb2e-eb94e2d7f356', '2da834fc-fa6d-4c18-bb2e-eb94e2d7f356', '2da834fc-fa6d-4c18-bb2e-eb94e2d7f356', '2da834fc-fa6d-4c18-bb2e-eb94e2d7f356', '2da834fc-fa6d-4c18-bb2e-eb94e2d7f356', '2da834fc-fa6d-4c18-bb2e-eb94e2d7f356', '2da834fc-fa6d-4c18-bb2e-eb94e2d7f356', '2da834fc-fa6d-4c18-bb2e-eb94e2d7f356', '2da834fc-fa6d-4c18-bb2e-eb94e2d7f356', '2da834fc-fa6d-4c18-bb2e-eb94e2d7f356', '2da834fc-fa6d-4c18-bb2e-eb94e2d7f356', '2da834fc-fa6d-4c18-bb2e-eb94e2d7f356', '2da834fc-fa6d-4c18-bb2e-eb94e2d7f356', '2da834fc-fa6d-4c18-bb2e-eb94e2d7f356', '2da834fc-fa6d-4c18-bb2e-eb94e2d7f356', '2da834fc-fa6d-4c18-bb2e-eb94e2d7f356', '2da834fc-fa6d-4c18-bb2e-eb94e2d7f356', '2da834fc-fa6d-4c18-bb2e-eb94e2d7f356', '2da834fc-fa6d-4c18-bb2e-eb94e2d7f356', '2da834fc-fa6d-4c18-bb2e-eb94e2d7f356', '2da834fc-fa6d-4c18-bb2e-eb94e2d7f356', '2da834fc-fa6d-4c18-bb2e-eb94e2d7f356', '6031135a-7627-4074-9975-29dc83d59f6e', '74e8206f-4c5d-4732-b993-0f9a4494f491', '271c04c7-9a85-42a8-af62-8bc836286e92', '40e415fc-1eac-4324-8ece-bcbd34ee1009', '6cd63ca0-633b-4a29-8354-e8ca6074777d', 'c1fb74b7-b40c-4099-b6b8-e02bfa87b595', '10aa4f7b-2dba-4ad8-bfe0-50d2648a26bd', 'ec40cfa4-57f7-497c-a254-1c840284f615', '48face9b-aa03-489f-ae1f-41c08b0bf2bc', 'd2a48821-847d-42ab-9369-cb49289fe247', '29bcefd6-8c7c-48a4-b17f-098df1ba8e57', 'fc159a09-8935-4075-9567-e53b899fdca7', 'dbc721e4-270e-400d-bfb5-cad469f43b60', '7bfe134a-eca7-4df6-a01c-9bd648efa2b4', 'b9048f27-deee-4457-8288-8261b0a7941b', '4af0860c-04b9-4427-b5cf-28ff51a54550', '828cce87-c82b-4872-8aef-07bb2cca66b6']"
ab748f85-d32e-4172-815d-ea2900dcb550,11,"['24903cfd-bc8e-487a-9654-53d9516cef35', '2da834fc-fa6d-4c18-bb2e-eb94e2d7f356', '2da834fc-fa6d-4c18-bb2e-eb94e2d7f356', '2da834fc-fa6d-4c18-bb2e-eb94e2d7f356', '2da834fc-fa6d-4c18-bb2e-eb94e2d7f356', '2da834fc-fa6d-4c18-bb2e-eb94e2d7f356', '2da834fc-fa6d-4c18-bb2e-eb94e2d7f356', '2da834fc-fa6d-4c18-bb2e-eb94e2d7f356', '2da834fc-fa6d-4c18-bb2e-eb94e2d7f356', '2da834fc-fa6d-4c18-bb2e-eb94e2d7f356', '2da834fc-fa6d-4c18-bb2e-eb94e2d7f356', '2da834fc-fa6d-4c18-bb2e-eb94e2d7f356', '2da834fc-fa6d-4c18-bb2e-eb94e2d7f356', '2da834fc-fa6d-4c18-bb2e-eb94e2d7f356', '2da834fc-fa6d-4c18-bb2e-eb94e2d7f356', '2da834fc-fa6d-4c18-bb2e-eb94e2d7f356', '2da834fc-fa6d-4c18-bb2e-eb94e2d7f356', '2da834fc-fa6d-4c18-bb2e-eb94e2d7f356', '2da834fc-fa6d-4c18-bb2e-eb94e2d7f356', '2da834fc-fa6d-4c18-bb2e-eb94e2d7f356', '2da834fc-fa6d-4c18-bb2e-eb94e2d7f356', '2da834fc-fa6d-4c18-bb2e-eb94e2d7f356', '2da834fc-fa6d-4c18-bb2e-eb94e2d7f356', '2da834fc-fa6d-4c18-bb2e-eb94e2d7f356', '2da834fc-fa6d-4c18-bb2e-eb94e2d7f356', '2da834fc-fa6d-4c18-bb2e-eb94e2d7f356', '2da834fc-fa6d-4c18-bb2e-eb94e2d7f356', '2da834fc-fa6d-4c18-bb2e-eb94e2d7f356', '6031135a-7627-4074-9975-29dc83d59f6e', '74e8206f-4c5d-4732-b993-0f9a4494f491', '271c04c7-9a85-42a8-af62-8bc836286e92', '40e415fc-1eac-4324-8ece-bcbd34ee1009', '6cd63ca0-633b-4a29-8354-e8ca6074777d', 'c1fb74b7-b40c-4099-b6b8-e02bfa87b595', '10aa4f7b-2dba-4ad8-bfe0-50d2648a26bd', 'ec40cfa4-57f7-497c-a254-1c840284f615', '48face9b-aa03-489f-ae1f-41c08b0bf2bc', 'd2a48821-847d-42ab-9369-cb49289fe247', 'fc159a09-8935-4075-9567-e53b899fdca7', 'dbc721e4-270e-400d-bfb5-cad469f43b60', '7bfe134a-eca7-4df6-a01c-9bd648efa2b4', 'b9048f27-deee-4457-8288-8261b0a7941b', '4acb1492-c86f-4918-b05c-985290f7e088', '3f35c39f-afbc-4366-a7b3-180b04978820', 'e2fd0ef5-18e7-4bac-af38-49a289ffa1d7', '9551f1c6-130f-46e9-8bba-320d6fefb620', '6e121d46-f9b6-4108-bac0-3ed6d0260033', 'a8534f04-4019-4e9d-9185-a842f275491e', '90fc1b69-dd4d-46f2-9f21-de35d083c257', 'e306251d-a4ef-4460-bf9e-b0a7598a4a64']"
ab748f85-d32e-4172-815d-ea2900dcb550,12,"['24903cfd-bc8e-487a-9654-53d9516cef35', '2da834fc-fa6d-4c18-bb2e-eb94e2d7f356', '2da834fc-fa6d-4c18-bb2e-eb94e2d7f356', '2da834fc-fa6d-4c18-bb2e-eb94e2d7f356', '2da834fc-fa6d-4c18-bb2e-eb94e2d7f356', '2da834fc-fa6d-4c18-bb2e-eb94e2d7f356', '2da834fc-fa6d-4c18-bb2e-eb94e2d7f356', '2da834fc-fa6d-4c18-bb2e-eb94e2d7f356', '2da834fc-fa6d-4c18-bb2e-eb94e2d7f356', '2da834fc-fa6d-4c18-bb2e-eb94e2d7f356', '2da834fc-fa6d-4c18-bb2e-eb94e2d7f356', '2da834fc-fa6d-4c18-bb2e-eb94e2d7f356', '2da834fc-fa6d-4c18-bb2e-eb94e2d7f356', '2da834fc-fa6d-4c18-bb2e-eb94e2d7f356', '2da834fc-fa6d-4c18-bb2e-eb94e2d7f356', '2da834fc-fa6d-4c18-bb2e-eb94e2d7f356', '2da834fc-fa6d-4c18-bb2e-eb94e2d7f356', '2da834fc-fa6d-4c18-bb2e-eb94e2d7f356', '2da834fc-fa6d-4c18-bb2e-eb94e2d7f356', '2da834fc-fa6d-4c18-bb2e-eb94e2d7f356', '2da834fc-fa6d-4c18-bb2e-eb94e2d7f356', '2da834fc-fa6d-4c18-bb2e-eb94e2d7f356', '6031135a-7627-4074-9975-29dc83d59f6e', '74e8206f-4c5d-4732-b993-0f9a4494f491', '271c04c7-9a85-42a8-af62-8bc836286e92', '40e415fc-1eac-4324-8ece-bcbd34ee1009', '6cd63ca0-633b-4a29-8354-e8ca6074777d', 'c1fb74b7-b40c-4099-b6b8-e02bfa87b595', 'ec40cfa4-57f7-497c-a254-1c840284f615', '48face9b-aa03-489f-ae1f-41c08b0bf2bc', 'd2a48821-847d-42ab-9369-cb49289fe247', 'fc159a09-8935-4075-9567-e53b899fdca7', 'dbc721e4-270e-400d-bfb5-cad469f43b60', '7bfe134a-eca7-4df6-a01c-9bd648efa2b4', '4acb1492-c86f-4918-b05c-985290f7e088', '3f35c39f-afbc-4366-a7b3-180b04978820', 'e2fd0ef5-18e7-4bac-af38-49a289ffa1d7', '9551f1c6-130f-46e9-8bba-320d6fefb620', '90fc1b69-dd4d-46f2-9f21-de35d083c257', 'e306251d-a4ef-4460-bf9e-b0a7598a4a64', 'ed8e73ab-0a6e-4e0f-aa91-64f509d77b8b', 'de01a3c1-a079-4ff7-8353-c26454c48a74', 'f25fd699-25ca-4563-9515-9ca3697a2401', '71cee253-347c-4dda-9432-3dfe046f9013', '136b85ec-4b00-4092-b96a-3abccd3e2567', '6e8f6c5b-8bac-4a68-8922-837b0d3ac54c', '49500834-048c-4650-b4bd-153eaa7c5277', '40940ba1-4b66-4d19-8101-d1ced461f605', 'f214e093-ad0d-4350-be4b-37eeea8e8f0d', 'c4a17c94-06bc-4340-af89-2fc4ee4c8206']"
ab748f85-d32e-4172-815d-ea2900dcb550,13,"['2da834fc-fa6d-4c18-bb2e-eb94e2d7f356', '2da834fc-fa6d-4c18-bb2e-eb94e2d7f356', '2da834fc-fa6d-4c18-bb2e-eb94e2d7f356', '2da834fc-fa6d-4c18-bb2e-eb94e2d7f356', '2da834fc-fa6d-4c18-bb2e-eb94e2d7f356', '2da834fc-fa6d-4c18-bb2e-eb94e2d7f356', '2da834fc-fa6d-4c18-bb2e-eb94e2d7f356', '2da834fc-fa6d-4c18-bb2e-eb94e2d7f356', '2da834fc-fa6d-4c18-bb2e-eb94e2d7f356', '2da834fc-fa6d-4c18-bb2e-eb94e2d7f356', '2da834fc-fa6d-4c18-bb2e-eb94e2d7f356', '2da834fc-fa6d-4c18-bb2e-eb94e2d7f356', '2da834fc-fa6d-4c18-bb2e-eb94e2d7f356', '2da834fc-fa6d-4c18-bb2e-eb94e2d7f356', '2da834fc-fa6d-4c18-bb2e-eb94e2d7f356', '2da834fc-fa6d-4c18-bb2e-eb94e2d7f356', '2da834fc-fa6d-4c18-bb2e-eb94e2d7f356', '2da834fc-fa6d-4c18-bb2e-eb94e2d7f356', '2da834fc-fa6d-4c18-bb2e-eb94e2d7f356', '2da834fc-fa6d-4c18-bb2e-eb94e2d7f356', '2da834fc-fa6d-4c18-bb2e-eb94e2d7f356', '2da834fc-fa6d-4c18-bb2e-eb94e2d7f356', '2da834fc-fa6d-4c18-bb2e-eb94e2d7f356', '2da834fc-fa6d-4c18-bb2e-eb94e2d7f356', '2da834fc-fa6d-4c18-bb2e-eb94e2d7f356', '2da834fc-fa6d-4c18-bb2e-eb94e2d7f356', '2da834fc-fa6d-4c18-bb2e-eb94e2d7f356', '2da834fc-fa6d-4c18-bb2e-eb94e2d7f356', '2da834fc-fa6d-4c18-bb2e-eb94e2d7f356', '2da834fc-fa6d-4c18-bb2e-eb94e2d7f356', '2da834fc-fa6d-4c18-bb2e-eb94e2d7f356', '2da834fc-fa6d-4c18-bb2e-eb94e2d7f356', '2da834fc-fa6d-4c18-bb2e-eb94e2d7f356', '2da834fc-fa6d-4c18-bb2e-eb94e2d7f356', '2da834fc-fa6d-4c18-bb2e-eb94e2d7f356', '2da834fc-fa6d-4c18-bb2e-eb94e2d7f356', '2da834fc-fa6d-4c18-bb2e-eb94e2d7f356', '2da834fc-fa6d-4c18-bb2e-eb94e2d7f356', '2da834fc-fa6d-4c18-bb2e-eb94e2d7f356', '2da834fc-fa6d-4c18-bb2e-eb94e2d7f356', '2da834fc-fa6d-4c18-bb2e-eb94e2d7f356', '2da834fc-fa6d-4c18-bb2e-eb94e2d7f356', '2da834fc-fa6d-4c18-bb2e-eb94e2d7f356', '2da834fc-fa6d-4c18-bb2e-eb94e2d7f356', '8844c41b-3796-4ccf-a81b-627a57746f07', '48dca498-9b9a-47b8-a1fd-4445e0b114fb', 'e0324016-6955-416a-9467-751200306b59', '37da4675-626e-4397-9b05-da36be46a1d2', '54f2cbd0-fdba-4fc7-8845-9cee93a7b536', '2af7a5b4-c509-4243-bef8-f3093692028e']"
ab748f85-d32e-4172-815d-ea2900dcb550,14,"['2da834fc-fa6d-4c18-bb2e-eb94e2d7f356', '2da834fc-fa6d-4c18-bb2e-eb94e2d7f356', '2da834fc-fa6d-4c18-bb2e-eb94e2d7f356', '2da834fc-fa6d-4c18-bb2e-eb94e2d7f356', '2da834fc-fa6d-4c18-bb2e-eb94e2d7f356', '2da834fc-fa6d-4c18-bb2e-eb94e2d7f356', '2da834fc-fa6d-4c18-bb2e-eb94e2d7f356', '2da834fc-fa6d-4c18-bb2e-eb94e2d7f356', '2da834fc-fa6d-4c18-bb2e-eb94e2d7f356', '2da834fc-fa6d-4c18-bb2e-eb94e2d7f356', '2da834fc-fa6d-4c18-bb2e-eb94e2d7f356', '2da834fc-fa6d-4c18-bb2e-eb94e2d7f356', '2da834fc-fa6d-4c18-bb2e-eb94e2d7f356', '2da834fc-fa6d-4c18-bb2e-eb94e2d7f356', '2da834fc-fa6d-4c18-bb2e-eb94e2d7f356', '2da834fc-fa6d-4c18-bb2e-eb94e2d7f356', '2da834fc-fa6d-4c18-bb2e-eb94e2d7f356', '2da834fc-fa6d-4c18-bb2e-eb94e2d7f356', '2da834fc-fa6d-4c18-bb2e-eb94e2d7f356', '2da834fc-fa6d-4c18-bb2e-eb94e2d7f356', '2da834fc-fa6d-4c18-bb2e-eb94e2d7f356', '2da834fc-fa6d-4c18-bb2e-eb94e2d7f356', '2da834fc-fa6d-4c18-bb2e-eb94e2d7f356', '2da834fc-fa6d-4c18-bb2e-eb94e2d7f356', '2da834fc-fa6d-4c18-bb2e-eb94e2d7f356', '2da834fc-fa6d-4c18-bb2e-eb94e2d7f356', '2da834fc-fa6d-4c18-bb2e-eb94e2d7f356', '2da834fc-fa6d-4c18-bb2e-eb94e2d7f356', '2da834fc-fa6d-4c18-bb2e-eb94e2d7f356', '2da834fc-fa6d-4c18-bb2e-eb94e2d7f356', '2da834fc-fa6d-4c18-bb2e-eb94e2d7f356', '2da834fc-fa6d-4c18-bb2e-eb94e2d7f356', '2da834fc-fa6d-4c18-bb2e-eb94e2d7f356', '2da834fc-fa6d-4c18-bb2e-eb94e2d7f356', '2da834fc-fa6d-4c18-bb2e-eb94e2d7f356', '2da834fc-fa6d-4c18-bb2e-eb94e2d7f356', '2da834fc-fa6d-4c18-bb2e-eb94e2d7f356', '8844c41b-3796-4ccf-a81b-627a57746f07', 'e0324016-6955-416a-9467-751200306b59', '37da4675-626e-4397-9b05-da36be46a1d2', '54f2cbd0-fdba-4fc7-8845-9cee93a7b536', '2af7a5b4-c509-4243-bef8-f3093692028e', '23bbb180-f39f-4bd6-a39d-18566a619000', '95be63db-1ead-4da9-82ac-5f23a75358e2', 'c69dc0d0-5b9e-46a3-b7a2-7b0b446b82bd', '7d04a2bc-6d5d-42ba-87ae-9ab3e747803d', '5fac80e0-1fca-4fef-8c38-d18ee5cfd378', '029bfbd6-cd4d-4263-8eb6-5dba924e84e5', 'd0e366a3-b79c-4ed0-9b25-d4af2ca6aff2', '227bf2bf-7c5e-4c1d-bf1f-44545d9e83bb']"
ab748f85-d32e-4172-815d-ea2900dcb550,15,"['2da834fc-fa6d-4c18-bb2e-eb94e2d7f356', '2da834fc-fa6d-4c18-bb2e-eb94e2d7f356', '2da834fc-fa6d-4c18-bb2e-eb94e2d7f356', '2da834fc-fa6d-4c18-bb2e-eb94e2d7f356', '2da834fc-fa6d-4c18-bb2e-eb94e2d7f356', '2da834fc-fa6d-4c18-bb2e-eb94e2d7f356', '2da834fc-fa6d-4c18-bb2e-eb94e2d7f356', '2da834fc-fa6d-4c18-bb2e-eb94e2d7f356', '2da834fc-fa6d-4c18-bb2e-eb94e2d7f356', '2da834fc-fa6d-4c18-bb2e-eb94e2d7f356', '2da834fc-fa6d-4c18-bb2e-eb94e2d7f356', '2da834fc-fa6d-4c18-bb2e-eb94e2d7f356', '2da834fc-fa6d-4c18-bb2e-eb94e2d7f356', '2da834fc-fa6d-4c18-bb2e-eb94e2d7f356', '2da834fc-fa6d-4c18-bb2e-eb94e2d7f356', '2da834fc-fa6d-4c18-bb2e-eb94e2d7f356', '2da834fc-fa6d-4c18-bb2e-eb94e2d7f356', '2da834fc-fa6d-4c18-bb2e-eb94e2d7f356', '2da834fc-fa6d-4c18-bb2e-eb94e2d7f356', '2da834fc-fa6d-4c18-bb2e-eb94e2d7f356', '2da834fc-fa6d-4c18-bb2e-eb94e2d7f356', '2da834fc-fa6d-4c18-bb2e-eb94e2d7f356', '2da834fc-fa6d-4c18-bb2e-eb94e2d7f356', '2da834fc-fa6d-4c18-bb2e-eb94e2d7f356', '2da834fc-fa6d-4c18-bb2e-eb94e2d7f356', '2da834fc-fa6d-4c18-bb2e-eb94e2d7f356', '2da834fc-fa6d-4c18-bb2e-eb94e2d7f356', '2da834fc-fa6d-4c18-bb2e-eb94e2d7f356', '2da834fc-fa6d-4c18-bb2e-eb94e2d7f356', '2da834fc-fa6d-4c18-bb2e-eb94e2d7f356', '8844c41b-3796-4ccf-a81b-627a57746f07', '37da4675-626e-4397-9b05-da36be46a1d2', '2af7a5b4-c509-4243-bef8-f3093692028e', '23bbb180-f39f-4bd6-a39d-18566a619000', '95be63db-1ead-4da9-82ac-5f23a75358e2', 'c69dc0d0-5b9e-46a3-b7a2-7b0b446b82bd', '7d04a2bc-6d5d-42ba-87ae-9ab3e747803d', '5fac80e0-1fca-4fef-8c38-d18ee5cfd378', '029bfbd6-cd4d-4263-8eb6-5dba924e84e5', 'd0e366a3-b79c-4ed0-9b25-d4af2ca6aff2', '227bf2bf-7c5e-4c1d-bf1f-44545d9e83bb', 'ea09d24c-d7fd-4635-9903-383288f4f9c2', '08ab5b3a-950e-4ac1-abef-bc40da8c9b25', 'e9e0427d-83a4-4e09-949e-188ee3dcafcf', '6e9b113c-a45f-450c-a6ea-1dcd6faf4ce9', '3b0d1443-a633-48d1-924b-33791061e40f', '6755e404-a8bd-478a-8396-a7830847d8bb', '78819342-f8c6-4b8d-9903-73f4f36d20f7', 'cb74a8fd-3832-4c15-a117-7ba378679649', 'a0dfff3d-4dea-44ba-8053-3ad5e6b7edce']"
