run_id,itr,pool_members_uuids
a0453ba4-ffb2-427f-8135-783502ce21ee,0,['6aa5adf4-6eb8-4493-9708-b6f0de7ea3e5']
572b8f88-8e53-4e5a-95ea-66cba725370e,0,['2a59cdac-2e6f-45d7-b4c9-dbf4691ed639']
a8a89b61-626c-4aef-8b33-e307b4f5a4c6,0,['c25055af-e547-4336-ae4f-2791e83481f4']
1e843908-509f-4bb5-9daa-aabc6a67477c,0,['d0c38102-1af5-4e9e-997b-d72d11c628f1']
a0453ba4-ffb2-427f-8135-783502ce21ee,1,['5684fb31-443e-4fab-b0a7-32bc5ad5d40a']
572b8f88-8e53-4e5a-95ea-66cba725370e,1,['601f15e2-d5df-416a-bb0b-932e9deff6a4']
a8a89b61-626c-4aef-8b33-e307b4f5a4c6,1,['98d17571-69b2-4b20-b279-b99cb3513f9e']
1e843908-509f-4bb5-9daa-aabc6a67477c,1,['1ad69d6b-d447-4c9c-a9dc-85a69bc1749c']
a0453ba4-ffb2-427f-8135-783502ce21ee,2,['73151c64-3685-479b-97c4-04b5280b3f31']
572b8f88-8e53-4e5a-95ea-66cba725370e,2,['ce56a74d-4c0b-4b20-b299-e001fd765125']
a8a89b61-626c-4aef-8b33-e307b4f5a4c6,2,['1f3f8a2c-9230-44a8-9284-ddfd0ceace7e']
1e843908-509f-4bb5-9daa-aabc6a67477c,2,['c6a2d7c0-4c73-48c8-ae6d-07614baa7db2']
a0453ba4-ffb2-427f-8135-783502ce21ee,3,['0a7da8f3-b907-48ef-81c8-d948ad9de45b']
572b8f88-8e53-4e5a-95ea-66cba725370e,3,['68d23c7b-da61-4693-b0d1-361fc5ef0548']
9f569c63-2505-4d61-aaee-2e75d2512a30,0,['e1549624-d092-4b71-b36d-b8ddba012682']
a8a89b61-626c-4aef-8b33-e307b4f5a4c6,3,['88abae5c-36c1-42b1-857b-a70f8a072e34']
1e843908-509f-4bb5-9daa-aabc6a67477c,3,['be9b8257-8373-401a-81cc-ee2c98d66df9']
c51c9112-fc64-4698-bcc5-39224f13d0da,0,['f1d7f6b6-f8f1-40dc-b473-f56904059d10']
a0453ba4-ffb2-427f-8135-783502ce21ee,4,['9418dc87-c213-43d1-ad9a-edd523758761']
572b8f88-8e53-4e5a-95ea-66cba725370e,4,['523387ce-c664-49d0-8722-5ff009fe1319']
9f569c63-2505-4d61-aaee-2e75d2512a30,1,['3c788a1e-3105-4447-8cb1-f26453b32ef7']
a8a89b61-626c-4aef-8b33-e307b4f5a4c6,4,['d8452ffb-c0dc-4417-a0d0-f93da01c93f6']
1e843908-509f-4bb5-9daa-aabc6a67477c,4,['c71e5639-dc11-462f-8ce7-1712970164a3']
c51c9112-fc64-4698-bcc5-39224f13d0da,1,['27e69565-27bc-4434-b75c-57e85d2ff859']
a0453ba4-ffb2-427f-8135-783502ce21ee,5,['a4f518ab-b46e-48db-abbd-b6cfe8450262']
9f569c63-2505-4d61-aaee-2e75d2512a30,2,['2b98465a-a277-4bc8-8b9a-a0ba19bb5e13']
572b8f88-8e53-4e5a-95ea-66cba725370e,5,['7a227f78-eedb-4922-a4ac-8e3f138c9638']
a8a89b61-626c-4aef-8b33-e307b4f5a4c6,5,['af89967b-1287-41f5-ae2e-b171dcbad714']
1e843908-509f-4bb5-9daa-aabc6a67477c,5,['0a14ad33-3e92-4a8b-a8a9-299343607603']
c51c9112-fc64-4698-bcc5-39224f13d0da,2,['4efce8f2-965a-4de2-ab7d-7a33e18a6ed3']
a0453ba4-ffb2-427f-8135-783502ce21ee,6,['8d41dd65-5f6a-4832-b74a-f91516c6243e']
9f569c63-2505-4d61-aaee-2e75d2512a30,3,['e3bd801c-fb23-4081-b734-e95bbfeaa18c']
572b8f88-8e53-4e5a-95ea-66cba725370e,6,['fcc00bd7-da8b-455f-a1d6-d23d9b26a30a']
a8a89b61-626c-4aef-8b33-e307b4f5a4c6,6,['4eebac83-bd25-42d4-9056-9f49c79c5215']
1e843908-509f-4bb5-9daa-aabc6a67477c,6,['da6e6277-48a9-4387-831c-de32efb85771']
c51c9112-fc64-4698-bcc5-39224f13d0da,3,['fe186437-030e-4eb3-90a5-2eb25671e358']
a0453ba4-ffb2-427f-8135-783502ce21ee,7,['141c2b4c-645e-47bf-a774-c6aef663ebca']
11360597-bba0-48a1-8027-c268828e734c,0,['8e48f2ce-f874-48e2-b42a-e4b58b8a1878']
cc4abfef-af76-47c6-bf96-35f58db4cf96,0,['9c49f3cf-9913-4e5c-969b-9c4972eca754']
9f569c63-2505-4d61-aaee-2e75d2512a30,4,['1aa5c01d-0547-4da5-ad7c-3224170066e9']
572b8f88-8e53-4e5a-95ea-66cba725370e,7,['e3327962-a8e8-4411-b9ae-abfd1c970c9f']
a8a89b61-626c-4aef-8b33-e307b4f5a4c6,7,['7657ef67-95fb-453d-8e67-4e2111582c14']
1e843908-509f-4bb5-9daa-aabc6a67477c,7,['943a3e5c-5e75-4fbe-ab0c-f99b9c3e944b']
c51c9112-fc64-4698-bcc5-39224f13d0da,4,['6382879a-4a15-418f-8103-252638f93ca1']
a0453ba4-ffb2-427f-8135-783502ce21ee,8,['95a751c6-5996-4743-98ec-bd6100bc40b7']
9f569c63-2505-4d61-aaee-2e75d2512a30,5,['bdf9cc6b-7f9c-431c-a482-c81cdd6f3187']
11360597-bba0-48a1-8027-c268828e734c,1,['c0264c96-19c0-4ed5-8be5-c302d634f83f']
cc4abfef-af76-47c6-bf96-35f58db4cf96,1,['340f0d2f-fb0f-4396-adfb-7879a883dc97']
572b8f88-8e53-4e5a-95ea-66cba725370e,8,['60df4ed3-5d72-45d5-8875-b893c6f7ced7']
a8a89b61-626c-4aef-8b33-e307b4f5a4c6,8,['1dbc1a4c-8a6b-487b-8add-1b86bc94e87b']
1e843908-509f-4bb5-9daa-aabc6a67477c,8,['4d2b765d-6043-441b-8340-b830638e4256']
c51c9112-fc64-4698-bcc5-39224f13d0da,5,['2c5cccf0-fc04-4d7c-987e-a91fb1330ae7']
9f569c63-2505-4d61-aaee-2e75d2512a30,6,['9518066c-60f4-41d3-8aaf-2af91dab44be']
a0453ba4-ffb2-427f-8135-783502ce21ee,9,['de2e51ad-fd24-475c-b5f7-0065706d0156']
11360597-bba0-48a1-8027-c268828e734c,2,['14bcc7d3-7be0-4d4c-ab9c-fff0d978b61c']
cc4abfef-af76-47c6-bf96-35f58db4cf96,2,['ffe18b09-74c7-4024-a541-dec3137f0331']
572b8f88-8e53-4e5a-95ea-66cba725370e,9,['17f223e7-543c-480d-886c-d3a578bd629e']
1e843908-509f-4bb5-9daa-aabc6a67477c,9,['cb727c6a-13ba-4212-94c3-d9627e302807']
a8a89b61-626c-4aef-8b33-e307b4f5a4c6,9,['99b92b16-52d3-4938-8405-a093d7588588']
c51c9112-fc64-4698-bcc5-39224f13d0da,6,['fe876533-c72d-4ae3-8eeb-6cbc51abca8f']
9f569c63-2505-4d61-aaee-2e75d2512a30,7,['dd85580a-070a-4a08-8366-1be144ea1b6f']
a0453ba4-ffb2-427f-8135-783502ce21ee,10,['94a5b5d5-3599-4b36-a8d2-9c6a72af4139']
11360597-bba0-48a1-8027-c268828e734c,3,['d1b50a33-2731-4d44-b0a7-083fda00b904']
cc4abfef-af76-47c6-bf96-35f58db4cf96,3,['c5d5ca07-b231-43ed-af69-fde837f30079']
572b8f88-8e53-4e5a-95ea-66cba725370e,10,['f403edc5-9faa-4d91-9fdf-4d113d03949a']
1e843908-509f-4bb5-9daa-aabc6a67477c,10,['f10bf479-be28-4123-8152-e3b0c34bb5c0']
a8a89b61-626c-4aef-8b33-e307b4f5a4c6,10,['a2967966-a3fa-47ae-b547-e8842c448ae9']
c51c9112-fc64-4698-bcc5-39224f13d0da,7,['ed05c8e4-ed9d-4c9b-8c67-1d598251e6fb']
9f569c63-2505-4d61-aaee-2e75d2512a30,8,['e77a26e6-18a3-4885-8c74-b037f994da6e']
a0453ba4-ffb2-427f-8135-783502ce21ee,11,['2b1ce6ae-ad96-4395-9c02-e1f4c42040e0']
11360597-bba0-48a1-8027-c268828e734c,4,['16f54464-91ac-4dbe-b61e-cbbefcb9a975']
572b8f88-8e53-4e5a-95ea-66cba725370e,11,['92f3640e-d8ba-4e20-982b-bcfcc4fa241f']
cc4abfef-af76-47c6-bf96-35f58db4cf96,4,['13ae3c5b-702e-4c02-bdcb-fae638e557c1']
1e843908-509f-4bb5-9daa-aabc6a67477c,11,['5c3f8705-8564-4bff-b7ec-7d0a4d72d7b6']
a8a89b61-626c-4aef-8b33-e307b4f5a4c6,11,['882e4eb6-d50c-4f4f-9f71-6eb38f95d8ce']
c51c9112-fc64-4698-bcc5-39224f13d0da,8,['ff140856-071f-4e71-ab63-448ecb589b1f']
9f569c63-2505-4d61-aaee-2e75d2512a30,9,['2a925e3e-ae71-4549-9169-00b736b661de']
a0453ba4-ffb2-427f-8135-783502ce21ee,12,['ff7c40ec-f85c-4201-8d20-6a82a9626d08']
572b8f88-8e53-4e5a-95ea-66cba725370e,12,['451f0085-ec46-46c6-b883-3a171812fcce']
11360597-bba0-48a1-8027-c268828e734c,5,['43e7a924-ec44-4d2b-a350-3a70e20ef182']
cc4abfef-af76-47c6-bf96-35f58db4cf96,5,['3a6e4c68-0d5e-4264-8eb1-6af350e8e9ba']
1e843908-509f-4bb5-9daa-aabc6a67477c,12,['2b174e5e-2717-43cf-a9ec-04a1162f3900']
a8a89b61-626c-4aef-8b33-e307b4f5a4c6,12,['20e3285e-23f2-437b-b09c-96f5169bcf4a']
c51c9112-fc64-4698-bcc5-39224f13d0da,9,['d649d86d-420b-4480-9412-1d6e0b78aa0c']
9f569c63-2505-4d61-aaee-2e75d2512a30,10,['d16f5695-42fc-4ece-b0ff-809888901965']
a0453ba4-ffb2-427f-8135-783502ce21ee,13,['d6e2bd18-e561-42f7-9b4a-2134f92f6c3d']
572b8f88-8e53-4e5a-95ea-66cba725370e,13,['29123e1a-bde7-4c24-a886-52719f0a679d']
11360597-bba0-48a1-8027-c268828e734c,6,['2699df26-98fe-44a9-80d1-f7728bc24871']
cc4abfef-af76-47c6-bf96-35f58db4cf96,6,['78070137-cb07-4e60-8a52-78107c8fd24e']
1e843908-509f-4bb5-9daa-aabc6a67477c,13,['b64d3af1-7bd9-4322-8f25-af7e6e5ab97f']
a8a89b61-626c-4aef-8b33-e307b4f5a4c6,13,['36b13283-0012-4973-bb90-6346a1c00275']
c51c9112-fc64-4698-bcc5-39224f13d0da,10,['e1930a1f-0ba9-466b-ba79-3071fdc77ad0']
9f569c63-2505-4d61-aaee-2e75d2512a30,11,['411b080f-03cd-460f-a47a-968e16b54490']
a0453ba4-ffb2-427f-8135-783502ce21ee,14,['9860ec1a-0307-4741-8b5d-2afe7ac9699a']
572b8f88-8e53-4e5a-95ea-66cba725370e,14,['7c66fd73-ecf6-40e1-a50c-921dd4695fcb']
11360597-bba0-48a1-8027-c268828e734c,7,['64dd04ee-8125-448e-9007-32d38dd94324']
cc4abfef-af76-47c6-bf96-35f58db4cf96,7,['7c50d449-25d7-4b83-9113-e81a0e0ea2a3']
1e843908-509f-4bb5-9daa-aabc6a67477c,14,['f6d5d81e-56b9-4e6e-9024-0e9f5d02b14d']
a8a89b61-626c-4aef-8b33-e307b4f5a4c6,14,['fbdb9d03-d5db-47c6-b1dc-8dae648de231']
c51c9112-fc64-4698-bcc5-39224f13d0da,11,['01fd7b62-a7b1-4a97-828a-29e769870d35']
9f569c63-2505-4d61-aaee-2e75d2512a30,12,['1f3678d8-bbc0-4419-abc0-d1299b04dc04']
c51c9112-fc64-4698-bcc5-39224f13d0da,12,['c63e2568-597b-4c89-9fd0-71907598b05a']
a0453ba4-ffb2-427f-8135-783502ce21ee,15,['224c3031-212b-446f-8215-180201cf7cc5']
572b8f88-8e53-4e5a-95ea-66cba725370e,15,['bb00cba5-a5c6-484d-a0c2-cf102320aee1']
11360597-bba0-48a1-8027-c268828e734c,8,['ec9d0607-ec88-4d0d-bb0f-8ff50685263b']
cc4abfef-af76-47c6-bf96-35f58db4cf96,8,['105df163-1a34-4648-8fc9-e7dfe326d9fb']
1e843908-509f-4bb5-9daa-aabc6a67477c,15,['47189f2d-4d49-45bb-9970-e15a278ad4a2']
a8a89b61-626c-4aef-8b33-e307b4f5a4c6,15,['74fd6c9b-4e39-4b1d-b2a6-1ecc143da869']
9f569c63-2505-4d61-aaee-2e75d2512a30,13,['e0178881-cc0e-4d99-976e-bd50500c5ad4']
c51c9112-fc64-4698-bcc5-39224f13d0da,13,['b62394df-6459-4ed0-afb2-f42755beb1cc']
a0453ba4-ffb2-427f-8135-783502ce21ee,16,['b44c7125-663a-4803-ba66-89f988a188ad']
11360597-bba0-48a1-8027-c268828e734c,9,['1388c8d2-9c36-4f66-ba53-138f1568a784']
572b8f88-8e53-4e5a-95ea-66cba725370e,16,['c12706e0-87cb-4edb-9544-aa5c0dde9685']
1e843908-509f-4bb5-9daa-aabc6a67477c,16,['855a410c-dfcd-47e3-9de4-6513ed253f8c']
cc4abfef-af76-47c6-bf96-35f58db4cf96,9,['4d2f272e-061b-42a0-860c-7996ec07f7a1']
a8a89b61-626c-4aef-8b33-e307b4f5a4c6,16,['773b801a-f9f0-41b3-9966-300ba4baa899']
9f569c63-2505-4d61-aaee-2e75d2512a30,14,['1a5789cf-5ec4-4168-a526-921317cb9e7b']
c51c9112-fc64-4698-bcc5-39224f13d0da,14,['3ba249d7-826f-4a88-ab89-26c57f0e6eb3']
a0453ba4-ffb2-427f-8135-783502ce21ee,17,['04c05e81-94da-467e-bcd4-7b8e7c04a937']
11360597-bba0-48a1-8027-c268828e734c,10,['0ebd543b-ed90-4fc0-99ff-41da2bd6d194']
1e843908-509f-4bb5-9daa-aabc6a67477c,17,['ba6823ed-04ab-44b3-a19a-302fe7b9f939']
9f569c63-2505-4d61-aaee-2e75d2512a30,15,['aa4db871-3762-43c4-a201-886edb3d1690']
cc4abfef-af76-47c6-bf96-35f58db4cf96,10,['96bf2cbd-8910-47c7-bff0-7c7ccbf4a312']
c51c9112-fc64-4698-bcc5-39224f13d0da,15,['054d1768-2ea9-4395-a5df-1e74372c3926']
572b8f88-8e53-4e5a-95ea-66cba725370e,17,['6427658b-1189-498b-8df5-ce403ba897fa']
a8a89b61-626c-4aef-8b33-e307b4f5a4c6,17,['d9a0c478-567b-4eca-a6ad-9f7bcec4d986']
a0453ba4-ffb2-427f-8135-783502ce21ee,18,['89f318d1-338f-469c-ac71-8ed3624f7e26']
9f569c63-2505-4d61-aaee-2e75d2512a30,16,['3116f072-8abb-4823-874f-bf85509a6b7a']
11360597-bba0-48a1-8027-c268828e734c,11,['93641617-4ac0-44ed-88e0-74c3245fd520']
1e843908-509f-4bb5-9daa-aabc6a67477c,18,['2db97498-bbce-4fbc-b335-0febb5715098']
c51c9112-fc64-4698-bcc5-39224f13d0da,16,['fdcf9cc7-cbd7-4bef-be52-94c668e416aa']
572b8f88-8e53-4e5a-95ea-66cba725370e,18,['5245e458-78fa-40f1-8db4-a10ef6a50e6f']
9f569c63-2505-4d61-aaee-2e75d2512a30,17,['5f486202-783d-4184-a05c-dba1b2b97265']
a8a89b61-626c-4aef-8b33-e307b4f5a4c6,18,['ae76e7e7-fd3c-4d3c-896e-e4f9d11d2bd7']
cc4abfef-af76-47c6-bf96-35f58db4cf96,11,['ed71e955-ee7b-41be-919b-a3c074fd6ed1']
a0453ba4-ffb2-427f-8135-783502ce21ee,19,['ca7cc887-ca40-4ad3-8fd8-f3dd4a0c8e8a']
1e843908-509f-4bb5-9daa-aabc6a67477c,19,['56063011-9429-4dab-895c-b4fb138fa722']
9f569c63-2505-4d61-aaee-2e75d2512a30,18,['6a36fd89-1198-407c-a672-5bbc1efb5ac2']
572b8f88-8e53-4e5a-95ea-66cba725370e,19,['7f8bca5c-0b77-41da-93e7-9685b268ec0a']
c51c9112-fc64-4698-bcc5-39224f13d0da,17,['38074c9a-e01b-414b-9b15-15b3f2c3ff8d']
11360597-bba0-48a1-8027-c268828e734c,12,['2260957b-a787-499c-9160-489e4d03be3e']
a0453ba4-ffb2-427f-8135-783502ce21ee,20,['11cc7aaf-a63f-4aa2-912e-87f85825859d']
cc4abfef-af76-47c6-bf96-35f58db4cf96,12,['496457ad-4154-4fd9-84b6-01a588504a7f']
a8a89b61-626c-4aef-8b33-e307b4f5a4c6,19,['3f22a4e0-08eb-4f1b-bea4-f1563958cd09']
9f569c63-2505-4d61-aaee-2e75d2512a30,19,['f3fcbea7-d4fa-4ce2-b362-ca44b3476a80']
1e843908-509f-4bb5-9daa-aabc6a67477c,20,['e9b5e5aa-13b5-4dd8-a107-15190c0cdce1']
572b8f88-8e53-4e5a-95ea-66cba725370e,20,['2550182b-ac31-4eaf-8d7d-ba7a291e5415']
c51c9112-fc64-4698-bcc5-39224f13d0da,18,['58d55131-b489-4876-a140-df112245ddb8']
9f569c63-2505-4d61-aaee-2e75d2512a30,20,['ceb64273-1b73-465f-b391-361e1b4c17f1']
11360597-bba0-48a1-8027-c268828e734c,13,['ba9c56ed-aea8-4bdc-b7cb-a19c86c5eb3b']
a0453ba4-ffb2-427f-8135-783502ce21ee,21,['64d65e99-4197-46a3-b0f1-ff92a3480f6c']
cc4abfef-af76-47c6-bf96-35f58db4cf96,13,['fb9729f3-c9eb-410b-9cb1-53f692257b1e']
a8a89b61-626c-4aef-8b33-e307b4f5a4c6,20,['09927adb-4d89-4650-90d4-7070fd95fb59']
a8a89b61-626c-4aef-8b33-e307b4f5a4c6,21,['aaee9524-e23a-40aa-8c2b-7e23e70fec59']
a8a89b61-626c-4aef-8b33-e307b4f5a4c6,22,['3812166b-66fa-405a-a2d6-50489d91e84c']
a8a89b61-626c-4aef-8b33-e307b4f5a4c6,23,['9d049bad-76c5-4fe4-a75e-eed49c875780']
a8a89b61-626c-4aef-8b33-e307b4f5a4c6,24,['dd1e79da-bafc-4934-b586-cfe85c085d06']
c51c9112-fc64-4698-bcc5-39224f13d0da,19,['71eb0e48-42f8-4b34-8ba8-5622fc5a7575']
572b8f88-8e53-4e5a-95ea-66cba725370e,21,['e6f51490-0d0b-4ed9-b46e-244188acbe6f']
1e843908-509f-4bb5-9daa-aabc6a67477c,21,['2e716212-a6fe-4f50-ae75-023034e0406e']
9f569c63-2505-4d61-aaee-2e75d2512a30,21,['a87eaed5-eb5a-410f-9bd7-32a146cbd05c']
a0453ba4-ffb2-427f-8135-783502ce21ee,22,['63a1ddab-cfe9-4911-8665-329b9ef48521']
11360597-bba0-48a1-8027-c268828e734c,14,['0efa4ac6-9c1a-4315-abc5-1b275bd6e429']
9f569c63-2505-4d61-aaee-2e75d2512a30,22,['6c2d39b3-822b-4c69-98e2-d4b02e121431']
572b8f88-8e53-4e5a-95ea-66cba725370e,22,['b94c69e2-d331-4c55-8d80-0fe1f201febf']
cc4abfef-af76-47c6-bf96-35f58db4cf96,14,['daef4b60-4d2f-449e-a83c-e128ea011c7a']
a8a89b61-626c-4aef-8b33-e307b4f5a4c6,25,['068016c0-db54-48b5-82b3-495033614b9f']
c51c9112-fc64-4698-bcc5-39224f13d0da,20,['111c656e-308e-4581-a821-e4ad220debe4']
1e843908-509f-4bb5-9daa-aabc6a67477c,22,['87383bc0-3123-421e-8180-04b8cb50f9ab']
572b8f88-8e53-4e5a-95ea-66cba725370e,23,['b870124f-3cb4-47e4-bc19-969ee1ccff41']
9f569c63-2505-4d61-aaee-2e75d2512a30,23,['668f0725-78d8-41e6-8a1f-9ac51832accc']
a0453ba4-ffb2-427f-8135-783502ce21ee,23,['c69d3f72-c752-4c05-ace2-ddc6f8ab0e27']
11360597-bba0-48a1-8027-c268828e734c,15,['b941404a-3a02-45ea-9b72-37409bde8eed']
cc4abfef-af76-47c6-bf96-35f58db4cf96,15,['c9ac1ac0-fdc0-40e0-9da1-650704f00c0e']
a8a89b61-626c-4aef-8b33-e307b4f5a4c6,26,['6e52a6ee-9e4c-4a5f-ae8a-611b264f905a']
c51c9112-fc64-4698-bcc5-39224f13d0da,21,['e0761cb5-a74c-4343-bc0c-32eecbecc53f']
572b8f88-8e53-4e5a-95ea-66cba725370e,24,['d4ab6a30-cfb5-4229-8cc0-30002bb8b2ae']
9f569c63-2505-4d61-aaee-2e75d2512a30,24,['9868a531-de13-4d0e-8a90-f5effb68e6bf']
1e843908-509f-4bb5-9daa-aabc6a67477c,23,['d2412d38-bed7-447d-bf00-97c542141408']
a0453ba4-ffb2-427f-8135-783502ce21ee,24,['66a4ad89-2475-4047-97a6-f0403e2d33b6']
11360597-bba0-48a1-8027-c268828e734c,16,['747e56b6-26f8-42f9-8a43-d324a56686ad']
c51c9112-fc64-4698-bcc5-39224f13d0da,22,['3f11f9ee-88d2-40e7-b255-f0ad64def820']
cc4abfef-af76-47c6-bf96-35f58db4cf96,16,['fc5e1e86-1be0-4524-ade6-b32575394a6d']
a8a89b61-626c-4aef-8b33-e307b4f5a4c6,27,['778ad969-d230-4bd8-b87c-a76550188a0f']
572b8f88-8e53-4e5a-95ea-66cba725370e,25,['80e7a225-dd45-4b15-b742-33e3926159f4']
9f569c63-2505-4d61-aaee-2e75d2512a30,25,['30969dd5-66cb-429d-928d-6c6f5874a253']
1e843908-509f-4bb5-9daa-aabc6a67477c,24,['2f7fda94-a62d-47bd-8e27-cbf2d0ed7615']
a0453ba4-ffb2-427f-8135-783502ce21ee,25,['5473fa31-0951-4de5-8e4c-2bc23f758601']
c51c9112-fc64-4698-bcc5-39224f13d0da,23,['8a39f2c9-0e78-4a85-aef6-7f5152bae302']
11360597-bba0-48a1-8027-c268828e734c,17,['bcfb0e85-2698-479f-9275-4a4fe045cfdd']
cc4abfef-af76-47c6-bf96-35f58db4cf96,17,['891f0b6e-e5df-4a76-90f4-6c9d59b14e65']
a8a89b61-626c-4aef-8b33-e307b4f5a4c6,28,['a4e4e5be-aca0-43dc-b621-7a272c5eaccd']
572b8f88-8e53-4e5a-95ea-66cba725370e,26,['6711b13b-4590-410d-9be4-ea5d850aa7ab']
9f569c63-2505-4d61-aaee-2e75d2512a30,26,['df6cd024-0253-4ea2-8c42-8fcafd0b3d49']
1e843908-509f-4bb5-9daa-aabc6a67477c,25,['71fb230b-a35b-41a9-b03a-fd7bc61b1fb1']
a0453ba4-ffb2-427f-8135-783502ce21ee,26,['ea964e61-fc30-40af-bb64-abeac305023f']
c51c9112-fc64-4698-bcc5-39224f13d0da,24,['0676080c-2652-4823-b511-a98747e1cbae']
11360597-bba0-48a1-8027-c268828e734c,18,['68ef8249-58dd-42a2-8aac-c3b8172aecb5']
cc4abfef-af76-47c6-bf96-35f58db4cf96,18,['cf0a7388-14e0-4aec-b78f-783ddd2b972c']
9f569c63-2505-4d61-aaee-2e75d2512a30,27,['6aa9dbc9-c74c-467f-94f4-1681c176f732']
a8a89b61-626c-4aef-8b33-e307b4f5a4c6,29,['47b4fb40-6abc-459a-80da-0282717c75f4']
572b8f88-8e53-4e5a-95ea-66cba725370e,27,['d5b0b1d4-48f4-4d1c-8df2-0ca8d68f7e1d']
a8a89b61-626c-4aef-8b33-e307b4f5a4c6,30,['31268cdd-1e76-4f3b-b7d1-570dd89be904']
a8a89b61-626c-4aef-8b33-e307b4f5a4c6,31,['8628b614-5f53-4a62-b9c1-7877a2f8bdda']
a0453ba4-ffb2-427f-8135-783502ce21ee,27,['4aa08868-8879-4665-8370-dfe0fab86871']
1e843908-509f-4bb5-9daa-aabc6a67477c,26,['26f717da-82b3-462a-a57e-2aef0426fc39']
c51c9112-fc64-4698-bcc5-39224f13d0da,25,['dac5cdae-7c42-4c23-b375-882de7881e9c']
11360597-bba0-48a1-8027-c268828e734c,19,['93c22187-ce17-4c94-97ee-df0e8342b59e']
9f569c63-2505-4d61-aaee-2e75d2512a30,28,['734936a1-f0ee-4528-909c-0e950a807e80']
572b8f88-8e53-4e5a-95ea-66cba725370e,28,['52c6ca8f-39f6-4b73-86c8-8d53d2f6f495']
cc4abfef-af76-47c6-bf96-35f58db4cf96,19,['23f6530e-1db7-4909-beb9-be86ff1ce831']
572b8f88-8e53-4e5a-95ea-66cba725370e,29,['97fd9e3f-cb9f-493e-a397-487ea0b614b3']
a0453ba4-ffb2-427f-8135-783502ce21ee,28,['7c8fae8d-d598-40b8-b4a1-3603020adc8c']
a8a89b61-626c-4aef-8b33-e307b4f5a4c6,32,['2d9a4c1a-0692-4669-97e9-a846d06ae87a']
1e843908-509f-4bb5-9daa-aabc6a67477c,27,['b9ec00ec-6a04-434d-aae8-a861cc401db5']
a8a89b61-626c-4aef-8b33-e307b4f5a4c6,33,['a37d3d04-56f3-44c2-abad-1e9968aefbe3']
c51c9112-fc64-4698-bcc5-39224f13d0da,26,['b4b05a37-d84e-4886-9519-3054b0c85ce9']
11360597-bba0-48a1-8027-c268828e734c,20,['96597e5e-d4c6-4e1a-8b1c-d8f7deca52d4']
9f569c63-2505-4d61-aaee-2e75d2512a30,29,['7537e332-044a-4f0d-8ad3-a4d87362a864']
572b8f88-8e53-4e5a-95ea-66cba725370e,30,['a331bfdc-a339-4959-b77e-987a806224c2']
cc4abfef-af76-47c6-bf96-35f58db4cf96,20,['379db11b-dc94-4ced-ae41-91de45ba7a62']
a0453ba4-ffb2-427f-8135-783502ce21ee,29,['6d4dd442-7355-4424-97aa-f80a0372fbbe']
c51c9112-fc64-4698-bcc5-39224f13d0da,27,['35a9dc6a-4b3b-4304-97f3-4ec48f2444ac']
1e843908-509f-4bb5-9daa-aabc6a67477c,28,['6082a0d7-4290-4c54-8717-396dc88945fc']
a8a89b61-626c-4aef-8b33-e307b4f5a4c6,34,['bf196f06-9823-4d49-a948-b9f539a1c2d8']
9f569c63-2505-4d61-aaee-2e75d2512a30,30,['ef8be553-f687-416f-8fde-9ef9e43949d4']
11360597-bba0-48a1-8027-c268828e734c,21,['baabb443-e499-4f71-bd15-42c6b6a9c66e']
572b8f88-8e53-4e5a-95ea-66cba725370e,31,['62fb1b56-b9e7-4a35-8d8a-549072aabf7e']
cc4abfef-af76-47c6-bf96-35f58db4cf96,21,['bcf93914-063f-4835-99f9-032376076e84']
a0453ba4-ffb2-427f-8135-783502ce21ee,30,['c56778d1-89c5-4d37-9d90-c4dfb785a3a3']
c51c9112-fc64-4698-bcc5-39224f13d0da,28,['860a0691-2158-4c3e-876c-f09016111cef']
1e843908-509f-4bb5-9daa-aabc6a67477c,29,['0d5cddd6-bbf1-4c7f-8900-97c9e30917fa']
a8a89b61-626c-4aef-8b33-e307b4f5a4c6,35,['b16fa8ec-dfb0-4307-97f1-18eaad6ff7bb']
9f569c63-2505-4d61-aaee-2e75d2512a30,31,['2da5d5fc-e1d1-4d0c-8550-f72972c625fa']
11360597-bba0-48a1-8027-c268828e734c,22,['76d751af-a4f1-4907-962c-2f9206b0ffd4']
572b8f88-8e53-4e5a-95ea-66cba725370e,32,['fc95ceed-6229-4ac2-8072-e001fb66d8c6']
a0453ba4-ffb2-427f-8135-783502ce21ee,31,['6657d4b4-5198-4e31-bffd-db597ae4af8d']
cc4abfef-af76-47c6-bf96-35f58db4cf96,22,['ebfb50e0-4534-4b88-9c72-f9b4bbb2647c']
c51c9112-fc64-4698-bcc5-39224f13d0da,29,['1e882b32-799c-4232-9341-f02e336bf781']
a8a89b61-626c-4aef-8b33-e307b4f5a4c6,36,['3c36df0f-fd9b-463f-b67a-7f7e97a9e8e6']
1e843908-509f-4bb5-9daa-aabc6a67477c,30,['6354732b-17d6-4446-998b-24755344b8f6']
9f569c63-2505-4d61-aaee-2e75d2512a30,32,['32251387-8bc5-4469-ac2a-a520a1661aaf']
11360597-bba0-48a1-8027-c268828e734c,23,['0fd40e24-d948-4224-90c1-ee8cc8d0dc56']
572b8f88-8e53-4e5a-95ea-66cba725370e,33,['47e40a2f-caaf-4fdc-a82d-6a28dc399a24']
572b8f88-8e53-4e5a-95ea-66cba725370e,34,['6f975d80-c911-4611-affc-485aad7adf31']
a0453ba4-ffb2-427f-8135-783502ce21ee,32,['d80dfd51-6aef-4438-8eed-7faba6f9a793']
c51c9112-fc64-4698-bcc5-39224f13d0da,30,['ff425f18-1f24-4c3c-b80e-344157ce9b23']
cc4abfef-af76-47c6-bf96-35f58db4cf96,23,['f97b12b3-3148-4ad3-8c7a-3f52fb89b6f4']
a8a89b61-626c-4aef-8b33-e307b4f5a4c6,37,['9b4ca4d7-7824-49f5-a09a-f50d87033528']
9f569c63-2505-4d61-aaee-2e75d2512a30,33,['28054b6a-b45d-4810-afbd-a07cdb5ec941']
1e843908-509f-4bb5-9daa-aabc6a67477c,31,['35af267e-e08d-4cee-be16-243d6be9149b']
11360597-bba0-48a1-8027-c268828e734c,24,['492f7fbb-db5d-4841-b566-9397d31d2e86']
572b8f88-8e53-4e5a-95ea-66cba725370e,35,['8fda9643-e0b6-4f9f-b5e9-bd08bdb55fee']
a0453ba4-ffb2-427f-8135-783502ce21ee,33,['f451c335-e46b-4e4b-93b4-14bf7a248153']
c51c9112-fc64-4698-bcc5-39224f13d0da,31,['a0adcd93-4d96-4b04-8dee-3b6de1bb92d4']
cc4abfef-af76-47c6-bf96-35f58db4cf96,24,['31b19fd9-f09a-4cc3-a6e7-06a86297ef5f']
9f569c63-2505-4d61-aaee-2e75d2512a30,34,['e91e0cf3-db41-4849-9f42-4860383e9438']
a8a89b61-626c-4aef-8b33-e307b4f5a4c6,38,['07d9e8be-5146-4c75-9c0a-6ae2fcb92deb']
1e843908-509f-4bb5-9daa-aabc6a67477c,32,['df9d0e76-a9c4-4ee8-a688-c4be6bc88d6a']
11360597-bba0-48a1-8027-c268828e734c,25,['939ef02a-c45b-48ed-9b5f-88e956f8329b']
572b8f88-8e53-4e5a-95ea-66cba725370e,36,['81164ab8-e1c8-4f64-9086-5500d0bc4279']
a0453ba4-ffb2-427f-8135-783502ce21ee,34,['48840da9-db04-465c-97a7-cf22ea44534f']
c51c9112-fc64-4698-bcc5-39224f13d0da,32,['0a43c01d-0edb-42ec-a121-260ec48a681e']
9f569c63-2505-4d61-aaee-2e75d2512a30,35,['ddc8a2d4-014b-4937-897c-782d8af9256b']
cc4abfef-af76-47c6-bf96-35f58db4cf96,25,['6d39d262-58f4-4f39-88c7-21d57d1e1d61']
a8a89b61-626c-4aef-8b33-e307b4f5a4c6,39,['a6197658-65bb-460e-97c8-5363cb96db2d']
1e843908-509f-4bb5-9daa-aabc6a67477c,33,['13bf475c-ebd9-4b6f-9090-b1f542d1272d']
572b8f88-8e53-4e5a-95ea-66cba725370e,37,['aba8c90a-e664-4c88-9975-8c5034823a82']
a0453ba4-ffb2-427f-8135-783502ce21ee,35,['d58bd354-b9c5-4e1c-a50e-9f88997e414f']
c51c9112-fc64-4698-bcc5-39224f13d0da,33,['72da14d9-5162-4fda-8993-dd050fda95da']
11360597-bba0-48a1-8027-c268828e734c,26,['6fbaf7a2-b22a-4f36-9ce2-2fd7abd2eb4a']
a0453ba4-ffb2-427f-8135-783502ce21ee,36,['16e1f8b1-6bac-4ff4-9fd5-e36734f7fb3e']
9f569c63-2505-4d61-aaee-2e75d2512a30,36,['8efe89dc-4853-44b2-b275-49da2fe54e45']
cc4abfef-af76-47c6-bf96-35f58db4cf96,26,['cf1ff9e8-6fa3-4ca8-b5e3-39c7ea042b85']
a8a89b61-626c-4aef-8b33-e307b4f5a4c6,40,['64966e80-2fb1-42ac-8558-d577aadc359a']
cc4abfef-af76-47c6-bf96-35f58db4cf96,27,['2fa266f9-68da-4797-b57b-ba152ef3e913']
1e843908-509f-4bb5-9daa-aabc6a67477c,34,['18bdf8e7-4593-4a27-9d98-b12cd3a86f32']
572b8f88-8e53-4e5a-95ea-66cba725370e,38,['0da09855-9218-49ad-a2c1-9b6403022338']
c51c9112-fc64-4698-bcc5-39224f13d0da,34,['b46e0a8f-ade4-4298-9579-7c5434b2aecf']
11360597-bba0-48a1-8027-c268828e734c,27,['adabd753-be8a-4457-b47f-a82d461d9408']
a0453ba4-ffb2-427f-8135-783502ce21ee,37,['4e847ad1-c089-4b64-898f-69462897fc93']
9f569c63-2505-4d61-aaee-2e75d2512a30,37,['4e635379-535f-48f3-98d8-7f3e3cb37839']
a8a89b61-626c-4aef-8b33-e307b4f5a4c6,41,['9dbe49aa-057d-417f-a6fd-a1e9af8a8462']
cc4abfef-af76-47c6-bf96-35f58db4cf96,28,['853b15fe-0980-4cec-9cce-34a981a2e2c4']
1e843908-509f-4bb5-9daa-aabc6a67477c,35,['12f690be-c601-410e-a004-d3b24489c7ae']
572b8f88-8e53-4e5a-95ea-66cba725370e,39,['0abaf37f-0025-4c5b-9c3d-ff1ae7aba46f']
c51c9112-fc64-4698-bcc5-39224f13d0da,35,['d12e6ff6-f5fa-4baa-999a-027e3498cc61']
a0453ba4-ffb2-427f-8135-783502ce21ee,38,['2c724645-39cd-43bd-bee6-9dad8e0abb47']
11360597-bba0-48a1-8027-c268828e734c,28,['0290ec22-5bcd-4e70-b221-edfa7ac50f7e']
9f569c63-2505-4d61-aaee-2e75d2512a30,38,['b9253a72-b2e3-4493-96dd-fb9fa3208573']
a8a89b61-626c-4aef-8b33-e307b4f5a4c6,42,['d52bf699-0b34-445b-9bb7-897a1c21ef14']
572b8f88-8e53-4e5a-95ea-66cba725370e,40,['ea2c2d21-c35a-4b4e-b20c-877b40fb2b98']
1e843908-509f-4bb5-9daa-aabc6a67477c,36,['28d71c98-3aa6-471b-8ed9-2d9b6e694ba8']
c51c9112-fc64-4698-bcc5-39224f13d0da,36,['94c24465-27b7-49c2-b141-2f7a365ea800']
a0453ba4-ffb2-427f-8135-783502ce21ee,39,['2ed60ff9-6806-4cbc-9953-9895572d14fa']
572b8f88-8e53-4e5a-95ea-66cba725370e,41,['92afc8dd-4671-4866-98a1-2293dd915c88']
11360597-bba0-48a1-8027-c268828e734c,29,['387bfff7-86e5-408b-b5c9-21ee896f841e']
9f569c63-2505-4d61-aaee-2e75d2512a30,39,['fe721ed2-9c4a-4d24-9112-69195b3b0cd9']
cc4abfef-af76-47c6-bf96-35f58db4cf96,29,['6a9190c9-ca77-4f1a-b65f-9bf5fdf85ebd']
a8a89b61-626c-4aef-8b33-e307b4f5a4c6,43,['1b9e17f0-f07b-4180-95d5-24d01e469ff9']
a0453ba4-ffb2-427f-8135-783502ce21ee,40,['0b310161-4cdf-4ca1-bafb-a272f5bd47b6']
1e843908-509f-4bb5-9daa-aabc6a67477c,37,['8623c962-0c40-464c-80ae-289110bc4016']
c51c9112-fc64-4698-bcc5-39224f13d0da,37,['fe95f62f-5ef9-435a-bb58-b275d7df2893']
572b8f88-8e53-4e5a-95ea-66cba725370e,42,['eab886da-a4bb-4145-80a4-adcf24d1b82a']
9f569c63-2505-4d61-aaee-2e75d2512a30,40,['020e2be9-70a7-4a09-9a95-42e0e3fb5a9f']
11360597-bba0-48a1-8027-c268828e734c,30,['9ad54a22-c06a-4d73-8066-ca5750efab75']
cc4abfef-af76-47c6-bf96-35f58db4cf96,30,['10449965-c15d-4df7-a788-ef2774f5c5c5']
a8a89b61-626c-4aef-8b33-e307b4f5a4c6,44,['9057a957-0b12-4df1-a0ef-a77c10098f64']
a0453ba4-ffb2-427f-8135-783502ce21ee,41,['766f8eed-c3f3-4eda-879e-4643e29a66ae']
572b8f88-8e53-4e5a-95ea-66cba725370e,43,['acd36962-cb89-4f6e-a470-50514d0a49e2']
c51c9112-fc64-4698-bcc5-39224f13d0da,38,['ac743b79-377f-4107-a336-60e7f465219b']
1e843908-509f-4bb5-9daa-aabc6a67477c,38,['57a6480c-e5d9-4799-9892-a9cce11559f9']
572b8f88-8e53-4e5a-95ea-66cba725370e,44,['54086078-2f92-4152-b912-ad7a95bf1631']
9f569c63-2505-4d61-aaee-2e75d2512a30,41,['f2d41eee-c771-4f66-96f0-a322cd9c46b8']
1e843908-509f-4bb5-9daa-aabc6a67477c,39,['059f5bbf-333f-478c-b1bf-0140b86fc99f']
11360597-bba0-48a1-8027-c268828e734c,31,['3449f6c5-0747-490d-855f-ce22f3ce05d6']
a8a89b61-626c-4aef-8b33-e307b4f5a4c6,45,['393f4801-8d60-46da-bccc-0d30b3cdf64b']
cc4abfef-af76-47c6-bf96-35f58db4cf96,31,['a6402257-90e1-44a3-bd44-c36f80afb481']
a0453ba4-ffb2-427f-8135-783502ce21ee,42,['2ccbc555-af97-45a2-9b2d-5f42189036e5']
572b8f88-8e53-4e5a-95ea-66cba725370e,45,['6cb50a97-ba0a-4e06-8343-6dc96db3b9f5']
c51c9112-fc64-4698-bcc5-39224f13d0da,39,['1c69f5b2-995c-4978-8eb1-f4f6021b042c']
9f569c63-2505-4d61-aaee-2e75d2512a30,42,['cdaa96ca-fca6-4139-a09f-30bc8757ea5a']
1e843908-509f-4bb5-9daa-aabc6a67477c,40,['2ce70fa9-5f33-4b86-ad13-c67e7618fd2d']
11360597-bba0-48a1-8027-c268828e734c,32,['ef316664-8622-443e-9f18-8d6137f996f5']
c51c9112-fc64-4698-bcc5-39224f13d0da,40,['655d7292-2021-41e8-a121-fa0c99cec1d6']
a8a89b61-626c-4aef-8b33-e307b4f5a4c6,46,['ac5c496d-bdd9-4107-b0a2-b0e74635ded2']
cc4abfef-af76-47c6-bf96-35f58db4cf96,32,['a29bef51-cf5f-4a90-ac32-299a4e8036fb']
a0453ba4-ffb2-427f-8135-783502ce21ee,43,['7ef7bb5c-7fd5-4ab2-81ea-0785a97c9d59']
572b8f88-8e53-4e5a-95ea-66cba725370e,46,['dde715a7-f4ad-43e1-a4fd-9080072e1852']
9f569c63-2505-4d61-aaee-2e75d2512a30,43,['7bf7ec9d-6a8d-453a-a93c-efed7c6621c7']
1e843908-509f-4bb5-9daa-aabc6a67477c,41,['d89689e4-b9d0-4ffb-b5c1-85e4b0e507f0']
11360597-bba0-48a1-8027-c268828e734c,33,['c607ee45-a7fb-4762-a731-6e5921899345']
c51c9112-fc64-4698-bcc5-39224f13d0da,41,['43587a9d-df7a-4232-bf53-807b09d8f70b']
a8a89b61-626c-4aef-8b33-e307b4f5a4c6,47,['b484c763-1b75-43a0-aac3-0b10830cad26']
a0453ba4-ffb2-427f-8135-783502ce21ee,44,['997bd20e-1ac6-4dbc-aa98-cae607852b51']
cc4abfef-af76-47c6-bf96-35f58db4cf96,33,['8a9bc7b7-e81e-4efe-8ad7-d87a6eea2b3c']
572b8f88-8e53-4e5a-95ea-66cba725370e,47,['167473b0-ae92-44ed-bb58-84571e07ab02']
9f569c63-2505-4d61-aaee-2e75d2512a30,44,['20df4fd2-0261-4b79-929c-ff29442f1951']
a0453ba4-ffb2-427f-8135-783502ce21ee,45,['f763d29e-c4b3-46f3-9a5f-e114bfd1f42e']
1e843908-509f-4bb5-9daa-aabc6a67477c,42,['16b45b8d-748c-4007-bf0c-28f78aa4c779']
11360597-bba0-48a1-8027-c268828e734c,34,['3f1ea176-5ea5-4fae-8e7e-04498cc985c2']
c51c9112-fc64-4698-bcc5-39224f13d0da,42,['07a415be-72bf-4631-b49f-16d6566d97b9']
572b8f88-8e53-4e5a-95ea-66cba725370e,48,['b3d59663-0509-4a78-bf91-e1e2d50c5b1d']
a8a89b61-626c-4aef-8b33-e307b4f5a4c6,48,['95f1ce95-34aa-43cb-908f-56cf5a28e5de']
9f569c63-2505-4d61-aaee-2e75d2512a30,45,['b80faeb4-3be6-4422-8dec-5e6ab41d7a1c']
a0453ba4-ffb2-427f-8135-783502ce21ee,46,['656b5710-1664-4efe-94bb-f6865ac1cdde']
cc4abfef-af76-47c6-bf96-35f58db4cf96,34,['3cf431c8-32dd-4022-a695-d167372dcdde']
1e843908-509f-4bb5-9daa-aabc6a67477c,43,['a69a177b-e2e2-4d25-be72-fce35e46e79d']
11360597-bba0-48a1-8027-c268828e734c,35,['b00c9c62-f8ce-4156-bee5-a5c8e8143c3d']
c51c9112-fc64-4698-bcc5-39224f13d0da,43,['c33e90a7-6a00-4ef9-bdb0-8c178b1cdb4d']
572b8f88-8e53-4e5a-95ea-66cba725370e,49,['c102c088-e4ff-458e-8b7a-e2f1e1bbe165']
a0453ba4-ffb2-427f-8135-783502ce21ee,47,['1f6cf994-608b-4ce9-8fd9-ae24b7005099']
a8a89b61-626c-4aef-8b33-e307b4f5a4c6,49,['b1632140-72b2-4e88-a175-65be07c614b4']
9f569c63-2505-4d61-aaee-2e75d2512a30,46,['b25d1c7f-707a-488c-98c2-08c1b79640a1']
cc4abfef-af76-47c6-bf96-35f58db4cf96,35,['9a1c0795-cbe4-4080-9bf1-9b9cd1845d1c']
1e843908-509f-4bb5-9daa-aabc6a67477c,44,['68838e2f-b075-46a7-84e6-7ac1614b4113']
c51c9112-fc64-4698-bcc5-39224f13d0da,44,['1aa4b21b-f131-449a-90fa-a41c1e3251f5']
11360597-bba0-48a1-8027-c268828e734c,36,['d1cbe4b9-ae6a-4bb1-a211-5ecc48feeee7']
a0453ba4-ffb2-427f-8135-783502ce21ee,48,['bde199d2-0a91-420a-8295-c80347f41314']
572b8f88-8e53-4e5a-95ea-66cba725370e,50,['1bb64891-4edf-48fe-8dfc-f88b3737fa3f']
9f569c63-2505-4d61-aaee-2e75d2512a30,47,['d5bf99e2-e3a5-489e-aff0-6d668a765092']
a0453ba4-ffb2-427f-8135-783502ce21ee,49,['f31a30d0-1ff0-49c9-aeae-98759dfb362d']
a8a89b61-626c-4aef-8b33-e307b4f5a4c6,50,['e8dcbff5-f119-4d9c-a413-80873b9e3a0c']
a0453ba4-ffb2-427f-8135-783502ce21ee,50,['6353a100-2b73-44de-afae-fe76f04ffbad']
a0453ba4-ffb2-427f-8135-783502ce21ee,51,['eed7c8ec-ba6a-4732-b333-9dc82152ce06']
cc4abfef-af76-47c6-bf96-35f58db4cf96,36,['37aaf65f-556c-4a54-be74-53914b5a5ab4']
1e843908-509f-4bb5-9daa-aabc6a67477c,45,['e63f8212-cb2b-4403-b9ec-97a6b330be2f']
c51c9112-fc64-4698-bcc5-39224f13d0da,45,['dbecc09c-9712-4130-ad54-254b510e7641']
572b8f88-8e53-4e5a-95ea-66cba725370e,51,['17e5678b-c852-4431-aa8f-d2a02eae413a']
11360597-bba0-48a1-8027-c268828e734c,37,['398e6531-8e69-4ef4-bf59-316608568d57']
9f569c63-2505-4d61-aaee-2e75d2512a30,48,['cbea6da3-7a66-481f-a670-5d9aac1cc249']
a8a89b61-626c-4aef-8b33-e307b4f5a4c6,51,['e6e1d2c5-3695-4399-ac47-7eaab6ee8f66']
a0453ba4-ffb2-427f-8135-783502ce21ee,52,['a519f29d-852a-4e31-bd50-e2a342aaf56d']
cc4abfef-af76-47c6-bf96-35f58db4cf96,37,['db031b4f-805b-4e20-9a93-b8b709556319']
1e843908-509f-4bb5-9daa-aabc6a67477c,46,['a8766a77-ee0a-4013-8dd9-98aa01dfc115']
c51c9112-fc64-4698-bcc5-39224f13d0da,46,['e6dffe45-7522-4d23-9635-9c33c11d1e83']
572b8f88-8e53-4e5a-95ea-66cba725370e,52,['f3c97784-ef41-4a93-a66b-15551e12888f']
9f569c63-2505-4d61-aaee-2e75d2512a30,49,['05a401e0-df0c-40e9-89f8-c97ff01500e8']
11360597-bba0-48a1-8027-c268828e734c,38,['c160c7e5-8921-48ab-9c76-be7022eee77d']
a0453ba4-ffb2-427f-8135-783502ce21ee,53,['4715597b-1d41-4918-9fae-ac7b28d2071e']
a8a89b61-626c-4aef-8b33-e307b4f5a4c6,52,['f8e2fd07-e207-4671-a8ce-45145181bf29']
1e843908-509f-4bb5-9daa-aabc6a67477c,47,['bdbc8a93-39f8-46d6-82a3-7ad666d49280']
cc4abfef-af76-47c6-bf96-35f58db4cf96,38,['af825950-8c2f-4a90-92c4-bd34bcd64681']
c51c9112-fc64-4698-bcc5-39224f13d0da,47,['3d59cd2e-15ec-4eae-9e76-be7e689f8f88']
572b8f88-8e53-4e5a-95ea-66cba725370e,53,['6b99403a-ccef-4d48-972c-5b696929e9be']
9f569c63-2505-4d61-aaee-2e75d2512a30,50,['f04d3283-e8a8-41e0-84d2-93dfa8d0ad4d']
a0453ba4-ffb2-427f-8135-783502ce21ee,54,['35e643d2-fcd6-47ae-962a-45d2c0fcaf76']
11360597-bba0-48a1-8027-c268828e734c,39,['4118b76b-ca06-4e63-b4f1-f75b72d304d1']
a8a89b61-626c-4aef-8b33-e307b4f5a4c6,53,['606cb8c9-030f-4ba3-b2d4-78593e50dc3f']
1e843908-509f-4bb5-9daa-aabc6a67477c,48,['7ce059f1-6f50-41b4-b91a-ee81a0758db7']
cc4abfef-af76-47c6-bf96-35f58db4cf96,39,['069a3c5d-47cb-42e2-965d-96b22036fd1a']
c51c9112-fc64-4698-bcc5-39224f13d0da,48,['b8ecc683-4a4b-428d-9174-102d7237bedb']
9f569c63-2505-4d61-aaee-2e75d2512a30,51,['afd5fcf1-565c-4533-b0ec-f7a597d6f46e']
572b8f88-8e53-4e5a-95ea-66cba725370e,54,['59345614-b795-496e-b012-8bb570ba18f1']
a0453ba4-ffb2-427f-8135-783502ce21ee,55,['58bc66ad-e845-4902-a6ab-c5892ff661fa']
11360597-bba0-48a1-8027-c268828e734c,40,['efe72a1b-5a42-4944-93ed-4003bc7f651f']
a8a89b61-626c-4aef-8b33-e307b4f5a4c6,54,['2440ecf0-eda1-478a-ad37-6d97df1fc90f']
1e843908-509f-4bb5-9daa-aabc6a67477c,49,['2575d607-5475-49de-87d7-f0f1d5764135']
c51c9112-fc64-4698-bcc5-39224f13d0da,49,['f5130ebe-9a62-46ad-8037-e1960483c730']
cc4abfef-af76-47c6-bf96-35f58db4cf96,40,['2e143d74-d504-4365-8d24-b77264a1ae59']
9f569c63-2505-4d61-aaee-2e75d2512a30,52,['f0cbb1d8-5453-4d32-964b-f3d561e5fba9']
572b8f88-8e53-4e5a-95ea-66cba725370e,55,['2cd1c309-6bd4-4f11-9b6b-aedfacd877fd']
a0453ba4-ffb2-427f-8135-783502ce21ee,56,['6c0ccd16-a6a3-4516-82ff-c6be309ec605']
11360597-bba0-48a1-8027-c268828e734c,41,['43eed5df-b653-42eb-804e-06a19f69bc36']
a8a89b61-626c-4aef-8b33-e307b4f5a4c6,55,['b15a3ca2-8623-493d-a967-5aa1fd3b8554']
c51c9112-fc64-4698-bcc5-39224f13d0da,50,['c8b3939f-47b6-4b34-bdaa-2f8e6cc90789']
1e843908-509f-4bb5-9daa-aabc6a67477c,50,['2024cc01-9212-4f7d-bd65-45c12e68c7ec']
9f569c63-2505-4d61-aaee-2e75d2512a30,53,['2c8a7d90-a85f-4386-8410-70be6ca75c38']
572b8f88-8e53-4e5a-95ea-66cba725370e,56,['95b30994-c723-416a-b17a-5032cd5a2f73']
cc4abfef-af76-47c6-bf96-35f58db4cf96,41,['96621ca0-aaa0-48b1-913e-6297333a5ffe']
a0453ba4-ffb2-427f-8135-783502ce21ee,57,['60c4b8cc-ad69-418b-aacb-beb1c61c8f98']
11360597-bba0-48a1-8027-c268828e734c,42,['106eeb68-b539-4e09-b94b-6852b4b92be0']
a8a89b61-626c-4aef-8b33-e307b4f5a4c6,56,['b7a0d1e1-8209-4856-9231-3439f7e71b00']
c51c9112-fc64-4698-bcc5-39224f13d0da,51,['5437bde8-3c3c-41e6-ad9c-0dae228b0d7d']
9f569c63-2505-4d61-aaee-2e75d2512a30,54,['cb66ce8d-1c83-46b3-bfb4-84daa7475560']
1e843908-509f-4bb5-9daa-aabc6a67477c,51,['80184ee1-b6cf-4c35-8676-0a3b3c7acb34']
572b8f88-8e53-4e5a-95ea-66cba725370e,57,['f84b13f5-50ff-4fbc-a5f7-f611fa809fcc']
a0453ba4-ffb2-427f-8135-783502ce21ee,58,['1c7fe689-c402-4caa-a5b8-fb759dee6888']
1e843908-509f-4bb5-9daa-aabc6a67477c,52,['036dfae5-4bdd-4444-8efe-8753f5bd70f0']
cc4abfef-af76-47c6-bf96-35f58db4cf96,42,['15701796-f934-46c5-be44-7373abea4cf5']
a8a89b61-626c-4aef-8b33-e307b4f5a4c6,57,['351111cc-947e-4ee2-b32f-d7e3f66a2116']
11360597-bba0-48a1-8027-c268828e734c,43,['012b24a7-7591-4340-9a48-857f27ccd09f']
9f569c63-2505-4d61-aaee-2e75d2512a30,55,['aa2148bf-a3bc-438d-a416-eb0cc965119d']
c51c9112-fc64-4698-bcc5-39224f13d0da,52,['fca0fd76-37a6-4fee-a7cc-20b38b0fea31']
572b8f88-8e53-4e5a-95ea-66cba725370e,58,['ef05904a-e162-48f7-b061-d6955271bcc5']
a0453ba4-ffb2-427f-8135-783502ce21ee,59,['be9cc71b-ccd3-4883-a50e-3429acdedabb']
1e843908-509f-4bb5-9daa-aabc6a67477c,53,['806bcff3-3fce-4d09-8b26-15e72ef0b3e8']
cc4abfef-af76-47c6-bf96-35f58db4cf96,43,['b0ac7de4-7bd8-4c29-89e1-fac548112ca4']
9f569c63-2505-4d61-aaee-2e75d2512a30,56,['c28afbd1-623d-49f3-b124-0228bbe0589c']
11360597-bba0-48a1-8027-c268828e734c,44,['94f46e35-b767-486a-b81b-144029b4f316']
c51c9112-fc64-4698-bcc5-39224f13d0da,53,['b6ad3ff5-be2d-4779-8f9e-2709028d8da9']
a8a89b61-626c-4aef-8b33-e307b4f5a4c6,58,['e74e0cef-96a1-437e-9a74-15fd4ab4ac40']
9f569c63-2505-4d61-aaee-2e75d2512a30,57,['d7199bdb-b703-4195-bdea-8cb48f1b0731']
c51c9112-fc64-4698-bcc5-39224f13d0da,54,['6ec26bb7-1ae0-45d2-87ba-212b532154c0']
572b8f88-8e53-4e5a-95ea-66cba725370e,59,['1b99ecdf-6f64-4cfc-a93c-b6a48d83f4f9']
a0453ba4-ffb2-427f-8135-783502ce21ee,60,['a36545f4-5a74-449d-b3bf-89fbf22ca704']
1e843908-509f-4bb5-9daa-aabc6a67477c,54,['669f556c-970e-48bc-bf62-08a0266eb36b']
cc4abfef-af76-47c6-bf96-35f58db4cf96,44,['b1b3dc48-fb13-4316-8d96-4e00b1e887a1']
11360597-bba0-48a1-8027-c268828e734c,45,['9cab537e-f2b8-4595-9c4b-e12f7bb4dc88']
9f569c63-2505-4d61-aaee-2e75d2512a30,58,['204d2b5e-2e82-48bd-922f-7c0e27d8743e']
a8a89b61-626c-4aef-8b33-e307b4f5a4c6,59,['c51ceb84-34bd-4c4a-914f-08413d8f00b0']
c51c9112-fc64-4698-bcc5-39224f13d0da,55,['67b571ca-8024-439a-83c7-c519d374ad1a']
a0453ba4-ffb2-427f-8135-783502ce21ee,61,['c65aaf20-b693-4150-ae45-4b3eb334fff0']
572b8f88-8e53-4e5a-95ea-66cba725370e,60,['e1357a7e-3954-496a-99b8-5bd1c5a63289']
cc4abfef-af76-47c6-bf96-35f58db4cf96,45,['d0be49c9-a114-4816-b6f4-148ae67e72ee']
1e843908-509f-4bb5-9daa-aabc6a67477c,55,['b9dea088-68b9-4ccb-9db0-89946157ffd8']
9f569c63-2505-4d61-aaee-2e75d2512a30,59,['6e9f7e58-4583-4b27-83b2-1873ffc86c44']
c51c9112-fc64-4698-bcc5-39224f13d0da,56,['9984a7f0-bf24-4be7-861f-1e4372275321']
a0453ba4-ffb2-427f-8135-783502ce21ee,62,['904eaa39-2190-4e47-a033-339380f4a9e2']
a8a89b61-626c-4aef-8b33-e307b4f5a4c6,60,['876ccdf3-34ae-4ab6-9e97-c11ed7ae1d73']
572b8f88-8e53-4e5a-95ea-66cba725370e,61,['f5268195-5f2c-4194-a10d-8f647a61c2b5']
c51c9112-fc64-4698-bcc5-39224f13d0da,57,['8f4811e4-04b8-44a9-a960-f88084b44df1']
11360597-bba0-48a1-8027-c268828e734c,46,['1c7d9540-302f-4a36-ba93-f933448e3bc6']
cc4abfef-af76-47c6-bf96-35f58db4cf96,46,['68b7cd79-8338-4ffe-a1f8-63879b31f483']
1e843908-509f-4bb5-9daa-aabc6a67477c,56,['96705b8b-9ac1-4b7c-b06f-1e2453e41ad5']
9f569c63-2505-4d61-aaee-2e75d2512a30,60,['27bacde8-5108-4f70-837c-7e7951a9f51e']
a0453ba4-ffb2-427f-8135-783502ce21ee,63,['9e834622-dc31-4fc4-aa9f-5742c6a0cdfb']
572b8f88-8e53-4e5a-95ea-66cba725370e,62,['1e74dee8-6005-499c-8b43-d945dbd770d6']
c51c9112-fc64-4698-bcc5-39224f13d0da,58,['d4f29cd8-43b7-4693-b442-90071b96f0dc']
a8a89b61-626c-4aef-8b33-e307b4f5a4c6,61,['90e54b1f-b86c-4936-9ab0-29da6b81279d']
11360597-bba0-48a1-8027-c268828e734c,47,['f695fcfb-b5fa-446c-9a8d-682ec7cfa0bd']
cc4abfef-af76-47c6-bf96-35f58db4cf96,47,['4546b478-fe70-4aa6-a724-1870cd887858']
1e843908-509f-4bb5-9daa-aabc6a67477c,57,['484330a6-0d76-444a-af9a-15cdc762d195']
9f569c63-2505-4d61-aaee-2e75d2512a30,61,['2906dadd-8e09-4e1f-8e91-37e1e1f581b6']
a0453ba4-ffb2-427f-8135-783502ce21ee,64,['54ae10c1-42d0-4bb2-82c1-961df2f64869']
c51c9112-fc64-4698-bcc5-39224f13d0da,59,['5d8a4612-b4b1-49b9-a152-63536d1696bf']
572b8f88-8e53-4e5a-95ea-66cba725370e,63,['64642eb5-90a0-4385-8e60-9a38e8e9b6d5']
a8a89b61-626c-4aef-8b33-e307b4f5a4c6,62,['ff36bab1-c4e8-42e4-b22e-001e143109e1']
11360597-bba0-48a1-8027-c268828e734c,48,['d60b4bba-9deb-46a8-9e0f-37bd39850029']
cc4abfef-af76-47c6-bf96-35f58db4cf96,48,['10a4929f-e928-4ac3-9c5f-e28e2bcee9fd']
1e843908-509f-4bb5-9daa-aabc6a67477c,58,['793b6bf7-5e81-4948-aa1c-27f8d7dcc2fe']
9f569c63-2505-4d61-aaee-2e75d2512a30,62,['879a4a74-8951-41ef-8f15-db79e71ba370']
a0453ba4-ffb2-427f-8135-783502ce21ee,65,['2c1582fe-c718-41be-8315-dbe7ef9a5eef']
c51c9112-fc64-4698-bcc5-39224f13d0da,60,['1851ab44-336c-42ff-99c7-32e6172b2c8b']
572b8f88-8e53-4e5a-95ea-66cba725370e,64,['f3991ef5-13d9-444f-b511-8786c6a8168f']
a8a89b61-626c-4aef-8b33-e307b4f5a4c6,63,['d19e7e9a-4e5d-4c1e-9865-dd279508b393']
11360597-bba0-48a1-8027-c268828e734c,49,['fbab3c8e-5234-47a5-93d8-496bd1f11f5d']
cc4abfef-af76-47c6-bf96-35f58db4cf96,49,['7e529d8e-09e6-4ede-990b-058ef3a7162e']
1e843908-509f-4bb5-9daa-aabc6a67477c,59,['e0589574-d6a0-4375-8eab-0dfb5c7da9f1']
9f569c63-2505-4d61-aaee-2e75d2512a30,63,['12c320e8-c913-4cbe-a2a6-4edefb4a7752']
a0453ba4-ffb2-427f-8135-783502ce21ee,66,['54c004e6-7320-47db-8e78-83bd895a42e6']
c51c9112-fc64-4698-bcc5-39224f13d0da,61,['c8e65b70-8334-4c5f-b13d-b3bab04f06b1']
572b8f88-8e53-4e5a-95ea-66cba725370e,65,['2ad063be-192b-4194-904b-2d5b61b958d5']
a8a89b61-626c-4aef-8b33-e307b4f5a4c6,64,['d45e2ec2-1cbd-4a2f-97e4-68da7b11c371']
11360597-bba0-48a1-8027-c268828e734c,50,['b6744b45-ff51-4d37-a110-633b533b0a61']
cc4abfef-af76-47c6-bf96-35f58db4cf96,50,['b131318b-d115-4d4c-8485-2349b4b0d858']
1e843908-509f-4bb5-9daa-aabc6a67477c,60,['4ee59a07-bc26-4e56-86cb-4e06fdf13649']
9f569c63-2505-4d61-aaee-2e75d2512a30,64,['879c26a7-4e86-4383-b3ff-c943856f2e43']
a0453ba4-ffb2-427f-8135-783502ce21ee,67,['9850fe2d-e76a-4786-a33f-5b4adf6dfa76']
c51c9112-fc64-4698-bcc5-39224f13d0da,62,['3024c72a-f6e0-4c26-9245-7ca49f0d841a']
572b8f88-8e53-4e5a-95ea-66cba725370e,66,['54ff806b-4dd9-485a-8cd4-68cdf3697b95']
a8a89b61-626c-4aef-8b33-e307b4f5a4c6,65,['e9c68f22-573e-476b-9dec-fa4a659034a8']
11360597-bba0-48a1-8027-c268828e734c,51,['2719115f-a4b9-41ae-9b94-849e008aee7d']
cc4abfef-af76-47c6-bf96-35f58db4cf96,51,['d5f70834-318d-41c2-a13a-27d036a1e22d']
9f569c63-2505-4d61-aaee-2e75d2512a30,65,['a781f472-9e0c-4ba7-aed4-570fe1528760']
a0453ba4-ffb2-427f-8135-783502ce21ee,68,['dc7a1d1e-3e44-4443-a1f4-df3ae04adb44']
1e843908-509f-4bb5-9daa-aabc6a67477c,61,['8a14b129-cbed-4e53-8a4e-d208512c58b5']
c51c9112-fc64-4698-bcc5-39224f13d0da,63,['dd142ee6-e46c-4fd5-8eb6-04602adc866b']
a0453ba4-ffb2-427f-8135-783502ce21ee,69,['1d99319c-d05e-42ba-ad55-0d2090e83e25']
572b8f88-8e53-4e5a-95ea-66cba725370e,67,['b58b51a4-27b8-45e3-8e77-96a28752f938']
a8a89b61-626c-4aef-8b33-e307b4f5a4c6,66,['977c0bd1-73c2-4fa0-9012-f27c514e20dc']
11360597-bba0-48a1-8027-c268828e734c,52,['37dfecc1-1188-4639-85e1-641f9e3b5ae1']
cc4abfef-af76-47c6-bf96-35f58db4cf96,52,['27bd42ba-4d04-45dd-b47b-a7baf190de85']
9f569c63-2505-4d61-aaee-2e75d2512a30,66,['a3ba9eb2-1506-4a1d-b958-81764212af97']
c51c9112-fc64-4698-bcc5-39224f13d0da,64,['bdb8babb-cee0-437c-b42c-b7450b29ffbe']
a0453ba4-ffb2-427f-8135-783502ce21ee,70,['30b1fbe2-2969-4dda-9649-e35e0271319b']
1e843908-509f-4bb5-9daa-aabc6a67477c,62,['e866e68f-273e-4bec-8de7-1e3e9b95efdd']
572b8f88-8e53-4e5a-95ea-66cba725370e,68,['2ea58d9c-d88d-43e8-8ef1-39f0a98ba172']
a8a89b61-626c-4aef-8b33-e307b4f5a4c6,67,['d8f469fb-3169-4c10-acf8-bcfaafcd1cd9']
11360597-bba0-48a1-8027-c268828e734c,53,['357c0012-d6c6-4173-94b4-0a2812db45cf']
9f569c63-2505-4d61-aaee-2e75d2512a30,67,['32479515-4d8e-4146-b04a-4b901b324e8e']
a0453ba4-ffb2-427f-8135-783502ce21ee,71,['3c7407b8-84b8-4129-aba5-88b600bd8c90']
c51c9112-fc64-4698-bcc5-39224f13d0da,65,['1b14d36e-e2b7-4f87-bb4e-5c392aa0fe40']
cc4abfef-af76-47c6-bf96-35f58db4cf96,53,['9a156a1c-8412-49a9-8bfe-9be6f439067c']
1e843908-509f-4bb5-9daa-aabc6a67477c,63,['80695a71-17c2-4334-a509-a8e7c07c1b05']
572b8f88-8e53-4e5a-95ea-66cba725370e,69,['f3a1d7c3-a9c2-491e-929b-f8c7c744e935']
a8a89b61-626c-4aef-8b33-e307b4f5a4c6,68,['2e674d6d-ba33-496d-86bf-37de80a7580d']
11360597-bba0-48a1-8027-c268828e734c,54,['395bd5b3-cca4-49e6-a276-c759e4ccdc4a']
a0453ba4-ffb2-427f-8135-783502ce21ee,72,['a98e95bf-441f-40a9-b88b-609ced2bb943']
9f569c63-2505-4d61-aaee-2e75d2512a30,68,['0b612e6c-31b2-48b5-b04c-dadadcc3c8bd']
c51c9112-fc64-4698-bcc5-39224f13d0da,66,['bc4d4623-d1c9-405f-b6dc-49bb60645d04']
cc4abfef-af76-47c6-bf96-35f58db4cf96,54,['d39fe2a4-42f5-484d-9be2-be2bf961f228']
1e843908-509f-4bb5-9daa-aabc6a67477c,64,['78d4c9d6-c7b7-4537-92a3-25b4afc2a819']
572b8f88-8e53-4e5a-95ea-66cba725370e,70,['b042a31b-dba6-4f7f-ae30-6a3457cbaf1c']
cc4abfef-af76-47c6-bf96-35f58db4cf96,55,['9ea421d4-57bb-42a1-9020-70b1e406acb1']
1e843908-509f-4bb5-9daa-aabc6a67477c,65,['ab8b5600-c621-4145-bd33-788e0ff0318f']
a0453ba4-ffb2-427f-8135-783502ce21ee,73,['1199a7cd-aefb-4f83-a5e8-5c809854d365']
a8a89b61-626c-4aef-8b33-e307b4f5a4c6,69,['281cc82f-5a43-4a79-8b94-2afc87185e20']
9f569c63-2505-4d61-aaee-2e75d2512a30,69,['6763fea6-ffc1-420a-989a-b241a2ac1389']
11360597-bba0-48a1-8027-c268828e734c,55,['702f2938-076e-44cd-a990-009ebd249d6b']
c51c9112-fc64-4698-bcc5-39224f13d0da,67,['864506fe-02b5-4ce9-accb-74756f52dae5']
572b8f88-8e53-4e5a-95ea-66cba725370e,71,['deeec584-2db5-4685-b2b6-b6427f3ca114']
cc4abfef-af76-47c6-bf96-35f58db4cf96,56,['e3dd499c-82c3-4005-b3f2-3390ce6ee8a5']
1e843908-509f-4bb5-9daa-aabc6a67477c,66,['7aabf5f0-5a49-4460-ba27-e885c495e86f']
a0453ba4-ffb2-427f-8135-783502ce21ee,74,['78a253c3-a1e9-4876-99fd-92f8e3e14122']
9f569c63-2505-4d61-aaee-2e75d2512a30,70,['a73fa7ab-3473-4c15-9195-f1cf32cb0980']
a8a89b61-626c-4aef-8b33-e307b4f5a4c6,70,['4e426f3c-072c-4721-a6dd-a3bdb889c19e']
c51c9112-fc64-4698-bcc5-39224f13d0da,68,['8a37bae4-a276-4275-a569-69ce43df9d77']
11360597-bba0-48a1-8027-c268828e734c,56,['8da5586d-723b-47ae-a8be-11c5920399d3']
572b8f88-8e53-4e5a-95ea-66cba725370e,72,['b5738c0c-2f15-4aa1-85d8-496df429292c']
cc4abfef-af76-47c6-bf96-35f58db4cf96,57,['d84e3b62-6372-4db7-a420-62bd730d500c']
1e843908-509f-4bb5-9daa-aabc6a67477c,67,['fefa7ff6-d05f-4123-bad3-21d80c192bd2']
a0453ba4-ffb2-427f-8135-783502ce21ee,75,['4c899885-b983-4794-8dcc-b5445ac64c1d']
9f569c63-2505-4d61-aaee-2e75d2512a30,71,['345a94be-c34a-4108-ace5-03ea3672d78b']
a8a89b61-626c-4aef-8b33-e307b4f5a4c6,71,['87a06f5b-aa82-4a82-a713-df7957db5aa8']
11360597-bba0-48a1-8027-c268828e734c,57,['f3931e51-2859-452e-9446-f842f8aceb1e']
c51c9112-fc64-4698-bcc5-39224f13d0da,69,['a296a3db-ac73-4fdf-8166-028a3f842c38']
572b8f88-8e53-4e5a-95ea-66cba725370e,73,['919891d0-e6f5-4059-89ce-d7e2f1e8834a']
cc4abfef-af76-47c6-bf96-35f58db4cf96,58,['9f81b3e9-104f-427a-809e-89c4da5433e2']
1e843908-509f-4bb5-9daa-aabc6a67477c,68,['7c907bac-c040-4d57-a313-67d5e9b92e08']
a0453ba4-ffb2-427f-8135-783502ce21ee,76,['b93ea41a-3cab-407e-8a9f-13b00821a982']
9f569c63-2505-4d61-aaee-2e75d2512a30,72,['501e4ec4-b403-4699-b02f-2b7325a68386']
a8a89b61-626c-4aef-8b33-e307b4f5a4c6,72,['22545163-0724-42fa-ad27-42e1db419850']
c51c9112-fc64-4698-bcc5-39224f13d0da,70,['391aa304-9688-48a5-8f7f-ee718650259c']
11360597-bba0-48a1-8027-c268828e734c,58,['dc21b86b-598f-4eb8-bc13-c62db81a60fa']
572b8f88-8e53-4e5a-95ea-66cba725370e,74,['863ad2b2-04ca-4971-86eb-06e853b668e8']
cc4abfef-af76-47c6-bf96-35f58db4cf96,59,['1ef95520-256a-4f37-bb5d-047009d75e4f']
1e843908-509f-4bb5-9daa-aabc6a67477c,69,['d790d24b-2067-441a-aa0c-9aaf55456d01']
a0453ba4-ffb2-427f-8135-783502ce21ee,77,['897562aa-bcf3-46d8-8366-27b3542555b5']
9f569c63-2505-4d61-aaee-2e75d2512a30,73,['412d3f17-ee41-46a6-971d-4a3cae8e8f70']
c51c9112-fc64-4698-bcc5-39224f13d0da,71,['34a592a3-6c59-4537-83b3-071c6ce965cc']
a8a89b61-626c-4aef-8b33-e307b4f5a4c6,73,['c6e7cf4f-55bd-492f-8583-b206a3dde219']
572b8f88-8e53-4e5a-95ea-66cba725370e,75,['73e23870-1a84-4245-9b50-9c2d8947b5c4']
11360597-bba0-48a1-8027-c268828e734c,59,['2fec0758-b3df-49e3-8612-5b26989aaf36']
cc4abfef-af76-47c6-bf96-35f58db4cf96,60,['0ab0a385-137e-43c3-b848-4154876c4552']
1e843908-509f-4bb5-9daa-aabc6a67477c,70,['c30677c3-4648-4670-8d5f-f5797b558590']
a0453ba4-ffb2-427f-8135-783502ce21ee,78,['0699fa6d-0a0e-43d5-a687-931da90342c6']
9f569c63-2505-4d61-aaee-2e75d2512a30,74,['ec02c4db-c9b6-4255-8641-09cc5cab522f']
c51c9112-fc64-4698-bcc5-39224f13d0da,72,['d9bb32fd-160e-444e-81f0-fbd85f83ee33']
a8a89b61-626c-4aef-8b33-e307b4f5a4c6,74,['0ce2a1fa-6102-46d0-bb53-5979fc516d05']
572b8f88-8e53-4e5a-95ea-66cba725370e,76,['5e0ca040-529e-4b51-8633-50e7e54988cd']
11360597-bba0-48a1-8027-c268828e734c,60,['b6ec7edb-627b-4020-aaf1-120770a57b11']
cc4abfef-af76-47c6-bf96-35f58db4cf96,61,['b9deabc3-0a11-46d2-883a-032c5ad3a43f']
a0453ba4-ffb2-427f-8135-783502ce21ee,79,['cb9ee407-500f-4d17-93f6-31d579150ca9']
1e843908-509f-4bb5-9daa-aabc6a67477c,71,['b6ae6016-404f-46ec-8f16-7404c6e87e4d']
9f569c63-2505-4d61-aaee-2e75d2512a30,75,['d72860ef-e998-496c-9053-abaea347a056']
c51c9112-fc64-4698-bcc5-39224f13d0da,73,['7fb07f51-4b02-4a50-9f03-25d009781dd4']
572b8f88-8e53-4e5a-95ea-66cba725370e,77,['11a59978-6cad-43b6-b05c-1edc5af7c13f']
a8a89b61-626c-4aef-8b33-e307b4f5a4c6,75,['89364b13-e9cc-4624-bbeb-a33eb4f72968']
11360597-bba0-48a1-8027-c268828e734c,61,['99c21afa-618a-4e84-829d-4bbd4832afba']
cc4abfef-af76-47c6-bf96-35f58db4cf96,62,['319c1bb9-cd0b-4167-b126-bf3341c87ac6']
a0453ba4-ffb2-427f-8135-783502ce21ee,80,['0782f2aa-e45c-4952-b6fc-21a169793e03']
1e843908-509f-4bb5-9daa-aabc6a67477c,72,['5a924e26-6f2e-4ebf-b650-c04995bffbeb']
9f569c63-2505-4d61-aaee-2e75d2512a30,76,['a645ffc1-1250-430d-af68-6d1e44ca31a7']
c51c9112-fc64-4698-bcc5-39224f13d0da,74,['11179ac5-c7e9-4445-afc6-0847c2a7f6f9']
572b8f88-8e53-4e5a-95ea-66cba725370e,78,['07a8c879-5c82-44dd-9422-3d5c87dfb787']
a8a89b61-626c-4aef-8b33-e307b4f5a4c6,76,['146d9e75-59bf-4320-869f-883d6c774e87']
11360597-bba0-48a1-8027-c268828e734c,62,['74538b2d-13a1-41b7-82d2-766ca7be0c32']
cc4abfef-af76-47c6-bf96-35f58db4cf96,63,['037aa4de-d57f-462b-abf5-fa4019efa31c']
a0453ba4-ffb2-427f-8135-783502ce21ee,81,['912b6d8a-db19-4156-86d1-20d30f6243f9']
9f569c63-2505-4d61-aaee-2e75d2512a30,77,['1addb61c-6323-44e3-ab7c-ce4f2f57054b']
1e843908-509f-4bb5-9daa-aabc6a67477c,73,['a9663cd1-57e7-4d07-a99b-fc323628400e']
9f569c63-2505-4d61-aaee-2e75d2512a30,78,['716c2f8d-e5d0-4e90-8f2c-079b532317bf']
c51c9112-fc64-4698-bcc5-39224f13d0da,75,['78d2e571-6a7b-41e7-a230-7a85580b2d73']
572b8f88-8e53-4e5a-95ea-66cba725370e,79,['7e2ce11d-f501-4edc-9cd2-19dd7aa21bb2']
a8a89b61-626c-4aef-8b33-e307b4f5a4c6,77,['b9c3f460-6eb2-4850-9210-7d1f83d6e18f']
11360597-bba0-48a1-8027-c268828e734c,63,['5e7b672b-fa08-4a94-a842-ed8497af90a7']
cc4abfef-af76-47c6-bf96-35f58db4cf96,64,['be760f73-cf10-43e8-a732-90ab8f7b4492']
a0453ba4-ffb2-427f-8135-783502ce21ee,82,['ae8a4c01-64aa-4b4e-8550-804b940c4bf0']
a8a89b61-626c-4aef-8b33-e307b4f5a4c6,78,['f65ef311-6dcf-46fc-9a3c-347e35cbac56']
1e843908-509f-4bb5-9daa-aabc6a67477c,74,['8d3409c4-b2b3-4be7-b0f5-0a2d1fbd335f']
a8a89b61-626c-4aef-8b33-e307b4f5a4c6,79,['6f32e71d-4b75-41bb-a5b8-e9101cf119a3']
9f569c63-2505-4d61-aaee-2e75d2512a30,79,['7a17550b-0052-4e58-8117-d02a42fbea80']
c51c9112-fc64-4698-bcc5-39224f13d0da,76,['e4977bec-b546-4756-841f-733b16e3b361']
572b8f88-8e53-4e5a-95ea-66cba725370e,80,['19d6ad92-1bac-4883-98ad-3a4ed88924d4']
cc4abfef-af76-47c6-bf96-35f58db4cf96,65,['44d371c0-a575-43e6-bc4e-5b129d4e66db']
11360597-bba0-48a1-8027-c268828e734c,64,['2fe419ca-1819-4b05-a5d1-5205b4e049b5']
a0453ba4-ffb2-427f-8135-783502ce21ee,83,['43326369-7750-49b2-ba2d-981727e741fe']
9f569c63-2505-4d61-aaee-2e75d2512a30,80,['e68169ca-f95f-4ebc-89f8-ad48abcdbe4d']
1e843908-509f-4bb5-9daa-aabc6a67477c,75,['f4b79aeb-3e1e-43ac-92e3-c2ec64c184ae']
a8a89b61-626c-4aef-8b33-e307b4f5a4c6,80,['9506bc9d-b214-45ad-81eb-8d411b0f3190']
c51c9112-fc64-4698-bcc5-39224f13d0da,77,['47c0ac5c-711c-4ac4-8a9b-996c12e32be1']
572b8f88-8e53-4e5a-95ea-66cba725370e,81,['4cdb4f42-8f73-4786-abef-4151bfe4f8d8']
cc4abfef-af76-47c6-bf96-35f58db4cf96,66,['ae06a9e4-df78-4e18-8a16-362e7461a815']
11360597-bba0-48a1-8027-c268828e734c,65,['0e6a784f-c4c9-47ba-8ef3-54acaf4c496f']
a0453ba4-ffb2-427f-8135-783502ce21ee,84,['3f491448-1d58-496e-849f-70680f134dfe']
9f569c63-2505-4d61-aaee-2e75d2512a30,81,['6fc9d7b3-e5bb-460e-9f37-fb8103597b3d']
a8a89b61-626c-4aef-8b33-e307b4f5a4c6,81,['d23d2854-77d6-4f1d-850d-172c71c069e7']
1e843908-509f-4bb5-9daa-aabc6a67477c,76,['89c03297-d5bb-4a40-93e8-a2fd2b04c357']
c51c9112-fc64-4698-bcc5-39224f13d0da,78,['ba3c1605-e318-440b-889d-a02926c5f174']
572b8f88-8e53-4e5a-95ea-66cba725370e,82,['48c98650-f5a7-4fdf-bd71-e9579786dd00']
cc4abfef-af76-47c6-bf96-35f58db4cf96,67,['321e24c8-0997-4ee0-8702-33b019ac7b7b']
11360597-bba0-48a1-8027-c268828e734c,66,['1b4a8cbe-eadf-4a68-bbeb-f6294ad02196']
a0453ba4-ffb2-427f-8135-783502ce21ee,85,['2ea16887-1f43-490f-82f7-12f447896925']
9f569c63-2505-4d61-aaee-2e75d2512a30,82,['de7c8d2a-fbb2-463b-8901-a4224e4ee45a']
a8a89b61-626c-4aef-8b33-e307b4f5a4c6,82,['283037a5-20b5-43fd-a662-c7f4ed409614']
1e843908-509f-4bb5-9daa-aabc6a67477c,77,['60855ed1-ffde-4562-95b8-d18e46afaff0']
c51c9112-fc64-4698-bcc5-39224f13d0da,79,['fe99deaa-8806-4722-9e9d-c690bd9a4092']
572b8f88-8e53-4e5a-95ea-66cba725370e,83,['b15d9d58-07cd-4f8f-8554-c9fdd53a5777']
cc4abfef-af76-47c6-bf96-35f58db4cf96,68,['41542dae-9124-4786-910e-22419ea487e4']
11360597-bba0-48a1-8027-c268828e734c,67,['0bb1fd8a-a23d-4871-9b1d-31c4b50aba1c']
a0453ba4-ffb2-427f-8135-783502ce21ee,86,['4c284978-82fa-43c7-9f03-048cf1d9ccdb']
9f569c63-2505-4d61-aaee-2e75d2512a30,83,['08e7e502-95b3-4692-b48f-684e885d5e16']
a8a89b61-626c-4aef-8b33-e307b4f5a4c6,83,['7fa025a9-a2cf-42b0-bda0-c17755feda7a']
1e843908-509f-4bb5-9daa-aabc6a67477c,78,['3ba7af15-68e3-4087-abfb-274e407e792c']
c51c9112-fc64-4698-bcc5-39224f13d0da,80,['f71c4161-341d-4096-b440-032abdb2162f']
572b8f88-8e53-4e5a-95ea-66cba725370e,84,['bf2ddad8-6c0f-497d-8286-e16a889c8525']
cc4abfef-af76-47c6-bf96-35f58db4cf96,69,['d91ccf7c-2f82-47ed-921a-a3d8a582e520']
a0453ba4-ffb2-427f-8135-783502ce21ee,87,['a71f3d4f-0c94-46c9-b595-8d4a57f749c0']
9f569c63-2505-4d61-aaee-2e75d2512a30,84,['a6fb1a9e-91e3-447d-adae-ec6828aeaa46']
11360597-bba0-48a1-8027-c268828e734c,68,['4df9e56e-ff6e-4bb3-8e0c-53a31e7d92cf']
a8a89b61-626c-4aef-8b33-e307b4f5a4c6,84,['0f9899b6-d0a9-4a0e-8612-f367a2528ac3']
1e843908-509f-4bb5-9daa-aabc6a67477c,79,['684c4139-f5c9-4e09-a331-e81536ff6cd4']
c51c9112-fc64-4698-bcc5-39224f13d0da,81,['67ce14ca-3382-4fa8-ab22-af6e62641aee']
572b8f88-8e53-4e5a-95ea-66cba725370e,85,['3223b58a-952f-4c72-a14b-7085bbc39049']
cc4abfef-af76-47c6-bf96-35f58db4cf96,70,['6b5edf89-f9b8-4ddd-8eb2-9fe2bf1160a0']
a0453ba4-ffb2-427f-8135-783502ce21ee,88,['e5feeffc-91ad-41d8-963e-61353c4e56e4']
9f569c63-2505-4d61-aaee-2e75d2512a30,85,['35b435df-ba89-4127-bfab-8b68c84f3753']
11360597-bba0-48a1-8027-c268828e734c,69,['1516d577-7336-4a1a-9bbe-dcb5b6f979ca']
a8a89b61-626c-4aef-8b33-e307b4f5a4c6,85,['71cd87b7-3917-40ff-9ffd-8d0bd9ef0687']
c51c9112-fc64-4698-bcc5-39224f13d0da,82,['afc128f7-c64e-42ea-988f-667baa58d0ef']
1e843908-509f-4bb5-9daa-aabc6a67477c,80,['48be8372-76b1-44e1-b6c2-857945804f4c']
cc4abfef-af76-47c6-bf96-35f58db4cf96,71,['b8597440-7712-42bf-a01b-b7238c01de67']
572b8f88-8e53-4e5a-95ea-66cba725370e,86,['7c4b8675-a214-419b-baca-bfd10c7105bb']
a0453ba4-ffb2-427f-8135-783502ce21ee,89,['d4511392-6a19-48e7-b3ce-634267e85231']
9f569c63-2505-4d61-aaee-2e75d2512a30,86,['436a419e-2a92-4f13-9fb6-228f23c9f4c7']
11360597-bba0-48a1-8027-c268828e734c,70,['fc4205ff-4109-4607-b073-07fd8f2c1500']
a8a89b61-626c-4aef-8b33-e307b4f5a4c6,86,['2fe2de3a-d631-4e13-9270-65b79617d6c2']
c51c9112-fc64-4698-bcc5-39224f13d0da,83,['ca4045b2-6ef0-4bb3-8a5d-ffa94c2fed61']
1e843908-509f-4bb5-9daa-aabc6a67477c,81,['572ff9f9-7b2e-4276-b4ea-f09125c1c4c9']
cc4abfef-af76-47c6-bf96-35f58db4cf96,72,['83855b0b-f33e-47e5-93d2-cf6b8e9ceb24']
572b8f88-8e53-4e5a-95ea-66cba725370e,87,['93da05ab-cec5-4d0a-b03f-e4f4f6641d2a']
a0453ba4-ffb2-427f-8135-783502ce21ee,90,['6e7ffe18-702a-4edd-ae71-eec2086f27b1']
9f569c63-2505-4d61-aaee-2e75d2512a30,87,['c279a9da-efb1-4a79-84fd-e9372837b422']
11360597-bba0-48a1-8027-c268828e734c,71,['e6b2400c-59a2-444c-a2e1-0a3359092e97']
a0453ba4-ffb2-427f-8135-783502ce21ee,91,['6a3928f0-7e28-4af1-8f72-bae39d9fe317']
a8a89b61-626c-4aef-8b33-e307b4f5a4c6,87,['16e848a4-552c-470a-8cf3-f0f141f8b859']
c51c9112-fc64-4698-bcc5-39224f13d0da,84,['33242fed-6d25-47ed-b753-2c88385c3d0d']
1e843908-509f-4bb5-9daa-aabc6a67477c,82,['b0c3c2a4-08e6-42a5-b3d7-29b4930a4c92']
cc4abfef-af76-47c6-bf96-35f58db4cf96,73,['e774b4a1-e049-4ad8-9232-4ced0f8a8da2']
9f569c63-2505-4d61-aaee-2e75d2512a30,88,['ee4f6f7a-80f2-47fa-b195-4c86bb1b3a3c']
572b8f88-8e53-4e5a-95ea-66cba725370e,88,['c99ccfee-14f7-4e74-9adf-425d0d25a18e']
a0453ba4-ffb2-427f-8135-783502ce21ee,92,['239a8e38-14e6-4b46-a514-7f818a6ae3b3']
11360597-bba0-48a1-8027-c268828e734c,72,['f497e31b-4b89-4d14-aeee-800262880ae6']
a8a89b61-626c-4aef-8b33-e307b4f5a4c6,88,['0f4afbc8-7c1f-4d34-84f4-e745434fdf0e']
a8a89b61-626c-4aef-8b33-e307b4f5a4c6,89,['bbfb7fdd-6175-4cb5-a81d-4fe3f17fae69']
1e843908-509f-4bb5-9daa-aabc6a67477c,83,['a8e8698c-3fbd-4de8-a6ba-ef7c6461cf89']
c51c9112-fc64-4698-bcc5-39224f13d0da,85,['7ecc4d21-5ebe-4ea2-ad33-450dd30578e9']
cc4abfef-af76-47c6-bf96-35f58db4cf96,74,['112fad60-7574-4608-a0fd-439354802887']
a0453ba4-ffb2-427f-8135-783502ce21ee,93,['96ca1007-e7cf-4a58-b0ff-471804efd8e6']
9f569c63-2505-4d61-aaee-2e75d2512a30,89,['71b836a1-3c4f-41d2-bb91-e63a23fd37b8']
572b8f88-8e53-4e5a-95ea-66cba725370e,89,['48d331f5-0be6-4a7a-80e5-e7772b46855f']
11360597-bba0-48a1-8027-c268828e734c,73,['60015d6a-8ae9-4102-b7c0-9cbf08ffcd0e']
572b8f88-8e53-4e5a-95ea-66cba725370e,90,['04f302a7-d23e-45a2-a4e0-6c5ec318afdf']
a8a89b61-626c-4aef-8b33-e307b4f5a4c6,90,['b229aeac-c7b5-4ecc-b236-568b11021cab']
1e843908-509f-4bb5-9daa-aabc6a67477c,84,['606a6e0c-f702-4f6a-8d71-3af49592c413']
a8a89b61-626c-4aef-8b33-e307b4f5a4c6,91,['f168e6ad-d31f-421c-a270-d9a183d8a37b']
c51c9112-fc64-4698-bcc5-39224f13d0da,86,['4093a507-7873-4986-b906-e94c7d3220f7']
cc4abfef-af76-47c6-bf96-35f58db4cf96,75,['6640d543-9834-4d7f-8d1f-7a708b405954']
a0453ba4-ffb2-427f-8135-783502ce21ee,94,['bc030b15-9bbc-44b7-882c-3c14d6ae5485']
9f569c63-2505-4d61-aaee-2e75d2512a30,90,['6f4a9d82-2a19-4cd0-921f-814487a19f31']
11360597-bba0-48a1-8027-c268828e734c,74,['776e757c-6b91-4feb-bb23-fbfd61ab3597']
572b8f88-8e53-4e5a-95ea-66cba725370e,91,['6bc6816a-e405-4cd3-9c13-8d7e48515732']
1e843908-509f-4bb5-9daa-aabc6a67477c,85,['08bdf3b7-acec-477d-91e8-f8f754d1b141']
a8a89b61-626c-4aef-8b33-e307b4f5a4c6,92,['d788e7ae-6e2c-4e77-a2a4-b5817a7c85c2']
c51c9112-fc64-4698-bcc5-39224f13d0da,87,['a8526a97-0abb-49a0-9679-b7ae70161ed0']
a0453ba4-ffb2-427f-8135-783502ce21ee,95,['0f8705e8-58dc-4f41-9012-00c5f8191b68']
cc4abfef-af76-47c6-bf96-35f58db4cf96,76,['2b802f7c-5a38-44d1-a9c7-2da7807f9d47']
9f569c63-2505-4d61-aaee-2e75d2512a30,91,['d62b756d-8692-4d6d-ba4a-c2a63b5fb33c']
572b8f88-8e53-4e5a-95ea-66cba725370e,92,['61570076-f17b-4018-9d05-1358f57f0985']
11360597-bba0-48a1-8027-c268828e734c,75,['33bf5a70-be96-4362-a9a7-908dd8254aba']
a8a89b61-626c-4aef-8b33-e307b4f5a4c6,93,['3cbcdd8b-565b-4f3a-911d-e93d3d900ce9']
1e843908-509f-4bb5-9daa-aabc6a67477c,86,['db863a5a-5994-40ef-9c19-c6910facfc80']
c51c9112-fc64-4698-bcc5-39224f13d0da,88,['5b0e75d6-9fa2-430b-b369-79547253752d']
a0453ba4-ffb2-427f-8135-783502ce21ee,96,['34dbdcf4-7c86-43ac-8e1a-a8740ebcb7ca']
cc4abfef-af76-47c6-bf96-35f58db4cf96,77,['dbfef925-58b5-4ae5-92d4-cef02a1dc1eb']
9f569c63-2505-4d61-aaee-2e75d2512a30,92,['a0a40645-4a17-4944-a994-9a89e48bbb4a']
572b8f88-8e53-4e5a-95ea-66cba725370e,93,['f4efd53f-5431-495a-91fc-6efdca957c7d']
9f569c63-2505-4d61-aaee-2e75d2512a30,93,['25e4a6e1-c563-4187-b145-b19351d1b7b5']
11360597-bba0-48a1-8027-c268828e734c,76,['0721352e-d754-4056-b0d4-c48cb83e0561']
a8a89b61-626c-4aef-8b33-e307b4f5a4c6,94,['1b10e4c8-e5bd-4d7c-b414-1d9631e52aeb']
1e843908-509f-4bb5-9daa-aabc6a67477c,87,['45ce99e2-5061-4981-a74e-b1db68cabcb9']
a0453ba4-ffb2-427f-8135-783502ce21ee,97,['3cf4a099-9e59-4c3d-a18e-66a500ad403a']
c51c9112-fc64-4698-bcc5-39224f13d0da,89,['b79d2f18-672a-440e-b5d4-c4e949d61328']
c51c9112-fc64-4698-bcc5-39224f13d0da,90,['3deef4da-061a-4d3a-820b-c841c9476343']
cc4abfef-af76-47c6-bf96-35f58db4cf96,78,['65002888-7a24-4ba5-aea6-c26be1a7afa6']
572b8f88-8e53-4e5a-95ea-66cba725370e,94,['74d122bb-5a5f-420d-bd90-affa05f94845']
11360597-bba0-48a1-8027-c268828e734c,77,['8a9811c4-12c7-47b0-bbd9-3db13f330805']
9f569c63-2505-4d61-aaee-2e75d2512a30,94,['0103cfc8-98a2-42c0-8f3c-67272d24e614']
a0453ba4-ffb2-427f-8135-783502ce21ee,98,['2b45fcf1-3c38-4472-91d4-d9e0f3a165a1']
a8a89b61-626c-4aef-8b33-e307b4f5a4c6,95,['c6f9d97a-969a-4091-b4b9-a8825ff8422b']
1e843908-509f-4bb5-9daa-aabc6a67477c,88,['dbc56b7e-5565-4b5b-b99c-0515385441a3']
c51c9112-fc64-4698-bcc5-39224f13d0da,91,['3d170abc-d4e3-48fc-8f09-ac3061dd16fd']
cc4abfef-af76-47c6-bf96-35f58db4cf96,79,['57da7f6a-d31a-407c-b080-acfe6eedf36f']
572b8f88-8e53-4e5a-95ea-66cba725370e,95,['36ef8308-0a1f-4eb9-82cd-882f9ce95be3']
9f569c63-2505-4d61-aaee-2e75d2512a30,95,['aad5c875-d379-4597-8141-a4b7a1118c57']
11360597-bba0-48a1-8027-c268828e734c,78,['91d7ee92-2805-4755-a031-36e0590531c0']
a0453ba4-ffb2-427f-8135-783502ce21ee,99,['580826a5-62c9-4aec-82b0-8cd6d6c8ed27']
a8a89b61-626c-4aef-8b33-e307b4f5a4c6,96,['cf74b366-33df-4905-b618-1756b64f6a6f']
1e843908-509f-4bb5-9daa-aabc6a67477c,89,['3bc55641-e451-4d4b-9505-77286b42643a']
c51c9112-fc64-4698-bcc5-39224f13d0da,92,['d5bdf74e-48c7-4cfb-873a-1543ca7f98b9']
cc4abfef-af76-47c6-bf96-35f58db4cf96,80,['5f5acb61-65a0-442f-981a-97629bedeb15']
572b8f88-8e53-4e5a-95ea-66cba725370e,96,['5484e779-91e8-4069-971e-abd350fff610']
9f569c63-2505-4d61-aaee-2e75d2512a30,96,['4d7da213-2ec2-407e-a68e-a31205df9f51']
11360597-bba0-48a1-8027-c268828e734c,79,['8721ff91-da93-467d-b314-750e4c5a18a0']
a0453ba4-ffb2-427f-8135-783502ce21ee,100,['4d8dac48-5212-464a-8ba4-80931b7a4f53']
a8a89b61-626c-4aef-8b33-e307b4f5a4c6,97,['3e5c845a-65de-4d93-9837-0f00bde4e964']
c51c9112-fc64-4698-bcc5-39224f13d0da,93,['0266b1a0-99fa-4b30-8e47-265e48926dbf']
1e843908-509f-4bb5-9daa-aabc6a67477c,90,['e44df68d-2e8c-4cfa-b8c1-c2176f66fd62']
cc4abfef-af76-47c6-bf96-35f58db4cf96,81,['77b994a5-bb23-4706-a09e-6928db0312f8']
572b8f88-8e53-4e5a-95ea-66cba725370e,97,['08b42255-1373-49c1-a63a-f35e974b4245']
9f569c63-2505-4d61-aaee-2e75d2512a30,97,['04089020-0754-474a-b3c9-30f750e3dba5']
11360597-bba0-48a1-8027-c268828e734c,80,['9701c31a-c34a-493f-bad5-3f5aad27fe06']
a0453ba4-ffb2-427f-8135-783502ce21ee,101,['2509c490-4b2a-4fdf-a24c-d40d229f6c04']
c51c9112-fc64-4698-bcc5-39224f13d0da,94,['12ed5da4-4161-41aa-9246-1bd73c105762']
a8a89b61-626c-4aef-8b33-e307b4f5a4c6,98,['e15c0410-bef7-4caf-b901-d563aa005386']
cc4abfef-af76-47c6-bf96-35f58db4cf96,82,['644dc4a8-f3fe-4064-be6b-dded22d4c321']
1e843908-509f-4bb5-9daa-aabc6a67477c,91,['7f313f65-e542-4d3a-a867-b991519ffce6']
a8a89b61-626c-4aef-8b33-e307b4f5a4c6,99,['ef786b40-0a1a-4681-a855-943b0b5cfad8']
572b8f88-8e53-4e5a-95ea-66cba725370e,98,['3ee51e9e-90a8-468e-b771-6786ae2934ad']
9f569c63-2505-4d61-aaee-2e75d2512a30,98,['89699dab-6717-4b23-99cb-4a89758b4c5b']
a8a89b61-626c-4aef-8b33-e307b4f5a4c6,100,['59007963-7f9d-41c2-9b47-15a11518832b']
11360597-bba0-48a1-8027-c268828e734c,81,['cac83115-c7cf-4da0-bb3f-f72da54e1bef']
a0453ba4-ffb2-427f-8135-783502ce21ee,102,['23fa0bb3-3093-4acb-87d1-18092c682342']
c51c9112-fc64-4698-bcc5-39224f13d0da,95,['fa797e6a-ac82-4024-b77e-d68dbc0d43ca']
cc4abfef-af76-47c6-bf96-35f58db4cf96,83,['3e6261a3-759a-4a6f-b7c9-08d2256f788e']
1e843908-509f-4bb5-9daa-aabc6a67477c,92,['b8d3ee4a-a9c3-4241-bc3f-26b160ebdaad']
572b8f88-8e53-4e5a-95ea-66cba725370e,99,['1b3c3426-863c-46c9-9abc-1a8a70cf7194']
9f569c63-2505-4d61-aaee-2e75d2512a30,99,['ae11dd09-0cd6-4ca3-83c7-0106904fd26f']
a8a89b61-626c-4aef-8b33-e307b4f5a4c6,101,['8db039fd-11d6-4ac8-b42f-15b7e45eb3b3']
11360597-bba0-48a1-8027-c268828e734c,82,['18505c5b-3a77-4733-b6dd-4a9f689ccaf3']
a0453ba4-ffb2-427f-8135-783502ce21ee,103,['b69a12c2-8ffb-402c-9f76-3dbb6f50e6b2']
c51c9112-fc64-4698-bcc5-39224f13d0da,96,['9f735c1f-495a-48c7-95ec-b32062861036']
cc4abfef-af76-47c6-bf96-35f58db4cf96,84,['04b5bd25-5f8e-46bd-beca-19f68968b96b']
9f569c63-2505-4d61-aaee-2e75d2512a30,100,['8468a2c2-8270-4d79-8069-427383db5b8c']
572b8f88-8e53-4e5a-95ea-66cba725370e,100,['5976d579-8a90-4c9e-a269-4609ca6d668d']
cc4abfef-af76-47c6-bf96-35f58db4cf96,85,['3ac093c0-cf3d-4334-be21-d9b0af6661e3']
a8a89b61-626c-4aef-8b33-e307b4f5a4c6,102,['58217065-7b7e-42c2-82bb-4b256d9470f5']
1e843908-509f-4bb5-9daa-aabc6a67477c,93,['56932731-4701-4f43-98ba-2fbed51f0b4d']
a0453ba4-ffb2-427f-8135-783502ce21ee,104,['e36fe73a-419c-4a08-8734-e7347a5ebfa6']
11360597-bba0-48a1-8027-c268828e734c,83,['a1571d46-8c26-4eb3-a911-29b2d371463f']
c51c9112-fc64-4698-bcc5-39224f13d0da,97,['0208d9c8-c89e-47ca-a6f6-b3902beefa27']
c51c9112-fc64-4698-bcc5-39224f13d0da,98,['d98e4edb-59c0-4e5a-b2ab-42b7345796cd']
9f569c63-2505-4d61-aaee-2e75d2512a30,101,['1d7f075e-51be-4a54-8a01-3714bce7ffcc']
cc4abfef-af76-47c6-bf96-35f58db4cf96,86,['67d0f8c0-9527-4096-8527-4414f414016e']
a8a89b61-626c-4aef-8b33-e307b4f5a4c6,103,['7a582119-c5cc-477b-9001-fd7eda5c93e0']
572b8f88-8e53-4e5a-95ea-66cba725370e,101,['d3597ffd-7a78-4dc2-9073-b50498cee148']
a0453ba4-ffb2-427f-8135-783502ce21ee,105,['ea8d24a4-aa40-4f97-a879-09f352930859']
1e843908-509f-4bb5-9daa-aabc6a67477c,94,['b9e54212-39f2-432b-b405-d73d8549202a']
11360597-bba0-48a1-8027-c268828e734c,84,['33b4d23d-8f21-411f-8de9-8b345ff59e0b']
c51c9112-fc64-4698-bcc5-39224f13d0da,99,['92a8b158-f1ca-4f12-a3b0-e40fb20343d0']
9f569c63-2505-4d61-aaee-2e75d2512a30,102,['1cb32b6d-e183-4d0a-ac0a-adc59dc5accd']
cc4abfef-af76-47c6-bf96-35f58db4cf96,87,['b2633047-6cb0-479f-8cfc-4330fcb5753f']
a8a89b61-626c-4aef-8b33-e307b4f5a4c6,104,['dde96e41-2398-4e0a-8e38-f674bd083324']
572b8f88-8e53-4e5a-95ea-66cba725370e,102,['3afbc28d-e7f6-4458-80fc-47db79df46a7']
a0453ba4-ffb2-427f-8135-783502ce21ee,106,['fbfbf7ef-1c26-44ae-9f0e-de929da80579']
9f569c63-2505-4d61-aaee-2e75d2512a30,103,['559de9b4-c962-49c8-a195-d049c3c41efc']
11360597-bba0-48a1-8027-c268828e734c,85,['c5cecf00-42e0-4604-8d6f-79caef3efd6d']
1e843908-509f-4bb5-9daa-aabc6a67477c,95,['7bb6b60b-e46d-48a8-a767-36ad557f7cc2']
c51c9112-fc64-4698-bcc5-39224f13d0da,100,['624ac4e8-f7ae-42c3-add8-76c301df2408']
cc4abfef-af76-47c6-bf96-35f58db4cf96,88,['80abb6ac-643c-4de3-817e-cc7b08134756']
a0453ba4-ffb2-427f-8135-783502ce21ee,107,['731088f6-82e7-424c-bd72-debabdbdc394']
9f569c63-2505-4d61-aaee-2e75d2512a30,104,['6eb55f91-47d8-412f-91ed-6237f84335a8']
a8a89b61-626c-4aef-8b33-e307b4f5a4c6,105,['0755c865-807b-43be-af7b-602cc7ea1b40']
572b8f88-8e53-4e5a-95ea-66cba725370e,103,['7b70bfff-626f-4067-abd8-3eb056449c75']
11360597-bba0-48a1-8027-c268828e734c,86,['1b9806ad-2ce6-40dd-8f04-476c57143f20']
1e843908-509f-4bb5-9daa-aabc6a67477c,96,['5c8d3d14-0e03-4800-b8a5-b2d3c3b6e396']
c51c9112-fc64-4698-bcc5-39224f13d0da,101,['54f5f58d-ce80-4de2-a813-a47cadc9a63d']
cc4abfef-af76-47c6-bf96-35f58db4cf96,89,['80e8ad12-00ce-4d78-838a-8b5bdf22e96a']
9f569c63-2505-4d61-aaee-2e75d2512a30,105,['f4589b54-369a-4b74-8eba-3c91ede31e89']
a0453ba4-ffb2-427f-8135-783502ce21ee,108,['3d94e291-75e6-455f-a9b9-086ea5e42bf9']
a8a89b61-626c-4aef-8b33-e307b4f5a4c6,106,['8dac2d0b-c0c4-40a8-9179-7cf9b84bdf59']
a0453ba4-ffb2-427f-8135-783502ce21ee,109,['673205f7-59af-4c51-9229-93ac09042e17']
11360597-bba0-48a1-8027-c268828e734c,87,['9beccf7f-45da-4359-a9bb-0937683f4cc5']
572b8f88-8e53-4e5a-95ea-66cba725370e,104,['794b4cdf-48f1-44a5-a57f-8b6e85df1a75']
a0453ba4-ffb2-427f-8135-783502ce21ee,110,['4c4e36e2-cac9-4b60-8894-220e0286c13c']
1e843908-509f-4bb5-9daa-aabc6a67477c,97,['0531aa4d-85e9-41b4-90a0-9efa871ada2a']
c51c9112-fc64-4698-bcc5-39224f13d0da,102,['d85a25bf-0b03-4eb5-b9e4-0929f204fd74']
cc4abfef-af76-47c6-bf96-35f58db4cf96,90,['0762c8a3-b4f4-4b27-a7d0-c2fc9aeb80c0']
9f569c63-2505-4d61-aaee-2e75d2512a30,106,['07a87648-0462-4225-8b40-24fa53a46f0f']
11360597-bba0-48a1-8027-c268828e734c,88,['0ac3edc9-04b2-4e67-94a1-7c1a6dae021a']
a8a89b61-626c-4aef-8b33-e307b4f5a4c6,107,['26024f2a-0ebb-4f7d-a1a9-a2f8c20aa7f3']
572b8f88-8e53-4e5a-95ea-66cba725370e,105,['74fa2767-9142-4b15-9bcb-b2f8a8a93cb1']
a0453ba4-ffb2-427f-8135-783502ce21ee,111,['d33190fd-14a3-4114-9eec-3e7942835847']
1e843908-509f-4bb5-9daa-aabc6a67477c,98,['fdd6c34f-3d2f-4253-93a0-47ee7de14a2c']
c51c9112-fc64-4698-bcc5-39224f13d0da,103,['e3724ecd-269d-4448-a4cf-489c9ea2f709']
9f569c63-2505-4d61-aaee-2e75d2512a30,107,['f2f31fdd-dad0-4b3f-a7b5-357aedba5061']
cc4abfef-af76-47c6-bf96-35f58db4cf96,91,['7c127a97-39f2-426a-ad2d-38b788841f23']
11360597-bba0-48a1-8027-c268828e734c,89,['71f52982-4db0-4f76-b53d-b1b7f71bbff7']
a0453ba4-ffb2-427f-8135-783502ce21ee,112,['dc213702-c245-4ddf-b127-6222b3c61517']
a8a89b61-626c-4aef-8b33-e307b4f5a4c6,108,['8e231495-f442-4039-a8c8-514a6550099b']
572b8f88-8e53-4e5a-95ea-66cba725370e,106,['ebdd4d78-a248-465d-978d-24dda4f66227']
c51c9112-fc64-4698-bcc5-39224f13d0da,104,['2fa28d5b-0bd0-4aef-a34f-018f41c32d61']
1e843908-509f-4bb5-9daa-aabc6a67477c,99,['37220e45-7e8e-4935-b219-38e3688976ff']
9f569c63-2505-4d61-aaee-2e75d2512a30,108,['dc883d57-a87f-4740-9e79-23f7a2d116f9']
cc4abfef-af76-47c6-bf96-35f58db4cf96,92,['1d3d9e8a-2e95-4248-b7cd-c26e9f33791b']
a0453ba4-ffb2-427f-8135-783502ce21ee,113,['0b0f3893-c785-45dd-98d5-ded47bc2ac7e']
11360597-bba0-48a1-8027-c268828e734c,90,['cfafdfe4-797d-48bd-830b-fb69eafa5bac']
a8a89b61-626c-4aef-8b33-e307b4f5a4c6,109,['fa411f41-1318-43a7-b02e-4f4aa74634bb']
572b8f88-8e53-4e5a-95ea-66cba725370e,107,['499b21a5-65df-4846-87d5-8e0ce29dfbe3']
c51c9112-fc64-4698-bcc5-39224f13d0da,105,['71cc1b90-f891-45ac-8733-ba7b7d4e17c8']
1e843908-509f-4bb5-9daa-aabc6a67477c,100,['64b59b94-7c90-4e4f-a70e-0de9dec78ac5']
9f569c63-2505-4d61-aaee-2e75d2512a30,109,['e9b07dea-03f6-47be-ae4f-eec0d11c22c8']
a0453ba4-ffb2-427f-8135-783502ce21ee,114,['a17acdaa-92b7-43e2-a34b-67ffe9c082dc']
cc4abfef-af76-47c6-bf96-35f58db4cf96,93,['7e7a69c1-0569-4f55-a539-84c0429e5d9e']
11360597-bba0-48a1-8027-c268828e734c,91,['1faa628a-7f39-40a2-8c14-8b10f6afaa39']
a8a89b61-626c-4aef-8b33-e307b4f5a4c6,110,['c4b4f464-48b2-4dee-a54f-d5892806df1a']
572b8f88-8e53-4e5a-95ea-66cba725370e,108,['688dd883-ef95-4fa2-868d-f2b7f56739cd']
c51c9112-fc64-4698-bcc5-39224f13d0da,106,['c43b08b0-0a1b-4688-b2cc-8286e529506c']
1e843908-509f-4bb5-9daa-aabc6a67477c,101,['a2bc632f-88ca-435b-b8f7-538873a84e86']
9f569c63-2505-4d61-aaee-2e75d2512a30,110,['303c5fee-4f2d-494f-b2bb-9657d2fb0458']
a0453ba4-ffb2-427f-8135-783502ce21ee,115,['d5fc88ef-39f1-4101-9141-95d16ee22120']
1e843908-509f-4bb5-9daa-aabc6a67477c,102,['b1fe9bf2-4fc3-431f-82d9-627b89c25d6f']
cc4abfef-af76-47c6-bf96-35f58db4cf96,94,['25aa3548-78a9-483c-9517-b50218efa037']
11360597-bba0-48a1-8027-c268828e734c,92,['a7266ebe-a706-4016-879e-5dec3c4cfc67']
a8a89b61-626c-4aef-8b33-e307b4f5a4c6,111,['25896288-931c-4436-b549-7dfe518c36ea']
c51c9112-fc64-4698-bcc5-39224f13d0da,107,['80c444c0-2863-4d4d-8ccb-34fa50eb6390']
572b8f88-8e53-4e5a-95ea-66cba725370e,109,['0e3d294c-34d4-42ac-beb6-d40cc827d35a']
572b8f88-8e53-4e5a-95ea-66cba725370e,110,['e5e5012a-c020-4556-ad4e-edf240c2617c']
9f569c63-2505-4d61-aaee-2e75d2512a30,111,['ab17b381-0552-403e-8ec2-f538633e82dc']
a0453ba4-ffb2-427f-8135-783502ce21ee,116,['1dc417f9-5140-4a10-9b6e-7e3afdf9e961']
1e843908-509f-4bb5-9daa-aabc6a67477c,103,['8a396e23-1346-4a6b-b5de-cc0f99e28eeb']
cc4abfef-af76-47c6-bf96-35f58db4cf96,95,['0e650af6-81c3-43c3-bb02-ef56413d9e07']
a0453ba4-ffb2-427f-8135-783502ce21ee,117,['051d0db5-7512-4e4d-bde7-0658046f7ab0']
11360597-bba0-48a1-8027-c268828e734c,93,['43e9b3e0-64a0-422e-b83c-e19d8ee02419']
a8a89b61-626c-4aef-8b33-e307b4f5a4c6,112,['bc0f60da-b4ab-4c5d-ba58-e008b5c93290']
c51c9112-fc64-4698-bcc5-39224f13d0da,108,['4e4de591-39b8-4f33-b621-36271dfb7283']
a8a89b61-626c-4aef-8b33-e307b4f5a4c6,113,['d6e98c94-88a9-43d3-8f5c-abeffd705c6e']
9f569c63-2505-4d61-aaee-2e75d2512a30,112,['f34e21f3-0a7b-4930-a66a-7943a5b70daf']
572b8f88-8e53-4e5a-95ea-66cba725370e,111,['4b7f3068-e9c6-4a2d-873d-cce399a50420']
1e843908-509f-4bb5-9daa-aabc6a67477c,104,['346ef3d8-0e7d-4820-9486-0e788a4d1849']
a0453ba4-ffb2-427f-8135-783502ce21ee,118,['e424ec4d-6495-44e5-bab8-451abb48efb6']
cc4abfef-af76-47c6-bf96-35f58db4cf96,96,['eb1a7a53-f9aa-4db4-8df7-e6fa4bd3a3f4']
11360597-bba0-48a1-8027-c268828e734c,94,['91d0b4b7-5329-4187-af98-e46787802510']
c51c9112-fc64-4698-bcc5-39224f13d0da,109,['a137d7a0-4126-4eeb-b3a1-b680522f801f']
a8a89b61-626c-4aef-8b33-e307b4f5a4c6,114,['2a6afc78-7934-4ac6-b3a1-be56bdb0d96a']
9f569c63-2505-4d61-aaee-2e75d2512a30,113,['13677995-c8f0-4687-9674-c086b8356efb']
572b8f88-8e53-4e5a-95ea-66cba725370e,112,['a8593717-7662-41ea-9b63-48687dde9a2a']
a0453ba4-ffb2-427f-8135-783502ce21ee,119,['b01cd16e-36e2-46a3-90f2-c7ed2ed442cc']
1e843908-509f-4bb5-9daa-aabc6a67477c,105,['35210a03-6fd0-4445-8688-157fd304c0b2']
a0453ba4-ffb2-427f-8135-783502ce21ee,120,['b9aa5a1d-daab-4885-8a50-459491fe19f6']
cc4abfef-af76-47c6-bf96-35f58db4cf96,97,['b5c07740-f3fd-4ac8-b847-7f4dae203794']
11360597-bba0-48a1-8027-c268828e734c,95,['b05d6811-fcfd-4f69-abeb-fb4aaeb54916']
c51c9112-fc64-4698-bcc5-39224f13d0da,110,['111f16b2-7436-4543-9d79-f4db704ed492']
a8a89b61-626c-4aef-8b33-e307b4f5a4c6,115,['ea862906-27a7-4ffd-acc3-cd17a359c688']
9f569c63-2505-4d61-aaee-2e75d2512a30,114,['5912bf3a-8cfd-4d3e-8b29-378a6a453395']
572b8f88-8e53-4e5a-95ea-66cba725370e,113,['cbc0cc04-5f9b-46df-a8a7-c494ea49b139']
a0453ba4-ffb2-427f-8135-783502ce21ee,121,['0d909363-0056-4e27-ae44-8b1d83c07c30']
1e843908-509f-4bb5-9daa-aabc6a67477c,106,['44372acb-2268-45e5-b948-1e8c96175cb8']
cc4abfef-af76-47c6-bf96-35f58db4cf96,98,['ba6ca23e-49e1-4903-9411-104a1c34dfde']
11360597-bba0-48a1-8027-c268828e734c,96,['2cd190d2-88c3-4a59-9daf-d1a3a1cc942a']
c51c9112-fc64-4698-bcc5-39224f13d0da,111,['0133fb33-e4ff-40dd-b728-5e6985cf0c93']
a8a89b61-626c-4aef-8b33-e307b4f5a4c6,116,['271b0143-a813-4c00-938b-3a2dd53268ce']
9f569c63-2505-4d61-aaee-2e75d2512a30,115,['e807ccf6-22ca-44ea-87a2-af1eff395a23']
572b8f88-8e53-4e5a-95ea-66cba725370e,114,['1c3b2084-3634-403e-951d-20f424d90d10']
a0453ba4-ffb2-427f-8135-783502ce21ee,122,['e70a5046-6039-481c-b3a4-8d653bf0b08d']
1e843908-509f-4bb5-9daa-aabc6a67477c,107,['ec94c74f-6d9a-4e4c-90b6-fa842ced3f11']
cc4abfef-af76-47c6-bf96-35f58db4cf96,99,['cb0e96c8-e43d-466e-8810-76d120ae97b9']
11360597-bba0-48a1-8027-c268828e734c,97,['1fbdebab-aa45-45a9-b969-60894790ad82']
c51c9112-fc64-4698-bcc5-39224f13d0da,112,['2e162c01-cc59-4c4f-afa7-812edef55a54']
11360597-bba0-48a1-8027-c268828e734c,98,['d6c9723f-6fab-4092-beb5-fb76fcb61580']
a8a89b61-626c-4aef-8b33-e307b4f5a4c6,117,['c44fd729-a10d-4cd8-a7b0-24edc58f448d']
9f569c63-2505-4d61-aaee-2e75d2512a30,116,['3222dfc0-c658-4b2c-a741-3314c68004aa']
11360597-bba0-48a1-8027-c268828e734c,99,['2041ced6-9b51-4a73-a58f-0d11a50b9fb0']
572b8f88-8e53-4e5a-95ea-66cba725370e,115,['fe1ed699-c21e-48e1-9e82-de4b2658c93d']
9f569c63-2505-4d61-aaee-2e75d2512a30,117,['28bbf299-cce2-44c2-82f0-6fd49eebf657']
a0453ba4-ffb2-427f-8135-783502ce21ee,123,['4ecb69fb-b3e4-491d-b48d-9d037eeb817d']
cc4abfef-af76-47c6-bf96-35f58db4cf96,100,['9c72d594-c6c3-4b1c-8453-a93e996cbfc4']
1e843908-509f-4bb5-9daa-aabc6a67477c,108,['3ed9a613-8a20-4796-8b40-ffa26e4616c4']
c51c9112-fc64-4698-bcc5-39224f13d0da,113,['c510173d-e073-47c6-a79a-dc95b6be014a']
a8a89b61-626c-4aef-8b33-e307b4f5a4c6,118,['1a050b1b-a474-4e04-98bd-bbed7499e56c']
11360597-bba0-48a1-8027-c268828e734c,100,['9c90f7d6-8d9e-48cc-b6dd-4c8ca3e174ee']
572b8f88-8e53-4e5a-95ea-66cba725370e,116,['0a5e57cc-6722-4a52-82e0-375be0543ded']
9f569c63-2505-4d61-aaee-2e75d2512a30,118,['08776096-156c-43ab-a93f-4298374fcf59']
a0453ba4-ffb2-427f-8135-783502ce21ee,124,['437426ba-257e-4175-af68-e8191bc89d0e']
1e843908-509f-4bb5-9daa-aabc6a67477c,109,['9444d3eb-cb1b-4b2a-a162-552d508d3eb5']
cc4abfef-af76-47c6-bf96-35f58db4cf96,101,['bca58714-1c96-414c-b064-2684fb324c5d']
c51c9112-fc64-4698-bcc5-39224f13d0da,114,['0c76d6b2-9487-48b6-be31-04947bc0b8f4']
a8a89b61-626c-4aef-8b33-e307b4f5a4c6,119,['2e13fef2-003b-4c04-b5db-21f7b8f8c8ff']
11360597-bba0-48a1-8027-c268828e734c,101,['061ce69a-692e-4818-80e5-c2bca56d3285']
9f569c63-2505-4d61-aaee-2e75d2512a30,119,['a79198b2-d6c1-45b4-be79-5c56d3a37b22']
572b8f88-8e53-4e5a-95ea-66cba725370e,117,['c9c8884b-c717-4621-994b-60295d86efdd']
a0453ba4-ffb2-427f-8135-783502ce21ee,125,['471ca556-64ff-4b6b-b42c-525661739534']
1e843908-509f-4bb5-9daa-aabc6a67477c,110,['170bd7bb-9065-4149-90b1-ba5b5b2e8b35']
cc4abfef-af76-47c6-bf96-35f58db4cf96,102,['c55510dd-f05e-455f-91a6-54bb88ce8ed5']
c51c9112-fc64-4698-bcc5-39224f13d0da,115,['f257ebb2-9d1a-4649-a624-0474eaff57cd']
a8a89b61-626c-4aef-8b33-e307b4f5a4c6,120,['c74db322-d586-453a-a7b3-122854758994']
11360597-bba0-48a1-8027-c268828e734c,102,['f121cb24-d299-4aa3-aa7d-30167aabc0b3']
9f569c63-2505-4d61-aaee-2e75d2512a30,120,['a7294915-ad37-429c-bbcf-64cefb7f0e7d']
572b8f88-8e53-4e5a-95ea-66cba725370e,118,['eeb82ba9-9223-495f-bbdb-7136c929299f']
a0453ba4-ffb2-427f-8135-783502ce21ee,126,['6de57907-221d-4659-8153-3f488401a753']
1e843908-509f-4bb5-9daa-aabc6a67477c,111,['53ea6abc-bc3c-4417-a605-1783f216e1e8']
c51c9112-fc64-4698-bcc5-39224f13d0da,116,['e59e6fb8-6b3a-4ca4-a633-bd3de3ed5559']
cc4abfef-af76-47c6-bf96-35f58db4cf96,103,['47ed7cad-c2c4-458f-bd64-479b4fc6715a']
9f569c63-2505-4d61-aaee-2e75d2512a30,121,['6735847f-f8a7-4ac2-9129-c36d6cf64ed9']
11360597-bba0-48a1-8027-c268828e734c,103,['eabc868f-c652-4474-ac7a-e8dbfca3e20e']
a8a89b61-626c-4aef-8b33-e307b4f5a4c6,121,['ee5bf493-8b8c-4f3b-b06a-b48f39fc029e']
a0453ba4-ffb2-427f-8135-783502ce21ee,127,['54aa5099-79c2-43e7-9c9f-83319e9880e0']
572b8f88-8e53-4e5a-95ea-66cba725370e,119,['ee2918bd-1c3d-4935-aa98-3abd30c60eb8']
1e843908-509f-4bb5-9daa-aabc6a67477c,112,['7facde54-6e13-49c3-9171-76a6ab408712']
c51c9112-fc64-4698-bcc5-39224f13d0da,117,['3215264e-a629-43b8-b0cc-baf2f3b9f02e']
cc4abfef-af76-47c6-bf96-35f58db4cf96,104,['97fdef8d-0187-4513-90a2-2b044937e4cc']
9f569c63-2505-4d61-aaee-2e75d2512a30,122,['e74944d4-8655-465e-bca7-82cf8768b6a8']
11360597-bba0-48a1-8027-c268828e734c,104,['79a839cb-d227-4005-b40f-aace62771a29']
a0453ba4-ffb2-427f-8135-783502ce21ee,128,['53aa960e-a1eb-4dee-92bf-1e9b82a8c551']
a8a89b61-626c-4aef-8b33-e307b4f5a4c6,122,['c064272f-2d08-49a0-8702-beb8c90fe216']
572b8f88-8e53-4e5a-95ea-66cba725370e,120,['0138a7fa-be79-4769-b60d-2ca581169e08']
c51c9112-fc64-4698-bcc5-39224f13d0da,118,['90cf32ea-703a-4283-ba72-ee99f878ce22']
1e843908-509f-4bb5-9daa-aabc6a67477c,113,['531baea0-33a2-44a9-acbf-e2fb5d2c7690']
cc4abfef-af76-47c6-bf96-35f58db4cf96,105,['34f7e75e-3ae5-4097-91f0-6cd4c188c324']
a0453ba4-ffb2-427f-8135-783502ce21ee,129,['d8dea64f-f504-452c-9985-8c6223065c09']
9f569c63-2505-4d61-aaee-2e75d2512a30,123,['fcb525be-d861-40d5-ab69-7c381f33f628']
11360597-bba0-48a1-8027-c268828e734c,105,['3943750c-0ab6-4229-810c-b89b1c24be88']
cc4abfef-af76-47c6-bf96-35f58db4cf96,106,['a8914dab-2798-41e8-99cb-9759d4c2ec5d']
a8a89b61-626c-4aef-8b33-e307b4f5a4c6,123,['d4bde3b2-fcd3-4692-b474-d091e48e104c']
572b8f88-8e53-4e5a-95ea-66cba725370e,121,['a5d8c667-58b3-4906-a744-23521ecb8c20']
c51c9112-fc64-4698-bcc5-39224f13d0da,119,['0abe06d4-b07d-4ebd-ae11-b40340c50e5f']
1e843908-509f-4bb5-9daa-aabc6a67477c,114,['fdcaeafa-4c0d-4545-97ff-b99b1b0639c5']
9f569c63-2505-4d61-aaee-2e75d2512a30,124,['c3aa39cd-027b-4642-aaf2-323d87086f9c']
a0453ba4-ffb2-427f-8135-783502ce21ee,130,['0336ac05-710f-4a8a-94f3-0cbc4c332569']
cc4abfef-af76-47c6-bf96-35f58db4cf96,107,['1e52d739-cbdd-4532-877c-8f634365159d']
11360597-bba0-48a1-8027-c268828e734c,106,['b5606330-83cd-497c-95fb-2de607099e76']
a8a89b61-626c-4aef-8b33-e307b4f5a4c6,124,['05beb8b0-5029-432d-93c1-892998e0a3b6']
572b8f88-8e53-4e5a-95ea-66cba725370e,122,['2a3d79e8-271c-4e99-a402-10dab12c12f5']
c51c9112-fc64-4698-bcc5-39224f13d0da,120,['a8120c37-622a-4991-b91f-00c909a91239']
1e843908-509f-4bb5-9daa-aabc6a67477c,115,['576b8d99-8ece-4e47-9ae7-5dbd78d136ab']
a0453ba4-ffb2-427f-8135-783502ce21ee,131,['b5ca8121-2cbf-4ea6-8db5-d5372712e686']
9f569c63-2505-4d61-aaee-2e75d2512a30,125,['ce903051-5d30-4774-bb15-78d7e71738c2']
cc4abfef-af76-47c6-bf96-35f58db4cf96,108,['df34eca1-2559-4737-bab4-19a53186163c']
11360597-bba0-48a1-8027-c268828e734c,107,['3a1ad006-5d36-4f96-86f2-fb5d99dd03cd']
a8a89b61-626c-4aef-8b33-e307b4f5a4c6,125,['baa1d7ba-2987-49cd-a588-68b1d69c5a85']
1e843908-509f-4bb5-9daa-aabc6a67477c,116,['4f0a574b-6c56-4fe3-bd48-b0a15e8d5493']
572b8f88-8e53-4e5a-95ea-66cba725370e,123,['3665eb2e-507b-4ab8-b51a-5aedc249e745']
c51c9112-fc64-4698-bcc5-39224f13d0da,121,['68f13e54-faeb-4be3-89d6-acd4b9334c0e']
a0453ba4-ffb2-427f-8135-783502ce21ee,132,['3cedc920-85f0-4404-8b16-1f3ebe4bcbac']
9f569c63-2505-4d61-aaee-2e75d2512a30,126,['22ae511a-69c5-4c31-ba9c-63a0c6069911']
cc4abfef-af76-47c6-bf96-35f58db4cf96,109,['47112d26-c206-4e73-8d18-71ce585af4a6']
11360597-bba0-48a1-8027-c268828e734c,108,['d86594b4-5103-4098-8063-fb54ed3b41b0']
a8a89b61-626c-4aef-8b33-e307b4f5a4c6,126,['7cb52490-d09e-4462-8ec0-d2538a99cdc4']
1e843908-509f-4bb5-9daa-aabc6a67477c,117,['138704c3-1ddc-4069-bb0b-21764da46ddf']
572b8f88-8e53-4e5a-95ea-66cba725370e,124,['e1320635-ce52-4efa-bb6c-45f67f101657']
c51c9112-fc64-4698-bcc5-39224f13d0da,122,['2b3eedb5-33f5-4c62-b363-483a4e875fea']
a0453ba4-ffb2-427f-8135-783502ce21ee,133,['fc99c248-1f82-41aa-9758-e9d67f300a6a']
9f569c63-2505-4d61-aaee-2e75d2512a30,127,['5049d94f-f453-4417-a6ea-9490518e69e0']
cc4abfef-af76-47c6-bf96-35f58db4cf96,110,['66def593-e85d-4862-89b0-4bb33408356f']
a0453ba4-ffb2-427f-8135-783502ce21ee,134,['7ddb8db5-eefa-4519-8ff9-1caa7adebfff']
11360597-bba0-48a1-8027-c268828e734c,109,['f63cb646-95fb-45fe-b270-2268d0f68cd0']
572b8f88-8e53-4e5a-95ea-66cba725370e,125,['c91819a0-39ee-4873-8169-0c72fff27cae']
1e843908-509f-4bb5-9daa-aabc6a67477c,118,['289eb16e-5d27-43d4-830d-629511e8285f']
a8a89b61-626c-4aef-8b33-e307b4f5a4c6,127,['66522c8d-f308-4165-a1c8-c4cf704c989d']
c51c9112-fc64-4698-bcc5-39224f13d0da,123,['8612f03e-d4e9-4888-8088-75634443b059']
cc4abfef-af76-47c6-bf96-35f58db4cf96,111,['71d64649-d4c4-4b29-9d39-8815338f9e8c']
9f569c63-2505-4d61-aaee-2e75d2512a30,128,['ff763555-cd19-42ab-b7f9-5827dda78731']
a0453ba4-ffb2-427f-8135-783502ce21ee,135,['79fbf2e5-9f45-4072-b62a-67d47d430188']
9f569c63-2505-4d61-aaee-2e75d2512a30,129,['db5940df-f588-4868-94e4-eea462bcaec9']
11360597-bba0-48a1-8027-c268828e734c,110,['b72e18b7-ce1b-4b6e-b190-4a5ebca43ede']
572b8f88-8e53-4e5a-95ea-66cba725370e,126,['a9a38c7b-d54c-4741-8ee4-b9974288b0ff']
1e843908-509f-4bb5-9daa-aabc6a67477c,119,['82a85f78-816c-4b79-acf1-24dc3fb8c7eb']
a8a89b61-626c-4aef-8b33-e307b4f5a4c6,128,['338c3663-770a-4331-927e-b78da6f66a3c']
c51c9112-fc64-4698-bcc5-39224f13d0da,124,['8043052a-c52c-4152-b885-b8d3d131cb84']
cc4abfef-af76-47c6-bf96-35f58db4cf96,112,['d8a9534b-e261-4a64-b1e3-bd2e3f634928']
a0453ba4-ffb2-427f-8135-783502ce21ee,136,['64ff4bd9-d058-4110-b045-9a7ecd11a129']
9f569c63-2505-4d61-aaee-2e75d2512a30,130,['eef5f354-7e2b-4ab0-86b7-97a12a19a617']
11360597-bba0-48a1-8027-c268828e734c,111,['4b3d6167-9ddb-4613-89ab-bea3fa15610f']
572b8f88-8e53-4e5a-95ea-66cba725370e,127,['47b2b0d3-c757-4ae7-81d3-9f63a6e6d3ce']
1e843908-509f-4bb5-9daa-aabc6a67477c,120,['8ac5c36d-2cfe-43e8-b19f-e4bc0f937fa8']
a8a89b61-626c-4aef-8b33-e307b4f5a4c6,129,['5edf8fcc-44b1-4774-8d56-3e95045ec62b']
c51c9112-fc64-4698-bcc5-39224f13d0da,125,['963a3449-7f97-442d-9560-5b78751abd54']
cc4abfef-af76-47c6-bf96-35f58db4cf96,113,['aa943e6a-cf92-4525-a6f6-8c39a16909b1']
9f569c63-2505-4d61-aaee-2e75d2512a30,131,['4574323c-820d-4222-a373-b6ee9f863be4']
a0453ba4-ffb2-427f-8135-783502ce21ee,137,['ceccfd13-23e9-416b-869c-51ed239b543e']
11360597-bba0-48a1-8027-c268828e734c,112,['54891baf-418f-4fc1-b355-c2a59a723a1c']
572b8f88-8e53-4e5a-95ea-66cba725370e,128,['d0b893ed-ce94-43d6-bd9b-f067ee3ace02']
1e843908-509f-4bb5-9daa-aabc6a67477c,121,['fea22539-ffc6-44ce-b173-7c2e064eab3f']
a8a89b61-626c-4aef-8b33-e307b4f5a4c6,130,['62618e8e-6d18-4a72-9061-c3b27fa4937f']
c51c9112-fc64-4698-bcc5-39224f13d0da,126,['6aab1c10-63f9-4381-bf43-ba011c955514']
cc4abfef-af76-47c6-bf96-35f58db4cf96,114,['01d8d8d1-937e-46f6-bd93-70396a0af7d6']
9f569c63-2505-4d61-aaee-2e75d2512a30,132,['449aac49-9f6d-4339-bf75-6ad363810b1c']
a0453ba4-ffb2-427f-8135-783502ce21ee,138,['5997777a-e347-4cff-ad22-79585fdf7de2']
11360597-bba0-48a1-8027-c268828e734c,113,['3e950d3b-d387-4db4-b6eb-daa916913140']
572b8f88-8e53-4e5a-95ea-66cba725370e,129,['af2aeaba-4574-485b-abf9-2b3c260a9588']
1e843908-509f-4bb5-9daa-aabc6a67477c,122,['763dd901-f7a7-4ecb-a0f7-0fb21019c368']
a8a89b61-626c-4aef-8b33-e307b4f5a4c6,131,['4cb62234-e72a-4873-976f-289326fa86b6']
c51c9112-fc64-4698-bcc5-39224f13d0da,127,['ecb79029-193f-457c-91b2-2d54899bce12']
cc4abfef-af76-47c6-bf96-35f58db4cf96,115,['27a0751e-c8ef-4246-9e1d-75398f922393']
9f569c63-2505-4d61-aaee-2e75d2512a30,133,['59e705b7-f55c-4317-ad5c-a0bd98cadf47']
c51c9112-fc64-4698-bcc5-39224f13d0da,128,['341849f2-f014-4473-9bee-e70b04982890']
a0453ba4-ffb2-427f-8135-783502ce21ee,139,['2f6d7366-5518-439f-9804-61accf9dc732']
11360597-bba0-48a1-8027-c268828e734c,114,['b0cda674-fb10-47e0-ae6f-39ad41555ef4']
572b8f88-8e53-4e5a-95ea-66cba725370e,130,['8117e9dd-d895-493a-b928-c81b7e3808a6']
a8a89b61-626c-4aef-8b33-e307b4f5a4c6,132,['4eaf14c7-6d91-4cf3-9580-d340f4ddb977']
1e843908-509f-4bb5-9daa-aabc6a67477c,123,['43dcd412-5c7d-436a-88a3-feabefc3a61b']
cc4abfef-af76-47c6-bf96-35f58db4cf96,116,['e223ef0a-73e5-4700-abeb-c8601cd53503']
9f569c63-2505-4d61-aaee-2e75d2512a30,134,['715a4a51-0ab0-49ae-915f-cf8624679440']
c51c9112-fc64-4698-bcc5-39224f13d0da,129,['f20732fc-3788-48e8-aa98-53a7a01d2b1f']
a0453ba4-ffb2-427f-8135-783502ce21ee,140,['7a4a170a-6be7-420b-a66d-071c8aac7ff9']
11360597-bba0-48a1-8027-c268828e734c,115,['5ebc989d-d266-48a8-86de-b8216f47d2f1']
572b8f88-8e53-4e5a-95ea-66cba725370e,131,['b0b6322e-7804-4893-9fc7-527224daf73c']
a8a89b61-626c-4aef-8b33-e307b4f5a4c6,133,['f5c40751-d3ca-40fd-92d3-bceeab959857']
1e843908-509f-4bb5-9daa-aabc6a67477c,124,['32443f82-e231-4e9e-8581-3c10571c4d96']
9f569c63-2505-4d61-aaee-2e75d2512a30,135,['bd06e180-48bf-42b1-8edd-f140e11c6a12']
cc4abfef-af76-47c6-bf96-35f58db4cf96,117,['e482439f-a68d-4878-bd02-e79f44e0c91f']
c51c9112-fc64-4698-bcc5-39224f13d0da,130,['b38163d3-0e07-4d5d-93bd-cff1c7ce26db']
a0453ba4-ffb2-427f-8135-783502ce21ee,141,['81a0d910-b0b3-4c4c-a7b8-49a7d73f3b52']
11360597-bba0-48a1-8027-c268828e734c,116,['f0ad6f9d-8544-406c-a515-461457c724a5']
572b8f88-8e53-4e5a-95ea-66cba725370e,132,['61cf3dd6-6b9a-4cf4-a5a1-043d69665d1d']
a8a89b61-626c-4aef-8b33-e307b4f5a4c6,134,['82321f52-84cc-45d5-a208-c76e51288aaf']
1e843908-509f-4bb5-9daa-aabc6a67477c,125,['04e73b0a-c9a4-4328-a282-b56ac51c2245']
cc4abfef-af76-47c6-bf96-35f58db4cf96,118,['1b90e5b0-d46c-4ae8-949d-11aac1b76c17']
9f569c63-2505-4d61-aaee-2e75d2512a30,136,['172f5463-b348-4669-9853-5cb809058f16']
c51c9112-fc64-4698-bcc5-39224f13d0da,131,['5b55caf9-64bf-4e04-83fb-e14ae6ef2bd6']
a0453ba4-ffb2-427f-8135-783502ce21ee,142,['aab072e3-bfb6-4499-94a0-2c67b14cee0d']
cc4abfef-af76-47c6-bf96-35f58db4cf96,119,['2d515403-69cf-4a11-86ab-e23567b88a76']
572b8f88-8e53-4e5a-95ea-66cba725370e,133,['f67e3907-4666-4124-9c69-2b49c4fafcf3']
11360597-bba0-48a1-8027-c268828e734c,117,['89a9378d-82b4-47ec-874c-c966c86bae3c']
a0453ba4-ffb2-427f-8135-783502ce21ee,143,['551be026-ba19-4da4-9c11-27b4386a0746']
a8a89b61-626c-4aef-8b33-e307b4f5a4c6,135,['02afd2d6-b3a1-43ca-a547-07d9762f9150']
1e843908-509f-4bb5-9daa-aabc6a67477c,126,['4d8a4f5d-659d-4e57-8160-79cecc6cb32d']
9f569c63-2505-4d61-aaee-2e75d2512a30,137,['41baa7cb-70bf-49cf-8fe9-5b3a479db1f5']
c51c9112-fc64-4698-bcc5-39224f13d0da,132,['c93c3a8b-1b30-445f-8892-9696a5ba2ec4']
cc4abfef-af76-47c6-bf96-35f58db4cf96,120,['a097ab38-2719-4fe9-abfb-2e39646f2108']
572b8f88-8e53-4e5a-95ea-66cba725370e,134,['1afc7707-e8f8-4a6b-917c-aa7195a13455']
11360597-bba0-48a1-8027-c268828e734c,118,['2c9d8a0f-455f-4a8b-906c-f63330329bb1']
a0453ba4-ffb2-427f-8135-783502ce21ee,144,['171ced3e-e848-409b-b262-d6c99c9f49c0']
a8a89b61-626c-4aef-8b33-e307b4f5a4c6,136,['5fc91314-33d5-454c-8f71-f9472d5eba97']
9f569c63-2505-4d61-aaee-2e75d2512a30,138,['60958d9d-d164-4cdb-855f-4c0343e5a213']
c51c9112-fc64-4698-bcc5-39224f13d0da,133,['9cac8431-4d54-4cfe-beda-9431d61587c9']
cc4abfef-af76-47c6-bf96-35f58db4cf96,121,['8d1150e7-29d1-4df9-bf91-68b9bfb1710f']
1e843908-509f-4bb5-9daa-aabc6a67477c,127,['851a4d08-f342-4175-8afa-72b64228330f']
572b8f88-8e53-4e5a-95ea-66cba725370e,135,['fabb49d4-42fd-480e-9c0f-30c4d2daeb47']
11360597-bba0-48a1-8027-c268828e734c,119,['0b9ef19e-75ed-449f-9533-b9aca8eddd97']
a0453ba4-ffb2-427f-8135-783502ce21ee,145,['e165026c-4e15-4c00-b2ee-221353616437']
9f569c63-2505-4d61-aaee-2e75d2512a30,139,['f26e5767-f7fc-48ca-a5aa-1c111c58756a']
a8a89b61-626c-4aef-8b33-e307b4f5a4c6,137,['4df2ae62-c1e3-4ce4-9005-2d10a5a12f7c']
c51c9112-fc64-4698-bcc5-39224f13d0da,134,['e6893da8-f8e2-4849-8ab2-b99c0e8bdb33']
cc4abfef-af76-47c6-bf96-35f58db4cf96,122,['c67fb90b-929b-458e-82e8-b060b98af7af']
1e843908-509f-4bb5-9daa-aabc6a67477c,128,['a231f0e5-0124-45db-91b6-b7edd3f80eac']
572b8f88-8e53-4e5a-95ea-66cba725370e,136,['4dd843fa-fa15-4206-846f-384903744537']
11360597-bba0-48a1-8027-c268828e734c,120,['f37c01a6-2160-426d-98cc-cb25ef96b1f1']
a0453ba4-ffb2-427f-8135-783502ce21ee,146,['f49253c8-01d3-430e-9ea0-a038adde4788']
9f569c63-2505-4d61-aaee-2e75d2512a30,140,['7d358e35-7045-435f-a26a-44b5653578f4']
c51c9112-fc64-4698-bcc5-39224f13d0da,135,['30f77c07-8556-47e5-b6e4-c4b21faac7f7']
a8a89b61-626c-4aef-8b33-e307b4f5a4c6,138,['038d2ff4-9b39-4f25-a58e-ad65196ceeae']
cc4abfef-af76-47c6-bf96-35f58db4cf96,123,['5cfd7c22-df50-4925-8f82-dbd4587c079b']
1e843908-509f-4bb5-9daa-aabc6a67477c,129,['95ac4596-81d1-4813-af45-80fef8531911']
572b8f88-8e53-4e5a-95ea-66cba725370e,137,['8e37975b-a319-4cf0-add9-3615a1a9e5b5']
11360597-bba0-48a1-8027-c268828e734c,121,['8130807d-3af7-4d07-8b43-5652b5707349']
a0453ba4-ffb2-427f-8135-783502ce21ee,147,['255269ed-b1bb-4132-81ea-cb9750f3e608']
9f569c63-2505-4d61-aaee-2e75d2512a30,141,['2bff352f-ecf6-4815-ac24-20a1add64d6e']
c51c9112-fc64-4698-bcc5-39224f13d0da,136,['4b3b6a79-f777-41c3-9413-653f16b2a1b6']
a8a89b61-626c-4aef-8b33-e307b4f5a4c6,139,['499376d6-ac49-4ae0-8e7c-f3339a7f0f57']
cc4abfef-af76-47c6-bf96-35f58db4cf96,124,['bd3a0ffd-71ed-4cb8-9e3a-a9ce4eb1a939']
1e843908-509f-4bb5-9daa-aabc6a67477c,130,['f78b56a6-8c26-4bef-92ac-39dcfa6b4e51']
572b8f88-8e53-4e5a-95ea-66cba725370e,138,['72f41e62-73f3-4902-9038-d91c1c916be1']
11360597-bba0-48a1-8027-c268828e734c,122,['e5113474-f66e-409e-9108-25fd15bc3dc5']
a0453ba4-ffb2-427f-8135-783502ce21ee,148,['5932f0b3-9662-4842-b0c5-d82e11d9c827']
9f569c63-2505-4d61-aaee-2e75d2512a30,142,['bd5acbfe-4dda-431c-87e7-ee14b746e2fe']
c51c9112-fc64-4698-bcc5-39224f13d0da,137,['0e65a796-2148-42da-a110-86edd46048fd']
a8a89b61-626c-4aef-8b33-e307b4f5a4c6,140,['bf7079a8-4e4f-44fb-9016-3b665a38a74c']
cc4abfef-af76-47c6-bf96-35f58db4cf96,125,['13e820b7-052e-44f8-a9a4-20585e16c81e']
1e843908-509f-4bb5-9daa-aabc6a67477c,131,['4667801b-f0d4-42ef-808e-3bbd4f24b19d']
572b8f88-8e53-4e5a-95ea-66cba725370e,139,['d1c96fae-bbd6-4a5a-9ff5-7b37b285a840']
11360597-bba0-48a1-8027-c268828e734c,123,['b1d01115-c61f-453c-88a1-272130e4d6b7']
9f569c63-2505-4d61-aaee-2e75d2512a30,143,['087dc177-9c7f-43d1-9563-c20081659137']
a0453ba4-ffb2-427f-8135-783502ce21ee,149,['89163ecd-81a0-47e0-8005-cfca4e72b00a']
c51c9112-fc64-4698-bcc5-39224f13d0da,138,['b14f8955-2033-4b15-abe9-16a2dc4e35a8']
a8a89b61-626c-4aef-8b33-e307b4f5a4c6,141,['46a04a37-758c-4b21-987d-abc3c46067e5']
cc4abfef-af76-47c6-bf96-35f58db4cf96,126,['6465407b-b772-4d68-9d27-6ce13ea6ed16']
1e843908-509f-4bb5-9daa-aabc6a67477c,132,['0cde58e7-d6c7-4ad2-8933-8abc942db966']
572b8f88-8e53-4e5a-95ea-66cba725370e,140,['0a4fa05a-4655-41f1-83b6-e9e26991ea39']
11360597-bba0-48a1-8027-c268828e734c,124,['43bfabeb-dfaf-4113-be72-c024e184d45f']
9f569c63-2505-4d61-aaee-2e75d2512a30,144,['8ae1b911-ea27-4eb9-bc61-ac2c2f3d305f']
a0453ba4-ffb2-427f-8135-783502ce21ee,150,['59a61f3a-73e0-497c-88c1-543d53e012a1']
c51c9112-fc64-4698-bcc5-39224f13d0da,139,['239c1ea5-6962-4ce9-931f-0356a47baf8c']
cc4abfef-af76-47c6-bf96-35f58db4cf96,127,['afee17c4-7e6e-45e8-aa5d-34f4fff864d1']
a8a89b61-626c-4aef-8b33-e307b4f5a4c6,142,['716ce65d-7eb2-469c-b84b-347c042acc46']
572b8f88-8e53-4e5a-95ea-66cba725370e,141,['0e49090d-891d-4d9d-8236-57a6907bd5c7']
1e843908-509f-4bb5-9daa-aabc6a67477c,133,['dcd85dad-be10-4fa8-a8a8-ed35e0fdc42b']
572b8f88-8e53-4e5a-95ea-66cba725370e,142,['e266b688-557c-47f4-973f-c32a7589ec23']
9f569c63-2505-4d61-aaee-2e75d2512a30,145,['ac931ba3-1868-4ae4-bafe-53488a5d9f1f']
11360597-bba0-48a1-8027-c268828e734c,125,['8d7a610a-40c7-4bda-848b-0bc1b023ea7c']
c51c9112-fc64-4698-bcc5-39224f13d0da,140,['b8c581ff-ac24-4d57-b236-7d0786434d46']
cc4abfef-af76-47c6-bf96-35f58db4cf96,128,['e749b6e4-5217-485c-a6bb-6f23b2d7f0b8']
a8a89b61-626c-4aef-8b33-e307b4f5a4c6,143,['ce991ab8-22d5-488c-86bd-3cddb8ae3ced']
1e843908-509f-4bb5-9daa-aabc6a67477c,134,['eef3367a-336b-494a-9826-2c93471b6126']
572b8f88-8e53-4e5a-95ea-66cba725370e,143,['04c61506-0e5a-4dbd-9e8f-7f759258c6d8']
9f569c63-2505-4d61-aaee-2e75d2512a30,146,['faa5ff26-cd29-4ce8-9ad3-1c77df43375b']
11360597-bba0-48a1-8027-c268828e734c,126,['6dacb8b8-5da1-46e7-8a64-e57cc2e6f9c4']
c51c9112-fc64-4698-bcc5-39224f13d0da,141,['972f474b-8ea3-4be6-b3ac-1f8b1b324b1c']
9f569c63-2505-4d61-aaee-2e75d2512a30,147,['10202751-adf9-4ce7-bb38-8cd46ceb8904']
cc4abfef-af76-47c6-bf96-35f58db4cf96,129,['f3d4006d-f00f-4ee0-af39-5a688870ac5c']
a8a89b61-626c-4aef-8b33-e307b4f5a4c6,144,['cdac835d-1f0e-4d19-9e95-ff571ac83962']
cc4abfef-af76-47c6-bf96-35f58db4cf96,130,['cab6aabd-6822-443f-8671-3463c6aaf2b6']
572b8f88-8e53-4e5a-95ea-66cba725370e,144,['72c3e6eb-35b8-4ed3-bdb8-a7007e6d2dd5']
1e843908-509f-4bb5-9daa-aabc6a67477c,135,['fa14eb5b-62df-4f59-b1e8-bec69a05b1ed']
9f569c63-2505-4d61-aaee-2e75d2512a30,148,['015d26f3-33c6-44c5-ad9b-0c9c7775fbe3']
11360597-bba0-48a1-8027-c268828e734c,127,['1f25bc63-933e-4679-b7cc-4e5ee17e1fb5']
c51c9112-fc64-4698-bcc5-39224f13d0da,142,['a7e0bede-bfcd-4f3f-a448-190914525542']
c51c9112-fc64-4698-bcc5-39224f13d0da,143,['b571b841-6cc3-47d2-a8a3-13399d88a86f']
a8a89b61-626c-4aef-8b33-e307b4f5a4c6,145,['0d78b053-3198-42e0-b94f-a9b5fa02823e']
cc4abfef-af76-47c6-bf96-35f58db4cf96,131,['38b3b62b-857d-4abb-a5fc-ad225f235092']
572b8f88-8e53-4e5a-95ea-66cba725370e,145,['ca3b73d0-36a6-48ef-b71e-ce9d2ce490aa']
1e843908-509f-4bb5-9daa-aabc6a67477c,136,['a868727b-765a-42ec-a3fb-1176e7a7ab64']
9f569c63-2505-4d61-aaee-2e75d2512a30,149,['895795ec-5bfa-4719-8eaf-955e2442089a']
11360597-bba0-48a1-8027-c268828e734c,128,['b7819573-4008-4c29-8351-4a0c58f0d584']
c51c9112-fc64-4698-bcc5-39224f13d0da,144,['684e4673-583a-405b-8a51-42e3ea24075f']
a8a89b61-626c-4aef-8b33-e307b4f5a4c6,146,['b2c60026-36d8-474a-ad56-4b36948ce6c2']
cc4abfef-af76-47c6-bf96-35f58db4cf96,132,['1007b8e8-955c-4ed1-97b8-4704228cb4ef']
572b8f88-8e53-4e5a-95ea-66cba725370e,146,['e54c6aca-1592-4c16-ae44-f95b4b21fbd3']
9f569c63-2505-4d61-aaee-2e75d2512a30,150,['f9f919b2-72da-411e-92b1-e3aabf43cccb']
572b8f88-8e53-4e5a-95ea-66cba725370e,147,['0687266c-2dc3-4456-b586-020d3a17955a']
1e843908-509f-4bb5-9daa-aabc6a67477c,137,['abfbf56d-8fd9-4bf9-956f-57677dd76f89']
11360597-bba0-48a1-8027-c268828e734c,129,['10e4d96d-6e42-4c22-8050-651a713c1be0']
c51c9112-fc64-4698-bcc5-39224f13d0da,145,['8e32bb7e-1783-47ce-819f-86257c096bb6']
a8a89b61-626c-4aef-8b33-e307b4f5a4c6,147,['01f94a19-4987-4f84-98d7-261ce51d4e6b']
cc4abfef-af76-47c6-bf96-35f58db4cf96,133,['813dc2c7-aff5-4bae-ac0c-a1fada732f5e']
572b8f88-8e53-4e5a-95ea-66cba725370e,148,['858609eb-9220-402b-bf61-6e6ddbc82502']
1e843908-509f-4bb5-9daa-aabc6a67477c,138,['c3ecfbd1-80fe-43cb-b4cb-3cf05585688d']
c51c9112-fc64-4698-bcc5-39224f13d0da,146,['38c02400-6bab-4ceb-bca7-f27f8c33e7d0']
11360597-bba0-48a1-8027-c268828e734c,130,['c5fdbefc-49a5-4dc4-aad4-0461a0e10038']
cc4abfef-af76-47c6-bf96-35f58db4cf96,134,['98c1128f-9aef-4bba-b954-e8f3c38f2b86']
a8a89b61-626c-4aef-8b33-e307b4f5a4c6,148,['008490c7-ecf0-4c8f-840d-4f736096141d']
572b8f88-8e53-4e5a-95ea-66cba725370e,149,['63d8c1cc-86c2-4880-9afb-10e6b28ab659']
c51c9112-fc64-4698-bcc5-39224f13d0da,147,['8db364d9-1eed-49df-8386-99afdc530722']
1e843908-509f-4bb5-9daa-aabc6a67477c,139,['6c0b2a88-462c-41ac-8827-dd7c7a52488e']
11360597-bba0-48a1-8027-c268828e734c,131,['a458ad73-ff63-4416-9b66-32df76d7c0f9']
cc4abfef-af76-47c6-bf96-35f58db4cf96,135,['aba1c1a1-99fe-49f9-a114-fcc2e08b7c3a']
a8a89b61-626c-4aef-8b33-e307b4f5a4c6,149,['66e53f9b-1df3-4f25-b457-241e5b6807ec']
572b8f88-8e53-4e5a-95ea-66cba725370e,150,['f838e794-f1ff-4958-b0e5-ed5d60801a89']
c51c9112-fc64-4698-bcc5-39224f13d0da,148,['89f89bbd-d04b-4773-8d4b-bc9d48bc82b8']
1e843908-509f-4bb5-9daa-aabc6a67477c,140,['7a4527d3-ab4f-4ac7-a226-0ed756fb7aed']
11360597-bba0-48a1-8027-c268828e734c,132,['636853ea-f3c2-4275-ac4d-15f7a4600112']
cc4abfef-af76-47c6-bf96-35f58db4cf96,136,['ce2e0d84-81d3-4b74-9c31-ddafc1ac4fa5']
a8a89b61-626c-4aef-8b33-e307b4f5a4c6,150,['e44f5d24-cb79-486f-87ce-6248abad3d35']
c51c9112-fc64-4698-bcc5-39224f13d0da,149,['c9e036ed-e35f-4f17-ae19-5a2a93700217']
11360597-bba0-48a1-8027-c268828e734c,133,['ef177011-70fd-4166-a413-dcc9ab79b0b0']
1e843908-509f-4bb5-9daa-aabc6a67477c,141,['a78f7b56-980b-4cc4-844c-c7d2c2dc8c11']
cc4abfef-af76-47c6-bf96-35f58db4cf96,137,['34fedbf3-f143-4272-b809-af89d9bec2c1']
c51c9112-fc64-4698-bcc5-39224f13d0da,150,['429ff23c-7ad7-4303-ad5d-0bd54fb3b091']
11360597-bba0-48a1-8027-c268828e734c,134,['d7af4de1-9d0e-4a0a-900e-634c3a2d7cdd']
1e843908-509f-4bb5-9daa-aabc6a67477c,142,['5be25c8c-6016-46a6-b1b1-04bc438eb057']
cc4abfef-af76-47c6-bf96-35f58db4cf96,138,['8281749d-479b-4aac-aecb-869d5f3544ee']
11360597-bba0-48a1-8027-c268828e734c,135,['1caeeecd-125b-4cfe-965e-6859c2e92e80']
1e843908-509f-4bb5-9daa-aabc6a67477c,143,['ecc420b4-dd3f-48ce-abb7-bb22956e1813']
cc4abfef-af76-47c6-bf96-35f58db4cf96,139,['d6938afb-29ee-4048-8b58-e8881f6b640b']
11360597-bba0-48a1-8027-c268828e734c,136,['b28a8609-5673-4b98-aecb-f59015f924fe']
1e843908-509f-4bb5-9daa-aabc6a67477c,144,['a716dee0-1c3d-4631-855c-79fca6cafbd7']
cc4abfef-af76-47c6-bf96-35f58db4cf96,140,['dc953f84-b0ef-45e8-9201-67c5f5afb4eb']
11360597-bba0-48a1-8027-c268828e734c,137,['762dec3d-a99b-470b-9169-761240794abe']
11360597-bba0-48a1-8027-c268828e734c,138,['9ce38594-7097-4670-84c3-d965373947a7']
1e843908-509f-4bb5-9daa-aabc6a67477c,145,['7edd3e43-2d69-417e-a4ea-fca9d3ee6703']
cc4abfef-af76-47c6-bf96-35f58db4cf96,141,['92ceaeca-299a-4764-83d6-a8ba25038fbf']
11360597-bba0-48a1-8027-c268828e734c,139,['f8058d45-b8d2-4b5b-98e5-90c8d69d2285']
1e843908-509f-4bb5-9daa-aabc6a67477c,146,['0a9206c3-b690-40db-a16b-ae3612421eda']
cc4abfef-af76-47c6-bf96-35f58db4cf96,142,['92138fcc-5e9c-4565-8ea1-cf7038ef917a']
11360597-bba0-48a1-8027-c268828e734c,140,['18bea978-b453-40ac-8e24-a8c44c0de097']
1e843908-509f-4bb5-9daa-aabc6a67477c,147,['92b844a5-f768-4494-9c5e-62ff75eef1e7']
cc4abfef-af76-47c6-bf96-35f58db4cf96,143,['a77ac394-d497-47dd-a17e-cee522c25a33']
11360597-bba0-48a1-8027-c268828e734c,141,['34635333-387e-4c8b-9670-b3a7faf45289']
1e843908-509f-4bb5-9daa-aabc6a67477c,148,['c4729991-2eb2-46f7-8afb-90e30bf7b4c6']
cc4abfef-af76-47c6-bf96-35f58db4cf96,144,['b01d2ed1-4619-4cfd-8e0e-9df08014d9ab']
11360597-bba0-48a1-8027-c268828e734c,142,['292e35a2-abf0-4b36-9c03-231636288df1']
1e843908-509f-4bb5-9daa-aabc6a67477c,149,['5aacf312-577f-42dd-889a-b7816464616b']
cc4abfef-af76-47c6-bf96-35f58db4cf96,145,['d62eb38f-ece8-4c05-ba13-d48cf70abaa4']
11360597-bba0-48a1-8027-c268828e734c,143,['1d1fe6a1-53e5-4ee9-b3dc-4bd19576f4b2']
11360597-bba0-48a1-8027-c268828e734c,144,['7edc1f60-5b4d-4702-83e9-2ee3a86c1798']
1e843908-509f-4bb5-9daa-aabc6a67477c,150,['f783e95e-8841-4204-bcf6-1e8cf2fdee19']
cc4abfef-af76-47c6-bf96-35f58db4cf96,146,['82caddeb-bcf4-4274-9120-81487abc7b15']
11360597-bba0-48a1-8027-c268828e734c,145,['249388d5-9683-448e-85ad-1376792f3a99']
11360597-bba0-48a1-8027-c268828e734c,146,['db9e82f6-5a43-473f-afb9-a5a472bb67f6']
11360597-bba0-48a1-8027-c268828e734c,147,['9f57734b-134c-42f5-9f8a-548c11496b51']
cc4abfef-af76-47c6-bf96-35f58db4cf96,147,['4ba9a1cd-9254-438a-9796-f8f43b3a3f9c']
11360597-bba0-48a1-8027-c268828e734c,148,['60dcc3d2-109d-49b8-ae9d-753270f246dc']
cc4abfef-af76-47c6-bf96-35f58db4cf96,148,['a71afd0c-5428-41a5-b1f1-8fa3b05c4a21']
11360597-bba0-48a1-8027-c268828e734c,149,['bd929505-3fcf-43dd-a9e6-86feb58a75f7']
11360597-bba0-48a1-8027-c268828e734c,150,['be0f0128-b350-42ec-9802-7e60d0a8c2f0']
cc4abfef-af76-47c6-bf96-35f58db4cf96,149,['ab0a40e5-17f3-41a5-b901-753e3122c967']
cc4abfef-af76-47c6-bf96-35f58db4cf96,150,['020902e3-00f9-4570-b50b-022ee717b658']
2c5a6c0a-e778-40c7-9e57-98f4b0ac7fef,0,['b475dcd5-c0e8-4d3c-a437-cd0fec1bf7b1']
2c5a6c0a-e778-40c7-9e57-98f4b0ac7fef,1,['76caafda-7ed7-46c2-bdce-989cfe17587a']
2c5a6c0a-e778-40c7-9e57-98f4b0ac7fef,2,['1408ccf6-5ece-4076-9968-bd6eb4b01f35']
2c5a6c0a-e778-40c7-9e57-98f4b0ac7fef,3,['3682fff6-e844-4e5a-9a54-ccbfa6654274']
2c5a6c0a-e778-40c7-9e57-98f4b0ac7fef,4,['f8aedda3-823c-4d54-b989-3843dd0c7206']
2c5a6c0a-e778-40c7-9e57-98f4b0ac7fef,5,['b0e39409-33e8-4766-8891-e20a03c12014']
2c5a6c0a-e778-40c7-9e57-98f4b0ac7fef,6,['9216941e-732a-4245-b39d-cc54dd396d95']
2c5a6c0a-e778-40c7-9e57-98f4b0ac7fef,7,['877ad413-7ff6-4831-9065-80a91aea6a83']
2c5a6c0a-e778-40c7-9e57-98f4b0ac7fef,8,['4d629e93-73d2-4fca-ae00-324950959da4']
2c5a6c0a-e778-40c7-9e57-98f4b0ac7fef,9,['af354bc8-5bc5-476c-b320-cb58497c499a']
2c5a6c0a-e778-40c7-9e57-98f4b0ac7fef,10,['cb239941-77d4-4e65-a4f8-e696d1093de2']
2c5a6c0a-e778-40c7-9e57-98f4b0ac7fef,11,['c222d008-20a4-4526-b404-5c77b7607ae3']
2c5a6c0a-e778-40c7-9e57-98f4b0ac7fef,12,['2a15dfc8-5f2a-4d48-ad12-397b27139dc0']
2c5a6c0a-e778-40c7-9e57-98f4b0ac7fef,13,['401659e9-cc50-4602-86a1-fbeab398ab8a']
2c5a6c0a-e778-40c7-9e57-98f4b0ac7fef,14,['c2fe76ab-de87-447b-8585-e7339a997346']
2c5a6c0a-e778-40c7-9e57-98f4b0ac7fef,15,['791b5bc5-7fd2-41a4-bd95-a386d96c3385']
2c5a6c0a-e778-40c7-9e57-98f4b0ac7fef,16,['fb74daf8-a735-405e-be04-4322c313558c']
2c5a6c0a-e778-40c7-9e57-98f4b0ac7fef,17,['3c6c23d8-8887-4427-aad0-643ab0206ec1']
2c5a6c0a-e778-40c7-9e57-98f4b0ac7fef,18,['08ad1e65-5edc-49a6-ba6e-48f772483ecb']
2c5a6c0a-e778-40c7-9e57-98f4b0ac7fef,19,['2e061899-807d-440f-9400-995515f3df32']
2c5a6c0a-e778-40c7-9e57-98f4b0ac7fef,20,['1347c809-5870-4195-b48d-ad8446994c90']
2c5a6c0a-e778-40c7-9e57-98f4b0ac7fef,21,['927394cf-8c8f-48cf-86c3-e66192b8d285']
2c5a6c0a-e778-40c7-9e57-98f4b0ac7fef,22,['d2d5e949-fe6e-4356-849b-2a3ce248eb70']
2c5a6c0a-e778-40c7-9e57-98f4b0ac7fef,23,['8e7d2193-b43f-4755-b1b5-e0f2ce24d3c9']
2c5a6c0a-e778-40c7-9e57-98f4b0ac7fef,24,['d8577af8-6747-4020-a5fc-38b51e2536be']
2c5a6c0a-e778-40c7-9e57-98f4b0ac7fef,25,['27efa787-94ec-4b21-817c-e6bc2a3930c4']
2c5a6c0a-e778-40c7-9e57-98f4b0ac7fef,26,['2199f371-73ec-4f96-8c97-2c7803b9a4a0']
2c5a6c0a-e778-40c7-9e57-98f4b0ac7fef,27,['5c147166-93e7-44c1-84a7-977e31bb5e93']
2c5a6c0a-e778-40c7-9e57-98f4b0ac7fef,28,['a39d02ff-376b-40b7-ba8f-a981f74fc797']
2c5a6c0a-e778-40c7-9e57-98f4b0ac7fef,29,['327af2bf-4618-46a2-90b8-14a6696d92fd']
2c5a6c0a-e778-40c7-9e57-98f4b0ac7fef,30,['b2c5976c-c2d1-483e-9f86-601141327794']
2c5a6c0a-e778-40c7-9e57-98f4b0ac7fef,31,['b7600d00-2be6-4bad-9e79-1b8a3e672ba9']
2c5a6c0a-e778-40c7-9e57-98f4b0ac7fef,32,['70917e33-42e1-487c-9ff5-d736f03f9ac4']
2c5a6c0a-e778-40c7-9e57-98f4b0ac7fef,33,['e0818d36-9d00-4a47-a79c-c1148f0a1f9e']
2c5a6c0a-e778-40c7-9e57-98f4b0ac7fef,34,['f4bde48f-6f38-433c-a25e-dab881d7146e']
2c5a6c0a-e778-40c7-9e57-98f4b0ac7fef,35,['64623a65-03ee-4b88-8937-e4f52e9ea305']
2c5a6c0a-e778-40c7-9e57-98f4b0ac7fef,36,['86e54b13-4d63-473d-8e33-df97c55d4d1d']
2c5a6c0a-e778-40c7-9e57-98f4b0ac7fef,37,['5aa5127e-5187-4db0-bc2a-618700729775']
2c5a6c0a-e778-40c7-9e57-98f4b0ac7fef,38,['1344d9e1-9a69-49ac-b80d-b2a89dc9b072']
2c5a6c0a-e778-40c7-9e57-98f4b0ac7fef,39,['ee4c8828-a695-4038-b96b-84819da4474f']
2c5a6c0a-e778-40c7-9e57-98f4b0ac7fef,40,['20c3966d-3c30-4c82-b6fe-4ab6c8a539c1']
2c5a6c0a-e778-40c7-9e57-98f4b0ac7fef,41,['f8742933-9c13-411a-84c1-176000361305']
2c5a6c0a-e778-40c7-9e57-98f4b0ac7fef,42,['0add722a-a429-4b66-8e5b-5fa6c17e2427']
2c5a6c0a-e778-40c7-9e57-98f4b0ac7fef,43,['f709bb8e-0909-4c7b-ae5d-f25ada8a5387']
2c5a6c0a-e778-40c7-9e57-98f4b0ac7fef,44,['90a7e4a7-8cdf-44de-b205-de20dfaf02aa']
2c5a6c0a-e778-40c7-9e57-98f4b0ac7fef,45,['bc099a20-5d89-4c06-a18e-fc5203abd710']
2c5a6c0a-e778-40c7-9e57-98f4b0ac7fef,46,['49d5ddf6-5847-4087-933d-a8aa6e6f18ea']
2c5a6c0a-e778-40c7-9e57-98f4b0ac7fef,47,['293bd0dc-641d-49a1-a2f3-adae56278f55']
2c5a6c0a-e778-40c7-9e57-98f4b0ac7fef,48,['9ed625e5-25dc-4c8b-8446-da4cd770a1c0']
2c5a6c0a-e778-40c7-9e57-98f4b0ac7fef,49,['f0ef45c3-a66f-4a7d-8129-bba4b63aea9c']
2c5a6c0a-e778-40c7-9e57-98f4b0ac7fef,50,['682f50f0-f335-4d85-b9c7-715dd0d8d36a']
2c5a6c0a-e778-40c7-9e57-98f4b0ac7fef,51,['99d2c5ce-4921-41d2-be84-64915ff11c23']
2c5a6c0a-e778-40c7-9e57-98f4b0ac7fef,52,['ee750c13-bac5-457e-9a96-07c29130aeac']
2c5a6c0a-e778-40c7-9e57-98f4b0ac7fef,53,['04e6441e-a837-462c-8ffa-d21820b3106a']
2c5a6c0a-e778-40c7-9e57-98f4b0ac7fef,54,['53fe6d92-3d4f-48b7-8048-23b1db65aa97']
2c5a6c0a-e778-40c7-9e57-98f4b0ac7fef,55,['01ffdd59-5a2e-465e-9235-0dfeaeee947c']
2c5a6c0a-e778-40c7-9e57-98f4b0ac7fef,56,['a339ce4f-84c2-4059-8547-c9ac9cbacc04']
2c5a6c0a-e778-40c7-9e57-98f4b0ac7fef,57,['41762f85-1e22-4bac-97fb-24802de02d8e']
2c5a6c0a-e778-40c7-9e57-98f4b0ac7fef,58,['1cda352e-b42b-49fa-9a8f-f3fd1e55d3e5']
2c5a6c0a-e778-40c7-9e57-98f4b0ac7fef,59,['f6f50fad-9579-4e56-9d4b-8651e1d93e23']
2c5a6c0a-e778-40c7-9e57-98f4b0ac7fef,60,['04804ff5-3934-4b4f-b4d1-3ea04f9cba95']
2c5a6c0a-e778-40c7-9e57-98f4b0ac7fef,61,['6b8cadec-efca-46dc-8fa9-7dd05f92d0a9']
2c5a6c0a-e778-40c7-9e57-98f4b0ac7fef,62,['6da9e3eb-2ceb-4806-bb54-ec85c83e4a0f']
2c5a6c0a-e778-40c7-9e57-98f4b0ac7fef,63,['8ef7a8b2-ca60-4c8b-9d36-79af04a394ac']
2c5a6c0a-e778-40c7-9e57-98f4b0ac7fef,64,['a35b0c8b-d556-4cc0-b5c4-97c24549347b']
2c5a6c0a-e778-40c7-9e57-98f4b0ac7fef,65,['5a13b764-1aa8-402c-a318-87ee38800d24']
2c5a6c0a-e778-40c7-9e57-98f4b0ac7fef,66,['3cb2e7f7-9a32-410e-968f-df5b320aec18']
2c5a6c0a-e778-40c7-9e57-98f4b0ac7fef,67,['3ec4807b-871e-4511-be4d-bac9a121a66e']
2c5a6c0a-e778-40c7-9e57-98f4b0ac7fef,68,['b7dd970f-4cc8-4e78-bd80-779022436d48']
2c5a6c0a-e778-40c7-9e57-98f4b0ac7fef,69,['c83a2244-b03a-4804-95f3-3ef86dc3aa8a']
2c5a6c0a-e778-40c7-9e57-98f4b0ac7fef,70,['b18412c0-4954-487a-a478-d796d6ca3204']
2c5a6c0a-e778-40c7-9e57-98f4b0ac7fef,71,['5d8dfe6d-85c7-48b3-b9aa-1e2588a42e7a']
2c5a6c0a-e778-40c7-9e57-98f4b0ac7fef,72,['85acb5e1-1b5c-4918-8ce7-6565c7a17d61']
2c5a6c0a-e778-40c7-9e57-98f4b0ac7fef,73,['fc47b6da-276b-42c0-a8b8-75d606ac2407']
2c5a6c0a-e778-40c7-9e57-98f4b0ac7fef,74,['a88e80bf-9224-4778-8e7f-ef818813f454']
2c5a6c0a-e778-40c7-9e57-98f4b0ac7fef,75,['8d84eda2-6684-4739-94ed-2fc3fc6c0b1b']
2c5a6c0a-e778-40c7-9e57-98f4b0ac7fef,76,['eb3e8975-5442-4816-854a-35b794d40f64']
2c5a6c0a-e778-40c7-9e57-98f4b0ac7fef,77,['952d00d2-dce1-4888-8313-bbbe56f4380e']
2c5a6c0a-e778-40c7-9e57-98f4b0ac7fef,78,['664945fe-5c98-4f2f-a5a2-d5d7f66ed27f']
2c5a6c0a-e778-40c7-9e57-98f4b0ac7fef,79,['6bbe6081-d0a2-4331-8b09-e05e342c6a7f']
2c5a6c0a-e778-40c7-9e57-98f4b0ac7fef,80,['38955d79-d115-4c6f-a318-5b7af1704eea']
2c5a6c0a-e778-40c7-9e57-98f4b0ac7fef,81,['655fb683-c6d4-43b3-a9b9-11a56d9dea87']
2c5a6c0a-e778-40c7-9e57-98f4b0ac7fef,82,['10712e9f-1608-4df9-b5f9-9945c603c01c']
2c5a6c0a-e778-40c7-9e57-98f4b0ac7fef,83,['8a852603-f683-464e-8d52-4d6a0e46dd80']
2c5a6c0a-e778-40c7-9e57-98f4b0ac7fef,84,['28ca1da4-ff32-4043-acae-1947924a33b5']
2c5a6c0a-e778-40c7-9e57-98f4b0ac7fef,85,['fd255186-c2fa-4807-a884-6b4e81eaef3e']
2c5a6c0a-e778-40c7-9e57-98f4b0ac7fef,86,['d2fdb6bc-611f-45c5-a356-9e1f86aa5341']
2c5a6c0a-e778-40c7-9e57-98f4b0ac7fef,87,['612504b9-8b81-4a94-a965-c2dc8adf20ec']
2c5a6c0a-e778-40c7-9e57-98f4b0ac7fef,88,['357a3c98-f813-4a72-891c-97a24814d70e']
2c5a6c0a-e778-40c7-9e57-98f4b0ac7fef,89,['3783a4f0-8a24-4b5a-bdff-fad3add78528']
2c5a6c0a-e778-40c7-9e57-98f4b0ac7fef,90,['0962290a-87c3-4441-9e2f-8282754a175a']
2c5a6c0a-e778-40c7-9e57-98f4b0ac7fef,91,['7849ce60-4856-4e1e-adc0-d07882db2920']
2c5a6c0a-e778-40c7-9e57-98f4b0ac7fef,92,['05a8682d-ecaf-4a27-b73e-0d4f36057f64']
2c5a6c0a-e778-40c7-9e57-98f4b0ac7fef,93,['b625e669-7cf9-47e5-9a41-e6e15f52c263']
2c5a6c0a-e778-40c7-9e57-98f4b0ac7fef,94,['77458d4e-d111-4077-ac9e-f1c8d50579cc']
2c5a6c0a-e778-40c7-9e57-98f4b0ac7fef,95,['78652800-086d-4190-aea5-23da7a71dc27']
2c5a6c0a-e778-40c7-9e57-98f4b0ac7fef,96,['605d8ba2-eacb-4fce-b440-076bea4bbdb6']
2c5a6c0a-e778-40c7-9e57-98f4b0ac7fef,97,['1fdea7fb-a4a8-4094-8257-7b7208a87389']
2c5a6c0a-e778-40c7-9e57-98f4b0ac7fef,98,['04d68d9b-437e-48cb-b800-5752b7d6fd0f']
2c5a6c0a-e778-40c7-9e57-98f4b0ac7fef,99,['fce5e093-b478-43a5-9843-85569d5302df']
2c5a6c0a-e778-40c7-9e57-98f4b0ac7fef,100,['23e1b824-9bb9-4d08-935f-028df07438a0']
2c5a6c0a-e778-40c7-9e57-98f4b0ac7fef,101,['cf6deb21-a31d-4676-9190-608b05d8c4eb']
2c5a6c0a-e778-40c7-9e57-98f4b0ac7fef,102,['c852c315-5fe3-49a2-8a6a-e7a692dc03b2']
2c5a6c0a-e778-40c7-9e57-98f4b0ac7fef,103,['c69a9341-d723-48bd-a49c-3631b9341d30']
2c5a6c0a-e778-40c7-9e57-98f4b0ac7fef,104,['edceadfb-9f80-405f-8fb6-1d6f12f7de5a']
2c5a6c0a-e778-40c7-9e57-98f4b0ac7fef,105,['7da16f1a-e3f2-4118-b211-508411cc88b5']
2c5a6c0a-e778-40c7-9e57-98f4b0ac7fef,106,['a23e00ee-fd9d-4867-97bf-bddfba1fa1b4']
2c5a6c0a-e778-40c7-9e57-98f4b0ac7fef,107,['470e49f4-91e9-4ff4-b292-9bf4cc865ba2']
2c5a6c0a-e778-40c7-9e57-98f4b0ac7fef,108,['96392b12-7b52-4fb2-8bed-edf09972b6e7']
2c5a6c0a-e778-40c7-9e57-98f4b0ac7fef,109,['145f095b-7a65-430c-929e-934e06ba9ee1']
2c5a6c0a-e778-40c7-9e57-98f4b0ac7fef,110,['04c1ad58-fcba-4e0f-a5bc-ccc23b1528d7']
2c5a6c0a-e778-40c7-9e57-98f4b0ac7fef,111,['705451ef-adc1-4bd7-84ab-48f16d9322c7']
2c5a6c0a-e778-40c7-9e57-98f4b0ac7fef,112,['1965a1ae-db14-45c5-bc43-8eb3c656260f']
2c5a6c0a-e778-40c7-9e57-98f4b0ac7fef,113,['24271da7-1555-4179-b97e-89fa34fc35b2']
2c5a6c0a-e778-40c7-9e57-98f4b0ac7fef,114,['9825ed6c-6a72-4c63-a06f-1e38292e0502']
2c5a6c0a-e778-40c7-9e57-98f4b0ac7fef,115,['92441e3d-a8a9-41c7-a4b9-f011f5aa17fc']
2c5a6c0a-e778-40c7-9e57-98f4b0ac7fef,116,['b0f6cf93-0e6d-439a-ba70-86a8e0133ab5']
2c5a6c0a-e778-40c7-9e57-98f4b0ac7fef,117,['9b36b9d7-4b8c-491a-b193-88c6e2086968']
2c5a6c0a-e778-40c7-9e57-98f4b0ac7fef,118,['b6e1737d-c378-496d-a19a-3603bf9c9d88']
2c5a6c0a-e778-40c7-9e57-98f4b0ac7fef,119,['7b2ba73f-5012-496f-8f1d-8e435df89c83']
2c5a6c0a-e778-40c7-9e57-98f4b0ac7fef,120,['02667ddc-07e7-433e-afa3-179d9614f8c0']
2c5a6c0a-e778-40c7-9e57-98f4b0ac7fef,121,['9bee5e10-badc-4487-a827-9a4216e5be5b']
2c5a6c0a-e778-40c7-9e57-98f4b0ac7fef,122,['ee62b1a9-6b0a-48d4-846c-c81c1eb4aaf2']
2c5a6c0a-e778-40c7-9e57-98f4b0ac7fef,123,['7846d4ad-6ed4-40a0-81b3-733ae07f2049']
2c5a6c0a-e778-40c7-9e57-98f4b0ac7fef,124,['f57ba53f-45f2-4d13-8c82-8b5dd56b4f06']
2c5a6c0a-e778-40c7-9e57-98f4b0ac7fef,125,['6d64b9f1-f257-46cd-b303-1f4b07736dcc']
2c5a6c0a-e778-40c7-9e57-98f4b0ac7fef,126,['4c2a71b4-6709-456f-b22c-dc44da5de307']
2c5a6c0a-e778-40c7-9e57-98f4b0ac7fef,127,['b07d7087-687b-4a24-a828-b71e2bfa6321']
2c5a6c0a-e778-40c7-9e57-98f4b0ac7fef,128,['e0bafa47-ec8e-403d-966d-3d213ec9d791']
2c5a6c0a-e778-40c7-9e57-98f4b0ac7fef,129,['fd9d0578-4f09-4d00-9312-bcb8a8dc0f26']
2c5a6c0a-e778-40c7-9e57-98f4b0ac7fef,130,['7a602514-09cd-408e-b625-72fdad0545f4']
2c5a6c0a-e778-40c7-9e57-98f4b0ac7fef,131,['1207b00e-40b7-4cd2-87a7-4a676511f609']
2c5a6c0a-e778-40c7-9e57-98f4b0ac7fef,132,['9c9f56a9-be89-4928-9719-d21659a08e33']
2c5a6c0a-e778-40c7-9e57-98f4b0ac7fef,133,['49e92ca9-645b-4889-b0bb-eaa523810422']
2c5a6c0a-e778-40c7-9e57-98f4b0ac7fef,134,['3dca5429-f46e-492c-8264-955bee2cc980']
2c5a6c0a-e778-40c7-9e57-98f4b0ac7fef,135,['f36569c3-7f4f-4216-90fc-075f80dcfd60']
2c5a6c0a-e778-40c7-9e57-98f4b0ac7fef,136,['7394cac7-9f58-4dd2-8253-27f6d234a51b']
2c5a6c0a-e778-40c7-9e57-98f4b0ac7fef,137,['e5b97fa9-5ff5-4920-bf22-800025dc7969']
2c5a6c0a-e778-40c7-9e57-98f4b0ac7fef,138,['be5d6cca-2f8b-4c87-ae54-69852b922b3a']
2c5a6c0a-e778-40c7-9e57-98f4b0ac7fef,139,['1ad64b94-e7f5-402d-a02a-95cbb69d5b57']
2c5a6c0a-e778-40c7-9e57-98f4b0ac7fef,140,['917f0c6e-b58f-4ffb-8b9c-2880f326926b']
2c5a6c0a-e778-40c7-9e57-98f4b0ac7fef,141,['f5fc220a-7b85-4c3a-8a32-fc90d7b13716']
2c5a6c0a-e778-40c7-9e57-98f4b0ac7fef,142,['adce3a17-547f-4fef-91fd-28f66f20fdec']
2c5a6c0a-e778-40c7-9e57-98f4b0ac7fef,143,['446b72c1-6fc4-4a97-ac5f-a81f670c6621']
2c5a6c0a-e778-40c7-9e57-98f4b0ac7fef,144,['379afa27-d90f-4cfd-96df-3a61f9202e08']
2c5a6c0a-e778-40c7-9e57-98f4b0ac7fef,145,['fe3b609b-e4d1-4100-8a6c-ad5aee63aa3c']
2c5a6c0a-e778-40c7-9e57-98f4b0ac7fef,146,['248c8382-04f2-4ab8-8270-411236f74fc7']
2c5a6c0a-e778-40c7-9e57-98f4b0ac7fef,147,['4d17a1de-018d-4bf2-8915-cb2ae3fbebda']
2c5a6c0a-e778-40c7-9e57-98f4b0ac7fef,148,['67b3326d-3e68-4ea9-8ffc-93caa887885c']
2c5a6c0a-e778-40c7-9e57-98f4b0ac7fef,149,['c8968937-ae06-40ea-8bc2-7b8395ee231b']
2c5a6c0a-e778-40c7-9e57-98f4b0ac7fef,150,['5a3519a5-b6c7-4f5d-a365-e0f7c5eb2e23']
f7949113-01c7-4d2d-92df-b739f422ef18,0,['50758008-c3da-43fb-8954-37b22c5cb395']
f7949113-01c7-4d2d-92df-b739f422ef18,1,['d82ce731-426a-440f-bc04-85f661475235']
f7949113-01c7-4d2d-92df-b739f422ef18,2,['39778c6d-053b-42d7-b291-154201dedf63']
f7949113-01c7-4d2d-92df-b739f422ef18,3,['b3206a62-6ea7-49dd-9693-bd772b80672d']
f7949113-01c7-4d2d-92df-b739f422ef18,4,['00a62761-6259-4e7f-9715-42d6af87599d']
f7949113-01c7-4d2d-92df-b739f422ef18,5,['38149177-454f-461f-b42f-79b8211c59fb']
f7949113-01c7-4d2d-92df-b739f422ef18,6,['d150383f-fa0f-453a-bfa4-6f066542819c']
f7949113-01c7-4d2d-92df-b739f422ef18,7,['9b099d37-ebb3-4a4c-8dc8-3db838b14c8e']
f7949113-01c7-4d2d-92df-b739f422ef18,8,['35c6c0d7-dc0b-4fd7-8a88-c9fc7e445a82']
f7949113-01c7-4d2d-92df-b739f422ef18,9,['2db1057c-7c9e-442a-935c-111b3770bce4']
f7949113-01c7-4d2d-92df-b739f422ef18,10,['a55b3378-167b-4c2d-984d-dc9bf57207d0']
f7949113-01c7-4d2d-92df-b739f422ef18,11,['344b2a7b-9d23-4c3f-b713-38a323c487e0']
f7949113-01c7-4d2d-92df-b739f422ef18,12,['70f833fd-d8c9-4b02-ac83-78fb64356862']
f7949113-01c7-4d2d-92df-b739f422ef18,13,['21de6bfc-bf1f-446d-828d-9e8a985b94e0']
f7949113-01c7-4d2d-92df-b739f422ef18,14,['93d14d38-b6a9-4215-a9b7-48c39a7b6b9d']
f7949113-01c7-4d2d-92df-b739f422ef18,15,['9770054f-de91-426a-ac6a-c86dd0f32b93']
f7949113-01c7-4d2d-92df-b739f422ef18,16,['30faf3d0-cd38-4365-91c8-b02ebf854c8f']
f7949113-01c7-4d2d-92df-b739f422ef18,17,['bf200798-44d2-4119-b8d9-02f19e60247e']
f7949113-01c7-4d2d-92df-b739f422ef18,18,['1d5ede06-c9cf-48d8-9b6f-21944d61ba5a']
f7949113-01c7-4d2d-92df-b739f422ef18,19,['5e182e35-75a9-47ca-b365-1392109d393c']
f7949113-01c7-4d2d-92df-b739f422ef18,20,['857cce51-496b-4f21-b9e6-f29868a62844']
f7949113-01c7-4d2d-92df-b739f422ef18,21,['c462befd-7850-4df9-8953-cf8f4f2e3954']
f7949113-01c7-4d2d-92df-b739f422ef18,22,['2d583e05-4b18-4821-bf3b-eab03d84890e']
f7949113-01c7-4d2d-92df-b739f422ef18,23,['5d5d6f0b-bcde-4650-a9e8-bdbde5e5d91e']
f7949113-01c7-4d2d-92df-b739f422ef18,24,['26c8248e-3824-45c9-8787-81e76f2de6ab']
f7949113-01c7-4d2d-92df-b739f422ef18,25,['0a8871f8-aa7e-47c6-983f-93ad0a36d8f8']
f7949113-01c7-4d2d-92df-b739f422ef18,26,['25f62394-3b5c-41fe-8bdf-db5a5fa50fe6']
f7949113-01c7-4d2d-92df-b739f422ef18,27,['43211677-7e52-4b72-b235-5776627236cf']
f7949113-01c7-4d2d-92df-b739f422ef18,28,['7ec5ce1b-d584-48b9-b608-7e828c260f70']
f7949113-01c7-4d2d-92df-b739f422ef18,29,['4e44e4d9-df87-4ec9-a10c-ea8eec235154']
f7949113-01c7-4d2d-92df-b739f422ef18,30,['07ac04db-b6df-479c-b10e-95aa554c7cc1']
f7949113-01c7-4d2d-92df-b739f422ef18,31,['a96e522a-8927-4cda-8cdb-d35903196e87']
f7949113-01c7-4d2d-92df-b739f422ef18,32,['62b3b53e-eb8d-4787-bb72-648488470c47']
f7949113-01c7-4d2d-92df-b739f422ef18,33,['7b490c71-c463-422a-8f27-21685a7b19bd']
f7949113-01c7-4d2d-92df-b739f422ef18,34,['e52ed623-b17d-4621-a33e-1003051fe2d0']
f7949113-01c7-4d2d-92df-b739f422ef18,35,['1696537f-4856-47b2-bae5-2bdcca9a9d41']
f7949113-01c7-4d2d-92df-b739f422ef18,36,['c4d242be-6aa7-42b8-a636-29085398acda']
f7949113-01c7-4d2d-92df-b739f422ef18,37,['cc06aec2-7fdb-430e-afeb-def5aa26c5f4']
f7949113-01c7-4d2d-92df-b739f422ef18,38,['f912249c-658c-46e2-8c1f-b0e15ce609a8']
f7949113-01c7-4d2d-92df-b739f422ef18,39,['438718fa-2909-4be3-8560-bc41689f9ec8']
f7949113-01c7-4d2d-92df-b739f422ef18,40,['e816558f-9fda-4821-a66d-4f8157a0ab04']
f7949113-01c7-4d2d-92df-b739f422ef18,41,['d9b4c2f4-172a-425b-8e1c-7323b41dfc7d']
f7949113-01c7-4d2d-92df-b739f422ef18,42,['4a4411a7-98e1-45f5-9586-341d9b1b3fc4']
f7949113-01c7-4d2d-92df-b739f422ef18,43,['7aaee429-d8ff-4cea-8649-1e869fa707e6']
f7949113-01c7-4d2d-92df-b739f422ef18,44,['c0dbbe07-0442-43c6-80ff-d96dc8dfe014']
f7949113-01c7-4d2d-92df-b739f422ef18,45,['ca9da6f6-5c27-4b5f-8ba7-af6feca53dee']
f7949113-01c7-4d2d-92df-b739f422ef18,46,['f34ec33e-13d3-45ae-97a0-f6b94a759b8e']
f7949113-01c7-4d2d-92df-b739f422ef18,47,['5d5ad03c-5269-46f0-9898-a4dadf1e38bf']
f7949113-01c7-4d2d-92df-b739f422ef18,48,['694acea1-7564-46fa-b777-cfbead174c40']
f7949113-01c7-4d2d-92df-b739f422ef18,49,['1ac17c5a-60d0-4f8a-8f2f-c7096bbbcda6']
f7949113-01c7-4d2d-92df-b739f422ef18,50,['1b97e746-2007-4492-98f0-b9b30a6de5b7']
f7949113-01c7-4d2d-92df-b739f422ef18,51,['339a440e-93da-436c-86e7-c648240cba34']
f7949113-01c7-4d2d-92df-b739f422ef18,52,['fe6e5b81-2bbd-4caa-ac99-30406f5d18d2']
f7949113-01c7-4d2d-92df-b739f422ef18,53,['299fa159-becf-4bcf-8069-416a69ddb619']
f7949113-01c7-4d2d-92df-b739f422ef18,54,['e8b4cd42-1264-4d74-96d8-dcc85141e6dd']
f7949113-01c7-4d2d-92df-b739f422ef18,55,['974414a3-d5b3-42e4-bffc-aacda0a5e50e']
f7949113-01c7-4d2d-92df-b739f422ef18,56,['2bb8eba3-8d06-4440-91df-1b0205e35401']
f7949113-01c7-4d2d-92df-b739f422ef18,57,['77b8979a-0476-4ce3-82e3-3cc24922a01c']
f7949113-01c7-4d2d-92df-b739f422ef18,58,['6c3de53c-644e-4fa6-adc5-5591a2615ef0']
f7949113-01c7-4d2d-92df-b739f422ef18,59,['e8195475-2409-4bf2-8d89-7f962ac63113']
f7949113-01c7-4d2d-92df-b739f422ef18,60,['5380dbcd-1681-45f0-b993-6bc25677e642']
f7949113-01c7-4d2d-92df-b739f422ef18,61,['8862bba8-aa0a-406a-879d-423221339d1e']
f7949113-01c7-4d2d-92df-b739f422ef18,62,['425a6b1f-37d0-4a06-81e3-2722e4feadf4']
f7949113-01c7-4d2d-92df-b739f422ef18,63,['0424fc30-3367-496a-870b-967ec7e2b030']
f7949113-01c7-4d2d-92df-b739f422ef18,64,['22ade1f5-9ffe-4e50-bc23-d6802cbe12b0']
f7949113-01c7-4d2d-92df-b739f422ef18,65,['c3f36422-7a19-444d-89af-047976f865e8']
f7949113-01c7-4d2d-92df-b739f422ef18,66,['de68ac4f-a554-47cf-afcb-064913359dd4']
f7949113-01c7-4d2d-92df-b739f422ef18,67,['d1225c96-5dac-4333-82bd-ad8b21c23be8']
f7949113-01c7-4d2d-92df-b739f422ef18,68,['517f3502-a6c9-4dcc-aaf9-fbfe81e86e6e']
f7949113-01c7-4d2d-92df-b739f422ef18,69,['48aed3b4-c25f-4f11-9959-86e9d9fdb7ce']
f7949113-01c7-4d2d-92df-b739f422ef18,70,['e1b5ddb1-455e-4399-b0ca-54c2c733ee7f']
f7949113-01c7-4d2d-92df-b739f422ef18,71,['d6ac97bd-b9ab-4f66-8e54-effe4efa72d2']
f7949113-01c7-4d2d-92df-b739f422ef18,72,['d101bff5-8490-4c47-8088-9c99c69bd1c0']
f7949113-01c7-4d2d-92df-b739f422ef18,73,['7f3f2d7e-3b1b-40cc-b3b0-5b080399226b']
f7949113-01c7-4d2d-92df-b739f422ef18,74,['a63aae93-7402-4194-aa0e-c667679a7cae']
f7949113-01c7-4d2d-92df-b739f422ef18,75,['83549fa4-7578-4064-bce5-448eda5b0c44']
f7949113-01c7-4d2d-92df-b739f422ef18,76,['1fb2b2e8-96b8-45ff-a2e0-0ef85d0787a1']
f7949113-01c7-4d2d-92df-b739f422ef18,77,['4cf18989-c8a0-4de6-8cc9-9fe76b97df87']
f7949113-01c7-4d2d-92df-b739f422ef18,78,['c16161cf-e47d-4227-9108-aaaac0ba60c7']
f7949113-01c7-4d2d-92df-b739f422ef18,79,['f5c7b935-f4c2-4945-9e50-0b35e38cc0a5']
f7949113-01c7-4d2d-92df-b739f422ef18,80,['c580ecf9-c754-4686-bb9e-7c2e7eda56d6']
f7949113-01c7-4d2d-92df-b739f422ef18,81,['bfb8e115-abe5-4820-8ff7-81c0f66fa2de']
f7949113-01c7-4d2d-92df-b739f422ef18,82,['4e589d0c-4dbf-4f5e-a440-ec319cff7c6f']
f7949113-01c7-4d2d-92df-b739f422ef18,83,['e40510d0-502e-4d4c-a6ca-601cd1679f3f']
f7949113-01c7-4d2d-92df-b739f422ef18,84,['4354d605-ac63-4ade-b501-98719bfc972a']
f7949113-01c7-4d2d-92df-b739f422ef18,85,['a9d3f035-cd04-4e6b-8baa-1ad2015c517f']
f7949113-01c7-4d2d-92df-b739f422ef18,86,['6a6da6a6-69d4-4de8-8ccd-52633d8081d2']
f7949113-01c7-4d2d-92df-b739f422ef18,87,['d6c4c8ed-f945-4cf8-9fa3-94786bb41243']
f7949113-01c7-4d2d-92df-b739f422ef18,88,['e0ea0635-cebc-4895-a470-9e3b8c4f2493']
f7949113-01c7-4d2d-92df-b739f422ef18,89,['c002640a-59b0-4f1f-a12d-a07980cfa3fb']
f7949113-01c7-4d2d-92df-b739f422ef18,90,['f5395d20-4fe8-4c2b-8873-dba57a7dbc92']
f7949113-01c7-4d2d-92df-b739f422ef18,91,['9f7e6fc9-9604-4b35-9638-e4092fef5b82']
f7949113-01c7-4d2d-92df-b739f422ef18,92,['38398332-37ae-4239-92ee-9e39f6591ace']
f7949113-01c7-4d2d-92df-b739f422ef18,93,['933d833d-ea96-44c9-ac18-cdac0bfa9c6b']
f7949113-01c7-4d2d-92df-b739f422ef18,94,['c6f98827-b55f-445a-b709-376b352258aa']
f7949113-01c7-4d2d-92df-b739f422ef18,95,['b373423f-5e7f-4dd1-9072-4857063a076c']
f7949113-01c7-4d2d-92df-b739f422ef18,96,['d28e6e83-21ce-4b5b-a285-1e1b265a59a8']
f7949113-01c7-4d2d-92df-b739f422ef18,97,['1a7c0581-e368-4714-92c0-43a0096adf00']
f7949113-01c7-4d2d-92df-b739f422ef18,98,['190c6301-f5cb-4f4e-ba4d-6cfe526db602']
f7949113-01c7-4d2d-92df-b739f422ef18,99,['82688d22-65a2-46da-a451-5a4ded4e2313']
f7949113-01c7-4d2d-92df-b739f422ef18,100,['5cf6b08a-33a1-49de-ab1f-adc929cf7b47']
f7949113-01c7-4d2d-92df-b739f422ef18,101,['c19b4b72-995e-48c0-a310-906af8c429ba']
f7949113-01c7-4d2d-92df-b739f422ef18,102,['47c31fc2-475c-4e87-a7c3-e96bf0a2f659']
f7949113-01c7-4d2d-92df-b739f422ef18,103,['96e263d5-09e0-4e8b-8dab-440a8fc49b58']
f7949113-01c7-4d2d-92df-b739f422ef18,104,['26e9af07-fb17-4fdd-9222-6ce3344836f6']
f7949113-01c7-4d2d-92df-b739f422ef18,105,['22c03a19-9090-4951-864d-ca07f49fbc34']
f7949113-01c7-4d2d-92df-b739f422ef18,106,['cd7d9dbd-7e69-4f23-9042-f1488cb9e2c3']
f7949113-01c7-4d2d-92df-b739f422ef18,107,['aa78038b-294b-4ddb-920e-3f50d705d6bd']
f7949113-01c7-4d2d-92df-b739f422ef18,108,['e35d648d-060b-4697-b9b7-df4015565e1d']
f7949113-01c7-4d2d-92df-b739f422ef18,109,['5c3d455e-85ee-467e-a4fb-57a36bb1bf56']
f7949113-01c7-4d2d-92df-b739f422ef18,110,['ec79cf4b-204a-4872-af78-bdde9e2792c7']
f7949113-01c7-4d2d-92df-b739f422ef18,111,['75844c88-dcc9-48d5-ae55-96acdf8f7167']
f7949113-01c7-4d2d-92df-b739f422ef18,112,['6c6361a1-8398-4e94-b776-365b94755bda']
f7949113-01c7-4d2d-92df-b739f422ef18,113,['68ece5bb-772c-4bf2-ac4c-71d2c5e2da5b']
f7949113-01c7-4d2d-92df-b739f422ef18,114,['192d3d89-7898-4b4a-9458-f2ef8d55b375']
f7949113-01c7-4d2d-92df-b739f422ef18,115,['72cb3ac1-759f-4797-995a-277dabf0e690']
f7949113-01c7-4d2d-92df-b739f422ef18,116,['3d2fdb5d-dade-460b-b013-b0f711bb4eae']
f7949113-01c7-4d2d-92df-b739f422ef18,117,['5761a4b7-76da-4f23-a99e-3a22a850c1a3']
f7949113-01c7-4d2d-92df-b739f422ef18,118,['894ff4c9-427f-4978-816e-1c4cc873fede']
f7949113-01c7-4d2d-92df-b739f422ef18,119,['90b8e9da-06c8-4735-8114-7cbeb8147c56']
f7949113-01c7-4d2d-92df-b739f422ef18,120,['0a82a36f-7ed2-4cd8-9675-c99f383f10b8']
f7949113-01c7-4d2d-92df-b739f422ef18,121,['b53f0b8d-a5f9-4f60-9542-d7f2eabdb633']
f7949113-01c7-4d2d-92df-b739f422ef18,122,['a90bbbc4-3d7c-4ced-8aa9-5e26f7e8d651']
f7949113-01c7-4d2d-92df-b739f422ef18,123,['45a1e1ee-977f-4adc-bfbd-7e7f34518440']
f7949113-01c7-4d2d-92df-b739f422ef18,124,['5faa5b37-2e5f-4443-91d3-a9fda3350c5c']
f7949113-01c7-4d2d-92df-b739f422ef18,125,['4005c001-b68f-4e98-a555-cd1c814e448c']
f7949113-01c7-4d2d-92df-b739f422ef18,126,['021002fa-de31-4d36-a2db-bb7b8e0cec39']
f7949113-01c7-4d2d-92df-b739f422ef18,127,['ef35f1df-0f75-431a-aeee-bcb1040163db']
f7949113-01c7-4d2d-92df-b739f422ef18,128,['45a61a43-385d-4081-a0bf-8f920be80013']
f7949113-01c7-4d2d-92df-b739f422ef18,129,['0027738c-7700-45f2-8614-7c8e487ee754']
f7949113-01c7-4d2d-92df-b739f422ef18,130,['691cd14d-a3a5-47e2-a359-18f9beabd3ea']
f7949113-01c7-4d2d-92df-b739f422ef18,131,['4cbff761-2850-4a59-844d-103aeffe35af']
f7949113-01c7-4d2d-92df-b739f422ef18,132,['ba5c6caa-76e2-4908-81a5-a2ecfd3daaa9']
